{"type":"FeatureCollection","features":[{"type":"Feature","properties":{"ac_name":"ANINI","ac_no":41,"ac_category":"GEN","st_name":"ARUNACHAL PRADESH"},"geometry":{"type":"Polygon","coordinates":[[[95.26779122087063,29.05613777840792],[95.26876626612442,29.04807963058996],[95.27556270130154,29.04403304070319],[95.27599898326369,29.02892568054747],[95.26540901062779,29.02498299214006],[95.25574017243983,29.00702877208308],[95.24551194109101,29.00142980335163],[95.24533692472926,28.98857060358735],[95.25800349013834,28.98133731994003],[95.25690510727,28.97032436466456],[95.26334841695308,28.96548726779588],[95.25738913640872,28.95117837736385],[95.26917301631543,28.94524591321875],[95.28106833762058,28.94586159440203],[95.30141673907866,28.95850496216622],[95.30937440243824,28.95547558178884],[95.30714415489481,28.94648326652831],[95.3148748965939,28.94167216993949],[95.31479557781779,28.9344525475368],[95.327682560625,28.92832656846895],[95.33039537015337,28.92016916280025],[95.31887829341571,28.91146583398682],[95.32655415159913,28.90762518233646],[95.32811173349243,28.89518734877465],[95.31737558234862,28.88683755733092],[95.32473000425526,28.87755322182736],[95.32220936414741,28.86426036869296],[95.32803313694072,28.85789601815158],[95.32384603187047,28.8442561535033],[95.33109875705122,28.83488010614991],[95.33943971046779,28.83509464138999],[95.34626475137483,28.82736748069877],[95.35611571851337,28.82580611644284],[95.35384272572821,28.81812158035445],[95.36071482276678,28.79087660235504],[95.3776319281535,28.77904968961831],[95.37306451878933,28.76522917077203],[95.38339101037053,28.74839207878676],[95.39293410244356,28.74228220037539],[95.36997018643767,28.71694328257424],[95.35391444557878,28.70674706848061],[95.36111856172317,28.68672362190915],[95.36056839362003,28.66031808744377],[95.3687017010413,28.64625371127751],[95.36687950814263,28.62728243634326],[95.37732823407373,28.61621929871081],[95.37810947021487,28.60324072434788],[95.39019760668353,28.59300571706374],[95.39905874297718,28.59424322873157],[95.41915973521868,28.63490790975448],[95.43131844113235,28.64350848108003],[95.43896885166974,28.6413680344231],[95.45377383404853,28.61408393071272],[95.47403609160055,28.59883880586722],[95.489244316375,28.59386468053118],[95.51652591051771,28.59679532029193],[95.55215457599814,28.57165352114805],[95.57248350644349,28.56337530598713],[95.60357943515629,28.55892912187902],[95.66610277811897,28.53390905926315],[95.696056702404,28.526760687395],[95.72871759417032,28.53471208757287],[95.74607712776312,28.52809934897593],[95.76168826092956,28.51397386734203],[95.78087078862737,28.50927289160374],[95.80940281396715,28.49105983277465],[95.83053289747323,28.46449207120513],[95.83326889094043,28.44255067368816],[95.83951598906688,28.43562479086369],[95.88415287711366,28.41999138473452],[95.92205612846385,28.38263786834947],[95.93731025859225,28.37830764012725],[95.95102038924209,28.38042529963683],[96.03750489464733,28.43182947180264],[96.06641464469195,28.43519861935614],[96.10613679246939,28.43047291044771],[96.15273361801962,28.41175135281139],[96.18290034362359,28.40657948387348],[96.2397128316327,28.45391634366472],[96.27060955857495,28.45424706580502],[96.299111876318,28.46041261436849],[96.32436888005832,28.48997989484747],[96.32601381747963,28.52410003433759],[96.32443334013962,28.52942001352552],[96.35339170777635,28.55600386343296],[96.40534779517293,28.55934627758105],[96.39973235819342,28.58971399578553],[96.42128017820701,28.58037139832122],[96.42683243872553,28.58248197723023],[96.44323753885683,28.60134112273093],[96.49289027199173,28.63352391853732],[96.49399521982188,28.63910310692964],[96.4695141695445,28.6800571558733],[96.47171008583328,28.68372751642265],[96.48952328779998,28.68397658215947],[96.52133344264558,28.70445284788527],[96.55894382581742,28.70726029482783],[96.58488800339761,28.71696424687395],[96.61261487791097,28.75522943389118],[96.61505607640257,28.77405282516002],[96.6029700235525,28.79999005020056],[96.57509737921971,28.82620281973917],[96.53686146975524,28.88004937083651],[96.53823708844865,28.91701269531176],[96.5232636058273,28.94414267025871],[96.5184817860303,28.96720725560421],[96.49290863416283,28.95855982129385],[96.48720686242706,28.96160476482918],[96.47715830895424,28.9904017446979],[96.52514294768301,29.07579760338032],[96.47710444638238,29.05668434256496],[96.45881931746635,29.04237680374308],[96.43570215994347,29.03415451011967],[96.34671767228217,29.02897660976715],[96.32150934599383,29.00947615089181],[96.29367818595796,28.99544230156816],[96.25556118680542,28.955931574345],[96.24817407328256,28.93948725635394],[96.17458338254079,28.9009385293746],[96.16640575331539,28.90262996893861],[96.16289919988088,28.9188080524494],[96.14523454001967,28.93430597524037],[96.154051455816,28.94333695177315],[96.15517621974696,28.95244155577001],[96.18046479339151,28.96538120502494],[96.18491100171379,28.98499989825263],[96.15066808081487,29.05025613787919],[96.11488865293228,29.07483711887887],[96.16985981127053,29.08481535147662],[96.18596786590291,29.09179448026759],[96.20068658716991,29.10310741712433],[96.21793285558385,29.13533394014317],[96.228203225323,29.14362233829326],[96.24933441217598,29.14738975285603],[96.26065203089283,29.15737671248227],[96.34673887214113,29.16813799731125],[96.35891306148724,29.17874177620234],[96.37185492857391,29.21522752525607],[96.38822254217472,29.2309256360419],[96.39337937747865,29.25377363720141],[96.37565144900213,29.28111731316661],[96.36384009229587,29.28304054382974],[96.34599415097236,29.26473822631374],[96.31326643677427,29.25651657017088],[96.29361412981478,29.23317801046019],[96.24422995075504,29.23258376258978],[96.21087516500536,29.27249720966038],[96.20410920763477,29.29131884229366],[96.18402044716531,29.30702397831266],[96.18681251924632,29.34235764545513],[96.17635321301017,29.36248017646909],[96.15896228300379,29.38113263013763],[96.1512204631556,29.39734505901041],[96.11454849490524,29.42572737708855],[96.08866296990757,29.45996544092271],[96.05707720420781,29.45680797617406],[96.00391946696125,29.41042109703689],[95.98860737689729,29.40522412657764],[95.95848461787028,29.38101374012525],[95.88233422734582,29.38996516040226],[95.84969383865192,29.35708492980895],[95.84172600887685,29.35217650634937],[95.82824279891608,29.35415944518975],[95.79790580823544,29.33478088302946],[95.79245676603067,29.33635449245096],[95.78459141616489,29.35489984288143],[95.77912820357173,29.35492540680602],[95.7468763857785,29.32761613710242],[95.74492614315193,29.31471706022565],[95.72845227927537,29.30092257443214],[95.71658119876177,29.29676141761249],[95.70332594232127,29.29890591372399],[95.68452534206594,29.27573272738119],[95.63937350615849,29.24828821298114],[95.60014214758567,29.26039697203532],[95.58901193096564,29.24086729947977],[95.58711328579165,29.21642463156275],[95.53906538472405,29.21249320215542],[95.54658473776101,29.17898357795265],[95.54792145396726,29.12691874004097],[95.50474341241433,29.14135963019803],[95.49752919191249,29.13868177813777],[95.48693146619024,29.07448382282223],[95.45531088626154,29.03517161725299],[95.42256883119425,29.03944619583568],[95.4111482269949,29.03235529192001],[95.40098507801241,29.03364972252918],[95.34661184347432,29.0444715293344],[95.30396183039896,29.06137615561264],[95.26779122087063,29.05613777840792]]]}},{"type":"Feature","properties":{"ac_name":"TUTING-YINKGKIONG","ac_no":34,"ac_category":"GEN","st_name":"ARUNACHAL PRADESH"},"geometry":{"type":"Polygon","coordinates":[[[95.26779122087063,29.05613777840792],[95.25139953919005,29.06709451390856],[95.25212813038414,29.10851453097846],[95.19808106144818,29.10627949654882],[95.12330552073377,29.11506395575811],[95.11509257103323,29.12003587167326],[95.10002430150443,29.14270412113462],[95.04144160138192,29.1514211901986],[94.99932071654955,29.17211478649133],[94.98852515130959,29.17265520861443],[95.0199569551469,29.14196097512915],[95.02735141981479,29.13256989440746],[95.02447140773576,29.12959232238271],[94.99683270935759,29.13998458261356],[94.96949405829076,29.15885058950303],[94.92067216298781,29.1614739824394],[94.87378032452763,29.18356632132176],[94.8485992096923,29.18228345605028],[94.79998870905014,29.16391878679408],[94.79494791460067,29.16906288345587],[94.79492798153697,29.17970593708188],[94.80002484143252,29.20940696321618],[94.77961153307271,29.24060994894191],[94.71352800328013,29.30405350783073],[94.67980232070093,29.32763727136005],[94.6441267221362,29.34679212977839],[94.63083572887899,29.34847407712499],[94.62621140763791,29.34548107705721],[94.62158540155264,29.31262478561276],[94.60793411134942,29.29678802942739],[94.58030336983802,29.28056687045927],[94.57455235649502,29.25031078212317],[94.56033287464759,29.22861259089795],[94.5354803047114,29.21842794170476],[94.49692464535444,29.21640642146166],[94.43372524500283,29.22665042347837],[94.41641039969446,29.21250081700472],[94.3747847035069,29.19003973125053],[94.37008752141291,29.16610375830961],[94.35936902805285,29.15233249738223],[94.29022198194771,29.14795098566822],[94.26011677103673,29.11655891491],[94.21708979877091,29.08383421366242],[94.18729261594255,29.0387582278887],[94.34271107475931,28.9839332410993],[94.36758430540694,28.95661927035964],[94.47994647921178,28.85847337520553],[94.51701193078891,28.83662265504325],[94.51527408124632,28.8209421272753],[94.52530180613115,28.81163332329163],[94.53512211334862,28.81073778110771],[94.56154649885102,28.81034406873123],[94.59222257022216,28.79187265568059],[94.60778832187175,28.79709896125269],[94.62011277188527,28.79386883384428],[94.63327530615632,28.78426485241523],[94.6338942571954,28.76673001334334],[94.69664740394926,28.72841231375312],[94.74551432286762,28.68644031921365],[94.74659802944103,28.58801334009829],[94.76010011727969,28.56002339201887],[94.77749269871948,28.55925650414261],[94.76198678501551,28.54718205980919],[94.75876749914238,28.53401077826331],[94.77376758816634,28.53534250637138],[94.79561446310558,28.54626835591215],[94.81964645163926,28.56810065863312],[94.83678846118364,28.56923350179766],[94.85779230640273,28.56385812224189],[94.87806202343205,28.55240673102841],[94.90159692060888,28.54883753664817],[94.93960722617042,28.56916015809125],[94.9578413907146,28.57290641437984],[94.97239703402273,28.56539213905264],[94.9887628425481,28.52914998759935],[95.03824542333724,28.51548830806961],[95.08407078073691,28.52665039131028],[95.11050415823672,28.50075632762079],[95.10163032356483,28.48351189010932],[95.10973792016253,28.4600620893315],[95.1692574745168,28.51113897401826],[95.18588932094691,28.5348613229513],[95.18780064105191,28.59772964219696],[95.19619704622934,28.62289326208524],[95.20829387199878,28.64105395595889],[95.26724236846609,28.66695921265955],[95.29414900658881,28.68419239826985],[95.34947558728261,28.70342040970711],[95.35793605816428,28.71140978813654],[95.36997018643767,28.71694328257424],[95.39293410244356,28.74228220037539],[95.38339101037053,28.74839207878676],[95.37306451878933,28.76522917077203],[95.3776319281535,28.77904968961831],[95.36071482276678,28.79087660235504],[95.35384272572821,28.81812158035445],[95.35611571851337,28.82580611644284],[95.34626475137483,28.82736748069877],[95.33943971046779,28.83509464138999],[95.33109875705122,28.83488010614991],[95.32384603187047,28.8442561535033],[95.32803313694072,28.85789601815158],[95.32220936414741,28.86426036869296],[95.32473000425526,28.87755322182736],[95.31737558234862,28.88683755733092],[95.32811173349243,28.89518734877465],[95.32655415159913,28.90762518233646],[95.31887829341571,28.91146583398682],[95.33039537015337,28.92016916280025],[95.327682560625,28.92832656846895],[95.31479557781779,28.9344525475368],[95.3148748965939,28.94167216993949],[95.30714415489481,28.94648326652831],[95.30937440243824,28.95547558178884],[95.30141673907866,28.95850496216622],[95.28106833762058,28.94586159440203],[95.26917301631543,28.94524591321875],[95.25738913640872,28.95117837736385],[95.26334841695308,28.96548726779588],[95.25690510727,28.97032436466456],[95.25800349013834,28.98133731994003],[95.24533692472926,28.98857060358735],[95.24551194109101,29.00142980335163],[95.25574017243983,29.00702877208308],[95.26540901062779,29.02498299214006],[95.27599898326369,29.02892568054747],[95.27556270130154,29.04403304070319],[95.26876626612442,29.04807963058996],[95.26779122087063,29.05613777840792]]]}},{"type":"Feature","properties":{"ac_name":"MECHUKA","ac_no":33,"ac_category":"GEN","st_name":"ARUNACHAL PRADESH"},"geometry":{"type":"Polygon","coordinates":[[[94.18729261594255,29.0387582278887],[94.17422067505342,29.00741504990549],[94.1751578159841,28.99143811315285],[94.16051293540806,28.97366136948887],[94.15728476451223,28.95432939013812],[94.06863535656049,28.89563604232681],[94.0321035438517,28.85295432240174],[94.01685270940516,28.85068218958576],[93.99696402579833,28.84088493485454],[94.0019696987487,28.81925143648577],[93.98754355622924,28.80623987135703],[93.98721241800033,28.79775004835378],[94.00352349563818,28.78369270771598],[94.00330695867133,28.77494081968347],[93.97035298691446,28.7507764168459],[93.96206361447149,28.71239162188328],[94.01555080933484,28.66863377697683],[94.02331742825962,28.65130425879358],[94.00610586257683,28.62176720842106],[94.00137554575133,28.57782377846328],[94.05915802770592,28.54878191084527],[94.08514722086274,28.53379670062811],[94.09683244475912,28.53612911787698],[94.10728085892399,28.52441709503051],[94.10557886011384,28.49764223328354],[94.11480779034791,28.47579603986382],[94.12637559156816,28.46705073410921],[94.1391150612946,28.44453792698158],[94.15178995706012,28.43615901247178],[94.16257491412233,28.43235296710175],[94.17327533741008,28.43510480279445],[94.18453354404943,28.42946519768104],[94.21917717010705,28.43629179519735],[94.23157446028874,28.42824501409127],[94.24174883929814,28.44681066357203],[94.26749667890188,28.43226683021956],[94.29277165875095,28.42881790392401],[94.30846153661452,28.41698945910738],[94.30170082077709,28.39597732770084],[94.30851588226459,28.37561269793757],[94.32206311574808,28.36866783418174],[94.32959385397218,28.35790100072745],[94.36793759096868,28.35320942108548],[94.37659721667099,28.34059935690662],[94.38607035936279,28.33593679897806],[94.40158764206386,28.33848886776028],[94.44002295123272,28.38633296993468],[94.44705412409614,28.41524377821392],[94.47608167506954,28.46373471746376],[94.48087114462896,28.48984033816154],[94.47445454005235,28.58938645508431],[94.47922183952966,28.71007504050887],[94.48615786690088,28.73184875338378],[94.51078043867358,28.75998196414374],[94.5224558931254,28.76693226046517],[94.53018749262333,28.78151274249579],[94.53512211334862,28.81073778110771],[94.52530180613115,28.81163332329163],[94.51527408124632,28.8209421272753],[94.51701193078891,28.83662265504325],[94.47994647921178,28.85847337520553],[94.36758430540694,28.95661927035964],[94.34271107475931,28.9839332410993],[94.18729261594255,29.0387582278887]]]}},{"type":"Feature","properties":{"ac_name":"RUMGONG","ac_no":32,"ac_category":"GEN","st_name":"ARUNACHAL PRADESH"},"geometry":{"type":"Polygon","coordinates":[[[94.53512211334862,28.81073778110771],[94.53018749262333,28.78151274249579],[94.5224558931254,28.76693226046517],[94.51078043867358,28.75998196414374],[94.48615786690088,28.73184875338378],[94.47922183952966,28.71007504050887],[94.47445454005235,28.58938645508431],[94.48087114462896,28.48984033816154],[94.47608167506954,28.46373471746376],[94.44705412409614,28.41524377821392],[94.48998868854174,28.37300361091251],[94.55953103604458,28.32524762447016],[94.59890634628796,28.32030887262171],[94.63993338171197,28.2990728781058],[94.67518557221692,28.3039187382765],[94.71096323592492,28.29543765830773],[94.72977376418345,28.27441220094004],[94.73095180854433,28.24814598840371],[94.75622676634349,28.22073068980416],[94.84810142625896,28.20735734501576],[94.89893853594637,28.21450924536665],[94.89052464900372,28.22742070642703],[94.88105285896073,28.23264370005867],[94.89242298810014,28.23544788900639],[94.89892255455642,28.23234598915687],[94.90585205976565,28.23805616321035],[94.93494584909024,28.24453637906505],[94.93575671432842,28.25128318476195],[94.92041483757765,28.27263961262926],[94.91997091422259,28.29582023466368],[94.91278465539726,28.30276345792789],[94.89796104421404,28.34416322676569],[94.88943251449044,28.3512320059714],[94.87886853899812,28.40567912834414],[94.86979199176487,28.41344203064822],[94.84017733088479,28.415340142697],[94.810508687776,28.42394169099794],[94.80632148609973,28.42017252598441],[94.76342480384251,28.42369930212107],[94.74615264591746,28.457843990694],[94.75171059525988,28.47202220069778],[94.74177088300014,28.49833039405052],[94.74688816510358,28.50434757863206],[94.74825419343124,28.52140087171267],[94.75876749914238,28.53401077826331],[94.76198678501551,28.54718205980919],[94.77749269871948,28.55925650414261],[94.76010011727969,28.56002339201887],[94.74659802944103,28.58801334009829],[94.74551432286762,28.68644031921365],[94.69664740394926,28.72841231375312],[94.6338942571954,28.76673001334334],[94.63327530615632,28.78426485241523],[94.62011277188527,28.79386883384428],[94.60778832187175,28.79709896125269],[94.59222257022216,28.79187265568059],[94.56154649885102,28.81034406873123],[94.53512211334862,28.81073778110771]]]}},{"type":"Feature","properties":{"ac_name":"MARIYANG-GEKU","ac_no":40,"ac_category":"GEN","st_name":"ARUNACHAL PRADESH"},"geometry":{"type":"Polygon","coordinates":[[[95.37810947021487,28.60324072434788],[95.37732823407373,28.61621929871081],[95.36687950814263,28.62728243634326],[95.3687017010413,28.64625371127751],[95.36056839362003,28.66031808744377],[95.36111856172317,28.68672362190915],[95.35391444557878,28.70674706848061],[95.36997018643767,28.71694328257424],[95.35793605816428,28.71140978813654],[95.34947558728261,28.70342040970711],[95.29414900658881,28.68419239826985],[95.26724236846609,28.66695921265955],[95.20829387199878,28.64105395595889],[95.19619704622934,28.62289326208524],[95.18780064105191,28.59772964219696],[95.18588932094691,28.5348613229513],[95.1692574745168,28.51113897401826],[95.10973792016253,28.4600620893315],[95.10454626529321,28.44433996862921],[95.08167966277497,28.41510672061545],[95.08235418106857,28.39524183278193],[95.10429205167264,28.37881627898385],[95.117441889312,28.37652597067682],[95.10648695021774,28.26339564595603],[95.13901406687182,28.22884592982353],[95.13077772757238,28.21687466079877],[95.13681448479096,28.20446776001388],[95.16870695826869,28.20053884907863],[95.17818429611005,28.19504563296073],[95.18358644210214,28.17424476257401],[95.19238030014999,28.16455962984541],[95.2239110451612,28.1521371274856],[95.23574005164977,28.15707757231383],[95.25957468015672,28.17854785325919],[95.26945479761615,28.19644460796269],[95.27868727657894,28.20212708843195],[95.29574844786654,28.19882135181981],[95.30306800192476,28.20253565748725],[95.29824548030292,28.21405566728186],[95.30507370223293,28.22389536064841],[95.34195282002963,28.24464577335666],[95.34619132280781,28.28402229958028],[95.38322980428545,28.31213123062463],[95.37432362688301,28.32141756391272],[95.37735921432068,28.33370002958304],[95.3686960756727,28.34424631636786],[95.36915096981096,28.35827812503347],[95.33785783754483,28.36584068751541],[95.3392197226166,28.40685983641045],[95.31993519235208,28.42628320774739],[95.33938955992035,28.44089886417333],[95.33462912571248,28.45263598155025],[95.33877399303393,28.4802662742615],[95.35304679307409,28.49044204539609],[95.36610606007467,28.49201714451644],[95.37227867224348,28.50005215819451],[95.37655880223396,28.50903169277667],[95.39550206826463,28.51406276550092],[95.39528460901367,28.53154120087885],[95.41181541837176,28.55069722993902],[95.40276051084841,28.56989628957692],[95.38373787436873,28.57231067082743],[95.37810947021487,28.60324072434788]]]}},{"type":"Feature","properties":{"ac_name":"DAMBUK","ac_no":42,"ac_category":"GEN","st_name":"ARUNACHAL PRADESH"},"geometry":{"type":"Polygon","coordinates":[[[95.37227867224348,28.50005215819451],[95.36610606007467,28.49201714451644],[95.35304679307409,28.49044204539609],[95.33877399303393,28.4802662742615],[95.33462912571248,28.45263598155025],[95.33938955992035,28.44089886417333],[95.31993519235208,28.42628320774739],[95.3392197226166,28.40685983641045],[95.33785783754483,28.36584068751541],[95.36915096981096,28.35827812503347],[95.3686960756727,28.34424631636786],[95.37735921432068,28.33370002958304],[95.37432362688301,28.32141756391272],[95.38322980428545,28.31213123062463],[95.38926630915107,28.3075915784717],[95.39835155703913,28.3149620346698],[95.436627939409,28.31430279849381],[95.44915628924767,28.3002484353454],[95.45087664849997,28.28806553709838],[95.46246092651691,28.27727898126658],[95.46029134634695,28.26483777340958],[95.46525619457297,28.25753671823356],[95.48187533940504,28.26979713455044],[95.49259871119361,28.26829087111977],[95.514190398819,28.27394598887621],[95.53584616532781,28.28483165397235],[95.54299931708412,28.27977296254859],[95.54078911995009,28.27532889935559],[95.54980143635618,28.27570266132693],[95.54897146849113,28.26834958520731],[95.56304481113266,28.25734419770668],[95.55971914241994,28.16914361480955],[95.56786906225736,28.13416412160304],[95.56766638972196,28.088898348275],[95.55937200857598,28.04155622956459],[95.54223805082258,28.01617592399023],[95.53967618482186,28.00471902175176],[95.56727017953227,27.93478178975739],[95.57470996547642,27.93977688750578],[95.58640397453682,27.93728993888635],[95.60479409950501,27.95484656075599],[95.82083170545222,27.9712720380914],[95.9710082659149,27.96129547459358],[95.99118896076759,27.97475783802826],[95.98742108837112,28.00049713540952],[95.99331774296431,28.05243207193314],[95.97986395999652,28.07218382416449],[96.00162172003046,28.09559247712853],[96.00497085076297,28.11112574170794],[96.02534976847039,28.13004059079164],[96.02612335518026,28.13563585266479],[95.9571220244245,28.13394299174291],[95.87238700251729,28.09369524552981],[95.83220277624544,28.09100278499199],[95.79841379397871,28.08062722399924],[95.78889432975721,28.08355021391909],[95.78186347435192,28.10410073934945],[95.77340950992713,28.11098562846636],[95.75737807118267,28.09700876091392],[95.74559664507728,28.09849059207857],[95.73877196279054,28.10490703829087],[95.74479467724518,28.12945654000393],[95.72728110163612,28.14285348733418],[95.72585376907477,28.15852114013045],[95.70662633006737,28.19748483241817],[95.69805102120772,28.23360758283056],[95.75413785372832,28.30455478895928],[95.83951598906688,28.43562479086369],[95.83326889094043,28.44255067368816],[95.83053289747323,28.46449207120513],[95.80940281396715,28.49105983277465],[95.78087078862737,28.50927289160374],[95.76168826092956,28.51397386734203],[95.74607712776312,28.52809934897593],[95.72871759417032,28.53471208757287],[95.696056702404,28.526760687395],[95.66610277811897,28.53390905926315],[95.60357943515629,28.55892912187902],[95.57248350644349,28.56337530598713],[95.55215457599814,28.57165352114805],[95.51652591051771,28.59679532029193],[95.489244316375,28.59386468053118],[95.47403609160055,28.59883880586722],[95.45377383404853,28.61408393071272],[95.43896885166974,28.6413680344231],[95.43131844113235,28.64350848108003],[95.41915973521868,28.63490790975448],[95.39905874297718,28.59424322873157],[95.39019760668353,28.59300571706374],[95.37810947021487,28.60324072434788],[95.38373787436873,28.57231067082743],[95.40276051084841,28.56989628957692],[95.41181541837176,28.55069722993902],[95.39528460901367,28.53154120087885],[95.39550206826463,28.51406276550092],[95.37655880223396,28.50903169277667],[95.37227867224348,28.50005215819451]]]}},{"type":"Feature","properties":{"ac_name":"ROING","ac_no":43,"ac_category":"GEN","st_name":"ARUNACHAL PRADESH"},"geometry":{"type":"Polygon","coordinates":[[[96.32601381747963,28.52410003433759],[96.32436888005832,28.48997989484747],[96.299111876318,28.46041261436849],[96.27060955857495,28.45424706580502],[96.2397128316327,28.45391634366472],[96.18290034362359,28.40657948387348],[96.15273361801962,28.41175135281139],[96.10613679246939,28.43047291044771],[96.06641464469195,28.43519861935614],[96.03750489464733,28.43182947180264],[95.95102038924209,28.38042529963683],[95.93731025859225,28.37830764012725],[95.92205612846385,28.38263786834947],[95.88415287711366,28.41999138473452],[95.83951598906688,28.43562479086369],[95.75413785372832,28.30455478895928],[95.69805102120772,28.23360758283056],[95.70662633006737,28.19748483241817],[95.72585376907477,28.15852114013045],[95.72728110163612,28.14285348733418],[95.74479467724518,28.12945654000393],[95.73877196279054,28.10490703829087],[95.74559664507728,28.09849059207857],[95.75737807118267,28.09700876091392],[95.77340950992713,28.11098562846636],[95.78186347435192,28.10410073934945],[95.78889432975721,28.08355021391909],[95.79841379397871,28.08062722399924],[95.83220277624544,28.09100278499199],[95.87238700251729,28.09369524552981],[95.9571220244245,28.13394299174291],[96.02612335518026,28.13563585266479],[96.03273321317134,28.1470996885804],[96.03018762911564,28.16022046195337],[96.0466275499827,28.17161297853312],[96.05166169108958,28.19731627407802],[96.08269281997556,28.18941284262667],[96.10450213800362,28.18972405641623],[96.11760057949053,28.17794983728293],[96.1419291584094,28.17000820582264],[96.14380275071855,28.17531808857593],[96.16836661494492,28.18714511491026],[96.21543902544579,28.23099212068469],[96.23014028382279,28.23877535264143],[96.2678022150139,28.23902728972987],[96.23816800847835,28.29961758542774],[96.25518930496149,28.30921029336274],[96.26672266378291,28.33039286931291],[96.29037855423503,28.34465416890363],[96.29645502382418,28.36674052161367],[96.30399796688633,28.37401813151638],[96.31372449476846,28.38347111392948],[96.3031055728321,28.399832365385],[96.26229013195805,28.40860352647279],[96.33995272231412,28.46522496465703],[96.36551744322942,28.47470817400288],[96.3715298657994,28.48221523453056],[96.36522566502238,28.49996763830926],[96.32601381747963,28.52410003433759]]]}},{"type":"Feature","properties":{"ac_name":"NACHO","ac_no":22,"ac_category":"GEN","st_name":"ARUNACHAL PRADESH"},"geometry":{"type":"Polygon","coordinates":[[[93.96206361447149,28.71239162188328],[93.93627362167274,28.67640449029424],[93.92130085306879,28.66969013054075],[93.86713350915846,28.70312451959371],[93.84590338471004,28.70682708568197],[93.77705286096287,28.66796688459048],[93.73352558195538,28.68879192771629],[93.68749563577283,28.67888236202583],[93.62209129074581,28.65729919369954],[93.53593003875164,28.65849096211952],[93.52658173152747,28.66092495975652],[93.52057740780437,28.67349658576206],[93.51138486037111,28.67953229845671],[93.49332328293471,28.68366967135674],[93.48137646777165,28.67469397868356],[93.47635195945317,28.65333022777747],[93.46891111118256,28.65180463168249],[93.45895280985381,28.66812955008571],[93.4479003187946,28.67576971516836],[93.41405996956752,28.6526345848522],[93.35310453774666,28.6386498776313],[93.33917482038977,28.63992692050798],[93.32985445797522,28.60803437318999],[93.30207545175216,28.59929663682962],[93.2997370855312,28.59176742325927],[93.30740623151509,28.56595394197654],[93.29100685837574,28.54309223606721],[93.27794073341651,28.50446457616603],[93.23733154286774,28.48236915551585],[93.20954535029465,28.45185756576693],[93.18463817869659,28.43961457088363],[93.18303015246855,28.43236247387631],[93.2277415257393,28.40785209634336],[93.23337281100032,28.40024511346325],[93.22106469607104,28.3609916401272],[93.2216195612288,28.33496906844582],[93.22647685272824,28.33567536094158],[93.2293218148244,28.34445625571787],[93.24568557317875,28.36090837883679],[93.25974513615395,28.36709514788875],[93.28281941651196,28.36485824241333],[93.29419332654771,28.34042038398886],[93.3368665513381,28.35341086948681],[93.3442329174335,28.34549999670131],[93.36040863621827,28.34371150672921],[93.36083696506554,28.32986286064825],[93.3785079614579,28.32351654106096],[93.37884734886079,28.31156095127428],[93.38391558558317,28.312834256459],[93.3862170063089,28.30635373635812],[93.4085017613834,28.30683775418797],[93.41425098518278,28.28846246702658],[93.43169059378525,28.2800243691772],[93.44522667200441,28.2832455041715],[93.45298651429309,28.27195510113777],[93.46401642666318,28.2730927006528],[93.47611004904087,28.28119395467889],[93.49698660357751,28.27676975377221],[93.51241528273555,28.26805109138158],[93.53179376044281,28.27024737790788],[93.54526816345147,28.26728622954518],[93.55430479339846,28.25915436285261],[93.5650723329329,28.2638146002898],[93.56680526972362,28.25898997953467],[93.59066627096325,28.27064984153349],[93.61332175777778,28.27251880375194],[93.62766569984173,28.30694956916209],[93.6602491075264,28.30465522825361],[93.66769564280858,28.31535810550891],[93.67991740486156,28.32199190043136],[93.72198631850368,28.29126370098744],[93.74606101350902,28.28456047249922],[93.7655930273749,28.26292617955467],[93.82350544765931,28.24649001972165],[93.86817262966177,28.25230871573702],[93.87850990537422,28.25997854540921],[93.8903000836692,28.29002166665114],[93.90027488366289,28.30070555473194],[93.9318315590024,28.31828281142133],[93.98714561936818,28.37333272143012],[94.00457599734348,28.40654705936579],[94.01437530041147,28.44159679397221],[94.01113559773793,28.48530856795261],[94.02858230022099,28.51904675932842],[94.05915802770592,28.54878191084527],[94.00137554575133,28.57782377846328],[94.00610586257683,28.62176720842106],[94.02331742825962,28.65130425879358],[94.01555080933484,28.66863377697683],[93.96206361447149,28.71239162188328]]]}},{"type":"Feature","properties":{"ac_name":"HAUYULIANG","ac_no":45,"ac_category":"GEN","st_name":"ARUNACHAL PRADESH"},"geometry":{"type":"Polygon","coordinates":[[[96.30399796688633,28.37401813151638],[96.32852059592733,28.35442299288584],[96.3370849196027,28.33958135575429],[96.33438935914373,28.32796779054141],[96.30170569385928,28.28376695146002],[96.29495124945008,28.26791751705877],[96.29542258223147,28.24925543483958],[96.29784946920088,28.23659479605538],[96.33545538674966,28.18514824181727],[96.33550570983515,28.17221372066909],[96.32588797277478,28.14786671446541],[96.32719893399464,28.1311823806915],[96.30228868682579,28.10582623122584],[96.27297188534035,28.0912596146677],[96.27329402090737,28.08036624013962],[96.28777554068485,28.0618078699543],[96.37089982525806,27.99787793413772],[96.39178549777235,27.97502063457843],[96.39646487789133,27.95746344058761],[96.41643164340903,27.92331575620202],[96.43093492834518,27.91404541376753],[96.52876287145104,27.90072986516618],[96.58593777861799,27.85333735988877],[96.60833737061746,27.85977658358762],[96.61387299628687,27.85764203694295],[96.62018044026983,27.84817955399954],[96.6191226093729,27.83587194883625],[96.63022460463172,27.82745800790235],[96.63439784836251,27.81511535825407],[96.63462272626086,27.80370619557651],[96.62852757410022,27.79546320305124],[96.61261509445808,27.77393841333212],[96.61331713025116,27.76610165603884],[96.63981578426659,27.73794718715427],[96.62059709975694,27.72030688253356],[96.61623170730773,27.7093795641791],[96.61888849231322,27.69874776418451],[96.62923027616343,27.68471823642836],[96.64871355091518,27.6738600594798],[96.68004159539974,27.66899332741047],[96.6999064049683,27.66054891228739],[96.70547783861564,27.65075984332799],[96.72877443671192,27.64544722944299],[96.7564001424714,27.62136788510361],[96.76828254425347,27.61623265154821],[96.78259853292226,27.64256048049283],[96.80230791864923,27.632599487599],[96.82585234059988,27.6328131525479],[96.84877386549077,27.62409061385886],[96.86125240162906,27.63101452700171],[96.8965133248766,27.6159965942175],[96.90353920572909,27.61384974177068],[96.91255472409298,27.6288192028961],[96.92139808883852,27.63292372042942],[96.9351169630827,27.66165912306789],[96.9830233038427,27.66649505724327],[96.98540899368278,27.6858682458735],[97.00842303553213,27.71027096815976],[97.01930429359622,27.73954827435787],[97.03149788339977,27.74288247960329],[97.0320843128219,27.74982289935512],[97.04030071727726,27.74809538854915],[97.04753801839409,27.73930046653288],[97.06151666387859,27.74862503314207],[97.07192420262882,27.73869254168912],[97.087729252843,27.73418429958741],[97.09756372088037,27.75050870160402],[97.10089780184772,27.76667882934045],[97.09456161979969,27.78011876690368],[97.09862712167158,27.78496898023663],[97.1204199174403,27.79000572635364],[97.13353117442718,27.80657466907991],[97.15651358802455,27.81406730320315],[97.16507456784646,27.82087405196298],[97.16399541736696,27.82774311268493],[97.18316646997356,27.8373531096462],[97.19877827621261,27.85586532786028],[97.2527074137642,27.90097356290637],[97.30494760779752,27.92130327963246],[97.3201171544234,27.90310880310651],[97.31730184853049,27.88070444218439],[97.3396423079709,27.88520252999097],[97.3608811483666,27.87618752898753],[97.38509370428703,27.88739945497941],[97.37470054308751,27.90912466802637],[97.38383139633807,27.91771234001725],[97.3718213249218,27.93558284290597],[97.37435454475904,27.97746124893123],[97.38753442612096,28.0032874120714],[97.40794453516507,28.00644150659477],[97.41149826010148,28.01539756412346],[97.39493992360565,28.02550466908678],[97.37348645975922,28.03056770752784],[97.36441549725107,28.04396929855679],[97.37000389033204,28.06181247653951],[97.32818488708864,28.05703516856672],[97.30834576678436,28.06169650081845],[97.30432350256507,28.06887958514665],[97.30680095366738,28.08506694700743],[97.33566324361884,28.11135408467823],[97.33669401361321,28.11637884787015],[97.3214252638689,28.14016985768916],[97.32754918410053,28.15493400147511],[97.36035763658472,28.18844652558436],[97.36880315057891,28.19236365547738],[97.38896527475141,28.18308415944934],[97.39716615280044,28.18537783984836],[97.39732956635547,28.19239752949184],[97.37150386358677,28.21763905915753],[97.34825999208812,28.22643134606767],[97.32436428404115,28.24306298561896],[97.31001894256717,28.24411262646098],[97.30334280740342,28.25630844664612],[97.2791496862941,28.26870230855676],[97.23835048370556,28.26767508467562],[97.22144668475617,28.29256019027804],[97.18981571676044,28.28712038860699],[97.171139517191,28.29185069098106],[97.14933485500848,28.32698225975062],[97.1233673781989,28.34930053948653],[97.09007500448809,28.36288978796392],[97.04934056694009,28.35133811939977],[97.02017211471613,28.3195051042201],[96.99398143405307,28.30951322027329],[96.9715803764197,28.31706036184168],[96.9503628481627,28.33341823073794],[96.92351969811159,28.33857333727388],[96.91763348737342,28.3569659944151],[96.89641343958333,28.37962587002287],[96.86026633754999,28.37210392789607],[96.8499841293225,28.36214884352362],[96.80937742636691,28.36197620147759],[96.77224140679817,28.36806002524122],[96.76110876274146,28.39832128955381],[96.74905083839792,28.41588188267591],[96.73205316491608,28.42502459325722],[96.70429594493855,28.4317854724638],[96.66278592058634,28.46025951390203],[96.57788709053875,28.45776122152135],[96.5085240228153,28.4130158246327],[96.478302643605,28.41939907508278],[96.45658313149637,28.41403830230873],[96.43029197582207,28.38654114817211],[96.42106970590301,28.34568970447712],[96.41091442238914,28.34146518748364],[96.39761841075337,28.33925687488005],[96.39041584914703,28.35746785709323],[96.37829321232951,28.35894240078259],[96.36929640918652,28.38925585305198],[96.31372449476846,28.38347111392948],[96.30399796688633,28.37401813151638]]]}},{"type":"Feature","properties":{"ac_name":"PANGIN","ac_no":35,"ac_category":"GEN","st_name":"ARUNACHAL PRADESH"},"geometry":{"type":"Polygon","coordinates":[[[95.10973792016253,28.4600620893315],[95.10163032356483,28.48351189010932],[95.11050415823672,28.50075632762079],[95.08407078073691,28.52665039131028],[95.03824542333724,28.51548830806961],[94.9887628425481,28.52914998759935],[94.97239703402273,28.56539213905264],[94.9578413907146,28.57290641437984],[94.93960722617042,28.56916015809125],[94.90159692060888,28.54883753664817],[94.87806202343205,28.55240673102841],[94.85779230640273,28.56385812224189],[94.83678846118364,28.56923350179766],[94.81964645163926,28.56810065863312],[94.79561446310558,28.54626835591215],[94.77376758816634,28.53534250637138],[94.75876749914238,28.53401077826331],[94.74825419343124,28.52140087171267],[94.74688816510358,28.50434757863206],[94.74177088300014,28.49833039405052],[94.75171059525988,28.47202220069778],[94.74615264591746,28.457843990694],[94.76342480384251,28.42369930212107],[94.80632148609973,28.42017252598441],[94.810508687776,28.42394169099794],[94.84017733088479,28.415340142697],[94.86979199176487,28.41344203064822],[94.87886853899812,28.40567912834414],[94.88943251449044,28.3512320059714],[94.89796104421404,28.34416322676569],[94.91278465539726,28.30276345792789],[94.91997091422259,28.29582023466368],[94.92041483757765,28.27263961262926],[94.93575671432842,28.25128318476195],[94.93494584909024,28.24453637906505],[94.90585205976565,28.23805616321035],[94.89892255455642,28.23234598915687],[94.89242298810014,28.23544788900639],[94.88105285896073,28.23264370005867],[94.89052464900372,28.22742070642703],[94.89893853594637,28.21450924536665],[94.91414908179397,28.19615657737999],[94.90812361014288,28.15892297347413],[94.9169305155832,28.14647679118307],[94.93119568475812,28.14485507739621],[94.94894896843202,28.12898021970412],[94.92802324810322,28.09674669353269],[94.91542265740574,28.09138640483004],[94.8999528107581,28.07679889748482],[94.91743762842488,28.06074693793426],[94.92407464016654,28.06554981407104],[94.99627625351476,28.05927962886849],[95.02272116690244,28.04883311439937],[95.04236379433134,28.02758608570514],[95.05464194838952,28.00157010952294],[95.08531270745131,28.02461365326169],[95.09978274875883,28.05448973559147],[95.0999087109492,28.06881092716515],[95.10217260388707,28.08465594007899],[95.1237283262361,28.13235434725585],[95.13086572139225,28.19256478076337],[95.13681448479096,28.20446776001388],[95.13077772757238,28.21687466079877],[95.13901406687182,28.22884592982353],[95.10648695021774,28.26339564595603],[95.117441889312,28.37652597067682],[95.10429205167264,28.37881627898385],[95.08235418106857,28.39524183278193],[95.08167966277497,28.41510672061545],[95.10454626529321,28.44433996862921],[95.10973792016253,28.4600620893315]]]}},{"type":"Feature","properties":{"ac_name":"TEZU","ac_no":44,"ac_category":"GEN","st_name":"ARUNACHAL PRADESH"},"geometry":{"type":"Polygon","coordinates":[[[96.02612335518026,28.13563585266479],[96.02534976847039,28.13004059079164],[96.00497085076297,28.11112574170794],[96.00162172003046,28.09559247712853],[95.97986395999652,28.07218382416449],[95.99331774296431,28.05243207193314],[95.98742108837112,28.00049713540952],[95.99118896076759,27.97475783802826],[95.9710082659149,27.96129547459358],[95.94782720586745,27.93708376289708],[95.94841765884603,27.93182106635764],[95.95437503404928,27.93151683252274],[95.94819915311696,27.92403935168662],[95.95251129004198,27.92040648571641],[95.93505583949774,27.90918340279826],[95.94068613525586,27.9056836858195],[95.92966099174197,27.90309874534733],[95.93742005244535,27.89838962386272],[95.92831676443488,27.89522225201239],[95.9260116729104,27.89876082310391],[95.91904273670063,27.89496430496076],[95.92322114546928,27.88792532752338],[95.91526665271581,27.88920485312212],[95.92493437945222,27.88187611536255],[95.91526604693907,27.88363654134446],[95.91055802581255,27.87035140680659],[95.90635463184508,27.86603407819061],[95.90099647735761,27.86777423577318],[95.90457119951678,27.8620019653148],[95.89500897912363,27.86220876883433],[95.89506668991358,27.85743565033936],[95.8900865169057,27.86005109291549],[95.88700801438519,27.85321461097712],[95.91855074605618,27.84999381335676],[95.96089215870226,27.83851824234502],[95.994754420347,27.84453989084376],[96.04435842395236,27.85047784550381],[96.07160102187787,27.84725079149828],[96.16731234589444,27.86223183403449],[96.19651056837738,27.86059372528753],[96.26159041548566,27.84502031615324],[96.2968209168968,27.82242484972133],[96.31949591278129,27.81442610468177],[96.42502878212993,27.80540644399054],[96.47652562438122,27.79282537454185],[96.5348008788572,27.78593563409251],[96.62852757410022,27.79546320305124],[96.63462272626086,27.80370619557651],[96.63439784836251,27.81511535825407],[96.63022460463172,27.82745800790235],[96.6191226093729,27.83587194883625],[96.62018044026983,27.84817955399954],[96.61387299628687,27.85764203694295],[96.60833737061746,27.85977658358762],[96.58593777861799,27.85333735988877],[96.52876287145104,27.90072986516618],[96.43093492834518,27.91404541376753],[96.41643164340903,27.92331575620202],[96.39646487789133,27.95746344058761],[96.39178549777235,27.97502063457843],[96.37089982525806,27.99787793413772],[96.28777554068485,28.0618078699543],[96.27329402090737,28.08036624013962],[96.27297188534035,28.0912596146677],[96.30228868682579,28.10582623122584],[96.32719893399464,28.1311823806915],[96.32588797277478,28.14786671446541],[96.33550570983515,28.17221372066909],[96.33545538674966,28.18514824181727],[96.29784946920088,28.23659479605538],[96.29542258223147,28.24925543483958],[96.29495124945008,28.26791751705877],[96.30170569385928,28.28376695146002],[96.33438935914373,28.32796779054141],[96.3370849196027,28.33958135575429],[96.32852059592733,28.35442299288584],[96.30399796688633,28.37401813151638],[96.29645502382418,28.36674052161367],[96.29037855423503,28.34465416890363],[96.26672266378291,28.33039286931291],[96.25518930496149,28.30921029336274],[96.23816800847835,28.29961758542774],[96.2678022150139,28.23902728972987],[96.23014028382279,28.23877535264143],[96.21543902544579,28.23099212068469],[96.16836661494492,28.18714511491026],[96.14380275071855,28.17531808857593],[96.1419291584094,28.17000820582264],[96.11760057949053,28.17794983728293],[96.10450213800362,28.18972405641623],[96.08269281997556,28.18941284262667],[96.05166169108958,28.19731627407802],[96.0466275499827,28.17161297853312],[96.03018762911564,28.16022046195337],[96.03273321317134,28.1470996885804],[96.02612335518026,28.13563585266479]]]}},{"type":"Feature","properties":{"ac_name":"TALIHA","ac_no":23,"ac_category":"GEN","st_name":"ARUNACHAL PRADESH"},"geometry":{"type":"Polygon","coordinates":[[[94.05915802770592,28.54878191084527],[94.02858230022099,28.51904675932842],[94.01113559773793,28.48530856795261],[94.01437530041147,28.44159679397221],[94.00457599734348,28.40654705936579],[93.98714561936818,28.37333272143012],[93.9318315590024,28.31828281142133],[93.90027488366289,28.30070555473194],[93.8903000836692,28.29002166665114],[93.87850990537422,28.25997854540921],[93.86817262966177,28.25230871573702],[93.95879852281186,28.20451011533839],[93.99337005652576,28.18122346181587],[94.00618639589071,28.16077591047008],[94.02433147105037,28.08274271104354],[94.07229438892217,28.06139960400784],[94.09086647003458,28.04728008770294],[94.10804484737488,28.04908457316479],[94.13419754226457,28.07938223517813],[94.18214352325005,28.11959907158465],[94.18541186408362,28.13455425105495],[94.1833162746052,28.15047872568756],[94.36492306579851,28.20725594087676],[94.36920122686709,28.24420952149522],[94.38339767444027,28.25807064704903],[94.41694975549393,28.25428830869562],[94.39405118286741,28.26359805082257],[94.38984695406516,28.27863628322911],[94.37478808409135,28.29504781570887],[94.37755425726323,28.309011705686],[94.40319164529342,28.32790374378492],[94.40158764206386,28.33848886776028],[94.38607035936279,28.33593679897806],[94.37659721667099,28.34059935690662],[94.36793759096868,28.35320942108548],[94.32959385397218,28.35790100072745],[94.32206311574808,28.36866783418174],[94.30851588226459,28.37561269793757],[94.30170082077709,28.39597732770084],[94.30846153661452,28.41698945910738],[94.29277165875095,28.42881790392401],[94.26749667890188,28.43226683021956],[94.24174883929814,28.44681066357203],[94.23157446028874,28.42824501409127],[94.21917717010705,28.43629179519735],[94.18453354404943,28.42946519768104],[94.17327533741008,28.43510480279445],[94.16257491412233,28.43235296710175],[94.15178995706012,28.43615901247178],[94.1391150612946,28.44453792698158],[94.12637559156816,28.46705073410921],[94.11480779034791,28.47579603986382],[94.10557886011384,28.49764223328354],[94.10728085892399,28.52441709503051],[94.09683244475912,28.53612911787698],[94.08514722086274,28.53379670062811],[94.05915802770592,28.54878191084527]]]}},{"type":"Feature","properties":{"ac_name":"LIROMOBA","ac_no":27,"ac_category":"GEN","st_name":"ARUNACHAL PRADESH"},"geometry":{"type":"Polygon","coordinates":[[[94.44705412409614,28.41524377821392],[94.44002295123272,28.38633296993468],[94.40158764206386,28.33848886776028],[94.40319164529342,28.32790374378492],[94.37755425726323,28.309011705686],[94.37478808409135,28.29504781570887],[94.38984695406516,28.27863628322911],[94.39405118286741,28.26359805082257],[94.41694975549393,28.25428830869562],[94.38339767444027,28.25807064704903],[94.36920122686709,28.24420952149522],[94.36492306579851,28.20725594087676],[94.35643113830702,28.19858467949495],[94.37441530520792,28.1811489719282],[94.3777246150443,28.15871556059006],[94.39141393021363,28.14197317901624],[94.38646336861979,28.12112110979095],[94.39761196007994,28.10479659915684],[94.3917669778794,28.08278111312995],[94.40825343518074,28.06921629008813],[94.45434992604763,28.05437446812929],[94.51938356233123,28.05618959537469],[94.56151615858818,28.07142912438836],[94.63041354188528,28.10824435997926],[94.67743742282754,28.12049562331736],[94.6961908860447,28.12881422389516],[94.71053527453002,28.1482002849547],[94.70930731532353,28.16530428074675],[94.69503645033453,28.19461461106062],[94.73095180854433,28.24814598840371],[94.72977376418345,28.27441220094004],[94.71096323592492,28.29543765830773],[94.67518557221692,28.3039187382765],[94.63993338171197,28.2990728781058],[94.59890634628796,28.32030887262171],[94.55953103604458,28.32524762447016],[94.48998868854174,28.37300361091251],[94.44705412409614,28.41524377821392]]]}},{"type":"Feature","properties":{"ac_name":"MEBO","ac_no":39,"ac_category":"GEN","st_name":"ARUNACHAL PRADESH"},"geometry":{"type":"Polygon","coordinates":[[[95.38322980428545,28.31213123062463],[95.34619132280781,28.28402229958028],[95.34195282002963,28.24464577335666],[95.30507370223293,28.22389536064841],[95.29824548030292,28.21405566728186],[95.30306800192476,28.20253565748725],[95.29574844786654,28.19882135181981],[95.27868727657894,28.20212708843195],[95.26945479761615,28.19644460796269],[95.28169693273945,28.18053106107606],[95.2917057255825,28.1752946898646],[95.33591218530503,28.1721649340535],[95.35930265626828,28.16176853609907],[95.36631995641794,28.15302887857277],[95.37215542278133,28.11709891709675],[95.39437534930904,28.10444525449834],[95.43601093361481,28.09130388292068],[95.46309134832985,28.06828133687843],[95.46950453257467,28.06016954711457],[95.47089079525092,28.04710415581366],[95.46494712661594,28.02434952510916],[95.463819580767,27.98743363646728],[95.4776487746933,27.88078437729143],[95.47178581420567,27.86724507757864],[95.51412011363396,27.87942995951747],[95.53371409323945,27.89812080969812],[95.54336611113212,27.89913908478421],[95.54523080139137,27.91160492945273],[95.56295133391046,27.91910936827489],[95.56727017953227,27.93478178975739],[95.53967618482186,28.00471902175176],[95.54223805082258,28.01617592399023],[95.55937200857598,28.04155622956459],[95.56766638972196,28.088898348275],[95.56786906225736,28.13416412160304],[95.55971914241994,28.16914361480955],[95.56304481113266,28.25734419770668],[95.54897146849113,28.26834958520731],[95.54980143635618,28.27570266132693],[95.54078911995009,28.27532889935559],[95.54299931708412,28.27977296254859],[95.53584616532781,28.28483165397235],[95.514190398819,28.27394598887621],[95.49259871119361,28.26829087111977],[95.48187533940504,28.26979713455044],[95.46525619457297,28.25753671823356],[95.46029134634695,28.26483777340958],[95.46246092651691,28.27727898126658],[95.45087664849997,28.28806553709838],[95.44915628924767,28.3002484353454],[95.436627939409,28.31430279849381],[95.39835155703913,28.3149620346698],[95.38926630915107,28.3075915784717],[95.38322980428545,28.31213123062463]]]}},{"type":"Feature","properties":{"ac_name":"KOLORIANG","ac_no":21,"ac_category":"GEN","st_name":"ARUNACHAL PRADESH"},"geometry":{"type":"Polygon","coordinates":[[[93.46401642666318,28.2730927006528],[93.45298651429309,28.27195510113777],[93.44522667200441,28.2832455041715],[93.43169059378525,28.2800243691772],[93.41425098518278,28.28846246702658],[93.4085017613834,28.30683775418797],[93.3862170063089,28.30635373635812],[93.38391558558317,28.312834256459],[93.37884734886079,28.31156095127428],[93.3785079614579,28.32351654106096],[93.36083696506554,28.32986286064825],[93.36040863621827,28.34371150672921],[93.3442329174335,28.34549999670131],[93.3368665513381,28.35341086948681],[93.29419332654771,28.34042038398886],[93.28281941651196,28.36485824241333],[93.25974513615395,28.36709514788875],[93.24568557317875,28.36090837883679],[93.2293218148244,28.34445625571787],[93.22647685272824,28.33567536094158],[93.2216195612288,28.33496906844582],[93.2086455820853,28.32272595435191],[93.19547350923489,28.31749864966452],[93.15671181947509,28.31797925305812],[93.12658125592968,28.32633536284239],[93.09715078696108,28.30660581373427],[93.07385990926878,28.30881091815761],[93.04807817126624,28.30203404900506],[93.02553571782538,28.30279015426361],[93.03554596393258,28.26266120003807],[93.00210202884128,28.2303056628069],[92.99173907672159,28.23395080279522],[92.98775477642882,28.25087193524685],[92.96636001365168,28.2613901751935],[92.9147894655873,28.23461099599846],[92.90713335123381,28.21481241153736],[92.89704775877928,28.20418039487609],[92.82975490084506,28.17108407350312],[92.82308602904854,28.17350671958978],[92.8180486573406,28.20123996537338],[92.8015312827917,28.20187470994615],[92.78489733739049,28.18337415755799],[92.73841863578829,28.15118814132569],[92.68886028579587,28.12544434860584],[92.68200642804504,28.11764893301691],[92.66294424232726,28.06730685678059],[92.66468043744345,28.06236616303798],[92.68297970099977,28.05816045318733],[92.71119121182768,28.03281020079185],[92.74100334314433,27.98888210524123],[92.73423766389945,27.97666682995128],[92.75682980951314,27.95775471650006],[92.78119868388292,27.95598246897019],[92.78614231531006,27.95199027101679],[92.81690382996689,27.96058253250352],[92.83289520829297,27.95721043067277],[92.83734970073503,27.96166625256155],[92.83776961997339,27.96064994545849],[92.86025586505272,27.95824157932865],[92.85996348708748,27.95014220006969],[92.86563814565005,27.94594062158476],[92.8689104245806,27.94928430745274],[92.8888554741916,27.93655056538336],[92.93153292926786,27.92496694443949],[92.9329814201336,27.91726480332422],[92.92718650237134,27.9102791950531],[92.93142619821583,27.87832674702372],[92.93837698715922,27.87127298464667],[92.94419823681184,27.85065240479223],[92.94630631136873,27.84659457534083],[92.96053971607344,27.84552150663183],[92.9661512244403,27.83085893738663],[92.97886695916209,27.82370443804788],[93.00353598970449,27.82825781992341],[93.01156981347,27.82251766506392],[93.07469163423092,27.82704919043382],[93.09603137604797,27.80927258522439],[93.1305932184398,27.82241997371165],[93.15287818529193,27.82119070698918],[93.15721578524546,27.8175824076809],[93.17587514540674,27.82143707909105],[93.1867176872162,27.83220102165761],[93.19185481010705,27.8460876733168],[93.21734661891342,27.83222159348391],[93.2287733231576,27.81881585638005],[93.29355654733632,27.82297683019906],[93.34746793004467,27.83882715209027],[93.41146993646738,27.84214472210769],[93.4518971637371,27.85647327148711],[93.4815176925481,27.86215440871018],[93.50648145339981,27.86110966696551],[93.49934685762058,27.90392553284967],[93.48793606972869,27.91444551434876],[93.49255294220544,27.9286353424679],[93.5248742573393,27.95386339962543],[93.5526050364007,27.98346381750971],[93.5711049319587,28.014776919574],[93.58369893370451,28.01766989602944],[93.60585428102847,28.01290243061749],[93.57600679224323,28.08450862922139],[93.53552056595126,28.13017325160677],[93.50577524394691,28.1778110548678],[93.46401642666318,28.2730927006528]]]}},{"type":"Feature","properties":{"ac_name":"ALONG WEST","ac_no":30,"ac_category":"GEN","st_name":"ARUNACHAL PRADESH"},"geometry":{"type":"Polygon","coordinates":[[[94.75622676634349,28.22073068980416],[94.73095180854433,28.24814598840371],[94.69503645033453,28.19461461106062],[94.70930731532353,28.16530428074675],[94.71053527453002,28.1482002849547],[94.6961908860447,28.12881422389516],[94.67743742282754,28.12049562331736],[94.68146818423762,28.09494574933748],[94.69756214226874,28.06463773587095],[94.70606703742008,28.05834714280043],[94.72887079096216,28.04812376387802],[94.7765328649111,28.05081182384323],[94.76302817054857,28.06744591567365],[94.75796065727154,28.08706734533148],[94.77050161680937,28.12624941330355],[94.7563851177474,28.14719687573246],[94.75274465059816,28.16690580935688],[94.75892047846519,28.19634420922015],[94.75311099420982,28.2125353844238],[94.75622676634349,28.22073068980416]]]}},{"type":"Feature","properties":{"ac_name":"TALI","ac_no":20,"ac_category":"GEN","st_name":"ARUNACHAL PRADESH"},"geometry":{"type":"Polygon","coordinates":[[[93.49698660357751,28.27676975377221],[93.47611004904087,28.28119395467889],[93.46401642666318,28.2730927006528],[93.50577524394691,28.1778110548678],[93.53552056595126,28.13017325160677],[93.57600679224323,28.08450862922139],[93.60585428102847,28.01290243061749],[93.60811752343085,27.96492050722779],[93.63112081531884,27.97943175503493],[93.71086363328445,27.97447511560285],[93.72410100060985,27.9518823524338],[93.74402678719252,27.93788700262232],[93.78402118196661,27.94079931461207],[93.82869644890663,27.93669508855706],[93.85421117949893,27.90760020695529],[93.877250068535,27.90162920077491],[93.92570181296728,27.87105857316239],[93.92723222447351,27.8850742502336],[93.92178805195665,27.89284493550754],[93.89071922027784,27.89726109580062],[93.88352699245999,27.90069713300857],[93.88264073646357,27.90974767626678],[93.8909464219866,27.91630853425809],[93.91100804825075,27.92071293914215],[93.93795366281016,27.9188988746337],[93.96114465210815,27.92302179536179],[93.98039045524541,27.94263257077782],[94.010276401061,27.95008183311009],[94.01550105130205,27.95533606704327],[93.98776756385084,27.97498266533633],[93.949015495861,27.98067868324791],[93.94096747440754,28.00042018654596],[93.91236221310936,28.012810484324],[93.90970059433707,28.02942826792118],[93.88800739357039,28.03790519930606],[93.87396149502217,28.05338542152819],[93.87472693874808,28.07319666108013],[93.85460291411255,28.08131757777981],[93.88075537489597,28.10778715160841],[93.87644864684835,28.12088871984162],[93.89256072186747,28.12875201133016],[93.8465455372124,28.20779857788196],[93.84184595857431,28.23629751810454],[93.82350544765931,28.24649001972165],[93.7655930273749,28.26292617955467],[93.74606101350902,28.28456047249922],[93.72198631850368,28.29126370098744],[93.67991740486156,28.32199190043136],[93.66769564280858,28.31535810550891],[93.6602491075264,28.30465522825361],[93.62766569984173,28.30694956916209],[93.61332175777778,28.27251880375194],[93.59066627096325,28.27064984153349],[93.56680526972362,28.25898997953467],[93.5650723329329,28.2638146002898],[93.55430479339846,28.25915436285261],[93.54526816345147,28.26728622954518],[93.53179376044281,28.27024737790788],[93.51241528273555,28.26805109138158],[93.49698660357751,28.27676975377221]]]}},{"type":"Feature","properties":{"ac_name":"PASIGHAT EAST","ac_no":38,"ac_category":"GEN","st_name":"ARUNACHAL PRADESH"},"geometry":{"type":"Polygon","coordinates":[[[95.26945479761615,28.19644460796269],[95.25957468015672,28.17854785325919],[95.23574005164977,28.15707757231383],[95.2239110451612,28.1521371274856],[95.19238030014999,28.16455962984541],[95.18358644210214,28.17424476257401],[95.17818429611005,28.19504563296073],[95.16870695826869,28.20053884907863],[95.13681448479096,28.20446776001388],[95.13086572139225,28.19256478076337],[95.1237283262361,28.13235434725585],[95.10217260388707,28.08465594007899],[95.0999087109492,28.06881092716515],[95.13944198792687,28.06977928547957],[95.16152852515624,28.0620239328608],[95.23774666796206,28.01891517106535],[95.26346373194652,28.01032837488416],[95.335329121138,28.00571199489983],[95.41631547764042,28.00879701251248],[95.45157760369274,28.00150848016569],[95.463819580767,27.98743363646728],[95.46494712661594,28.02434952510916],[95.47089079525092,28.04710415581366],[95.46950453257467,28.06016954711457],[95.46309134832985,28.06828133687843],[95.43601093361481,28.09130388292068],[95.39437534930904,28.10444525449834],[95.37215542278133,28.11709891709675],[95.36631995641794,28.15302887857277],[95.35930265626828,28.16176853609907],[95.33591218530503,28.1721649340535],[95.2917057255825,28.1752946898646],[95.28169693273945,28.18053106107606],[95.26945479761615,28.19644460796269]]]}},{"type":"Feature","properties":{"ac_name":"ALONG EAST","ac_no":31,"ac_category":"GEN","st_name":"ARUNACHAL PRADESH"},"geometry":{"type":"Polygon","coordinates":[[[94.89893853594637,28.21450924536665],[94.84810142625896,28.20735734501576],[94.75622676634349,28.22073068980416],[94.75311099420982,28.2125353844238],[94.75892047846519,28.19634420922015],[94.75274465059816,28.16690580935688],[94.7563851177474,28.14719687573246],[94.77050161680937,28.12624941330355],[94.75796065727154,28.08706734533148],[94.76302817054857,28.06744591567365],[94.7765328649111,28.05081182384323],[94.87137980461478,28.04308981248907],[94.90304797436724,28.05221764959867],[94.91743762842488,28.06074693793426],[94.8999528107581,28.07679889748482],[94.91542265740574,28.09138640483004],[94.92802324810322,28.09674669353269],[94.94894896843202,28.12898021970412],[94.93119568475812,28.14485507739621],[94.9169305155832,28.14647679118307],[94.90812361014288,28.15892297347413],[94.91414908179397,28.19615657737999],[94.89893853594637,28.21450924536665]]]}},{"type":"Feature","properties":{"ac_name":"DAPORIJO","ac_no":24,"ac_category":"GEN","st_name":"ARUNACHAL PRADESH"},"geometry":{"type":"Polygon","coordinates":[[[93.86817262966177,28.25230871573702],[93.82350544765931,28.24649001972165],[93.84184595857431,28.23629751810454],[93.8465455372124,28.20779857788196],[93.89256072186747,28.12875201133016],[93.87644864684835,28.12088871984162],[93.88075537489597,28.10778715160841],[93.85460291411255,28.08131757777981],[93.87472693874808,28.07319666108013],[93.87396149502217,28.05338542152819],[93.88800739357039,28.03790519930606],[93.90970059433707,28.02942826792118],[93.91236221310936,28.012810484324],[93.94096747440754,28.00042018654596],[93.949015495861,27.98067868324791],[93.98776756385084,27.97498266533633],[94.01550105130205,27.95533606704327],[94.01802201980489,27.95481756105288],[94.02548521540645,27.96568814358103],[94.05158615104418,27.9799804338741],[94.0540298111322,27.9864724674969],[94.04976991069145,28.00284316089537],[94.0159470694806,28.00390681646746],[94.01290937590295,28.00731604787427],[94.0177926217698,28.02561937763564],[94.02958682323548,28.03171945502448],[94.06422484456128,28.02354745090765],[94.0914083184795,27.98821562098171],[94.14113241029118,27.9598409077759],[94.16844751708354,27.9613256994993],[94.20879113041565,27.97044086628016],[94.23284496527603,27.96839485646399],[94.24198404497513,27.96942542805302],[94.23694494230702,27.98056489083924],[94.24330326785365,28.01364426844421],[94.21637990136915,28.06393847356203],[94.21390316177332,28.09057824763131],[94.19005098907242,28.1102729998838],[94.18541186408362,28.13455425105495],[94.18214352325005,28.11959907158465],[94.13419754226457,28.07938223517813],[94.10804484737488,28.04908457316479],[94.09086647003458,28.04728008770294],[94.07229438892217,28.06139960400784],[94.02433147105037,28.08274271104354],[94.00618639589071,28.16077591047008],[93.99337005652576,28.18122346181587],[93.95879852281186,28.20451011533839],[93.86817262966177,28.25230871573702]]]}},{"type":"Feature","properties":{"ac_name":"DAMPORIJO","ac_no":26,"ac_category":"GEN","st_name":"ARUNACHAL PRADESH"},"geometry":{"type":"Polygon","coordinates":[[[94.36492306579851,28.20725594087676],[94.1833162746052,28.15047872568756],[94.18541186408362,28.13455425105495],[94.19005098907242,28.1102729998838],[94.21390316177332,28.09057824763131],[94.21637990136915,28.06393847356203],[94.24330326785365,28.01364426844421],[94.23694494230702,27.98056489083924],[94.24198404497513,27.96942542805302],[94.23284496527603,27.96839485646399],[94.24725995906648,27.9642228757124],[94.27553942971545,27.94471767011671],[94.2943796028223,27.92498608426332],[94.30477115002802,27.90224963585959],[94.23759532700187,27.81620906045592],[94.23904698136008,27.80938634110488],[94.26843289643969,27.81204868874173],[94.31824167560607,27.7762818870046],[94.32926683178466,27.76068379679346],[94.33501423363623,27.76017059739376],[94.36602880707855,27.77966103206244],[94.382029217032,27.79741666050863],[94.39466511978812,27.79662656341138],[94.4138764573297,27.8098244916232],[94.43846249009974,27.81291551395347],[94.44407009673196,27.8287217850597],[94.45619006695279,27.82836635048841],[94.4698808675141,27.83816244994161],[94.47715338037352,27.83531161101962],[94.49244900188461,27.8405450587705],[94.50370088830651,27.83637360782435],[94.53351357003172,27.85001872374787],[94.57711151944939,27.85612314551045],[94.58905158232326,27.86171826845645],[94.59476304833865,27.87080492990129],[94.59286894732662,27.89005461024726],[94.55798935375356,27.90250036596675],[94.54249569831012,27.92550489451819],[94.52271924828663,27.96649458785291],[94.53201400160309,27.98603426423138],[94.51293488661814,28.01549554643117],[94.48416732813851,28.02181456546754],[94.46701961870244,28.04883209033334],[94.45434992604763,28.05437446812929],[94.40825343518074,28.06921629008813],[94.3917669778794,28.08278111312995],[94.39761196007994,28.10479659915684],[94.38646336861979,28.12112110979095],[94.39141393021363,28.14197317901624],[94.3777246150443,28.15871556059006],[94.37441530520792,28.1811489719282],[94.35643113830702,28.19858467949495],[94.36492306579851,28.20725594087676]]]}},{"type":"Feature","properties":{"ac_name":"BASAR","ac_no":29,"ac_category":"GEN","st_name":"ARUNACHAL PRADESH"},"geometry":{"type":"Polygon","coordinates":[[[94.91743762842488,28.06074693793426],[94.90304797436724,28.05221764959867],[94.87137980461478,28.04308981248907],[94.7765328649111,28.05081182384323],[94.72887079096216,28.04812376387802],[94.70606703742008,28.05834714280043],[94.69756214226874,28.06463773587095],[94.68146818423762,28.09494574933748],[94.67743742282754,28.12049562331736],[94.63041354188528,28.10824435997926],[94.56151615858818,28.07142912438836],[94.51938356233123,28.05618959537469],[94.45434992604763,28.05437446812929],[94.46701961870244,28.04883209033334],[94.48416732813851,28.02181456546754],[94.51293488661814,28.01549554643117],[94.53201400160309,27.98603426423138],[94.52271924828663,27.96649458785291],[94.54249569831012,27.92550489451819],[94.55798935375356,27.90250036596675],[94.59286894732662,27.89005461024726],[94.65809917250719,27.88401018856354],[94.67046203275258,27.86088927479337],[94.68238331970764,27.85100430146279],[94.70957343056473,27.83223171978658],[94.73527332579921,27.82182792792792],[94.80963863525345,27.80798439150481],[94.89487870622881,27.80827807136972],[94.89067015076645,27.81000467610099],[94.90084386113827,27.82905771508574],[94.90888894296684,27.83386200576875],[94.9051240186875,27.8424476891559],[94.92890387086405,27.85706069949565],[94.90906255572503,27.85989940295291],[94.90551361144286,27.88044237996174],[94.924234984475,27.88947997725777],[94.92677242596103,27.90596389843318],[94.94676313661934,27.93733493834427],[94.94611764658951,27.94927235499877],[94.95341265540932,27.95573310583977],[94.95654600683046,27.97425266743268],[94.95695844758207,27.98089622330637],[94.92152988810159,27.99748807161156],[94.9001351240291,27.99581752313249],[94.88031476655783,28.00035634171703],[94.88642044041731,28.01232558973473],[94.90172381414692,28.02038091733866],[94.90950696085874,28.03504953369492],[94.9303830737997,28.04792773770572],[94.91743762842488,28.06074693793426]]]}},{"type":"Feature","properties":{"ac_name":"PASIGHAT WEST","ac_no":37,"ac_category":"GEN","st_name":"ARUNACHAL PRADESH"},"geometry":{"type":"Polygon","coordinates":[[[95.463819580767,27.98743363646728],[95.45157760369274,28.00150848016569],[95.41631547764042,28.00879701251248],[95.335329121138,28.00571199489983],[95.26346373194652,28.01032837488416],[95.23774666796206,28.01891517106535],[95.16152852515624,28.0620239328608],[95.13944198792687,28.06977928547957],[95.0999087109492,28.06881092716515],[95.09978274875883,28.05448973559147],[95.08531270745131,28.02461365326169],[95.05464194838952,28.00157010952294],[95.06985071819406,27.94916040663043],[95.07941775203416,27.84271310396987],[95.08907793577644,27.82001276183619],[95.10239008484167,27.80492109591046],[95.30895205804399,27.86802548956277],[95.37949081759972,27.83925041045932],[95.47178581420567,27.86724507757864],[95.4776487746933,27.88078437729143],[95.463819580767,27.98743363646728]]]}},{"type":"Feature","properties":{"ac_name":"NARI-KOYU","ac_no":36,"ac_category":"GEN","st_name":"ARUNACHAL PRADESH"},"geometry":{"type":"Polygon","coordinates":[[[94.92407464016654,28.06554981407104],[94.91743762842488,28.06074693793426],[94.9303830737997,28.04792773770572],[94.90950696085874,28.03504953369492],[94.90172381414692,28.02038091733866],[94.88642044041731,28.01232558973473],[94.88031476655783,28.00035634171703],[94.9001351240291,27.99581752313249],[94.92152988810159,27.99748807161156],[94.95695844758207,27.98089622330637],[94.95654600683046,27.97425266743268],[94.95341265540932,27.95573310583977],[94.94611764658951,27.94927235499877],[94.94676313661934,27.93733493834427],[94.92677242596103,27.90596389843318],[94.924234984475,27.88947997725777],[94.90551361144286,27.88044237996174],[94.90906255572503,27.85989940295291],[94.92890387086405,27.85706069949565],[94.9051240186875,27.8424476891559],[94.90888894296684,27.83386200576875],[94.90084386113827,27.82905771508574],[94.89067015076645,27.81000467610099],[94.89487870622881,27.80827807136972],[94.89561109330575,27.801283795088],[94.88418463791096,27.78465599751928],[94.87299312137063,27.78024063148921],[94.85905732543188,27.7575124145607],[94.87020243896143,27.73329370098717],[95.10239008484167,27.80492109591046],[95.08907793577644,27.82001276183619],[95.07941775203416,27.84271310396987],[95.06985071819406,27.94916040663043],[95.05464194838952,28.00157010952294],[95.04236379433134,28.02758608570514],[95.02272116690244,28.04883311439937],[94.99627625351476,28.05927962886849],[94.92407464016654,28.06554981407104]]]}},{"type":"Feature","properties":{"ac_name":"CHOWKHAM","ac_no":46,"ac_category":"GEN","st_name":"ARUNACHAL PRADESH"},"geometry":{"type":"Polygon","coordinates":[[[96.62852757410022,27.79546320305124],[96.5348008788572,27.78593563409251],[96.47652562438122,27.79282537454185],[96.42502878212993,27.80540644399054],[96.31949591278129,27.81442610468177],[96.2968209168968,27.82242484972133],[96.26159041548566,27.84502031615324],[96.19651056837738,27.86059372528753],[96.16731234589444,27.86223183403449],[96.07160102187787,27.84725079149828],[96.04435842395236,27.85047784550381],[95.994754420347,27.84453989084376],[95.99761705366349,27.83183550597406],[95.99069125967858,27.80998332424559],[95.96931009410571,27.7973993403996],[95.96057933853687,27.7833993191768],[95.9613513961366,27.76673138213655],[95.97579177942146,27.74215092400412],[96.00260323819381,27.71876403074242],[96.0187060921585,27.71163959471664],[96.12544502307165,27.69298568406208],[96.1215301157589,27.67625732479739],[96.08700318100436,27.61953177823949],[96.09648988607252,27.61356965789613],[96.12570002944369,27.61966459493884],[96.13311377665127,27.61522673681952],[96.13267487966476,27.60648230210314],[96.16991307881055,27.59801754751248],[96.2157551086256,27.57731019310033],[96.22473233701147,27.56826226722869],[96.26419899082701,27.56339222529251],[96.26838629290512,27.55793490716367],[96.2888805937695,27.55553261214907],[96.32763110281208,27.57932513805619],[96.33622143816773,27.59845038596451],[96.34827473040565,27.60620099861194],[96.3517683895132,27.62463264464721],[96.37268054304134,27.6450499368698],[96.38367241225151,27.63891864886158],[96.39405053723333,27.64878310498435],[96.43966067108096,27.65253201028265],[96.45237168367562,27.64122232861749],[96.48017935392429,27.64612885987215],[96.50851887704796,27.64322088436584],[96.51906690834629,27.63670949641372],[96.53060036900504,27.64678044515724],[96.54953260111598,27.64685566404332],[96.56636232771503,27.65691549644763],[96.58199713320447,27.65615350498364],[96.59622459016353,27.65410743440008],[96.60875776108081,27.64670650460214],[96.61376488048244,27.63815771305453],[96.64074486836402,27.62797540419578],[96.65805747360818,27.6338349076924],[96.66914444410565,27.6474428922762],[96.68219451440481,27.65478625727645],[96.6999064049683,27.66054891228739],[96.68004159539974,27.66899332741047],[96.64871355091518,27.6738600594798],[96.62923027616343,27.68471823642836],[96.61888849231322,27.69874776418451],[96.61623170730773,27.7093795641791],[96.62059709975694,27.72030688253356],[96.63981578426659,27.73794718715427],[96.61331713025116,27.76610165603884],[96.61261509445808,27.77393841333212],[96.62852757410022,27.79546320305124]]]}},{"type":"Feature","properties":{"ac_name":"RAGA","ac_no":25,"ac_category":"GEN","st_name":"ARUNACHAL PRADESH"},"geometry":{"type":"Polygon","coordinates":[[[94.23284496527603,27.96839485646399],[94.20879113041565,27.97044086628016],[94.16844751708354,27.9613256994993],[94.14113241029118,27.9598409077759],[94.0914083184795,27.98821562098171],[94.06422484456128,28.02354745090765],[94.02958682323548,28.03171945502448],[94.0177926217698,28.02561937763564],[94.01290937590295,28.00731604787427],[94.0159470694806,28.00390681646746],[94.04976991069145,28.00284316089537],[94.0540298111322,27.9864724674969],[94.05158615104418,27.9799804338741],[94.02548521540645,27.96568814358103],[94.01802201980489,27.95481756105288],[94.03843488916031,27.95679318876904],[94.06813488483475,27.93919566782468],[94.04760684697725,27.91195598483343],[94.05608605018811,27.90630390123977],[94.060080584187,27.86950820944659],[94.07411130882703,27.84939513728115],[94.0964216708591,27.85988291274537],[94.12196003035257,27.86189026823761],[94.12853469884914,27.8579139174787],[94.1460404976162,27.86702158321678],[94.16007646045226,27.84385095362542],[94.17036574426214,27.84548325528562],[94.1918149079452,27.83662315079918],[94.1933736678179,27.81148548382895],[94.23904698136008,27.80938634110488],[94.23759532700187,27.81620906045592],[94.30477115002802,27.90224963585959],[94.2943796028223,27.92498608426332],[94.27553942971545,27.94471767011671],[94.24725995906648,27.9642228757124],[94.23284496527603,27.96839485646399]]]}},{"type":"Feature","properties":{"ac_name":"NAMSAI","ac_no":47,"ac_category":"GEN","st_name":"ARUNACHAL PRADESH"},"geometry":{"type":"Polygon","coordinates":[[[95.994754420347,27.84453989084376],[95.96089215870226,27.83851824234502],[95.91855074605618,27.84999381335676],[95.88700801438519,27.85321461097712],[95.8706229620627,27.83284349896841],[95.83765189791526,27.82410210812007],[95.8380429097549,27.81028481827975],[95.81692530408735,27.80322945048744],[95.79952631210901,27.77315892643073],[95.77576125298383,27.75353831851431],[95.77883450637447,27.73308923065499],[95.75277948557564,27.72463915591008],[95.75348617142781,27.71895326315302],[95.76535178300854,27.7147466259201],[95.76265170991616,27.70908318333071],[95.76807497100518,27.70207663982492],[95.76379182224987,27.69354520953048],[95.76803902826401,27.68683254778354],[95.78324314324483,27.6871037571568],[95.79051679972164,27.68004512078463],[95.77351938854125,27.67193484336363],[95.77048703354865,27.65816762179616],[95.77375666373702,27.65169660876327],[95.79572290494347,27.64162289779732],[95.79646305734275,27.63767043420545],[95.78837402373841,27.63373807011076],[95.83461841419454,27.63646868998265],[95.9116502922039,27.66087124750398],[95.93577674228577,27.66082945388882],[95.97393963363646,27.65900787893582],[96.02782708815138,27.64528643539661],[96.05696790002355,27.63592057705073],[96.08700318100436,27.61953177823949],[96.1215301157589,27.67625732479739],[96.12544502307165,27.69298568406208],[96.0187060921585,27.71163959471664],[96.00260323819381,27.71876403074242],[95.97579177942146,27.74215092400412],[95.9613513961366,27.76673138213655],[95.96057933853687,27.7833993191768],[95.96931009410571,27.7973993403996],[95.99069125967858,27.80998332424559],[95.99761705366349,27.83183550597406],[95.994754420347,27.84453989084376]]]}},{"type":"Feature","properties":{"ac_name":"NYAPIN","ac_no":19,"ac_category":"GEN","st_name":"ARUNACHAL PRADESH"},"geometry":{"type":"Polygon","coordinates":[[[93.60811752343085,27.96492050722779],[93.60585428102847,28.01290243061749],[93.58369893370451,28.01766989602944],[93.5711049319587,28.014776919574],[93.5526050364007,27.98346381750971],[93.5248742573393,27.95386339962543],[93.49255294220544,27.9286353424679],[93.48793606972869,27.91444551434876],[93.49934685762058,27.90392553284967],[93.50648145339981,27.86110966696551],[93.4815176925481,27.86215440871018],[93.4518971637371,27.85647327148711],[93.41146993646738,27.84214472210769],[93.34746793004467,27.83882715209027],[93.29355654733632,27.82297683019906],[93.2287733231576,27.81881585638005],[93.23880123123143,27.80091146938428],[93.23267039868173,27.77911569859722],[93.2233825214826,27.76674447720394],[93.22483992371828,27.75981909835064],[93.20107143085207,27.72988539922622],[93.22036583772662,27.7181494653683],[93.22380304679045,27.71128568765953],[93.1953298022908,27.67487090469182],[93.21312320087844,27.65510286986205],[93.22952877654566,27.64627785958616],[93.22802116482684,27.63676567882003],[93.23873082139386,27.61482927363449],[93.29131204190142,27.65768731042247],[93.32925887148144,27.66969569687788],[93.3992096332005,27.66525558480315],[93.51468751536889,27.65020857406343],[93.53870448475064,27.65461550222207],[93.53240704092838,27.67384959769179],[93.54214094576808,27.70862562282624],[93.56702497790249,27.76316916999737],[93.59783757857258,27.80829737859098],[93.59582898701572,27.84070209872255],[93.58467729908331,27.87709648237775],[93.60811752343085,27.96492050722779]]]}},{"type":"Feature","properties":{"ac_name":"RAGA","ac_no":25,"ac_category":"GEN","st_name":"ARUNACHAL PRADESH"},"geometry":{"type":"Polygon","coordinates":[[[94.01802201980489,27.95481756105288],[94.01550105130205,27.95533606704327],[94.010276401061,27.95008183311009],[93.98039045524541,27.94263257077782],[93.96114465210815,27.92302179536179],[93.93795366281016,27.9188988746337],[93.91100804825075,27.92071293914215],[93.8909464219866,27.91630853425809],[93.88264073646357,27.90974767626678],[93.88352699245999,27.90069713300857],[93.89071922027784,27.89726109580062],[93.92178805195665,27.89284493550754],[93.92723222447351,27.8850742502336],[93.92570181296728,27.87105857316239],[93.91059482861156,27.83774623561662],[93.91116963033065,27.82591644080704],[93.91673788889248,27.81830178391739],[93.94460350906962,27.80330115811119],[93.95652603068405,27.78379007478658],[93.97447139806754,27.77297528591161],[93.98274916184303,27.76372106449846],[93.9842813821499,27.75127981413541],[93.97875432903747,27.74230476403957],[93.96804011284895,27.73686323108729],[93.9237549835435,27.72893333176932],[93.94342402797797,27.71748844366664],[93.9803180121572,27.72267613441864],[93.99218463258967,27.71886293110704],[93.99866167569186,27.71115614881316],[93.99906392075341,27.70269167353037],[93.9791018772294,27.65931994189954],[93.97756885594728,27.64408843679023],[93.98374655827755,27.63339429583996],[94.03490459141004,27.6298306416885],[94.04736624292636,27.6266580650073],[94.05859715888145,27.61482529812892],[94.04350142809797,27.49951684418202],[94.06849808217636,27.4824535556323],[94.0939128280105,27.48326206213814],[94.11967690024736,27.4973771843619],[94.15052077012957,27.53056567956518],[94.19090058521512,27.5358919373932],[94.20543351645041,27.53122447602715],[94.21107340348865,27.51236699918169],[94.22133028612227,27.50357286859546],[94.23440844329492,27.51206507538149],[94.26773048575733,27.52086312111882],[94.2569206625032,27.53738879965641],[94.25821901303087,27.55591370448065],[94.24757344268272,27.56844863750854],[94.22590364136357,27.57447052641847],[94.22203933074663,27.58812077180859],[94.22624241655353,27.59886824942002],[94.21254915503766,27.60136956499163],[94.20929644937115,27.60770409324476],[94.228111149023,27.63548018356961],[94.24448807084856,27.64918277517011],[94.3070618230162,27.68861092047649],[94.31719489246439,27.70200920333478],[94.35401197945613,27.71731101208042],[94.35291558160506,27.73096052198867],[94.3467714025805,27.7319272934194],[94.3355290919922,27.72498574615091],[94.31242824281003,27.74099472251983],[94.31824167560607,27.7762818870046],[94.26843289643969,27.81204868874173],[94.23904698136008,27.80938634110488],[94.1933736678179,27.81148548382895],[94.1918149079452,27.83662315079918],[94.17036574426214,27.84548325528562],[94.16007646045226,27.84385095362542],[94.1460404976162,27.86702158321678],[94.12853469884914,27.8579139174787],[94.12196003035257,27.86189026823761],[94.0964216708591,27.85988291274537],[94.07411130882703,27.84939513728115],[94.060080584187,27.86950820944659],[94.05608605018811,27.90630390123977],[94.04760684697725,27.91195598483343],[94.06813488483475,27.93919566782468],[94.03843488916031,27.95679318876904],[94.01802201980489,27.95481756105288]]]}},{"type":"Feature","properties":{"ac_name":"PALIN","ac_no":18,"ac_category":"GEN","st_name":"ARUNACHAL PRADESH"},"geometry":{"type":"Polygon","coordinates":[[[93.92570181296728,27.87105857316239],[93.877250068535,27.90162920077491],[93.85421117949893,27.90760020695529],[93.82869644890663,27.93669508855706],[93.78402118196661,27.94079931461207],[93.74402678719252,27.93788700262232],[93.72410100060985,27.9518823524338],[93.71086363328445,27.97447511560285],[93.63112081531884,27.97943175503493],[93.60811752343085,27.96492050722779],[93.58467729908331,27.87709648237775],[93.59582898701572,27.84070209872255],[93.59783757857258,27.80829737859098],[93.56702497790249,27.76316916999737],[93.54214094576808,27.70862562282624],[93.53240704092838,27.67384959769179],[93.53870448475064,27.65461550222207],[93.61185523965803,27.66801289411655],[93.6310958651229,27.64719934596262],[93.66207729975527,27.64304486599973],[93.68581949596643,27.64835328205377],[93.72327907935326,27.67309128216652],[93.77508959181198,27.66268261888819],[93.81305438760408,27.69177760097851],[93.88909096157117,27.70573041026166],[93.9130041813244,27.72719842400904],[93.9237549835435,27.72893333176932],[93.96804011284895,27.73686323108729],[93.97875432903747,27.74230476403957],[93.9842813821499,27.75127981413541],[93.98274916184303,27.76372106449846],[93.97447139806754,27.77297528591161],[93.95652603068405,27.78379007478658],[93.94460350906962,27.80330115811119],[93.91673788889248,27.81830178391739],[93.91116963033065,27.82591644080704],[93.91059482861156,27.83774623561662],[93.92570181296728,27.87105857316239]]]}},{"type":"Feature","properties":{"ac_name":"LIKABALI","ac_no":28,"ac_category":"GEN","st_name":"ARUNACHAL PRADESH"},"geometry":{"type":"Polygon","coordinates":[[[94.59286894732662,27.89005461024726],[94.59476304833865,27.87080492990129],[94.58905158232326,27.86171826845645],[94.57711151944939,27.85612314551045],[94.53351357003172,27.85001872374787],[94.50370088830651,27.83637360782435],[94.49244900188461,27.8405450587705],[94.47715338037352,27.83531161101962],[94.4698808675141,27.83816244994161],[94.45619006695279,27.82836635048841],[94.44407009673196,27.8287217850597],[94.43846249009974,27.81291551395347],[94.4138764573297,27.8098244916232],[94.39466511978812,27.79662656341138],[94.382029217032,27.79741666050863],[94.36602880707855,27.77966103206244],[94.33501423363623,27.76017059739376],[94.32926683178466,27.76068379679346],[94.31824167560607,27.7762818870046],[94.31242824281003,27.74099472251983],[94.3355290919922,27.72498574615091],[94.3467714025805,27.7319272934194],[94.35291558160506,27.73096052198867],[94.35401197945613,27.71731101208042],[94.31719489246439,27.70200920333478],[94.3070618230162,27.68861092047649],[94.24448807084856,27.64918277517011],[94.228111149023,27.63548018356961],[94.20929644937115,27.60770409324476],[94.2193195886933,27.60976775100932],[94.23604243133026,27.63197733061714],[94.24699689541266,27.63321803713076],[94.25107205858005,27.63786186743124],[94.26152030306751,27.63590940940795],[94.26698440337374,27.62926367923067],[94.26038674045508,27.61791975350741],[94.25420193207394,27.61569652372828],[94.25589854061433,27.61180300091061],[94.27091552249523,27.60426918820319],[94.2775458790785,27.58932589210303],[94.28727781397735,27.5890544263661],[94.28985747573958,27.59656858829368],[94.29876146440301,27.60208449702534],[94.30888069178037,27.59100519636293],[94.3243020417587,27.58468812692487],[94.33315521344325,27.58650179981308],[94.33633927554948,27.57909056345053],[94.34512499623939,27.58242566171639],[94.36413508440236,27.57430658680886],[94.39149041858369,27.58871822258123],[94.40268505932943,27.58534398499616],[94.41813547764693,27.59778006636887],[94.4325518532678,27.60086766726266],[94.43214665064122,27.58915414725589],[94.45165559882048,27.57159744745691],[94.46160318334874,27.55543445147184],[94.47714217854575,27.57628702271127],[94.49872063130016,27.57238801656544],[94.5210702183304,27.58451460779261],[94.5219610770364,27.59155846777524],[94.5356149035147,27.59274005922072],[94.54407219995666,27.60085829915994],[94.56193319035606,27.60506209530341],[94.5713747228312,27.60285511973367],[94.58711128531729,27.61857526654379],[94.60684135591855,27.61883256787912],[94.62347843244619,27.62755402101076],[94.63332544872917,27.62435422919187],[94.64909727826456,27.63951939677417],[94.66443403672622,27.64643437451927],[94.68293330100158,27.64629486261217],[94.68813248783931,27.66539512613342],[94.70993696395345,27.65685307561323],[94.71678560948178,27.65838318112486],[94.72524004805685,27.66928224987995],[94.74193781968576,27.65993469266045],[94.75420291484117,27.66091970309287],[94.76913485163145,27.67973135234821],[94.78992261670867,27.68610834230954],[94.79402138366407,27.69556548527869],[94.82121532225362,27.69220385424914],[94.84067730859074,27.70065111027108],[94.84777881203442,27.70585798293757],[94.85209841178218,27.72726617811155],[94.87020243896143,27.73329370098717],[94.85905732543188,27.7575124145607],[94.87299312137063,27.78024063148921],[94.88418463791096,27.78465599751928],[94.89561109330575,27.801283795088],[94.89487870622881,27.80827807136972],[94.80963863525345,27.80798439150481],[94.73527332579921,27.82182792792792],[94.70957343056473,27.83223171978658],[94.68238331970764,27.85100430146279],[94.67046203275258,27.86088927479337],[94.65809917250719,27.88401018856354],[94.59286894732662,27.89005461024726]]]}},{"type":"Feature","properties":{"ac_name":"BORDUMSA-DIYUM","ac_no":49,"ac_category":"GEN","st_name":"ARUNACHAL PRADESH"},"geometry":{"type":"Polygon","coordinates":[[[96.6999064049683,27.66054891228739],[96.68219451440481,27.65478625727645],[96.66914444410565,27.6474428922762],[96.65805747360818,27.6338349076924],[96.64074486836402,27.62797540419578],[96.61376488048244,27.63815771305453],[96.60875776108081,27.64670650460214],[96.59622459016353,27.65410743440008],[96.58199713320447,27.65615350498364],[96.56636232771503,27.65691549644763],[96.54953260111598,27.64685566404332],[96.53060036900504,27.64678044515724],[96.51906690834629,27.63670949641372],[96.50851887704796,27.64322088436584],[96.48017935392429,27.64612885987215],[96.45237168367562,27.64122232861749],[96.43966067108096,27.65253201028265],[96.39405053723333,27.64878310498435],[96.38367241225151,27.63891864886158],[96.37268054304134,27.6450499368698],[96.3517683895132,27.62463264464721],[96.34827473040565,27.60620099861194],[96.33622143816773,27.59845038596451],[96.32763110281208,27.57932513805619],[96.2888805937695,27.55553261214907],[96.26838629290512,27.55793490716367],[96.26419899082701,27.56339222529251],[96.22473233701147,27.56826226722869],[96.2157551086256,27.57731019310033],[96.16991307881055,27.59801754751248],[96.13267487966476,27.60648230210314],[96.13311377665127,27.61522673681952],[96.12570002944369,27.61966459493884],[96.09648988607252,27.61356965789613],[96.0614388764029,27.60643755747472],[96.05335976440472,27.59300215110176],[96.00181740796104,27.55676056863749],[95.99860037442241,27.55966809792271],[95.87407024845159,27.54688123361003],[95.87615039634517,27.5117711034266],[95.88663120629931,27.49749916650901],[95.87326994529303,27.49191959276167],[95.87056375228478,27.46664728617737],[95.8531810334016,27.45709088569004],[95.85689024225611,27.44534503528393],[95.84679251553608,27.43873298854363],[95.84202533570271,27.42662958669659],[95.84501855457245,27.42071415530067],[95.86010222356083,27.4081603542337],[95.85701542598758,27.41993290180043],[95.87079748702692,27.42633046078116],[95.8754388088973,27.43474930512872],[95.88358978512261,27.43493984727889],[95.88595287732394,27.39824150810501],[95.89874817933973,27.41302590723262],[95.90819489354972,27.43464155051967],[95.93922865994658,27.43741459335341],[95.94611587200754,27.43484492324494],[95.94477235916662,27.42721343543073],[95.95481221817148,27.4196761083761],[95.96089082130167,27.42901110471852],[95.96170347741672,27.41798924982105],[95.96519685036488,27.41856097527796],[95.96900609432332,27.42804401287576],[95.97532704872847,27.41931657818647],[95.97017373150574,27.41522478067746],[95.98263281823597,27.41221389085476],[95.98386707974757,27.40498800713056],[95.99286514392882,27.39778958026285],[96.0200218858977,27.41094121054373],[96.09273201071915,27.42944262655974],[96.13479571268319,27.41556599615075],[96.17867337475089,27.41545942374916],[96.15337653048637,27.46438731213467],[96.14384719552343,27.5269957565641],[96.29387250832323,27.53352911248145],[96.33731277361838,27.52888579599859],[96.39618037382458,27.51491147176348],[96.4762964139603,27.50677892056716],[96.57941481112431,27.46947940958238],[96.60542705737639,27.46482778213514],[96.6045251660444,27.49151632956716],[96.61804695205309,27.52041439968068],[96.72877443671192,27.64544722944299],[96.70547783861564,27.65075984332799],[96.6999064049683,27.66054891228739]]]}},{"type":"Feature","properties":{"ac_name":"BAMENG","ac_no":8,"ac_category":"GEN","st_name":"ARUNACHAL PRADESH"},"geometry":{"type":"Polygon","coordinates":[[[92.83734970073503,27.96166625256155],[92.83289520829297,27.95721043067277],[92.81690382996689,27.96058253250352],[92.78614231531006,27.95199027101679],[92.78119868388292,27.95598246897019],[92.75682980951314,27.95775471650006],[92.73423766389945,27.97666682995128],[92.70272845966299,27.93325181942717],[92.67063547165549,27.89957187219119],[92.60651673940225,27.8769852079537],[92.5620855108929,27.82049075794693],[92.54530283446421,27.81694417120714],[92.51656797489309,27.83972070769492],[92.50282720404475,27.84101335179852],[92.46850936329776,27.81473178249097],[92.47237099968163,27.80757693566155],[92.46096033693745,27.78209533039673],[92.46940518481159,27.77732120641259],[92.48153159717478,27.77046770557622],[92.51603190348497,27.73454047329935],[92.51048379988106,27.71432885259991],[92.53008151805406,27.67996547185438],[92.53524892152659,27.64616014217062],[92.53089074028988,27.62892783674094],[92.53915471768155,27.61948119915028],[92.56703204086996,27.62195149830585],[92.59464109114583,27.6304312749987],[92.6056013625086,27.62421029816041],[92.61024141172439,27.61907653342531],[92.60734272984098,27.597641061037],[92.6201063797215,27.58724431595244],[92.61027736969103,27.57455094654004],[92.60643962507221,27.56255279247026],[92.60964952644322,27.55526463316609],[92.64364029068065,27.5521208871297],[92.64734172606866,27.53507505771999],[92.65784000481436,27.52536793742581],[92.66601582781249,27.5358356445758],[92.67902126199562,27.53746844530424],[92.71669145019743,27.55520893436594],[92.77192373985807,27.54925495180019],[92.78038821236112,27.55492301101628],[92.79049538516112,27.55402938694554],[92.81509318126284,27.51806086061987],[92.80976788311442,27.47691914729093],[92.80375198091195,27.46674491245553],[92.88529362245185,27.46158906360395],[92.92676701560941,27.45029743901992],[92.97798100411455,27.47381607945544],[93.00731759864416,27.47695135346692],[93.06954762993061,27.49254655630934],[93.11899909743717,27.51519822590091],[93.12403200260331,27.52011418189077],[93.12560571734865,27.54491514535536],[93.13345597764668,27.55356890083854],[93.19344251159842,27.58000170390432],[93.18038482161472,27.61690449003094],[93.16424042732827,27.64268721887669],[93.15598884206335,27.64772988257802],[93.08591738924044,27.65848343779684],[93.05508748696535,27.67940435165133],[93.03433713454118,27.70358932648048],[92.97934819328836,27.72456843081443],[92.9004588210891,27.83316414631154],[92.83776961997339,27.96064994545849],[92.83734970073503,27.96166625256155]]]}},{"type":"Feature","properties":{"ac_name":"MIAO","ac_no":50,"ac_category":"GEN","st_name":"ARUNACHAL PRADESH"},"geometry":{"type":"Polygon","coordinates":[[[96.72877443671192,27.64544722944299],[96.61804695205309,27.52041439968068],[96.6045251660444,27.49151632956716],[96.60542705737639,27.46482778213514],[96.57941481112431,27.46947940958238],[96.4762964139603,27.50677892056716],[96.39618037382458,27.51491147176348],[96.33731277361838,27.52888579599859],[96.29387250832323,27.53352911248145],[96.14384719552343,27.5269957565641],[96.15337653048637,27.46438731213467],[96.17867337475089,27.41545942374916],[96.2639615256094,27.42876108636999],[96.37181612665874,27.42525411246677],[96.39554582673058,27.41740265790094],[96.41442996453726,27.39851135238183],[96.42120937784972,27.36501433719876],[96.41136570157244,27.32362352136731],[96.40036765699803,27.3074837144527],[96.39869422797716,27.29014029646252],[96.40255279056682,27.29324359378289],[96.40770666235592,27.28775320208074],[96.42139181220185,27.30143863078284],[96.44064730682571,27.30633496645273],[96.45091257374465,27.30119779210817],[96.45770255328694,27.30663975339628],[96.48817980799403,27.29615683258523],[96.49021535254748,27.30252075784527],[96.5075815125125,27.29900870098022],[96.51763122570371,27.28553588638107],[96.52389135532336,27.28638228380327],[96.53154154577125,27.29634686387268],[96.5412509432435,27.3002038158497],[96.54247218574275,27.30892894954069],[96.55110582424884,27.31359619467998],[96.55089638657434,27.31829674296807],[96.56434634663132,27.31858672890923],[96.58851886749906,27.33574185098312],[96.5961507113677,27.33357151290305],[96.5911570642712,27.34796544396507],[96.60565245303968,27.36582888585171],[96.62568721912479,27.3664399141594],[96.64700426037172,27.35936094312449],[96.66034639214391,27.36440839048905],[96.6724784849024,27.35769696921187],[96.67559844387188,27.36141274463015],[96.69768535148114,27.35770282417796],[96.70232065230259,27.36004086956048],[96.70367730565401,27.37230923003217],[96.72946873035909,27.35940977384448],[96.74520644565483,27.35842185012104],[96.75131887732294,27.35264251408441],[96.76681921027038,27.3573517688654],[96.79845954218315,27.34404740059943],[96.82215907533775,27.3091324537208],[96.84807041980915,27.29038477673436],[96.8468778258016,27.27164323504463],[96.85817303842178,27.26204879289863],[96.88497481577795,27.25928930368874],[96.88789524632197,27.24776439078228],[96.88148649679053,27.23984500510991],[96.88780979204027,27.2355239240737],[96.88560906631746,27.22693069056315],[96.85468092211944,27.21077993602417],[96.8598864398676,27.18984631095315],[96.90133518169267,27.16855662702012],[96.93125580342796,27.16163002602661],[96.95587975744637,27.16422949148878],[96.98415817573911,27.15436664414794],[96.99287127218471,27.14022751138109],[97.00867032216394,27.14018871536759],[97.02716658151971,27.12947336275882],[97.03055997309067,27.13137115889749],[97.03621780512054,27.12416247087121],[97.03386361277761,27.11849803506269],[97.0619705468879,27.09918887540197],[97.06344080607685,27.09177074638106],[97.0709046051232,27.08983111314696],[97.07659159747236,27.0992027557319],[97.09681444579336,27.09675571805304],[97.09476863750093,27.10401016588656],[97.10042551401813,27.10896551364304],[97.10543246579464,27.10464953797537],[97.11914414850006,27.10432883693527],[97.12500451463553,27.09576318278369],[97.1382102099122,27.09148687226513],[97.1495496136156,27.11761752504441],[97.1615910906438,27.12323432528399],[97.1635668937408,27.14218257194483],[97.15101693205628,27.1493410798566],[97.14696447191291,27.16531678233626],[97.13629591773035,27.1654566401294],[97.12455194386673,27.17470223685193],[97.12187527122613,27.19037747788386],[97.09049570529352,27.21356266441856],[97.08822169000169,27.23883707148655],[97.05490456088788,27.2653658487749],[97.05471615090121,27.27518922583555],[97.04054654517803,27.28221165736568],[97.0280906708113,27.30848420344157],[97.02427836224581,27.30623821943576],[97.01491659597383,27.31301958977107],[97.00870822190431,27.31050319660889],[96.99841325292087,27.31878870828819],[96.99024188279691,27.34406260593847],[96.98100106605452,27.34583303353213],[96.97861984083691,27.35636277491616],[96.96209540472363,27.37293284599117],[96.96762186110287,27.38118232614238],[96.96038522656721,27.394559402578],[96.9623773913112,27.40161828844075],[96.93473643610663,27.41532585405435],[96.93235316874859,27.43135093961638],[96.90338067777121,27.45278363009913],[96.91046729217246,27.48667998732714],[96.92601976231818,27.50797333664045],[96.9353405566352,27.50831100611801],[96.92770100495846,27.51214425515453],[96.92651837604933,27.52702787084328],[96.91957412887686,27.53668133563378],[96.90668564058221,27.54431520213448],[96.90837266941851,27.57938439404031],[96.89021072887058,27.57938185948237],[96.8895255327986,27.6045131586994],[96.89287647715338,27.61591086446775],[96.8965133248766,27.6159965942175],[96.86125240162906,27.63101452700171],[96.84877386549077,27.62409061385886],[96.82585234059988,27.6328131525479],[96.80230791864923,27.632599487599],[96.78259853292226,27.64256048049283],[96.76828254425347,27.61623265154821],[96.7564001424714,27.62136788510361],[96.72877443671192,27.64544722944299]]]}},{"type":"Feature","properties":{"ac_name":"CHAYANGTAJO","ac_no":9,"ac_category":"GEN","st_name":"ARUNACHAL PRADESH"},"geometry":{"type":"Polygon","coordinates":[[[92.83776961997339,27.96064994545849],[92.9004588210891,27.83316414631154],[92.97934819328836,27.72456843081443],[93.03433713454118,27.70358932648048],[93.05508748696535,27.67940435165133],[93.08591738924044,27.65848343779684],[93.15598884206335,27.64772988257802],[93.16424042732827,27.64268721887669],[93.18038482161472,27.61690449003094],[93.19344251159842,27.58000170390432],[93.13345597764668,27.55356890083854],[93.12560571734865,27.54491514535536],[93.12403200260331,27.52011418189077],[93.11899909743717,27.51519822590091],[93.06954762993061,27.49254655630934],[93.09134436403397,27.45548085834218],[93.09600656182148,27.43677923073269],[93.13796152395668,27.40839233402542],[93.14952250962936,27.38562118782859],[93.18781839454493,27.37188001102016],[93.22382482551079,27.36964739367579],[93.2800614834633,27.38654995652087],[93.31809062587652,27.4080376417893],[93.37041622866884,27.41370790101892],[93.3641246542472,27.42016001870206],[93.34496236050785,27.42641462939461],[93.32999911142741,27.44243654859069],[93.3147323644007,27.44125237692717],[93.327402642429,27.46069712008479],[93.32219558256553,27.4668500360718],[93.32077060683,27.48705788030233],[93.30207356304308,27.51708648151883],[93.29420757890809,27.52135941380056],[93.3158580025368,27.53326459452751],[93.31825447755648,27.54440252884495],[93.32857089358694,27.54955756891658],[93.33062594294321,27.5564183846844],[93.30019283461725,27.57887952759032],[93.28211995177804,27.57711582590754],[93.28408515915885,27.58799638792693],[93.27181969676688,27.5948949256522],[93.25944199093186,27.59342653674199],[93.24036812023213,27.60354017684854],[93.2281860576457,27.60255527153146],[93.23873082139386,27.61482927363449],[93.22802116482684,27.63676567882003],[93.22952877654566,27.64627785958616],[93.21312320087844,27.65510286986205],[93.1953298022908,27.67487090469182],[93.22380304679045,27.71128568765953],[93.22036583772662,27.7181494653683],[93.20107143085207,27.72988539922622],[93.22483992371828,27.75981909835064],[93.2233825214826,27.76674447720394],[93.23267039868173,27.77911569859722],[93.23880123123143,27.80091146938428],[93.2287733231576,27.81881585638005],[93.21734661891342,27.83222159348391],[93.19185481010705,27.8460876733168],[93.1867176872162,27.83220102165761],[93.17587514540674,27.82143707909105],[93.15721578524546,27.8175824076809],[93.15287818529193,27.82119070698918],[93.1305932184398,27.82241997371165],[93.09603137604797,27.80927258522439],[93.07469163423092,27.82704919043382],[93.01156981347,27.82251766506392],[93.00353598970449,27.82825781992341],[92.97886695916209,27.82370443804788],[92.9661512244403,27.83085893738663],[92.96053971607344,27.84552150663183],[92.94630631136873,27.84659457534083],[92.94419823681184,27.85065240479223],[92.93837698715922,27.87127298464667],[92.93142619821583,27.87832674702372],[92.92718650237134,27.9102791950531],[92.9329814201336,27.91726480332422],[92.93153292926786,27.92496694443949],[92.8888554741916,27.93655056538336],[92.8689104245806,27.94928430745274],[92.86563814565005,27.94594062158476],[92.85996348708748,27.95014220006969],[92.86025586505272,27.95824157932865],[92.83776961997339,27.96064994545849]]]}},{"type":"Feature","properties":{"ac_name":"LEKANG","ac_no":48,"ac_category":"GEN","st_name":"ARUNACHAL PRADESH"},"geometry":{"type":"Polygon","coordinates":[[[96.09648988607252,27.61356965789613],[96.08700318100436,27.61953177823949],[96.05696790002355,27.63592057705073],[96.02782708815138,27.64528643539661],[95.97393963363646,27.65900787893582],[95.93577674228577,27.66082945388882],[95.9116502922039,27.66087124750398],[95.83461841419454,27.63646868998265],[95.78837402373841,27.63373807011076],[95.78940968687988,27.62590894132752],[95.7791105747349,27.62487813406786],[95.77855978019446,27.61874970542953],[95.79039782212601,27.61187029137034],[95.79253674122154,27.5978414347691],[95.80561610030394,27.60110817760173],[95.81811290161242,27.59684285023667],[95.81225520608369,27.58359481348151],[95.8145471932707,27.57407413710285],[95.82351379466797,27.57428010395939],[95.83327638961372,27.56015986598286],[95.84144371602108,27.5620894106557],[95.86000472448282,27.54361011213526],[95.87407024845159,27.54688123361003],[95.99860037442241,27.55966809792271],[96.00181740796104,27.55676056863749],[96.05335976440472,27.59300215110176],[96.0614388764029,27.60643755747472],[96.09648988607252,27.61356965789613]]]}},{"type":"Feature","properties":{"ac_name":"MUKTO","ac_no":3,"ac_category":"GEN","st_name":"ARUNACHAL PRADESH"},"geometry":{"type":"Polygon","coordinates":[[[92.46850936329776,27.81473178249097],[92.45640978434594,27.80277199949044],[92.4452999891479,27.80030861541294],[92.41542976891722,27.82260267345988],[92.39955465373527,27.82003773909774],[92.38454880072298,27.81514909552],[92.3813815989635,27.7945911221898],[92.35185405344298,27.79024005234108],[92.31755671855606,27.77783191351701],[92.30900084930718,27.77884113087284],[92.28636604310438,27.807200993958],[92.26581043294553,27.85762533445201],[92.25697098197402,27.86187423498716],[92.23603404489103,27.86236215626185],[92.20215458496975,27.85680050826985],[92.15799207253075,27.83675483661268],[92.05723764981302,27.75887978903014],[92.03963782887008,27.75696929320124],[91.99731635574392,27.76815310012078],[91.99165480309357,27.74667307516624],[91.99707896953704,27.67944305722371],[91.96652174869398,27.62662498165991],[91.9904817472528,27.62272151912593],[91.97771546257171,27.61673079598641],[91.97837926576675,27.60556536511324],[92.00349937184122,27.59825047127251],[91.9972429584621,27.58975829353666],[92.00056267983608,27.58360159566971],[92.01716190826734,27.58523805467273],[92.0288544972323,27.58112064150725],[92.02530751063262,27.56798165106614],[92.01416048914902,27.56048417863581],[91.99865299860892,27.56138451017977],[91.98064598267378,27.54682549465253],[91.96290624076215,27.54028698387307],[91.9023255349877,27.54253011120528],[91.8616011393225,27.5307012672428],[91.82049499024063,27.51731824780308],[91.82377650865256,27.50844866594262],[91.8210836217959,27.46948102351902],[91.83005342340915,27.46869653535668],[91.85070906419276,27.48225966987226],[91.86459167503197,27.48176494837972],[91.87375799312773,27.47251396642723],[91.89247251091658,27.47291363194744],[91.90000169739666,27.46793774690813],[91.9242105999502,27.47100470815175],[91.94080659798098,27.46026853940984],[91.95081779311711,27.46048667864806],[91.9668362972259,27.46643529083512],[91.98045378474625,27.46457242426413],[91.99051794497757,27.4739070761803],[92.01258568927528,27.48143184430138],[92.01964737591791,27.5020943730365],[92.04916823931747,27.51666258800098],[92.09322282407621,27.51819021420371],[92.11225228545256,27.525193642472],[92.12439636068098,27.5394957803048],[92.13281681672221,27.56263082596707],[92.15213268204857,27.57742315256515],[92.20940710037051,27.58033674542158],[92.22238725104174,27.60302935212286],[92.22222578888258,27.62730626312013],[92.23335273689068,27.64393550932552],[92.24481014537888,27.65094668979982],[92.26989659513295,27.64852317160502],[92.34298379026613,27.67256274544039],[92.37968315118557,27.66618858150468],[92.39342656367491,27.67269158535549],[92.41340532398571,27.70902119520807],[92.40900927852546,27.71752989034282],[92.41721408229184,27.74079190175819],[92.41279997524109,27.75571526078122],[92.42175292627766,27.7666704729965],[92.45825520122133,27.77778974901711],[92.46096033693745,27.78209533039673],[92.47237099968163,27.80757693566155],[92.46850936329776,27.81473178249097]]]}},{"type":"Feature","properties":{"ac_name":"YACHULI","ac_no":16,"ac_category":"GEN","st_name":"ARUNACHAL PRADESH"},"geometry":{"type":"Polygon","coordinates":[[[93.98374655827755,27.63339429583996],[93.97756885594728,27.64408843679023],[93.9791018772294,27.65931994189954],[93.99906392075341,27.70269167353037],[93.99866167569186,27.71115614881316],[93.99218463258967,27.71886293110704],[93.9803180121572,27.72267613441864],[93.94342402797797,27.71748844366664],[93.9237549835435,27.72893333176932],[93.9130041813244,27.72719842400904],[93.88909096157117,27.70573041026166],[93.81305438760408,27.69177760097851],[93.77508959181198,27.66268261888819],[93.72327907935326,27.67309128216652],[93.68581949596643,27.64835328205377],[93.66207729975527,27.64304486599973],[93.6310958651229,27.64719934596262],[93.61185523965803,27.66801289411655],[93.53870448475064,27.65461550222207],[93.51468751536889,27.65020857406343],[93.56237789164976,27.60195619325678],[93.61769098023812,27.53223863232967],[93.60738961199661,27.49369852843601],[93.56789878611738,27.47198588551649],[93.55544099690889,27.45253542367648],[93.55732042813217,27.43800602959457],[93.5694137112474,27.43285737427683],[93.57860061960314,27.43475895442401],[93.59593051564363,27.40086474936123],[93.6002873066232,27.36758643330309],[93.61296131477175,27.35725318926121],[93.63103473131112,27.36033503503701],[93.65567985385758,27.34841701457202],[93.66584866817489,27.3362428709174],[93.68531685864897,27.33557783930948],[93.74070153082761,27.35275693612925],[93.76713250001586,27.34617563663049],[93.78465895731047,27.35051187552337],[93.80647795748764,27.37118069993987],[93.82688085726,27.35809628871697],[93.83552484385525,27.36349523385556],[93.83519918944015,27.39245047626108],[93.83097847191132,27.40081669540543],[93.82733701768375,27.42478049019669],[93.84984537310397,27.44025131308323],[93.85258095988891,27.46498196561628],[93.88920387720765,27.49136785219367],[93.84959529466369,27.51996528130296],[93.79871387523498,27.58116152962309],[93.79049309955695,27.60012150011993],[93.7952467600998,27.61178573719146],[93.82208049767671,27.62548870118125],[93.90321613834767,27.61657795137223],[93.92235989952479,27.62436675637249],[93.98374655827755,27.63339429583996]]]}},{"type":"Feature","properties":{"ac_name":"LUMLA","ac_no":1,"ac_category":"GEN","st_name":"ARUNACHAL PRADESH"},"geometry":{"type":"Polygon","coordinates":[[[91.73083174886445,27.80836198469736],[91.6964821279422,27.82211469020981],[91.67176843345365,27.85672508345347],[91.64431711439794,27.85415493417819],[91.62409989020223,27.85773479356501],[91.60988551447545,27.85404267520307],[91.59663232177071,27.86211756716833],[91.58696807122077,27.85627919118298],[91.57967556362901,27.86205640683919],[91.57229545206002,27.86078185533399],[91.56696479001394,27.85279577870951],[91.56131174799376,27.85175456327229],[91.55509711719063,27.85863893593134],[91.54645869524668,27.85562610881511],[91.56794904767835,27.81536018186781],[91.57543723988245,27.81274194409234],[91.60128061015229,27.82087679082984],[91.63053746261654,27.80083061550225],[91.63347355507548,27.77155628364634],[91.64189443188,27.76517736051234],[91.64231884083596,27.75796247354288],[91.6319060201467,27.74696202581106],[91.62596344238409,27.70592342675675],[91.61227698136761,27.69285378950676],[91.59859251987889,27.69251872157571],[91.60070717954217,27.68651482863636],[91.59402026358765,27.68319037701292],[91.59193760777696,27.67176371322879],[91.5690220387113,27.65241494601149],[91.5598879461459,27.63341458406287],[91.56527867518501,27.61991425493634],[91.57821410745348,27.60822768064347],[91.57889963566402,27.59948600187351],[91.56407904447268,27.58412795246982],[91.59637621352275,27.53942913091498],[91.61119951534351,27.54149872054567],[91.6224008545168,27.51315904569911],[91.64592617754494,27.49883148886594],[91.64920132762781,27.48456130288949],[91.65502081559492,27.48280324799286],[91.69187870923813,27.50256193440335],[91.71237543724436,27.49104333860052],[91.71553017882127,27.47341746885596],[91.72170784807851,27.47013607873945],[91.75145208294738,27.47399760396799],[91.77542330119435,27.46426475671792],[91.81101522650376,27.47232479071225],[91.8210836217959,27.46948102351902],[91.82377650865256,27.50844866594262],[91.82049499024063,27.51731824780308],[91.8616011393225,27.5307012672428],[91.85621332856044,27.53817909693429],[91.85918341162564,27.54967441813367],[91.83026817525838,27.54616962485709],[91.81333537465962,27.5542423566726],[91.80432361395407,27.57444752933753],[91.73967654178331,27.66319040604626],[91.72748263689617,27.70288155178003],[91.72742880965411,27.74424844492577],[91.73277641870102,27.7709324012944],[91.73083174886445,27.80836198469736]]]}},{"type":"Feature","properties":{"ac_name":"DIRANG","ac_no":4,"ac_category":"GEN","st_name":"ARUNACHAL PRADESH"},"geometry":{"type":"Polygon","coordinates":[[[92.46096033693745,27.78209533039673],[92.45825520122133,27.77778974901711],[92.42175292627766,27.7666704729965],[92.41279997524109,27.75571526078122],[92.41721408229184,27.74079190175819],[92.40900927852546,27.71752989034282],[92.41340532398571,27.70902119520807],[92.39342656367491,27.67269158535549],[92.37968315118557,27.66618858150468],[92.34298379026613,27.67256274544039],[92.26989659513295,27.64852317160502],[92.24481014537888,27.65094668979982],[92.23335273689068,27.64393550932552],[92.22222578888258,27.62730626312013],[92.22238725104174,27.60302935212286],[92.20940710037051,27.58033674542158],[92.15213268204857,27.57742315256515],[92.13281681672221,27.56263082596707],[92.12439636068098,27.5394957803048],[92.11225228545256,27.525193642472],[92.09322282407621,27.51819021420371],[92.04916823931747,27.51666258800098],[92.01964737591791,27.5020943730365],[92.01258568927528,27.48143184430138],[92.02013537332952,27.4793452254917],[92.02050010184698,27.44720197558829],[92.02522346791451,27.44116598477121],[92.04002942377412,27.43606984114525],[92.04518642611592,27.4248935997208],[92.04329736540049,27.41238155862312],[92.05567088267411,27.39964609736874],[92.04752649541926,27.36787391473221],[92.04951347174595,27.35779897809121],[92.06129321479393,27.34477504747019],[92.05985443427859,27.32668547715082],[92.07899977823818,27.30975268347723],[92.11827090504939,27.2922478494403],[92.12063215512805,27.27963852582823],[92.13092532893292,27.27024973832524],[92.14563863283504,27.26589329648384],[92.2155438271658,27.27589586485332],[92.24951401268858,27.26589996443475],[92.31216588027056,27.25770256316563],[92.35550912796515,27.25721738623976],[92.40487110109193,27.26248665323666],[92.44218169254994,27.27829624863335],[92.42978868699913,27.29344332881686],[92.42578231435688,27.30817201810099],[92.42840799935236,27.31768395523662],[92.44119221922828,27.33112925637577],[92.43522651002368,27.34167789638331],[92.43718491429163,27.35515385669045],[92.4217947014898,27.40306424585843],[92.3776787863558,27.47524317680155],[92.37407362415205,27.49826958719035],[92.38350790296971,27.53158280440002],[92.40230353592658,27.56125649480189],[92.4048874461723,27.63845986028662],[92.41742292384389,27.69569313314296],[92.46940518481159,27.77732120641259],[92.46096033693745,27.78209533039673]]]}},{"type":"Feature","properties":{"ac_name":"BOMDILA","ac_no":7,"ac_category":"GEN","st_name":"ARUNACHAL PRADESH"},"geometry":{"type":"Polygon","coordinates":[[[92.46940518481159,27.77732120641259],[92.41742292384389,27.69569313314296],[92.4048874461723,27.63845986028662],[92.40230353592658,27.56125649480189],[92.38350790296971,27.53158280440002],[92.37407362415205,27.49826958719035],[92.3776787863558,27.47524317680155],[92.4217947014898,27.40306424585843],[92.43718491429163,27.35515385669045],[92.43522651002368,27.34167789638331],[92.44119221922828,27.33112925637577],[92.42840799935236,27.31768395523662],[92.42578231435688,27.30817201810099],[92.42978868699913,27.29344332881686],[92.44218169254994,27.27829624863335],[92.45394260556243,27.2750438286838],[92.47484784154727,27.25705416761349],[92.46841229618525,27.20761716300202],[92.44793113294186,27.14083266575366],[92.46507561721671,27.1145677654798],[92.48405175151886,27.13361019289317],[92.49878793394849,27.16179894401234],[92.56012825492627,27.2070682259458],[92.58028482346401,27.23081398693657],[92.55916450574992,27.29219380805919],[92.54205858639348,27.31449178309719],[92.52659429542055,27.32392050071156],[92.53842889712244,27.34293654979383],[92.54555315739385,27.34809391133286],[92.55631960107273,27.34418919261892],[92.56508725444075,27.34639535886784],[92.5969352833801,27.36614568246167],[92.64681975545253,27.35205389035157],[92.66626509837477,27.35954008511575],[92.67921644989154,27.36936485820741],[92.70900927836304,27.44027340862991],[92.72449975372803,27.43949191926095],[92.75864335229018,27.42200782881388],[92.77790449666499,27.41703586158432],[92.79290883286491,27.42542812759081],[92.80596503749052,27.44201959401874],[92.80375198091195,27.46674491245553],[92.80976788311442,27.47691914729093],[92.81509318126284,27.51806086061987],[92.79049538516112,27.55402938694554],[92.78038821236112,27.55492301101628],[92.77192373985807,27.54925495180019],[92.71669145019743,27.55520893436594],[92.67902126199562,27.53746844530424],[92.66601582781249,27.5358356445758],[92.65784000481436,27.52536793742581],[92.64734172606866,27.53507505771999],[92.64364029068065,27.5521208871297],[92.60964952644322,27.55526463316609],[92.60643962507221,27.56255279247026],[92.61027736969103,27.57455094654004],[92.6201063797215,27.58724431595244],[92.60734272984098,27.597641061037],[92.61024141172439,27.61907653342531],[92.6056013625086,27.62421029816041],[92.59464109114583,27.6304312749987],[92.56703204086996,27.62195149830585],[92.53915471768155,27.61948119915028],[92.53089074028988,27.62892783674094],[92.53524892152659,27.64616014217062],[92.53008151805406,27.67996547185438],[92.51048379988106,27.71432885259991],[92.51603190348497,27.73454047329935],[92.48153159717478,27.77046770557622],[92.46940518481159,27.77732120641259]]]}},{"type":"Feature","properties":{"ac_name":"TAWANG","ac_no":2,"ac_category":"GEN","st_name":"ARUNACHAL PRADESH"},"geometry":{"type":"Polygon","coordinates":[[[91.73083174886445,27.80836198469736],[91.73277641870102,27.7709324012944],[91.72742880965411,27.74424844492577],[91.72748263689617,27.70288155178003],[91.73967654178331,27.66319040604626],[91.80432361395407,27.57444752933753],[91.81333537465962,27.5542423566726],[91.83026817525838,27.54616962485709],[91.85918341162564,27.54967441813367],[91.85621332856044,27.53817909693429],[91.8616011393225,27.5307012672428],[91.9023255349877,27.54253011120528],[91.96290624076215,27.54028698387307],[91.98064598267378,27.54682549465253],[91.99865299860892,27.56138451017977],[92.01416048914902,27.56048417863581],[92.02530751063262,27.56798165106614],[92.0288544972323,27.58112064150725],[92.01716190826734,27.58523805467273],[92.00056267983608,27.58360159566971],[91.9972429584621,27.58975829353666],[92.00349937184122,27.59825047127251],[91.97837926576675,27.60556536511324],[91.97771546257171,27.61673079598641],[91.9904817472528,27.62272151912593],[91.96652174869398,27.62662498165991],[91.99707896953704,27.67944305722371],[91.99165480309357,27.74667307516624],[91.99731635574392,27.76815310012078],[91.9858011889857,27.76979443415549],[91.96774225938448,27.75124138271635],[91.95751679681064,27.7504771335463],[91.94697249948254,27.72848591241496],[91.92067393622608,27.71490165414699],[91.91031533079197,27.72612986303578],[91.88062230352918,27.7216707815512],[91.87244284861241,27.7343088889079],[91.86253211168356,27.73678485361591],[91.84730421497449,27.77553340815056],[91.83561744144693,27.77978640181291],[91.82639946234004,27.81026973661299],[91.81746378676125,27.803294727064],[91.80633128090703,27.80881790112154],[91.77336575715329,27.80118121568885],[91.73083174886445,27.80836198469736]]]}},{"type":"Feature","properties":{"ac_name":"ZIRO-HAPOLI","ac_no":17,"ac_category":"GEN","st_name":"ARUNACHAL PRADESH"},"geometry":{"type":"Polygon","coordinates":[[[94.04350142809797,27.49951684418202],[94.05859715888145,27.61482529812892],[94.04736624292636,27.6266580650073],[94.03490459141004,27.6298306416885],[93.98374655827755,27.63339429583996],[93.92235989952479,27.62436675637249],[93.90321613834767,27.61657795137223],[93.82208049767671,27.62548870118125],[93.7952467600998,27.61178573719146],[93.79049309955695,27.60012150011993],[93.79871387523498,27.58116152962309],[93.84959529466369,27.51996528130296],[93.88920387720765,27.49136785219367],[93.94180971044769,27.51131060311881],[94.04350142809797,27.49951684418202]]]}},{"type":"Feature","properties":{"ac_name":"NAMPONG","ac_no":51,"ac_category":"GEN","st_name":"ARUNACHAL PRADESH"},"geometry":{"type":"Polygon","coordinates":[[[96.17867337475089,27.41545942374916],[96.13479571268319,27.41556599615075],[96.09273201071915,27.42944262655974],[96.0200218858977,27.41094121054373],[95.99286514392882,27.39778958026285],[96.00404573105081,27.37370481945069],[96.01677389315475,27.3620887693544],[96.00813305588422,27.35720309355888],[95.9889083426891,27.35629428185242],[95.98696037872028,27.3460406435681],[95.96533463385094,27.3279883152826],[95.97566190871898,27.32447834054115],[95.96243917247813,27.32306080692036],[95.961994937822,27.31686523916722],[95.95504227649062,27.31764874254671],[95.95997079200932,27.31089303766974],[95.90778245714003,27.28945013929019],[95.90615958089056,27.28233839219922],[95.89698274348036,27.28226826341217],[95.90433640446416,27.27397697495295],[95.89330922089277,27.26750289567789],[95.89189577403047,27.25529609385563],[95.86924270815547,27.2600834358573],[95.85645460029887,27.2708952547788],[95.85376239650165,27.27893945924766],[95.85909493502422,27.28726872995705],[95.82387543307651,27.27929269425529],[95.82352716290787,27.21073426349483],[95.83871896467396,27.19163934773199],[95.90575512207836,27.16318466733584],[95.90584822409281,27.10565022053689],[95.92254743588865,27.10953072965167],[95.94897221116092,27.12904943943413],[96.02322739769282,27.24099738133219],[96.03496146158152,27.24210358288377],[96.04175314944412,27.23719547711138],[96.05365284244421,27.19572443191167],[96.06404631977469,27.20582582652559],[96.07716791956632,27.20820590573493],[96.08991019804198,27.22323706356064],[96.12031886713974,27.23147596912886],[96.15510488094348,27.24841209866104],[96.1853099072682,27.24916956160743],[96.19390941037582,27.26149621511419],[96.2094763555404,27.26136137127291],[96.22858935101549,27.2788008208934],[96.27068176994172,27.27127771419061],[96.27419672692551,27.28338799627677],[96.30618213743801,27.29414662957642],[96.340199115215,27.28486704890197],[96.34591409090451,27.28539375892177],[96.35223923859962,27.29488863777329],[96.37479105881889,27.28503856515473],[96.39869422797716,27.29014029646252],[96.40036765699803,27.3074837144527],[96.41136570157244,27.32362352136731],[96.42120937784972,27.36501433719876],[96.41442996453726,27.39851135238183],[96.39554582673058,27.41740265790094],[96.37181612665874,27.42525411246677],[96.2639615256094,27.42876108636999],[96.17867337475089,27.41545942374916]]]}},{"type":"Feature","properties":{"ac_name":"SAGALEE","ac_no":15,"ac_category":"GEN","st_name":"ARUNACHAL PRADESH"},"geometry":{"type":"Polygon","coordinates":[[[93.51468751536889,27.65020857406343],[93.3992096332005,27.66525558480315],[93.32925887148144,27.66969569687788],[93.29131204190142,27.65768731042247],[93.23873082139386,27.61482927363449],[93.2281860576457,27.60255527153146],[93.24036812023213,27.60354017684854],[93.25944199093186,27.59342653674199],[93.27181969676688,27.5948949256522],[93.28408515915885,27.58799638792693],[93.28211995177804,27.57711582590754],[93.30019283461725,27.57887952759032],[93.33062594294321,27.5564183846844],[93.32857089358694,27.54955756891658],[93.31825447755648,27.54440252884495],[93.3158580025368,27.53326459452751],[93.29420757890809,27.52135941380056],[93.30207356304308,27.51708648151883],[93.32077060683,27.48705788030233],[93.32219558256553,27.4668500360718],[93.327402642429,27.46069712008479],[93.3147323644007,27.44125237692717],[93.32999911142741,27.44243654859069],[93.34496236050785,27.42641462939461],[93.3641246542472,27.42016001870206],[93.37041622866884,27.41370790101892],[93.36811511769525,27.40489857312503],[93.37318881890425,27.39037652169219],[93.36748437612556,27.37910270507965],[93.37387149242792,27.3701404434177],[93.31833562887624,27.34930961161561],[93.28826927439385,27.3276841857269],[93.29415164176783,27.28981847738069],[93.25357393280468,27.27290893604387],[93.25291202118699,27.2652613320867],[93.22570014662004,27.25193072389645],[93.23377839043802,27.23808412202591],[93.22408431085674,27.2351717746318],[93.2259692005006,27.22077384166878],[93.21948818370245,27.2156613810251],[93.21946184391605,27.19986004700205],[93.22751125854664,27.19642531381066],[93.27421039843667,27.21083029419798],[93.28181327545457,27.19964156052077],[93.30058105791849,27.1866013709349],[93.30087651910848,27.17876436895353],[93.31168015061522,27.17295115078743],[93.29575699152313,27.16472454275125],[93.44213097197598,27.17983109549418],[93.45365852078761,27.1769608004133],[93.47313537014564,27.14945084806128],[93.52193027539575,27.14930398560098],[93.54289928167537,27.14538144865722],[93.5530787620853,27.14881283028696],[93.56635484271119,27.16687775611671],[93.57375279125488,27.19390362901613],[93.65533520256821,27.20016542796305],[93.69156636541598,27.21335867334119],[93.70369191879746,27.21118858745671],[93.69852049778136,27.22053186830305],[93.73251562716835,27.24757587800779],[93.76583726034809,27.26063108633787],[93.78500690022842,27.27826289281159],[93.80782903285001,27.28997739662282],[93.82985979765783,27.2919301247318],[93.85318580855522,27.31076297407439],[93.868150034698,27.30662661351425],[93.88382210913905,27.30817782759737],[93.9330318043362,27.32851443299115],[93.93312847916488,27.34329563891463],[93.94181902272841,27.35516341346769],[93.93979761373089,27.36471525613542],[93.90915217410975,27.37866381215587],[93.83097847191132,27.40081669540543],[93.83519918944015,27.39245047626108],[93.83552484385525,27.36349523385556],[93.82688085726,27.35809628871697],[93.80647795748764,27.37118069993987],[93.78465895731047,27.35051187552337],[93.76713250001586,27.34617563663049],[93.74070153082761,27.35275693612925],[93.68531685864897,27.33557783930948],[93.66584866817489,27.3362428709174],[93.65567985385758,27.34841701457202],[93.63103473131112,27.36033503503701],[93.61296131477175,27.35725318926121],[93.6002873066232,27.36758643330309],[93.59593051564363,27.40086474936123],[93.57860061960314,27.43475895442401],[93.5694137112474,27.43285737427683],[93.55732042813217,27.43800602959457],[93.55544099690889,27.45253542367648],[93.56789878611738,27.47198588551649],[93.60738961199661,27.49369852843601],[93.61769098023812,27.53223863232967],[93.56237789164976,27.60195619325678],[93.51468751536889,27.65020857406343]]]}},{"type":"Feature","properties":{"ac_name":"DOIMUKH","ac_no":14,"ac_category":"GEN","st_name":"ARUNACHAL PRADESH"},"geometry":{"type":"Polygon","coordinates":[[[94.22133028612227,27.50357286859546],[94.21107340348865,27.51236699918169],[94.20543351645041,27.53122447602715],[94.19090058521512,27.5358919373932],[94.15052077012957,27.53056567956518],[94.11967690024736,27.4973771843619],[94.0939128280105,27.48326206213814],[94.06849808217636,27.4824535556323],[94.04350142809797,27.49951684418202],[93.94180971044769,27.51131060311881],[93.88920387720765,27.49136785219367],[93.85258095988891,27.46498196561628],[93.84984537310397,27.44025131308323],[93.82733701768375,27.42478049019669],[93.83097847191132,27.40081669540543],[93.90915217410975,27.37866381215587],[93.93979761373089,27.36471525613542],[93.94181902272841,27.35516341346769],[93.93312847916488,27.34329563891463],[93.9330318043362,27.32851443299115],[93.88382210913905,27.30817782759737],[93.868150034698,27.30662661351425],[93.85318580855522,27.31076297407439],[93.82985979765783,27.2919301247318],[93.80782903285001,27.28997739662282],[93.78500690022842,27.27826289281159],[93.76583726034809,27.26063108633787],[93.73251562716835,27.24757587800779],[93.69852049778136,27.22053186830305],[93.70369191879746,27.21118858745671],[93.72148657843483,27.19311900471547],[93.73704407940019,27.18791443344807],[93.74457271708037,27.15387880168258],[93.77590364835359,27.12614919773511],[93.77591980284937,27.10838056635468],[93.763546752109,27.09178680806111],[93.75274158932919,27.0911685672303],[93.7296475082621,27.07854458753354],[93.70040088579296,27.07154762611068],[93.67658778240015,27.0764097661548],[93.61983376999771,27.05755002089642],[93.60352655881913,27.04695142418464],[93.5909547328714,27.03069644157061],[93.57740728701455,27.03987646315535],[93.5520666293812,27.08133322069918],[93.55334709021753,27.09712804398533],[93.52193027539575,27.14930398560098],[93.47313537014564,27.14945084806128],[93.45365852078761,27.1769608004133],[93.44213097197598,27.17983109549418],[93.29575699152313,27.16472454275125],[93.27638377942282,27.16029579541869],[93.26968846295227,27.15358708393955],[93.24678909497486,27.1552158965577],[93.23496847878542,27.1436612062658],[93.21433136101996,27.13790489059145],[93.21207027043499,27.11748365861444],[93.230814564352,27.10834037447119],[93.25096543498472,27.11002870516529],[93.27192081777905,27.10355466626491],[93.2930103524032,27.07793807435849],[93.31246242757399,27.07936657105],[93.34238579721921,27.03665479030783],[93.34405606094342,27.0108552242047],[93.3393456544352,27.00690765598754],[93.33977072477789,26.99288106662391],[93.3647142447275,26.98240594872663],[93.38064567946472,26.98488700737767],[93.37828233603081,26.97587572616742],[93.3876545565322,26.97357965526293],[93.39094034513326,26.95841522896932],[93.39857900752543,26.9572494380725],[93.39948389300193,26.9570707160817],[93.44842576002691,26.95063385815658],[93.46221759166335,26.93773406976757],[93.48618733559562,26.94173098021003],[93.48859428675365,26.93610630350796],[93.5237230912444,26.94846355750154],[93.56050051893878,26.95265622969284],[93.58660774288924,26.95038410313286],[93.61466874456792,26.96040524348737],[93.65927784855316,26.96674148969024],[93.67581848925947,26.97464029860598],[93.69811672031209,26.99434555851113],[93.72499705317497,27.02212181253024],[93.76706846470984,27.03971213408044],[93.76737401956966,27.05275635141961],[93.77011680584852,27.05118800173517],[93.77303544061468,27.05906947286664],[93.77911401651333,27.04875844015738],[93.78163593859189,27.06059407324621],[93.78603399754122,27.05156638706253],[93.7947295638028,27.05463034268666],[93.793524595704,27.06029406996045],[93.79649398399876,27.05680361624061],[93.80152080384033,27.06278533140526],[93.8031460001552,27.05809067807147],[93.81089796073806,27.05970747016082],[93.80783615475266,27.06764389233452],[93.8154558612239,27.06107084930736],[93.82510107238839,27.06295952577034],[93.82451664286698,27.06868978583586],[93.83058936214258,27.06610632166549],[93.83749442824438,27.07516441871853],[93.83428707374236,27.08247127194422],[93.83825114087152,27.0868740592047],[93.83214832917409,27.08717490575672],[93.83508387352086,27.09554052142561],[93.83017719280375,27.09823674977095],[93.8358752761241,27.10403304441811],[93.83723976477819,27.10785463830106],[93.82982651817046,27.10968363511258],[93.82033664044768,27.12234404727488],[93.80948198170525,27.12296216355746],[93.81276532504484,27.12974303320308],[93.80235971502533,27.13240654296618],[93.79712051750641,27.12872365387853],[93.79598086555217,27.13857825505513],[93.80646725624823,27.14011697362674],[93.8059921301095,27.1516070419616],[93.86951390152217,27.20264087811307],[93.9843107563051,27.32278487109373],[94.02198954627714,27.34621580693756],[94.03010134894268,27.3457320180978],[94.05949101068548,27.36146757939938],[94.08096910502246,27.39641191606381],[94.15510494543574,27.45695819402737],[94.15934168805882,27.46264574098971],[94.15640445805623,27.47515479175005],[94.17590662723455,27.4822475948231],[94.18794982794633,27.49246244169105],[94.20921787203532,27.49276871177483],[94.22133028612227,27.50357286859546]]]}},{"type":"Feature","properties":{"ac_name":"CHANGLANG NORTH","ac_no":53,"ac_category":"GEN","st_name":"ARUNACHAL PRADESH"},"geometry":{"type":"Polygon","coordinates":[[[95.63378983540429,27.23051951657218],[95.6408579993409,27.20881173400172],[95.6405844193096,27.19310505412864],[95.66829234842172,27.17873690548827],[95.67210908350098,27.16827570930661],[95.66680366576897,27.13398493450946],[95.6601623307047,27.12263998952267],[95.64453522896811,27.1114644506396],[95.63902241807249,27.10010128134313],[95.64925533884433,27.07386178622161],[95.67005325173699,27.09133441278631],[95.68755585833584,27.09524068093957],[95.69193932546358,27.0914392776716],[95.72658854150083,27.03880734518292],[95.74302343172074,26.98462695017932],[95.75000792918911,27.00210244627935],[95.74623039954228,27.03692539462087],[95.75717500772818,27.09560276002151],[95.77485008595316,27.12700124467396],[95.79524163240858,27.13520670905704],[95.83397331204819,27.11139802428171],[95.85417745744157,27.10517815158152],[95.88482244738192,27.10250417199969],[95.90584822409281,27.10565022053689],[95.90575512207836,27.16318466733584],[95.83871896467396,27.19163934773199],[95.82352716290787,27.21073426349483],[95.82387543307651,27.27929269425529],[95.80496531534142,27.27316434500992],[95.79925214592018,27.2765075493954],[95.80088587077542,27.284385290701],[95.7795586276053,27.26974335008245],[95.74226216474081,27.26627824360212],[95.72718280156106,27.25935817316089],[95.71999396479067,27.24968679701308],[95.71063545928932,27.25293183998373],[95.70184113262577,27.24888173519517],[95.68158143143775,27.2510139827278],[95.63378983540429,27.23051951657218]]]}},{"type":"Feature","properties":{"ac_name":"SEPPA EAST","ac_no":10,"ac_category":"GEN","st_name":"ARUNACHAL PRADESH"},"geometry":{"type":"Polygon","coordinates":[[[93.06954762993061,27.49254655630934],[93.00731759864416,27.47695135346692],[92.97798100411455,27.47381607945544],[92.92676701560941,27.45029743901992],[92.88529362245185,27.46158906360395],[92.80375198091195,27.46674491245553],[92.80596503749052,27.44201959401874],[92.80509355724597,27.42902517510582],[92.81094313171559,27.42509721547062],[92.80376656093931,27.4172435372033],[92.81510885230725,27.41358823478184],[92.81652755928769,27.41687024780281],[92.82075107054999,27.41259500218919],[92.88414759935964,27.43957668364624],[92.88850510069229,27.41258993402516],[92.86651094020513,27.40473923574383],[92.86273036627499,27.39702680855331],[92.87280413678506,27.3893123566583],[92.91332661511241,27.38088190294807],[92.91104565891708,27.3735547647439],[92.89557941772485,27.35984167747465],[92.93057560670799,27.35838183864549],[93.00681411116365,27.37290655866643],[93.02844842992008,27.40436040326411],[93.02332163751582,27.44522776773316],[93.03436149295234,27.45644872042388],[93.04588652950521,27.45928602743505],[93.05576004081094,27.4490375715885],[93.05626763474079,27.41829603978484],[93.05044459726416,27.39685638764648],[93.02928205814511,27.37064582487484],[93.04168160829131,27.36212988626096],[93.0146585460017,27.34884108316525],[92.98653881052537,27.35039777665375],[92.97690687094637,27.3420769985505],[92.9908825014873,27.33791556210367],[93.08367872813058,27.33899304275468],[93.08560341325307,27.32143097777005],[93.10103563279462,27.31159652930957],[93.05165718143687,27.30382442997624],[93.06233150680555,27.29528391239828],[93.2136283048608,27.31147991343236],[93.23967879853981,27.33464991742516],[93.27081977396129,27.3541861061898],[93.31833562887624,27.34930961161561],[93.37387149242792,27.3701404434177],[93.36748437612556,27.37910270507965],[93.37318881890425,27.39037652169219],[93.36811511769525,27.40489857312503],[93.37041622866884,27.41370790101892],[93.31809062587652,27.4080376417893],[93.2800614834633,27.38654995652087],[93.22382482551079,27.36964739367579],[93.18781839454493,27.37188001102016],[93.14952250962936,27.38562118782859],[93.13796152395668,27.40839233402542],[93.09600656182148,27.43677923073269],[93.09134436403397,27.45548085834218],[93.06954762993061,27.49254655630934]]]}},{"type":"Feature","properties":{"ac_name":"CHANGLANG SOUTH","ac_no":52,"ac_category":"GEN","st_name":"ARUNACHAL PRADESH"},"geometry":{"type":"Polygon","coordinates":[[[96.05365284244421,27.19572443191167],[96.04175314944412,27.23719547711138],[96.03496146158152,27.24210358288377],[96.02322739769282,27.24099738133219],[95.94897221116092,27.12904943943413],[95.92254743588865,27.10953072965167],[95.90584822409281,27.10565022053689],[95.88482244738192,27.10250417199969],[95.85417745744157,27.10517815158152],[95.83397331204819,27.11139802428171],[95.79524163240858,27.13520670905704],[95.77485008595316,27.12700124467396],[95.75717500772818,27.09560276002151],[95.74623039954228,27.03692539462087],[95.75000792918911,27.00210244627935],[95.74302343172074,26.98462695017932],[95.72658854150083,27.03880734518292],[95.69193932546358,27.0914392776716],[95.68755585833584,27.09524068093957],[95.67005325173699,27.09133441278631],[95.64925533884433,27.07386178622161],[95.64979353266172,27.06328561932824],[95.62888503409333,27.0268802236371],[95.6310144670247,27.01108865185421],[95.64279772215069,26.99066372446949],[95.65952371023803,26.98532624289341],[95.68096967788367,26.98501455202477],[95.6818734706149,26.96190262142475],[95.6932864172246,26.94436714763923],[95.69404918007844,26.91770810250574],[95.68719253164805,26.90373052112296],[95.67779104280247,26.89859904907912],[95.69448443604071,26.89206520232532],[95.70579864593965,26.88055534121153],[95.71660055729501,26.87889845164396],[95.73452402908971,26.8939511297483],[95.74496625664187,26.89625638163495],[95.75057596384646,26.90901841159194],[95.74793515100602,26.92613423643375],[95.7598242097851,26.93669826253354],[95.75523562832369,26.95395014563344],[95.76840937422847,26.97697782182193],[95.78118986869241,26.97769032350704],[95.78342929308543,26.99010970535951],[95.79609266539346,26.99813008849301],[95.80225633292723,27.01507331174079],[95.83097565974674,27.00748819970403],[95.84262872239634,27.01424576636029],[95.87021788743616,27.0131191112452],[95.87901471031023,27.02274988302886],[95.8939836033832,27.02580451794923],[95.90402032460034,27.03906710668453],[95.9101424015333,27.03657766721842],[95.94573464462373,27.05138822248632],[95.96740113474732,27.0984699322851],[95.98467624696934,27.11235533326416],[95.99883062100453,27.13539071798021],[96.01014823217673,27.14231909680259],[96.02231219198818,27.17968116795385],[96.05365284244421,27.19572443191167]]]}},{"type":"Feature","properties":{"ac_name":"SEPPA WEST","ac_no":11,"ac_category":"GEN","st_name":"ARUNACHAL PRADESH"},"geometry":{"type":"Polygon","coordinates":[[[92.82075107054999,27.41259500218919],[92.82310842762224,27.37884783343061],[92.81219543804026,27.37909048999191],[92.81479219737956,27.35463078162879],[92.80524935792585,27.35769787062964],[92.80599260911805,27.3519450592161],[92.80041235826225,27.3496693282911],[92.80518535921318,27.34562359170203],[92.80475836472118,27.32903091001641],[92.82076876913558,27.31285710193155],[92.84001487801258,27.30389081931898],[92.84308091633385,27.29011389192424],[92.87714711387262,27.29032294870834],[92.89009580241675,27.28110524717124],[92.8855397295794,27.27563494915814],[92.89612665836455,27.26641162095989],[92.8988705290331,27.22920515807688],[92.95773532140254,27.18168049707275],[93.02308677962968,27.11986165988328],[93.05695405187144,27.06522145100034],[93.06992394859354,27.05608403155943],[93.0591858437913,27.07869502881102],[93.05302297259385,27.11010245764888],[93.06411024194512,27.14316416913683],[93.11247688989681,27.20855413000869],[93.12645959261692,27.21647018120081],[93.15632473302836,27.22337904264107],[93.17606457439183,27.23478171539824],[93.19305796868233,27.283297855196],[93.2136283048608,27.31147991343236],[93.06233150680555,27.29528391239828],[93.05165718143687,27.30382442997624],[93.10103563279462,27.31159652930957],[93.08560341325307,27.32143097777005],[93.08367872813058,27.33899304275468],[92.9908825014873,27.33791556210367],[92.97690687094637,27.3420769985505],[92.98653881052537,27.35039777665375],[93.0146585460017,27.34884108316525],[93.04168160829131,27.36212988626096],[93.02928205814511,27.37064582487484],[93.05044459726416,27.39685638764648],[93.05626763474079,27.41829603978484],[93.05576004081094,27.4490375715885],[93.04588652950521,27.45928602743505],[93.03436149295234,27.45644872042388],[93.02332163751582,27.44522776773316],[93.02844842992008,27.40436040326411],[93.00681411116365,27.37290655866643],[92.93057560670799,27.35838183864549],[92.89557941772485,27.35984167747465],[92.91104565891708,27.3735547647439],[92.91332661511241,27.38088190294807],[92.87280413678506,27.3893123566583],[92.86273036627499,27.39702680855331],[92.86651094020513,27.40473923574383],[92.88850510069229,27.41258993402516],[92.88414759935964,27.43957668364624],[92.82075107054999,27.41259500218919]]]}},{"type":"Feature","properties":{"ac_name":"NAMSANG","ac_no":54,"ac_category":"GEN","st_name":"ARUNACHAL PRADESH"},"geometry":{"type":"Polygon","coordinates":[[[95.59564733848462,27.22323524003514],[95.57893609721246,27.22913730442706],[95.57443685895923,27.24383112980711],[95.55424276857832,27.24847998348175],[95.54780556283427,27.25745437680979],[95.5343946965445,27.26434725252152],[95.53097332635681,27.2608546187845],[95.5248439802067,27.26355158379784],[95.51789927287376,27.25753010010372],[95.50856543473418,27.26178979155444],[95.50428744298922,27.24917577212627],[95.48791057428988,27.24308861615582],[95.47203132436428,27.21888656022147],[95.45808165789568,27.21000587789838],[95.45577413096343,27.20384065708595],[95.46648685586253,27.18177719209215],[95.45944521560969,27.17668239945562],[95.46493776315972,27.17154019396108],[95.46342625197795,27.16280700550026],[95.45344256310743,27.15788799806625],[95.46204371423023,27.14990587621714],[95.45370745802927,27.13002779602208],[95.44481052706148,27.13523766542114],[95.44484058103463,27.12898482206295],[95.4395867095059,27.12597719352429],[95.41995736793928,27.12574309358729],[95.40026018637525,27.10984765693332],[95.38401146564316,27.10546159521837],[95.38283065938926,27.09861041887379],[95.37486328932359,27.09285472603731],[95.3698109736018,27.0944253983254],[95.37040528600531,27.10117658113976],[95.36301271058882,27.10276399580502],[95.36795590778752,27.10712297400423],[95.34349233555865,27.09661215071237],[95.37330166260578,27.07124328424172],[95.42322920477231,27.05120315934195],[95.44664585252876,27.06251644709493],[95.49731402333302,27.06464962767425],[95.53790071225474,27.07707581838585],[95.56128357153968,27.10089876506939],[95.6601623307047,27.12263998952267],[95.66680366576897,27.13398493450946],[95.67210908350098,27.16827570930661],[95.66829234842172,27.17873690548827],[95.6405844193096,27.19310505412864],[95.6408579993409,27.20881173400172],[95.63378983540429,27.23051951657218],[95.61843113037106,27.23255778754021],[95.59564733848462,27.22323524003514]]]}},{"type":"Feature","properties":{"ac_name":"THRIZINO-BURAGAON","ac_no":6,"ac_category":"GEN","st_name":"ARUNACHAL PRADESH"},"geometry":{"type":"Polygon","coordinates":[[[92.80596503749052,27.44201959401874],[92.79290883286491,27.42542812759081],[92.77790449666499,27.41703586158432],[92.75864335229018,27.42200782881388],[92.72449975372803,27.43949191926095],[92.70900927836304,27.44027340862991],[92.67921644989154,27.36936485820741],[92.66626509837477,27.35954008511575],[92.64681975545253,27.35205389035157],[92.5969352833801,27.36614568246167],[92.56508725444075,27.34639535886784],[92.55631960107273,27.34418919261892],[92.54555315739385,27.34809391133286],[92.53842889712244,27.34293654979383],[92.52659429542055,27.32392050071156],[92.54205858639348,27.31449178309719],[92.55916450574992,27.29219380805919],[92.58028482346401,27.23081398693657],[92.56012825492627,27.2070682259458],[92.49878793394849,27.16179894401234],[92.48405175151886,27.13361019289317],[92.46507561721671,27.1145677654798],[92.44452824634709,27.08312823111654],[92.4520202992434,27.06213306974278],[92.45545004918051,27.01626195266339],[92.46233628978747,26.99398671073044],[92.45658351097433,26.97630903705132],[92.46433145654848,26.96066013355471],[92.50371058257821,26.9635692164115],[92.56232667074275,26.95785837232723],[92.58329406413662,26.9598287359328],[92.61153001117422,26.97196571929744],[92.64455761096835,26.98628027599023],[92.64644576196265,27.0146148274929],[92.62383201802689,27.02875626342678],[92.59772575379618,27.05303809858201],[92.59019356494964,27.07911175033926],[92.60024554504129,27.09714395076672],[92.59420672350085,27.10467801243465],[92.60184737463246,27.10818114047135],[92.60798389020314,27.14031963869309],[92.62459377465048,27.14890032898287],[92.64988113836431,27.15197248354829],[92.69721709932017,27.17264770043792],[92.71671999718332,27.17595546710659],[92.74952054096947,27.19453888606095],[92.7659077951404,27.19338787713398],[92.78265934004048,27.17885051656338],[92.8146155570407,27.17634003184444],[92.81499958599561,27.19215747230599],[92.80841905586709,27.20004553156068],[92.82294547178354,27.21369872098454],[92.83375807881421,27.21407180662435],[92.8281995875393,27.22460898608482],[92.83660079825218,27.23245664543046],[92.82546968962063,27.23941649733038],[92.81776778595126,27.25343431393045],[92.80098522305835,27.25631533636589],[92.80035077958978,27.26692966389039],[92.80748673364937,27.27288628260441],[92.80272282472679,27.27952396075654],[92.80587705426622,27.29490972258606],[92.81174922919276,27.29649935853178],[92.82109506792075,27.2870698274015],[92.84308091633385,27.29011389192424],[92.84001487801258,27.30389081931898],[92.82076876913558,27.31285710193155],[92.80475836472118,27.32903091001641],[92.80518535921318,27.34562359170203],[92.80041235826225,27.3496693282911],[92.80599260911805,27.3519450592161],[92.80524935792585,27.35769787062964],[92.81479219737956,27.35463078162879],[92.81219543804026,27.37909048999191],[92.82310842762224,27.37884783343061],[92.82075107054999,27.41259500218919],[92.81652755928769,27.41687024780281],[92.81510885230725,27.41358823478184],[92.80376656093931,27.4172435372033],[92.81094313171559,27.42509721547062],[92.80509355724597,27.42902517510582],[92.80596503749052,27.44201959401874]]]}},{"type":"Feature","properties":{"ac_name":"PAKKE-KASANG","ac_no":12,"ac_category":"GEN","st_name":"ARUNACHAL PRADESH"},"geometry":{"type":"Polygon","coordinates":[[[93.31833562887624,27.34930961161561],[93.27081977396129,27.3541861061898],[93.23967879853981,27.33464991742516],[93.2136283048608,27.31147991343236],[93.19305796868233,27.283297855196],[93.17606457439183,27.23478171539824],[93.15632473302836,27.22337904264107],[93.12645959261692,27.21647018120081],[93.11247688989681,27.20855413000869],[93.06411024194512,27.14316416913683],[93.05302297259385,27.11010245764888],[93.0591858437913,27.07869502881102],[93.06992394859354,27.05608403155943],[93.05695405187144,27.06522145100034],[93.02308677962968,27.11986165988328],[92.95773532140254,27.18168049707275],[92.8988705290331,27.22920515807688],[92.89612665836455,27.26641162095989],[92.8855397295794,27.27563494915814],[92.89009580241675,27.28110524717124],[92.87714711387262,27.29032294870834],[92.84308091633385,27.29011389192424],[92.82109506792075,27.2870698274015],[92.81174922919276,27.29649935853178],[92.80587705426622,27.29490972258606],[92.80272282472679,27.27952396075654],[92.80748673364937,27.27288628260441],[92.80035077958978,27.26692966389039],[92.80098522305835,27.25631533636589],[92.81776778595126,27.25343431393045],[92.82546968962063,27.23941649733038],[92.83660079825218,27.23245664543046],[92.8281995875393,27.22460898608482],[92.83375807881421,27.21407180662435],[92.82294547178354,27.21369872098454],[92.80841905586709,27.20004553156068],[92.81499958599561,27.19215747230599],[92.8146155570407,27.17634003184444],[92.78265934004048,27.17885051656338],[92.7659077951404,27.19338787713398],[92.74952054096947,27.19453888606095],[92.71671999718332,27.17595546710659],[92.69721709932017,27.17264770043792],[92.64988113836431,27.15197248354829],[92.62459377465048,27.14890032898287],[92.60798389020314,27.14031963869309],[92.60184737463246,27.10818114047135],[92.59420672350085,27.10467801243465],[92.60024554504129,27.09714395076672],[92.59019356494964,27.07911175033926],[92.59772575379618,27.05303809858201],[92.62383201802689,27.02875626342678],[92.64644576196265,27.0146148274929],[92.66103505154004,27.03811867186695],[92.71206568804229,27.02662168417696],[92.74611711162888,27.03095961934881],[92.7697358980453,27.03316007773358],[92.80502207430722,27.02466096671941],[92.83199647960541,27.01219623527108],[92.88803346277305,26.99942098207905],[92.91833713495491,26.98276786326527],[92.91737598269293,26.96295278806639],[92.9790632206083,26.93762224721814],[93.02263251404456,26.91342881747567],[93.0630948282678,26.92223500768261],[93.08816207859788,26.91459809092799],[93.10702516330547,26.9255826530469],[93.15681138262617,26.93339128875564],[93.24925616240509,26.95175595635723],[93.32351519052935,26.96012162769385],[93.39857900752543,26.9572494380725],[93.39094034513326,26.95841522896932],[93.3876545565322,26.97357965526293],[93.37828233603081,26.97587572616742],[93.38064567946472,26.98488700737767],[93.3647142447275,26.98240594872663],[93.33977072477789,26.99288106662391],[93.3393456544352,27.00690765598754],[93.34405606094342,27.0108552242047],[93.34238579721921,27.03665479030783],[93.31246242757399,27.07936657105],[93.2930103524032,27.07793807435849],[93.27192081777905,27.10355466626491],[93.25096543498472,27.11002870516529],[93.230814564352,27.10834037447119],[93.21207027043499,27.11748365861444],[93.21433136101996,27.13790489059145],[93.23496847878542,27.1436612062658],[93.24678909497486,27.1552158965577],[93.26968846295227,27.15358708393955],[93.27638377942282,27.16029579541869],[93.29575699152313,27.16472454275125],[93.31168015061522,27.17295115078743],[93.30087651910848,27.17876436895353],[93.30058105791849,27.1866013709349],[93.28181327545457,27.19964156052077],[93.27421039843667,27.21083029419798],[93.22751125854664,27.19642531381066],[93.21946184391605,27.19986004700205],[93.21948818370245,27.2156613810251],[93.2259692005006,27.22077384166878],[93.22408431085674,27.2351717746318],[93.23377839043802,27.23808412202591],[93.22570014662004,27.25193072389645],[93.25291202118699,27.2652613320867],[93.25357393280468,27.27290893604387],[93.29415164176783,27.28981847738069],[93.28826927439385,27.3276841857269],[93.31833562887624,27.34930961161561]]]}},{"type":"Feature","properties":{"ac_name":"KHONSA EAST","ac_no":55,"ac_category":"GEN","st_name":"ARUNACHAL PRADESH"},"geometry":{"type":"Polygon","coordinates":[[[95.64925533884433,27.07386178622161],[95.63902241807249,27.10010128134313],[95.64453522896811,27.1114644506396],[95.6601623307047,27.12263998952267],[95.56128357153968,27.10089876506939],[95.53790071225474,27.07707581838585],[95.54684676847991,27.06478019077294],[95.54876702031358,27.04826375634316],[95.54533701145886,27.03925459181105],[95.50436962668407,27.00140351524976],[95.50491908028397,26.9874127643688],[95.57755414625163,26.9739497452221],[95.59003756682093,26.95605124755534],[95.59233135357955,26.91941962001108],[95.59799501768015,26.9219227432319],[95.64932706186411,26.88629970940398],[95.66722368702384,26.90290870720056],[95.67779104280247,26.89859904907912],[95.68719253164805,26.90373052112296],[95.69404918007844,26.91770810250574],[95.6932864172246,26.94436714763923],[95.6818734706149,26.96190262142475],[95.68096967788367,26.98501455202477],[95.65952371023803,26.98532624289341],[95.64279772215069,26.99066372446949],[95.6310144670247,27.01108865185421],[95.62888503409333,27.0268802236371],[95.64979353266172,27.06328561932824],[95.64925533884433,27.07386178622161]]]}},{"type":"Feature","properties":{"ac_name":"KANUBARI","ac_no":58,"ac_category":"GEN","st_name":"ARUNACHAL PRADESH"},"geometry":{"type":"Polygon","coordinates":[[[95.37330166260578,27.07124328424172],[95.34349233555865,27.09661215071237],[95.2908179421383,27.06623364954088],[95.27629830268495,27.05282785714682],[95.2763958276187,27.04208035652808],[95.25995635235968,27.03574813169917],[95.25869155405809,27.03037576566346],[95.24666601980928,27.02418379498941],[95.2313496796911,27.04331270098452],[95.23020713019423,27.03597969077085],[95.22274613644225,27.03649798312667],[95.21099655651939,27.0286253495214],[95.2043292029046,27.03827083025119],[95.19620790529862,27.03718863617509],[95.19461559231137,27.03171429804661],[95.19695943392915,26.99684425145587],[95.19051112385071,26.99289305791686],[95.19149272431655,26.9848569788494],[95.2023532476008,26.98202489669616],[95.20160469019308,26.97388269240186],[95.2112957152249,26.96627589438865],[95.20200097410702,26.95759790264457],[95.2090478860664,26.9525403044351],[95.20662614205555,26.94214988519771],[95.21216686236214,26.93011192089826],[95.226066781835,26.92655044915454],[95.23190637194294,26.91970747330636],[95.22851815448894,26.89213931059922],[95.25807516206524,26.89923203927009],[95.34425568035445,26.93265262058494],[95.39238335276757,26.92715733288654],[95.38017294405935,26.96623644882094],[95.38204711556665,27.03839327719051],[95.37330166260578,27.07124328424172]]]}},{"type":"Feature","properties":{"ac_name":"BORDURIA- BAGAPANI","ac_no":57,"ac_category":"GEN","st_name":"ARUNACHAL PRADESH"},"geometry":{"type":"Polygon","coordinates":[[[95.53790071225474,27.07707581838585],[95.49731402333302,27.06464962767425],[95.44664585252876,27.06251644709493],[95.42322920477231,27.05120315934195],[95.37330166260578,27.07124328424172],[95.38204711556665,27.03839327719051],[95.38017294405935,26.96623644882094],[95.39238335276757,26.92715733288654],[95.40417333478982,26.90908683839707],[95.42479371570336,26.91400701429278],[95.44104040135402,26.92623483863034],[95.45372685628946,26.95218639641803],[95.47850973513071,26.9787315544713],[95.49646194008416,26.98851731009187],[95.50491908028397,26.9874127643688],[95.50436962668407,27.00140351524976],[95.54533701145886,27.03925459181105],[95.54876702031358,27.04826375634316],[95.54684676847991,27.06478019077294],[95.53790071225474,27.07707581838585]]]}},{"type":"Feature","properties":{"ac_name":"ITANAGAR","ac_no":13,"ac_category":"GEN","st_name":"ARUNACHAL PRADESH"},"geometry":{"type":"Polygon","coordinates":[[[93.70369191879746,27.21118858745671],[93.69156636541598,27.21335867334119],[93.65533520256821,27.20016542796305],[93.57375279125488,27.19390362901613],[93.56635484271119,27.16687775611671],[93.5530787620853,27.14881283028696],[93.54289928167537,27.14538144865722],[93.52193027539575,27.14930398560098],[93.55334709021753,27.09712804398533],[93.5520666293812,27.08133322069918],[93.57740728701455,27.03987646315535],[93.5909547328714,27.03069644157061],[93.60352655881913,27.04695142418464],[93.61983376999771,27.05755002089642],[93.67658778240015,27.0764097661548],[93.70040088579296,27.07154762611068],[93.7296475082621,27.07854458753354],[93.75274158932919,27.0911685672303],[93.763546752109,27.09178680806111],[93.77591980284937,27.10838056635468],[93.77590364835359,27.12614919773511],[93.74457271708037,27.15387880168258],[93.73704407940019,27.18791443344807],[93.72148657843483,27.19311900471547],[93.70369191879746,27.21118858745671]]]}},{"type":"Feature","properties":{"ac_name":"KALAKTANG","ac_no":5,"ac_category":"GEN","st_name":"ARUNACHAL PRADESH"},"geometry":{"type":"Polygon","coordinates":[[[92.44218169254994,27.27829624863335],[92.40487110109193,27.26248665323666],[92.35550912796515,27.25721738623976],[92.31216588027056,27.25770256316563],[92.24951401268858,27.26589996443475],[92.2155438271658,27.27589586485332],[92.14563863283504,27.26589329648384],[92.13092532893292,27.27024973832524],[92.12063215512805,27.27963852582823],[92.11606028464647,27.27270056145424],[92.10253112156103,27.26853022573799],[92.07098567647267,27.27680696908067],[92.0405673237929,27.26613860800573],[92.04089935119597,27.26126253568921],[92.06669759357061,27.24438620377558],[92.07050620121393,27.2230636945621],[92.05811965877857,27.20249355519558],[92.05707436430826,27.18900560923517],[92.02605204928376,27.17118715630648],[92.02419087706184,27.16176087280384],[92.02510514211531,27.15365242605639],[92.0372432178959,27.13783927164045],[92.02294265999348,27.11432622706185],[92.0284591443718,27.07795687501315],[92.03685840738025,27.06956312757006],[92.03437881368328,27.0641837080853],[92.04246731180163,27.05974847377486],[92.04550829646934,27.05132783279184],[92.0645652580801,27.05155241888966],[92.0771931072104,27.03917837309044],[92.08032092145346,27.01992126669233],[92.10376459491357,27.00703397015511],[92.10256870853523,26.98227787122966],[92.10452336307875,26.97699139435672],[92.11364193632365,26.97501033426087],[92.11777363052019,26.95947370257531],[92.11231602451394,26.94862132833125],[92.11739151326132,26.93165713388667],[92.1081704904191,26.89305505797455],[92.12446417481235,26.88898126135788],[92.19502894564309,26.89014576191624],[92.25459537776726,26.91010249648806],[92.27508341510986,26.90222706144135],[92.30276897623125,26.90767197348128],[92.30262596652699,26.92306233231592],[92.36324549778014,26.93490972408213],[92.3648578587922,26.93235145453002],[92.36826277038621,26.92877142365748],[92.39830276095485,26.92513119588672],[92.41193144920136,26.94304007397484],[92.42600170421764,26.94131313905054],[92.4472897074011,26.95910634600069],[92.46433145654848,26.96066013355471],[92.45658351097433,26.97630903705132],[92.46233628978747,26.99398671073044],[92.45545004918051,27.01626195266339],[92.4520202992434,27.06213306974278],[92.44452824634709,27.08312823111654],[92.46507561721671,27.1145677654798],[92.44793113294186,27.14083266575366],[92.46841229618525,27.20761716300202],[92.47484784154727,27.25705416761349],[92.45394260556243,27.2750438286838],[92.44218169254994,27.27829624863335]]]}},{"type":"Feature","properties":{"ac_name":"KHONSA WEST","ac_no":56,"ac_category":"GEN","st_name":"ARUNACHAL PRADESH"},"geometry":{"type":"Polygon","coordinates":[[[95.50491908028397,26.9874127643688],[95.49646194008416,26.98851731009187],[95.47850973513071,26.9787315544713],[95.45372685628946,26.95218639641803],[95.44104040135402,26.92623483863034],[95.42479371570336,26.91400701429278],[95.40417333478982,26.90908683839707],[95.40887467539083,26.89599887377899],[95.44493877843895,26.88617112098244],[95.45454111487814,26.87018298717206],[95.48802441271131,26.86396672480215],[95.51349653410928,26.8451261961424],[95.53001502244018,26.82627878091077],[95.53612858106378,26.82698559385639],[95.54317247962244,26.83543677535994],[95.5565581339076,26.83263200223817],[95.56962024721834,26.81633703488755],[95.60800371619712,26.81319194354339],[95.62660267004009,26.84279995032613],[95.62625167146042,26.86192401070074],[95.63421336912796,26.86838208162511],[95.6315370139724,26.87374568993038],[95.64393916236291,26.87607151341359],[95.64932706186411,26.88629970940398],[95.59799501768015,26.9219227432319],[95.59233135357955,26.91941962001108],[95.59003756682093,26.95605124755534],[95.57755414625163,26.9739497452221],[95.50491908028397,26.9874127643688]]]}},{"type":"Feature","properties":{"ac_name":"LONGDING-PUMAO","ac_no":59,"ac_category":"GEN","st_name":"ARUNACHAL PRADESH"},"geometry":{"type":"Polygon","coordinates":[[[95.40417333478982,26.90908683839707],[95.39238335276757,26.92715733288654],[95.34425568035445,26.93265262058494],[95.25807516206524,26.89923203927009],[95.22851815448894,26.89213931059922],[95.22806234765656,26.88076534924247],[95.20866372793716,26.88233757544557],[95.19954673985976,26.87097118054309],[95.1859922034345,26.86573028572317],[95.1809469931489,26.85603290171612],[95.18695583761546,26.84779176510271],[95.20292745701673,26.84635142025569],[95.19698221753642,26.83610000235528],[95.19731889398369,26.82258347170327],[95.20473052406452,26.80469807716717],[95.21199785388205,26.79949326346163],[95.20827975644075,26.79509072241146],[95.24219311863038,26.78342268794707],[95.22880306683041,26.77534140897746],[95.23250354570204,26.76820429975906],[95.22324386397013,26.75963707712621],[95.2176044603563,26.75588642926556],[95.24048574739507,26.75217888803311],[95.37537562634377,26.76316165225332],[95.38359280462197,26.76892386187092],[95.39889370680446,26.79938421522397],[95.45454111487814,26.87018298717206],[95.44493877843895,26.88617112098244],[95.40887467539083,26.89599887377899],[95.40417333478982,26.90908683839707]]]}},{"type":"Feature","properties":{"ac_name":"PONGCHOU-WAKKA","ac_no":60,"ac_category":"GEN","st_name":"ARUNACHAL PRADESH"},"geometry":{"type":"Polygon","coordinates":[[[95.53001502244018,26.82627878091077],[95.51349653410928,26.8451261961424],[95.48802441271131,26.86396672480215],[95.45454111487814,26.87018298717206],[95.39889370680446,26.79938421522397],[95.38359280462197,26.76892386187092],[95.37537562634377,26.76316165225332],[95.24048574739507,26.75217888803311],[95.2176044603563,26.75588642926556],[95.21485046875806,26.74815886193897],[95.21943708889098,26.74582060408683],[95.209918153505,26.72866549262961],[95.22205603962594,26.72236237460806],[95.22575881738456,26.71025635001858],[95.2328200526068,26.70579193613611],[95.23018262824837,26.69400249311485],[95.23391967876076,26.68245856861996],[95.24923953867848,26.68389495783004],[95.25734240566838,26.67613154323972],[95.25957412495866,26.65535155992667],[95.27427255879853,26.65882136983638],[95.30339233262545,26.65084380127045],[95.31372733452635,26.66273041037042],[95.32621363175343,26.66454823151215],[95.33513305739889,26.67363562480475],[95.36022709206375,26.67093226463315],[95.37403263855863,26.68401494824947],[95.3944585682867,26.68485040317666],[95.40326979362283,26.69442845466408],[95.41796709970541,26.69346821972691],[95.43096787662037,26.70047783792011],[95.43224584837961,26.71523157657552],[95.45929117548813,26.74285977359189],[95.4738757839036,26.74040590693778],[95.4823608988567,26.74645197922676],[95.48455601455619,26.75839225201523],[95.50472357471162,26.79248440859983],[95.506478704381,26.80809404348969],[95.52237557231743,26.81353532792254],[95.53001502244018,26.82627878091077]]]}}]}