{"type":"FeatureCollection","features":[{"type":"Feature","geometry":{"type":"Polygon","coordinates":[[[74.1374,33.395],[74.1317,33.3938],[74.1218,33.3937],[74.1177,33.3984],[74.1144,33.3991],[74.1072,33.3969],[74.1017,33.3984],[74.0909,33.3957],[74.089,33.4007],[74.0892,33.4117],[74.0902,33.4164],[74.0852,33.4205],[74.0843,33.4249],[74.0759,33.4332],[74.0757,33.4421],[74.0734,33.4442],[74.0664,33.447],[74.0566,33.458],[74.0556,33.4616],[74.0574,33.4667],[74.0678,33.4721],[74.0668,33.4795],[74.0628,33.4809],[74.0577,33.4849],[74.0562,33.4916],[74.0534,33.4953],[74.049,33.4961],[74.0465,33.4987],[74.0465,33.5047],[74.0427,33.5137],[74.0349,33.5142],[74.0311,33.5155],[74.0296,33.523],[74.0341,33.5256],[74.0402,33.5265],[74.0393,33.5325],[74.0321,33.5383],[74.0342,33.5428],[74.0474,33.545],[74.0566,33.5501],[74.0584,33.5562],[74.0611,33.5597],[74.0636,33.5601],[74.0674,33.5542],[74.0737,33.5525],[74.0803,33.5519],[74.0869,33.5513],[74.0975,33.5514],[74.1095,33.5478],[74.1221,33.5552],[74.1242,33.5524],[74.1329,33.5496],[74.1453,33.5495],[74.1479,33.5481],[74.1578,33.5481],[74.1503,33.5447],[74.1497,33.5437],[74.1508,33.537],[74.1553,33.5324],[74.1604,33.5299],[74.1591,33.5293],[74.1578,33.5253],[74.1601,33.5122],[74.1541,33.5054],[74.1534,33.5035],[74.1503,33.4956],[74.1484,33.4858],[74.1473,33.4806],[74.1468,33.4652],[74.1532,33.4439],[74.1596,33.4361],[74.162,33.4274],[74.1675,33.4189],[74.1741,33.4144],[74.1753,33.4128],[74.1752,33.4127],[74.1747,33.4123],[74.1737,33.4118],[74.1724,33.4123],[74.17,33.4124],[74.1636,33.4103],[74.1615,33.4102],[74.1607,33.41],[74.1595,33.4083],[74.1586,33.4077],[74.1577,33.4072],[74.1562,33.4045],[74.1517,33.4027],[74.1492,33.3998],[74.1438,33.3977],[74.1397,33.3973],[74.1381,33.3969],[74.1378,33.3965],[74.1373,33.3958],[74.1374,33.395]]]},"properties":{"ac_no":0,"ac_name":"","ac_category":"GEN","st_name":"JAMMU AND KASHMIR"}},{"type":"Feature","geometry":{"type":"Polygon","coordinates":[[[74.0314,33.5948],[74.0247,33.6003],[74.0228,33.6003],[74.0208,33.6002],[74.0195,33.6001],[74.0155,33.5987],[74.0108,33.5996],[74.0069,33.6031],[74.0033,33.6081],[73.9976,33.6117],[73.9895,33.6119],[73.9825,33.6165],[73.9785,33.6154],[73.9667,33.6142],[73.9618,33.6179],[73.9611,33.6233],[73.9588,33.6241],[73.9507,33.6184],[73.9461,33.6182],[73.9377,33.6206],[73.9349,33.6189],[73.9335,33.6176],[73.9326,33.6161],[73.9294,33.6125],[73.9242,33.6109],[73.9214,33.6096],[73.92,33.6088],[73.9199,33.6088],[73.9178,33.6084],[73.9097,33.6072],[73.9072,33.6071],[73.9072,33.607],[73.9049,33.6066],[73.8996,33.6056],[73.8923,33.6014],[73.8836,33.6068],[73.8769,33.6065],[73.8739,33.6043],[73.8764,33.6018],[73.8796,33.5993],[73.8792,33.5971],[73.8747,33.5953],[73.8546,33.5923],[73.8513,33.5936],[73.8474,33.5982],[73.8393,33.6016],[73.8279,33.6034],[73.8181,33.6108],[73.8117,33.6132],[73.8014,33.6201],[73.7978,33.6217],[73.7829,33.6117],[73.7791,33.6122],[73.7603,33.623],[73.7534,33.623],[73.7504,33.6203],[73.7493,33.6084],[73.7468,33.6024],[73.7461,33.5916],[73.7455,33.5902],[73.7454,33.5902],[73.7447,33.5894],[73.7446,33.5893],[73.7439,33.5886],[73.7387,33.5863],[73.734,33.5888],[73.7293,33.5932],[73.7222,33.5977],[73.7189,33.6003],[73.7189,33.6004],[73.7188,33.6004],[73.7188,33.6005],[73.7188,33.6006],[73.7187,33.6007],[73.7187,33.6009],[73.7183,33.6019],[73.7182,33.602],[73.7182,33.6021],[73.7176,33.6028],[73.7176,33.6029],[73.7171,33.6036],[73.717,33.6036],[73.7143,33.6046],[73.7139,33.6054],[73.7139,33.6055],[73.7135,33.6063],[73.7134,33.6063],[73.7119,33.6086],[73.7059,33.616],[73.7042,33.6176],[73.7042,33.6177],[73.7031,33.6183],[73.7029,33.6183],[73.7019,33.6189],[73.6919,33.6248],[73.691,33.6259],[73.6904,33.6268],[73.6903,33.6269],[73.6898,33.6277],[73.6875,33.6363],[73.6852,33.6392],[73.6851,33.6392],[73.6834,33.6395],[73.6833,33.6395],[73.6812,33.6385],[73.6811,33.6385],[73.6767,33.6387],[73.6729,33.6437],[73.6684,33.6463],[73.6629,33.6433],[73.6578,33.645],[73.6558,33.6452],[73.6524,33.6441],[73.6408,33.6514],[73.6327,33.6529],[73.632,33.6532],[73.6319,33.6533],[73.6318,33.6534],[73.6314,33.6536],[73.6313,33.6536],[73.6313,33.6537],[73.6312,33.6537],[73.631,33.6538],[73.6309,33.6539],[73.6308,33.654],[73.6307,33.6541],[73.6306,33.6541],[73.6305,33.6543],[73.6304,33.6544],[73.6301,33.6546],[73.63,33.6547],[73.629,33.6556],[73.6318,33.6616],[73.6308,33.6642],[73.6226,33.6665],[73.6182,33.6697],[73.616,33.6714],[73.616,33.6715],[73.6152,33.6722],[73.6151,33.6722],[73.6143,33.6729],[73.6114,33.6811],[73.6038,33.6869],[73.593,33.6961],[73.5854,33.6999],[73.5666,33.7042],[73.5676,33.7074],[73.5807,33.7279],[73.5893,33.7287],[73.5929,33.7441],[73.5964,33.7497],[73.5949,33.7648],[73.5921,33.7723],[73.5828,33.7865],[73.5769,33.7925],[73.5695,33.7962],[73.5587,33.7947],[73.552,33.7975],[73.5487,33.8048],[73.5477,33.8134],[73.5493,33.8209],[73.5649,33.8406],[73.5709,33.8553],[73.5831,33.9007],[73.5862,33.9249],[73.5841,33.9311],[73.5736,33.9299],[73.5671,33.9344],[73.5532,33.9552],[73.5367,33.9742],[73.5285,33.9966],[73.5218,33.9994],[73.5191,34.0227],[73.5127,34.0532],[73.512,34.0845],[73.5054,34.0968],[73.5012,34.1129],[73.5101,34.1139],[73.5149,34.1142],[73.5182,34.1132],[73.5183,34.1133],[73.5183,34.1134],[73.5184,34.1134],[73.5185,34.1135],[73.5187,34.1137],[73.5188,34.1139],[73.5188,34.114],[73.5188,34.1141],[73.5188,34.1142],[73.5188,34.1143],[73.5187,34.1143],[73.5187,34.1144],[73.5187,34.1145],[73.5187,34.1146],[73.5187,34.1147],[73.5187,34.1148],[73.5187,34.1149],[73.5187,34.115],[73.5187,34.1151],[73.5187,34.1152],[73.5187,34.1153],[73.5187,34.1154],[73.5187,34.1155],[73.5187,34.1156],[73.5187,34.1157],[73.5187,34.1158],[73.5188,34.1158],[73.5188,34.1159],[73.5187,34.1179],[73.52,34.1197],[73.5213,34.1204],[73.5228,34.1215],[73.5236,34.123],[73.5233,34.1237],[73.5224,34.1248],[73.5186,34.1276],[73.5185,34.1296],[73.52,34.1308],[73.522,34.1341],[73.5299,34.136],[73.533,34.1354],[73.5357,34.1345],[73.5371,34.1327],[73.5379,34.1307],[73.5384,34.121],[73.537,34.1179],[73.5372,34.1141],[73.538,34.1123],[73.5381,34.1081],[73.5367,34.1071],[73.5357,34.1057],[73.5384,34.1031],[73.5506,34.1038],[73.5631,34.1033],[73.5674,34.1024],[73.5697,34.0994],[73.5719,34.0933],[73.586,34.0798],[73.5961,34.0729],[73.6031,34.0701],[73.6119,34.0683],[73.6134,34.0672],[73.6145,34.0661],[73.6164,34.0643],[73.6165,34.0654],[73.6167,34.0678],[73.6162,34.0688],[73.6154,34.0704],[73.6149,34.076],[73.6154,34.0791],[73.6166,34.0803],[73.6178,34.0814],[73.62,34.0818],[73.6223,34.0831],[73.6277,34.0835],[73.6279,34.0819],[73.6279,34.0805],[73.6283,34.0777],[73.6278,34.0745],[73.6278,34.0744],[73.6279,34.0742],[73.6279,34.074],[73.628,34.0738],[73.628,34.0736],[73.6281,34.0733],[73.6281,34.0732],[73.6281,34.0731],[73.6281,34.0729],[73.6282,34.0728],[73.6282,34.0727],[73.6282,34.0726],[73.6282,34.0725],[73.6283,34.0724],[73.6283,34.0723],[73.6283,34.0722],[73.6284,34.0721],[73.6284,34.072],[73.6285,34.072],[73.6285,34.0719],[73.6286,34.0718],[73.6287,34.0717],[73.6288,34.0715],[73.6291,34.0712],[73.6292,34.071],[73.6293,34.0708],[73.6294,34.0706],[73.6296,34.0705],[73.6297,34.0703],[73.6298,34.0701],[73.63,34.07],[73.6301,34.0698],[73.6303,34.0696],[73.6305,34.0693],[73.6347,34.0652],[73.6439,34.0626],[73.6477,34.0628],[73.6505,34.0621],[73.6537,34.0623],[73.6567,34.0624],[73.6637,34.0628],[73.6722,34.0628],[73.6806,34.0673],[73.6833,34.0678],[73.6859,34.0679],[73.6906,34.0693],[73.6944,34.075],[73.694,34.0796],[73.6956,34.0829],[73.6979,34.0831],[73.7006,34.0836],[73.7043,34.0831],[73.707,34.082],[73.7093,34.0809],[73.7112,34.0793],[73.7145,34.0784],[73.7243,34.0811],[73.7273,34.0813],[73.7318,34.0812],[73.735,34.0813],[73.739,34.0819],[73.7424,34.0827],[73.7506,34.0855],[73.7521,34.0857],[73.7528,34.0857],[73.7534,34.0858],[73.7536,34.0858],[73.7537,34.0858],[73.7538,34.0858],[73.7539,34.0858],[73.754,34.0858],[73.7541,34.0858],[73.7542,34.0857],[73.7543,34.0857],[73.7544,34.0857],[73.7545,34.0857],[73.7547,34.0857],[73.7548,34.0857],[73.7549,34.0857],[73.7551,34.0857],[73.7552,34.0857],[73.7553,34.0857],[73.7554,34.0857],[73.7556,34.0856],[73.7557,34.0856],[73.7558,34.0856],[73.7559,34.0856],[73.7561,34.0856],[73.7611,34.0838],[73.7643,34.0836],[73.7681,34.0834],[73.7717,34.0833],[73.7748,34.0831],[73.7833,34.0791],[73.7858,34.0787],[73.7878,34.0792],[73.7903,34.0805],[73.7928,34.0822],[73.797,34.0845],[73.7996,34.0853],[73.8047,34.0865],[73.8106,34.0865],[73.8132,34.0863],[73.8155,34.0856],[73.819,34.0851],[73.8303,34.0792],[73.8404,34.0715],[73.8444,34.0698],[73.846,34.0688],[73.8487,34.0674],[73.8493,34.0661],[73.8499,34.0644],[73.8506,34.0622],[73.85,34.0605],[73.849,34.0579],[73.8484,34.0557],[73.8485,34.0529],[73.849,34.0508],[73.8492,34.0492],[73.8498,34.0463],[73.8493,34.0407],[73.8503,34.0367],[73.8523,34.0336],[73.8544,34.031],[73.8558,34.0285],[73.8602,34.024],[73.8658,34.0207],[73.8694,34.0194],[73.8726,34.0198],[73.8758,34.0192],[73.8836,34.0194],[73.8886,34.02],[73.8929,34.0185],[73.8942,34.0174],[73.9106,34.0176],[73.9134,34.017],[73.9184,34.015],[73.923,34.0137],[73.9352,34.0133],[73.9413,34.0111],[73.9457,34.0069],[73.9458,33.999],[73.9501,33.992],[73.9525,33.9893],[73.9551,33.9862],[73.9611,33.9835],[73.9651,33.9834],[73.9678,33.9843],[73.9713,33.9853],[73.9755,33.9856],[73.9775,33.9852],[73.9875,33.9799],[73.9916,33.9791],[73.9951,33.9782],[73.9988,33.9773],[74.0004,33.9761],[74,33.9745],[74.0006,33.9723],[73.9989,33.9711],[73.9974,33.9695],[73.9988,33.9647],[73.9985,33.9627],[73.9981,33.961],[73.9982,33.9577],[74.0001,33.9546],[74.0035,33.9536],[74.0079,33.9533],[74.0126,33.9529],[74.0198,33.9515],[74.0222,33.9511],[74.0345,33.9529],[74.0418,33.9525],[74.0462,33.9541],[74.0491,33.9566],[74.0517,33.959],[74.0534,33.9612],[74.0571,33.9626],[74.0602,33.9637],[74.0642,33.9644],[74.0711,33.9643],[74.0744,33.964],[74.0866,33.9609],[74.0952,33.9609],[74.0976,33.9627],[74.1001,33.9643],[74.1098,33.9727],[74.1098,33.9728],[74.1099,33.9729],[74.11,33.973],[74.1101,33.9731],[74.1101,33.9732],[74.1102,33.9733],[74.1102,33.9734],[74.1103,33.9734],[74.1103,33.9735],[74.1104,33.9736],[74.1105,33.9738],[74.1106,33.9739],[74.1107,33.9741],[74.1109,33.9744],[74.1111,33.9746],[74.1125,33.9768],[74.1142,33.9801],[74.1142,33.9815],[74.1144,33.9852],[74.1169,33.9871],[74.1185,33.9893],[74.1203,33.9906],[74.1224,33.9928],[74.1265,33.995],[74.1291,33.9953],[74.1316,33.9952],[74.135,33.9954],[74.1375,33.9955],[74.1394,33.9963],[74.149,33.9964],[74.151,33.9959],[74.1535,33.993],[74.1551,33.9917],[74.1568,33.991],[74.1588,33.9901],[74.1634,33.9891],[74.1669,33.9869],[74.1748,33.9878],[74.1804,33.9912],[74.1834,33.9897],[74.1863,33.9873],[74.1868,33.9859],[74.1874,33.9844],[74.1886,33.9836],[74.1892,33.9818],[74.1892,33.9817],[74.1893,33.9817],[74.1893,33.9816],[74.1894,33.9816],[74.1894,33.9815],[74.1895,33.9814],[74.1895,33.9813],[74.1896,33.9813],[74.1896,33.9812],[74.1897,33.9812],[74.1897,33.9811],[74.1901,33.9806],[74.1902,33.9805],[74.1902,33.9804],[74.1903,33.9804],[74.1904,33.9804],[74.1904,33.9803],[74.1905,33.9803],[74.1906,33.9803],[74.1907,33.9802],[74.1908,33.9802],[74.1909,33.9802],[74.191,33.9801],[74.1911,33.9801],[74.1912,33.9801],[74.1913,33.98],[74.1932,33.9798],[74.1949,33.9802],[74.1949,33.9812],[74.1952,33.9822],[74.1952,33.9838],[74.2011,33.9868],[74.2041,33.9875],[74.206,33.9881],[74.2072,33.9893],[74.2084,33.9936],[74.2095,33.9943],[74.212,33.9954],[74.2134,33.9837],[74.2171,33.9663],[74.2188,33.9397],[74.222,33.9313],[74.2248,33.9238],[74.2368,33.8982],[74.2412,33.8883],[74.2409,33.8842],[74.2406,33.8801],[74.2381,33.8689],[74.2382,33.8625],[74.2358,33.8596],[74.2345,33.8636],[74.2348,33.8752],[74.2318,33.8788],[74.2304,33.8829],[74.2258,33.8871],[74.2195,33.8937],[74.2153,33.8984],[74.2105,33.8982],[74.2077,33.9002],[74.2055,33.9022],[74.1857,33.8883],[74.1348,33.8496],[74.1168,33.8464],[74.097,33.8477],[74.084,33.8484],[74.0817,33.8491],[74.0788,33.8486],[74.0779,33.8475],[74.0736,33.8482],[74.0672,33.8469],[74.0581,33.8441],[74.049,33.8412],[74.0448,33.8381],[74.0396,33.831],[74.0334,33.8204],[74.0252,33.8163],[74.0138,33.7875],[74.0019,33.7624],[73.9935,33.7427],[73.9872,33.728],[73.988,33.7163],[73.9924,33.7088],[73.9945,33.6967],[73.9945,33.6966],[73.9945,33.6965],[73.9945,33.6964],[73.9945,33.696],[73.9945,33.6959],[73.9945,33.6958],[73.9945,33.6957],[73.9945,33.6956],[73.9945,33.6955],[73.9945,33.6954],[73.9945,33.6953],[73.9945,33.6947],[73.9945,33.6945],[73.9945,33.6944],[73.9944,33.6904],[73.9944,33.6901],[73.9944,33.6898],[73.9944,33.6895],[73.9944,33.6887],[73.9944,33.6882],[73.9944,33.6879],[73.9944,33.6877],[73.9944,33.6856],[73.9967,33.6717],[73.9973,33.6572],[74.0058,33.6376],[74.0101,33.6333],[74.0129,33.6186],[74.02,33.6041],[74.0314,33.5948]]]},"properties":{"ac_no":0,"ac_name":"","ac_category":"GEN","st_name":"JAMMU AND KASHMIR"}},{"type":"Feature","geometry":{"type":"Polygon","coordinates":[[[73.5666,33.7042],[73.5854,33.6999],[73.593,33.6961],[73.6038,33.6869],[73.6114,33.6811],[73.6143,33.6729],[73.6151,33.6722],[73.6152,33.6722],[73.616,33.6715],[73.616,33.6714],[73.6182,33.6697],[73.6226,33.6665],[73.6308,33.6642],[73.6318,33.6616],[73.629,33.6556],[73.63,33.6547],[73.6301,33.6546],[73.6304,33.6544],[73.6305,33.6543],[73.6306,33.6541],[73.6307,33.6541],[73.6308,33.654],[73.6309,33.6539],[73.631,33.6538],[73.6312,33.6537],[73.6313,33.6537],[73.6313,33.6536],[73.6314,33.6536],[73.6318,33.6534],[73.6319,33.6533],[73.632,33.6532],[73.6327,33.6529],[73.6408,33.6514],[73.6524,33.6441],[73.6558,33.6452],[73.6578,33.645],[73.6629,33.6433],[73.6684,33.6463],[73.6729,33.6437],[73.6767,33.6387],[73.6811,33.6385],[73.6812,33.6385],[73.6833,33.6395],[73.6834,33.6395],[73.6851,33.6392],[73.6852,33.6392],[73.6875,33.6363],[73.6898,33.6277],[73.6903,33.6269],[73.6904,33.6268],[73.691,33.6259],[73.6919,33.6248],[73.7019,33.6189],[73.7029,33.6183],[73.7031,33.6183],[73.7042,33.6177],[73.7042,33.6176],[73.7059,33.616],[73.7119,33.6086],[73.7134,33.6063],[73.7135,33.6063],[73.7139,33.6055],[73.7139,33.6054],[73.7143,33.6046],[73.717,33.6036],[73.7171,33.6036],[73.7176,33.6029],[73.7176,33.6028],[73.7182,33.6021],[73.7182,33.602],[73.7183,33.6019],[73.7187,33.6009],[73.7187,33.6007],[73.7188,33.6006],[73.7188,33.6005],[73.7188,33.6004],[73.7189,33.6004],[73.7189,33.6003],[73.7222,33.5977],[73.7293,33.5932],[73.734,33.5888],[73.7387,33.5863],[73.7439,33.5886],[73.7446,33.5893],[73.7447,33.5894],[73.7454,33.5902],[73.7455,33.5902],[73.7461,33.5916],[73.7468,33.6024],[73.7493,33.6084],[73.7504,33.6203],[73.7534,33.623],[73.7603,33.623],[73.7791,33.6122],[73.7829,33.6117],[73.7978,33.6217],[73.8014,33.6201],[73.8117,33.6132],[73.8181,33.6108],[73.8279,33.6034],[73.8393,33.6016],[73.8474,33.5982],[73.8513,33.5936],[73.8546,33.5923],[73.8747,33.5953],[73.8792,33.5971],[73.8796,33.5993],[73.8764,33.6018],[73.8739,33.6043],[73.8769,33.6065],[73.8836,33.6068],[73.8923,33.6014],[73.8996,33.6056],[73.9049,33.6066],[73.9072,33.607],[73.9072,33.6071],[73.9097,33.6072],[73.9178,33.6084],[73.9199,33.6088],[73.92,33.6088],[73.9214,33.6096],[73.9242,33.6109],[73.9294,33.6125],[73.9326,33.6161],[73.9335,33.6176],[73.9349,33.6189],[73.9377,33.6206],[73.9461,33.6182],[73.9507,33.6184],[73.9588,33.6241],[73.9611,33.6233],[73.9618,33.6179],[73.9667,33.6142],[73.9785,33.6154],[73.9825,33.6165],[73.9895,33.6119],[73.9976,33.6117],[74.0033,33.6081],[74.0069,33.6031],[74.0108,33.5996],[74.0155,33.5987],[74.0195,33.6001],[74.0208,33.6002],[74.0228,33.6003],[74.0247,33.6003],[74.0314,33.5948],[74.0413,33.5939],[74.0414,33.583],[74.0453,33.5752],[74.0492,33.5675],[74.056,33.5601],[74.0611,33.5597],[74.0584,33.5562],[74.0566,33.5501],[74.0474,33.545],[74.0342,33.5428],[74.0321,33.5383],[74.0393,33.5325],[74.0402,33.5265],[74.0341,33.5256],[74.0296,33.523],[74.0311,33.5155],[74.0349,33.5142],[74.0427,33.5137],[74.0465,33.5047],[74.0465,33.4987],[74.049,33.4961],[74.0534,33.4953],[74.0562,33.4916],[74.0577,33.4849],[74.0628,33.4809],[74.0668,33.4795],[74.0678,33.4721],[74.0574,33.4667],[74.0556,33.4616],[74.0566,33.458],[74.0664,33.447],[74.0734,33.4442],[74.0757,33.4421],[74.0759,33.4332],[74.0843,33.4249],[74.0852,33.4205],[74.0902,33.4164],[74.0892,33.4117],[74.089,33.4007],[74.0909,33.3957],[74.1017,33.3984],[74.1072,33.3969],[74.1144,33.3991],[74.1177,33.3984],[74.1218,33.3937],[74.1317,33.3938],[74.1374,33.395],[74.1379,33.3922],[74.1383,33.3911],[74.1387,33.3903],[74.1425,33.3839],[74.1431,33.3806],[74.144,33.3783],[74.1444,33.3762],[74.1445,33.3749],[74.1444,33.3739],[74.1443,33.3727],[74.1478,33.3678],[74.1506,33.3665],[74.1537,33.3658],[74.1553,33.3652],[74.1666,33.3574],[74.1661,33.3545],[74.1657,33.3524],[74.1655,33.3512],[74.1647,33.3502],[74.1642,33.3484],[74.1639,33.348],[74.1622,33.3488],[74.1609,33.3497],[74.16,33.3498],[74.1488,33.3423],[74.1473,33.3395],[74.1457,33.3371],[74.1442,33.3362],[74.141,33.3346],[74.1407,33.3338],[74.1412,33.3331],[74.1419,33.3323],[74.1474,33.3279],[74.1488,33.3242],[74.1503,33.3218],[74.1506,33.3207],[74.1505,33.3203],[74.1501,33.3196],[74.1494,33.3189],[74.147,33.3172],[74.1427,33.3124],[74.1391,33.309],[74.1381,33.3082],[74.1376,33.3078],[74.1373,33.3076],[74.1372,33.3076],[74.1371,33.3074],[74.1351,33.3063],[74.1345,33.306],[74.134,33.3058],[74.1336,33.3057],[74.133,33.3054],[74.1318,33.3048],[74.1277,33.3029],[74.126,33.3021],[74.1253,33.3018],[74.1245,33.3014],[74.1219,33.3004],[74.1211,33.3002],[74.1203,33.2999],[74.1093,33.2946],[74.1087,33.2942],[74.1081,33.2938],[74.1036,33.2914],[74.0987,33.2885],[74.0969,33.2876],[74.0959,33.287],[74.0949,33.2864],[74.0934,33.2856],[74.0926,33.2852],[74.0917,33.2848],[74.0909,33.2845],[74.0904,33.2845],[74.0901,33.2844],[74.0894,33.2844],[74.0821,33.2848],[74.0794,33.2844],[74.0755,33.2838],[74.0744,33.2836],[74.0734,33.2835],[74.0716,33.2831],[74.0711,33.283],[74.0708,33.2829],[74.0696,33.2825],[74.0595,33.2779],[74.0497,33.2744],[74.0442,33.2702],[74.0354,33.2656],[74.0235,33.2625],[74.0146,33.2571],[74.0059,33.2496],[74.0061,33.2492],[74.0063,33.2489],[74.0056,33.2464],[74.0028,33.2421],[74.0021,33.2379],[74.002,33.236],[74.0025,33.2344],[74.0065,33.2318],[74.0071,33.2307],[74.006,33.229],[74.0065,33.2271],[74.0078,33.226],[74.0081,33.2249],[74.0079,33.2243],[74.0065,33.224],[74.0055,33.2234],[74.0056,33.2227],[74.0057,33.2221],[74.0056,33.2213],[74.0071,33.2187],[74.0063,33.2158],[74.0165,33.2119],[74.0166,33.2115],[74.0164,33.2099],[74.0172,33.2073],[74.0166,33.205],[74.0174,33.2041],[74.0222,33.204],[74.0242,33.2034],[74.0263,33.2011],[74.0283,33.1998],[74.0359,33.1962],[74.0371,33.1965],[74.0384,33.197],[74.0398,33.1971],[74.0458,33.2006],[74.0501,33.2004],[74.0501,33.1991],[74.0509,33.197],[74.0522,33.1941],[74.0532,33.194],[74.0543,33.194],[74.056,33.1953],[74.059,33.1958],[74.0604,33.1965],[74.0612,33.1973],[74.0621,33.1977],[74.0633,33.1974],[74.0681,33.1954],[74.0688,33.195],[74.0696,33.1951],[74.0698,33.1947],[74.07,33.1932],[74.0704,33.1924],[74.0712,33.1903],[74.076,33.1834],[74.0793,33.1802],[74.0816,33.1782],[74.0838,33.1758],[74.0868,33.1734],[74.0987,33.1673],[74.0998,33.1665],[74.1015,33.1664],[74.1019,33.1664],[74.1033,33.1664],[74.1046,33.1667],[74.1071,33.1676],[74.1165,33.1594],[74.1192,33.1615],[74.1305,33.1597],[74.1308,33.1569],[74.1307,33.156],[74.1334,33.1549],[74.1334,33.1536],[74.1332,33.151],[74.1335,33.1501],[74.1338,33.1494],[74.1351,33.148],[74.1374,33.1475],[74.1405,33.1475],[74.1421,33.1477],[74.1458,33.144],[74.1487,33.1411],[74.153,33.1362],[74.1539,33.1331],[74.1539,33.1311],[74.1543,33.1295],[74.1549,33.1278],[74.1561,33.1257],[74.1597,33.1243],[74.1617,33.1235],[74.1627,33.1231],[74.163,33.122],[74.1624,33.1206],[74.1594,33.1131],[74.159,33.1115],[74.1634,33.1055],[74.1672,33.1026],[74.1775,33.0989],[74.1785,33.096],[74.181,33.0927],[74.1821,33.0907],[74.1818,33.0894],[74.1811,33.0889],[74.1808,33.0883],[74.1803,33.0877],[74.1797,33.0876],[74.1778,33.088],[74.1743,33.0849],[74.1739,33.0837],[74.1735,33.0814],[74.1725,33.0811],[74.1708,33.0811],[74.1703,33.0744],[74.1729,33.0746],[74.1744,33.0743],[74.176,33.0736],[74.1809,33.0726],[74.1833,33.0728],[74.1846,33.072],[74.1876,33.0707],[74.189,33.0707],[74.1896,33.0715],[74.1905,33.072],[74.1917,33.0725],[74.1925,33.0723],[74.1963,33.0699],[74.1977,33.0692],[74.1994,33.0682],[74.2024,33.0666],[74.2084,33.0672],[74.2144,33.0612],[74.2156,33.0613],[74.2168,33.0621],[74.2177,33.0622],[74.2306,33.0563],[74.2355,33.0512],[74.2392,33.0511],[74.2418,33.05],[74.2438,33.0499],[74.2448,33.0492],[74.2476,33.047],[74.2492,33.0456],[74.2563,33.0454],[74.257,33.0446],[74.2584,33.0435],[74.2603,33.0431],[74.2626,33.0441],[74.2642,33.0446],[74.2654,33.0447],[74.2673,33.0446],[74.2709,33.0416],[74.2798,33.0374],[74.2829,33.0377],[74.2937,33.0347],[74.2986,33.0325],[74.3021,33.0314],[74.3056,33.0318],[74.3081,33.032],[74.3098,33.0321],[74.3137,33.0299],[74.3166,33.0314],[74.3185,33.032],[74.3204,33.0323],[74.3233,33.0321],[74.3246,33.0316],[74.3254,33.0307],[74.3257,33.0297],[74.3257,33.0287],[74.3248,33.0274],[74.3211,33.0237],[74.3208,33.0231],[74.3203,33.0218],[74.3201,33.02],[74.3207,33.0178],[74.3205,33.0162],[74.3203,33.0144],[74.3204,33.0131],[74.3205,33.0112],[74.3205,33.0089],[74.3206,33.0074],[74.3209,33.0062],[74.3234,33.0031],[74.3269,32.9997],[74.3276,32.9967],[74.3296,32.9892],[74.3302,32.9873],[74.3326,32.9794],[74.3339,32.9751],[74.335,32.9716],[74.3374,32.9622],[74.3398,32.9544],[74.3397,32.9544],[74.3404,32.9523],[74.3367,32.9502],[74.3349,32.9491],[74.3291,32.9458],[74.3126,32.9364],[74.3126,32.9328],[74.3126,32.9291],[74.3164,32.9285],[74.3255,32.9207],[74.3301,32.92],[74.3312,32.9201],[74.3324,32.9202],[74.335,32.921],[74.3368,32.9214],[74.3434,32.9209],[74.3493,32.9227],[74.3533,32.9224],[74.3572,32.9213],[74.36,32.9208],[74.3626,32.9208],[74.3651,32.9207],[74.3713,32.9203],[74.3762,32.9168],[74.377,32.9146],[74.3925,32.9106],[74.4015,32.9037],[74.403,32.9036],[74.4065,32.903],[74.4152,32.8986],[74.4159,32.8973],[74.4162,32.8961],[74.4166,32.8913],[74.4185,32.8882],[74.4187,32.8876],[74.4188,32.887],[74.4179,32.8824],[74.4176,32.8801],[74.4166,32.878],[74.4163,32.8774],[74.4123,32.872],[74.4123,32.868],[74.4131,32.8669],[74.4138,32.8656],[74.4148,32.8644],[74.4192,32.8591],[74.4202,32.8575],[74.4206,32.8565],[74.4212,32.8553],[74.4215,32.8544],[74.4197,32.8476],[74.4193,32.8456],[74.419,32.8438],[74.4192,32.841],[74.4239,32.8358],[74.432,32.8306],[74.4375,32.8242],[74.439,32.817],[74.438,32.8056],[74.4403,32.8022],[74.4409,32.8016],[74.4415,32.801],[74.4422,32.8003],[74.4426,32.7999],[74.4437,32.7988],[74.4444,32.7983],[74.3682,32.7996],[74.3607,32.7961],[74.3422,32.7778],[74.3338,32.7747],[74.3235,32.7752],[74.3167,32.7797],[74.3069,32.7939],[74.301,32.7994],[74.2905,32.7987],[74.2837,32.8011],[74.2808,32.817],[74.2768,32.8224],[74.2756,32.8383],[74.2733,32.8449],[74.2436,32.8436],[74.2371,32.8468],[74.2329,32.8629],[74.2282,32.8681],[74.1893,32.8671],[74.1822,32.8701],[74.176,32.8854],[74.1709,32.8906],[74.1629,32.8927],[74.1553,32.9075],[74.1504,32.9135],[74.0834,32.9124],[74.0756,32.9159],[74.0553,32.9329],[74.0477,32.9368],[74.0283,32.936],[74.0253,32.9589],[73.9768,32.9583],[73.9701,32.9604],[73.9732,32.9766],[73.9716,32.9825],[73.9507,32.9808],[73.9465,32.9861],[73.9441,33.0025],[73.9366,33.0045],[73.8885,33.0037],[73.8828,33.0083],[73.8772,33.0243],[73.8712,33.0285],[73.8136,33.0279],[73.8055,33.0266],[73.8021,33.0111],[73.7962,32.998],[73.7922,32.983],[73.7647,32.9839],[73.7652,33.0073],[73.7681,33.0234],[73.7661,33.0286],[73.7579,33.0308],[73.7519,33.0463],[73.7467,33.0515],[73.7374,33.0516],[73.7295,33.0738],[73.7234,33.0771],[73.7224,33.0932],[73.7162,33.0962],[73.6873,33.0953],[73.6796,33.0985],[73.6616,33.1174],[73.6538,33.1204],[73.6058,33.1195],[73.6006,33.123],[73.6007,33.1627],[73.6151,33.1675],[73.623,33.1822],[73.6338,33.1916],[73.6372,33.2073],[73.6371,33.2235],[73.6353,33.2308],[73.627,33.2318],[73.6167,33.2535],[73.6076,33.2541],[73.6024,33.2588],[73.598,33.2747],[73.5911,33.2774],[73.5858,33.3003],[73.5865,33.3164],[73.5848,33.3229],[73.5795,33.3265],[73.578,33.3425],[73.5811,33.3477],[73.5819,33.364],[73.5771,33.369],[73.5684,33.3656],[73.561,33.3481],[73.5583,33.3453],[73.5539,33.361],[73.5589,33.3676],[73.5509,33.3899],[73.5538,33.4051],[73.5647,33.4349],[73.5839,33.4346],[73.5815,33.4576],[73.6006,33.4573],[73.6111,33.479],[73.6213,33.4792],[73.622,33.4841],[73.6188,33.4919],[73.6141,33.4996],[73.6063,33.502],[73.6011,33.507],[73.5962,33.5225],[73.5988,33.5277],[73.5998,33.5441],[73.6043,33.5485],[73.6235,33.548],[73.6241,33.5635],[73.6201,33.5872],[73.611,33.5972],[73.608,33.613],[73.6014,33.6159],[73.5932,33.638],[73.5732,33.637],[73.569,33.6428],[73.5646,33.6586],[73.5581,33.6614],[73.5629,33.6924],[73.5666,33.7042]]]},"properties":{"ac_no":0,"ac_name":"","ac_category":"GEN","st_name":"JAMMU AND KASHMIR"}},{"type":"Feature","geometry":{"type":"Polygon","coordinates":[[[74.577,34.9139],[74.5728,34.9004],[74.5714,34.8886],[74.5679,34.8831],[74.5549,34.879],[74.5449,34.8714],[74.5391,34.8659],[74.5236,34.8642],[74.5091,34.8718],[74.5014,34.8717],[74.4902,34.8657],[74.4783,34.8649],[74.4623,34.8627],[74.4563,34.8607],[74.4464,34.8531],[74.434,34.8465],[74.432,34.8322],[74.4299,34.8224],[74.4252,34.8174],[74.4182,34.8148],[74.4135,34.8099],[74.3914,34.8043],[74.3771,34.8021],[74.3451,34.7956],[74.345,34.7956],[74.3449,34.7956],[74.3448,34.7955],[74.3447,34.7955],[74.3446,34.7955],[74.3445,34.7955],[74.3444,34.7954],[74.3443,34.7954],[74.3442,34.7954],[74.3441,34.7953],[74.344,34.7953],[74.3439,34.7953],[74.3422,34.7948],[74.3421,34.7947],[74.342,34.7947],[74.3419,34.7947],[74.3416,34.7946],[74.3415,34.7945],[74.3414,34.7945],[74.3413,34.7945],[74.3412,34.7944],[74.3411,34.7944],[74.341,34.7944],[74.3409,34.7944],[74.3408,34.7944],[74.3408,34.7943],[74.3395,34.7939],[74.3393,34.7939],[74.3392,34.7938],[74.339,34.7938],[74.3388,34.7937],[74.3386,34.7937],[74.3385,34.7936],[74.3382,34.7936],[74.3382,34.7935],[74.338,34.7935],[74.3378,34.7934],[74.3377,34.7934],[74.3375,34.7933],[74.3374,34.7933],[74.3373,34.7933],[74.3372,34.7933],[74.3371,34.7932],[74.3369,34.7932],[74.3368,34.7931],[74.3365,34.793],[74.3362,34.793],[74.3361,34.7929],[74.336,34.7929],[74.3358,34.7928],[74.3352,34.7927],[74.3351,34.7926],[74.3349,34.7926],[74.3348,34.7925],[74.3344,34.7924],[74.3343,34.7924],[74.3341,34.7923],[74.334,34.7923],[74.3339,34.7923],[74.3338,34.7922],[74.3337,34.7922],[74.3336,34.7922],[74.3331,34.792],[74.333,34.792],[74.3324,34.7918],[74.3322,34.7917],[74.3309,34.7914],[74.3308,34.7913],[74.3307,34.7913],[74.3304,34.7912],[74.3303,34.7912],[74.3302,34.7911],[74.3295,34.7916],[74.3253,34.7939],[74.3185,34.7937],[74.3131,34.7916],[74.3046,34.7855],[74.2957,34.7777],[74.2888,34.7693],[74.2865,34.7664],[74.276,34.75],[74.2704,34.7463],[74.2611,34.7415],[74.2404,34.7352],[74.2358,34.7327],[74.2276,34.7249],[74.2217,34.7219],[74.2076,34.72],[74.202,34.7174],[74.1922,34.7103],[74.1748,34.6968],[74.1637,34.6904],[74.1539,34.6869],[74.1504,34.6864],[74.1462,34.6833],[74.1451,34.6793],[74.1444,34.6727],[74.1374,34.6683],[74.1371,34.6623],[74.1373,34.6577],[74.1349,34.6528],[74.133,34.6518],[74.1195,34.6517],[74.1128,34.6549],[74.1103,34.6571],[74.1014,34.6661],[74.0996,34.6711],[74.0991,34.678],[74.1006,34.6891],[74.0954,34.6918],[74.0933,34.69],[74.092,34.6862],[74.0887,34.6852],[74.087,34.6843],[74.0818,34.685],[74.0774,34.6855],[74.0715,34.6852],[74.0654,34.6831],[74.0514,34.6807],[74.0444,34.6811],[74.0414,34.6826],[74.034,34.6928],[74.03,34.6944],[74.0172,34.6943],[74.0075,34.6873],[73.9999,34.6856],[73.9968,34.6832],[73.9878,34.6826],[73.9838,34.6846],[73.9704,34.6886],[73.9698,34.6875],[73.9672,34.6829],[73.9645,34.6795],[73.9593,34.6751],[73.9561,34.6741],[73.9545,34.673],[73.9535,34.6714],[73.9537,34.6702],[73.9539,34.6693],[73.9546,34.6686],[73.9563,34.6677],[73.957,34.6661],[73.9568,34.6647],[73.956,34.664],[73.9532,34.6622],[73.9501,34.6596],[73.9499,34.659],[73.9488,34.6546],[73.9496,34.6539],[73.9519,34.6531],[73.9529,34.6526],[73.9535,34.6516],[73.9534,34.651],[73.9528,34.6498],[73.9475,34.6476],[73.942,34.6473],[73.9386,34.6473],[73.9356,34.6475],[73.9322,34.6446],[73.9317,34.6323],[73.9319,34.6306],[73.9342,34.6203],[73.9339,34.6149],[73.9312,34.6114],[73.9306,34.6095],[73.9299,34.6045],[73.9327,34.6035],[73.9341,34.6029],[73.9397,34.6012],[73.9491,34.5996],[73.9554,34.5975],[73.9527,34.5828],[73.9609,34.5823],[73.9521,34.5695],[73.9567,34.5668],[73.9551,34.5618],[73.9487,34.5568],[73.9404,34.5527],[73.9388,34.5548],[73.9272,34.546],[73.9224,34.5423],[73.9054,34.5293],[73.905,34.5287],[73.9055,34.5278],[73.907,34.5266],[73.9094,34.5244],[73.9116,34.5199],[73.9089,34.5177],[73.9054,34.5154],[73.9027,34.5149],[73.9,34.5148],[73.8987,34.5149],[73.897,34.515],[73.8959,34.5148],[73.8954,34.5144],[73.8889,34.5001],[73.8882,34.4947],[73.8874,34.4923],[73.8871,34.4912],[73.8865,34.4882],[73.886,34.487],[73.884,34.484],[73.8816,34.4816],[73.8795,34.4795],[73.8789,34.4747],[73.8789,34.4715],[73.8834,34.4666],[73.8829,34.4601],[73.8852,34.4623],[73.8848,34.4495],[73.8761,34.4502],[73.8577,34.4354],[73.8477,34.4279],[73.846,34.4298],[73.8391,34.4309],[73.8365,34.4276],[73.8373,34.4265],[73.8389,34.422],[73.8256,34.422],[73.8156,34.4229],[73.8036,34.4239],[73.8029,34.4218],[73.8026,34.4208],[73.8011,34.4188],[73.7992,34.4179],[73.7957,34.4154],[73.7925,34.4125],[73.7915,34.4109],[73.7851,34.4074],[73.7801,34.4017],[73.7761,34.3999],[73.7742,34.3983],[73.774,34.397],[73.7719,34.3947],[73.7707,34.3909],[73.7668,34.3858],[73.7637,34.3845],[73.7629,34.3846],[73.7616,34.3851],[73.754,34.3813],[73.7563,34.3768],[73.7554,34.3756],[73.7518,34.3737],[73.7514,34.3724],[73.7504,34.3703],[73.7498,34.368],[73.7508,34.3651],[73.7535,34.3631],[73.7565,34.3622],[73.754,34.3494],[73.7542,34.3457],[73.7584,34.3456],[73.7611,34.3449],[73.7676,34.338],[73.7711,34.3362],[73.7725,34.3354],[73.7739,34.3348],[73.7762,34.3343],[73.7827,34.3335],[73.7924,34.3362],[73.7971,34.3395],[73.7971,34.3398],[73.7974,34.343],[73.7984,34.3437],[73.8027,34.345],[73.8107,34.3433],[73.8107,34.3412],[73.8084,34.3377],[73.809,34.3342],[73.8139,34.3334],[73.8216,34.3301],[73.8299,34.3307],[73.8346,34.3315],[73.8404,34.328],[73.8431,34.3283],[73.8456,34.3267],[73.8505,34.3227],[73.8515,34.3217],[73.8559,34.322],[73.8585,34.3225],[73.8592,34.3253],[73.8603,34.3267],[73.8619,34.3304],[73.8628,34.3346],[73.8706,34.3338],[73.8744,34.3312],[73.8777,34.3322],[73.8817,34.3314],[73.884,34.3314],[73.8914,34.3369],[73.8938,34.3396],[73.8985,34.3396],[73.899,34.3467],[73.9002,34.3488],[73.9116,34.348],[73.9128,34.3421],[73.9177,34.3404],[73.9212,34.3371],[73.9224,34.3365],[73.9297,34.3355],[73.9333,34.3327],[73.9299,34.3263],[73.9246,34.3203],[73.9257,34.3173],[73.9225,34.3153],[73.9193,34.3129],[73.9178,34.3117],[73.9145,34.3082],[73.9147,34.3038],[73.9202,34.3034],[73.9271,34.3035],[73.927,34.3101],[73.9386,34.3093],[73.9387,34.3022],[73.9385,34.2984],[73.9337,34.2926],[73.9338,34.2828],[73.9381,34.2825],[73.9389,34.2793],[73.9402,34.2764],[73.9409,34.2756],[73.9419,34.2744],[73.9608,34.2743],[73.9653,34.2743],[73.9797,34.2716],[73.9821,34.2691],[73.9833,34.2659],[73.9831,34.2613],[73.9828,34.2589],[73.9841,34.2565],[73.9895,34.2501],[73.9953,34.2424],[74.0001,34.234],[74.0062,34.2297],[74.0078,34.2224],[74.0071,34.2157],[74.0001,34.2135],[73.9988,34.2112],[73.9981,34.2094],[73.9981,34.2057],[73.9986,34.2017],[74.0031,34.1965],[74.0052,34.1937],[74.0047,34.1913],[73.9987,34.1822],[73.9926,34.1755],[73.9827,34.1673],[73.9777,34.1648],[73.9691,34.1589],[73.9639,34.1537],[73.9543,34.1482],[73.95,34.1475],[73.9479,34.1468],[73.9466,34.1464],[73.946,34.1462],[73.9446,34.1454],[73.9433,34.1449],[73.9423,34.1448],[73.9392,34.1442],[73.9376,34.144],[73.932,34.142],[73.9313,34.1412],[73.9304,34.1399],[73.9294,34.1389],[73.929,34.1372],[73.9296,34.136],[73.9297,34.1356],[73.9301,34.1348],[73.9303,34.1341],[73.9306,34.1335],[73.9309,34.1328],[73.931,34.132],[73.9308,34.1304],[73.9305,34.13],[73.9301,34.1297],[73.9297,34.1295],[73.9282,34.1287],[73.9278,34.1285],[73.9276,34.1276],[73.9278,34.1256],[73.9274,34.1251],[73.9273,34.1249],[73.9271,34.124],[73.9269,34.1236],[73.9269,34.1229],[73.9268,34.1222],[73.9269,34.1211],[73.9272,34.1203],[73.9274,34.1198],[73.9279,34.1189],[73.9285,34.1179],[73.9283,34.1148],[73.9273,34.1116],[73.927,34.1105],[73.9267,34.11],[73.9266,34.1092],[73.9265,34.1083],[73.9263,34.1074],[73.9261,34.1065],[73.926,34.1056],[73.926,34.1051],[73.9261,34.1043],[73.9265,34.1037],[73.9267,34.1035],[73.9246,34.1031],[73.9235,34.1031],[73.9216,34.1033],[73.9181,34.1058],[73.9097,34.1058],[73.9077,34.1061],[73.9064,34.1068],[73.9047,34.1055],[73.9045,34.1047],[73.9044,34.1038],[73.9037,34.1016],[73.9036,34.1011],[73.9036,34.1005],[73.9044,34.0977],[73.9044,34.0973],[73.904,34.0957],[73.9035,34.095],[73.9035,34.0948],[73.9034,34.0941],[73.9035,34.0931],[73.9034,34.0927],[73.9026,34.0919],[73.9021,34.0907],[73.9016,34.0898],[73.9016,34.0895],[73.9015,34.0889],[73.9017,34.0883],[73.9023,34.087],[73.9021,34.0865],[73.9019,34.0862],[73.9016,34.0858],[73.9007,34.0849],[73.9007,34.0842],[73.9007,34.0837],[73.9005,34.0827],[73.9004,34.0822],[73.8999,34.0794],[73.899,34.0784],[73.8983,34.078],[73.8974,34.0774],[73.8957,34.0748],[73.8931,34.0728],[73.8917,34.0723],[73.8916,34.0722],[73.8919,34.0715],[73.8922,34.0703],[73.8921,34.07],[73.8912,34.0694],[73.8906,34.0674],[73.8903,34.0641],[73.8906,34.0631],[73.8915,34.0625],[73.8932,34.0615],[73.8939,34.0612],[73.895,34.0602],[73.8955,34.0591],[73.8956,34.0584],[73.8958,34.057],[73.8962,34.0552],[73.8963,34.0549],[73.898,34.0522],[73.8997,34.0499],[73.9002,34.049],[73.9008,34.048],[73.9015,34.047],[73.9027,34.0463],[73.9046,34.045],[73.9057,34.0439],[73.9075,34.0428],[73.9086,34.0423],[73.9116,34.0411],[73.913,34.0408],[73.919,34.0389],[73.9197,34.0379],[73.9228,34.0342],[73.9323,34.0276],[73.9334,34.0259],[73.9336,34.0254],[73.9349,34.0237],[73.9385,34.0206],[73.9411,34.0193],[73.9456,34.018],[73.9488,34.0166],[73.9564,34.0151],[73.9585,34.0149],[73.959,34.0146],[73.9614,34.0136],[73.9625,34.0133],[73.9665,34.011],[73.9671,34.0111],[73.9675,34.0114],[73.9682,34.0121],[73.9712,34.013],[73.9724,34.0129],[73.9738,34.013],[73.9748,34.0133],[73.9781,34.0145],[73.9794,34.0142],[73.9827,34.0127],[73.9836,34.0128],[73.9845,34.0125],[73.9868,34.0124],[73.9874,34.0126],[73.9887,34.0135],[73.9891,34.0137],[73.9898,34.014],[73.9901,34.0142],[73.9908,34.0148],[73.9915,34.0152],[73.994,34.0172],[73.9945,34.0179],[73.9956,34.0187],[73.9961,34.0189],[73.9977,34.0192],[74.0042,34.0167],[74.0133,34.0085],[74.0167,34.0032],[74.0246,34],[74.027,34.008],[74.0288,34.0119],[74.032,34.0146],[74.0415,34.0186],[74.0446,34.0189],[74.0498,34.0166],[74.0513,34.0139],[74.0551,34.0136],[74.0623,34.0186],[74.068,34.0218],[74.0733,34.0213],[74.0825,34.0176],[74.0918,34.0175],[74.0958,34.0202],[74.0982,34.0263],[74.1009,34.033],[74.1054,34.0387],[74.1078,34.0379],[74.1123,34.035],[74.1177,34.036],[74.1205,34.0366],[74.1212,34.048],[74.1269,34.0465],[74.1361,34.0428],[74.1505,34.0386],[74.1515,34.0362],[74.1569,34.0336],[74.1653,34.0339],[74.1679,34.033],[74.1732,34.0283],[74.1802,34.026],[74.1856,34.0257],[74.189,34.0274],[74.1936,34.0323],[74.1981,34.0342],[74.2118,34.0346],[74.2189,34.0319],[74.23,34.0264],[74.2351,34.025],[74.2446,34.0245],[74.2512,34.0193],[74.2567,33.9993],[74.2532,34.0006],[74.2408,33.9996],[74.2354,34.0001],[74.232,34.0012],[74.2264,34.0008],[74.2226,34],[74.2133,33.997],[74.212,33.9954],[74.2095,33.9943],[74.2084,33.9936],[74.2072,33.9893],[74.206,33.9881],[74.2041,33.9875],[74.2011,33.9868],[74.1952,33.9838],[74.1952,33.9822],[74.1949,33.9802],[74.1932,33.9798],[74.1913,33.98],[74.1913,33.9801],[74.1912,33.9801],[74.1911,33.9801],[74.191,33.9801],[74.1909,33.9802],[74.1908,33.9802],[74.1907,33.9802],[74.1906,33.9803],[74.1905,33.9803],[74.1904,33.9803],[74.1904,33.9804],[74.1903,33.9804],[74.1902,33.9804],[74.1902,33.9805],[74.1901,33.9806],[74.1899,33.9809],[74.1898,33.981],[74.1898,33.9811],[74.1897,33.9811],[74.1897,33.9812],[74.1896,33.9812],[74.1896,33.9813],[74.1895,33.9814],[74.1894,33.9815],[74.1894,33.9816],[74.1893,33.9816],[74.1893,33.9817],[74.1892,33.9817],[74.1892,33.9818],[74.1886,33.9836],[74.1874,33.9844],[74.1868,33.9859],[74.1863,33.9873],[74.1849,33.9883],[74.1834,33.9897],[74.1804,33.9912],[74.1748,33.9878],[74.1669,33.9869],[74.1634,33.9891],[74.1588,33.9901],[74.1568,33.991],[74.1551,33.9917],[74.1535,33.993],[74.151,33.9959],[74.149,33.9964],[74.1394,33.9963],[74.1375,33.9955],[74.135,33.9954],[74.1316,33.9952],[74.1291,33.9953],[74.1265,33.995],[74.1224,33.9928],[74.1203,33.9906],[74.1185,33.9893],[74.1169,33.9871],[74.1144,33.9852],[74.1142,33.9815],[74.1142,33.9801],[74.1125,33.9768],[74.1111,33.9746],[74.1109,33.9744],[74.1108,33.9743],[74.1108,33.9742],[74.1107,33.974],[74.1106,33.9739],[74.1105,33.9737],[74.1104,33.9736],[74.1103,33.9735],[74.1103,33.9734],[74.1102,33.9734],[74.1102,33.9733],[74.1101,33.9732],[74.1101,33.9731],[74.11,33.973],[74.1099,33.9729],[74.1099,33.9728],[74.1098,33.9728],[74.1098,33.9727],[74.1001,33.9643],[74.0976,33.9627],[74.0952,33.9609],[74.0866,33.9609],[74.0744,33.964],[74.0711,33.9643],[74.0642,33.9644],[74.0602,33.9637],[74.0571,33.9626],[74.0534,33.9612],[74.0517,33.959],[74.0491,33.9566],[74.0462,33.9541],[74.0418,33.9525],[74.0345,33.9529],[74.0222,33.9511],[74.0198,33.9515],[74.0126,33.9529],[74.0079,33.9532],[74.0035,33.9536],[74.0001,33.9546],[73.9982,33.9577],[73.9981,33.9595],[73.9981,33.961],[73.9985,33.9627],[73.9988,33.9647],[73.9974,33.9695],[73.9989,33.9711],[74.0006,33.9723],[74,33.9745],[74.0004,33.9761],[73.9988,33.9773],[73.9951,33.9782],[73.9916,33.9791],[73.9875,33.9799],[73.9775,33.9852],[73.9755,33.9856],[73.9713,33.9853],[73.9678,33.9843],[73.9651,33.9834],[73.9611,33.9835],[73.9551,33.9862],[73.9525,33.9893],[73.9501,33.992],[73.9458,33.999],[73.9457,34.0069],[73.9413,34.0111],[73.9352,34.0133],[73.9271,34.0132],[73.923,34.0137],[73.9184,34.015],[73.9134,34.017],[73.9106,34.0176],[73.8942,34.0174],[73.8929,34.0185],[73.8886,34.02],[73.8836,34.0194],[73.8758,34.0192],[73.8726,34.0198],[73.8694,34.0194],[73.8658,34.0207],[73.8602,34.024],[73.8558,34.0285],[73.8544,34.031],[73.8523,34.0336],[73.8503,34.0367],[73.8493,34.0407],[73.8498,34.0463],[73.8492,34.0492],[73.849,34.0508],[73.8485,34.0529],[73.8484,34.0557],[73.8506,34.0622],[73.8499,34.0644],[73.8493,34.0661],[73.8487,34.0674],[73.846,34.0688],[73.8444,34.0698],[73.8404,34.0715],[73.8303,34.0792],[73.819,34.0851],[73.8155,34.0856],[73.8132,34.0863],[73.8106,34.0865],[73.8047,34.0865],[73.7996,34.0853],[73.797,34.0845],[73.7928,34.0822],[73.7903,34.0805],[73.7878,34.0792],[73.7858,34.0787],[73.7833,34.0791],[73.7748,34.0831],[73.7717,34.0833],[73.7681,34.0834],[73.7643,34.0836],[73.7611,34.0838],[73.7586,34.0849],[73.7561,34.0856],[73.7559,34.0856],[73.7557,34.0856],[73.7556,34.0856],[73.7555,34.0856],[73.7554,34.0857],[73.7552,34.0857],[73.7551,34.0857],[73.755,34.0857],[73.7549,34.0857],[73.7547,34.0857],[73.7546,34.0857],[73.7545,34.0857],[73.7544,34.0857],[73.7543,34.0857],[73.7541,34.0858],[73.754,34.0858],[73.7539,34.0858],[73.7538,34.0858],[73.7537,34.0858],[73.7536,34.0858],[73.7534,34.0858],[73.7528,34.0857],[73.7521,34.0857],[73.7506,34.0855],[73.7424,34.0827],[73.739,34.0819],[73.735,34.0813],[73.7318,34.0812],[73.7273,34.0813],[73.7243,34.0811],[73.7145,34.0784],[73.7112,34.0793],[73.7093,34.0809],[73.707,34.082],[73.7043,34.0831],[73.7006,34.0836],[73.6979,34.0831],[73.6956,34.0829],[73.694,34.0796],[73.6944,34.075],[73.6906,34.0693],[73.6859,34.0679],[73.6833,34.0678],[73.6806,34.0673],[73.6722,34.0628],[73.6637,34.0628],[73.6567,34.0624],[73.6537,34.0623],[73.6505,34.0621],[73.6477,34.0628],[73.6439,34.0626],[73.6347,34.0652],[73.6305,34.0693],[73.6303,34.0695],[73.6301,34.0698],[73.63,34.0699],[73.6299,34.07],[73.6298,34.0702],[73.6296,34.0704],[73.6295,34.0706],[73.6294,34.0707],[73.6292,34.0709],[73.6291,34.0711],[73.629,34.0713],[73.6289,34.0714],[73.6288,34.0716],[73.6286,34.0717],[73.6286,34.0718],[73.6285,34.0719],[73.6285,34.072],[73.6284,34.072],[73.6284,34.0721],[73.6283,34.0722],[73.6283,34.0723],[73.6283,34.0724],[73.6282,34.0725],[73.6282,34.0726],[73.6282,34.0727],[73.6282,34.0728],[73.6281,34.0729],[73.6281,34.0731],[73.6281,34.0732],[73.628,34.0734],[73.628,34.0737],[73.6279,34.0739],[73.6279,34.0741],[73.6279,34.0743],[73.6278,34.0745],[73.6283,34.0777],[73.6279,34.0805],[73.6279,34.0819],[73.6277,34.0835],[73.6223,34.0831],[73.62,34.0818],[73.6178,34.0814],[73.6166,34.0803],[73.6154,34.0791],[73.6149,34.076],[73.6154,34.0704],[73.6162,34.0688],[73.6167,34.0678],[73.6165,34.0654],[73.6164,34.0643],[73.6119,34.0683],[73.6031,34.0701],[73.5961,34.0729],[73.586,34.0798],[73.5719,34.0933],[73.5697,34.0994],[73.5674,34.1024],[73.5631,34.1033],[73.5506,34.1038],[73.5384,34.1031],[73.5357,34.1057],[73.5367,34.1071],[73.5381,34.1081],[73.538,34.1098],[73.538,34.1123],[73.5372,34.1141],[73.537,34.1179],[73.5384,34.121],[73.5379,34.1307],[73.5371,34.1327],[73.5357,34.1345],[73.533,34.1354],[73.5299,34.136],[73.522,34.1341],[73.52,34.1308],[73.5185,34.1296],[73.5224,34.1248],[73.5233,34.1237],[73.5236,34.123],[73.5228,34.1215],[73.5187,34.1179],[73.5188,34.1159],[73.5188,34.1158],[73.5187,34.1158],[73.5187,34.1157],[73.5187,34.1156],[73.5187,34.1155],[73.5187,34.1154],[73.5187,34.1153],[73.5187,34.1152],[73.5187,34.1151],[73.5187,34.115],[73.5187,34.1149],[73.5187,34.1148],[73.5187,34.1147],[73.5187,34.1146],[73.5187,34.1145],[73.5187,34.1144],[73.5187,34.1143],[73.5188,34.1143],[73.5188,34.1142],[73.5188,34.1141],[73.5188,34.114],[73.5188,34.1139],[73.5187,34.1137],[73.5185,34.1135],[73.5184,34.1134],[73.5183,34.1134],[73.5183,34.1133],[73.5182,34.1132],[73.5149,34.1142],[73.5101,34.1139],[73.5072,34.1136],[73.5012,34.1129],[73.4994,34.1197],[73.4951,34.2127],[73.4831,34.2661],[73.4887,34.3126],[73.4823,34.3129],[73.4749,34.2953],[73.4718,34.2918],[73.4638,34.3145],[73.4551,34.3152],[73.452,34.331],[73.4485,34.3374],[73.4434,34.3413],[73.4405,34.3572],[73.4331,34.3591],[73.4276,34.3645],[73.42,34.3793],[73.4118,34.382],[73.4106,34.3863],[73.4406,34.4442],[73.447,34.4671],[73.4512,34.4722],[73.4573,34.5417],[73.4565,34.5579],[73.4605,34.5623],[73.4663,34.5654],[73.4656,34.5815],[73.4714,34.5844],[73.4908,34.5835],[73.4975,34.5877],[73.5075,34.6021],[73.5136,34.6072],[73.6372,34.6063],[73.6428,34.6025],[73.6452,34.5861],[73.6507,34.5822],[73.6697,34.5843],[73.6773,34.5985],[73.6859,34.6288],[73.6923,34.644],[73.6967,34.6504],[73.7056,34.651],[73.716,34.6655],[73.7187,34.6721],[73.6915,34.6728],[73.6885,34.6793],[73.6889,34.6959],[73.6964,34.71],[73.7186,34.736],[73.7254,34.7406],[73.7442,34.7404],[73.7508,34.7546],[73.753,34.7857],[73.763,34.7846],[73.7709,34.7882],[73.7906,34.8055],[73.7986,34.8083],[73.9323,34.8051],[73.9388,34.8087],[73.9447,34.8246],[73.9499,34.8297],[73.9705,34.8276],[73.9784,34.8292],[73.9866,34.8515],[74.0066,34.8501],[74.0121,34.8553],[74.0197,34.8704],[74.0267,34.8737],[74.037,34.8725],[74.0426,34.8779],[74.0511,34.8922],[74.053,34.8996],[74.0519,34.9154],[74.0589,34.9301],[74.0644,34.9367],[74.0711,34.9411],[74.0823,34.9397],[74.0861,34.9433],[74.0809,34.9593],[74.0803,34.9751],[74.082,34.9827],[74.0905,34.997],[74.1031,35.0082],[74.1323,35.0071],[74.1333,35.023],[74.1303,35.03],[74.1114,35.0301],[74.1056,35.0358],[74.0979,35.051],[74.1039,35.0525],[74.109,35.058],[74.1256,35.0953],[74.1322,35.0988],[74.1468,35.0974],[74.1624,35.0864],[74.1886,35.0864],[74.2088,35.0852],[74.2219,35.0864],[74.2279,35.0828],[74.2255,35.0745],[74.2267,35.0674],[74.2433,35.0733],[74.2493,35.0674],[74.2481,35.0543],[74.2493,35.0448],[74.2528,35.0376],[74.2683,35.0352],[74.2814,35.0376],[74.297,35.0448],[74.2982,35.0531],[74.3006,35.0574],[74.3081,35.0602],[74.3333,35.0593],[74.3628,35.0569],[74.3799,35.0579],[74.3915,35.066],[74.4015,35.0812],[74.4191,35.1031],[74.4295,35.1131],[74.4395,35.1183],[74.4723,35.1159],[74.498,35.1069],[74.5151,35.095],[74.5328,35.0745],[74.5413,35.0669],[74.5389,35.0593],[74.5332,35.055],[74.5313,35.0412],[74.5351,35.0317],[74.5504,35.0245],[74.557,35.0198],[74.5661,35.0164],[74.5827,35.0136],[74.587,35.0098],[74.588,35.0031],[74.5865,34.9898],[74.5756,34.9741],[74.5713,34.966],[74.5713,34.9379],[74.577,34.9139]]]},"properties":{"ac_no":0,"ac_name":"","ac_category":"GEN","st_name":"JAMMU AND KASHMIR"}},{"type":"Feature","geometry":{"type":"Polygon","coordinates":[[[75.0833,33.7588],[75.0824,33.7587],[75.0786,33.7628],[75.0758,33.7682],[75.0742,33.7709],[75.0701,33.773],[75.0675,33.7735],[75.0668,33.7731],[75.0662,33.7722],[75.0643,33.7711],[75.0628,33.772],[75.0626,33.7725],[75.0618,33.7732],[75.0613,33.7736],[75.0608,33.7741],[75.0601,33.7744],[75.058,33.7739],[75.0573,33.7729],[75.0526,33.769],[75.052,33.769],[75.0489,33.7685],[75.0475,33.7645],[75.0415,33.7621],[75.0363,33.7635],[75.037,33.7661],[75.0411,33.77],[75.041,33.7737],[75.0409,33.7737],[75.0408,33.7737],[75.0406,33.7737],[75.0401,33.7737],[75.0397,33.7737],[75.0396,33.7737],[75.0395,33.7737],[75.0393,33.7737],[75.0391,33.7737],[75.039,33.7737],[75.0387,33.7737],[75.0386,33.7737],[75.0384,33.7737],[75.0383,33.7737],[75.0382,33.7737],[75.0359,33.7737],[75.0337,33.7724],[75.0317,33.7734],[75.0291,33.7758],[75.0284,33.7875],[75.0293,33.7923],[75.0329,33.7945],[75.0397,33.7965],[75.042,33.7969],[75.0443,33.7967],[75.0459,33.7968],[75.0466,33.7972],[75.0468,33.7974],[75.0472,33.7982],[75.0489,33.7997],[75.0494,33.8021],[75.0498,33.8041],[75.0498,33.8042],[75.05,33.8053],[75.0498,33.806],[75.0498,33.8063],[75.0493,33.8073],[75.0452,33.8102],[75.0421,33.812],[75.0425,33.813],[75.0433,33.8149],[75.0436,33.8155],[75.0452,33.8154],[75.0504,33.8142],[75.0547,33.8191],[75.0579,33.8205],[75.0592,33.8221],[75.0593,33.8235],[75.0587,33.8256],[75.0586,33.8257],[75.0618,33.8271],[75.0662,33.8278],[75.0677,33.8298],[75.0676,33.8299],[75.0675,33.8302],[75.0674,33.8303],[75.0673,33.8304],[75.0673,33.8305],[75.0671,33.8307],[75.067,33.8308],[75.0668,33.831],[75.0667,33.8312],[75.0665,33.8314],[75.0639,33.8348],[75.0592,33.8388],[75.0656,33.8396],[75.0639,33.8425],[75.061,33.847],[75.0661,33.8513],[75.0679,33.8531],[75.0693,33.8538],[75.0721,33.8511],[75.0787,33.8516],[75.0892,33.8501],[75.0971,33.8525],[75.0995,33.8547],[75.1042,33.8552],[75.1026,33.8613],[75.1035,33.865],[75.1086,33.8635],[75.1089,33.8683],[75.1114,33.8699],[75.1144,33.8692],[75.1194,33.8675],[75.1237,33.8676],[75.1333,33.8756],[75.1415,33.8734],[75.1485,33.8783],[75.1491,33.8793],[75.1504,33.8821],[75.1575,33.8872],[75.159,33.8889],[75.1594,33.8902],[75.1599,33.8923],[75.1602,33.8933],[75.1621,33.8966],[75.1628,33.8981],[75.1637,33.8994],[75.1653,33.9005],[75.1676,33.9015],[75.1698,33.902],[75.1737,33.9018],[75.1804,33.9022],[75.1824,33.9029],[75.1862,33.9048],[75.1942,33.9059],[75.1943,33.9059],[75.1953,33.9072],[75.1954,33.9073],[75.1976,33.9053],[75.1982,33.9043],[75.1989,33.903],[75.1991,33.8994],[75.1997,33.8973],[75.2,33.8958],[75.2001,33.8956],[75.2001,33.8954],[75.2004,33.8939],[75.2014,33.8926],[75.2011,33.8895],[75.1992,33.8871],[75.1998,33.8855],[75.2024,33.8825],[75.2038,33.8795],[75.2039,33.8792],[75.2038,33.8781],[75.2035,33.8758],[75.203,33.8744],[75.2024,33.8736],[75.2022,33.8735],[75.2013,33.8726],[75.2005,33.8718],[75.2004,33.8716],[75.2002,33.8714],[75.2004,33.8702],[75.2011,33.8685],[75.2014,33.8669],[75.2012,33.8641],[75.2046,33.8608],[75.2023,33.8556],[75.2032,33.8452],[75.2067,33.8431],[75.208,33.8416],[75.2096,33.8399],[75.2109,33.8377],[75.212,33.8342],[75.2138,33.8326],[75.2173,33.8308],[75.2177,33.8307],[75.2197,33.8297],[75.2213,33.8294],[75.2246,33.8294],[75.2286,33.8285],[75.232,33.8265],[75.2342,33.8256],[75.2348,33.825],[75.2364,33.8207],[75.2351,33.813],[75.2341,33.8066],[75.236,33.803],[75.236,33.8003],[75.236,33.799],[75.236,33.7985],[75.2355,33.798],[75.2333,33.796],[75.2293,33.7882],[75.2257,33.7833],[75.2224,33.7857],[75.2173,33.7874],[75.2068,33.7882],[75.2005,33.7896],[75.1928,33.7955],[75.1876,33.7944],[75.1878,33.7813],[75.1841,33.7803],[75.1764,33.7796],[75.167,33.7797],[75.1549,33.7759],[75.1505,33.7728],[75.1493,33.7705],[75.1484,33.7691],[75.1473,33.7675],[75.1463,33.7668],[75.1471,33.7612],[75.1458,33.7563],[75.141,33.7558],[75.1352,33.7528],[75.1322,33.7499],[75.1309,33.7501],[75.1306,33.7506],[75.13,33.7556],[75.1253,33.7595],[75.1278,33.7646],[75.1281,33.7671],[75.1236,33.7709],[75.1131,33.7694],[75.1044,33.7664],[75.0994,33.7679],[75.0942,33.7644],[75.0884,33.7639],[75.0874,33.7628],[75.0833,33.7588]]]},"properties":{"ac_no":45,"ac_name":"SRIGUFWARA - BIJBEHARA","ac_category":"GEN","st_name":"JAMMU AND KASHMIR"}},{"type":"Feature","geometry":{"type":"Polygon","coordinates":[[[75.5975,34.1978],[75.5952,34.1903],[75.5914,34.1854],[75.5911,34.1847],[75.591,34.1846],[75.5901,34.1807],[75.5905,34.179],[75.5915,34.1769],[75.5918,34.1757],[75.5918,34.1756],[75.591,34.1739],[75.5896,34.1731],[75.5882,34.1728],[75.5866,34.1725],[75.5864,34.1724],[75.5826,34.1704],[75.5822,34.17],[75.5801,34.1625],[75.5766,34.1558],[75.5728,34.1547],[75.5671,34.1559],[75.5611,34.155],[75.5603,34.1551],[75.559,34.1552],[75.5585,34.1552],[75.5555,34.1547],[75.5553,34.1544],[75.5547,34.1537],[75.5529,34.1514],[75.5519,34.1499],[75.552,34.1476],[75.5524,34.1467],[75.5486,34.1382],[75.5469,34.1371],[75.5456,34.1363],[75.5445,34.1355],[75.5441,34.1353],[75.5445,34.131],[75.543,34.1278],[75.5427,34.1256],[75.5425,34.1252],[75.5409,34.1234],[75.5369,34.1196],[75.5367,34.1157],[75.5397,34.1126],[75.5404,34.1093],[75.5394,34.1074],[75.5363,34.1031],[75.533,34.1015],[75.5309,34.0955],[75.5348,34.0831],[75.5328,34.08],[75.5358,34.0723],[75.5347,34.0686],[75.5351,34.067],[75.5351,34.0664],[75.5351,34.0633],[75.5305,34.0563],[75.5299,34.0533],[75.5253,34.0509],[75.5249,34.0505],[75.5237,34.0481],[75.5241,34.047],[75.5245,34.046],[75.5227,34.0453],[75.5181,34.0415],[75.5147,34.0402],[75.5079,34.0384],[75.5074,34.0385],[75.5072,34.0385],[75.5065,34.0385],[75.505,34.039],[75.5042,34.0393],[75.5031,34.0396],[75.5026,34.0395],[75.5025,34.0395],[75.5004,34.0392],[75.4986,34.0405],[75.4979,34.0433],[75.494,34.0439],[75.4919,34.0444],[75.4912,34.0445],[75.4904,34.0444],[75.4886,34.0439],[75.486,34.0433],[75.4838,34.0393],[75.4835,34.0387],[75.4827,34.0384],[75.4814,34.0382],[75.4744,34.0413],[75.4698,34.0416],[75.4683,34.0428],[75.4661,34.0424],[75.4635,34.0418],[75.4634,34.0417],[75.4629,34.0373],[75.4579,34.0365],[75.4525,34.0407],[75.4489,34.0393],[75.4499,34.0344],[75.4479,34.0327],[75.4442,34.0309],[75.4453,34.0272],[75.4383,34.0224],[75.438,34.0218],[75.4379,34.0203],[75.437,34.02],[75.4357,34.0196],[75.4363,34.0167],[75.4364,34.0146],[75.4377,34.0139],[75.4386,34.0133],[75.4405,34.003],[75.4383,33.9998],[75.4385,33.9972],[75.4384,33.9969],[75.4378,33.9957],[75.4373,33.9951],[75.4327,33.9929],[75.4321,33.992],[75.432,33.9904],[75.4319,33.989],[75.4319,33.9877],[75.4323,33.9846],[75.4247,33.9816],[75.4184,33.9807],[75.4164,33.9798],[75.4162,33.9775],[75.4136,33.9738],[75.409,33.9703],[75.4032,33.9667],[75.403,33.9666],[75.4002,33.9653],[75.3988,33.9648],[75.3975,33.9642],[75.3972,33.9637],[75.3967,33.9618],[75.3969,33.9613],[75.3971,33.9603],[75.3975,33.959],[75.3966,33.9564],[75.3974,33.9536],[75.3971,33.948],[75.397,33.9462],[75.3971,33.9455],[75.399,33.9412],[75.3987,33.9385],[75.3969,33.9375],[75.3954,33.9374],[75.394,33.9374],[75.392,33.9376],[75.3916,33.9369],[75.4,33.9319],[75.3997,33.9298],[75.397,33.9222],[75.3964,33.9206],[75.3956,33.9201],[75.3943,33.9194],[75.3944,33.9188],[75.3944,33.9182],[75.3945,33.9173],[75.3973,33.913],[75.3982,33.9114],[75.3946,33.9086],[75.3951,33.9036],[75.3953,33.9029],[75.3958,33.9023],[75.4,33.8992],[75.4004,33.8984],[75.4004,33.8977],[75.4004,33.8963],[75.4009,33.8949],[75.406,33.8922],[75.4117,33.8917],[75.4131,33.8903],[75.4163,33.8848],[75.4165,33.8799],[75.4164,33.8788],[75.4167,33.8779],[75.4187,33.8714],[75.4278,33.8551],[75.4286,33.8514],[75.4282,33.8507],[75.4281,33.8499],[75.4281,33.8491],[75.4274,33.8476],[75.4267,33.8468],[75.4258,33.8465],[75.4251,33.8463],[75.4242,33.8461],[75.4219,33.8459],[75.4152,33.8459],[75.4143,33.8457],[75.4097,33.8457],[75.403,33.8436],[75.3924,33.8314],[75.391,33.8282],[75.3885,33.8253],[75.3882,33.8248],[75.3873,33.824],[75.3862,33.8232],[75.3848,33.8225],[75.3751,33.8185],[75.3664,33.8128],[75.3572,33.8048],[75.348,33.8037],[75.3436,33.8018],[75.3393,33.7966],[75.3315,33.7928],[75.3294,33.7928],[75.3288,33.7928],[75.3242,33.7939],[75.3114,33.7938],[75.308,33.7955],[75.3064,33.7966],[75.3061,33.7965],[75.3048,33.7968],[75.3041,33.7967],[75.3031,33.7972],[75.3023,33.7971],[75.3006,33.7973],[75.2997,33.7981],[75.2985,33.7988],[75.2966,33.7992],[75.2949,33.8006],[75.2923,33.8031],[75.2904,33.8051],[75.2896,33.8052],[75.2871,33.8053],[75.2855,33.8059],[75.2775,33.8102],[75.2714,33.8125],[75.2676,33.8132],[75.2673,33.8133],[75.266,33.8141],[75.2634,33.8149],[75.2624,33.8148],[75.2621,33.8148],[75.261,33.8141],[75.2588,33.8136],[75.2579,33.8134],[75.2556,33.8156],[75.2549,33.8164],[75.2546,33.8168],[75.2538,33.8177],[75.2512,33.8208],[75.2494,33.8219],[75.248,33.8224],[75.2427,33.823],[75.2415,33.8239],[75.2377,33.8246],[75.2377,33.8245],[75.2369,33.8246],[75.2348,33.825],[75.2342,33.8256],[75.232,33.8265],[75.2286,33.8285],[75.2246,33.8294],[75.2213,33.8294],[75.2197,33.8297],[75.2177,33.8307],[75.2173,33.8308],[75.2138,33.8326],[75.212,33.8342],[75.2109,33.8377],[75.2096,33.8399],[75.208,33.8416],[75.2067,33.8431],[75.2032,33.8452],[75.2023,33.8556],[75.2046,33.8608],[75.2012,33.8641],[75.2014,33.8669],[75.2011,33.8685],[75.2004,33.8702],[75.2002,33.8714],[75.2004,33.8716],[75.2005,33.8718],[75.2013,33.8726],[75.2022,33.8735],[75.2024,33.8736],[75.203,33.8744],[75.2031,33.8747],[75.2035,33.8758],[75.2038,33.8781],[75.2039,33.8792],[75.2038,33.8795],[75.2024,33.8825],[75.1992,33.8871],[75.2011,33.8895],[75.2014,33.8926],[75.2004,33.8939],[75.2001,33.8954],[75.2001,33.8956],[75.2,33.8958],[75.1997,33.8973],[75.1991,33.8994],[75.1989,33.903],[75.1982,33.9043],[75.1976,33.9053],[75.197,33.9056],[75.1954,33.9073],[75.1983,33.911],[75.1987,33.9119],[75.1994,33.9157],[75.2027,33.9214],[75.2147,33.9355],[75.2199,33.9432],[75.2205,33.9443],[75.2208,33.9448],[75.2252,33.9522],[75.2267,33.9552],[75.2237,33.9632],[75.2211,33.9781],[75.2211,33.9841],[75.2233,33.9901],[75.2239,33.9941],[75.224,33.9954],[75.224,34.0057],[75.2267,34.0099],[75.2268,34.0102],[75.2263,34.0112],[75.224,34.0157],[75.2243,34.0179],[75.2281,34.0195],[75.2335,34.021],[75.2348,34.022],[75.2353,34.0235],[75.2359,34.0253],[75.2355,34.0285],[75.2339,34.0321],[75.2332,34.0329],[75.2215,34.0362],[75.2185,34.0388],[75.2166,34.0521],[75.2141,34.0522],[75.2105,34.0532],[75.2102,34.0539],[75.2112,34.0551],[75.2113,34.0564],[75.2113,34.0577],[75.2108,34.0589],[75.2101,34.0597],[75.2078,34.061],[75.2069,34.0618],[75.206,34.063],[75.2056,34.0639],[75.2052,34.0652],[75.2047,34.0666],[75.2047,34.0675],[75.2053,34.0693],[75.197,34.0675],[75.1884,34.0691],[75.1876,34.0698],[75.1852,34.0716],[75.1841,34.072],[75.179,34.0719],[75.1766,34.0723],[75.1752,34.0728],[75.1642,34.0789],[75.1608,34.0796],[75.1587,34.0795],[75.1577,34.079],[75.1561,34.0785],[75.1557,34.0786],[75.1549,34.0798],[75.1544,34.0834],[75.1516,34.0881],[75.1508,34.0904],[75.1493,34.0951],[75.1473,34.0957],[75.146,34.0956],[75.1427,34.0961],[75.1426,34.0964],[75.1423,34.097],[75.142,34.0991],[75.1415,34.1011],[75.1414,34.1013],[75.1395,34.1063],[75.1396,34.1071],[75.1406,34.1114],[75.141,34.1139],[75.1412,34.1148],[75.1417,34.1165],[75.1469,34.1221],[75.147,34.1223],[75.1465,34.123],[75.1456,34.1241],[75.1434,34.1281],[75.1416,34.1299],[75.14,34.1318],[75.1397,34.1322],[75.1382,34.1341],[75.1379,34.1395],[75.1315,34.1436],[75.1131,34.1518],[75.1036,34.1524],[75.0992,34.1542],[75.0986,34.1548],[75.098,34.1556],[75.099,34.156],[75.0994,34.1563],[75.0995,34.1563],[75.1029,34.1574],[75.1054,34.1588],[75.1068,34.1609],[75.1051,34.1647],[75.1048,34.1654],[75.1045,34.1708],[75.1068,34.1716],[75.1155,34.1705],[75.1167,34.1704],[75.124,34.1698],[75.1268,34.1688],[75.1323,34.172],[75.1348,34.176],[75.137,34.1803],[75.1383,34.1828],[75.1368,34.1867],[75.1281,34.1935],[75.126,34.1956],[75.1276,34.1967],[75.1294,34.1974],[75.1315,34.1982],[75.1322,34.199],[75.1332,34.1998],[75.134,34.2005],[75.139,34.2003],[75.1398,34.2003],[75.1456,34.2003],[75.1498,34.2026],[75.1527,34.2058],[75.1528,34.2059],[75.1551,34.2074],[75.1554,34.2075],[75.1562,34.207],[75.1593,34.2045],[75.1603,34.2039],[75.1604,34.2039],[75.1629,34.2038],[75.1637,34.2039],[75.1662,34.204],[75.1689,34.2042],[75.1708,34.2041],[75.1749,34.2021],[75.1825,34.1958],[75.1905,34.197],[75.1947,34.2021],[75.1946,34.2145],[75.2009,34.2183],[75.2048,34.2208],[75.2053,34.2235],[75.2054,34.2237],[75.2069,34.2278],[75.207,34.2279],[75.2105,34.2299],[75.2194,34.2303],[75.2258,34.2345],[75.2352,34.2344],[75.2443,34.2427],[75.2467,34.2435],[75.2496,34.2434],[75.2515,34.2444],[75.2554,34.2468],[75.2599,34.2476],[75.2601,34.2477],[75.2609,34.2486],[75.2609,34.252],[75.264,34.2551],[75.2705,34.2538],[75.2772,34.2495],[75.2856,34.2502],[75.2877,34.2488],[75.2891,34.2478],[75.2894,34.2474],[75.2894,34.2473],[75.2895,34.2451],[75.2893,34.2424],[75.2896,34.2413],[75.2939,34.2379],[75.2954,34.2369],[75.2967,34.2365],[75.298,34.2362],[75.3067,34.236],[75.3156,34.2334],[75.3157,34.2334],[75.3189,34.2316],[75.3198,34.2309],[75.3199,34.2309],[75.3196,34.2301],[75.3194,34.2294],[75.3251,34.2243],[75.3327,34.2206],[75.3328,34.2193],[75.3326,34.2172],[75.3345,34.2158],[75.3356,34.2152],[75.3369,34.2147],[75.3451,34.2136],[75.3506,34.2138],[75.3554,34.2121],[75.3672,34.2131],[75.3756,34.2085],[75.3806,34.2066],[75.384,34.2076],[75.3931,34.2124],[75.3943,34.213],[75.3944,34.213],[75.3977,34.2144],[75.4006,34.2151],[75.4023,34.2154],[75.4036,34.2157],[75.405,34.2162],[75.4067,34.2174],[75.4076,34.2191],[75.4065,34.2217],[75.4068,34.2285],[75.4087,34.2329],[75.41,34.2337],[75.4114,34.2346],[75.4123,34.2358],[75.4129,34.2367],[75.4132,34.2369],[75.4138,34.2374],[75.415,34.2366],[75.4188,34.2346],[75.4221,34.2329],[75.4309,34.2299],[75.4324,34.2286],[75.4328,34.2284],[75.4341,34.2274],[75.4368,34.2254],[75.4434,34.2193],[75.4437,34.219],[75.4501,34.2162],[75.4546,34.2128],[75.46,34.2106],[75.4629,34.2111],[75.4654,34.2104],[75.4699,34.2088],[75.47,34.2087],[75.4703,34.2106],[75.4726,34.2151],[75.4783,34.2197],[75.4874,34.2234],[75.4936,34.2243],[75.4951,34.2249],[75.4969,34.2264],[75.4985,34.2308],[75.4999,34.2339],[75.5016,34.2338],[75.5015,34.234],[75.5048,34.2344],[75.5062,34.2344],[75.5113,34.2303],[75.5185,34.2269],[75.5254,34.2294],[75.5309,34.2267],[75.5331,34.2272],[75.5376,34.2239],[75.5428,34.2231],[75.5518,34.2159],[75.5589,34.2112],[75.5735,34.2111],[75.584,34.214],[75.5912,34.2072],[75.5928,34.2029],[75.5975,34.1978]]]},"properties":{"ac_no":47,"ac_name":"PAHALGAM","ac_category":"GEN","st_name":"JAMMU AND KASHMIR"}},{"type":"Feature","geometry":{"type":"Polygon","coordinates":[[[74.9362,34.4618],[74.9255,34.4696],[74.9062,34.4761],[74.8897,34.4797],[74.8692,34.4928],[74.8476,34.502],[74.832,34.5204],[74.7891,34.5373],[74.7543,34.5527],[74.7019,34.5656],[74.6914,34.579],[74.6531,34.5966],[74.6233,34.6004],[74.5906,34.6104],[74.5816,34.6229],[74.5702,34.6273],[74.5549,34.6185],[74.5464,34.6211],[74.5474,34.6242],[74.5502,34.6258],[74.5537,34.6272],[74.5589,34.63],[74.5639,34.6404],[74.5652,34.6466],[74.5652,34.654],[74.5637,34.6609],[74.563,34.6677],[74.563,34.674],[74.5667,34.6877],[74.5695,34.6922],[74.5782,34.6993],[74.5865,34.7067],[74.5909,34.7113],[74.594,34.7162],[74.598,34.7227],[74.6061,34.7378],[74.5998,34.75],[74.5981,34.7563],[74.5918,34.7653],[74.5817,34.7725],[74.5682,34.7777],[74.5657,34.7783],[74.5448,34.7822],[74.5314,34.7838],[74.5202,34.7831],[74.5132,34.7842],[74.4998,34.7883],[74.4924,34.7856],[74.4855,34.7833],[74.4818,34.7825],[74.4774,34.7829],[74.4698,34.7857],[74.4621,34.788],[74.4563,34.789],[74.4502,34.7879],[74.4437,34.785],[74.4377,34.7837],[74.4274,34.7846],[74.4227,34.787],[74.4167,34.7886],[74.4117,34.7886],[74.3966,34.7843],[74.393,34.785],[74.3858,34.7887],[74.3776,34.7908],[74.3727,34.7903],[74.3597,34.7863],[74.3523,34.7852],[74.3415,34.7861],[74.335,34.7878],[74.3302,34.7911],[74.3303,34.7912],[74.3304,34.7912],[74.3307,34.7913],[74.3308,34.7913],[74.3309,34.7914],[74.3322,34.7917],[74.3324,34.7918],[74.333,34.792],[74.3331,34.792],[74.3336,34.7922],[74.3337,34.7922],[74.3338,34.7922],[74.3339,34.7923],[74.334,34.7923],[74.3341,34.7923],[74.3343,34.7924],[74.3344,34.7924],[74.3348,34.7925],[74.3349,34.7926],[74.3351,34.7926],[74.3352,34.7927],[74.3358,34.7928],[74.336,34.7929],[74.3361,34.7929],[74.3362,34.793],[74.3365,34.793],[74.3368,34.7931],[74.3369,34.7932],[74.3371,34.7932],[74.3372,34.7933],[74.3373,34.7933],[74.3374,34.7933],[74.3375,34.7933],[74.3377,34.7934],[74.3378,34.7934],[74.338,34.7935],[74.3382,34.7935],[74.3382,34.7936],[74.3385,34.7936],[74.3386,34.7937],[74.3388,34.7937],[74.339,34.7938],[74.3392,34.7938],[74.3393,34.7939],[74.3395,34.7939],[74.3408,34.7943],[74.3408,34.7944],[74.3409,34.7944],[74.341,34.7944],[74.3411,34.7944],[74.3412,34.7944],[74.3413,34.7945],[74.3414,34.7945],[74.3415,34.7945],[74.3416,34.7946],[74.3419,34.7947],[74.342,34.7947],[74.3421,34.7947],[74.3422,34.7948],[74.3439,34.7953],[74.344,34.7953],[74.3441,34.7953],[74.3442,34.7954],[74.3443,34.7954],[74.3444,34.7954],[74.3445,34.7955],[74.3446,34.7955],[74.3447,34.7955],[74.3448,34.7955],[74.3449,34.7956],[74.345,34.7956],[74.3451,34.7956],[74.3771,34.8021],[74.3914,34.8043],[74.4135,34.8099],[74.4182,34.8148],[74.4252,34.8174],[74.4299,34.8224],[74.432,34.8322],[74.434,34.8465],[74.4464,34.8531],[74.4563,34.8607],[74.4623,34.8627],[74.4783,34.8649],[74.4902,34.8657],[74.5014,34.8717],[74.5091,34.8718],[74.5236,34.8642],[74.5391,34.8659],[74.5449,34.8714],[74.5549,34.879],[74.5679,34.8831],[74.5714,34.8886],[74.5728,34.9004],[74.577,34.9139],[74.5903,34.9158],[74.5965,34.9218],[74.6042,34.9248],[74.6201,34.9206],[74.6343,34.9099],[74.6464,34.9036],[74.6625,34.9068],[74.6641,34.9004],[74.6842,34.8788],[74.6982,34.8807],[74.7017,34.883],[74.7115,34.8809],[74.7115,34.8786],[74.7167,34.8665],[74.7202,34.8648],[74.7294,34.8632],[74.7395,34.8541],[74.7403,34.8484],[74.7502,34.845],[74.7628,34.8441],[74.7769,34.8408],[74.7804,34.8432],[74.7878,34.8525],[74.7985,34.8521],[74.8076,34.8505],[74.8133,34.8436],[74.8233,34.8374],[74.831,34.8398],[74.8397,34.8407],[74.8532,34.8311],[74.861,34.8283],[74.8722,34.8302],[74.8871,34.8223],[74.8986,34.8097],[74.9015,34.8016],[74.9073,34.7925],[74.9186,34.7851],[74.9298,34.787],[74.9416,34.7947],[74.9506,34.8017],[74.9567,34.8081],[74.9665,34.8135],[74.9796,34.8235],[75.0163,34.8483],[75.0311,34.8484],[75.0438,34.8434],[75.0571,34.8423],[75.064,34.8471],[75.0653,34.8575],[75.0636,34.8708],[75.0644,34.8884],[75.0641,34.9052],[75.0716,34.9192],[75.1013,34.9191],[75.117,34.9013],[75.1316,34.8862],[75.142,34.875],[75.1428,34.8616],[75.1442,34.8503],[75.1581,34.8455],[75.1726,34.8427],[75.1906,34.8349],[75.2106,34.8248],[75.2232,34.8175],[75.2397,34.8018],[75.2477,34.7876],[75.2563,34.7739],[75.2541,34.76],[75.2509,34.7499],[75.2636,34.7446],[75.2626,34.7317],[75.2543,34.7217],[75.2557,34.7113],[75.2582,34.7025],[75.2583,34.6976],[75.2482,34.6945],[75.2321,34.6908],[75.225,34.6824],[75.2162,34.6729],[75.2079,34.6654],[75.2056,34.6594],[75.2045,34.6535],[75.2104,34.6536],[75.2182,34.6516],[75.2095,34.6477],[75.206,34.6438],[75.2081,34.6387],[75.2115,34.6386],[75.2206,34.6338],[75.2253,34.6346],[75.2306,34.6332],[75.2329,34.6362],[75.2415,34.6378],[75.2469,34.634],[75.2504,34.6302],[75.2541,34.6283],[75.2576,34.6186],[75.2583,34.6146],[75.2566,34.6105],[75.2533,34.6075],[75.2534,34.6041],[75.2641,34.6027],[75.2691,34.5979],[75.2736,34.597],[75.278,34.5944],[75.2864,34.5954],[75.2882,34.5904],[75.2952,34.5873],[75.3011,34.5858],[75.3064,34.5787],[75.3119,34.5767],[75.315,34.5696],[75.3199,34.5648],[75.3237,34.5658],[75.3285,34.5688],[75.3337,34.568],[75.3379,34.5647],[75.3442,34.563],[75.3527,34.5532],[75.3535,34.5498],[75.3611,34.5402],[75.3656,34.5381],[75.3643,34.53],[75.3664,34.5245],[75.364,34.5219],[75.3572,34.5213],[75.3545,34.5196],[75.3517,34.5144],[75.3502,34.5077],[75.3473,34.5016],[75.3473,34.4956],[75.3432,34.4902],[75.3446,34.485],[75.3502,34.4801],[75.3496,34.4753],[75.3532,34.4691],[75.3491,34.4635],[75.3392,34.4586],[75.3372,34.4517],[75.3326,34.4519],[75.3305,34.4503],[75.3329,34.4471],[75.3328,34.4426],[75.3283,34.4408],[75.3286,34.4374],[75.3342,34.4332],[75.3348,34.4295],[75.3432,34.4268],[75.3459,34.4273],[75.3538,34.4246],[75.3574,34.418],[75.3651,34.4185],[75.3712,34.4138],[75.3728,34.4109],[75.3691,34.4005],[75.3666,34.3977],[75.367,34.391],[75.3651,34.3882],[75.3613,34.3862],[75.3562,34.3849],[75.3504,34.3773],[75.3466,34.3759],[75.3431,34.3749],[75.3421,34.3747],[75.3417,34.3745],[75.3413,34.3745],[75.3403,34.3743],[75.3375,34.3697],[75.3376,34.3687],[75.3376,34.368],[75.3361,34.3644],[75.336,34.3615],[75.332,34.3576],[75.3215,34.3591],[75.3176,34.3663],[75.3121,34.3663],[75.3061,34.3645],[75.3042,34.3658],[75.3023,34.3658],[75.2996,34.3652],[75.2983,34.3652],[75.2971,34.3652],[75.2961,34.3646],[75.2943,34.3627],[75.2929,34.3624],[75.2909,34.3632],[75.2884,34.3635],[75.2875,34.3633],[75.2859,34.3629],[75.2855,34.363],[75.2845,34.3631],[75.2812,34.364],[75.2736,34.3632],[75.2717,34.3644],[75.2709,34.3658],[75.2708,34.3674],[75.2705,34.3682],[75.2702,34.3686],[75.2699,34.3689],[75.269,34.3695],[75.2678,34.3705],[75.2677,34.3706],[75.2673,34.3708],[75.2664,34.3714],[75.2655,34.3724],[75.265,34.3737],[75.2649,34.3756],[75.2599,34.3764],[75.2578,34.3763],[75.2558,34.376],[75.2542,34.3756],[75.2515,34.3754],[75.2392,34.3698],[75.2343,34.3738],[75.2236,34.3769],[75.2205,34.3787],[75.2134,34.3854],[75.2074,34.3857],[75.2047,34.3849],[75.2025,34.3851],[75.2018,34.3855],[75.2007,34.3851],[75.2009,34.3789],[75.1968,34.3747],[75.198,34.3729],[75.1988,34.3719],[75.1995,34.371],[75.1988,34.3667],[75.1982,34.3661],[75.1974,34.3653],[75.1968,34.3646],[75.1945,34.3612],[75.1936,34.3604],[75.1915,34.3601],[75.1876,34.3603],[75.1865,34.3582],[75.1778,34.3533],[75.1758,34.3532],[75.1751,34.3529],[75.1741,34.3522],[75.1722,34.3526],[75.1701,34.3532],[75.1667,34.3534],[75.1658,34.3528],[75.1649,34.3522],[75.1633,34.3496],[75.1614,34.3483],[75.1595,34.3481],[75.1585,34.3481],[75.154,34.3456],[75.1507,34.3453],[75.1489,34.3456],[75.1483,34.3461],[75.1461,34.3483],[75.1416,34.349],[75.1393,34.3515],[75.1364,34.3516],[75.1348,34.3507],[75.1345,34.3504],[75.1339,34.3502],[75.1322,34.35],[75.1306,34.3501],[75.1294,34.3507],[75.1285,34.3513],[75.1281,34.3522],[75.1278,34.3533],[75.1276,34.3538],[75.1275,34.3539],[75.1263,34.3545],[75.1241,34.3568],[75.1236,34.3574],[75.1231,34.358],[75.1228,34.3585],[75.1226,34.3589],[75.1224,34.3595],[75.1221,34.3618],[75.1191,34.3636],[75.115,34.3641],[75.1141,34.3685],[75.1119,34.3684],[75.11,34.3687],[75.1091,34.3696],[75.1073,34.3713],[75.1066,34.3722],[75.1056,34.3727],[75.1036,34.3727],[75.1,34.3713],[75.0962,34.3733],[75.0938,34.3741],[75.0925,34.3746],[75.0923,34.3746],[75.0917,34.3748],[75.0909,34.3768],[75.0867,34.3801],[75.0861,34.3807],[75.0857,34.3813],[75.0841,34.3823],[75.0816,34.385],[75.0781,34.3876],[75.0732,34.3924],[75.0731,34.394],[75.0723,34.3946],[75.0729,34.3952],[75.0739,34.396],[75.0738,34.3963],[75.0737,34.397],[75.0735,34.3979],[75.0732,34.3989],[75.0729,34.3995],[75.0722,34.4001],[75.0718,34.4005],[75.071,34.401],[75.0701,34.402],[75.0693,34.4027],[75.0686,34.4031],[75.0681,34.4037],[75.0564,34.4089],[75.0491,34.4105],[75.0445,34.4149],[75.041,34.415],[75.0394,34.4152],[75.039,34.4153],[75.0328,34.4153],[75.0321,34.4157],[75.0313,34.4167],[75.0288,34.4187],[75.0269,34.4194],[75.0253,34.4206],[75.0227,34.4236],[75.022,34.4241],[75.0219,34.4247],[75.0216,34.4256],[75.0204,34.4274],[75.0199,34.4278],[75.0194,34.4283],[75.0196,34.4293],[75.021,34.4311],[75.02,34.4351],[75.0203,34.436],[75.0208,34.4367],[75.021,34.4372],[75.0212,34.4378],[75.0214,34.4382],[75.0208,34.4389],[75.0188,34.4394],[75.0176,34.4397],[75.0117,34.4398],[75.0112,34.4401],[75.0108,34.4415],[75.0112,34.4422],[75.0117,34.4426],[75.0118,34.4431],[75.0117,34.4435],[75.0113,34.4437],[75.0104,34.4438],[75.0094,34.4439],[75.0081,34.4442],[75.0074,34.4442],[75.0063,34.444],[75.0061,34.4438],[75.0037,34.4434],[75.0012,34.4422],[74.996,34.4445],[74.9902,34.4454],[74.9747,34.4437],[74.9625,34.4442],[74.9545,34.4482],[74.9524,34.4515],[74.952,34.4526],[74.952,34.4532],[74.9519,34.4533],[74.9519,34.4569],[74.9507,34.4617],[74.9503,34.4623],[74.95,34.4628],[74.9497,34.463],[74.9487,34.4636],[74.9433,34.4649],[74.9408,34.4643],[74.939,34.4627],[74.9383,34.4621],[74.9379,34.4621],[74.9362,34.4618]]]},"properties":{"ac_no":16,"ac_name":"GUREZ","ac_category":"ST","st_name":"JAMMU AND KASHMIR"}},{"type":"Feature","geometry":{"type":"Polygon","coordinates":[[[74.7975,34.3427],[74.7965,34.3478],[74.7924,34.3567],[74.785,34.363],[74.7799,34.37],[74.7629,34.3853],[74.7584,34.3861],[74.7569,34.3938],[74.7565,34.4018],[74.753,34.4049],[74.7405,34.4056],[74.737,34.4047],[74.7317,34.4064],[74.7299,34.4073],[74.7262,34.4036],[74.7233,34.406],[74.7141,34.4078],[74.7088,34.4079],[74.7021,34.4101],[74.6998,34.4109],[74.6929,34.4086],[74.6857,34.4095],[74.6851,34.4035],[74.677,34.4053],[74.6763,34.4044],[74.6647,34.3959],[74.6618,34.3996],[74.6559,34.4002],[74.6466,34.3966],[74.6429,34.3929],[74.6445,34.387],[74.6481,34.388],[74.6507,34.3919],[74.6535,34.3907],[74.6598,34.392],[74.6661,34.3888],[74.671,34.3819],[74.671,34.3785],[74.67,34.3771],[74.6646,34.366],[74.6568,34.3624],[74.6587,34.3604],[74.6585,34.3565],[74.656,34.352],[74.6574,34.3485],[74.6517,34.3489],[74.6415,34.3484],[74.6345,34.3455],[74.6287,34.3469],[74.6273,34.3489],[74.6198,34.3509],[74.6194,34.3505],[74.6175,34.3483],[74.6205,34.3454],[74.6262,34.3438],[74.6279,34.3376],[74.6201,34.3417],[74.6176,34.3407],[74.6083,34.3447],[74.6036,34.3498],[74.6001,34.3487],[74.5951,34.3435],[74.5916,34.3424],[74.5926,34.3383],[74.6019,34.3391],[74.6027,34.3393],[74.6044,34.3382],[74.6056,34.3349],[74.606,34.3333],[74.6044,34.3322],[74.5966,34.3297],[74.5893,34.3312],[74.5788,34.3303],[74.5711,34.3237],[74.5711,34.3233],[74.571,34.3221],[74.5711,34.3213],[74.572,34.315],[74.574,34.3117],[74.5755,34.304],[74.578,34.2991],[74.5782,34.2943],[74.5813,34.2929],[74.5854,34.2867],[74.5872,34.2792],[74.5876,34.2761],[74.5881,34.2699],[74.5943,34.2667],[74.5931,34.2633],[74.5927,34.2555],[74.5896,34.2549],[74.5788,34.2524],[74.5786,34.2521],[74.5821,34.2512],[74.5829,34.2512],[74.5828,34.2469],[74.5761,34.2437],[74.576,34.2437],[74.5759,34.2436],[74.576,34.2432],[74.5794,34.2408],[74.578,34.2415],[74.5779,34.2415],[74.5741,34.2426],[74.5741,34.2425],[74.574,34.2425],[74.5707,34.2383],[74.568,34.2316],[74.5643,34.228],[74.5639,34.2281],[74.5586,34.2287],[74.5546,34.23],[74.5472,34.2384],[74.5389,34.2434],[74.5397,34.2474],[74.5328,34.2558],[74.529,34.2641],[74.5268,34.2651],[74.5282,34.2731],[74.5301,34.2771],[74.5302,34.2777],[74.5311,34.2804],[74.5292,34.2856],[74.5265,34.2876],[74.5254,34.2954],[74.5219,34.2922],[74.516,34.2892],[74.5105,34.2882],[74.5166,34.2948],[74.5181,34.2984],[74.5204,34.3027],[74.5209,34.3119],[74.5187,34.3203],[74.5201,34.3269],[74.5222,34.3303],[74.5263,34.3328],[74.532,34.3563],[74.5286,34.3585],[74.5239,34.3614],[74.5219,34.3659],[74.5175,34.3695],[74.5154,34.374],[74.5149,34.3799],[74.5096,34.3874],[74.5087,34.3933],[74.5109,34.394],[74.5098,34.4002],[74.5055,34.4079],[74.4983,34.4153],[74.4913,34.4194],[74.4794,34.4326],[74.4772,34.4374],[74.4792,34.4445],[74.483,34.4588],[74.4851,34.4625],[74.49,34.4662],[74.5007,34.4725],[74.5089,34.4781],[74.5178,34.4842],[74.5191,34.4916],[74.5202,34.4986],[74.5208,34.502],[74.5331,34.5104],[74.5349,34.5121],[74.5323,34.519],[74.5334,34.5239],[74.5341,34.5294],[74.5314,34.5381],[74.5281,34.5429],[74.5215,34.5496],[74.5217,34.5527],[74.5238,34.5578],[74.5257,34.561],[74.5278,34.5684],[74.529,34.5715],[74.5318,34.5749],[74.5325,34.5788],[74.5332,34.5827],[74.5372,34.5863],[74.5416,34.5902],[74.5447,34.5973],[74.5475,34.6045],[74.5477,34.6112],[74.5464,34.6182],[74.5464,34.6211],[74.5549,34.6185],[74.5702,34.6273],[74.5816,34.6229],[74.5906,34.6104],[74.6233,34.6004],[74.6531,34.5966],[74.6914,34.579],[74.7019,34.5656],[74.7543,34.5527],[74.7891,34.5373],[74.832,34.5204],[74.8476,34.502],[74.8692,34.4928],[74.8897,34.4797],[74.9062,34.4761],[74.9255,34.4696],[74.9362,34.4618],[74.936,34.4619],[74.9354,34.462],[74.9316,34.4624],[74.9259,34.4563],[74.9236,34.4571],[74.9211,34.4576],[74.9197,34.4576],[74.9185,34.4566],[74.9167,34.4564],[74.9143,34.457],[74.9138,34.4569],[74.9136,34.4564],[74.9136,34.4561],[74.9133,34.4558],[74.913,34.455],[74.912,34.4545],[74.9115,34.4543],[74.9107,34.4538],[74.9093,34.4532],[74.9074,34.4526],[74.9058,34.4521],[74.9031,34.451],[74.9009,34.4493],[74.8998,34.4483],[74.8993,34.4474],[74.8991,34.4457],[74.8992,34.4451],[74.8992,34.4442],[74.8987,34.4435],[74.8985,34.4433],[74.8985,34.443],[74.8977,34.4423],[74.8961,34.4412],[74.8953,34.4404],[74.8947,34.439],[74.8946,34.4379],[74.8937,34.4362],[74.893,34.4352],[74.8931,34.4172],[74.8935,34.415],[74.8938,34.4134],[74.8948,34.4111],[74.8989,34.405],[74.9049,34.404],[74.9058,34.4037],[74.9063,34.4035],[74.9069,34.4034],[74.9078,34.403],[74.9084,34.4027],[74.9091,34.4023],[74.9096,34.4016],[74.9096,34.4015],[74.9098,34.4013],[74.9099,34.4012],[74.91,34.401],[74.91,34.3994],[74.909,34.3975],[74.9081,34.3959],[74.9067,34.3943],[74.906,34.3934],[74.8984,34.3887],[74.8974,34.3821],[74.8922,34.3758],[74.8907,34.3753],[74.8901,34.3751],[74.889,34.3749],[74.8888,34.3747],[74.8877,34.3746],[74.8863,34.374],[74.883,34.3732],[74.8811,34.3731],[74.8801,34.373],[74.8787,34.3729],[74.8777,34.3724],[74.8768,34.3717],[74.8758,34.3713],[74.8748,34.3707],[74.8739,34.3698],[74.8737,34.3696],[74.8723,34.3692],[74.8716,34.3691],[74.8665,34.369],[74.8661,34.3658],[74.8642,34.3632],[74.8638,34.3622],[74.8633,34.3615],[74.8544,34.3602],[74.8519,34.3591],[74.8513,34.3583],[74.8507,34.3573],[74.8505,34.3559],[74.8505,34.3545],[74.8499,34.3529],[74.8489,34.3514],[74.8479,34.3505],[74.8471,34.3503],[74.8463,34.3494],[74.8434,34.3486],[74.8412,34.3473],[74.8403,34.3471],[74.8391,34.3469],[74.8387,34.3467],[74.8379,34.3457],[74.8349,34.3444],[74.8323,34.3443],[74.824,34.3454],[74.8152,34.3428],[74.8095,34.3444],[74.8053,34.3431],[74.8032,34.3436],[74.8019,34.3436],[74.8009,34.3437],[74.8002,34.3437],[74.7995,34.3435],[74.7988,34.3432],[74.7975,34.3427]]]},"properties":{"ac_no":15,"ac_name":"BANDIPORA","ac_category":"GEN","st_name":"JAMMU AND KASHMIR"}},{"type":"Feature","geometry":{"type":"Polygon","coordinates":[[[74.7975,34.3427],[74.7951,34.3422],[74.7937,34.3421],[74.793,34.3419],[74.7925,34.3419],[74.7919,34.3419],[74.7907,34.3419],[74.7903,34.3417],[74.7899,34.3415],[74.7892,34.341],[74.7891,34.3391],[74.7889,34.3363],[74.7886,34.3345],[74.7878,34.3339],[74.7869,34.3339],[74.7845,34.3329],[74.7841,34.332],[74.7837,34.3314],[74.7831,34.3299],[74.7827,34.3295],[74.7792,34.3293],[74.7786,34.3295],[74.7781,34.3296],[74.7735,34.3211],[74.773,34.3204],[74.7719,34.319],[74.7707,34.3162],[74.7692,34.3147],[74.7644,34.3135],[74.7595,34.3141],[74.757,34.3167],[74.7568,34.3168],[74.7545,34.3174],[74.753,34.3173],[74.7505,34.3164],[74.7466,34.3145],[74.7466,34.3144],[74.7464,34.3143],[74.7462,34.3141],[74.746,34.3137],[74.746,34.3136],[74.7459,34.3135],[74.7458,34.3134],[74.7457,34.3133],[74.7456,34.3131],[74.7454,34.313],[74.7449,34.3127],[74.7405,34.3109],[74.7388,34.3101],[74.7386,34.31],[74.7382,34.3098],[74.7374,34.3093],[74.7362,34.3082],[74.7358,34.3077],[74.7357,34.3076],[74.7356,34.3074],[74.735,34.3066],[74.7343,34.3058],[74.7333,34.3049],[74.7322,34.304],[74.7319,34.3038],[74.7318,34.3037],[74.7318,34.3036],[74.7317,34.3036],[74.7316,34.3036],[74.7315,34.3035],[74.7314,34.3035],[74.7313,34.3035],[74.7311,34.3035],[74.731,34.3035],[74.7299,34.3033],[74.7282,34.3026],[74.7276,34.3023],[74.7275,34.3022],[74.7272,34.302],[74.727,34.3018],[74.7262,34.3012],[74.7262,34.3011],[74.726,34.3009],[74.7259,34.3008],[74.7259,34.3007],[74.7258,34.3007],[74.7257,34.3006],[74.7255,34.3005],[74.7251,34.3004],[74.7246,34.3003],[74.7246,34.3002],[74.7245,34.3002],[74.7244,34.3002],[74.7243,34.3001],[74.724,34.3],[74.7237,34.2998],[74.7236,34.2997],[74.7235,34.2997],[74.7234,34.2997],[74.7233,34.2996],[74.7232,34.2996],[74.7231,34.2996],[74.723,34.2995],[74.7228,34.2995],[74.7223,34.2994],[74.7222,34.2988],[74.7194,34.2971],[74.719,34.2917],[74.719,34.2916],[74.7189,34.2915],[74.7185,34.2901],[74.7178,34.2897],[74.7177,34.2896],[74.7173,34.288],[74.7156,34.2865],[74.7156,34.2852],[74.7155,34.2837],[74.7155,34.2836],[74.7156,34.2836],[74.7157,34.2833],[74.7159,34.2827],[74.7156,34.2803],[74.7146,34.2774],[74.7145,34.2773],[74.7143,34.2769],[74.7139,34.2762],[74.7138,34.2755],[74.713,34.2746],[74.7089,34.2732],[74.7088,34.2732],[74.7088,34.2731],[74.7087,34.2731],[74.7086,34.2731],[74.7086,34.273],[74.7085,34.273],[74.7084,34.273],[74.7083,34.2729],[74.7082,34.2729],[74.7082,34.2728],[74.7081,34.2728],[74.7078,34.2726],[74.7078,34.2725],[74.7077,34.2725],[74.7075,34.2724],[74.7075,34.2723],[74.7074,34.2723],[74.7074,34.2722],[74.7073,34.2722],[74.7072,34.2722],[74.7072,34.2721],[74.7071,34.2721],[74.707,34.272],[74.7068,34.2719],[74.7067,34.2719],[74.7066,34.2718],[74.7065,34.2718],[74.7064,34.2718],[74.7064,34.2717],[74.7063,34.2717],[74.7062,34.2717],[74.7061,34.2717],[74.7061,34.2716],[74.7059,34.2716],[74.7058,34.2716],[74.7058,34.2715],[74.7057,34.2715],[74.7055,34.2715],[74.7054,34.2714],[74.7053,34.2714],[74.7052,34.2714],[74.7051,34.2714],[74.7051,34.2713],[74.705,34.2713],[74.7049,34.2713],[74.7049,34.2712],[74.7048,34.2712],[74.7047,34.2712],[74.7046,34.2711],[74.7045,34.2711],[74.7044,34.2711],[74.7044,34.271],[74.7043,34.271],[74.7042,34.271],[74.7041,34.2709],[74.704,34.2709],[74.7039,34.2709],[74.7038,34.2709],[74.7038,34.2708],[74.7037,34.2708],[74.7036,34.2708],[74.7035,34.2708],[74.7035,34.2707],[74.7034,34.2707],[74.7033,34.2707],[74.7032,34.2707],[74.7032,34.2706],[74.7031,34.2706],[74.703,34.2706],[74.7029,34.2706],[74.7029,34.2705],[74.7028,34.2705],[74.7027,34.2705],[74.7026,34.2705],[74.7025,34.2704],[74.7024,34.2704],[74.7023,34.2704],[74.7022,34.2703],[74.7021,34.2703],[74.702,34.2703],[74.7019,34.2703],[74.7019,34.2702],[74.7018,34.2702],[74.7017,34.2702],[74.7016,34.2702],[74.7015,34.2701],[74.7014,34.2701],[74.7014,34.27],[74.7013,34.2699],[74.7013,34.2698],[74.7013,34.2697],[74.7012,34.2697],[74.7012,34.2696],[74.7011,34.2696],[74.7011,34.2695],[74.701,34.2695],[74.701,34.2694],[74.7009,34.2694],[74.7008,34.2694],[74.7008,34.2693],[74.7007,34.2693],[74.7006,34.2693],[74.7005,34.2693],[74.7004,34.2692],[74.7003,34.2692],[74.7002,34.2692],[74.7001,34.2692],[74.7,34.2692],[74.7,34.2691],[74.6999,34.2691],[74.6997,34.2691],[74.6996,34.2691],[74.6995,34.2691],[74.6995,34.269],[74.6994,34.269],[74.6993,34.269],[74.6992,34.269],[74.6991,34.269],[74.699,34.269],[74.6989,34.269],[74.6988,34.269],[74.6987,34.269],[74.6987,34.2689],[74.6986,34.2689],[74.6985,34.2689],[74.6984,34.2689],[74.6983,34.2689],[74.6982,34.2689],[74.6981,34.2689],[74.6979,34.2689],[74.6978,34.2689],[74.6977,34.2689],[74.6976,34.2689],[74.6975,34.2689],[74.6974,34.2689],[74.6973,34.2689],[74.6971,34.2688],[74.697,34.2688],[74.6969,34.2688],[74.6968,34.2688],[74.6967,34.2688],[74.6966,34.2688],[74.6965,34.2688],[74.6964,34.2688],[74.6963,34.2688],[74.6962,34.2688],[74.6961,34.2688],[74.696,34.2688],[74.6959,34.2688],[74.6958,34.2688],[74.6957,34.2688],[74.6956,34.2688],[74.6955,34.2688],[74.6954,34.2688],[74.6953,34.2688],[74.6952,34.2688],[74.6951,34.2688],[74.695,34.2688],[74.695,34.2689],[74.6949,34.2689],[74.6948,34.2689],[74.6947,34.2689],[74.6946,34.2689],[74.6945,34.2689],[74.6945,34.269],[74.6944,34.269],[74.6941,34.2691],[74.694,34.2691],[74.6939,34.2691],[74.6938,34.2691],[74.6937,34.2692],[74.6936,34.2692],[74.6934,34.2692],[74.6933,34.2692],[74.6933,34.2693],[74.6932,34.2693],[74.6929,34.2693],[74.6927,34.2694],[74.6925,34.2694],[74.6922,34.2695],[74.6921,34.2695],[74.692,34.2695],[74.6919,34.2696],[74.6918,34.2696],[74.6917,34.2696],[74.6915,34.2696],[74.6915,34.2697],[74.6913,34.2697],[74.6912,34.2697],[74.6908,34.2698],[74.6906,34.2698],[74.6905,34.2699],[74.6904,34.2699],[74.6903,34.2699],[74.6902,34.2699],[74.6901,34.27],[74.69,34.27],[74.6898,34.27],[74.6897,34.27],[74.6894,34.2701],[74.6893,34.2701],[74.6892,34.2701],[74.6892,34.2702],[74.689,34.2702],[74.6889,34.2702],[74.6888,34.2702],[74.6886,34.2703],[74.6885,34.2703],[74.6884,34.2703],[74.6883,34.2704],[74.6879,34.2706],[74.6877,34.2707],[74.6876,34.2708],[74.6875,34.2708],[74.6864,34.2712],[74.6863,34.2712],[74.6862,34.2712],[74.686,34.2712],[74.6857,34.2712],[74.6855,34.2713],[74.6842,34.2722],[74.683,34.2726],[74.6829,34.2726],[74.6826,34.2726],[74.6822,34.2726],[74.682,34.2727],[74.6816,34.2727],[74.6815,34.2727],[74.6815,34.2728],[74.6814,34.2728],[74.6813,34.2728],[74.6812,34.2728],[74.6811,34.2727],[74.681,34.2727],[74.6809,34.2727],[74.6808,34.2727],[74.6807,34.2727],[74.6806,34.2727],[74.6805,34.2727],[74.6805,34.2726],[74.6804,34.2726],[74.6803,34.2726],[74.6802,34.2726],[74.6801,34.2726],[74.68,34.2725],[74.6799,34.2725],[74.6798,34.2725],[74.6797,34.2725],[74.6796,34.2725],[74.6796,34.2724],[74.6795,34.2724],[74.6794,34.2724],[74.6793,34.2724],[74.6792,34.2724],[74.6791,34.2724],[74.679,34.2724],[74.6789,34.2723],[74.6788,34.2723],[74.6787,34.2723],[74.6786,34.2723],[74.6785,34.2723],[74.6784,34.2723],[74.6783,34.2723],[74.6782,34.2723],[74.6781,34.2723],[74.678,34.2723],[74.6779,34.2723],[74.6778,34.2723],[74.6777,34.2723],[74.6776,34.2723],[74.6775,34.2723],[74.6774,34.2723],[74.6773,34.2723],[74.6772,34.2723],[74.6772,34.2722],[74.6771,34.2722],[74.677,34.2722],[74.6769,34.2722],[74.6768,34.2722],[74.6768,34.2721],[74.6767,34.2721],[74.6765,34.2721],[74.6764,34.272],[74.6763,34.272],[74.6762,34.272],[74.676,34.2719],[74.6759,34.2719],[74.6758,34.2719],[74.6757,34.2719],[74.6756,34.2719],[74.6755,34.2719],[74.6754,34.2719],[74.6752,34.272],[74.6751,34.272],[74.675,34.272],[74.6749,34.272],[74.6748,34.272],[74.6747,34.272],[74.6747,34.2721],[74.6746,34.2721],[74.6744,34.2721],[74.6743,34.2721],[74.6742,34.2721],[74.6742,34.2722],[74.6741,34.2722],[74.6739,34.2722],[74.6738,34.2722],[74.6737,34.2722],[74.6736,34.2722],[74.6735,34.2722],[74.6734,34.2722],[74.6733,34.2722],[74.6732,34.2722],[74.6731,34.2722],[74.673,34.2722],[74.6729,34.2722],[74.6728,34.2721],[74.6727,34.2721],[74.6726,34.272],[74.6726,34.2719],[74.6725,34.2719],[74.6725,34.2718],[74.6725,34.2717],[74.6724,34.2717],[74.6724,34.2716],[74.6724,34.2715],[74.6723,34.2715],[74.6723,34.2714],[74.6723,34.2713],[74.6722,34.2713],[74.6722,34.2712],[74.6722,34.2711],[74.6721,34.2711],[74.6721,34.271],[74.6721,34.2709],[74.672,34.2709],[74.672,34.2708],[74.6719,34.2708],[74.6718,34.2707],[74.6718,34.2706],[74.6717,34.2706],[74.6716,34.2705],[74.6715,34.2705],[74.6714,34.2704],[74.6713,34.2704],[74.6712,34.2703],[74.671,34.2703],[74.6705,34.27],[74.6704,34.2699],[74.6703,34.2699],[74.6702,34.2699],[74.6702,34.2698],[74.67,34.2698],[74.67,34.2697],[74.6699,34.2697],[74.6698,34.2697],[74.6698,34.2696],[74.6697,34.2696],[74.6696,34.2696],[74.6696,34.2695],[74.6695,34.2695],[74.6694,34.2695],[74.6694,34.2694],[74.6693,34.2694],[74.6692,34.2694],[74.6691,34.2694],[74.6691,34.2693],[74.669,34.2693],[74.6689,34.2693],[74.6688,34.2693],[74.6687,34.2693],[74.6686,34.2693],[74.6686,34.2692],[74.6685,34.2692],[74.6684,34.2692],[74.6683,34.2692],[74.6682,34.2692],[74.6681,34.2692],[74.668,34.2692],[74.6679,34.2692],[74.6678,34.2692],[74.6677,34.2692],[74.6676,34.2692],[74.6675,34.2692],[74.6674,34.2692],[74.6673,34.2691],[74.6672,34.2691],[74.6671,34.2691],[74.667,34.2691],[74.6669,34.2691],[74.6668,34.2692],[74.6667,34.2692],[74.6666,34.2692],[74.6665,34.2692],[74.6664,34.2692],[74.6663,34.2692],[74.6662,34.2692],[74.6661,34.2692],[74.666,34.2693],[74.6659,34.2693],[74.6658,34.2693],[74.6658,34.2694],[74.6657,34.2694],[74.6656,34.2694],[74.6655,34.2695],[74.6654,34.2695],[74.6653,34.2696],[74.6652,34.2696],[74.6651,34.2697],[74.665,34.2697],[74.6649,34.2697],[74.6648,34.2697],[74.6647,34.2697],[74.6646,34.2697],[74.6645,34.2696],[74.6644,34.2696],[74.6644,34.2695],[74.6643,34.2695],[74.6643,34.2694],[74.6643,34.2693],[74.6642,34.2693],[74.6642,34.2692],[74.6641,34.2692],[74.664,34.2691],[74.664,34.269],[74.6639,34.269],[74.6639,34.2689],[74.6638,34.2689],[74.6637,34.2689],[74.6637,34.2688],[74.6636,34.2688],[74.6636,34.2687],[74.6635,34.2687],[74.6634,34.2686],[74.6633,34.2686],[74.6633,34.2685],[74.6632,34.2685],[74.6631,34.2684],[74.663,34.2684],[74.663,34.2683],[74.6629,34.2683],[74.6628,34.2683],[74.6628,34.2682],[74.6627,34.2682],[74.6626,34.2681],[74.6625,34.2681],[74.6624,34.268],[74.6623,34.268],[74.6623,34.2679],[74.6622,34.2679],[74.6621,34.2679],[74.6621,34.2678],[74.662,34.2678],[74.6619,34.2678],[74.6618,34.2678],[74.6618,34.2677],[74.6617,34.2677],[74.6616,34.2677],[74.6615,34.2677],[74.6615,34.2676],[74.6614,34.2676],[74.6613,34.2676],[74.6612,34.2676],[74.6611,34.2676],[74.6611,34.2675],[74.661,34.2675],[74.6609,34.2675],[74.6608,34.2675],[74.6608,34.2674],[74.6607,34.2674],[74.6606,34.2674],[74.6606,34.2673],[74.6605,34.2673],[74.6603,34.2672],[74.6602,34.2672],[74.6602,34.2671],[74.66,34.267],[74.6599,34.267],[74.6598,34.267],[74.6598,34.2669],[74.6597,34.2669],[74.6595,34.2668],[74.6594,34.2667],[74.6593,34.2667],[74.6592,34.2666],[74.6591,34.2666],[74.659,34.2666],[74.659,34.2665],[74.6589,34.2665],[74.6588,34.2665],[74.6587,34.2664],[74.6586,34.2664],[74.6584,34.2663],[74.6583,34.2663],[74.6583,34.2662],[74.6582,34.2662],[74.6581,34.2662],[74.658,34.2662],[74.6579,34.2662],[74.6579,34.2661],[74.6578,34.2661],[74.6577,34.2661],[74.6576,34.2661],[74.6575,34.2661],[74.6574,34.266],[74.6573,34.266],[74.6572,34.266],[74.6571,34.266],[74.6568,34.266],[74.6568,34.2659],[74.6567,34.2659],[74.6566,34.2659],[74.6565,34.2659],[74.6564,34.2659],[74.6563,34.2659],[74.6562,34.2659],[74.6561,34.2658],[74.656,34.2658],[74.6559,34.2658],[74.6558,34.2658],[74.6558,34.2657],[74.6557,34.2657],[74.6556,34.2657],[74.6555,34.2657],[74.6554,34.2656],[74.6553,34.2656],[74.6552,34.2655],[74.6551,34.2655],[74.655,34.2654],[74.655,34.2653],[74.6549,34.2653],[74.6549,34.2652],[74.6549,34.2651],[74.6548,34.2651],[74.6548,34.265],[74.6548,34.2649],[74.6547,34.2649],[74.6547,34.2648],[74.6546,34.2647],[74.6546,34.2646],[74.6545,34.2646],[74.6545,34.2645],[74.6545,34.2644],[74.6544,34.2644],[74.6544,34.2643],[74.6543,34.2642],[74.6543,34.2641],[74.6542,34.2641],[74.6542,34.264],[74.6541,34.264],[74.6541,34.2639],[74.654,34.2639],[74.654,34.2638],[74.6539,34.2638],[74.6538,34.2637],[74.6537,34.2636],[74.6536,34.2635],[74.6535,34.2635],[74.6535,34.2634],[74.6534,34.2634],[74.6533,34.2634],[74.6533,34.2633],[74.6532,34.2633],[74.6532,34.2632],[74.6531,34.2632],[74.653,34.2631],[74.6529,34.2631],[74.6528,34.263],[74.6527,34.263],[74.6527,34.2629],[74.6526,34.2629],[74.6525,34.2628],[74.6524,34.2628],[74.6523,34.2627],[74.6522,34.2627],[74.6522,34.2626],[74.6521,34.2626],[74.652,34.2626],[74.6519,34.2625],[74.6518,34.2625],[74.6517,34.2624],[74.6516,34.2624],[74.6515,34.2623],[74.6514,34.2623],[74.6513,34.2623],[74.6513,34.2622],[74.6512,34.2622],[74.6511,34.2622],[74.651,34.2622],[74.651,34.2621],[74.6509,34.2621],[74.6508,34.2621],[74.6508,34.262],[74.6507,34.262],[74.6507,34.2619],[74.6506,34.2619],[74.6505,34.2618],[74.6505,34.2617],[74.6505,34.2616],[74.6506,34.2616],[74.6507,34.2616],[74.6507,34.2615],[74.6508,34.2615],[74.6509,34.2614],[74.651,34.2614],[74.651,34.2613],[74.6511,34.2613],[74.6511,34.2612],[74.6512,34.2612],[74.6513,34.2611],[74.6514,34.2611],[74.6514,34.261],[74.6515,34.261],[74.6515,34.2609],[74.6516,34.2609],[74.6516,34.2608],[74.6516,34.2607],[74.6517,34.2607],[74.6517,34.2606],[74.6517,34.2605],[74.6517,34.2604],[74.6516,34.2603],[74.6516,34.2602],[74.6515,34.2602],[74.6515,34.2601],[74.6514,34.2601],[74.6513,34.2601],[74.6513,34.26],[74.6512,34.26],[74.6511,34.2599],[74.651,34.2599],[74.6509,34.2598],[74.6507,34.2597],[74.6506,34.2597],[74.6505,34.2597],[74.6505,34.2596],[74.6504,34.2596],[74.6503,34.2596],[74.6502,34.2595],[74.6501,34.2595],[74.65,34.2595],[74.6499,34.2595],[74.6499,34.2594],[74.6498,34.2594],[74.6497,34.2594],[74.6496,34.2594],[74.6495,34.2594],[74.6494,34.2594],[74.6493,34.2594],[74.6493,34.2593],[74.6492,34.2593],[74.6491,34.2593],[74.649,34.2593],[74.6489,34.2593],[74.6488,34.2593],[74.6487,34.2593],[74.6486,34.2593],[74.6485,34.2593],[74.6484,34.2593],[74.6483,34.2592],[74.6482,34.2592],[74.6481,34.2592],[74.648,34.2592],[74.6479,34.2592],[74.6478,34.2592],[74.6476,34.2592],[74.6475,34.2592],[74.6474,34.2592],[74.6473,34.2592],[74.6472,34.2592],[74.6471,34.2592],[74.647,34.2592],[74.6469,34.2592],[74.6468,34.2592],[74.6467,34.2592],[74.6466,34.2592],[74.6465,34.2592],[74.6464,34.2592],[74.6463,34.2592],[74.6462,34.2592],[74.6461,34.2592],[74.646,34.2592],[74.6459,34.2592],[74.6459,34.2591],[74.6458,34.2591],[74.6457,34.2591],[74.6457,34.259],[74.6456,34.259],[74.6455,34.259],[74.6454,34.259],[74.6453,34.259],[74.6453,34.2589],[74.6452,34.2589],[74.6451,34.2589],[74.645,34.2589],[74.6449,34.2589],[74.6448,34.2589],[74.6447,34.2589],[74.6446,34.2589],[74.6445,34.2589],[74.6444,34.2589],[74.6443,34.2589],[74.6442,34.2589],[74.6441,34.2589],[74.644,34.2589],[74.6439,34.2589],[74.6438,34.259],[74.6437,34.259],[74.6436,34.259],[74.6435,34.259],[74.6434,34.259],[74.6433,34.259],[74.6432,34.259],[74.6431,34.259],[74.643,34.259],[74.6429,34.259],[74.6428,34.259],[74.6427,34.2591],[74.6426,34.2591],[74.6425,34.2591],[74.6424,34.2591],[74.6423,34.2591],[74.6422,34.2591],[74.6421,34.2591],[74.6421,34.2592],[74.642,34.2592],[74.6419,34.2592],[74.6418,34.2593],[74.6417,34.2593],[74.6416,34.2593],[74.6415,34.2593],[74.6411,34.2593],[74.6409,34.2592],[74.6409,34.259],[74.6442,34.2584],[74.6458,34.2577],[74.6475,34.2558],[74.6482,34.2562],[74.6548,34.257],[74.6572,34.257],[74.6593,34.2569],[74.6613,34.256],[74.66,34.2552],[74.6588,34.2545],[74.657,34.2539],[74.6556,34.2532],[74.6532,34.2522],[74.6526,34.2518],[74.6519,34.2503],[74.6513,34.2491],[74.651,34.2484],[74.6502,34.2466],[74.6494,34.2437],[74.6481,34.2426],[74.649,34.2407],[74.6555,34.2415],[74.6594,34.2449],[74.6605,34.2453],[74.6617,34.2453],[74.6624,34.2446],[74.6643,34.2438],[74.6652,34.2425],[74.6681,34.2407],[74.6691,34.2372],[74.6686,34.2359],[74.6671,34.2339],[74.6661,34.2331],[74.6649,34.2327],[74.6629,34.2331],[74.6621,34.2334],[74.6608,34.2335],[74.6601,34.2328],[74.6593,34.2324],[74.656,34.2315],[74.6554,34.2281],[74.6551,34.228],[74.6548,34.2279],[74.6543,34.2278],[74.6539,34.2277],[74.6537,34.2277],[74.653,34.2286],[74.6523,34.2284],[74.6525,34.228],[74.6527,34.227],[74.6527,34.2241],[74.6512,34.2211],[74.6515,34.2179],[74.6491,34.2173],[74.6493,34.2163],[74.6523,34.2134],[74.6556,34.211],[74.6548,34.2103],[74.6574,34.2081],[74.6592,34.209],[74.6607,34.2097],[74.6608,34.2096],[74.6609,34.2096],[74.661,34.2095],[74.6613,34.2093],[74.6615,34.2092],[74.6617,34.2091],[74.6619,34.209],[74.6621,34.2089],[74.6625,34.2086],[74.6627,34.2085],[74.663,34.2084],[74.6631,34.2084],[74.6631,34.2083],[74.6632,34.2083],[74.6633,34.2082],[74.664,34.208],[74.6646,34.2077],[74.6657,34.2071],[74.6665,34.2067],[74.6673,34.2062],[74.6676,34.206],[74.668,34.2058],[74.6683,34.2056],[74.6685,34.2055],[74.6686,34.2054],[74.6688,34.2053],[74.6689,34.2052],[74.669,34.2052],[74.6691,34.2051],[74.6693,34.205],[74.6694,34.2049],[74.6698,34.2046],[74.6707,34.2039],[74.6708,34.2039],[74.6708,34.2038],[74.6709,34.2037],[74.671,34.2036],[74.6711,34.2036],[74.6712,34.2035],[74.6713,34.2033],[74.6715,34.2032],[74.6716,34.203],[74.6717,34.203],[74.6717,34.2029],[74.6718,34.2028],[74.6718,34.2027],[74.6719,34.2026],[74.6721,34.2024],[74.6722,34.2022],[74.6723,34.2018],[74.6724,34.2017],[74.6725,34.2016],[74.6725,34.2015],[74.6726,34.2015],[74.6726,34.2014],[74.6726,34.2013],[74.6727,34.2013],[74.6728,34.2012],[74.6728,34.2011],[74.673,34.201],[74.6731,34.2009],[74.6731,34.2008],[74.6732,34.2008],[74.6732,34.2007],[74.6733,34.2007],[74.6733,34.2006],[74.6733,34.2005],[74.6734,34.2005],[74.6734,34.2004],[74.6735,34.2004],[74.6735,34.2003],[74.6735,34.2002],[74.6736,34.2002],[74.6736,34.2001],[74.6736,34.2],[74.6737,34.2],[74.6737,34.1999],[74.6737,34.1998],[74.6738,34.1997],[74.6738,34.1996],[74.6739,34.1995],[74.6739,34.1994],[74.6739,34.1993],[74.674,34.1991],[74.674,34.199],[74.6741,34.199],[74.6741,34.1989],[74.6741,34.1988],[74.6742,34.1987],[74.6742,34.1986],[74.6742,34.1985],[74.6743,34.1984],[74.6743,34.1983],[74.6743,34.1982],[74.6744,34.1981],[74.6744,34.1979],[74.6746,34.1973],[74.675,34.1959],[74.675,34.1958],[74.6751,34.1958],[74.6751,34.1957],[74.6751,34.1956],[74.6752,34.1956],[74.6752,34.1955],[74.6752,34.1954],[74.6753,34.1953],[74.6754,34.1952],[74.6754,34.1951],[74.6755,34.1951],[74.6755,34.195],[74.6756,34.1949],[74.6756,34.1948],[74.6757,34.1948],[74.6757,34.1947],[74.6758,34.1946],[74.676,34.1944],[74.676,34.1943],[74.6761,34.1943],[74.6761,34.1942],[74.6762,34.1941],[74.6763,34.194],[74.6763,34.1939],[74.6764,34.1939],[74.6765,34.1937],[74.6766,34.1936],[74.6767,34.1935],[74.6768,34.1933],[74.6771,34.193],[74.6772,34.1929],[74.6773,34.1928],[74.6774,34.1927],[74.6774,34.1926],[74.6775,34.1926],[74.6777,34.1923],[74.6778,34.1922],[74.6781,34.1919],[74.6783,34.1918],[74.6783,34.1917],[74.6784,34.1916],[74.6785,34.1915],[74.6787,34.1913],[74.6788,34.1912],[74.6789,34.1911],[74.679,34.191],[74.6793,34.1907],[74.6795,34.1905],[74.6798,34.1902],[74.6799,34.1901],[74.6801,34.19],[74.6802,34.1898],[74.6804,34.1897],[74.6807,34.1894],[74.6808,34.1893],[74.681,34.1892],[74.6811,34.189],[74.6813,34.1889],[74.6816,34.1886],[74.6819,34.1884],[74.6821,34.1882],[74.6823,34.1881],[74.6824,34.188],[74.6826,34.1879],[74.6829,34.1876],[74.6831,34.1875],[74.6833,34.1874],[74.6835,34.1873],[74.6836,34.1871],[74.6838,34.187],[74.684,34.1869],[74.6841,34.1868],[74.6843,34.1867],[74.6845,34.1866],[74.6847,34.1865],[74.6849,34.1863],[74.685,34.1862],[74.6852,34.1861],[74.6854,34.186],[74.6856,34.1859],[74.686,34.1857],[74.6863,34.1855],[74.6865,34.1854],[74.6869,34.1852],[74.6871,34.1851],[74.6873,34.185],[74.6875,34.1849],[74.6876,34.1848],[74.6877,34.1848],[74.6878,34.1848],[74.6878,34.1847],[74.6879,34.1847],[74.6881,34.1846],[74.6882,34.1846],[74.6883,34.1845],[74.6884,34.1845],[74.6885,34.1844],[74.6886,34.1844],[74.6887,34.1843],[74.6888,34.1843],[74.6889,34.1842],[74.689,34.1842],[74.6891,34.1841],[74.6892,34.1841],[74.6893,34.184],[74.6894,34.184],[74.6895,34.184],[74.6895,34.1839],[74.6896,34.1839],[74.6897,34.1839],[74.6898,34.1838],[74.6899,34.1838],[74.69,34.1837],[74.6901,34.1837],[74.6902,34.1836],[74.6903,34.1835],[74.6904,34.1835],[74.6905,34.1834],[74.6906,34.1834],[74.6907,34.1833],[74.6908,34.1833],[74.6908,34.1832],[74.6909,34.1832],[74.691,34.1832],[74.691,34.1831],[74.6911,34.1831],[74.6913,34.1829],[74.6915,34.1828],[74.6919,34.1825],[74.6923,34.1822],[74.6926,34.1818],[74.6927,34.1817],[74.6928,34.1817],[74.6929,34.1816],[74.6929,34.1815],[74.693,34.1814],[74.6932,34.1812],[74.6933,34.181],[74.6935,34.1808],[74.6936,34.1807],[74.6937,34.1806],[74.6938,34.1805],[74.6938,34.1804],[74.6939,34.1803],[74.6939,34.1802],[74.694,34.1801],[74.6941,34.18],[74.6941,34.1799],[74.6942,34.1798],[74.6942,34.1797],[74.6943,34.1796],[74.6944,34.1795],[74.6944,34.1794],[74.6945,34.1792],[74.6946,34.1791],[74.6946,34.179],[74.6947,34.1789],[74.6947,34.1788],[74.6948,34.1785],[74.6948,34.1784],[74.6949,34.1782],[74.695,34.1779],[74.6951,34.1778],[74.6951,34.1776],[74.6951,34.1775],[74.6952,34.1774],[74.6953,34.1771],[74.6953,34.177],[74.6953,34.1769],[74.6953,34.1768],[74.6953,34.1767],[74.6954,34.1766],[74.6954,34.1764],[74.6954,34.1763],[74.6954,34.1761],[74.6955,34.1761],[74.6955,34.176],[74.6955,34.1759],[74.6955,34.1758],[74.6955,34.1757],[74.6955,34.1756],[74.6955,34.1755],[74.6956,34.1752],[74.6956,34.1751],[74.6956,34.175],[74.6956,34.1749],[74.6956,34.1748],[74.6955,34.1747],[74.6955,34.1745],[74.6955,34.1744],[74.6955,34.1743],[74.6955,34.1742],[74.6955,34.1741],[74.6955,34.174],[74.6955,34.1739],[74.6955,34.1738],[74.6955,34.1737],[74.6956,34.1736],[74.6956,34.1735],[74.6957,34.1734],[74.6957,34.1733],[74.6958,34.1733],[74.6958,34.1732],[74.6959,34.1732],[74.6959,34.1731],[74.696,34.1731],[74.6963,34.1727],[74.6964,34.1727],[74.6964,34.1726],[74.6965,34.1726],[74.6965,34.1725],[74.6966,34.1725],[74.6966,34.1724],[74.6967,34.1724],[74.6967,34.1723],[74.6968,34.1723],[74.6968,34.1722],[74.6969,34.1721],[74.6969,34.172],[74.697,34.1719],[74.6971,34.1718],[74.6972,34.1717],[74.6972,34.1716],[74.6973,34.1716],[74.6973,34.1715],[74.6973,34.1714],[74.6974,34.1714],[74.6974,34.1713],[74.6975,34.1712],[74.6975,34.1711],[74.6976,34.171],[74.6976,34.1709],[74.6977,34.1709],[74.6977,34.1708],[74.6977,34.1707],[74.6978,34.1706],[74.6978,34.1705],[74.6979,34.1704],[74.698,34.1702],[74.698,34.17],[74.6981,34.1699],[74.6982,34.1696],[74.6982,34.1695],[74.6982,34.1694],[74.6982,34.1693],[74.6983,34.1693],[74.6983,34.1692],[74.6983,34.1691],[74.6983,34.169],[74.6983,34.1689],[74.6984,34.1686],[74.6984,34.1683],[74.6985,34.168],[74.6985,34.1678],[74.6985,34.1677],[74.6985,34.1676],[74.6985,34.1675],[74.6985,34.1674],[74.6985,34.1673],[74.6985,34.1672],[74.6985,34.1671],[74.6985,34.167],[74.6985,34.1669],[74.6985,34.1668],[74.6985,34.1667],[74.6984,34.1666],[74.6984,34.1665],[74.6984,34.1664],[74.6984,34.1663],[74.6984,34.1662],[74.6984,34.1661],[74.6983,34.166],[74.6983,34.1657],[74.6983,34.1655],[74.6982,34.1654],[74.6982,34.1653],[74.6982,34.1652],[74.6982,34.1651],[74.6982,34.165],[74.6982,34.1649],[74.6982,34.1648],[74.6981,34.1648],[74.6981,34.1647],[74.6981,34.1646],[74.6981,34.1645],[74.6981,34.1644],[74.6981,34.1643],[74.6981,34.1642],[74.6982,34.164],[74.6982,34.1637],[74.698,34.1636],[74.6964,34.1702],[74.6938,34.1734],[74.6851,34.1751],[74.6817,34.1779],[74.6795,34.1716],[74.6765,34.1687],[74.6651,34.1658],[74.6529,34.1644],[74.6418,34.1594],[74.6365,34.1607],[74.6374,34.1662],[74.6371,34.1736],[74.6356,34.1794],[74.6302,34.1769],[74.6212,34.175],[74.6099,34.1753],[74.5987,34.1771],[74.5902,34.1819],[74.5792,34.1861],[74.5732,34.1871],[74.5779,34.1975],[74.5799,34.2085],[74.5804,34.2156],[74.5795,34.2247],[74.5689,34.227],[74.5643,34.228],[74.568,34.2316],[74.5707,34.2383],[74.574,34.2425],[74.5741,34.2425],[74.5741,34.2426],[74.5779,34.2415],[74.578,34.2415],[74.5794,34.2408],[74.576,34.2432],[74.5759,34.2436],[74.576,34.2437],[74.5761,34.2437],[74.5828,34.2469],[74.5829,34.2512],[74.5821,34.2512],[74.5786,34.2521],[74.5788,34.2524],[74.5896,34.2549],[74.5927,34.2555],[74.5931,34.2633],[74.5943,34.2667],[74.5881,34.2699],[74.5876,34.2761],[74.5872,34.2792],[74.5854,34.2867],[74.5813,34.2929],[74.5782,34.2943],[74.578,34.2991],[74.5755,34.304],[74.574,34.3117],[74.572,34.315],[74.5711,34.3213],[74.571,34.3221],[74.5711,34.3233],[74.5711,34.3237],[74.5788,34.3303],[74.5893,34.3312],[74.5966,34.3297],[74.6044,34.3322],[74.606,34.3333],[74.6056,34.3349],[74.6044,34.3382],[74.6027,34.3393],[74.6019,34.3391],[74.5926,34.3383],[74.5916,34.3424],[74.5951,34.3435],[74.6001,34.3487],[74.6036,34.3498],[74.6083,34.3447],[74.6176,34.3407],[74.6201,34.3417],[74.6279,34.3376],[74.6262,34.3438],[74.6205,34.3454],[74.6175,34.3483],[74.6194,34.3505],[74.6198,34.3509],[74.6273,34.3489],[74.6287,34.3469],[74.6345,34.3455],[74.6415,34.3484],[74.6517,34.3489],[74.6574,34.3485],[74.656,34.352],[74.6585,34.3565],[74.6587,34.3604],[74.6568,34.3624],[74.6646,34.366],[74.67,34.3771],[74.671,34.3785],[74.671,34.3819],[74.6661,34.3888],[74.6598,34.392],[74.6535,34.3907],[74.6507,34.3919],[74.6481,34.388],[74.6445,34.387],[74.6429,34.3929],[74.6466,34.3966],[74.6559,34.4002],[74.6618,34.3996],[74.6647,34.3959],[74.6763,34.4044],[74.677,34.4053],[74.6851,34.4035],[74.6857,34.4095],[74.6929,34.4086],[74.6998,34.4109],[74.7021,34.4101],[74.7088,34.4079],[74.7141,34.4078],[74.7233,34.406],[74.7262,34.4036],[74.7299,34.4073],[74.7317,34.4064],[74.737,34.4047],[74.7405,34.4056],[74.753,34.4049],[74.7565,34.4018],[74.7569,34.3938],[74.7584,34.3861],[74.7629,34.3853],[74.7799,34.37],[74.785,34.363],[74.7924,34.3567],[74.7965,34.3478],[74.7975,34.3427]]]},"properties":{"ac_no":14,"ac_name":"SONAWARI","ac_category":"GEN","st_name":"JAMMU AND KASHMIR"}},{"type":"Feature","geometry":{"type":"Polygon","coordinates":[[[74.3776,34.4959],[74.3715,34.4952],[74.3618,34.4854],[74.3583,34.4832],[74.3564,34.4824],[74.3544,34.4816],[74.3503,34.4804],[74.3442,34.4785],[74.3406,34.4773],[74.3285,34.4763],[74.3163,34.4758],[74.3204,34.4659],[74.3198,34.4603],[74.3153,34.4535],[74.3023,34.4512],[74.282,34.4466],[74.2802,34.4497],[74.2757,34.4508],[74.2708,34.4549],[74.2733,34.4579],[74.2698,34.4673],[74.2663,34.4711],[74.2641,34.4706],[74.2511,34.471],[74.2371,34.4723],[74.2212,34.4729],[74.2152,34.4715],[74.2086,34.4694],[74.2039,34.4665],[74.2001,34.4638],[74.1968,34.4615],[74.1968,34.4574],[74.2021,34.4524],[74.2022,34.4524],[74.2025,34.4525],[74.2027,34.4525],[74.2028,34.4525],[74.2029,34.4525],[74.203,34.4525],[74.203,34.4526],[74.2031,34.4526],[74.2032,34.4526],[74.2055,34.4531],[74.2118,34.4563],[74.2181,34.4572],[74.2206,34.4566],[74.2229,34.4575],[74.2313,34.461],[74.2376,34.46],[74.2417,34.4591],[74.2421,34.4578],[74.2437,34.4573],[74.245,34.4569],[74.2456,34.4555],[74.2467,34.4546],[74.2459,34.4524],[74.2461,34.4501],[74.2461,34.45],[74.246,34.4498],[74.2459,34.4493],[74.2459,34.4492],[74.2459,34.4491],[74.2459,34.449],[74.2459,34.4484],[74.2473,34.4476],[74.2513,34.4464],[74.2524,34.4463],[74.2538,34.4455],[74.2544,34.4429],[74.2544,34.4428],[74.2544,34.4427],[74.2545,34.4426],[74.2545,34.4425],[74.2545,34.4424],[74.2545,34.4422],[74.2545,34.442],[74.2546,34.4414],[74.2547,34.4412],[74.2547,34.4411],[74.2547,34.4409],[74.2548,34.4408],[74.2548,34.4406],[74.2548,34.4405],[74.2548,34.4404],[74.2548,34.4403],[74.2548,34.4402],[74.2548,34.4401],[74.2548,34.44],[74.2548,34.4389],[74.2548,34.4388],[74.2548,34.4384],[74.2548,34.4383],[74.2548,34.4381],[74.2552,34.4317],[74.2545,34.4258],[74.2545,34.4257],[74.2544,34.4256],[74.2544,34.4255],[74.2543,34.4254],[74.2542,34.4252],[74.2542,34.4251],[74.2541,34.4251],[74.2541,34.425],[74.2541,34.4249],[74.254,34.4249],[74.254,34.4248],[74.2621,34.4218],[74.2698,34.421],[74.2766,34.4193],[74.2826,34.4178],[74.286,34.4126],[74.29,34.4132],[74.296,34.4144],[74.3048,34.4186],[74.3071,34.4176],[74.3097,34.4158],[74.3137,34.4138],[74.3155,34.4162],[74.3185,34.4194],[74.3221,34.4225],[74.3235,34.4245],[74.3282,34.4234],[74.3325,34.418],[74.3318,34.4167],[74.3282,34.4108],[74.3263,34.4091],[74.3254,34.4068],[74.3256,34.4043],[74.3242,34.4023],[74.324,34.3999],[74.3174,34.3945],[74.3183,34.3932],[74.3186,34.3922],[74.3188,34.3911],[74.317,34.389],[74.3153,34.3877],[74.3152,34.386],[74.3151,34.3844],[74.3163,34.3825],[74.3148,34.3815],[74.3138,34.3815],[74.3128,34.3814],[74.3089,34.3797],[74.308,34.3784],[74.3076,34.3779],[74.3072,34.3774],[74.3067,34.3769],[74.3064,34.3767],[74.3059,34.3762],[74.3036,34.3744],[74.3034,34.3742],[74.3023,34.3734],[74.301,34.3724],[74.2992,34.3709],[74.2986,34.3705],[74.2986,34.3704],[74.2977,34.3694],[74.2973,34.3684],[74.2755,34.361],[74.2565,34.3617],[74.2546,34.3608],[74.2542,34.3603],[74.2521,34.3581],[74.251,34.3571],[74.2494,34.3557],[74.2459,34.3527],[74.2442,34.3514],[74.2436,34.3509],[74.2412,34.3489],[74.231,34.3415],[74.2293,34.3405],[74.2283,34.3399],[74.2262,34.3386],[74.2142,34.3332],[74.2117,34.3322],[74.2072,34.3308],[74.2043,34.3299],[74.195,34.3276],[74.1917,34.3269],[74.1908,34.3268],[74.1837,34.3256],[74.1716,34.324],[74.1672,34.3235],[74.1439,34.3215],[74.14,34.3214],[74.1301,34.3223],[74.1278,34.3229],[74.1185,34.3278],[74.1176,34.3286],[74.1168,34.3293],[74.1175,34.3269],[74.1176,34.3263],[74.1177,34.3258],[74.1181,34.3244],[74.1182,34.3238],[74.1183,34.3228],[74.1183,34.3215],[74.1177,34.3171],[74.1176,34.3167],[74.1174,34.3156],[74.1174,34.3152],[74.1173,34.3144],[74.1171,34.3134],[74.1171,34.3133],[74.117,34.3127],[74.1169,34.3124],[74.1169,34.3121],[74.1168,34.3118],[74.1168,34.3116],[74.1167,34.311],[74.1166,34.3108],[74.1166,34.3105],[74.1166,34.3102],[74.1163,34.3082],[74.1162,34.3074],[74.1161,34.3059],[74.116,34.3054],[74.116,34.3047],[74.116,34.3046],[74.1159,34.3027],[74.1159,34.3023],[74.1159,34.3016],[74.1159,34.3012],[74.1159,34.3004],[74.1159,34.2999],[74.1159,34.2996],[74.116,34.2982],[74.1161,34.2977],[74.1162,34.2967],[74.1164,34.2955],[74.1166,34.2944],[74.1167,34.2938],[74.1169,34.2931],[74.1172,34.2924],[74.1179,34.2914],[74.1188,34.2908],[74.1195,34.2906],[74.1485,34.2814],[74.148,34.2809],[74.1442,34.2816],[74.1385,34.278],[74.135,34.2739],[74.1307,34.2715],[74.1251,34.27],[74.1196,34.2713],[74.1123,34.2694],[74.1052,34.2713],[74.1017,34.2708],[74.0983,34.2672],[74.0939,34.2682],[74.0817,34.2653],[74.0761,34.2602],[74.0636,34.263],[74.0545,34.2611],[74.0483,34.2582],[74.0421,34.2587],[74.0386,34.2567],[74.0357,34.2582],[74.036,34.2495],[74.0273,34.2446],[74.0229,34.2446],[74.0197,34.2465],[74.015,34.2465],[74.0096,34.2483],[73.9956,34.2576],[73.9897,34.2597],[73.9833,34.258],[73.9828,34.2589],[73.9831,34.2613],[73.9833,34.2659],[73.9821,34.2691],[73.9797,34.2716],[73.9653,34.2743],[73.9667,34.2746],[73.9856,34.2773],[73.9862,34.2773],[73.9866,34.2774],[73.987,34.2776],[73.9873,34.2781],[73.9873,34.2782],[73.9873,34.2784],[73.9872,34.2786],[73.9871,34.2788],[73.987,34.279],[73.9869,34.2792],[73.9856,34.281],[73.9837,34.2835],[73.9818,34.2861],[73.9799,34.2886],[73.9678,34.3039],[73.9667,34.3051],[73.9659,34.3061],[73.9646,34.3076],[73.963,34.3094],[73.9602,34.3124],[73.9599,34.3128],[73.9586,34.3141],[73.959,34.3145],[73.96,34.3153],[73.9612,34.3162],[73.9645,34.3189],[73.9665,34.3208],[73.9685,34.3229],[73.972,34.3268],[73.9726,34.3276],[73.9733,34.3283],[73.9738,34.3289],[73.9744,34.3297],[73.9757,34.3315],[73.9809,34.3385],[73.9815,34.3393],[73.982,34.34],[73.983,34.3416],[73.9856,34.3455],[73.9895,34.3514],[73.9915,34.3549],[73.9933,34.3578],[73.9995,34.3684],[73.9997,34.3686],[73.9998,34.3689],[74.0004,34.3699],[74.0008,34.3707],[74.0019,34.3724],[74.0036,34.3755],[74.0045,34.3771],[74.0055,34.3789],[74.0067,34.381],[74.0075,34.3824],[74.011,34.3887],[74.0115,34.3895],[74.0124,34.391],[74.013,34.392],[74.0139,34.3936],[74.0148,34.3951],[74.0184,34.4012],[74.0223,34.4073],[74.0234,34.409],[74.0264,34.4134],[74.029,34.4171],[74.0309,34.4196],[74.0337,34.4231],[74.0346,34.4241],[74.0369,34.4266],[74.0391,34.4289],[74.0417,34.4314],[74.0422,34.4318],[74.0451,34.4342],[74.0487,34.4368],[74.053,34.4396],[74.0554,34.441],[74.0608,34.4442],[74.0615,34.4446],[74.0644,34.4462],[74.0673,34.4476],[74.0676,34.4478],[74.07,34.4489],[74.0728,34.45],[74.0754,34.451],[74.0833,34.4531],[74.0858,34.4537],[74.0957,34.4559],[74.1003,34.4572],[74.1036,34.4583],[74.1117,34.4619],[74.1131,34.4627],[74.1188,34.4672],[74.1214,34.4686],[74.1278,34.4726],[74.1289,34.4733],[74.1298,34.4741],[74.1307,34.4749],[74.1317,34.4759],[74.1328,34.4768],[74.1343,34.4781],[74.1361,34.4796],[74.1383,34.4811],[74.1471,34.4867],[74.1625,34.4947],[74.1663,34.4964],[74.166,34.4961],[74.1658,34.4957],[74.1659,34.4947],[74.1675,34.4934],[74.1691,34.4929],[74.1693,34.4928],[74.1729,34.492],[74.1762,34.4912],[74.1781,34.4905],[74.1795,34.4899],[74.1807,34.4891],[74.182,34.4882],[74.1831,34.4874],[74.1839,34.4868],[74.1848,34.4863],[74.1864,34.4853],[74.187,34.485],[74.1884,34.4842],[74.1907,34.4833],[74.2174,34.4787],[74.2379,34.477],[74.2669,34.4766],[74.2753,34.4781],[74.2758,34.4805],[74.2768,34.4855],[74.2766,34.4885],[74.2761,34.4915],[74.2734,34.5047],[74.2743,34.5076],[74.2754,34.5104],[74.2725,34.5159],[74.2737,34.5167],[74.2796,34.5175],[74.2843,34.5202],[74.28,34.5225],[74.2789,34.5254],[74.2794,34.5321],[74.2684,34.532],[74.2587,34.5304],[74.2583,34.5325],[74.2589,34.5403],[74.2602,34.5448],[74.2633,34.5501],[74.2682,34.554],[74.2712,34.5555],[74.2745,34.5566],[74.2763,34.5571],[74.2799,34.5579],[74.2818,34.5583],[74.2856,34.5589],[74.2875,34.5591],[74.2913,34.5596],[74.295,34.56],[74.3005,34.5607],[74.3092,34.5618],[74.311,34.562],[74.3162,34.5628],[74.325,34.5643],[74.3268,34.5646],[74.3286,34.5649],[74.3321,34.5655],[74.3338,34.5658],[74.3462,34.5682],[74.3471,34.5656],[74.3478,34.5636],[74.3482,34.5623],[74.3506,34.5552],[74.3571,34.537],[74.3597,34.5289],[74.3618,34.5216],[74.3623,34.5196],[74.3624,34.5189],[74.3625,34.5187],[74.3627,34.5178],[74.3642,34.5132],[74.3662,34.5087],[74.3677,34.5064],[74.3695,34.5042],[74.3703,34.5033],[74.3711,34.5024],[74.3714,34.5021],[74.3776,34.4959]]]},"properties":{"ac_no":5,"ac_name":"HANDWARA","ac_category":"GEN","st_name":"JAMMU AND KASHMIR"}},{"type":"Feature","geometry":{"type":"Polygon","coordinates":[[[74.119,34.4674],[74.1188,34.4672],[74.1131,34.4627],[74.1117,34.4619],[74.1036,34.4583],[74.1003,34.4572],[74.0957,34.4559],[74.0858,34.4537],[74.0833,34.4531],[74.0754,34.451],[74.0728,34.45],[74.07,34.4489],[74.0676,34.4478],[74.0673,34.4476],[74.0644,34.4462],[74.0615,34.4446],[74.0608,34.4442],[74.0554,34.441],[74.053,34.4396],[74.0487,34.4368],[74.0451,34.4342],[74.0422,34.4318],[74.0417,34.4314],[74.0391,34.4289],[74.0369,34.4266],[74.0346,34.4241],[74.0337,34.4231],[74.0309,34.4196],[74.029,34.4171],[74.0264,34.4134],[74.0234,34.409],[74.0223,34.4073],[74.0184,34.4012],[74.0148,34.3951],[74.0139,34.3936],[74.013,34.392],[74.0124,34.391],[74.0115,34.3895],[74.011,34.3887],[74.0075,34.3824],[74.0067,34.381],[74.0055,34.3789],[74.0045,34.3771],[74.0036,34.3755],[74.0019,34.3724],[74.0008,34.3707],[74.0004,34.3699],[73.9998,34.3689],[73.9997,34.3686],[73.9995,34.3684],[73.9933,34.3578],[73.9915,34.3549],[73.9895,34.3514],[73.9856,34.3455],[73.983,34.3416],[73.982,34.34],[73.9815,34.3393],[73.9809,34.3385],[73.9757,34.3315],[73.9744,34.3297],[73.9738,34.3289],[73.9733,34.3283],[73.9726,34.3276],[73.972,34.3268],[73.9685,34.3229],[73.9665,34.3208],[73.9645,34.3189],[73.9612,34.3162],[73.96,34.3153],[73.959,34.3145],[73.9586,34.3141],[73.9599,34.3128],[73.9602,34.3124],[73.963,34.3094],[73.9646,34.3076],[73.9659,34.3061],[73.9667,34.3051],[73.9678,34.3039],[73.9799,34.2886],[73.9818,34.2861],[73.9837,34.2835],[73.9856,34.281],[73.9869,34.2792],[73.987,34.279],[73.9871,34.2788],[73.9872,34.2786],[73.9873,34.2784],[73.9873,34.2782],[73.9873,34.2781],[73.987,34.2776],[73.9866,34.2774],[73.9862,34.2773],[73.9856,34.2773],[73.9667,34.2746],[73.9653,34.2743],[73.9608,34.2743],[73.9419,34.2744],[73.9409,34.2756],[73.9402,34.2764],[73.9389,34.2793],[73.9381,34.2825],[73.9338,34.2828],[73.9337,34.2926],[73.9385,34.2984],[73.9387,34.3022],[73.9386,34.3093],[73.927,34.3101],[73.9271,34.3035],[73.9202,34.3034],[73.9147,34.3038],[73.9145,34.3082],[73.9178,34.3117],[73.9193,34.3129],[73.9225,34.3153],[73.9257,34.3173],[73.9246,34.3203],[73.9299,34.3263],[73.9333,34.3327],[73.9297,34.3355],[73.9224,34.3365],[73.9212,34.3371],[73.9177,34.3404],[73.9128,34.3421],[73.9116,34.348],[73.9002,34.3488],[73.899,34.3467],[73.8985,34.3396],[73.8938,34.3396],[73.8914,34.3369],[73.884,34.3314],[73.8817,34.3314],[73.8777,34.3322],[73.8744,34.3312],[73.8706,34.3338],[73.8628,34.3346],[73.8619,34.3304],[73.8603,34.3267],[73.8592,34.3253],[73.8585,34.3225],[73.8559,34.322],[73.8515,34.3217],[73.8505,34.3227],[73.8456,34.3267],[73.8431,34.3283],[73.8404,34.328],[73.8346,34.3315],[73.8299,34.3307],[73.8216,34.3301],[73.8139,34.3334],[73.809,34.3342],[73.8084,34.3377],[73.8107,34.3412],[73.8107,34.3433],[73.8027,34.345],[73.7984,34.3437],[73.7974,34.343],[73.7971,34.3398],[73.7971,34.3395],[73.7924,34.3362],[73.7827,34.3335],[73.7762,34.3343],[73.7739,34.3348],[73.7725,34.3354],[73.7711,34.3362],[73.7676,34.338],[73.7611,34.3449],[73.7584,34.3456],[73.7542,34.3457],[73.754,34.3494],[73.7565,34.3622],[73.7535,34.3631],[73.7508,34.3651],[73.7498,34.368],[73.7504,34.3703],[73.7514,34.3724],[73.7518,34.3737],[73.7554,34.3756],[73.7563,34.3768],[73.754,34.3813],[73.7616,34.3851],[73.7629,34.3846],[73.7637,34.3845],[73.7668,34.3858],[73.7707,34.3909],[73.7719,34.3947],[73.774,34.397],[73.7742,34.3983],[73.7761,34.3999],[73.7801,34.4017],[73.7851,34.4074],[73.7915,34.4109],[73.7925,34.4125],[73.7957,34.4154],[73.7992,34.4179],[73.8011,34.4188],[73.8026,34.4208],[73.8029,34.4218],[73.8036,34.4239],[73.8156,34.4229],[73.8256,34.422],[73.8389,34.422],[73.8373,34.4265],[73.8365,34.4276],[73.8391,34.4309],[73.846,34.4298],[73.8477,34.4279],[73.8577,34.4354],[73.8761,34.4502],[73.8848,34.4495],[73.8852,34.4623],[73.8829,34.4601],[73.8834,34.4666],[73.8789,34.4715],[73.8789,34.4747],[73.8795,34.4795],[73.8816,34.4816],[73.884,34.484],[73.886,34.487],[73.8865,34.4882],[73.8871,34.4912],[73.8874,34.4923],[73.8882,34.4947],[73.8889,34.5001],[73.8954,34.5144],[73.8959,34.5148],[73.897,34.515],[73.8987,34.5149],[73.9,34.5148],[73.9027,34.5149],[73.9054,34.5154],[73.9089,34.5177],[73.9116,34.5199],[73.9094,34.5244],[73.907,34.5266],[73.9055,34.5278],[73.905,34.5287],[73.9054,34.5293],[73.9224,34.5423],[73.9358,34.5394],[73.9488,34.5361],[73.9618,34.5321],[73.9866,34.5225],[73.9895,34.5224],[74.0002,34.5304],[74.0054,34.5304],[74.0084,34.5283],[74.0031,34.5125],[74.0039,34.505],[74.0071,34.4993],[74.0136,34.4941],[74.0175,34.4931],[74.017,34.4903],[74.0119,34.4828],[74.0066,34.4687],[74.0055,34.4535],[74.012,34.4497],[74.0208,34.4508],[74.0273,34.4543],[74.0381,34.4647],[74.0433,34.4674],[74.0444,34.4703],[74.0487,34.4752],[74.0592,34.4832],[74.0641,34.48],[74.0717,34.4809],[74.0797,34.4781],[74.0957,34.4749],[74.1052,34.4759],[74.1189,34.4683],[74.119,34.4674]]]},"properties":{"ac_no":1,"ac_name":"KARNAH","ac_category":"GEN","st_name":"JAMMU AND KASHMIR"}},{"type":"Feature","geometry":{"type":"Polygon","coordinates":[[[74.2768,34.4855],[74.2758,34.4805],[74.2753,34.4781],[74.2669,34.4766],[74.2379,34.477],[74.2174,34.4787],[74.1907,34.4833],[74.1884,34.4842],[74.187,34.485],[74.1864,34.4853],[74.1848,34.4863],[74.1839,34.4868],[74.1831,34.4874],[74.182,34.4882],[74.1807,34.4891],[74.1795,34.4899],[74.1781,34.4905],[74.1762,34.4912],[74.1729,34.492],[74.1693,34.4928],[74.1691,34.4929],[74.1675,34.4934],[74.1659,34.4947],[74.1658,34.4957],[74.166,34.4961],[74.1663,34.4964],[74.1625,34.4947],[74.1471,34.4867],[74.1383,34.4811],[74.1361,34.4796],[74.1343,34.4781],[74.1328,34.4768],[74.1317,34.4759],[74.1307,34.4749],[74.1298,34.4741],[74.1289,34.4733],[74.1278,34.4726],[74.1214,34.4686],[74.119,34.4674],[74.1189,34.4683],[74.1052,34.4759],[74.0957,34.4749],[74.0797,34.4781],[74.0717,34.4809],[74.0641,34.48],[74.0592,34.4832],[74.0487,34.4752],[74.0444,34.4703],[74.0433,34.4674],[74.0381,34.4647],[74.0273,34.4543],[74.0208,34.4508],[74.012,34.4497],[74.0055,34.4535],[74.0066,34.4687],[74.0119,34.4828],[74.017,34.4903],[74.0175,34.4931],[74.0136,34.4941],[74.0071,34.4993],[74.0039,34.505],[74.0031,34.5125],[74.0084,34.5283],[74.0054,34.5304],[74.0002,34.5304],[73.9895,34.5224],[73.9866,34.5225],[73.9618,34.5321],[73.9488,34.5361],[73.9358,34.5394],[73.9224,34.5423],[73.9272,34.546],[73.9388,34.5548],[73.9404,34.5527],[73.9487,34.5568],[73.9551,34.5618],[73.9567,34.5668],[73.9521,34.5695],[73.9609,34.5823],[73.9527,34.5828],[73.9554,34.5975],[73.9491,34.5996],[73.9397,34.6012],[73.9341,34.6029],[73.9327,34.6035],[73.9299,34.6045],[73.9306,34.6095],[73.9312,34.6114],[73.9339,34.6149],[73.9342,34.6203],[73.9319,34.6306],[73.9317,34.6323],[73.9322,34.6446],[73.9356,34.6475],[73.9386,34.6473],[73.942,34.6473],[73.9475,34.6476],[73.9528,34.6498],[73.9534,34.651],[73.9535,34.6516],[73.9529,34.6526],[73.9519,34.6531],[73.9496,34.6539],[73.9488,34.6546],[73.9499,34.659],[73.9501,34.6596],[73.9532,34.6622],[73.956,34.664],[73.9568,34.6647],[73.957,34.6661],[73.9563,34.6677],[73.9546,34.6686],[73.9539,34.6693],[73.9537,34.6702],[73.9535,34.6714],[73.9545,34.673],[73.9561,34.6741],[73.9593,34.6751],[73.9645,34.6795],[73.9672,34.6829],[73.9698,34.6875],[73.9704,34.6886],[73.9838,34.6846],[73.9878,34.6826],[73.9968,34.6832],[73.9999,34.6856],[74.0075,34.6873],[74.0172,34.6943],[74.03,34.6944],[74.034,34.6928],[74.0414,34.6826],[74.0444,34.6811],[74.0514,34.6807],[74.0654,34.6831],[74.0715,34.6852],[74.0774,34.6855],[74.0818,34.685],[74.087,34.6843],[74.0887,34.6852],[74.092,34.6862],[74.0933,34.69],[74.0954,34.6918],[74.1006,34.6891],[74.0991,34.678],[74.0996,34.6711],[74.1014,34.6661],[74.1103,34.6571],[74.1109,34.655],[74.1125,34.6476],[74.1141,34.6314],[74.1177,34.6151],[74.1238,34.6001],[74.1316,34.586],[74.1352,34.5771],[74.1393,34.5708],[74.1463,34.5624],[74.1577,34.5512],[74.1736,34.5395],[74.1802,34.5326],[74.1913,34.53],[74.1944,34.5355],[74.1983,34.5349],[74.2029,34.5376],[74.2062,34.5411],[74.2114,34.543],[74.2149,34.5407],[74.2191,34.527],[74.2306,34.5262],[74.2351,34.5243],[74.2389,34.518],[74.2384,34.5128],[74.2496,34.5119],[74.2529,34.5127],[74.26,34.5087],[74.2695,34.5087],[74.2741,34.507],[74.2734,34.5047],[74.2761,34.4915],[74.2766,34.4885],[74.2768,34.4855]]]},"properties":{"ac_no":2,"ac_name":"TREHGAM","ac_category":"GEN","st_name":"JAMMU AND KASHMIR"}},{"type":"Feature","geometry":{"type":"Polygon","coordinates":[[[74.3092,34.5618],[74.3005,34.5607],[74.295,34.56],[74.2913,34.5596],[74.2875,34.5591],[74.2856,34.5589],[74.2818,34.5583],[74.2799,34.5579],[74.2763,34.5571],[74.2745,34.5566],[74.2712,34.5555],[74.2682,34.554],[74.2633,34.5501],[74.2602,34.5448],[74.2589,34.5403],[74.2583,34.5325],[74.2587,34.5304],[74.2684,34.532],[74.2794,34.5321],[74.2789,34.5254],[74.28,34.5225],[74.2843,34.5202],[74.2796,34.5175],[74.2737,34.5167],[74.2725,34.5159],[74.2754,34.5104],[74.2743,34.5076],[74.2695,34.5087],[74.26,34.5087],[74.2529,34.5127],[74.2496,34.5119],[74.2384,34.5128],[74.2389,34.518],[74.2351,34.5243],[74.2306,34.5262],[74.2191,34.527],[74.2149,34.5407],[74.2114,34.543],[74.2062,34.5411],[74.2029,34.5376],[74.1983,34.5349],[74.1944,34.5355],[74.1913,34.53],[74.1802,34.5326],[74.1736,34.5395],[74.1577,34.5512],[74.1463,34.5624],[74.1393,34.5708],[74.1352,34.5771],[74.1316,34.586],[74.1238,34.6001],[74.1177,34.6151],[74.1141,34.6314],[74.1125,34.6476],[74.1109,34.655],[74.1128,34.6549],[74.1195,34.6517],[74.133,34.6518],[74.1349,34.6528],[74.1373,34.6577],[74.1371,34.6623],[74.1374,34.6683],[74.1444,34.6727],[74.1451,34.6793],[74.1462,34.6833],[74.1504,34.6864],[74.1539,34.6869],[74.1637,34.6904],[74.1748,34.6968],[74.1922,34.7103],[74.202,34.7174],[74.2076,34.72],[74.2217,34.7219],[74.2276,34.7249],[74.2358,34.7327],[74.2404,34.7352],[74.2611,34.7415],[74.2704,34.7463],[74.276,34.75],[74.2865,34.7664],[74.2888,34.7693],[74.2941,34.761],[74.3126,34.7416],[74.3211,34.7311],[74.3226,34.7293],[74.3242,34.7275],[74.3248,34.7268],[74.3257,34.7257],[74.3272,34.7239],[74.3279,34.7231],[74.3288,34.7221],[74.3304,34.7204],[74.337,34.7135],[74.3477,34.7038],[74.3591,34.6946],[74.3684,34.6894],[74.3819,34.6796],[74.3932,34.6701],[74.4012,34.6676],[74.4016,34.6675],[74.402,34.6674],[74.4025,34.667],[74.4014,34.6653],[74.3982,34.6627],[74.3966,34.6613],[74.395,34.6598],[74.3948,34.6597],[74.393,34.6578],[74.392,34.6568],[74.3909,34.6556],[74.3857,34.6498],[74.3819,34.6457],[74.3815,34.6453],[74.3797,34.6434],[74.3793,34.643],[74.3772,34.6409],[74.3753,34.639],[74.3745,34.6381],[74.3734,34.637],[74.3716,34.6352],[74.3694,34.6329],[74.3685,34.632],[74.3522,34.6141],[74.3426,34.6024],[74.3409,34.6002],[74.3397,34.5985],[74.337,34.5949],[74.3322,34.588],[74.3304,34.5851],[74.3302,34.5848],[74.3285,34.582],[74.324,34.5742],[74.3215,34.5702],[74.3205,34.5689],[74.3202,34.5685],[74.3178,34.5658],[74.3151,34.5637],[74.3141,34.5632],[74.3127,34.5626],[74.3121,34.5622],[74.3092,34.5618]]]},"properties":{"ac_no":3,"ac_name":"KUPWARA","ac_category":"GEN","st_name":"JAMMU AND KASHMIR"}},{"type":"Feature","geometry":{"type":"Polygon","coordinates":[[[74.5202,34.4986],[74.5191,34.4916],[74.5178,34.4842],[74.5089,34.4781],[74.5007,34.4725],[74.49,34.4662],[74.4851,34.4625],[74.483,34.4588],[74.4792,34.4445],[74.4772,34.4374],[74.4794,34.4326],[74.473,34.4323],[74.4679,34.4305],[74.4622,34.4259],[74.4587,34.4212],[74.4546,34.417],[74.4502,34.4158],[74.4389,34.4161],[74.428,34.4156],[74.4158,34.4144],[74.4075,34.4156],[74.4008,34.4246],[74.3989,34.4345],[74.3927,34.4375],[74.3827,34.4373],[74.3783,34.4355],[74.3692,34.4297],[74.3592,34.4255],[74.3461,34.4236],[74.348,34.4176],[74.3473,34.4095],[74.3499,34.399],[74.357,34.3957],[74.3687,34.3922],[74.3723,34.3921],[74.3802,34.3892],[74.3827,34.3837],[74.3821,34.377],[74.3802,34.3718],[74.3734,34.3668],[74.3779,34.3623],[74.383,34.3629],[74.3887,34.3605],[74.3903,34.3571],[74.3863,34.3518],[74.3818,34.3488],[74.3795,34.3407],[74.3769,34.3382],[74.372,34.3364],[74.3684,34.3331],[74.354,34.3282],[74.3466,34.3234],[74.3457,34.3161],[74.3435,34.3159],[74.3337,34.3105],[74.3267,34.3093],[74.3221,34.3104],[74.3218,34.3125],[74.3161,34.3145],[74.3115,34.3176],[74.3084,34.3181],[74.2985,34.3145],[74.2925,34.3158],[74.2883,34.3129],[74.2727,34.3078],[74.2701,34.3063],[74.26,34.3101],[74.2503,34.307],[74.2351,34.3045],[74.2206,34.2968],[74.2192,34.2934],[74.2146,34.2895],[74.2089,34.2886],[74.2046,34.2853],[74.1993,34.2832],[74.1866,34.2816],[74.1826,34.2827],[74.1778,34.2793],[74.169,34.2788],[74.1648,34.2762],[74.1641,34.2762],[74.1634,34.2768],[74.1553,34.2798],[74.1528,34.2792],[74.1504,34.2805],[74.1498,34.2814],[74.1493,34.2816],[74.1485,34.2814],[74.1195,34.2906],[74.1188,34.2908],[74.1179,34.2914],[74.1172,34.2924],[74.1169,34.2931],[74.1167,34.2938],[74.1166,34.2944],[74.1164,34.2955],[74.1162,34.2967],[74.1161,34.2977],[74.116,34.2982],[74.1159,34.2996],[74.1159,34.2999],[74.1159,34.3004],[74.1159,34.3012],[74.1159,34.3016],[74.1159,34.3023],[74.1159,34.3027],[74.116,34.3046],[74.116,34.3047],[74.116,34.3054],[74.1161,34.3059],[74.1162,34.3074],[74.1163,34.3082],[74.1166,34.3102],[74.1166,34.3105],[74.1166,34.3108],[74.1167,34.311],[74.1168,34.3116],[74.1168,34.3118],[74.1169,34.3121],[74.1169,34.3124],[74.117,34.3127],[74.1171,34.3133],[74.1171,34.3134],[74.1173,34.3144],[74.1174,34.3152],[74.1174,34.3156],[74.1176,34.3167],[74.1177,34.3171],[74.1183,34.3215],[74.1183,34.3228],[74.1182,34.3238],[74.1181,34.3244],[74.1177,34.3258],[74.1176,34.3263],[74.1175,34.3269],[74.1168,34.3293],[74.1176,34.3286],[74.1185,34.3278],[74.1278,34.3229],[74.1301,34.3223],[74.14,34.3214],[74.1439,34.3215],[74.1672,34.3235],[74.1716,34.324],[74.1837,34.3256],[74.1908,34.3268],[74.1917,34.3269],[74.195,34.3276],[74.2043,34.3299],[74.2072,34.3308],[74.2117,34.3322],[74.2142,34.3332],[74.2262,34.3386],[74.2283,34.3399],[74.2293,34.3405],[74.231,34.3415],[74.2412,34.3489],[74.2436,34.3509],[74.2442,34.3514],[74.2459,34.3527],[74.2494,34.3557],[74.251,34.3571],[74.2521,34.3581],[74.2542,34.3603],[74.2546,34.3608],[74.2565,34.3617],[74.2755,34.361],[74.2973,34.3684],[74.2977,34.3694],[74.2986,34.3704],[74.2986,34.3705],[74.2992,34.3709],[74.301,34.3724],[74.3023,34.3734],[74.3034,34.3742],[74.3036,34.3744],[74.3059,34.3762],[74.3064,34.3767],[74.3067,34.3769],[74.3072,34.3774],[74.3076,34.3779],[74.308,34.3784],[74.3089,34.3797],[74.3128,34.3814],[74.3138,34.3815],[74.3148,34.3815],[74.3163,34.3825],[74.3151,34.3844],[74.3152,34.386],[74.3153,34.3877],[74.317,34.389],[74.3188,34.3911],[74.3186,34.3922],[74.3183,34.3932],[74.3174,34.3945],[74.324,34.3999],[74.3242,34.4023],[74.3256,34.4043],[74.3254,34.4068],[74.3263,34.4091],[74.3282,34.4108],[74.3318,34.4167],[74.3325,34.418],[74.3282,34.4234],[74.3235,34.4245],[74.3221,34.4225],[74.3185,34.4194],[74.3155,34.4162],[74.3137,34.4138],[74.3097,34.4158],[74.3071,34.4176],[74.3048,34.4186],[74.296,34.4144],[74.29,34.4132],[74.286,34.4126],[74.2826,34.4178],[74.2766,34.4193],[74.2698,34.421],[74.2621,34.4218],[74.254,34.4248],[74.254,34.4249],[74.2541,34.4249],[74.2541,34.425],[74.2541,34.4251],[74.2542,34.4251],[74.2542,34.4252],[74.2543,34.4254],[74.2544,34.4255],[74.2544,34.4256],[74.2545,34.4257],[74.2545,34.4258],[74.2552,34.4317],[74.2548,34.4381],[74.2548,34.4383],[74.2548,34.4384],[74.2548,34.4388],[74.2548,34.4389],[74.2548,34.44],[74.2548,34.4401],[74.2548,34.4402],[74.2548,34.4403],[74.2548,34.4404],[74.2548,34.4405],[74.2548,34.4406],[74.2548,34.4408],[74.2547,34.4409],[74.2547,34.4411],[74.2547,34.4412],[74.2546,34.4414],[74.2545,34.442],[74.2545,34.4422],[74.2545,34.4424],[74.2545,34.4425],[74.2545,34.4426],[74.2544,34.4427],[74.2544,34.4428],[74.2544,34.4429],[74.2538,34.4455],[74.2524,34.4463],[74.2513,34.4464],[74.2473,34.4476],[74.2459,34.4484],[74.2459,34.449],[74.2459,34.4491],[74.2459,34.4492],[74.2459,34.4493],[74.246,34.4498],[74.2461,34.45],[74.2461,34.4501],[74.2459,34.4524],[74.2467,34.4546],[74.2456,34.4555],[74.245,34.4569],[74.2437,34.4573],[74.2421,34.4578],[74.2417,34.4591],[74.2376,34.46],[74.2313,34.461],[74.2229,34.4575],[74.2206,34.4566],[74.2181,34.4572],[74.2118,34.4563],[74.2055,34.4531],[74.2032,34.4526],[74.2031,34.4526],[74.203,34.4526],[74.203,34.4525],[74.2029,34.4525],[74.2028,34.4525],[74.2027,34.4525],[74.2025,34.4525],[74.2022,34.4524],[74.2021,34.4524],[74.1968,34.4574],[74.1968,34.4615],[74.2001,34.4638],[74.2039,34.4665],[74.2086,34.4694],[74.2152,34.4715],[74.2212,34.4729],[74.2371,34.4723],[74.2511,34.471],[74.2641,34.4706],[74.2663,34.4711],[74.2698,34.4673],[74.2733,34.4579],[74.2708,34.4549],[74.2757,34.4508],[74.2802,34.4497],[74.282,34.4466],[74.3023,34.4512],[74.3153,34.4535],[74.3198,34.4603],[74.3204,34.4659],[74.3163,34.4758],[74.3285,34.4763],[74.3406,34.4773],[74.3442,34.4785],[74.3503,34.4804],[74.3544,34.4816],[74.3564,34.4824],[74.3583,34.4832],[74.3618,34.4854],[74.3715,34.4952],[74.3776,34.4959],[74.3876,34.4926],[74.388,34.4925],[74.3898,34.4916],[74.3907,34.4912],[74.3933,34.49],[74.3941,34.4895],[74.3961,34.4886],[74.398,34.4877],[74.3988,34.4873],[74.3999,34.4868],[74.4017,34.4859],[74.4035,34.4851],[74.4045,34.4861],[74.4065,34.4879],[74.4076,34.4887],[74.4084,34.4892],[74.4088,34.4895],[74.41,34.4902],[74.4108,34.4905],[74.4113,34.4908],[74.4127,34.4913],[74.4156,34.4922],[74.4171,34.4924],[74.4186,34.4926],[74.4201,34.4928],[74.4216,34.4928],[74.4231,34.4928],[74.4276,34.4923],[74.4294,34.492],[74.4305,34.4918],[74.432,34.4915],[74.4387,34.4902],[74.4393,34.4902],[74.4408,34.4899],[74.4422,34.4897],[74.4482,34.4892],[74.4542,34.489],[74.4554,34.4891],[74.4557,34.4891],[74.4572,34.4892],[74.4616,34.4895],[74.4631,34.4898],[74.4637,34.4898],[74.4642,34.4899],[74.4643,34.4899],[74.4646,34.49],[74.4652,34.4901],[74.466,34.4902],[74.467,34.4904],[74.4675,34.4905],[74.4705,34.4911],[74.4735,34.4918],[74.4892,34.4955],[74.4937,34.4959],[74.5036,34.4939],[74.5049,34.4937],[74.5054,34.4937],[74.5083,34.4938],[74.5098,34.4942],[74.5124,34.4954],[74.5156,34.4978],[74.5185,34.4983],[74.5187,34.4983],[74.5188,34.4984],[74.519,34.4984],[74.5192,34.4984],[74.5193,34.4984],[74.5196,34.4985],[74.5197,34.4985],[74.5198,34.4985],[74.5199,34.4986],[74.52,34.4986],[74.5201,34.4986],[74.5202,34.4986]]]},"properties":{"ac_no":6,"ac_name":"LANGATE","ac_category":"GEN","st_name":"JAMMU AND KASHMIR"}},{"type":"Feature","geometry":{"type":"Polygon","coordinates":[[[74.6061,34.7378],[74.598,34.7227],[74.594,34.7162],[74.5909,34.7113],[74.5865,34.7067],[74.5782,34.6993],[74.5695,34.6922],[74.5667,34.6877],[74.563,34.674],[74.563,34.6677],[74.5637,34.6609],[74.5652,34.654],[74.5652,34.6466],[74.5639,34.6404],[74.5589,34.63],[74.5537,34.6272],[74.5502,34.6258],[74.5474,34.6242],[74.5464,34.6211],[74.5464,34.6182],[74.5477,34.6112],[74.5475,34.6045],[74.5447,34.5973],[74.5416,34.5902],[74.5372,34.5863],[74.5332,34.5827],[74.5325,34.5788],[74.5318,34.5749],[74.529,34.5715],[74.5257,34.561],[74.5238,34.5578],[74.5217,34.5527],[74.5215,34.5496],[74.5281,34.5429],[74.5314,34.5381],[74.5341,34.5294],[74.5334,34.5239],[74.5323,34.519],[74.5349,34.5121],[74.5331,34.5104],[74.5208,34.502],[74.5202,34.4986],[74.5201,34.4986],[74.52,34.4986],[74.5199,34.4986],[74.5198,34.4985],[74.5197,34.4985],[74.5196,34.4985],[74.5195,34.4985],[74.5194,34.4985],[74.5193,34.4984],[74.5192,34.4984],[74.519,34.4984],[74.5189,34.4984],[74.5188,34.4984],[74.5187,34.4983],[74.5185,34.4983],[74.5181,34.4982],[74.5172,34.4981],[74.5156,34.4978],[74.5124,34.4954],[74.5098,34.4942],[74.5083,34.4938],[74.5054,34.4937],[74.5049,34.4937],[74.5036,34.4939],[74.4937,34.4959],[74.4892,34.4955],[74.4735,34.4918],[74.4705,34.4911],[74.4675,34.4905],[74.467,34.4904],[74.466,34.4902],[74.4652,34.4901],[74.4646,34.49],[74.4643,34.4899],[74.4642,34.4899],[74.4637,34.4898],[74.4631,34.4898],[74.4616,34.4895],[74.4572,34.4892],[74.4557,34.4891],[74.4554,34.4891],[74.4542,34.489],[74.4482,34.4892],[74.4422,34.4897],[74.4408,34.4899],[74.4393,34.4902],[74.4387,34.4902],[74.432,34.4915],[74.4305,34.4918],[74.4294,34.492],[74.4276,34.4923],[74.4231,34.4928],[74.4216,34.4928],[74.4201,34.4928],[74.4186,34.4926],[74.4171,34.4924],[74.4156,34.4922],[74.4127,34.4913],[74.4113,34.4908],[74.4108,34.4905],[74.41,34.4902],[74.4088,34.4895],[74.4084,34.4892],[74.4076,34.4887],[74.4065,34.4879],[74.4045,34.4861],[74.4042,34.4857],[74.4035,34.4851],[74.4017,34.4859],[74.3999,34.4868],[74.3988,34.4873],[74.398,34.4877],[74.3961,34.4886],[74.3941,34.4895],[74.3933,34.49],[74.3907,34.4912],[74.3898,34.4916],[74.388,34.4925],[74.3876,34.4926],[74.3779,34.4959],[74.3714,34.5021],[74.3711,34.5024],[74.3703,34.5033],[74.3695,34.5042],[74.3677,34.5064],[74.3662,34.5087],[74.3642,34.5132],[74.3627,34.5178],[74.3625,34.5187],[74.3624,34.5189],[74.3623,34.5196],[74.3618,34.5216],[74.3597,34.5289],[74.3571,34.537],[74.3506,34.5552],[74.3491,34.5596],[74.3482,34.5623],[74.3478,34.5636],[74.3471,34.5656],[74.3462,34.5682],[74.3338,34.5658],[74.3321,34.5655],[74.3286,34.5649],[74.3268,34.5646],[74.325,34.5643],[74.3162,34.5628],[74.3127,34.5623],[74.3127,34.5626],[74.3141,34.5632],[74.3151,34.5637],[74.3202,34.5685],[74.3205,34.5689],[74.3215,34.5702],[74.324,34.5742],[74.3285,34.582],[74.3302,34.5848],[74.3304,34.5851],[74.3322,34.588],[74.337,34.5949],[74.3397,34.5985],[74.3409,34.6002],[74.3426,34.6024],[74.3522,34.6141],[74.3685,34.632],[74.3694,34.6329],[74.3716,34.6352],[74.3734,34.637],[74.3745,34.6381],[74.3753,34.639],[74.3772,34.6409],[74.3793,34.643],[74.3797,34.6434],[74.3815,34.6453],[74.3819,34.6457],[74.3857,34.6498],[74.3909,34.6556],[74.392,34.6568],[74.393,34.6578],[74.3948,34.6597],[74.395,34.6598],[74.3966,34.6613],[74.3982,34.6627],[74.4014,34.6653],[74.4025,34.667],[74.402,34.6674],[74.4016,34.6675],[74.4012,34.6676],[74.3971,34.6682],[74.3932,34.6701],[74.3819,34.6796],[74.3684,34.6894],[74.3591,34.6946],[74.3477,34.7038],[74.3424,34.7084],[74.337,34.7135],[74.3336,34.7169],[74.3304,34.7204],[74.3288,34.7221],[74.3279,34.7231],[74.3272,34.7239],[74.3257,34.7257],[74.3248,34.7268],[74.3242,34.7275],[74.3226,34.7293],[74.3211,34.7311],[74.3126,34.7416],[74.2941,34.761],[74.2912,34.7647],[74.29,34.7667],[74.289,34.7687],[74.2888,34.7693],[74.2957,34.7777],[74.3046,34.7855],[74.3131,34.7916],[74.3185,34.7937],[74.3253,34.7939],[74.3295,34.7916],[74.335,34.7878],[74.3415,34.7861],[74.3523,34.7852],[74.3597,34.7863],[74.3727,34.7903],[74.3776,34.7908],[74.3858,34.7887],[74.393,34.785],[74.3966,34.7843],[74.4117,34.7886],[74.4167,34.7886],[74.4227,34.787],[74.4274,34.7846],[74.4377,34.7837],[74.4437,34.785],[74.4502,34.7879],[74.4563,34.789],[74.4621,34.788],[74.4698,34.7857],[74.4774,34.7829],[74.4818,34.7825],[74.4855,34.7833],[74.4924,34.7856],[74.4998,34.7883],[74.5132,34.7842],[74.5202,34.7831],[74.5314,34.7838],[74.5448,34.7822],[74.5657,34.7783],[74.5682,34.7777],[74.5817,34.7725],[74.5918,34.7653],[74.5981,34.7563],[74.5998,34.75],[74.6061,34.7378]]]},"properties":{"ac_no":4,"ac_name":"LOLAB","ac_category":"GEN","st_name":"JAMMU AND KASHMIR"}},{"type":"Feature","geometry":{"type":"Polygon","coordinates":[[[75.6879,32.3911],[75.679,32.3897],[75.6741,32.3936],[75.6633,32.3918],[75.6477,32.3875],[75.643,32.3855],[75.6359,32.3808],[75.6244,32.3783],[75.6095,32.3768],[75.6036,32.3766],[75.5967,32.3777],[75.5917,32.3754],[75.5598,32.3571],[75.5581,32.3543],[75.5509,32.3494],[75.5395,32.3362],[75.5371,32.326],[75.5422,32.3219],[75.5416,32.3152],[75.543,32.3098],[75.5425,32.3056],[75.5394,32.3001],[75.5389,32.2913],[75.5365,32.2827],[75.5334,32.2777],[75.5289,32.2784],[75.5209,32.277],[75.5182,32.2813],[75.5093,32.2838],[75.5034,32.2917],[75.5056,32.2974],[75.5108,32.304],[75.5121,32.3079],[75.5049,32.3127],[75.5027,32.3113],[75.4915,32.3165],[75.4863,32.3171],[75.4821,32.3204],[75.4858,32.3242],[75.4802,32.3343],[75.4872,32.3398],[75.4945,32.3415],[75.4891,32.346],[75.4844,32.3416],[75.4785,32.339],[75.4686,32.339],[75.4716,32.3338],[75.466,32.33],[75.4657,32.327],[75.4551,32.3263],[75.4503,32.3246],[75.4483,32.3265],[75.441,32.3184],[75.4317,32.3173],[75.419,32.32],[75.411,32.3288],[75.4039,32.3277],[75.3995,32.3307],[75.3951,32.3276],[75.3898,32.3292],[75.3799,32.335],[75.3777,32.3357],[75.379,32.3369],[75.3807,32.3389],[75.382,32.3402],[75.3897,32.3458],[75.397,32.3451],[75.3983,32.3458],[75.3991,32.3462],[75.3996,32.3467],[75.3998,32.3472],[75.3994,32.3485],[75.3991,32.3499],[75.3989,32.3504],[75.4036,32.3504],[75.4067,32.3527],[75.4056,32.3567],[75.397,32.3671],[75.3968,32.3717],[75.3965,32.3765],[75.3963,32.3798],[75.3962,32.381],[75.3965,32.3875],[75.3977,32.3875],[75.3986,32.3867],[75.3999,32.385],[75.4011,32.3837],[75.4026,32.3822],[75.4054,32.3803],[75.4071,32.3801],[75.411,32.3801],[75.4132,32.3794],[75.4137,32.3785],[75.4135,32.377],[75.4133,32.3767],[75.4133,32.3732],[75.4133,32.3722],[75.4131,32.3718],[75.4131,32.3707],[75.4137,32.3706],[75.4153,32.371],[75.416,32.3712],[75.4171,32.3717],[75.4231,32.3703],[75.4251,32.3692],[75.4268,32.3685],[75.4276,32.3684],[75.4287,32.3683],[75.4288,32.3696],[75.4291,32.3707],[75.4295,32.3715],[75.4297,32.3725],[75.4296,32.3734],[75.43,32.3734],[75.431,32.3744],[75.4333,32.3755],[75.4359,32.3756],[75.4382,32.375],[75.4403,32.3754],[75.4413,32.3759],[75.4416,32.3766],[75.4417,32.3778],[75.4439,32.3781],[75.4448,32.3788],[75.4459,32.3795],[75.4469,32.3806],[75.4461,32.3818],[75.4444,32.3827],[75.4422,32.3852],[75.442,32.3856],[75.4429,32.3857],[75.4467,32.3857],[75.4475,32.3851],[75.4477,32.3847],[75.448,32.3845],[75.4484,32.3833],[75.4499,32.3814],[75.4511,32.3813],[75.4536,32.3787],[75.4549,32.3785],[75.4553,32.3794],[75.4562,32.3805],[75.4555,32.3835],[75.4547,32.3847],[75.4527,32.3854],[75.4506,32.3863],[75.4507,32.3867],[75.4511,32.3876],[75.4511,32.3878],[75.4524,32.3878],[75.4542,32.3877],[75.4582,32.3886],[75.4596,32.3858],[75.4617,32.3831],[75.4644,32.3806],[75.466,32.3795],[75.4666,32.3786],[75.4694,32.376],[75.4755,32.3758],[75.4781,32.3765],[75.4774,32.377],[75.4759,32.3781],[75.4756,32.3796],[75.475,32.3795],[75.4748,32.3802],[75.4742,32.3805],[75.4731,32.3816],[75.4719,32.3822],[75.4669,32.3871],[75.4662,32.3887],[75.4706,32.3883],[75.4729,32.387],[75.4751,32.3854],[75.4776,32.3818],[75.4865,32.3778],[75.4868,32.3781],[75.4883,32.3797],[75.4893,32.3811],[75.4911,32.3853],[75.4923,32.3873],[75.4933,32.3894],[75.4946,32.3904],[75.4973,32.3914],[75.5012,32.3915],[75.5027,32.3918],[75.51,32.391],[75.517,32.3926],[75.5171,32.3931],[75.5173,32.3945],[75.5184,32.3959],[75.5204,32.4],[75.5223,32.4018],[75.5259,32.4026],[75.5269,32.402],[75.5269,32.4015],[75.5279,32.4016],[75.5287,32.4021],[75.5304,32.4025],[75.5313,32.4019],[75.5316,32.403],[75.5325,32.4049],[75.5339,32.4063],[75.5336,32.4093],[75.5347,32.4132],[75.5352,32.414],[75.5359,32.4151],[75.5363,32.4167],[75.5363,32.4186],[75.5352,32.4205],[75.5335,32.4228],[75.5309,32.4264],[75.5302,32.427],[75.5247,32.4317],[75.5229,32.4327],[75.5209,32.4373],[75.5208,32.4392],[75.5207,32.4412],[75.5207,32.4421],[75.5197,32.4455],[75.5215,32.446],[75.522,32.4468],[75.5224,32.4474],[75.5232,32.4497],[75.5232,32.4505],[75.5232,32.4506],[75.523,32.451],[75.523,32.453],[75.5234,32.455],[75.525,32.4565],[75.5266,32.4579],[75.5278,32.4604],[75.5274,32.4612],[75.5274,32.4629],[75.528,32.4644],[75.5353,32.4636],[75.5353,32.4614],[75.5353,32.4605],[75.536,32.4599],[75.5375,32.4595],[75.5397,32.459],[75.543,32.457],[75.5444,32.4567],[75.546,32.456],[75.5475,32.4565],[75.5476,32.4579],[75.5475,32.4592],[75.5505,32.4655],[75.5562,32.4655],[75.5606,32.4654],[75.5625,32.4651],[75.5666,32.4658],[75.5685,32.4663],[75.5738,32.4691],[75.5754,32.4629],[75.5745,32.4606],[75.5726,32.4584],[75.5716,32.4568],[75.5701,32.4551],[75.569,32.4543],[75.5693,32.4532],[75.5699,32.4527],[75.5702,32.4526],[75.5712,32.4509],[75.5718,32.4483],[75.5718,32.4473],[75.5717,32.447],[75.5724,32.4469],[75.5769,32.4488],[75.5816,32.4497],[75.5835,32.45],[75.5841,32.4506],[75.5848,32.449],[75.5852,32.447],[75.5858,32.4464],[75.5863,32.4449],[75.586,32.4441],[75.5855,32.4432],[75.5837,32.4421],[75.584,32.4409],[75.5842,32.4393],[75.5829,32.4375],[75.5866,32.431],[75.5905,32.4259],[75.5911,32.4243],[75.5923,32.4222],[75.595,32.4193],[75.5972,32.4154],[75.5991,32.4113],[75.5994,32.4089],[75.5999,32.4059],[75.6008,32.403],[75.6017,32.4009],[75.6028,32.398],[75.6031,32.3973],[75.6043,32.3959],[75.6062,32.3983],[75.6081,32.4004],[75.6136,32.4041],[75.6148,32.4045],[75.6186,32.4042],[75.6217,32.4032],[75.6217,32.4023],[75.622,32.3995],[75.6227,32.399],[75.6231,32.3977],[75.6245,32.3975],[75.6266,32.396],[75.6283,32.3975],[75.6346,32.3978],[75.6356,32.3988],[75.6378,32.3997],[75.6419,32.4007],[75.6419,32.4032],[75.6423,32.4081],[75.6482,32.4078],[75.6533,32.4101],[75.6539,32.4098],[75.6549,32.4092],[75.6569,32.4091],[75.6581,32.4088],[75.665,32.4125],[75.6717,32.4123],[75.6729,32.4112],[75.6725,32.4108],[75.6721,32.4106],[75.6715,32.4066],[75.6815,32.3991],[75.6859,32.395],[75.6879,32.3911]]]},"properties":{"ac_no":67,"ac_name":"KATHUA","ac_category":"SC","st_name":"JAMMU AND KASHMIR"}},{"type":"Feature","geometry":{"type":"Polygon","coordinates":[[[75.6879,32.3911],[75.6859,32.395],[75.6815,32.3991],[75.6715,32.4066],[75.6721,32.4106],[75.6725,32.4108],[75.6729,32.4112],[75.6771,32.4099],[75.6805,32.4079],[75.6832,32.4077],[75.6844,32.4079],[75.6851,32.4083],[75.6867,32.4095],[75.6872,32.4097],[75.6869,32.4115],[75.6877,32.4131],[75.6897,32.4158],[75.6906,32.4172],[75.6941,32.4209],[75.6962,32.4254],[75.6962,32.4262],[75.6945,32.4262],[75.6887,32.4262],[75.6874,32.4273],[75.6877,32.4331],[75.6887,32.436],[75.6892,32.4378],[75.6885,32.4382],[75.6855,32.4386],[75.6831,32.4391],[75.6789,32.4407],[75.6751,32.4425],[75.6706,32.4444],[75.6697,32.4445],[75.6683,32.4452],[75.6678,32.4454],[75.6673,32.4453],[75.6668,32.4451],[75.6652,32.4443],[75.6632,32.4437],[75.662,32.443],[75.6562,32.4413],[75.6553,32.441],[75.654,32.4406],[75.653,32.4407],[75.6419,32.4474],[75.6402,32.4482],[75.639,32.4482],[75.6385,32.4485],[75.6381,32.4491],[75.6379,32.4497],[75.6375,32.45],[75.6363,32.4507],[75.6345,32.4511],[75.6338,32.4509],[75.6326,32.4503],[75.6323,32.451],[75.6315,32.4519],[75.6309,32.4524],[75.6299,32.4527],[75.6294,32.453],[75.6278,32.4568],[75.6275,32.4574],[75.6273,32.4581],[75.6275,32.4593],[75.6276,32.4606],[75.6273,32.4613],[75.6268,32.4618],[75.6258,32.4627],[75.6251,32.4631],[75.6236,32.4635],[75.6186,32.4682],[75.6175,32.4686],[75.6167,32.4686],[75.6147,32.4676],[75.6025,32.4697],[75.5969,32.4721],[75.5937,32.4755],[75.5877,32.479],[75.587,32.479],[75.5842,32.4781],[75.5818,32.478],[75.5812,32.4835],[75.576,32.4842],[75.5731,32.4828],[75.5697,32.4829],[75.5668,32.4828],[75.5656,32.4828],[75.5643,32.4836],[75.5626,32.4845],[75.5617,32.4848],[75.559,32.4836],[75.5581,32.4835],[75.5575,32.4836],[75.5569,32.484],[75.556,32.4853],[75.5561,32.4858],[75.5567,32.4864],[75.5574,32.4874],[75.5578,32.4899],[75.558,32.4939],[75.5574,32.4949],[75.559,32.4972],[75.5579,32.4985],[75.5579,32.5011],[75.557,32.5016],[75.5564,32.5026],[75.5558,32.5045],[75.5562,32.5064],[75.5559,32.5077],[75.5599,32.5168],[75.5618,32.5196],[75.5624,32.5201],[75.5634,32.5205],[75.5641,32.5223],[75.5621,32.5238],[75.562,32.5248],[75.5614,32.525],[75.5609,32.526],[75.5602,32.5267],[75.5603,32.5268],[75.5607,32.5269],[75.5629,32.5267],[75.5697,32.5286],[75.571,32.5295],[75.5744,32.5308],[75.5794,32.5346],[75.5801,32.5358],[75.5823,32.5386],[75.5835,32.5421],[75.5811,32.5482],[75.5811,32.5519],[75.5817,32.5535],[75.5835,32.5552],[75.5861,32.5575],[75.587,32.558],[75.5874,32.5584],[75.5877,32.5592],[75.5879,32.5595],[75.5886,32.5596],[75.5889,32.5596],[75.5892,32.5601],[75.5899,32.5601],[75.592,32.5603],[75.5928,32.56],[75.594,32.5603],[75.5967,32.5601],[75.5975,32.5616],[75.5985,32.5617],[75.5995,32.5615],[75.6006,32.5623],[75.6024,32.564],[75.602,32.5657],[75.6015,32.5665],[75.5944,32.5692],[75.5928,32.5689],[75.5915,32.5685],[75.5895,32.5686],[75.5885,32.57],[75.5891,32.5704],[75.5907,32.5713],[75.5937,32.5719],[75.5953,32.5718],[75.5985,32.5721],[75.6009,32.5732],[75.6008,32.5742],[75.6015,32.5751],[75.6034,32.5769],[75.6164,32.583],[75.6119,32.5931],[75.6084,32.5975],[75.6049,32.5997],[75.5995,32.6021],[75.6017,32.6042],[75.6044,32.6076],[75.6057,32.6097],[75.6088,32.6142],[75.609,32.6142],[75.6143,32.6125],[75.6241,32.6115],[75.6242,32.6109],[75.6266,32.6073],[75.6276,32.6045],[75.6323,32.6008],[75.6378,32.5973],[75.6461,32.5913],[75.6472,32.5912],[75.6473,32.5912],[75.6472,32.5916],[75.6475,32.5921],[75.6501,32.5936],[75.6546,32.597],[75.6571,32.5993],[75.661,32.6017],[75.6647,32.602],[75.6658,32.6025],[75.6664,32.6018],[75.6679,32.6013],[75.6709,32.6007],[75.673,32.5999],[75.6786,32.5987],[75.6843,32.5968],[75.6873,32.5953],[75.694,32.5927],[75.6944,32.593],[75.6964,32.595],[75.6967,32.5952],[75.6988,32.5961],[75.7002,32.5967],[75.7027,32.599],[75.7036,32.6007],[75.704,32.6019],[75.7033,32.6089],[75.7007,32.6123],[75.7004,32.6143],[75.6996,32.6159],[75.6996,32.6171],[75.7015,32.6235],[75.7002,32.6247],[75.6989,32.6265],[75.6982,32.6282],[75.6978,32.6303],[75.699,32.6373],[75.6995,32.6376],[75.6999,32.6389],[75.7008,32.6406],[75.7026,32.6419],[75.705,32.6436],[75.7107,32.6514],[75.7126,32.6523],[75.7163,32.6559],[75.7177,32.6574],[75.7184,32.6585],[75.719,32.6594],[75.7198,32.6598],[75.7204,32.6602],[75.7242,32.6647],[75.7322,32.6696],[75.738,32.6711],[75.7463,32.6704],[75.7496,32.671],[75.7523,32.6667],[75.7545,32.6653],[75.7562,32.664],[75.7618,32.6614],[75.7677,32.6635],[75.7757,32.6645],[75.7837,32.6642],[75.786,32.664],[75.7895,32.6635],[75.8028,32.663],[75.8037,32.6625],[75.8078,32.6602],[75.8082,32.6603],[75.8097,32.6606],[75.8129,32.6597],[75.8144,32.6593],[75.8164,32.6568],[75.8248,32.6545],[75.8319,32.6459],[75.8334,32.6431],[75.8349,32.6414],[75.8366,32.6393],[75.8385,32.6377],[75.8408,32.6371],[75.8433,32.6371],[75.8447,32.6374],[75.8456,32.6374],[75.8457,32.6374],[75.8465,32.6377],[75.8472,32.638],[75.8486,32.6397],[75.8506,32.6403],[75.8508,32.6406],[75.8508,32.6408],[75.8509,32.641],[75.8511,32.6422],[75.852,32.6436],[75.8539,32.6444],[75.8553,32.6459],[75.8566,32.6464],[75.8579,32.6475],[75.8607,32.6489],[75.873,32.6514],[75.8775,32.6567],[75.8785,32.6569],[75.8792,32.6571],[75.8786,32.6595],[75.8776,32.6634],[75.872,32.6689],[75.8727,32.6737],[75.8755,32.6757],[75.8774,32.6764],[75.8819,32.6792],[75.8838,32.6794],[75.8889,32.6804],[75.9006,32.6809],[75.9024,32.6753],[75.9004,32.6704],[75.8952,32.6662],[75.8966,32.6628],[75.8957,32.6598],[75.8897,32.6542],[75.8903,32.6514],[75.8966,32.6497],[75.9033,32.656],[75.909,32.6593],[75.9144,32.6572],[75.9185,32.654],[75.9175,32.6457],[75.9202,32.644],[75.9268,32.6437],[75.932,32.6466],[75.9338,32.6427],[75.9288,32.6372],[75.9309,32.6332],[75.927,32.6316],[75.9254,32.636],[75.9224,32.6363],[75.9186,32.6332],[75.9188,32.6307],[75.9157,32.6264],[75.9182,32.622],[75.9163,32.6181],[75.9159,32.613],[75.9105,32.6099],[75.9083,32.6067],[75.9079,32.6017],[75.902,32.5928],[75.8948,32.5897],[75.8894,32.5909],[75.8847,32.59],[75.8809,32.5865],[75.8828,32.5778],[75.8817,32.5727],[75.8793,32.5688],[75.8728,32.5671],[75.8691,32.5635],[75.8763,32.5551],[75.8761,32.5505],[75.8712,32.5462],[75.8578,32.5379],[75.8585,32.531],[75.8556,32.5282],[75.8502,32.5271],[75.8413,32.5236],[75.8394,32.5198],[75.8413,32.5151],[75.8339,32.5154],[75.8318,32.5106],[75.8336,32.5056],[75.8324,32.5034],[75.8271,32.5045],[75.826,32.4997],[75.8233,32.4951],[75.8195,32.4915],[75.814,32.4887],[75.8016,32.4856],[75.7928,32.4786],[75.7891,32.4766],[75.7777,32.4657],[75.7709,32.4621],[75.7656,32.4618],[75.7627,32.4598],[75.7595,32.4605],[75.755,32.4563],[75.7467,32.4545],[75.7422,32.4552],[75.7295,32.4532],[75.7273,32.4457],[75.7296,32.439],[75.7351,32.439],[75.7383,32.4358],[75.7435,32.4329],[75.7425,32.4304],[75.7373,32.4296],[75.7306,32.4329],[75.7276,32.4289],[75.7318,32.4251],[75.7319,32.4229],[75.7235,32.4102],[75.7225,32.4055],[75.7148,32.4075],[75.7114,32.411],[75.7049,32.4051],[75.7012,32.3996],[75.6941,32.3956],[75.6879,32.3911]]]},"properties":{"ac_no":65,"ac_name":"BASOHLI","ac_category":"GEN","st_name":"JAMMU AND KASHMIR"}},{"type":"Feature","geometry":{"type":"Polygon","coordinates":[[[75.7496,32.671],[75.7539,32.6736],[75.7569,32.6813],[75.7542,32.6854],[75.7509,32.6874],[75.7457,32.6928],[75.7483,32.6959],[75.7466,32.6992],[75.739,32.7014],[75.7278,32.7011],[75.7226,32.7045],[75.7188,32.702],[75.7113,32.7002],[75.7027,32.6994],[75.6955,32.6997],[75.6868,32.7012],[75.6802,32.6972],[75.6718,32.6934],[75.6676,32.6944],[75.6554,32.6997],[75.6392,32.6942],[75.636,32.6923],[75.6262,32.6766],[75.6241,32.6715],[75.6172,32.6668],[75.607,32.6668],[75.6009,32.6725],[75.5936,32.6718],[75.5829,32.6674],[75.5737,32.6671],[75.5658,32.6513],[75.5557,32.6478],[75.5531,32.6439],[75.548,32.6393],[75.537,32.6478],[75.5373,32.6542],[75.5407,32.6607],[75.5521,32.6691],[75.5572,32.674],[75.5596,32.6781],[75.5637,32.69],[75.5641,32.6939],[75.5675,32.7067],[75.5682,32.7117],[75.5644,32.7127],[75.5606,32.7097],[75.5524,32.7088],[75.5371,32.7114],[75.5299,32.7112],[75.526,32.7155],[75.5093,32.719],[75.5006,32.7185],[75.4849,32.7232],[75.4833,32.7231],[75.4833,32.7232],[75.483,32.7236],[75.4829,32.724],[75.4828,32.7244],[75.4827,32.7247],[75.4824,32.7254],[75.4822,32.726],[75.4822,32.7269],[75.4823,32.7274],[75.4825,32.7276],[75.4826,32.7278],[75.483,32.7289],[75.483,32.729],[75.483,32.7294],[75.4829,32.7298],[75.4829,32.7302],[75.4829,32.7306],[75.4828,32.7312],[75.4829,32.7329],[75.4834,32.734],[75.487,32.737],[75.4875,32.7379],[75.4898,32.7401],[75.4901,32.7408],[75.4893,32.7436],[75.4893,32.7438],[75.4893,32.7445],[75.4893,32.7447],[75.491,32.7496],[75.4908,32.7498],[75.4907,32.75],[75.4913,32.7511],[75.4908,32.7551],[75.4908,32.7553],[75.4909,32.7558],[75.4909,32.7565],[75.492,32.7588],[75.4926,32.7603],[75.4932,32.7615],[75.4939,32.7645],[75.4959,32.7667],[75.5002,32.7668],[75.5023,32.7662],[75.5033,32.7658],[75.5043,32.7661],[75.5051,32.7664],[75.5069,32.7666],[75.5083,32.7673],[75.5098,32.7678],[75.5126,32.7684],[75.5168,32.7705],[75.5197,32.7681],[75.5203,32.7677],[75.5225,32.7687],[75.5243,32.7704],[75.5304,32.7716],[75.5335,32.7712],[75.535,32.7716],[75.5361,32.7716],[75.5386,32.7713],[75.5392,32.7718],[75.5405,32.7724],[75.5416,32.7726],[75.5426,32.7728],[75.5434,32.7726],[75.5441,32.7725],[75.5455,32.7729],[75.5463,32.7733],[75.5522,32.7733],[75.5525,32.7732],[75.5527,32.7678],[75.5532,32.767],[75.5545,32.7665],[75.5556,32.7663],[75.5559,32.766],[75.556,32.7651],[75.5562,32.7643],[75.5566,32.7631],[75.5582,32.7611],[75.5591,32.7605],[75.5597,32.7577],[75.563,32.7593],[75.5639,32.7594],[75.5654,32.7591],[75.5668,32.7589],[75.5682,32.7587],[75.5751,32.756],[75.582,32.7446],[75.5829,32.7443],[75.5838,32.7446],[75.5843,32.7455],[75.5838,32.7498],[75.5854,32.7504],[75.5878,32.7518],[75.5868,32.7527],[75.5866,32.753],[75.5863,32.7534],[75.5864,32.7536],[75.5869,32.7542],[75.587,32.7548],[75.5871,32.7554],[75.5877,32.7565],[75.588,32.7571],[75.5874,32.7581],[75.5863,32.76],[75.5862,32.7605],[75.5863,32.7607],[75.5873,32.7612],[75.5892,32.7617],[75.5907,32.7617],[75.5933,32.7641],[75.5934,32.7641],[75.5958,32.7647],[75.5974,32.7651],[75.5982,32.7666],[75.5991,32.7681],[75.5999,32.7686],[75.6015,32.7688],[75.6023,32.7695],[75.6119,32.7714],[75.6144,32.7733],[75.6153,32.7745],[75.6163,32.7758],[75.62,32.7736],[75.634,32.7712],[75.638,32.7721],[75.639,32.772],[75.6396,32.7721],[75.6402,32.7721],[75.6412,32.7721],[75.6438,32.7725],[75.6457,32.7721],[75.647,32.7726],[75.6479,32.7731],[75.6487,32.7743],[75.6489,32.7745],[75.6494,32.7747],[75.6502,32.7744],[75.6537,32.7736],[75.6561,32.7732],[75.6576,32.7752],[75.6584,32.7758],[75.6592,32.7764],[75.6621,32.7779],[75.6643,32.7776],[75.6661,32.7784],[75.6668,32.7789],[75.6688,32.7793],[75.6701,32.7816],[75.6701,32.7841],[75.6704,32.786],[75.6711,32.7872],[75.6718,32.7881],[75.6762,32.7882],[75.6778,32.7892],[75.682,32.7893],[75.6827,32.7896],[75.6833,32.7905],[75.6857,32.7918],[75.6867,32.7931],[75.6873,32.7948],[75.6906,32.7964],[75.6903,32.8055],[75.6876,32.8084],[75.6904,32.816],[75.6898,32.8169],[75.689,32.8175],[75.6885,32.8178],[75.688,32.8181],[75.6873,32.8188],[75.6869,32.8191],[75.6864,32.8193],[75.6854,32.82],[75.6844,32.8206],[75.6825,32.8215],[75.6824,32.8216],[75.6827,32.8218],[75.683,32.822],[75.6839,32.8228],[75.686,32.8251],[75.6864,32.826],[75.6869,32.828],[75.687,32.8281],[75.6874,32.8283],[75.6881,32.8284],[75.6888,32.8287],[75.6891,32.829],[75.6893,32.8301],[75.6895,32.8312],[75.69,32.8327],[75.6901,32.833],[75.6905,32.8333],[75.6916,32.834],[75.6922,32.8345],[75.6952,32.8378],[75.6953,32.8385],[75.6952,32.8389],[75.6946,32.8407],[75.6943,32.8436],[75.6936,32.8444],[75.692,32.847],[75.6869,32.8492],[75.6859,32.8499],[75.6855,32.8503],[75.6853,32.8509],[75.6853,32.852],[75.6853,32.8539],[75.6851,32.8558],[75.6841,32.8582],[75.6836,32.8604],[75.6834,32.8616],[75.6834,32.8624],[75.684,32.8624],[75.6847,32.8624],[75.6874,32.8626],[75.6885,32.8628],[75.6921,32.8679],[75.6919,32.8699],[75.6915,32.8738],[75.6913,32.875],[75.6972,32.8765],[75.7024,32.8767],[75.7048,32.8767],[75.7113,32.8775],[75.7226,32.8744],[75.7285,32.8752],[75.7384,32.8744],[75.7405,32.875],[75.7413,32.8749],[75.7467,32.8775],[75.7508,32.8811],[75.7516,32.8814],[75.755,32.8842],[75.7557,32.8859],[75.7585,32.8869],[75.7636,32.8897],[75.769,32.89],[75.77,32.89],[75.773,32.8893],[75.7741,32.8894],[75.7757,32.8898],[75.7772,32.8901],[75.778,32.8901],[75.783,32.8899],[75.7864,32.8901],[75.7869,32.8901],[75.7885,32.8895],[75.7931,32.8868],[75.8014,32.8856],[75.8113,32.8778],[75.8145,32.8708],[75.8157,32.8616],[75.8215,32.86],[75.8235,32.8539],[75.8312,32.8511],[75.8343,32.8474],[75.8449,32.8446],[75.8474,32.8389],[75.8567,32.8358],[75.8681,32.8231],[75.8702,32.8214],[75.8702,32.8165],[75.8719,32.8148],[75.8838,32.8122],[75.8888,32.8032],[75.8882,32.8002],[75.8899,32.7959],[75.8896,32.7857],[75.8907,32.7828],[75.8981,32.7763],[75.9009,32.7757],[75.9024,32.7702],[75.9093,32.7658],[75.9214,32.7526],[75.9261,32.7456],[75.9261,32.7431],[75.9219,32.7354],[75.9221,32.7297],[75.9183,32.7235],[75.9104,32.7179],[75.9103,32.7147],[75.9054,32.7073],[75.9011,32.6986],[75.9038,32.6954],[75.9007,32.6876],[75.9006,32.6809],[75.8889,32.6804],[75.8838,32.6794],[75.8819,32.6792],[75.8774,32.6764],[75.8755,32.6757],[75.8727,32.6737],[75.872,32.6689],[75.8776,32.6634],[75.8786,32.6595],[75.8792,32.6571],[75.8785,32.6569],[75.8775,32.6567],[75.873,32.6514],[75.8607,32.6489],[75.8579,32.6475],[75.8566,32.6464],[75.8553,32.6459],[75.8539,32.6444],[75.852,32.6436],[75.8511,32.6422],[75.8509,32.641],[75.8508,32.6406],[75.8506,32.6403],[75.8486,32.6397],[75.8472,32.638],[75.8465,32.6377],[75.8457,32.6374],[75.8456,32.6374],[75.8447,32.6374],[75.8433,32.6371],[75.8408,32.6371],[75.8385,32.6377],[75.8366,32.6393],[75.8349,32.6414],[75.8334,32.6431],[75.8319,32.6459],[75.8248,32.6545],[75.8164,32.6568],[75.8148,32.6588],[75.8144,32.6593],[75.8097,32.6606],[75.8082,32.6603],[75.8078,32.6602],[75.8028,32.663],[75.7895,32.6635],[75.786,32.664],[75.7837,32.6642],[75.7757,32.6645],[75.7677,32.6635],[75.7618,32.6614],[75.7562,32.664],[75.7545,32.6653],[75.7523,32.6667],[75.7506,32.6687],[75.7496,32.671]]]},"properties":{"ac_no":63,"ac_name":"BANI","ac_category":"GEN","st_name":"JAMMU AND KASHMIR"}},{"type":"Feature","geometry":{"type":"Polygon","coordinates":[[[75.2595,32.5428],[75.2614,32.5394],[75.2658,32.5381],[75.2744,32.5406],[75.2786,32.543],[75.2842,32.5483],[75.2891,32.5504],[75.2959,32.5492],[75.3036,32.552],[75.3107,32.526],[75.3142,32.5294],[75.3182,32.53],[75.3295,32.5222],[75.3361,32.521],[75.3412,32.5233],[75.348,32.5235],[75.3571,32.5198],[75.3624,32.5195],[75.3635,32.5161],[75.3693,32.5145],[75.3714,32.5079],[75.3664,32.5055],[75.3527,32.5068],[75.3465,32.5086],[75.3401,32.5093],[75.3214,32.5094],[75.3181,32.5072],[75.3162,32.5016],[75.3175,32.4976],[75.3204,32.4947],[75.323,32.4882],[75.3281,32.4835],[75.3223,32.4763],[75.3223,32.4732],[75.3199,32.4698],[75.3194,32.4598],[75.3118,32.4543],[75.3106,32.4509],[75.3215,32.4523],[75.323,32.4528],[75.3242,32.4474],[75.3267,32.4451],[75.3326,32.4447],[75.3342,32.4389],[75.3402,32.4411],[75.3476,32.4388],[75.3503,32.4464],[75.3537,32.4448],[75.3522,32.4405],[75.3513,32.4331],[75.3495,32.4283],[75.3553,32.4293],[75.3588,32.433],[75.3637,32.4316],[75.3651,32.4332],[75.3743,32.4285],[75.3788,32.4255],[75.3843,32.4173],[75.3894,32.419],[75.3943,32.4192],[75.3949,32.4301],[75.4032,32.4335],[75.4057,32.4315],[75.4063,32.4275],[75.4057,32.4172],[75.3991,32.4173],[75.3966,32.4132],[75.3947,32.4059],[75.3923,32.4025],[75.389,32.3912],[75.3864,32.3876],[75.3904,32.3856],[75.388,32.3821],[75.3904,32.3809],[75.3934,32.3805],[75.3942,32.3799],[75.3963,32.3798],[75.3968,32.3717],[75.397,32.3671],[75.4056,32.3567],[75.4067,32.3527],[75.4036,32.3504],[75.3989,32.3504],[75.3991,32.3499],[75.3994,32.3485],[75.3998,32.3472],[75.3996,32.3467],[75.3991,32.3462],[75.3983,32.3458],[75.397,32.3451],[75.3897,32.3458],[75.382,32.3402],[75.3807,32.3389],[75.379,32.3369],[75.3777,32.3357],[75.3745,32.3373],[75.3725,32.335],[75.3649,32.333],[75.3554,32.3367],[75.3493,32.3453],[75.3417,32.3458],[75.3414,32.3387],[75.3389,32.3356],[75.3362,32.3364],[75.3362,32.331],[75.332,32.3267],[75.3265,32.3283],[75.3249,32.3391],[75.322,32.3447],[75.3077,32.3438],[75.3015,32.3456],[75.2991,32.3475],[75.3002,32.3519],[75.2986,32.354],[75.2936,32.354],[75.2883,32.3557],[75.2876,32.3646],[75.2897,32.3688],[75.2836,32.3728],[75.2732,32.3761],[75.2652,32.3715],[75.2582,32.3718],[75.2572,32.3762],[75.2544,32.3784],[75.2548,32.3836],[75.2569,32.3893],[75.2515,32.3909],[75.2473,32.3883],[75.2448,32.3845],[75.2345,32.3885],[75.2323,32.3916],[75.2285,32.3912],[75.2225,32.3946],[75.2235,32.3975],[75.2123,32.4024],[75.2082,32.3948],[75.1926,32.4009],[75.1915,32.4117],[75.1967,32.4096],[75.2002,32.4147],[75.1991,32.4172],[75.2005,32.4206],[75.1989,32.4216],[75.1989,32.4218],[75.1984,32.4263],[75.1988,32.427],[75.1993,32.4275],[75.2002,32.4282],[75.2011,32.4292],[75.2011,32.4303],[75.2007,32.431],[75.1996,32.4321],[75.1987,32.4331],[75.1987,32.4332],[75.1986,32.4339],[75.1988,32.4349],[75.1989,32.4358],[75.1992,32.4371],[75.1991,32.4417],[75.198,32.4426],[75.1961,32.4432],[75.1951,32.4437],[75.1956,32.4441],[75.197,32.4447],[75.1983,32.4452],[75.2004,32.4458],[75.2056,32.4469],[75.2065,32.4469],[75.2112,32.447],[75.2127,32.4495],[75.2153,32.4535],[75.2171,32.4565],[75.2185,32.4601],[75.2153,32.4603],[75.2162,32.4711],[75.2175,32.4805],[75.2185,32.4838],[75.2218,32.4899],[75.2226,32.4907],[75.2235,32.4916],[75.2254,32.4913],[75.2254,32.4914],[75.2257,32.4927],[75.2265,32.4948],[75.2309,32.4994],[75.2331,32.4986],[75.2359,32.4976],[75.2366,32.499],[75.2374,32.4997],[75.2377,32.4997],[75.2387,32.5025],[75.238,32.5029],[75.2373,32.5033],[75.2332,32.5048],[75.2352,32.5065],[75.2384,32.5136],[75.2383,32.5175],[75.2409,32.5193],[75.2449,32.5277],[75.2494,32.5311],[75.2508,32.5347],[75.2566,32.5385],[75.2562,32.5411],[75.2595,32.5428]]]},"properties":{"ac_no":68,"ac_name":"HIRANAGAR","ac_category":"GEN","st_name":"JAMMU AND KASHMIR"}},{"type":"Feature","geometry":{"type":"Polygon","coordinates":[[[75.3963,32.3798],[75.3942,32.3799],[75.3934,32.3805],[75.3904,32.3809],[75.388,32.3821],[75.3904,32.3856],[75.3864,32.3876],[75.389,32.3912],[75.3923,32.4025],[75.3947,32.4059],[75.3966,32.4132],[75.3991,32.4173],[75.4057,32.4172],[75.4063,32.4275],[75.4057,32.4315],[75.4032,32.4335],[75.3949,32.4301],[75.3943,32.4192],[75.3894,32.419],[75.3843,32.4173],[75.3788,32.4255],[75.3743,32.4285],[75.3651,32.4332],[75.3637,32.4316],[75.3588,32.433],[75.3553,32.4293],[75.3495,32.4283],[75.3513,32.4331],[75.3522,32.4405],[75.3537,32.4448],[75.3503,32.4464],[75.3476,32.4388],[75.3402,32.4411],[75.3342,32.4389],[75.3326,32.4447],[75.3267,32.4451],[75.3242,32.4474],[75.323,32.4528],[75.3215,32.4523],[75.3106,32.4509],[75.3118,32.4543],[75.3194,32.4598],[75.3199,32.4698],[75.3223,32.4732],[75.3223,32.4763],[75.3281,32.4835],[75.323,32.4882],[75.3204,32.4947],[75.3175,32.4976],[75.3162,32.5016],[75.3181,32.5072],[75.3214,32.5094],[75.3401,32.5093],[75.3465,32.5086],[75.3527,32.5068],[75.3664,32.5055],[75.3714,32.5079],[75.3693,32.5145],[75.3635,32.5161],[75.3624,32.5195],[75.3571,32.5198],[75.348,32.5235],[75.3412,32.5233],[75.3361,32.521],[75.3295,32.5222],[75.3182,32.53],[75.3142,32.5294],[75.3107,32.526],[75.3036,32.552],[75.2959,32.5492],[75.2891,32.5504],[75.2842,32.5483],[75.2786,32.543],[75.2744,32.5406],[75.2658,32.5381],[75.2614,32.5394],[75.2595,32.5428],[75.2608,32.543],[75.2623,32.5445],[75.2626,32.5446],[75.2629,32.5447],[75.264,32.5459],[75.2692,32.5474],[75.2726,32.5544],[75.273,32.5547],[75.2741,32.5551],[75.2752,32.5559],[75.2759,32.5561],[75.2764,32.5563],[75.2767,32.5564],[75.2768,32.5569],[75.2767,32.5573],[75.2766,32.5575],[75.2768,32.5578],[75.2773,32.558],[75.2776,32.5583],[75.2778,32.5588],[75.2782,32.5592],[75.2785,32.5595],[75.2799,32.5603],[75.2803,32.5605],[75.2806,32.5609],[75.2809,32.5612],[75.2812,32.5615],[75.2816,32.5617],[75.2817,32.562],[75.2816,32.5623],[75.2815,32.5628],[75.2817,32.5665],[75.2817,32.5673],[75.2816,32.5676],[75.2816,32.5677],[75.2815,32.568],[75.2814,32.5682],[75.2806,32.5692],[75.2806,32.5693],[75.2809,32.5694],[75.2812,32.5695],[75.2819,32.5697],[75.2825,32.5695],[75.2828,32.5695],[75.283,32.5695],[75.2834,32.5697],[75.284,32.5709],[75.2843,32.5715],[75.2846,32.5721],[75.2871,32.574],[75.2895,32.5744],[75.2903,32.5744],[75.2909,32.5744],[75.2911,32.5744],[75.2916,32.5744],[75.2922,32.5742],[75.2932,32.5732],[75.2942,32.5736],[75.2945,32.574],[75.2949,32.5743],[75.2949,32.5745],[75.2949,32.5748],[75.2949,32.5752],[75.2946,32.5779],[75.2968,32.5781],[75.3141,32.5744],[75.3157,32.5738],[75.3174,32.5732],[75.3234,32.5775],[75.3249,32.5806],[75.3274,32.5803],[75.3297,32.5804],[75.3311,32.5803],[75.3323,32.5802],[75.3326,32.5802],[75.3369,32.5791],[75.3375,32.5794],[75.3376,32.5795],[75.3382,32.5798],[75.3394,32.5806],[75.3414,32.5826],[75.3428,32.5847],[75.3434,32.5855],[75.3437,32.5859],[75.3438,32.586],[75.3439,32.5862],[75.344,32.5863],[75.3448,32.5904],[75.3425,32.5926],[75.3425,32.5928],[75.3425,32.5931],[75.3429,32.5931],[75.3434,32.5931],[75.3435,32.5931],[75.3436,32.5931],[75.3438,32.5931],[75.3442,32.5931],[75.3455,32.5939],[75.3455,32.5953],[75.3441,32.5977],[75.3482,32.5976],[75.3589,32.5921],[75.3706,32.5889],[75.3818,32.5843],[75.3848,32.5811],[75.4066,32.5806],[75.4108,32.5789],[75.4236,32.5773],[75.427,32.5746],[75.4364,32.5718],[75.4462,32.5724],[75.452,32.5755],[75.4576,32.5762],[75.4661,32.5748],[75.4761,32.5709],[75.4831,32.5702],[75.4844,32.564],[75.4865,32.5621],[75.4854,32.5585],[75.4903,32.5573],[75.4865,32.5539],[75.4872,32.5501],[75.4852,32.5477],[75.4763,32.5494],[75.4731,32.5474],[75.4745,32.5431],[75.4801,32.5445],[75.4842,32.5395],[75.4861,32.543],[75.4908,32.5403],[75.4864,32.5373],[75.4917,32.5343],[75.5026,32.5348],[75.5132,32.5376],[75.5149,32.5362],[75.5207,32.5366],[75.5262,32.535],[75.5337,32.5347],[75.5445,32.5331],[75.5492,32.5279],[75.5531,32.5263],[75.5547,32.5294],[75.5602,32.5267],[75.5621,32.5238],[75.5626,32.5235],[75.5641,32.5223],[75.5634,32.5205],[75.5624,32.5201],[75.5618,32.5196],[75.5599,32.5168],[75.5559,32.5077],[75.5562,32.5064],[75.5558,32.5045],[75.5564,32.5026],[75.557,32.5016],[75.5579,32.5011],[75.5579,32.4985],[75.559,32.4972],[75.558,32.4939],[75.5578,32.4899],[75.5574,32.4874],[75.5567,32.4864],[75.5561,32.4858],[75.556,32.4853],[75.5569,32.484],[75.5575,32.4836],[75.5581,32.4835],[75.559,32.4836],[75.5617,32.4848],[75.5626,32.4845],[75.5643,32.4836],[75.5656,32.4828],[75.5668,32.4828],[75.5697,32.4829],[75.5731,32.4828],[75.576,32.4842],[75.5812,32.4835],[75.5818,32.478],[75.5842,32.4781],[75.587,32.479],[75.5877,32.479],[75.5917,32.4763],[75.5937,32.4755],[75.5969,32.4721],[75.6025,32.4697],[75.6147,32.4676],[75.6167,32.4686],[75.6175,32.4686],[75.6186,32.4682],[75.6236,32.4635],[75.6251,32.4631],[75.6258,32.4627],[75.6268,32.4618],[75.6273,32.4613],[75.6276,32.4606],[75.6275,32.4593],[75.6273,32.4581],[75.6275,32.4574],[75.6278,32.4568],[75.6285,32.4562],[75.6298,32.4553],[75.6299,32.4548],[75.6295,32.4536],[75.6294,32.453],[75.6326,32.4503],[75.6329,32.4503],[75.6338,32.4509],[75.6345,32.4511],[75.6363,32.4507],[75.6375,32.45],[75.6379,32.4497],[75.6381,32.4491],[75.6385,32.4485],[75.639,32.4482],[75.6402,32.4482],[75.6419,32.4474],[75.653,32.4407],[75.654,32.4406],[75.6553,32.441],[75.6562,32.4413],[75.662,32.443],[75.6632,32.4437],[75.6652,32.4443],[75.6668,32.4451],[75.6673,32.4453],[75.6678,32.4454],[75.6697,32.4445],[75.6706,32.4444],[75.6751,32.4425],[75.6789,32.4407],[75.6831,32.4391],[75.6885,32.4382],[75.6892,32.4378],[75.6887,32.436],[75.6877,32.4331],[75.6874,32.4273],[75.6887,32.4262],[75.6945,32.4262],[75.6962,32.4262],[75.6962,32.4254],[75.6941,32.4209],[75.6906,32.4172],[75.6897,32.4158],[75.6877,32.4131],[75.6869,32.4115],[75.6874,32.4111],[75.6872,32.4097],[75.6844,32.4079],[75.6832,32.4077],[75.6805,32.4079],[75.6771,32.4099],[75.6729,32.4112],[75.6717,32.4123],[75.665,32.4125],[75.6596,32.4098],[75.6581,32.4088],[75.6549,32.4092],[75.6539,32.4098],[75.6533,32.4101],[75.6482,32.4078],[75.6423,32.4081],[75.6419,32.4032],[75.6419,32.4007],[75.6389,32.3998],[75.6378,32.3997],[75.6356,32.3988],[75.6346,32.3978],[75.6283,32.3975],[75.6266,32.396],[75.6245,32.3975],[75.6231,32.3977],[75.6227,32.399],[75.622,32.3995],[75.6217,32.4032],[75.6208,32.4033],[75.6186,32.4042],[75.6148,32.4045],[75.6136,32.4041],[75.6081,32.4004],[75.6062,32.3983],[75.6043,32.3959],[75.6031,32.3973],[75.6028,32.398],[75.6017,32.4009],[75.6008,32.403],[75.5999,32.4059],[75.5998,32.4059],[75.5998,32.4063],[75.5995,32.4077],[75.5995,32.4081],[75.5994,32.4083],[75.5994,32.4085],[75.5994,32.4089],[75.5991,32.4113],[75.5972,32.4154],[75.595,32.4193],[75.5923,32.4222],[75.5911,32.4243],[75.5905,32.4259],[75.5866,32.431],[75.5829,32.4375],[75.5842,32.4393],[75.584,32.4409],[75.5837,32.4421],[75.5855,32.4432],[75.586,32.4441],[75.5863,32.4449],[75.5858,32.4464],[75.5852,32.447],[75.5848,32.449],[75.5841,32.4506],[75.5835,32.45],[75.5816,32.4497],[75.5769,32.4488],[75.5724,32.4469],[75.5717,32.447],[75.5718,32.4473],[75.5718,32.4483],[75.5712,32.4509],[75.5702,32.4526],[75.5699,32.4527],[75.5693,32.4532],[75.569,32.4543],[75.5701,32.4551],[75.5716,32.4568],[75.5745,32.4606],[75.5754,32.4629],[75.5738,32.4691],[75.5685,32.4663],[75.5666,32.4658],[75.5625,32.4651],[75.5606,32.4654],[75.5562,32.4655],[75.5505,32.4655],[75.5475,32.4592],[75.5476,32.4579],[75.5475,32.4565],[75.5467,32.455],[75.546,32.456],[75.5444,32.4567],[75.543,32.457],[75.5397,32.459],[75.5375,32.4595],[75.536,32.4599],[75.5353,32.4605],[75.5353,32.4614],[75.5353,32.4636],[75.528,32.4644],[75.5274,32.4629],[75.5274,32.4612],[75.5275,32.4612],[75.5275,32.461],[75.5276,32.4609],[75.5276,32.4608],[75.5278,32.4604],[75.5266,32.4579],[75.525,32.4565],[75.5234,32.455],[75.523,32.453],[75.523,32.451],[75.5232,32.4506],[75.5232,32.4505],[75.5232,32.4497],[75.5226,32.4485],[75.5224,32.4474],[75.522,32.4468],[75.5215,32.446],[75.5197,32.4455],[75.5207,32.4421],[75.5207,32.4412],[75.5208,32.4392],[75.5209,32.4373],[75.5229,32.4327],[75.5247,32.4317],[75.5302,32.427],[75.5309,32.4264],[75.5335,32.4228],[75.5352,32.4205],[75.5363,32.4186],[75.5363,32.4167],[75.536,32.416],[75.5359,32.4151],[75.5336,32.4093],[75.5339,32.4063],[75.5325,32.4049],[75.5316,32.403],[75.5313,32.4019],[75.5304,32.4025],[75.5287,32.4021],[75.5279,32.4016],[75.5269,32.4015],[75.5269,32.402],[75.5259,32.4026],[75.5223,32.4018],[75.5204,32.4],[75.5184,32.3959],[75.5173,32.3945],[75.5171,32.3931],[75.517,32.3926],[75.51,32.391],[75.5027,32.3918],[75.5012,32.3915],[75.4973,32.3914],[75.4946,32.3904],[75.4933,32.3894],[75.4923,32.3873],[75.4911,32.3853],[75.4893,32.3811],[75.4883,32.3797],[75.4868,32.3781],[75.4865,32.3778],[75.4776,32.3818],[75.4751,32.3854],[75.4729,32.387],[75.4706,32.3883],[75.4662,32.3887],[75.4669,32.3871],[75.4719,32.3822],[75.4731,32.3816],[75.4742,32.3805],[75.4748,32.3802],[75.475,32.3795],[75.4756,32.3796],[75.4759,32.3781],[75.4774,32.377],[75.4781,32.3765],[75.4755,32.3758],[75.4694,32.376],[75.4666,32.3786],[75.466,32.3795],[75.4644,32.3806],[75.4617,32.3831],[75.4596,32.3858],[75.4582,32.3886],[75.4511,32.3878],[75.4511,32.3876],[75.4507,32.3867],[75.4506,32.3863],[75.4516,32.3859],[75.4527,32.3854],[75.4547,32.3847],[75.4555,32.3835],[75.4562,32.3805],[75.4553,32.3794],[75.4549,32.3785],[75.4536,32.3787],[75.4499,32.3814],[75.4484,32.3833],[75.448,32.3845],[75.4477,32.3847],[75.4475,32.3851],[75.4467,32.3857],[75.4462,32.3857],[75.4456,32.3857],[75.4449,32.3857],[75.4448,32.3857],[75.4447,32.3857],[75.4445,32.3857],[75.4444,32.3857],[75.4429,32.3857],[75.442,32.3856],[75.4422,32.3852],[75.4444,32.3827],[75.4461,32.3818],[75.4469,32.3806],[75.4459,32.3795],[75.4448,32.3788],[75.4439,32.3781],[75.4431,32.3779],[75.4417,32.3778],[75.4416,32.3766],[75.4413,32.3759],[75.4403,32.3754],[75.4382,32.375],[75.4359,32.3756],[75.4333,32.3755],[75.431,32.3744],[75.43,32.3734],[75.4295,32.3715],[75.4291,32.3707],[75.4288,32.3696],[75.4287,32.3683],[75.4276,32.3684],[75.4268,32.3685],[75.4251,32.3692],[75.4231,32.3703],[75.4171,32.3717],[75.416,32.3712],[75.4153,32.371],[75.4137,32.3706],[75.4131,32.3707],[75.4131,32.3718],[75.4133,32.3722],[75.4133,32.3732],[75.4133,32.3767],[75.4135,32.377],[75.4137,32.3785],[75.4132,32.3794],[75.4122,32.3796],[75.411,32.3801],[75.4071,32.3801],[75.4054,32.3803],[75.4026,32.3822],[75.4011,32.3837],[75.3999,32.385],[75.3986,32.3867],[75.3977,32.3875],[75.3965,32.3875],[75.3962,32.381],[75.3963,32.3798]]]},"properties":{"ac_no":66,"ac_name":"JASROTA","ac_category":"GEN","st_name":"JAMMU AND KASHMIR"}},{"type":"Feature","geometry":{"type":"Polygon","coordinates":[[[75.4849,32.7232],[75.5006,32.7185],[75.5093,32.719],[75.526,32.7155],[75.5299,32.7112],[75.5371,32.7114],[75.5524,32.7088],[75.5606,32.7097],[75.5644,32.7127],[75.5682,32.7117],[75.5675,32.7067],[75.5641,32.6939],[75.5637,32.69],[75.5596,32.6781],[75.5572,32.674],[75.5521,32.6691],[75.5407,32.6607],[75.5373,32.6542],[75.537,32.6478],[75.548,32.6393],[75.5531,32.6439],[75.5557,32.6478],[75.5658,32.6513],[75.5737,32.6671],[75.5829,32.6674],[75.5936,32.6718],[75.6009,32.6725],[75.607,32.6668],[75.6172,32.6668],[75.6241,32.6715],[75.6262,32.6766],[75.636,32.6923],[75.6392,32.6942],[75.6554,32.6997],[75.6676,32.6944],[75.6718,32.6934],[75.6802,32.6972],[75.6868,32.7012],[75.6955,32.6997],[75.7027,32.6994],[75.7113,32.7002],[75.7188,32.702],[75.7226,32.7045],[75.7278,32.7011],[75.739,32.7014],[75.7466,32.6992],[75.7483,32.6959],[75.7457,32.6928],[75.7509,32.6874],[75.7542,32.6854],[75.7569,32.6813],[75.7539,32.6736],[75.7496,32.671],[75.7463,32.6704],[75.738,32.6711],[75.7322,32.6696],[75.7242,32.6647],[75.7204,32.6602],[75.7198,32.6598],[75.719,32.6594],[75.7184,32.6585],[75.7177,32.6574],[75.7163,32.6559],[75.7144,32.6545],[75.7129,32.6529],[75.7126,32.6523],[75.7107,32.6514],[75.705,32.6436],[75.7026,32.6419],[75.7008,32.6406],[75.6999,32.6389],[75.6995,32.6376],[75.699,32.6373],[75.6978,32.6303],[75.6989,32.6265],[75.7002,32.6247],[75.7015,32.6235],[75.6996,32.6171],[75.6996,32.6159],[75.7004,32.6143],[75.7007,32.6123],[75.7033,32.6089],[75.704,32.6019],[75.7036,32.6007],[75.7027,32.599],[75.7002,32.5967],[75.6988,32.5961],[75.6964,32.595],[75.6944,32.593],[75.694,32.5927],[75.6873,32.5953],[75.6843,32.5968],[75.6786,32.5987],[75.673,32.5999],[75.6709,32.6007],[75.6679,32.6013],[75.6664,32.6018],[75.6658,32.6025],[75.6647,32.602],[75.661,32.6017],[75.6571,32.5993],[75.6546,32.597],[75.6501,32.5936],[75.6475,32.5921],[75.6472,32.5916],[75.6472,32.5912],[75.6461,32.5913],[75.6378,32.5973],[75.6323,32.6008],[75.6276,32.6045],[75.6266,32.6073],[75.6242,32.6109],[75.6241,32.6115],[75.6143,32.6125],[75.609,32.6142],[75.6088,32.6142],[75.6057,32.6097],[75.6044,32.6076],[75.5995,32.6021],[75.6011,32.6016],[75.6049,32.5997],[75.6084,32.5975],[75.6119,32.5931],[75.6164,32.583],[75.6034,32.5769],[75.6015,32.5751],[75.6016,32.5747],[75.6008,32.5742],[75.6009,32.5732],[75.5985,32.5721],[75.5953,32.5718],[75.5937,32.5719],[75.5907,32.5713],[75.5891,32.5704],[75.5885,32.57],[75.5895,32.5686],[75.5915,32.5685],[75.5928,32.5689],[75.5944,32.5692],[75.6015,32.5665],[75.602,32.5657],[75.6024,32.564],[75.6006,32.5623],[75.5995,32.5615],[75.5985,32.5617],[75.5975,32.5616],[75.5967,32.5601],[75.594,32.5603],[75.5929,32.56],[75.592,32.5603],[75.5899,32.5601],[75.5892,32.5601],[75.5889,32.5596],[75.5879,32.5595],[75.5877,32.5592],[75.5874,32.5584],[75.587,32.558],[75.5861,32.5575],[75.5835,32.5552],[75.5817,32.5535],[75.5811,32.5519],[75.5811,32.5482],[75.5835,32.5421],[75.5823,32.5386],[75.5801,32.5358],[75.5794,32.5346],[75.5744,32.5308],[75.571,32.5295],[75.5697,32.5286],[75.5629,32.5267],[75.5607,32.5269],[75.5603,32.5268],[75.5602,32.5267],[75.5547,32.5294],[75.5531,32.5263],[75.5492,32.5279],[75.5445,32.5331],[75.5337,32.5347],[75.5262,32.535],[75.5207,32.5366],[75.5149,32.5362],[75.5132,32.5376],[75.5026,32.5348],[75.4917,32.5343],[75.4864,32.5373],[75.4908,32.5403],[75.4861,32.543],[75.4842,32.5395],[75.4801,32.5445],[75.4745,32.5431],[75.4731,32.5474],[75.4763,32.5494],[75.4852,32.5477],[75.4872,32.5501],[75.4865,32.5539],[75.4903,32.5573],[75.4854,32.5585],[75.4865,32.5621],[75.4844,32.564],[75.4831,32.5702],[75.4761,32.5709],[75.4661,32.5748],[75.4576,32.5762],[75.452,32.5755],[75.4462,32.5724],[75.4364,32.5718],[75.427,32.5746],[75.4236,32.5773],[75.4108,32.5789],[75.4066,32.5806],[75.3848,32.5811],[75.3818,32.5843],[75.3706,32.5889],[75.3589,32.5921],[75.3482,32.5976],[75.3441,32.5977],[75.3433,32.6041],[75.3378,32.6084],[75.3349,32.6117],[75.3333,32.6132],[75.3325,32.6141],[75.3317,32.615],[75.3279,32.6186],[75.3221,32.6232],[75.3164,32.6253],[75.304,32.6269],[75.3035,32.6269],[75.3031,32.6269],[75.3027,32.627],[75.3022,32.627],[75.2967,32.6306],[75.2894,32.6314],[75.2887,32.6331],[75.2872,32.6343],[75.2869,32.6348],[75.2868,32.6351],[75.2867,32.6354],[75.2867,32.6358],[75.2867,32.636],[75.2867,32.6363],[75.2867,32.6368],[75.2867,32.6373],[75.2864,32.6374],[75.286,32.6376],[75.2853,32.638],[75.285,32.6383],[75.2849,32.6384],[75.2847,32.6386],[75.2845,32.6391],[75.2843,32.6395],[75.2843,32.6396],[75.2844,32.6396],[75.2844,32.6397],[75.2845,32.6397],[75.2847,32.6398],[75.2847,32.6399],[75.2846,32.64],[75.2846,32.6401],[75.2845,32.6404],[75.2844,32.6409],[75.2842,32.6419],[75.2843,32.6422],[75.2843,32.6424],[75.2843,32.6427],[75.2844,32.6431],[75.2844,32.6433],[75.2844,32.6434],[75.2844,32.6436],[75.2871,32.6436],[75.2898,32.6478],[75.2943,32.6482],[75.2982,32.6523],[75.3004,32.6538],[75.3015,32.654],[75.3023,32.6541],[75.3026,32.6541],[75.3034,32.654],[75.3044,32.6539],[75.3059,32.6527],[75.3065,32.6524],[75.307,32.652],[75.308,32.6517],[75.309,32.6517],[75.3096,32.6522],[75.3098,32.6542],[75.3163,32.6564],[75.3183,32.6592],[75.322,32.6596],[75.3241,32.6606],[75.3249,32.6617],[75.3253,32.6622],[75.3255,32.6624],[75.3257,32.6627],[75.327,32.6633],[75.3283,32.6632],[75.3314,32.6639],[75.3317,32.6642],[75.3319,32.6654],[75.3319,32.6656],[75.332,32.6659],[75.3322,32.666],[75.3324,32.6661],[75.3326,32.6661],[75.3327,32.6661],[75.3334,32.6661],[75.3351,32.6663],[75.3383,32.6663],[75.344,32.6666],[75.3458,32.6666],[75.3459,32.6666],[75.3459,32.6622],[75.3458,32.6616],[75.3457,32.661],[75.3456,32.6604],[75.3455,32.6597],[75.3458,32.6595],[75.3461,32.6592],[75.3462,32.6592],[75.3464,32.6594],[75.3467,32.6596],[75.3469,32.6597],[75.3471,32.6599],[75.3476,32.6605],[75.3478,32.6608],[75.3481,32.6611],[75.3483,32.6614],[75.3485,32.6618],[75.3487,32.6622],[75.349,32.6626],[75.35,32.6636],[75.3572,32.6667],[75.3584,32.661],[75.3669,32.6629],[75.3689,32.6663],[75.3711,32.6687],[75.3717,32.669],[75.372,32.6691],[75.3723,32.6693],[75.3726,32.6692],[75.3728,32.6691],[75.3731,32.669],[75.3733,32.6689],[75.3734,32.6689],[75.3744,32.668],[75.3754,32.6688],[75.3753,32.6693],[75.3752,32.6698],[75.3749,32.6703],[75.3747,32.6706],[75.3745,32.6708],[75.3718,32.6725],[75.3717,32.6725],[75.3714,32.6726],[75.371,32.6727],[75.3702,32.673],[75.3654,32.6782],[75.3658,32.6786],[75.3668,32.679],[75.367,32.679],[75.3671,32.6791],[75.3676,32.6791],[75.368,32.6792],[75.3685,32.6792],[75.369,32.6792],[75.3691,32.6792],[75.3694,32.6791],[75.3705,32.6787],[75.3712,32.6787],[75.3716,32.6786],[75.3717,32.6786],[75.3719,32.6786],[75.372,32.6786],[75.3724,32.6751],[75.374,32.673],[75.3743,32.6726],[75.3744,32.6724],[75.3746,32.6722],[75.3746,32.6721],[75.3772,32.6731],[75.377,32.6746],[75.3773,32.6768],[75.3774,32.6775],[75.3779,32.6781],[75.3784,32.6787],[75.3794,32.6799],[75.3789,32.6808],[75.3784,32.6817],[75.3765,32.6846],[75.3755,32.6861],[75.3745,32.6875],[75.3726,32.6901],[75.3715,32.6925],[75.3717,32.6929],[75.372,32.6933],[75.3725,32.6941],[75.3731,32.6955],[75.3735,32.6962],[75.3737,32.6966],[75.3738,32.6969],[75.3741,32.6974],[75.3743,32.6979],[75.3748,32.6985],[75.375,32.6989],[75.3751,32.6991],[75.3752,32.6994],[75.3753,32.6995],[75.3755,32.6997],[75.3756,32.6999],[75.3757,32.7001],[75.3759,32.7001],[75.3761,32.7],[75.3764,32.7],[75.378,32.6979],[75.38,32.6958],[75.3803,32.6954],[75.3806,32.6949],[75.381,32.6935],[75.382,32.6872],[75.3845,32.6811],[75.3855,32.6807],[75.3865,32.6799],[75.3869,32.6771],[75.3877,32.6752],[75.3879,32.674],[75.3879,32.6737],[75.3893,32.6727],[75.3912,32.6719],[75.3938,32.6699],[75.3988,32.6744],[75.4032,32.6737],[75.4048,32.6765],[75.4082,32.6759],[75.4089,32.6764],[75.4089,32.6765],[75.4091,32.6772],[75.4093,32.6775],[75.4094,32.6777],[75.4096,32.678],[75.41,32.6785],[75.4102,32.6788],[75.4103,32.6789],[75.4103,32.679],[75.4104,32.679],[75.4105,32.6792],[75.4105,32.6793],[75.4106,32.6794],[75.4108,32.6797],[75.4109,32.6799],[75.4112,32.6803],[75.4115,32.6807],[75.4116,32.6809],[75.4118,32.6812],[75.412,32.6815],[75.4151,32.6817],[75.4155,32.6816],[75.4158,32.6816],[75.4162,32.6815],[75.4165,32.6815],[75.4179,32.6814],[75.4193,32.681],[75.4197,32.6754],[75.4263,32.6675],[75.4271,32.6657],[75.4286,32.6632],[75.4288,32.663],[75.429,32.6632],[75.4292,32.6635],[75.4301,32.6656],[75.43,32.6662],[75.43,32.6665],[75.43,32.6668],[75.43,32.6671],[75.4299,32.6681],[75.4298,32.6684],[75.4298,32.6686],[75.4297,32.6691],[75.4297,32.6692],[75.4298,32.6696],[75.4311,32.6697],[75.4314,32.6698],[75.4315,32.6698],[75.4318,32.6699],[75.432,32.6706],[75.4323,32.6713],[75.433,32.6724],[75.4334,32.6726],[75.4338,32.6729],[75.4346,32.6729],[75.4356,32.673],[75.4358,32.6729],[75.436,32.6729],[75.4361,32.6728],[75.4365,32.6727],[75.4372,32.6724],[75.438,32.6716],[75.4381,32.6716],[75.4384,32.6713],[75.4389,32.6706],[75.4412,32.6736],[75.4433,32.674],[75.4439,32.6743],[75.4442,32.6744],[75.4444,32.6745],[75.4445,32.6745],[75.4448,32.6742],[75.4452,32.6739],[75.4459,32.6731],[75.4456,32.6721],[75.4462,32.6721],[75.4467,32.6722],[75.4469,32.672],[75.447,32.6717],[75.4473,32.6712],[75.4476,32.671],[75.4485,32.6705],[75.4493,32.6694],[75.4502,32.6694],[75.4512,32.6678],[75.4538,32.6678],[75.4541,32.6679],[75.4548,32.668],[75.455,32.668],[75.4551,32.668],[75.4552,32.6681],[75.4553,32.6678],[75.4554,32.6678],[75.4555,32.6676],[75.4558,32.6672],[75.456,32.6662],[75.4571,32.6652],[75.4652,32.6688],[75.466,32.6731],[75.4738,32.678],[75.4766,32.6826],[75.4769,32.6832],[75.4771,32.6836],[75.4772,32.6838],[75.4778,32.685],[75.4776,32.6859],[75.4774,32.6861],[75.4768,32.6867],[75.4754,32.6878],[75.4741,32.6891],[75.4804,32.695],[75.4805,32.6953],[75.4805,32.6954],[75.4807,32.6958],[75.4809,32.6962],[75.4811,32.6966],[75.4812,32.6976],[75.4813,32.6979],[75.4811,32.6988],[75.481,32.6997],[75.4794,32.7031],[75.4782,32.7046],[75.478,32.7048],[75.4777,32.7053],[75.4771,32.706],[75.477,32.7062],[75.4769,32.7065],[75.4767,32.7069],[75.4766,32.7073],[75.4766,32.7077],[75.4765,32.7083],[75.4765,32.7085],[75.4763,32.7086],[75.4763,32.7087],[75.4765,32.7088],[75.4766,32.7096],[75.4766,32.7097],[75.4767,32.7104],[75.4768,32.7106],[75.477,32.7108],[75.4779,32.7112],[75.4803,32.7122],[75.4809,32.7124],[75.481,32.7125],[75.4812,32.7126],[75.4815,32.7126],[75.4816,32.7126],[75.4818,32.7127],[75.482,32.7127],[75.4823,32.7127],[75.4834,32.7131],[75.4835,32.7133],[75.4836,32.7138],[75.4837,32.7141],[75.4843,32.7168],[75.4837,32.7202],[75.4838,32.7203],[75.4838,32.7205],[75.4838,32.7206],[75.4838,32.7207],[75.4838,32.7212],[75.4838,32.7215],[75.4837,32.7218],[75.4837,32.7226],[75.4849,32.7232]]]},"properties":{"ac_no":64,"ac_name":"BILLAWAR","ac_category":"GEN","st_name":"JAMMU AND KASHMIR"}},{"type":"Feature","geometry":{"type":"Polygon","coordinates":[[[75.991,33.216],[75.9897,33.2193],[75.9823,33.231],[75.972,33.2393],[75.9635,33.2437],[75.9474,33.2467],[75.8596,33.2754],[75.8528,33.2846],[75.8506,33.2889],[75.8432,33.3055],[75.8428,33.3114],[75.8335,33.3103],[75.8166,33.3055],[75.7985,33.2971],[75.7907,33.2919],[75.7898,33.2874],[75.7806,33.2857],[75.776,33.282],[75.7703,33.2792],[75.7649,33.2798],[75.7612,33.2869],[75.7521,33.2927],[75.749,33.2977],[75.7538,33.3012],[75.761,33.3046],[75.7623,33.3125],[75.7597,33.3196],[75.7599,33.3228],[75.7558,33.3246],[75.7576,33.3285],[75.7537,33.3377],[75.7596,33.3396],[75.7618,33.3437],[75.7672,33.3483],[75.7688,33.3473],[75.7807,33.3464],[75.786,33.3435],[75.7899,33.3368],[75.7986,33.3298],[75.8025,33.3337],[75.8077,33.3368],[75.818,33.3405],[75.8239,33.3433],[75.8235,33.3462],[75.8286,33.3548],[75.8362,33.3502],[75.8401,33.3574],[75.8484,33.3602],[75.8611,33.3587],[75.8637,33.3576],[75.869,33.3659],[75.8733,33.367],[75.8704,33.3703],[75.8602,33.3701],[75.8507,33.3674],[75.8478,33.3705],[75.8477,33.3753],[75.8574,33.3804],[75.8552,33.3859],[75.8471,33.3935],[75.8382,33.3953],[75.8348,33.3971],[75.8289,33.4029],[75.8143,33.4118],[75.8225,33.4146],[75.8534,33.4199],[75.8642,33.4178],[75.8726,33.4189],[75.8952,33.4286],[75.9037,33.4309],[75.915,33.4407],[75.9418,33.4424],[75.9492,33.4384],[75.9534,33.4353],[75.9637,33.4305],[75.9717,33.4339],[75.9792,33.4339],[75.9884,33.4228],[76.0001,33.4219],[76.008,33.4187],[76.0178,33.4104],[76.0256,33.4108],[76.0328,33.4249],[76.0478,33.4334],[76.0691,33.4466],[76.0762,33.452],[76.1122,33.4645],[76.1255,33.4746],[76.1321,33.484],[76.137,33.4973],[76.139,33.5083],[76.1492,33.5205],[76.1732,33.5394],[76.1866,33.5589],[76.2054,33.5687],[76.2091,33.5665],[76.2217,33.553],[76.2256,33.5473],[76.2312,33.5452],[76.2421,33.548],[76.246,33.5457],[76.2489,33.5507],[76.2516,33.5529],[76.2585,33.5618],[76.2596,33.565],[76.2779,33.5675],[76.2919,33.5667],[76.303,33.5676],[76.3053,33.5699],[76.3098,33.5715],[76.3101,33.5786],[76.3076,33.5833],[76.3018,33.5898],[76.2996,33.5982],[76.3001,33.6008],[76.3065,33.6096],[76.3121,33.6092],[76.3174,33.6072],[76.3222,33.6023],[76.3295,33.6043],[76.3362,33.6105],[76.3419,33.6086],[76.3469,33.6049],[76.3554,33.6049],[76.3593,33.6033],[76.3589,33.5979],[76.3608,33.5932],[76.3668,33.5854],[76.371,33.5841],[76.3766,33.5789],[76.3807,33.577],[76.3801,33.5745],[76.3761,33.5695],[76.3748,33.5659],[76.3793,33.5582],[76.3803,33.5525],[76.3841,33.5524],[76.3975,33.5479],[76.4007,33.5456],[76.4102,33.5431],[76.4152,33.5391],[76.4249,33.5371],[76.4297,33.5384],[76.4359,33.5422],[76.4407,33.5492],[76.4434,33.5598],[76.4474,33.5643],[76.4507,33.5625],[76.4546,33.5574],[76.4624,33.5516],[76.4647,33.5452],[76.4622,33.5434],[76.458,33.5371],[76.4602,33.5331],[76.471,33.5274],[76.4791,33.5268],[76.4919,33.5169],[76.4993,33.5174],[76.5026,33.5155],[76.5067,33.51],[76.5081,33.5033],[76.5075,33.5004],[76.511,33.4966],[76.5229,33.4934],[76.5243,33.4892],[76.528,33.4834],[76.5355,33.4811],[76.5358,33.4785],[76.5392,33.4728],[76.5455,33.4687],[76.5496,33.4641],[76.5555,33.4637],[76.5576,33.462],[76.5628,33.4626],[76.5687,33.4653],[76.5765,33.453],[76.5771,33.4433],[76.58,33.4383],[76.5779,33.4299],[76.5818,33.4258],[76.5929,33.4256],[76.5996,33.4308],[76.6044,33.431],[76.6109,33.4349],[76.6138,33.4393],[76.6205,33.4396],[76.629,33.4349],[76.6288,33.4276],[76.6301,33.4226],[76.637,33.4155],[76.6361,33.4114],[76.6323,33.4094],[76.6381,33.4038],[76.6366,33.4022],[76.6394,33.3974],[76.6398,33.3927],[76.6419,33.3899],[76.6515,33.3834],[76.6524,33.3761],[76.6516,33.3727],[76.653,33.369],[76.6577,33.3655],[76.6584,33.3587],[76.662,33.3548],[76.6682,33.3525],[76.6726,33.3482],[76.671,33.3418],[76.6739,33.3393],[76.6833,33.3363],[76.6871,33.3327],[76.6965,33.3278],[76.7041,33.3278],[76.7121,33.3311],[76.7177,33.329],[76.7232,33.3187],[76.7259,33.3152],[76.7252,33.3113],[76.7288,33.3078],[76.7283,33.305],[76.732,33.2986],[76.7302,33.2973],[76.7285,33.291],[76.7299,33.2887],[76.7277,33.2835],[76.7327,33.2815],[76.7325,33.2755],[76.7359,33.2729],[76.7385,33.2687],[76.7371,33.2611],[76.7405,33.2598],[76.7472,33.2534],[76.7543,33.2487],[76.7592,33.2483],[76.7716,33.2489],[76.7731,33.2422],[76.7788,33.2395],[76.7793,33.2357],[76.7769,33.2296],[76.7773,33.2258],[76.7758,33.2205],[76.7732,33.2203],[76.7707,33.2164],[76.7709,33.213],[76.7666,33.2108],[76.7583,33.196],[76.7501,33.1915],[76.7504,33.1889],[76.7468,33.1831],[76.7468,33.1784],[76.7436,33.1785],[76.7289,33.1767],[76.7207,33.1815],[76.7085,33.1799],[76.7073,33.1769],[76.702,33.174],[76.6947,33.1726],[76.6841,33.1733],[76.6717,33.1707],[76.6646,33.1713],[76.654,33.1636],[76.6484,33.164],[76.6444,33.1619],[76.6394,33.1617],[76.6333,33.1647],[76.6234,33.1669],[76.6126,33.1734],[76.6116,33.1813],[76.612,33.1852],[76.608,33.1899],[76.6019,33.1888],[76.5986,33.1903],[76.5973,33.1968],[76.5992,33.2031],[76.595,33.2062],[76.5905,33.2049],[76.587,33.2063],[76.5727,33.2063],[76.5672,33.2072],[76.5607,33.2095],[76.5534,33.2045],[76.5481,33.1991],[76.5447,33.1985],[76.5398,33.2001],[76.533,33.1997],[76.5253,33.1964],[76.5175,33.1954],[76.5103,33.1959],[76.5052,33.192],[76.4923,33.1845],[76.4818,33.1792],[76.4728,33.1798],[76.468,33.1821],[76.4549,33.1795],[76.4489,33.1797],[76.4432,33.1814],[76.439,33.1803],[76.4283,33.182],[76.4203,33.1877],[76.4142,33.185],[76.4042,33.1859],[76.3983,33.1824],[76.392,33.1748],[76.3828,33.1698],[76.3777,33.1662],[76.3723,33.1605],[76.3685,33.1535],[76.3621,33.1532],[76.344,33.143],[76.3308,33.1322],[76.3263,33.1273],[76.3149,33.125],[76.3134,33.1227],[76.3033,33.1182],[76.3016,33.1136],[76.2921,33.106],[76.2859,33.1024],[76.2884,33.0991],[76.2828,33.0848],[76.2837,33.0719],[76.2893,33.0679],[76.2904,33.0646],[76.2897,33.0568],[76.2797,33.0536],[76.276,33.0504],[76.275,33.0408],[76.2714,33.0362],[76.2666,33.0351],[76.2621,33.036],[76.255,33.0338],[76.2462,33.0273],[76.2428,33.0208],[76.2321,33.0209],[76.223,33.0226],[76.2216,33.0212],[76.2237,33.0294],[76.2239,33.0326],[76.2241,33.0341],[76.2243,33.0354],[76.2233,33.0373],[76.2227,33.0378],[76.2218,33.0385],[76.2236,33.0412],[76.2236,33.0422],[76.2238,33.0433],[76.224,33.0445],[76.2235,33.0456],[76.2227,33.0475],[76.2221,33.0486],[76.2222,33.0496],[76.2224,33.0506],[76.2215,33.0535],[76.221,33.0549],[76.2195,33.0623],[76.2153,33.0696],[76.215,33.0706],[76.214,33.0732],[76.2136,33.0774],[76.2142,33.079],[76.2151,33.0811],[76.2153,33.0826],[76.2151,33.0841],[76.2149,33.0863],[76.2127,33.0905],[76.2073,33.0963],[76.2034,33.0972],[76.1977,33.0941],[76.1963,33.0943],[76.195,33.095],[76.1942,33.0954],[76.1924,33.097],[76.1904,33.0997],[76.1884,33.1046],[76.1872,33.1086],[76.1866,33.1094],[76.1792,33.1154],[76.1745,33.1207],[76.1672,33.1308],[76.1652,33.1399],[76.1643,33.142],[76.1632,33.1436],[76.1607,33.1459],[76.1594,33.147],[76.1578,33.1485],[76.1539,33.1554],[76.1462,33.1623],[76.1422,33.1647],[76.1365,33.1676],[76.1341,33.1682],[76.1309,33.17],[76.1188,33.1675],[76.1184,33.1755],[76.0936,33.188],[76.074,33.1967],[76.0728,33.1967],[76.0649,33.1963],[76.0557,33.1988],[76.0531,33.2005],[76.0471,33.2011],[76.0362,33.2048],[76.0271,33.2095],[76.0142,33.2134],[76.0086,33.2144],[76.007,33.2147],[75.9946,33.216],[75.991,33.216]]]},"properties":{"ac_no":50,"ac_name":"PADDER - NAGSENI","ac_category":"GEN","st_name":"JAMMU AND KASHMIR"}},{"type":"Feature","geometry":{"type":"Polygon","coordinates":[[[76.2054,33.5687],[76.1866,33.5589],[76.1732,33.5394],[76.1492,33.5205],[76.139,33.5083],[76.137,33.4973],[76.1321,33.484],[76.1255,33.4746],[76.1122,33.4645],[76.0762,33.452],[76.0691,33.4466],[76.0478,33.4334],[76.0328,33.4249],[76.0256,33.4108],[76.0178,33.4104],[76.008,33.4187],[76.0001,33.4219],[75.9884,33.4228],[75.9792,33.4339],[75.9717,33.4339],[75.9637,33.4305],[75.9534,33.4353],[75.9492,33.4384],[75.9418,33.4424],[75.915,33.4407],[75.9037,33.4309],[75.8952,33.4286],[75.8726,33.4189],[75.8642,33.4178],[75.8534,33.4199],[75.8225,33.4146],[75.8143,33.4118],[75.8289,33.4029],[75.8348,33.3971],[75.8382,33.3953],[75.8471,33.3935],[75.8552,33.3859],[75.8574,33.3804],[75.8477,33.3753],[75.8478,33.3705],[75.8507,33.3674],[75.8602,33.3701],[75.8704,33.3703],[75.8733,33.367],[75.869,33.3659],[75.8637,33.3576],[75.8611,33.3587],[75.8484,33.3602],[75.8401,33.3574],[75.8362,33.3502],[75.8286,33.3548],[75.8235,33.3462],[75.8239,33.3433],[75.818,33.3405],[75.8077,33.3368],[75.8025,33.3337],[75.7986,33.3298],[75.7899,33.3368],[75.786,33.3435],[75.7807,33.3464],[75.7688,33.3473],[75.7672,33.3483],[75.7618,33.3437],[75.7596,33.3396],[75.7537,33.3377],[75.7576,33.3285],[75.7558,33.3246],[75.7599,33.3228],[75.7597,33.3196],[75.7623,33.3125],[75.761,33.3046],[75.7538,33.3012],[75.749,33.2977],[75.7521,33.2927],[75.7612,33.2869],[75.7649,33.2798],[75.7703,33.2792],[75.776,33.282],[75.7806,33.2857],[75.7898,33.2874],[75.7907,33.2919],[75.7985,33.2971],[75.8166,33.3055],[75.8335,33.3103],[75.8428,33.3114],[75.8432,33.3055],[75.8506,33.2889],[75.8528,33.2846],[75.8596,33.2754],[75.9474,33.2467],[75.9635,33.2437],[75.972,33.2393],[75.9823,33.231],[75.9897,33.2193],[75.991,33.216],[75.9846,33.2161],[75.976,33.2164],[75.9702,33.2162],[75.9639,33.2162],[75.9561,33.2161],[75.9363,33.2182],[75.9311,33.2206],[75.9277,33.2214],[75.908,33.223],[75.9118,33.2214],[75.9168,33.2202],[75.9223,33.2181],[75.9238,33.2147],[75.9309,33.2096],[75.9346,33.2052],[75.9349,33.2016],[75.9321,33.1979],[75.9297,33.1917],[75.9299,33.1909],[75.9314,33.1918],[75.9332,33.1921],[75.9337,33.1904],[75.9314,33.1885],[75.918,33.1817],[75.916,33.179],[75.9139,33.1781],[75.9133,33.1779],[75.9124,33.1776],[75.9119,33.1774],[75.9107,33.1768],[75.9083,33.1755],[75.906,33.1742],[75.9041,33.1728],[75.8969,33.1707],[75.8976,33.1651],[75.9004,33.1607],[75.8951,33.1561],[75.8852,33.1493],[75.877,33.1511],[75.8641,33.1525],[75.8596,33.1534],[75.8561,33.1546],[75.856,33.1543],[75.8566,33.1566],[75.8558,33.1606],[75.8553,33.1653],[75.8535,33.1652],[75.8522,33.1652],[75.8493,33.1663],[75.8433,33.1651],[75.8413,33.1652],[75.8387,33.1665],[75.8377,33.1667],[75.8375,33.1663],[75.8363,33.1661],[75.8356,33.166],[75.8349,33.166],[75.8345,33.1656],[75.8337,33.1648],[75.8319,33.1658],[75.8311,33.1658],[75.8276,33.1647],[75.8242,33.162],[75.8213,33.1608],[75.8152,33.1595],[75.8136,33.1602],[75.8119,33.1603],[75.806,33.1639],[75.8087,33.1661],[75.8032,33.1729],[75.7962,33.178],[75.7909,33.183],[75.7789,33.1918],[75.7694,33.1996],[75.756,33.2062],[75.748,33.2132],[75.7388,33.2211],[75.7305,33.2274],[75.724,33.2384],[75.7119,33.2521],[75.7063,33.2541],[75.7056,33.2584],[75.7061,33.2679],[75.7033,33.2686],[75.7091,33.2713],[75.7137,33.2706],[75.7317,33.2726],[75.733,33.2786],[75.739,33.2808],[75.7407,33.2824],[75.7366,33.2943],[75.7315,33.2964],[75.729,33.304],[75.7283,33.3098],[75.7261,33.3097],[75.7226,33.3085],[75.7194,33.3098],[75.7131,33.313],[75.7158,33.3159],[75.717,33.3202],[75.7167,33.3238],[75.7167,33.3237],[75.7164,33.3236],[75.7146,33.3223],[75.7136,33.3218],[75.7112,33.3211],[75.709,33.3212],[75.7083,33.3211],[75.7058,33.3201],[75.7008,33.3186],[75.6996,33.3171],[75.6979,33.3159],[75.6896,33.3195],[75.6869,33.3227],[75.6862,33.3242],[75.6855,33.327],[75.6849,33.3294],[75.6859,33.331],[75.6858,33.3311],[75.6855,33.3312],[75.6829,33.3324],[75.6795,33.3339],[75.676,33.3351],[75.6671,33.3329],[75.6652,33.3282],[75.6613,33.3248],[75.6638,33.3232],[75.6622,33.3211],[75.6579,33.3162],[75.6546,33.3129],[75.6444,33.3114],[75.631,33.3104],[75.6282,33.3121],[75.6247,33.3124],[75.6185,33.3119],[75.6158,33.308],[75.6118,33.3073],[75.6074,33.3037],[75.6012,33.3022],[75.6004,33.3018],[75.595,33.3077],[75.5924,33.3102],[75.59,33.3146],[75.5872,33.3195],[75.5857,33.3223],[75.5816,33.3259],[75.5789,33.3296],[75.5842,33.3298],[75.5912,33.3291],[75.5945,33.3307],[75.5977,33.3346],[75.6014,33.3384],[75.6036,33.3412],[75.605,33.344],[75.6118,33.344],[75.6182,33.3448],[75.6226,33.3472],[75.6248,33.3489],[75.6302,33.3517],[75.6328,33.3518],[75.6354,33.3483],[75.6428,33.3475],[75.6521,33.3453],[75.6648,33.3426],[75.6668,33.3425],[75.6721,33.3419],[75.6775,33.3413],[75.6824,33.3396],[75.6873,33.34],[75.6898,33.3396],[75.6895,33.3343],[75.6937,33.3328],[75.6989,33.3283],[75.7016,33.3265],[75.7078,33.3291],[75.71,33.3289],[75.7104,33.3302],[75.7089,33.3305],[75.7075,33.3302],[75.7062,33.3325],[75.7055,33.3326],[75.7052,33.3327],[75.7047,33.3328],[75.7017,33.332],[75.6998,33.3349],[75.7032,33.3368],[75.7017,33.3385],[75.7017,33.3401],[75.6979,33.3436],[75.7103,33.341],[75.7066,33.3439],[75.7052,33.3479],[75.7022,33.3515],[75.7019,33.3524],[75.7017,33.3534],[75.7016,33.3536],[75.7016,33.3537],[75.7016,33.3538],[75.7015,33.3542],[75.7077,33.3592],[75.7122,33.3616],[75.709,33.3729],[75.7089,33.3729],[75.7088,33.373],[75.7076,33.3738],[75.7062,33.3747],[75.7049,33.3768],[75.7038,33.3766],[75.7026,33.3758],[75.6992,33.3709],[75.6945,33.3694],[75.6903,33.3705],[75.6853,33.374],[75.6819,33.3782],[75.6799,33.3832],[75.6717,33.3905],[75.6655,33.3925],[75.6611,33.3936],[75.6586,33.3952],[75.6589,33.3958],[75.6599,33.3979],[75.6579,33.3986],[75.6556,33.4001],[75.655,33.4018],[75.6529,33.4005],[75.6511,33.4018],[75.6493,33.403],[75.6564,33.4088],[75.6587,33.4112],[75.6634,33.4126],[75.6662,33.4207],[75.6701,33.4213],[75.6814,33.4226],[75.6819,33.4226],[75.6828,33.4204],[75.6842,33.4173],[75.6876,33.4112],[75.6898,33.4091],[75.6912,33.4055],[75.6916,33.4025],[75.6933,33.4011],[75.6979,33.4015],[75.6991,33.4038],[75.7012,33.4078],[75.7014,33.4113],[75.7037,33.4161],[75.704,33.4186],[75.7054,33.4241],[75.7138,33.4296],[75.7146,33.4311],[75.7149,33.4331],[75.7196,33.4318],[75.7252,33.4308],[75.7292,33.4286],[75.7241,33.442],[75.7239,33.4425],[75.725,33.4445],[75.726,33.4472],[75.7408,33.4553],[75.7408,33.4555],[75.7452,33.4567],[75.7505,33.456],[75.7506,33.456],[75.7509,33.456],[75.7513,33.4559],[75.7515,33.4559],[75.7518,33.4558],[75.7523,33.4556],[75.7527,33.4554],[75.7535,33.4549],[75.7539,33.4547],[75.7541,33.4546],[75.7544,33.4544],[75.7569,33.4565],[75.7589,33.4593],[75.7619,33.4664],[75.7636,33.4734],[75.7613,33.4751],[75.7575,33.4826],[75.7556,33.4883],[75.7539,33.4974],[75.7476,33.5137],[75.7478,33.5175],[75.7475,33.5246],[75.7445,33.5286],[75.7371,33.5272],[75.733,33.5256],[75.7274,33.5249],[75.7156,33.5275],[75.6992,33.5328],[75.6945,33.5314],[75.6914,33.5163],[75.6843,33.5073],[75.6772,33.5026],[75.6631,33.5027],[75.659,33.5106],[75.6422,33.5256],[75.6305,33.5288],[75.6225,33.5312],[75.6189,33.5438],[75.6241,33.5556],[75.6243,33.5784],[75.6231,33.5823],[75.635,33.5846],[75.6523,33.5864],[75.6697,33.5864],[75.6824,33.5824],[75.6962,33.5756],[75.7054,33.5726],[75.7169,33.5716],[75.7261,33.5657],[75.7364,33.5579],[75.7445,33.5521],[75.7548,33.5482],[75.7641,33.5471],[75.7818,33.5523],[75.783,33.5527],[75.7832,33.554],[75.7857,33.5581],[75.7865,33.5625],[75.7906,33.5665],[75.7933,33.5712],[75.7931,33.5727],[75.7931,33.5737],[75.7934,33.5738],[75.797,33.5757],[75.8076,33.5805],[75.8303,33.5902],[75.8465,33.5949],[75.8581,33.6007],[75.8859,33.6111],[75.9022,33.6226],[75.9162,33.6302],[75.9266,33.633],[75.9324,33.634],[75.9475,33.6425],[75.9695,33.6453],[76.0089,33.6517],[76.0263,33.6584],[76.0379,33.6621],[76.0518,33.662],[76.0691,33.6609],[76.0806,33.6579],[76.0945,33.6539],[76.1198,33.6508],[76.1349,33.6545],[76.1489,33.6592],[76.1823,33.655],[76.1892,33.6519],[76.1907,33.6513],[76.2064,33.6442],[76.2271,33.6324],[76.2294,33.6298],[76.2283,33.6252],[76.235,33.621],[76.2391,33.6144],[76.241,33.6096],[76.2386,33.6024],[76.2307,33.603],[76.2242,33.6003],[76.2241,33.5971],[76.2274,33.5947],[76.2314,33.5869],[76.2249,33.577],[76.2188,33.5739],[76.2138,33.5742],[76.2065,33.5733],[76.2054,33.5687]]]},"properties":{"ac_no":49,"ac_name":"KISHTWAR","ac_category":"GEN","st_name":"JAMMU AND KASHMIR"}},{"type":"Feature","geometry":{"type":"Polygon","coordinates":[[[76.1188,33.1675],[76.1166,33.1632],[76.1165,33.1611],[76.1041,33.1657],[76.0898,33.1643],[76.0849,33.1546],[76.0802,33.1414],[76.077,33.1304],[76.0702,33.1232],[76.0595,33.12],[76.0427,33.1243],[76.0295,33.12],[76.0188,33.1207],[76.0081,33.1268],[75.9913,33.1172],[75.9769,33.116],[75.9752,33.1154],[75.9704,33.1097],[75.9696,33.1072],[75.9668,33.1088],[75.9668,33.1203],[75.9653,33.122],[75.9618,33.1238],[75.9577,33.1246],[75.9576,33.1246],[75.9576,33.1245],[75.9574,33.1244],[75.9573,33.1244],[75.9573,33.1243],[75.9572,33.1243],[75.9572,33.1242],[75.9571,33.1242],[75.957,33.1241],[75.9541,33.1222],[75.9453,33.1286],[75.9366,33.1297],[75.9292,33.1339],[75.9259,33.1357],[75.919,33.136],[75.919,33.1326],[75.9152,33.1309],[75.9071,33.1314],[75.9006,33.1337],[75.8981,33.1343],[75.8927,33.1356],[75.8922,33.1358],[75.8871,33.1335],[75.8787,33.1344],[75.8719,33.1377],[75.8697,33.1374],[75.8625,33.1399],[75.8476,33.137],[75.8426,33.136],[75.8386,33.1361],[75.8263,33.1391],[75.8251,33.1403],[75.8235,33.1419],[75.8211,33.1475],[75.8182,33.1481],[75.8183,33.1489],[75.8177,33.1499],[75.8176,33.1501],[75.7977,33.1471],[75.7969,33.1457],[75.7939,33.1448],[75.7902,33.1438],[75.7869,33.1506],[75.7875,33.157],[75.7878,33.1582],[75.7922,33.1659],[75.7924,33.1661],[75.7898,33.1677],[75.7792,33.1739],[75.7702,33.1792],[75.7554,33.1875],[75.7379,33.1998],[75.7324,33.2035],[75.7302,33.2056],[75.7291,33.2067],[75.7255,33.2088],[75.7249,33.2112],[75.719,33.2175],[75.717,33.2196],[75.7052,33.2292],[75.7008,33.2337],[75.6934,33.2386],[75.6818,33.2517],[75.6763,33.2536],[75.6668,33.2568],[75.6494,33.2576],[75.642,33.2555],[75.6326,33.2591],[75.6198,33.2641],[75.6161,33.2656],[75.589,33.2796],[75.5835,33.2882],[75.5728,33.3075],[75.5708,33.311],[75.5687,33.3147],[75.5669,33.3179],[75.556,33.331],[75.5515,33.3389],[75.5349,33.35],[75.5341,33.3549],[75.5266,33.3682],[75.5252,33.3805],[75.5222,33.3842],[75.5163,33.3866],[75.5034,33.4065],[75.4955,33.4092],[75.4813,33.4099],[75.481,33.4108],[75.4805,33.4118],[75.48,33.4128],[75.4769,33.4156],[75.4759,33.4169],[75.4754,33.4177],[75.4762,33.4211],[75.4783,33.4242],[75.4844,33.4298],[75.4846,33.4334],[75.4811,33.4378],[75.4881,33.4435],[75.4907,33.4529],[75.4894,33.4541],[75.4885,33.4546],[75.4871,33.4552],[75.4833,33.4584],[75.4831,33.4591],[75.4831,33.463],[75.4828,33.4681],[75.4825,33.4702],[75.4812,33.4705],[75.4788,33.4719],[75.477,33.4734],[75.4733,33.4785],[75.4725,33.4824],[75.4695,33.4862],[75.4683,33.4993],[75.4694,33.5002],[75.4726,33.5029],[75.4745,33.5046],[75.4767,33.5072],[75.479,33.5088],[75.4812,33.5102],[75.4834,33.5117],[75.4866,33.5212],[75.4874,33.5221],[75.488,33.5227],[75.4938,33.5259],[75.4958,33.5269],[75.4993,33.5285],[75.509,33.5269],[75.5125,33.5344],[75.514,33.5416],[75.5093,33.5439],[75.5038,33.549],[75.5034,33.5506],[75.5044,33.5518],[75.5056,33.5531],[75.5087,33.5585],[75.5091,33.5596],[75.5093,33.5614],[75.509,33.5636],[75.5084,33.5647],[75.5077,33.5654],[75.5069,33.5681],[75.5072,33.5691],[75.5077,33.57],[75.5076,33.571],[75.507,33.5719],[75.5072,33.5726],[75.5073,33.5736],[75.5087,33.5754],[75.5097,33.5768],[75.5114,33.5792],[75.5126,33.5805],[75.5144,33.5815],[75.517,33.5837],[75.5186,33.5848],[75.5202,33.5856],[75.5251,33.587],[75.5261,33.5876],[75.5267,33.5886],[75.5269,33.5898],[75.5277,33.5909],[75.5327,33.5959],[75.5358,33.5979],[75.5366,33.5989],[75.5362,33.6001],[75.5359,33.601],[75.536,33.6038],[75.5361,33.6059],[75.5361,33.6069],[75.5354,33.6076],[75.5341,33.6077],[75.5323,33.6081],[75.5306,33.6098],[75.5293,33.6127],[75.5291,33.6128],[75.528,33.6139],[75.5222,33.615],[75.522,33.6158],[75.5226,33.6166],[75.5238,33.6199],[75.524,33.6209],[75.524,33.621],[75.524,33.6212],[75.5241,33.6213],[75.5242,33.6218],[75.5242,33.622],[75.5244,33.6232],[75.5244,33.6233],[75.5239,33.6237],[75.5238,33.6239],[75.5187,33.623],[75.5113,33.6181],[75.5099,33.6183],[75.5085,33.6185],[75.5077,33.6197],[75.5078,33.6205],[75.5082,33.6214],[75.5096,33.6242],[75.5101,33.625],[75.5108,33.6287],[75.5097,33.6292],[75.5087,33.6299],[75.5018,33.6275],[75.5011,33.6332],[75.5012,33.6354],[75.5013,33.6366],[75.5052,33.6395],[75.5059,33.6411],[75.5063,33.6424],[75.5058,33.6469],[75.5065,33.6476],[75.5081,33.6489],[75.5103,33.6504],[75.512,33.6511],[75.5164,33.654],[75.5172,33.6544],[75.5166,33.6551],[75.5158,33.6557],[75.5143,33.6564],[75.5127,33.6572],[75.512,33.6577],[75.5103,33.6602],[75.5094,33.6619],[75.509,33.6628],[75.5085,33.6648],[75.5082,33.6676],[75.5083,33.6771],[75.5092,33.6784],[75.5096,33.6791],[75.5106,33.6812],[75.51,33.6832],[75.5031,33.6891],[75.5014,33.6914],[75.5013,33.6946],[75.5013,33.6966],[75.5025,33.6978],[75.5034,33.6988],[75.5122,33.7027],[75.5221,33.7133],[75.5223,33.7148],[75.5211,33.7157],[75.5154,33.7179],[75.5127,33.7213],[75.5041,33.7279],[75.5013,33.7349],[75.4964,33.7394],[75.487,33.7445],[75.4834,33.7474],[75.4788,33.7478],[75.4793,33.7494],[75.4792,33.7513],[75.4789,33.7523],[75.4785,33.7529],[75.4777,33.7537],[75.4738,33.7556],[75.4671,33.7579],[75.4672,33.7586],[75.4684,33.7596],[75.4698,33.7611],[75.4717,33.764],[75.4705,33.7658],[75.4694,33.7673],[75.4687,33.7684],[75.4706,33.7728],[75.4768,33.7751],[75.4832,33.7805],[75.4838,33.7836],[75.4841,33.7846],[75.4775,33.7871],[75.4768,33.7878],[75.4752,33.7903],[75.4731,33.791],[75.4688,33.7912],[75.4628,33.7941],[75.4614,33.7953],[75.4616,33.7965],[75.4625,33.8],[75.4586,33.8059],[75.4524,33.8081],[75.4538,33.8094],[75.4556,33.8111],[75.4567,33.8146],[75.4553,33.8157],[75.4512,33.8178],[75.4498,33.8186],[75.4463,33.8207],[75.4447,33.8221],[75.4454,33.8269],[75.439,33.8322],[75.4389,33.8369],[75.4384,33.8375],[75.4376,33.8384],[75.4342,33.8401],[75.4326,33.8418],[75.4323,33.8422],[75.4311,33.8436],[75.4298,33.8455],[75.4304,33.8468],[75.4306,33.8474],[75.4329,33.8489],[75.434,33.8508],[75.4315,33.8518],[75.4305,33.8525],[75.4306,33.8525],[75.4293,33.8534],[75.4278,33.8551],[75.4187,33.8714],[75.4167,33.8779],[75.4164,33.8788],[75.4165,33.8799],[75.4163,33.8848],[75.4131,33.8903],[75.4117,33.8917],[75.406,33.8922],[75.4009,33.8949],[75.4004,33.8963],[75.4004,33.8977],[75.4004,33.8984],[75.4,33.8992],[75.3958,33.9023],[75.3953,33.9029],[75.3951,33.9036],[75.3946,33.9086],[75.3982,33.9114],[75.3973,33.913],[75.3945,33.9173],[75.3944,33.9182],[75.3944,33.9188],[75.3943,33.9194],[75.3964,33.9206],[75.397,33.9222],[75.3997,33.9298],[75.4,33.9319],[75.3916,33.9369],[75.392,33.9376],[75.3969,33.9375],[75.3987,33.9385],[75.399,33.9412],[75.3971,33.9455],[75.397,33.9462],[75.3971,33.948],[75.3974,33.9536],[75.3966,33.9564],[75.3975,33.959],[75.3971,33.9603],[75.3969,33.9613],[75.3967,33.9618],[75.3972,33.9637],[75.3975,33.9642],[75.3988,33.9648],[75.4002,33.9653],[75.403,33.9666],[75.4032,33.9667],[75.409,33.9703],[75.4136,33.9738],[75.4162,33.9775],[75.4164,33.9798],[75.4184,33.9807],[75.4247,33.9816],[75.4323,33.9846],[75.4319,33.9877],[75.4319,33.989],[75.432,33.9904],[75.4321,33.992],[75.4328,33.9929],[75.4373,33.9951],[75.4378,33.9957],[75.4384,33.9969],[75.4385,33.9972],[75.4383,33.9998],[75.4405,34.003],[75.4386,34.0133],[75.4377,34.0139],[75.4364,34.0146],[75.4363,34.0167],[75.4357,34.0196],[75.437,34.02],[75.4379,34.0203],[75.4383,34.0224],[75.4453,34.0272],[75.4442,34.0309],[75.4479,34.0327],[75.4499,34.0344],[75.4489,34.0393],[75.4525,34.0407],[75.4579,34.0365],[75.4629,34.0373],[75.4634,34.0417],[75.4635,34.0418],[75.4661,34.0424],[75.4683,34.0428],[75.4698,34.0416],[75.4744,34.0413],[75.4814,34.0382],[75.4827,34.0384],[75.4835,34.0387],[75.4838,34.0393],[75.486,34.0433],[75.4886,34.0439],[75.4904,34.0444],[75.4912,34.0445],[75.4919,34.0444],[75.494,34.0439],[75.4979,34.0433],[75.4986,34.0405],[75.5004,34.0392],[75.5025,34.0395],[75.5026,34.0395],[75.5031,34.0396],[75.5042,34.0393],[75.505,34.039],[75.5065,34.0385],[75.5072,34.0385],[75.5074,34.0385],[75.5079,34.0384],[75.5147,34.0402],[75.5181,34.0415],[75.5227,34.0453],[75.5245,34.046],[75.5241,34.047],[75.5237,34.0481],[75.5249,34.0505],[75.5253,34.0509],[75.5299,34.0533],[75.5305,34.0563],[75.5351,34.0633],[75.5351,34.0664],[75.5351,34.067],[75.5347,34.0686],[75.5358,34.0723],[75.5328,34.08],[75.5348,34.0831],[75.5309,34.0955],[75.533,34.1015],[75.5363,34.1031],[75.5394,34.1074],[75.5404,34.1093],[75.5397,34.1126],[75.5367,34.1157],[75.5369,34.1196],[75.5409,34.1234],[75.5425,34.1252],[75.5427,34.1256],[75.543,34.1278],[75.5445,34.131],[75.5441,34.1353],[75.5445,34.1355],[75.5456,34.1363],[75.5469,34.1371],[75.5486,34.1382],[75.5524,34.1467],[75.552,34.1476],[75.5519,34.1499],[75.5529,34.1514],[75.5547,34.1537],[75.5553,34.1544],[75.5555,34.1547],[75.5585,34.1552],[75.559,34.1552],[75.5603,34.1551],[75.5611,34.155],[75.5671,34.1559],[75.5728,34.1547],[75.5766,34.1558],[75.5801,34.1625],[75.5822,34.17],[75.5826,34.1704],[75.5864,34.1724],[75.5866,34.1725],[75.5882,34.1728],[75.5896,34.1731],[75.591,34.1739],[75.5918,34.1756],[75.5915,34.1769],[75.5905,34.179],[75.5901,34.1807],[75.591,34.1846],[75.5911,34.1847],[75.5914,34.1854],[75.5952,34.1903],[75.5975,34.1977],[75.6046,34.1952],[75.6126,34.1974],[75.6153,34.1999],[75.6218,34.2018],[75.6261,34.2013],[75.6381,34.2103],[75.644,34.2116],[75.6503,34.2115],[75.6565,34.2063],[75.6574,34.2029],[75.6624,34.1991],[75.6708,34.198],[75.6805,34.201],[75.6853,34.1996],[75.6907,34.1953],[75.6873,34.1869],[75.6881,34.1849],[75.6841,34.178],[75.6842,34.1733],[75.6828,34.1706],[75.6845,34.1668],[75.6792,34.1608],[75.6786,34.1547],[75.6686,34.1481],[75.6679,34.1443],[75.6736,34.1452],[75.6824,34.144],[75.6858,34.1413],[75.6823,34.1356],[75.6844,34.1309],[75.691,34.1281],[75.6902,34.1253],[75.6856,34.1209],[75.6874,34.1161],[75.6924,34.1138],[75.6968,34.1134],[75.707,34.1075],[75.7188,34.1033],[75.7215,34.0944],[75.7251,34.0897],[75.7334,34.0841],[75.7347,34.079],[75.7428,34.0725],[75.7416,34.0681],[75.737,34.0589],[75.7415,34.0562],[75.7445,34.0565],[75.75,34.0548],[75.7527,34.0565],[75.7599,34.0567],[75.7685,34.0549],[75.7691,34.053],[75.7681,34.0428],[75.7703,34.0408],[75.7779,34.0386],[75.7822,34.0341],[75.7895,34.0303],[75.7969,34.0304],[75.7975,34.026],[75.8024,34.021],[75.8042,34.021],[75.8143,34.0145],[75.8178,34.0079],[75.8292,34.0063],[75.8358,34.0071],[75.8416,34.0061],[75.8437,34.0032],[75.8416,33.9996],[75.8302,33.9924],[75.8256,33.9778],[75.8207,33.9735],[75.8201,33.9692],[75.8221,33.9656],[75.8307,33.9587],[75.8341,33.9581],[75.8405,33.9541],[75.8452,33.9545],[75.8504,33.961],[75.8525,33.9623],[75.8626,33.9616],[75.8667,33.9625],[75.8736,33.962],[75.8814,33.9648],[75.8852,33.9676],[75.8921,33.9691],[75.8986,33.9674],[75.9085,33.9689],[75.9142,33.966],[75.9175,33.9629],[75.9231,33.9629],[75.9429,33.9605],[75.9478,33.9566],[75.954,33.9556],[75.9587,33.9568],[75.9657,33.9545],[75.9692,33.9605],[75.9727,33.9625],[75.9777,33.9717],[75.9905,33.9724],[75.9962,33.9745],[76.0062,33.9767],[76.0134,33.9742],[76.0187,33.9755],[76.0244,33.9821],[76.0264,33.9765],[76.0265,33.9716],[76.0383,33.9591],[76.0432,33.9521],[76.0452,33.9454],[76.0483,33.9404],[76.0495,33.9327],[76.0445,33.9275],[76.0406,33.925],[76.0339,33.9242],[76.0326,33.9197],[76.038,33.9189],[76.0467,33.9128],[76.0545,33.9122],[76.0606,33.9101],[76.0692,33.909],[76.0826,33.9035],[76.0919,33.9024],[76.0969,33.9004],[76.0996,33.8969],[76.1073,33.8918],[76.1153,33.8902],[76.1179,33.8887],[76.123,33.889],[76.125,33.8853],[76.1367,33.8786],[76.1385,33.8724],[76.1375,33.8701],[76.1421,33.8668],[76.1452,33.8618],[76.1472,33.8559],[76.1495,33.8536],[76.1501,33.8491],[76.1554,33.8472],[76.1543,33.8406],[76.1598,33.8373],[76.16,33.8354],[76.1568,33.8306],[76.159,33.8257],[76.1626,33.8212],[76.166,33.8193],[76.163,33.817],[76.1596,33.8079],[76.1614,33.8019],[76.1664,33.798],[76.1744,33.7987],[76.1842,33.8006],[76.1874,33.7967],[76.1907,33.7953],[76.1981,33.7881],[76.2,33.7823],[76.1994,33.7778],[76.2053,33.7726],[76.2108,33.7712],[76.2126,33.7612],[76.2179,33.7588],[76.2315,33.759],[76.2361,33.7599],[76.247,33.7576],[76.2479,33.7546],[76.2521,33.7514],[76.2602,33.75],[76.2655,33.7464],[76.2671,33.7397],[76.2654,33.7357],[76.2673,33.7324],[76.2712,33.7308],[76.2674,33.7247],[76.2671,33.7171],[76.2634,33.7129],[76.2659,33.7075],[76.2631,33.703],[76.2657,33.6974],[76.2647,33.6894],[76.2696,33.6851],[76.2663,33.679],[76.2705,33.6756],[76.273,33.6701],[76.2801,33.6639],[76.2846,33.6619],[76.28,33.6547],[76.2748,33.6532],[76.2699,33.643],[76.2646,33.6432],[76.2565,33.639],[76.2496,33.6388],[76.2462,33.6365],[76.2402,33.6348],[76.2302,33.6308],[76.2271,33.6324],[76.2064,33.6442],[76.1907,33.6513],[76.1823,33.655],[76.1489,33.6592],[76.1349,33.6545],[76.1198,33.6508],[76.0945,33.6539],[76.0806,33.6579],[76.0691,33.6609],[76.0518,33.662],[76.0379,33.6621],[76.0263,33.6584],[76.0089,33.6517],[75.9695,33.6453],[75.9475,33.6425],[75.9324,33.634],[75.9266,33.633],[75.9162,33.6302],[75.9022,33.6226],[75.8859,33.6111],[75.8581,33.6007],[75.8465,33.5949],[75.8303,33.5902],[75.8076,33.5805],[75.797,33.5757],[75.7934,33.5738],[75.7931,33.5737],[75.7931,33.5727],[75.7933,33.5712],[75.7906,33.5665],[75.7865,33.5625],[75.7857,33.5581],[75.7832,33.554],[75.783,33.5527],[75.7818,33.5523],[75.7641,33.5471],[75.7548,33.5482],[75.7445,33.5521],[75.7364,33.5579],[75.7261,33.5657],[75.7169,33.5716],[75.7054,33.5726],[75.6962,33.5756],[75.6824,33.5824],[75.6697,33.5864],[75.6523,33.5864],[75.635,33.5846],[75.6231,33.5823],[75.6243,33.5784],[75.6241,33.5556],[75.6189,33.5438],[75.6225,33.5312],[75.6305,33.5288],[75.6422,33.5256],[75.659,33.5106],[75.6631,33.5027],[75.6772,33.5026],[75.6843,33.5073],[75.6914,33.5163],[75.6945,33.5314],[75.6992,33.5328],[75.7156,33.5275],[75.7274,33.5249],[75.733,33.5256],[75.7371,33.5272],[75.7445,33.5286],[75.7475,33.5246],[75.7478,33.5175],[75.7476,33.5137],[75.7539,33.4974],[75.7556,33.4883],[75.7575,33.4826],[75.7613,33.4751],[75.7636,33.4734],[75.7619,33.4664],[75.7589,33.4593],[75.7569,33.4565],[75.7544,33.4544],[75.7541,33.4546],[75.7539,33.4547],[75.7535,33.4549],[75.7527,33.4554],[75.7523,33.4556],[75.7518,33.4558],[75.7515,33.4559],[75.7513,33.4559],[75.7509,33.456],[75.7506,33.456],[75.7505,33.456],[75.7452,33.4567],[75.7408,33.4555],[75.7408,33.4553],[75.726,33.4472],[75.725,33.4445],[75.7239,33.4425],[75.7241,33.442],[75.7292,33.4286],[75.7252,33.4308],[75.7196,33.4318],[75.7149,33.4331],[75.7146,33.4311],[75.7138,33.4296],[75.7054,33.4241],[75.704,33.4186],[75.7037,33.4161],[75.7014,33.4113],[75.7012,33.4078],[75.6991,33.4038],[75.6979,33.4015],[75.6933,33.4011],[75.6916,33.4025],[75.6912,33.4055],[75.6898,33.4091],[75.6876,33.4112],[75.6819,33.4226],[75.6814,33.4226],[75.6701,33.4213],[75.6662,33.4207],[75.6634,33.4126],[75.6587,33.4112],[75.6493,33.403],[75.6511,33.4018],[75.6529,33.4005],[75.655,33.4018],[75.6556,33.4001],[75.6579,33.3986],[75.6599,33.3979],[75.6611,33.3936],[75.6655,33.3925],[75.6717,33.3905],[75.6799,33.3832],[75.6819,33.3782],[75.6853,33.374],[75.6903,33.3705],[75.6945,33.3694],[75.6992,33.3709],[75.7026,33.3758],[75.7038,33.3766],[75.7049,33.3768],[75.709,33.3729],[75.709,33.3727],[75.7091,33.3721],[75.7097,33.3691],[75.7122,33.3616],[75.7077,33.3592],[75.7015,33.3542],[75.7022,33.3515],[75.7052,33.3479],[75.7066,33.3439],[75.7103,33.341],[75.6979,33.3436],[75.6975,33.3418],[75.7017,33.3401],[75.7032,33.3368],[75.6998,33.3349],[75.7017,33.332],[75.7047,33.3328],[75.7052,33.3327],[75.7055,33.3326],[75.7062,33.3325],[75.7075,33.3302],[75.7089,33.3305],[75.7104,33.3302],[75.71,33.3289],[75.7078,33.3291],[75.7016,33.3265],[75.6989,33.3283],[75.6937,33.3328],[75.6895,33.3343],[75.6898,33.3396],[75.6873,33.34],[75.6824,33.3396],[75.6775,33.3413],[75.6721,33.3419],[75.6668,33.3425],[75.6648,33.3426],[75.6521,33.3453],[75.6428,33.3475],[75.6354,33.3483],[75.6328,33.3518],[75.6302,33.3517],[75.6248,33.3489],[75.6226,33.3472],[75.6182,33.3448],[75.6152,33.3452],[75.6118,33.344],[75.605,33.344],[75.6036,33.3412],[75.6014,33.3384],[75.5977,33.3346],[75.5945,33.3307],[75.5912,33.3291],[75.5868,33.3292],[75.5842,33.3298],[75.5789,33.3296],[75.5816,33.3259],[75.5857,33.3223],[75.5872,33.3195],[75.59,33.3146],[75.5924,33.3102],[75.595,33.3077],[75.6004,33.3018],[75.6012,33.3022],[75.6074,33.3037],[75.6118,33.3073],[75.6158,33.308],[75.6185,33.3119],[75.6247,33.3124],[75.6282,33.3121],[75.631,33.3104],[75.6444,33.3114],[75.6546,33.3129],[75.6579,33.3162],[75.6622,33.3211],[75.6638,33.3232],[75.6613,33.3248],[75.6652,33.3282],[75.6671,33.3329],[75.676,33.3351],[75.6795,33.3339],[75.6859,33.3311],[75.6859,33.331],[75.6849,33.3294],[75.6855,33.327],[75.6862,33.3242],[75.6869,33.3227],[75.6896,33.3195],[75.6979,33.3159],[75.6996,33.3171],[75.7008,33.3186],[75.7058,33.3201],[75.7073,33.3202],[75.7079,33.3208],[75.7083,33.3211],[75.7136,33.3218],[75.7146,33.3223],[75.7167,33.3238],[75.717,33.3202],[75.7158,33.3159],[75.7131,33.313],[75.7194,33.3098],[75.7226,33.3085],[75.7261,33.3097],[75.7283,33.3098],[75.729,33.304],[75.7315,33.2964],[75.7366,33.2943],[75.7407,33.2824],[75.739,33.2808],[75.733,33.2786],[75.7326,33.2777],[75.7317,33.2726],[75.7137,33.2706],[75.7091,33.2713],[75.7061,33.2679],[75.7066,33.2652],[75.7056,33.2584],[75.7063,33.2541],[75.7119,33.2521],[75.724,33.2384],[75.7305,33.2274],[75.7388,33.2211],[75.748,33.2132],[75.756,33.2062],[75.7694,33.1996],[75.7789,33.1918],[75.7909,33.183],[75.7962,33.178],[75.8032,33.1729],[75.8087,33.1661],[75.806,33.1639],[75.8119,33.1603],[75.8136,33.1602],[75.8152,33.1595],[75.8162,33.1598],[75.8174,33.1607],[75.8213,33.1608],[75.8242,33.162],[75.8276,33.1647],[75.8311,33.1658],[75.8319,33.1658],[75.8337,33.1648],[75.8345,33.1656],[75.8349,33.166],[75.8356,33.166],[75.8363,33.1661],[75.8375,33.1663],[75.8377,33.1667],[75.8387,33.1665],[75.8413,33.1652],[75.8433,33.1651],[75.8451,33.1656],[75.8467,33.166],[75.8493,33.1663],[75.8553,33.1653],[75.8558,33.1606],[75.8566,33.1566],[75.8561,33.1546],[75.8596,33.1534],[75.8641,33.1525],[75.877,33.1511],[75.8852,33.1493],[75.8951,33.1561],[75.9004,33.1607],[75.8976,33.1651],[75.8969,33.1707],[75.9041,33.1728],[75.906,33.1742],[75.9083,33.1755],[75.9107,33.1768],[75.9119,33.1774],[75.916,33.179],[75.918,33.1817],[75.9314,33.1885],[75.9337,33.1904],[75.9332,33.1921],[75.9314,33.1918],[75.9299,33.1909],[75.9297,33.1917],[75.9321,33.1979],[75.9349,33.2016],[75.9346,33.2052],[75.9309,33.2096],[75.9238,33.2147],[75.9223,33.2181],[75.9168,33.2202],[75.9118,33.2214],[75.908,33.223],[75.9277,33.2214],[75.9311,33.2206],[75.9363,33.2182],[75.9561,33.2161],[75.9639,33.2162],[75.9702,33.2162],[75.976,33.2164],[75.9846,33.2161],[75.991,33.216],[75.9946,33.216],[76.007,33.2147],[76.0086,33.2144],[76.0142,33.2134],[76.0271,33.2095],[76.0362,33.2048],[76.0471,33.2011],[76.0531,33.2005],[76.0557,33.1988],[76.0649,33.1963],[76.0728,33.1967],[76.074,33.1967],[76.0936,33.188],[76.1184,33.1755],[76.1188,33.1675]]]},"properties":{"ac_no":48,"ac_name":"INDERWAL","ac_category":"GEN","st_name":"JAMMU AND KASHMIR"}},{"type":"Feature","geometry":{"type":"Polygon","coordinates":[[[74.6681,34.116],[74.6683,34.1124],[74.6678,34.1119],[74.6684,34.1106],[74.6685,34.1102],[74.6711,34.1088],[74.6709,34.1044],[74.6696,34.1042],[74.6633,34.1033],[74.6616,34.1033],[74.6547,34.1072],[74.6545,34.1075],[74.6544,34.1078],[74.6538,34.1078],[74.6535,34.1076],[74.6527,34.1072],[74.6529,34.107],[74.6533,34.1063],[74.6537,34.1061],[74.6542,34.1055],[74.6537,34.1033],[74.6523,34.1016],[74.6501,34.0991],[74.6472,34.0964],[74.6414,34.0885],[74.641,34.0882],[74.6425,34.0854],[74.6435,34.0843],[74.6477,34.0865],[74.6549,34.0805],[74.653,34.078],[74.6527,34.0771],[74.6526,34.077],[74.6519,34.0761],[74.6518,34.0754],[74.6542,34.0742],[74.6541,34.0739],[74.6548,34.0735],[74.6547,34.0732],[74.6549,34.0729],[74.6538,34.0718],[74.652,34.0705],[74.6512,34.07],[74.6523,34.0687],[74.6547,34.0678],[74.6562,34.0667],[74.6567,34.0652],[74.6543,34.063],[74.6519,34.061],[74.6539,34.0579],[74.6494,34.0489],[74.6517,34.0457],[74.653,34.0445],[74.6574,34.0418],[74.6579,34.0406],[74.6572,34.0374],[74.6574,34.0365],[74.6582,34.0362],[74.6593,34.0353],[74.6598,34.034],[74.6596,34.0319],[74.6603,34.0318],[74.6612,34.0254],[74.6657,34.0238],[74.6665,34.0217],[74.6681,34.016],[74.6658,34.0142],[74.6616,34.0139],[74.6571,34.0141],[74.6532,34.0105],[74.6515,34.0096],[74.6516,34.0052],[74.6522,34.0021],[74.6486,34.0006],[74.6471,33.9997],[74.6452,33.9926],[74.6446,33.991],[74.6428,33.9903],[74.6424,33.9869],[74.6333,33.9825],[74.6306,33.9794],[74.6291,33.9783],[74.6293,33.9704],[74.6255,33.9688],[74.621,33.9699],[74.6157,33.9675],[74.6116,33.9635],[74.6077,33.9615],[74.6093,33.9538],[74.6029,33.9502],[74.6023,33.9507],[74.6017,33.9512],[74.6016,33.9512],[74.5983,33.9537],[74.5915,33.9552],[74.5883,33.9522],[74.5884,33.9458],[74.5839,33.945],[74.5837,33.9454],[74.5793,33.9498],[74.577,33.9538],[74.577,33.9543],[74.5719,33.9624],[74.5706,33.9674],[74.5667,33.9708],[74.5637,33.98],[74.5593,33.9863],[74.5611,33.9927],[74.5612,33.993],[74.5571,33.9971],[74.5564,33.9971],[74.5552,33.9971],[74.5552,33.997],[74.5545,33.9969],[74.5497,33.9984],[74.5495,33.9983],[74.5472,33.9996],[74.5472,33.9997],[74.5474,34.0004],[74.5461,34.0019],[74.5462,34.0019],[74.5463,34.0021],[74.5464,34.0023],[74.5449,34.0035],[74.5448,34.0037],[74.5468,34.0058],[74.5484,34.0113],[74.5485,34.0114],[74.5485,34.0115],[74.5487,34.0124],[74.5488,34.0126],[74.5494,34.015],[74.5494,34.0151],[74.5493,34.0151],[74.5492,34.0151],[74.5489,34.0152],[74.5477,34.0199],[74.5476,34.0205],[74.5476,34.0206],[74.5475,34.0211],[74.5488,34.0235],[74.5489,34.0236],[74.5494,34.0249],[74.5494,34.0258],[74.5579,34.0298],[74.5583,34.0329],[74.5646,34.0322],[74.5688,34.0328],[74.5728,34.0405],[74.5725,34.0479],[74.5658,34.046],[74.5589,34.0507],[74.5598,34.055],[74.5624,34.0561],[74.5634,34.0568],[74.5636,34.0569],[74.5646,34.0575],[74.5647,34.0575],[74.5695,34.0623],[74.5721,34.0683],[74.5651,34.0675],[74.5677,34.0692],[74.5741,34.0733],[74.5782,34.0761],[74.5836,34.08],[74.588,34.0857],[74.5958,34.0908],[74.6015,34.0952],[74.6076,34.0986],[74.6071,34.0999],[74.6077,34.1033],[74.6132,34.1056],[74.6212,34.1034],[74.6262,34.1057],[74.6262,34.1058],[74.6262,34.1059],[74.6261,34.106],[74.6261,34.1061],[74.6267,34.1059],[74.6316,34.108],[74.6329,34.1088],[74.643,34.1124],[74.6469,34.1147],[74.649,34.1179],[74.6546,34.118],[74.6594,34.1165],[74.6646,34.1211],[74.6668,34.1179],[74.6669,34.1175],[74.6669,34.1174],[74.6672,34.1167],[74.6672,34.1165],[74.6671,34.1164],[74.667,34.1162],[74.6671,34.1162],[74.6677,34.1164],[74.6679,34.1163],[74.668,34.1161],[74.6681,34.116]]]},"properties":{"ac_no":27,"ac_name":"BUDGAM","ac_category":"GEN","st_name":"JAMMU AND KASHMIR"}},{"type":"Feature","geometry":{"type":"Polygon","coordinates":[[[74.8036,34.0058],[74.8018,34.0056],[74.8006,34.0052],[74.7998,34.0023],[74.802,33.9988],[74.8071,33.999],[74.8075,33.9969],[74.8043,33.9949],[74.8081,33.9913],[74.8078,33.9884],[74.8077,33.9863],[74.8066,33.9854],[74.8062,33.9852],[74.8033,33.9821],[74.798,33.9813],[74.7975,33.9768],[74.7962,33.9726],[74.793,33.9727],[74.7914,33.9724],[74.7907,33.9727],[74.7842,33.975],[74.7746,33.9736],[74.7746,33.9737],[74.7746,33.9738],[74.7701,33.9755],[74.769,33.9833],[74.7778,33.984],[74.7818,33.9856],[74.7822,33.989],[74.7798,33.9934],[74.77,34.0002],[74.768,33.999],[74.7675,33.9938],[74.7603,33.9921],[74.7633,33.989],[74.7631,33.9887],[74.7613,33.9814],[74.7633,33.9799],[74.7633,33.9798],[74.7632,33.9798],[74.7631,33.9798],[74.7634,33.9796],[74.7637,33.9794],[74.7639,33.9792],[74.7638,33.979],[74.7632,33.9777],[74.7629,33.9776],[74.7602,33.9779],[74.7562,33.9754],[74.7484,33.98],[74.7416,33.98],[74.7385,33.9816],[74.7383,33.9816],[74.7343,33.9798],[74.7335,33.9765],[74.7305,33.9755],[74.7258,33.9772],[74.7257,33.9819],[74.7257,33.9837],[74.7221,33.9837],[74.7214,33.979],[74.7139,33.9837],[74.7101,33.978],[74.7074,33.9776],[74.7019,33.9724],[74.6996,33.9714],[74.6976,33.9713],[74.6935,33.9658],[74.6934,33.9643],[74.6881,33.9632],[74.6868,33.9625],[74.6835,33.9588],[74.6795,33.9586],[74.6778,33.9586],[74.6741,33.9591],[74.6718,33.9569],[74.6712,33.9567],[74.6682,33.954],[74.6675,33.9537],[74.6649,33.9578],[74.6645,33.9587],[74.6616,33.9626],[74.6606,33.9683],[74.6665,33.9746],[74.6727,33.9776],[74.6771,33.9798],[74.6777,33.9818],[74.6776,33.9833],[74.6765,33.9874],[74.6722,33.9877],[74.6713,33.9921],[74.6727,33.9967],[74.674,33.9978],[74.6724,34.0033],[74.665,34.0011],[74.6662,33.9993],[74.6634,33.9972],[74.661,33.9959],[74.6514,33.9935],[74.6486,34.0006],[74.6522,34.0021],[74.6516,34.0052],[74.6515,34.0096],[74.6532,34.0105],[74.6571,34.0141],[74.6616,34.0139],[74.6658,34.0142],[74.6681,34.016],[74.6665,34.0217],[74.6657,34.0238],[74.6612,34.0254],[74.6603,34.0318],[74.6596,34.0319],[74.6598,34.034],[74.6593,34.0353],[74.6582,34.0362],[74.6574,34.0365],[74.6572,34.0374],[74.6579,34.0406],[74.6574,34.0418],[74.653,34.0445],[74.6517,34.0457],[74.6494,34.0489],[74.6539,34.0579],[74.6519,34.061],[74.6543,34.063],[74.6567,34.0652],[74.6562,34.0666],[74.6548,34.0678],[74.6535,34.0682],[74.6523,34.0687],[74.6512,34.07],[74.6516,34.0702],[74.6522,34.0706],[74.653,34.0712],[74.654,34.072],[74.6549,34.0729],[74.6547,34.0732],[74.6548,34.0735],[74.6541,34.0739],[74.6541,34.0742],[74.6518,34.0754],[74.6519,34.0761],[74.6526,34.077],[74.6527,34.0771],[74.653,34.078],[74.6549,34.0805],[74.6477,34.0865],[74.6435,34.0843],[74.6425,34.0854],[74.641,34.0882],[74.6414,34.0885],[74.6472,34.0964],[74.6501,34.0991],[74.6523,34.1016],[74.6537,34.1033],[74.6542,34.1055],[74.6537,34.1061],[74.6533,34.1063],[74.6529,34.107],[74.6527,34.1072],[74.6535,34.1076],[74.6538,34.1078],[74.6544,34.1078],[74.6545,34.1075],[74.6547,34.1072],[74.6616,34.1033],[74.6633,34.1033],[74.6696,34.1042],[74.6709,34.1044],[74.6711,34.1088],[74.6685,34.1102],[74.6684,34.1106],[74.6678,34.1119],[74.6683,34.1124],[74.6681,34.116],[74.6682,34.116],[74.6683,34.1161],[74.6684,34.1161],[74.6687,34.1162],[74.6695,34.1164],[74.6695,34.1166],[74.6691,34.1174],[74.6691,34.1176],[74.6692,34.1177],[74.6692,34.1178],[74.6691,34.1179],[74.6692,34.118],[74.6693,34.1181],[74.6694,34.1181],[74.6697,34.1182],[74.6697,34.1178],[74.6702,34.1177],[74.6707,34.1177],[74.6708,34.1176],[74.6711,34.1176],[74.6721,34.1177],[74.6719,34.1183],[74.6713,34.1189],[74.671,34.1193],[74.6707,34.1199],[74.6705,34.1206],[74.6707,34.1208],[74.6718,34.1219],[74.6742,34.1231],[74.6751,34.1231],[74.6755,34.1228],[74.679,34.1216],[74.6789,34.1213],[74.6777,34.1203],[74.6754,34.1188],[74.6807,34.1128],[74.6872,34.1092],[74.6903,34.1109],[74.6967,34.1107],[74.7024,34.1148],[74.7041,34.1138],[74.7051,34.1133],[74.7055,34.1132],[74.7057,34.1131],[74.7058,34.1131],[74.7064,34.1129],[74.7075,34.1122],[74.7081,34.1122],[74.7085,34.1121],[74.7087,34.1121],[74.7093,34.112],[74.71,34.1119],[74.7104,34.1119],[74.7107,34.1119],[74.7122,34.1116],[74.715,34.1118],[74.7149,34.1109],[74.7132,34.0969],[74.714,34.0968],[74.7224,34.0967],[74.7274,34.096],[74.7293,34.0973],[74.7293,34.0917],[74.728,34.0921],[74.7264,34.0926],[74.7256,34.0928],[74.725,34.092],[74.7247,34.0916],[74.7246,34.0913],[74.7245,34.091],[74.7244,34.0907],[74.7244,34.0906],[74.7244,34.0904],[74.7244,34.0897],[74.7244,34.0894],[74.7243,34.088],[74.7243,34.0879],[74.7244,34.087],[74.7248,34.085],[74.7248,34.0849],[74.725,34.0847],[74.7253,34.0843],[74.7255,34.0806],[74.7294,34.0791],[74.7358,34.0787],[74.7362,34.0758],[74.7401,34.0745],[74.7417,34.075],[74.7442,34.0749],[74.7457,34.0757],[74.7459,34.0764],[74.7462,34.0765],[74.7465,34.0767],[74.7478,34.0764],[74.7487,34.0742],[74.7501,34.0735],[74.7506,34.0723],[74.7512,34.0721],[74.7513,34.072],[74.7515,34.0718],[74.7515,34.0717],[74.7509,34.0714],[74.7521,34.0708],[74.7518,34.0688],[74.7446,34.0677],[74.7408,34.0603],[74.7399,34.0574],[74.7396,34.057],[74.7389,34.0562],[74.7399,34.053],[74.7402,34.0521],[74.7407,34.0505],[74.7408,34.0465],[74.7409,34.0427],[74.7408,34.0385],[74.7438,34.0398],[74.7471,34.0428],[74.7522,34.0432],[74.7573,34.0388],[74.759,34.0384],[74.7636,34.0389],[74.7648,34.0374],[74.7647,34.0315],[74.7655,34.0298],[74.769,34.0282],[74.7714,34.0285],[74.7772,34.0257],[74.7853,34.0165],[74.7846,34.016],[74.7842,34.0157],[74.784,34.0156],[74.7844,34.0144],[74.7846,34.0128],[74.7847,34.0118],[74.7857,34.0105],[74.7866,34.01],[74.7888,34.0094],[74.7919,34.0089],[74.7949,34.0083],[74.7969,34.0081],[74.7975,34.0087],[74.798,34.0094],[74.7982,34.0096],[74.7982,34.0097],[74.7985,34.01],[74.7986,34.0101],[74.7987,34.0101],[74.7989,34.0101],[74.799,34.0101],[74.8006,34.0095],[74.8009,34.0095],[74.802,34.0096],[74.8054,34.0082],[74.8036,34.0058]]]},"properties":{"ac_no":28,"ac_name":"BEERWAH","ac_category":"GEN","st_name":"JAMMU AND KASHMIR"}},{"type":"Feature","geometry":{"type":"Polygon","coordinates":[[[74.7885,33.9371],[74.7872,33.9376],[74.7873,33.9391],[74.7879,33.9394],[74.7906,33.9425],[74.7942,33.9432],[74.7949,33.9434],[74.795,33.9434],[74.7952,33.9436],[74.795,33.9437],[74.7935,33.9452],[74.793,33.9453],[74.7943,33.9475],[74.7946,33.9477],[74.795,33.9471],[74.7996,33.9478],[74.8044,33.9539],[74.8042,33.9537],[74.8042,33.9539],[74.8045,33.9542],[74.8044,33.9543],[74.7982,33.957],[74.7977,33.9567],[74.7972,33.9564],[74.7968,33.9564],[74.7965,33.9564],[74.7963,33.9565],[74.7962,33.9562],[74.7956,33.9552],[74.7947,33.9547],[74.7941,33.9515],[74.7943,33.9514],[74.7946,33.9514],[74.7926,33.9491],[74.7922,33.949],[74.791,33.9487],[74.7906,33.9485],[74.7904,33.9482],[74.7901,33.948],[74.7892,33.9464],[74.789,33.9462],[74.7888,33.946],[74.7884,33.9457],[74.7865,33.943],[74.7865,33.9428],[74.7829,33.9397],[74.7828,33.9396],[74.7826,33.9397],[74.7828,33.9399],[74.7828,33.9402],[74.783,33.9404],[74.783,33.9405],[74.7786,33.9386],[74.768,33.9386],[74.7673,33.9382],[74.7625,33.9388],[74.7623,33.9424],[74.7539,33.9452],[74.7509,33.949],[74.7637,33.9499],[74.766,33.9505],[74.7665,33.9509],[74.7666,33.951],[74.767,33.9513],[74.767,33.9514],[74.765,33.9574],[74.766,33.9571],[74.7668,33.9579],[74.7668,33.9585],[74.7669,33.9586],[74.7669,33.9591],[74.7665,33.9619],[74.7627,33.9631],[74.7617,33.9655],[74.7763,33.9681],[74.7764,33.9681],[74.7766,33.9682],[74.7811,33.9646],[74.7818,33.9646],[74.7852,33.9684],[74.7882,33.9693],[74.7886,33.9693],[74.7886,33.9692],[74.7893,33.97],[74.7896,33.9702],[74.7903,33.971],[74.7903,33.9711],[74.7904,33.9712],[74.7913,33.9723],[74.793,33.9727],[74.7962,33.9726],[74.7975,33.9768],[74.798,33.9813],[74.8033,33.9821],[74.8062,33.9852],[74.8066,33.9854],[74.8077,33.9863],[74.8078,33.9884],[74.8081,33.9913],[74.8043,33.9949],[74.8075,33.9969],[74.8071,33.999],[74.802,33.9988],[74.7998,34.0023],[74.8006,34.0052],[74.8018,34.0056],[74.8036,34.0058],[74.8054,34.0082],[74.8056,34.0081],[74.8058,34.008],[74.8059,34.008],[74.8089,34.0063],[74.8101,34.0056],[74.8103,34.0055],[74.8103,34.0056],[74.8102,34.0059],[74.8102,34.0063],[74.8101,34.0066],[74.81,34.0068],[74.81,34.0069],[74.8099,34.007],[74.8098,34.0071],[74.8097,34.0076],[74.8097,34.0077],[74.8097,34.0078],[74.8097,34.0079],[74.8101,34.0086],[74.8103,34.0091],[74.8104,34.0093],[74.8105,34.0097],[74.8105,34.0098],[74.8108,34.0133],[74.811,34.0133],[74.8117,34.0134],[74.812,34.0135],[74.8121,34.0135],[74.8129,34.0136],[74.8132,34.0136],[74.8141,34.0138],[74.8139,34.0138],[74.8142,34.0153],[74.8146,34.0195],[74.8165,34.0195],[74.8198,34.0245],[74.8315,34.0273],[74.8352,34.0262],[74.8357,34.0265],[74.8361,34.0268],[74.8371,34.0274],[74.8388,34.0284],[74.8401,34.0301],[74.839,34.0335],[74.8417,34.0354],[74.8416,34.037],[74.8437,34.0381],[74.8488,34.0382],[74.8501,34.0378],[74.8504,34.0378],[74.8507,34.0377],[74.8508,34.0376],[74.8517,34.0365],[74.8523,34.0356],[74.8528,34.0349],[74.8538,34.0319],[74.8539,34.0318],[74.8544,34.0313],[74.8556,34.0299],[74.8577,34.0276],[74.8611,34.0238],[74.8687,34.0206],[74.871,34.0214],[74.8746,34.0291],[74.8737,34.0319],[74.8735,34.0344],[74.8741,34.0343],[74.8742,34.0343],[74.8744,34.0342],[74.8745,34.0343],[74.8751,34.0342],[74.8767,34.0343],[74.8827,34.0378],[74.8908,34.035],[74.8976,34.034],[74.9006,34.0328],[74.9013,34.0319],[74.9011,34.0311],[74.9004,34.0295],[74.9003,34.0294],[74.9003,34.0293],[74.9,34.0289],[74.8999,34.0288],[74.8996,34.0284],[74.8995,34.0282],[74.8994,34.028],[74.8993,34.0279],[74.8992,34.0278],[74.8992,34.0277],[74.8992,34.0276],[74.8991,34.0275],[74.8991,34.0274],[74.8991,34.0273],[74.8991,34.0272],[74.8991,34.0271],[74.8991,34.027],[74.8972,34.0247],[74.8956,34.0212],[74.8983,34.0176],[74.9021,34.018],[74.905,34.0207],[74.9076,34.0234],[74.9096,34.0242],[74.9118,34.0246],[74.9142,34.0241],[74.9164,34.0226],[74.9126,34.0197],[74.9095,34.0177],[74.9087,34.0168],[74.9083,34.0151],[74.9081,34.0148],[74.9074,34.0147],[74.9058,34.0144],[74.9043,34.0134],[74.9036,34.0133],[74.9037,34.0127],[74.902,34.0118],[74.9001,34.012],[74.8999,34.0114],[74.9001,34.0104],[74.8995,34.0098],[74.8984,34.0094],[74.8987,34.0084],[74.8992,34.0072],[74.9007,34.0044],[74.9013,34.0031],[74.9022,34.0014],[74.902,34.0005],[74.901,34],[74.8993,33.9958],[74.8971,33.9957],[74.8962,33.9961],[74.8951,33.9936],[74.8931,33.9925],[74.8899,33.9882],[74.8883,33.986],[74.8839,33.9761],[74.8817,33.9737],[74.8768,33.9712],[74.8744,33.9698],[74.868,33.9629],[74.8658,33.9602],[74.8644,33.9584],[74.8623,33.9552],[74.8615,33.9504],[74.8592,33.9468],[74.8538,33.9434],[74.849,33.9379],[74.8474,33.9357],[74.8459,33.9326],[74.8447,33.9308],[74.844,33.9334],[74.8431,33.9349],[74.8428,33.9351],[74.8414,33.9344],[74.8404,33.9331],[74.8391,33.9262],[74.8395,33.9237],[74.8393,33.9214],[74.8384,33.9185],[74.8383,33.9178],[74.8375,33.9175],[74.8367,33.9162],[74.8319,33.9147],[74.8289,33.9178],[74.8254,33.9177],[74.8215,33.924],[74.8194,33.9326],[74.8166,33.9332],[74.8157,33.9335],[74.8141,33.935],[74.8128,33.9351],[74.8091,33.9344],[74.8076,33.9367],[74.8005,33.9405],[74.7983,33.9373],[74.7996,33.9337],[74.7953,33.9332],[74.7885,33.9371]]]},"properties":{"ac_no":31,"ac_name":"CHADOORA","ac_category":"GEN","st_name":"JAMMU AND KASHMIR"}},{"type":"Feature","geometry":{"type":"Polygon","coordinates":[[[74.7132,33.8044],[74.7108,33.8042],[74.7091,33.8045],[74.7075,33.8048],[74.7057,33.8056],[74.7051,33.8059],[74.7042,33.8061],[74.7034,33.8063],[74.7022,33.8065],[74.6959,33.8084],[74.6921,33.8087],[74.691,33.8081],[74.6886,33.8068],[74.6881,33.8038],[74.6874,33.8029],[74.6862,33.8014],[74.6858,33.8011],[74.6842,33.8003],[74.6821,33.799],[74.6806,33.7976],[74.6794,33.7962],[74.6782,33.7952],[74.6778,33.7948],[74.6769,33.7941],[74.669,33.7892],[74.6685,33.7887],[74.6672,33.7877],[74.6665,33.7873],[74.665,33.7869],[74.6637,33.7865],[74.6614,33.7849],[74.6573,33.7823],[74.6564,33.7813],[74.6555,33.7803],[74.6547,33.7785],[74.6528,33.7763],[74.6518,33.7752],[74.6505,33.7743],[74.6483,33.7716],[74.6478,33.7708],[74.6475,33.77],[74.6474,33.7689],[74.6466,33.7675],[74.646,33.7666],[74.6451,33.7653],[74.6429,33.7635],[74.641,33.7621],[74.64,33.761],[74.638,33.7588],[74.6369,33.7579],[74.6345,33.7562],[74.6328,33.755],[74.6318,33.7542],[74.6287,33.7529],[74.6278,33.7524],[74.6252,33.75],[74.6249,33.7498],[74.6248,33.7497],[74.6248,33.7482],[74.6255,33.7455],[74.6259,33.7419],[74.6259,33.7399],[74.624,33.7397],[74.6229,33.7393],[74.621,33.7386],[74.6148,33.7373],[74.6115,33.7361],[74.61,33.7344],[74.6075,33.732],[74.6057,33.7299],[74.6041,33.7281],[74.6016,33.7249],[74.5972,33.7233],[74.5951,33.7227],[74.5917,33.7219],[74.5895,33.7214],[74.5832,33.7196],[74.5798,33.7178],[74.5785,33.715],[74.578,33.7122],[74.5762,33.7095],[74.5734,33.7071],[74.572,33.7049],[74.5703,33.7021],[74.5697,33.7003],[74.5684,33.6977],[74.5682,33.6956],[74.5678,33.6946],[74.5671,33.6929],[74.5664,33.6924],[74.5665,33.6919],[74.563,33.6907],[74.561,33.6904],[74.5602,33.6903],[74.5583,33.686],[74.5484,33.6823],[74.5449,33.6805],[74.5443,33.6803],[74.5435,33.6802],[74.5426,33.684],[74.5423,33.6855],[74.543,33.6865],[74.5429,33.6876],[74.542,33.6884],[74.543,33.6907],[74.5426,33.6909],[74.5436,33.6929],[74.5368,33.6953],[74.5322,33.6952],[74.5298,33.695],[74.5288,33.695],[74.5279,33.695],[74.5277,33.6964],[74.5276,33.6974],[74.5271,33.699],[74.5265,33.6998],[74.5249,33.7006],[74.5205,33.7025],[74.5191,33.7021],[74.5181,33.7025],[74.5171,33.7031],[74.5166,33.7036],[74.5161,33.7046],[74.516,33.7051],[74.5159,33.7053],[74.515,33.7055],[74.5138,33.7057],[74.5111,33.7056],[74.5065,33.7048],[74.5052,33.7043],[74.5047,33.7044],[74.5054,33.7052],[74.5061,33.7064],[74.5079,33.7096],[74.5079,33.71],[74.5079,33.7108],[74.5079,33.7111],[74.5027,33.7162],[74.5017,33.7193],[74.4991,33.7218],[74.4964,33.7225],[74.4959,33.7229],[74.4954,33.7236],[74.495,33.724],[74.4946,33.7241],[74.4933,33.7244],[74.4922,33.7244],[74.4911,33.7245],[74.4896,33.7277],[74.4888,33.7286],[74.488,33.7291],[74.4801,33.732],[74.4747,33.7332],[74.4732,33.7394],[74.4721,33.7413],[74.4719,33.7421],[74.4715,33.7429],[74.4662,33.7477],[74.4664,33.7495],[74.4664,33.7498],[74.4663,33.75],[74.4663,33.7502],[74.4641,33.7503],[74.4625,33.7506],[74.461,33.7509],[74.4593,33.7514],[74.4574,33.7521],[74.4561,33.7527],[74.4547,33.7537],[74.4535,33.7547],[74.4532,33.7552],[74.4529,33.7557],[74.4528,33.7566],[74.4527,33.7589],[74.4525,33.7599],[74.452,33.7606],[74.451,33.7621],[74.4499,33.764],[74.4597,33.7705],[74.4614,33.7712],[74.4637,33.7723],[74.4639,33.7738],[74.4634,33.7758],[74.4634,33.7773],[74.4632,33.7786],[74.464,33.7788],[74.467,33.7813],[74.4692,33.7827],[74.4699,33.7837],[74.4703,33.7846],[74.47,33.7854],[74.4694,33.7862],[74.4687,33.7865],[74.4679,33.7864],[74.4664,33.7869],[74.4571,33.7965],[74.4551,33.799],[74.4538,33.8011],[74.4541,33.8013],[74.4606,33.8072],[74.4757,33.8114],[74.5148,33.8145],[74.538,33.8203],[74.5402,33.8204],[74.5534,33.8261],[74.5881,33.8482],[74.6163,33.8606],[74.6342,33.8741],[74.6366,33.8794],[74.6422,33.8789],[74.6465,33.8848],[74.6464,33.8873],[74.6499,33.894],[74.6623,33.901],[74.6625,33.9036],[74.6792,33.9082],[74.6811,33.9062],[74.6812,33.9016],[74.6851,33.8999],[74.6902,33.9017],[74.6946,33.9164],[74.6951,33.9199],[74.7111,33.9255],[74.7155,33.9261],[74.7181,33.9283],[74.7169,33.9346],[74.7126,33.9311],[74.7099,33.9394],[74.7116,33.9436],[74.7197,33.9459],[74.722,33.9448],[74.723,33.9441],[74.7264,33.9452],[74.7341,33.9503],[74.7385,33.9508],[74.7351,33.9549],[74.7298,33.9554],[74.7266,33.959],[74.7397,33.9658],[74.7398,33.9695],[74.7432,33.9726],[74.7423,33.9724],[74.7422,33.9724],[74.7413,33.9722],[74.7376,33.9747],[74.7334,33.9758],[74.7335,33.9765],[74.7343,33.9798],[74.7383,33.9816],[74.7385,33.9816],[74.7416,33.98],[74.7484,33.98],[74.7562,33.9754],[74.7602,33.9779],[74.7629,33.9776],[74.7632,33.9777],[74.7638,33.979],[74.7639,33.9792],[74.7637,33.9794],[74.7634,33.9796],[74.7631,33.9798],[74.7632,33.9798],[74.7633,33.9798],[74.7633,33.9799],[74.7613,33.9814],[74.7631,33.9887],[74.7633,33.989],[74.7603,33.9921],[74.7675,33.9938],[74.768,33.999],[74.77,34.0002],[74.7798,33.9934],[74.7822,33.989],[74.7818,33.9856],[74.7778,33.984],[74.769,33.9833],[74.7701,33.9755],[74.7746,33.9738],[74.7746,33.9737],[74.7746,33.9736],[74.7842,33.975],[74.7907,33.9727],[74.7914,33.9724],[74.7913,33.9723],[74.7904,33.9712],[74.7903,33.9711],[74.7903,33.971],[74.7896,33.9702],[74.7893,33.97],[74.7886,33.9692],[74.7886,33.9693],[74.7882,33.9693],[74.7852,33.9684],[74.7818,33.9646],[74.7811,33.9646],[74.7766,33.9682],[74.7764,33.9681],[74.7763,33.9681],[74.7617,33.9655],[74.7627,33.9631],[74.7665,33.9619],[74.7669,33.9591],[74.7669,33.9586],[74.7668,33.9585],[74.7668,33.9579],[74.766,33.9571],[74.765,33.9574],[74.767,33.9514],[74.767,33.9513],[74.7666,33.951],[74.7665,33.9509],[74.766,33.9505],[74.7637,33.9499],[74.7509,33.949],[74.7539,33.9452],[74.7623,33.9424],[74.7625,33.9388],[74.7673,33.9382],[74.768,33.9386],[74.7786,33.9386],[74.783,33.9405],[74.783,33.9404],[74.7828,33.9402],[74.7828,33.9399],[74.7826,33.9397],[74.7828,33.9396],[74.7829,33.9397],[74.7865,33.9428],[74.7865,33.943],[74.7884,33.9457],[74.7888,33.946],[74.789,33.9462],[74.7892,33.9464],[74.7901,33.948],[74.7904,33.9482],[74.7906,33.9485],[74.791,33.9487],[74.7922,33.949],[74.7926,33.9491],[74.7946,33.9514],[74.7943,33.9514],[74.7941,33.9515],[74.7947,33.9547],[74.7956,33.9552],[74.7962,33.9562],[74.7963,33.9565],[74.7965,33.9564],[74.7968,33.9564],[74.7972,33.9564],[74.7977,33.9567],[74.7982,33.957],[74.8044,33.9543],[74.8045,33.9542],[74.8042,33.9539],[74.8042,33.9537],[74.8044,33.9539],[74.7996,33.9478],[74.795,33.9471],[74.7946,33.9477],[74.7943,33.9475],[74.793,33.9453],[74.7935,33.9452],[74.795,33.9437],[74.7952,33.9436],[74.795,33.9434],[74.7949,33.9434],[74.7942,33.9432],[74.7906,33.9425],[74.7879,33.9394],[74.7873,33.9391],[74.7872,33.9376],[74.7885,33.9371],[74.7953,33.9332],[74.7996,33.9337],[74.7983,33.9373],[74.8005,33.9405],[74.8076,33.9367],[74.8091,33.9344],[74.8128,33.9351],[74.8141,33.935],[74.8157,33.9335],[74.8166,33.9332],[74.8194,33.9326],[74.8215,33.924],[74.8254,33.9177],[74.8289,33.9178],[74.8319,33.9147],[74.8367,33.9162],[74.8366,33.9139],[74.8321,33.9092],[74.8301,33.9065],[74.8289,33.9056],[74.8287,33.9054],[74.8283,33.9049],[74.8282,33.9048],[74.8281,33.9046],[74.8279,33.9045],[74.8271,33.9036],[74.8253,33.9016],[74.8219,33.8971],[74.8215,33.8959],[74.8212,33.8949],[74.8207,33.8939],[74.8202,33.8892],[74.8204,33.8887],[74.8205,33.8881],[74.8209,33.887],[74.8215,33.8862],[74.822,33.8856],[74.8222,33.8777],[74.8207,33.8745],[74.8201,33.873],[74.818,33.8647],[74.815,33.863],[74.8137,33.8613],[74.813,33.8607],[74.8124,33.8606],[74.8117,33.8603],[74.8111,33.8598],[74.8105,33.8591],[74.8086,33.8576],[74.8071,33.8556],[74.8032,33.8517],[74.8018,33.8502],[74.8011,33.8493],[74.7968,33.8459],[74.7999,33.8424],[74.8002,33.8419],[74.8001,33.8416],[74.7983,33.8415],[74.797,33.8403],[74.796,33.8401],[74.7945,33.8395],[74.7928,33.8392],[74.7927,33.839],[74.7925,33.8388],[74.7923,33.8381],[74.792,33.8373],[74.7914,33.8366],[74.7912,33.8361],[74.7907,33.8354],[74.7906,33.8351],[74.7954,33.8265],[74.794,33.8267],[74.7927,33.827],[74.7921,33.8269],[74.7898,33.8234],[74.7865,33.8216],[74.7754,33.821],[74.7751,33.8201],[74.7747,33.819],[74.7717,33.8156],[74.7724,33.8147],[74.7736,33.8128],[74.7743,33.8105],[74.7656,33.8102],[74.7632,33.8119],[74.7616,33.8124],[74.7594,33.8124],[74.7581,33.8122],[74.7579,33.8121],[74.7576,33.812],[74.7566,33.8139],[74.7567,33.8149],[74.7573,33.8157],[74.7578,33.8163],[74.7577,33.8167],[74.7576,33.8167],[74.7575,33.8167],[74.7572,33.8168],[74.7565,33.817],[74.7561,33.8175],[74.7561,33.8179],[74.7563,33.8189],[74.7565,33.8197],[74.7565,33.821],[74.7537,33.8206],[74.7529,33.8209],[74.7524,33.821],[74.7491,33.8215],[74.7419,33.8218],[74.7411,33.8206],[74.7398,33.8195],[74.7388,33.8185],[74.7378,33.8174],[74.7362,33.8158],[74.723,33.8064],[74.7207,33.8074],[74.718,33.8089],[74.7162,33.8047],[74.7145,33.8046],[74.7132,33.8044]]]},"properties":{"ac_no":30,"ac_name":"CHRAR-I- SHARIEF","ac_category":"GEN","st_name":"JAMMU AND KASHMIR"}},{"type":"Feature","geometry":{"type":"Polygon","coordinates":[[[74.7413,33.9722],[74.7422,33.9724],[74.7423,33.9724],[74.7432,33.9726],[74.7398,33.9695],[74.7397,33.9658],[74.7266,33.959],[74.7298,33.9554],[74.7351,33.9549],[74.7385,33.9508],[74.7341,33.9503],[74.7264,33.9452],[74.723,33.9441],[74.722,33.9448],[74.7197,33.9459],[74.7116,33.9436],[74.7099,33.9394],[74.7126,33.9311],[74.7169,33.9346],[74.7181,33.9283],[74.7155,33.9261],[74.7111,33.9255],[74.6951,33.9199],[74.6946,33.9164],[74.6902,33.9017],[74.6851,33.8999],[74.6812,33.9016],[74.6811,33.9062],[74.6792,33.9082],[74.6625,33.9036],[74.6623,33.901],[74.6499,33.894],[74.6464,33.8873],[74.6465,33.8848],[74.6422,33.8789],[74.6366,33.8794],[74.6342,33.8741],[74.6163,33.8606],[74.5881,33.8482],[74.5534,33.8261],[74.5402,33.8204],[74.538,33.8203],[74.5148,33.8145],[74.4757,33.8114],[74.4606,33.8072],[74.4541,33.8013],[74.4538,33.8011],[74.453,33.8024],[74.4525,33.8034],[74.4525,33.804],[74.4526,33.8046],[74.4526,33.805],[74.4453,33.8073],[74.4397,33.8113],[74.4392,33.8115],[74.4391,33.8118],[74.439,33.8136],[74.4382,33.8156],[74.4414,33.8189],[74.4419,33.82],[74.4428,33.8214],[74.4426,33.8228],[74.4417,33.8245],[74.4415,33.8247],[74.4411,33.8246],[74.4386,33.8238],[74.4335,33.8241],[74.4267,33.8297],[74.4247,33.8302],[74.4181,33.8355],[74.4172,33.8358],[74.4171,33.8362],[74.4166,33.8383],[74.4144,33.8398],[74.4137,33.8404],[74.4132,33.841],[74.4109,33.844],[74.4107,33.8445],[74.4106,33.8451],[74.411,33.846],[74.4103,33.8495],[74.4102,33.8514],[74.4121,33.8547],[74.4139,33.8565],[74.414,33.8568],[74.4142,33.8581],[74.4141,33.8587],[74.4139,33.8593],[74.4134,33.8601],[74.4126,33.8609],[74.4118,33.8613],[74.4109,33.8615],[74.4082,33.8636],[74.4073,33.8651],[74.4064,33.8691],[74.4032,33.872],[74.4027,33.8727],[74.4021,33.8735],[74.4016,33.8743],[74.4015,33.8752],[74.4018,33.8761],[74.402,33.8766],[74.4026,33.8768],[74.4032,33.8776],[74.4034,33.8779],[74.4036,33.8798],[74.4034,33.8801],[74.4033,33.8811],[74.4024,33.8832],[74.4042,33.8858],[74.4051,33.886],[74.4064,33.8859],[74.4079,33.8858],[74.4089,33.8859],[74.411,33.8862],[74.4131,33.8867],[74.4152,33.8882],[74.4094,33.8949],[74.4091,33.8958],[74.409,33.8962],[74.4092,33.8966],[74.4095,33.8967],[74.4107,33.8969],[74.4117,33.8971],[74.412,33.8974],[74.4124,33.8977],[74.4127,33.8983],[74.4132,33.8995],[74.414,33.9011],[74.4185,33.9046],[74.4186,33.9053],[74.4184,33.9072],[74.4183,33.9079],[74.4182,33.9081],[74.4188,33.908],[74.4192,33.9084],[74.4213,33.9104],[74.4223,33.9109],[74.4241,33.9109],[74.4259,33.9116],[74.4239,33.9162],[74.4264,33.917],[74.4379,33.9202],[74.4419,33.9221],[74.446,33.9239],[74.458,33.9338],[74.4599,33.9357],[74.4736,33.9445],[74.4762,33.9497],[74.4773,33.9518],[74.4773,33.9519],[74.4772,33.9519],[74.4771,33.9521],[74.4759,33.9538],[74.4744,33.9557],[74.4737,33.9628],[74.4716,33.9656],[74.4697,33.9687],[74.4728,33.9708],[74.4739,33.9743],[74.4749,33.9778],[74.4733,33.9841],[74.4711,33.9856],[74.4677,33.9892],[74.4664,33.9913],[74.4689,33.9989],[74.4751,34.006],[74.4777,34.0075],[74.4785,34.0085],[74.4805,34.0111],[74.4814,34.0119],[74.4825,34.014],[74.4836,34.016],[74.4875,34.0179],[74.4959,34.0249],[74.4968,34.0269],[74.4974,34.0302],[74.4978,34.0306],[74.4989,34.0316],[74.4948,34.0338],[74.4931,34.034],[74.4849,34.0336],[74.4861,34.037],[74.4861,34.04],[74.4866,34.0439],[74.4897,34.0475],[74.5011,34.0459],[74.5166,34.0426],[74.518,34.0416],[74.5245,34.0414],[74.5289,34.0398],[74.5333,34.0382],[74.539,34.0463],[74.5424,34.0566],[74.5493,34.0614],[74.5583,34.0594],[74.5633,34.0663],[74.5651,34.0675],[74.5721,34.0683],[74.5695,34.0623],[74.5647,34.0575],[74.5646,34.0575],[74.5636,34.0569],[74.5634,34.0568],[74.5624,34.0561],[74.5598,34.055],[74.5589,34.0507],[74.5658,34.046],[74.5725,34.0479],[74.5728,34.0405],[74.5688,34.0328],[74.5646,34.0322],[74.5583,34.0329],[74.5579,34.0298],[74.5494,34.0258],[74.5494,34.0249],[74.5489,34.0236],[74.5488,34.0235],[74.5475,34.0211],[74.5476,34.0206],[74.5476,34.0205],[74.5477,34.0199],[74.5489,34.0152],[74.5492,34.0151],[74.5493,34.0151],[74.5494,34.0151],[74.5494,34.015],[74.5488,34.0126],[74.5487,34.0124],[74.5485,34.0115],[74.5485,34.0114],[74.5484,34.0113],[74.5468,34.0058],[74.5448,34.0037],[74.5449,34.0035],[74.5464,34.0023],[74.5463,34.0021],[74.5462,34.0019],[74.5461,34.0019],[74.5474,34.0004],[74.5472,33.9997],[74.5472,33.9996],[74.5495,33.9983],[74.5497,33.9984],[74.5545,33.9969],[74.5552,33.997],[74.5552,33.9971],[74.5564,33.9971],[74.5571,33.9971],[74.5612,33.993],[74.5611,33.9927],[74.5593,33.9863],[74.5637,33.98],[74.5667,33.9708],[74.5706,33.9674],[74.5719,33.9624],[74.577,33.9543],[74.577,33.9538],[74.5793,33.9498],[74.5837,33.9454],[74.5839,33.945],[74.5884,33.9458],[74.5883,33.9522],[74.5915,33.9552],[74.5983,33.9537],[74.6016,33.9512],[74.6017,33.9512],[74.6023,33.9507],[74.6029,33.9502],[74.6093,33.9538],[74.6077,33.9615],[74.6116,33.9635],[74.6157,33.9675],[74.621,33.9699],[74.6255,33.9688],[74.6293,33.9704],[74.6291,33.9783],[74.6306,33.9794],[74.6333,33.9825],[74.6424,33.9869],[74.6428,33.9903],[74.6446,33.991],[74.6452,33.9926],[74.6471,33.9997],[74.6486,34.0006],[74.6514,33.9935],[74.661,33.9959],[74.6634,33.9972],[74.6662,33.9993],[74.665,34.0011],[74.6724,34.0033],[74.674,33.9978],[74.6727,33.9967],[74.6713,33.9921],[74.6722,33.9877],[74.6765,33.9874],[74.6776,33.9833],[74.6777,33.9818],[74.6771,33.9798],[74.6727,33.9776],[74.6665,33.9746],[74.6606,33.9683],[74.6616,33.9626],[74.6645,33.9587],[74.6649,33.9578],[74.6675,33.9537],[74.6682,33.954],[74.6712,33.9567],[74.6718,33.9569],[74.6741,33.9591],[74.6778,33.9586],[74.6795,33.9586],[74.6835,33.9588],[74.6868,33.9625],[74.6881,33.9632],[74.6934,33.9643],[74.6935,33.9658],[74.6976,33.9713],[74.6996,33.9714],[74.7019,33.9724],[74.7074,33.9776],[74.7101,33.978],[74.7139,33.9837],[74.7214,33.979],[74.7221,33.9837],[74.7257,33.9837],[74.7257,33.9819],[74.7258,33.9772],[74.7305,33.9755],[74.7334,33.9758],[74.7376,33.9747],[74.7413,33.9722]]]},"properties":{"ac_no":29,"ac_name":"KHANSAHIB","ac_category":"GEN","st_name":"JAMMU AND KASHMIR"}},{"type":"Feature","geometry":{"type":"Polygon","coordinates":[[[74.8172,34.0581],[74.8198,34.0572],[74.8204,34.0556],[74.8221,34.0527],[74.822,34.052],[74.8212,34.0508],[74.822,34.0495],[74.8261,34.0474],[74.8271,34.0468],[74.8275,34.046],[74.8276,34.0455],[74.8286,34.0435],[74.8292,34.0426],[74.8314,34.043],[74.8321,34.0411],[74.8341,34.0405],[74.8396,34.0431],[74.8417,34.04],[74.8437,34.0381],[74.8417,34.0354],[74.839,34.0335],[74.8401,34.0301],[74.8388,34.0284],[74.8371,34.0274],[74.8361,34.0268],[74.8357,34.0265],[74.8352,34.0262],[74.8315,34.0273],[74.8198,34.0245],[74.8165,34.0195],[74.8146,34.0195],[74.8142,34.0153],[74.8139,34.0138],[74.8141,34.0138],[74.8132,34.0136],[74.8129,34.0136],[74.8121,34.0135],[74.812,34.0135],[74.8117,34.0134],[74.8108,34.0133],[74.8105,34.0098],[74.8105,34.0097],[74.8104,34.0095],[74.8104,34.0093],[74.8103,34.0091],[74.8097,34.0079],[74.8097,34.0078],[74.8097,34.0077],[74.8097,34.0076],[74.8098,34.0071],[74.8099,34.007],[74.81,34.0069],[74.81,34.0068],[74.8101,34.0066],[74.8102,34.0063],[74.8102,34.0059],[74.8103,34.0056],[74.8103,34.0055],[74.8059,34.008],[74.802,34.0096],[74.8009,34.0095],[74.8008,34.0095],[74.8006,34.0095],[74.799,34.0101],[74.7989,34.0101],[74.7987,34.0101],[74.7986,34.0101],[74.7982,34.0097],[74.7982,34.0096],[74.798,34.0094],[74.7975,34.0087],[74.7969,34.0081],[74.7949,34.0083],[74.7919,34.0089],[74.7888,34.0094],[74.7866,34.01],[74.7857,34.0105],[74.7847,34.0118],[74.7846,34.0128],[74.7844,34.0144],[74.784,34.0156],[74.7842,34.0157],[74.7846,34.016],[74.7853,34.0165],[74.7775,34.0253],[74.7772,34.0257],[74.7714,34.0285],[74.769,34.0282],[74.7655,34.0298],[74.7647,34.0315],[74.7648,34.0374],[74.7681,34.0356],[74.7691,34.0363],[74.7722,34.0376],[74.7728,34.0381],[74.7737,34.0396],[74.7739,34.0407],[74.7741,34.0418],[74.7744,34.0427],[74.7757,34.0431],[74.7766,34.0432],[74.7792,34.0458],[74.7786,34.0471],[74.7783,34.0482],[74.7783,34.0494],[74.7782,34.0501],[74.7799,34.0494],[74.7822,34.0508],[74.7853,34.0481],[74.7861,34.0482],[74.7874,34.0462],[74.7887,34.0434],[74.7903,34.0438],[74.7905,34.0458],[74.7908,34.0458],[74.7924,34.0462],[74.7929,34.0468],[74.7936,34.0471],[74.7969,34.046],[74.7973,34.0462],[74.7976,34.0464],[74.7988,34.0461],[74.7999,34.0468],[74.8026,34.0459],[74.8026,34.0437],[74.8039,34.0435],[74.8043,34.0439],[74.8048,34.0443],[74.8055,34.0441],[74.8091,34.0466],[74.8052,34.0522],[74.8084,34.0534],[74.8079,34.0546],[74.8079,34.0548],[74.8092,34.0555],[74.8103,34.056],[74.8114,34.0565],[74.812,34.0568],[74.8121,34.0568],[74.8121,34.0569],[74.8122,34.0569],[74.8134,34.0572],[74.8135,34.0572],[74.8136,34.0573],[74.8143,34.0574],[74.8172,34.0581]]]},"properties":{"ac_no":23,"ac_name":"CHANNAPORA","ac_category":"GEN","st_name":"JAMMU AND KASHMIR"}},{"type":"Feature","geometry":{"type":"Polygon","coordinates":[[[74.7862,34.0901],[74.7832,34.0907],[74.7814,34.0913],[74.7798,34.0924],[74.7797,34.0925],[74.7788,34.0934],[74.7768,34.0967],[74.7761,34.0982],[74.7724,34.1048],[74.7656,34.1081],[74.7599,34.1068],[74.7557,34.1075],[74.7516,34.1114],[74.7474,34.1174],[74.741,34.1211],[74.7394,34.124],[74.7402,34.1294],[74.7378,34.1325],[74.724,34.1291],[74.7188,34.1289],[74.7112,34.1316],[74.7081,34.1347],[74.7099,34.1388],[74.7141,34.1415],[74.7152,34.1441],[74.7064,34.1498],[74.7024,34.1565],[74.7022,34.1571],[74.7019,34.1581],[74.7014,34.1592],[74.7093,34.163],[74.7151,34.1653],[74.7167,34.1629],[74.723,34.1595],[74.7325,34.1557],[74.7356,34.1542],[74.7365,34.1539],[74.7369,34.1536],[74.7375,34.153],[74.739,34.1528],[74.7403,34.1517],[74.738,34.1501],[74.7332,34.1465],[74.7272,34.1449],[74.7269,34.143],[74.7281,34.142],[74.7311,34.1402],[74.7334,34.1386],[74.7357,34.1395],[74.7457,34.1388],[74.7522,34.1365],[74.7537,34.137],[74.7578,34.1376],[74.7609,34.1373],[74.7649,34.1372],[74.7694,34.138],[74.7797,34.1371],[74.7874,34.1335],[74.7909,34.131],[74.7907,34.1306],[74.7897,34.1238],[74.7911,34.1224],[74.7917,34.1188],[74.7904,34.1156],[74.7925,34.11],[74.7939,34.1096],[74.7961,34.1093],[74.7988,34.1108],[74.7994,34.1094],[74.7996,34.1086],[74.8054,34.1078],[74.8047,34.1063],[74.8045,34.106],[74.7992,34.1016],[74.7987,34.1012],[74.798,34.1009],[74.7981,34.1009],[74.7983,34.1003],[74.7983,34.1001],[74.7983,34.0997],[74.7982,34.0996],[74.7982,34.0995],[74.7982,34.0992],[74.8027,34.0955],[74.801,34.0957],[74.8,34.0954],[74.7982,34.0949],[74.7958,34.0935],[74.7941,34.0921],[74.7933,34.0916],[74.7916,34.0907],[74.7862,34.0901]]]},"properties":{"ac_no":25,"ac_name":"EIDGAH","ac_category":"GEN","st_name":"JAMMU AND KASHMIR"}},{"type":"Feature","geometry":{"type":"Polygon","coordinates":[[[74.806,34.0788],[74.8072,34.0747],[74.8112,34.0752],[74.8124,34.0778],[74.8205,34.079],[74.8207,34.0791],[74.8246,34.0826],[74.8325,34.0761],[74.8358,34.0783],[74.8387,34.0834],[74.8418,34.0835],[74.8422,34.084],[74.8439,34.0873],[74.8473,34.0854],[74.8472,34.0819],[74.8492,34.0792],[74.8559,34.0751],[74.8631,34.0752],[74.8681,34.0708],[74.876,34.0672],[74.8873,34.0664],[74.8906,34.0688],[74.8954,34.0666],[74.8992,34.0661],[74.9066,34.0725],[74.9083,34.0777],[74.9213,34.0839],[74.9274,34.089],[74.9302,34.0931],[74.9356,34.0945],[74.9512,34.0949],[74.9643,34.0936],[74.968,34.0911],[74.9728,34.0934],[74.9743,34.096],[74.976,34.0989],[74.9787,34.0988],[74.982,34.099],[74.9924,34.0969],[74.9992,34.0968],[75.0003,34.0941],[75.0016,34.0939],[75.0092,34.0898],[75.0045,34.0775],[74.9916,34.0735],[74.9813,34.0676],[74.9778,34.0621],[74.9784,34.0606],[74.9784,34.0594],[74.9783,34.0581],[74.9784,34.0572],[74.9788,34.0564],[74.9788,34.0554],[74.9788,34.0544],[74.9788,34.0538],[74.9778,34.0508],[74.972,34.0482],[74.9671,34.0489],[74.9598,34.0439],[74.9615,34.0408],[74.9615,34.0406],[74.9613,34.0383],[74.959,34.0388],[74.9582,34.0389],[74.9574,34.0387],[74.9578,34.0382],[74.9571,34.0377],[74.9573,34.0372],[74.9562,34.0368],[74.9563,34.0357],[74.9562,34.0344],[74.9549,34.0343],[74.9563,34.0326],[74.9513,34.028],[74.9483,34.0268],[74.9429,34.0257],[74.9412,34.0256],[74.9391,34.026],[74.9363,34.0265],[74.9323,34.0272],[74.9309,34.0279],[74.9292,34.029],[74.9292,34.0301],[74.9284,34.0313],[74.9282,34.0317],[74.9276,34.0323],[74.9252,34.0327],[74.925,34.033],[74.924,34.0334],[74.9221,34.0343],[74.9215,34.0336],[74.9212,34.0325],[74.9219,34.0309],[74.9224,34.0299],[74.9222,34.0291],[74.9222,34.0287],[74.9212,34.0281],[74.921,34.0281],[74.9187,34.028],[74.9166,34.0287],[74.9165,34.0299],[74.915,34.0331],[74.9156,34.0348],[74.9143,34.0348],[74.9117,34.0345],[74.9108,34.0344],[74.9063,34.0339],[74.9055,34.0316],[74.9018,34.0313],[74.9014,34.0318],[74.9006,34.0328],[74.8976,34.034],[74.8908,34.035],[74.8827,34.0378],[74.8767,34.0343],[74.8751,34.0342],[74.8745,34.0343],[74.8744,34.0342],[74.8742,34.0343],[74.8741,34.0343],[74.8735,34.0344],[74.8737,34.0319],[74.8746,34.0291],[74.871,34.0214],[74.8687,34.0206],[74.8611,34.0238],[74.8556,34.0299],[74.8544,34.0313],[74.8539,34.0318],[74.8538,34.0319],[74.8528,34.0349],[74.8523,34.0356],[74.8517,34.0365],[74.8512,34.0371],[74.8508,34.0376],[74.8507,34.0377],[74.8505,34.0377],[74.8504,34.0378],[74.8501,34.0378],[74.8488,34.0382],[74.8437,34.0381],[74.8417,34.04],[74.8396,34.0431],[74.8341,34.0405],[74.8321,34.0411],[74.8314,34.043],[74.8308,34.0431],[74.8292,34.0426],[74.8286,34.0435],[74.828,34.0448],[74.8276,34.0455],[74.8275,34.046],[74.8271,34.0468],[74.8261,34.0474],[74.822,34.0495],[74.8218,34.05],[74.8212,34.0508],[74.822,34.052],[74.8221,34.0527],[74.8198,34.0572],[74.8172,34.0581],[74.8143,34.0574],[74.8136,34.0573],[74.8135,34.0572],[74.8134,34.0572],[74.8122,34.0569],[74.8121,34.0569],[74.8121,34.0568],[74.812,34.0568],[74.8114,34.0565],[74.8103,34.056],[74.8092,34.0555],[74.8079,34.0548],[74.8079,34.0546],[74.808,34.0544],[74.8084,34.0534],[74.8052,34.0522],[74.8091,34.0466],[74.8055,34.0441],[74.8039,34.0435],[74.8026,34.0437],[74.8026,34.0459],[74.7999,34.0468],[74.7988,34.0461],[74.7976,34.0464],[74.7973,34.0462],[74.7969,34.046],[74.7936,34.0471],[74.7929,34.0468],[74.7924,34.0462],[74.7905,34.0458],[74.7903,34.0438],[74.7887,34.0434],[74.7874,34.0462],[74.7861,34.0482],[74.7822,34.0508],[74.7782,34.0501],[74.7761,34.0483],[74.7727,34.0497],[74.7727,34.0516],[74.7735,34.0541],[74.7737,34.0554],[74.7744,34.0593],[74.7759,34.0596],[74.7764,34.0599],[74.7768,34.0601],[74.7834,34.0606],[74.7852,34.0627],[74.787,34.0618],[74.7877,34.0612],[74.7889,34.0619],[74.7982,34.0612],[74.7984,34.0626],[74.7978,34.0631],[74.7976,34.0633],[74.7971,34.0639],[74.7968,34.064],[74.7963,34.0649],[74.7959,34.0646],[74.7957,34.0644],[74.7955,34.0642],[74.7955,34.0641],[74.7945,34.0645],[74.7917,34.0681],[74.7943,34.0719],[74.7972,34.0812],[74.7997,34.0794],[74.806,34.0788]]]},"properties":{"ac_no":22,"ac_name":"LAL CHOWK","ac_category":"GEN","st_name":"JAMMU AND KASHMIR"}},{"type":"Feature","geometry":{"type":"Polygon","coordinates":[[[74.7024,34.1565],[74.7064,34.1498],[74.7152,34.1441],[74.7141,34.1415],[74.7099,34.1388],[74.7081,34.1347],[74.7112,34.1316],[74.7188,34.1289],[74.724,34.1291],[74.7378,34.1325],[74.7402,34.1294],[74.7394,34.124],[74.741,34.1211],[74.7474,34.1174],[74.7516,34.1114],[74.7557,34.1075],[74.7599,34.1068],[74.7656,34.1081],[74.7724,34.1048],[74.7761,34.0982],[74.7768,34.0967],[74.7788,34.0934],[74.7797,34.0925],[74.7798,34.0924],[74.7814,34.0913],[74.7832,34.0907],[74.7862,34.0901],[74.7861,34.0899],[74.7847,34.0897],[74.7851,34.0894],[74.7855,34.0892],[74.7864,34.0879],[74.7861,34.0871],[74.7851,34.0865],[74.7858,34.0852],[74.7875,34.0835],[74.7878,34.0817],[74.7884,34.0817],[74.7907,34.082],[74.7924,34.082],[74.7962,34.0785],[74.7943,34.0719],[74.7917,34.0681],[74.7945,34.0645],[74.7955,34.0641],[74.7955,34.0642],[74.7957,34.0644],[74.7959,34.0646],[74.7963,34.0649],[74.7968,34.064],[74.7971,34.0639],[74.7976,34.0633],[74.7978,34.0631],[74.7984,34.0626],[74.7982,34.0612],[74.7967,34.0613],[74.7966,34.0613],[74.7939,34.0615],[74.7889,34.0619],[74.7877,34.0612],[74.787,34.0618],[74.7852,34.0627],[74.7834,34.0606],[74.7768,34.0601],[74.7764,34.0599],[74.7759,34.0596],[74.7744,34.0593],[74.7737,34.0554],[74.7735,34.0541],[74.7727,34.0516],[74.7727,34.0497],[74.7761,34.0483],[74.7782,34.0501],[74.7783,34.0494],[74.7783,34.0482],[74.7786,34.0471],[74.7792,34.0458],[74.7744,34.0427],[74.7741,34.0418],[74.7739,34.0407],[74.7737,34.0396],[74.7731,34.0388],[74.7728,34.0381],[74.7722,34.0376],[74.7681,34.0356],[74.7666,34.0366],[74.7636,34.0389],[74.759,34.0384],[74.7573,34.0388],[74.7522,34.0432],[74.7471,34.0428],[74.7438,34.0398],[74.7408,34.0385],[74.7409,34.0427],[74.7408,34.0465],[74.7407,34.0505],[74.7402,34.0521],[74.7399,34.053],[74.7389,34.0562],[74.7396,34.057],[74.7399,34.0574],[74.7408,34.0603],[74.7446,34.0677],[74.7518,34.0688],[74.7521,34.0708],[74.7515,34.0717],[74.7515,34.0718],[74.7513,34.072],[74.7512,34.0721],[74.7506,34.0723],[74.7501,34.0735],[74.7487,34.0742],[74.7478,34.0764],[74.7471,34.0763],[74.7469,34.0764],[74.7467,34.0766],[74.7466,34.0767],[74.7465,34.0767],[74.7462,34.0765],[74.7459,34.0764],[74.7457,34.0757],[74.7442,34.0749],[74.7401,34.0745],[74.7362,34.0758],[74.7358,34.0787],[74.7294,34.0791],[74.7255,34.0806],[74.7253,34.0843],[74.725,34.0847],[74.7248,34.0849],[74.7248,34.085],[74.7244,34.087],[74.7243,34.0879],[74.7243,34.088],[74.7244,34.0894],[74.7244,34.0897],[74.7244,34.0904],[74.7244,34.0907],[74.7244,34.0908],[74.7245,34.091],[74.7246,34.0913],[74.7247,34.0916],[74.725,34.092],[74.7249,34.0922],[74.7256,34.0928],[74.7264,34.0926],[74.728,34.0921],[74.7293,34.0917],[74.7293,34.0925],[74.7293,34.0929],[74.7293,34.0973],[74.7274,34.096],[74.7224,34.0967],[74.714,34.0968],[74.7132,34.0969],[74.7149,34.1109],[74.715,34.1118],[74.7122,34.1116],[74.7107,34.1119],[74.7104,34.1119],[74.71,34.1119],[74.7093,34.112],[74.7087,34.1121],[74.7085,34.1121],[74.7081,34.1122],[74.7075,34.1122],[74.7064,34.1129],[74.7058,34.1131],[74.7057,34.1131],[74.7055,34.1132],[74.7051,34.1133],[74.7041,34.1138],[74.7024,34.1148],[74.6967,34.1107],[74.6903,34.1109],[74.6872,34.1092],[74.6807,34.1128],[74.6754,34.1188],[74.6777,34.1203],[74.6789,34.1213],[74.679,34.1216],[74.6784,34.1218],[74.6777,34.122],[74.6755,34.1228],[74.6751,34.1231],[74.6742,34.1231],[74.6725,34.1221],[74.6718,34.1219],[74.6707,34.1208],[74.6705,34.1206],[74.6707,34.1199],[74.671,34.1193],[74.6713,34.1189],[74.6719,34.1183],[74.6721,34.1177],[74.6711,34.1176],[74.6707,34.1177],[74.6705,34.1176],[74.6702,34.1177],[74.6697,34.1178],[74.6697,34.1182],[74.6694,34.1181],[74.6693,34.1181],[74.6692,34.118],[74.6691,34.1179],[74.6692,34.1178],[74.6692,34.1177],[74.6692,34.1176],[74.6691,34.1176],[74.6691,34.1174],[74.6695,34.1166],[74.6695,34.1164],[74.6687,34.1162],[74.6685,34.1161],[74.6684,34.1161],[74.6683,34.1161],[74.6682,34.116],[74.6681,34.116],[74.6677,34.1164],[74.6671,34.1162],[74.667,34.1162],[74.6671,34.1164],[74.6672,34.1165],[74.6672,34.1167],[74.6669,34.1174],[74.6669,34.1175],[74.6668,34.1179],[74.6646,34.1211],[74.6655,34.1217],[74.6657,34.1218],[74.6668,34.1225],[74.669,34.1239],[74.6747,34.1287],[74.6756,34.1322],[74.6841,34.1416],[74.6928,34.1525],[74.6981,34.155],[74.7024,34.1554],[74.7024,34.1565]]]},"properties":{"ac_no":26,"ac_name":"CENTRAL SHALTENG","ac_category":"GEN","st_name":"JAMMU AND KASHMIR"}},{"type":"Feature","geometry":{"type":"Polygon","coordinates":[[[74.9302,34.0931],[74.9274,34.089],[74.9213,34.0839],[74.9083,34.0777],[74.9066,34.0725],[74.8992,34.0661],[74.8954,34.0666],[74.8906,34.0688],[74.8873,34.0664],[74.876,34.0672],[74.8681,34.0708],[74.8631,34.0752],[74.8559,34.0751],[74.8492,34.0792],[74.8472,34.0819],[74.8473,34.0854],[74.8439,34.0873],[74.8422,34.084],[74.8418,34.0835],[74.8387,34.0834],[74.8358,34.0783],[74.8325,34.0761],[74.8246,34.0826],[74.8207,34.0791],[74.8205,34.079],[74.817,34.0789],[74.8119,34.0806],[74.8115,34.0859],[74.8131,34.0896],[74.8112,34.0937],[74.8129,34.0949],[74.8121,34.0957],[74.8106,34.0968],[74.8091,34.0957],[74.8081,34.0964],[74.8079,34.0966],[74.8074,34.0963],[74.8027,34.0955],[74.7982,34.0992],[74.7982,34.0995],[74.7982,34.0996],[74.7983,34.0997],[74.7983,34.1001],[74.7983,34.1003],[74.798,34.1009],[74.7987,34.1012],[74.7992,34.1016],[74.8045,34.106],[74.8047,34.1063],[74.8051,34.1072],[74.8054,34.1078],[74.807,34.1107],[74.8121,34.1113],[74.8139,34.1096],[74.8126,34.104],[74.8136,34.1012],[74.8216,34.1038],[74.8223,34.1],[74.8181,34.0972],[74.8241,34.0927],[74.8298,34.0936],[74.8326,34.0955],[74.8341,34.1006],[74.8319,34.1028],[74.8372,34.1067],[74.8482,34.1087],[74.8488,34.1097],[74.8494,34.1108],[74.8513,34.1112],[74.8514,34.1111],[74.852,34.1113],[74.8529,34.1115],[74.8533,34.1116],[74.8535,34.1117],[74.8542,34.1119],[74.8543,34.112],[74.8547,34.1122],[74.8548,34.1122],[74.855,34.1123],[74.855,34.1124],[74.8553,34.1125],[74.8562,34.1133],[74.8566,34.1136],[74.8571,34.1141],[74.8578,34.1148],[74.8604,34.1149],[74.8655,34.1152],[74.868,34.1152],[74.8685,34.1153],[74.8687,34.1153],[74.869,34.1154],[74.8692,34.1155],[74.8696,34.1159],[74.8705,34.1177],[74.8802,34.1202],[74.8771,34.1282],[74.8735,34.1321],[74.8687,34.1342],[74.8678,34.1346],[74.8675,34.1347],[74.8674,34.1347],[74.8673,34.1348],[74.8664,34.1356],[74.8592,34.1443],[74.8692,34.1498],[74.8695,34.1492],[74.8697,34.1489],[74.8747,34.152],[74.8779,34.1522],[74.8878,34.1554],[74.8889,34.1558],[74.8892,34.1567],[74.8897,34.1569],[74.8898,34.1571],[74.8897,34.1573],[74.8888,34.1569],[74.8877,34.1575],[74.8843,34.1589],[74.882,34.1593],[74.8815,34.1596],[74.881,34.1599],[74.8802,34.1606],[74.8778,34.1619],[74.8779,34.1623],[74.8796,34.1637],[74.8803,34.164],[74.8884,34.1653],[74.8916,34.1625],[74.9077,34.1617],[74.9081,34.1635],[74.9089,34.1652],[74.9241,34.165],[74.9247,34.1639],[74.9263,34.1619],[74.9283,34.1619],[74.9327,34.1605],[74.934,34.1583],[74.934,34.1566],[74.9334,34.1551],[74.9309,34.1539],[74.9289,34.1533],[74.9276,34.1524],[74.9274,34.1507],[74.9291,34.1475],[74.9291,34.1462],[74.9259,34.1458],[74.9235,34.1455],[74.9197,34.1479],[74.9141,34.157],[74.9081,34.1579],[74.9063,34.1576],[74.9044,34.157],[74.9015,34.156],[74.8992,34.1527],[74.8981,34.1525],[74.8949,34.1527],[74.8942,34.1527],[74.8939,34.1526],[74.8916,34.1516],[74.8902,34.1511],[74.8871,34.1489],[74.8856,34.1437],[74.8867,34.1411],[74.8876,34.1362],[74.8877,34.1317],[74.8875,34.1301],[74.8877,34.128],[74.8878,34.1279],[74.8889,34.1279],[74.8938,34.1281],[74.8958,34.1282],[74.8983,34.1291],[74.9046,34.1291],[74.9084,34.133],[74.9134,34.1339],[74.9191,34.1347],[74.9227,34.135],[74.9281,34.1362],[74.9302,34.1362],[74.9353,34.1386],[74.9399,34.1308],[74.9425,34.1277],[74.9445,34.1246],[74.9511,34.1192],[74.9568,34.1163],[74.9629,34.1146],[74.968,34.1118],[74.9718,34.1077],[74.9735,34.1039],[74.9732,34.1001],[74.9743,34.096],[74.9728,34.0934],[74.968,34.0911],[74.9643,34.0936],[74.9512,34.0949],[74.9356,34.0945],[74.9302,34.0931]]]},"properties":{"ac_no":20,"ac_name":"KHANYAR","ac_category":"GEN","st_name":"JAMMU AND KASHMIR"}},{"type":"Feature","geometry":{"type":"Polygon","coordinates":[[[74.817,34.0789],[74.8124,34.0778],[74.8112,34.0752],[74.8072,34.0747],[74.806,34.0788],[74.7997,34.0794],[74.7972,34.0812],[74.7924,34.082],[74.7907,34.082],[74.7878,34.0817],[74.7875,34.0835],[74.7858,34.0852],[74.7851,34.0865],[74.7847,34.0897],[74.7861,34.0899],[74.7868,34.0901],[74.789,34.0901],[74.7916,34.0907],[74.7933,34.0916],[74.7941,34.0921],[74.7958,34.0935],[74.7982,34.0949],[74.8,34.0954],[74.801,34.0957],[74.8027,34.0955],[74.8074,34.0963],[74.8079,34.0966],[74.8081,34.0964],[74.8091,34.0957],[74.8106,34.0968],[74.8121,34.0957],[74.8129,34.0949],[74.8112,34.0937],[74.8131,34.0896],[74.8115,34.0859],[74.8119,34.0806],[74.817,34.0789]]]},"properties":{"ac_no":21,"ac_name":"HABBAKADAL","ac_category":"GEN","st_name":"JAMMU AND KASHMIR"}},{"type":"Feature","geometry":{"type":"Polygon","coordinates":[[[74.8488,34.1097],[74.8482,34.1087],[74.8372,34.1067],[74.8319,34.1028],[74.8341,34.1006],[74.8326,34.0955],[74.8298,34.0936],[74.8241,34.0927],[74.8181,34.0972],[74.8223,34.1],[74.8216,34.1038],[74.8136,34.1012],[74.8126,34.104],[74.8139,34.1096],[74.8121,34.1113],[74.807,34.1107],[74.8054,34.1078],[74.7996,34.1086],[74.7994,34.1094],[74.7988,34.1108],[74.7967,34.1117],[74.7961,34.1093],[74.7939,34.1096],[74.7925,34.11],[74.7904,34.1156],[74.7917,34.1188],[74.7911,34.1224],[74.7897,34.1238],[74.7907,34.1306],[74.7926,34.1299],[74.7944,34.1304],[74.7966,34.1324],[74.7971,34.1345],[74.7966,34.1368],[74.7961,34.1388],[74.798,34.147],[74.8054,34.1451],[74.8032,34.1431],[74.8019,34.1404],[74.8022,34.1375],[74.8057,34.1375],[74.8058,34.1332],[74.8055,34.1313],[74.8081,34.1309],[74.8114,34.1311],[74.8115,34.1341],[74.8133,34.1341],[74.814,34.1321],[74.8195,34.1341],[74.8196,34.1335],[74.8196,34.1334],[74.8208,34.1307],[74.8252,34.1257],[74.8269,34.1255],[74.8293,34.1251],[74.8302,34.1237],[74.8306,34.1223],[74.8326,34.1205],[74.8335,34.1177],[74.8336,34.1172],[74.8341,34.1159],[74.835,34.115],[74.8356,34.115],[74.836,34.1141],[74.8374,34.1128],[74.8396,34.1122],[74.8431,34.1124],[74.8488,34.1097]]]},"properties":{"ac_no":24,"ac_name":"ZADIBAL","ac_category":"GEN","st_name":"JAMMU AND KASHMIR"}},{"type":"Feature","geometry":{"type":"Polygon","coordinates":[[[75.0578,34.1074],[75.0537,34.1096],[75.0494,34.1071],[75.0464,34.1037],[75.0424,34.0998],[75.038,34.0992],[75.0363,34.097],[75.0318,34.0958],[75.0278,34.0918],[75.033,34.0908],[75.0316,34.0863],[75.0259,34.0823],[75.0225,34.0823],[75.0153,34.0828],[75.0061,34.0816],[75.0092,34.0898],[75.0016,34.0939],[75.0003,34.0941],[74.9992,34.0968],[74.9924,34.0969],[74.982,34.099],[74.9787,34.0988],[74.976,34.0989],[74.9732,34.1001],[74.9735,34.1039],[74.9718,34.1077],[74.9694,34.1106],[74.968,34.1118],[74.9629,34.1146],[74.9568,34.1163],[74.9511,34.1192],[74.9445,34.1246],[74.9425,34.1277],[74.9399,34.1308],[74.9353,34.1386],[74.9302,34.1362],[74.9281,34.1362],[74.9227,34.135],[74.9191,34.1347],[74.9134,34.1339],[74.9084,34.133],[74.9046,34.1291],[74.9044,34.1291],[74.8983,34.1291],[74.8958,34.1282],[74.8889,34.1279],[74.8878,34.1279],[74.8877,34.128],[74.8875,34.1301],[74.8877,34.1317],[74.8876,34.1362],[74.8867,34.1411],[74.8856,34.1437],[74.8871,34.1489],[74.8902,34.1511],[74.8916,34.1516],[74.8939,34.1526],[74.8942,34.1527],[74.8992,34.1527],[74.9015,34.156],[74.9044,34.157],[74.9063,34.1576],[74.9081,34.1579],[74.9141,34.157],[74.9165,34.1543],[74.9197,34.1479],[74.9235,34.1455],[74.9259,34.1458],[74.9291,34.1462],[74.9291,34.1475],[74.9274,34.1507],[74.9276,34.1524],[74.9289,34.1533],[74.9309,34.1539],[74.9334,34.1551],[74.934,34.1566],[74.934,34.1583],[74.9327,34.1605],[74.9283,34.1619],[74.9263,34.1619],[74.9247,34.1639],[74.9241,34.165],[74.9089,34.1652],[74.9089,34.1651],[74.9081,34.1635],[74.9077,34.1617],[74.8916,34.1625],[74.8884,34.1653],[74.8803,34.164],[74.8796,34.1637],[74.8779,34.1623],[74.8778,34.1619],[74.8802,34.1606],[74.881,34.1599],[74.8815,34.1596],[74.882,34.1593],[74.8843,34.1589],[74.8877,34.1575],[74.8888,34.1569],[74.8897,34.1573],[74.8898,34.1571],[74.8897,34.1569],[74.8892,34.1567],[74.8889,34.1558],[74.8878,34.1554],[74.8779,34.1522],[74.8747,34.152],[74.8692,34.1498],[74.8592,34.1443],[74.8664,34.1356],[74.8673,34.1348],[74.8674,34.1347],[74.8678,34.1346],[74.8687,34.1342],[74.8735,34.1321],[74.8771,34.1282],[74.8802,34.1202],[74.8705,34.1177],[74.8696,34.1159],[74.8692,34.1155],[74.869,34.1154],[74.8687,34.1153],[74.8685,34.1153],[74.868,34.1152],[74.8655,34.1152],[74.8604,34.1149],[74.8578,34.1148],[74.8571,34.1141],[74.8566,34.1136],[74.8562,34.1133],[74.8553,34.1125],[74.855,34.1124],[74.855,34.1123],[74.8548,34.1122],[74.8547,34.1122],[74.8543,34.112],[74.8542,34.1119],[74.8535,34.1117],[74.8533,34.1116],[74.8527,34.1114],[74.852,34.1113],[74.8514,34.1111],[74.8494,34.1108],[74.8488,34.1097],[74.8431,34.1124],[74.8396,34.1122],[74.8374,34.1128],[74.836,34.1141],[74.8356,34.115],[74.835,34.115],[74.8341,34.1159],[74.8336,34.1172],[74.8335,34.1177],[74.8326,34.1205],[74.8306,34.1223],[74.8302,34.1237],[74.8293,34.1251],[74.8269,34.1255],[74.8252,34.1257],[74.8208,34.1307],[74.8196,34.1334],[74.8196,34.1335],[74.8195,34.1341],[74.814,34.1321],[74.8133,34.1341],[74.8115,34.1341],[74.8114,34.1311],[74.8081,34.1309],[74.8055,34.1313],[74.8058,34.1332],[74.8057,34.1375],[74.8022,34.1375],[74.8019,34.1404],[74.8032,34.1431],[74.8054,34.1451],[74.798,34.147],[74.7961,34.1388],[74.7966,34.1368],[74.7971,34.1345],[74.7966,34.1324],[74.7944,34.1304],[74.7926,34.1299],[74.7874,34.1335],[74.7797,34.1371],[74.7694,34.138],[74.7649,34.1372],[74.7578,34.1376],[74.7537,34.137],[74.7522,34.1365],[74.7507,34.1371],[74.7493,34.1376],[74.7482,34.1381],[74.7469,34.1385],[74.7457,34.1388],[74.7357,34.1395],[74.7348,34.1391],[74.7334,34.1386],[74.7311,34.1402],[74.7281,34.142],[74.7269,34.143],[74.7272,34.1449],[74.7332,34.1465],[74.738,34.1501],[74.7403,34.1517],[74.7443,34.1513],[74.752,34.1486],[74.7566,34.1458],[74.761,34.1447],[74.7618,34.1446],[74.7623,34.1446],[74.7626,34.1447],[74.7646,34.1445],[74.7651,34.1444],[74.7657,34.1442],[74.7662,34.1439],[74.7662,34.1436],[74.7662,34.1435],[74.7666,34.1433],[74.7685,34.1425],[74.7695,34.1418],[74.7706,34.1446],[74.7708,34.145],[74.7713,34.1454],[74.7727,34.1477],[74.773,34.1491],[74.7741,34.1504],[74.7744,34.1493],[74.775,34.1491],[74.7754,34.1489],[74.7795,34.1555],[74.7831,34.1582],[74.786,34.1573],[74.7877,34.1584],[74.7889,34.1581],[74.7891,34.1584],[74.7893,34.1583],[74.7895,34.1581],[74.7897,34.1583],[74.7902,34.1582],[74.7903,34.1582],[74.7904,34.1584],[74.7906,34.1583],[74.7907,34.1582],[74.7908,34.1583],[74.7909,34.1583],[74.791,34.1586],[74.7911,34.1589],[74.7906,34.1591],[74.7905,34.1596],[74.7901,34.1598],[74.7895,34.1598],[74.7896,34.1596],[74.7889,34.1594],[74.7871,34.1594],[74.7849,34.1614],[74.7863,34.1626],[74.7882,34.1625],[74.7871,34.1641],[74.7869,34.1639],[74.7868,34.1639],[74.7866,34.1639],[74.7865,34.164],[74.7862,34.1641],[74.7861,34.1642],[74.7857,34.164],[74.7853,34.164],[74.7849,34.164],[74.7851,34.1643],[74.7848,34.1643],[74.7849,34.1646],[74.7853,34.1653],[74.7852,34.1656],[74.7853,34.1666],[74.7885,34.1682],[74.7895,34.1678],[74.7914,34.1681],[74.7926,34.1693],[74.7911,34.1692],[74.791,34.1696],[74.7911,34.1699],[74.7911,34.1704],[74.7912,34.1706],[74.7924,34.1714],[74.792,34.1721],[74.7921,34.1726],[74.7925,34.1728],[74.7937,34.1727],[74.7942,34.1742],[74.7956,34.174],[74.7962,34.1738],[74.7963,34.174],[74.7966,34.1746],[74.7964,34.1751],[74.7967,34.1752],[74.7972,34.1757],[74.7972,34.1761],[74.7971,34.1764],[74.7966,34.1763],[74.7964,34.1762],[74.7957,34.1761],[74.7949,34.1761],[74.7937,34.1757],[74.7935,34.1755],[74.7934,34.1754],[74.7932,34.1754],[74.7931,34.1754],[74.793,34.1751],[74.7927,34.1751],[74.7925,34.1751],[74.7922,34.1751],[74.7917,34.1748],[74.7897,34.1744],[74.791,34.1757],[74.791,34.176],[74.7911,34.1763],[74.7913,34.1765],[74.7913,34.1771],[74.7911,34.1773],[74.7924,34.1775],[74.7926,34.1775],[74.7924,34.1781],[74.7924,34.1783],[74.7929,34.1786],[74.794,34.1787],[74.7945,34.1788],[74.7957,34.1786],[74.7959,34.1792],[74.7942,34.1798],[74.7927,34.1812],[74.7888,34.1814],[74.7861,34.1793],[74.7845,34.1794],[74.785,34.1812],[74.7837,34.182],[74.7827,34.1862],[74.7823,34.1945],[74.7813,34.1976],[74.7815,34.2001],[74.7815,34.201],[74.7815,34.2017],[74.7814,34.202],[74.7835,34.2066],[74.7847,34.2057],[74.7849,34.2057],[74.7851,34.2058],[74.7854,34.2058],[74.7855,34.206],[74.7857,34.2063],[74.7858,34.2066],[74.787,34.2084],[74.7888,34.2087],[74.7924,34.2068],[74.795,34.2034],[74.795,34.2022],[74.7948,34.2023],[74.7947,34.2023],[74.7946,34.2022],[74.7947,34.2022],[74.7946,34.202],[74.7944,34.2017],[74.7943,34.2016],[74.7942,34.2011],[74.8032,34.1953],[74.8067,34.1964],[74.8077,34.1956],[74.8075,34.1945],[74.8076,34.1943],[74.8078,34.1921],[74.811,34.1869],[74.8111,34.1868],[74.8113,34.1866],[74.8115,34.1864],[74.8118,34.1861],[74.8118,34.186],[74.8129,34.1849],[74.8184,34.1829],[74.8197,34.1813],[74.8302,34.1797],[74.8365,34.1806],[74.8435,34.1773],[74.856,34.1761],[74.858,34.1786],[74.8579,34.1855],[74.8549,34.1889],[74.8576,34.1971],[74.8636,34.2023],[74.8656,34.2041],[74.8667,34.2058],[74.8676,34.2063],[74.8686,34.2069],[74.8695,34.2075],[74.8707,34.2081],[74.8744,34.212],[74.8787,34.2114],[74.8829,34.2095],[74.884,34.2154],[74.8883,34.2215],[74.8892,34.2215],[74.8898,34.2213],[74.8902,34.221],[74.8903,34.2205],[74.8914,34.2173],[74.8933,34.2146],[74.8935,34.2143],[74.8943,34.2142],[74.8955,34.2144],[74.8979,34.2154],[74.9004,34.2158],[74.9012,34.216],[74.9015,34.2162],[74.9023,34.2167],[74.9031,34.2173],[74.9035,34.2176],[74.9034,34.2189],[74.9034,34.2193],[74.9035,34.2197],[74.9038,34.22],[74.9046,34.2204],[74.9082,34.2213],[74.9143,34.2232],[74.9205,34.2235],[74.9228,34.2225],[74.9236,34.2219],[74.9249,34.2208],[74.926,34.2198],[74.9264,34.2195],[74.9274,34.2173],[74.9274,34.2169],[74.9274,34.2162],[74.9268,34.2136],[74.9287,34.207],[74.9348,34.2042],[74.9396,34.2033],[74.9545,34.1969],[74.9631,34.1957],[74.9682,34.1911],[74.9719,34.1862],[74.9728,34.1856],[74.9732,34.1854],[74.9734,34.1853],[74.9735,34.1852],[74.9741,34.185],[74.9744,34.1849],[74.9746,34.1849],[74.9748,34.1849],[74.9749,34.1849],[74.975,34.1849],[74.9752,34.1849],[74.9762,34.1849],[74.9777,34.1847],[74.979,34.1848],[74.9796,34.1848],[74.9798,34.1847],[74.9802,34.1847],[74.9803,34.1846],[74.9804,34.1846],[74.9806,34.1846],[74.9807,34.1845],[74.9808,34.1845],[74.9809,34.1845],[74.9815,34.184],[74.9826,34.1836],[74.9857,34.1826],[74.9873,34.182],[74.9884,34.1816],[74.9885,34.1815],[74.9887,34.1814],[74.9888,34.1814],[74.9889,34.1813],[74.989,34.1812],[74.9891,34.1811],[74.9895,34.1805],[74.9919,34.1788],[74.993,34.1785],[74.9937,34.1784],[74.9938,34.1784],[74.994,34.1784],[74.9941,34.1784],[74.9946,34.1783],[74.9946,34.1782],[74.9947,34.1782],[74.9948,34.1781],[74.995,34.1779],[74.9951,34.1776],[74.9951,34.1775],[74.9952,34.1775],[74.9952,34.1774],[74.9953,34.1773],[74.9954,34.1772],[74.9962,34.1766],[74.997,34.1758],[74.9976,34.1754],[74.9979,34.1754],[75.0005,34.1755],[75.0012,34.1759],[75.0017,34.1761],[75.0018,34.1761],[75.0019,34.1761],[75.0022,34.176],[75.0023,34.1758],[75.0024,34.1756],[75.0026,34.1751],[75.0027,34.175],[75.0028,34.1749],[75.003,34.1746],[75.0031,34.1745],[75.0032,34.1744],[75.0033,34.1744],[75.0034,34.1743],[75.0035,34.1743],[75.0036,34.1742],[75.0037,34.1742],[75.0038,34.1741],[75.0039,34.1741],[75.0041,34.174],[75.0042,34.174],[75.0044,34.174],[75.0047,34.174],[75.0085,34.1775],[75.009,34.1787],[75.0092,34.1796],[75.0093,34.18],[75.0095,34.1801],[75.0096,34.1803],[75.0097,34.1804],[75.0098,34.1805],[75.0099,34.1805],[75.01,34.1806],[75.0102,34.1806],[75.0105,34.1806],[75.0106,34.1806],[75.0107,34.1806],[75.0117,34.1812],[75.0118,34.1814],[75.0119,34.1815],[75.0119,34.1818],[75.012,34.1819],[75.0124,34.1823],[75.0131,34.1825],[75.0134,34.1826],[75.0136,34.1825],[75.0137,34.1825],[75.0139,34.1825],[75.0141,34.1825],[75.0142,34.1824],[75.0149,34.1822],[75.0167,34.1818],[75.0183,34.1812],[75.0196,34.1811],[75.0197,34.1811],[75.0198,34.181],[75.0199,34.181],[75.02,34.181],[75.0202,34.1809],[75.0203,34.1809],[75.0204,34.1808],[75.0205,34.1808],[75.0208,34.1806],[75.0211,34.1804],[75.0215,34.1801],[75.0222,34.1795],[75.024,34.1784],[75.026,34.1785],[75.0276,34.1793],[75.028,34.1797],[75.0281,34.1798],[75.0282,34.1798],[75.0293,34.1802],[75.0294,34.1802],[75.0296,34.1803],[75.0299,34.1806],[75.0302,34.181],[75.0303,34.181],[75.0304,34.181],[75.0305,34.181],[75.0306,34.181],[75.0306,34.1809],[75.0307,34.1808],[75.0308,34.1807],[75.031,34.1806],[75.031,34.1805],[75.0311,34.1804],[75.0314,34.1798],[75.0316,34.1796],[75.0318,34.1794],[75.0319,34.1793],[75.0322,34.179],[75.0323,34.1789],[75.0324,34.1789],[75.0325,34.1788],[75.0326,34.1787],[75.0328,34.1786],[75.0332,34.1784],[75.0335,34.1783],[75.0336,34.1783],[75.0337,34.1783],[75.0338,34.1783],[75.0339,34.1783],[75.0341,34.1783],[75.0343,34.1783],[75.0347,34.1783],[75.0349,34.1783],[75.035,34.1783],[75.0352,34.1783],[75.0355,34.1784],[75.0362,34.1785],[75.0373,34.1788],[75.0375,34.1789],[75.0376,34.1789],[75.0377,34.1789],[75.0401,34.1793],[75.0424,34.179],[75.0445,34.1802],[75.0454,34.1808],[75.046,34.1814],[75.046,34.1815],[75.0462,34.1818],[75.0463,34.182],[75.0465,34.1821],[75.0466,34.1822],[75.0468,34.1823],[75.0469,34.1823],[75.047,34.1824],[75.0471,34.1824],[75.0472,34.1824],[75.0475,34.1823],[75.0484,34.1821],[75.0494,34.1821],[75.0504,34.1812],[75.0509,34.1809],[75.0513,34.1806],[75.0514,34.1805],[75.0515,34.1805],[75.0516,34.1804],[75.0517,34.1804],[75.0528,34.1804],[75.0537,34.1806],[75.0542,34.1809],[75.0545,34.1811],[75.0546,34.1812],[75.0547,34.1812],[75.0548,34.1812],[75.0551,34.1813],[75.0564,34.1813],[75.0581,34.1811],[75.059,34.1802],[75.0605,34.1796],[75.0611,34.1794],[75.0613,34.1794],[75.0614,34.1793],[75.0615,34.1793],[75.0616,34.1792],[75.0616,34.1791],[75.0619,34.1788],[75.0631,34.1779],[75.0639,34.1772],[75.064,34.1771],[75.0641,34.177],[75.0642,34.1769],[75.0643,34.1769],[75.0644,34.1768],[75.0646,34.1767],[75.0652,34.1765],[75.0654,34.1764],[75.0655,34.1763],[75.0656,34.1763],[75.0658,34.1762],[75.0661,34.1759],[75.0662,34.1758],[75.0664,34.1757],[75.0665,34.1757],[75.0668,34.1755],[75.0671,34.1754],[75.0672,34.1753],[75.0673,34.1752],[75.0674,34.1751],[75.0678,34.1746],[75.0679,34.1745],[75.0682,34.1742],[75.0683,34.1741],[75.0684,34.174],[75.0685,34.1738],[75.0685,34.1732],[75.0684,34.1727],[75.0683,34.1726],[75.0683,34.1725],[75.0683,34.1716],[75.0683,34.1714],[75.0682,34.1711],[75.0682,34.171],[75.0681,34.1708],[75.0681,34.1707],[75.068,34.1705],[75.0679,34.1704],[75.0679,34.1703],[75.0678,34.1701],[75.0677,34.17],[75.0676,34.1698],[75.0675,34.1697],[75.0674,34.1696],[75.0674,34.1695],[75.0672,34.1694],[75.0668,34.1691],[75.0667,34.169],[75.0666,34.1689],[75.0666,34.1688],[75.0666,34.1686],[75.0667,34.1685],[75.0667,34.1683],[75.0667,34.1682],[75.0667,34.1681],[75.0667,34.1677],[75.0668,34.1669],[75.0668,34.1668],[75.0668,34.1667],[75.0668,34.1666],[75.0669,34.1665],[75.0669,34.1664],[75.067,34.1664],[75.0671,34.1663],[75.0672,34.1662],[75.0679,34.1661],[75.0688,34.1657],[75.0694,34.1654],[75.0697,34.1653],[75.0698,34.1652],[75.0701,34.1651],[75.0702,34.1651],[75.0706,34.165],[75.0708,34.1649],[75.0709,34.1649],[75.071,34.1649],[75.0728,34.1646],[75.083,34.1583],[75.0838,34.1576],[75.0839,34.1576],[75.084,34.1574],[75.0843,34.157],[75.0851,34.1561],[75.0851,34.156],[75.0851,34.1559],[75.0851,34.1556],[75.0852,34.1553],[75.0853,34.1552],[75.0854,34.1551],[75.0858,34.1548],[75.0864,34.1546],[75.0911,34.1532],[75.0929,34.153],[75.0943,34.1531],[75.0947,34.1531],[75.0952,34.1532],[75.0954,34.1532],[75.0959,34.1532],[75.0964,34.1533],[75.0985,34.154],[75.0987,34.1542],[75.0988,34.1543],[75.0989,34.1545],[75.0992,34.1542],[75.1036,34.1524],[75.1131,34.1518],[75.1315,34.1436],[75.1379,34.1395],[75.1382,34.1341],[75.1397,34.1322],[75.14,34.1318],[75.1416,34.1299],[75.1434,34.1281],[75.1456,34.1241],[75.1465,34.123],[75.147,34.1223],[75.1469,34.1221],[75.1417,34.1165],[75.1412,34.1148],[75.141,34.1139],[75.1406,34.1114],[75.1396,34.1071],[75.1395,34.1063],[75.1414,34.1013],[75.1417,34.1],[75.1412,34.1],[75.1326,34.0998],[75.1232,34.0962],[75.1178,34.0974],[75.1151,34.0994],[75.1144,34.1034],[75.1112,34.1053],[75.1093,34.1052],[75.1078,34.1054],[75.106,34.1048],[75.104,34.105],[75.1009,34.1065],[75.1003,34.1065],[75.0994,34.1053],[75.0983,34.105],[75.0977,34.1051],[75.0959,34.1058],[75.0944,34.1066],[75.0918,34.1076],[75.0912,34.1088],[75.0863,34.1103],[75.0836,34.11],[75.0788,34.1116],[75.0773,34.1092],[75.0676,34.1123],[75.065,34.1084],[75.0637,34.1064],[75.06,34.1077],[75.0578,34.1074]]]},"properties":{"ac_no":19,"ac_name":"HAZRATBAL","ac_category":"GEN","st_name":"JAMMU AND KASHMIR"}},{"type":"Feature","geometry":{"type":"Polygon","coordinates":[[[74.5665,33.6919],[74.5664,33.6924],[74.5671,33.6929],[74.5678,33.6946],[74.5682,33.6956],[74.5684,33.6977],[74.5697,33.7003],[74.5703,33.7021],[74.572,33.7049],[74.5734,33.7071],[74.5762,33.7095],[74.578,33.7122],[74.5785,33.715],[74.5798,33.7178],[74.5832,33.7196],[74.5895,33.7214],[74.5917,33.7219],[74.5951,33.7227],[74.5972,33.7233],[74.6016,33.7249],[74.6041,33.7281],[74.6057,33.7299],[74.6075,33.732],[74.61,33.7344],[74.6115,33.7361],[74.6148,33.7373],[74.621,33.7386],[74.6229,33.7393],[74.624,33.7397],[74.6259,33.7399],[74.6259,33.7419],[74.6255,33.7455],[74.6248,33.7482],[74.6248,33.7497],[74.6249,33.7498],[74.6252,33.75],[74.6278,33.7524],[74.6287,33.7529],[74.6318,33.7542],[74.6328,33.755],[74.6345,33.7562],[74.6369,33.7579],[74.638,33.7588],[74.64,33.761],[74.641,33.7621],[74.6429,33.7635],[74.6451,33.7653],[74.646,33.7666],[74.6466,33.7675],[74.6474,33.7689],[74.6475,33.77],[74.6478,33.7708],[74.6483,33.7716],[74.6505,33.7743],[74.6518,33.7752],[74.6528,33.7763],[74.6547,33.7785],[74.6555,33.7803],[74.6564,33.7813],[74.6573,33.7823],[74.6614,33.7849],[74.6637,33.7865],[74.665,33.7869],[74.6665,33.7873],[74.6672,33.7877],[74.6685,33.7887],[74.669,33.7892],[74.6769,33.7941],[74.6778,33.7948],[74.6782,33.7952],[74.6794,33.7962],[74.6806,33.7976],[74.6821,33.799],[74.6842,33.8003],[74.6858,33.8011],[74.6862,33.8014],[74.6874,33.8029],[74.6881,33.8038],[74.6886,33.8068],[74.691,33.8081],[74.6921,33.8087],[74.6959,33.8084],[74.7022,33.8065],[74.7034,33.8063],[74.7042,33.8061],[74.7051,33.8059],[74.7057,33.8056],[74.7075,33.8048],[74.7091,33.8045],[74.7108,33.8042],[74.7132,33.8044],[74.7122,33.7975],[74.7118,33.7922],[74.7138,33.7904],[74.7224,33.7939],[74.7237,33.7943],[74.7253,33.7946],[74.7275,33.7954],[74.7312,33.7977],[74.7373,33.7982],[74.7385,33.7987],[74.7391,33.8006],[74.7399,33.8013],[74.7413,33.8018],[74.7438,33.8024],[74.7466,33.8041],[74.755,33.8055],[74.7594,33.8056],[74.7601,33.8054],[74.761,33.8045],[74.7619,33.8034],[74.7621,33.8031],[74.7621,33.8017],[74.7634,33.8002],[74.7635,33.8001],[74.7647,33.7958],[74.7689,33.7925],[74.7707,33.7922],[74.7723,33.7922],[74.7752,33.7905],[74.7762,33.7895],[74.7765,33.7892],[74.7768,33.7882],[74.7776,33.7883],[74.7898,33.7945],[74.7942,33.7964],[74.7956,33.7969],[74.8028,33.7965],[74.8051,33.7959],[74.8061,33.7958],[74.8078,33.7953],[74.8141,33.7909],[74.8158,33.7888],[74.8166,33.7874],[74.8167,33.7873],[74.8167,33.7872],[74.8168,33.7872],[74.8168,33.7871],[74.8168,33.787],[74.8169,33.7869],[74.8173,33.7867],[74.8178,33.7867],[74.8182,33.7867],[74.8199,33.7865],[74.8222,33.7827],[74.823,33.7824],[74.8237,33.7825],[74.8246,33.7829],[74.8258,33.7839],[74.8263,33.7846],[74.8266,33.785],[74.8273,33.7858],[74.8314,33.79],[74.8459,33.8081],[74.8462,33.8111],[74.845,33.8119],[74.8444,33.8126],[74.8435,33.814],[74.8437,33.8159],[74.8473,33.8182],[74.8491,33.8191],[74.8496,33.8193],[74.8501,33.8193],[74.8541,33.8159],[74.8545,33.8152],[74.8543,33.8147],[74.856,33.814],[74.857,33.8138],[74.8583,33.814],[74.859,33.8142],[74.8596,33.8141],[74.8617,33.8129],[74.8659,33.8134],[74.866,33.8134],[74.8705,33.8146],[74.8725,33.8151],[74.8739,33.8153],[74.8744,33.8153],[74.8758,33.8154],[74.8769,33.815],[74.8769,33.8149],[74.877,33.8145],[74.8763,33.812],[74.8757,33.8107],[74.8756,33.8106],[74.8743,33.8102],[74.873,33.8093],[74.8716,33.8091],[74.8644,33.8053],[74.8558,33.7986],[74.8556,33.7967],[74.856,33.796],[74.8571,33.7948],[74.8628,33.794],[74.8668,33.7937],[74.87,33.7941],[74.8718,33.7942],[74.8724,33.7939],[74.8735,33.7918],[74.8741,33.7902],[74.8756,33.7889],[74.8764,33.7888],[74.8773,33.7888],[74.878,33.7891],[74.8827,33.795],[74.8846,33.7964],[74.8852,33.7965],[74.887,33.7954],[74.888,33.7951],[74.8894,33.7954],[74.8905,33.7964],[74.8914,33.7975],[74.8908,33.798],[74.8895,33.7991],[74.8891,33.7995],[74.8888,33.7999],[74.8887,33.8],[74.8899,33.8006],[74.8957,33.8048],[74.8993,33.8074],[74.9002,33.8079],[74.9015,33.8085],[74.9033,33.8084],[74.9041,33.8064],[74.905,33.8056],[74.9057,33.8049],[74.9097,33.8047],[74.9118,33.8059],[74.9138,33.8074],[74.9165,33.8098],[74.9178,33.8115],[74.9195,33.8124],[74.9242,33.8129],[74.925,33.8126],[74.9251,33.8111],[74.9245,33.8092],[74.9257,33.8083],[74.9268,33.8081],[74.9288,33.8082],[74.9305,33.8084],[74.9316,33.8067],[74.9291,33.8052],[74.9272,33.8041],[74.9252,33.8024],[74.9248,33.8013],[74.9249,33.8012],[74.9256,33.8005],[74.9261,33.8001],[74.9262,33.7995],[74.9264,33.7992],[74.9266,33.799],[74.9273,33.799],[74.9281,33.7992],[74.9289,33.7995],[74.9292,33.7996],[74.9302,33.8005],[74.9348,33.8029],[74.9383,33.802],[74.9354,33.7992],[74.9351,33.7956],[74.9391,33.7922],[74.9398,33.7918],[74.9403,33.7915],[74.9394,33.7894],[74.9307,33.7876],[74.9217,33.7866],[74.9204,33.7893],[74.9193,33.7919],[74.9183,33.7919],[74.9167,33.7911],[74.9157,33.7898],[74.9138,33.7882],[74.9115,33.787],[74.9105,33.7865],[74.9086,33.786],[74.9081,33.7845],[74.9032,33.7806],[74.9008,33.779],[74.8996,33.7805],[74.8988,33.7806],[74.8735,33.7664],[74.8589,33.7598],[74.8531,33.7558],[74.8537,33.755],[74.854,33.7537],[74.8528,33.7513],[74.8528,33.748],[74.8521,33.7438],[74.8522,33.7422],[74.8548,33.7406],[74.8556,33.7366],[74.8556,33.7336],[74.8549,33.7334],[74.8542,33.733],[74.8542,33.7313],[74.8562,33.7303],[74.8559,33.7288],[74.854,33.725],[74.8537,33.7233],[74.8538,33.7216],[74.8547,33.7196],[74.8548,33.7193],[74.8545,33.7179],[74.8544,33.7172],[74.8539,33.7174],[74.8501,33.7175],[74.8473,33.7234],[74.8461,33.7241],[74.8446,33.7242],[74.845,33.7207],[74.8448,33.7185],[74.8447,33.7158],[74.8435,33.7136],[74.8432,33.713],[74.841,33.7119],[74.8399,33.711],[74.835,33.7078],[74.8346,33.7085],[74.8339,33.7068],[74.8328,33.7058],[74.8322,33.7022],[74.8354,33.7006],[74.8415,33.7041],[74.8437,33.704],[74.8479,33.7],[74.8497,33.6984],[74.8538,33.6961],[74.8443,33.6902],[74.8453,33.6898],[74.8464,33.6895],[74.8493,33.6883],[74.8501,33.6874],[74.8523,33.6879],[74.853,33.689],[74.8544,33.6882],[74.8604,33.682],[74.861,33.6818],[74.8629,33.6815],[74.8628,33.6798],[74.8629,33.6792],[74.8638,33.6791],[74.8664,33.677],[74.8677,33.6767],[74.871,33.6725],[74.8711,33.6716],[74.871,33.6706],[74.8703,33.6696],[74.868,33.6688],[74.8661,33.6679],[74.8658,33.6656],[74.8659,33.6656],[74.8675,33.665],[74.8712,33.6641],[74.8743,33.664],[74.8756,33.6635],[74.8742,33.6614],[74.8736,33.6602],[74.8723,33.6579],[74.8722,33.6579],[74.8694,33.6568],[74.8658,33.6558],[74.8581,33.6548],[74.8529,33.6549],[74.8498,33.651],[74.8502,33.65],[74.8524,33.6497],[74.8572,33.6487],[74.8532,33.6444],[74.8466,33.6454],[74.8425,33.6482],[74.841,33.6482],[74.838,33.6477],[74.8377,33.6486],[74.8352,33.6501],[74.8299,33.6467],[74.816,33.648],[74.7918,33.6482],[74.7895,33.6508],[74.7858,33.6502],[74.7839,33.649],[74.7832,33.6462],[74.7811,33.6451],[74.7786,33.6448],[74.7752,33.6507],[74.7743,33.6544],[74.7758,33.6594],[74.7746,33.6622],[74.7755,33.6658],[74.7765,33.6675],[74.7772,33.6686],[74.7782,33.6687],[74.7813,33.6669],[74.7832,33.6664],[74.7844,33.6663],[74.785,33.6674],[74.7853,33.6692],[74.7843,33.6725],[74.787,33.6735],[74.787,33.6773],[74.7833,33.6788],[74.7776,33.6788],[74.7761,33.678],[74.7758,33.6779],[74.7739,33.6778],[74.771,33.6766],[74.7684,33.6762],[74.7645,33.6742],[74.7571,33.6719],[74.7555,33.6711],[74.7534,33.6703],[74.7512,33.6697],[74.7479,33.6687],[74.7459,33.6678],[74.744,33.6673],[74.742,33.6672],[74.7407,33.6677],[74.7381,33.6678],[74.7361,33.6659],[74.7353,33.6664],[74.7346,33.6669],[74.7318,33.6679],[74.7284,33.671],[74.7263,33.677],[74.7274,33.6807],[74.7317,33.6838],[74.7289,33.6859],[74.7264,33.6857],[74.7256,33.6878],[74.7234,33.688],[74.7212,33.6877],[74.718,33.6906],[74.7135,33.6924],[74.7116,33.695],[74.7106,33.6955],[74.71,33.6955],[74.7084,33.6953],[74.7078,33.6948],[74.7061,33.6947],[74.704,33.6947],[74.7026,33.6944],[74.7021,33.6942],[74.7003,33.6936],[74.6998,33.6937],[74.6993,33.6942],[74.6981,33.6957],[74.6969,33.6963],[74.6957,33.6961],[74.695,33.6958],[74.6935,33.6953],[74.6924,33.6956],[74.6912,33.6962],[74.6892,33.6985],[74.6839,33.699],[74.6818,33.7015],[74.6803,33.7026],[74.6797,33.7027],[74.6771,33.7014],[74.6759,33.7009],[74.6725,33.7],[74.6679,33.694],[74.6662,33.6926],[74.6652,33.692],[74.6645,33.6918],[74.6623,33.6914],[74.6561,33.6925],[74.6543,33.6925],[74.6535,33.6922],[74.6529,33.6921],[74.6522,33.6917],[74.6504,33.6905],[74.6492,33.6898],[74.647,33.6895],[74.6425,33.6901],[74.6373,33.6914],[74.6288,33.6922],[74.6256,33.6949],[74.6224,33.6955],[74.6187,33.6957],[74.6164,33.6954],[74.6143,33.6946],[74.6111,33.6944],[74.6101,33.6944],[74.6092,33.6937],[74.6078,33.6929],[74.6071,33.6916],[74.6075,33.6865],[74.6048,33.6851],[74.6026,33.6816],[74.6015,33.6809],[74.598,33.6812],[74.5969,33.6818],[74.5948,33.6844],[74.5872,33.6859],[74.5845,33.6871],[74.5828,33.688],[74.5822,33.6882],[74.5807,33.6877],[74.5787,33.6872],[74.5779,33.6875],[74.5764,33.6878],[74.5747,33.6886],[74.5708,33.6889],[74.5692,33.6894],[74.5688,33.6895],[74.5686,33.6898],[74.5685,33.6898],[74.5684,33.6899],[74.5683,33.6901],[74.5682,33.6901],[74.5681,33.6902],[74.5679,33.6904],[74.5677,33.6905],[74.5677,33.6906],[74.5676,33.6907],[74.5675,33.6907],[74.5675,33.6908],[74.5674,33.6909],[74.5672,33.6911],[74.567,33.6912],[74.5668,33.6914],[74.5667,33.6915],[74.5666,33.6916],[74.5666,33.6917],[74.5665,33.6917],[74.5665,33.6919]]]},"properties":{"ac_no":37,"ac_name":"SHOPIAN","ac_category":"GEN","st_name":"JAMMU AND KASHMIR"}},{"type":"Feature","geometry":{"type":"Polygon","coordinates":[[[74.6262,34.1057],[74.6212,34.1034],[74.6132,34.1056],[74.6077,34.1033],[74.6071,34.0999],[74.6076,34.0986],[74.6015,34.0952],[74.5958,34.0908],[74.588,34.0857],[74.5836,34.08],[74.5782,34.0761],[74.5633,34.0663],[74.5583,34.0594],[74.5493,34.0614],[74.5424,34.0566],[74.539,34.0463],[74.5333,34.0382],[74.5289,34.0398],[74.5245,34.0414],[74.518,34.0416],[74.5166,34.0426],[74.5011,34.0459],[74.4897,34.0475],[74.4866,34.0439],[74.4861,34.04],[74.4861,34.037],[74.4849,34.0336],[74.4931,34.034],[74.4948,34.0338],[74.4989,34.0316],[74.4978,34.0306],[74.4974,34.0302],[74.4968,34.0269],[74.4959,34.0249],[74.4875,34.0179],[74.4836,34.016],[74.4825,34.014],[74.4814,34.0119],[74.4805,34.0111],[74.4785,34.0085],[74.4777,34.0075],[74.4751,34.006],[74.4689,33.9989],[74.4664,33.9913],[74.4677,33.9892],[74.4711,33.9856],[74.4733,33.9841],[74.4749,33.9778],[74.4739,33.9743],[74.4728,33.9708],[74.4697,33.9687],[74.4716,33.9656],[74.4737,33.9628],[74.4744,33.9557],[74.4773,33.9518],[74.4766,33.9506],[74.4762,33.9497],[74.4736,33.9445],[74.4599,33.9357],[74.458,33.9338],[74.446,33.9239],[74.4419,33.9221],[74.4379,33.9202],[74.4264,33.917],[74.4239,33.9162],[74.4259,33.9116],[74.4241,33.9109],[74.4223,33.9109],[74.4192,33.9084],[74.4186,33.9083],[74.4179,33.9083],[74.4176,33.9083],[74.4171,33.9081],[74.4164,33.9078],[74.4153,33.9077],[74.4113,33.9079],[74.4094,33.9101],[74.4083,33.9142],[74.406,33.9192],[74.4052,33.9206],[74.4045,33.9215],[74.4027,33.9226],[74.4018,33.9229],[74.3999,33.9237],[74.3989,33.9244],[74.3983,33.9251],[74.3977,33.9258],[74.3961,33.927],[74.3957,33.9278],[74.395,33.9338],[74.3909,33.9365],[74.3888,33.9415],[74.3885,33.943],[74.3881,33.9442],[74.3879,33.9451],[74.3874,33.9459],[74.3871,33.9461],[74.3865,33.9462],[74.3844,33.9463],[74.381,33.947],[74.377,33.9494],[74.3769,33.9492],[74.3765,33.9486],[74.3763,33.9484],[74.376,33.9485],[74.3757,33.9486],[74.375,33.9483],[74.374,33.9478],[74.3731,33.948],[74.3714,33.9488],[74.3668,33.9514],[74.3627,33.9517],[74.3605,33.9537],[74.3536,33.9566],[74.3525,33.9566],[74.3513,33.9565],[74.3463,33.9549],[74.3452,33.9549],[74.3441,33.9549],[74.3419,33.9548],[74.3388,33.9543],[74.3355,33.9524],[74.3326,33.9523],[74.332,33.9524],[74.3311,33.9529],[74.3306,33.9538],[74.3297,33.956],[74.32,33.9573],[74.3183,33.9616],[74.3184,33.9622],[74.3184,33.9625],[74.3185,33.9634],[74.318,33.9638],[74.3177,33.9639],[74.3169,33.9646],[74.3161,33.9652],[74.3152,33.9659],[74.3145,33.9667],[74.3137,33.9674],[74.3128,33.9692],[74.3124,33.9703],[74.3122,33.9711],[74.3122,33.9713],[74.3126,33.9726],[74.3131,33.9735],[74.314,33.9735],[74.3163,33.974],[74.3166,33.9743],[74.3168,33.9745],[74.317,33.9749],[74.3169,33.975],[74.3165,33.9755],[74.3162,33.9757],[74.3159,33.9767],[74.3159,33.9774],[74.3126,33.9784],[74.3109,33.9801],[74.3107,33.981],[74.3103,33.9818],[74.3094,33.9821],[74.3082,33.9837],[74.3049,33.9861],[74.3032,33.994],[74.2977,33.9958],[74.2821,33.9928],[74.2785,33.9909],[74.2758,33.9863],[74.2714,33.9866],[74.2715,33.9879],[74.2715,33.9886],[74.2715,33.9887],[74.2711,33.9891],[74.2707,33.9895],[74.2704,33.9897],[74.2688,33.9902],[74.2694,33.9936],[74.2715,34.001],[74.2744,34.0029],[74.2895,34.003],[74.2952,34.0063],[74.2962,34.0098],[74.2925,34.0138],[74.2842,34.0179],[74.2764,34.0249],[74.2749,34.0302],[74.2744,34.0325],[74.2779,34.0357],[74.2765,34.0402],[74.2805,34.0484],[74.2885,34.0563],[74.2925,34.0614],[74.2968,34.0731],[74.304,34.0714],[74.3086,34.0736],[74.3205,34.0698],[74.3281,34.069],[74.3354,34.0707],[74.34,34.0708],[74.343,34.0728],[74.3514,34.0738],[74.3578,34.0791],[74.3621,34.0922],[74.3652,34.094],[74.3671,34.0981],[74.3719,34.1008],[74.3794,34.1004],[74.3837,34.0901],[74.3851,34.0849],[74.3905,34.0822],[74.396,34.0891],[74.3977,34.0943],[74.4035,34.0894],[74.4117,34.0916],[74.4183,34.0969],[74.4193,34.1001],[74.4178,34.1092],[74.4217,34.1119],[74.4216,34.117],[74.4293,34.1169],[74.4375,34.1248],[74.4404,34.1202],[74.4407,34.1186],[74.4424,34.1153],[74.4546,34.119],[74.4576,34.1166],[74.4641,34.12],[74.4639,34.1237],[74.4638,34.1252],[74.4631,34.1291],[74.4549,34.1276],[74.4524,34.1269],[74.4467,34.1305],[74.4381,34.1282],[74.4361,34.1276],[74.4355,34.1324],[74.4412,34.1358],[74.4423,34.1366],[74.4445,34.1398],[74.4492,34.1423],[74.4518,34.1467],[74.456,34.1442],[74.456,34.1377],[74.4607,34.1401],[74.4635,34.1447],[74.4614,34.15],[74.4653,34.1539],[74.4739,34.1565],[74.4792,34.1595],[74.4803,34.1646],[74.4799,34.1692],[74.4852,34.1719],[74.488,34.1698],[74.4966,34.1696],[74.5031,34.1631],[74.5047,34.1595],[74.5021,34.1529],[74.5221,34.1596],[74.5265,34.162],[74.5317,34.1628],[74.537,34.1618],[74.5391,34.1595],[74.5331,34.1553],[74.5314,34.1518],[74.534,34.146],[74.5441,34.1434],[74.5457,34.1368],[74.5572,34.1347],[74.5674,34.1372],[74.5681,34.1331],[74.5648,34.1263],[74.5658,34.1195],[74.563,34.1152],[74.5626,34.1082],[74.5672,34.1051],[74.5728,34.1076],[74.5721,34.1101],[74.575,34.1134],[74.5791,34.115],[74.5787,34.1197],[74.5816,34.1275],[74.5898,34.1279],[74.5976,34.1295],[74.6029,34.1293],[74.6114,34.1307],[74.6142,34.1303],[74.6184,34.124],[74.6204,34.1181],[74.6261,34.1061],[74.6261,34.106],[74.6262,34.1059],[74.6262,34.1058],[74.6262,34.1057]]]},"properties":{"ac_no":11,"ac_name":"GULMARG","ac_category":"GEN","st_name":"JAMMU AND KASHMIR"}},{"type":"Feature","geometry":{"type":"Polygon","coordinates":[[[74.6546,34.118],[74.649,34.1179],[74.6469,34.1147],[74.643,34.1124],[74.6329,34.1088],[74.6316,34.108],[74.6267,34.1059],[74.6204,34.1181],[74.6184,34.124],[74.6142,34.1303],[74.6114,34.1307],[74.6029,34.1293],[74.5976,34.1295],[74.5898,34.1279],[74.5816,34.1275],[74.5787,34.1197],[74.5791,34.115],[74.575,34.1134],[74.5721,34.1101],[74.5728,34.1076],[74.5672,34.1051],[74.5626,34.1082],[74.563,34.1152],[74.5658,34.1195],[74.5648,34.1263],[74.5681,34.1331],[74.5674,34.1372],[74.5572,34.1347],[74.5457,34.1368],[74.5441,34.1434],[74.534,34.146],[74.5314,34.1518],[74.5331,34.1553],[74.5391,34.1595],[74.537,34.1618],[74.5317,34.1628],[74.5265,34.162],[74.5221,34.1596],[74.5021,34.1529],[74.5047,34.1595],[74.5031,34.1631],[74.5142,34.1684],[74.5121,34.1731],[74.5137,34.1753],[74.5198,34.1739],[74.5205,34.1767],[74.5251,34.1834],[74.5262,34.1889],[74.5347,34.192],[74.5365,34.1938],[74.5486,34.1947],[74.5543,34.1967],[74.5582,34.1996],[74.5636,34.2073],[74.5702,34.2135],[74.575,34.216],[74.5727,34.2218],[74.5614,34.2191],[74.5605,34.2228],[74.5607,34.2255],[74.5607,34.2262],[74.5608,34.2263],[74.5608,34.2265],[74.5608,34.2266],[74.5608,34.2273],[74.5609,34.2284],[74.5639,34.2281],[74.5689,34.227],[74.5795,34.2247],[74.5804,34.2156],[74.5799,34.2085],[74.5779,34.1975],[74.5732,34.1871],[74.5792,34.1861],[74.5902,34.1819],[74.5987,34.1771],[74.6099,34.1753],[74.6212,34.175],[74.6302,34.1769],[74.6356,34.1794],[74.6371,34.1736],[74.6374,34.1662],[74.6365,34.1607],[74.6418,34.1594],[74.6529,34.1644],[74.6651,34.1658],[74.6765,34.1687],[74.6795,34.1716],[74.6817,34.1779],[74.6851,34.1751],[74.6938,34.1734],[74.6964,34.1702],[74.698,34.1636],[74.6994,34.1621],[74.7,34.1612],[74.7006,34.1604],[74.7012,34.1596],[74.7019,34.1581],[74.7022,34.1571],[74.7023,34.1556],[74.7024,34.1554],[74.6981,34.155],[74.6928,34.1525],[74.6841,34.1416],[74.6756,34.1322],[74.6747,34.1287],[74.6646,34.1211],[74.6594,34.1165],[74.6546,34.118]]]},"properties":{"ac_no":13,"ac_name":"PATTAN","ac_category":"GEN","st_name":"JAMMU AND KASHMIR"}},{"type":"Feature","geometry":{"type":"Polygon","coordinates":[[[74.519,34.272],[74.508,34.2672],[74.498,34.2667],[74.4902,34.2641],[74.4822,34.2589],[74.4781,34.258],[74.479,34.2536],[74.4749,34.2532],[74.4734,34.249],[74.4735,34.2407],[74.4637,34.2411],[74.4649,34.2358],[74.4646,34.2307],[74.4607,34.2352],[74.4561,34.2373],[74.4544,34.2423],[74.45,34.2464],[74.4497,34.252],[74.4476,34.2536],[74.4432,34.2616],[74.4432,34.2662],[74.4389,34.2687],[74.4313,34.2674],[74.4246,34.2677],[74.4258,34.2782],[74.4347,34.3001],[74.4297,34.3221],[74.4278,34.3276],[74.4267,34.3295],[74.428,34.3347],[74.4322,34.3371],[74.4393,34.3362],[74.4407,34.3316],[74.4439,34.3316],[74.4498,34.3366],[74.4538,34.3445],[74.4527,34.348],[74.4458,34.348],[74.4474,34.3535],[74.4514,34.3587],[74.4473,34.3622],[74.4355,34.3652],[74.4414,34.3678],[74.4435,34.3704],[74.4468,34.3793],[74.4433,34.38],[74.4387,34.379],[74.44,34.3862],[74.4453,34.3872],[74.4494,34.3937],[74.4518,34.3915],[74.4563,34.3974],[74.4589,34.3964],[74.467,34.3971],[74.4676,34.4004],[74.4628,34.4047],[74.4574,34.4059],[74.4532,34.4087],[74.4424,34.4065],[74.4426,34.3965],[74.4398,34.3928],[74.4327,34.3916],[74.4294,34.401],[74.4316,34.4031],[74.4312,34.4097],[74.4353,34.4109],[74.4366,34.4139],[74.4356,34.4146],[74.434,34.4159],[74.4389,34.4161],[74.4502,34.4158],[74.4546,34.417],[74.4587,34.4212],[74.4622,34.4259],[74.4679,34.4305],[74.473,34.4323],[74.4794,34.4326],[74.4913,34.4194],[74.4983,34.4153],[74.5055,34.4079],[74.5098,34.4002],[74.5109,34.394],[74.5087,34.3933],[74.5096,34.3874],[74.5149,34.3799],[74.5154,34.374],[74.5175,34.3695],[74.5219,34.3659],[74.5239,34.3614],[74.5286,34.3585],[74.532,34.3563],[74.5263,34.3328],[74.5222,34.3303],[74.5201,34.3269],[74.5187,34.3203],[74.5209,34.3119],[74.5204,34.3027],[74.5181,34.2984],[74.5166,34.2948],[74.5105,34.2882],[74.516,34.2892],[74.5219,34.2922],[74.5254,34.2954],[74.5265,34.2876],[74.5292,34.2856],[74.5311,34.2804],[74.5302,34.2777],[74.5301,34.2772],[74.519,34.272]]]},"properties":{"ac_no":7,"ac_name":"SOPORE","ac_category":"GEN","st_name":"JAMMU AND KASHMIR"}},{"type":"Feature","geometry":{"type":"Polygon","coordinates":[[[74.4278,34.3276],[74.4297,34.3221],[74.4347,34.3001],[74.4258,34.2782],[74.4246,34.2677],[74.424,34.265],[74.4173,34.2658],[74.4146,34.2641],[74.408,34.2563],[74.4092,34.2475],[74.4045,34.2425],[74.3997,34.2442],[74.3905,34.2549],[74.3895,34.2578],[74.3898,34.2695],[74.3843,34.274],[74.3829,34.2779],[74.3782,34.277],[74.3715,34.272],[74.3623,34.2682],[74.3586,34.2634],[74.3496,34.2572],[74.3495,34.2515],[74.3514,34.2448],[74.3445,34.23],[74.3378,34.236],[74.3361,34.2388],[74.3309,34.2436],[74.323,34.2458],[74.3192,34.2479],[74.313,34.2482],[74.3119,34.252],[74.3086,34.2568],[74.3047,34.259],[74.3009,34.2549],[74.299,34.2507],[74.2946,34.2478],[74.2909,34.244],[74.29,34.2412],[74.2855,34.2349],[74.2758,34.2264],[74.2726,34.2258],[74.2667,34.2277],[74.2505,34.2259],[74.2456,34.2219],[74.2431,34.2245],[74.2378,34.2249],[74.2347,34.2282],[74.2294,34.2305],[74.228,34.2332],[74.2203,34.2337],[74.2136,34.2359],[74.2068,34.2351],[74.202,34.2316],[74.1978,34.2314],[74.1948,34.2294],[74.1896,34.2238],[74.1797,34.2221],[74.1749,34.2251],[74.1726,34.2296],[74.1654,34.2331],[74.158,34.2336],[74.1529,34.237],[74.1498,34.2376],[74.1444,34.2433],[74.1375,34.2453],[74.141,34.2512],[74.1454,34.2552],[74.1465,34.2569],[74.1497,34.2651],[74.1483,34.2684],[74.15,34.2811],[74.1504,34.2805],[74.1528,34.2792],[74.1553,34.2798],[74.1634,34.2768],[74.1641,34.2762],[74.1648,34.2762],[74.169,34.2788],[74.1778,34.2793],[74.1826,34.2827],[74.1866,34.2816],[74.1993,34.2832],[74.2046,34.2853],[74.2089,34.2886],[74.2146,34.2895],[74.2192,34.2934],[74.2206,34.2968],[74.2351,34.3045],[74.2503,34.307],[74.26,34.3101],[74.2701,34.3063],[74.2727,34.3078],[74.2883,34.3129],[74.2925,34.3158],[74.2985,34.3145],[74.3084,34.3181],[74.3115,34.3176],[74.3161,34.3145],[74.3218,34.3125],[74.3221,34.3104],[74.3267,34.3093],[74.3337,34.3105],[74.3435,34.3159],[74.3457,34.3161],[74.3466,34.3234],[74.354,34.3282],[74.3684,34.3331],[74.372,34.3364],[74.3769,34.3382],[74.3795,34.3407],[74.3818,34.3488],[74.3863,34.3518],[74.3903,34.3571],[74.3887,34.3605],[74.383,34.3629],[74.3779,34.3623],[74.3734,34.3668],[74.3802,34.3718],[74.3821,34.377],[74.3827,34.3837],[74.3802,34.3892],[74.3723,34.3921],[74.3687,34.3922],[74.357,34.3957],[74.3499,34.399],[74.3473,34.4095],[74.348,34.4176],[74.3461,34.4236],[74.3592,34.4255],[74.3692,34.4297],[74.3783,34.4355],[74.3827,34.4373],[74.3927,34.4375],[74.3989,34.4345],[74.4008,34.4246],[74.4075,34.4156],[74.4158,34.4144],[74.428,34.4156],[74.434,34.4159],[74.4356,34.4146],[74.4366,34.4139],[74.4353,34.4109],[74.4312,34.4097],[74.4316,34.4031],[74.4294,34.401],[74.4327,34.3916],[74.4398,34.3928],[74.4426,34.3965],[74.4424,34.4065],[74.4532,34.4087],[74.4574,34.4059],[74.4628,34.4047],[74.4676,34.4004],[74.467,34.3971],[74.4589,34.3964],[74.4563,34.3974],[74.4518,34.3915],[74.4494,34.3937],[74.4453,34.3872],[74.44,34.3862],[74.4387,34.379],[74.4433,34.38],[74.4468,34.3793],[74.4435,34.3704],[74.4414,34.3678],[74.4355,34.3652],[74.4473,34.3622],[74.4514,34.3587],[74.4474,34.3535],[74.4458,34.348],[74.4527,34.348],[74.4538,34.3445],[74.4498,34.3366],[74.4439,34.3316],[74.4407,34.3316],[74.4393,34.3362],[74.4322,34.3371],[74.428,34.3347],[74.4267,34.3295],[74.4278,34.3276]]]},"properties":{"ac_no":8,"ac_name":"RAFIABAD","ac_category":"GEN","st_name":"JAMMU AND KASHMIR"}},{"type":"Feature","geometry":{"type":"Polygon","coordinates":[[[74.2749,34.0302],[74.2764,34.0249],[74.2842,34.0179],[74.2925,34.0138],[74.2962,34.0098],[74.2952,34.0063],[74.2895,34.003],[74.2744,34.0029],[74.2715,34.001],[74.2694,33.9936],[74.2688,33.9902],[74.2673,33.9931],[74.2668,33.9935],[74.2659,33.9941],[74.2652,33.9948],[74.2643,33.9954],[74.2638,33.9964],[74.2636,33.9978],[74.2634,33.9984],[74.2632,33.9987],[74.2621,33.9992],[74.2617,33.9992],[74.2611,33.9993],[74.2576,33.9994],[74.2572,33.9993],[74.2567,33.9993],[74.2512,34.0193],[74.2446,34.0245],[74.2351,34.025],[74.23,34.0264],[74.2189,34.0319],[74.2118,34.0346],[74.1981,34.0342],[74.1936,34.0323],[74.189,34.0274],[74.1856,34.0257],[74.1802,34.026],[74.1732,34.0283],[74.1679,34.033],[74.1653,34.0339],[74.1569,34.0336],[74.1515,34.0362],[74.1505,34.0386],[74.1361,34.0428],[74.1269,34.0465],[74.1212,34.048],[74.1205,34.0366],[74.1177,34.036],[74.1123,34.035],[74.1078,34.0379],[74.1054,34.0387],[74.1009,34.033],[74.0982,34.0263],[74.0958,34.0202],[74.0918,34.0175],[74.0825,34.0176],[74.0733,34.0213],[74.068,34.0218],[74.0623,34.0186],[74.0551,34.0136],[74.0513,34.0139],[74.0498,34.0166],[74.0446,34.0189],[74.0415,34.0186],[74.032,34.0146],[74.0288,34.0119],[74.027,34.008],[74.0246,34],[74.0167,34.0032],[74.0133,34.0085],[74.0042,34.0167],[73.9977,34.0192],[73.9961,34.0189],[73.9956,34.0187],[73.9945,34.0179],[73.994,34.0172],[73.9915,34.0152],[73.9908,34.0148],[73.9901,34.0142],[73.9898,34.014],[73.9891,34.0137],[73.9887,34.0135],[73.9874,34.0126],[73.9868,34.0124],[73.9845,34.0125],[73.9836,34.0128],[73.9827,34.0127],[73.9794,34.0142],[73.9781,34.0145],[73.9748,34.0133],[73.9738,34.013],[73.9724,34.0129],[73.9712,34.013],[73.9682,34.0121],[73.9675,34.0114],[73.9671,34.0111],[73.9665,34.011],[73.9625,34.0133],[73.9614,34.0136],[73.959,34.0146],[73.9585,34.0149],[73.9564,34.0151],[73.9488,34.0166],[73.9456,34.018],[73.9411,34.0193],[73.9385,34.0206],[73.9349,34.0237],[73.9336,34.0254],[73.9334,34.0259],[73.9323,34.0276],[73.9228,34.0342],[73.9197,34.0379],[73.919,34.0389],[73.913,34.0408],[73.9116,34.0411],[73.9086,34.0423],[73.9075,34.0428],[73.9057,34.0439],[73.9046,34.045],[73.9027,34.0463],[73.9015,34.047],[73.9008,34.048],[73.9002,34.049],[73.8997,34.0499],[73.898,34.0522],[73.8963,34.0549],[73.8962,34.0552],[73.8958,34.057],[73.8956,34.0584],[73.8955,34.0591],[73.895,34.0602],[73.8939,34.0612],[73.8932,34.0615],[73.8915,34.0625],[73.8906,34.0631],[73.8903,34.0641],[73.8906,34.0674],[73.8912,34.0694],[73.8921,34.07],[73.8922,34.0703],[73.8919,34.0715],[73.8916,34.0722],[73.8917,34.0723],[73.8931,34.0728],[73.8957,34.0748],[73.8974,34.0774],[73.8983,34.078],[73.899,34.0784],[73.8999,34.0794],[73.9004,34.0822],[73.9005,34.0827],[73.9007,34.0837],[73.9007,34.0842],[73.9007,34.0849],[73.9016,34.0858],[73.9019,34.0862],[73.9021,34.0865],[73.9023,34.087],[73.9017,34.0883],[73.9015,34.0889],[73.9016,34.0895],[73.9016,34.0898],[73.9021,34.0907],[73.9026,34.0919],[73.9034,34.0927],[73.9035,34.0931],[73.9034,34.0941],[73.9035,34.0948],[73.9035,34.095],[73.904,34.0957],[73.9044,34.0973],[73.9044,34.0977],[73.9036,34.1005],[73.9036,34.1011],[73.9037,34.1016],[73.9044,34.1038],[73.9045,34.1047],[73.9047,34.1055],[73.9064,34.1068],[73.9077,34.1061],[73.9097,34.1058],[73.9181,34.1058],[73.9216,34.1033],[73.9235,34.1031],[73.9246,34.1031],[73.9267,34.1035],[73.9265,34.1037],[73.9261,34.1043],[73.926,34.1051],[73.926,34.1056],[73.9261,34.1065],[73.9263,34.1074],[73.9265,34.1083],[73.9266,34.1092],[73.9267,34.11],[73.927,34.1105],[73.9273,34.1116],[73.9283,34.1148],[73.9285,34.1179],[73.9279,34.1189],[73.9274,34.1198],[73.9272,34.1203],[73.9269,34.1211],[73.9268,34.1222],[73.9269,34.1229],[73.9269,34.1236],[73.9271,34.124],[73.9273,34.1249],[73.9274,34.1251],[73.9278,34.1256],[73.9276,34.1276],[73.9278,34.1285],[73.9282,34.1287],[73.9297,34.1295],[73.9301,34.1297],[73.9305,34.13],[73.9308,34.1304],[73.931,34.132],[73.9309,34.1328],[73.9306,34.1335],[73.9303,34.1341],[73.9301,34.1348],[73.9297,34.1356],[73.9296,34.136],[73.929,34.1372],[73.9294,34.1389],[73.9304,34.1399],[73.9313,34.1412],[73.932,34.142],[73.9376,34.144],[73.9392,34.1442],[73.9423,34.1448],[73.9433,34.1449],[73.9446,34.1454],[73.946,34.1462],[73.9466,34.1464],[73.9479,34.1468],[73.95,34.1475],[73.9543,34.1482],[73.9639,34.1537],[73.9691,34.1589],[73.9777,34.1648],[73.9827,34.1673],[73.9926,34.1755],[73.9987,34.1822],[74.0047,34.1913],[74.0052,34.1937],[74.0031,34.1965],[73.9986,34.2017],[73.9981,34.2057],[73.9981,34.2094],[73.9988,34.2112],[74.0001,34.2135],[74.0071,34.2157],[74.0078,34.2224],[74.0062,34.2297],[74.0001,34.234],[73.9953,34.2424],[73.9895,34.2501],[73.9841,34.2565],[73.9833,34.258],[73.9897,34.2597],[73.9956,34.2576],[74.0096,34.2483],[74.015,34.2465],[74.0197,34.2465],[74.0229,34.2446],[74.0273,34.2446],[74.036,34.2495],[74.0357,34.2582],[74.0386,34.2567],[74.0421,34.2587],[74.0483,34.2582],[74.0545,34.2611],[74.0636,34.263],[74.0761,34.2602],[74.0817,34.2653],[74.0939,34.2682],[74.0983,34.2672],[74.1017,34.2708],[74.1052,34.2713],[74.1123,34.2694],[74.1196,34.2713],[74.1251,34.27],[74.1307,34.2715],[74.135,34.2739],[74.1385,34.278],[74.1442,34.2816],[74.148,34.2809],[74.1493,34.2816],[74.1498,34.2814],[74.15,34.2811],[74.1483,34.2684],[74.1497,34.2651],[74.1465,34.2569],[74.1454,34.2552],[74.141,34.2512],[74.1375,34.2453],[74.1444,34.2433],[74.1498,34.2376],[74.1529,34.237],[74.158,34.2336],[74.1654,34.2331],[74.1726,34.2296],[74.1749,34.2251],[74.1797,34.2221],[74.1896,34.2238],[74.1948,34.2294],[74.1978,34.2314],[74.202,34.2316],[74.2068,34.2351],[74.2136,34.2359],[74.2203,34.2337],[74.228,34.2332],[74.2294,34.2305],[74.2347,34.2282],[74.2378,34.2249],[74.2431,34.2245],[74.2456,34.2219],[74.2505,34.2259],[74.2667,34.2277],[74.2726,34.2258],[74.2749,34.2221],[74.2704,34.2181],[74.2679,34.2117],[74.2717,34.2078],[74.2743,34.2075],[74.2709,34.1954],[74.2672,34.1915],[74.2694,34.1866],[74.2763,34.1851],[74.2775,34.1824],[74.2837,34.1834],[74.2895,34.1824],[74.2914,34.1801],[74.2905,34.1756],[74.2932,34.1748],[74.3038,34.1762],[74.3107,34.1784],[74.3133,34.1804],[74.3171,34.1866],[74.3235,34.1857],[74.3302,34.1823],[74.3291,34.1753],[74.3219,34.174],[74.3201,34.1672],[74.3229,34.1663],[74.3313,34.1605],[74.3314,34.1605],[74.3235,34.1566],[74.3185,34.1583],[74.3139,34.1638],[74.3041,34.1654],[74.3024,34.1634],[74.2943,34.1647],[74.2873,34.1644],[74.2806,34.1613],[74.2742,34.1633],[74.2699,34.1626],[74.2711,34.1593],[74.2664,34.1522],[74.2692,34.1482],[74.2692,34.1418],[74.2674,34.1369],[74.2644,34.135],[74.2625,34.1239],[74.2632,34.1194],[74.2696,34.1091],[74.2667,34.1051],[74.2678,34.1028],[74.2603,34.0993],[74.2618,34.091],[74.2603,34.0849],[74.2577,34.0811],[74.2571,34.0754],[74.2602,34.0674],[74.2551,34.0625],[74.2547,34.0556],[74.2566,34.0524],[74.2619,34.0499],[74.2594,34.0413],[74.2665,34.0325],[74.2715,34.0302],[74.2749,34.0302]]]},"properties":{"ac_no":9,"ac_name":"URI","ac_category":"GEN","st_name":"JAMMU AND KASHMIR"}},{"type":"Feature","geometry":{"type":"Polygon","coordinates":[[[74.7934,33.0297],[74.7942,33.0325],[74.7769,33.036],[74.778,33.0422],[74.773,33.0434],[74.7721,33.0437],[74.7708,33.0438],[74.77,33.044],[74.7704,33.0446],[74.7714,33.0455],[74.7703,33.0496],[74.7499,33.0508],[74.7452,33.0524],[74.745,33.0542],[74.7494,33.0548],[74.7471,33.0569],[74.7464,33.0568],[74.7458,33.0569],[74.7453,33.0569],[74.744,33.0572],[74.7417,33.0573],[74.7407,33.0574],[74.7385,33.0582],[74.7376,33.0588],[74.7366,33.0593],[74.7349,33.0595],[74.734,33.0595],[74.7338,33.0594],[74.7318,33.0589],[74.7297,33.0586],[74.7288,33.0585],[74.7283,33.0585],[74.7281,33.0581],[74.7287,33.0576],[74.7286,33.0569],[74.7291,33.0565],[74.7292,33.0559],[74.7287,33.0551],[74.7298,33.0544],[74.7299,33.0538],[74.7294,33.0531],[74.7293,33.0527],[74.7293,33.052],[74.7287,33.0518],[74.7281,33.0516],[74.7274,33.0513],[74.7246,33.0515],[74.7239,33.0519],[74.7229,33.0524],[74.7179,33.0527],[74.7136,33.0518],[74.7114,33.051],[74.7099,33.0506],[74.7075,33.0519],[74.7075,33.0537],[74.708,33.0545],[74.7084,33.0556],[74.7086,33.0566],[74.7083,33.0571],[74.7064,33.0572],[74.7028,33.0553],[74.6994,33.059],[74.6969,33.059],[74.6938,33.0545],[74.6876,33.053],[74.6854,33.0531],[74.6845,33.0535],[74.6841,33.0539],[74.684,33.0542],[74.6842,33.0555],[74.6843,33.0565],[74.6818,33.0567],[74.68,33.0607],[74.6755,33.0604],[74.6751,33.0602],[74.6751,33.0597],[74.6746,33.0588],[74.6747,33.0584],[74.6751,33.058],[74.6757,33.0568],[74.6756,33.0562],[74.6754,33.0554],[74.6751,33.0549],[74.6749,33.0542],[74.6748,33.0533],[74.6745,33.0532],[74.674,33.0531],[74.6739,33.053],[74.6725,33.0526],[74.6704,33.0521],[74.6673,33.0519],[74.6659,33.051],[74.6642,33.0503],[74.6626,33.0497],[74.6613,33.0502],[74.6584,33.0526],[74.6578,33.0524],[74.6546,33.0506],[74.6483,33.0485],[74.645,33.0476],[74.6435,33.0476],[74.6411,33.0482],[74.639,33.0486],[74.6287,33.046],[74.6172,33.0395],[74.6119,33.0379],[74.6077,33.0384],[74.5952,33.0346],[74.5846,33.0338],[74.5818,33.0321],[74.5784,33.0316],[74.5755,33.0319],[74.5752,33.0318],[74.5749,33.0315],[74.5745,33.031],[74.5738,33.0304],[74.5732,33.0299],[74.5719,33.0289],[74.5717,33.0288],[74.5716,33.029],[74.5716,33.0291],[74.569,33.0321],[74.5689,33.0322],[74.5684,33.0324],[74.5635,33.0435],[74.5608,33.0522],[74.5544,33.0533],[74.5544,33.0534],[74.5618,33.0579],[74.5601,33.0629],[74.5601,33.0695],[74.5662,33.0695],[74.5674,33.0711],[74.578,33.0697],[74.5861,33.0718],[74.5897,33.071],[74.5961,33.0748],[74.596,33.0815],[74.5989,33.0886],[74.6018,33.0923],[74.6063,33.0936],[74.6159,33.0926],[74.6226,33.0938],[74.6267,33.092],[74.6324,33.0954],[74.6321,33.0972],[74.6249,33.1006],[74.6205,33.1045],[74.6267,33.108],[74.6195,33.1123],[74.6204,33.1177],[74.6195,33.1218],[74.614,33.1267],[74.6142,33.132],[74.6224,33.134],[74.6278,33.1418],[74.6276,33.1452],[74.6246,33.1483],[74.6167,33.1499],[74.609,33.1529],[74.605,33.1569],[74.6018,33.1558],[74.6,33.159],[74.5957,33.1587],[74.5866,33.1562],[74.5766,33.1559],[74.5678,33.16],[74.567,33.1629],[74.5601,33.1671],[74.5591,33.1674],[74.5544,33.1682],[74.5518,33.166],[74.5448,33.1659],[74.54,33.1678],[74.5348,33.1733],[74.5299,33.1736],[74.5268,33.176],[74.5217,33.1771],[74.5181,33.1819],[74.5189,33.1869],[74.5239,33.1919],[74.533,33.1949],[74.5356,33.1932],[74.536,33.1884],[74.5409,33.1854],[74.5441,33.1821],[74.5461,33.1858],[74.5451,33.1904],[74.5514,33.1925],[74.5585,33.1964],[74.5682,33.1957],[74.5694,33.1992],[74.5685,33.2036],[74.5731,33.2027],[74.5805,33.204],[74.5886,33.2008],[74.5946,33.2012],[74.5975,33.2001],[74.6005,33.195],[74.6038,33.1967],[74.6076,33.1951],[74.6079,33.1995],[74.6107,33.2027],[74.6151,33.2026],[74.6156,33.2027],[74.6161,33.2029],[74.6165,33.2032],[74.6207,33.206],[74.6301,33.2037],[74.6306,33.2035],[74.6311,33.2034],[74.6337,33.202],[74.6395,33.1987],[74.641,33.1982],[74.6415,33.1981],[74.642,33.198],[74.6525,33.1959],[74.6535,33.1945],[74.6537,33.189],[74.6539,33.1881],[74.6541,33.1877],[74.6544,33.1875],[74.6598,33.1865],[74.6601,33.1867],[74.6603,33.1872],[74.6605,33.1877],[74.6613,33.1907],[74.663,33.1935],[74.6734,33.1976],[74.6763,33.1965],[74.6773,33.1962],[74.6778,33.1962],[74.6784,33.1961],[74.6789,33.1961],[74.6795,33.1961],[74.68,33.1961],[74.6817,33.196],[74.6828,33.196],[74.6833,33.196],[74.6844,33.1962],[74.6854,33.1966],[74.6858,33.1968],[74.6862,33.1971],[74.6865,33.1975],[74.6867,33.1979],[74.6866,33.1984],[74.6865,33.1988],[74.6856,33.2],[74.6849,33.2006],[74.684,33.2011],[74.6836,33.2014],[74.6828,33.202],[74.6824,33.2023],[74.6821,33.2027],[74.6815,33.2035],[74.6813,33.2039],[74.6812,33.2043],[74.6811,33.2047],[74.6811,33.2052],[74.6811,33.2056],[74.6811,33.2061],[74.6812,33.2065],[74.6818,33.2083],[74.6839,33.2119],[74.6842,33.2122],[74.6852,33.2133],[74.6875,33.2206],[74.6878,33.2237],[74.6881,33.2254],[74.6881,33.2259],[74.6882,33.2263],[74.6882,33.2268],[74.6883,33.2276],[74.6883,33.229],[74.6883,33.2294],[74.6883,33.2299],[74.6882,33.2303],[74.688,33.2326],[74.6882,33.2343],[74.6894,33.2363],[74.6905,33.2373],[74.6908,33.2377],[74.691,33.238],[74.6911,33.2385],[74.6911,33.2389],[74.6911,33.2412],[74.692,33.2465],[74.692,33.2469],[74.6919,33.2474],[74.6917,33.2483],[74.6914,33.2491],[74.6912,33.2495],[74.6908,33.2499],[74.6904,33.2501],[74.6888,33.2503],[74.6875,33.2511],[74.6862,33.2525],[74.6819,33.2543],[74.6797,33.2545],[74.6781,33.2543],[74.6776,33.2544],[74.6772,33.2546],[74.6769,33.2549],[74.6761,33.2567],[74.676,33.2578],[74.6759,33.2582],[74.6759,33.2587],[74.6759,33.2592],[74.6757,33.26],[74.6755,33.2604],[74.6753,33.2607],[74.6749,33.2611],[74.6746,33.2614],[74.6738,33.2621],[74.6727,33.2632],[74.6707,33.2645],[74.6702,33.2646],[74.6691,33.2648],[74.6686,33.2648],[74.6676,33.2651],[74.6671,33.2653],[74.6667,33.2655],[74.6658,33.2661],[74.6619,33.2686],[74.6615,33.2689],[74.661,33.2691],[74.6606,33.2693],[74.6601,33.2695],[74.6562,33.2706],[74.6536,33.2717],[74.6527,33.2723],[74.6523,33.2726],[74.652,33.2729],[74.6513,33.2745],[74.6512,33.2754],[74.6513,33.2759],[74.6513,33.2764],[74.6542,33.281],[74.6549,33.2846],[74.6556,33.2863],[74.6558,33.2867],[74.6561,33.2875],[74.6566,33.2888],[74.6568,33.2892],[74.657,33.2897],[74.6573,33.29],[74.6575,33.2904],[74.6578,33.2908],[74.6586,33.2914],[74.6594,33.292],[74.6599,33.2922],[74.6604,33.2924],[74.6614,33.2928],[74.6619,33.293],[74.6624,33.2931],[74.6655,33.294],[74.666,33.2942],[74.6664,33.2944],[74.6669,33.2946],[74.6674,33.2948],[74.6678,33.2951],[74.6682,33.2954],[74.6685,33.2958],[74.6686,33.2958],[74.6732,33.2949],[74.6739,33.2948],[74.6743,33.2947],[74.6747,33.2947],[74.6751,33.2947],[74.6755,33.2947],[74.6759,33.2947],[74.6763,33.2947],[74.6771,33.2948],[74.6775,33.2949],[74.6779,33.295],[74.6783,33.2951],[74.6786,33.2952],[74.679,33.2954],[74.6793,33.2956],[74.68,33.2959],[74.6807,33.2962],[74.6823,33.2965],[74.6831,33.2965],[74.6839,33.2964],[74.6842,33.2962],[74.6846,33.2961],[74.6849,33.2959],[74.6852,33.2957],[74.6856,33.2955],[74.6859,33.2953],[74.6862,33.2951],[74.6866,33.2949],[74.6869,33.2948],[74.6873,33.2946],[74.6876,33.2945],[74.688,33.2944],[74.6883,33.2942],[74.6891,33.294],[74.6895,33.2938],[74.6898,33.2938],[74.6902,33.2937],[74.6906,33.2936],[74.691,33.2936],[74.6926,33.2938],[74.693,33.2939],[74.6934,33.294],[74.6937,33.2941],[74.6941,33.2942],[74.6945,33.2943],[74.6948,33.2944],[74.6952,33.2945],[74.696,33.2948],[74.6964,33.2949],[74.6968,33.295],[74.6976,33.2952],[74.6979,33.2952],[74.6983,33.2951],[74.6989,33.2944],[74.6992,33.2938],[74.6994,33.2932],[74.6995,33.2926],[74.6996,33.292],[74.6997,33.2914],[74.6999,33.2895],[74.7,33.2889],[74.7002,33.2877],[74.7004,33.2871],[74.7005,33.2864],[74.7007,33.2858],[74.7009,33.2853],[74.7011,33.2847],[74.7025,33.281],[74.7031,33.2799],[74.7036,33.2794],[74.7042,33.279],[74.7049,33.2788],[74.7056,33.2786],[74.7063,33.2785],[74.7071,33.2785],[74.7079,33.2784],[74.7086,33.2783],[74.7093,33.2781],[74.7099,33.2777],[74.7106,33.2774],[74.7129,33.2758],[74.7146,33.2746],[74.7151,33.2741],[74.7156,33.2737],[74.7162,33.2732],[74.7167,33.2728],[74.7172,33.2723],[74.7188,33.271],[74.7226,33.268],[74.7233,33.2669],[74.7235,33.2663],[74.7237,33.2657],[74.724,33.2651],[74.7243,33.2646],[74.7247,33.264],[74.7252,33.2636],[74.7258,33.2631],[74.7263,33.2627],[74.7274,33.2618],[74.728,33.2614],[74.7286,33.261],[74.7299,33.2604],[74.732,33.26],[74.7327,33.2597],[74.7348,33.259],[74.7362,33.2605],[74.7366,33.261],[74.7379,33.2639],[74.7383,33.2652],[74.7386,33.2657],[74.739,33.2662],[74.7397,33.2664],[74.7405,33.2666],[74.7413,33.2666],[74.742,33.2667],[74.7427,33.2667],[74.7435,33.2667],[74.7443,33.2667],[74.745,33.2667],[74.7458,33.2666],[74.7464,33.2663],[74.7483,33.2652],[74.7489,33.2649],[74.7496,33.2646],[74.7502,33.2643],[74.7508,33.2639],[74.7513,33.2634],[74.7517,33.2629],[74.753,33.2613],[74.7565,33.2565],[74.7569,33.2559],[74.7572,33.2554],[74.7575,33.2548],[74.7575,33.2546],[74.7576,33.2546],[74.7576,33.2547],[74.7577,33.2549],[74.7579,33.2553],[74.7586,33.2565],[74.7591,33.2575],[74.7594,33.2582],[74.7595,33.2585],[74.7596,33.2588],[74.7597,33.2592],[74.7597,33.2595],[74.7596,33.2606],[74.7596,33.2609],[74.7597,33.2613],[74.7597,33.2617],[74.7597,33.262],[74.7604,33.2659],[74.7604,33.2669],[74.7604,33.2672],[74.7603,33.2676],[74.7603,33.2679],[74.7603,33.269],[74.7606,33.2692],[74.7699,33.2664],[74.7751,33.2633],[74.776,33.2634],[74.7764,33.2635],[74.7768,33.2635],[74.7773,33.2636],[74.7777,33.2636],[74.7781,33.2637],[74.7785,33.2637],[74.7789,33.2638],[74.7793,33.2638],[74.7798,33.2638],[74.7802,33.2639],[74.7806,33.2639],[74.781,33.2639],[74.7815,33.2639],[74.7819,33.2639],[74.7823,33.2639],[74.7828,33.2639],[74.7832,33.2638],[74.7836,33.2638],[74.784,33.2637],[74.7852,33.2633],[74.7856,33.2632],[74.786,33.2631],[74.7864,33.2629],[74.7868,33.2628],[74.7872,33.2627],[74.7875,33.2624],[74.7883,33.2612],[74.7889,33.2587],[74.7897,33.2576],[74.7935,33.2572],[74.7981,33.2576],[74.8003,33.2577],[74.8011,33.2577],[74.802,33.2576],[74.8028,33.2575],[74.8032,33.2574],[74.8036,33.2573],[74.804,33.2572],[74.8044,33.2571],[74.8089,33.256],[74.8106,33.2558],[74.8187,33.2563],[74.8241,33.253],[74.8263,33.2504],[74.8306,33.2488],[74.8329,33.2464],[74.8332,33.2457],[74.8332,33.2453],[74.8332,33.245],[74.8331,33.2446],[74.833,33.2443],[74.8321,33.2431],[74.8319,33.2428],[74.8318,33.2425],[74.8316,33.2417],[74.8316,33.2414],[74.8317,33.2411],[74.832,33.2409],[74.8325,33.2408],[74.833,33.2408],[74.8338,33.2405],[74.8345,33.2396],[74.832,33.2345],[74.832,33.2334],[74.832,33.2331],[74.8318,33.2327],[74.8313,33.2322],[74.823,33.2318],[74.8206,33.2293],[74.8202,33.2291],[74.8198,33.229],[74.8194,33.2289],[74.819,33.2288],[74.8186,33.2287],[74.8183,33.2285],[74.818,33.2283],[74.8167,33.2268],[74.8156,33.2257],[74.8153,33.2254],[74.8151,33.2251],[74.8149,33.2249],[74.8147,33.2245],[74.8145,33.2242],[74.8144,33.2239],[74.8143,33.2235],[74.8141,33.2232],[74.814,33.2228],[74.8139,33.2225],[74.8138,33.2222],[74.8137,33.2218],[74.8136,33.2215],[74.8135,33.2211],[74.8134,33.2208],[74.8133,33.2204],[74.8133,33.2201],[74.8132,33.2198],[74.8129,33.2187],[74.813,33.2187],[74.8138,33.2177],[74.8147,33.2159],[74.8149,33.2153],[74.8155,33.2141],[74.8178,33.2113],[74.8202,33.2071],[74.8256,33.2082],[74.8282,33.2083],[74.8301,33.208],[74.8311,33.2079],[74.8329,33.208],[74.8401,33.2097],[74.8427,33.2106],[74.8435,33.2109],[74.8443,33.2113],[74.8467,33.2125],[74.8492,33.2136],[74.8527,33.2147],[74.8572,33.2175],[74.8707,33.2281],[74.8733,33.2304],[74.8739,33.2311],[74.8756,33.233],[74.8768,33.2342],[74.8775,33.2346],[74.8783,33.235],[74.8819,33.236],[74.8877,33.2384],[74.8913,33.2391],[74.8932,33.2391],[74.8941,33.2389],[74.895,33.2388],[74.8959,33.2386],[74.8976,33.2381],[74.8993,33.2378],[74.9034,33.2375],[74.9036,33.237],[74.9032,33.2362],[74.902,33.234],[74.9009,33.2326],[74.9007,33.2319],[74.9011,33.2314],[74.9051,33.2304],[74.9122,33.2295],[74.9166,33.2282],[74.9184,33.2278],[74.9193,33.2277],[74.9203,33.2276],[74.9342,33.2262],[74.936,33.2262],[74.937,33.2263],[74.9379,33.2265],[74.9388,33.2265],[74.9406,33.2259],[74.9446,33.2217],[74.9544,33.2168],[74.9566,33.2174],[74.9614,33.2232],[74.9622,33.2246],[74.9626,33.2261],[74.9627,33.2269],[74.9627,33.2276],[74.9632,33.2276],[74.9664,33.2247],[74.9734,33.2217],[74.9836,33.2211],[74.9872,33.2199],[74.9879,33.2196],[74.9886,33.2192],[74.9919,33.2174],[74.9926,33.2171],[74.9933,33.2169],[74.9956,33.2164],[74.9964,33.2164],[74.9972,33.2165],[74.998,33.2165],[74.9988,33.2165],[74.9995,33.2164],[75.0003,33.2162],[75.0011,33.216],[75.0018,33.2157],[75.0025,33.2155],[75.0039,33.2148],[75.0073,33.2132],[75.0101,33.2121],[75.0192,33.2098],[75.0221,33.209],[75.0229,33.2087],[75.0236,33.2085],[75.0243,33.2082],[75.025,33.2079],[75.0264,33.2073],[75.029,33.2058],[75.041,33.1985],[75.0437,33.1971],[75.0451,33.1965],[75.0458,33.1962],[75.0465,33.1959],[75.0494,33.1949],[75.0524,33.1941],[75.0532,33.194],[75.054,33.1939],[75.0548,33.1938],[75.0556,33.1937],[75.0563,33.1937],[75.0571,33.1936],[75.0579,33.1936],[75.0595,33.1937],[75.0611,33.1938],[75.0681,33.1947],[75.0688,33.1948],[75.0696,33.1949],[75.0704,33.1949],[75.0712,33.195],[75.0728,33.1951],[75.0736,33.1951],[75.0744,33.1951],[75.0752,33.1951],[75.0759,33.195],[75.0767,33.195],[75.0775,33.1949],[75.0783,33.1947],[75.079,33.1946],[75.0798,33.1944],[75.0806,33.1942],[75.0813,33.1941],[75.0821,33.1939],[75.0828,33.1937],[75.0836,33.1936],[75.0844,33.1935],[75.0852,33.1933],[75.0859,33.1932],[75.0867,33.193],[75.0889,33.1924],[75.0904,33.192],[75.0911,33.1917],[75.0919,33.1915],[75.0941,33.1909],[75.0949,33.1907],[75.0956,33.1904],[75.0962,33.1902],[75.0954,33.1896],[75.095,33.1892],[75.0946,33.1889],[75.0942,33.1886],[75.0938,33.1882],[75.0934,33.1879],[75.093,33.1875],[75.0922,33.1869],[75.0918,33.1865],[75.0914,33.1862],[75.091,33.1858],[75.0906,33.1854],[75.0903,33.1851],[75.0899,33.1847],[75.0892,33.1839],[75.0889,33.1836],[75.0886,33.1832],[75.0883,33.1828],[75.088,33.1823],[75.0875,33.1815],[75.0872,33.181],[75.0868,33.1801],[75.0863,33.1792],[75.0849,33.1779],[75.079,33.1756],[75.078,33.1751],[75.0772,33.1745],[75.0769,33.1741],[75.0766,33.1737],[75.0765,33.1732],[75.0764,33.1728],[75.0764,33.1723],[75.0764,33.1718],[75.0765,33.1713],[75.0767,33.1708],[75.0769,33.1703],[75.0788,33.1674],[75.0784,33.1666],[75.0779,33.1663],[75.0769,33.1658],[75.0747,33.1652],[75.0713,33.1645],[75.0687,33.1628],[75.0685,33.1623],[75.0683,33.1619],[75.0677,33.1605],[75.0675,33.16],[75.0672,33.1596],[75.0669,33.1592],[75.0661,33.1586],[75.0656,33.1583],[75.0651,33.158],[75.0636,33.1574],[75.0619,33.1573],[75.0613,33.1572],[75.0608,33.157],[75.0604,33.1566],[75.0604,33.1562],[75.0618,33.154],[75.062,33.1536],[75.0621,33.1531],[75.0674,33.1483],[75.0679,33.1482],[75.0685,33.148],[75.0702,33.1478],[75.0713,33.1475],[75.0718,33.1471],[75.072,33.1467],[75.072,33.1463],[75.0711,33.1456],[75.0706,33.1454],[75.07,33.1452],[75.0696,33.1449],[75.069,33.1436],[75.0691,33.1417],[75.0693,33.1412],[75.0695,33.1408],[75.0721,33.1412],[75.0749,33.1436],[75.0767,33.1434],[75.0772,33.1432],[75.0775,33.1428],[75.0775,33.1423],[75.0774,33.1419],[75.0771,33.1415],[75.0754,33.1401],[75.0752,33.1391],[75.0753,33.1387],[75.0754,33.1382],[75.0754,33.1377],[75.0737,33.1352],[75.073,33.1345],[75.0726,33.1342],[75.0722,33.1338],[75.0686,33.1314],[75.0665,33.1307],[75.0625,33.1301],[75.0614,33.13],[75.0608,33.13],[75.0602,33.13],[75.052,33.132],[75.0509,33.1322],[75.0503,33.1321],[75.0492,33.132],[75.047,33.1312],[75.0461,33.1307],[75.0456,33.1304],[75.0451,33.1302],[75.0433,33.129],[75.0429,33.1287],[75.0424,33.1284],[75.042,33.1281],[75.0416,33.1278],[75.0411,33.1275],[75.0403,33.1268],[75.0399,33.1265],[75.0395,33.1261],[75.0391,33.1258],[75.0389,33.1256],[75.0383,33.1257],[75.0359,33.1262],[75.0335,33.1267],[75.0323,33.127],[75.0317,33.1271],[75.0299,33.1274],[75.0287,33.1275],[75.0268,33.1277],[75.0262,33.1278],[75.025,33.1281],[75.0227,33.1286],[75.0205,33.1289],[75.0192,33.1289],[75.0181,33.131],[75.0196,33.1319],[75.0202,33.1327],[75.0201,33.1338],[75.02,33.1348],[75.0204,33.1363],[75.0208,33.1374],[75.0186,33.1385],[75.018,33.1385],[75.0168,33.1386],[75.0119,33.1384],[75.0096,33.1391],[75.0084,33.1393],[75.0072,33.1396],[75.0062,33.1402],[75.0052,33.1415],[75.005,33.142],[75.0039,33.1432],[75.0034,33.1435],[75.0024,33.1452],[75.0024,33.1463],[75.0024,33.1478],[75.0024,33.1494],[75.0026,33.1509],[75.0032,33.154],[75.003,33.1545],[75,33.1547],[74.999,33.156],[74.9981,33.1564],[74.9968,33.1562],[74.9956,33.1564],[74.9946,33.157],[74.9935,33.1575],[74.993,33.1578],[74.9919,33.1583],[74.9892,33.1575],[74.9861,33.1557],[74.9843,33.1553],[74.9818,33.1553],[74.9812,33.1554],[74.9795,33.156],[74.9777,33.1574],[74.9769,33.1582],[74.9761,33.1589],[74.9751,33.1596],[74.9741,33.1601],[74.9735,33.1604],[74.9719,33.1612],[74.9709,33.1618],[74.9691,33.1631],[74.9686,33.1635],[74.9665,33.1654],[74.9644,33.1672],[74.9628,33.1688],[74.9621,33.1696],[74.9608,33.1713],[74.9601,33.1722],[74.9585,33.1744],[74.9573,33.1756],[74.9569,33.176],[74.9553,33.1768],[74.9536,33.1774],[74.9525,33.1785],[74.952,33.1797],[74.9515,33.1809],[74.9509,33.1814],[74.9493,33.1805],[74.9488,33.1802],[74.9479,33.1795],[74.9474,33.1792],[74.9465,33.1786],[74.946,33.1783],[74.9451,33.1777],[74.944,33.1772],[74.9435,33.1769],[74.9424,33.1764],[74.9413,33.1759],[74.9396,33.1752],[74.939,33.175],[74.9354,33.1749],[74.9342,33.1753],[74.9331,33.1757],[74.932,33.1763],[74.931,33.1768],[74.93,33.1774],[74.9285,33.1781],[74.9273,33.1787],[74.9256,33.1788],[74.9253,33.1784],[74.925,33.1773],[74.9242,33.1754],[74.9234,33.174],[74.9228,33.1731],[74.9223,33.1722],[74.9216,33.1713],[74.9213,33.1709],[74.9208,33.1699],[74.9202,33.169],[74.9199,33.1685],[74.9193,33.1671],[74.9192,33.1666],[74.919,33.164],[74.919,33.163],[74.9189,33.162],[74.9186,33.161],[74.9182,33.16],[74.9166,33.1567],[74.9135,33.1538],[74.9123,33.1535],[74.9099,33.1534],[74.9087,33.1535],[74.9062,33.1536],[74.9049,33.1536],[74.9037,33.1535],[74.9031,33.1535],[74.9006,33.1534],[74.8981,33.1531],[74.8963,33.153],[74.8957,33.1531],[74.8934,33.1538],[74.8929,33.154],[74.8906,33.1551],[74.89,33.1553],[74.8882,33.1556],[74.887,33.1555],[74.8854,33.1548],[74.8844,33.1541],[74.8831,33.1529],[74.8821,33.1516],[74.8815,33.1507],[74.8811,33.1503],[74.8798,33.1492],[74.8782,33.1485],[74.8769,33.1485],[74.8746,33.1489],[74.872,33.1492],[74.8686,33.1501],[74.8675,33.1514],[74.8666,33.152],[74.8641,33.1523],[74.8623,33.1521],[74.8605,33.1517],[74.8594,33.1513],[74.8576,33.1509],[74.857,33.1508],[74.8552,33.1504],[74.854,33.1501],[74.8529,33.1497],[74.8518,33.1492],[74.8497,33.148],[74.8492,33.1477],[74.8482,33.1471],[74.8457,33.1467],[74.8444,33.1467],[74.8419,33.1441],[74.8391,33.1429],[74.8377,33.1428],[74.837,33.1427],[74.8357,33.1425],[74.8351,33.1423],[74.8327,33.1412],[74.8322,33.1407],[74.8326,33.1392],[74.8333,33.1382],[74.8338,33.1371],[74.8348,33.1351],[74.8359,33.1338],[74.8382,33.1327],[74.8395,33.1323],[74.8408,33.1319],[74.8419,33.1313],[74.8442,33.1294],[74.8446,33.1289],[74.8478,33.1269],[74.8491,33.1267],[74.8498,33.1267],[74.8518,33.1268],[74.8525,33.1268],[74.8538,33.1268],[74.8544,33.1266],[74.8557,33.1263],[74.8563,33.126],[74.8582,33.1255],[74.8629,33.1247],[74.8639,33.124],[74.8644,33.1236],[74.8653,33.1228],[74.8658,33.1224],[74.8677,33.1209],[74.8686,33.1201],[74.8696,33.1194],[74.8706,33.1187],[74.8712,33.1183],[74.8722,33.1176],[74.8749,33.116],[74.877,33.1146],[74.8792,33.1133],[74.8797,33.113],[74.8809,33.1125],[74.8826,33.1116],[74.8839,33.1103],[74.8848,33.1095],[74.8853,33.1091],[74.8878,33.1084],[74.8892,33.1083],[74.8911,33.1083],[74.8931,33.1085],[74.8951,33.1091],[74.8958,33.1093],[74.8977,33.1093],[74.8982,33.109],[74.8991,33.1082],[74.8996,33.1078],[74.9006,33.1063],[74.9011,33.1047],[74.9012,33.1036],[74.9013,33.1008],[74.901,33.0997],[74.9001,33.0989],[74.9007,33.0953],[74.9021,33.0939],[74.9026,33.093],[74.9025,33.0919],[74.9014,33.0898],[74.9003,33.0878],[74.8997,33.0868],[74.8992,33.0859],[74.8978,33.0834],[74.8962,33.0803],[74.8957,33.0792],[74.8948,33.0787],[74.8937,33.0784],[74.8932,33.0784],[74.8927,33.0806],[74.8875,33.0804],[74.8848,33.0778],[74.8779,33.078],[74.8688,33.0729],[74.8603,33.0749],[74.8514,33.08],[74.8514,33.0801],[74.8511,33.0802],[74.8409,33.0795],[74.8406,33.0793],[74.8342,33.0729],[74.8285,33.0721],[74.824,33.0739],[74.8237,33.074],[74.8168,33.0693],[74.8165,33.0691],[74.8139,33.0701],[74.8098,33.0665],[74.8096,33.062],[74.8129,33.0553],[74.8182,33.0514],[74.8221,33.0502],[74.8225,33.0499],[74.822,33.0466],[74.8216,33.0463],[74.8176,33.0459],[74.817,33.0428],[74.8109,33.0426],[74.8105,33.0424],[74.8053,33.0348],[74.8004,33.0315],[74.7945,33.0299],[74.7941,33.0298],[74.7934,33.0297]]]},"properties":{"ac_no":57,"ac_name":"REASI","ac_category":"GEN","st_name":"JAMMU AND KASHMIR"}},{"type":"Feature","geometry":{"type":"Polygon","coordinates":[[[74.1507,33.3042],[74.161,33.2984],[74.1604,33.2889],[74.1588,33.2875],[74.1619,33.2795],[74.165,33.2775],[74.1671,33.2795],[74.1686,33.2802],[74.175,33.287],[74.1762,33.2877],[74.1833,33.2885],[74.1861,33.2856],[74.1891,33.2844],[74.1937,33.2803],[74.194,33.2793],[74.1961,33.2778],[74.1981,33.2766],[74.2166,33.263],[74.218,33.2571],[74.2171,33.2516],[74.219,33.2503],[74.2308,33.2506],[74.2359,33.2513],[74.2425,33.2492],[74.2499,33.2449],[74.2501,33.2424],[74.2482,33.2379],[74.2598,33.2368],[74.2687,33.2489],[74.2771,33.2498],[74.2822,33.2525],[74.2841,33.2416],[74.2907,33.2341],[74.2969,33.2268],[74.2976,33.2195],[74.2938,33.2128],[74.2938,33.2114],[74.2939,33.2066],[74.2969,33.1981],[74.2965,33.1974],[74.2939,33.1915],[74.2873,33.1839],[74.2873,33.1734],[74.2895,33.167],[74.2903,33.1656],[74.2908,33.1645],[74.3058,33.1652],[74.3066,33.1653],[74.3136,33.1664],[74.3182,33.1671],[74.3188,33.1646],[74.3199,33.16],[74.3203,33.1585],[74.327,33.1489],[74.323,33.1396],[74.3247,33.1386],[74.3255,33.1381],[74.3321,33.1332],[74.3392,33.1297],[74.3445,33.1321],[74.3527,33.1386],[74.3591,33.1442],[74.3638,33.1483],[74.3664,33.1482],[74.3693,33.1442],[74.37,33.1346],[74.3729,33.1274],[74.3702,33.1246],[74.3685,33.1176],[74.3714,33.1131],[74.3711,33.1065],[74.3686,33.1003],[74.3698,33.0905],[74.375,33.0706],[74.3688,33.0703],[74.3687,33.0698],[74.3691,33.0694],[74.3729,33.0671],[74.3732,33.066],[74.3753,33.0644],[74.3907,33.0624],[74.3958,33.0633],[74.4005,33.0657],[74.4037,33.0667],[74.405,33.067],[74.4071,33.0678],[74.4085,33.0675],[74.4162,33.0678],[74.417,33.0682],[74.4188,33.0686],[74.4222,33.0693],[74.4296,33.0697],[74.4329,33.0691],[74.438,33.0687],[74.4386,33.064],[74.4511,33.0616],[74.4509,33.0575],[74.4516,33.0563],[74.4519,33.0557],[74.452,33.0544],[74.4514,33.0537],[74.45,33.0528],[74.4496,33.0519],[74.4451,33.0491],[74.4456,33.0449],[74.4473,33.0423],[74.448,33.0412],[74.451,33.0369],[74.4509,33.0366],[74.4529,33.0329],[74.4555,33.0305],[74.4569,33.0298],[74.4587,33.0278],[74.4599,33.0237],[74.4589,33.0226],[74.4578,33.0224],[74.4559,33.0216],[74.4523,33.0212],[74.4526,33.0197],[74.4531,33.0186],[74.4552,33.0171],[74.4559,33.0171],[74.4584,33.0154],[74.4534,33.0142],[74.4497,33.0123],[74.4486,33.0126],[74.4476,33.0131],[74.4472,33.0132],[74.4467,33.0134],[74.4465,33.0134],[74.4463,33.0132],[74.4459,33.0123],[74.4447,33.0115],[74.4437,33.0096],[74.4469,33.0047],[74.4483,33.0001],[74.4418,32.9985],[74.4374,32.9971],[74.4318,32.9942],[74.4268,32.9929],[74.4193,32.9876],[74.4125,32.9797],[74.4115,32.9775],[74.4105,32.9761],[74.4095,32.9749],[74.4084,32.9736],[74.4073,32.9731],[74.4056,32.9714],[74.405,32.9707],[74.4047,32.9704],[74.4044,32.9678],[74.3995,32.9655],[74.3959,32.9666],[74.3926,32.9645],[74.3917,32.9597],[74.3784,32.9547],[74.3719,32.9531],[74.3712,32.9513],[74.3709,32.9509],[74.3694,32.9501],[74.369,32.95],[74.3688,32.9502],[74.3686,32.9519],[74.3683,32.9528],[74.3679,32.9534],[74.3666,32.9543],[74.3663,32.9545],[74.3661,32.9545],[74.366,32.9545],[74.3659,32.9543],[74.3653,32.9531],[74.3621,32.9532],[74.3614,32.9531],[74.359,32.9522],[74.3545,32.9529],[74.3532,32.9522],[74.352,32.9514],[74.3509,32.9509],[74.3504,32.9509],[74.3501,32.951],[74.35,32.9513],[74.3501,32.9532],[74.35,32.9538],[74.3497,32.9544],[74.3493,32.9546],[74.3489,32.9546],[74.3486,32.9545],[74.3483,32.9542],[74.3479,32.9527],[74.3476,32.9515],[74.3467,32.9522],[74.3454,32.953],[74.3449,32.9531],[74.3439,32.9528],[74.3427,32.9525],[74.3421,32.9536],[74.3413,32.9543],[74.3398,32.9544],[74.339,32.9572],[74.3381,32.9601],[74.3374,32.9622],[74.335,32.9716],[74.3339,32.9751],[74.3326,32.9794],[74.3302,32.9873],[74.3296,32.9892],[74.3276,32.9967],[74.3269,32.9997],[74.3234,33.0031],[74.3209,33.0062],[74.3206,33.0074],[74.3205,33.0089],[74.3205,33.0112],[74.3204,33.0131],[74.3203,33.0144],[74.3205,33.0162],[74.3207,33.0178],[74.3201,33.02],[74.3203,33.0218],[74.3208,33.0231],[74.3211,33.0237],[74.3248,33.0274],[74.3257,33.0287],[74.3257,33.0297],[74.3254,33.0307],[74.3246,33.0316],[74.3233,33.0321],[74.3204,33.0323],[74.3185,33.032],[74.3166,33.0314],[74.3137,33.0299],[74.3103,33.0314],[74.31,33.0319],[74.3098,33.0321],[74.3081,33.032],[74.3056,33.0318],[74.3021,33.0314],[74.2986,33.0325],[74.2937,33.0347],[74.2829,33.0377],[74.2798,33.0374],[74.2709,33.0416],[74.2673,33.0446],[74.2654,33.0447],[74.2642,33.0446],[74.2626,33.0441],[74.2603,33.0431],[74.2584,33.0435],[74.257,33.0446],[74.2563,33.0454],[74.2492,33.0456],[74.2476,33.047],[74.2448,33.0492],[74.2438,33.0499],[74.2418,33.05],[74.2392,33.0511],[74.2355,33.0512],[74.2306,33.0563],[74.2235,33.059],[74.2205,33.0608],[74.2192,33.0612],[74.2177,33.0622],[74.2168,33.0621],[74.2156,33.0613],[74.2144,33.0612],[74.2084,33.0672],[74.2024,33.0666],[74.1994,33.0682],[74.1977,33.0692],[74.1963,33.0699],[74.1925,33.0723],[74.1917,33.0725],[74.1905,33.072],[74.1896,33.0715],[74.189,33.0707],[74.1876,33.0707],[74.1846,33.072],[74.1833,33.0728],[74.1809,33.0726],[74.176,33.0736],[74.1744,33.0743],[74.1729,33.0746],[74.1703,33.0744],[74.1708,33.0811],[74.1725,33.0811],[74.1735,33.0814],[74.1739,33.0837],[74.1743,33.0849],[74.1778,33.088],[74.1797,33.0876],[74.1803,33.0877],[74.1808,33.0883],[74.1811,33.0889],[74.1818,33.0894],[74.1821,33.0907],[74.181,33.0927],[74.1785,33.096],[74.1775,33.0989],[74.1672,33.1026],[74.1634,33.1055],[74.159,33.1115],[74.1594,33.1131],[74.1624,33.1206],[74.163,33.122],[74.1627,33.1231],[74.1617,33.1235],[74.1597,33.1243],[74.1561,33.1257],[74.1549,33.1278],[74.1543,33.1295],[74.1539,33.1311],[74.1539,33.1331],[74.153,33.1362],[74.1487,33.1411],[74.1458,33.144],[74.1421,33.1477],[74.1405,33.1475],[74.1374,33.1475],[74.1351,33.148],[74.1338,33.1494],[74.1335,33.1501],[74.1332,33.151],[74.1334,33.1549],[74.1307,33.156],[74.13,33.1566],[74.1308,33.1569],[74.1305,33.1597],[74.1192,33.1615],[74.1165,33.1594],[74.1071,33.1676],[74.1046,33.1667],[74.1033,33.1664],[74.1015,33.1664],[74.0998,33.1665],[74.0987,33.1673],[74.0868,33.1734],[74.0838,33.1758],[74.0816,33.1782],[74.0793,33.1802],[74.076,33.1834],[74.0712,33.1903],[74.0704,33.1924],[74.07,33.1932],[74.0698,33.1947],[74.0696,33.1951],[74.0688,33.195],[74.0681,33.1954],[74.0633,33.1974],[74.0621,33.1977],[74.0612,33.1973],[74.0604,33.1965],[74.059,33.1958],[74.056,33.1953],[74.0543,33.194],[74.0532,33.194],[74.0522,33.1941],[74.0509,33.197],[74.0501,33.1991],[74.0501,33.2004],[74.0458,33.2006],[74.0398,33.1971],[74.0384,33.197],[74.0371,33.1965],[74.0359,33.1962],[74.0283,33.1998],[74.0263,33.2011],[74.0242,33.2034],[74.0174,33.2041],[74.0166,33.205],[74.0172,33.2073],[74.0164,33.2099],[74.0166,33.2115],[74.0165,33.2119],[74.0154,33.2123],[74.0143,33.2123],[74.0135,33.213],[74.0089,33.2148],[74.0066,33.2137],[74.0063,33.2158],[74.0071,33.2187],[74.0056,33.2213],[74.0055,33.2234],[74.0065,33.224],[74.0079,33.2243],[74.0081,33.2249],[74.0078,33.226],[74.0065,33.2271],[74.006,33.229],[74.0071,33.2307],[74.0065,33.2318],[74.0025,33.2344],[74.002,33.236],[74.0021,33.2379],[74.0024,33.239],[74.0031,33.2401],[74.0028,33.2421],[74.0056,33.2464],[74.0063,33.2489],[74.0061,33.2492],[74.0059,33.2496],[74.0146,33.2571],[74.0235,33.2625],[74.0354,33.2656],[74.0442,33.2702],[74.0497,33.2744],[74.0595,33.2779],[74.0696,33.2825],[74.0708,33.2829],[74.0711,33.283],[74.0716,33.2831],[74.0734,33.2835],[74.0744,33.2836],[74.0755,33.2838],[74.0794,33.2844],[74.0821,33.2848],[74.0894,33.2844],[74.0901,33.2844],[74.0904,33.2845],[74.0909,33.2845],[74.0917,33.2848],[74.0926,33.2852],[74.0934,33.2856],[74.0949,33.2864],[74.0959,33.287],[74.0969,33.2876],[74.0987,33.2885],[74.1036,33.2914],[74.1081,33.2938],[74.1087,33.2942],[74.1093,33.2946],[74.1203,33.2999],[74.1211,33.3002],[74.1219,33.3004],[74.1245,33.3014],[74.1253,33.3018],[74.126,33.3021],[74.1277,33.3029],[74.133,33.3054],[74.1336,33.3057],[74.134,33.3058],[74.1345,33.306],[74.1351,33.3063],[74.1371,33.3074],[74.1372,33.3076],[74.1507,33.3042]]]},"properties":{"ac_no":84,"ac_name":"NOWSHERA","ac_category":"GEN","st_name":"JAMMU AND KASHMIR"}},{"type":"Feature","geometry":{"type":"Polygon","coordinates":[[[74.4781,33.3077],[74.4736,33.3139],[74.4691,33.3145],[74.4618,33.3115],[74.4395,33.3121],[74.4307,33.3096],[74.4104,33.3107],[74.4072,33.3101],[74.4018,33.3133],[74.4002,33.3188],[74.4071,33.3249],[74.4066,33.3373],[74.4169,33.3535],[74.4147,33.3596],[74.4147,33.3658],[74.4253,33.3666],[74.4233,33.3747],[74.4393,33.3816],[74.447,33.3888],[74.4587,33.3918],[74.4761,33.3991],[74.4799,33.4088],[74.4769,33.4157],[74.4697,33.4074],[74.4443,33.3954],[74.4341,33.3963],[74.4189,33.3951],[74.4158,33.3963],[74.4158,33.4026],[74.4109,33.4022],[74.3985,33.3994],[74.3846,33.3995],[74.3824,33.4044],[74.3815,33.4041],[74.3814,33.4042],[74.3808,33.4121],[74.3808,33.4122],[74.3856,33.4221],[74.4047,33.4382],[74.4113,33.4489],[74.4221,33.4535],[74.4302,33.4597],[74.4479,33.4665],[74.473,33.4728],[74.4958,33.481],[74.5106,33.4843],[74.5112,33.4847],[74.5123,33.4845],[74.5133,33.4849],[74.5148,33.4858],[74.5164,33.4861],[74.5177,33.4855],[74.5185,33.4845],[74.5187,33.4843],[74.5213,33.4818],[74.5224,33.4802],[74.5223,33.4792],[74.5216,33.4773],[74.5249,33.4757],[74.5284,33.4708],[74.5334,33.4718],[74.5355,33.4713],[74.5383,33.4698],[74.5398,33.4678],[74.5403,33.4682],[74.5406,33.4689],[74.5406,33.4699],[74.5415,33.4713],[74.5432,33.474],[74.5432,33.4752],[74.54,33.4777],[74.5401,33.4788],[74.5404,33.4794],[74.5416,33.481],[74.5405,33.4827],[74.538,33.4856],[74.5379,33.4868],[74.5411,33.489],[74.5432,33.4889],[74.5455,33.4887],[74.5472,33.4894],[74.5492,33.4904],[74.5513,33.4911],[74.5532,33.491],[74.5576,33.492],[74.5605,33.4935],[74.5623,33.4936],[74.5642,33.4933],[74.5654,33.493],[74.5685,33.4921],[74.5713,33.4916],[74.5724,33.4919],[74.5731,33.4928],[74.5732,33.4945],[74.573,33.496],[74.573,33.4968],[74.5715,33.4985],[74.5705,33.4996],[74.5704,33.5012],[74.5699,33.5028],[74.5707,33.5032],[74.5729,33.5048],[74.5739,33.5061],[74.5743,33.5074],[74.5744,33.5075],[74.5744,33.5074],[74.5745,33.5074],[74.5746,33.5074],[74.5804,33.5087],[74.5844,33.509],[74.5885,33.5094],[74.5891,33.5093],[74.5893,33.5086],[74.5888,33.5046],[74.5888,33.5044],[74.5892,33.5037],[74.5912,33.5022],[74.5979,33.5025],[74.6041,33.5013],[74.6045,33.501],[74.6047,33.4996],[74.6065,33.4968],[74.6072,33.496],[74.6082,33.4965],[74.6132,33.4987],[74.6145,33.4989],[74.619,33.4972],[74.6277,33.4978],[74.6282,33.497],[74.6288,33.4962],[74.6292,33.4954],[74.6297,33.4942],[74.631,33.4895],[74.6345,33.4881],[74.6352,33.4874],[74.6355,33.487],[74.6356,33.4866],[74.6357,33.4857],[74.6354,33.484],[74.6354,33.4831],[74.6361,33.4809],[74.6361,33.4804],[74.6361,33.48],[74.6358,33.4796],[74.6355,33.4793],[74.6346,33.4787],[74.6305,33.4776],[74.6299,33.4769],[74.6288,33.4742],[74.6287,33.4738],[74.6288,33.4734],[74.6303,33.4705],[74.6303,33.4701],[74.6303,33.4696],[74.6303,33.4692],[74.6301,33.4688],[74.6291,33.4672],[74.6273,33.4662],[74.622,33.4668],[74.6201,33.4641],[74.6145,33.4653],[74.6125,33.4656],[74.6083,33.4661],[74.6067,33.4664],[74.6061,33.4664],[74.6056,33.4665],[74.605,33.4665],[74.6045,33.4664],[74.6035,33.4661],[74.6031,33.4658],[74.6031,33.4654],[74.6031,33.464],[74.603,33.4636],[74.6028,33.4631],[74.6018,33.461],[74.6022,33.4603],[74.6026,33.4599],[74.603,33.4596],[74.6034,33.4593],[74.6037,33.4589],[74.604,33.4586],[74.6047,33.4579],[74.6053,33.4572],[74.6059,33.4565],[74.6062,33.4561],[74.6065,33.4557],[74.6067,33.4553],[74.607,33.4549],[74.6073,33.4545],[74.6078,33.4537],[74.608,33.4533],[74.6086,33.4526],[74.6089,33.4522],[74.6093,33.4519],[74.6112,33.451],[74.6133,33.4506],[74.6169,33.4502],[74.6175,33.4501],[74.6181,33.45],[74.6186,33.4498],[74.6189,33.4495],[74.6187,33.4487],[74.6177,33.4466],[74.6187,33.4431],[74.6196,33.4427],[74.6202,33.4427],[74.6207,33.4427],[74.6254,33.4437],[74.6307,33.4429],[74.6366,33.44],[74.6371,33.4401],[74.6376,33.4401],[74.6393,33.4404],[74.6403,33.4406],[74.6458,33.4386],[74.6559,33.4412],[74.6575,33.4401],[74.6581,33.4388],[74.6584,33.4384],[74.6586,33.4381],[74.659,33.4377],[74.6593,33.4374],[74.6604,33.4363],[74.6608,33.436],[74.6612,33.4358],[74.6622,33.4355],[74.6639,33.4355],[74.6644,33.4355],[74.665,33.4354],[74.6681,33.4332],[74.6689,33.4314],[74.6692,33.4306],[74.6693,33.4302],[74.6694,33.4297],[74.6694,33.4293],[74.6693,33.4289],[74.6692,33.4284],[74.6691,33.428],[74.6688,33.4271],[74.6687,33.4267],[74.6685,33.4258],[74.6685,33.4249],[74.6695,33.4234],[74.6723,33.42],[74.6723,33.4174],[74.6717,33.4134],[74.6712,33.4127],[74.6692,33.4111],[74.6667,33.4064],[74.6653,33.4003],[74.6694,33.3955],[74.6699,33.3957],[74.6704,33.3957],[74.6742,33.3958],[74.6728,33.3917],[74.6703,33.3907],[74.6701,33.3904],[74.67,33.39],[74.6708,33.3863],[74.6715,33.3851],[74.6706,33.3831],[74.6706,33.3826],[74.6709,33.3818],[74.6739,33.3798],[74.6745,33.3755],[74.6754,33.3739],[74.676,33.3732],[74.6764,33.3729],[74.6769,33.3727],[74.6778,33.3723],[74.6783,33.372],[74.6786,33.3717],[74.6789,33.3712],[74.679,33.3708],[74.6789,33.3703],[74.6772,33.3692],[74.6769,33.3689],[74.6769,33.3684],[74.6773,33.3676],[74.6806,33.3658],[74.6853,33.363],[74.6857,33.3627],[74.686,33.3623],[74.6861,33.3619],[74.6859,33.3615],[74.6855,33.3612],[74.6835,33.3596],[74.6831,33.3593],[74.6823,33.3588],[74.6818,33.3585],[74.6814,33.3583],[74.6805,33.3578],[74.68,33.3575],[74.6795,33.3573],[74.6791,33.3571],[74.6786,33.3569],[74.6781,33.3566],[74.6772,33.3562],[74.6763,33.3558],[74.6733,33.3545],[74.6724,33.354],[74.6721,33.3537],[74.6717,33.3533],[74.6714,33.353],[74.6712,33.3525],[74.6709,33.3516],[74.6707,33.3512],[74.6704,33.3509],[74.6699,33.3507],[74.6694,33.3507],[74.6682,33.3507],[74.6661,33.351],[74.6656,33.3511],[74.6637,33.3527],[74.6622,33.353],[74.6616,33.353],[74.6602,33.3534],[74.6592,33.353],[74.6583,33.3524],[74.6578,33.3521],[74.6574,33.3521],[74.6569,33.3522],[74.6558,33.3527],[74.6553,33.3528],[74.6548,33.3528],[74.6534,33.3522],[74.6523,33.3522],[74.6517,33.3523],[74.6512,33.3525],[74.6507,33.3527],[74.6502,33.3527],[74.6497,33.3527],[74.6487,33.3522],[74.6481,33.3515],[74.6481,33.3506],[74.6483,33.3492],[74.6483,33.3488],[74.6483,33.3483],[74.6481,33.3474],[74.648,33.3466],[74.6479,33.3461],[74.6478,33.3457],[74.6474,33.3417],[74.6473,33.3412],[74.6475,33.3408],[74.6478,33.3405],[74.6505,33.339],[74.6514,33.3385],[74.6519,33.3383],[74.6523,33.338],[74.6527,33.3377],[74.6529,33.3373],[74.6531,33.3368],[74.653,33.3364],[74.6528,33.336],[74.6512,33.3337],[74.6499,33.3307],[74.6494,33.3299],[74.6475,33.3278],[74.6474,33.3274],[74.6472,33.3269],[74.6472,33.326],[74.6484,33.324],[74.654,33.3187],[74.6544,33.3184],[74.6548,33.3181],[74.656,33.3172],[74.6572,33.3163],[74.6586,33.3149],[74.6634,33.3085],[74.6694,33.3041],[74.6695,33.2983],[74.669,33.2965],[74.6688,33.2961],[74.6686,33.2958],[74.6685,33.2958],[74.6682,33.2954],[74.6678,33.2951],[74.6674,33.2948],[74.6669,33.2946],[74.6664,33.2944],[74.666,33.2942],[74.6655,33.294],[74.6624,33.2931],[74.6619,33.293],[74.6614,33.2928],[74.6604,33.2924],[74.6599,33.2922],[74.6594,33.292],[74.6586,33.2914],[74.6578,33.2908],[74.6575,33.2904],[74.6573,33.29],[74.657,33.2897],[74.6568,33.2892],[74.6566,33.2888],[74.6561,33.2875],[74.6558,33.2867],[74.6556,33.2863],[74.6549,33.2846],[74.6542,33.281],[74.6513,33.2764],[74.6513,33.2759],[74.6512,33.2754],[74.6513,33.2745],[74.652,33.2729],[74.6523,33.2726],[74.6527,33.2723],[74.6536,33.2717],[74.6577,33.2704],[74.6592,33.2699],[74.6601,33.2695],[74.6606,33.2693],[74.661,33.2691],[74.6615,33.2689],[74.6619,33.2686],[74.6658,33.2661],[74.6667,33.2655],[74.6671,33.2653],[74.6676,33.2651],[74.6686,33.2648],[74.6691,33.2648],[74.6702,33.2646],[74.6707,33.2645],[74.6727,33.2632],[74.6749,33.2611],[74.6753,33.2607],[74.6755,33.2604],[74.6757,33.26],[74.6759,33.2592],[74.6759,33.2587],[74.6759,33.2582],[74.676,33.2578],[74.6761,33.2567],[74.6769,33.2549],[74.6772,33.2546],[74.6776,33.2544],[74.6781,33.2543],[74.6797,33.2545],[74.6819,33.2543],[74.6862,33.2525],[74.6888,33.2503],[74.6904,33.2501],[74.6908,33.2499],[74.6912,33.2495],[74.6914,33.2491],[74.6917,33.2483],[74.6919,33.2474],[74.692,33.2469],[74.692,33.2465],[74.6911,33.2412],[74.6911,33.2389],[74.6911,33.2385],[74.691,33.238],[74.6908,33.2377],[74.6905,33.2373],[74.6894,33.2363],[74.6882,33.2343],[74.688,33.2326],[74.6882,33.2303],[74.6883,33.2299],[74.6883,33.2294],[74.6883,33.229],[74.6883,33.2276],[74.6882,33.2268],[74.6882,33.2263],[74.6881,33.2259],[74.6881,33.2254],[74.6878,33.2237],[74.6875,33.2206],[74.6852,33.2133],[74.6842,33.2122],[74.6839,33.2119],[74.6818,33.2083],[74.6812,33.2065],[74.6811,33.2061],[74.6811,33.2056],[74.6811,33.2052],[74.6811,33.2047],[74.6812,33.2043],[74.6813,33.2039],[74.6815,33.2035],[74.6821,33.2027],[74.6824,33.2023],[74.6828,33.202],[74.6836,33.2014],[74.684,33.2011],[74.6844,33.2008],[74.6849,33.2006],[74.6856,33.2],[74.6865,33.1988],[74.6866,33.1984],[74.6867,33.1979],[74.6865,33.1975],[74.6862,33.1971],[74.6858,33.1968],[74.6854,33.1966],[74.6844,33.1962],[74.6828,33.196],[74.6817,33.196],[74.68,33.1961],[74.6795,33.1961],[74.6789,33.1961],[74.6784,33.1961],[74.6778,33.1962],[74.6773,33.1962],[74.6763,33.1965],[74.6734,33.1976],[74.663,33.1935],[74.6613,33.1907],[74.6605,33.1877],[74.6603,33.1872],[74.6601,33.1867],[74.6598,33.1865],[74.6544,33.1875],[74.6541,33.1877],[74.6539,33.1881],[74.6537,33.189],[74.6535,33.1945],[74.6525,33.1959],[74.642,33.198],[74.6415,33.1981],[74.641,33.1982],[74.6395,33.1987],[74.6337,33.202],[74.6311,33.2034],[74.6306,33.2035],[74.6301,33.2037],[74.6207,33.206],[74.6165,33.2032],[74.6161,33.2029],[74.6156,33.2027],[74.6154,33.2027],[74.6175,33.2096],[74.6205,33.2164],[74.6096,33.2233],[74.5904,33.2317],[74.5856,33.2356],[74.5878,33.2432],[74.5902,33.2463],[74.5916,33.2486],[74.5929,33.2507],[74.5838,33.2518],[74.5798,33.2505],[74.5767,33.2494],[74.5743,33.2514],[74.5752,33.2579],[74.5771,33.2634],[74.5778,33.2655],[74.5671,33.2627],[74.5523,33.2588],[74.5444,33.2647],[74.5257,33.2701],[74.5221,33.2729],[74.5215,33.277],[74.5187,33.2797],[74.5099,33.2823],[74.5066,33.2851],[74.5065,33.2918],[74.5107,33.3032],[74.5143,33.308],[74.5088,33.3115],[74.5071,33.3126],[74.4933,33.3113],[74.4781,33.3077]]]},"properties":{"ac_no":86,"ac_name":"BUDHAL","ac_category":"ST","st_name":"JAMMU AND KASHMIR"}},{"type":"Feature","geometry":{"type":"Polygon","coordinates":[[[75.4812,32.6984],[75.4813,32.6979],[75.4812,32.6976],[75.4811,32.6966],[75.4809,32.6962],[75.4807,32.6958],[75.4805,32.6954],[75.4804,32.695],[75.4741,32.6891],[75.4754,32.6878],[75.4768,32.6867],[75.4774,32.6861],[75.4776,32.6859],[75.4778,32.685],[75.4772,32.6838],[75.4769,32.6832],[75.4766,32.6826],[75.4738,32.678],[75.466,32.6731],[75.4652,32.6688],[75.4571,32.6652],[75.456,32.6662],[75.4558,32.6672],[75.4555,32.6676],[75.4553,32.6678],[75.4552,32.6681],[75.4551,32.668],[75.455,32.668],[75.4545,32.6679],[75.4541,32.6679],[75.4538,32.6678],[75.4512,32.6678],[75.4502,32.6694],[75.4493,32.6694],[75.4485,32.6705],[75.4473,32.6712],[75.447,32.6717],[75.4469,32.672],[75.4467,32.6722],[75.4462,32.6721],[75.4456,32.6721],[75.4459,32.6731],[75.4452,32.6739],[75.4448,32.6742],[75.4445,32.6745],[75.4372,32.6724],[75.4365,32.6727],[75.4361,32.6728],[75.4357,32.6729],[75.4356,32.673],[75.4338,32.6729],[75.4334,32.6726],[75.433,32.6724],[75.4323,32.6713],[75.432,32.6706],[75.4318,32.6699],[75.4314,32.6698],[75.4311,32.6697],[75.4298,32.6696],[75.4297,32.6692],[75.4297,32.6691],[75.4298,32.6686],[75.4299,32.6681],[75.43,32.6671],[75.43,32.6668],[75.43,32.6665],[75.43,32.6662],[75.4301,32.6656],[75.4292,32.6635],[75.429,32.6632],[75.4288,32.663],[75.4286,32.6632],[75.428,32.6644],[75.4271,32.6657],[75.4263,32.6675],[75.4197,32.6754],[75.4193,32.681],[75.4179,32.6814],[75.4151,32.6817],[75.4149,32.6817],[75.4144,32.6815],[75.4136,32.6814],[75.4123,32.6815],[75.4121,32.6815],[75.412,32.6815],[75.4118,32.6812],[75.4116,32.6809],[75.4115,32.6807],[75.4112,32.6803],[75.4109,32.6799],[75.4108,32.6797],[75.4106,32.6794],[75.4103,32.679],[75.4103,32.6789],[75.41,32.6785],[75.4098,32.6782],[75.4094,32.6777],[75.4093,32.6775],[75.4091,32.6772],[75.4089,32.6764],[75.4085,32.676],[75.4084,32.676],[75.4082,32.6759],[75.4048,32.6765],[75.4032,32.6737],[75.3988,32.6744],[75.3938,32.6699],[75.3912,32.6719],[75.3903,32.6723],[75.3897,32.6725],[75.3893,32.6727],[75.3892,32.6727],[75.3892,32.6728],[75.389,32.6729],[75.3889,32.673],[75.3887,32.6731],[75.3883,32.6735],[75.388,32.6737],[75.3879,32.6737],[75.3879,32.674],[75.3877,32.6752],[75.3869,32.6771],[75.3865,32.6799],[75.3855,32.6807],[75.3845,32.6811],[75.382,32.6872],[75.381,32.6935],[75.3806,32.6949],[75.3803,32.6954],[75.38,32.6958],[75.378,32.6979],[75.3764,32.7],[75.3761,32.7],[75.3757,32.7001],[75.3756,32.6999],[75.3755,32.6997],[75.3753,32.6995],[75.3752,32.6994],[75.3751,32.6991],[75.3748,32.6985],[75.3743,32.6979],[75.3738,32.6969],[75.3735,32.6962],[75.3731,32.6955],[75.3725,32.6941],[75.3715,32.6925],[75.3718,32.6919],[75.3726,32.6901],[75.3745,32.6875],[75.3755,32.6861],[75.3765,32.6846],[75.3784,32.6817],[75.3789,32.6808],[75.3794,32.6799],[75.3789,32.6793],[75.3784,32.6787],[75.3779,32.6781],[75.3774,32.6775],[75.3773,32.6768],[75.377,32.6746],[75.3772,32.6731],[75.3759,32.6726],[75.3752,32.6724],[75.3746,32.6721],[75.3724,32.6751],[75.372,32.6761],[75.372,32.678],[75.372,32.6786],[75.369,32.6792],[75.3689,32.6792],[75.3685,32.6792],[75.368,32.6792],[75.3676,32.6791],[75.3671,32.6791],[75.3668,32.679],[75.3658,32.6786],[75.3654,32.6782],[75.3702,32.673],[75.371,32.6727],[75.3714,32.6726],[75.3717,32.6725],[75.3718,32.6725],[75.3745,32.6708],[75.3747,32.6706],[75.3749,32.6703],[75.3751,32.67],[75.3752,32.6698],[75.3753,32.6693],[75.3754,32.6688],[75.3744,32.668],[75.3734,32.6689],[75.3733,32.6689],[75.3731,32.669],[75.3728,32.6691],[75.3726,32.6692],[75.3723,32.6693],[75.372,32.6691],[75.3717,32.669],[75.3711,32.6687],[75.3689,32.6663],[75.3669,32.6629],[75.3584,32.661],[75.3572,32.6667],[75.35,32.6636],[75.349,32.6626],[75.3487,32.6622],[75.3485,32.6618],[75.3483,32.6614],[75.3481,32.6611],[75.3478,32.6608],[75.3476,32.6605],[75.3471,32.6599],[75.3469,32.6597],[75.3467,32.6596],[75.3464,32.6594],[75.3462,32.6592],[75.3461,32.6592],[75.3455,32.6597],[75.3459,32.6622],[75.3457,32.6645],[75.3459,32.6666],[75.3351,32.6663],[75.3334,32.6661],[75.3327,32.6661],[75.3326,32.6661],[75.3324,32.6661],[75.3322,32.666],[75.332,32.6659],[75.3319,32.6656],[75.3319,32.6654],[75.3317,32.6642],[75.3314,32.6639],[75.3283,32.6632],[75.327,32.6633],[75.3257,32.6627],[75.3253,32.6622],[75.3249,32.6617],[75.3241,32.6606],[75.3183,32.6592],[75.3174,32.6582],[75.3163,32.6564],[75.3098,32.6542],[75.309,32.6517],[75.308,32.6517],[75.307,32.652],[75.3065,32.6524],[75.3059,32.6527],[75.3044,32.6539],[75.3034,32.654],[75.3026,32.6541],[75.3023,32.6541],[75.3015,32.654],[75.3004,32.6538],[75.2992,32.6532],[75.2982,32.6523],[75.2943,32.6482],[75.2898,32.6478],[75.2871,32.6436],[75.2796,32.6457],[75.2792,32.6463],[75.279,32.6473],[75.279,32.6481],[75.2786,32.6482],[75.2783,32.6483],[75.277,32.6485],[75.2759,32.6488],[75.2753,32.649],[75.2748,32.6491],[75.2744,32.6492],[75.2742,32.6493],[75.2741,32.6493],[75.274,32.6493],[75.2733,32.6496],[75.2704,32.651],[75.262,32.65],[75.2567,32.6516],[75.2548,32.6531],[75.2536,32.6545],[75.2521,32.6559],[75.2519,32.6558],[75.2517,32.6556],[75.2505,32.6551],[75.2491,32.6556],[75.2476,32.655],[75.2463,32.655],[75.246,32.655],[75.2455,32.655],[75.245,32.655],[75.2437,32.6554],[75.2426,32.6559],[75.2416,32.6565],[75.2364,32.6556],[75.2307,32.6572],[75.2306,32.6574],[75.2302,32.658],[75.2299,32.6585],[75.2298,32.6587],[75.2297,32.6588],[75.2297,32.6589],[75.229,32.6593],[75.2276,32.6596],[75.2252,32.66],[75.225,32.6594],[75.2247,32.6588],[75.2243,32.6582],[75.2239,32.6579],[75.2231,32.6572],[75.2231,32.6571],[75.2228,32.6569],[75.2228,32.6568],[75.2227,32.6568],[75.2227,32.6567],[75.2226,32.6567],[75.2226,32.6566],[75.2225,32.6565],[75.2214,32.6538],[75.2216,32.6537],[75.2219,32.6536],[75.2223,32.6534],[75.2225,32.6533],[75.2226,32.6532],[75.2228,32.6532],[75.2231,32.6531],[75.2239,32.653],[75.225,32.653],[75.2251,32.653],[75.2252,32.6529],[75.2253,32.6529],[75.2254,32.6529],[75.2255,32.6528],[75.2255,32.6526],[75.2255,32.6525],[75.2255,32.6524],[75.2255,32.6523],[75.2255,32.6522],[75.2256,32.6519],[75.2256,32.6518],[75.2256,32.6517],[75.2257,32.6511],[75.2257,32.651],[75.2258,32.6508],[75.2257,32.6507],[75.2256,32.6505],[75.2255,32.6504],[75.2255,32.6503],[75.2255,32.6502],[75.2254,32.6502],[75.2252,32.65],[75.2248,32.6495],[75.2245,32.6489],[75.2244,32.6489],[75.2243,32.6484],[75.2243,32.648],[75.2243,32.6479],[75.2243,32.6478],[75.2243,32.6477],[75.2242,32.6475],[75.2238,32.647],[75.2223,32.6458],[75.2207,32.6452],[75.2197,32.6427],[75.2159,32.6424],[75.2075,32.6448],[75.2086,32.6472],[75.2087,32.6517],[75.2064,32.6534],[75.2047,32.653],[75.2035,32.6523],[75.2025,32.6521],[75.2015,32.6526],[75.2005,32.652],[75.1999,32.6519],[75.1993,32.6517],[75.1992,32.6519],[75.1982,32.6525],[75.1983,32.6528],[75.1983,32.6532],[75.1991,32.654],[75.2014,32.6548],[75.2021,32.6554],[75.2029,32.6558],[75.2029,32.6568],[75.2018,32.6584],[75.2019,32.6587],[75.202,32.6591],[75.1994,32.661],[75.1969,32.6629],[75.1958,32.6635],[75.1949,32.6632],[75.1939,32.6628],[75.1916,32.6619],[75.1869,32.6626],[75.1857,32.6628],[75.1844,32.663],[75.1718,32.6679],[75.1699,32.6689],[75.168,32.6699],[75.1609,32.672],[75.1601,32.6726],[75.16,32.6727],[75.1584,32.6739],[75.1563,32.6755],[75.1562,32.6755],[75.1559,32.6758],[75.1558,32.6759],[75.1555,32.6763],[75.1554,32.6766],[75.1553,32.6766],[75.1553,32.6767],[75.1552,32.6767],[75.1554,32.6774],[75.1556,32.678],[75.1584,32.6812],[75.1513,32.6888],[75.1477,32.6911],[75.14,32.6966],[75.1345,32.7013],[75.1307,32.7033],[75.1289,32.704],[75.1281,32.7044],[75.1269,32.7049],[75.1254,32.7057],[75.1245,32.7063],[75.1235,32.7068],[75.1177,32.7108],[75.1141,32.7096],[75.1088,32.712],[75.1051,32.7155],[75.0994,32.7178],[75.0982,32.7181],[75.0975,32.718],[75.0968,32.7179],[75.0962,32.7173],[75.0955,32.7167],[75.0947,32.7161],[75.0938,32.7161],[75.0924,32.7174],[75.092,32.7182],[75.0917,32.7189],[75.0916,32.7203],[75.0917,32.7209],[75.0917,32.721],[75.0917,32.7214],[75.0928,32.723],[75.0936,32.7245],[75.0945,32.726],[75.0949,32.7267],[75.096,32.7282],[75.0969,32.7294],[75.0977,32.731],[75.1024,32.7326],[75.1094,32.7394],[75.1115,32.7412],[75.1126,32.7419],[75.1135,32.7425],[75.1168,32.7435],[75.1149,32.7459],[75.1117,32.7496],[75.1066,32.7542],[75.1112,32.7593],[75.1126,32.758],[75.1132,32.7575],[75.1149,32.7572],[75.1164,32.7563],[75.1176,32.7552],[75.1184,32.7536],[75.1183,32.7512],[75.1183,32.7498],[75.1237,32.7482],[75.1292,32.7479],[75.1321,32.7485],[75.1322,32.7491],[75.1324,32.7496],[75.1325,32.7496],[75.1326,32.7496],[75.1327,32.7496],[75.1333,32.7497],[75.134,32.7498],[75.1341,32.7498],[75.1347,32.7499],[75.137,32.7502],[75.1379,32.7503],[75.1386,32.7504],[75.139,32.7505],[75.1393,32.7505],[75.14,32.7525],[75.1413,32.7551],[75.1414,32.7552],[75.1451,32.7575],[75.1527,32.7591],[75.1568,32.7614],[75.1638,32.7635],[75.167,32.7678],[75.1669,32.7703],[75.166,32.7716],[75.1652,32.7729],[75.1614,32.7745],[75.158,32.7823],[75.1579,32.7871],[75.1533,32.787],[75.1508,32.7878],[75.1482,32.7895],[75.146,32.7908],[75.1403,32.7922],[75.1363,32.7924],[75.1338,32.7929],[75.1309,32.7943],[75.1284,32.7976],[75.1291,32.8041],[75.1291,32.8042],[75.13,32.8062],[75.1304,32.807],[75.1318,32.8113],[75.1315,32.8128],[75.1311,32.8137],[75.1288,32.8157],[75.1162,32.8218],[75.1156,32.8226],[75.1157,32.8231],[75.1155,32.8238],[75.115,32.8251],[75.1147,32.826],[75.1145,32.8268],[75.1116,32.8291],[75.0986,32.8345],[75.0936,32.8383],[75.0834,32.8437],[75.0801,32.8456],[75.0768,32.8473],[75.0761,32.8478],[75.0757,32.8486],[75.0756,32.8493],[75.0744,32.8504],[75.0722,32.8515],[75.0708,32.852],[75.0701,32.8524],[75.0682,32.8538],[75.0671,32.8546],[75.062,32.8589],[75.0545,32.8661],[75.0498,32.8664],[75.0482,32.8672],[75.0449,32.8697],[75.0445,32.87],[75.0427,32.8711],[75.0329,32.8749],[75.0284,32.8806],[75.0286,32.8816],[75.0272,32.8831],[75.0255,32.8844],[75.0244,32.8856],[75.0237,32.886],[75.0231,32.8865],[75.0219,32.8871],[75.0194,32.8887],[75.0136,32.8916],[75.0112,32.8962],[75.002,32.9053],[74.9917,32.9119],[74.9898,32.915],[74.9872,32.9174],[74.9858,32.918],[74.9852,32.918],[74.9841,32.9192],[74.9836,32.921],[74.9826,32.9214],[74.9813,32.9221],[74.9788,32.9249],[74.9786,32.9275],[74.9783,32.9291],[74.9752,32.933],[74.9741,32.9351],[74.9731,32.934],[74.973,32.9339],[74.973,32.9344],[74.9729,32.9349],[74.9729,32.9354],[74.973,32.9359],[74.9732,32.9363],[74.9732,32.9365],[74.9732,32.9366],[74.9733,32.9366],[74.9733,32.9367],[74.9733,32.9368],[74.9736,32.9373],[74.9738,32.9377],[74.974,32.938],[74.9741,32.9381],[74.9736,32.9388],[74.9735,32.9393],[74.9728,32.9416],[74.9726,32.9421],[74.9723,32.9425],[74.971,32.9434],[74.9707,32.9439],[74.9706,32.9443],[74.9727,32.9471],[74.9733,32.9485],[74.9736,32.9489],[74.9739,32.9492],[74.9756,32.9506],[74.9781,32.951],[74.9781,32.9534],[74.9789,32.9552],[74.9787,32.9576],[74.9787,32.9581],[74.9787,32.9586],[74.9789,32.959],[74.9852,32.964],[74.9855,32.9649],[74.9857,32.9663],[74.9857,32.9668],[74.9857,32.9673],[74.9857,32.9677],[74.9856,32.9682],[74.9847,32.9705],[74.9845,32.971],[74.9844,32.9714],[74.9844,32.9733],[74.9845,32.9738],[74.9847,32.9743],[74.9851,32.9746],[74.9855,32.9749],[74.9858,32.975],[74.9859,32.9747],[74.9861,32.9744],[74.9867,32.9735],[74.9865,32.973],[74.9866,32.9721],[74.9887,32.9719],[74.9903,32.9734],[74.9907,32.9733],[74.9909,32.9731],[74.9911,32.9729],[74.9917,32.972],[74.9926,32.9721],[74.9932,32.9718],[74.9934,32.9712],[74.9938,32.9704],[74.9957,32.9698],[74.9976,32.9679],[74.9991,32.9649],[75.0011,32.9805],[74.9991,32.9917],[75.0028,32.9906],[75.0039,32.9901],[75.0048,32.9897],[75.0069,32.9884],[75.0077,32.9885],[75.0078,32.9885],[75.0079,32.9885],[75.008,32.9885],[75.0081,32.9885],[75.0082,32.9885],[75.0086,32.9885],[75.0089,32.9885],[75.0096,32.9885],[75.0108,32.9892],[75.0117,32.9899],[75.0119,32.9903],[75.0121,32.9905],[75.0123,32.9906],[75.0124,32.9907],[75.014,32.991],[75.0142,32.9908],[75.0144,32.9905],[75.0149,32.9905],[75.0154,32.9906],[75.0171,32.9908],[75.0263,32.9877],[75.0261,32.9861],[75.0254,32.9857],[75.0241,32.984],[75.0234,32.9832],[75.0232,32.9821],[75.0227,32.9808],[75.023,32.9801],[75.0237,32.9795],[75.0241,32.979],[75.0245,32.9785],[75.0233,32.9779],[75.0216,32.9771],[75.02,32.9763],[75.0199,32.9755],[75.0218,32.9727],[75.021,32.9689],[75.0247,32.9573],[75.023,32.9509],[75.0259,32.949],[75.0252,32.9462],[75.0247,32.9457],[75.024,32.9449],[75.0235,32.9445],[75.024,32.9412],[75.025,32.9393],[75.0267,32.9375],[75.0272,32.937],[75.0275,32.9346],[75.0277,32.9338],[75.0278,32.9331],[75.0281,32.9318],[75.0283,32.9311],[75.028,32.9301],[75.0279,32.9296],[75.0313,32.924],[75.0358,32.9222],[75.0411,32.9178],[75.0423,32.9163],[75.0431,32.9155],[75.044,32.9149],[75.0467,32.9113],[75.0471,32.9073],[75.0487,32.9043],[75.0491,32.9035],[75.0497,32.9032],[75.051,32.9021],[75.0543,32.8977],[75.0665,32.8867],[75.0706,32.8851],[75.0716,32.8852],[75.0722,32.8856],[75.0726,32.8857],[75.073,32.8858],[75.0798,32.8834],[75.0805,32.8831],[75.0812,32.8825],[75.082,32.8823],[75.0823,32.8825],[75.0824,32.8829],[75.0824,32.8833],[75.0823,32.8839],[75.0822,32.8845],[75.0815,32.8852],[75.0813,32.8855],[75.0812,32.8862],[75.0812,32.8869],[75.0816,32.8872],[75.0827,32.8872],[75.084,32.8871],[75.0888,32.8833],[75.0907,32.8842],[75.0924,32.8822],[75.1001,32.8775],[75.1032,32.8748],[75.1039,32.8737],[75.1043,32.8717],[75.1041,32.8689],[75.104,32.8666],[75.1042,32.8661],[75.105,32.867],[75.1065,32.8697],[75.1074,32.872],[75.1069,32.8836],[75.1066,32.8837],[75.1063,32.8839],[75.1059,32.884],[75.1044,32.8857],[75.1043,32.8861],[75.1042,32.8866],[75.1034,32.8884],[75.0952,32.8923],[75.0991,32.8973],[75.099,32.8985],[75.0994,32.8993],[75.1001,32.9026],[75.101,32.9038],[75.1017,32.9043],[75.1018,32.9048],[75.0986,32.9091],[75.0992,32.9154],[75.1035,32.9254],[75.1042,32.9279],[75.1044,32.9293],[75.1068,32.9349],[75.1095,32.937],[75.114,32.9362],[75.1132,32.9354],[75.1127,32.9346],[75.1123,32.9338],[75.1123,32.9302],[75.1095,32.9221],[75.1091,32.917],[75.1092,32.9171],[75.1095,32.9173],[75.1138,32.9195],[75.116,32.9199],[75.1167,32.9198],[75.1174,32.9198],[75.118,32.9192],[75.1192,32.9183],[75.1197,32.9176],[75.1194,32.9171],[75.1189,32.9163],[75.1185,32.9157],[75.1183,32.9148],[75.118,32.9139],[75.1179,32.9114],[75.1188,32.9117],[75.1211,32.9122],[75.1221,32.9123],[75.1231,32.9127],[75.1319,32.9126],[75.1313,32.9162],[75.132,32.9173],[75.1376,32.9217],[75.1385,32.9243],[75.1399,32.9248],[75.1438,32.9206],[75.1438,32.9177],[75.1436,32.9177],[75.143,32.9177],[75.1418,32.9174],[75.141,32.9166],[75.1378,32.9162],[75.1372,32.9164],[75.1367,32.9165],[75.1368,32.9164],[75.1373,32.9158],[75.1381,32.915],[75.1381,32.9149],[75.1381,32.9144],[75.1382,32.9136],[75.136,32.9118],[75.134,32.9124],[75.134,32.9123],[75.1341,32.9123],[75.1342,32.9122],[75.1348,32.9117],[75.1353,32.9105],[75.135,32.909],[75.1345,32.9079],[75.1362,32.9048],[75.1373,32.905],[75.1386,32.9052],[75.1395,32.9052],[75.1402,32.9049],[75.1409,32.9045],[75.1417,32.9045],[75.1419,32.9051],[75.1421,32.9058],[75.142,32.9081],[75.1438,32.9092],[75.1489,32.907],[75.1534,32.9074],[75.1533,32.9051],[75.1533,32.905],[75.1533,32.9049],[75.1533,32.9048],[75.1533,32.9046],[75.1533,32.904],[75.1534,32.9016],[75.1537,32.9016],[75.1563,32.9018],[75.1612,32.9024],[75.1657,32.9027],[75.1681,32.904],[75.1669,32.9058],[75.1657,32.9102],[75.1648,32.9181],[75.1669,32.9192],[75.1673,32.9194],[75.1674,32.9194],[75.1675,32.9194],[75.1675,32.9195],[75.1676,32.9195],[75.168,32.9197],[75.1686,32.9199],[75.1696,32.9204],[75.1697,32.9204],[75.1698,32.9204],[75.1699,32.9204],[75.17,32.9204],[75.1704,32.9205],[75.1709,32.9206],[75.1709,32.9205],[75.1713,32.9202],[75.1718,32.9197],[75.1719,32.9197],[75.172,32.9197],[75.1723,32.9198],[75.1725,32.9198],[75.1726,32.9198],[75.1727,32.9199],[75.1732,32.92],[75.1734,32.9201],[75.1739,32.9206],[75.174,32.9205],[75.1746,32.9203],[75.1757,32.92],[75.1763,32.9194],[75.1786,32.9194],[75.1812,32.9185],[75.1803,32.9211],[75.1787,32.9215],[75.1766,32.9235],[75.1672,32.9245],[75.1675,32.928],[75.167,32.9291],[75.1664,32.9302],[75.1655,32.9319],[75.1657,32.932],[75.1672,32.9325],[75.1684,32.9325],[75.1692,32.9321],[75.1697,32.9316],[75.1699,32.9308],[75.1705,32.9301],[75.1715,32.9298],[75.1765,32.9282],[75.1776,32.9277],[75.1788,32.9277],[75.1807,32.9286],[75.1821,32.9286],[75.1836,32.9281],[75.1845,32.928],[75.1851,32.928],[75.1853,32.9287],[75.1855,32.9291],[75.186,32.9293],[75.1879,32.928],[75.1895,32.9266],[75.1871,32.9248],[75.1868,32.9245],[75.1854,32.9229],[75.1854,32.9216],[75.1859,32.9205],[75.1871,32.919],[75.1877,32.9139],[75.1889,32.9129],[75.1932,32.9109],[75.195,32.9107],[75.1958,32.9095],[75.1957,32.9079],[75.1957,32.9074],[75.1955,32.9064],[75.1948,32.9035],[75.1928,32.9017],[75.1912,32.9004],[75.1902,32.8966],[75.1908,32.8952],[75.1915,32.894],[75.1923,32.8928],[75.1925,32.891],[75.1915,32.89],[75.1911,32.8885],[75.1927,32.886],[75.1928,32.8846],[75.1912,32.8802],[75.1878,32.8766],[75.1842,32.876],[75.1831,32.8756],[75.1822,32.8749],[75.1822,32.8748],[75.1822,32.8746],[75.1822,32.8744],[75.1821,32.8738],[75.1821,32.8732],[75.1815,32.8727],[75.1802,32.8715],[75.1798,32.871],[75.1799,32.8703],[75.18,32.8696],[75.1801,32.8688],[75.18,32.8684],[75.1799,32.8681],[75.1778,32.8619],[75.1761,32.8605],[75.1745,32.859],[75.178,32.8572],[75.1867,32.857],[75.193,32.8517],[75.1968,32.8544],[75.2035,32.8575],[75.2078,32.8606],[75.2096,32.8605],[75.2105,32.8596],[75.2118,32.8588],[75.213,32.8576],[75.212,32.8537],[75.2129,32.852],[75.2131,32.8518],[75.2138,32.8512],[75.2139,32.8512],[75.2139,32.8511],[75.2142,32.8506],[75.2144,32.8491],[75.2121,32.8462],[75.2118,32.844],[75.2119,32.8431],[75.2079,32.8383],[75.2043,32.8368],[75.2016,32.8323],[75.2013,32.8304],[75.2022,32.8251],[75.1985,32.8219],[75.197,32.8212],[75.1944,32.8197],[75.1925,32.8186],[75.1914,32.8181],[75.2009,32.811],[75.1947,32.8111],[75.1885,32.8114],[75.1818,32.8117],[75.1798,32.8112],[75.1777,32.811],[75.1749,32.8108],[75.1731,32.8113],[75.1681,32.8113],[75.16,32.8064],[75.1574,32.804],[75.1574,32.8028],[75.1568,32.8022],[75.1568,32.8014],[75.158,32.8014],[75.1595,32.8014],[75.1607,32.8011],[75.1649,32.8012],[75.1698,32.8021],[75.1727,32.8021],[75.1738,32.802],[75.1761,32.8018],[75.1887,32.803],[75.1893,32.8028],[75.1899,32.8026],[75.1927,32.8008],[75.1939,32.7999],[75.1947,32.7994],[75.1954,32.799],[75.1963,32.7987],[75.1973,32.7984],[75.1993,32.7979],[75.2139,32.7929],[75.2202,32.791],[75.2216,32.7906],[75.2235,32.7906],[75.2254,32.7906],[75.2311,32.7906],[75.2338,32.7896],[75.2367,32.7887],[75.2396,32.7878],[75.243,32.7866],[75.2463,32.7854],[75.2477,32.7851],[75.2474,32.7836],[75.2469,32.7811],[75.2469,32.781],[75.2469,32.7808],[75.2468,32.7806],[75.2467,32.7801],[75.2466,32.7795],[75.249,32.7598],[75.2451,32.7504],[75.2494,32.7485],[75.2504,32.7475],[75.2509,32.7476],[75.2512,32.7476],[75.2515,32.7477],[75.2517,32.7472],[75.2519,32.7467],[75.252,32.7461],[75.2519,32.7456],[75.2512,32.7453],[75.2505,32.7453],[75.2501,32.7448],[75.2501,32.7418],[75.2513,32.7395],[75.2512,32.7385],[75.2503,32.7377],[75.2487,32.7368],[75.2491,32.7365],[75.2506,32.7352],[75.2514,32.7344],[75.2518,32.7342],[75.252,32.734],[75.252,32.7339],[75.2521,32.7339],[75.2521,32.7338],[75.2522,32.7338],[75.2536,32.7283],[75.2524,32.7211],[75.2517,32.7203],[75.251,32.7195],[75.251,32.718],[75.2514,32.7166],[75.2523,32.7144],[75.2527,32.713],[75.2569,32.7136],[75.2576,32.7136],[75.2582,32.7136],[75.2598,32.7128],[75.2611,32.7127],[75.2617,32.7126],[75.2624,32.7125],[75.2632,32.7123],[75.2639,32.7121],[75.2643,32.7119],[75.2648,32.7112],[75.2655,32.7101],[75.2662,32.7094],[75.2742,32.7061],[75.2794,32.702],[75.2804,32.7006],[75.2818,32.6995],[75.2824,32.6994],[75.2842,32.6996],[75.2861,32.6998],[75.2902,32.6998],[75.291,32.6993],[75.2923,32.6964],[75.2926,32.6967],[75.2934,32.6973],[75.2937,32.6975],[75.2939,32.6978],[75.2942,32.6983],[75.2964,32.7006],[75.2973,32.7015],[75.3011,32.7031],[75.3082,32.7134],[75.3111,32.7119],[75.323,32.7114],[75.3243,32.7112],[75.3247,32.7116],[75.325,32.7121],[75.3288,32.7102],[75.3297,32.7098],[75.3306,32.7094],[75.3314,32.7092],[75.3323,32.709],[75.3339,32.7086],[75.3352,32.7083],[75.337,32.7086],[75.3388,32.7088],[75.3397,32.7088],[75.3406,32.7089],[75.342,32.7094],[75.3439,32.7105],[75.3496,32.7151],[75.3512,32.7171],[75.3532,32.7196],[75.354,32.7201],[75.3547,32.7207],[75.3554,32.7212],[75.3567,32.7213],[75.3579,32.7212],[75.3581,32.7228],[75.3572,32.7245],[75.3562,32.7262],[75.3553,32.7282],[75.3535,32.7315],[75.3626,32.7307],[75.3711,32.734],[75.3791,32.7332],[75.3822,32.7307],[75.3829,32.731],[75.3831,32.7312],[75.3834,32.7314],[75.3836,32.7319],[75.3835,32.7324],[75.3836,32.733],[75.3837,32.7335],[75.3843,32.7367],[75.3846,32.737],[75.3848,32.7374],[75.3856,32.7381],[75.3863,32.7387],[75.3898,32.74],[75.3917,32.7395],[75.3921,32.7384],[75.3931,32.7386],[75.3934,32.7385],[75.3937,32.7385],[75.3952,32.7395],[75.3954,32.7397],[75.3957,32.7398],[75.3965,32.7402],[75.3974,32.7406],[75.4003,32.7408],[75.4015,32.7385],[75.4029,32.7401],[75.4031,32.7404],[75.4039,32.7408],[75.4047,32.7411],[75.4057,32.7408],[75.4059,32.7411],[75.4061,32.7413],[75.4069,32.7414],[75.4077,32.7413],[75.4085,32.741],[75.4096,32.7395],[75.4101,32.7393],[75.4102,32.7397],[75.4105,32.7403],[75.411,32.7405],[75.4114,32.7408],[75.4118,32.7407],[75.4122,32.7407],[75.4131,32.7359],[75.4167,32.7336],[75.4184,32.7339],[75.419,32.7339],[75.4194,32.7335],[75.4201,32.7328],[75.4213,32.7334],[75.4217,32.7334],[75.4219,32.7332],[75.4222,32.7331],[75.4226,32.7325],[75.4225,32.7318],[75.4222,32.731],[75.4215,32.7301],[75.4207,32.7284],[75.4204,32.7275],[75.4206,32.7266],[75.4209,32.7261],[75.4212,32.726],[75.4214,32.7263],[75.4217,32.7267],[75.4229,32.7278],[75.4273,32.7272],[75.4283,32.7295],[75.4278,32.73],[75.4276,32.7316],[75.4319,32.7313],[75.4341,32.7236],[75.4418,32.7246],[75.4522,32.7282],[75.454,32.7297],[75.4572,32.7269],[75.4587,32.7234],[75.4589,32.7223],[75.4597,32.7205],[75.4582,32.7167],[75.4592,32.7152],[75.4605,32.7138],[75.4628,32.7127],[75.4662,32.7116],[75.4684,32.7104],[75.4746,32.7097],[75.4753,32.7094],[75.4759,32.7088],[75.4763,32.7086],[75.4765,32.7085],[75.4765,32.7083],[75.4766,32.7077],[75.4767,32.7069],[75.4769,32.7065],[75.477,32.7062],[75.4771,32.706],[75.4777,32.7053],[75.4782,32.7046],[75.4794,32.7031],[75.481,32.6997],[75.4812,32.6984]]]},"properties":{"ac_no":60,"ac_name":"UDHAMPUR EAST","ac_category":"GEN","st_name":"JAMMU AND KASHMIR"}},{"type":"Feature","geometry":{"type":"Polygon","coordinates":[[[75.2385,33.6743],[75.2378,33.6749],[75.2345,33.6765],[75.233,33.6776],[75.2297,33.6781],[75.2279,33.6781],[75.2264,33.6779],[75.225,33.6777],[75.2247,33.6774],[75.2242,33.6768],[75.2239,33.6766],[75.2238,33.6762],[75.2236,33.6759],[75.2234,33.6757],[75.2229,33.6756],[75.2226,33.6756],[75.2224,33.6753],[75.2222,33.6748],[75.2219,33.6746],[75.2177,33.6757],[75.2166,33.6778],[75.2157,33.6784],[75.2128,33.6797],[75.2123,33.6796],[75.2121,33.6794],[75.2121,33.6793],[75.2121,33.6792],[75.212,33.679],[75.2122,33.6763],[75.2125,33.6755],[75.2116,33.6754],[75.2115,33.6754],[75.2113,33.6754],[75.2108,33.6754],[75.2094,33.6745],[75.2093,33.6742],[75.2089,33.6741],[75.2089,33.674],[75.2089,33.6739],[75.2088,33.6738],[75.2087,33.6738],[75.2086,33.6738],[75.2082,33.6736],[75.2078,33.6736],[75.2075,33.6736],[75.2074,33.6736],[75.2073,33.6736],[75.2065,33.6739],[75.2064,33.6741],[75.2063,33.6742],[75.2063,33.6743],[75.2062,33.6744],[75.205,33.6743],[75.2044,33.6726],[75.2041,33.6726],[75.2039,33.6726],[75.2038,33.6727],[75.2037,33.673],[75.2036,33.6732],[75.2035,33.6732],[75.2023,33.6747],[75.2014,33.6751],[75.2012,33.6752],[75.2011,33.6753],[75.201,33.6754],[75.2009,33.6755],[75.2007,33.6756],[75.2005,33.6756],[75.2001,33.6757],[75.1999,33.6759],[75.1997,33.676],[75.1997,33.6761],[75.1996,33.6761],[75.1994,33.6761],[75.1992,33.6761],[75.1991,33.6761],[75.199,33.6762],[75.1989,33.6762],[75.1987,33.6763],[75.1985,33.676],[75.1984,33.6758],[75.1984,33.6756],[75.1984,33.6753],[75.1984,33.675],[75.1984,33.6748],[75.1967,33.6721],[75.1884,33.6685],[75.1848,33.6674],[75.184,33.6669],[75.1824,33.6665],[75.1823,33.6666],[75.1836,33.6655],[75.1847,33.665],[75.1861,33.6643],[75.1879,33.6635],[75.1921,33.6593],[75.1908,33.6589],[75.1878,33.658],[75.1849,33.6571],[75.1829,33.6568],[75.1809,33.6565],[75.1758,33.6559],[75.1729,33.6547],[75.1679,33.6498],[75.1564,33.653],[75.155,33.652],[75.1549,33.646],[75.1529,33.6427],[75.1528,33.6392],[75.1526,33.6369],[75.1525,33.635],[75.1536,33.6324],[75.1542,33.6305],[75.1562,33.6271],[75.1597,33.6268],[75.1694,33.6219],[75.1767,33.6167],[75.1817,33.6102],[75.1826,33.6024],[75.1818,33.5976],[75.1823,33.5857],[75.1821,33.5849],[75.1812,33.5843],[75.1795,33.5844],[75.1774,33.5867],[75.1756,33.587],[75.1747,33.5869],[75.1742,33.5857],[75.1745,33.5842],[75.1745,33.5831],[75.1736,33.5822],[75.1708,33.5802],[75.1697,33.5793],[75.1687,33.5781],[75.1672,33.5771],[75.1598,33.5707],[75.1602,33.5762],[75.1592,33.5799],[75.1547,33.5834],[75.146,33.5863],[75.14,33.5895],[75.135,33.5894],[75.1335,33.5981],[75.1344,33.5998],[75.134,33.6046],[75.1329,33.6091],[75.1369,33.6141],[75.1387,33.6175],[75.1386,33.6178],[75.131,33.6248],[75.1273,33.6247],[75.1233,33.6268],[75.1185,33.6336],[75.1132,33.6364],[75.1135,33.6389],[75.11,33.6424],[75.112,33.6528],[75.1138,33.6532],[75.1141,33.6539],[75.1133,33.6547],[75.1114,33.6578],[75.1128,33.6617],[75.1168,33.6635],[75.1189,33.6621],[75.1185,33.6608],[75.1211,33.6649],[75.1213,33.6656],[75.1207,33.6665],[75.11,33.6709],[75.1124,33.6728],[75.1063,33.6765],[75.1064,33.6796],[75.1077,33.6814],[75.1045,33.6825],[75.1035,33.688],[75.1045,33.6928],[75.0978,33.6981],[75.0988,33.7036],[75.099,33.7069],[75.099,33.707],[75.099,33.7071],[75.099,33.7072],[75.099,33.7073],[75.099,33.7074],[75.099,33.7075],[75.099,33.7076],[75.0989,33.7077],[75.0989,33.7078],[75.0989,33.7079],[75.0989,33.708],[75.0988,33.7081],[75.0988,33.7082],[75.0988,33.7083],[75.0987,33.7083],[75.0987,33.7084],[75.0986,33.7084],[75.0986,33.7085],[75.0985,33.7085],[75.0984,33.7085],[75.0983,33.7086],[75.0982,33.7086],[75.0981,33.7086],[75.098,33.7086],[75.098,33.7087],[75.0979,33.7087],[75.0978,33.7087],[75.0978,33.7088],[75.0977,33.7088],[75.0976,33.7088],[75.0976,33.7089],[75.0975,33.7089],[75.0974,33.7089],[75.0974,33.709],[75.0973,33.709],[75.0971,33.7091],[75.097,33.7092],[75.0969,33.7093],[75.0968,33.7093],[75.0967,33.7094],[75.0965,33.7095],[75.0964,33.7096],[75.0963,33.7097],[75.0962,33.7097],[75.0961,33.7098],[75.096,33.7098],[75.096,33.7099],[75.0959,33.7099],[75.0959,33.71],[75.0958,33.71],[75.0957,33.7101],[75.0955,33.7102],[75.0955,33.7103],[75.0954,33.7103],[75.0954,33.7104],[75.0953,33.7104],[75.0952,33.7105],[75.0951,33.7105],[75.095,33.7106],[75.0949,33.7107],[75.0948,33.7107],[75.0948,33.7108],[75.0947,33.7109],[75.0946,33.7109],[75.0945,33.711],[75.0944,33.711],[75.0944,33.7111],[75.0943,33.7111],[75.0942,33.7111],[75.0942,33.7112],[75.0941,33.7113],[75.0938,33.7114],[75.0935,33.7116],[75.0933,33.7117],[75.0933,33.7118],[75.0932,33.7118],[75.0931,33.7118],[75.0931,33.7119],[75.093,33.7119],[75.0929,33.7119],[75.0928,33.712],[75.0927,33.712],[75.0926,33.7121],[75.0925,33.7121],[75.0925,33.7122],[75.0924,33.7122],[75.0923,33.7122],[75.0923,33.7123],[75.0919,33.7133],[75.0929,33.7168],[75.0944,33.7177],[75.0944,33.7178],[75.0945,33.7178],[75.0946,33.7178],[75.0946,33.7179],[75.0947,33.7179],[75.0948,33.7179],[75.0949,33.718],[75.095,33.718],[75.0952,33.718],[75.0953,33.718],[75.0955,33.718],[75.0956,33.718],[75.0957,33.718],[75.0957,33.7181],[75.0958,33.7181],[75.0959,33.7181],[75.0959,33.7182],[75.096,33.7182],[75.096,33.7183],[75.0961,33.7184],[75.0962,33.7184],[75.0962,33.7185],[75.0963,33.7185],[75.0964,33.7185],[75.0964,33.7186],[75.0965,33.7186],[75.0966,33.7186],[75.0967,33.7186],[75.0967,33.7187],[75.0968,33.7187],[75.0969,33.7187],[75.097,33.7187],[75.0971,33.7187],[75.0972,33.7188],[75.0973,33.7188],[75.0974,33.7188],[75.0975,33.7188],[75.0976,33.7189],[75.0977,33.7189],[75.0978,33.7189],[75.0984,33.7191],[75.0985,33.7191],[75.0986,33.7191],[75.0986,33.7192],[75.0987,33.7192],[75.0988,33.7192],[75.0988,33.7193],[75.0989,33.7193],[75.0989,33.7194],[75.0989,33.7195],[75.099,33.7195],[75.099,33.7196],[75.099,33.7197],[75.0991,33.7197],[75.0991,33.7198],[75.0991,33.7199],[75.0992,33.72],[75.0993,33.7201],[75.0993,33.7202],[75.0994,33.7203],[75.0995,33.7204],[75.0996,33.7207],[75.0997,33.7208],[75.0998,33.7208],[75.0998,33.7209],[75.0999,33.7209],[75.0999,33.721],[75.1,33.7211],[75.1001,33.7212],[75.1002,33.7213],[75.1003,33.7214],[75.1003,33.7215],[75.1004,33.7216],[75.1005,33.7217],[75.1006,33.7218],[75.1006,33.7219],[75.1008,33.7221],[75.1008,33.7222],[75.1009,33.7223],[75.1009,33.7224],[75.1009,33.7225],[75.101,33.7225],[75.101,33.7226],[75.1009,33.7227],[75.1009,33.7228],[75.1008,33.7229],[75.1008,33.723],[75.1007,33.723],[75.1007,33.7231],[75.1006,33.7232],[75.1006,33.7233],[75.1005,33.7234],[75.1005,33.7235],[75.1005,33.7236],[75.1004,33.7237],[75.1004,33.7238],[75.1003,33.7239],[75.1003,33.724],[75.1003,33.7241],[75.1003,33.7242],[75.1002,33.7242],[75.1002,33.7243],[75.0996,33.7261],[75.0992,33.7263],[75.0991,33.7263],[75.0991,33.7264],[75.099,33.7264],[75.0986,33.7266],[75.0984,33.7267],[75.0983,33.7267],[75.0983,33.7268],[75.0982,33.7268],[75.0981,33.7269],[75.098,33.7269],[75.098,33.727],[75.098,33.7271],[75.0979,33.7272],[75.0978,33.7272],[75.0978,33.7273],[75.0978,33.7274],[75.0977,33.7274],[75.0977,33.7275],[75.0977,33.7276],[75.0977,33.7277],[75.0976,33.7277],[75.0976,33.7278],[75.0976,33.7279],[75.0976,33.728],[75.0976,33.7281],[75.0976,33.7282],[75.0976,33.7283],[75.0976,33.7284],[75.0977,33.7284],[75.0977,33.7285],[75.0978,33.7287],[75.0979,33.7289],[75.098,33.729],[75.098,33.7291],[75.0981,33.7291],[75.0981,33.7292],[75.0982,33.7293],[75.0982,33.7294],[75.0983,33.7294],[75.0983,33.7295],[75.0984,33.7295],[75.0984,33.7296],[75.0984,33.7297],[75.0985,33.7297],[75.0985,33.7298],[75.0985,33.7299],[75.0986,33.7299],[75.0986,33.73],[75.0986,33.7301],[75.0986,33.7302],[75.0987,33.7302],[75.0987,33.7303],[75.0987,33.7304],[75.0987,33.7305],[75.0987,33.7306],[75.0987,33.7307],[75.0987,33.7308],[75.0987,33.7309],[75.0986,33.7309],[75.0986,33.731],[75.0986,33.7311],[75.0986,33.7312],[75.0986,33.7313],[75.0986,33.7314],[75.0985,33.7314],[75.0985,33.7315],[75.0985,33.7316],[75.0985,33.7317],[75.0985,33.7318],[75.0984,33.7318],[75.0984,33.7319],[75.0983,33.7319],[75.0983,33.732],[75.0982,33.732],[75.0981,33.7321],[75.098,33.7321],[75.0977,33.7322],[75.0976,33.7323],[75.0975,33.7323],[75.0974,33.7323],[75.0974,33.7324],[75.0973,33.7324],[75.0971,33.7326],[75.097,33.7326],[75.0969,33.7327],[75.0969,33.7328],[75.0968,33.7328],[75.0968,33.7329],[75.0967,33.7329],[75.0967,33.733],[75.0966,33.733],[75.0966,33.7331],[75.0966,33.7332],[75.0965,33.7332],[75.0965,33.7333],[75.0964,33.7335],[75.0964,33.7336],[75.0955,33.7391],[75.0951,33.7391],[75.0892,33.7415],[75.0891,33.7415],[75.089,33.7415],[75.089,33.7416],[75.0889,33.7416],[75.0889,33.7417],[75.0888,33.7417],[75.0888,33.7418],[75.0887,33.7418],[75.0887,33.7419],[75.0886,33.742],[75.0885,33.7421],[75.0884,33.7421],[75.0884,33.7422],[75.0883,33.7422],[75.0883,33.7423],[75.0882,33.7423],[75.0882,33.7424],[75.0881,33.7424],[75.088,33.7424],[75.088,33.7425],[75.0879,33.7425],[75.0879,33.7426],[75.0879,33.7427],[75.0878,33.7428],[75.0878,33.743],[75.0877,33.7431],[75.0877,33.7432],[75.0877,33.7434],[75.0876,33.7435],[75.0876,33.7436],[75.0876,33.7437],[75.0876,33.7438],[75.0876,33.7439],[75.0875,33.744],[75.0875,33.7441],[75.0875,33.7445],[75.0874,33.7446],[75.0874,33.7447],[75.0874,33.7448],[75.0874,33.7449],[75.0874,33.745],[75.0874,33.7451],[75.0874,33.7452],[75.0874,33.7453],[75.0874,33.7454],[75.0873,33.7458],[75.0873,33.7459],[75.0873,33.746],[75.0873,33.7461],[75.0873,33.7462],[75.0872,33.7463],[75.0872,33.7464],[75.0872,33.7465],[75.0872,33.7466],[75.0872,33.7467],[75.0872,33.7468],[75.0872,33.7469],[75.0871,33.747],[75.0871,33.7471],[75.0871,33.7473],[75.0871,33.7474],[75.087,33.7475],[75.087,33.7476],[75.087,33.7477],[75.087,33.7478],[75.087,33.7479],[75.0869,33.748],[75.0869,33.7481],[75.0869,33.7482],[75.0869,33.7483],[75.0868,33.7484],[75.0868,33.7485],[75.0868,33.7486],[75.0868,33.7487],[75.0867,33.7487],[75.0867,33.7488],[75.0866,33.749],[75.0866,33.7491],[75.0866,33.7492],[75.0865,33.7492],[75.0865,33.7493],[75.0864,33.7494],[75.086,33.7502],[75.086,33.7503],[75.086,33.7504],[75.0859,33.7504],[75.0859,33.7505],[75.0859,33.7506],[75.0858,33.7508],[75.0858,33.7509],[75.0858,33.751],[75.0858,33.7511],[75.0858,33.7512],[75.0858,33.7513],[75.0857,33.7514],[75.0857,33.7515],[75.0857,33.7521],[75.0833,33.7588],[75.0874,33.7628],[75.0884,33.7639],[75.0942,33.7644],[75.0994,33.7679],[75.1044,33.7664],[75.1131,33.7694],[75.1236,33.7709],[75.1281,33.7671],[75.1278,33.7646],[75.1253,33.7595],[75.13,33.7556],[75.1306,33.7506],[75.1309,33.7501],[75.1322,33.7499],[75.1352,33.7528],[75.1366,33.7529],[75.1372,33.753],[75.1372,33.7529],[75.1373,33.7529],[75.1373,33.7528],[75.1374,33.7527],[75.1375,33.7526],[75.1375,33.7525],[75.1384,33.7516],[75.1388,33.7478],[75.1361,33.7467],[75.1359,33.7465],[75.1358,33.7464],[75.1355,33.746],[75.1362,33.7447],[75.1366,33.7412],[75.1327,33.7377],[75.1295,33.7395],[75.1281,33.7396],[75.1271,33.7391],[75.1271,33.7388],[75.1272,33.7384],[75.1274,33.7381],[75.1307,33.7364],[75.1311,33.736],[75.1314,33.7357],[75.1314,33.7355],[75.1315,33.7346],[75.1315,33.7344],[75.1314,33.7342],[75.1314,33.734],[75.1314,33.7337],[75.1315,33.7335],[75.1316,33.7332],[75.1322,33.7328],[75.1334,33.7329],[75.1338,33.7332],[75.134,33.7333],[75.1344,33.7341],[75.1344,33.7343],[75.1344,33.7345],[75.1395,33.7352],[75.1447,33.7314],[75.1456,33.7301],[75.146,33.7292],[75.146,33.7289],[75.146,33.7287],[75.146,33.7285],[75.146,33.7283],[75.1458,33.7275],[75.1452,33.7244],[75.1454,33.7243],[75.1458,33.7238],[75.1461,33.7234],[75.1461,33.7232],[75.1461,33.7228],[75.1463,33.7226],[75.1463,33.7224],[75.1458,33.7209],[75.1459,33.7197],[75.1461,33.7195],[75.1462,33.7194],[75.1467,33.7192],[75.1479,33.7192],[75.1502,33.72],[75.1517,33.7227],[75.153,33.723],[75.1532,33.7231],[75.1582,33.7225],[75.1585,33.7224],[75.1588,33.7222],[75.1591,33.7221],[75.1595,33.7219],[75.1598,33.7218],[75.1604,33.7216],[75.1628,33.7216],[75.1631,33.7215],[75.1638,33.721],[75.1641,33.7198],[75.1642,33.7198],[75.1643,33.7196],[75.1642,33.7195],[75.1642,33.7194],[75.1639,33.7193],[75.1637,33.7192],[75.1636,33.7192],[75.1634,33.7192],[75.1629,33.7192],[75.1628,33.719],[75.163,33.718],[75.1627,33.7176],[75.1627,33.7175],[75.1626,33.7172],[75.1628,33.7165],[75.1626,33.7153],[75.1627,33.7151],[75.1627,33.7149],[75.1629,33.714],[75.1631,33.7137],[75.1633,33.7136],[75.1641,33.7133],[75.1648,33.7127],[75.1652,33.7112],[75.1711,33.7091],[75.1762,33.706],[75.1805,33.7055],[75.1813,33.7046],[75.1814,33.7044],[75.1814,33.7042],[75.1813,33.704],[75.1813,33.7038],[75.1813,33.7036],[75.1814,33.7034],[75.1815,33.7032],[75.1834,33.7023],[75.1851,33.7024],[75.1856,33.7026],[75.1859,33.7026],[75.1868,33.7027],[75.1871,33.7028],[75.1876,33.7031],[75.1889,33.7036],[75.1894,33.7039],[75.1895,33.7039],[75.1901,33.704],[75.1908,33.704],[75.1909,33.7041],[75.1911,33.7041],[75.1913,33.7042],[75.1914,33.7042],[75.1916,33.7041],[75.1933,33.7037],[75.1947,33.7045],[75.1963,33.7038],[75.1966,33.7029],[75.1964,33.701],[75.1993,33.7002],[75.1994,33.7001],[75.1996,33.7001],[75.2001,33.6997],[75.2009,33.6996],[75.202,33.699],[75.2008,33.6975],[75.2012,33.6969],[75.2012,33.6968],[75.2013,33.6967],[75.2014,33.6965],[75.2014,33.6964],[75.2013,33.6963],[75.1996,33.6954],[75.1995,33.6948],[75.2004,33.6942],[75.2006,33.6942],[75.2008,33.6942],[75.2009,33.6942],[75.2013,33.6942],[75.2015,33.6942],[75.2017,33.6942],[75.2018,33.6942],[75.2032,33.6928],[75.2045,33.6936],[75.2052,33.6946],[75.2051,33.6949],[75.2051,33.6951],[75.2051,33.6952],[75.206,33.6963],[75.2106,33.6955],[75.2108,33.6955],[75.2111,33.6955],[75.2113,33.6955],[75.2127,33.6954],[75.2141,33.6952],[75.2144,33.6951],[75.2152,33.6948],[75.2156,33.6948],[75.2158,33.6948],[75.2159,33.6948],[75.2162,33.6949],[75.2177,33.6949],[75.2253,33.6981],[75.2254,33.702],[75.2265,33.702],[75.2278,33.7028],[75.2279,33.7036],[75.2287,33.7043],[75.2288,33.7062],[75.2296,33.7056],[75.2346,33.705],[75.2386,33.7065],[75.2394,33.7071],[75.2411,33.7081],[75.2417,33.7083],[75.2423,33.7088],[75.2438,33.7097],[75.2445,33.7099],[75.246,33.7099],[75.2467,33.7099],[75.2477,33.7099],[75.2484,33.7099],[75.25,33.7097],[75.2501,33.7095],[75.2503,33.709],[75.2509,33.7072],[75.251,33.7019],[75.2563,33.6971],[75.2563,33.6925],[75.2542,33.6901],[75.257,33.6869],[75.2573,33.682],[75.2535,33.6775],[75.2385,33.6743]]]},"properties":{"ac_no":43,"ac_name":"ANANTNAG WEST","ac_category":"GEN","st_name":"JAMMU AND KASHMIR"}},{"type":"Feature","geometry":{"type":"Polygon","coordinates":[[[75.25,33.7097],[75.2501,33.7097],[75.2541,33.7086],[75.2576,33.71],[75.2597,33.7097],[75.2644,33.7062],[75.2715,33.7083],[75.2739,33.7079],[75.2731,33.7144],[75.2718,33.7162],[75.2702,33.7181],[75.2686,33.7188],[75.2673,33.7212],[75.2682,33.7237],[75.2684,33.7254],[75.2676,33.7264],[75.2673,33.7267],[75.2658,33.727],[75.2639,33.7271],[75.2622,33.7266],[75.2608,33.7261],[75.2591,33.7252],[75.2559,33.724],[75.2537,33.7234],[75.2528,33.7225],[75.2522,33.7218],[75.2521,33.722],[75.2518,33.7219],[75.2511,33.7216],[75.2497,33.7192],[75.2486,33.7181],[75.2484,33.7183],[75.2483,33.7184],[75.2478,33.7187],[75.2475,33.7191],[75.2444,33.7204],[75.2417,33.7197],[75.2341,33.7163],[75.2328,33.7163],[75.2318,33.7154],[75.2299,33.7146],[75.2298,33.7145],[75.2294,33.714],[75.2291,33.7137],[75.2291,33.7138],[75.2289,33.7141],[75.2287,33.7144],[75.2282,33.715],[75.2257,33.7156],[75.2233,33.7166],[75.2203,33.7151],[75.2138,33.7177],[75.2118,33.717],[75.2112,33.717],[75.2108,33.717],[75.2107,33.717],[75.2091,33.7168],[75.2076,33.7158],[75.2042,33.7146],[75.2041,33.7144],[75.204,33.7144],[75.2038,33.7142],[75.2036,33.714],[75.2035,33.7139],[75.2034,33.7138],[75.2033,33.7137],[75.189,33.7194],[75.1881,33.7221],[75.1862,33.7214],[75.1832,33.7197],[75.1826,33.7192],[75.1824,33.7191],[75.182,33.7188],[75.1818,33.7187],[75.1817,33.7187],[75.1812,33.7187],[75.181,33.7186],[75.181,33.7184],[75.1809,33.7181],[75.1786,33.7177],[75.1763,33.7197],[75.178,33.7232],[75.1779,33.7261],[75.1777,33.7263],[75.1776,33.7266],[75.1773,33.727],[75.1772,33.7284],[75.1762,33.729],[75.1756,33.729],[75.1753,33.729],[75.1749,33.729],[75.1743,33.7292],[75.1736,33.7294],[75.1736,33.7296],[75.1733,33.7297],[75.173,33.7299],[75.1721,33.7302],[75.1713,33.7307],[75.1701,33.731],[75.1697,33.7312],[75.1689,33.7316],[75.1688,33.732],[75.1689,33.7323],[75.169,33.7326],[75.1696,33.7337],[75.1684,33.7344],[75.1705,33.7349],[75.1711,33.735],[75.1724,33.7353],[75.1746,33.7356],[75.1749,33.7356],[75.1753,33.7358],[75.1755,33.7359],[75.176,33.7359],[75.177,33.7356],[75.1778,33.7356],[75.178,33.7357],[75.1782,33.7359],[75.1787,33.736],[75.1808,33.7362],[75.1844,33.7377],[75.1847,33.7377],[75.1851,33.7377],[75.1853,33.7377],[75.1857,33.7377],[75.1859,33.7377],[75.1875,33.7378],[75.1912,33.7387],[75.192,33.7392],[75.1925,33.7394],[75.1926,33.7395],[75.1931,33.7398],[75.1934,33.74],[75.1955,33.741],[75.1957,33.7412],[75.1959,33.7413],[75.1961,33.7415],[75.1963,33.7416],[75.1964,33.7419],[75.1965,33.7421],[75.1967,33.7423],[75.1968,33.7424],[75.197,33.7426],[75.1972,33.7427],[75.1975,33.7427],[75.1988,33.7438],[75.2002,33.7441],[75.2019,33.7451],[75.2024,33.7458],[75.2024,33.746],[75.2024,33.7463],[75.2023,33.7465],[75.2022,33.7468],[75.2021,33.747],[75.2008,33.7473],[75.2007,33.7474],[75.2005,33.7475],[75.2002,33.7477],[75.1992,33.748],[75.1986,33.7481],[75.1984,33.7482],[75.1982,33.7482],[75.1979,33.7482],[75.1976,33.7482],[75.1969,33.7484],[75.1967,33.7485],[75.1966,33.7485],[75.1963,33.7486],[75.1962,33.7487],[75.196,33.7488],[75.1956,33.7499],[75.1948,33.751],[75.1942,33.7521],[75.194,33.7522],[75.1938,33.7523],[75.1936,33.7525],[75.1928,33.7527],[75.1921,33.7532],[75.1918,33.7537],[75.1917,33.7541],[75.1918,33.7542],[75.1923,33.7547],[75.1927,33.7554],[75.1931,33.756],[75.1931,33.7562],[75.193,33.7565],[75.1928,33.7566],[75.1927,33.7569],[75.1926,33.7571],[75.1926,33.7573],[75.1942,33.7616],[75.1942,33.7617],[75.194,33.7622],[75.1936,33.7625],[75.1917,33.7628],[75.1901,33.7633],[75.1898,33.7634],[75.1895,33.7634],[75.1893,33.7635],[75.1889,33.7637],[75.1863,33.7648],[75.184,33.7639],[75.1816,33.7625],[75.181,33.7622],[75.1807,33.7621],[75.1807,33.7623],[75.1808,33.7625],[75.1801,33.7622],[75.179,33.7613],[75.1779,33.7603],[75.1754,33.7557],[75.1754,33.753],[75.1751,33.7512],[75.1745,33.7497],[75.1713,33.7496],[75.1682,33.747],[75.1656,33.7474],[75.1637,33.7483],[75.1613,33.749],[75.1596,33.7506],[75.1581,33.7517],[75.1524,33.7544],[75.1522,33.7545],[75.1518,33.7545],[75.1512,33.7546],[75.1501,33.7546],[75.1499,33.7546],[75.1494,33.7547],[75.1481,33.7548],[75.1478,33.7549],[75.1475,33.755],[75.147,33.755],[75.1462,33.7552],[75.1471,33.7612],[75.1473,33.7675],[75.1484,33.7691],[75.1493,33.7705],[75.1505,33.7728],[75.1549,33.7759],[75.167,33.7797],[75.1712,33.7796],[75.1764,33.7796],[75.1841,33.7803],[75.1878,33.7813],[75.1876,33.7944],[75.1928,33.7955],[75.2005,33.7896],[75.2068,33.7882],[75.2173,33.7874],[75.2224,33.7857],[75.2257,33.7833],[75.2293,33.7882],[75.2333,33.796],[75.2355,33.798],[75.236,33.7985],[75.236,33.799],[75.236,33.8003],[75.236,33.8018],[75.236,33.803],[75.2341,33.8066],[75.2351,33.813],[75.2364,33.8207],[75.2371,33.8225],[75.2373,33.823],[75.2375,33.8239],[75.2377,33.8244],[75.2377,33.8245],[75.2377,33.8246],[75.2415,33.8239],[75.2427,33.823],[75.248,33.8224],[75.2494,33.8219],[75.2512,33.8208],[75.2538,33.8177],[75.2546,33.8168],[75.2549,33.8164],[75.2556,33.8156],[75.2579,33.8134],[75.2588,33.8136],[75.261,33.8141],[75.2621,33.8148],[75.2624,33.8148],[75.2634,33.8149],[75.266,33.8141],[75.2673,33.8133],[75.2676,33.8132],[75.2714,33.8125],[75.2775,33.8102],[75.2855,33.8059],[75.2871,33.8053],[75.2896,33.8052],[75.2904,33.8051],[75.2966,33.7992],[75.2985,33.7988],[75.2997,33.7981],[75.3006,33.7973],[75.3023,33.7971],[75.3031,33.7972],[75.3041,33.7967],[75.3048,33.7968],[75.3061,33.7965],[75.3064,33.7966],[75.3114,33.7938],[75.3242,33.7939],[75.3315,33.7928],[75.3318,33.7924],[75.3305,33.7911],[75.3293,33.789],[75.3263,33.785],[75.3234,33.7795],[75.3136,33.7712],[75.3011,33.7636],[75.2954,33.7594],[75.2852,33.7641],[75.274,33.7656],[75.2678,33.7628],[75.2753,33.7599],[75.2832,33.7556],[75.29,33.7571],[75.2923,33.7508],[75.2946,33.7492],[75.3004,33.7519],[75.305,33.7564],[75.3026,33.759],[75.3032,33.763],[75.3069,33.763],[75.3133,33.7551],[75.3163,33.7539],[75.3157,33.75],[75.3096,33.7492],[75.308,33.7462],[75.3101,33.7442],[75.3055,33.7401],[75.3074,33.7371],[75.3113,33.7371],[75.314,33.7347],[75.3188,33.7366],[75.324,33.7363],[75.327,33.7384],[75.335,33.7464],[75.3417,33.7453],[75.3481,33.7406],[75.3493,33.7376],[75.3437,33.7354],[75.3403,33.7296],[75.3419,33.7243],[75.3447,33.7197],[75.3398,33.7177],[75.343,33.7139],[75.3359,33.7126],[75.3316,33.7147],[75.3254,33.7196],[75.3223,33.7196],[75.3226,33.7141],[75.3249,33.7103],[75.3243,33.7076],[75.3194,33.7074],[75.3085,33.7163],[75.3014,33.7124],[75.2964,33.7143],[75.2932,33.7117],[75.2907,33.7034],[75.2916,33.6992],[75.295,33.6953],[75.2939,33.6914],[75.2898,33.6855],[75.2839,33.6887],[75.2806,33.6892],[75.2768,33.6854],[75.2793,33.6802],[75.2849,33.6766],[75.2841,33.6737],[75.2942,33.6677],[75.2959,33.6639],[75.2933,33.6604],[75.2943,33.6563],[75.2847,33.6573],[75.2779,33.665],[75.2717,33.6662],[75.2693,33.6698],[75.265,33.6706],[75.2636,33.6664],[75.2592,33.6662],[75.2563,33.6715],[75.2585,33.6757],[75.2562,33.6768],[75.2493,33.6693],[75.2476,33.669],[75.2469,33.6686],[75.2466,33.6686],[75.2456,33.6683],[75.2459,33.6678],[75.2456,33.6683],[75.245,33.6688],[75.2444,33.6692],[75.2432,33.6698],[75.2428,33.6701],[75.2419,33.6707],[75.2411,33.6713],[75.2385,33.6743],[75.2535,33.6775],[75.2573,33.682],[75.257,33.6869],[75.2542,33.6901],[75.2563,33.6925],[75.2563,33.6971],[75.251,33.7019],[75.2509,33.7072],[75.2503,33.709],[75.2501,33.7095],[75.25,33.7097]]]},"properties":{"ac_no":46,"ac_name":"SHANGUS - ANANTNAG EAST","ac_category":"GEN","st_name":"JAMMU AND KASHMIR"}},{"type":"Feature","geometry":{"type":"Polygon","coordinates":[[[75.2501,33.7097],[75.25,33.7097],[75.2493,33.7098],[75.2484,33.7099],[75.2477,33.7099],[75.2467,33.7099],[75.2445,33.7099],[75.2438,33.7097],[75.2431,33.7093],[75.2423,33.7088],[75.2417,33.7083],[75.2411,33.7081],[75.2394,33.7071],[75.2386,33.7065],[75.2346,33.705],[75.2323,33.705],[75.2296,33.7056],[75.2288,33.7062],[75.2288,33.7061],[75.2288,33.7058],[75.2289,33.7052],[75.2287,33.7043],[75.2279,33.7036],[75.2278,33.7028],[75.2265,33.702],[75.2253,33.6981],[75.2237,33.6971],[75.2177,33.6949],[75.2162,33.6949],[75.2159,33.6948],[75.2158,33.6948],[75.2156,33.6948],[75.2154,33.6948],[75.2152,33.6948],[75.2144,33.6951],[75.2141,33.6952],[75.2127,33.6954],[75.2113,33.6955],[75.2111,33.6955],[75.211,33.6955],[75.2108,33.6955],[75.2106,33.6955],[75.206,33.6963],[75.2051,33.6952],[75.2051,33.6951],[75.2051,33.6949],[75.2052,33.6946],[75.2045,33.6936],[75.2032,33.6928],[75.2021,33.6936],[75.2019,33.694],[75.2017,33.6942],[75.2015,33.6942],[75.2013,33.6942],[75.2012,33.6942],[75.2009,33.6942],[75.2008,33.6942],[75.2006,33.6942],[75.2004,33.6942],[75.1996,33.6954],[75.2013,33.6963],[75.2014,33.6964],[75.2014,33.6965],[75.2013,33.6967],[75.2012,33.6968],[75.2012,33.6969],[75.2008,33.6975],[75.202,33.699],[75.2009,33.6996],[75.2001,33.6997],[75.1996,33.7001],[75.1994,33.7001],[75.1993,33.7002],[75.1964,33.701],[75.1966,33.7029],[75.1963,33.7038],[75.1947,33.7045],[75.1933,33.7037],[75.1916,33.7041],[75.1914,33.7042],[75.1913,33.7042],[75.1911,33.7041],[75.1909,33.7041],[75.1908,33.704],[75.1901,33.704],[75.1895,33.7039],[75.1894,33.7039],[75.1889,33.7036],[75.1876,33.7031],[75.1871,33.7028],[75.187,33.7028],[75.1868,33.7027],[75.1851,33.7024],[75.1834,33.7023],[75.1815,33.7032],[75.1814,33.7034],[75.1813,33.7036],[75.1813,33.7038],[75.1814,33.7042],[75.1814,33.7044],[75.1813,33.7046],[75.1805,33.7055],[75.1803,33.7055],[75.18,33.7055],[75.1793,33.7053],[75.1786,33.7042],[75.1769,33.7042],[75.1762,33.706],[75.1711,33.7091],[75.1652,33.7112],[75.1648,33.7127],[75.1641,33.7133],[75.1636,33.7134],[75.1633,33.7136],[75.1631,33.7137],[75.1629,33.714],[75.1627,33.7149],[75.1627,33.7151],[75.1626,33.7153],[75.1628,33.7165],[75.1626,33.7172],[75.1627,33.7175],[75.1627,33.7176],[75.163,33.718],[75.1628,33.719],[75.1637,33.7192],[75.1639,33.7193],[75.1642,33.7194],[75.1642,33.7195],[75.1643,33.7196],[75.1642,33.7198],[75.1641,33.7198],[75.1638,33.721],[75.1631,33.7215],[75.1628,33.7216],[75.1604,33.7216],[75.1598,33.7218],[75.1595,33.7219],[75.1591,33.7221],[75.1588,33.7222],[75.1585,33.7224],[75.1582,33.7225],[75.1532,33.7231],[75.153,33.723],[75.1517,33.7227],[75.1502,33.72],[75.1479,33.7192],[75.1467,33.7192],[75.1462,33.7194],[75.1459,33.7197],[75.1459,33.7199],[75.1458,33.7209],[75.1463,33.7224],[75.1463,33.7226],[75.1461,33.7228],[75.1461,33.723],[75.1461,33.7232],[75.1461,33.7234],[75.1452,33.7244],[75.1452,33.7246],[75.146,33.725],[75.1474,33.7256],[75.1458,33.7275],[75.146,33.7283],[75.146,33.7285],[75.146,33.7287],[75.146,33.7289],[75.146,33.7292],[75.1456,33.7301],[75.1447,33.7314],[75.1395,33.7352],[75.1344,33.7345],[75.1344,33.7343],[75.1344,33.734],[75.134,33.7333],[75.1338,33.7332],[75.1334,33.7329],[75.1322,33.7328],[75.1316,33.7332],[75.1315,33.7335],[75.1314,33.7337],[75.1314,33.734],[75.1314,33.7342],[75.1315,33.7344],[75.1315,33.7346],[75.1314,33.7355],[75.1314,33.7357],[75.1311,33.736],[75.1307,33.7364],[75.1274,33.7381],[75.1272,33.7384],[75.1271,33.7388],[75.1271,33.7391],[75.1295,33.7395],[75.1327,33.7377],[75.1366,33.7412],[75.1362,33.7447],[75.1355,33.746],[75.1358,33.7464],[75.1359,33.7465],[75.1361,33.7467],[75.1388,33.7478],[75.1384,33.7516],[75.1375,33.7525],[75.1375,33.7526],[75.1374,33.7527],[75.1373,33.7528],[75.1373,33.7529],[75.1372,33.7529],[75.1372,33.753],[75.1379,33.7534],[75.1391,33.7541],[75.141,33.7558],[75.1433,33.756],[75.1469,33.755],[75.1475,33.755],[75.1478,33.7549],[75.1481,33.7548],[75.1501,33.7546],[75.1512,33.7546],[75.1518,33.7545],[75.1522,33.7545],[75.1524,33.7544],[75.1581,33.7517],[75.1596,33.7506],[75.1613,33.749],[75.1637,33.7483],[75.1656,33.7474],[75.1682,33.747],[75.1713,33.7496],[75.1745,33.7497],[75.1751,33.7512],[75.1754,33.753],[75.1754,33.7557],[75.1779,33.7603],[75.179,33.7613],[75.1801,33.7622],[75.1807,33.7621],[75.181,33.7622],[75.1816,33.7625],[75.184,33.7639],[75.1863,33.7648],[75.1889,33.7637],[75.1891,33.7636],[75.1893,33.7635],[75.1895,33.7634],[75.1898,33.7634],[75.1901,33.7633],[75.1917,33.7628],[75.1936,33.7625],[75.194,33.7622],[75.1942,33.7617],[75.1942,33.7616],[75.1926,33.7573],[75.1926,33.7571],[75.1927,33.7569],[75.1928,33.7566],[75.193,33.7565],[75.1931,33.7562],[75.1931,33.756],[75.1923,33.7547],[75.1918,33.7542],[75.1917,33.7541],[75.1918,33.7537],[75.1921,33.7532],[75.1928,33.7527],[75.1936,33.7525],[75.1938,33.7523],[75.194,33.7522],[75.1942,33.7521],[75.1956,33.7499],[75.196,33.7488],[75.1962,33.7487],[75.1963,33.7486],[75.1966,33.7485],[75.1976,33.7482],[75.1979,33.7482],[75.1982,33.7482],[75.1984,33.7482],[75.1986,33.7481],[75.1992,33.748],[75.2002,33.7477],[75.2005,33.7475],[75.2007,33.7474],[75.2008,33.7473],[75.2016,33.7471],[75.2021,33.747],[75.2022,33.7468],[75.2023,33.7465],[75.2024,33.7463],[75.2024,33.746],[75.2024,33.7458],[75.2019,33.7451],[75.2002,33.7441],[75.1988,33.7438],[75.1975,33.7427],[75.1972,33.7427],[75.197,33.7426],[75.1968,33.7424],[75.1965,33.7421],[75.1964,33.7419],[75.1963,33.7416],[75.1961,33.7415],[75.1959,33.7413],[75.1957,33.7412],[75.1955,33.741],[75.1934,33.74],[75.1931,33.7398],[75.1926,33.7395],[75.1925,33.7394],[75.192,33.7392],[75.1912,33.7387],[75.1875,33.7378],[75.1859,33.7377],[75.1857,33.7377],[75.1853,33.7377],[75.1851,33.7377],[75.1847,33.7377],[75.1844,33.7377],[75.1808,33.7362],[75.1787,33.736],[75.1782,33.7359],[75.178,33.7357],[75.1778,33.7356],[75.177,33.7356],[75.176,33.7359],[75.1757,33.7359],[75.1755,33.7359],[75.1753,33.7358],[75.1749,33.7356],[75.1746,33.7356],[75.1724,33.7353],[75.1711,33.735],[75.1705,33.7349],[75.1684,33.7344],[75.1696,33.7337],[75.169,33.7326],[75.1689,33.7323],[75.1688,33.732],[75.1689,33.7318],[75.1689,33.7316],[75.1701,33.731],[75.1713,33.7307],[75.1721,33.7302],[75.173,33.7299],[75.1733,33.7297],[75.1736,33.7296],[75.1736,33.7294],[75.1743,33.7292],[75.1749,33.729],[75.1753,33.729],[75.1756,33.729],[75.1762,33.729],[75.1772,33.7284],[75.1773,33.727],[75.1776,33.7266],[75.1777,33.7263],[75.1779,33.7261],[75.178,33.7232],[75.1763,33.7197],[75.1809,33.7181],[75.181,33.7184],[75.181,33.7186],[75.1812,33.7187],[75.1817,33.7187],[75.1818,33.7187],[75.182,33.7188],[75.1824,33.7191],[75.1826,33.7192],[75.1832,33.7197],[75.1862,33.7214],[75.1881,33.7221],[75.189,33.7194],[75.2033,33.7137],[75.2034,33.7138],[75.2035,33.7139],[75.2036,33.714],[75.2038,33.7142],[75.204,33.7144],[75.2041,33.7144],[75.2042,33.7146],[75.2057,33.7153],[75.2091,33.7168],[75.2107,33.717],[75.2108,33.717],[75.2112,33.717],[75.2118,33.717],[75.2138,33.7177],[75.2203,33.7151],[75.2233,33.7166],[75.2257,33.7156],[75.2282,33.715],[75.2287,33.7144],[75.2289,33.7141],[75.2291,33.7138],[75.2291,33.7137],[75.2299,33.7146],[75.2444,33.7204],[75.2486,33.7181],[75.2497,33.7192],[75.2511,33.7216],[75.2518,33.7219],[75.2521,33.722],[75.2522,33.7218],[75.2528,33.7225],[75.2537,33.7234],[75.2591,33.7252],[75.2608,33.7261],[75.2622,33.7266],[75.2639,33.7271],[75.2658,33.727],[75.2673,33.7267],[75.2676,33.7264],[75.2684,33.7254],[75.2682,33.7237],[75.2673,33.7212],[75.2686,33.7188],[75.2702,33.7181],[75.2718,33.7162],[75.2731,33.7144],[75.2739,33.7079],[75.2715,33.7083],[75.2644,33.7062],[75.2597,33.7097],[75.2576,33.71],[75.2541,33.7086],[75.2501,33.7097]]]},"properties":{"ac_no":44,"ac_name":"ANANTNAG","ac_category":"GEN","st_name":"JAMMU AND KASHMIR"}},{"type":"Feature","geometry":{"type":"Polygon","coordinates":[[[75.4815,33.4055],[75.4811,33.4052],[75.4727,33.3998],[75.4695,33.4016],[75.4656,33.4032],[75.4576,33.4],[75.4566,33.3996],[75.4556,33.3989],[75.4555,33.3989],[75.4548,33.3985],[75.4547,33.3985],[75.4545,33.3984],[75.4543,33.3983],[75.4542,33.3983],[75.4541,33.3982],[75.4535,33.3979],[75.4534,33.3979],[75.4533,33.3978],[75.4514,33.3953],[75.4481,33.3859],[75.4474,33.3813],[75.4459,33.3794],[75.442,33.3782],[75.4352,33.3788],[75.4338,33.3788],[75.4337,33.3789],[75.4336,33.3789],[75.4334,33.3789],[75.4333,33.3789],[75.4329,33.3789],[75.4243,33.3802],[75.4222,33.3805],[75.4207,33.3805],[75.4206,33.3805],[75.4205,33.3805],[75.4191,33.3808],[75.4179,33.3807],[75.4157,33.3799],[75.4016,33.3674],[75.397,33.3653],[75.3899,33.3654],[75.3891,33.3653],[75.3886,33.366],[75.3853,33.3655],[75.3811,33.3647],[75.3769,33.3678],[75.3758,33.3775],[75.3748,33.3782],[75.3692,33.3793],[75.3647,33.3814],[75.3584,33.381],[75.3529,33.3838],[75.3494,33.3841],[75.3408,33.391],[75.3346,33.3948],[75.3306,33.3962],[75.33,33.3975],[75.3307,33.4012],[75.3291,33.4052],[75.3236,33.4096],[75.3175,33.4128],[75.3132,33.4174],[75.3094,33.4223],[75.3029,33.4267],[75.2954,33.4328],[75.289,33.4366],[75.2855,33.4442],[75.2797,33.4514],[75.2698,33.4592],[75.2673,33.4625],[75.2634,33.465],[75.257,33.4712],[75.2479,33.4753],[75.2468,33.4791],[75.2426,33.4856],[75.2409,33.4857],[75.2378,33.4881],[75.2352,33.4889],[75.2308,33.4939],[75.2312,33.4959],[75.2222,33.5024],[75.2175,33.5027],[75.216,33.5037],[75.2141,33.5056],[75.206,33.509],[75.2025,33.5133],[75.1996,33.5158],[75.1986,33.5166],[75.1952,33.5168],[75.1862,33.5172],[75.1783,33.5228],[75.1733,33.5249],[75.1719,33.5251],[75.1707,33.525],[75.1675,33.5244],[75.1657,33.5251],[75.1575,33.5237],[75.1504,33.5251],[75.1413,33.5253],[75.1431,33.5293],[75.1418,33.5356],[75.1448,33.5405],[75.1471,33.5471],[75.1511,33.5511],[75.152,33.5569],[75.1521,33.557],[75.1522,33.557],[75.1523,33.5571],[75.1525,33.5572],[75.153,33.5574],[75.1539,33.5579],[75.1541,33.558],[75.1577,33.5622],[75.1571,33.5665],[75.1575,33.5672],[75.1584,33.5688],[75.159,33.5698],[75.1603,33.569],[75.1629,33.5731],[75.1672,33.5771],[75.1687,33.5781],[75.1697,33.5793],[75.1708,33.5802],[75.1736,33.5822],[75.1745,33.5831],[75.1745,33.5842],[75.1742,33.5857],[75.1747,33.5869],[75.1756,33.587],[75.1774,33.5867],[75.1795,33.5844],[75.1812,33.5843],[75.1821,33.5849],[75.1823,33.5857],[75.1818,33.5976],[75.1826,33.6024],[75.1817,33.6102],[75.1767,33.6167],[75.1694,33.6219],[75.1597,33.6268],[75.1562,33.6271],[75.1542,33.6305],[75.1525,33.635],[75.1526,33.6368],[75.1526,33.6369],[75.1528,33.6392],[75.1529,33.6427],[75.1549,33.646],[75.155,33.652],[75.1564,33.653],[75.1622,33.6513],[75.1646,33.6497],[75.1667,33.6492],[75.1679,33.6498],[75.1729,33.6547],[75.1758,33.6559],[75.1809,33.6565],[75.1829,33.6568],[75.1849,33.6571],[75.1878,33.658],[75.1908,33.6589],[75.1921,33.6593],[75.1906,33.6601],[75.19,33.6604],[75.1884,33.6619],[75.1879,33.6635],[75.1861,33.6643],[75.1847,33.665],[75.1836,33.6655],[75.1824,33.6665],[75.184,33.6669],[75.1848,33.6674],[75.1884,33.6685],[75.1967,33.6721],[75.1984,33.6748],[75.1984,33.675],[75.1984,33.6753],[75.1984,33.6756],[75.1984,33.6758],[75.1985,33.676],[75.1987,33.6763],[75.1989,33.6762],[75.199,33.6762],[75.1991,33.6761],[75.1992,33.6761],[75.1994,33.6761],[75.1996,33.6761],[75.1997,33.6761],[75.1997,33.676],[75.1999,33.6759],[75.2001,33.6757],[75.2005,33.6756],[75.2007,33.6756],[75.2009,33.6755],[75.201,33.6754],[75.2011,33.6753],[75.2012,33.6752],[75.2014,33.6751],[75.2023,33.6747],[75.2027,33.6741],[75.2032,33.6736],[75.2035,33.6733],[75.2035,33.6732],[75.2036,33.6732],[75.2037,33.673],[75.2038,33.6727],[75.2039,33.6726],[75.2041,33.6726],[75.2044,33.6726],[75.205,33.6743],[75.2062,33.6744],[75.2063,33.6743],[75.2063,33.6742],[75.2064,33.6741],[75.2065,33.6739],[75.2073,33.6736],[75.2074,33.6736],[75.2078,33.6736],[75.2082,33.6736],[75.2086,33.6738],[75.2087,33.6738],[75.2088,33.6738],[75.2108,33.6754],[75.2113,33.6754],[75.2116,33.6754],[75.2117,33.6754],[75.2118,33.6755],[75.2125,33.6755],[75.2122,33.6763],[75.212,33.679],[75.2121,33.6792],[75.2121,33.6793],[75.2121,33.6794],[75.2123,33.6796],[75.2128,33.6797],[75.2135,33.6792],[75.2157,33.6784],[75.2166,33.6778],[75.2177,33.6757],[75.2219,33.6746],[75.2222,33.6748],[75.2224,33.6753],[75.2226,33.6756],[75.2229,33.6756],[75.2234,33.6757],[75.2236,33.6759],[75.2238,33.6762],[75.2239,33.6766],[75.2242,33.6768],[75.2247,33.6774],[75.225,33.6777],[75.2264,33.6779],[75.2279,33.6781],[75.2297,33.6781],[75.233,33.6776],[75.2345,33.6765],[75.2378,33.6749],[75.2411,33.6713],[75.2419,33.6707],[75.2428,33.6701],[75.2432,33.6698],[75.2444,33.6692],[75.245,33.6688],[75.2456,33.6683],[75.2459,33.6679],[75.2462,33.6674],[75.2464,33.667],[75.2464,33.6656],[75.2464,33.6651],[75.2475,33.6618],[75.2478,33.661],[75.2481,33.6605],[75.2538,33.656],[75.2635,33.656],[75.2675,33.6536],[75.2687,33.6536],[75.2696,33.6535],[75.2759,33.6502],[75.2765,33.6461],[75.2691,33.648],[75.2678,33.6465],[75.2678,33.6456],[75.2677,33.6449],[75.2678,33.6447],[75.2699,33.6446],[75.2706,33.6445],[75.271,33.6443],[75.2711,33.6443],[75.2717,33.6438],[75.2719,33.6432],[75.2719,33.6427],[75.2703,33.6419],[75.2695,33.6412],[75.2692,33.641],[75.2689,33.6408],[75.2686,33.6408],[75.2677,33.6404],[75.2707,33.639],[75.2718,33.64],[75.2725,33.6402],[75.2734,33.6407],[75.2737,33.6409],[75.2754,33.641],[75.2755,33.6409],[75.2755,33.6405],[75.2755,33.6402],[75.2752,33.64],[75.2748,33.6396],[75.2745,33.6393],[75.2743,33.6392],[75.2741,33.639],[75.2738,33.6388],[75.2735,33.6385],[75.2733,33.6383],[75.2732,33.6379],[75.2732,33.6376],[75.2734,33.6372],[75.2733,33.637],[75.2731,33.6368],[75.2734,33.6365],[75.2742,33.6361],[75.2744,33.636],[75.275,33.6359],[75.2752,33.6359],[75.2763,33.6353],[75.2767,33.6348],[75.277,33.6345],[75.2771,33.6319],[75.2818,33.6284],[75.2815,33.6248],[75.2848,33.6248],[75.2851,33.6249],[75.2853,33.625],[75.2856,33.625],[75.2859,33.6248],[75.2862,33.6247],[75.2864,33.6246],[75.2864,33.6244],[75.2864,33.6239],[75.2866,33.6219],[75.2862,33.6216],[75.2862,33.6215],[75.2862,33.6213],[75.2864,33.6211],[75.2871,33.6211],[75.288,33.6223],[75.2899,33.6221],[75.2887,33.6198],[75.2886,33.6197],[75.2885,33.6195],[75.2884,33.6194],[75.2883,33.6193],[75.2883,33.6191],[75.2883,33.6189],[75.2885,33.6188],[75.289,33.6188],[75.2893,33.6189],[75.2895,33.6189],[75.2905,33.6187],[75.2906,33.6187],[75.2907,33.6186],[75.2909,33.6186],[75.2909,33.6185],[75.2911,33.6185],[75.2907,33.6142],[75.2915,33.6134],[75.2917,33.6132],[75.2917,33.6131],[75.2923,33.6116],[75.2943,33.6084],[75.289,33.5998],[75.2871,33.5995],[75.2841,33.6004],[75.2814,33.6016],[75.28,33.5986],[75.279,33.5979],[75.2768,33.5973],[75.2758,33.597],[75.2756,33.5968],[75.2754,33.5967],[75.2753,33.5966],[75.2736,33.5949],[75.2735,33.5947],[75.2734,33.5946],[75.2729,33.594],[75.2729,33.5938],[75.2728,33.5937],[75.2727,33.5934],[75.2725,33.5933],[75.2724,33.5931],[75.2723,33.593],[75.2722,33.5929],[75.2722,33.5927],[75.2721,33.5925],[75.2721,33.5922],[75.2721,33.5921],[75.2721,33.5918],[75.2722,33.5916],[75.2724,33.5907],[75.272,33.5892],[75.2719,33.5887],[75.2715,33.5882],[75.269,33.5864],[75.2682,33.5857],[75.2678,33.5855],[75.2646,33.5847],[75.2557,33.5785],[75.2552,33.5773],[75.2554,33.5756],[75.2592,33.5677],[75.2613,33.5656],[75.2642,33.5634],[75.2646,33.5633],[75.2669,33.5625],[75.2688,33.5619],[75.2707,33.5611],[75.2722,33.5597],[75.2743,33.5584],[75.2769,33.5572],[75.2815,33.5548],[75.2856,33.5518],[75.29,33.55],[75.2929,33.5494],[75.2967,33.5408],[75.3036,33.5347],[75.317,33.5243],[75.3195,33.5221],[75.3216,33.5209],[75.3293,33.5209],[75.3309,33.5201],[75.3337,33.5184],[75.3359,33.5161],[75.3414,33.5151],[75.3485,33.5155],[75.3514,33.5167],[75.352,33.5151],[75.3537,33.5121],[75.3555,33.5079],[75.3598,33.5055],[75.3648,33.5034],[75.3672,33.4998],[75.369,33.4962],[75.3711,33.4926],[75.3782,33.4887],[75.3829,33.4845],[75.3957,33.4746],[75.3989,33.4716],[75.402,33.466],[75.4063,33.4615],[75.4073,33.4588],[75.4048,33.4561],[75.403,33.4525],[75.4041,33.4483],[75.4058,33.4442],[75.4097,33.4409],[75.413,33.4403],[75.4176,33.4402],[75.4233,33.4378],[75.4236,33.4351],[75.4236,33.4322],[75.4254,33.4277],[75.4286,33.4256],[75.435,33.4256],[75.4382,33.427],[75.4411,33.427],[75.4432,33.4225],[75.4467,33.4186],[75.4514,33.4213],[75.4564,33.4201],[75.4606,33.4171],[75.4656,33.4135],[75.4723,33.4093],[75.4815,33.4055]]]},"properties":{"ac_no":41,"ac_name":"DOORU","ac_category":"GEN","st_name":"JAMMU AND KASHMIR"}},{"type":"Feature","geometry":{"type":"Polygon","coordinates":[[[75.2459,33.6678],[75.2456,33.6683],[75.2466,33.6686],[75.2469,33.6686],[75.2476,33.669],[75.2493,33.6693],[75.2562,33.6768],[75.2585,33.6757],[75.2563,33.6715],[75.2592,33.6662],[75.2636,33.6664],[75.265,33.6706],[75.2693,33.6698],[75.2717,33.6662],[75.2779,33.665],[75.2847,33.6573],[75.2943,33.6563],[75.2933,33.6604],[75.2959,33.6639],[75.2942,33.6677],[75.2841,33.6737],[75.2849,33.6766],[75.2793,33.6802],[75.2768,33.6854],[75.2806,33.6892],[75.2839,33.6887],[75.2898,33.6855],[75.2939,33.6914],[75.295,33.6953],[75.2916,33.6992],[75.2907,33.7034],[75.2932,33.7117],[75.2964,33.7143],[75.3014,33.7124],[75.3085,33.7163],[75.3194,33.7074],[75.3243,33.7076],[75.3249,33.7103],[75.3226,33.7141],[75.3223,33.7196],[75.3254,33.7196],[75.3316,33.7147],[75.3359,33.7126],[75.343,33.7139],[75.3398,33.7177],[75.3447,33.7197],[75.3419,33.7243],[75.3403,33.7296],[75.3437,33.7354],[75.3493,33.7376],[75.3481,33.7406],[75.3417,33.7453],[75.335,33.7464],[75.327,33.7384],[75.324,33.7363],[75.3188,33.7366],[75.314,33.7347],[75.3113,33.7371],[75.3074,33.7371],[75.3055,33.7401],[75.3101,33.7442],[75.308,33.7462],[75.3096,33.7492],[75.3157,33.75],[75.3163,33.7539],[75.3133,33.7551],[75.3069,33.763],[75.3032,33.763],[75.3026,33.759],[75.305,33.7564],[75.3004,33.7519],[75.2946,33.7492],[75.2923,33.7508],[75.29,33.7571],[75.2832,33.7556],[75.2753,33.7599],[75.2678,33.7628],[75.274,33.7656],[75.2852,33.7641],[75.2954,33.7594],[75.3011,33.7636],[75.3136,33.7712],[75.3234,33.7795],[75.3263,33.785],[75.3293,33.789],[75.3305,33.7911],[75.3318,33.7924],[75.3315,33.7928],[75.3393,33.7966],[75.3436,33.8018],[75.348,33.8037],[75.3572,33.8048],[75.3664,33.8128],[75.3751,33.8185],[75.3848,33.8225],[75.3862,33.8232],[75.3873,33.824],[75.3882,33.8248],[75.3885,33.8253],[75.391,33.8282],[75.3924,33.8314],[75.403,33.8436],[75.4097,33.8457],[75.4143,33.8457],[75.4152,33.8459],[75.4219,33.8459],[75.4242,33.8461],[75.4251,33.8463],[75.4258,33.8465],[75.4267,33.8468],[75.4281,33.8491],[75.4281,33.8499],[75.4282,33.8507],[75.4286,33.8514],[75.4302,33.8524],[75.4306,33.8525],[75.4306,33.8524],[75.4307,33.8524],[75.4309,33.8522],[75.4315,33.8518],[75.434,33.8508],[75.4329,33.8489],[75.4306,33.8474],[75.4298,33.8455],[75.4311,33.8436],[75.4322,33.8423],[75.4326,33.8418],[75.4342,33.8401],[75.4376,33.8384],[75.4384,33.8375],[75.4389,33.8369],[75.439,33.8322],[75.4454,33.8269],[75.4447,33.8221],[75.4463,33.8207],[75.4483,33.8195],[75.4498,33.8186],[75.4512,33.8178],[75.4553,33.8157],[75.4567,33.8146],[75.4556,33.8111],[75.4524,33.8081],[75.4545,33.8077],[75.4563,33.8073],[75.4586,33.8059],[75.4625,33.8],[75.4616,33.7965],[75.4614,33.7953],[75.4628,33.7941],[75.4688,33.7912],[75.4731,33.791],[75.4752,33.7903],[75.4759,33.7894],[75.4768,33.7878],[75.4775,33.7871],[75.4841,33.7846],[75.4838,33.7836],[75.4832,33.7805],[75.4768,33.7751],[75.4706,33.7728],[75.4687,33.7684],[75.4694,33.7673],[75.4705,33.7658],[75.4717,33.764],[75.4698,33.7611],[75.4684,33.7596],[75.4672,33.7586],[75.4671,33.7579],[75.4738,33.7556],[75.4777,33.7537],[75.4785,33.7529],[75.4789,33.7523],[75.4792,33.7513],[75.4793,33.7494],[75.4788,33.7478],[75.4806,33.7479],[75.4834,33.7474],[75.487,33.7445],[75.4964,33.7394],[75.5013,33.7349],[75.5041,33.7279],[75.5127,33.7213],[75.5154,33.7179],[75.5211,33.7157],[75.5223,33.7148],[75.5221,33.7133],[75.5122,33.7027],[75.5034,33.6988],[75.5013,33.6966],[75.5013,33.6946],[75.5014,33.6923],[75.5014,33.6914],[75.5031,33.6891],[75.51,33.6832],[75.5106,33.6812],[75.5096,33.6791],[75.5092,33.6785],[75.5083,33.6771],[75.5082,33.6676],[75.5085,33.6648],[75.509,33.6628],[75.5094,33.6619],[75.5103,33.6602],[75.512,33.6577],[75.5127,33.6572],[75.5143,33.6564],[75.5158,33.6557],[75.5166,33.6551],[75.5172,33.6544],[75.5164,33.654],[75.512,33.6511],[75.5103,33.6504],[75.5081,33.6489],[75.5065,33.6476],[75.5058,33.6469],[75.5063,33.6424],[75.5059,33.6411],[75.5052,33.6395],[75.5013,33.6366],[75.5012,33.6354],[75.5011,33.6332],[75.5018,33.6275],[75.5087,33.6299],[75.5108,33.6287],[75.5101,33.625],[75.5096,33.6242],[75.5082,33.6214],[75.5078,33.6205],[75.5077,33.6197],[75.5085,33.6185],[75.5099,33.6183],[75.5113,33.6181],[75.5187,33.623],[75.5238,33.6239],[75.5239,33.6237],[75.5244,33.6233],[75.5244,33.6232],[75.5244,33.623],[75.5242,33.622],[75.5242,33.6218],[75.5241,33.6213],[75.524,33.6212],[75.524,33.6211],[75.524,33.621],[75.5239,33.6204],[75.5238,33.6199],[75.5222,33.615],[75.528,33.6139],[75.5291,33.6128],[75.5293,33.6127],[75.5306,33.6098],[75.5323,33.6081],[75.5341,33.6077],[75.5354,33.6076],[75.5361,33.6069],[75.5361,33.6059],[75.536,33.6038],[75.5359,33.601],[75.5362,33.6001],[75.5366,33.5989],[75.5358,33.5979],[75.5327,33.5959],[75.5277,33.5909],[75.5269,33.5898],[75.5267,33.5886],[75.5261,33.5876],[75.5251,33.587],[75.5202,33.5856],[75.5186,33.5848],[75.517,33.5837],[75.5144,33.5815],[75.5126,33.5805],[75.5114,33.5792],[75.5073,33.5736],[75.5072,33.5726],[75.507,33.5719],[75.5076,33.571],[75.5077,33.57],[75.5072,33.5691],[75.5069,33.5681],[75.5072,33.5673],[75.5077,33.5654],[75.5084,33.5647],[75.509,33.5636],[75.5093,33.5614],[75.5091,33.5596],[75.5087,33.5585],[75.5056,33.5531],[75.5044,33.5518],[75.5034,33.5506],[75.5038,33.549],[75.5093,33.5439],[75.514,33.5416],[75.5125,33.5344],[75.509,33.5269],[75.4993,33.5285],[75.4958,33.5269],[75.4938,33.5259],[75.488,33.5227],[75.4874,33.5221],[75.4866,33.5212],[75.4834,33.5117],[75.4812,33.5102],[75.479,33.5088],[75.4767,33.5072],[75.4745,33.5046],[75.4726,33.5029],[75.4694,33.5002],[75.4683,33.4993],[75.4695,33.4862],[75.4725,33.4824],[75.4733,33.4785],[75.477,33.4734],[75.4825,33.4702],[75.4826,33.4694],[75.4828,33.4681],[75.4831,33.463],[75.4831,33.4591],[75.4833,33.4584],[75.4871,33.4552],[75.4885,33.4546],[75.4894,33.4541],[75.4907,33.4529],[75.4881,33.4435],[75.4811,33.4378],[75.4846,33.4334],[75.4844,33.4298],[75.4783,33.4242],[75.4762,33.4211],[75.4754,33.4177],[75.4759,33.4169],[75.4769,33.4156],[75.48,33.4128],[75.4805,33.4118],[75.481,33.4108],[75.4816,33.4092],[75.4827,33.4065],[75.4825,33.4064],[75.4817,33.4057],[75.4815,33.4055],[75.4723,33.4093],[75.4656,33.4135],[75.4606,33.4171],[75.4564,33.4201],[75.4514,33.4213],[75.4467,33.4187],[75.4432,33.4225],[75.4411,33.427],[75.4382,33.427],[75.435,33.4256],[75.4286,33.4256],[75.4254,33.4277],[75.4236,33.4322],[75.4236,33.4351],[75.4233,33.4378],[75.4176,33.4402],[75.413,33.4403],[75.4097,33.4409],[75.4058,33.4442],[75.4041,33.4483],[75.403,33.4525],[75.4048,33.4561],[75.4073,33.4588],[75.4063,33.4615],[75.402,33.466],[75.3989,33.4716],[75.3957,33.4746],[75.3893,33.4797],[75.3829,33.4845],[75.3782,33.4887],[75.3711,33.4926],[75.369,33.4962],[75.3672,33.4998],[75.3648,33.5034],[75.3598,33.5055],[75.3555,33.5079],[75.3537,33.5121],[75.3514,33.5167],[75.3485,33.5155],[75.3414,33.5151],[75.3359,33.5161],[75.3337,33.5184],[75.3309,33.5201],[75.3293,33.5209],[75.3216,33.5209],[75.3195,33.5221],[75.317,33.5243],[75.3036,33.5347],[75.2967,33.5408],[75.2929,33.5494],[75.29,33.55],[75.2856,33.5518],[75.2815,33.5548],[75.2722,33.5597],[75.2707,33.5611],[75.2688,33.5619],[75.2669,33.5625],[75.2646,33.5633],[75.2642,33.5634],[75.2613,33.5656],[75.2592,33.5677],[75.2554,33.5756],[75.2552,33.5773],[75.2557,33.5785],[75.2646,33.5847],[75.2672,33.586],[75.2676,33.5856],[75.2678,33.5855],[75.2682,33.5857],[75.269,33.5864],[75.2715,33.5882],[75.2724,33.5907],[75.2722,33.5916],[75.2721,33.5918],[75.2721,33.5921],[75.2721,33.5922],[75.2721,33.5925],[75.2722,33.5927],[75.2722,33.5929],[75.2723,33.593],[75.2724,33.5931],[75.2725,33.5933],[75.2727,33.5934],[75.2728,33.5937],[75.2729,33.5938],[75.2729,33.594],[75.2734,33.5946],[75.2735,33.5947],[75.2736,33.5949],[75.2746,33.5956],[75.2753,33.5966],[75.2754,33.5967],[75.2756,33.5968],[75.2758,33.597],[75.28,33.5986],[75.2807,33.6006],[75.2814,33.6016],[75.289,33.5998],[75.2943,33.6084],[75.2923,33.6116],[75.2917,33.6131],[75.2917,33.6132],[75.2915,33.6134],[75.2907,33.6142],[75.2911,33.6185],[75.2909,33.6185],[75.2909,33.6186],[75.2908,33.6186],[75.2907,33.6186],[75.2906,33.6187],[75.2905,33.6187],[75.2895,33.6189],[75.2893,33.6189],[75.289,33.6188],[75.2885,33.6188],[75.2883,33.6189],[75.2883,33.6191],[75.2883,33.6193],[75.2884,33.6194],[75.2885,33.6195],[75.2886,33.6197],[75.2887,33.6198],[75.2892,33.6202],[75.2899,33.6221],[75.288,33.6223],[75.2871,33.6212],[75.2864,33.6211],[75.2862,33.6213],[75.2862,33.6215],[75.2862,33.6216],[75.2866,33.6219],[75.2864,33.6239],[75.2864,33.6244],[75.2864,33.6246],[75.2862,33.6247],[75.2859,33.6248],[75.2856,33.625],[75.2853,33.625],[75.2851,33.6249],[75.2848,33.6248],[75.2833,33.623],[75.2821,33.6227],[75.2815,33.6248],[75.2818,33.6284],[75.2771,33.6319],[75.277,33.6345],[75.2767,33.6348],[75.2763,33.6353],[75.2752,33.6359],[75.275,33.6359],[75.2744,33.636],[75.2742,33.6361],[75.2734,33.6365],[75.2731,33.6368],[75.2734,33.6372],[75.2732,33.6376],[75.2732,33.6379],[75.2733,33.6383],[75.2735,33.6385],[75.2738,33.6388],[75.2741,33.639],[75.2743,33.6392],[75.2745,33.6393],[75.2748,33.6396],[75.2752,33.64],[75.2755,33.6402],[75.2755,33.6405],[75.2755,33.6409],[75.2754,33.641],[75.2737,33.6409],[75.2734,33.6407],[75.2725,33.6402],[75.2718,33.64],[75.2707,33.639],[75.2677,33.6404],[75.2689,33.6408],[75.2692,33.641],[75.2695,33.6412],[75.2703,33.6419],[75.2719,33.6427],[75.2719,33.6432],[75.2717,33.6438],[75.2711,33.6443],[75.271,33.6443],[75.2706,33.6445],[75.2699,33.6446],[75.2678,33.6447],[75.2677,33.6449],[75.2678,33.6456],[75.2678,33.6465],[75.2691,33.648],[75.2765,33.6461],[75.2759,33.6502],[75.2696,33.6535],[75.2687,33.6536],[75.2675,33.6536],[75.2635,33.656],[75.2538,33.656],[75.2481,33.6605],[75.2478,33.661],[75.2475,33.6618],[75.2464,33.6651],[75.2464,33.6656],[75.2464,33.667],[75.2462,33.6674],[75.2459,33.6678]]]},"properties":{"ac_no":42,"ac_name":"KOKERNAG","ac_category":"ST","st_name":"JAMMU AND KASHMIR"}},{"type":"Feature","geometry":{"type":"MultiPolygon","coordinates":[[[[74.824,32.9895],[74.8201,32.9904],[74.8157,32.9925],[74.8136,32.9928],[74.8105,32.9934],[74.8076,32.9917],[74.8062,32.9873],[74.8038,32.9859],[74.7979,32.9845],[74.7961,32.9808],[74.7959,32.9763],[74.7958,32.9748],[74.7926,32.9716],[74.7879,32.9708],[74.7853,32.969],[74.7889,32.9576],[74.7886,32.9521],[74.7872,32.9498],[74.7844,32.9465],[74.7798,32.9436],[74.7743,32.9508],[74.7702,32.9548],[74.7576,32.9533],[74.7542,32.9521],[74.7496,32.9504],[74.7474,32.9534],[74.7438,32.9557],[74.7405,32.9552],[74.7379,32.9614],[74.7375,32.9662],[74.7384,32.9743],[74.7353,32.9762],[74.7352,32.9874],[74.7327,32.9918],[74.7319,32.9969],[74.7324,33.0038],[74.7277,33.0105],[74.7281,33.0166],[74.7288,33.0211],[74.7203,33.0212],[74.717,33.0096],[74.7173,33.005],[74.7115,33.0003],[74.7055,32.9934],[74.701,32.9918],[74.6997,32.9895],[74.6923,32.986],[74.6802,32.9787],[74.6777,32.9761],[74.6762,32.9695],[74.6724,32.9619],[74.67,32.9589],[74.6651,32.9566],[74.6526,32.955],[74.6461,32.953],[74.6404,32.9548],[74.6334,32.9519],[74.6298,32.9524],[74.6258,32.9494],[74.6234,32.9466],[74.6085,32.9401],[74.6074,32.9367],[74.603,32.9352],[74.5846,32.9368],[74.5822,32.938],[74.5764,32.9318],[74.5634,32.9236],[74.5659,32.9207],[74.5651,32.9153],[74.568,32.9109],[74.5695,32.9044],[74.564,32.8995],[74.5546,32.8965],[74.5539,32.8945],[74.5475,32.886],[74.5447,32.8793],[74.5437,32.8702],[74.5486,32.8603],[74.5516,32.8588],[74.5567,32.8587],[74.5606,32.8631],[74.5652,32.8571],[74.5715,32.8438],[74.5673,32.8376],[74.5618,32.8409],[74.557,32.8414],[74.552,32.8387],[74.5442,32.837],[74.5448,32.8334],[74.5466,32.8277],[74.5505,32.8249],[74.56,32.8288],[74.5612,32.8288],[74.5676,32.8307],[74.5664,32.8272],[74.5693,32.8244],[74.5713,32.8207],[74.5702,32.8142],[74.5667,32.8108],[74.5678,32.8087],[74.5778,32.8132],[74.5844,32.8191],[74.5935,32.8225],[74.5955,32.8273],[74.601,32.8228],[74.5992,32.8175],[74.5952,32.8146],[74.5893,32.8142],[74.5838,32.806],[74.5806,32.8057],[74.5783,32.8028],[74.5703,32.798],[74.5654,32.7887],[74.5579,32.7808],[74.5579,32.7835],[74.5548,32.7861],[74.5499,32.7849],[74.5468,32.7823],[74.5417,32.7818],[74.54,32.7788],[74.5425,32.7759],[74.5472,32.7764],[74.554,32.7804],[74.5579,32.7808],[74.5511,32.7692],[74.5525,32.7676],[74.5495,32.7596],[74.5433,32.7546],[74.5424,32.7525],[74.5421,32.7486],[74.5359,32.7499],[74.5339,32.7449],[74.5301,32.7447],[74.527,32.7468],[74.5197,32.7469],[74.5165,32.7451],[74.5116,32.7455],[74.5094,32.7472],[74.51,32.751],[74.5141,32.7511],[74.5152,32.7558],[74.5104,32.7625],[74.5102,32.7649],[74.5046,32.7641],[74.4979,32.7659],[74.4967,32.7647],[74.4861,32.7645],[74.4843,32.7683],[74.476,32.7754],[74.4646,32.7759],[74.4587,32.7891],[74.4503,32.7939],[74.4451,32.7977],[74.4444,32.7983],[74.4437,32.7988],[74.4426,32.7999],[74.4422,32.8003],[74.4415,32.801],[74.4409,32.8016],[74.4403,32.8022],[74.438,32.8056],[74.439,32.817],[74.4375,32.8242],[74.432,32.8306],[74.4239,32.8358],[74.4192,32.841],[74.419,32.8438],[74.4193,32.8456],[74.4197,32.8476],[74.4215,32.8544],[74.4212,32.8553],[74.4206,32.8565],[74.4202,32.8575],[74.4192,32.8591],[74.4148,32.8644],[74.4138,32.8656],[74.4131,32.8669],[74.4123,32.868],[74.4123,32.872],[74.4163,32.8774],[74.4166,32.878],[74.4176,32.8801],[74.4179,32.8824],[74.4188,32.887],[74.4187,32.8876],[74.4185,32.8882],[74.4166,32.8913],[74.4162,32.8961],[74.4159,32.8973],[74.4152,32.8986],[74.4065,32.903],[74.403,32.9036],[74.4015,32.9037],[74.3925,32.9106],[74.377,32.9146],[74.3762,32.9168],[74.3713,32.9203],[74.3651,32.9207],[74.3626,32.9208],[74.36,32.9208],[74.3572,32.9213],[74.3533,32.9224],[74.3493,32.9227],[74.3434,32.9209],[74.3368,32.9214],[74.335,32.921],[74.3324,32.9202],[74.3312,32.9201],[74.3301,32.92],[74.3255,32.9207],[74.3164,32.9285],[74.3126,32.9291],[74.3126,32.9328],[74.3126,32.9364],[74.3291,32.9458],[74.3404,32.9523],[74.3397,32.9544],[74.3413,32.9543],[74.3421,32.9536],[74.3427,32.9525],[74.3439,32.9528],[74.3449,32.9531],[74.3454,32.953],[74.3467,32.9522],[74.3476,32.9515],[74.3479,32.9527],[74.3483,32.9542],[74.3486,32.9545],[74.3489,32.9546],[74.3493,32.9546],[74.3497,32.9544],[74.35,32.9538],[74.3501,32.9532],[74.35,32.9513],[74.3501,32.951],[74.3504,32.9509],[74.3509,32.9509],[74.352,32.9514],[74.3532,32.9522],[74.3545,32.9529],[74.359,32.9522],[74.3621,32.9532],[74.3635,32.9529],[74.3653,32.9531],[74.3659,32.9543],[74.366,32.9545],[74.3661,32.9545],[74.3663,32.9545],[74.3666,32.9543],[74.3679,32.9534],[74.3683,32.9528],[74.3686,32.9519],[74.3688,32.951],[74.3688,32.9505],[74.3688,32.9502],[74.369,32.95],[74.3694,32.9501],[74.3709,32.9509],[74.3712,32.9513],[74.3719,32.9531],[74.3784,32.9547],[74.3917,32.9597],[74.3926,32.9645],[74.3959,32.9666],[74.3995,32.9655],[74.4044,32.9678],[74.4047,32.9704],[74.4056,32.9714],[74.4073,32.9731],[74.4084,32.9736],[74.4095,32.9749],[74.4105,32.9761],[74.4115,32.9775],[74.4125,32.9797],[74.4193,32.9876],[74.4268,32.9929],[74.4318,32.9942],[74.4374,32.9971],[74.4483,33.0001],[74.4469,33.0047],[74.4437,33.0096],[74.4447,33.0115],[74.4459,33.0123],[74.4463,33.0132],[74.4465,33.0134],[74.4467,33.0134],[74.4472,33.0132],[74.4476,33.0131],[74.4486,33.0126],[74.4497,33.0123],[74.4534,33.0142],[74.4585,33.0148],[74.4637,33.0137],[74.4657,33.0148],[74.4831,33.0137],[74.4947,33.0156],[74.5113,33.0113],[74.515,33.0141],[74.5171,33.0143],[74.5184,33.0144],[74.5193,33.0145],[74.5199,33.0145],[74.5203,33.0143],[74.5221,33.0131],[74.5309,33.0054],[74.5358,32.9997],[74.5345,32.9959],[74.5365,32.993],[74.5418,32.99],[74.5442,32.9896],[74.5453,32.9902],[74.5458,32.9905],[74.5463,32.9905],[74.5466,32.9904],[74.5469,32.9901],[74.5474,32.9892],[74.5483,32.987],[74.5482,32.9861],[74.5478,32.9852],[74.5481,32.9846],[74.5487,32.9842],[74.5493,32.9839],[74.5498,32.9839],[74.5505,32.9841],[74.5514,32.9843],[74.5523,32.9845],[74.5537,32.9846],[74.5543,32.9846],[74.5546,32.9847],[74.5544,32.9852],[74.554,32.9864],[74.5536,32.987],[74.5533,32.9874],[74.554,32.988],[74.5546,32.9883],[74.5557,32.9897],[74.5561,32.9915],[74.5601,32.9924],[74.5613,32.993],[74.5621,32.9941],[74.5624,32.9948],[74.5636,32.9956],[74.5641,32.9962],[74.5636,32.999],[74.5639,32.9994],[74.5643,32.9995],[74.5664,32.9993],[74.5704,32.9998],[74.5708,32.9998],[74.5713,32.9997],[74.5717,32.9997],[74.5721,32.9997],[74.5724,32.9997],[74.5726,32.9999],[74.5726,33.0001],[74.5726,33.0003],[74.5727,33.001],[74.5732,33.0018],[74.5752,33.0037],[74.5778,33.0109],[74.5769,33.0134],[74.5769,33.0146],[74.5774,33.0178],[74.5774,33.0191],[74.5771,33.0199],[74.5765,33.0207],[74.5759,33.0215],[74.5752,33.0223],[74.5737,33.0256],[74.5711,33.0278],[74.5709,33.0281],[74.5712,33.0285],[74.5719,33.0289],[74.5732,33.0299],[74.5738,33.0304],[74.5745,33.031],[74.5749,33.0315],[74.5752,33.0318],[74.5755,33.0319],[74.5784,33.0316],[74.5818,33.0321],[74.5836,33.0328],[74.5846,33.0338],[74.5952,33.0346],[74.6077,33.0384],[74.6119,33.0379],[74.6172,33.0395],[74.6287,33.046],[74.639,33.0486],[74.6411,33.0482],[74.6435,33.0476],[74.645,33.0476],[74.6483,33.0485],[74.6546,33.0506],[74.6578,33.0524],[74.6584,33.0526],[74.6593,33.0519],[74.6613,33.0502],[74.6626,33.0497],[74.6642,33.0503],[74.6659,33.051],[74.6673,33.0519],[74.6704,33.0521],[74.6725,33.0526],[74.6739,33.053],[74.674,33.0531],[74.6748,33.0533],[74.6748,33.0536],[74.6749,33.0542],[74.6751,33.0549],[74.6754,33.0554],[74.6756,33.0562],[74.6757,33.0568],[74.6751,33.058],[74.6747,33.0584],[74.6746,33.0588],[74.6751,33.0597],[74.6751,33.0602],[74.6755,33.0604],[74.68,33.0607],[74.6818,33.0567],[74.6843,33.0565],[74.6842,33.0555],[74.684,33.0542],[74.6841,33.0539],[74.6845,33.0535],[74.6854,33.0531],[74.6876,33.053],[74.6938,33.0545],[74.6969,33.059],[74.6994,33.059],[74.7028,33.0553],[74.7064,33.0572],[74.7083,33.0571],[74.7086,33.0566],[74.7084,33.0556],[74.708,33.0545],[74.7075,33.0537],[74.7075,33.0519],[74.7099,33.0506],[74.7114,33.051],[74.7136,33.0518],[74.7179,33.0527],[74.7229,33.0524],[74.7239,33.0519],[74.7246,33.0515],[74.7274,33.0513],[74.7281,33.0516],[74.7287,33.0518],[74.7293,33.052],[74.7293,33.0527],[74.7294,33.0531],[74.7299,33.0538],[74.7298,33.0544],[74.7287,33.0551],[74.7292,33.0559],[74.7286,33.0569],[74.7287,33.0576],[74.7281,33.0581],[74.7283,33.0585],[74.7338,33.0594],[74.734,33.0595],[74.7349,33.0595],[74.7366,33.0593],[74.7376,33.0588],[74.7385,33.0582],[74.7407,33.0574],[74.7417,33.0573],[74.744,33.0572],[74.7453,33.0569],[74.7458,33.0569],[74.7464,33.0568],[74.7471,33.0569],[74.745,33.0542],[74.7452,33.0524],[74.7499,33.0508],[74.7703,33.0496],[74.77,33.044],[74.7708,33.0438],[74.7721,33.0437],[74.773,33.0434],[74.778,33.0422],[74.7769,33.036],[74.7942,33.0325],[74.7926,33.0274],[74.798,33.0238],[74.7994,33.0167],[74.8054,33.0121],[74.8112,33.0047],[74.8139,32.9996],[74.8193,32.9979],[74.8249,32.9922],[74.824,32.9895]]],[[[74.5676,32.8307],[74.5675,32.8325],[74.5699,32.8358],[74.5756,32.8387],[74.5769,32.835],[74.5767,32.8317],[74.5698,32.8301],[74.5676,32.8307]]]]},"properties":{"ac_no":82,"ac_name":"CHHAMB","ac_category":"GEN","st_name":"JAMMU AND KASHMIR"}},{"type":"Feature","geometry":{"type":"Polygon","coordinates":[[[75.0498,33.806],[75.05,33.8053],[75.0498,33.8042],[75.0498,33.8041],[75.0494,33.8021],[75.0489,33.7997],[75.0472,33.7982],[75.0468,33.7974],[75.0466,33.7972],[75.0459,33.7968],[75.0443,33.7967],[75.042,33.7969],[75.0397,33.7965],[75.0329,33.7945],[75.0293,33.7923],[75.0284,33.7875],[75.0291,33.7758],[75.0317,33.7734],[75.0337,33.7724],[75.0342,33.7723],[75.0349,33.772],[75.0364,33.7714],[75.0356,33.7702],[75.0346,33.7701],[75.0307,33.7691],[75.029,33.7656],[75.028,33.7596],[75.0235,33.7541],[75.0234,33.7526],[75.0232,33.7487],[75.022,33.7474],[75.0193,33.7444],[75.0173,33.7421],[75.0162,33.7408],[75.0118,33.7404],[75.0113,33.741],[75.011,33.7414],[75.0103,33.742],[75.0101,33.7424],[75.0092,33.7464],[75.0088,33.7468],[75.0095,33.748],[75.0097,33.7494],[75.0082,33.7512],[74.999,33.7519],[74.9938,33.7461],[74.9941,33.744],[74.9957,33.7438],[75.0004,33.744],[75.0018,33.7429],[74.9989,33.7398],[74.9969,33.7395],[74.9957,33.7396],[74.9945,33.7398],[74.9944,33.7398],[74.9864,33.7426],[74.9834,33.7432],[74.9794,33.7435],[74.9788,33.7433],[74.9783,33.7432],[74.9768,33.7428],[74.9758,33.7416],[74.9757,33.7401],[74.9749,33.7392],[74.9737,33.7379],[74.9726,33.7369],[74.9686,33.737],[74.964,33.7386],[74.963,33.7394],[74.962,33.7395],[74.9588,33.7397],[74.9573,33.7409],[74.9565,33.7416],[74.9546,33.7414],[74.9527,33.7406],[74.9524,33.7404],[74.9511,33.7393],[74.9507,33.7387],[74.9507,33.7371],[74.9557,33.7307],[74.9551,33.7298],[74.9544,33.729],[74.9543,33.727],[74.955,33.7247],[74.9557,33.7227],[74.9556,33.7223],[74.9552,33.7214],[74.9569,33.7135],[74.9602,33.7074],[74.9599,33.7064],[74.9594,33.7056],[74.9595,33.7052],[74.9595,33.7051],[74.96,33.7042],[74.9602,33.7018],[74.9583,33.6944],[74.9581,33.6882],[74.9579,33.6867],[74.9579,33.6865],[74.9579,33.6834],[74.9551,33.6832],[74.9531,33.6835],[74.9507,33.6826],[74.9455,33.6779],[74.9418,33.6758],[74.9402,33.6746],[74.9369,33.6714],[74.9378,33.6679],[74.9378,33.6667],[74.9379,33.666],[74.9329,33.6663],[74.9304,33.6692],[74.9296,33.672],[74.9212,33.6718],[74.9211,33.6718],[74.9158,33.6698],[74.91,33.6697],[74.9099,33.6676],[74.9107,33.6655],[74.9107,33.6593],[74.9086,33.6576],[74.9077,33.6569],[74.8996,33.6544],[74.9003,33.6506],[74.8913,33.642],[74.8825,33.632],[74.8769,33.6282],[74.8721,33.6266],[74.8666,33.6255],[74.8662,33.6257],[74.8641,33.6271],[74.862,33.6284],[74.8555,33.6344],[74.8422,33.642],[74.831,33.6463],[74.8352,33.6501],[74.838,33.6477],[74.841,33.6482],[74.8425,33.6482],[74.8466,33.6454],[74.8532,33.6444],[74.8572,33.6487],[74.8524,33.6497],[74.8502,33.65],[74.8498,33.651],[74.8529,33.6549],[74.8581,33.6548],[74.8658,33.6558],[74.8694,33.6568],[74.8723,33.6579],[74.8736,33.6602],[74.8742,33.6614],[74.8756,33.6635],[74.8743,33.664],[74.8712,33.6641],[74.8675,33.665],[74.8658,33.6656],[74.8659,33.6663],[74.8661,33.6679],[74.8703,33.6696],[74.871,33.6706],[74.8711,33.6716],[74.871,33.6725],[74.8677,33.6767],[74.8664,33.677],[74.8638,33.6791],[74.8629,33.6792],[74.8628,33.6798],[74.8629,33.6815],[74.861,33.6818],[74.8604,33.682],[74.8544,33.6882],[74.8501,33.6874],[74.8443,33.6902],[74.848,33.6922],[74.8538,33.6961],[74.8535,33.6995],[74.8497,33.6984],[74.8479,33.7],[74.8437,33.704],[74.8415,33.7041],[74.8354,33.7006],[74.8322,33.7022],[74.8328,33.7058],[74.8339,33.7068],[74.8346,33.7085],[74.835,33.7078],[74.8399,33.711],[74.841,33.7119],[74.8432,33.713],[74.8435,33.7136],[74.8447,33.7158],[74.8448,33.7185],[74.845,33.7207],[74.8446,33.7242],[74.8473,33.7234],[74.8496,33.7181],[74.8501,33.7175],[74.8539,33.7174],[74.8544,33.7172],[74.8545,33.7179],[74.8548,33.7193],[74.8547,33.7196],[74.8538,33.7216],[74.8537,33.7233],[74.854,33.725],[74.8559,33.7288],[74.8562,33.7303],[74.8542,33.7313],[74.8542,33.733],[74.8549,33.7334],[74.8556,33.7336],[74.8556,33.7366],[74.8548,33.7406],[74.8554,33.7426],[74.8522,33.7422],[74.8521,33.7438],[74.8528,33.748],[74.8528,33.7513],[74.8535,33.7511],[74.854,33.7537],[74.8537,33.755],[74.8531,33.7558],[74.8589,33.7598],[74.8735,33.7664],[74.8988,33.7806],[74.8996,33.7805],[74.9008,33.779],[74.9032,33.7806],[74.9081,33.7845],[74.9086,33.786],[74.9105,33.7865],[74.9138,33.7882],[74.9157,33.7898],[74.9167,33.7911],[74.9183,33.7919],[74.9193,33.7919],[74.9217,33.7866],[74.9278,33.7872],[74.9307,33.7876],[74.9394,33.7894],[74.9487,33.7922],[74.9585,33.7933],[74.9614,33.7942],[74.9622,33.7944],[74.9627,33.7945],[74.963,33.7946],[74.9659,33.7949],[74.97,33.7981],[74.9805,33.8094],[74.9947,33.7992],[74.9959,33.7989],[74.9964,33.799],[74.997,33.7991],[74.9986,33.7999],[74.9987,33.7999],[74.9988,33.8028],[74.9995,33.8033],[75.0005,33.8049],[75.0003,33.8054],[74.9996,33.8065],[74.9993,33.8074],[75.0011,33.8125],[75.0019,33.8127],[75.0035,33.8125],[75.0053,33.8119],[75.0072,33.8111],[75.0085,33.8103],[75.0096,33.8093],[75.0105,33.809],[75.0108,33.8091],[75.012,33.8093],[75.0157,33.8103],[75.0186,33.8093],[75.0198,33.8089],[75.0199,33.8089],[75.0209,33.8096],[75.0212,33.8098],[75.0224,33.8106],[75.0242,33.8113],[75.0314,33.81],[75.035,33.8109],[75.0365,33.8104],[75.0378,33.8101],[75.0392,33.8118],[75.0391,33.8137],[75.0387,33.8158],[75.0385,33.8163],[75.0381,33.8172],[75.0384,33.8177],[75.0411,33.8172],[75.0434,33.8151],[75.0433,33.8149],[75.0425,33.813],[75.0421,33.812],[75.0452,33.8102],[75.0493,33.8073],[75.0498,33.806]]]},"properties":{"ac_no":36,"ac_name":"ZAINAPORA","ac_category":"GEN","st_name":"JAMMU AND KASHMIR"}},{"type":"Feature","geometry":{"type":"Polygon","coordinates":[[[75.0852,33.8695],[75.0803,33.8764],[75.0799,33.8791],[75.0823,33.8803],[75.0862,33.88],[75.0871,33.8878],[75.0866,33.8897],[75.0855,33.8895],[75.0854,33.8894],[75.0826,33.8887],[75.0812,33.8883],[75.0793,33.8837],[75.0717,33.8787],[75.0667,33.8789],[75.0667,33.881],[75.0684,33.883],[75.0689,33.8836],[75.069,33.8867],[75.0715,33.8924],[75.0692,33.8944],[75.0691,33.8944],[75.0642,33.8912],[75.0619,33.8923],[75.0596,33.8937],[75.0598,33.8976],[75.0601,33.8991],[75.0577,33.8995],[75.056,33.9014],[75.0472,33.9011],[75.0396,33.8969],[75.0378,33.8955],[75.034,33.8927],[75.0312,33.8917],[75.0305,33.8924],[75.03,33.8932],[75.0295,33.8935],[75.0182,33.8937],[75.0123,33.8929],[75.0082,33.8927],[75.001,33.8925],[75.0008,33.8939],[75.0022,33.8966],[75.0061,33.8977],[75.011,33.8978],[75.0127,33.8997],[75.0117,33.9034],[75.0052,33.9065],[75.0047,33.9074],[75.0051,33.9075],[75.0101,33.9097],[75.0109,33.9116],[75.0115,33.913],[75.0116,33.9133],[75.0116,33.9138],[75.0116,33.9141],[75.0116,33.9142],[75.0116,33.9143],[75.0113,33.9141],[75.0104,33.915],[75.0097,33.915],[75.0034,33.9132],[75.0057,33.9189],[75.0076,33.9204],[75.0109,33.9244],[75.0103,33.9266],[75.0094,33.9288],[75.0071,33.9301],[75.0051,33.931],[75.0042,33.933],[75.0034,33.9358],[75.0021,33.9396],[75.0016,33.9407],[75.0014,33.9454],[75.0079,33.9492],[75.0099,33.9477],[75.0239,33.9464],[75.0427,33.9487],[75.0423,33.9561],[75.044,33.9643],[75.0463,33.9686],[75.0473,33.9734],[75.0513,33.9728],[75.0608,33.9769],[75.0619,33.9775],[75.0637,33.9785],[75.0662,33.9822],[75.064,33.9838],[75.0525,33.9787],[75.0449,33.9799],[75.0431,33.9825],[75.0448,33.984],[75.0463,33.9853],[75.0539,33.9858],[75.0591,33.9887],[75.0602,33.9928],[75.0593,33.9928],[75.058,33.992],[75.0572,33.9914],[75.0548,33.991],[75.0526,33.993],[75.0527,33.9954],[75.0535,33.9979],[75.0534,34.0007],[75.0534,34.0008],[75.0513,34.0038],[75.0514,34.0055],[75.0591,34.0158],[75.0538,34.0162],[75.052,34.0173],[75.0503,34.0193],[75.0524,34.0222],[75.0529,34.0265],[75.052,34.0312],[75.0522,34.0315],[75.0555,34.0314],[75.0575,34.0317],[75.0599,34.0319],[75.0606,34.0315],[75.0617,34.0306],[75.0635,34.0306],[75.0649,34.0325],[75.0647,34.0331],[75.0631,34.0384],[75.061,34.0426],[75.0586,34.0546],[75.0574,34.065],[75.0547,34.0646],[75.0514,34.0646],[75.0508,34.0692],[75.0503,34.0798],[75.0511,34.0867],[75.0498,34.0903],[75.0504,34.0945],[75.0517,34.0979],[75.0533,34.1006],[75.0556,34.1042],[75.0578,34.1074],[75.06,34.1077],[75.0637,34.1064],[75.065,34.1084],[75.0676,34.1123],[75.0773,34.1092],[75.0788,34.1116],[75.0836,34.11],[75.0863,34.1103],[75.0912,34.1088],[75.0918,34.1076],[75.0944,34.1066],[75.0959,34.1058],[75.0977,34.1051],[75.0983,34.105],[75.0994,34.1053],[75.1003,34.1065],[75.1009,34.1065],[75.1026,34.1058],[75.1041,34.105],[75.106,34.1048],[75.1078,34.1054],[75.1093,34.1052],[75.1112,34.1053],[75.1144,34.1034],[75.1151,34.0994],[75.1178,34.0974],[75.1232,34.0962],[75.1326,34.0998],[75.1412,34.1],[75.1417,34.1],[75.142,34.0991],[75.1423,34.097],[75.1426,34.0964],[75.1427,34.0961],[75.146,34.0956],[75.1473,34.0957],[75.1493,34.0951],[75.1508,34.0904],[75.1516,34.0881],[75.1544,34.0834],[75.1549,34.0798],[75.1557,34.0786],[75.1561,34.0785],[75.1577,34.079],[75.1587,34.0795],[75.1608,34.0796],[75.1642,34.0789],[75.1752,34.0728],[75.1766,34.0723],[75.179,34.0719],[75.1841,34.072],[75.1852,34.0716],[75.1876,34.0698],[75.1884,34.0691],[75.1925,34.0686],[75.1932,34.0685],[75.197,34.0675],[75.2053,34.0693],[75.2047,34.0675],[75.2047,34.0666],[75.2052,34.0652],[75.2056,34.0639],[75.206,34.063],[75.2069,34.0618],[75.2075,34.0612],[75.2078,34.061],[75.2101,34.0597],[75.2108,34.0589],[75.2113,34.0577],[75.2113,34.0564],[75.2112,34.0551],[75.2102,34.0539],[75.2105,34.0532],[75.2141,34.0522],[75.2166,34.0521],[75.2185,34.0388],[75.2215,34.0362],[75.2332,34.0329],[75.2339,34.0321],[75.2355,34.0285],[75.2359,34.0253],[75.2353,34.0235],[75.2348,34.022],[75.2335,34.021],[75.2281,34.0195],[75.2243,34.0179],[75.224,34.0157],[75.2263,34.0112],[75.2268,34.0102],[75.2267,34.0099],[75.224,34.0057],[75.224,33.9954],[75.2239,33.9941],[75.2233,33.9901],[75.2211,33.9841],[75.2211,33.9781],[75.2237,33.9632],[75.2267,33.9552],[75.2252,33.9522],[75.2208,33.9448],[75.2205,33.9443],[75.2199,33.9432],[75.2198,33.9432],[75.2147,33.9355],[75.2027,33.9214],[75.1994,33.9157],[75.1987,33.9119],[75.1983,33.911],[75.1954,33.9073],[75.1953,33.9072],[75.1943,33.9059],[75.1942,33.9059],[75.1862,33.9048],[75.1824,33.9029],[75.1804,33.9022],[75.1737,33.9018],[75.1698,33.902],[75.1676,33.9015],[75.1653,33.9005],[75.1637,33.8994],[75.1628,33.8981],[75.1621,33.8966],[75.1602,33.8933],[75.1599,33.8923],[75.1594,33.8902],[75.159,33.8889],[75.1504,33.8821],[75.1491,33.8793],[75.1485,33.8783],[75.1415,33.8734],[75.1333,33.8756],[75.1237,33.8676],[75.1194,33.8675],[75.1144,33.8692],[75.1114,33.8699],[75.1082,33.8722],[75.1047,33.8731],[75.0963,33.873],[75.0887,33.8678],[75.0865,33.8671],[75.0852,33.8695]]]},"properties":{"ac_no":33,"ac_name":"TRAL","ac_category":"GEN","st_name":"JAMMU AND KASHMIR"}},{"type":"Feature","geometry":{"type":"Polygon","coordinates":[[[75.0079,33.9492],[75.0074,33.9632],[75.0044,33.9638],[74.9895,33.9607],[74.982,33.9574],[74.9807,33.9559],[74.9739,33.957],[74.969,33.956],[74.9726,33.9444],[74.9691,33.9358],[74.9749,33.9321],[74.9744,33.9265],[74.9671,33.9191],[74.9563,33.9141],[74.9483,33.9091],[74.9456,33.9003],[74.9479,33.8938],[74.9513,33.888],[74.9415,33.8843],[74.9374,33.8866],[74.9317,33.892],[74.9251,33.895],[74.9231,33.8975],[74.9226,33.9017],[74.9203,33.9061],[74.9168,33.905],[74.9158,33.9012],[74.911,33.8983],[74.9057,33.9023],[74.9098,33.9092],[74.9067,33.9117],[74.8957,33.9131],[74.8924,33.9183],[74.8986,33.9225],[74.9061,33.9252],[74.9118,33.9282],[74.911,33.9333],[74.9057,33.9308],[74.9008,33.9272],[74.8915,33.923],[74.8856,33.9285],[74.8743,33.9279],[74.8662,33.9249],[74.8598,33.9271],[74.847,33.9345],[74.8474,33.9357],[74.849,33.9379],[74.8538,33.9434],[74.8592,33.9468],[74.8615,33.9504],[74.8623,33.9552],[74.8644,33.9584],[74.8658,33.9602],[74.868,33.9629],[74.8744,33.9698],[74.8768,33.9712],[74.8817,33.9737],[74.8839,33.9761],[74.8883,33.986],[74.8899,33.9882],[74.8931,33.9925],[74.8951,33.9936],[74.8962,33.9961],[74.8971,33.9957],[74.8993,33.9958],[74.901,34],[74.902,34.0005],[74.9022,34.0014],[74.9013,34.0031],[74.9007,34.0044],[74.8992,34.0072],[74.8987,34.0084],[74.8984,34.0094],[74.8995,34.0098],[74.9001,34.0104],[74.8999,34.0114],[74.9001,34.012],[74.902,34.0118],[74.9037,34.0127],[74.9036,34.0133],[74.9043,34.0134],[74.9058,34.0144],[74.9074,34.0147],[74.9081,34.0148],[74.9083,34.0151],[74.9087,34.0168],[74.9095,34.0177],[74.9126,34.0197],[74.9164,34.0226],[74.9142,34.0241],[74.9118,34.0246],[74.9096,34.0242],[74.9076,34.0234],[74.905,34.0207],[74.9021,34.018],[74.8983,34.0176],[74.8956,34.0212],[74.8972,34.0247],[74.8991,34.027],[74.8991,34.0271],[74.8991,34.0272],[74.8991,34.0273],[74.8991,34.0274],[74.8991,34.0275],[74.8992,34.0276],[74.8992,34.0277],[74.8992,34.0278],[74.8993,34.0279],[74.8994,34.028],[74.8995,34.0282],[74.8996,34.0284],[74.8999,34.0288],[74.9,34.0289],[74.9003,34.0293],[74.9003,34.0294],[74.9004,34.0295],[74.9011,34.0311],[74.9013,34.0319],[74.9063,34.0339],[74.9108,34.0344],[74.9117,34.0345],[74.9143,34.0348],[74.9156,34.0348],[74.915,34.0331],[74.9165,34.0299],[74.9166,34.0287],[74.9187,34.028],[74.921,34.0281],[74.9212,34.0281],[74.9222,34.0287],[74.9222,34.0291],[74.9224,34.0299],[74.9219,34.0309],[74.9212,34.0325],[74.9215,34.0336],[74.9221,34.0343],[74.9276,34.0323],[74.9282,34.0317],[74.9292,34.0301],[74.9292,34.029],[74.9304,34.0285],[74.9309,34.0279],[74.9323,34.0272],[74.9363,34.0265],[74.9391,34.026],[74.9412,34.0256],[74.9429,34.0257],[74.9483,34.0268],[74.9513,34.028],[74.9537,34.0311],[74.9563,34.0326],[74.9549,34.0343],[74.9562,34.0344],[74.9563,34.0357],[74.9562,34.0368],[74.9573,34.0372],[74.9578,34.0382],[74.9574,34.0387],[74.9582,34.0389],[74.959,34.0388],[74.9613,34.0383],[74.9615,34.0406],[74.9615,34.0408],[74.9598,34.0439],[74.9671,34.0489],[74.972,34.0482],[74.9778,34.0508],[74.9837,34.0526],[74.9802,34.0532],[74.9788,34.0538],[74.9788,34.0544],[74.9788,34.0554],[74.9788,34.0564],[74.9784,34.0572],[74.9783,34.0581],[74.9784,34.0594],[74.9784,34.0606],[74.9778,34.0621],[74.9813,34.0676],[74.9916,34.0735],[75.0045,34.0775],[75.0061,34.0816],[75.0153,34.0828],[75.0225,34.0823],[75.0259,34.0823],[75.0316,34.0863],[75.033,34.0908],[75.0278,34.0918],[75.0318,34.0958],[75.0363,34.097],[75.038,34.0992],[75.0424,34.0998],[75.0464,34.1037],[75.0494,34.1071],[75.0537,34.1096],[75.0578,34.1074],[75.0556,34.1042],[75.0533,34.1006],[75.0517,34.0979],[75.0504,34.0945],[75.0498,34.0903],[75.0511,34.0867],[75.0503,34.0798],[75.0508,34.0692],[75.0514,34.0646],[75.0547,34.0646],[75.0571,34.0648],[75.0574,34.065],[75.0586,34.0546],[75.061,34.0426],[75.0631,34.0384],[75.0647,34.0331],[75.0649,34.0325],[75.0635,34.0306],[75.0617,34.0306],[75.0606,34.0315],[75.0599,34.0319],[75.0576,34.0317],[75.0555,34.0314],[75.0522,34.0315],[75.052,34.0312],[75.0529,34.0265],[75.0524,34.0222],[75.0503,34.0193],[75.052,34.0173],[75.0538,34.0162],[75.0571,34.0177],[75.0607,34.0217],[75.0617,34.0209],[75.0591,34.0158],[75.0514,34.0055],[75.0513,34.0038],[75.0534,34.0008],[75.0534,34.0007],[75.0535,33.9979],[75.0527,33.9954],[75.0526,33.993],[75.0548,33.991],[75.0572,33.9914],[75.058,33.992],[75.0593,33.9928],[75.0602,33.9928],[75.0591,33.9887],[75.0539,33.9858],[75.0463,33.9853],[75.0448,33.984],[75.0431,33.9825],[75.0449,33.9799],[75.0525,33.9787],[75.064,33.9838],[75.0662,33.9822],[75.0637,33.9785],[75.0619,33.9775],[75.0608,33.9769],[75.0513,33.9728],[75.0473,33.9734],[75.0463,33.9686],[75.044,33.9643],[75.0423,33.9561],[75.0427,33.9487],[75.0239,33.9464],[75.0099,33.9477],[75.0079,33.9492]]]},"properties":{"ac_no":32,"ac_name":"PAMPORE","ac_category":"GEN","st_name":"JAMMU AND KASHMIR"}},{"type":"Feature","geometry":{"type":"Polygon","coordinates":[[[75.0971,33.8525],[75.0892,33.8501],[75.0787,33.8516],[75.0721,33.8511],[75.0693,33.8538],[75.0679,33.8531],[75.0661,33.8513],[75.061,33.847],[75.0639,33.8425],[75.0656,33.8396],[75.0592,33.8388],[75.0583,33.8389],[75.057,33.8387],[75.0564,33.8385],[75.0554,33.8377],[75.0543,33.836],[75.0542,33.8359],[75.0534,33.8374],[75.052,33.8408],[75.0516,33.8413],[75.0515,33.8412],[75.05,33.8409],[75.0491,33.8405],[75.0462,33.8403],[75.0405,33.8408],[75.0367,33.8416],[75.033,33.842],[75.0319,33.8425],[75.0292,33.8438],[75.0292,33.8439],[75.0291,33.8439],[75.0288,33.844],[75.0284,33.8442],[75.0283,33.8442],[75.0283,33.8443],[75.0282,33.8443],[75.0205,33.8569],[75.0175,33.8569],[75.0022,33.8534],[74.9953,33.8531],[74.9948,33.852],[74.9924,33.8487],[74.9866,33.8422],[74.9856,33.8414],[74.9843,33.8404],[74.9773,33.8339],[74.974,33.8341],[74.9733,33.8367],[74.9721,33.8386],[74.9711,33.8393],[74.9694,33.8395],[74.9626,33.8367],[74.9561,33.8358],[74.9532,33.8369],[74.9527,33.8392],[74.9517,33.8426],[74.9505,33.8423],[74.9459,33.8397],[74.9432,33.8385],[74.9422,33.8383],[74.9404,33.8329],[74.938,33.8295],[74.9361,33.8274],[74.9356,33.8268],[74.9345,33.8263],[74.933,33.8256],[74.9261,33.824],[74.9222,33.8225],[74.919,33.8203],[74.9181,33.8194],[74.9158,33.8158],[74.9153,33.8147],[74.9144,33.8131],[74.9123,33.8132],[74.9093,33.8128],[74.9085,33.8125],[74.9081,33.8123],[74.9074,33.8137],[74.9072,33.8151],[74.9079,33.8198],[74.9154,33.8279],[74.9203,33.8303],[74.9241,33.8353],[74.9242,33.8387],[74.9236,33.841],[74.9222,33.8425],[74.9188,33.8451],[74.9172,33.8447],[74.9177,33.8412],[74.9173,33.8393],[74.912,33.8326],[74.9099,33.8304],[74.9072,33.8284],[74.9045,33.827],[74.9039,33.8269],[74.9031,33.8273],[74.8998,33.8327],[74.9022,33.8349],[74.9042,33.8395],[74.9045,33.8416],[74.9063,33.8427],[74.9085,33.843],[74.9101,33.8432],[74.9101,33.8448],[74.9096,33.8458],[74.9079,33.847],[74.9074,33.8506],[74.9041,33.8514],[74.9064,33.854],[74.9072,33.855],[74.9092,33.8571],[74.9103,33.8591],[74.9094,33.8598],[74.9098,33.8623],[74.9088,33.865],[74.9073,33.8667],[74.9064,33.8669],[74.9046,33.8668],[74.9015,33.8636],[74.8973,33.8597],[74.8941,33.857],[74.8928,33.8577],[74.893,33.8632],[74.8927,33.8661],[74.8922,33.8674],[74.8916,33.868],[74.8887,33.8679],[74.8855,33.8661],[74.8842,33.8656],[74.8834,33.8661],[74.881,33.868],[74.8772,33.8693],[74.8755,33.8703],[74.875,33.8707],[74.8741,33.8719],[74.8837,33.876],[74.8883,33.8804],[74.8941,33.8852],[74.897,33.8877],[74.8983,33.8881],[74.9022,33.8895],[74.9025,33.8905],[74.9026,33.891],[74.9033,33.8924],[74.9034,33.893],[74.9015,33.8931],[74.9008,33.8929],[74.8978,33.8924],[74.8971,33.8916],[74.8939,33.892],[74.8921,33.893],[74.8874,33.8904],[74.8838,33.8895],[74.8795,33.889],[74.8794,33.891],[74.8781,33.8929],[74.8767,33.8937],[74.8745,33.8941],[74.8746,33.8945],[74.874,33.8955],[74.8724,33.8957],[74.8698,33.8963],[74.8703,33.8972],[74.872,33.8987],[74.877,33.9033],[74.8791,33.9048],[74.8833,33.9076],[74.8863,33.9091],[74.8875,33.9104],[74.8863,33.9112],[74.8822,33.9119],[74.8719,33.9082],[74.8634,33.9039],[74.8639,33.91],[74.864,33.9114],[74.8595,33.9183],[74.8544,33.9227],[74.8529,33.9243],[74.8516,33.9262],[74.8496,33.929],[74.8453,33.9313],[74.8451,33.9314],[74.8459,33.9326],[74.8474,33.9357],[74.847,33.9345],[74.8598,33.9271],[74.8662,33.9249],[74.8743,33.9279],[74.8856,33.9285],[74.8915,33.923],[74.9008,33.9272],[74.9057,33.9308],[74.911,33.9333],[74.9118,33.9282],[74.9061,33.9252],[74.8986,33.9225],[74.8924,33.9183],[74.8957,33.9131],[74.9067,33.9117],[74.9098,33.9092],[74.9057,33.9023],[74.911,33.8983],[74.9158,33.9012],[74.9168,33.905],[74.9203,33.9061],[74.9226,33.9017],[74.9231,33.8975],[74.9251,33.895],[74.9317,33.892],[74.9374,33.8866],[74.9415,33.8843],[74.9513,33.888],[74.9479,33.8938],[74.9456,33.9003],[74.9483,33.9091],[74.9563,33.9141],[74.9671,33.9191],[74.9744,33.9265],[74.9749,33.9321],[74.9691,33.9358],[74.9726,33.9444],[74.969,33.956],[74.9739,33.957],[74.9807,33.9559],[74.982,33.9574],[74.9895,33.9607],[75.0044,33.9638],[75.0074,33.9632],[75.0079,33.9492],[75.0067,33.9487],[75.0045,33.9473],[75.0019,33.9459],[75.0014,33.9454],[75.0016,33.9407],[75.0021,33.9396],[75.0034,33.9358],[75.0042,33.933],[75.0051,33.931],[75.0071,33.9301],[75.0094,33.9288],[75.0103,33.9266],[75.0109,33.9244],[75.0076,33.9204],[75.0057,33.9189],[75.0034,33.9132],[75.0097,33.915],[75.0104,33.915],[75.0113,33.9141],[75.0116,33.9143],[75.0116,33.9131],[75.0113,33.9124],[75.0111,33.912],[75.011,33.9118],[75.011,33.9117],[75.0109,33.9116],[75.0101,33.9097],[75.0047,33.9074],[75.0052,33.9065],[75.0117,33.9034],[75.0127,33.8997],[75.011,33.8978],[75.0061,33.8977],[75.0022,33.8966],[75.0008,33.8939],[75.001,33.8925],[75.0082,33.8927],[75.0123,33.8929],[75.0182,33.8937],[75.0295,33.8935],[75.03,33.8932],[75.0305,33.8924],[75.0312,33.8917],[75.034,33.8927],[75.0378,33.8955],[75.0396,33.8969],[75.0472,33.9011],[75.056,33.9014],[75.0577,33.8995],[75.0601,33.8991],[75.0598,33.8976],[75.0596,33.8937],[75.0619,33.8923],[75.0642,33.8912],[75.0691,33.8944],[75.0692,33.8944],[75.0715,33.8924],[75.069,33.8867],[75.0689,33.8836],[75.0667,33.881],[75.0667,33.8789],[75.0717,33.8787],[75.0793,33.8837],[75.0812,33.8883],[75.0826,33.8887],[75.0854,33.8894],[75.0866,33.8897],[75.0871,33.8878],[75.0862,33.88],[75.0823,33.8803],[75.0799,33.8791],[75.0803,33.8764],[75.0852,33.8695],[75.0865,33.8671],[75.0887,33.8678],[75.0963,33.873],[75.1047,33.8731],[75.1082,33.8722],[75.1089,33.8683],[75.1086,33.8635],[75.1035,33.865],[75.1026,33.8613],[75.1042,33.8552],[75.0995,33.8547],[75.0971,33.8525]]]},"properties":{"ac_no":34,"ac_name":"PULWAMA","ac_category":"GEN","st_name":"JAMMU AND KASHMIR"}},{"type":"Feature","geometry":{"type":"Polygon","coordinates":[[[75.0639,33.8348],[75.0665,33.8314],[75.0668,33.831],[75.0671,33.8307],[75.0673,33.8304],[75.0676,33.8299],[75.0677,33.8298],[75.0662,33.8278],[75.0618,33.8271],[75.0586,33.8257],[75.0587,33.8256],[75.0593,33.8235],[75.0592,33.8221],[75.0579,33.8205],[75.0547,33.8191],[75.0542,33.8185],[75.0525,33.8162],[75.0504,33.8142],[75.0452,33.8154],[75.0436,33.8155],[75.0411,33.8172],[75.0384,33.8177],[75.0381,33.8172],[75.0385,33.8163],[75.0387,33.8158],[75.0391,33.8137],[75.0392,33.8118],[75.0378,33.8101],[75.0365,33.8104],[75.035,33.8109],[75.0314,33.81],[75.0242,33.8113],[75.0224,33.8106],[75.0212,33.8098],[75.0209,33.8096],[75.0199,33.8089],[75.0198,33.8089],[75.0186,33.8093],[75.0157,33.8103],[75.012,33.8093],[75.0108,33.8091],[75.0105,33.809],[75.0096,33.8093],[75.0072,33.8111],[75.0053,33.8119],[75.0035,33.8125],[75.0019,33.8127],[75.0011,33.8125],[74.9993,33.8074],[74.9996,33.8065],[75.0003,33.8054],[75.0005,33.8049],[74.9995,33.8033],[74.9988,33.8028],[74.9987,33.7999],[74.9986,33.7999],[74.997,33.7991],[74.9964,33.799],[74.9959,33.7989],[74.9947,33.7992],[74.9805,33.8094],[74.97,33.7981],[74.9659,33.7949],[74.963,33.7946],[74.9627,33.7945],[74.9622,33.7944],[74.9614,33.7942],[74.9585,33.7933],[74.9487,33.7922],[74.9472,33.7919],[74.9448,33.7915],[74.9403,33.7915],[74.9398,33.7918],[74.9391,33.7922],[74.9351,33.7956],[74.9348,33.8029],[74.9302,33.8005],[74.9292,33.7996],[74.9289,33.7995],[74.9281,33.7992],[74.9273,33.799],[74.9266,33.799],[74.9264,33.7992],[74.9262,33.7995],[74.9261,33.8001],[74.9256,33.8005],[74.9249,33.8012],[74.9248,33.8013],[74.9252,33.8024],[74.9272,33.8041],[74.9291,33.8052],[74.9316,33.8067],[74.9324,33.8078],[74.9305,33.8084],[74.9288,33.8082],[74.9268,33.8081],[74.9257,33.8083],[74.9245,33.8092],[74.9244,33.8096],[74.9245,33.8102],[74.9251,33.8111],[74.9242,33.8129],[74.9195,33.8124],[74.9178,33.8115],[74.9165,33.8098],[74.9138,33.8074],[74.9118,33.8059],[74.9097,33.8047],[74.9057,33.8049],[74.905,33.8056],[74.9041,33.8064],[74.9033,33.8084],[74.9015,33.8085],[74.9002,33.8079],[74.8993,33.8074],[74.8957,33.8048],[74.8899,33.8006],[74.8887,33.8],[74.8891,33.7995],[74.8895,33.7991],[74.8908,33.798],[74.8914,33.7975],[74.8894,33.7954],[74.888,33.7951],[74.8852,33.7965],[74.8846,33.7964],[74.8827,33.795],[74.878,33.7891],[74.8773,33.7888],[74.8764,33.7888],[74.8756,33.7889],[74.8741,33.7902],[74.8735,33.7918],[74.8724,33.7939],[74.8668,33.7937],[74.8628,33.794],[74.8571,33.7948],[74.856,33.796],[74.8556,33.7967],[74.8558,33.7986],[74.8644,33.8053],[74.8716,33.8091],[74.873,33.8093],[74.8743,33.8102],[74.8756,33.8106],[74.8757,33.8107],[74.8763,33.812],[74.877,33.8145],[74.8769,33.8149],[74.8769,33.815],[74.8758,33.8154],[74.8744,33.8153],[74.8739,33.8153],[74.8725,33.8151],[74.8705,33.8146],[74.866,33.8134],[74.8659,33.8134],[74.8617,33.8129],[74.8606,33.8131],[74.8596,33.8141],[74.859,33.8142],[74.8583,33.814],[74.857,33.8138],[74.856,33.814],[74.8543,33.8147],[74.8545,33.8152],[74.8541,33.8159],[74.8501,33.8193],[74.8496,33.8193],[74.8491,33.8191],[74.8473,33.8182],[74.8437,33.8159],[74.8435,33.814],[74.8444,33.8126],[74.845,33.8119],[74.8462,33.8111],[74.8459,33.8081],[74.8314,33.79],[74.8273,33.7858],[74.8266,33.785],[74.8263,33.7846],[74.8258,33.7839],[74.8246,33.7829],[74.8237,33.7825],[74.823,33.7824],[74.8222,33.7827],[74.8199,33.7865],[74.8182,33.7867],[74.8178,33.7867],[74.8173,33.7867],[74.8169,33.7869],[74.8166,33.7874],[74.8158,33.7888],[74.8141,33.7909],[74.8078,33.7953],[74.8061,33.7958],[74.8051,33.7959],[74.8028,33.7965],[74.7956,33.7969],[74.7942,33.7964],[74.7898,33.7945],[74.7776,33.7883],[74.7768,33.7882],[74.7765,33.7892],[74.7762,33.7895],[74.7752,33.7905],[74.7723,33.7922],[74.7707,33.7922],[74.7689,33.7925],[74.7647,33.7958],[74.7635,33.8001],[74.7621,33.8017],[74.7621,33.8031],[74.7619,33.8034],[74.761,33.8045],[74.7601,33.8054],[74.7594,33.8056],[74.755,33.8055],[74.7466,33.8041],[74.7438,33.8024],[74.7413,33.8018],[74.7399,33.8013],[74.7391,33.8006],[74.7385,33.7987],[74.7373,33.7982],[74.7312,33.7977],[74.7275,33.7954],[74.7253,33.7946],[74.7237,33.7943],[74.7224,33.7939],[74.7138,33.7904],[74.7118,33.7922],[74.7122,33.7975],[74.7128,33.7998],[74.7132,33.8024],[74.7133,33.8026],[74.7134,33.8044],[74.7145,33.8046],[74.7162,33.8047],[74.7167,33.8085],[74.718,33.8089],[74.7207,33.8074],[74.723,33.8064],[74.7362,33.8158],[74.7378,33.8174],[74.7388,33.8185],[74.7398,33.8195],[74.7411,33.8206],[74.7419,33.8218],[74.7491,33.8215],[74.7524,33.821],[74.7529,33.8209],[74.7537,33.8206],[74.7565,33.821],[74.7565,33.8197],[74.7563,33.8189],[74.7561,33.8179],[74.7561,33.8175],[74.7565,33.817],[74.7577,33.8167],[74.7578,33.8163],[74.7566,33.8139],[74.7575,33.8127],[74.7576,33.8122],[74.7576,33.8121],[74.7576,33.812],[74.7616,33.8124],[74.7656,33.8102],[74.7743,33.8105],[74.7736,33.8128],[74.7724,33.8147],[74.7717,33.8156],[74.7747,33.819],[74.7751,33.8201],[74.7754,33.821],[74.7865,33.8216],[74.7898,33.8234],[74.7921,33.8269],[74.7927,33.827],[74.794,33.8267],[74.7954,33.8265],[74.7906,33.8351],[74.7907,33.8354],[74.7912,33.8361],[74.7914,33.8366],[74.792,33.8373],[74.7923,33.8381],[74.7925,33.8388],[74.7927,33.839],[74.7928,33.8392],[74.7931,33.8392],[74.7934,33.8393],[74.7941,33.8394],[74.7945,33.8395],[74.796,33.8401],[74.797,33.8403],[74.7983,33.8415],[74.8001,33.8416],[74.8002,33.8419],[74.7999,33.8424],[74.7976,33.8445],[74.7968,33.8459],[74.8011,33.8493],[74.8018,33.8502],[74.8032,33.8517],[74.8071,33.8556],[74.8086,33.8576],[74.8105,33.8591],[74.8111,33.8598],[74.8117,33.8603],[74.8124,33.8606],[74.813,33.8607],[74.8137,33.8613],[74.815,33.863],[74.818,33.8647],[74.8201,33.873],[74.8207,33.8745],[74.8222,33.8777],[74.822,33.8856],[74.8209,33.887],[74.8205,33.8881],[74.8204,33.8887],[74.8202,33.8892],[74.8207,33.8939],[74.8212,33.8949],[74.8215,33.8959],[74.8219,33.8971],[74.8253,33.9016],[74.8271,33.9036],[74.8289,33.9056],[74.8301,33.9065],[74.8321,33.9092],[74.8366,33.9139],[74.8379,33.9163],[74.8374,33.9173],[74.8383,33.9178],[74.8384,33.9185],[74.8393,33.9214],[74.8395,33.9237],[74.8391,33.9262],[74.8404,33.9331],[74.8414,33.9344],[74.8428,33.9351],[74.8429,33.935],[74.8431,33.9349],[74.844,33.9334],[74.8447,33.9308],[74.8453,33.9313],[74.8496,33.929],[74.8516,33.9262],[74.8529,33.9243],[74.8544,33.9227],[74.8595,33.9183],[74.864,33.9114],[74.8639,33.91],[74.8634,33.9039],[74.8719,33.9082],[74.8822,33.9119],[74.8863,33.9112],[74.8875,33.9104],[74.8863,33.9091],[74.8833,33.9076],[74.8791,33.9048],[74.877,33.9033],[74.872,33.8987],[74.8703,33.8972],[74.8698,33.8963],[74.8724,33.8957],[74.874,33.8955],[74.8746,33.8945],[74.8745,33.8941],[74.8781,33.8929],[74.8794,33.891],[74.8795,33.889],[74.8838,33.8895],[74.8874,33.8904],[74.8921,33.893],[74.8939,33.892],[74.8971,33.8916],[74.8978,33.8924],[74.9008,33.8929],[74.9015,33.8931],[74.9034,33.893],[74.9033,33.8924],[74.9026,33.891],[74.9025,33.8905],[74.9022,33.8895],[74.8983,33.8881],[74.897,33.8877],[74.8941,33.8852],[74.8883,33.8804],[74.8837,33.876],[74.8741,33.8719],[74.875,33.8707],[74.8755,33.8703],[74.8772,33.8693],[74.881,33.868],[74.8834,33.8661],[74.8842,33.8656],[74.8855,33.8661],[74.8887,33.8679],[74.8916,33.868],[74.8922,33.8674],[74.8927,33.8661],[74.893,33.8632],[74.8928,33.8577],[74.8941,33.857],[74.8973,33.8597],[74.9015,33.8636],[74.9046,33.8668],[74.9064,33.8669],[74.9073,33.8667],[74.9098,33.8623],[74.9094,33.8598],[74.9103,33.8591],[74.9092,33.8571],[74.9072,33.855],[74.9064,33.854],[74.9041,33.8514],[74.9074,33.8506],[74.9079,33.847],[74.9096,33.8458],[74.9101,33.8448],[74.9101,33.8432],[74.9085,33.843],[74.9063,33.8427],[74.9045,33.8416],[74.9042,33.8395],[74.9022,33.8349],[74.8998,33.8327],[74.9031,33.8273],[74.9039,33.8269],[74.9045,33.827],[74.9072,33.8284],[74.9099,33.8304],[74.912,33.8326],[74.9173,33.8393],[74.9177,33.8412],[74.9172,33.8447],[74.9188,33.8451],[74.9222,33.8425],[74.9236,33.841],[74.9242,33.8387],[74.9241,33.8353],[74.9203,33.8303],[74.9154,33.8279],[74.9079,33.8198],[74.9072,33.8151],[74.9074,33.8137],[74.9081,33.8123],[74.9123,33.8132],[74.9144,33.8131],[74.9153,33.8147],[74.9158,33.8158],[74.9181,33.8194],[74.919,33.8203],[74.9222,33.8225],[74.9261,33.824],[74.933,33.8256],[74.9345,33.8263],[74.9356,33.8268],[74.9361,33.8274],[74.938,33.8295],[74.9404,33.8329],[74.9422,33.8383],[74.9432,33.8385],[74.9459,33.8397],[74.9505,33.8423],[74.9517,33.8426],[74.9517,33.8425],[74.9527,33.8392],[74.9532,33.8369],[74.9561,33.8358],[74.9626,33.8367],[74.9694,33.8395],[74.9711,33.8393],[74.9721,33.8386],[74.9733,33.8367],[74.974,33.8341],[74.9773,33.8339],[74.9843,33.8404],[74.9856,33.8414],[74.9866,33.8422],[74.9924,33.8487],[74.9948,33.852],[74.9953,33.8531],[75.0022,33.8534],[75.0175,33.8569],[75.0205,33.8569],[75.0282,33.8443],[75.0292,33.8439],[75.0292,33.8438],[75.0293,33.8438],[75.0304,33.8432],[75.0309,33.8429],[75.0312,33.8428],[75.0313,33.8428],[75.0314,33.8427],[75.0319,33.8425],[75.033,33.842],[75.0405,33.8408],[75.0462,33.8403],[75.0516,33.8413],[75.052,33.8408],[75.0534,33.8374],[75.0542,33.8359],[75.0543,33.836],[75.0554,33.8377],[75.0564,33.8385],[75.057,33.8387],[75.0583,33.8389],[75.0592,33.8388],[75.0639,33.8348]]]},"properties":{"ac_no":35,"ac_name":"RAJPORA","ac_category":"GEN","st_name":"JAMMU AND KASHMIR"}},{"type":"Feature","geometry":{"type":"Polygon","coordinates":[[[75.0131,32.7296],[75.0145,32.7389],[75.0136,32.7433],[75.0183,32.749],[75.02,32.7535],[75.0189,32.7591],[75.0222,32.7605],[75.0263,32.7599],[75.0281,32.7567],[75.031,32.7564],[75.034,32.762],[75.0337,32.7698],[75.0252,32.7788],[75.0222,32.7797],[75.0156,32.7877],[75.0083,32.7887],[74.999,32.8],[74.9985,32.8086],[74.9944,32.8085],[74.9836,32.8018],[74.9809,32.7968],[74.9817,32.7941],[74.9773,32.7923],[74.9731,32.7928],[74.968,32.7914],[74.9691,32.7834],[74.9682,32.7806],[74.9627,32.777],[74.9558,32.7754],[74.9518,32.7769],[74.9471,32.7831],[74.9392,32.7831],[74.9332,32.7845],[74.9262,32.779],[74.9266,32.7768],[74.9246,32.773],[74.9185,32.7667],[74.9124,32.7651],[74.9068,32.7659],[74.9052,32.7678],[74.8967,32.77],[74.8922,32.7732],[74.8863,32.7718],[74.8822,32.7651],[74.873,32.7704],[74.8633,32.771],[74.8642,32.7748],[74.8635,32.7834],[74.8655,32.7873],[74.8762,32.792],[74.8783,32.7957],[74.8877,32.8002],[74.9029,32.7943],[74.9046,32.7975],[74.9019,32.8027],[74.902,32.8103],[74.9122,32.8116],[74.9146,32.8162],[74.9123,32.8214],[74.9085,32.8254],[74.9069,32.8332],[74.9123,32.8394],[74.91,32.8405],[74.8929,32.8414],[74.886,32.8377],[74.8837,32.8427],[74.8855,32.8449],[74.8893,32.8555],[74.8821,32.8574],[74.8714,32.8637],[74.8685,32.8662],[74.8559,32.8692],[74.8524,32.8713],[74.8512,32.873],[74.8498,32.8671],[74.8499,32.867],[74.8461,32.8637],[74.8454,32.8609],[74.8438,32.8588],[74.8407,32.8561],[74.8345,32.8556],[74.8309,32.8546],[74.8253,32.8521],[74.8186,32.8495],[74.8111,32.8474],[74.804,32.8427],[74.7981,32.8413],[74.7935,32.8394],[74.7826,32.8357],[74.7786,32.8352],[74.7767,32.8341],[74.7756,32.8272],[74.7697,32.8257],[74.7678,32.8246],[74.7668,32.822],[74.7544,32.8171],[74.7523,32.8168],[74.7526,32.8184],[74.7552,32.8218],[74.7574,32.8264],[74.7584,32.83],[74.7587,32.8308],[74.7586,32.8308],[74.763,32.8372],[74.7508,32.838],[74.7452,32.837],[74.7437,32.8395],[74.7464,32.8414],[74.7459,32.8441],[74.7472,32.8461],[74.7448,32.847],[74.744,32.848],[74.7435,32.8513],[74.7405,32.8514],[74.7377,32.8552],[74.7358,32.8555],[74.735,32.8564],[74.7317,32.8575],[74.732,32.8583],[74.7304,32.8601],[74.725,32.8628],[74.7219,32.863],[74.7205,32.8638],[74.7178,32.8648],[74.718,32.8652],[74.7191,32.8673],[74.7206,32.8698],[74.7254,32.8759],[74.7317,32.8897],[74.7374,32.8979],[74.7466,32.9042],[74.7545,32.9069],[74.7588,32.9069],[74.7718,32.9139],[74.7745,32.9127],[74.776,32.9088],[74.7797,32.9068],[74.7839,32.9107],[74.7851,32.9135],[74.7804,32.9183],[74.7792,32.9225],[74.7756,32.9256],[74.7776,32.9335],[74.7753,32.9378],[74.7758,32.9403],[74.7798,32.9436],[74.7844,32.9465],[74.7872,32.9498],[74.7886,32.9521],[74.7889,32.9576],[74.7853,32.969],[74.7879,32.9708],[74.7926,32.9716],[74.7958,32.9748],[74.7959,32.9763],[74.7961,32.9808],[74.7979,32.9845],[74.8038,32.9859],[74.8062,32.9873],[74.8076,32.9917],[74.8105,32.9934],[74.8136,32.9928],[74.8157,32.9925],[74.8201,32.9904],[74.824,32.9895],[74.8257,32.9885],[74.8339,32.9876],[74.8397,32.9853],[74.8427,32.9877],[74.8467,32.9895],[74.8502,32.9892],[74.8589,32.9817],[74.8609,32.9783],[74.8649,32.9762],[74.8687,32.971],[74.8691,32.9689],[74.8687,32.9673],[74.869,32.9643],[74.8691,32.9639],[74.8698,32.96],[74.8706,32.9562],[74.8735,32.9521],[74.8741,32.9544],[74.8746,32.9554],[74.8754,32.9557],[74.8755,32.9563],[74.8755,32.9572],[74.8758,32.9578],[74.8765,32.9584],[74.8778,32.959],[74.88,32.9596],[74.8819,32.9571],[74.8853,32.9558],[74.8872,32.9561],[74.8883,32.9562],[74.889,32.9526],[74.8892,32.9518],[74.8894,32.9507],[74.893,32.9436],[74.8945,32.9375],[74.8935,32.9272],[74.8941,32.9268],[74.8949,32.9259],[74.8956,32.9237],[74.8961,32.9226],[74.8966,32.9218],[74.8971,32.9217],[74.8975,32.9219],[74.8979,32.9223],[74.8982,32.923],[74.8994,32.9243],[74.9011,32.9251],[74.9021,32.9253],[74.9034,32.9253],[74.9053,32.9254],[74.9077,32.9253],[74.9088,32.9247],[74.9096,32.9239],[74.9113,32.9229],[74.9119,32.9223],[74.9119,32.9217],[74.9116,32.9205],[74.9121,32.9192],[74.9175,32.9113],[74.9198,32.902],[74.9271,32.8947],[74.9359,32.887],[74.9365,32.8871],[74.9373,32.8874],[74.9379,32.8884],[74.9417,32.8891],[74.9432,32.891],[74.9439,32.8914],[74.9448,32.8916],[74.9459,32.892],[74.9494,32.8924],[74.9511,32.8925],[74.9517,32.8926],[74.952,32.8928],[74.9519,32.893],[74.9515,32.8934],[74.9505,32.8939],[74.9483,32.8983],[74.9486,32.899],[74.9489,32.8994],[74.9495,32.8995],[74.9505,32.8994],[74.952,32.8995],[74.9526,32.8993],[74.9538,32.8987],[74.9554,32.8981],[74.956,32.8973],[74.9589,32.8958],[74.9606,32.8946],[74.9604,32.897],[74.9604,32.8977],[74.9604,32.8984],[74.9635,32.9007],[74.9633,32.901],[74.9629,32.9015],[74.9616,32.9028],[74.9609,32.9045],[74.961,32.9052],[74.9609,32.907],[74.9606,32.9101],[74.9608,32.9117],[74.9616,32.9131],[74.9598,32.9151],[74.9597,32.9155],[74.9597,32.9158],[74.9603,32.9163],[74.962,32.917],[74.9624,32.9176],[74.9631,32.9189],[74.9636,32.9212],[74.9643,32.9252],[74.9631,32.9295],[74.9636,32.9299],[74.9641,32.9299],[74.9649,32.93],[74.9681,32.9307],[74.9703,32.9314],[74.9717,32.9324],[74.9732,32.9342],[74.9741,32.9351],[74.9783,32.9291],[74.9786,32.9275],[74.9788,32.9249],[74.9813,32.9221],[74.9826,32.9214],[74.9836,32.921],[74.9841,32.9192],[74.9852,32.918],[74.9898,32.915],[74.9917,32.9119],[75.002,32.9053],[75.0112,32.8962],[75.0136,32.8916],[75.0194,32.8887],[75.0219,32.8871],[75.0231,32.8865],[75.0237,32.886],[75.0244,32.8856],[75.0255,32.8844],[75.0272,32.8831],[75.0286,32.8816],[75.0284,32.8806],[75.0329,32.8749],[75.0362,32.873],[75.039,32.872],[75.0404,32.8718],[75.0422,32.8712],[75.0427,32.8711],[75.0445,32.87],[75.0449,32.8697],[75.0482,32.8672],[75.0498,32.8664],[75.0545,32.8661],[75.062,32.8589],[75.0671,32.8546],[75.0682,32.8538],[75.0701,32.8524],[75.0708,32.852],[75.0722,32.8515],[75.0744,32.8504],[75.0756,32.8493],[75.0757,32.8486],[75.0761,32.8478],[75.0768,32.8473],[75.0801,32.8456],[75.0834,32.8437],[75.0936,32.8383],[75.0986,32.8345],[75.1116,32.8291],[75.1133,32.8275],[75.1145,32.8268],[75.1147,32.826],[75.115,32.8251],[75.1155,32.8238],[75.1157,32.8231],[75.1156,32.8226],[75.1162,32.8218],[75.1288,32.8157],[75.1311,32.8137],[75.1315,32.8128],[75.1318,32.8113],[75.1304,32.807],[75.13,32.8062],[75.1291,32.8042],[75.1291,32.8041],[75.1284,32.7976],[75.1309,32.7943],[75.1338,32.7929],[75.1363,32.7924],[75.1403,32.7922],[75.1433,32.7912],[75.146,32.7908],[75.1482,32.7895],[75.1508,32.7878],[75.1533,32.787],[75.1579,32.7871],[75.158,32.7823],[75.1614,32.7745],[75.1652,32.7729],[75.166,32.7716],[75.1669,32.7703],[75.167,32.7678],[75.1656,32.7648],[75.1638,32.7635],[75.1568,32.7614],[75.1527,32.7591],[75.1451,32.7575],[75.1414,32.7552],[75.1413,32.7551],[75.14,32.7525],[75.1393,32.7505],[75.134,32.7498],[75.1325,32.7496],[75.1324,32.7496],[75.1322,32.7491],[75.1321,32.7485],[75.1292,32.7479],[75.1237,32.7482],[75.1183,32.7498],[75.1183,32.7512],[75.1184,32.7536],[75.1176,32.7552],[75.1164,32.7563],[75.1149,32.7572],[75.1132,32.7575],[75.1126,32.758],[75.1112,32.7593],[75.1109,32.7585],[75.1103,32.7571],[75.1092,32.7558],[75.1066,32.7542],[75.1117,32.7496],[75.1149,32.7459],[75.1168,32.7435],[75.1135,32.7425],[75.1126,32.7419],[75.1116,32.7413],[75.1115,32.7412],[75.1094,32.7394],[75.1024,32.7326],[75.0977,32.731],[75.0969,32.7294],[75.096,32.7282],[75.0949,32.7267],[75.0945,32.726],[75.0936,32.7245],[75.0928,32.723],[75.0922,32.7222],[75.0917,32.7214],[75.0917,32.721],[75.0917,32.7209],[75.0914,32.7199],[75.091,32.7187],[75.0903,32.7191],[75.0897,32.7197],[75.089,32.7211],[75.0856,32.7232],[75.0837,32.7264],[75.0787,32.7317],[75.0785,32.7317],[75.078,32.7314],[75.0775,32.7306],[75.077,32.7297],[75.0768,32.7295],[75.0762,32.7297],[75.075,32.7312],[75.0732,32.7319],[75.0722,32.7326],[75.0713,32.7332],[75.0706,32.7335],[75.0698,32.7338],[75.0679,32.7347],[75.066,32.7353],[75.0652,32.7347],[75.0648,32.7346],[75.0644,32.7347],[75.064,32.7351],[75.0628,32.736],[75.0624,32.7363],[75.062,32.7364],[75.0621,32.7374],[75.0619,32.7377],[75.0613,32.7378],[75.0605,32.7373],[75.0603,32.7374],[75.0598,32.738],[75.0592,32.7384],[75.0535,32.7404],[75.0529,32.74],[75.0522,32.7397],[75.0501,32.7391],[75.0485,32.7398],[75.0472,32.7389],[75.0465,32.7312],[75.0413,32.7279],[75.0408,32.7282],[75.04,32.7286],[75.0379,32.7298],[75.0362,32.729],[75.0321,32.7282],[75.0256,32.7289],[75.0233,32.7315],[75.0216,32.7307],[75.0216,32.7313],[75.0215,32.7319],[75.021,32.7322],[75.0209,32.7325],[75.0206,32.7327],[75.02,32.7324],[75.0195,32.732],[75.0159,32.7316],[75.0143,32.7307],[75.0146,32.7298],[75.0147,32.7294],[75.0145,32.7293],[75.0138,32.7293],[75.0134,32.7294],[75.0131,32.7295],[75.0131,32.7296]]]},"properties":{"ac_no":77,"ac_name":"NAGROTA","ac_category":"GEN","st_name":"JAMMU AND KASHMIR"}},{"type":"Feature","geometry":{"type":"MultiPolygon","coordinates":[[[[74.7178,32.8648],[74.7155,32.8599],[74.7134,32.8551],[74.7123,32.8534],[74.7096,32.8496],[74.7092,32.8491],[74.7064,32.8458],[74.7004,32.8409],[74.696,32.8404],[74.6916,32.8379],[74.6835,32.8366],[74.6735,32.83],[74.6677,32.8251],[74.6651,32.8246],[74.656,32.8326],[74.6521,32.8281],[74.6408,32.8192],[74.6378,32.8141],[74.6336,32.8097],[74.6404,32.7988],[74.6439,32.7958],[74.659,32.7875],[74.6542,32.7808],[74.6479,32.7804],[74.6397,32.7822],[74.6316,32.7754],[74.6306,32.7666],[74.6386,32.7588],[74.6376,32.7516],[74.6323,32.7514],[74.6264,32.7561],[74.6226,32.7575],[74.6196,32.7608],[74.6132,32.7604],[74.6132,32.758],[74.6051,32.758],[74.5936,32.7564],[74.5907,32.7513],[74.5871,32.7512],[74.5825,32.7535],[74.5798,32.7498],[74.5759,32.7505],[74.5764,32.7558],[74.5703,32.76],[74.5626,32.7602],[74.5556,32.7581],[74.5542,32.759],[74.548,32.7527],[74.5482,32.7466],[74.5429,32.7501],[74.5424,32.7525],[74.5433,32.7546],[74.5495,32.7596],[74.5525,32.7676],[74.5511,32.7692],[74.5579,32.7808],[74.5654,32.7887],[74.5703,32.798],[74.5783,32.8028],[74.5806,32.8057],[74.5838,32.806],[74.5893,32.8142],[74.5952,32.8146],[74.5992,32.8175],[74.601,32.8228],[74.5955,32.8273],[74.5935,32.8225],[74.5844,32.8191],[74.5778,32.8132],[74.5678,32.8087],[74.5667,32.8108],[74.5702,32.8142],[74.5713,32.8207],[74.5693,32.8244],[74.5664,32.8272],[74.5676,32.8307],[74.5698,32.8301],[74.5767,32.8317],[74.5769,32.835],[74.5756,32.8387],[74.5699,32.8358],[74.5675,32.8325],[74.5676,32.8307],[74.5612,32.8288],[74.56,32.8288],[74.5505,32.8249],[74.5466,32.8277],[74.5448,32.8334],[74.5442,32.837],[74.552,32.8387],[74.557,32.8414],[74.5618,32.8409],[74.5673,32.8376],[74.5715,32.8438],[74.5652,32.8571],[74.5606,32.8631],[74.5567,32.8587],[74.5516,32.8588],[74.5486,32.8603],[74.5437,32.8702],[74.5447,32.8793],[74.5475,32.886],[74.5539,32.8945],[74.5546,32.8965],[74.564,32.8995],[74.5695,32.9044],[74.568,32.9109],[74.5651,32.9153],[74.5659,32.9207],[74.5634,32.9236],[74.5764,32.9318],[74.5822,32.938],[74.5846,32.9368],[74.603,32.9352],[74.6074,32.9367],[74.6085,32.9401],[74.6234,32.9466],[74.6258,32.9494],[74.6298,32.9524],[74.6334,32.9519],[74.6404,32.9548],[74.6461,32.953],[74.6526,32.955],[74.6651,32.9566],[74.67,32.9589],[74.6724,32.9619],[74.6762,32.9695],[74.6777,32.9761],[74.6802,32.9787],[74.6923,32.986],[74.6997,32.9895],[74.701,32.9918],[74.7055,32.9934],[74.7115,33.0003],[74.7173,33.005],[74.717,33.0096],[74.7203,33.0212],[74.7288,33.0211],[74.7281,33.0166],[74.7277,33.0105],[74.7324,33.0038],[74.7319,32.9969],[74.7327,32.9918],[74.7352,32.9874],[74.7353,32.9762],[74.7384,32.9743],[74.7375,32.9662],[74.7379,32.9614],[74.7405,32.9552],[74.7438,32.9557],[74.7474,32.9534],[74.7496,32.9504],[74.7542,32.9521],[74.7576,32.9533],[74.7702,32.9548],[74.7743,32.9508],[74.7798,32.9436],[74.7758,32.9403],[74.7753,32.9378],[74.7776,32.9335],[74.7756,32.9256],[74.7792,32.9225],[74.7804,32.9183],[74.7851,32.9135],[74.7839,32.9107],[74.7797,32.9068],[74.776,32.9088],[74.7745,32.9127],[74.7718,32.9139],[74.7588,32.9069],[74.7545,32.9069],[74.7466,32.9042],[74.7374,32.8979],[74.7317,32.8897],[74.7254,32.8759],[74.7206,32.8698],[74.7191,32.8673],[74.718,32.8652],[74.7178,32.8648]]],[[[74.5579,32.7808],[74.554,32.7804],[74.5472,32.7764],[74.5425,32.7759],[74.54,32.7788],[74.5417,32.7818],[74.5468,32.7823],[74.5499,32.7849],[74.5548,32.7861],[74.5579,32.7835],[74.5579,32.7808]]]]},"properties":{"ac_no":81,"ac_name":"AKHNOOR","ac_category":"SC","st_name":"JAMMU AND KASHMIR"}},{"type":"Feature","geometry":{"type":"Polygon","coordinates":[[[74.8541,32.7152],[74.8413,32.7107],[74.8316,32.7099],[74.8214,32.7098],[74.8186,32.7117],[74.8171,32.7113],[74.8157,32.711],[74.814,32.7117],[74.8131,32.7139],[74.8119,32.7144],[74.8114,32.7151],[74.8116,32.7156],[74.8025,32.7151],[74.7969,32.7156],[74.7922,32.7185],[74.7896,32.7193],[74.7902,32.7225],[74.7898,32.7239],[74.7914,32.726],[74.7915,32.7261],[74.7906,32.7268],[74.7895,32.728],[74.7899,32.7299],[74.7836,32.7306],[74.782,32.73],[74.7809,32.7298],[74.7796,32.7308],[74.7782,32.7335],[74.7768,32.733],[74.7745,32.7325],[74.7729,32.7348],[74.7701,32.7353],[74.7684,32.737],[74.7684,32.7399],[74.7685,32.74],[74.7696,32.7403],[74.7702,32.7405],[74.7711,32.7437],[74.7765,32.744],[74.7832,32.7421],[74.7911,32.7454],[74.7957,32.7441],[74.8054,32.7434],[74.81,32.7439],[74.8087,32.7457],[74.8082,32.7463],[74.8085,32.7465],[74.8096,32.7482],[74.8102,32.7486],[74.8105,32.7491],[74.8151,32.7455],[74.8241,32.7475],[74.8254,32.7495],[74.8268,32.7503],[74.8281,32.7514],[74.8283,32.752],[74.829,32.7513],[74.8302,32.7505],[74.8312,32.7498],[74.8314,32.7503],[74.8314,32.7507],[74.8315,32.751],[74.8315,32.7514],[74.8315,32.7517],[74.8344,32.7549],[74.8349,32.7552],[74.8352,32.7553],[74.8357,32.7555],[74.8359,32.7557],[74.8375,32.7576],[74.8408,32.7587],[74.8413,32.7589],[74.8415,32.7592],[74.8421,32.7591],[74.848,32.7527],[74.8499,32.7518],[74.8552,32.7466],[74.8602,32.7435],[74.8577,32.7367],[74.8584,32.7297],[74.8561,32.7261],[74.8471,32.7299],[74.8444,32.732],[74.8419,32.7235],[74.8474,32.7219],[74.8481,32.7189],[74.8541,32.7152]]]},"properties":{"ac_no":78,"ac_name":"JAMMU WEST","ac_category":"GEN","st_name":"JAMMU AND KASHMIR"}},{"type":"Feature","geometry":{"type":"Polygon","coordinates":[[[75.0131,32.7296],[75.0114,32.7328],[75.011,32.7349],[75.0086,32.7376],[75.0063,32.7371],[75.0029,32.738],[74.994,32.7338],[74.9925,32.7259],[74.9854,32.7197],[74.9793,32.7177],[74.9724,32.718],[74.9668,32.7143],[74.965,32.7126],[74.9618,32.7093],[74.958,32.711],[74.9555,32.7187],[74.9488,32.7216],[74.9451,32.7255],[74.9367,32.7308],[74.9311,32.7328],[74.9201,32.7315],[74.9183,32.7322],[74.911,32.7293],[74.9049,32.7284],[74.902,32.7323],[74.8955,32.7336],[74.8867,32.7326],[74.8822,32.7448],[74.8792,32.7479],[74.8784,32.7384],[74.8746,32.7271],[74.8695,32.7247],[74.8577,32.7219],[74.8585,32.7191],[74.8699,32.7232],[74.8739,32.7202],[74.8694,32.7149],[74.8624,32.7181],[74.8588,32.7181],[74.8592,32.7131],[74.8541,32.7152],[74.8481,32.7189],[74.8474,32.7219],[74.8419,32.7235],[74.8444,32.732],[74.8471,32.7299],[74.8561,32.7261],[74.8584,32.7297],[74.8577,32.7367],[74.8602,32.7435],[74.8552,32.7466],[74.8499,32.7518],[74.8502,32.7519],[74.8505,32.7521],[74.8511,32.7524],[74.8515,32.7526],[74.8535,32.7533],[74.8542,32.7568],[74.8545,32.7571],[74.8553,32.7574],[74.8572,32.7588],[74.8578,32.7594],[74.8578,32.7599],[74.8566,32.7604],[74.8559,32.7602],[74.8556,32.7608],[74.8528,32.7643],[74.8522,32.7661],[74.8534,32.7675],[74.8539,32.7676],[74.8542,32.7678],[74.8544,32.7686],[74.8562,32.7705],[74.8553,32.7713],[74.8557,32.7717],[74.8561,32.772],[74.8569,32.7725],[74.8573,32.7728],[74.8576,32.7731],[74.8573,32.7734],[74.8566,32.7737],[74.8563,32.7737],[74.8558,32.7734],[74.8547,32.7729],[74.8531,32.7733],[74.8534,32.774],[74.8538,32.7748],[74.8542,32.7754],[74.8563,32.7773],[74.8565,32.7791],[74.8522,32.7779],[74.8503,32.7777],[74.8483,32.7777],[74.8419,32.7791],[74.8418,32.7793],[74.8423,32.7797],[74.8429,32.78],[74.8437,32.78],[74.8452,32.7806],[74.8465,32.7819],[74.8483,32.7834],[74.8528,32.7868],[74.8552,32.7876],[74.8606,32.7914],[74.863,32.7943],[74.8625,32.7946],[74.8619,32.7973],[74.8608,32.8004],[74.8604,32.8019],[74.8605,32.8019],[74.8615,32.8032],[74.8624,32.8052],[74.8632,32.8088],[74.8631,32.8161],[74.8627,32.8204],[74.86,32.8234],[74.8584,32.8268],[74.861,32.8292],[74.8616,32.8321],[74.8619,32.8391],[74.8596,32.8464],[74.8542,32.8527],[74.8537,32.8623],[74.8499,32.867],[74.8498,32.8671],[74.8512,32.873],[74.8524,32.8713],[74.8559,32.8692],[74.8685,32.8662],[74.8714,32.8637],[74.8821,32.8574],[74.8893,32.8555],[74.8855,32.8449],[74.8837,32.8427],[74.886,32.8377],[74.8929,32.8414],[74.91,32.8405],[74.9123,32.8394],[74.9069,32.8332],[74.9085,32.8254],[74.9123,32.8214],[74.9146,32.8162],[74.9122,32.8116],[74.902,32.8103],[74.9019,32.8027],[74.9046,32.7975],[74.9029,32.7943],[74.8877,32.8002],[74.8783,32.7957],[74.8762,32.792],[74.8655,32.7873],[74.8635,32.7834],[74.8642,32.7748],[74.8633,32.771],[74.873,32.7704],[74.8822,32.7651],[74.8863,32.7718],[74.8922,32.7732],[74.8967,32.77],[74.9052,32.7678],[74.9068,32.7659],[74.9124,32.7651],[74.9185,32.7667],[74.9246,32.773],[74.9266,32.7768],[74.9262,32.779],[74.9332,32.7845],[74.9392,32.7831],[74.9471,32.7831],[74.9518,32.7769],[74.9558,32.7754],[74.9627,32.777],[74.9682,32.7806],[74.9691,32.7834],[74.968,32.7914],[74.9731,32.7928],[74.9773,32.7923],[74.9817,32.7941],[74.9809,32.7968],[74.9836,32.8018],[74.9944,32.8085],[74.9985,32.8086],[74.999,32.8],[75.0083,32.7887],[75.0156,32.7877],[75.0222,32.7797],[75.0252,32.7788],[75.0337,32.7698],[75.034,32.762],[75.031,32.7564],[75.0281,32.7567],[75.0263,32.7599],[75.0222,32.7605],[75.0189,32.7591],[75.02,32.7535],[75.0183,32.749],[75.0136,32.7433],[75.0145,32.7389],[75.0131,32.7296]]]},"properties":{"ac_no":76,"ac_name":"JAMMU EAST","ac_category":"GEN","st_name":"JAMMU AND KASHMIR"}},{"type":"Feature","geometry":{"type":"Polygon","coordinates":[[[74.9464,32.6757],[74.9391,32.6791],[74.9313,32.6802],[74.9278,32.6788],[74.9218,32.6823],[74.9211,32.6842],[74.9134,32.6874],[74.9041,32.6891],[74.8924,32.6824],[74.8803,32.6843],[74.8744,32.6839],[74.8634,32.6816],[74.8636,32.6782],[74.8604,32.6773],[74.8545,32.6821],[74.8523,32.6889],[74.858,32.6919],[74.8602,32.6958],[74.852,32.6997],[74.8477,32.6927],[74.8497,32.6898],[74.8459,32.6883],[74.8393,32.6831],[74.8313,32.6818],[74.8244,32.6839],[74.8228,32.6887],[74.8181,32.695],[74.8207,32.6999],[74.8224,32.7047],[74.8214,32.7098],[74.8316,32.7099],[74.8413,32.7107],[74.8541,32.7152],[74.8592,32.7131],[74.8588,32.7181],[74.8624,32.7181],[74.8694,32.7149],[74.8739,32.7202],[74.8699,32.7232],[74.8585,32.7191],[74.8577,32.7219],[74.8695,32.7247],[74.8746,32.7271],[74.8784,32.7384],[74.8792,32.7479],[74.8822,32.7448],[74.8867,32.7326],[74.8955,32.7336],[74.902,32.7323],[74.9049,32.7284],[74.911,32.7293],[74.9183,32.7322],[74.9201,32.7315],[74.9311,32.7328],[74.9367,32.7308],[74.9451,32.7255],[74.9488,32.7216],[74.9555,32.7187],[74.958,32.711],[74.9618,32.7093],[74.961,32.7086],[74.9614,32.7074],[74.9622,32.7059],[74.9627,32.7052],[74.9645,32.702],[74.9654,32.6999],[74.965,32.6904],[74.9634,32.6872],[74.9619,32.685],[74.9608,32.6833],[74.9573,32.681],[74.9533,32.6775],[74.9478,32.675],[74.9464,32.6757]]]},"properties":{"ac_no":75,"ac_name":"BAHU","ac_category":"GEN","st_name":"JAMMU AND KASHMIR"}},{"type":"Feature","geometry":{"type":"Polygon","coordinates":[[[74.9464,32.6757],[74.9444,32.675],[74.9428,32.674],[74.9278,32.6656],[74.9269,32.6651],[74.9163,32.66],[74.9158,32.6596],[74.9134,32.6578],[74.9082,32.6531],[74.9066,32.6515],[74.9058,32.6506],[74.9036,32.6503],[74.8998,32.6512],[74.8984,32.6485],[74.898,32.6479],[74.897,32.6461],[74.8966,32.6437],[74.8919,32.6395],[74.8836,32.6406],[74.8823,32.6424],[74.8839,32.6485],[74.884,32.652],[74.877,32.6534],[74.8748,32.655],[74.865,32.6545],[74.8601,32.6483],[74.8536,32.6456],[74.8482,32.6447],[74.8427,32.6475],[74.8396,32.6429],[74.8394,32.6377],[74.8332,32.638],[74.8265,32.6397],[74.8313,32.6442],[74.8302,32.6484],[74.8275,32.6516],[74.8205,32.6526],[74.818,32.6471],[74.814,32.6469],[74.8168,32.6388],[74.8117,32.6299],[74.8116,32.627],[74.8153,32.6246],[74.8122,32.6182],[74.8148,32.6153],[74.8133,32.6113],[74.8139,32.6073],[74.8182,32.6065],[74.8076,32.606],[74.8045,32.6071],[74.8045,32.6103],[74.8002,32.6104],[74.7966,32.6128],[74.7943,32.6215],[74.792,32.6227],[74.7844,32.6217],[74.7827,32.6283],[74.7834,32.6366],[74.7888,32.6394],[74.7898,32.6452],[74.782,32.6462],[74.7743,32.6446],[74.774,32.6391],[74.7758,32.636],[74.7752,32.6279],[74.7716,32.6145],[74.7723,32.6123],[74.778,32.6111],[74.7752,32.6057],[74.7701,32.6042],[74.7671,32.6079],[74.7621,32.6079],[74.7595,32.6028],[74.7677,32.6008],[74.7576,32.5925],[74.749,32.5933],[74.7457,32.5892],[74.7412,32.5921],[74.7357,32.5891],[74.7285,32.5927],[74.7244,32.5912],[74.7224,32.5935],[74.7153,32.5941],[74.7149,32.5975],[74.7251,32.6005],[74.7314,32.5975],[74.7337,32.6016],[74.7437,32.6047],[74.7403,32.6072],[74.7395,32.6105],[74.743,32.6148],[74.7472,32.6147],[74.7508,32.6114],[74.7577,32.6103],[74.7621,32.6146],[74.7571,32.6162],[74.7577,32.6247],[74.7641,32.6261],[74.7664,32.6401],[74.7679,32.6438],[74.7589,32.6485],[74.7604,32.6527],[74.7658,32.6518],[74.7673,32.6518],[74.767,32.6552],[74.7567,32.6593],[74.7506,32.6644],[74.7508,32.6662],[74.7515,32.6664],[74.7517,32.6707],[74.7573,32.6708],[74.7601,32.6743],[74.7632,32.675],[74.7636,32.6748],[74.7621,32.6762],[74.7604,32.6785],[74.7568,32.6821],[74.758,32.6835],[74.7674,32.6793],[74.7695,32.6773],[74.7744,32.6758],[74.7737,32.6713],[74.7742,32.6711],[74.7741,32.6696],[74.7744,32.6663],[74.7746,32.6647],[74.7801,32.6606],[74.783,32.6685],[74.7858,32.6729],[74.7954,32.678],[74.7958,32.6832],[74.7957,32.6859],[74.7938,32.689],[74.7974,32.6899],[74.8004,32.6919],[74.806,32.6917],[74.8116,32.6929],[74.8156,32.6906],[74.8181,32.695],[74.8228,32.6887],[74.8244,32.6839],[74.8313,32.6818],[74.8393,32.6831],[74.8459,32.6883],[74.8497,32.6898],[74.8477,32.6927],[74.852,32.6997],[74.8602,32.6958],[74.858,32.6919],[74.8523,32.6889],[74.8545,32.6821],[74.8604,32.6773],[74.8636,32.6782],[74.8634,32.6816],[74.8744,32.6839],[74.8803,32.6843],[74.8924,32.6824],[74.9041,32.6891],[74.9134,32.6874],[74.9211,32.6842],[74.9218,32.6823],[74.9278,32.6788],[74.9313,32.6802],[74.9391,32.6791],[74.9464,32.6757]]]},"properties":{"ac_no":74,"ac_name":"R. S. PURA- JAMMU SOUTH","ac_category":"GEN","st_name":"JAMMU AND KASHMIR"}},{"type":"Feature","geometry":{"type":"Polygon","coordinates":[[[74.8122,32.573],[74.8116,32.573],[74.8062,32.5697],[74.803,32.5616],[74.7991,32.556],[74.7971,32.5492],[74.7978,32.5444],[74.8063,32.5409],[74.8083,32.5351],[74.8045,32.5335],[74.7992,32.5358],[74.7984,32.5315],[74.7947,32.5277],[74.7904,32.5288],[74.786,32.5274],[74.7823,32.524],[74.7844,32.5204],[74.7887,32.5183],[74.7865,32.5143],[74.7809,32.5135],[74.783,32.5094],[74.7695,32.5069],[74.7678,32.5017],[74.7658,32.5],[74.7595,32.5044],[74.7557,32.506],[74.7514,32.5058],[74.7466,32.5013],[74.7436,32.5002],[74.738,32.4937],[74.7378,32.4865],[74.7366,32.4793],[74.7296,32.4812],[74.7274,32.4743],[74.7229,32.4756],[74.7156,32.4752],[74.7113,32.48],[74.714,32.4876],[74.7105,32.4925],[74.7061,32.4927],[74.701,32.4898],[74.6969,32.4895],[74.6945,32.486],[74.688,32.486],[74.6855,32.4905],[74.6806,32.4919],[74.6852,32.5],[74.6858,32.5062],[74.6814,32.51],[74.6842,32.5165],[74.6898,32.523],[74.6908,32.5314],[74.6896,32.5347],[74.6815,32.5359],[74.6697,32.5403],[74.6616,32.5461],[74.6611,32.5542],[74.6726,32.5528],[74.6739,32.5583],[74.6728,32.5683],[74.6685,32.5688],[74.6638,32.5645],[74.655,32.5647],[74.6518,32.5634],[74.6514,32.5701],[74.6546,32.5813],[74.6493,32.5825],[74.6481,32.5856],[74.6494,32.5896],[74.6561,32.592],[74.6589,32.5971],[74.652,32.5997],[74.6496,32.5973],[74.641,32.5999],[74.6386,32.6036],[74.6397,32.6083],[74.6385,32.6148],[74.6505,32.6144],[74.6554,32.6163],[74.6546,32.6244],[74.6565,32.6308],[74.654,32.6376],[74.6608,32.6355],[74.6696,32.6387],[74.6719,32.646],[74.6805,32.6526],[74.6887,32.6517],[74.6934,32.6572],[74.6953,32.663],[74.7013,32.6636],[74.7047,32.6655],[74.7162,32.6664],[74.7243,32.6688],[74.7309,32.6672],[74.7313,32.6617],[74.7356,32.6575],[74.7394,32.6579],[74.7471,32.6551],[74.7497,32.6551],[74.7511,32.6545],[74.7512,32.6545],[74.7542,32.6532],[74.7589,32.6485],[74.7679,32.6438],[74.7664,32.6401],[74.7641,32.6261],[74.7577,32.6247],[74.7571,32.6162],[74.7621,32.6146],[74.7577,32.6103],[74.7508,32.6114],[74.7472,32.6147],[74.743,32.6148],[74.7395,32.6105],[74.7403,32.6072],[74.7437,32.6047],[74.7337,32.6016],[74.7314,32.5975],[74.7251,32.6005],[74.7149,32.5975],[74.7153,32.5941],[74.7224,32.5935],[74.7244,32.5912],[74.7285,32.5927],[74.7357,32.5891],[74.7412,32.5921],[74.7457,32.5892],[74.749,32.5933],[74.7576,32.5925],[74.7677,32.6008],[74.7595,32.6028],[74.7621,32.6079],[74.7671,32.6079],[74.7701,32.6042],[74.7752,32.6057],[74.778,32.6111],[74.7723,32.6123],[74.7716,32.6145],[74.7752,32.6279],[74.7758,32.636],[74.774,32.6391],[74.7743,32.6446],[74.782,32.6462],[74.7898,32.6452],[74.7888,32.6394],[74.7834,32.6366],[74.7827,32.6283],[74.7844,32.6217],[74.792,32.6227],[74.7943,32.6215],[74.7966,32.6128],[74.8002,32.6104],[74.8045,32.6103],[74.8045,32.6071],[74.8076,32.606],[74.8182,32.6065],[74.8187,32.603],[74.8225,32.6002],[74.8278,32.5992],[74.8271,32.5948],[74.8232,32.5922],[74.8245,32.5888],[74.8245,32.5833],[74.8184,32.5783],[74.8195,32.572],[74.8155,32.5716],[74.8122,32.573]]]},"properties":{"ac_no":73,"ac_name":"SUCHETGARH","ac_category":"SC","st_name":"JAMMU AND KASHMIR"}},{"type":"Feature","geometry":{"type":"Polygon","coordinates":[[[74.7366,32.4793],[74.7378,32.4865],[74.738,32.4937],[74.7436,32.5002],[74.7466,32.5013],[74.7514,32.5058],[74.7557,32.506],[74.7595,32.5044],[74.7658,32.5],[74.7678,32.5017],[74.7695,32.5069],[74.783,32.5094],[74.7809,32.5135],[74.7865,32.5143],[74.7887,32.5183],[74.7844,32.5204],[74.7823,32.524],[74.786,32.5274],[74.7904,32.5288],[74.7947,32.5277],[74.7984,32.5315],[74.7992,32.5358],[74.8045,32.5335],[74.8083,32.5351],[74.8063,32.5409],[74.7978,32.5444],[74.7971,32.5492],[74.7991,32.556],[74.803,32.5616],[74.8062,32.5697],[74.8116,32.573],[74.8122,32.573],[74.8155,32.5716],[74.8195,32.572],[74.8184,32.5783],[74.8245,32.5833],[74.8245,32.5888],[74.8232,32.5922],[74.8271,32.5948],[74.8278,32.5992],[74.8225,32.6002],[74.8187,32.603],[74.8182,32.6065],[74.8139,32.6073],[74.8133,32.6113],[74.8148,32.6153],[74.8122,32.6182],[74.8153,32.6246],[74.8116,32.627],[74.8117,32.6299],[74.8168,32.6388],[74.814,32.6469],[74.818,32.6471],[74.8205,32.6526],[74.8275,32.6516],[74.8302,32.6484],[74.8313,32.6442],[74.8265,32.6397],[74.8332,32.638],[74.8394,32.6377],[74.8396,32.6429],[74.8427,32.6475],[74.8482,32.6447],[74.8536,32.6456],[74.8601,32.6483],[74.865,32.6545],[74.8748,32.655],[74.877,32.6534],[74.884,32.652],[74.8839,32.6485],[74.8823,32.6424],[74.8836,32.6406],[74.8919,32.6395],[74.8926,32.6395],[74.8938,32.6398],[74.8969,32.6407],[74.8976,32.6394],[74.8983,32.6381],[74.8976,32.6344],[74.8959,32.6321],[74.8947,32.6305],[74.8937,32.6288],[74.8933,32.6274],[74.8925,32.6249],[74.8928,32.6239],[74.893,32.6233],[74.892,32.6229],[74.8871,32.623],[74.8816,32.6174],[74.8816,32.617],[74.8814,32.6152],[74.8824,32.6135],[74.8873,32.613],[74.8919,32.6064],[74.8952,32.6061],[74.8987,32.6106],[74.8998,32.6133],[74.9025,32.6158],[74.9042,32.618],[74.9059,32.6207],[74.9081,32.6239],[74.91,32.6241],[74.919,32.6172],[74.9261,32.6147],[74.9299,32.6124],[74.9303,32.6122],[74.9327,32.6107],[74.9323,32.6099],[74.9315,32.6092],[74.93,32.6079],[74.9269,32.6062],[74.9273,32.605],[74.9276,32.6042],[74.9316,32.6028],[74.9326,32.6021],[74.9326,32.6012],[74.9319,32.6009],[74.9297,32.6005],[74.9288,32.6001],[74.9273,32.5992],[74.9261,32.5986],[74.9253,32.5968],[74.9257,32.5959],[74.9278,32.5944],[74.9312,32.5929],[74.9352,32.5923],[74.9381,32.5889],[74.9395,32.5878],[74.9402,32.5877],[74.9409,32.5886],[74.9413,32.5901],[74.9416,32.591],[74.942,32.593],[74.9437,32.5915],[74.9443,32.591],[74.9457,32.5911],[74.9487,32.5933],[74.9532,32.5936],[74.9542,32.5919],[74.9551,32.5903],[74.9552,32.5889],[74.9545,32.5867],[74.9475,32.5831],[74.9484,32.5823],[74.9509,32.5804],[74.9537,32.5778],[74.9538,32.5777],[74.9552,32.5746],[74.9557,32.5736],[74.9557,32.5735],[74.9562,32.5717],[74.9557,32.5702],[74.9549,32.5695],[74.954,32.5688],[74.9514,32.5679],[74.9482,32.5669],[74.9434,32.5654],[74.9428,32.5638],[74.942,32.5628],[74.9366,32.568],[74.9348,32.5679],[74.9301,32.5675],[74.9285,32.5652],[74.9287,32.5643],[74.9292,32.5623],[74.9307,32.5607],[74.9345,32.5602],[74.9378,32.5596],[74.9328,32.5543],[74.9305,32.5529],[74.9281,32.5501],[74.9276,32.5496],[74.9226,32.5493],[74.9222,32.5493],[74.9185,32.5498],[74.915,32.5503],[74.9108,32.5522],[74.9087,32.5557],[74.9081,32.5563],[74.9074,32.557],[74.9038,32.5561],[74.9038,32.5514],[74.9052,32.5467],[74.9019,32.5425],[74.9065,32.5372],[74.9113,32.5366],[74.9144,32.5346],[74.9181,32.5279],[74.9127,32.5253],[74.912,32.5253],[74.9101,32.5254],[74.9069,32.5259],[74.9037,32.5267],[74.9008,32.5266],[74.8937,32.5267],[74.8917,32.5251],[74.8912,32.5247],[74.8892,32.5213],[74.8891,32.521],[74.8895,32.5195],[74.8916,32.5156],[74.8904,32.5097],[74.8821,32.5012],[74.8804,32.4921],[74.8702,32.4855],[74.8664,32.4865],[74.8598,32.4924],[74.8548,32.4926],[74.8486,32.4888],[74.8426,32.4907],[74.8379,32.4942],[74.833,32.494],[74.822,32.4966],[74.8195,32.492],[74.8163,32.4791],[74.8039,32.4815],[74.8004,32.4767],[74.7844,32.4783],[74.7767,32.4799],[74.7706,32.4821],[74.7642,32.4806],[74.7552,32.4822],[74.7512,32.4789],[74.7454,32.4785],[74.7366,32.4793]]]},"properties":{"ac_no":72,"ac_name":"BISHNAH","ac_category":"SC","st_name":"JAMMU AND KASHMIR"}},{"type":"Feature","geometry":{"type":"Polygon","coordinates":[[[74.3036,33.5686],[74.2888,33.5863],[74.2788,33.5995],[74.2663,33.6041],[74.259,33.6163],[74.2439,33.6254],[74.2304,33.6363],[74.2229,33.647],[74.2365,33.6561],[74.2327,33.6568],[74.207,33.6505],[74.1973,33.6526],[74.1941,33.6554],[74.1995,33.6665],[74.196,33.6711],[74.1875,33.6758],[74.1737,33.6784],[74.1719,33.6812],[74.1606,33.6798],[74.1582,33.6814],[74.1432,33.6867],[74.1088,33.6868],[74.1003,33.6892],[74.0964,33.6929],[74.0918,33.7002],[74.0967,33.7042],[74.1045,33.7053],[74.1157,33.7099],[74.1192,33.7129],[74.1194,33.7179],[74.1159,33.7229],[74.1151,33.727],[74.1114,33.7307],[74.0987,33.74],[74.1029,33.7468],[74.1062,33.7456],[74.1221,33.7341],[74.1271,33.7324],[74.1388,33.732],[74.1458,33.7328],[74.1563,33.7291],[74.162,33.7295],[74.1635,33.7384],[74.1808,33.7434],[74.1845,33.7427],[74.1919,33.7446],[74.1939,33.7414],[74.1999,33.7369],[74.2127,33.7352],[74.2149,33.7373],[74.2194,33.7378],[74.2213,33.7399],[74.2196,33.745],[74.2253,33.7484],[74.2347,33.7478],[74.2489,33.7496],[74.2537,33.7458],[74.2593,33.7399],[74.2657,33.7363],[74.266,33.74],[74.2773,33.7405],[74.302,33.7462],[74.3226,33.7501],[74.3238,33.749],[74.3364,33.7446],[74.3493,33.745],[74.3624,33.7501],[74.3773,33.7584],[74.3927,33.7679],[74.4023,33.7691],[74.4153,33.7636],[74.4224,33.764],[74.4284,33.761],[74.4412,33.764],[74.4503,33.7633],[74.451,33.7621],[74.452,33.7606],[74.4525,33.7599],[74.4527,33.7589],[74.4528,33.7566],[74.4529,33.7557],[74.4532,33.7552],[74.4535,33.7547],[74.4547,33.7537],[74.4561,33.7527],[74.4574,33.7521],[74.4593,33.7514],[74.461,33.7509],[74.4625,33.7506],[74.4641,33.7503],[74.4658,33.7502],[74.4663,33.7502],[74.4664,33.7495],[74.4662,33.7477],[74.4715,33.7429],[74.4719,33.7421],[74.4721,33.7413],[74.4732,33.7394],[74.4747,33.7332],[74.4801,33.732],[74.488,33.7291],[74.4888,33.7286],[74.4896,33.7277],[74.4911,33.7245],[74.4922,33.7244],[74.4933,33.7244],[74.4946,33.7241],[74.495,33.724],[74.4954,33.7236],[74.4959,33.7229],[74.4964,33.7225],[74.4991,33.7218],[74.5017,33.7193],[74.5027,33.7162],[74.5079,33.7111],[74.5079,33.7108],[74.5079,33.71],[74.5079,33.7096],[74.5061,33.7064],[74.5054,33.7052],[74.5047,33.7044],[74.5052,33.7043],[74.5065,33.7048],[74.5111,33.7056],[74.5138,33.7057],[74.515,33.7055],[74.5159,33.7053],[74.516,33.7051],[74.5161,33.7046],[74.5166,33.7036],[74.5171,33.7031],[74.5181,33.7025],[74.5191,33.7021],[74.5205,33.7025],[74.5249,33.7006],[74.5265,33.6998],[74.5271,33.699],[74.5273,33.6985],[74.5276,33.6974],[74.5277,33.6964],[74.5279,33.695],[74.5298,33.695],[74.5322,33.6952],[74.5368,33.6953],[74.5436,33.6929],[74.5426,33.6909],[74.543,33.6907],[74.5427,33.6896],[74.5423,33.6889],[74.542,33.6884],[74.5429,33.6876],[74.543,33.6865],[74.5423,33.6855],[74.5426,33.684],[74.5411,33.6826],[74.5429,33.682],[74.5435,33.6802],[74.5439,33.6792],[74.5436,33.6736],[74.5393,33.6663],[74.5318,33.6601],[74.5331,33.6574],[74.531,33.6543],[74.5294,33.6433],[74.5197,33.6413],[74.5195,33.6287],[74.5213,33.6258],[74.5251,33.6249],[74.5273,33.6168],[74.5203,33.6095],[74.5207,33.6055],[74.5153,33.6024],[74.5138,33.5997],[74.5145,33.5947],[74.517,33.5892],[74.5205,33.5862],[74.5211,33.5827],[74.5243,33.5789],[74.5219,33.5734],[74.5279,33.5671],[74.5185,33.5604],[74.5162,33.5575],[74.516,33.5536],[74.5197,33.5504],[74.5255,33.5495],[74.5294,33.5463],[74.5332,33.5323],[74.5378,33.5279],[74.5399,33.5272],[74.5412,33.5273],[74.5424,33.5274],[74.5457,33.5283],[74.5467,33.529],[74.5467,33.53],[74.5476,33.5307],[74.5475,33.53],[74.5479,33.5291],[74.5555,33.5276],[74.5564,33.5246],[74.5655,33.524],[74.568,33.518],[74.5711,33.5176],[74.5758,33.5142],[74.5738,33.5117],[74.5748,33.5096],[74.5743,33.5074],[74.5739,33.5061],[74.5729,33.5048],[74.5707,33.5032],[74.5699,33.5028],[74.5705,33.4996],[74.5715,33.4985],[74.573,33.4968],[74.5732,33.4945],[74.5731,33.4928],[74.5724,33.4919],[74.5713,33.4916],[74.5685,33.4921],[74.5654,33.493],[74.5642,33.4933],[74.5623,33.4936],[74.5605,33.4935],[74.5576,33.492],[74.5532,33.491],[74.5513,33.4911],[74.5492,33.4904],[74.5472,33.4894],[74.5455,33.4887],[74.5432,33.4889],[74.5411,33.489],[74.5379,33.4868],[74.538,33.4856],[74.5405,33.4827],[74.5416,33.481],[74.5404,33.4794],[74.5401,33.4788],[74.54,33.4777],[74.5432,33.4752],[74.5432,33.474],[74.5415,33.4713],[74.5406,33.4699],[74.5406,33.4689],[74.5403,33.4682],[74.5398,33.4678],[74.5383,33.4698],[74.5334,33.4718],[74.5284,33.4708],[74.5249,33.4757],[74.5216,33.4773],[74.5223,33.4792],[74.5224,33.4802],[74.5213,33.4818],[74.5187,33.4843],[74.5185,33.4845],[74.5177,33.4855],[74.5164,33.4861],[74.5148,33.4858],[74.5133,33.4849],[74.5123,33.4845],[74.5112,33.4847],[74.5101,33.485],[74.5092,33.4864],[74.5085,33.4876],[74.5087,33.4923],[74.507,33.4942],[74.506,33.4988],[74.5068,33.4996],[74.507,33.5002],[74.5041,33.5019],[74.5034,33.5024],[74.5026,33.5031],[74.5018,33.5038],[74.5008,33.5047],[74.4992,33.5061],[74.4982,33.5066],[74.4981,33.507],[74.4985,33.5099],[74.4982,33.5112],[74.4935,33.516],[74.4923,33.5175],[74.4915,33.5182],[74.491,33.5188],[74.4896,33.5202],[74.4834,33.524],[74.4794,33.5268],[74.4759,33.5296],[74.4745,33.5305],[74.4735,33.5311],[74.4677,33.5335],[74.4664,33.5341],[74.4649,33.5349],[74.4623,33.5363],[74.4548,33.5418],[74.452,33.5429],[74.4509,33.5434],[74.4495,33.5442],[74.448,33.5452],[74.4471,33.5459],[74.4468,33.5461],[74.4452,33.5474],[74.4442,33.5483],[74.4436,33.5491],[74.4428,33.5499],[74.4415,33.5513],[74.4406,33.552],[74.441,33.5526],[74.4417,33.5535],[74.4421,33.5541],[74.4418,33.5548],[74.4411,33.5556],[74.4394,33.5572],[74.4269,33.5668],[74.4258,33.5679],[74.424,33.5704],[74.4227,33.5712],[74.4215,33.5717],[74.4199,33.5721],[74.4127,33.5716],[74.4109,33.5717],[74.4096,33.5718],[74.4082,33.5722],[74.4072,33.5726],[74.4071,33.5726],[74.4054,33.5733],[74.4007,33.577],[74.3883,33.5779],[74.3859,33.5805],[74.3793,33.5823],[74.3769,33.5831],[74.3758,33.5835],[74.3757,33.5835],[74.3746,33.5833],[74.3737,33.5825],[74.3731,33.5822],[74.3728,33.582],[74.3728,33.5819],[74.3724,33.5817],[74.3718,33.5815],[74.3709,33.5813],[74.3701,33.5813],[74.3687,33.5814],[74.3683,33.5816],[74.3575,33.5841],[74.3536,33.5826],[74.3494,33.5774],[74.3411,33.5753],[74.3331,33.5718],[74.3272,33.5766],[74.3258,33.5768],[74.3244,33.577],[74.3215,33.5767],[74.3199,33.5756],[74.3173,33.5741],[74.3145,33.5723],[74.3129,33.5717],[74.3085,33.5725],[74.308,33.5725],[74.3074,33.5723],[74.3036,33.5686]]]},"properties":{"ac_no":88,"ac_name":"SURANKOTE","ac_category":"ST","st_name":"JAMMU AND KASHMIR"}},{"type":"Feature","geometry":{"type":"Polygon","coordinates":[[[74.3036,33.5686],[74.3024,33.5673],[74.3022,33.5671],[74.302,33.5669],[74.3018,33.5663],[74.3016,33.5658],[74.3014,33.5655],[74.3011,33.5652],[74.3007,33.5649],[74.2998,33.5645],[74.2996,33.5642],[74.2997,33.5639],[74.3001,33.5629],[74.3003,33.5622],[74.3006,33.5609],[74.3006,33.5586],[74.2996,33.5568],[74.2989,33.554],[74.2986,33.5538],[74.2981,33.5535],[74.2961,33.553],[74.2926,33.5506],[74.2895,33.5491],[74.2878,33.5484],[74.2858,33.5475],[74.2839,33.5491],[74.2829,33.5499],[74.2826,33.5504],[74.2824,33.5506],[74.2821,33.5508],[74.2818,33.5509],[74.2809,33.5509],[74.2788,33.5511],[74.2774,33.5475],[74.2647,33.5516],[74.2592,33.5501],[74.254,33.5426],[74.2534,33.5433],[74.2523,33.5451],[74.2519,33.5466],[74.2516,33.5477],[74.2507,33.5492],[74.2499,33.5507],[74.2487,33.5537],[74.2481,33.5542],[74.2476,33.5548],[74.2458,33.5557],[74.2427,33.5554],[74.2355,33.5512],[74.2324,33.5506],[74.2307,33.5504],[74.2269,33.5501],[74.2254,33.5502],[74.2223,33.5521],[74.2142,33.5485],[74.2111,33.5465],[74.2107,33.5461],[74.2107,33.5413],[74.2097,33.5401],[74.2089,33.5393],[74.2077,33.5376],[74.2077,33.537],[74.2077,33.5364],[74.2078,33.536],[74.2078,33.5358],[74.2078,33.5354],[74.2078,33.5349],[74.2079,33.5346],[74.2081,33.5341],[74.2088,33.5334],[74.2097,33.5329],[74.2109,33.5321],[74.2119,33.5311],[74.2121,33.5308],[74.2168,33.5173],[74.2188,33.5159],[74.2192,33.5159],[74.2196,33.5158],[74.2204,33.5157],[74.222,33.5148],[74.226,33.5094],[74.2261,33.5085],[74.2266,33.5075],[74.2272,33.5062],[74.2278,33.505],[74.2279,33.5044],[74.2279,33.5035],[74.2278,33.5027],[74.2272,33.5001],[74.227,33.4996],[74.2271,33.499],[74.227,33.4894],[74.2265,33.4889],[74.2259,33.488],[74.2248,33.4868],[74.2231,33.4849],[74.2228,33.4847],[74.2224,33.4844],[74.2203,33.4838],[74.2189,33.4829],[74.2182,33.482],[74.2178,33.4811],[74.2171,33.4787],[74.217,33.4778],[74.2171,33.4761],[74.2172,33.4736],[74.2167,33.4715],[74.2146,33.4682],[74.2138,33.4671],[74.213,33.4656],[74.2124,33.4642],[74.2104,33.459],[74.2075,33.4552],[74.2059,33.4525],[74.2053,33.4509],[74.2051,33.4501],[74.2049,33.4495],[74.2048,33.4489],[74.1985,33.4455],[74.1972,33.4431],[74.1965,33.4417],[74.1956,33.4403],[74.194,33.4374],[74.1932,33.4361],[74.1924,33.4344],[74.1917,33.4336],[74.1911,33.433],[74.1894,33.4318],[74.1877,33.4302],[74.1864,33.4292],[74.1852,33.4285],[74.1839,33.4281],[74.183,33.4278],[74.1863,33.4233],[74.1845,33.4206],[74.1753,33.4128],[74.1752,33.4129],[74.1751,33.413],[74.1746,33.4134],[74.1743,33.4139],[74.1741,33.4144],[74.1675,33.4189],[74.162,33.4274],[74.1596,33.4361],[74.1532,33.4439],[74.1468,33.4652],[74.1473,33.4806],[74.1484,33.4858],[74.1503,33.4956],[74.1534,33.5035],[74.1541,33.5054],[74.1601,33.5122],[74.1578,33.5253],[74.1591,33.5293],[74.1604,33.5299],[74.1553,33.5324],[74.1508,33.537],[74.1497,33.5437],[74.1503,33.5447],[74.1578,33.5481],[74.1479,33.5481],[74.1453,33.5495],[74.1329,33.5496],[74.1242,33.5524],[74.1221,33.5552],[74.1095,33.5478],[74.0975,33.5514],[74.0869,33.5513],[74.0803,33.5519],[74.0737,33.5525],[74.0674,33.5542],[74.0629,33.5612],[74.056,33.5601],[74.0492,33.5675],[74.0453,33.5752],[74.0414,33.583],[74.0413,33.5939],[74.0314,33.5948],[74.02,33.6041],[74.0129,33.6186],[74.0101,33.6333],[74.0058,33.6376],[73.9973,33.6572],[73.9967,33.6717],[73.9944,33.6856],[73.9944,33.6868],[73.9944,33.6874],[73.9944,33.6877],[73.9944,33.6879],[73.9944,33.6882],[73.9944,33.6892],[73.9944,33.6895],[73.9944,33.6898],[73.9944,33.6901],[73.9944,33.6904],[73.9944,33.6907],[73.9944,33.691],[73.9944,33.6918],[73.9944,33.6938],[73.9945,33.6944],[73.9945,33.6945],[73.9945,33.6947],[73.9945,33.6951],[73.9945,33.6952],[73.9988,33.6942],[74.0076,33.6922],[74.0115,33.687],[74.0197,33.6887],[74.0264,33.6875],[74.0449,33.6922],[74.053,33.6805],[74.0717,33.6867],[74.0831,33.6943],[74.0875,33.6997],[74.0918,33.7002],[74.0964,33.6929],[74.1003,33.6892],[74.1088,33.6868],[74.1432,33.6867],[74.1582,33.6814],[74.1606,33.6798],[74.1719,33.6812],[74.1737,33.6784],[74.1875,33.6758],[74.196,33.6711],[74.1995,33.6665],[74.1941,33.6554],[74.1973,33.6526],[74.207,33.6505],[74.2327,33.6568],[74.2365,33.6561],[74.2229,33.647],[74.2304,33.6363],[74.2439,33.6254],[74.259,33.6163],[74.2663,33.6041],[74.2788,33.5995],[74.2888,33.5863],[74.3036,33.5686]]]},"properties":{"ac_no":90,"ac_name":"MENDHAR","ac_category":"ST","st_name":"JAMMU AND KASHMIR"}},{"type":"Feature","geometry":{"type":"Polygon","coordinates":[[[74.4412,33.764],[74.4284,33.761],[74.4224,33.764],[74.4153,33.7636],[74.4023,33.7691],[74.3927,33.7679],[74.3773,33.7584],[74.3624,33.7501],[74.3493,33.745],[74.3364,33.7446],[74.3238,33.749],[74.3226,33.7501],[74.302,33.7462],[74.2773,33.7405],[74.266,33.74],[74.2657,33.7363],[74.2593,33.7399],[74.2537,33.7458],[74.2489,33.7496],[74.2347,33.7478],[74.2253,33.7484],[74.2196,33.745],[74.2213,33.7399],[74.2194,33.7378],[74.2149,33.7373],[74.2127,33.7352],[74.1999,33.7369],[74.1939,33.7414],[74.1919,33.7446],[74.1845,33.7427],[74.1808,33.7434],[74.1635,33.7384],[74.162,33.7295],[74.1563,33.7291],[74.1458,33.7328],[74.1388,33.732],[74.1271,33.7324],[74.1221,33.7341],[74.1062,33.7456],[74.1029,33.7468],[74.0987,33.74],[74.1114,33.7307],[74.1151,33.727],[74.1159,33.7229],[74.1194,33.7179],[74.1192,33.7129],[74.1157,33.7099],[74.1045,33.7053],[74.0967,33.7042],[74.0918,33.7002],[74.0875,33.6997],[74.0831,33.6943],[74.0717,33.6867],[74.053,33.6805],[74.0449,33.6922],[74.0264,33.6875],[74.0197,33.6887],[74.0115,33.687],[74.0076,33.6922],[73.9988,33.6942],[73.9945,33.6952],[73.9945,33.6953],[73.9945,33.6955],[73.9945,33.6956],[73.9945,33.6957],[73.9945,33.6958],[73.9945,33.6959],[73.9945,33.696],[73.9945,33.6961],[73.9945,33.6962],[73.9945,33.6963],[73.9945,33.6964],[73.9945,33.6965],[73.9945,33.6966],[73.9945,33.6967],[73.9924,33.7088],[73.988,33.7163],[73.9872,33.728],[73.9935,33.7427],[74.0019,33.7624],[74.0138,33.7875],[74.0252,33.8163],[74.0334,33.8204],[74.0396,33.831],[74.0448,33.8381],[74.049,33.8412],[74.0581,33.8441],[74.0672,33.8469],[74.0736,33.8482],[74.0779,33.8475],[74.0788,33.8486],[74.0817,33.8491],[74.084,33.8484],[74.097,33.8477],[74.1168,33.8464],[74.1348,33.8496],[74.1857,33.8883],[74.2055,33.9022],[74.2077,33.9002],[74.2105,33.8982],[74.2153,33.8984],[74.2195,33.8937],[74.2258,33.8871],[74.2304,33.8829],[74.2318,33.8788],[74.2348,33.8752],[74.2345,33.8636],[74.2356,33.8587],[74.2358,33.8596],[74.2382,33.8625],[74.2381,33.8689],[74.2406,33.8801],[74.2409,33.8842],[74.2412,33.8883],[74.2368,33.8982],[74.2248,33.9238],[74.222,33.9313],[74.2188,33.9397],[74.2171,33.9663],[74.2134,33.9837],[74.212,33.9954],[74.2133,33.997],[74.2226,34],[74.2264,34.0008],[74.232,34.0012],[74.2354,34.0001],[74.2408,33.9996],[74.2532,34.0006],[74.2567,33.9993],[74.2572,33.9993],[74.2576,33.9994],[74.2611,33.9993],[74.2617,33.9992],[74.2621,33.9992],[74.2632,33.9987],[74.2638,33.9964],[74.264,33.9959],[74.2643,33.9954],[74.2652,33.9948],[74.2659,33.9941],[74.2673,33.9931],[74.2675,33.9904],[74.2704,33.9897],[74.2707,33.9895],[74.2711,33.9891],[74.2715,33.9887],[74.2715,33.9886],[74.2715,33.9879],[74.2714,33.9866],[74.2758,33.9863],[74.2785,33.9909],[74.2821,33.9928],[74.2977,33.9958],[74.3032,33.994],[74.3049,33.9861],[74.3082,33.9837],[74.3094,33.9821],[74.3103,33.9818],[74.3107,33.981],[74.3109,33.9801],[74.3126,33.9784],[74.3159,33.9774],[74.3159,33.9767],[74.3162,33.9757],[74.3165,33.9755],[74.3169,33.975],[74.317,33.9749],[74.3168,33.9745],[74.3166,33.9743],[74.3163,33.974],[74.314,33.9735],[74.3131,33.9735],[74.3126,33.9726],[74.3122,33.9713],[74.3122,33.9711],[74.3124,33.9703],[74.3128,33.9692],[74.3137,33.9674],[74.3145,33.9667],[74.3152,33.9659],[74.3169,33.9646],[74.3177,33.9639],[74.318,33.9638],[74.3185,33.9634],[74.3184,33.9625],[74.3184,33.9622],[74.3183,33.9616],[74.32,33.9573],[74.3227,33.9564],[74.3297,33.956],[74.3306,33.9538],[74.3311,33.9529],[74.332,33.9524],[74.3326,33.9523],[74.3355,33.9524],[74.3388,33.9543],[74.3419,33.9548],[74.3441,33.9549],[74.3452,33.9549],[74.3463,33.9549],[74.3513,33.9565],[74.3525,33.9566],[74.3536,33.9566],[74.3605,33.9537],[74.3627,33.9517],[74.3668,33.9514],[74.3714,33.9488],[74.3731,33.948],[74.374,33.9478],[74.375,33.9483],[74.3757,33.9486],[74.376,33.9485],[74.3763,33.9484],[74.3765,33.9486],[74.3769,33.9492],[74.377,33.9494],[74.381,33.947],[74.3844,33.9463],[74.3865,33.9462],[74.3871,33.9461],[74.3874,33.9459],[74.3879,33.9451],[74.3881,33.9442],[74.3885,33.943],[74.3888,33.9415],[74.3909,33.9365],[74.395,33.9338],[74.3957,33.9278],[74.3961,33.927],[74.3977,33.9258],[74.3989,33.9244],[74.3999,33.9237],[74.4018,33.9229],[74.4027,33.9226],[74.4045,33.9215],[74.406,33.9192],[74.4083,33.9142],[74.4094,33.9101],[74.4113,33.9079],[74.4153,33.9077],[74.4162,33.9078],[74.4164,33.9078],[74.4171,33.9081],[74.4176,33.9083],[74.4179,33.9083],[74.4186,33.9083],[74.4192,33.9084],[74.4188,33.908],[74.4182,33.9081],[74.4183,33.9079],[74.4184,33.9072],[74.4186,33.9053],[74.4185,33.9046],[74.414,33.9011],[74.4132,33.8995],[74.4127,33.8983],[74.4124,33.8977],[74.4117,33.8971],[74.4107,33.8969],[74.4095,33.8967],[74.4092,33.8966],[74.409,33.8962],[74.4091,33.8958],[74.4094,33.8949],[74.4152,33.8882],[74.4131,33.8867],[74.411,33.8862],[74.4089,33.8859],[74.4079,33.8858],[74.4064,33.8859],[74.4051,33.886],[74.4042,33.8858],[74.4024,33.8832],[74.4033,33.8811],[74.4034,33.8801],[74.4036,33.8798],[74.4034,33.8779],[74.4032,33.8776],[74.4026,33.8768],[74.402,33.8766],[74.4018,33.8761],[74.4015,33.8752],[74.4016,33.8743],[74.4021,33.8735],[74.4027,33.8727],[74.4032,33.872],[74.4064,33.8691],[74.4073,33.8651],[74.4082,33.8636],[74.4126,33.8609],[74.4134,33.8601],[74.4139,33.8593],[74.4141,33.8587],[74.4142,33.8581],[74.414,33.8568],[74.4139,33.8565],[74.4102,33.8514],[74.411,33.846],[74.4106,33.8451],[74.4107,33.8445],[74.4109,33.844],[74.4132,33.841],[74.4137,33.8404],[74.4144,33.8398],[74.4164,33.8386],[74.4166,33.8383],[74.4171,33.8362],[74.4172,33.8358],[74.4181,33.8355],[74.4247,33.8302],[74.4267,33.8297],[74.4335,33.8241],[74.4386,33.8238],[74.4411,33.8246],[74.4415,33.8247],[74.4417,33.8245],[74.4426,33.8228],[74.4428,33.8214],[74.4419,33.82],[74.4414,33.8189],[74.4382,33.8156],[74.439,33.8136],[74.4391,33.8118],[74.4392,33.8115],[74.4397,33.8113],[74.4453,33.8073],[74.4492,33.8058],[74.4515,33.8051],[74.4526,33.805],[74.4526,33.8046],[74.4525,33.804],[74.4525,33.8034],[74.453,33.8024],[74.4542,33.8003],[74.4551,33.799],[74.4571,33.7965],[74.4664,33.7869],[74.4679,33.7864],[74.4687,33.7865],[74.4694,33.7862],[74.47,33.7854],[74.4703,33.7846],[74.4699,33.7837],[74.4692,33.7827],[74.467,33.7813],[74.464,33.7788],[74.4632,33.7786],[74.4634,33.7758],[74.4639,33.7738],[74.4637,33.7723],[74.4614,33.7712],[74.4597,33.7705],[74.4563,33.7681],[74.4499,33.764],[74.4503,33.7633],[74.4412,33.764]]]},"properties":{"ac_no":89,"ac_name":"POONCH HAVELI","ac_category":"GEN","st_name":"JAMMU AND KASHMIR"}},{"type":"Feature","geometry":{"type":"Polygon","coordinates":[[[74.7934,33.0297],[74.7941,33.0298],[74.7945,33.0299],[74.8004,33.0315],[74.8053,33.0348],[74.8105,33.0424],[74.8109,33.0426],[74.817,33.0428],[74.8176,33.0459],[74.8216,33.0463],[74.822,33.0466],[74.8225,33.0499],[74.8221,33.0502],[74.8182,33.0514],[74.8129,33.0553],[74.8096,33.062],[74.8098,33.0665],[74.8139,33.0701],[74.8165,33.0691],[74.8168,33.0693],[74.8237,33.074],[74.824,33.0739],[74.8285,33.0721],[74.8342,33.0729],[74.8406,33.0793],[74.8409,33.0795],[74.8511,33.0802],[74.8514,33.0801],[74.8514,33.08],[74.8603,33.0749],[74.8688,33.0729],[74.8779,33.078],[74.8848,33.0778],[74.8875,33.0804],[74.8927,33.0806],[74.8932,33.0784],[74.8937,33.0784],[74.8948,33.0787],[74.8957,33.0792],[74.8962,33.0803],[74.8978,33.0834],[74.8992,33.0859],[74.8997,33.0868],[74.9003,33.0878],[74.9014,33.0898],[74.9025,33.0919],[74.9026,33.093],[74.9021,33.0939],[74.9007,33.0953],[74.9001,33.0989],[74.901,33.0997],[74.9013,33.1008],[74.9012,33.1036],[74.9011,33.1047],[74.9006,33.1063],[74.8996,33.1078],[74.8991,33.1082],[74.8982,33.109],[74.8977,33.1093],[74.8958,33.1093],[74.8951,33.1091],[74.8931,33.1085],[74.8911,33.1083],[74.8892,33.1083],[74.8878,33.1084],[74.8853,33.1091],[74.8848,33.1095],[74.8839,33.1103],[74.8826,33.1116],[74.8809,33.1125],[74.8797,33.113],[74.8792,33.1133],[74.877,33.1146],[74.8749,33.116],[74.8722,33.1176],[74.8712,33.1183],[74.8706,33.1187],[74.8696,33.1194],[74.8686,33.1201],[74.8677,33.1209],[74.8658,33.1224],[74.8653,33.1228],[74.8644,33.1236],[74.8639,33.124],[74.8629,33.1247],[74.8582,33.1255],[74.8563,33.126],[74.8557,33.1263],[74.8544,33.1266],[74.8538,33.1268],[74.8525,33.1268],[74.8518,33.1268],[74.8498,33.1267],[74.8491,33.1267],[74.8478,33.1269],[74.8446,33.1289],[74.8442,33.1294],[74.8419,33.1313],[74.8408,33.1319],[74.8395,33.1323],[74.8382,33.1327],[74.8359,33.1338],[74.8348,33.1351],[74.8338,33.1371],[74.8333,33.1382],[74.8326,33.1392],[74.8322,33.1407],[74.8327,33.1412],[74.8351,33.1423],[74.8357,33.1425],[74.837,33.1427],[74.8377,33.1428],[74.8391,33.1429],[74.8419,33.1441],[74.8444,33.1467],[74.8457,33.1467],[74.8482,33.1471],[74.8492,33.1477],[74.8497,33.148],[74.8518,33.1492],[74.8529,33.1497],[74.854,33.1501],[74.8552,33.1504],[74.857,33.1508],[74.8576,33.1509],[74.8594,33.1513],[74.8605,33.1517],[74.8623,33.1521],[74.8641,33.1523],[74.8666,33.152],[74.8675,33.1514],[74.8686,33.1501],[74.872,33.1492],[74.8746,33.1489],[74.8769,33.1485],[74.8782,33.1485],[74.8798,33.1492],[74.8811,33.1503],[74.8815,33.1507],[74.8821,33.1516],[74.8831,33.1529],[74.8844,33.1541],[74.8854,33.1548],[74.887,33.1555],[74.8882,33.1556],[74.89,33.1553],[74.8906,33.1551],[74.8929,33.154],[74.8934,33.1538],[74.8957,33.1531],[74.8963,33.153],[74.8981,33.1531],[74.9006,33.1534],[74.9031,33.1535],[74.9037,33.1535],[74.9049,33.1536],[74.9062,33.1536],[74.9087,33.1535],[74.9099,33.1534],[74.9123,33.1535],[74.9135,33.1538],[74.9166,33.1567],[74.9182,33.16],[74.9186,33.161],[74.9189,33.162],[74.919,33.163],[74.919,33.164],[74.9192,33.1666],[74.9193,33.1671],[74.9199,33.1685],[74.9202,33.169],[74.9208,33.1699],[74.9213,33.1709],[74.9216,33.1713],[74.9223,33.1722],[74.9228,33.1731],[74.9234,33.174],[74.9242,33.1754],[74.925,33.1773],[74.9253,33.1784],[74.9256,33.1788],[74.9273,33.1787],[74.9285,33.1781],[74.93,33.1774],[74.931,33.1768],[74.932,33.1763],[74.9331,33.1757],[74.9342,33.1753],[74.9354,33.1749],[74.939,33.175],[74.9396,33.1752],[74.9413,33.1759],[74.9424,33.1764],[74.9435,33.1769],[74.944,33.1772],[74.9451,33.1777],[74.946,33.1783],[74.9465,33.1786],[74.9474,33.1792],[74.9479,33.1795],[74.9488,33.1802],[74.9493,33.1805],[74.9509,33.1814],[74.9515,33.1809],[74.952,33.1797],[74.9525,33.1785],[74.9536,33.1774],[74.9553,33.1768],[74.9569,33.176],[74.9573,33.1756],[74.9585,33.1744],[74.9601,33.1722],[74.9608,33.1713],[74.9621,33.1696],[74.9628,33.1688],[74.9644,33.1672],[74.9665,33.1654],[74.9686,33.1635],[74.9691,33.1631],[74.9709,33.1618],[74.9719,33.1612],[74.9735,33.1604],[74.9741,33.1601],[74.9751,33.1596],[74.9761,33.1589],[74.9769,33.1582],[74.9777,33.1574],[74.9795,33.156],[74.9812,33.1554],[74.9818,33.1553],[74.9843,33.1553],[74.9861,33.1557],[74.9892,33.1575],[74.9919,33.1583],[74.993,33.1578],[74.9935,33.1575],[74.9946,33.157],[74.9956,33.1564],[74.9968,33.1562],[74.9981,33.1564],[74.999,33.156],[75,33.1547],[75.003,33.1545],[75.0032,33.154],[75.0026,33.1509],[75.0024,33.1494],[75.0024,33.1478],[75.0024,33.1463],[75.0024,33.1452],[75.0034,33.1435],[75.0039,33.1432],[75.005,33.142],[75.0052,33.1415],[75.0062,33.1402],[75.0072,33.1396],[75.0084,33.1393],[75.0096,33.1391],[75.0119,33.1384],[75.0168,33.1386],[75.018,33.1385],[75.0186,33.1385],[75.0208,33.1374],[75.0204,33.1363],[75.02,33.1348],[75.0201,33.1338],[75.0202,33.1327],[75.0196,33.1319],[75.0181,33.131],[75.0192,33.1289],[75.0205,33.1289],[75.0227,33.1286],[75.025,33.1281],[75.0262,33.1278],[75.0268,33.1277],[75.0287,33.1275],[75.0299,33.1274],[75.0317,33.1271],[75.0323,33.127],[75.0335,33.1267],[75.0359,33.1262],[75.0383,33.1257],[75.0389,33.1256],[75.0387,33.1254],[75.0383,33.1251],[75.0379,33.1247],[75.0376,33.1244],[75.0372,33.124],[75.0368,33.1237],[75.0364,33.1233],[75.036,33.123],[75.0353,33.1222],[75.0349,33.1219],[75.0346,33.1215],[75.0342,33.1211],[75.0309,33.1178],[75.0293,33.1165],[75.028,33.1155],[75.0275,33.1153],[75.0271,33.115],[75.0186,33.1101],[75.0031,33.1052],[74.9969,33.1026],[74.9964,33.1024],[74.9959,33.1021],[74.9954,33.1019],[74.9949,33.1016],[74.994,33.1012],[74.9935,33.1009],[74.993,33.1007],[74.9925,33.1004],[74.9915,33.0999],[74.99,33.0992],[74.9891,33.0987],[74.9881,33.0981],[74.9877,33.0978],[74.9873,33.0975],[74.9866,33.0967],[74.9844,33.0939],[74.9793,33.0894],[74.9785,33.0887],[74.9782,33.0883],[74.9778,33.0879],[74.9771,33.0872],[74.9747,33.084],[74.974,33.0832],[74.9728,33.082],[74.9725,33.0817],[74.9721,33.0813],[74.9715,33.0805],[74.971,33.0797],[74.9709,33.0792],[74.9708,33.0788],[74.9708,33.0783],[74.9707,33.0778],[74.9705,33.0774],[74.9703,33.0769],[74.9701,33.0764],[74.9698,33.0759],[74.9697,33.0755],[74.9698,33.0751],[74.9702,33.0747],[74.9707,33.0745],[74.9712,33.0745],[74.9753,33.0754],[74.9782,33.0757],[74.9787,33.0757],[74.9799,33.0756],[74.9804,33.0756],[74.981,33.0755],[74.9835,33.0745],[74.9844,33.0738],[74.9848,33.0735],[74.9852,33.0731],[74.9856,33.0728],[74.986,33.0725],[74.9922,33.069],[74.9956,33.0664],[74.9986,33.065],[74.999,33.0642],[74.9988,33.0638],[74.9984,33.0634],[74.9917,33.0598],[74.9888,33.0527],[74.9878,33.0523],[74.9872,33.0522],[74.9866,33.0521],[74.9827,33.0515],[74.9799,33.0509],[74.9794,33.0508],[74.9788,33.0506],[74.9778,33.0503],[74.9772,33.05],[74.9767,33.0498],[74.9762,33.0496],[74.9757,33.0494],[74.9752,33.0491],[74.9747,33.0489],[74.9737,33.0484],[74.9718,33.0473],[74.9709,33.0467],[74.9704,33.0464],[74.97,33.0461],[74.9695,33.0459],[74.9686,33.0453],[74.9639,33.0427],[74.9631,33.0419],[74.9629,33.0414],[74.9628,33.041],[74.9629,33.0405],[74.9638,33.0392],[74.9642,33.0355],[74.9645,33.0345],[74.9646,33.0341],[74.9646,33.0336],[74.9647,33.0331],[74.9648,33.0326],[74.965,33.0322],[74.966,33.0317],[74.9672,33.0315],[74.9678,33.0315],[74.9683,33.0315],[74.9752,33.032],[74.9766,33.0306],[74.9767,33.0301],[74.9766,33.0297],[74.9765,33.0278],[74.9766,33.0273],[74.977,33.0273],[74.9788,33.0281],[74.9832,33.0287],[74.9869,33.0274],[74.9885,33.0255],[74.9892,33.0247],[74.99,33.024],[74.9909,33.0234],[74.9913,33.0231],[74.9918,33.0228],[74.9947,33.0213],[74.9951,33.021],[74.9967,33.0204],[74.9977,33.0193],[74.9979,33.0188],[74.9981,33.0184],[74.9983,33.018],[74.9992,33.0167],[74.9966,33.008],[74.9961,33.0072],[74.9958,33.0068],[74.9955,33.0064],[74.9951,33.006],[74.9948,33.0056],[74.9939,33.0049],[74.9936,33.0045],[74.9934,33.0041],[74.9934,33.0036],[74.9939,33.0027],[74.9954,33.0002],[74.996,32.9983],[74.996,32.9978],[74.996,32.9974],[74.9953,32.9951],[74.9951,32.9941],[74.995,32.9937],[74.995,32.9932],[74.9949,32.9927],[74.9948,32.9918],[74.9923,32.9881],[74.9919,32.9867],[74.9918,32.9862],[74.9916,32.9857],[74.9912,32.9849],[74.9893,32.982],[74.9885,32.9787],[74.9876,32.9764],[74.9874,32.976],[74.987,32.9756],[74.9866,32.9753],[74.986,32.9751],[74.9855,32.9749],[74.9851,32.9746],[74.9847,32.9743],[74.9845,32.9738],[74.9844,32.9733],[74.9844,32.9714],[74.9845,32.971],[74.9847,32.9705],[74.9856,32.9682],[74.9857,32.9677],[74.9857,32.9673],[74.9857,32.9668],[74.9857,32.9663],[74.9855,32.9649],[74.9852,32.964],[74.9789,32.959],[74.9787,32.9586],[74.9787,32.9581],[74.9787,32.9576],[74.9789,32.9552],[74.9781,32.951],[74.9773,32.9505],[74.9756,32.9506],[74.9748,32.9499],[74.9739,32.9492],[74.9727,32.9471],[74.9706,32.9443],[74.9707,32.9439],[74.971,32.9434],[74.9723,32.9425],[74.9726,32.9421],[74.9728,32.9416],[74.9735,32.9393],[74.9736,32.9388],[74.9739,32.9384],[74.9741,32.9381],[74.9738,32.9377],[74.9736,32.9373],[74.9733,32.9368],[74.9733,32.9367],[74.9733,32.9366],[74.9732,32.9366],[74.9732,32.9365],[74.9732,32.9363],[74.973,32.9359],[74.9729,32.9354],[74.9729,32.9349],[74.973,32.9344],[74.973,32.9342],[74.973,32.934],[74.973,32.9339],[74.9717,32.9324],[74.9703,32.9314],[74.9681,32.9307],[74.9649,32.93],[74.9641,32.9299],[74.9636,32.9299],[74.9631,32.9295],[74.9643,32.9252],[74.9636,32.9212],[74.9631,32.9189],[74.9624,32.9176],[74.962,32.917],[74.9603,32.9163],[74.9597,32.9158],[74.9597,32.9155],[74.9598,32.9151],[74.9616,32.9131],[74.9608,32.9117],[74.9606,32.9101],[74.9609,32.9045],[74.9616,32.9028],[74.9629,32.9015],[74.9633,32.901],[74.9635,32.9007],[74.9604,32.8984],[74.9604,32.8977],[74.9604,32.897],[74.9606,32.8946],[74.9589,32.8958],[74.956,32.8973],[74.9554,32.8981],[74.9538,32.8987],[74.9526,32.8993],[74.952,32.8995],[74.9505,32.8994],[74.9495,32.8995],[74.9489,32.8994],[74.9486,32.899],[74.9483,32.8983],[74.9505,32.8939],[74.9515,32.8934],[74.9519,32.893],[74.952,32.8928],[74.9517,32.8926],[74.9511,32.8925],[74.9494,32.8924],[74.9459,32.892],[74.9448,32.8916],[74.9439,32.8914],[74.9432,32.891],[74.9417,32.8891],[74.9379,32.8884],[74.9373,32.8874],[74.9365,32.8871],[74.9359,32.887],[74.9271,32.8947],[74.9198,32.902],[74.9175,32.9113],[74.9121,32.9192],[74.9116,32.9205],[74.9119,32.9217],[74.9119,32.9223],[74.9113,32.9229],[74.9096,32.9239],[74.9088,32.9247],[74.9077,32.9253],[74.9053,32.9254],[74.9034,32.9253],[74.9021,32.9253],[74.9011,32.9251],[74.8994,32.9243],[74.8982,32.923],[74.8979,32.9223],[74.8975,32.9219],[74.8971,32.9217],[74.8966,32.9218],[74.8961,32.9226],[74.8956,32.9237],[74.8949,32.9259],[74.8941,32.9268],[74.8935,32.9272],[74.8945,32.9375],[74.893,32.9436],[74.8916,32.9472],[74.8902,32.9491],[74.8894,32.9507],[74.889,32.9526],[74.8883,32.9562],[74.8819,32.9571],[74.88,32.9596],[74.8778,32.959],[74.8765,32.9584],[74.8758,32.9578],[74.8755,32.9572],[74.8755,32.9563],[74.8754,32.9557],[74.8746,32.9554],[74.8741,32.9544],[74.8735,32.9521],[74.8727,32.9535],[74.8725,32.954],[74.8706,32.9562],[74.8698,32.96],[74.8691,32.9639],[74.869,32.9643],[74.8687,32.9673],[74.869,32.9683],[74.8691,32.9689],[74.8687,32.971],[74.8649,32.9762],[74.8609,32.9783],[74.8589,32.9817],[74.8502,32.9892],[74.8467,32.9895],[74.8427,32.9877],[74.8397,32.9853],[74.8387,32.9863],[74.8339,32.9876],[74.8257,32.9885],[74.8249,32.9922],[74.8193,32.9979],[74.8139,32.9996],[74.8112,33.0047],[74.8054,33.0121],[74.7994,33.0167],[74.798,33.0238],[74.7926,33.0274],[74.7934,33.0297]]]},"properties":{"ac_no":58,"ac_name":"SHRI MATA VAISHNO DEVI","ac_category":"GEN","st_name":"JAMMU AND KASHMIR"}},{"type":"Feature","geometry":{"type":"Polygon","coordinates":[[[74.8178,33.2113],[74.8155,33.2141],[74.8149,33.2153],[74.8147,33.2159],[74.8138,33.2177],[74.813,33.2187],[74.8129,33.2187],[74.8133,33.2201],[74.8133,33.2204],[74.8134,33.2208],[74.8135,33.2211],[74.8136,33.2215],[74.8137,33.2218],[74.8138,33.2222],[74.8139,33.2225],[74.814,33.2228],[74.8141,33.2232],[74.8143,33.2235],[74.8144,33.2239],[74.8145,33.2242],[74.8147,33.2245],[74.8149,33.2249],[74.8151,33.2251],[74.8153,33.2254],[74.8156,33.2257],[74.8167,33.2268],[74.818,33.2283],[74.8183,33.2285],[74.8186,33.2287],[74.819,33.2288],[74.8194,33.2289],[74.8198,33.229],[74.8202,33.2291],[74.8206,33.2293],[74.823,33.2318],[74.8313,33.2322],[74.8318,33.2327],[74.832,33.2331],[74.832,33.2334],[74.832,33.2345],[74.8345,33.2396],[74.8338,33.2405],[74.833,33.2408],[74.8325,33.2408],[74.832,33.2409],[74.8317,33.2411],[74.8316,33.2414],[74.8316,33.2417],[74.8318,33.2425],[74.8319,33.2428],[74.8321,33.2431],[74.833,33.2443],[74.8331,33.2446],[74.8332,33.245],[74.8332,33.2453],[74.8332,33.2457],[74.8329,33.2464],[74.8306,33.2488],[74.8263,33.2504],[74.8241,33.253],[74.8187,33.2563],[74.8106,33.2558],[74.8089,33.256],[74.8073,33.2564],[74.8052,33.2569],[74.8048,33.257],[74.8044,33.2571],[74.804,33.2572],[74.8036,33.2573],[74.8032,33.2574],[74.8028,33.2575],[74.802,33.2576],[74.8011,33.2577],[74.7935,33.2572],[74.7897,33.2576],[74.7889,33.2587],[74.7875,33.2624],[74.7872,33.2627],[74.7868,33.2628],[74.7864,33.2629],[74.786,33.2631],[74.7856,33.2632],[74.7852,33.2633],[74.784,33.2637],[74.7832,33.2638],[74.7828,33.2639],[74.7823,33.2639],[74.7819,33.2639],[74.7815,33.2639],[74.781,33.2639],[74.7806,33.2639],[74.7802,33.2639],[74.7798,33.2638],[74.7793,33.2638],[74.7789,33.2638],[74.7785,33.2637],[74.7781,33.2637],[74.7777,33.2636],[74.7773,33.2636],[74.7768,33.2635],[74.7764,33.2635],[74.776,33.2634],[74.7751,33.2633],[74.7699,33.2664],[74.7649,33.2676],[74.7623,33.2686],[74.7606,33.2692],[74.7603,33.2679],[74.7603,33.2676],[74.7604,33.2672],[74.7604,33.2669],[74.7604,33.2659],[74.7597,33.262],[74.7597,33.2617],[74.7597,33.2613],[74.7596,33.2609],[74.7596,33.2606],[74.7597,33.2595],[74.7597,33.2592],[74.7596,33.2588],[74.7595,33.2585],[74.7594,33.2582],[74.7591,33.2575],[74.7586,33.2565],[74.7584,33.2562],[74.7579,33.2553],[74.7577,33.2549],[74.7576,33.2546],[74.7575,33.2546],[74.7575,33.2548],[74.7572,33.2554],[74.7569,33.2559],[74.7565,33.2565],[74.753,33.2613],[74.7513,33.2634],[74.7508,33.2639],[74.7502,33.2643],[74.7496,33.2646],[74.7489,33.2649],[74.7483,33.2652],[74.7464,33.2663],[74.7458,33.2666],[74.745,33.2667],[74.7443,33.2667],[74.7435,33.2667],[74.7427,33.2667],[74.742,33.2667],[74.7413,33.2666],[74.7405,33.2666],[74.7397,33.2664],[74.739,33.2662],[74.7386,33.2657],[74.7383,33.2652],[74.7379,33.2639],[74.7366,33.261],[74.7362,33.2605],[74.7348,33.259],[74.7342,33.259],[74.7327,33.2597],[74.732,33.26],[74.7299,33.2604],[74.7286,33.2611],[74.728,33.2614],[74.7274,33.2618],[74.7263,33.2627],[74.7258,33.2631],[74.7252,33.2636],[74.7247,33.264],[74.7243,33.2646],[74.724,33.2651],[74.7237,33.2657],[74.7235,33.2663],[74.7233,33.2669],[74.7226,33.268],[74.7217,33.269],[74.7188,33.271],[74.7172,33.2723],[74.7167,33.2728],[74.7162,33.2732],[74.7157,33.2737],[74.7151,33.2741],[74.7146,33.2746],[74.7129,33.2758],[74.7106,33.2774],[74.7099,33.2778],[74.7093,33.2781],[74.7086,33.2783],[74.7079,33.2784],[74.7071,33.2785],[74.7063,33.2785],[74.7056,33.2786],[74.7049,33.2788],[74.7042,33.279],[74.7036,33.2794],[74.7031,33.2799],[74.7025,33.281],[74.7011,33.2847],[74.7009,33.2853],[74.7007,33.2859],[74.7005,33.2864],[74.7004,33.287],[74.7002,33.2877],[74.7001,33.2883],[74.7,33.2889],[74.6999,33.2895],[74.6997,33.2914],[74.6996,33.292],[74.6995,33.2926],[74.6994,33.2932],[74.6992,33.2938],[74.6989,33.2944],[74.6983,33.2951],[74.6979,33.2952],[74.6976,33.2952],[74.6968,33.295],[74.6964,33.2949],[74.696,33.2948],[74.6956,33.2946],[74.6952,33.2945],[74.6948,33.2944],[74.6945,33.2943],[74.6941,33.2942],[74.6937,33.2941],[74.6934,33.294],[74.6926,33.2938],[74.691,33.2936],[74.6906,33.2936],[74.6902,33.2937],[74.6898,33.2938],[74.6895,33.2938],[74.6891,33.294],[74.6887,33.2941],[74.6883,33.2942],[74.688,33.2944],[74.6876,33.2945],[74.6873,33.2946],[74.6869,33.2948],[74.6866,33.2949],[74.6862,33.2951],[74.6859,33.2953],[74.6856,33.2955],[74.6852,33.2957],[74.6849,33.2959],[74.6846,33.2961],[74.6842,33.2962],[74.6839,33.2964],[74.6831,33.2965],[74.6807,33.2962],[74.68,33.2959],[74.6796,33.2957],[74.6793,33.2956],[74.679,33.2954],[74.6786,33.2952],[74.6783,33.2951],[74.6779,33.295],[74.6775,33.2949],[74.6771,33.2948],[74.6763,33.2947],[74.6759,33.2947],[74.6755,33.2947],[74.6751,33.2947],[74.6747,33.2947],[74.6743,33.2947],[74.6739,33.2948],[74.6732,33.2949],[74.6705,33.2956],[74.6694,33.2958],[74.669,33.2958],[74.6686,33.2958],[74.6688,33.2961],[74.669,33.2965],[74.6695,33.2983],[74.6694,33.3041],[74.6634,33.3085],[74.6586,33.3149],[74.6572,33.3163],[74.656,33.3172],[74.6548,33.3181],[74.6544,33.3184],[74.654,33.3187],[74.6484,33.324],[74.6472,33.326],[74.6472,33.3269],[74.6474,33.3274],[74.6475,33.3278],[74.6499,33.3307],[74.6512,33.3337],[74.6531,33.3368],[74.6529,33.3373],[74.6527,33.3377],[74.6523,33.338],[74.6519,33.3383],[74.6514,33.3385],[74.6505,33.339],[74.6478,33.3405],[74.6475,33.3408],[74.6473,33.3412],[74.6474,33.3417],[74.6477,33.3431],[74.6478,33.3453],[74.6478,33.3457],[74.6479,33.3461],[74.6483,33.3483],[74.6483,33.3488],[74.6483,33.3492],[74.6481,33.3506],[74.6481,33.3515],[74.6497,33.3527],[74.6502,33.3527],[74.6507,33.3527],[74.6512,33.3525],[74.6517,33.3523],[74.6523,33.3522],[74.6534,33.3522],[74.6548,33.3528],[74.6553,33.3528],[74.6558,33.3527],[74.6569,33.3522],[74.6574,33.3521],[74.6578,33.3521],[74.6583,33.3524],[74.6592,33.353],[74.6602,33.3534],[74.6616,33.353],[74.6622,33.353],[74.6637,33.3527],[74.6652,33.3516],[74.6656,33.3511],[74.6661,33.351],[74.6682,33.3507],[74.6694,33.3507],[74.6699,33.3507],[74.6704,33.3509],[74.6707,33.3512],[74.6709,33.3516],[74.6712,33.3525],[74.6714,33.353],[74.6717,33.3533],[74.6721,33.3537],[74.6724,33.354],[74.6733,33.3545],[74.6763,33.3558],[74.6772,33.3562],[74.6781,33.3566],[74.6786,33.3569],[74.6791,33.3571],[74.6795,33.3573],[74.68,33.3575],[74.6805,33.3578],[74.6809,33.358],[74.6814,33.3583],[74.6818,33.3585],[74.6823,33.3588],[74.6827,33.359],[74.6831,33.3593],[74.6835,33.3596],[74.6855,33.3612],[74.6859,33.3615],[74.6861,33.3619],[74.686,33.3623],[74.6857,33.3627],[74.6853,33.363],[74.6827,33.3645],[74.6806,33.3658],[74.6773,33.3676],[74.6769,33.3684],[74.6769,33.3689],[74.6772,33.3692],[74.6782,33.3697],[74.6789,33.3703],[74.679,33.3708],[74.6789,33.3712],[74.6786,33.3717],[74.6783,33.372],[74.6778,33.3723],[74.6769,33.3727],[74.6764,33.3729],[74.676,33.3732],[74.6754,33.3739],[74.6745,33.3755],[74.6739,33.3798],[74.6709,33.3818],[74.6706,33.3826],[74.6706,33.3831],[74.6715,33.3851],[74.6708,33.3863],[74.67,33.39],[74.6701,33.3904],[74.6703,33.3907],[74.6728,33.3917],[74.6742,33.3958],[74.6704,33.3957],[74.6699,33.3957],[74.6694,33.3955],[74.6653,33.4003],[74.6667,33.4064],[74.6717,33.4134],[74.672,33.4143],[74.6723,33.4174],[74.6723,33.42],[74.6695,33.4234],[74.6685,33.4258],[74.6687,33.4267],[74.6688,33.4271],[74.6691,33.428],[74.6692,33.4284],[74.6693,33.4289],[74.6694,33.4293],[74.6694,33.4297],[74.6693,33.4302],[74.6692,33.4306],[74.6689,33.4314],[74.6681,33.4332],[74.665,33.4354],[74.6644,33.4355],[74.6639,33.4355],[74.6622,33.4355],[74.6612,33.4358],[74.6608,33.436],[74.6604,33.4363],[74.66,33.4367],[74.6593,33.4374],[74.659,33.4377],[74.6586,33.4381],[74.6584,33.4384],[74.6581,33.4388],[74.6575,33.4401],[74.6559,33.4412],[74.6458,33.4386],[74.6403,33.4406],[74.6393,33.4404],[74.6376,33.4401],[74.6371,33.4401],[74.6366,33.44],[74.6307,33.4429],[74.6254,33.4437],[74.6207,33.4427],[74.6202,33.4427],[74.6196,33.4427],[74.6187,33.4431],[74.6177,33.4466],[74.6187,33.4487],[74.6189,33.4495],[74.6186,33.4498],[74.6181,33.45],[74.6175,33.4501],[74.6169,33.4502],[74.6133,33.4506],[74.6112,33.451],[74.6093,33.4519],[74.6089,33.4522],[74.6086,33.4526],[74.608,33.4533],[74.6078,33.4537],[74.6073,33.4545],[74.6067,33.4553],[74.6065,33.4557],[74.6062,33.4561],[74.6059,33.4565],[74.6053,33.4572],[74.604,33.4586],[74.6037,33.4589],[74.6034,33.4593],[74.603,33.4596],[74.6026,33.4599],[74.6022,33.4603],[74.6018,33.461],[74.6021,33.4618],[74.6026,33.4627],[74.6028,33.4631],[74.603,33.4636],[74.6031,33.464],[74.6031,33.4654],[74.6031,33.4658],[74.6035,33.4661],[74.6045,33.4664],[74.605,33.4665],[74.6056,33.4665],[74.6061,33.4664],[74.6067,33.4664],[74.6083,33.4661],[74.6125,33.4656],[74.6145,33.4653],[74.6201,33.4641],[74.622,33.4668],[74.6273,33.4662],[74.6291,33.4672],[74.6301,33.4688],[74.6303,33.4692],[74.6303,33.4696],[74.6303,33.4701],[74.6303,33.4705],[74.6288,33.4734],[74.6287,33.4738],[74.6288,33.4742],[74.6299,33.4769],[74.6305,33.4776],[74.6346,33.4787],[74.6355,33.4793],[74.6358,33.4796],[74.6361,33.48],[74.6361,33.4804],[74.6361,33.4809],[74.6354,33.4831],[74.6357,33.4857],[74.6356,33.4866],[74.6355,33.487],[74.6352,33.4874],[74.6345,33.4881],[74.631,33.4895],[74.6277,33.4978],[74.6281,33.498],[74.6286,33.4983],[74.63,33.4991],[74.6304,33.4993],[74.6306,33.4997],[74.6308,33.5001],[74.631,33.5005],[74.6311,33.501],[74.6318,33.5016],[74.6332,33.501],[74.6338,33.5009],[74.6343,33.5009],[74.6359,33.5014],[74.6364,33.5016],[74.6369,33.5017],[74.6406,33.5023],[74.6425,33.5038],[74.6428,33.5056],[74.6428,33.506],[74.6427,33.5065],[74.6426,33.5069],[74.6425,33.5074],[74.6425,33.5079],[74.6427,33.5082],[74.6431,33.5085],[74.6446,33.5091],[74.6455,33.5095],[74.6462,33.5102],[74.6466,33.5105],[74.6469,33.5109],[74.6477,33.512],[74.6491,33.514],[74.6494,33.5144],[74.6498,33.5147],[74.6508,33.5148],[74.6511,33.5144],[74.6514,33.514],[74.6523,33.5128],[74.6525,33.5124],[74.6528,33.5116],[74.6533,33.5094],[74.6552,33.5078],[74.6561,33.5062],[74.6569,33.5057],[74.6649,33.5063],[74.6717,33.5058],[74.6743,33.505],[74.6748,33.5049],[74.6753,33.5048],[74.6769,33.5047],[74.6779,33.5047],[74.679,33.5047],[74.6796,33.5047],[74.6802,33.5047],[74.6817,33.505],[74.6829,33.5065],[74.6832,33.5074],[74.6834,33.5082],[74.6836,33.5087],[74.684,33.5099],[74.6842,33.5108],[74.6843,33.5117],[74.6841,33.5126],[74.6841,33.5131],[74.6842,33.5135],[74.6846,33.5138],[74.685,33.5141],[74.6855,33.5143],[74.6912,33.5166],[74.6918,33.5174],[74.6921,33.5178],[74.6927,33.5185],[74.6933,33.5193],[74.6949,33.5205],[74.698,33.521],[74.7052,33.5251],[74.7104,33.5253],[74.7147,33.5227],[74.7152,33.5224],[74.7155,33.5221],[74.7162,33.5214],[74.7191,33.5182],[74.7299,33.5133],[74.7315,33.5131],[74.732,33.513],[74.7325,33.5128],[74.7341,33.511],[74.7353,33.5067],[74.7359,33.506],[74.7368,33.5056],[74.7396,33.5056],[74.7406,33.5054],[74.7411,33.5052],[74.7415,33.5049],[74.7449,33.502],[74.7453,33.5017],[74.7457,33.5014],[74.7474,33.5004],[74.748,33.4997],[74.7483,33.4993],[74.7489,33.4985],[74.7492,33.4981],[74.7495,33.4978],[74.7498,33.4974],[74.7502,33.4971],[74.7509,33.4964],[74.7517,33.4958],[74.7521,33.4955],[74.7525,33.4953],[74.7606,33.4902],[74.761,33.4901],[74.7628,33.4903],[74.7643,33.4901],[74.7707,33.4876],[74.7727,33.4871],[74.7759,33.4875],[74.7823,33.4897],[74.7849,33.489],[74.7875,33.4886],[74.7885,33.4883],[74.789,33.4881],[74.7894,33.4878],[74.7903,33.4872],[74.7907,33.4869],[74.7911,33.4866],[74.7914,33.4863],[74.7918,33.486],[74.7922,33.4857],[74.7926,33.4853],[74.7929,33.485],[74.7933,33.4847],[74.7936,33.4843],[74.794,33.484],[74.7943,33.4837],[74.7946,33.4833],[74.7968,33.4807],[74.7962,33.4779],[74.7933,33.4769],[74.7908,33.4734],[74.7907,33.4729],[74.7908,33.4725],[74.7963,33.4677],[74.7995,33.4674],[74.807,33.4682],[74.8081,33.4683],[74.8086,33.4684],[74.8092,33.4684],[74.8097,33.4684],[74.8103,33.4684],[74.8113,33.4684],[74.8119,33.4683],[74.8124,33.4682],[74.8134,33.468],[74.8173,33.4665],[74.8301,33.4654],[74.8316,33.4666],[74.8332,33.4694],[74.8349,33.4711],[74.8361,33.4726],[74.8365,33.4735],[74.8366,33.4739],[74.8367,33.4748],[74.8368,33.4752],[74.837,33.4756],[74.8373,33.476],[74.8377,33.4762],[74.8385,33.4758],[74.8398,33.4746],[74.8413,33.4739],[74.8493,33.4738],[74.8549,33.472],[74.856,33.4718],[74.8565,33.4719],[74.8569,33.472],[74.8574,33.4722],[74.8588,33.473],[74.8597,33.4736],[74.8601,33.4739],[74.8604,33.4742],[74.8608,33.4745],[74.8611,33.4749],[74.8613,33.4753],[74.8623,33.4769],[74.8626,33.4773],[74.8629,33.4776],[74.8631,33.478],[74.8633,33.4784],[74.8634,33.4789],[74.8631,33.4803],[74.8631,33.4807],[74.8632,33.4811],[74.8636,33.4814],[74.8641,33.4816],[74.8652,33.4817],[74.8668,33.4816],[74.8673,33.4816],[74.8678,33.4816],[74.8688,33.4818],[74.8693,33.482],[74.8698,33.4822],[74.8713,33.483],[74.8728,33.4833],[74.8799,33.4805],[74.8916,33.4802],[74.8942,33.4817],[74.8947,33.4817],[74.8953,33.4816],[74.8958,33.4815],[74.8964,33.4816],[74.8976,33.4848],[74.8978,33.4851],[74.8983,33.4853],[74.9001,33.4857],[74.9006,33.4858],[74.901,33.486],[74.9021,33.4889],[74.9024,33.4893],[74.9027,33.4896],[74.9031,33.4898],[74.9036,33.49],[74.9059,33.4903],[74.9075,33.4901],[74.9101,33.4894],[74.9116,33.4899],[74.9123,33.4924],[74.9153,33.4961],[74.9206,33.4966],[74.9277,33.4948],[74.9398,33.49],[74.9467,33.4936],[74.9475,33.4942],[74.9479,33.4945],[74.9482,33.4949],[74.9486,33.4952],[74.9496,33.4955],[74.9502,33.4955],[74.9508,33.4954],[74.9514,33.4953],[74.9523,33.4954],[74.9524,33.5066],[74.9548,33.5105],[74.9643,33.5113],[74.9667,33.5124],[74.9677,33.5126],[74.9698,33.5125],[74.9725,33.512],[74.9757,33.5117],[74.9816,33.5119],[74.9885,33.5109],[74.9895,33.5109],[74.9901,33.5109],[74.9907,33.5109],[74.9912,33.5109],[74.9918,33.5109],[74.9922,33.5108],[74.9926,33.5105],[74.9929,33.5101],[74.9931,33.5097],[74.994,33.5065],[75.0012,33.5037],[75.0022,33.5034],[75.0033,33.5031],[75.0038,33.503],[75.0044,33.503],[75.0049,33.503],[75.0053,33.5032],[75.0057,33.5035],[75.0061,33.5039],[75.0064,33.5043],[75.0066,33.5047],[75.0078,33.5068],[75.0092,33.5081],[75.0096,33.5083],[75.0101,33.5085],[75.0112,33.5087],[75.0134,33.5086],[75.0157,33.509],[75.0239,33.5015],[75.0229,33.5005],[75.0224,33.5],[75.0219,33.4995],[75.0209,33.4985],[75.0204,33.4979],[75.02,33.4974],[75.0195,33.4969],[75.0191,33.4963],[75.0183,33.4952],[75.017,33.4921],[75.0163,33.4889],[75.0162,33.4882],[75.016,33.4876],[75.0155,33.4856],[75.0152,33.4831],[75.0164,33.4773],[75.0223,33.4697],[75.0223,33.4684],[75.0221,33.4671],[75.022,33.4665],[75.0219,33.4658],[75.0219,33.4651],[75.022,33.4645],[75.0221,33.4638],[75.0221,33.4632],[75.0221,33.4625],[75.0221,33.4619],[75.0222,33.4612],[75.0223,33.4599],[75.025,33.4525],[75.031,33.4493],[75.0324,33.4463],[75.0337,33.4447],[75.0346,33.4436],[75.0351,33.4431],[75.0359,33.442],[75.0362,33.4388],[75.0301,33.4363],[75.0297,33.4358],[75.0294,33.4351],[75.0292,33.4345],[75.0289,33.4339],[75.0285,33.4334],[75.0281,33.4329],[75.0271,33.4318],[75.0266,33.4312],[75.0254,33.4304],[75.023,33.4302],[75.0197,33.4258],[75.0122,33.4192],[75.0105,33.4163],[75.0141,33.4058],[75.0146,33.4053],[75.0151,33.4048],[75.0158,33.4044],[75.0177,33.4033],[75.0193,33.4018],[75.0201,33.4],[75.0205,33.3994],[75.021,33.3989],[75.0217,33.3986],[75.0224,33.3984],[75.0247,33.3978],[75.0256,33.3969],[75.0257,33.3962],[75.0259,33.3955],[75.026,33.3948],[75.0267,33.3936],[75.0315,33.3917],[75.0317,33.3911],[75.0318,33.3904],[75.0327,33.3879],[75.0335,33.3846],[75.0438,33.3749],[75.0453,33.3678],[75.0434,33.3666],[75.0428,33.3662],[75.0422,33.3659],[75.0415,33.3655],[75.0402,33.3648],[75.0374,33.3635],[75.0295,33.3606],[75.0187,33.3552],[75.0152,33.3526],[75.0141,33.3516],[75.0136,33.3511],[75.0131,33.3506],[75.0053,33.3424],[74.9957,33.3368],[74.9904,33.332],[74.9867,33.3254],[74.9864,33.3249],[74.9859,33.3244],[74.9838,33.3235],[74.9798,33.3229],[74.979,33.3228],[74.9783,33.3226],[74.9744,33.3219],[74.9732,33.3212],[74.9714,33.3189],[74.971,33.3184],[74.9706,33.3178],[74.9703,33.3172],[74.9699,33.3167],[74.9653,33.3084],[74.9642,33.3032],[74.9639,33.3026],[74.9637,33.302],[74.963,33.3008],[74.9581,33.2933],[74.9581,33.2908],[74.9645,33.2804],[74.9656,33.2759],[74.9659,33.2753],[74.9661,33.2747],[74.9684,33.2705],[74.9697,33.2676],[74.971,33.2652],[74.973,33.2621],[74.9728,33.2615],[74.9724,33.261],[74.9692,33.2591],[74.9685,33.2587],[74.9679,33.2583],[74.9667,33.2574],[74.9662,33.2569],[74.9656,33.2565],[74.9651,33.2559],[74.9649,33.2553],[74.9649,33.2547],[74.9651,33.2534],[74.9662,33.2509],[74.967,33.2498],[74.9679,33.2487],[74.9685,33.2483],[74.9691,33.2478],[74.9697,33.2474],[74.9703,33.247],[74.9708,33.2465],[74.971,33.2459],[74.9712,33.2452],[74.9712,33.2445],[74.9712,33.2438],[74.9712,33.2425],[74.9712,33.2419],[74.9712,33.2413],[74.9713,33.2406],[74.9714,33.24],[74.9715,33.2393],[74.9716,33.2386],[74.9716,33.238],[74.9715,33.2373],[74.9712,33.2368],[74.9701,33.2357],[74.969,33.2348],[74.9684,33.2344],[74.9678,33.234],[74.9672,33.2336],[74.9665,33.2332],[74.9645,33.2322],[74.9639,33.2318],[74.9634,33.2313],[74.9629,33.2307],[74.9626,33.2301],[74.9625,33.2294],[74.9626,33.2288],[74.9627,33.2285],[74.9627,33.2269],[74.9626,33.2261],[74.9624,33.2254],[74.9622,33.2246],[74.9614,33.2232],[74.9566,33.2174],[74.9544,33.2168],[74.9446,33.2217],[74.9406,33.2259],[74.9388,33.2265],[74.9379,33.2265],[74.937,33.2263],[74.936,33.2262],[74.9342,33.2262],[74.9258,33.2272],[74.9221,33.2274],[74.9212,33.2275],[74.9203,33.2276],[74.9193,33.2277],[74.9184,33.2278],[74.9166,33.2282],[74.9122,33.2295],[74.9051,33.2304],[74.9011,33.2314],[74.9007,33.2319],[74.9009,33.2326],[74.902,33.234],[74.9024,33.2347],[74.9032,33.2362],[74.9036,33.237],[74.9034,33.2375],[74.8993,33.2378],[74.8976,33.2381],[74.8959,33.2386],[74.895,33.2388],[74.8941,33.2389],[74.8932,33.2391],[74.8913,33.2391],[74.8877,33.2384],[74.8819,33.236],[74.8783,33.235],[74.8775,33.2346],[74.8768,33.2342],[74.8756,33.233],[74.8739,33.2311],[74.8733,33.2304],[74.8707,33.2281],[74.8572,33.2175],[74.8527,33.2147],[74.8492,33.2136],[74.8467,33.2125],[74.8443,33.2113],[74.8435,33.2109],[74.8427,33.2106],[74.8401,33.2097],[74.8329,33.208],[74.8311,33.2079],[74.8301,33.208],[74.8282,33.2083],[74.8256,33.2082],[74.8202,33.2071],[74.8178,33.2113]]]},"properties":{"ac_no":56,"ac_name":"GULABGARH","ac_category":"ST","st_name":"JAMMU AND KASHMIR"}},{"type":"Feature","geometry":{"type":"Polygon","coordinates":[[[74.4781,33.3077],[74.469,33.3065],[74.4616,33.305],[74.4572,33.302],[74.4547,33.2968],[74.4531,33.2936],[74.4513,33.289],[74.4404,33.2858],[74.4289,33.2849],[74.4148,33.2818],[74.4011,33.2779],[74.3993,33.276],[74.3968,33.2733],[74.3924,33.273],[74.3909,33.2728],[74.3884,33.2779],[74.3852,33.2781],[74.3807,33.2709],[74.3785,33.2701],[74.3769,33.2696],[74.3723,33.2718],[74.3687,33.2763],[74.3643,33.2771],[74.3615,33.275],[74.3527,33.2677],[74.3448,33.2652],[74.3421,33.2586],[74.3346,33.2577],[74.3299,33.2645],[74.3252,33.2698],[74.3206,33.2706],[74.3166,33.27],[74.3076,33.2646],[74.2957,33.2632],[74.2928,33.2583],[74.2889,33.2562],[74.2822,33.2525],[74.2771,33.2498],[74.2687,33.2489],[74.2598,33.2368],[74.2482,33.2379],[74.2501,33.2424],[74.2499,33.2449],[74.2425,33.2492],[74.2359,33.2513],[74.2308,33.2506],[74.219,33.2503],[74.2171,33.2516],[74.218,33.2571],[74.2166,33.263],[74.1981,33.2766],[74.1961,33.2778],[74.194,33.2793],[74.1937,33.2803],[74.1891,33.2844],[74.1861,33.2856],[74.1833,33.2885],[74.1762,33.2877],[74.175,33.287],[74.1686,33.2802],[74.1671,33.2795],[74.165,33.2775],[74.1619,33.2795],[74.1588,33.2875],[74.1604,33.2889],[74.161,33.2984],[74.1507,33.3042],[74.1373,33.3076],[74.1376,33.3078],[74.1381,33.3082],[74.1391,33.309],[74.1427,33.3124],[74.147,33.3172],[74.1494,33.3189],[74.1501,33.3196],[74.1505,33.3203],[74.1506,33.3207],[74.1503,33.3218],[74.1488,33.3242],[74.1474,33.3279],[74.1422,33.3321],[74.1558,33.3318],[74.1632,33.333],[74.1664,33.3368],[74.1792,33.3465],[74.1873,33.3436],[74.1907,33.3438],[74.1924,33.3492],[74.1966,33.3535],[74.1979,33.3584],[74.1953,33.3605],[74.1976,33.3649],[74.208,33.3595],[74.2198,33.3599],[74.2233,33.3628],[74.2203,33.3683],[74.2209,33.3705],[74.2264,33.3751],[74.2358,33.369],[74.2393,33.3701],[74.2373,33.3788],[74.24,33.3838],[74.2318,33.3888],[74.2225,33.3925],[74.2149,33.3933],[74.2156,33.4],[74.2191,33.4041],[74.2247,33.4031],[74.2296,33.403],[74.2324,33.4061],[74.2354,33.4057],[74.2374,33.4062],[74.2383,33.4085],[74.2375,33.4116],[74.2384,33.4122],[74.239,33.4134],[74.2409,33.4145],[74.2455,33.4119],[74.2492,33.4076],[74.2492,33.4014],[74.2493,33.3979],[74.251,33.3938],[74.2556,33.392],[74.2578,33.3891],[74.2616,33.3887],[74.2624,33.388],[74.2635,33.3888],[74.2632,33.3897],[74.2626,33.3907],[74.2619,33.3995],[74.2594,33.4034],[74.2599,33.4084],[74.2632,33.4125],[74.2596,33.4145],[74.2587,33.4171],[74.2571,33.4221],[74.2648,33.4188],[74.2654,33.4174],[74.2672,33.415],[74.267,33.414],[74.2659,33.411],[74.2699,33.4058],[74.2722,33.4105],[74.2745,33.4098],[74.275,33.4102],[74.2804,33.4082],[74.2825,33.408],[74.2888,33.4038],[74.2876,33.4017],[74.2787,33.401],[74.2766,33.3987],[74.2778,33.3919],[74.2805,33.3913],[74.2889,33.3852],[74.2915,33.3822],[74.2962,33.3821],[74.3005,33.3794],[74.3032,33.3805],[74.3052,33.3853],[74.3112,33.3862],[74.3152,33.3884],[74.3227,33.385],[74.3313,33.3858],[74.3294,33.3924],[74.3324,33.3987],[74.3304,33.4004],[74.3332,33.4056],[74.3385,33.4089],[74.3453,33.4108],[74.3471,33.4055],[74.3545,33.4013],[74.3691,33.4023],[74.3797,33.4037],[74.3824,33.4044],[74.3846,33.3995],[74.3985,33.3994],[74.4109,33.4022],[74.4158,33.4026],[74.4158,33.3963],[74.4189,33.3951],[74.4341,33.3963],[74.4443,33.3954],[74.4697,33.4074],[74.4769,33.4157],[74.4799,33.4088],[74.4761,33.3991],[74.4587,33.3918],[74.447,33.3888],[74.4393,33.3816],[74.4233,33.3747],[74.4253,33.3666],[74.4147,33.3658],[74.4147,33.3596],[74.4169,33.3535],[74.4066,33.3373],[74.4071,33.3249],[74.4002,33.3188],[74.4018,33.3133],[74.4072,33.3101],[74.4104,33.3107],[74.4307,33.3096],[74.4395,33.3121],[74.4618,33.3115],[74.4691,33.3145],[74.4736,33.3139],[74.4781,33.3077]]]},"properties":{"ac_no":85,"ac_name":"RAJOURI","ac_category":"ST","st_name":"JAMMU AND KASHMIR"}},{"type":"Feature","geometry":{"type":"Polygon","coordinates":[[[74.5112,33.4847],[74.5106,33.4843],[74.4958,33.481],[74.473,33.4728],[74.4479,33.4665],[74.4302,33.4597],[74.4221,33.4535],[74.4113,33.4489],[74.4047,33.4382],[74.3856,33.4221],[74.3808,33.4122],[74.3808,33.4121],[74.3814,33.4042],[74.3815,33.4041],[74.3797,33.4037],[74.3691,33.4023],[74.3545,33.4013],[74.3471,33.4055],[74.3453,33.4108],[74.3385,33.4089],[74.3332,33.4056],[74.3304,33.4004],[74.3324,33.3987],[74.3294,33.3924],[74.3313,33.3858],[74.3227,33.385],[74.3152,33.3884],[74.3112,33.3862],[74.3052,33.3853],[74.3032,33.3805],[74.3005,33.3794],[74.2962,33.3821],[74.2915,33.3822],[74.2889,33.3852],[74.2805,33.3913],[74.2778,33.3919],[74.2766,33.3987],[74.2787,33.401],[74.2876,33.4017],[74.2888,33.4038],[74.2825,33.408],[74.2804,33.4082],[74.275,33.4102],[74.2745,33.4098],[74.2722,33.4105],[74.2699,33.4058],[74.2659,33.411],[74.267,33.414],[74.2672,33.415],[74.2654,33.4174],[74.2648,33.4188],[74.2571,33.4221],[74.2587,33.4171],[74.2596,33.4145],[74.2632,33.4125],[74.2599,33.4084],[74.2594,33.4034],[74.2619,33.3995],[74.2626,33.3907],[74.2632,33.3897],[74.2635,33.3888],[74.2624,33.388],[74.2616,33.3887],[74.2578,33.3891],[74.2556,33.392],[74.251,33.3938],[74.2493,33.3979],[74.2492,33.4014],[74.2492,33.4076],[74.2455,33.4119],[74.2409,33.4145],[74.239,33.4134],[74.2384,33.4122],[74.2375,33.4116],[74.2383,33.4085],[74.2374,33.4062],[74.2354,33.4057],[74.2324,33.4061],[74.2296,33.403],[74.2247,33.4031],[74.2191,33.4041],[74.2156,33.4],[74.2149,33.3933],[74.2225,33.3925],[74.2318,33.3888],[74.24,33.3838],[74.2373,33.3788],[74.2393,33.3701],[74.2358,33.369],[74.2264,33.3751],[74.2209,33.3705],[74.2203,33.3683],[74.2233,33.3628],[74.2198,33.3599],[74.208,33.3595],[74.1976,33.3649],[74.1953,33.3605],[74.1979,33.3584],[74.1966,33.3535],[74.1924,33.3492],[74.1907,33.3438],[74.1873,33.3436],[74.1792,33.3465],[74.1664,33.3368],[74.1632,33.333],[74.1558,33.3318],[74.1422,33.3321],[74.1412,33.3331],[74.1407,33.3338],[74.141,33.3346],[74.1442,33.3362],[74.1457,33.3371],[74.1473,33.3395],[74.1488,33.3423],[74.1499,33.3427],[74.1531,33.3451],[74.16,33.3498],[74.1639,33.348],[74.1642,33.3484],[74.1647,33.3502],[74.1655,33.3512],[74.1657,33.3524],[74.1661,33.3545],[74.1666,33.3574],[74.1553,33.3652],[74.1537,33.3658],[74.1506,33.3665],[74.1478,33.3678],[74.1443,33.3727],[74.1444,33.3739],[74.1445,33.3749],[74.1444,33.3762],[74.144,33.3783],[74.1431,33.3806],[74.1425,33.3839],[74.1387,33.3903],[74.1383,33.3911],[74.1379,33.3922],[74.1373,33.3958],[74.1378,33.3965],[74.1381,33.3969],[74.1397,33.3973],[74.1438,33.3977],[74.1492,33.3998],[74.1517,33.4027],[74.1562,33.4045],[74.1577,33.4072],[74.1586,33.4077],[74.1595,33.4083],[74.1607,33.41],[74.1615,33.4102],[74.1636,33.4103],[74.17,33.4124],[74.1724,33.4123],[74.1737,33.4118],[74.1747,33.4123],[74.1783,33.4153],[74.1845,33.4206],[74.1863,33.4233],[74.183,33.4278],[74.1839,33.4281],[74.1852,33.4285],[74.1864,33.4292],[74.1877,33.4302],[74.1894,33.4318],[74.1911,33.433],[74.1917,33.4336],[74.1924,33.4344],[74.193,33.4353],[74.1932,33.4361],[74.194,33.4374],[74.1956,33.4403],[74.1965,33.4417],[74.1972,33.4431],[74.1985,33.4455],[74.2048,33.4489],[74.2049,33.4495],[74.2051,33.4501],[74.2053,33.4509],[74.2059,33.4525],[74.2104,33.459],[74.2124,33.4642],[74.213,33.4656],[74.2138,33.4671],[74.2167,33.4715],[74.2172,33.4736],[74.2171,33.4761],[74.217,33.4778],[74.2178,33.4811],[74.2182,33.482],[74.2189,33.4829],[74.2203,33.4838],[74.2224,33.4844],[74.2228,33.4847],[74.2231,33.4849],[74.2248,33.4868],[74.2259,33.488],[74.2265,33.4889],[74.227,33.4894],[74.2271,33.499],[74.227,33.4996],[74.2272,33.5001],[74.2278,33.5027],[74.2279,33.5035],[74.2279,33.5044],[74.2278,33.505],[74.226,33.5094],[74.222,33.5148],[74.2204,33.5157],[74.2196,33.5158],[74.2192,33.5159],[74.2188,33.5159],[74.2168,33.5173],[74.2153,33.5205],[74.2135,33.5267],[74.2127,33.5288],[74.2123,33.5302],[74.2121,33.5308],[74.2119,33.5311],[74.2109,33.5321],[74.2097,33.5329],[74.2088,33.5334],[74.2081,33.5341],[74.2079,33.5346],[74.2078,33.5349],[74.2078,33.5354],[74.2078,33.5358],[74.2078,33.536],[74.2077,33.537],[74.2077,33.5376],[74.2089,33.5393],[74.2097,33.5401],[74.2107,33.5413],[74.2107,33.5461],[74.2111,33.5465],[74.2142,33.5485],[74.2223,33.5521],[74.2254,33.5502],[74.2269,33.5501],[74.2307,33.5504],[74.2324,33.5506],[74.2355,33.5512],[74.2427,33.5554],[74.2458,33.5557],[74.2476,33.5548],[74.2481,33.5542],[74.2487,33.5537],[74.2499,33.5507],[74.2507,33.5492],[74.2516,33.5477],[74.2519,33.5466],[74.2523,33.5451],[74.2534,33.5433],[74.254,33.5426],[74.2592,33.5501],[74.2647,33.5516],[74.2774,33.5475],[74.2788,33.5511],[74.2809,33.5509],[74.2818,33.5509],[74.2821,33.5508],[74.2824,33.5506],[74.2826,33.5504],[74.2829,33.5499],[74.2839,33.5491],[74.2858,33.5475],[74.2878,33.5484],[74.2895,33.5491],[74.2926,33.5506],[74.2961,33.553],[74.2981,33.5535],[74.2986,33.5538],[74.2989,33.554],[74.3006,33.5586],[74.3006,33.5609],[74.3003,33.5622],[74.3001,33.5629],[74.2997,33.5639],[74.2996,33.5642],[74.2998,33.5645],[74.3007,33.5649],[74.3014,33.5655],[74.302,33.5669],[74.3022,33.5671],[74.3024,33.5673],[74.3059,33.5707],[74.3074,33.5723],[74.308,33.5725],[74.3085,33.5725],[74.3129,33.5717],[74.3145,33.5723],[74.3173,33.5741],[74.3199,33.5756],[74.3215,33.5767],[74.3244,33.577],[74.3258,33.5768],[74.3272,33.5766],[74.3331,33.5718],[74.3411,33.5753],[74.3494,33.5774],[74.3536,33.5826],[74.3575,33.5841],[74.3683,33.5816],[74.3687,33.5814],[74.3701,33.5813],[74.3709,33.5813],[74.3718,33.5815],[74.3724,33.5817],[74.3757,33.5835],[74.3758,33.5835],[74.3769,33.5831],[74.3793,33.5823],[74.3859,33.5805],[74.3883,33.5779],[74.4007,33.577],[74.4054,33.5733],[74.4071,33.5726],[74.4072,33.5726],[74.4082,33.5722],[74.4096,33.5718],[74.4109,33.5717],[74.4127,33.5716],[74.4199,33.5721],[74.4215,33.5717],[74.4227,33.5712],[74.424,33.5704],[74.4246,33.5697],[74.4251,33.5691],[74.4258,33.5679],[74.4269,33.5668],[74.4394,33.5572],[74.4411,33.5556],[74.4418,33.5548],[74.4421,33.5541],[74.4417,33.5535],[74.441,33.5526],[74.4406,33.552],[74.4415,33.5513],[74.4428,33.5499],[74.4436,33.5491],[74.4442,33.5483],[74.4452,33.5474],[74.4468,33.5461],[74.4471,33.5459],[74.448,33.5452],[74.4495,33.5442],[74.4509,33.5434],[74.452,33.5429],[74.4548,33.5418],[74.4623,33.5363],[74.4649,33.5349],[74.4664,33.5341],[74.4677,33.5335],[74.4735,33.5311],[74.4745,33.5305],[74.4759,33.5296],[74.4834,33.524],[74.4896,33.5202],[74.491,33.5188],[74.4915,33.5182],[74.4923,33.5175],[74.4927,33.5169],[74.4935,33.516],[74.4982,33.5112],[74.4981,33.507],[74.4982,33.5066],[74.4992,33.5061],[74.5008,33.5047],[74.5018,33.5038],[74.5034,33.5024],[74.5041,33.5019],[74.507,33.5002],[74.5068,33.4996],[74.506,33.4988],[74.507,33.4942],[74.5087,33.4923],[74.5085,33.4876],[74.5092,33.4864],[74.5101,33.485],[74.5112,33.4847]]]},"properties":{"ac_no":87,"ac_name":"THANNAMANDI","ac_category":"ST","st_name":"JAMMU AND KASHMIR"}},{"type":"Feature","geometry":{"type":"Polygon","coordinates":[[[74.6151,33.2026],[74.6107,33.2027],[74.6079,33.1995],[74.6076,33.1951],[74.6038,33.1967],[74.6005,33.195],[74.5975,33.2001],[74.5946,33.2012],[74.5886,33.2008],[74.5805,33.204],[74.5731,33.2027],[74.5685,33.2036],[74.5694,33.1992],[74.5682,33.1957],[74.5585,33.1964],[74.5514,33.1925],[74.5451,33.1904],[74.5461,33.1858],[74.5441,33.1821],[74.5409,33.1854],[74.536,33.1884],[74.5356,33.1932],[74.533,33.1949],[74.5239,33.1919],[74.5189,33.1869],[74.5181,33.1819],[74.5217,33.1771],[74.5268,33.176],[74.5299,33.1736],[74.5348,33.1733],[74.54,33.1678],[74.5448,33.1659],[74.5518,33.166],[74.5544,33.1682],[74.5591,33.1674],[74.5601,33.1671],[74.567,33.1629],[74.5678,33.16],[74.5766,33.1559],[74.5866,33.1562],[74.5957,33.1587],[74.6,33.159],[74.6018,33.1558],[74.605,33.1569],[74.609,33.1529],[74.6167,33.1499],[74.6246,33.1483],[74.6276,33.1452],[74.6278,33.1418],[74.6224,33.134],[74.6142,33.132],[74.614,33.1267],[74.6195,33.1218],[74.6204,33.1177],[74.6195,33.1123],[74.6267,33.108],[74.6205,33.1045],[74.6249,33.1006],[74.6321,33.0972],[74.6324,33.0954],[74.6267,33.092],[74.6226,33.0938],[74.6159,33.0926],[74.6063,33.0936],[74.6018,33.0923],[74.5989,33.0886],[74.596,33.0815],[74.5961,33.0748],[74.5897,33.071],[74.5861,33.0718],[74.578,33.0697],[74.5674,33.0711],[74.5662,33.0695],[74.5601,33.0695],[74.5601,33.0629],[74.5618,33.0579],[74.5544,33.0534],[74.5544,33.0533],[74.5608,33.0522],[74.5635,33.0435],[74.5684,33.0324],[74.5689,33.0322],[74.569,33.0321],[74.5716,33.0291],[74.5716,33.029],[74.5717,33.0288],[74.5719,33.0289],[74.5712,33.0285],[74.5709,33.0281],[74.5711,33.0278],[74.5737,33.0256],[74.5752,33.0223],[74.5759,33.0215],[74.5765,33.0207],[74.5771,33.0199],[74.5774,33.0191],[74.5774,33.0178],[74.5769,33.0134],[74.5778,33.0109],[74.5752,33.0037],[74.5726,32.9999],[74.5724,32.9997],[74.5721,32.9997],[74.5717,32.9997],[74.5713,32.9997],[74.5708,32.9998],[74.5704,32.9998],[74.5664,32.9993],[74.5643,32.9995],[74.5639,32.9994],[74.5636,32.999],[74.564,32.9975],[74.5641,32.9962],[74.5636,32.9956],[74.5624,32.9948],[74.5621,32.9941],[74.5613,32.993],[74.5601,32.9924],[74.5561,32.9915],[74.5533,32.9874],[74.5536,32.987],[74.554,32.9864],[74.5544,32.9852],[74.5546,32.9847],[74.5543,32.9846],[74.5537,32.9846],[74.5523,32.9845],[74.5514,32.9843],[74.5505,32.9841],[74.5498,32.9839],[74.5493,32.9839],[74.5487,32.9842],[74.5481,32.9846],[74.5478,32.9852],[74.5482,32.9861],[74.5483,32.987],[74.5474,32.9892],[74.5469,32.9901],[74.5466,32.9904],[74.5463,32.9905],[74.5458,32.9905],[74.5453,32.9902],[74.5442,32.9896],[74.5418,32.99],[74.5365,32.993],[74.5345,32.9959],[74.5358,32.9997],[74.5309,33.0054],[74.5221,33.0131],[74.5203,33.0143],[74.5199,33.0145],[74.5193,33.0145],[74.5184,33.0144],[74.5171,33.0143],[74.515,33.0141],[74.5113,33.0113],[74.4947,33.0156],[74.4831,33.0137],[74.4657,33.0148],[74.4598,33.0146],[74.4584,33.0154],[74.4559,33.0171],[74.4552,33.0171],[74.4531,33.0186],[74.4526,33.0197],[74.4523,33.0212],[74.4559,33.0216],[74.4578,33.0224],[74.4589,33.0226],[74.4599,33.0237],[74.4587,33.0278],[74.4569,33.0298],[74.4555,33.0305],[74.4529,33.0329],[74.451,33.0369],[74.448,33.0412],[74.4473,33.0423],[74.4456,33.0449],[74.4451,33.0491],[74.4496,33.0519],[74.45,33.0528],[74.4514,33.0537],[74.452,33.0544],[74.4519,33.0557],[74.4516,33.0563],[74.4509,33.0575],[74.4511,33.0616],[74.4386,33.064],[74.438,33.0687],[74.4329,33.0691],[74.4296,33.0697],[74.4222,33.0693],[74.4188,33.0686],[74.417,33.0682],[74.4162,33.0678],[74.4085,33.0675],[74.4071,33.0678],[74.405,33.067],[74.4037,33.0667],[74.4005,33.0657],[74.3958,33.0633],[74.3907,33.0624],[74.3753,33.0644],[74.3732,33.066],[74.3729,33.0671],[74.3691,33.0694],[74.3687,33.0698],[74.3688,33.0703],[74.375,33.0706],[74.3698,33.0905],[74.3686,33.1003],[74.3711,33.1065],[74.3714,33.1131],[74.3685,33.1176],[74.3702,33.1246],[74.3729,33.1274],[74.37,33.1346],[74.3693,33.1442],[74.3664,33.1482],[74.3638,33.1483],[74.3591,33.1442],[74.3527,33.1386],[74.3445,33.1321],[74.3392,33.1297],[74.3321,33.1332],[74.323,33.1396],[74.3248,33.1433],[74.327,33.1489],[74.3203,33.1585],[74.3199,33.16],[74.3188,33.1646],[74.3182,33.1671],[74.3168,33.1669],[74.3136,33.1664],[74.3066,33.1653],[74.3058,33.1652],[74.2908,33.1645],[74.2903,33.1656],[74.2895,33.167],[74.2873,33.1734],[74.2873,33.1839],[74.2939,33.1915],[74.2965,33.1974],[74.2969,33.1981],[74.2939,33.2066],[74.2938,33.2114],[74.2938,33.2128],[74.2976,33.2195],[74.2969,33.2268],[74.2907,33.2341],[74.2841,33.2416],[74.2822,33.2525],[74.2889,33.2562],[74.2928,33.2583],[74.2957,33.2632],[74.3076,33.2646],[74.3153,33.2692],[74.3166,33.27],[74.3206,33.2706],[74.3252,33.2698],[74.3299,33.2645],[74.3346,33.2577],[74.3421,33.2586],[74.3448,33.2652],[74.3527,33.2677],[74.3615,33.275],[74.3643,33.2771],[74.3687,33.2763],[74.3723,33.2718],[74.3769,33.2696],[74.3807,33.2709],[74.3834,33.2742],[74.3852,33.2781],[74.3884,33.2779],[74.3909,33.2728],[74.3924,33.273],[74.3968,33.2733],[74.3993,33.276],[74.4011,33.2779],[74.4148,33.2818],[74.4289,33.2849],[74.4404,33.2858],[74.4513,33.289],[74.4531,33.2936],[74.4572,33.302],[74.4616,33.305],[74.469,33.3065],[74.4781,33.3077],[74.4933,33.3113],[74.5071,33.3126],[74.5088,33.3115],[74.5143,33.308],[74.5107,33.3032],[74.5065,33.2918],[74.5066,33.2851],[74.5099,33.2823],[74.5187,33.2797],[74.5215,33.277],[74.5221,33.2729],[74.5257,33.2701],[74.5444,33.2647],[74.5523,33.2588],[74.5671,33.2627],[74.5778,33.2655],[74.5771,33.2634],[74.5752,33.2579],[74.5743,33.2514],[74.5767,33.2494],[74.5798,33.2505],[74.5838,33.2518],[74.5929,33.2507],[74.5916,33.2486],[74.5902,33.2463],[74.5878,33.2432],[74.5856,33.2356],[74.5904,33.2317],[74.6096,33.2233],[74.6205,33.2164],[74.6175,33.2096],[74.6151,33.2026]]]},"properties":{"ac_no":83,"ac_name":"KALAKOTE - SUNDERBANI","ac_category":"GEN","st_name":"JAMMU AND KASHMIR"}},{"type":"Feature","geometry":{"type":"Polygon","coordinates":[[[74.9535,32.578],[74.9625,32.5782],[74.9816,32.5817],[74.9842,32.5808],[74.9897,32.5755],[74.9952,32.575],[74.9985,32.5697],[74.9898,32.5666],[74.9774,32.5586],[74.9762,32.5572],[74.9761,32.5489],[74.9676,32.5415],[74.9711,32.5388],[74.974,32.5368],[74.9787,32.5356],[74.9838,32.5395],[74.9933,32.5428],[75.0001,32.5428],[75.0032,32.542],[75.0093,32.537],[75.0129,32.5354],[75.0149,32.5351],[75.016,32.535],[75.0151,32.5342],[75.0138,32.5326],[75.0119,32.5311],[75.0111,32.5301],[75.0104,32.5294],[75.0082,32.5281],[75.0077,32.5278],[75.0069,32.527],[75.0067,32.5269],[75.0067,32.5261],[75.0067,32.5252],[75.0066,32.524],[75.0048,32.5216],[75.0052,32.5189],[75.0056,32.5169],[75.0077,32.5156],[75.0081,32.5152],[75.0083,32.5144],[75.0084,32.5143],[75.0086,32.5141],[75.0094,32.5146],[75.0099,32.5151],[75.0202,32.519],[75.028,32.5153],[75.0342,32.5146],[75.036,32.5139],[75.0384,32.5121],[75.0409,32.5113],[75.0446,32.5146],[75.0478,32.5163],[75.0531,32.5162],[75.0538,32.5158],[75.0543,32.5152],[75.0601,32.5199],[75.0609,32.5214],[75.0621,32.5229],[75.0626,32.5236],[75.064,32.5239],[75.0658,32.5238],[75.0702,32.5257],[75.073,32.5273],[75.0743,32.5283],[75.0793,32.5274],[75.081,32.5269],[75.0828,32.5264],[75.0842,32.5264],[75.0857,32.5264],[75.0866,32.5265],[75.0861,32.5252],[75.0878,32.5251],[75.0888,32.5247],[75.0908,32.525],[75.0927,32.5254],[75.0972,32.5281],[75.0994,32.5304],[75.1034,32.5343],[75.1029,32.5362],[75.1029,32.5363],[75.1031,32.5362],[75.104,32.5374],[75.1043,32.5378],[75.1058,32.5393],[75.1098,32.5445],[75.1156,32.5507],[75.1155,32.5531],[75.1139,32.5537],[75.1129,32.5539],[75.1119,32.5542],[75.1134,32.5547],[75.1144,32.5551],[75.1161,32.5553],[75.1179,32.5561],[75.1191,32.5567],[75.1202,32.5573],[75.1217,32.5575],[75.125,32.5583],[75.1213,32.5504],[75.126,32.5489],[75.1286,32.5469],[75.1291,32.5464],[75.1292,32.5462],[75.1296,32.5457],[75.1299,32.5453],[75.1306,32.5458],[75.132,32.5465],[75.1341,32.548],[75.1344,32.5488],[75.1347,32.5495],[75.1416,32.5498],[75.1443,32.5485],[75.1454,32.5482],[75.1456,32.5493],[75.1472,32.5512],[75.1477,32.553],[75.148,32.5543],[75.1487,32.5534],[75.1492,32.553],[75.1515,32.5514],[75.1527,32.5508],[75.1557,32.5511],[75.1604,32.5542],[75.1621,32.5541],[75.1609,32.5456],[75.1563,32.5397],[75.1549,32.5386],[75.1529,32.5397],[75.1509,32.54],[75.1494,32.5384],[75.1487,32.5372],[75.147,32.5361],[75.1481,32.5333],[75.152,32.5308],[75.1517,32.5304],[75.1511,32.5295],[75.149,32.5299],[75.1469,32.529],[75.1462,32.5286],[75.1458,32.5282],[75.146,32.5272],[75.1461,32.5272],[75.147,32.5271],[75.1479,32.5269],[75.1482,32.5269],[75.1483,32.5268],[75.1484,32.5268],[75.1543,32.5268],[75.1577,32.5263],[75.158,32.526],[75.148,32.5199],[75.147,32.5145],[75.1442,32.5104],[75.1454,32.5088],[75.1449,32.5084],[75.1437,32.5079],[75.1423,32.5074],[75.1427,32.5057],[75.1415,32.5072],[75.1359,32.5107],[75.1322,32.5146],[75.1307,32.5187],[75.1302,32.519],[75.1293,32.5195],[75.1284,32.5191],[75.1275,32.5185],[75.1264,32.5175],[75.1277,32.5147],[75.1268,32.5106],[75.125,32.5091],[75.1233,32.5083],[75.1219,32.5078],[75.1201,32.5078],[75.1183,32.508],[75.1182,32.5076],[75.1158,32.5053],[75.1152,32.5052],[75.1152,32.5045],[75.1158,32.5031],[75.1193,32.5033],[75.12,32.5024],[75.116,32.5011],[75.113,32.4971],[75.126,32.4928],[75.1299,32.4882],[75.1326,32.489],[75.1386,32.4904],[75.1404,32.4908],[75.1411,32.4909],[75.1422,32.4911],[75.1439,32.4919],[75.1443,32.4927],[75.1451,32.4932],[75.146,32.4936],[75.1459,32.4921],[75.1461,32.4907],[75.147,32.4894],[75.1523,32.4864],[75.1527,32.4871],[75.1531,32.4874],[75.1541,32.4883],[75.1531,32.4894],[75.1529,32.4899],[75.1528,32.4902],[75.1521,32.4917],[75.1529,32.4953],[75.1563,32.4997],[75.1574,32.5024],[75.1584,32.5047],[75.1576,32.5049],[75.158,32.5051],[75.1587,32.5054],[75.1601,32.5073],[75.1603,32.508],[75.1606,32.5087],[75.1609,32.5096],[75.161,32.51],[75.1618,32.5109],[75.1637,32.513],[75.1642,32.5127],[75.1647,32.5124],[75.1651,32.5122],[75.1654,32.512],[75.1662,32.5122],[75.167,32.5124],[75.1683,32.5128],[75.1712,32.5141],[75.1718,32.514],[75.1723,32.5125],[75.172,32.5113],[75.1722,32.5109],[75.1723,32.5107],[75.1724,32.5105],[75.1726,32.5104],[75.1732,32.5103],[75.174,32.5102],[75.1777,32.5117],[75.1787,32.5112],[75.1789,32.5108],[75.1784,32.5003],[75.1781,32.4934],[75.1834,32.4927],[75.1854,32.4933],[75.1859,32.4934],[75.1987,32.497],[75.1994,32.498],[75.1996,32.5002],[75.2002,32.5],[75.2007,32.4999],[75.2035,32.4994],[75.2058,32.4985],[75.2077,32.4977],[75.2083,32.4974],[75.2093,32.4968],[75.2099,32.4961],[75.2121,32.4946],[75.2134,32.4945],[75.2146,32.4944],[75.2176,32.4948],[75.219,32.4937],[75.2199,32.4933],[75.22,32.4933],[75.22,32.4932],[75.2201,32.4932],[75.2207,32.493],[75.2211,32.4928],[75.2212,32.4928],[75.2212,32.4927],[75.2213,32.4927],[75.2214,32.4927],[75.2235,32.4916],[75.2226,32.4907],[75.2218,32.4899],[75.2185,32.4838],[75.2175,32.4805],[75.2162,32.4711],[75.2153,32.4603],[75.2169,32.4602],[75.2177,32.4602],[75.2182,32.4602],[75.2184,32.4601],[75.2185,32.4601],[75.2171,32.4565],[75.2153,32.4535],[75.2127,32.4495],[75.2112,32.447],[75.2065,32.4469],[75.2056,32.4469],[75.2042,32.4467],[75.2004,32.4458],[75.1983,32.4452],[75.197,32.4447],[75.1956,32.4441],[75.1951,32.4437],[75.1961,32.4432],[75.198,32.4426],[75.1991,32.4417],[75.1992,32.4371],[75.1989,32.4358],[75.1986,32.4339],[75.1987,32.4332],[75.1996,32.4321],[75.2007,32.431],[75.2011,32.4303],[75.2011,32.4292],[75.2002,32.4282],[75.1993,32.4275],[75.1988,32.427],[75.1984,32.4263],[75.1989,32.4218],[75.1989,32.4216],[75.1989,32.4217],[75.1988,32.4217],[75.1977,32.4221],[75.1971,32.4226],[75.1961,32.4212],[75.1915,32.4227],[75.1906,32.4263],[75.179,32.425],[75.1778,32.4219],[75.1679,32.4231],[75.1629,32.4217],[75.1593,32.4184],[75.1552,32.4207],[75.147,32.4178],[75.1449,32.4148],[75.1362,32.4097],[75.1317,32.4085],[75.1306,32.4107],[75.1319,32.4153],[75.1264,32.417],[75.1269,32.4244],[75.1329,32.4259],[75.1338,32.4277],[75.1291,32.4334],[75.1239,32.4359],[75.1223,32.4399],[75.1176,32.4432],[75.1199,32.4541],[75.1077,32.4596],[75.1096,32.4635],[75.1076,32.4732],[75.0996,32.4768],[75.0913,32.4687],[75.0736,32.4773],[75.0704,32.4795],[75.0656,32.4787],[75.0532,32.4817],[75.0438,32.4877],[75.0418,32.4863],[75.0265,32.4963],[75.0231,32.4914],[75.0151,32.4775],[75.0144,32.4706],[75.0187,32.4671],[75.0146,32.4635],[75.008,32.4627],[75.0038,32.4584],[74.9898,32.4687],[74.9817,32.4591],[74.9769,32.4547],[74.971,32.459],[74.9654,32.4577],[74.9549,32.4502],[74.9529,32.4457],[74.9475,32.4469],[74.9416,32.4631],[74.9361,32.4675],[74.936,32.4707],[74.9319,32.471],[74.9194,32.4634],[74.9165,32.4641],[74.9128,32.4678],[74.9062,32.4723],[74.9009,32.4668],[74.8843,32.4735],[74.8774,32.4771],[74.8844,32.4891],[74.8804,32.4921],[74.8821,32.5012],[74.8904,32.5097],[74.8916,32.5156],[74.8895,32.5195],[74.8891,32.5208],[74.8891,32.521],[74.8912,32.5247],[74.8917,32.5251],[74.8937,32.5267],[74.9008,32.5266],[74.9037,32.5267],[74.9069,32.5259],[74.9101,32.5254],[74.912,32.5253],[74.9127,32.5253],[74.9181,32.5279],[74.9144,32.5346],[74.9113,32.5366],[74.9065,32.5372],[74.9019,32.5425],[74.9052,32.5467],[74.9038,32.5514],[74.9038,32.5561],[74.9074,32.557],[74.9081,32.5563],[74.9087,32.5557],[74.9108,32.5522],[74.915,32.5503],[74.9185,32.5498],[74.9222,32.5493],[74.9226,32.5493],[74.9276,32.5496],[74.9281,32.5501],[74.9305,32.5529],[74.9328,32.5543],[74.9371,32.5588],[74.9378,32.5596],[74.9345,32.5602],[74.9307,32.5607],[74.9292,32.5623],[74.9287,32.5643],[74.9285,32.5652],[74.9301,32.5675],[74.9348,32.5679],[74.9366,32.568],[74.942,32.5628],[74.9428,32.5638],[74.9428,32.5639],[74.9434,32.5654],[74.954,32.5688],[74.9549,32.5695],[74.9557,32.5702],[74.9562,32.5717],[74.9557,32.5735],[74.9557,32.5736],[74.9552,32.5746],[74.9538,32.5777],[74.9535,32.578]]]},"properties":{"ac_no":69,"ac_name":"RAMGARH","ac_category":"SC","st_name":"JAMMU AND KASHMIR"}},{"type":"Feature","geometry":{"type":"Polygon","coordinates":[[[75.016,32.535],[75.0149,32.5351],[75.0129,32.5354],[75.0093,32.537],[75.0032,32.542],[75.0001,32.5428],[74.9933,32.5428],[74.9838,32.5395],[74.9787,32.5356],[74.974,32.5368],[74.9711,32.5388],[74.9676,32.5415],[74.9761,32.5489],[74.9762,32.5572],[74.9774,32.5586],[74.9898,32.5666],[74.9985,32.5697],[74.9952,32.575],[74.9897,32.5755],[74.9842,32.5808],[74.9816,32.5817],[74.9625,32.5782],[74.9535,32.578],[74.9509,32.5804],[74.9484,32.5823],[74.9475,32.5831],[74.9545,32.5867],[74.9552,32.5889],[74.9551,32.5903],[74.9542,32.5919],[74.9532,32.5936],[74.9487,32.5933],[74.9457,32.5911],[74.9443,32.591],[74.9437,32.5915],[74.942,32.593],[74.9416,32.591],[74.9413,32.5901],[74.9409,32.5886],[74.9402,32.5877],[74.9395,32.5878],[74.9381,32.5889],[74.9352,32.5923],[74.9312,32.5929],[74.9278,32.5944],[74.9257,32.5959],[74.9253,32.5968],[74.9261,32.5986],[74.9273,32.5992],[74.9288,32.6001],[74.9297,32.6005],[74.9319,32.6009],[74.9326,32.6012],[74.9326,32.6021],[74.9316,32.6028],[74.9276,32.6042],[74.9273,32.605],[74.9269,32.6062],[74.93,32.6079],[74.9315,32.6092],[74.9323,32.6099],[74.9327,32.6107],[74.9261,32.6147],[74.919,32.6172],[74.91,32.6241],[74.9081,32.6239],[74.9059,32.6207],[74.9042,32.618],[74.9025,32.6158],[74.8998,32.6133],[74.8987,32.6106],[74.8952,32.6061],[74.8919,32.6064],[74.8873,32.613],[74.8824,32.6135],[74.8814,32.6152],[74.8816,32.617],[74.8816,32.6174],[74.8871,32.623],[74.892,32.6229],[74.893,32.6233],[74.8925,32.6249],[74.8933,32.6274],[74.8937,32.6288],[74.8947,32.6305],[74.8959,32.6321],[74.8976,32.6344],[74.8983,32.6381],[74.8976,32.6394],[74.8969,32.6407],[74.8938,32.6398],[74.8926,32.6395],[74.8919,32.6395],[74.8966,32.6437],[74.897,32.6461],[74.898,32.6479],[74.8984,32.6485],[74.8997,32.6509],[74.8998,32.6512],[74.9036,32.6503],[74.9058,32.6506],[74.9134,32.6578],[74.9158,32.6596],[74.9163,32.66],[74.9269,32.6651],[74.9278,32.6656],[74.9428,32.674],[74.9444,32.675],[74.9464,32.6757],[74.9478,32.675],[74.9533,32.6775],[74.9573,32.681],[74.9608,32.6833],[74.9619,32.685],[74.9634,32.6872],[74.965,32.6904],[74.9654,32.6999],[74.9645,32.702],[74.9627,32.7052],[74.9622,32.7059],[74.9614,32.7074],[74.961,32.7086],[74.9618,32.7093],[74.9635,32.7109],[74.965,32.7126],[74.9668,32.7143],[74.9724,32.718],[74.9793,32.7177],[74.9854,32.7197],[74.9925,32.7259],[74.994,32.7338],[75.0029,32.738],[75.0063,32.7371],[75.0086,32.7376],[75.011,32.7349],[75.0114,32.7328],[75.0128,32.7301],[75.0131,32.7296],[75.0131,32.7295],[75.0138,32.7293],[75.0145,32.7293],[75.0147,32.7294],[75.0146,32.7298],[75.0143,32.7307],[75.0159,32.7316],[75.0195,32.732],[75.02,32.7324],[75.0206,32.7327],[75.0209,32.7325],[75.021,32.7322],[75.0215,32.7319],[75.0216,32.7313],[75.0216,32.7307],[75.0233,32.7315],[75.0256,32.7289],[75.0321,32.7282],[75.0362,32.729],[75.0374,32.7299],[75.0379,32.7298],[75.04,32.7286],[75.0408,32.7282],[75.0413,32.7279],[75.0465,32.7312],[75.0472,32.7389],[75.0501,32.7391],[75.0522,32.7397],[75.0529,32.74],[75.0535,32.7404],[75.0592,32.7384],[75.0598,32.738],[75.0603,32.7374],[75.0605,32.7373],[75.0613,32.7378],[75.0619,32.7377],[75.0621,32.7374],[75.062,32.7364],[75.0624,32.7363],[75.0628,32.736],[75.064,32.7351],[75.0644,32.7347],[75.0648,32.7346],[75.0652,32.7347],[75.066,32.7353],[75.0679,32.7347],[75.0698,32.7338],[75.0706,32.7335],[75.0713,32.7332],[75.0722,32.7326],[75.0732,32.7319],[75.075,32.7312],[75.0762,32.7297],[75.0768,32.7295],[75.077,32.7297],[75.0775,32.7306],[75.078,32.7314],[75.0785,32.7317],[75.0787,32.7317],[75.0837,32.7264],[75.0856,32.7232],[75.089,32.7211],[75.0897,32.7197],[75.0903,32.7191],[75.091,32.7187],[75.0917,32.7189],[75.092,32.7182],[75.0924,32.7174],[75.0938,32.7161],[75.0947,32.7161],[75.0955,32.7167],[75.0962,32.7173],[75.0968,32.7179],[75.0975,32.718],[75.0982,32.7181],[75.1006,32.717],[75.1001,32.7162],[75.1004,32.7153],[75.0993,32.7136],[75.0994,32.7111],[75.1004,32.7091],[75.1,32.7085],[75.0997,32.708],[75.0998,32.7075],[75.1001,32.7073],[75.1013,32.7081],[75.1018,32.7079],[75.102,32.7075],[75.1015,32.7063],[75.0999,32.7043],[75.0996,32.6998],[75.0979,32.6967],[75.0968,32.696],[75.0959,32.6954],[75.0958,32.6942],[75.0958,32.6932],[75.0957,32.6924],[75.0955,32.6921],[75.0949,32.692],[75.0945,32.6925],[75.094,32.6929],[75.0915,32.6957],[75.0909,32.6962],[75.082,32.6951],[75.0814,32.6954],[75.0808,32.6958],[75.08,32.6964],[75.0788,32.6961],[75.073,32.6893],[75.0734,32.6869],[75.0737,32.6867],[75.0741,32.6865],[75.0757,32.6853],[75.077,32.6839],[75.0776,32.6838],[75.0802,32.6851],[75.0819,32.6855],[75.0829,32.6851],[75.0834,32.6847],[75.0838,32.6843],[75.0839,32.6839],[75.0839,32.683],[75.0839,32.6826],[75.0842,32.6822],[75.0854,32.6814],[75.0862,32.6812],[75.0872,32.6812],[75.0881,32.6815],[75.0888,32.6814],[75.0917,32.6761],[75.0915,32.6749],[75.0911,32.674],[75.091,32.673],[75.0914,32.6724],[75.0933,32.672],[75.0943,32.6716],[75.0958,32.6703],[75.097,32.6703],[75.098,32.67],[75.0982,32.6687],[75.0976,32.6687],[75.0969,32.6687],[75.0954,32.669],[75.0954,32.6684],[75.0954,32.6678],[75.0954,32.6672],[75.0952,32.667],[75.095,32.6667],[75.0949,32.6665],[75.0949,32.6662],[75.0958,32.6655],[75.0959,32.6647],[75.0959,32.664],[75.0957,32.6637],[75.0955,32.6634],[75.0953,32.6625],[75.0952,32.6607],[75.0945,32.6601],[75.0942,32.6581],[75.0935,32.6573],[75.0928,32.6566],[75.0922,32.6563],[75.0916,32.656],[75.0905,32.6554],[75.09,32.6551],[75.0897,32.655],[75.0894,32.6548],[75.0893,32.6547],[75.0892,32.6547],[75.0877,32.6534],[75.0861,32.6516],[75.086,32.6491],[75.0872,32.6469],[75.0867,32.6451],[75.0856,32.6443],[75.085,32.6438],[75.0839,32.6394],[75.0775,32.64],[75.0755,32.6349],[75.0736,32.6315],[75.0679,32.6281],[75.0678,32.6212],[75.068,32.6202],[75.0681,32.6197],[75.0685,32.6181],[75.0684,32.6155],[75.067,32.6145],[75.062,32.6141],[75.0598,32.6157],[75.0552,32.6157],[75.0548,32.6167],[75.0542,32.6179],[75.0543,32.619],[75.0554,32.6199],[75.056,32.6205],[75.0554,32.6229],[75.0523,32.6248],[75.0502,32.6246],[75.0495,32.6254],[75.0493,32.6265],[75.048,32.6268],[75.0478,32.6275],[75.047,32.626],[75.0458,32.6246],[75.0446,32.6223],[75.043,32.6233],[75.042,32.624],[75.0392,32.6234],[75.0372,32.6207],[75.0351,32.621],[75.0338,32.6208],[75.0322,32.6194],[75.0307,32.6168],[75.0299,32.6166],[75.0288,32.6166],[75.0285,32.6175],[75.0265,32.6204],[75.0225,32.6234],[75.0184,32.6224],[75.0152,32.6226],[75.0146,32.6245],[75.0138,32.6238],[75.0129,32.6232],[75.0073,32.6206],[75.0063,32.6193],[75.0022,32.6188],[75.0009,32.6183],[74.9985,32.6156],[74.9989,32.6135],[74.9985,32.612],[74.9985,32.611],[74.9982,32.6098],[74.9971,32.6089],[74.9962,32.608],[74.994,32.6015],[74.9964,32.6003],[74.9999,32.5972],[75.0072,32.5946],[75.011,32.5943],[75.014,32.5946],[75.0166,32.5919],[75.0202,32.5897],[75.0221,32.5883],[75.0241,32.5874],[75.0264,32.587],[75.0281,32.5864],[75.0282,32.5864],[75.0283,32.5865],[75.0286,32.5871],[75.0293,32.5883],[75.0313,32.5894],[75.0326,32.5897],[75.0338,32.5898],[75.0348,32.5897],[75.0359,32.5894],[75.0433,32.5866],[75.0457,32.5845],[75.0467,32.5829],[75.0456,32.5815],[75.0453,32.5814],[75.0436,32.5799],[75.0432,32.5798],[75.0428,32.5796],[75.0419,32.5793],[75.0405,32.5787],[75.0395,32.5776],[75.0379,32.5741],[75.0352,32.5708],[75.0347,32.568],[75.0345,32.5666],[75.0288,32.554],[75.0247,32.5508],[75.0214,32.5437],[75.0189,32.539],[75.0174,32.5361],[75.016,32.535]]]},"properties":{"ac_no":71,"ac_name":"VIJAYPUR","ac_category":"GEN","st_name":"JAMMU AND KASHMIR"}},{"type":"Feature","geometry":{"type":"Polygon","coordinates":[[[75.3455,32.594],[75.3442,32.5931],[75.3438,32.5931],[75.3436,32.5931],[75.3435,32.5931],[75.3434,32.5931],[75.3429,32.5931],[75.3425,32.5931],[75.3425,32.5929],[75.3425,32.5928],[75.3425,32.5926],[75.3426,32.5925],[75.3428,32.5923],[75.3436,32.5916],[75.3448,32.5904],[75.344,32.5863],[75.3439,32.5862],[75.3438,32.586],[75.3437,32.5859],[75.3434,32.5855],[75.3428,32.5847],[75.3414,32.5826],[75.3394,32.5806],[75.3382,32.5798],[75.3376,32.5795],[75.3375,32.5794],[75.3369,32.5791],[75.3326,32.5802],[75.3323,32.5802],[75.3311,32.5803],[75.3297,32.5804],[75.3274,32.5803],[75.3249,32.5806],[75.3234,32.5775],[75.3174,32.5732],[75.3157,32.5738],[75.3141,32.5744],[75.2968,32.5781],[75.2949,32.5743],[75.2945,32.574],[75.2942,32.5736],[75.2932,32.5732],[75.2922,32.5742],[75.2916,32.5744],[75.2911,32.5744],[75.2909,32.5744],[75.2903,32.5744],[75.2895,32.5744],[75.2871,32.574],[75.2846,32.5721],[75.2843,32.5715],[75.284,32.5709],[75.2834,32.5697],[75.283,32.5695],[75.2828,32.5695],[75.2825,32.5695],[75.2819,32.5697],[75.2812,32.5695],[75.2809,32.5694],[75.2806,32.5693],[75.2806,32.5692],[75.2808,32.569],[75.2814,32.5682],[75.2815,32.568],[75.2816,32.5677],[75.2816,32.5676],[75.2817,32.5673],[75.2817,32.5665],[75.2815,32.5628],[75.2817,32.562],[75.2816,32.5617],[75.2812,32.5615],[75.2809,32.5612],[75.2806,32.5609],[75.2803,32.5605],[75.2799,32.5603],[75.2785,32.5595],[75.2782,32.5592],[75.2778,32.5588],[75.2776,32.5583],[75.2773,32.558],[75.2768,32.5578],[75.2766,32.5575],[75.2767,32.5573],[75.2768,32.5569],[75.2767,32.5564],[75.2764,32.5563],[75.2759,32.5561],[75.2752,32.5559],[75.2741,32.5551],[75.273,32.5547],[75.2726,32.5544],[75.2692,32.5474],[75.264,32.5459],[75.2629,32.5447],[75.2626,32.5446],[75.2623,32.5445],[75.2608,32.543],[75.2572,32.5429],[75.2562,32.5411],[75.2566,32.5385],[75.2508,32.5347],[75.2494,32.5311],[75.2449,32.5277],[75.2409,32.5193],[75.2383,32.5175],[75.2384,32.5136],[75.2352,32.5065],[75.2387,32.5025],[75.2377,32.4997],[75.2359,32.4976],[75.2331,32.4986],[75.2309,32.4994],[75.2299,32.4988],[75.2265,32.4948],[75.2257,32.4927],[75.2254,32.4914],[75.2254,32.4913],[75.2235,32.4916],[75.2214,32.4927],[75.2199,32.4933],[75.219,32.4937],[75.2176,32.4948],[75.2146,32.4944],[75.2134,32.4945],[75.2121,32.4946],[75.2099,32.4961],[75.2093,32.4968],[75.2083,32.4974],[75.2077,32.4977],[75.2058,32.4985],[75.2035,32.4994],[75.2007,32.4999],[75.2002,32.5],[75.1996,32.5002],[75.1994,32.4997],[75.1994,32.498],[75.1987,32.497],[75.1859,32.4934],[75.1854,32.4933],[75.1834,32.4927],[75.1781,32.4934],[75.1784,32.5003],[75.1789,32.5108],[75.1787,32.5112],[75.1777,32.5117],[75.174,32.5102],[75.1732,32.5103],[75.1726,32.5104],[75.1724,32.5105],[75.172,32.5113],[75.1723,32.5125],[75.1718,32.514],[75.1712,32.5141],[75.1683,32.5128],[75.167,32.5124],[75.1662,32.5122],[75.1654,32.512],[75.1651,32.5122],[75.1647,32.5124],[75.1642,32.5127],[75.1637,32.513],[75.1618,32.5109],[75.161,32.51],[75.1606,32.5087],[75.1603,32.508],[75.1601,32.5073],[75.1587,32.5054],[75.158,32.5051],[75.1576,32.5049],[75.1584,32.5047],[75.1574,32.5024],[75.1563,32.4997],[75.1529,32.4953],[75.1521,32.4917],[75.1528,32.4902],[75.1531,32.4894],[75.1541,32.4883],[75.1523,32.4864],[75.147,32.4894],[75.1461,32.4907],[75.1459,32.4921],[75.146,32.4936],[75.1451,32.4932],[75.1443,32.4927],[75.1439,32.4919],[75.1422,32.4911],[75.1411,32.4909],[75.1404,32.4908],[75.1386,32.4904],[75.1326,32.489],[75.1299,32.4882],[75.126,32.4928],[75.113,32.4971],[75.116,32.5011],[75.1152,32.5045],[75.1152,32.5052],[75.1158,32.5053],[75.1182,32.5076],[75.1183,32.508],[75.1201,32.5078],[75.1219,32.5078],[75.1233,32.5083],[75.125,32.5091],[75.1268,32.5106],[75.1277,32.5147],[75.1264,32.5175],[75.1275,32.5185],[75.1284,32.5191],[75.1293,32.5195],[75.1302,32.519],[75.1307,32.5187],[75.1322,32.5146],[75.1359,32.5107],[75.1415,32.5072],[75.1427,32.5057],[75.1423,32.5074],[75.1437,32.5079],[75.1449,32.5084],[75.1454,32.5088],[75.1442,32.5104],[75.1457,32.5132],[75.147,32.5145],[75.148,32.5199],[75.158,32.526],[75.1577,32.5263],[75.1543,32.5268],[75.1484,32.5268],[75.146,32.5272],[75.1458,32.5282],[75.1462,32.5286],[75.1469,32.529],[75.149,32.5299],[75.1511,32.5295],[75.1517,32.5304],[75.152,32.5308],[75.1481,32.5333],[75.147,32.5361],[75.1487,32.5372],[75.1494,32.5384],[75.1509,32.54],[75.1549,32.5386],[75.1563,32.5397],[75.1609,32.5456],[75.1621,32.5541],[75.1557,32.5511],[75.1527,32.5508],[75.1515,32.5514],[75.1492,32.553],[75.1487,32.5534],[75.148,32.5543],[75.1472,32.5512],[75.1456,32.5493],[75.1454,32.5482],[75.1443,32.5485],[75.1416,32.5498],[75.1347,32.5495],[75.1344,32.5488],[75.1341,32.548],[75.132,32.5465],[75.1306,32.5458],[75.1299,32.5453],[75.126,32.5489],[75.1213,32.5504],[75.125,32.5583],[75.1217,32.5575],[75.1202,32.5573],[75.1191,32.5567],[75.1179,32.5561],[75.1161,32.5553],[75.1144,32.5551],[75.1134,32.5547],[75.1119,32.5542],[75.1155,32.5531],[75.1156,32.5507],[75.1098,32.5445],[75.1058,32.5393],[75.104,32.5374],[75.1031,32.5362],[75.1029,32.5363],[75.1029,32.5362],[75.1034,32.5343],[75.0994,32.5304],[75.0972,32.5281],[75.0927,32.5254],[75.0908,32.525],[75.0888,32.5247],[75.0878,32.5251],[75.0861,32.5252],[75.0866,32.5265],[75.0857,32.5264],[75.0842,32.5264],[75.0828,32.5264],[75.0743,32.5283],[75.073,32.5273],[75.0702,32.5257],[75.0658,32.5238],[75.064,32.5239],[75.0626,32.5236],[75.0621,32.5229],[75.0609,32.5214],[75.0601,32.5199],[75.0543,32.5152],[75.0538,32.5158],[75.0531,32.5162],[75.0478,32.5163],[75.0409,32.5113],[75.0384,32.5121],[75.036,32.5139],[75.0342,32.5146],[75.028,32.5153],[75.0202,32.519],[75.0153,32.5175],[75.0099,32.5151],[75.0094,32.5146],[75.0088,32.5143],[75.0086,32.5141],[75.0083,32.5144],[75.0081,32.5152],[75.0077,32.5156],[75.0056,32.5169],[75.0052,32.5189],[75.0048,32.5216],[75.0051,32.5223],[75.0066,32.524],[75.0067,32.5269],[75.0069,32.527],[75.0077,32.5278],[75.0082,32.5281],[75.0104,32.5294],[75.0119,32.5311],[75.0138,32.5326],[75.0151,32.5342],[75.016,32.535],[75.0174,32.5361],[75.0189,32.539],[75.0214,32.5437],[75.0247,32.5508],[75.0288,32.554],[75.0345,32.5666],[75.0347,32.568],[75.0352,32.5708],[75.0379,32.5741],[75.0395,32.5776],[75.0405,32.5787],[75.0436,32.5799],[75.0453,32.5814],[75.0456,32.5815],[75.0467,32.5829],[75.0457,32.5845],[75.0433,32.5866],[75.0359,32.5894],[75.0348,32.5897],[75.0338,32.5898],[75.0326,32.5897],[75.0313,32.5894],[75.0282,32.5864],[75.0281,32.5864],[75.0264,32.587],[75.0241,32.5874],[75.0221,32.5883],[75.0202,32.5897],[75.0166,32.5919],[75.014,32.5946],[75.011,32.5943],[75.0072,32.5946],[74.9999,32.5972],[74.994,32.6015],[74.9946,32.602],[74.9958,32.6037],[74.9962,32.608],[74.9982,32.6098],[74.9985,32.611],[74.9985,32.612],[74.9989,32.6135],[74.9985,32.6156],[75.0009,32.6183],[75.0022,32.6188],[75.0063,32.6193],[75.0073,32.6206],[75.0129,32.6232],[75.0146,32.6245],[75.0152,32.6226],[75.0184,32.6224],[75.0225,32.6234],[75.0265,32.6204],[75.0285,32.6175],[75.0288,32.6166],[75.0299,32.6166],[75.0307,32.6168],[75.0322,32.6194],[75.0338,32.6208],[75.0351,32.621],[75.0362,32.6205],[75.0372,32.6207],[75.0392,32.6234],[75.0446,32.6223],[75.0458,32.6246],[75.047,32.626],[75.048,32.6268],[75.0493,32.6265],[75.0495,32.6254],[75.0502,32.6246],[75.0523,32.6248],[75.0554,32.6229],[75.056,32.6205],[75.0554,32.6199],[75.0543,32.619],[75.0542,32.6179],[75.0552,32.6157],[75.0598,32.6157],[75.062,32.6141],[75.067,32.6145],[75.0684,32.6155],[75.0685,32.6181],[75.0681,32.6197],[75.068,32.6202],[75.0678,32.6212],[75.0679,32.6281],[75.0736,32.6315],[75.0755,32.6349],[75.0775,32.64],[75.0839,32.6394],[75.085,32.6438],[75.0856,32.6443],[75.0867,32.6451],[75.0872,32.6469],[75.086,32.6491],[75.0861,32.6516],[75.0877,32.6534],[75.0892,32.6547],[75.0922,32.6563],[75.0928,32.6566],[75.0935,32.6573],[75.0942,32.6581],[75.0943,32.6586],[75.0943,32.6592],[75.0945,32.6601],[75.0952,32.6607],[75.0953,32.6625],[75.0955,32.6634],[75.0957,32.6637],[75.0959,32.664],[75.0959,32.6647],[75.0958,32.6655],[75.0949,32.6662],[75.0949,32.6665],[75.095,32.6667],[75.0952,32.667],[75.0954,32.6672],[75.0954,32.6678],[75.0954,32.6684],[75.0954,32.669],[75.0969,32.6687],[75.0976,32.6687],[75.0982,32.6687],[75.098,32.6693],[75.098,32.67],[75.097,32.6703],[75.0958,32.6703],[75.0943,32.6716],[75.0933,32.672],[75.0914,32.6724],[75.091,32.673],[75.0911,32.674],[75.0915,32.6749],[75.0917,32.6761],[75.0888,32.6814],[75.0881,32.6815],[75.0872,32.6812],[75.0862,32.6812],[75.0854,32.6814],[75.0842,32.6822],[75.0839,32.6826],[75.0839,32.683],[75.0839,32.6839],[75.0838,32.6843],[75.0834,32.6847],[75.0829,32.6851],[75.0819,32.6855],[75.0776,32.6838],[75.077,32.6839],[75.0757,32.6853],[75.0734,32.6869],[75.0733,32.6874],[75.0732,32.688],[75.073,32.6893],[75.0788,32.6961],[75.082,32.6951],[75.0824,32.6952],[75.0827,32.6953],[75.0838,32.6967],[75.0863,32.6959],[75.0909,32.6962],[75.0915,32.6957],[75.094,32.6929],[75.0949,32.692],[75.0955,32.6921],[75.0957,32.6924],[75.0958,32.6932],[75.0958,32.6942],[75.0959,32.6954],[75.0968,32.696],[75.0979,32.6967],[75.0982,32.6974],[75.098,32.6984],[75.0996,32.6998],[75.0999,32.7043],[75.1015,32.7063],[75.102,32.7075],[75.1018,32.7079],[75.1013,32.7081],[75.1001,32.7073],[75.0998,32.7075],[75.0997,32.708],[75.1,32.7085],[75.1004,32.7091],[75.0994,32.7111],[75.0993,32.7136],[75.1004,32.7153],[75.1001,32.7162],[75.1006,32.717],[75.1015,32.7166],[75.1022,32.7163],[75.1051,32.7155],[75.1088,32.712],[75.1141,32.7096],[75.1177,32.7108],[75.1235,32.7068],[75.1245,32.7063],[75.1254,32.7057],[75.1269,32.7049],[75.1281,32.7044],[75.1289,32.704],[75.1307,32.7033],[75.1345,32.7013],[75.14,32.6966],[75.1477,32.6911],[75.1513,32.6888],[75.1584,32.6812],[75.1571,32.6794],[75.1556,32.678],[75.1552,32.6767],[75.1559,32.6758],[75.1563,32.6755],[75.1584,32.6739],[75.16,32.6727],[75.1601,32.6726],[75.1609,32.672],[75.168,32.6699],[75.1699,32.6689],[75.1718,32.6679],[75.1844,32.663],[75.1857,32.6628],[75.1869,32.6626],[75.1916,32.6619],[75.1939,32.6628],[75.1949,32.6632],[75.1958,32.6635],[75.1969,32.6629],[75.1994,32.661],[75.202,32.6591],[75.2019,32.6587],[75.2018,32.6584],[75.2029,32.6568],[75.2029,32.6558],[75.2021,32.6554],[75.2014,32.6548],[75.1991,32.654],[75.1983,32.6532],[75.1983,32.6528],[75.1982,32.6525],[75.1993,32.6517],[75.1999,32.6519],[75.2005,32.652],[75.2015,32.6526],[75.2025,32.6521],[75.2035,32.6523],[75.2047,32.653],[75.2064,32.6534],[75.2087,32.6517],[75.2086,32.6472],[75.2069,32.6456],[75.2075,32.6448],[75.2159,32.6424],[75.2197,32.6427],[75.2242,32.6475],[75.2243,32.648],[75.2243,32.6484],[75.2244,32.6489],[75.2245,32.6489],[75.2248,32.6495],[75.2255,32.6503],[75.2258,32.6508],[75.2257,32.6511],[75.2255,32.6523],[75.2255,32.6528],[75.225,32.653],[75.2231,32.6531],[75.2226,32.6532],[75.2214,32.6538],[75.221,32.6543],[75.2205,32.6549],[75.2206,32.6559],[75.2225,32.6565],[75.2231,32.6572],[75.2243,32.6582],[75.2247,32.6588],[75.225,32.6594],[75.2252,32.66],[75.2276,32.6596],[75.229,32.6593],[75.2297,32.6589],[75.2307,32.6572],[75.2364,32.6556],[75.2416,32.6565],[75.2426,32.6559],[75.2437,32.6554],[75.245,32.655],[75.2455,32.655],[75.246,32.655],[75.2463,32.655],[75.2476,32.655],[75.2491,32.6556],[75.2505,32.6551],[75.2517,32.6556],[75.2519,32.6558],[75.2521,32.6559],[75.2525,32.6555],[75.2532,32.6549],[75.2536,32.6545],[75.2548,32.6531],[75.2567,32.6516],[75.262,32.65],[75.2704,32.651],[75.2733,32.6496],[75.274,32.6493],[75.2741,32.6493],[75.2742,32.6493],[75.2744,32.6492],[75.2748,32.6491],[75.277,32.6485],[75.2783,32.6483],[75.2786,32.6482],[75.279,32.6481],[75.279,32.6473],[75.2792,32.6463],[75.2796,32.6457],[75.2844,32.6436],[75.2844,32.6433],[75.2844,32.6431],[75.2843,32.6427],[75.2843,32.6424],[75.2843,32.6422],[75.2842,32.6421],[75.2842,32.6419],[75.2847,32.6398],[75.2845,32.6397],[75.2844,32.6397],[75.2844,32.6396],[75.2843,32.6396],[75.2843,32.6395],[75.2843,32.6393],[75.2844,32.6393],[75.2845,32.6391],[75.2847,32.6386],[75.2849,32.6384],[75.285,32.6383],[75.2853,32.638],[75.286,32.6376],[75.2864,32.6374],[75.2867,32.6373],[75.2867,32.6368],[75.2867,32.6363],[75.2867,32.636],[75.2867,32.6358],[75.2867,32.6354],[75.2872,32.6343],[75.2887,32.6331],[75.2894,32.6314],[75.2967,32.6306],[75.3022,32.627],[75.3027,32.627],[75.3031,32.6269],[75.3035,32.6269],[75.304,32.6269],[75.3164,32.6253],[75.3221,32.6232],[75.3279,32.6186],[75.3317,32.615],[75.3325,32.6141],[75.3333,32.6132],[75.3349,32.6117],[75.3378,32.6084],[75.3433,32.6041],[75.3441,32.5967],[75.3455,32.594]]]},"properties":{"ac_no":70,"ac_name":"SAMBA","ac_category":"GEN","st_name":"JAMMU AND KASHMIR"}},{"type":"Feature","geometry":{"type":"Polygon","coordinates":[[[75.1655,32.9319],[75.1645,32.9312],[75.1633,32.9303],[75.1607,32.9278],[75.1601,32.923],[75.1504,32.9229],[75.1446,32.9254],[75.1455,32.9293],[75.1423,32.932],[75.1378,32.9286],[75.1363,32.9269],[75.1322,32.9289],[75.1403,32.9345],[75.1392,32.9369],[75.1344,32.9348],[75.132,32.942],[75.1378,32.9427],[75.1418,32.9451],[75.1425,32.9443],[75.1437,32.9404],[75.155,32.9402],[75.1544,32.945],[75.1561,32.9495],[75.153,32.9517],[75.153,32.9524],[75.1495,32.9562],[75.1422,32.9572],[75.1397,32.9562],[75.1371,32.9604],[75.1388,32.9631],[75.1395,32.9694],[75.1476,32.9723],[75.1447,32.9753],[75.1457,32.9804],[75.1458,32.9879],[75.1489,32.9958],[75.1508,32.9985],[75.1545,32.9988],[75.1533,33.0044],[75.1468,33.0054],[75.1467,33.0054],[75.1465,33.0054],[75.1459,33.0054],[75.1456,33.0054],[75.1455,33.0054],[75.1453,33.0054],[75.1449,33.0054],[75.1447,33.0053],[75.1442,33.0052],[75.1424,33.0048],[75.1423,33.0048],[75.1422,33.0048],[75.1416,33.0048],[75.1415,33.0048],[75.1411,33.0045],[75.1405,33.0042],[75.1402,33.0041],[75.14,33.004],[75.1399,33.0039],[75.1384,33.0032],[75.1383,33.0031],[75.1381,33.0028],[75.1372,33.0015],[75.1371,33.0015],[75.1371,33.0016],[75.1364,33.0024],[75.1356,33.0032],[75.1342,33.0046],[75.1334,33.0047],[75.1323,33.0158],[75.1374,33.0242],[75.1614,33.0423],[75.1708,33.0486],[75.1809,33.0591],[75.1824,33.0658],[75.1807,33.0763],[75.1766,33.0826],[75.1743,33.0945],[75.1806,33.0983],[75.1787,33.1047],[75.179,33.1088],[75.1845,33.1108],[75.1846,33.1106],[75.1852,33.1094],[75.1853,33.1094],[75.1854,33.1094],[75.1855,33.1093],[75.1856,33.1093],[75.1861,33.109],[75.1862,33.109],[75.1869,33.1095],[75.1881,33.1104],[75.1881,33.1103],[75.1882,33.1103],[75.1885,33.11],[75.1892,33.1094],[75.1893,33.1094],[75.1895,33.1094],[75.1897,33.1094],[75.1898,33.1094],[75.1899,33.1094],[75.1902,33.1093],[75.1907,33.1093],[75.1909,33.1094],[75.1913,33.1098],[75.1954,33.1129],[75.2001,33.1165],[75.2002,33.1164],[75.2012,33.1164],[75.2034,33.1161],[75.2055,33.1163],[75.2075,33.1195],[75.2152,33.1213],[75.2167,33.1204],[75.2237,33.1209],[75.2238,33.1209],[75.224,33.121],[75.2246,33.1213],[75.2266,33.1221],[75.2267,33.1221],[75.2274,33.1221],[75.2297,33.1222],[75.2297,33.1223],[75.2301,33.1227],[75.231,33.1236],[75.231,33.1237],[75.2426,33.1053],[75.2483,33.1024],[75.2542,33.101],[75.2569,33.1003],[75.2682,33.0943],[75.2768,33.0934],[75.2815,33.0935],[75.2874,33.0941],[75.3002,33.0945],[75.3138,33.0905],[75.3281,33.086],[75.3301,33.0845],[75.3312,33.0837],[75.335,33.0786],[75.34,33.0785],[75.3419,33.0754],[75.3442,33.0722],[75.3479,33.0713],[75.357,33.0689],[75.3639,33.0664],[75.367,33.0666],[75.3694,33.0686],[75.3701,33.0664],[75.3701,33.0564],[75.3754,33.0495],[75.3765,33.0478],[75.3813,33.0446],[75.3906,33.0415],[75.3908,33.0395],[75.3933,33.0368],[75.3991,33.0347],[75.4083,33.0351],[75.4073,33.0382],[75.4091,33.042],[75.4103,33.0488],[75.414,33.0513],[75.415,33.0551],[75.4194,33.0565],[75.4283,33.0372],[75.4302,33.0299],[75.4347,33.0129],[75.4365,33.0055],[75.4228,32.9996],[75.4173,32.9945],[75.4179,32.992],[75.4309,32.9823],[75.4322,32.9786],[75.4363,32.9751],[75.4467,32.9738],[75.4488,32.9749],[75.4531,32.9687],[75.4524,32.9622],[75.4583,32.9614],[75.4588,32.9613],[75.4589,32.9612],[75.4591,32.9612],[75.4594,32.9611],[75.4596,32.9611],[75.4597,32.9611],[75.4571,32.9574],[75.4569,32.957],[75.4565,32.9559],[75.4558,32.9528],[75.4554,32.9513],[75.4548,32.9506],[75.4543,32.9499],[75.4529,32.9473],[75.4518,32.9432],[75.4588,32.9378],[75.4594,32.9364],[75.4594,32.9358],[75.4594,32.9352],[75.459,32.9341],[75.4581,32.9326],[75.4577,32.9318],[75.4572,32.9311],[75.4546,32.929],[75.4554,32.926],[75.4564,32.9245],[75.4569,32.9242],[75.4573,32.9239],[75.458,32.9234],[75.4591,32.9217],[75.459,32.9204],[75.4567,32.9187],[75.4545,32.9188],[75.4519,32.918],[75.4494,32.9176],[75.4487,32.9174],[75.448,32.9171],[75.444,32.9146],[75.4398,32.9088],[75.4383,32.8975],[75.4469,32.8969],[75.4485,32.8962],[75.4514,32.8936],[75.4554,32.8934],[75.4567,32.8909],[75.4619,32.8917],[75.4651,32.8905],[75.4658,32.8903],[75.4663,32.8903],[75.467,32.8905],[75.4685,32.8912],[75.4711,32.889],[75.4718,32.8886],[75.4728,32.8884],[75.4794,32.8903],[75.4817,32.8893],[75.4823,32.8893],[75.4843,32.8896],[75.4862,32.8882],[75.4883,32.8875],[75.4889,32.8869],[75.4893,32.8866],[75.49,32.8866],[75.4939,32.8839],[75.4969,32.8847],[75.498,32.8849],[75.4991,32.8851],[75.5079,32.8815],[75.5126,32.8842],[75.5234,32.8878],[75.538,32.891],[75.5442,32.8962],[75.5502,32.903],[75.5509,32.9068],[75.5566,32.908],[75.5664,32.9053],[75.5773,32.9009],[75.5881,32.8952],[75.5953,32.8884],[75.6025,32.8811],[75.6066,32.874],[75.6065,32.8672],[75.6137,32.8558],[75.6161,32.8544],[75.6014,32.8547],[75.5898,32.8554],[75.579,32.8571],[75.5428,32.8642],[75.5346,32.8695],[75.5285,32.8623],[75.5204,32.859],[75.5134,32.8574],[75.502,32.8562],[75.4938,32.8557],[75.4788,32.8559],[75.4711,32.8576],[75.4645,32.8591],[75.4544,32.8599],[75.4503,32.8634],[75.449,32.8646],[75.4484,32.8652],[75.4477,32.8658],[75.4467,32.8668],[75.4428,32.8672],[75.4401,32.8668],[75.4392,32.8665],[75.4384,32.8666],[75.4376,32.8667],[75.437,32.8668],[75.4363,32.867],[75.435,32.8676],[75.4241,32.8725],[75.4231,32.8726],[75.422,32.8728],[75.42,32.8729],[75.4181,32.873],[75.417,32.8729],[75.416,32.8728],[75.4143,32.8728],[75.4141,32.873],[75.4139,32.8733],[75.4131,32.8738],[75.4124,32.8742],[75.4104,32.8754],[75.4085,32.8764],[75.4037,32.8789],[75.4016,32.8825],[75.4005,32.8833],[75.3991,32.8839],[75.3918,32.8852],[75.3918,32.8862],[75.3916,32.8868],[75.3896,32.8877],[75.389,32.8889],[75.388,32.8898],[75.3876,32.8899],[75.3873,32.8901],[75.3864,32.8901],[75.3852,32.8894],[75.3847,32.8897],[75.384,32.89],[75.3836,32.8903],[75.3806,32.892],[75.379,32.8933],[75.3781,32.8945],[75.377,32.8965],[75.3754,32.9004],[75.3746,32.9011],[75.3739,32.9017],[75.3715,32.9039],[75.3659,32.9007],[75.3554,32.901],[75.3476,32.8988],[75.3469,32.8985],[75.3455,32.8979],[75.3447,32.8975],[75.3363,32.8961],[75.3321,32.8945],[75.3302,32.892],[75.3301,32.8907],[75.3296,32.8895],[75.3291,32.8887],[75.3279,32.8884],[75.3258,32.8876],[75.3227,32.8859],[75.3199,32.8827],[75.3184,32.8809],[75.3165,32.8794],[75.3141,32.8776],[75.3106,32.8729],[75.3088,32.8718],[75.3077,32.8704],[75.3074,32.8692],[75.3064,32.8683],[75.3049,32.8665],[75.3046,32.866],[75.2992,32.8629],[75.2991,32.8615],[75.2982,32.8582],[75.2966,32.8546],[75.2963,32.854],[75.2957,32.8531],[75.2899,32.8471],[75.2887,32.8469],[75.2876,32.8463],[75.2868,32.8452],[75.286,32.8439],[75.2854,32.8431],[75.2851,32.8427],[75.2846,32.842],[75.2844,32.8416],[75.2819,32.8374],[75.2824,32.839],[75.2821,32.8407],[75.2821,32.8408],[75.2821,32.8411],[75.2822,32.8417],[75.282,32.8423],[75.2799,32.845],[75.2746,32.8487],[75.2681,32.8562],[75.2656,32.8576],[75.2638,32.8592],[75.2635,32.8597],[75.2633,32.8611],[75.2635,32.8625],[75.2661,32.8679],[75.2658,32.8693],[75.2654,32.8704],[75.2649,32.8711],[75.2604,32.8768],[75.255,32.878],[75.2513,32.8781],[75.251,32.878],[75.2504,32.878],[75.2497,32.8777],[75.2441,32.8751],[75.2399,32.863],[75.2424,32.8582],[75.2372,32.8564],[75.2371,32.8564],[75.236,32.8566],[75.236,32.857],[75.2361,32.8573],[75.2362,32.8578],[75.2362,32.8581],[75.2362,32.8582],[75.2363,32.8583],[75.236,32.8585],[75.2356,32.8591],[75.2352,32.8596],[75.235,32.8598],[75.2349,32.8599],[75.2348,32.8599],[75.2345,32.86],[75.2326,32.8602],[75.2326,32.8603],[75.2327,32.8605],[75.2328,32.8616],[75.2328,32.862],[75.2328,32.8622],[75.2328,32.8623],[75.2329,32.8624],[75.2328,32.8624],[75.2324,32.8624],[75.2312,32.8624],[75.2304,32.8624],[75.2303,32.8624],[75.2302,32.8624],[75.2301,32.8624],[75.23,32.8624],[75.2296,32.8625],[75.2292,32.8627],[75.229,32.8628],[75.2289,32.8628],[75.2288,32.8628],[75.2286,32.8629],[75.2262,32.862],[75.2223,32.8606],[75.222,32.8603],[75.2214,32.8596],[75.221,32.8591],[75.2209,32.859],[75.2207,32.8589],[75.2159,32.8573],[75.213,32.8576],[75.2118,32.8588],[75.2105,32.8596],[75.2096,32.8605],[75.2078,32.8606],[75.2035,32.8575],[75.1968,32.8544],[75.193,32.8517],[75.1867,32.857],[75.178,32.8572],[75.1745,32.859],[75.1761,32.8605],[75.1778,32.8619],[75.1799,32.8681],[75.18,32.8684],[75.1801,32.8688],[75.18,32.8696],[75.1799,32.8703],[75.1798,32.871],[75.1802,32.8715],[75.1815,32.8727],[75.1821,32.8732],[75.1821,32.8738],[75.1822,32.8744],[75.1822,32.8749],[75.1823,32.8749],[75.1824,32.875],[75.1831,32.8756],[75.1842,32.876],[75.1878,32.8766],[75.1912,32.8802],[75.1928,32.8846],[75.1927,32.886],[75.1911,32.8885],[75.1915,32.89],[75.1925,32.891],[75.1923,32.8928],[75.1915,32.894],[75.1908,32.8952],[75.1902,32.8966],[75.1912,32.9004],[75.1928,32.9017],[75.1948,32.9035],[75.1955,32.9064],[75.1957,32.9074],[75.1957,32.9079],[75.1958,32.9095],[75.195,32.9107],[75.1932,32.9109],[75.1889,32.9129],[75.1877,32.9139],[75.1871,32.919],[75.1859,32.9205],[75.1854,32.9216],[75.1854,32.9229],[75.1895,32.9266],[75.1879,32.928],[75.186,32.9293],[75.1855,32.9291],[75.1853,32.9287],[75.1851,32.928],[75.1845,32.928],[75.1836,32.9281],[75.1821,32.9286],[75.1807,32.9286],[75.1788,32.9277],[75.1776,32.9277],[75.1765,32.9282],[75.1715,32.9298],[75.1705,32.9301],[75.1697,32.9316],[75.1692,32.9321],[75.1684,32.9325],[75.1672,32.9325],[75.1657,32.932],[75.1655,32.9319]]]},"properties":{"ac_no":61,"ac_name":"CHENANI","ac_category":"GEN","st_name":"JAMMU AND KASHMIR"}},{"type":"Feature","geometry":{"type":"Polygon","coordinates":[[[75.231,33.1237],[75.231,33.1236],[75.2297,33.1222],[75.2296,33.1222],[75.229,33.1222],[75.2266,33.1221],[75.2265,33.1221],[75.2264,33.122],[75.2257,33.1217],[75.2237,33.1209],[75.2234,33.1209],[75.2219,33.121],[75.2167,33.1204],[75.2152,33.1213],[75.2075,33.1195],[75.2055,33.1163],[75.2001,33.1165],[75.2001,33.1164],[75.1998,33.1162],[75.1991,33.1157],[75.1973,33.1143],[75.1907,33.1093],[75.1905,33.1093],[75.1901,33.1093],[75.1899,33.1094],[75.1898,33.1094],[75.1897,33.1094],[75.1892,33.1094],[75.1892,33.1095],[75.1889,33.1098],[75.1882,33.1104],[75.1881,33.1103],[75.1878,33.1101],[75.1862,33.109],[75.1861,33.109],[75.1858,33.1091],[75.1856,33.1093],[75.1855,33.1093],[75.1854,33.1094],[75.1852,33.1094],[75.1852,33.1095],[75.1852,33.1096],[75.185,33.1098],[75.1845,33.1108],[75.1844,33.1108],[75.1841,33.1107],[75.1819,33.1098],[75.179,33.1088],[75.1787,33.1047],[75.1806,33.0983],[75.1743,33.0945],[75.1766,33.0826],[75.1807,33.0763],[75.1824,33.0658],[75.1809,33.0591],[75.1708,33.0486],[75.1614,33.0423],[75.1374,33.0242],[75.1323,33.0158],[75.1334,33.0047],[75.1372,33.0015],[75.1374,33.0018],[75.1384,33.0032],[75.1386,33.0032],[75.139,33.0035],[75.1395,33.0037],[75.1397,33.0038],[75.1399,33.0039],[75.14,33.004],[75.1416,33.0048],[75.1417,33.0048],[75.1419,33.0048],[75.1424,33.0048],[75.1425,33.0048],[75.1426,33.0048],[75.1438,33.0051],[75.1449,33.0054],[75.145,33.0054],[75.1451,33.0054],[75.1455,33.0054],[75.1457,33.0054],[75.146,33.0054],[75.1468,33.0054],[75.147,33.0054],[75.1482,33.005],[75.15,33.0044],[75.1533,33.0044],[75.1545,32.9988],[75.1508,32.9985],[75.1489,32.9958],[75.1458,32.9879],[75.1457,32.9804],[75.1447,32.9753],[75.1476,32.9723],[75.1395,32.9694],[75.1388,32.9631],[75.1371,32.9604],[75.1397,32.9562],[75.1422,32.9572],[75.1495,32.9562],[75.153,32.9524],[75.153,32.9517],[75.1561,32.9495],[75.1544,32.945],[75.155,32.9402],[75.1437,32.9404],[75.1425,32.9443],[75.1418,32.9451],[75.1378,32.9427],[75.132,32.942],[75.1344,32.9348],[75.1392,32.9369],[75.1403,32.9345],[75.1322,32.9289],[75.1363,32.9269],[75.1378,32.9286],[75.1423,32.932],[75.1455,32.9293],[75.1446,32.9254],[75.1504,32.9229],[75.1601,32.923],[75.1607,32.9278],[75.1633,32.9303],[75.1645,32.9312],[75.1655,32.9319],[75.167,32.9291],[75.1675,32.928],[75.1672,32.9245],[75.1766,32.9235],[75.1787,32.9215],[75.1786,32.9194],[75.1739,32.9206],[75.1739,32.9205],[75.1738,32.9204],[75.1732,32.92],[75.1732,32.9199],[75.1731,32.9199],[75.1728,32.9199],[75.1727,32.9199],[75.1726,32.9198],[75.1724,32.9198],[75.1719,32.9197],[75.1718,32.9197],[75.1717,32.9199],[75.1709,32.9206],[75.1707,32.9205],[75.1702,32.9205],[75.17,32.9205],[75.1699,32.9204],[75.1696,32.9204],[75.1694,32.9203],[75.1686,32.9199],[75.1679,32.9196],[75.1676,32.9195],[75.1675,32.9195],[75.1675,32.9194],[75.1673,32.9193],[75.1669,32.9192],[75.1648,32.9181],[75.1657,32.9102],[75.1669,32.9058],[75.1681,32.904],[75.1657,32.9027],[75.1612,32.9024],[75.1563,32.9018],[75.1537,32.9016],[75.1534,32.9016],[75.1534,32.9027],[75.1533,32.904],[75.1533,32.9046],[75.1533,32.9051],[75.1534,32.9074],[75.1489,32.907],[75.1438,32.9092],[75.1417,32.9045],[75.1409,32.9045],[75.1395,32.9052],[75.1386,32.9052],[75.1373,32.905],[75.1362,32.9048],[75.1345,32.9079],[75.135,32.909],[75.1353,32.9105],[75.1348,32.9117],[75.134,32.9124],[75.1341,32.9123],[75.1346,32.9122],[75.136,32.9118],[75.1382,32.9136],[75.1381,32.915],[75.138,32.915],[75.1378,32.9152],[75.1367,32.9165],[75.1369,32.9164],[75.1372,32.9164],[75.1378,32.9162],[75.1396,32.9162],[75.141,32.9166],[75.1438,32.9177],[75.1436,32.9183],[75.1436,32.9194],[75.1438,32.9206],[75.1399,32.9248],[75.1376,32.9217],[75.132,32.9173],[75.1313,32.9162],[75.1319,32.9126],[75.1231,32.9127],[75.1221,32.9123],[75.1211,32.9122],[75.1179,32.9114],[75.1179,32.9126],[75.118,32.9139],[75.1183,32.9148],[75.1185,32.9157],[75.1189,32.9163],[75.1194,32.9171],[75.1197,32.9176],[75.1192,32.9183],[75.118,32.9192],[75.1174,32.9198],[75.1167,32.9198],[75.116,32.9199],[75.1138,32.9195],[75.1091,32.917],[75.1091,32.9171],[75.1092,32.9174],[75.1096,32.9189],[75.1099,32.92],[75.1095,32.9221],[75.1123,32.9302],[75.1123,32.9338],[75.1127,32.9346],[75.1132,32.9354],[75.114,32.9362],[75.1095,32.937],[75.1068,32.9349],[75.1044,32.9293],[75.1042,32.9279],[75.1035,32.9254],[75.0992,32.9154],[75.0986,32.9091],[75.0994,32.9065],[75.1008,32.905],[75.1018,32.9048],[75.1017,32.9043],[75.101,32.9038],[75.1001,32.9026],[75.0994,32.8993],[75.099,32.8985],[75.0991,32.8973],[75.0952,32.8923],[75.1034,32.8884],[75.1042,32.8866],[75.1043,32.8861],[75.1044,32.8857],[75.1069,32.8836],[75.107,32.8814],[75.107,32.8793],[75.107,32.875],[75.1074,32.872],[75.1065,32.8697],[75.105,32.867],[75.1042,32.8661],[75.104,32.8666],[75.1041,32.8689],[75.1043,32.8717],[75.1039,32.8737],[75.1032,32.8748],[75.1001,32.8775],[75.0924,32.8822],[75.0888,32.8833],[75.084,32.8871],[75.0827,32.8872],[75.0816,32.8872],[75.0814,32.887],[75.0812,32.8869],[75.0812,32.8862],[75.0813,32.8855],[75.0815,32.8852],[75.0822,32.8845],[75.0823,32.8839],[75.0824,32.8833],[75.0824,32.8829],[75.0823,32.8825],[75.082,32.8823],[75.0812,32.8825],[75.0805,32.8831],[75.0798,32.8834],[75.073,32.8858],[75.0726,32.8857],[75.0722,32.8856],[75.0716,32.8852],[75.0706,32.8851],[75.0665,32.8867],[75.0543,32.8977],[75.051,32.9021],[75.0497,32.9032],[75.0491,32.9035],[75.0487,32.9043],[75.0471,32.9073],[75.0467,32.9113],[75.044,32.9149],[75.0431,32.9155],[75.0423,32.9163],[75.0411,32.9178],[75.0358,32.9222],[75.0313,32.924],[75.0279,32.9296],[75.028,32.9301],[75.0283,32.9311],[75.0281,32.9318],[75.028,32.9324],[75.0278,32.9331],[75.0277,32.9338],[75.0275,32.9346],[75.0272,32.937],[75.0267,32.9375],[75.025,32.9393],[75.024,32.9412],[75.0235,32.9445],[75.024,32.9449],[75.0247,32.9457],[75.0252,32.9462],[75.0259,32.949],[75.023,32.9509],[75.0247,32.9573],[75.021,32.9689],[75.0218,32.9727],[75.0199,32.9755],[75.02,32.9763],[75.0216,32.9771],[75.0233,32.9779],[75.0239,32.9782],[75.0245,32.9785],[75.0241,32.979],[75.0237,32.9795],[75.023,32.9801],[75.0227,32.9808],[75.0232,32.9821],[75.0234,32.9832],[75.0241,32.984],[75.0254,32.9857],[75.0263,32.9877],[75.0171,32.9908],[75.0154,32.9906],[75.0149,32.9905],[75.0144,32.9905],[75.0142,32.9908],[75.014,32.991],[75.0124,32.9907],[75.0123,32.9906],[75.0121,32.9905],[75.0119,32.9903],[75.0117,32.9899],[75.0108,32.9892],[75.0096,32.9885],[75.0089,32.9885],[75.0086,32.9885],[75.007,32.9884],[75.0069,32.9884],[75.0058,32.9891],[75.0048,32.9897],[75.0039,32.9901],[75.0028,32.9906],[74.9991,32.9917],[75.0011,32.9805],[74.9991,32.9649],[74.9983,32.9652],[74.9978,32.9659],[74.9976,32.9679],[74.9957,32.9698],[74.9938,32.9704],[74.9934,32.9712],[74.9932,32.9718],[74.9929,32.972],[74.9926,32.9721],[74.9917,32.972],[74.9911,32.9729],[74.9909,32.9731],[74.9907,32.9733],[74.9903,32.9734],[74.9899,32.973],[74.9887,32.9719],[74.9866,32.9721],[74.9865,32.973],[74.9867,32.9735],[74.9858,32.975],[74.986,32.9751],[74.9866,32.9753],[74.987,32.9756],[74.9874,32.976],[74.9876,32.9764],[74.9893,32.982],[74.9912,32.9849],[74.9916,32.9857],[74.9918,32.9862],[74.9919,32.9867],[74.9923,32.9881],[74.9948,32.9918],[74.9949,32.9927],[74.995,32.9932],[74.995,32.9937],[74.9951,32.9941],[74.9953,32.9951],[74.996,32.9974],[74.996,32.9978],[74.996,32.9983],[74.9954,33.0002],[74.9939,33.0027],[74.9934,33.0036],[74.9934,33.0041],[74.9936,33.0045],[74.9939,33.0049],[74.9948,33.0056],[74.9951,33.006],[74.9955,33.0064],[74.9958,33.0068],[74.9961,33.0072],[74.9966,33.008],[74.9992,33.0167],[74.9983,33.018],[74.9981,33.0184],[74.9979,33.0188],[74.9977,33.0193],[74.9967,33.0204],[74.9951,33.021],[74.9947,33.0213],[74.9918,33.0228],[74.9913,33.0231],[74.9909,33.0234],[74.99,33.024],[74.9892,33.0247],[74.9885,33.0255],[74.9869,33.0274],[74.9832,33.0287],[74.9788,33.0281],[74.977,33.0273],[74.9766,33.0273],[74.9765,33.0278],[74.9766,33.0297],[74.9767,33.0301],[74.9766,33.0306],[74.9752,33.032],[74.9683,33.0315],[74.9678,33.0315],[74.9672,33.0315],[74.966,33.0317],[74.965,33.0322],[74.9648,33.0326],[74.9647,33.0331],[74.9646,33.0336],[74.9646,33.0341],[74.9645,33.0345],[74.9642,33.0355],[74.9638,33.0392],[74.9629,33.0405],[74.9628,33.041],[74.9629,33.0412],[74.9629,33.0413],[74.9629,33.0414],[74.9631,33.0419],[74.9639,33.0427],[74.9686,33.0453],[74.9695,33.0459],[74.97,33.0461],[74.9704,33.0464],[74.9709,33.0467],[74.9718,33.0473],[74.9752,33.0491],[74.9757,33.0494],[74.9762,33.0496],[74.9767,33.0498],[74.9772,33.05],[74.9778,33.0503],[74.9783,33.0504],[74.9788,33.0506],[74.9794,33.0508],[74.9866,33.0521],[74.9872,33.0522],[74.9878,33.0523],[74.9888,33.0527],[74.9917,33.0598],[74.9958,33.0624],[74.9984,33.0634],[74.9988,33.0638],[74.999,33.0642],[74.9986,33.065],[74.9922,33.069],[74.986,33.0725],[74.9856,33.0728],[74.9852,33.0731],[74.9848,33.0735],[74.9844,33.0738],[74.9835,33.0745],[74.981,33.0755],[74.9804,33.0756],[74.9799,33.0756],[74.9793,33.0757],[74.9787,33.0757],[74.9782,33.0757],[74.9753,33.0754],[74.9712,33.0745],[74.9707,33.0745],[74.9702,33.0747],[74.9698,33.0751],[74.9697,33.0755],[74.9698,33.0759],[74.9701,33.0764],[74.9703,33.0769],[74.9705,33.0774],[74.9707,33.0778],[74.9708,33.0783],[74.9708,33.0788],[74.9709,33.0792],[74.971,33.0797],[74.9721,33.0813],[74.9725,33.0817],[74.9728,33.082],[74.974,33.0832],[74.9747,33.084],[74.9771,33.0872],[74.9778,33.0879],[74.9782,33.0883],[74.9785,33.0887],[74.9793,33.0894],[74.9844,33.0939],[74.9866,33.0967],[74.9873,33.0975],[74.9877,33.0978],[74.9881,33.0981],[74.9891,33.0987],[74.99,33.0992],[74.9915,33.0999],[74.9925,33.1004],[74.993,33.1007],[74.9935,33.1009],[74.994,33.1012],[74.9944,33.1014],[74.9949,33.1016],[74.9954,33.1019],[74.9959,33.1021],[74.9964,33.1024],[74.9969,33.1026],[75.0031,33.1052],[75.0186,33.1101],[75.0271,33.115],[75.0275,33.1153],[75.028,33.1155],[75.0293,33.1165],[75.0309,33.1178],[75.0342,33.1211],[75.0346,33.1215],[75.0349,33.1219],[75.0353,33.1222],[75.0357,33.1226],[75.036,33.123],[75.0364,33.1233],[75.0368,33.1237],[75.0372,33.124],[75.0376,33.1244],[75.0379,33.1247],[75.0383,33.1251],[75.0387,33.1254],[75.0391,33.1258],[75.0395,33.1261],[75.0399,33.1265],[75.0403,33.1268],[75.0407,33.1271],[75.0411,33.1275],[75.0416,33.1278],[75.042,33.1281],[75.0424,33.1284],[75.0429,33.1287],[75.0433,33.129],[75.0451,33.1302],[75.0456,33.1304],[75.0461,33.1307],[75.047,33.1312],[75.0492,33.132],[75.0503,33.1321],[75.0509,33.1322],[75.052,33.132],[75.0602,33.13],[75.0608,33.13],[75.0614,33.13],[75.0625,33.1301],[75.0665,33.1307],[75.0686,33.1314],[75.0722,33.1338],[75.0726,33.1342],[75.073,33.1345],[75.0737,33.1352],[75.0754,33.1377],[75.0754,33.1382],[75.0753,33.1387],[75.0752,33.1391],[75.0754,33.1401],[75.0771,33.1415],[75.0774,33.1419],[75.0775,33.1423],[75.0775,33.1428],[75.0772,33.1432],[75.0767,33.1434],[75.0749,33.1436],[75.0721,33.1412],[75.0695,33.1408],[75.0693,33.1412],[75.0691,33.1417],[75.069,33.1426],[75.069,33.1436],[75.0696,33.1449],[75.07,33.1452],[75.0706,33.1454],[75.0711,33.1456],[75.072,33.1463],[75.072,33.1467],[75.0718,33.1471],[75.0713,33.1475],[75.0702,33.1478],[75.0685,33.148],[75.0679,33.1482],[75.0674,33.1483],[75.0621,33.1531],[75.062,33.1536],[75.0618,33.154],[75.0609,33.1552],[75.0606,33.1557],[75.0604,33.1562],[75.0604,33.1566],[75.0608,33.157],[75.0613,33.1572],[75.0619,33.1573],[75.0636,33.1574],[75.0651,33.158],[75.0656,33.1583],[75.0661,33.1586],[75.0669,33.1592],[75.0672,33.1596],[75.0675,33.16],[75.0677,33.1605],[75.0683,33.1619],[75.0685,33.1623],[75.0687,33.1628],[75.0713,33.1645],[75.0747,33.1652],[75.0769,33.1658],[75.0779,33.1663],[75.0784,33.1666],[75.0788,33.1674],[75.0769,33.1703],[75.0767,33.1708],[75.0765,33.1713],[75.0764,33.1718],[75.0764,33.1723],[75.0764,33.1728],[75.0765,33.1732],[75.0766,33.1737],[75.0769,33.1741],[75.0772,33.1745],[75.078,33.1751],[75.079,33.1756],[75.0849,33.1779],[75.0863,33.1792],[75.0868,33.1801],[75.0872,33.181],[75.0875,33.1815],[75.0883,33.1828],[75.0886,33.1832],[75.0889,33.1836],[75.0892,33.1839],[75.0895,33.1843],[75.0899,33.1847],[75.0903,33.1851],[75.0906,33.1854],[75.091,33.1858],[75.0914,33.1862],[75.0918,33.1865],[75.0922,33.1869],[75.0926,33.1872],[75.093,33.1875],[75.0934,33.1879],[75.0938,33.1882],[75.0942,33.1886],[75.0946,33.1889],[75.0948,33.1891],[75.0958,33.1881],[75.098,33.1868],[75.1035,33.183],[75.1116,33.1802],[75.116,33.1797],[75.1202,33.179],[75.1216,33.1786],[75.1326,33.17],[75.1375,33.1651],[75.1458,33.1559],[75.1506,33.1505],[75.1532,33.1443],[75.1564,33.1413],[75.1661,33.145],[75.1687,33.1462],[75.1774,33.1482],[75.1834,33.1488],[75.1926,33.1498],[75.2037,33.1488],[75.2102,33.1467],[75.2186,33.1431],[75.2233,33.1386],[75.2265,33.1335],[75.231,33.1237]]]},"properties":{"ac_no":59,"ac_name":"UDHAMPUR WEST","ac_category":"GEN","st_name":"JAMMU AND KASHMIR"}},{"type":"Feature","geometry":{"type":"Polygon","coordinates":[[[75.6952,32.8389],[75.6953,32.8385],[75.6952,32.8378],[75.6901,32.833],[75.69,32.8327],[75.6895,32.8312],[75.6893,32.8301],[75.6891,32.829],[75.6888,32.8287],[75.6881,32.8284],[75.6874,32.8283],[75.687,32.8281],[75.6869,32.828],[75.686,32.8251],[75.6839,32.8228],[75.683,32.822],[75.6827,32.8218],[75.6824,32.8216],[75.6825,32.8215],[75.6844,32.8206],[75.6854,32.82],[75.6864,32.8193],[75.6869,32.8191],[75.6873,32.8188],[75.688,32.8181],[75.6885,32.8178],[75.689,32.8175],[75.6898,32.8169],[75.6904,32.816],[75.6876,32.8084],[75.6903,32.8055],[75.6906,32.7964],[75.6873,32.7948],[75.6857,32.7918],[75.6833,32.7905],[75.6827,32.7896],[75.682,32.7893],[75.6778,32.7892],[75.6762,32.7882],[75.6718,32.7881],[75.6711,32.7872],[75.6704,32.786],[75.6701,32.7816],[75.6691,32.7802],[75.6688,32.7793],[75.6668,32.7789],[75.6661,32.7784],[75.6643,32.7776],[75.6621,32.7779],[75.6592,32.7764],[75.6584,32.7758],[75.6576,32.7752],[75.6561,32.7732],[75.6537,32.7736],[75.6502,32.7744],[75.6489,32.7745],[75.6487,32.7743],[75.6479,32.7731],[75.647,32.7726],[75.6457,32.7721],[75.6438,32.7725],[75.6412,32.7721],[75.6402,32.7721],[75.6396,32.7721],[75.639,32.772],[75.638,32.7721],[75.634,32.7712],[75.62,32.7736],[75.6179,32.7745],[75.6167,32.7753],[75.6163,32.7758],[75.6153,32.7745],[75.6144,32.7733],[75.6119,32.7714],[75.6023,32.7695],[75.6015,32.7688],[75.5999,32.7686],[75.5991,32.7681],[75.5982,32.7666],[75.5974,32.7651],[75.5958,32.7647],[75.5934,32.7641],[75.5933,32.7641],[75.5907,32.7617],[75.5892,32.7617],[75.5873,32.7612],[75.5863,32.7607],[75.5862,32.7605],[75.5863,32.76],[75.5874,32.7581],[75.588,32.7571],[75.5877,32.7565],[75.5871,32.7554],[75.587,32.7548],[75.5869,32.7542],[75.5864,32.7536],[75.5864,32.7535],[75.5863,32.7534],[75.5866,32.753],[75.5868,32.7527],[75.5878,32.7518],[75.5854,32.7504],[75.5838,32.7498],[75.5843,32.7455],[75.5838,32.7446],[75.5829,32.7443],[75.582,32.7446],[75.5751,32.756],[75.5682,32.7587],[75.5668,32.7589],[75.5654,32.7591],[75.5639,32.7594],[75.563,32.7593],[75.5597,32.7577],[75.5583,32.7595],[75.5585,32.76],[75.5591,32.7605],[75.5582,32.7611],[75.5566,32.7631],[75.5562,32.7643],[75.556,32.7651],[75.5559,32.766],[75.5556,32.7663],[75.5545,32.7665],[75.5532,32.767],[75.5527,32.7678],[75.5525,32.7732],[75.5522,32.7733],[75.5492,32.7733],[75.5463,32.7733],[75.5455,32.7729],[75.5441,32.7725],[75.5434,32.7726],[75.5426,32.7728],[75.5416,32.7726],[75.5405,32.7724],[75.5399,32.7721],[75.5392,32.7718],[75.5386,32.7713],[75.5361,32.7716],[75.535,32.7716],[75.5335,32.7712],[75.5304,32.7716],[75.5243,32.7704],[75.5225,32.7687],[75.5203,32.7677],[75.5168,32.7705],[75.5126,32.7684],[75.5098,32.7678],[75.5083,32.7673],[75.5069,32.7666],[75.5051,32.7664],[75.5043,32.7661],[75.5033,32.7658],[75.4959,32.7667],[75.4939,32.7645],[75.4932,32.7615],[75.4926,32.7603],[75.492,32.7588],[75.4909,32.7565],[75.4909,32.7558],[75.4908,32.7553],[75.4908,32.7551],[75.4913,32.7511],[75.4907,32.75],[75.4908,32.7498],[75.491,32.7496],[75.4893,32.7447],[75.4893,32.7445],[75.4893,32.7438],[75.4893,32.7436],[75.4901,32.7408],[75.4898,32.7401],[75.4875,32.7379],[75.487,32.737],[75.4834,32.734],[75.4829,32.7329],[75.4828,32.7312],[75.4829,32.7306],[75.4829,32.7302],[75.4829,32.7298],[75.483,32.7289],[75.4829,32.7287],[75.4828,32.7283],[75.4826,32.7278],[75.4825,32.7276],[75.4823,32.7274],[75.4822,32.7269],[75.4822,32.726],[75.4824,32.7254],[75.4827,32.7247],[75.4828,32.7244],[75.4829,32.724],[75.483,32.7236],[75.4833,32.7232],[75.4833,32.7231],[75.4837,32.7226],[75.4837,32.7218],[75.4838,32.7215],[75.4838,32.7212],[75.4838,32.7207],[75.4838,32.7206],[75.4838,32.7203],[75.4837,32.7202],[75.4838,32.7199],[75.484,32.7191],[75.4842,32.7179],[75.4843,32.7168],[75.4837,32.7141],[75.4836,32.7136],[75.4834,32.7131],[75.4829,32.7129],[75.4823,32.7127],[75.482,32.7127],[75.4818,32.7127],[75.4815,32.7126],[75.4812,32.7126],[75.4779,32.7112],[75.477,32.7108],[75.4767,32.7104],[75.4766,32.7097],[75.4766,32.7096],[75.4765,32.7088],[75.4764,32.7088],[75.4763,32.7087],[75.4763,32.7086],[75.4759,32.7088],[75.4746,32.7097],[75.4684,32.7104],[75.4662,32.7116],[75.4628,32.7127],[75.4605,32.7138],[75.4592,32.7152],[75.4582,32.7167],[75.4597,32.7205],[75.4589,32.7223],[75.4587,32.7234],[75.4572,32.7269],[75.4522,32.7282],[75.4418,32.7246],[75.4341,32.7236],[75.4319,32.7313],[75.4276,32.7316],[75.4283,32.7295],[75.4302,32.7297],[75.4303,32.7275],[75.4273,32.7272],[75.4229,32.7278],[75.4212,32.726],[75.4209,32.7261],[75.4206,32.7266],[75.4204,32.7275],[75.4207,32.7284],[75.4215,32.7301],[75.4222,32.731],[75.4225,32.7318],[75.4226,32.7325],[75.4222,32.7331],[75.4219,32.7332],[75.4217,32.7334],[75.4213,32.7334],[75.419,32.7339],[75.4184,32.7339],[75.4167,32.7336],[75.4131,32.7359],[75.4122,32.7378],[75.4121,32.7399],[75.4122,32.7407],[75.4114,32.7408],[75.411,32.7405],[75.4105,32.7403],[75.4102,32.7397],[75.4101,32.7393],[75.4096,32.7395],[75.4077,32.7413],[75.4069,32.7414],[75.4065,32.7413],[75.4061,32.7413],[75.4059,32.7411],[75.4057,32.7408],[75.4053,32.7409],[75.405,32.741],[75.4047,32.7411],[75.4039,32.7408],[75.4031,32.7404],[75.4029,32.7401],[75.403,32.7385],[75.4015,32.7385],[75.4003,32.7408],[75.3974,32.7406],[75.3965,32.7402],[75.3957,32.7398],[75.3954,32.7397],[75.3952,32.7395],[75.3937,32.7385],[75.3934,32.7385],[75.3931,32.7386],[75.3921,32.7384],[75.3917,32.7395],[75.3898,32.74],[75.3863,32.7387],[75.3856,32.7381],[75.3852,32.7377],[75.3848,32.7374],[75.3846,32.737],[75.3843,32.7367],[75.384,32.7346],[75.3838,32.7341],[75.3837,32.7335],[75.3834,32.7314],[75.3831,32.7312],[75.3829,32.731],[75.3822,32.7307],[75.3791,32.7332],[75.3711,32.734],[75.3626,32.7307],[75.3535,32.7315],[75.3553,32.7282],[75.3562,32.7262],[75.3572,32.7245],[75.3581,32.7228],[75.3579,32.7212],[75.3567,32.7213],[75.3554,32.7212],[75.3547,32.7207],[75.354,32.7201],[75.3532,32.7196],[75.3512,32.7171],[75.3496,32.7151],[75.3439,32.7105],[75.342,32.7094],[75.3413,32.7091],[75.3406,32.7089],[75.3352,32.7083],[75.3339,32.7086],[75.3323,32.709],[75.3314,32.7092],[75.3306,32.7094],[75.3288,32.7102],[75.3269,32.7111],[75.325,32.7121],[75.3247,32.7116],[75.3243,32.7112],[75.323,32.7114],[75.3111,32.7119],[75.3082,32.7134],[75.3011,32.7031],[75.2984,32.7003],[75.2978,32.7011],[75.2973,32.7015],[75.2942,32.6983],[75.2939,32.6978],[75.2937,32.6975],[75.2934,32.6973],[75.2926,32.6967],[75.2923,32.6964],[75.2907,32.6953],[75.291,32.6993],[75.2861,32.6998],[75.2842,32.6996],[75.2824,32.6994],[75.2818,32.6995],[75.2804,32.7006],[75.2794,32.702],[75.2742,32.7061],[75.2662,32.7094],[75.2655,32.7101],[75.2648,32.7112],[75.2643,32.7119],[75.2639,32.7121],[75.2632,32.7123],[75.2624,32.7125],[75.2617,32.7126],[75.2611,32.7127],[75.2598,32.7128],[75.2582,32.7136],[75.2576,32.7136],[75.2569,32.7136],[75.2527,32.713],[75.2523,32.7144],[75.2514,32.7166],[75.251,32.718],[75.251,32.7195],[75.2517,32.7203],[75.2524,32.7211],[75.2536,32.7283],[75.2517,32.7308],[75.2515,32.7321],[75.2521,32.7328],[75.2522,32.7332],[75.2522,32.7338],[75.2487,32.7368],[75.2503,32.7377],[75.2512,32.7385],[75.2513,32.7395],[75.2504,32.7408],[75.2501,32.7418],[75.2501,32.7448],[75.2505,32.7453],[75.2512,32.7453],[75.2519,32.7456],[75.252,32.7461],[75.2519,32.7467],[75.2517,32.7472],[75.2515,32.7477],[75.2512,32.7476],[75.2509,32.7476],[75.2504,32.7475],[75.2494,32.7485],[75.2451,32.7504],[75.249,32.7598],[75.2466,32.7795],[75.2477,32.7851],[75.2463,32.7854],[75.243,32.7866],[75.2396,32.7878],[75.2367,32.7887],[75.2338,32.7896],[75.2311,32.7906],[75.2235,32.7906],[75.2216,32.7906],[75.2139,32.7929],[75.1993,32.7979],[75.1973,32.7984],[75.1954,32.799],[75.1947,32.7994],[75.1939,32.7999],[75.1927,32.8008],[75.1899,32.8026],[75.1893,32.8028],[75.1887,32.803],[75.1761,32.8018],[75.1738,32.802],[75.1727,32.8021],[75.1698,32.8021],[75.1649,32.8012],[75.1607,32.8011],[75.1568,32.8014],[75.1568,32.8022],[75.1574,32.8028],[75.1574,32.804],[75.1584,32.8048],[75.16,32.8064],[75.1681,32.8113],[75.1731,32.8113],[75.1749,32.8108],[75.1777,32.811],[75.1798,32.8112],[75.1818,32.8117],[75.1885,32.8114],[75.1947,32.8111],[75.2009,32.811],[75.1914,32.8181],[75.1925,32.8186],[75.1944,32.8197],[75.197,32.8212],[75.1985,32.8219],[75.2022,32.8251],[75.2016,32.8323],[75.2044,32.8354],[75.2043,32.8368],[75.2079,32.8383],[75.2119,32.8431],[75.2118,32.844],[75.2121,32.8462],[75.2144,32.8491],[75.2142,32.8506],[75.2138,32.8512],[75.2131,32.8518],[75.2135,32.8532],[75.2146,32.8557],[75.2159,32.8573],[75.2207,32.8589],[75.2223,32.8605],[75.2223,32.8606],[75.2286,32.8629],[75.23,32.8624],[75.2328,32.8624],[75.2329,32.8624],[75.2326,32.8602],[75.2349,32.8599],[75.2363,32.8583],[75.236,32.8567],[75.236,32.8566],[75.2372,32.8564],[75.2424,32.8582],[75.2399,32.863],[75.2441,32.8751],[75.2497,32.8777],[75.2504,32.878],[75.251,32.878],[75.2513,32.8781],[75.255,32.878],[75.2604,32.8768],[75.2641,32.8718],[75.2649,32.8711],[75.2658,32.8693],[75.2661,32.8679],[75.2635,32.8625],[75.2638,32.8592],[75.2656,32.8576],[75.2681,32.8562],[75.2746,32.8487],[75.2799,32.845],[75.2813,32.843],[75.282,32.8423],[75.2821,32.8407],[75.2824,32.839],[75.2844,32.8416],[75.2846,32.842],[75.286,32.8439],[75.2868,32.8452],[75.2876,32.8463],[75.2887,32.8469],[75.2899,32.8471],[75.2957,32.8531],[75.2963,32.854],[75.2966,32.8546],[75.2982,32.8582],[75.2991,32.8615],[75.2992,32.8629],[75.3046,32.866],[75.3049,32.8665],[75.3064,32.8683],[75.3074,32.8692],[75.3077,32.8704],[75.3088,32.8718],[75.31,32.8724],[75.3106,32.8729],[75.3141,32.8776],[75.3165,32.8794],[75.3184,32.8809],[75.3199,32.8827],[75.3227,32.8859],[75.3258,32.8876],[75.3279,32.8884],[75.3291,32.8887],[75.3296,32.8895],[75.3301,32.8907],[75.3302,32.892],[75.3321,32.8945],[75.3363,32.8961],[75.3447,32.8975],[75.3455,32.8979],[75.3461,32.8981],[75.3469,32.8985],[75.3476,32.8988],[75.3554,32.901],[75.3659,32.9007],[75.3715,32.9039],[75.3739,32.9017],[75.3746,32.9011],[75.3754,32.9004],[75.377,32.8965],[75.3781,32.8945],[75.379,32.8933],[75.3806,32.892],[75.3836,32.8903],[75.384,32.89],[75.3847,32.8897],[75.3852,32.8894],[75.3873,32.8901],[75.3876,32.8899],[75.388,32.8898],[75.389,32.8889],[75.3896,32.8877],[75.3909,32.8875],[75.3916,32.8868],[75.3918,32.8862],[75.3918,32.8852],[75.3991,32.8839],[75.4005,32.8833],[75.4016,32.8825],[75.4037,32.8789],[75.4085,32.8764],[75.4104,32.8754],[75.4124,32.8742],[75.4131,32.8738],[75.4139,32.8733],[75.4143,32.8728],[75.416,32.8728],[75.417,32.8729],[75.4181,32.873],[75.42,32.8729],[75.422,32.8728],[75.4231,32.8726],[75.4241,32.8725],[75.435,32.8676],[75.4363,32.867],[75.437,32.8668],[75.4376,32.8667],[75.4384,32.8666],[75.4392,32.8665],[75.4401,32.8668],[75.4428,32.8672],[75.4467,32.8668],[75.4477,32.8658],[75.4484,32.8652],[75.449,32.8646],[75.4503,32.8634],[75.4544,32.8599],[75.4645,32.8591],[75.4711,32.8576],[75.4788,32.8559],[75.4938,32.8557],[75.502,32.8562],[75.5134,32.8574],[75.5204,32.859],[75.5285,32.8623],[75.5346,32.8695],[75.5428,32.8642],[75.579,32.8571],[75.5898,32.8554],[75.6014,32.8547],[75.6137,32.8558],[75.6065,32.8672],[75.6066,32.874],[75.6025,32.8811],[75.5953,32.8884],[75.5881,32.8952],[75.5773,32.9009],[75.5664,32.9053],[75.5566,32.908],[75.5509,32.9068],[75.5502,32.903],[75.5442,32.8962],[75.538,32.891],[75.5234,32.8878],[75.5126,32.8842],[75.5079,32.8815],[75.4991,32.8851],[75.498,32.8849],[75.4969,32.8847],[75.4939,32.8839],[75.49,32.8866],[75.4893,32.8866],[75.4889,32.8869],[75.4883,32.8875],[75.4862,32.8882],[75.4857,32.889],[75.4848,32.8896],[75.4843,32.8896],[75.4823,32.8893],[75.4817,32.8893],[75.4794,32.8903],[75.4728,32.8884],[75.4718,32.8886],[75.4711,32.889],[75.4685,32.8912],[75.467,32.8905],[75.4663,32.8903],[75.4658,32.8903],[75.4651,32.8905],[75.4619,32.8917],[75.4567,32.8909],[75.4554,32.8934],[75.4514,32.8936],[75.4469,32.8969],[75.4383,32.8975],[75.4398,32.9088],[75.444,32.9146],[75.448,32.9171],[75.4487,32.9174],[75.4494,32.9176],[75.4519,32.918],[75.4545,32.9188],[75.4567,32.9187],[75.459,32.9204],[75.4591,32.9217],[75.458,32.9234],[75.4573,32.9239],[75.4569,32.9242],[75.4564,32.9245],[75.4554,32.926],[75.4546,32.929],[75.4572,32.9311],[75.4577,32.9318],[75.4581,32.9326],[75.459,32.9341],[75.4594,32.9352],[75.4594,32.9358],[75.4594,32.9364],[75.4588,32.9378],[75.4518,32.9432],[75.4529,32.9473],[75.4543,32.9499],[75.4548,32.9506],[75.4554,32.9513],[75.4558,32.9528],[75.4565,32.9559],[75.4571,32.9574],[75.4616,32.958],[75.4683,32.9615],[75.472,32.9609],[75.4751,32.9581],[75.4764,32.9574],[75.4779,32.9571],[75.4795,32.9567],[75.4805,32.9566],[75.4816,32.9564],[75.4859,32.9556],[75.4866,32.9555],[75.4872,32.9554],[75.4893,32.9549],[75.4903,32.955],[75.4913,32.9551],[75.492,32.9553],[75.4927,32.9556],[75.4941,32.9562],[75.4982,32.9554],[75.5005,32.9556],[75.5011,32.9565],[75.502,32.9569],[75.5025,32.9571],[75.5032,32.9574],[75.5051,32.9587],[75.5054,32.9587],[75.5057,32.9587],[75.5067,32.9579],[75.5078,32.9572],[75.5121,32.9566],[75.5209,32.96],[75.5299,32.9563],[75.5302,32.9557],[75.5307,32.9545],[75.5311,32.9532],[75.5318,32.9522],[75.5323,32.9504],[75.5342,32.9494],[75.5362,32.9501],[75.5363,32.9507],[75.5377,32.952],[75.5422,32.9529],[75.5426,32.9542],[75.5435,32.9558],[75.5443,32.9569],[75.5457,32.9582],[75.5466,32.9593],[75.5482,32.9607],[75.5484,32.9611],[75.5503,32.9616],[75.551,32.9652],[75.5517,32.966],[75.5525,32.9662],[75.5536,32.9663],[75.5545,32.9662],[75.5553,32.9664],[75.5564,32.9668],[75.5572,32.9671],[75.5578,32.9674],[75.5622,32.9679],[75.5629,32.9676],[75.5643,32.967],[75.5652,32.9663],[75.566,32.9648],[75.5707,32.9617],[75.5717,32.9615],[75.5743,32.9616],[75.5767,32.9614],[75.5791,32.9575],[75.5778,32.9525],[75.5821,32.9471],[75.5842,32.9474],[75.5845,32.9474],[75.5849,32.9474],[75.589,32.9485],[75.5959,32.9498],[75.5984,32.9475],[75.6001,32.946],[75.6014,32.9455],[75.6018,32.9452],[75.6058,32.9436],[75.6081,32.94],[75.6129,32.9387],[75.6145,32.9403],[75.6154,32.9405],[75.6192,32.9405],[75.6223,32.9396],[75.6237,32.9397],[75.6246,32.9392],[75.6253,32.9384],[75.627,32.9371],[75.6283,32.9357],[75.6292,32.9354],[75.6308,32.9353],[75.6318,32.935],[75.633,32.9341],[75.6336,32.9331],[75.6371,32.9299],[75.647,32.9292],[75.648,32.9288],[75.6491,32.9281],[75.6562,32.9277],[75.6578,32.9264],[75.6582,32.9258],[75.6584,32.9251],[75.6596,32.9245],[75.6623,32.9231],[75.668,32.9118],[75.6682,32.9108],[75.6685,32.909],[75.669,32.9053],[75.67,32.9005],[75.673,32.8927],[75.6721,32.8899],[75.6729,32.8886],[75.673,32.8885],[75.6738,32.887],[75.6769,32.88],[75.6768,32.8793],[75.6754,32.8779],[75.6752,32.8757],[75.6754,32.874],[75.6752,32.8734],[75.6749,32.8726],[75.6755,32.8693],[75.6774,32.8679],[75.6794,32.8678],[75.6812,32.8679],[75.6834,32.8631],[75.6834,32.8626],[75.6834,32.8616],[75.6836,32.8604],[75.6841,32.8582],[75.6851,32.8558],[75.6853,32.8509],[75.6855,32.8503],[75.6859,32.8499],[75.6869,32.8492],[75.692,32.847],[75.6936,32.8444],[75.6943,32.8436],[75.6952,32.8389]]]},"properties":{"ac_no":62,"ac_name":"RAMNAGAR","ac_category":"SC","st_name":"JAMMU AND KASHMIR"}},{"type":"Feature","geometry":{"type":"Polygon","coordinates":[[[75.6485,33.1327],[75.6456,33.1287],[75.6366,33.1251],[75.6316,33.1242],[75.6298,33.1199],[75.6267,33.118],[75.6279,33.1126],[75.6264,33.1101],[75.622,33.1089],[75.622,33.1042],[75.6164,33.0983],[75.6114,33.0953],[75.6027,33.0949],[75.5982,33.0925],[75.595,33.0869],[75.5928,33.0861],[75.5904,33.0815],[75.5895,33.0732],[75.5875,33.0664],[75.5816,33.0657],[75.5781,33.0623],[75.5687,33.0582],[75.5663,33.0547],[75.5602,33.0531],[75.5593,33.0494],[75.5361,33.038],[75.528,33.0318],[75.5336,33.0119],[75.5203,33.0124],[75.5139,33.0112],[75.5083,33.0121],[75.4982,33.0118],[75.4923,33.01],[75.4866,33.0098],[75.488,33.0226],[75.4857,33.0224],[75.4621,33.0143],[75.4603,33.0111],[75.4622,33.0096],[75.4648,33.0134],[75.4678,33.013],[75.4684,33.0066],[75.4725,33.0016],[75.4657,33],[75.4566,32.9937],[75.4501,32.9905],[75.4407,32.987],[75.4309,32.9823],[75.4179,32.992],[75.4173,32.9945],[75.4228,32.9996],[75.4365,33.0055],[75.4347,33.0129],[75.4302,33.0299],[75.4283,33.0372],[75.4194,33.0565],[75.415,33.0551],[75.414,33.0513],[75.4103,33.0488],[75.4091,33.042],[75.4073,33.0382],[75.4083,33.0351],[75.3991,33.0347],[75.3933,33.0368],[75.3908,33.0395],[75.3906,33.0415],[75.3813,33.0446],[75.3765,33.0478],[75.3754,33.0495],[75.3701,33.0564],[75.3701,33.0664],[75.3693,33.069],[75.3709,33.0729],[75.3689,33.0831],[75.3696,33.0983],[75.3655,33.111],[75.364,33.1217],[75.3574,33.1382],[75.3556,33.1468],[75.3585,33.1484],[75.3719,33.1435],[75.3765,33.141],[75.3794,33.1436],[75.3856,33.153],[75.3925,33.159],[75.3921,33.1642],[75.395,33.1694],[75.4023,33.1903],[75.401,33.1957],[75.4041,33.1969],[75.4023,33.198],[75.3901,33.2032],[75.3891,33.2061],[75.3928,33.2112],[75.3896,33.2151],[75.3879,33.2195],[75.3879,33.2243],[75.3912,33.2343],[75.3896,33.2404],[75.3875,33.2435],[75.3803,33.2505],[75.3771,33.2559],[75.375,33.2683],[75.3758,33.2794],[75.3782,33.2845],[75.3818,33.295],[75.3851,33.3088],[75.3922,33.3421],[75.3933,33.3463],[75.3935,33.3488],[75.3931,33.3578],[75.3886,33.366],[75.3891,33.3653],[75.3899,33.3654],[75.397,33.3653],[75.4016,33.3674],[75.4157,33.3799],[75.4179,33.3807],[75.4191,33.3808],[75.4205,33.3805],[75.4206,33.3805],[75.4207,33.3805],[75.4222,33.3805],[75.4243,33.3802],[75.4329,33.3789],[75.4333,33.3789],[75.4334,33.3789],[75.4336,33.3789],[75.4337,33.3789],[75.4338,33.3788],[75.4352,33.3788],[75.442,33.3782],[75.4459,33.3794],[75.4474,33.3813],[75.4481,33.3859],[75.4514,33.3953],[75.4533,33.3978],[75.4534,33.3979],[75.4535,33.3979],[75.4541,33.3982],[75.4542,33.3983],[75.4543,33.3983],[75.4545,33.3984],[75.4547,33.3985],[75.4548,33.3985],[75.4555,33.3989],[75.4556,33.3989],[75.4566,33.3996],[75.4576,33.4],[75.4656,33.4032],[75.4695,33.4016],[75.4727,33.3998],[75.4811,33.4052],[75.4815,33.4055],[75.4817,33.4057],[75.4825,33.4064],[75.4827,33.4065],[75.4813,33.4099],[75.4955,33.4092],[75.5034,33.4065],[75.5163,33.3866],[75.5222,33.3842],[75.5252,33.3805],[75.5266,33.3682],[75.5341,33.3549],[75.5349,33.35],[75.5515,33.3389],[75.556,33.331],[75.5669,33.3179],[75.5687,33.3147],[75.5708,33.311],[75.5677,33.3071],[75.5703,33.301],[75.5709,33.2983],[75.5718,33.2909],[75.5768,33.2849],[75.5793,33.2799],[75.5776,33.2726],[75.5721,33.264],[75.571,33.2618],[75.571,33.2613],[75.5701,33.2548],[75.5697,33.2439],[75.5697,33.2436],[75.5689,33.2411],[75.5679,33.2383],[75.5682,33.2327],[75.5673,33.2279],[75.5637,33.2194],[75.5619,33.2156],[75.5587,33.2121],[75.5521,33.2106],[75.5459,33.207],[75.5373,33.2041],[75.5244,33.2009],[75.5243,33.2009],[75.5229,33.197],[75.5234,33.192],[75.5279,33.1796],[75.5275,33.1788],[75.5173,33.1762],[75.5148,33.1748],[75.513,33.1751],[75.5113,33.1711],[75.5084,33.1682],[75.4967,33.1673],[75.4863,33.1663],[75.4765,33.1627],[75.4723,33.1562],[75.4709,33.1524],[75.4808,33.1548],[75.4965,33.1564],[75.505,33.1546],[75.5096,33.1539],[75.5186,33.1509],[75.5195,33.1481],[75.5282,33.1453],[75.5319,33.1439],[75.531,33.1402],[75.5345,33.1406],[75.5457,33.1427],[75.5494,33.1443],[75.5493,33.1445],[75.5523,33.1458],[75.5553,33.1475],[75.5589,33.1464],[75.5633,33.1446],[75.5633,33.1485],[75.5633,33.1486],[75.5632,33.1527],[75.5633,33.159],[75.5625,33.1612],[75.5626,33.1696],[75.5621,33.1719],[75.5615,33.1742],[75.5577,33.1785],[75.5574,33.1807],[75.5573,33.1813],[75.5652,33.1822],[75.5716,33.1834],[75.5762,33.1858],[75.5815,33.19],[75.5859,33.1886],[75.5857,33.1882],[75.5841,33.1855],[75.5816,33.1814],[75.5827,33.1785],[75.5827,33.1746],[75.5823,33.1718],[75.5831,33.1695],[75.5853,33.1621],[75.5862,33.1614],[75.5999,33.1605],[75.6018,33.1591],[75.6061,33.1546],[75.6116,33.1491],[75.6148,33.1469],[75.6151,33.1466],[75.6216,33.1477],[75.6282,33.1476],[75.6332,33.1458],[75.6404,33.1396],[75.6485,33.1327]]]},"properties":{"ac_no":53,"ac_name":"DODA WEST","ac_category":"GEN","st_name":"JAMMU AND KASHMIR"}},{"type":"Feature","geometry":{"type":"Polygon","coordinates":[[[75.8014,32.8856],[75.7931,32.8868],[75.7885,32.8895],[75.7869,32.8901],[75.7864,32.8901],[75.783,32.8899],[75.778,32.8901],[75.7772,32.8901],[75.7757,32.8898],[75.7741,32.8894],[75.773,32.8893],[75.77,32.89],[75.769,32.89],[75.7636,32.8897],[75.7585,32.8869],[75.7557,32.8859],[75.755,32.8842],[75.7516,32.8814],[75.7508,32.8811],[75.7467,32.8775],[75.7413,32.8749],[75.7405,32.875],[75.7384,32.8744],[75.7285,32.8752],[75.7226,32.8744],[75.7113,32.8775],[75.7048,32.8767],[75.7024,32.8767],[75.6972,32.8765],[75.6913,32.875],[75.6915,32.8738],[75.6919,32.8699],[75.6921,32.8679],[75.6885,32.8628],[75.6874,32.8626],[75.6847,32.8624],[75.6846,32.8624],[75.6845,32.8624],[75.6842,32.8624],[75.6841,32.8624],[75.684,32.8624],[75.6839,32.8624],[75.6838,32.8624],[75.6836,32.8624],[75.6835,32.8624],[75.6834,32.8624],[75.6816,32.8653],[75.6814,32.8668],[75.6812,32.8679],[75.6774,32.8679],[75.6755,32.8693],[75.6749,32.8726],[75.6752,32.8734],[75.6754,32.874],[75.6752,32.8757],[75.6754,32.8779],[75.6768,32.8793],[75.6769,32.88],[75.6738,32.887],[75.673,32.8885],[75.6729,32.8886],[75.6721,32.8899],[75.673,32.8927],[75.67,32.9005],[75.669,32.9053],[75.6685,32.909],[75.6682,32.9108],[75.668,32.9118],[75.6623,32.9231],[75.6596,32.9245],[75.6584,32.9251],[75.6582,32.9258],[75.6578,32.9264],[75.6569,32.9272],[75.6562,32.9277],[75.6491,32.9281],[75.648,32.9288],[75.647,32.9292],[75.6371,32.9299],[75.6336,32.9331],[75.633,32.9341],[75.6318,32.935],[75.6308,32.9353],[75.6292,32.9354],[75.6283,32.9357],[75.627,32.9371],[75.6253,32.9384],[75.6246,32.9392],[75.6237,32.9397],[75.6223,32.9396],[75.6192,32.9405],[75.6154,32.9405],[75.6145,32.9403],[75.6129,32.9387],[75.6081,32.94],[75.6058,32.9436],[75.6038,32.9452],[75.6025,32.9452],[75.6018,32.9452],[75.6014,32.9455],[75.6001,32.946],[75.5984,32.9475],[75.5959,32.9498],[75.589,32.9485],[75.5849,32.9474],[75.5845,32.9474],[75.5842,32.9474],[75.5821,32.9471],[75.5778,32.9525],[75.5791,32.9575],[75.5767,32.9614],[75.5743,32.9616],[75.5717,32.9615],[75.5707,32.9617],[75.5697,32.9624],[75.5685,32.9635],[75.566,32.9648],[75.5652,32.9663],[75.5643,32.967],[75.5629,32.9676],[75.5622,32.9679],[75.5578,32.9674],[75.5572,32.9671],[75.5564,32.9668],[75.5553,32.9664],[75.5545,32.9662],[75.5536,32.9663],[75.5525,32.9662],[75.5517,32.966],[75.551,32.9652],[75.5503,32.9616],[75.5484,32.9611],[75.5482,32.9607],[75.5466,32.9593],[75.5443,32.9569],[75.5435,32.9558],[75.5426,32.9542],[75.5422,32.9529],[75.5377,32.952],[75.5363,32.9507],[75.5362,32.9501],[75.5342,32.9494],[75.5323,32.9504],[75.5319,32.9516],[75.5318,32.9522],[75.5311,32.9532],[75.5307,32.9545],[75.5302,32.9557],[75.5299,32.9563],[75.5209,32.96],[75.5121,32.9566],[75.5078,32.9572],[75.5067,32.9579],[75.5057,32.9587],[75.5054,32.9587],[75.5051,32.9587],[75.5032,32.9574],[75.5025,32.9571],[75.502,32.9569],[75.5011,32.9565],[75.5005,32.9556],[75.4982,32.9554],[75.4941,32.9562],[75.4927,32.9556],[75.492,32.9553],[75.4913,32.9551],[75.4903,32.955],[75.4893,32.9549],[75.4872,32.9554],[75.4866,32.9555],[75.4859,32.9556],[75.4816,32.9564],[75.4805,32.9566],[75.4795,32.9567],[75.4779,32.9571],[75.4764,32.9574],[75.472,32.9609],[75.4703,32.9615],[75.4683,32.9615],[75.4616,32.958],[75.4597,32.9611],[75.4596,32.9611],[75.4594,32.9611],[75.4591,32.9612],[75.4589,32.9612],[75.4588,32.9613],[75.4583,32.9614],[75.4524,32.9622],[75.4531,32.9687],[75.4488,32.9749],[75.4467,32.9738],[75.4363,32.9751],[75.4322,32.9786],[75.4309,32.9823],[75.4407,32.987],[75.4501,32.9905],[75.4566,32.9937],[75.4657,33],[75.4725,33.0016],[75.4684,33.0066],[75.4678,33.013],[75.4648,33.0134],[75.4622,33.0096],[75.4603,33.0111],[75.4621,33.0143],[75.4857,33.0224],[75.488,33.0226],[75.4866,33.0098],[75.4923,33.01],[75.4982,33.0118],[75.5083,33.0121],[75.5139,33.0112],[75.5203,33.0124],[75.5336,33.0119],[75.528,33.0318],[75.5361,33.038],[75.5593,33.0494],[75.5602,33.0531],[75.5663,33.0547],[75.5687,33.0582],[75.5781,33.0623],[75.5816,33.0657],[75.5875,33.0664],[75.5895,33.0732],[75.5904,33.0815],[75.5928,33.0861],[75.595,33.0869],[75.5982,33.0925],[75.6027,33.0949],[75.6114,33.0953],[75.6164,33.0983],[75.622,33.1042],[75.622,33.1089],[75.6264,33.1101],[75.6279,33.1126],[75.6267,33.118],[75.6298,33.1199],[75.6316,33.1242],[75.6366,33.1251],[75.6456,33.1287],[75.6485,33.1327],[75.6489,33.1332],[75.6499,33.1345],[75.6504,33.135],[75.6518,33.137],[75.6545,33.1399],[75.6638,33.1458],[75.6647,33.1468],[75.6656,33.1478],[75.6676,33.1482],[75.6678,33.1483],[75.6701,33.1491],[75.6736,33.1504],[75.6748,33.1517],[75.6772,33.1549],[75.6818,33.1535],[75.6863,33.1532],[75.6868,33.1509],[75.6913,33.1484],[75.6935,33.1471],[75.6981,33.1478],[75.7034,33.1451],[75.7041,33.1448],[75.7065,33.1446],[75.7201,33.1497],[75.7207,33.1498],[75.7297,33.1508],[75.7351,33.15],[75.7405,33.1393],[75.7426,33.1385],[75.7439,33.138],[75.7444,33.1379],[75.7437,33.1337],[75.7443,33.1231],[75.7435,33.1212],[75.7403,33.1183],[75.7373,33.1178],[75.7343,33.1156],[75.7342,33.1129],[75.7353,33.1121],[75.7419,33.1123],[75.7441,33.114],[75.7469,33.1145],[75.7513,33.1147],[75.7534,33.1147],[75.7556,33.1143],[75.7582,33.1157],[75.7611,33.1158],[75.7614,33.1138],[75.7622,33.1125],[75.763,33.1118],[75.7714,33.1082],[75.7825,33.1081],[75.7832,33.1092],[75.7833,33.1107],[75.7823,33.1126],[75.781,33.1132],[75.7797,33.1142],[75.779,33.1149],[75.7792,33.1165],[75.7795,33.1179],[75.7813,33.1203],[75.7833,33.1196],[75.7845,33.1197],[75.792,33.1216],[75.7993,33.1181],[75.8009,33.1181],[75.8045,33.1197],[75.8078,33.1201],[75.81,33.1226],[75.8063,33.1249],[75.8026,33.124],[75.8011,33.1242],[75.8006,33.1278],[75.7989,33.1292],[75.7977,33.1286],[75.7954,33.1264],[75.7911,33.1261],[75.79,33.1262],[75.79,33.1268],[75.7894,33.1274],[75.7884,33.1296],[75.7877,33.1319],[75.7882,33.1333],[75.7918,33.1369],[75.7961,33.1381],[75.7981,33.1405],[75.8096,33.142],[75.8143,33.1412],[75.8159,33.1393],[75.8185,33.1377],[75.8213,33.1364],[75.8267,33.1339],[75.8332,33.1325],[75.8379,33.1315],[75.8449,33.1308],[75.8442,33.1299],[75.8441,33.1274],[75.8415,33.1241],[75.8418,33.1205],[75.8406,33.1156],[75.8373,33.1124],[75.8365,33.1114],[75.831,33.1111],[75.8265,33.1096],[75.8234,33.1091],[75.8207,33.1085],[75.818,33.108],[75.8157,33.1083],[75.8155,33.1055],[75.8166,33.1046],[75.8155,33.1028],[75.8155,33.1017],[75.8161,33.1001],[75.8177,33.0989],[75.8154,33.0964],[75.8167,33.0919],[75.8196,33.0901],[75.8225,33.0893],[75.8263,33.0894],[75.8279,33.0892],[75.8317,33.0866],[75.8376,33.0861],[75.8388,33.086],[75.8408,33.0824],[75.8489,33.0785],[75.86,33.0799],[75.8627,33.0869],[75.8638,33.0926],[75.8652,33.0936],[75.8676,33.0933],[75.871,33.0916],[75.8719,33.0918],[75.8735,33.0941],[75.8716,33.0969],[75.8726,33.0982],[75.8734,33.1024],[75.8825,33.1003],[75.8907,33.0957],[75.8993,33.0803],[75.9011,33.0761],[75.9012,33.0735],[75.8991,33.0712],[75.9034,33.0687],[75.9031,33.0659],[75.9017,33.0639],[75.8989,33.0596],[75.8986,33.0594],[75.8995,33.0556],[75.9018,33.0563],[75.904,33.0578],[75.903,33.0597],[75.9075,33.0619],[75.9099,33.0618],[75.9102,33.0591],[75.9151,33.0539],[75.9198,33.0576],[75.9253,33.058],[75.9258,33.0567],[75.9266,33.0545],[75.9278,33.0518],[75.9296,33.0501],[75.9348,33.0518],[75.9357,33.0513],[75.938,33.0492],[75.9439,33.0501],[75.9453,33.0497],[75.9462,33.0462],[75.9478,33.0429],[75.9449,33.0428],[75.9429,33.0427],[75.9411,33.0414],[75.9416,33.0383],[75.9451,33.0364],[75.9515,33.0364],[75.9536,33.0356],[75.9567,33.0385],[75.96,33.0399],[75.9652,33.0428],[75.9661,33.0441],[75.9668,33.0462],[75.9717,33.0441],[75.9739,33.047],[75.9744,33.0505],[75.975,33.0517],[75.9782,33.0551],[75.9821,33.0554],[75.9904,33.0601],[75.9932,33.0602],[75.9956,33.0596],[75.9982,33.0579],[75.9998,33.0565],[76.001,33.0563],[76.005,33.0563],[76.006,33.0571],[76.0093,33.0573],[76.0109,33.0565],[76.0143,33.056],[76.0162,33.0582],[76.0185,33.0629],[76.022,33.0648],[76.0326,33.064],[76.0356,33.0675],[76.0385,33.0638],[76.04,33.0624],[76.0424,33.0619],[76.0491,33.0648],[76.0577,33.0719],[76.0582,33.0749],[76.0575,33.076],[76.0548,33.0782],[76.0525,33.08],[76.0445,33.0794],[76.0384,33.0772],[76.0355,33.0754],[76.0334,33.0739],[76.0312,33.0757],[76.027,33.0742],[76.0238,33.0751],[76.0159,33.0713],[76.0144,33.0699],[76.0143,33.0687],[76.0113,33.0687],[76.0085,33.0678],[76.0062,33.0677],[76.0045,33.0687],[76.0023,33.0689],[75.9939,33.0649],[75.9861,33.0668],[75.9752,33.0662],[75.9728,33.0645],[75.9722,33.064],[75.9716,33.0604],[75.9601,33.0579],[75.9565,33.0559],[75.9546,33.0541],[75.9532,33.0531],[75.948,33.0537],[75.9485,33.0541],[75.9495,33.0558],[75.9509,33.0579],[75.9558,33.0614],[75.9618,33.0615],[75.9632,33.0627],[75.9642,33.0649],[75.9657,33.0667],[75.9673,33.0678],[75.9688,33.0682],[75.973,33.0709],[75.9776,33.0706],[75.9801,33.0718],[75.9829,33.0732],[75.9858,33.0749],[75.9855,33.0757],[75.9822,33.075],[75.9785,33.0752],[75.9771,33.075],[75.9744,33.0762],[75.973,33.0784],[75.9714,33.078],[75.9705,33.0798],[75.9694,33.0797],[75.9683,33.0764],[75.9664,33.0761],[75.9619,33.0768],[75.9581,33.0725],[75.9527,33.073],[75.9496,33.0749],[75.9472,33.0781],[75.9425,33.0782],[75.9404,33.0787],[75.9364,33.075],[75.9303,33.0833],[75.9333,33.0848],[75.9362,33.0851],[75.9377,33.0841],[75.9402,33.0843],[75.9405,33.086],[75.9381,33.0878],[75.9365,33.0887],[75.9372,33.0898],[75.9397,33.0905],[75.9413,33.0913],[75.9354,33.0939],[75.9322,33.0925],[75.9299,33.092],[75.9269,33.0937],[75.9225,33.0958],[75.9171,33.098],[75.9158,33.0983],[75.9154,33.0991],[75.9144,33.1021],[75.913,33.1054],[75.9147,33.1115],[75.9148,33.1166],[75.9162,33.1189],[75.9171,33.1217],[75.9167,33.123],[75.9157,33.1237],[75.915,33.1249],[75.9171,33.1258],[75.9175,33.1272],[75.9162,33.1294],[75.9152,33.1309],[75.919,33.1326],[75.919,33.136],[75.9259,33.1357],[75.9292,33.1339],[75.9366,33.1297],[75.9453,33.1286],[75.9541,33.1222],[75.957,33.1241],[75.9571,33.1242],[75.9572,33.1242],[75.9572,33.1243],[75.9573,33.1243],[75.9573,33.1244],[75.9574,33.1244],[75.9576,33.1245],[75.9576,33.1246],[75.9577,33.1246],[75.9618,33.1238],[75.9653,33.122],[75.9668,33.1203],[75.9668,33.1088],[75.9696,33.1072],[75.9704,33.1097],[75.9752,33.1154],[75.9769,33.116],[75.9913,33.1172],[76.0081,33.1268],[76.0188,33.1207],[76.0295,33.12],[76.0427,33.1243],[76.0595,33.12],[76.0702,33.1232],[76.077,33.1304],[76.0802,33.1414],[76.0849,33.1546],[76.0898,33.1643],[76.1041,33.1657],[76.1165,33.1611],[76.1166,33.1632],[76.1188,33.1675],[76.1309,33.17],[76.1341,33.1682],[76.1365,33.1676],[76.1422,33.1647],[76.1462,33.1623],[76.1539,33.1554],[76.1578,33.1485],[76.1594,33.147],[76.1607,33.1459],[76.1632,33.1436],[76.1643,33.142],[76.1652,33.1399],[76.1672,33.1308],[76.1745,33.1207],[76.1792,33.1154],[76.1866,33.1094],[76.1872,33.1086],[76.1884,33.1046],[76.1897,33.1012],[76.1904,33.0997],[76.1924,33.097],[76.1942,33.0954],[76.195,33.095],[76.1963,33.0943],[76.1977,33.0941],[76.2034,33.0972],[76.2073,33.0963],[76.2127,33.0905],[76.2149,33.0863],[76.2151,33.0841],[76.2153,33.0826],[76.2151,33.0811],[76.2142,33.079],[76.2136,33.0774],[76.214,33.0732],[76.215,33.0706],[76.2153,33.0696],[76.2195,33.0623],[76.221,33.0549],[76.2215,33.0535],[76.2224,33.0506],[76.2222,33.0496],[76.2221,33.0486],[76.2227,33.0475],[76.2235,33.0456],[76.224,33.0445],[76.2238,33.0433],[76.2236,33.0422],[76.2236,33.0412],[76.2218,33.0385],[76.2227,33.0378],[76.2233,33.0373],[76.2243,33.0354],[76.2241,33.0341],[76.2239,33.0326],[76.2237,33.0294],[76.2216,33.0212],[76.216,33.017],[76.2057,33.0167],[76.1967,33.0183],[76.1867,33.0213],[76.1829,33.0207],[76.1737,33.0098],[76.1661,33.007],[76.1494,33.0081],[76.1415,33.01],[76.1324,33.0078],[76.1218,33.008],[76.1123,33.0063],[76.1128,33.0021],[76.1091,32.9922],[76.1115,32.9879],[76.1083,32.9838],[76.1036,32.9725],[76.0973,32.9643],[76.0874,32.9626],[76.0884,32.9566],[76.0734,32.9529],[76.0698,32.9459],[76.0663,32.942],[76.0595,32.9399],[76.0456,32.9378],[76.0391,32.9324],[76.037,32.9279],[76.0381,32.9224],[76.0321,32.9167],[76.0228,32.9142],[76.014,32.9098],[76.0072,32.9026],[76.0038,32.9023],[75.9983,32.8998],[75.9935,32.8991],[75.9858,32.8962],[75.9807,32.8875],[75.978,32.8877],[75.9688,32.8828],[75.9632,32.8782],[75.9539,32.8734],[75.9455,32.8797],[75.9358,32.8883],[75.9309,32.8942],[75.9245,32.9062],[75.9158,32.9094],[75.9089,32.9139],[75.9018,32.9136],[75.8938,32.9156],[75.8893,32.919],[75.884,32.9197],[75.8803,32.9218],[75.878,32.9251],[75.87,32.9243],[75.8608,32.927],[75.8561,32.9264],[75.85,32.9299],[75.8423,32.9293],[75.8371,32.9244],[75.8361,32.921],[75.8331,32.9186],[75.8299,32.9131],[75.8243,32.9086],[75.8223,32.9006],[75.8175,32.8944],[75.8014,32.8856]]]},"properties":{"ac_no":51,"ac_name":"BHADARWAH","ac_category":"GEN","st_name":"JAMMU AND KASHMIR"}},{"type":"Feature","geometry":{"type":"Polygon","coordinates":[[[76.0575,33.076],[76.0582,33.0749],[76.0577,33.0719],[76.0491,33.0648],[76.0424,33.0619],[76.04,33.0624],[76.0385,33.0638],[76.0356,33.0675],[76.0326,33.064],[76.022,33.0648],[76.0185,33.0629],[76.0162,33.0582],[76.0143,33.056],[76.0109,33.0565],[76.0093,33.0573],[76.006,33.0571],[76.005,33.0563],[76.001,33.0563],[75.9998,33.0565],[75.9982,33.0579],[75.9956,33.0596],[75.9932,33.0602],[75.9904,33.0601],[75.9821,33.0554],[75.9782,33.0551],[75.975,33.0517],[75.9744,33.0505],[75.9739,33.047],[75.9717,33.0441],[75.9668,33.0462],[75.9661,33.0441],[75.9652,33.0428],[75.96,33.0399],[75.9567,33.0385],[75.9536,33.0356],[75.9515,33.0364],[75.9451,33.0364],[75.9416,33.0383],[75.9411,33.0414],[75.9429,33.0427],[75.9449,33.0428],[75.9478,33.0429],[75.9453,33.0497],[75.9439,33.0501],[75.9403,33.0493],[75.938,33.0492],[75.9357,33.0513],[75.9348,33.0518],[75.9296,33.0501],[75.9278,33.0518],[75.9266,33.0545],[75.9258,33.0567],[75.9253,33.058],[75.9198,33.0576],[75.9151,33.0539],[75.9075,33.0619],[75.9048,33.0602],[75.9041,33.06],[75.903,33.0597],[75.904,33.0578],[75.9018,33.0563],[75.8995,33.0556],[75.8986,33.0594],[75.8989,33.0596],[75.9017,33.0639],[75.9031,33.0659],[75.9034,33.0687],[75.8999,33.07],[75.8991,33.0712],[75.9012,33.0735],[75.9011,33.0761],[75.8993,33.0803],[75.8907,33.0957],[75.8825,33.1003],[75.8734,33.1024],[75.8725,33.1014],[75.8726,33.0982],[75.8716,33.0969],[75.8735,33.0941],[75.8719,33.0918],[75.871,33.0916],[75.8676,33.0933],[75.8652,33.0936],[75.8638,33.0926],[75.8632,33.0896],[75.8627,33.0869],[75.8607,33.0806],[75.86,33.0799],[75.8489,33.0785],[75.8408,33.0824],[75.8388,33.086],[75.8376,33.0861],[75.8317,33.0866],[75.8279,33.0892],[75.8263,33.0894],[75.8225,33.0893],[75.8196,33.0901],[75.8167,33.0919],[75.8154,33.0964],[75.8177,33.0989],[75.8161,33.1001],[75.8155,33.1017],[75.8155,33.1028],[75.8166,33.1046],[75.8155,33.1055],[75.8157,33.1083],[75.818,33.108],[75.8207,33.1085],[75.8234,33.1091],[75.8265,33.1096],[75.831,33.1111],[75.8365,33.1114],[75.8373,33.1124],[75.8406,33.1156],[75.8418,33.1205],[75.8415,33.1241],[75.8441,33.1274],[75.8442,33.1299],[75.8449,33.1308],[75.8379,33.1315],[75.8332,33.1325],[75.8267,33.1339],[75.8213,33.1364],[75.8185,33.1377],[75.8143,33.1412],[75.8096,33.142],[75.7981,33.1405],[75.7961,33.1381],[75.7918,33.1369],[75.7877,33.1319],[75.7884,33.1296],[75.7894,33.1274],[75.79,33.1268],[75.79,33.1262],[75.7911,33.1261],[75.7954,33.1264],[75.7977,33.1286],[75.7989,33.1292],[75.8006,33.1278],[75.8011,33.1242],[75.8063,33.1249],[75.81,33.1226],[75.8078,33.1201],[75.8045,33.1197],[75.8009,33.1181],[75.7993,33.1181],[75.792,33.1216],[75.7845,33.1197],[75.7833,33.1196],[75.7813,33.1203],[75.7795,33.1179],[75.7792,33.1165],[75.779,33.1149],[75.7797,33.1142],[75.781,33.1132],[75.7823,33.1126],[75.7833,33.1107],[75.7832,33.1092],[75.7825,33.1081],[75.778,33.1083],[75.7714,33.1082],[75.763,33.1118],[75.7622,33.1125],[75.7614,33.1138],[75.7611,33.1158],[75.7582,33.1157],[75.7556,33.1143],[75.7534,33.1147],[75.7513,33.1147],[75.7469,33.1145],[75.7441,33.114],[75.7419,33.1123],[75.7353,33.1121],[75.7342,33.1129],[75.734,33.114],[75.7343,33.1156],[75.7373,33.1178],[75.7403,33.1183],[75.7435,33.1212],[75.7443,33.1231],[75.7437,33.1337],[75.7444,33.1379],[75.7426,33.1385],[75.7405,33.1393],[75.7351,33.15],[75.7297,33.1508],[75.7207,33.1498],[75.7201,33.1497],[75.7065,33.1446],[75.7041,33.1448],[75.6981,33.1478],[75.6962,33.1473],[75.696,33.1474],[75.6935,33.1471],[75.6868,33.1509],[75.6863,33.1532],[75.6818,33.1535],[75.6772,33.1549],[75.6748,33.1517],[75.6736,33.1504],[75.6701,33.1491],[75.6678,33.1483],[75.6676,33.1482],[75.6656,33.1478],[75.6647,33.1468],[75.6638,33.1458],[75.6545,33.1399],[75.6518,33.137],[75.6504,33.135],[75.6499,33.1345],[75.6489,33.1332],[75.6485,33.1327],[75.6404,33.1396],[75.6332,33.1458],[75.6282,33.1476],[75.6216,33.1477],[75.6151,33.1466],[75.6148,33.1469],[75.6116,33.1491],[75.5999,33.1605],[75.5862,33.1614],[75.5853,33.1621],[75.5831,33.1695],[75.5823,33.1718],[75.5827,33.1746],[75.5827,33.1785],[75.5816,33.1814],[75.5841,33.1855],[75.5857,33.1882],[75.5859,33.1886],[75.5815,33.19],[75.5762,33.1858],[75.5716,33.1834],[75.5652,33.1822],[75.5573,33.1813],[75.5574,33.1807],[75.5577,33.1785],[75.5615,33.1742],[75.5621,33.1719],[75.5626,33.1696],[75.5625,33.1612],[75.5633,33.159],[75.5632,33.1527],[75.5633,33.1486],[75.5633,33.148],[75.5633,33.1446],[75.5589,33.1464],[75.5553,33.1475],[75.5523,33.1458],[75.5493,33.1445],[75.5494,33.1443],[75.5457,33.1427],[75.5345,33.1406],[75.531,33.1402],[75.5319,33.1439],[75.5282,33.1453],[75.5195,33.1481],[75.5186,33.1508],[75.5186,33.1509],[75.5096,33.1539],[75.505,33.1546],[75.4965,33.1564],[75.4808,33.1548],[75.4709,33.1524],[75.4723,33.1562],[75.4765,33.1627],[75.4863,33.1663],[75.5084,33.1682],[75.5113,33.1711],[75.513,33.1751],[75.5148,33.1748],[75.5173,33.1762],[75.5275,33.1788],[75.5279,33.1796],[75.5234,33.192],[75.5229,33.197],[75.5243,33.2009],[75.5244,33.2009],[75.5373,33.2041],[75.5459,33.207],[75.5521,33.2106],[75.5587,33.2121],[75.5619,33.2156],[75.5637,33.2194],[75.5673,33.2279],[75.5682,33.2327],[75.5679,33.2383],[75.5689,33.2411],[75.5697,33.2436],[75.5697,33.2439],[75.5701,33.2548],[75.571,33.2613],[75.571,33.2618],[75.5721,33.264],[75.5776,33.2726],[75.5793,33.2799],[75.5768,33.2849],[75.5718,33.2909],[75.5709,33.2983],[75.5703,33.301],[75.5677,33.307],[75.5708,33.311],[75.5728,33.3075],[75.5835,33.2882],[75.589,33.2796],[75.6161,33.2656],[75.6198,33.2641],[75.6326,33.2591],[75.642,33.2555],[75.6494,33.2576],[75.6668,33.2568],[75.6763,33.2536],[75.6818,33.2517],[75.6934,33.2386],[75.7008,33.2337],[75.7052,33.2292],[75.717,33.2196],[75.719,33.2175],[75.7249,33.2112],[75.7255,33.2088],[75.7291,33.2067],[75.7302,33.2056],[75.7324,33.2035],[75.7379,33.1998],[75.7554,33.1875],[75.7702,33.1792],[75.7792,33.1739],[75.7898,33.1677],[75.7924,33.1661],[75.7922,33.1659],[75.7878,33.1582],[75.7875,33.157],[75.7869,33.1506],[75.7902,33.1438],[75.7939,33.1448],[75.7969,33.1457],[75.7977,33.1471],[75.7998,33.1474],[75.8173,33.15],[75.8176,33.1501],[75.8211,33.1475],[75.8227,33.145],[75.8235,33.1419],[75.8251,33.1403],[75.8263,33.1391],[75.8386,33.1361],[75.8426,33.136],[75.8476,33.137],[75.8625,33.1399],[75.8697,33.1374],[75.8719,33.1377],[75.8787,33.1344],[75.8871,33.1335],[75.8922,33.1358],[75.8927,33.1356],[75.8981,33.1343],[75.9006,33.1337],[75.9071,33.1314],[75.9152,33.1309],[75.9162,33.1294],[75.9175,33.1272],[75.9171,33.1258],[75.915,33.1249],[75.9157,33.1237],[75.9167,33.123],[75.9171,33.1217],[75.9162,33.1189],[75.9148,33.1166],[75.9147,33.1115],[75.913,33.1054],[75.9144,33.1021],[75.9154,33.0991],[75.9158,33.0983],[75.9225,33.0958],[75.9269,33.0937],[75.9299,33.092],[75.9322,33.0925],[75.9354,33.0939],[75.9413,33.0913],[75.9397,33.0905],[75.9372,33.0898],[75.9365,33.0887],[75.9381,33.0878],[75.9405,33.086],[75.9402,33.0843],[75.9377,33.0841],[75.9362,33.0851],[75.9333,33.0848],[75.9303,33.0833],[75.9319,33.0801],[75.9364,33.075],[75.9404,33.0787],[75.9425,33.0782],[75.9472,33.0781],[75.9496,33.0749],[75.9527,33.073],[75.9581,33.0725],[75.9619,33.0768],[75.9664,33.0761],[75.9683,33.0764],[75.969,33.0773],[75.9694,33.0797],[75.9705,33.0798],[75.9714,33.078],[75.973,33.0784],[75.9744,33.0762],[75.9771,33.075],[75.9785,33.0752],[75.9822,33.075],[75.9855,33.0757],[75.9858,33.0749],[75.9829,33.0732],[75.9801,33.0718],[75.9776,33.0706],[75.973,33.0709],[75.9688,33.0682],[75.9673,33.0678],[75.9657,33.0667],[75.9642,33.0649],[75.9632,33.0627],[75.9618,33.0615],[75.9558,33.0614],[75.9509,33.0579],[75.9495,33.0558],[75.9485,33.0541],[75.948,33.0537],[75.9532,33.0531],[75.9546,33.0541],[75.9565,33.0559],[75.9601,33.0579],[75.9716,33.0604],[75.9722,33.064],[75.9728,33.0645],[75.9752,33.0662],[75.9861,33.0668],[75.9939,33.0649],[76.0023,33.0689],[76.0045,33.0687],[76.0062,33.0677],[76.0085,33.0678],[76.0113,33.0687],[76.0143,33.0687],[76.0144,33.0699],[76.0159,33.0713],[76.0238,33.0751],[76.027,33.0742],[76.0312,33.0757],[76.0334,33.0739],[76.0355,33.0754],[76.0384,33.0772],[76.0445,33.0794],[76.0525,33.08],[76.0548,33.0782],[76.0575,33.076]]]},"properties":{"ac_no":52,"ac_name":"DODA","ac_category":"GEN","st_name":"JAMMU AND KASHMIR"}},{"type":"Feature","geometry":{"type":"Polygon","coordinates":[[[75.3935,33.3488],[75.3934,33.3488],[75.3927,33.3487],[75.392,33.3487],[75.3896,33.3484],[75.3779,33.3471],[75.349,33.3519],[75.3324,33.3527],[75.3119,33.3558],[75.3044,33.3551],[75.2987,33.352],[75.2916,33.3458],[75.2805,33.3469],[75.273,33.3486],[75.2599,33.3423],[75.2578,33.351],[75.2554,33.3537],[75.2511,33.3552],[75.2466,33.3643],[75.2391,33.3618],[75.2267,33.3599],[75.2231,33.36],[75.2176,33.3623],[75.2064,33.3572],[75.2027,33.3546],[75.1967,33.3507],[75.1996,33.3464],[75.2016,33.3411],[75.2036,33.3372],[75.2065,33.3336],[75.2116,33.3296],[75.2121,33.33],[75.2123,33.33],[75.2128,33.33],[75.2139,33.3299],[75.2149,33.3298],[75.216,33.3295],[75.2176,33.3291],[75.219,33.3288],[75.2198,33.329],[75.2209,33.3299],[75.2216,33.3305],[75.2223,33.3309],[75.2229,33.3314],[75.2231,33.3315],[75.2237,33.3315],[75.2243,33.3313],[75.2246,33.3313],[75.225,33.3313],[75.2256,33.3321],[75.2261,33.3338],[75.2263,33.335],[75.2263,33.3354],[75.2259,33.336],[75.2253,33.3369],[75.2249,33.3377],[75.2245,33.3386],[75.2243,33.3389],[75.2238,33.3393],[75.2234,33.3398],[75.2233,33.3399],[75.2229,33.3402],[75.2225,33.3406],[75.222,33.3412],[75.2218,33.3429],[75.2217,33.343],[75.2215,33.3435],[75.2213,33.344],[75.2213,33.3445],[75.2215,33.3446],[75.2219,33.3451],[75.2226,33.3455],[75.2236,33.346],[75.224,33.3462],[75.2304,33.3407],[75.2341,33.3356],[75.2298,33.3322],[75.2305,33.3314],[75.2309,33.3308],[75.2324,33.3295],[75.23,33.3266],[75.2214,33.321],[75.2162,33.3209],[75.2005,33.3164],[75.1827,33.3166],[75.1791,33.3179],[75.1698,33.3077],[75.1655,33.2982],[75.1649,33.2826],[75.1646,33.2827],[75.1642,33.2831],[75.1616,33.2843],[75.1588,33.2843],[75.1577,33.2841],[75.1574,33.2841],[75.1568,33.2841],[75.1566,33.2841],[75.156,33.284],[75.1557,33.284],[75.1549,33.2836],[75.1543,33.2834],[75.1538,33.2832],[75.1531,33.283],[75.1522,33.2829],[75.1514,33.2828],[75.1507,33.2826],[75.1494,33.2827],[75.149,33.283],[75.1486,33.2832],[75.148,33.2834],[75.1476,33.2836],[75.147,33.2838],[75.1464,33.2838],[75.146,33.2837],[75.1458,33.2836],[75.1456,33.2834],[75.1453,33.283],[75.1449,33.2825],[75.1444,33.2821],[75.1432,33.2816],[75.1429,33.2816],[75.1429,33.2812],[75.1427,33.2807],[75.1424,33.2802],[75.142,33.2799],[75.1416,33.2793],[75.1414,33.279],[75.1413,33.279],[75.141,33.279],[75.1405,33.2789],[75.14,33.2785],[75.1395,33.278],[75.1392,33.2777],[75.1375,33.2768],[75.1368,33.2763],[75.1366,33.2764],[75.1366,33.2765],[75.1367,33.2768],[75.1368,33.277],[75.1369,33.2772],[75.137,33.2774],[75.1369,33.2781],[75.1369,33.2783],[75.1367,33.2787],[75.1361,33.2792],[75.1349,33.2798],[75.1347,33.2801],[75.1343,33.2804],[75.1339,33.2805],[75.1338,33.2806],[75.1337,33.2807],[75.1336,33.2802],[75.1336,33.2793],[75.1335,33.2789],[75.1334,33.2787],[75.133,33.279],[75.1328,33.2792],[75.1325,33.2794],[75.1323,33.2794],[75.1317,33.2795],[75.1312,33.2795],[75.1309,33.2795],[75.1304,33.2795],[75.1298,33.2793],[75.1291,33.2791],[75.1286,33.2789],[75.1284,33.2789],[75.1269,33.2615],[75.1319,33.2559],[75.1318,33.2555],[75.1352,33.2454],[75.141,33.2422],[75.1438,33.2389],[75.1442,33.2346],[75.1428,33.2306],[75.138,33.2239],[75.1315,33.218],[75.1218,33.2104],[75.1032,33.2006],[75.0948,33.1952],[75.0929,33.1938],[75.0921,33.1931],[75.0911,33.1924],[75.0906,33.1919],[75.0905,33.1919],[75.0867,33.193],[75.0859,33.1932],[75.0852,33.1933],[75.0844,33.1935],[75.0836,33.1936],[75.0828,33.1937],[75.0821,33.1939],[75.0813,33.1941],[75.0806,33.1942],[75.0798,33.1944],[75.079,33.1946],[75.0783,33.1947],[75.0775,33.1949],[75.0767,33.195],[75.0759,33.195],[75.0752,33.1951],[75.0744,33.1951],[75.0736,33.1951],[75.0728,33.1951],[75.072,33.1951],[75.0712,33.195],[75.0704,33.1949],[75.0696,33.1949],[75.0688,33.1948],[75.0673,33.1946],[75.0626,33.194],[75.0611,33.1938],[75.0595,33.1937],[75.0579,33.1936],[75.0571,33.1936],[75.0563,33.1937],[75.0556,33.1937],[75.0548,33.1938],[75.054,33.1939],[75.0532,33.194],[75.0524,33.1941],[75.0494,33.1949],[75.0465,33.1959],[75.0458,33.1962],[75.0451,33.1965],[75.0437,33.1971],[75.041,33.1985],[75.029,33.2058],[75.0264,33.2073],[75.025,33.2079],[75.0243,33.2082],[75.0236,33.2085],[75.0229,33.2087],[75.0221,33.209],[75.0192,33.2098],[75.0101,33.2121],[75.0032,33.2152],[75.0025,33.2155],[75.0018,33.2157],[75.0011,33.216],[75.0003,33.2162],[74.9995,33.2164],[74.9988,33.2165],[74.998,33.2165],[74.9972,33.2165],[74.9964,33.2164],[74.9956,33.2164],[74.9933,33.2169],[74.9926,33.2171],[74.9919,33.2174],[74.9886,33.2192],[74.9879,33.2196],[74.9872,33.2199],[74.9836,33.2211],[74.9734,33.2217],[74.9664,33.2247],[74.9632,33.2276],[74.9628,33.2282],[74.9627,33.2285],[74.9626,33.2288],[74.9625,33.2294],[74.9626,33.2301],[74.9629,33.2307],[74.9634,33.2313],[74.9639,33.2318],[74.9645,33.2322],[74.9652,33.2326],[74.9672,33.2336],[74.9678,33.234],[74.9684,33.2344],[74.969,33.2348],[74.9701,33.2357],[74.9712,33.2368],[74.9715,33.2373],[74.9716,33.238],[74.9716,33.2386],[74.9715,33.2393],[74.9714,33.24],[74.9713,33.2406],[74.9712,33.2413],[74.9712,33.2419],[74.9712,33.2425],[74.9712,33.2438],[74.9712,33.2445],[74.9712,33.2452],[74.971,33.2459],[74.9708,33.2465],[74.9703,33.247],[74.9697,33.2474],[74.9691,33.2478],[74.9685,33.2483],[74.9679,33.2487],[74.967,33.2498],[74.9662,33.2509],[74.9651,33.2534],[74.9649,33.2547],[74.9649,33.2553],[74.9651,33.2559],[74.9656,33.2565],[74.9662,33.2569],[74.9667,33.2574],[74.9679,33.2583],[74.9685,33.2587],[74.9692,33.2591],[74.9724,33.261],[74.9728,33.2615],[74.973,33.2621],[74.971,33.2652],[74.9697,33.2676],[74.9684,33.2705],[74.9661,33.2747],[74.9659,33.2753],[74.9656,33.2759],[74.9645,33.2804],[74.9581,33.2908],[74.9581,33.2933],[74.963,33.3008],[74.9637,33.302],[74.9639,33.3026],[74.9642,33.3032],[74.9653,33.3084],[74.9672,33.3112],[74.9693,33.3155],[74.9699,33.3167],[74.9703,33.3172],[74.9706,33.3178],[74.971,33.3184],[74.9714,33.3189],[74.9732,33.3212],[74.9744,33.3219],[74.9783,33.3226],[74.979,33.3228],[74.9798,33.3229],[74.9838,33.3235],[74.9859,33.3244],[74.9864,33.3249],[74.9867,33.3254],[74.9904,33.332],[74.9957,33.3368],[75.0053,33.3424],[75.0131,33.3506],[75.0136,33.3511],[75.0141,33.3516],[75.0152,33.3526],[75.0187,33.3552],[75.0295,33.3606],[75.0374,33.3635],[75.0402,33.3648],[75.0415,33.3655],[75.0422,33.3659],[75.0428,33.3662],[75.0434,33.3666],[75.0453,33.3678],[75.0438,33.3749],[75.0335,33.3846],[75.0327,33.3879],[75.0318,33.3904],[75.0317,33.3911],[75.0315,33.3917],[75.0267,33.3936],[75.026,33.3948],[75.0259,33.3955],[75.0257,33.3962],[75.0256,33.3969],[75.0247,33.3978],[75.0224,33.3984],[75.0217,33.3986],[75.021,33.3989],[75.0205,33.3994],[75.0201,33.4],[75.0193,33.4018],[75.0177,33.4033],[75.0158,33.4044],[75.0151,33.4048],[75.0146,33.4053],[75.0141,33.4058],[75.0105,33.4163],[75.0122,33.4192],[75.0197,33.4258],[75.023,33.4302],[75.0254,33.4304],[75.0266,33.4312],[75.0271,33.4318],[75.0281,33.4329],[75.0285,33.4334],[75.0289,33.4339],[75.0292,33.4345],[75.0294,33.4351],[75.0297,33.4358],[75.0301,33.4363],[75.0362,33.4388],[75.0359,33.442],[75.0351,33.4431],[75.0346,33.4436],[75.0337,33.4447],[75.0324,33.4463],[75.031,33.4493],[75.025,33.4525],[75.0223,33.4599],[75.0222,33.4612],[75.0221,33.4619],[75.0221,33.4625],[75.0221,33.4632],[75.0221,33.4638],[75.022,33.4645],[75.0219,33.4651],[75.0219,33.4658],[75.022,33.4665],[75.0221,33.4671],[75.0223,33.4684],[75.0223,33.4697],[75.0164,33.4773],[75.0152,33.4831],[75.0155,33.4856],[75.016,33.4876],[75.0162,33.4882],[75.0163,33.4889],[75.017,33.4921],[75.0174,33.4934],[75.0183,33.4952],[75.0191,33.4963],[75.0195,33.4969],[75.02,33.4974],[75.0204,33.4979],[75.0209,33.4985],[75.0219,33.4995],[75.0224,33.5],[75.0225,33.5001],[75.0229,33.5002],[75.0246,33.5008],[75.0247,33.5008],[75.0313,33.504],[75.0453,33.5026],[75.0518,33.5025],[75.0588,33.4989],[75.0632,33.499],[75.0703,33.497],[75.0759,33.4966],[75.0824,33.4945],[75.0875,33.4969],[75.0934,33.5022],[75.0965,33.5015],[75.1031,33.4976],[75.1099,33.497],[75.1142,33.498],[75.1219,33.5033],[75.1311,33.513],[75.1355,33.5139],[75.1378,33.5133],[75.1438,33.5164],[75.1517,33.5223],[75.1575,33.5237],[75.1657,33.5251],[75.1675,33.5244],[75.1707,33.525],[75.1719,33.5251],[75.1733,33.5249],[75.1783,33.5228],[75.1862,33.5172],[75.1952,33.5168],[75.1986,33.5166],[75.1996,33.5158],[75.2025,33.5133],[75.206,33.509],[75.2141,33.5056],[75.216,33.5037],[75.2175,33.5027],[75.2222,33.5024],[75.2312,33.4959],[75.2308,33.4939],[75.2352,33.4889],[75.2378,33.4881],[75.2409,33.4857],[75.2426,33.4856],[75.2468,33.4791],[75.2479,33.4753],[75.257,33.4712],[75.2634,33.465],[75.2673,33.4625],[75.2698,33.4592],[75.2797,33.4514],[75.2855,33.4442],[75.289,33.4366],[75.2954,33.4328],[75.3029,33.4267],[75.3094,33.4223],[75.3132,33.4174],[75.3175,33.4128],[75.3236,33.4096],[75.3291,33.4052],[75.3307,33.4012],[75.33,33.3975],[75.3306,33.3962],[75.3346,33.3948],[75.3408,33.391],[75.3494,33.3841],[75.3529,33.3838],[75.3584,33.381],[75.3647,33.3814],[75.3692,33.3793],[75.3748,33.3782],[75.3758,33.3775],[75.3769,33.3678],[75.3811,33.3647],[75.3853,33.3655],[75.3886,33.366],[75.3931,33.3578],[75.3935,33.3488]]]},"properties":{"ac_no":55,"ac_name":"BANIHAL","ac_category":"GEN","st_name":"JAMMU AND KASHMIR"}},{"type":"Feature","geometry":{"type":"Polygon","coordinates":[[[74.8549,34.1889],[74.8458,34.1904],[74.8452,34.1927],[74.8368,34.1947],[74.8404,34.2015],[74.8338,34.2058],[74.828,34.2073],[74.8266,34.2112],[74.8219,34.2123],[74.8171,34.2057],[74.8115,34.2048],[74.8091,34.21],[74.8121,34.2135],[74.8115,34.216],[74.7999,34.2174],[74.7994,34.219],[74.8079,34.2214],[74.8095,34.2245],[74.8072,34.2281],[74.8026,34.2304],[74.8017,34.2406],[74.7998,34.2448],[74.8064,34.2489],[74.8106,34.2445],[74.8136,34.2456],[74.8174,34.2559],[74.8157,34.2684],[74.8157,34.2685],[74.8164,34.2698],[74.82,34.2765],[74.8192,34.2799],[74.8093,34.275],[74.8083,34.2771],[74.8162,34.2831],[74.8146,34.2876],[74.8166,34.2936],[74.8152,34.2974],[74.8119,34.3022],[74.8039,34.3042],[74.7935,34.3072],[74.7771,34.302],[74.7784,34.2868],[74.7784,34.2799],[74.7797,34.2753],[74.7754,34.2715],[74.7768,34.2693],[74.7814,34.2725],[74.7847,34.2668],[74.7814,34.2664],[74.7764,34.2581],[74.7725,34.2566],[74.7696,34.2513],[74.7629,34.244],[74.7643,34.254],[74.7634,34.2641],[74.7589,34.2645],[74.7573,34.2669],[74.7512,34.2639],[74.7489,34.2589],[74.7405,34.267],[74.735,34.2626],[74.7369,34.2585],[74.7274,34.2635],[74.7224,34.2651],[74.7147,34.2638],[74.7063,34.2702],[74.7099,34.2735],[74.713,34.2746],[74.7138,34.2755],[74.7139,34.2762],[74.7145,34.2773],[74.7146,34.2777],[74.7146,34.2785],[74.7156,34.2803],[74.7159,34.2827],[74.7157,34.2833],[74.7156,34.2836],[74.7155,34.2836],[74.7155,34.2837],[74.7156,34.2852],[74.7156,34.2865],[74.7173,34.288],[74.7177,34.2896],[74.7178,34.2896],[74.7178,34.2897],[74.7185,34.2901],[74.7189,34.2915],[74.719,34.2917],[74.719,34.2918],[74.7188,34.292],[74.7186,34.2924],[74.7185,34.2942],[74.7194,34.2971],[74.7223,34.2994],[74.7224,34.2994],[74.7225,34.2994],[74.7228,34.2995],[74.723,34.2995],[74.7231,34.2996],[74.7232,34.2996],[74.7233,34.2996],[74.7234,34.2997],[74.7235,34.2997],[74.7236,34.2997],[74.7237,34.2998],[74.724,34.3],[74.7243,34.3001],[74.7244,34.3002],[74.7245,34.3002],[74.7246,34.3002],[74.7246,34.3003],[74.7251,34.3004],[74.7254,34.3004],[74.7255,34.3005],[74.7257,34.3006],[74.7258,34.3007],[74.7259,34.3007],[74.7259,34.3008],[74.726,34.3009],[74.7262,34.3011],[74.7262,34.3012],[74.727,34.3018],[74.7272,34.302],[74.7275,34.3022],[74.7276,34.3023],[74.7282,34.3026],[74.7299,34.3033],[74.731,34.3035],[74.7311,34.3035],[74.7313,34.3035],[74.7314,34.3035],[74.7315,34.3035],[74.7316,34.3036],[74.7317,34.3036],[74.7318,34.3036],[74.7318,34.3037],[74.7319,34.3038],[74.7322,34.304],[74.7333,34.3049],[74.7343,34.3058],[74.735,34.3066],[74.7356,34.3074],[74.7357,34.3076],[74.7358,34.3077],[74.7362,34.3082],[74.7374,34.3093],[74.7382,34.3098],[74.7386,34.31],[74.7388,34.3101],[74.7431,34.3119],[74.7449,34.3127],[74.7452,34.3129],[74.7454,34.313],[74.7456,34.3131],[74.7457,34.3133],[74.7458,34.3134],[74.7459,34.3135],[74.746,34.3136],[74.746,34.3137],[74.7462,34.3141],[74.7464,34.3143],[74.7466,34.3145],[74.748,34.3145],[74.7488,34.3146],[74.7504,34.3163],[74.7505,34.3164],[74.753,34.3173],[74.7545,34.3174],[74.7568,34.3168],[74.757,34.3167],[74.7595,34.3141],[74.7644,34.3135],[74.7692,34.3147],[74.7707,34.3162],[74.7719,34.319],[74.773,34.3204],[74.7735,34.3211],[74.7781,34.3296],[74.7786,34.3295],[74.7792,34.3293],[74.7827,34.3295],[74.7831,34.3299],[74.7837,34.3314],[74.7841,34.332],[74.7845,34.3329],[74.7869,34.3339],[74.7878,34.3339],[74.7886,34.3345],[74.7889,34.3363],[74.7891,34.3391],[74.7892,34.341],[74.7899,34.3415],[74.7907,34.3419],[74.7912,34.3419],[74.7919,34.3419],[74.793,34.3419],[74.7937,34.3421],[74.7951,34.3422],[74.7975,34.3427],[74.7988,34.3432],[74.7995,34.3435],[74.8002,34.3437],[74.8009,34.3437],[74.8019,34.3436],[74.8032,34.3436],[74.8053,34.3431],[74.8095,34.3444],[74.8152,34.3428],[74.824,34.3454],[74.8323,34.3443],[74.8349,34.3444],[74.8366,34.3451],[74.8379,34.3457],[74.8387,34.3467],[74.8391,34.3469],[74.8403,34.3471],[74.8412,34.3473],[74.8434,34.3486],[74.8463,34.3494],[74.8471,34.3503],[74.8479,34.3505],[74.8489,34.3514],[74.8499,34.3529],[74.8505,34.3545],[74.8505,34.3559],[74.8507,34.3573],[74.8513,34.3583],[74.8519,34.3591],[74.8544,34.3602],[74.8633,34.3615],[74.8638,34.3622],[74.8642,34.3632],[74.8661,34.3658],[74.8665,34.369],[74.8686,34.3698],[74.8716,34.3691],[74.8723,34.3692],[74.8737,34.3696],[74.8739,34.3698],[74.8748,34.3707],[74.8758,34.3713],[74.8768,34.3717],[74.8777,34.3724],[74.8787,34.3729],[74.8801,34.373],[74.8811,34.3731],[74.883,34.3732],[74.8863,34.374],[74.8877,34.3746],[74.8888,34.3747],[74.889,34.3749],[74.8901,34.3751],[74.8907,34.3753],[74.8922,34.3758],[74.8974,34.3821],[74.8984,34.3887],[74.906,34.3934],[74.9067,34.3943],[74.9081,34.3959],[74.909,34.3975],[74.91,34.3994],[74.91,34.401],[74.9096,34.4015],[74.9096,34.4016],[74.9091,34.4023],[74.9084,34.4027],[74.9078,34.403],[74.9069,34.4034],[74.9063,34.4035],[74.9049,34.404],[74.8989,34.405],[74.8948,34.4111],[74.8938,34.4134],[74.8935,34.415],[74.8931,34.4172],[74.893,34.4352],[74.8937,34.4362],[74.8946,34.4379],[74.8947,34.439],[74.8953,34.4404],[74.8961,34.4412],[74.8977,34.4423],[74.8985,34.443],[74.8992,34.4442],[74.8992,34.4451],[74.8991,34.4457],[74.8993,34.4474],[74.8998,34.4483],[74.9009,34.4493],[74.9031,34.451],[74.9058,34.4521],[74.9074,34.4526],[74.9093,34.4532],[74.9107,34.4538],[74.9115,34.4543],[74.912,34.4545],[74.913,34.455],[74.9133,34.4558],[74.9136,34.4561],[74.9136,34.4564],[74.9138,34.4569],[74.9143,34.457],[74.9167,34.4564],[74.9185,34.4566],[74.9197,34.4576],[74.9211,34.4576],[74.9259,34.4563],[74.9316,34.4624],[74.9354,34.462],[74.936,34.4619],[74.9362,34.4618],[74.9379,34.4621],[74.9383,34.4621],[74.939,34.4627],[74.9408,34.4643],[74.9433,34.4649],[74.9487,34.4636],[74.9497,34.463],[74.95,34.4628],[74.9503,34.4623],[74.9507,34.4617],[74.9519,34.4569],[74.9519,34.4533],[74.952,34.4526],[74.9524,34.4515],[74.9545,34.4482],[74.9625,34.4442],[74.9747,34.4437],[74.9902,34.4454],[74.996,34.4445],[75.0012,34.4422],[75.0037,34.4434],[75.0061,34.4438],[75.0063,34.444],[75.0074,34.4442],[75.0081,34.4442],[75.0094,34.4439],[75.0104,34.4438],[75.0113,34.4437],[75.0117,34.4435],[75.0118,34.4431],[75.0117,34.4426],[75.0112,34.4422],[75.0108,34.4415],[75.0112,34.4401],[75.0117,34.4398],[75.0176,34.4397],[75.0188,34.4394],[75.0208,34.4389],[75.0214,34.4382],[75.0212,34.4378],[75.021,34.4372],[75.0208,34.4367],[75.02,34.4351],[75.021,34.4311],[75.0196,34.4293],[75.0194,34.4283],[75.0199,34.4278],[75.0204,34.4274],[75.0216,34.4256],[75.0219,34.4247],[75.022,34.4241],[75.0243,34.4216],[75.0253,34.4206],[75.0269,34.4194],[75.0288,34.4187],[75.0313,34.4167],[75.0321,34.4157],[75.0328,34.4153],[75.0337,34.4153],[75.0341,34.4154],[75.0352,34.4153],[75.0361,34.4154],[75.039,34.4153],[75.0394,34.4152],[75.041,34.415],[75.0445,34.4149],[75.0491,34.4105],[75.0564,34.4089],[75.0681,34.4037],[75.0686,34.4031],[75.0693,34.4027],[75.0701,34.402],[75.071,34.401],[75.0729,34.3995],[75.0732,34.3989],[75.0735,34.3979],[75.0737,34.397],[75.0738,34.3963],[75.0739,34.396],[75.0729,34.3952],[75.0723,34.3946],[75.0732,34.3924],[75.0781,34.3876],[75.0816,34.385],[75.0841,34.3823],[75.0857,34.3813],[75.0861,34.3807],[75.0867,34.3801],[75.0909,34.3768],[75.0917,34.3748],[75.0923,34.3746],[75.0925,34.3746],[75.0938,34.3741],[75.0962,34.3733],[75.1,34.3713],[75.1036,34.3727],[75.1056,34.3727],[75.1066,34.3722],[75.1073,34.3713],[75.1091,34.3696],[75.11,34.3687],[75.1119,34.3684],[75.1141,34.3685],[75.115,34.3641],[75.1221,34.3618],[75.1224,34.3595],[75.1226,34.3589],[75.1228,34.3585],[75.1231,34.358],[75.1236,34.3574],[75.1241,34.3568],[75.1263,34.3545],[75.1275,34.3539],[75.1276,34.3538],[75.1278,34.3533],[75.1281,34.3522],[75.1285,34.3513],[75.1294,34.3507],[75.1306,34.3501],[75.1322,34.35],[75.1339,34.3502],[75.1393,34.3515],[75.1416,34.349],[75.1461,34.3483],[75.1483,34.3461],[75.1489,34.3456],[75.1507,34.3453],[75.154,34.3456],[75.1614,34.3483],[75.1633,34.3496],[75.1649,34.3522],[75.1658,34.3528],[75.1667,34.3534],[75.1741,34.3522],[75.1751,34.3529],[75.1758,34.3532],[75.1778,34.3533],[75.1865,34.3582],[75.1876,34.3603],[75.1915,34.3601],[75.1936,34.3604],[75.1945,34.3612],[75.1968,34.3646],[75.1974,34.3653],[75.1982,34.3661],[75.1988,34.3667],[75.1995,34.371],[75.1988,34.3719],[75.198,34.3729],[75.1968,34.3747],[75.2009,34.3789],[75.2007,34.3851],[75.2018,34.3855],[75.2025,34.3851],[75.2047,34.3849],[75.2074,34.3857],[75.2134,34.3854],[75.2205,34.3787],[75.2236,34.3769],[75.2343,34.3738],[75.2392,34.3698],[75.2515,34.3754],[75.2542,34.3756],[75.2558,34.376],[75.2578,34.3763],[75.2599,34.3764],[75.2649,34.3756],[75.265,34.3737],[75.2655,34.3724],[75.2664,34.3714],[75.2673,34.3708],[75.2677,34.3706],[75.2678,34.3705],[75.269,34.3695],[75.2699,34.3689],[75.2702,34.3686],[75.2705,34.3682],[75.2708,34.3674],[75.2708,34.3669],[75.2709,34.3658],[75.2717,34.3644],[75.2736,34.3632],[75.2812,34.364],[75.2845,34.3631],[75.2855,34.363],[75.2859,34.3629],[75.2875,34.3633],[75.2884,34.3635],[75.2929,34.3624],[75.2943,34.3627],[75.2961,34.3646],[75.2971,34.3652],[75.2983,34.3652],[75.2996,34.3652],[75.3023,34.3658],[75.3042,34.3658],[75.3061,34.3645],[75.3121,34.3663],[75.3176,34.3663],[75.3215,34.3591],[75.332,34.3576],[75.336,34.3615],[75.3361,34.3644],[75.3376,34.368],[75.3376,34.3687],[75.3375,34.3697],[75.3403,34.3743],[75.3413,34.3745],[75.3417,34.3745],[75.3421,34.3747],[75.3431,34.3749],[75.3466,34.3759],[75.3504,34.3773],[75.3562,34.3849],[75.3613,34.3862],[75.3651,34.3882],[75.3686,34.3909],[75.3714,34.3907],[75.3783,34.3872],[75.3809,34.382],[75.3796,34.378],[75.3767,34.3747],[75.3767,34.3713],[75.381,34.3703],[75.3876,34.3661],[75.3822,34.3596],[75.383,34.3563],[75.388,34.3543],[75.3901,34.351],[75.3855,34.3478],[75.3836,34.3446],[75.38,34.3444],[75.3797,34.3415],[75.3854,34.3388],[75.3872,34.327],[75.3901,34.3228],[75.3981,34.3158],[75.3928,34.3118],[75.3881,34.3067],[75.3921,34.305],[75.3954,34.2966],[75.4017,34.2879],[75.4077,34.2842],[75.4139,34.2849],[75.4209,34.2823],[75.4233,34.2837],[75.4297,34.2823],[75.44,34.2828],[75.442,34.28],[75.4451,34.28],[75.4556,34.286],[75.4603,34.2805],[75.4709,34.2798],[75.4771,34.2769],[75.4828,34.2715],[75.4838,34.2649],[75.483,34.2628],[75.4857,34.2591],[75.4855,34.2535],[75.4931,34.2441],[75.4997,34.2428],[75.4992,34.239],[75.5004,34.2341],[75.4999,34.2339],[75.4996,34.2329],[75.4985,34.2308],[75.4969,34.2264],[75.4951,34.2249],[75.4936,34.2243],[75.4924,34.2242],[75.4874,34.2234],[75.4783,34.2197],[75.4726,34.2151],[75.4703,34.2106],[75.47,34.2087],[75.4699,34.2088],[75.4654,34.2104],[75.4629,34.2111],[75.46,34.2106],[75.4546,34.2128],[75.4501,34.2162],[75.4437,34.219],[75.4423,34.2203],[75.4409,34.2216],[75.4391,34.2233],[75.4377,34.2245],[75.4376,34.2247],[75.4375,34.2248],[75.4373,34.2249],[75.4368,34.2254],[75.4341,34.2274],[75.4328,34.2284],[75.4324,34.2286],[75.4309,34.2299],[75.4221,34.2329],[75.4188,34.2346],[75.415,34.2366],[75.4138,34.2374],[75.4132,34.2369],[75.4129,34.2367],[75.4123,34.2358],[75.4114,34.2346],[75.41,34.2337],[75.4087,34.2329],[75.4068,34.2285],[75.4065,34.2217],[75.4076,34.2191],[75.4067,34.2174],[75.4036,34.2157],[75.4023,34.2154],[75.4006,34.2151],[75.3977,34.2144],[75.3944,34.213],[75.3943,34.213],[75.3942,34.2129],[75.3931,34.2124],[75.384,34.2076],[75.3806,34.2066],[75.3756,34.2085],[75.3672,34.2131],[75.3554,34.2121],[75.3506,34.2138],[75.3451,34.2136],[75.3369,34.2147],[75.3356,34.2152],[75.3345,34.2158],[75.3326,34.2172],[75.3327,34.2206],[75.3251,34.2243],[75.3194,34.2294],[75.3196,34.2301],[75.3199,34.2309],[75.3198,34.2309],[75.3189,34.2316],[75.3157,34.2334],[75.3156,34.2334],[75.3067,34.236],[75.298,34.2362],[75.2954,34.2369],[75.2939,34.2379],[75.2896,34.2413],[75.2893,34.2424],[75.2895,34.2451],[75.2894,34.2473],[75.2894,34.2474],[75.2891,34.2478],[75.2877,34.2488],[75.2856,34.2502],[75.2772,34.2495],[75.2705,34.2538],[75.264,34.2551],[75.2609,34.252],[75.2609,34.2486],[75.2601,34.2477],[75.2599,34.2476],[75.2554,34.2468],[75.2515,34.2444],[75.2496,34.2434],[75.2467,34.2435],[75.2443,34.2427],[75.2352,34.2344],[75.2258,34.2345],[75.2194,34.2303],[75.2105,34.2299],[75.207,34.2279],[75.2069,34.2278],[75.2054,34.2237],[75.2053,34.2235],[75.2048,34.2208],[75.2009,34.2183],[75.1946,34.2145],[75.1947,34.2021],[75.1905,34.197],[75.1825,34.1958],[75.1749,34.2021],[75.1708,34.2041],[75.1689,34.2042],[75.1662,34.204],[75.1637,34.2039],[75.1629,34.2038],[75.1604,34.2039],[75.1603,34.2039],[75.1593,34.2045],[75.1562,34.207],[75.1554,34.2075],[75.1551,34.2074],[75.1528,34.2059],[75.1527,34.2058],[75.1498,34.2026],[75.1456,34.2003],[75.1398,34.2003],[75.139,34.2003],[75.134,34.2005],[75.1332,34.1998],[75.1322,34.199],[75.1315,34.1982],[75.1294,34.1974],[75.1276,34.1967],[75.126,34.1956],[75.1268,34.1949],[75.1281,34.1935],[75.1368,34.1867],[75.1383,34.1828],[75.137,34.1803],[75.1348,34.176],[75.1323,34.172],[75.1268,34.1688],[75.124,34.1698],[75.1167,34.1704],[75.1155,34.1705],[75.1068,34.1716],[75.1045,34.1708],[75.1048,34.1654],[75.1051,34.1647],[75.1053,34.1642],[75.1058,34.163],[75.1063,34.1619],[75.1065,34.1617],[75.1065,34.1616],[75.1065,34.1615],[75.1066,34.1614],[75.1066,34.1613],[75.1068,34.1609],[75.1054,34.1588],[75.1029,34.1574],[75.0995,34.1563],[75.0993,34.1562],[75.0992,34.1561],[75.099,34.156],[75.098,34.1556],[75.0959,34.1532],[75.0954,34.1532],[75.0952,34.1532],[75.0947,34.1531],[75.0943,34.1531],[75.0929,34.153],[75.0911,34.1532],[75.0864,34.1546],[75.0858,34.1548],[75.0854,34.1551],[75.0853,34.1552],[75.0852,34.1553],[75.0851,34.1556],[75.0851,34.1559],[75.0851,34.156],[75.0851,34.1561],[75.0843,34.157],[75.084,34.1574],[75.0839,34.1576],[75.0838,34.1576],[75.0834,34.158],[75.0788,34.1612],[75.0728,34.1646],[75.071,34.1649],[75.0709,34.1649],[75.0708,34.1649],[75.0706,34.165],[75.0702,34.1651],[75.0701,34.1651],[75.0698,34.1652],[75.0697,34.1653],[75.0694,34.1654],[75.0688,34.1657],[75.0679,34.1661],[75.0672,34.1662],[75.0671,34.1663],[75.067,34.1664],[75.0669,34.1664],[75.0669,34.1665],[75.0668,34.1666],[75.0668,34.1667],[75.0668,34.1668],[75.0668,34.1669],[75.0667,34.1677],[75.0667,34.1681],[75.0667,34.1682],[75.0667,34.1683],[75.0667,34.1685],[75.0666,34.1686],[75.0666,34.1688],[75.0667,34.169],[75.0668,34.1691],[75.0672,34.1694],[75.0674,34.1695],[75.0674,34.1696],[75.0675,34.1697],[75.0676,34.1698],[75.0677,34.17],[75.0678,34.1701],[75.0679,34.1703],[75.0679,34.1704],[75.068,34.1705],[75.0681,34.1707],[75.0681,34.1708],[75.0682,34.171],[75.0682,34.1711],[75.0683,34.1725],[75.0683,34.1726],[75.0684,34.1727],[75.0685,34.1732],[75.0685,34.1736],[75.0685,34.1737],[75.0685,34.1738],[75.0684,34.174],[75.0683,34.1741],[75.0682,34.1742],[75.0679,34.1745],[75.0678,34.1746],[75.0674,34.1751],[75.0673,34.1752],[75.0672,34.1753],[75.0671,34.1754],[75.0668,34.1755],[75.0665,34.1757],[75.0664,34.1757],[75.0662,34.1758],[75.0661,34.1759],[75.0658,34.1762],[75.0656,34.1763],[75.0655,34.1763],[75.0654,34.1764],[75.0652,34.1765],[75.0648,34.1766],[75.0646,34.1767],[75.0644,34.1768],[75.0643,34.1769],[75.0642,34.1769],[75.0641,34.177],[75.064,34.1771],[75.0639,34.1772],[75.0631,34.1779],[75.0619,34.1788],[75.0616,34.1791],[75.0616,34.1792],[75.0615,34.1793],[75.0614,34.1793],[75.0613,34.1794],[75.0611,34.1794],[75.0605,34.1796],[75.059,34.1802],[75.0581,34.1811],[75.0564,34.1813],[75.0551,34.1813],[75.0548,34.1812],[75.0547,34.1812],[75.0546,34.1812],[75.0545,34.1811],[75.0542,34.1809],[75.0537,34.1806],[75.0528,34.1804],[75.0517,34.1804],[75.0516,34.1804],[75.0515,34.1805],[75.0514,34.1805],[75.0513,34.1806],[75.0472,34.1824],[75.0471,34.1824],[75.047,34.1824],[75.0469,34.1823],[75.0468,34.1823],[75.0466,34.1822],[75.0465,34.1821],[75.0463,34.182],[75.0462,34.1818],[75.046,34.1815],[75.046,34.1814],[75.0454,34.1808],[75.0445,34.1802],[75.0424,34.179],[75.0415,34.179],[75.0401,34.1793],[75.0387,34.1789],[75.0377,34.1789],[75.0376,34.1789],[75.0375,34.1789],[75.0362,34.1785],[75.0355,34.1784],[75.0352,34.1783],[75.035,34.1783],[75.0349,34.1783],[75.0347,34.1783],[75.0343,34.1783],[75.0341,34.1783],[75.0339,34.1783],[75.0338,34.1783],[75.0337,34.1783],[75.0336,34.1783],[75.0335,34.1783],[75.0334,34.1784],[75.0332,34.1784],[75.0328,34.1786],[75.0326,34.1787],[75.0325,34.1788],[75.0324,34.1788],[75.0324,34.1789],[75.0323,34.1789],[75.0322,34.179],[75.0321,34.1791],[75.0319,34.1793],[75.0318,34.1794],[75.0316,34.1796],[75.0314,34.1798],[75.0311,34.1804],[75.031,34.1805],[75.031,34.1806],[75.0308,34.1807],[75.0307,34.1808],[75.0306,34.1809],[75.0306,34.181],[75.0305,34.181],[75.0304,34.181],[75.0303,34.181],[75.0302,34.181],[75.0299,34.1806],[75.0296,34.1803],[75.0294,34.1802],[75.0293,34.1802],[75.0282,34.1798],[75.0281,34.1798],[75.028,34.1797],[75.0276,34.1793],[75.026,34.1785],[75.024,34.1784],[75.0222,34.1795],[75.0211,34.1804],[75.0208,34.1806],[75.0205,34.1808],[75.0204,34.1808],[75.0203,34.1809],[75.0202,34.1809],[75.02,34.181],[75.0199,34.181],[75.0198,34.181],[75.0197,34.1811],[75.0196,34.1811],[75.0194,34.1811],[75.0189,34.181],[75.0183,34.1812],[75.0167,34.1818],[75.0149,34.1822],[75.0142,34.1824],[75.0141,34.1825],[75.0139,34.1825],[75.0137,34.1825],[75.0136,34.1825],[75.0134,34.1826],[75.0131,34.1825],[75.0124,34.1823],[75.012,34.1819],[75.0119,34.1818],[75.0119,34.1815],[75.0118,34.1814],[75.0117,34.1812],[75.0107,34.1806],[75.0106,34.1806],[75.0105,34.1806],[75.0102,34.1806],[75.0099,34.1805],[75.0098,34.1805],[75.0097,34.1804],[75.0096,34.1803],[75.0095,34.1801],[75.0092,34.1796],[75.009,34.1787],[75.0085,34.1775],[75.0047,34.174],[75.0044,34.174],[75.0042,34.174],[75.0041,34.174],[75.004,34.1741],[75.0039,34.1741],[75.0038,34.1741],[75.0037,34.1742],[75.0036,34.1742],[75.0035,34.1743],[75.0034,34.1743],[75.0033,34.1744],[75.0032,34.1744],[75.0031,34.1745],[75.003,34.1746],[75.0028,34.1749],[75.0027,34.175],[75.0026,34.1751],[75.0024,34.1756],[75.0023,34.1758],[75.0022,34.176],[75.0019,34.1761],[75.0018,34.1761],[75.0017,34.1761],[75.0012,34.1759],[75.0005,34.1755],[74.9994,34.1753],[74.9989,34.1753],[74.9979,34.1754],[74.9976,34.1754],[74.997,34.1758],[74.9962,34.1766],[74.9954,34.1772],[74.9953,34.1773],[74.9952,34.1774],[74.9952,34.1775],[74.9951,34.1775],[74.9951,34.1776],[74.995,34.1779],[74.9948,34.1781],[74.9947,34.1782],[74.9946,34.1782],[74.9946,34.1783],[74.9941,34.1784],[74.994,34.1784],[74.9938,34.1784],[74.9937,34.1784],[74.993,34.1785],[74.9919,34.1788],[74.9895,34.1805],[74.9891,34.1811],[74.989,34.1812],[74.9889,34.1813],[74.9888,34.1814],[74.9887,34.1814],[74.9885,34.1815],[74.9826,34.1836],[74.9815,34.184],[74.9813,34.1842],[74.9811,34.1843],[74.9809,34.1845],[74.9808,34.1845],[74.9807,34.1845],[74.9806,34.1846],[74.9804,34.1846],[74.9803,34.1846],[74.9802,34.1847],[74.9798,34.1847],[74.9796,34.1848],[74.979,34.1848],[74.9777,34.1847],[74.9762,34.1849],[74.9752,34.1849],[74.975,34.1849],[74.9749,34.1849],[74.9748,34.1849],[74.9746,34.1849],[74.9744,34.1849],[74.9741,34.185],[74.9737,34.1851],[74.9735,34.1852],[74.9734,34.1853],[74.9732,34.1854],[74.9728,34.1856],[74.9719,34.1862],[74.9682,34.1911],[74.9631,34.1957],[74.9545,34.1969],[74.9396,34.2033],[74.9348,34.2042],[74.9287,34.207],[74.9268,34.2136],[74.9274,34.2162],[74.9274,34.2169],[74.9274,34.2173],[74.9264,34.2195],[74.926,34.2198],[74.9249,34.2208],[74.9236,34.2219],[74.9228,34.2225],[74.9205,34.2235],[74.9143,34.2232],[74.9082,34.2213],[74.9046,34.2204],[74.9038,34.22],[74.9035,34.2197],[74.9035,34.2176],[74.9031,34.2173],[74.9023,34.2167],[74.9015,34.2162],[74.9012,34.216],[74.9004,34.2158],[74.8979,34.2154],[74.8955,34.2144],[74.8943,34.2142],[74.8935,34.2143],[74.8933,34.2146],[74.8902,34.221],[74.8898,34.2213],[74.8892,34.2215],[74.8883,34.2215],[74.8848,34.2157],[74.8843,34.2155],[74.884,34.2154],[74.8829,34.2095],[74.8787,34.2114],[74.8744,34.212],[74.8733,34.2102],[74.8707,34.2081],[74.8695,34.2075],[74.8686,34.2069],[74.8676,34.2063],[74.8667,34.2058],[74.8656,34.2041],[74.8636,34.2023],[74.8576,34.1971],[74.8552,34.1913],[74.8549,34.1889]]]},"properties":{"ac_no":17,"ac_name":"KANGAN","ac_category":"ST","st_name":"JAMMU AND KASHMIR"}},{"type":"Feature","geometry":{"type":"Polygon","coordinates":[[[74.7403,34.1517],[74.739,34.1528],[74.7375,34.153],[74.7369,34.1536],[74.7365,34.1539],[74.7356,34.1542],[74.7325,34.1557],[74.723,34.1595],[74.7167,34.1629],[74.7151,34.1653],[74.7093,34.163],[74.7014,34.1592],[74.7012,34.1596],[74.7006,34.1604],[74.7,34.1612],[74.6994,34.1621],[74.6985,34.163],[74.6984,34.1632],[74.6983,34.1634],[74.6982,34.164],[74.6981,34.1642],[74.6981,34.1643],[74.6981,34.1644],[74.6981,34.1645],[74.6981,34.1646],[74.6981,34.1647],[74.6981,34.1648],[74.6982,34.1648],[74.6982,34.1649],[74.6982,34.165],[74.6982,34.1651],[74.6982,34.1652],[74.6982,34.1653],[74.6982,34.1654],[74.6983,34.1655],[74.6983,34.1659],[74.6983,34.166],[74.6984,34.1661],[74.6984,34.1662],[74.6984,34.1663],[74.6984,34.1664],[74.6984,34.1665],[74.6984,34.1666],[74.6985,34.1667],[74.6985,34.1669],[74.6985,34.167],[74.6985,34.1671],[74.6985,34.1672],[74.6985,34.1673],[74.6985,34.1674],[74.6985,34.1675],[74.6985,34.1676],[74.6985,34.1677],[74.6985,34.1678],[74.6985,34.168],[74.6984,34.1683],[74.6984,34.1686],[74.6983,34.1689],[74.6983,34.169],[74.6983,34.1691],[74.6983,34.1692],[74.6983,34.1693],[74.6982,34.1693],[74.6982,34.1694],[74.6982,34.1695],[74.6982,34.1696],[74.6981,34.1699],[74.698,34.17],[74.698,34.1702],[74.6979,34.1704],[74.6978,34.1705],[74.6978,34.1706],[74.6978,34.1707],[74.6977,34.1707],[74.6977,34.1708],[74.6977,34.1709],[74.6976,34.1709],[74.6976,34.171],[74.6975,34.1711],[74.6975,34.1712],[74.6974,34.1713],[74.6974,34.1714],[74.6973,34.1714],[74.6973,34.1715],[74.6973,34.1716],[74.6972,34.1716],[74.6972,34.1717],[74.6969,34.1721],[74.6968,34.1722],[74.6968,34.1723],[74.6967,34.1723],[74.6967,34.1724],[74.6966,34.1724],[74.6966,34.1725],[74.6965,34.1725],[74.6965,34.1726],[74.6964,34.1726],[74.6964,34.1727],[74.696,34.173],[74.696,34.1731],[74.6959,34.1731],[74.6959,34.1732],[74.6958,34.1732],[74.6958,34.1733],[74.6957,34.1733],[74.6957,34.1734],[74.6956,34.1735],[74.6956,34.1736],[74.6956,34.1737],[74.6955,34.1737],[74.6955,34.1738],[74.6955,34.1739],[74.6955,34.174],[74.6955,34.1741],[74.6955,34.1742],[74.6955,34.1743],[74.6955,34.1744],[74.6955,34.1745],[74.6956,34.1747],[74.6956,34.1748],[74.6956,34.1749],[74.6956,34.175],[74.6956,34.1751],[74.6956,34.1752],[74.6955,34.1755],[74.6955,34.1756],[74.6955,34.1757],[74.6955,34.1758],[74.6955,34.1759],[74.6955,34.176],[74.6955,34.1761],[74.6954,34.1761],[74.6954,34.1763],[74.6954,34.1764],[74.6954,34.1766],[74.6953,34.1767],[74.6953,34.1768],[74.6953,34.1769],[74.6953,34.177],[74.6953,34.1771],[74.6952,34.1774],[74.6951,34.1775],[74.6951,34.1776],[74.695,34.1779],[74.6948,34.1784],[74.6948,34.1785],[74.6947,34.1788],[74.6947,34.1789],[74.6946,34.179],[74.6946,34.1791],[74.6945,34.1792],[74.6944,34.1794],[74.6944,34.1795],[74.6943,34.1796],[74.6942,34.1797],[74.6942,34.1798],[74.6941,34.1799],[74.6941,34.18],[74.694,34.1801],[74.6939,34.1802],[74.6939,34.1803],[74.6938,34.1804],[74.6938,34.1805],[74.6937,34.1806],[74.6936,34.1807],[74.6935,34.1808],[74.6929,34.1815],[74.6929,34.1816],[74.6928,34.1817],[74.6927,34.1817],[74.6926,34.1818],[74.6923,34.1822],[74.6915,34.1828],[74.6913,34.1829],[74.6911,34.1831],[74.691,34.1832],[74.6909,34.1832],[74.6908,34.1832],[74.6908,34.1833],[74.6907,34.1833],[74.6906,34.1834],[74.6905,34.1834],[74.6904,34.1835],[74.6903,34.1835],[74.6902,34.1836],[74.6901,34.1837],[74.69,34.1837],[74.6899,34.1838],[74.6898,34.1838],[74.6897,34.1839],[74.6896,34.1839],[74.6895,34.1839],[74.6895,34.184],[74.6894,34.184],[74.6893,34.184],[74.6892,34.1841],[74.6891,34.1841],[74.689,34.1842],[74.6889,34.1842],[74.6888,34.1843],[74.6887,34.1843],[74.6886,34.1844],[74.6885,34.1844],[74.6884,34.1845],[74.6883,34.1845],[74.6882,34.1846],[74.6881,34.1846],[74.6879,34.1847],[74.6878,34.1847],[74.6878,34.1848],[74.6877,34.1848],[74.6876,34.1848],[74.6875,34.1849],[74.6871,34.1851],[74.6869,34.1852],[74.6865,34.1854],[74.6863,34.1855],[74.6861,34.1856],[74.686,34.1857],[74.6858,34.1858],[74.6856,34.1859],[74.6854,34.186],[74.6852,34.1861],[74.685,34.1862],[74.6849,34.1863],[74.6847,34.1865],[74.6845,34.1866],[74.6843,34.1867],[74.6841,34.1868],[74.684,34.1869],[74.6838,34.187],[74.6836,34.1871],[74.6835,34.1873],[74.6833,34.1874],[74.6831,34.1875],[74.6829,34.1876],[74.6826,34.1879],[74.6824,34.188],[74.6823,34.1881],[74.6821,34.1882],[74.6819,34.1884],[74.6816,34.1886],[74.6813,34.1889],[74.6811,34.189],[74.681,34.1892],[74.6808,34.1893],[74.6807,34.1894],[74.6804,34.1897],[74.6802,34.1898],[74.6801,34.19],[74.6799,34.1901],[74.6798,34.1902],[74.6795,34.1905],[74.6793,34.1907],[74.6792,34.1908],[74.679,34.191],[74.6789,34.1911],[74.6788,34.1912],[74.6787,34.1913],[74.6786,34.1914],[74.6785,34.1915],[74.6784,34.1916],[74.6783,34.1917],[74.6783,34.1918],[74.6781,34.1919],[74.6778,34.1922],[74.6777,34.1923],[74.6776,34.1925],[74.6775,34.1926],[74.6774,34.1926],[74.6774,34.1927],[74.6773,34.1928],[74.6772,34.1929],[74.6771,34.193],[74.6768,34.1933],[74.6768,34.1934],[74.6767,34.1935],[74.6767,34.1936],[74.6766,34.1936],[74.6765,34.1937],[74.6765,34.1938],[74.6764,34.1939],[74.6763,34.1939],[74.6763,34.194],[74.6762,34.1941],[74.6761,34.1942],[74.6761,34.1943],[74.676,34.1943],[74.676,34.1944],[74.6758,34.1946],[74.6757,34.1947],[74.6756,34.1948],[74.6756,34.1949],[74.6755,34.195],[74.6755,34.1951],[74.6754,34.1951],[74.6754,34.1952],[74.6753,34.1953],[74.6753,34.1954],[74.6752,34.1954],[74.6752,34.1955],[74.6752,34.1956],[74.6751,34.1956],[74.6751,34.1957],[74.6751,34.1958],[74.675,34.1958],[74.675,34.1959],[74.675,34.196],[74.6749,34.1961],[74.6748,34.1965],[74.6743,34.1982],[74.6743,34.1983],[74.6743,34.1984],[74.6742,34.1985],[74.6742,34.1986],[74.6742,34.1987],[74.6741,34.1988],[74.6741,34.1989],[74.6741,34.199],[74.674,34.1992],[74.6739,34.1993],[74.6739,34.1994],[74.6739,34.1995],[74.6738,34.1995],[74.6738,34.1996],[74.6738,34.1997],[74.6737,34.1998],[74.6737,34.1999],[74.6737,34.2],[74.6736,34.2],[74.6736,34.2001],[74.6736,34.2002],[74.6735,34.2002],[74.6735,34.2003],[74.6735,34.2004],[74.6734,34.2004],[74.6734,34.2005],[74.6733,34.2005],[74.6733,34.2006],[74.6733,34.2007],[74.6732,34.2007],[74.6732,34.2008],[74.6731,34.2008],[74.6728,34.2011],[74.6728,34.2012],[74.6727,34.2013],[74.6726,34.2013],[74.6726,34.2014],[74.6726,34.2015],[74.6725,34.2015],[74.6725,34.2016],[74.6724,34.2017],[74.6718,34.2027],[74.6718,34.2028],[74.6717,34.2029],[74.6717,34.203],[74.6716,34.203],[74.6713,34.2033],[74.6712,34.2035],[74.6711,34.2036],[74.671,34.2036],[74.6709,34.2037],[74.6708,34.2038],[74.6708,34.2039],[74.6707,34.2039],[74.6693,34.205],[74.6691,34.2051],[74.669,34.2052],[74.6689,34.2052],[74.6685,34.2055],[74.6683,34.2056],[74.6681,34.2057],[74.6675,34.2061],[74.6663,34.2068],[74.665,34.2075],[74.6632,34.2083],[74.6627,34.2085],[74.6625,34.2087],[74.6621,34.2088],[74.6618,34.209],[74.6616,34.2091],[74.6614,34.2093],[74.661,34.2095],[74.6609,34.2096],[74.6608,34.2096],[74.6608,34.2097],[74.6607,34.2097],[74.6592,34.209],[74.6574,34.2081],[74.6548,34.2103],[74.6556,34.211],[74.6523,34.2134],[74.6493,34.2163],[74.6515,34.2179],[74.6512,34.2197],[74.6511,34.2201],[74.6512,34.2211],[74.6527,34.227],[74.6525,34.228],[74.6523,34.2284],[74.653,34.2286],[74.6537,34.2277],[74.6539,34.2277],[74.6543,34.2278],[74.6548,34.2279],[74.6554,34.2281],[74.6551,34.2289],[74.6551,34.2298],[74.656,34.2315],[74.6593,34.2324],[74.6601,34.2328],[74.6608,34.2335],[74.6649,34.2327],[74.6661,34.2331],[74.6671,34.2339],[74.6686,34.2359],[74.6691,34.2372],[74.6681,34.2407],[74.6652,34.2425],[74.6643,34.2438],[74.6624,34.2446],[74.6617,34.2453],[74.6605,34.2453],[74.6594,34.2449],[74.6555,34.2415],[74.649,34.2407],[74.6481,34.2426],[74.6494,34.2437],[74.6502,34.2466],[74.651,34.2484],[74.6513,34.2491],[74.6519,34.2503],[74.6526,34.2518],[74.6532,34.2522],[74.6556,34.2532],[74.657,34.2539],[74.6588,34.2545],[74.66,34.2552],[74.6613,34.256],[74.6593,34.2569],[74.6572,34.257],[74.6548,34.257],[74.6482,34.2562],[74.6475,34.2558],[74.6458,34.2577],[74.6442,34.2584],[74.6409,34.259],[74.6409,34.2592],[74.6411,34.2593],[74.6415,34.2593],[74.6416,34.2593],[74.6417,34.2593],[74.6418,34.2593],[74.6418,34.2592],[74.6419,34.2592],[74.642,34.2592],[74.6421,34.2592],[74.6421,34.2591],[74.6422,34.2591],[74.6423,34.2591],[74.6424,34.2591],[74.6425,34.2591],[74.6426,34.2591],[74.6427,34.2591],[74.6428,34.2591],[74.6429,34.259],[74.643,34.259],[74.6431,34.259],[74.6432,34.259],[74.6433,34.259],[74.6434,34.259],[74.6435,34.259],[74.6436,34.259],[74.6438,34.259],[74.6439,34.2589],[74.644,34.2589],[74.6441,34.2589],[74.6442,34.2589],[74.6443,34.2589],[74.6444,34.2589],[74.6445,34.2589],[74.6446,34.2589],[74.6447,34.2589],[74.6448,34.2589],[74.6449,34.2589],[74.645,34.2589],[74.6451,34.2589],[74.6452,34.2589],[74.6453,34.2589],[74.6453,34.259],[74.6454,34.259],[74.6455,34.259],[74.6456,34.259],[74.6457,34.259],[74.6457,34.2591],[74.6458,34.2591],[74.6459,34.2592],[74.646,34.2592],[74.6461,34.2592],[74.6462,34.2592],[74.6463,34.2592],[74.6464,34.2592],[74.6465,34.2592],[74.6466,34.2592],[74.6467,34.2592],[74.6468,34.2592],[74.6469,34.2592],[74.647,34.2592],[74.6471,34.2592],[74.6472,34.2592],[74.6473,34.2592],[74.6474,34.2592],[74.6475,34.2592],[74.6476,34.2592],[74.6478,34.2592],[74.6479,34.2592],[74.648,34.2592],[74.6481,34.2592],[74.6482,34.2592],[74.6483,34.2592],[74.6484,34.2593],[74.6485,34.2593],[74.6486,34.2593],[74.6487,34.2593],[74.6488,34.2593],[74.6489,34.2593],[74.649,34.2593],[74.6491,34.2593],[74.6492,34.2593],[74.6493,34.2593],[74.6493,34.2594],[74.6494,34.2594],[74.6495,34.2594],[74.6496,34.2594],[74.6497,34.2594],[74.6498,34.2594],[74.6499,34.2594],[74.6499,34.2595],[74.65,34.2595],[74.6501,34.2595],[74.6502,34.2595],[74.6503,34.2596],[74.6504,34.2596],[74.6505,34.2596],[74.6505,34.2597],[74.6506,34.2597],[74.6507,34.2597],[74.6509,34.2598],[74.651,34.2599],[74.6511,34.2599],[74.6512,34.26],[74.6513,34.26],[74.6513,34.2601],[74.6514,34.2601],[74.6515,34.2601],[74.6515,34.2602],[74.6516,34.2602],[74.6516,34.2603],[74.6517,34.2604],[74.6517,34.2605],[74.6517,34.2606],[74.6517,34.2607],[74.6516,34.2607],[74.6516,34.2608],[74.6515,34.2609],[74.6515,34.261],[74.6514,34.261],[74.6514,34.2611],[74.6513,34.2611],[74.6512,34.2612],[74.6511,34.2612],[74.6511,34.2613],[74.651,34.2613],[74.651,34.2614],[74.6509,34.2614],[74.6508,34.2614],[74.6508,34.2615],[74.6507,34.2615],[74.6506,34.2616],[74.6505,34.2616],[74.6505,34.2617],[74.6505,34.2618],[74.6506,34.2619],[74.6507,34.2619],[74.6507,34.262],[74.6508,34.262],[74.6509,34.2621],[74.651,34.2621],[74.651,34.2622],[74.6511,34.2622],[74.6512,34.2622],[74.6513,34.2622],[74.6513,34.2623],[74.6514,34.2623],[74.6515,34.2623],[74.6516,34.2624],[74.6517,34.2624],[74.6518,34.2625],[74.6519,34.2625],[74.652,34.2626],[74.6521,34.2626],[74.6522,34.2626],[74.6522,34.2627],[74.6523,34.2627],[74.6524,34.2628],[74.6525,34.2628],[74.6525,34.2629],[74.6526,34.2629],[74.6527,34.2629],[74.6527,34.263],[74.6528,34.263],[74.6529,34.2631],[74.653,34.2631],[74.6531,34.2632],[74.6532,34.2632],[74.6532,34.2633],[74.6533,34.2633],[74.6533,34.2634],[74.6534,34.2634],[74.6535,34.2634],[74.6535,34.2635],[74.6536,34.2635],[74.6537,34.2636],[74.6538,34.2637],[74.6539,34.2638],[74.6541,34.2639],[74.6541,34.264],[74.6542,34.264],[74.6542,34.2641],[74.6543,34.2641],[74.6543,34.2642],[74.6544,34.2643],[74.6544,34.2644],[74.6545,34.2644],[74.6545,34.2645],[74.6545,34.2646],[74.6546,34.2646],[74.6546,34.2647],[74.6547,34.2648],[74.6547,34.2649],[74.6548,34.265],[74.6548,34.2651],[74.6549,34.2651],[74.6549,34.2652],[74.6549,34.2653],[74.655,34.2653],[74.655,34.2654],[74.6551,34.2654],[74.6551,34.2655],[74.6552,34.2655],[74.6552,34.2656],[74.6553,34.2656],[74.6554,34.2656],[74.6555,34.2656],[74.6556,34.2657],[74.6557,34.2657],[74.6558,34.2657],[74.6558,34.2658],[74.6559,34.2658],[74.656,34.2658],[74.6561,34.2658],[74.6562,34.2659],[74.6563,34.2659],[74.6564,34.2659],[74.6565,34.2659],[74.6566,34.2659],[74.6567,34.2659],[74.6568,34.2659],[74.6568,34.266],[74.657,34.266],[74.6571,34.266],[74.6572,34.266],[74.6573,34.266],[74.6574,34.266],[74.6575,34.266],[74.6575,34.2661],[74.6576,34.2661],[74.6577,34.2661],[74.6578,34.2661],[74.6579,34.2661],[74.6579,34.2662],[74.658,34.2662],[74.6581,34.2662],[74.6582,34.2662],[74.6583,34.2662],[74.6583,34.2663],[74.6584,34.2663],[74.6586,34.2664],[74.6587,34.2664],[74.6588,34.2665],[74.6589,34.2665],[74.659,34.2665],[74.659,34.2666],[74.6591,34.2666],[74.6592,34.2666],[74.6593,34.2667],[74.6594,34.2667],[74.6595,34.2668],[74.6596,34.2668],[74.6597,34.2669],[74.6598,34.2669],[74.6598,34.267],[74.6599,34.267],[74.66,34.267],[74.6601,34.2671],[74.6602,34.2671],[74.6602,34.2672],[74.6603,34.2672],[74.6605,34.2673],[74.6606,34.2673],[74.6606,34.2674],[74.6607,34.2674],[74.6608,34.2674],[74.6609,34.2675],[74.661,34.2675],[74.6611,34.2675],[74.6611,34.2676],[74.6612,34.2676],[74.6614,34.2676],[74.6615,34.2676],[74.6615,34.2677],[74.6616,34.2677],[74.6617,34.2677],[74.6618,34.2677],[74.6618,34.2678],[74.6619,34.2678],[74.662,34.2678],[74.6621,34.2678],[74.6621,34.2679],[74.6622,34.2679],[74.6623,34.2679],[74.6623,34.268],[74.6624,34.268],[74.6625,34.268],[74.6625,34.2681],[74.6626,34.2681],[74.6627,34.2682],[74.6628,34.2682],[74.6628,34.2683],[74.6629,34.2683],[74.663,34.2683],[74.663,34.2684],[74.6631,34.2684],[74.6632,34.2685],[74.6633,34.2685],[74.6633,34.2686],[74.6634,34.2686],[74.6635,34.2687],[74.6636,34.2687],[74.6636,34.2688],[74.6637,34.2688],[74.6637,34.2689],[74.6638,34.2689],[74.6639,34.2689],[74.6639,34.269],[74.664,34.269],[74.664,34.2691],[74.6641,34.2692],[74.6642,34.2692],[74.6642,34.2693],[74.6643,34.2693],[74.6643,34.2694],[74.6643,34.2695],[74.6644,34.2695],[74.6644,34.2696],[74.6645,34.2696],[74.6646,34.2697],[74.6647,34.2697],[74.6648,34.2697],[74.6649,34.2697],[74.665,34.2697],[74.6651,34.2697],[74.6652,34.2696],[74.6653,34.2696],[74.6654,34.2695],[74.6655,34.2695],[74.6656,34.2694],[74.6657,34.2694],[74.6658,34.2694],[74.6658,34.2693],[74.6659,34.2693],[74.666,34.2693],[74.6661,34.2692],[74.6662,34.2692],[74.6663,34.2692],[74.6664,34.2692],[74.6665,34.2692],[74.6666,34.2692],[74.6667,34.2692],[74.6668,34.2692],[74.6669,34.2691],[74.667,34.2691],[74.6671,34.2691],[74.6672,34.2691],[74.6673,34.2691],[74.6674,34.2692],[74.6675,34.2692],[74.6676,34.2692],[74.6677,34.2692],[74.6679,34.2692],[74.668,34.2692],[74.6681,34.2692],[74.6682,34.2692],[74.6683,34.2692],[74.6684,34.2692],[74.6685,34.2692],[74.6686,34.2692],[74.6686,34.2693],[74.6687,34.2693],[74.6688,34.2693],[74.6689,34.2693],[74.669,34.2693],[74.6691,34.2693],[74.6691,34.2694],[74.6692,34.2694],[74.6693,34.2694],[74.6694,34.2694],[74.6694,34.2695],[74.6695,34.2695],[74.6696,34.2695],[74.6696,34.2696],[74.6697,34.2696],[74.6698,34.2696],[74.6698,34.2697],[74.6699,34.2697],[74.67,34.2697],[74.67,34.2698],[74.6701,34.2698],[74.6702,34.2698],[74.6702,34.2699],[74.6703,34.2699],[74.6705,34.27],[74.671,34.2703],[74.6712,34.2703],[74.6712,34.2704],[74.6713,34.2704],[74.6714,34.2704],[74.6715,34.2705],[74.6716,34.2705],[74.6717,34.2706],[74.6718,34.2706],[74.6718,34.2707],[74.6719,34.2708],[74.672,34.2708],[74.672,34.2709],[74.6721,34.271],[74.6721,34.2711],[74.6722,34.2711],[74.6722,34.2712],[74.6722,34.2713],[74.6723,34.2713],[74.6723,34.2714],[74.6723,34.2715],[74.6724,34.2715],[74.6724,34.2716],[74.6724,34.2717],[74.6725,34.2717],[74.6725,34.2718],[74.6725,34.2719],[74.6726,34.2719],[74.6726,34.272],[74.6727,34.2721],[74.6728,34.2721],[74.6729,34.2722],[74.673,34.2722],[74.6731,34.2722],[74.6732,34.2722],[74.6733,34.2722],[74.6734,34.2722],[74.6735,34.2722],[74.6736,34.2722],[74.6737,34.2722],[74.6738,34.2722],[74.6739,34.2722],[74.6741,34.2722],[74.6742,34.2722],[74.6742,34.2721],[74.6743,34.2721],[74.6744,34.2721],[74.6745,34.2721],[74.6746,34.2721],[74.6747,34.2721],[74.6747,34.272],[74.6748,34.272],[74.6749,34.272],[74.675,34.272],[74.6751,34.272],[74.6752,34.272],[74.6754,34.2719],[74.6755,34.2719],[74.6756,34.2719],[74.6757,34.2719],[74.6758,34.2719],[74.6759,34.2719],[74.676,34.2719],[74.6761,34.272],[74.6762,34.272],[74.6763,34.272],[74.6764,34.272],[74.6765,34.2721],[74.6767,34.2721],[74.6768,34.2722],[74.6769,34.2722],[74.677,34.2722],[74.6771,34.2722],[74.6772,34.2722],[74.6772,34.2723],[74.6773,34.2723],[74.6774,34.2723],[74.6775,34.2723],[74.6776,34.2723],[74.6777,34.2723],[74.6778,34.2723],[74.678,34.2723],[74.6781,34.2723],[74.6782,34.2723],[74.6783,34.2723],[74.6784,34.2723],[74.6785,34.2723],[74.6786,34.2723],[74.6787,34.2723],[74.6788,34.2723],[74.6789,34.2723],[74.679,34.2724],[74.6791,34.2724],[74.6792,34.2724],[74.6793,34.2724],[74.6794,34.2724],[74.6795,34.2724],[74.6796,34.2724],[74.6796,34.2725],[74.6797,34.2725],[74.6798,34.2725],[74.6799,34.2725],[74.68,34.2725],[74.6802,34.2726],[74.6803,34.2726],[74.6805,34.2726],[74.6805,34.2727],[74.6806,34.2727],[74.6807,34.2727],[74.6808,34.2727],[74.6809,34.2727],[74.681,34.2727],[74.6811,34.2727],[74.6812,34.2728],[74.6813,34.2728],[74.6814,34.2728],[74.6815,34.2728],[74.6815,34.2727],[74.6816,34.2727],[74.682,34.2727],[74.6822,34.2726],[74.6826,34.2726],[74.6829,34.2726],[74.683,34.2726],[74.6842,34.2722],[74.6855,34.2713],[74.6857,34.2712],[74.686,34.2712],[74.6862,34.2712],[74.6863,34.2712],[74.6864,34.2712],[74.6865,34.2712],[74.6868,34.271],[74.6872,34.2709],[74.6875,34.2708],[74.6876,34.2708],[74.6884,34.2703],[74.6885,34.2703],[74.6886,34.2703],[74.6887,34.2703],[74.6888,34.2702],[74.6889,34.2702],[74.689,34.2702],[74.6891,34.2702],[74.6892,34.2702],[74.6892,34.2701],[74.6893,34.2701],[74.6894,34.2701],[74.6895,34.2701],[74.6896,34.2701],[74.6897,34.27],[74.6898,34.27],[74.6899,34.27],[74.69,34.27],[74.6901,34.27],[74.6902,34.2699],[74.6903,34.2699],[74.6905,34.2699],[74.6906,34.2698],[74.6907,34.2698],[74.6908,34.2698],[74.6911,34.2697],[74.6913,34.2697],[74.6914,34.2697],[74.6915,34.2697],[74.6916,34.2696],[74.6917,34.2696],[74.6918,34.2696],[74.6919,34.2696],[74.6919,34.2695],[74.692,34.2695],[74.6921,34.2695],[74.6922,34.2695],[74.6923,34.2695],[74.6924,34.2695],[74.6924,34.2694],[74.6925,34.2694],[74.6926,34.2694],[74.6932,34.2693],[74.6933,34.2693],[74.6933,34.2692],[74.6934,34.2692],[74.6936,34.2692],[74.6937,34.2692],[74.6938,34.2691],[74.6939,34.2691],[74.694,34.2691],[74.6941,34.2691],[74.6943,34.269],[74.6944,34.269],[74.6945,34.269],[74.6945,34.2689],[74.6946,34.2689],[74.6947,34.2689],[74.6948,34.2689],[74.6949,34.2689],[74.695,34.2689],[74.695,34.2688],[74.6951,34.2688],[74.6952,34.2688],[74.6953,34.2688],[74.6954,34.2688],[74.6955,34.2688],[74.6956,34.2688],[74.6957,34.2688],[74.6958,34.2688],[74.6959,34.2688],[74.696,34.2688],[74.6961,34.2688],[74.6962,34.2688],[74.6963,34.2688],[74.6964,34.2688],[74.6965,34.2688],[74.6966,34.2688],[74.6967,34.2688],[74.6968,34.2688],[74.6969,34.2688],[74.697,34.2688],[74.6972,34.2689],[74.6974,34.2689],[74.6975,34.2689],[74.6976,34.2689],[74.6977,34.2689],[74.6978,34.2689],[74.6979,34.2689],[74.6981,34.2689],[74.6982,34.2689],[74.6983,34.2689],[74.6984,34.2689],[74.6985,34.2689],[74.6986,34.2689],[74.6987,34.2689],[74.6987,34.269],[74.6988,34.269],[74.6989,34.269],[74.699,34.269],[74.6991,34.269],[74.6992,34.269],[74.6993,34.269],[74.6994,34.269],[74.6995,34.269],[74.6995,34.2691],[74.6997,34.2691],[74.6998,34.2691],[74.7,34.2691],[74.7,34.2692],[74.7001,34.2692],[74.7002,34.2692],[74.7003,34.2692],[74.7004,34.2692],[74.7005,34.2693],[74.7006,34.2693],[74.7007,34.2693],[74.7008,34.2693],[74.7008,34.2694],[74.7009,34.2694],[74.701,34.2694],[74.701,34.2695],[74.7011,34.2695],[74.7011,34.2696],[74.7012,34.2696],[74.7012,34.2697],[74.7013,34.2697],[74.7013,34.2698],[74.7013,34.2699],[74.7013,34.27],[74.7014,34.27],[74.7014,34.2701],[74.7015,34.2701],[74.7016,34.2702],[74.7017,34.2702],[74.7019,34.2702],[74.7019,34.2703],[74.702,34.2703],[74.7021,34.2703],[74.7022,34.2703],[74.7023,34.2704],[74.7024,34.2704],[74.7025,34.2704],[74.7026,34.2705],[74.7027,34.2705],[74.7028,34.2705],[74.7029,34.2705],[74.7029,34.2706],[74.703,34.2706],[74.7031,34.2706],[74.7032,34.2706],[74.7033,34.2707],[74.7034,34.2707],[74.7035,34.2707],[74.7035,34.2708],[74.7036,34.2708],[74.7037,34.2708],[74.7038,34.2708],[74.7038,34.2709],[74.7039,34.2709],[74.704,34.2709],[74.7041,34.2709],[74.7041,34.271],[74.7042,34.271],[74.7043,34.271],[74.7044,34.271],[74.7044,34.2711],[74.7045,34.2711],[74.7046,34.2711],[74.7047,34.2712],[74.7048,34.2712],[74.7049,34.2712],[74.7049,34.2713],[74.705,34.2713],[74.7051,34.2713],[74.7051,34.2714],[74.7052,34.2714],[74.7053,34.2714],[74.7054,34.2714],[74.7055,34.2715],[74.7057,34.2715],[74.7058,34.2716],[74.7059,34.2716],[74.7061,34.2716],[74.7061,34.2717],[74.7062,34.2717],[74.7063,34.2717],[74.7064,34.2717],[74.7064,34.2718],[74.7065,34.2718],[74.7066,34.2718],[74.7067,34.2719],[74.7068,34.2719],[74.707,34.272],[74.7071,34.2721],[74.7072,34.2721],[74.7072,34.2722],[74.7073,34.2722],[74.7074,34.2722],[74.7074,34.2723],[74.7075,34.2723],[74.7075,34.2724],[74.7077,34.2725],[74.7078,34.2725],[74.7078,34.2726],[74.7081,34.2728],[74.7082,34.2728],[74.7082,34.2729],[74.7083,34.2729],[74.7084,34.273],[74.7085,34.273],[74.7086,34.273],[74.7086,34.2731],[74.7087,34.2731],[74.7088,34.2731],[74.7088,34.2732],[74.7089,34.2732],[74.709,34.2732],[74.7099,34.2735],[74.7063,34.2702],[74.7147,34.2638],[74.7224,34.2651],[74.7274,34.2635],[74.7369,34.2585],[74.735,34.2626],[74.7405,34.267],[74.7489,34.2589],[74.7512,34.2639],[74.7573,34.2669],[74.7589,34.2645],[74.7634,34.2641],[74.7643,34.254],[74.7629,34.244],[74.7696,34.2513],[74.7725,34.2566],[74.7764,34.2581],[74.7814,34.2664],[74.7847,34.2668],[74.7814,34.2725],[74.7768,34.2693],[74.7754,34.2715],[74.7797,34.2753],[74.7784,34.2799],[74.7784,34.2868],[74.7771,34.302],[74.7935,34.3072],[74.8039,34.3042],[74.8119,34.3022],[74.8152,34.2974],[74.8166,34.2936],[74.8146,34.2876],[74.8162,34.2831],[74.8083,34.2771],[74.8093,34.275],[74.8192,34.2799],[74.82,34.2765],[74.8164,34.2698],[74.8157,34.2685],[74.8157,34.2684],[74.8174,34.2559],[74.8136,34.2456],[74.8106,34.2445],[74.8064,34.2489],[74.7998,34.2448],[74.8017,34.2406],[74.8026,34.2304],[74.8072,34.2281],[74.8095,34.2245],[74.8079,34.2214],[74.7994,34.219],[74.7999,34.2174],[74.8115,34.216],[74.8121,34.2135],[74.8091,34.21],[74.8115,34.2048],[74.8171,34.2057],[74.8219,34.2123],[74.8266,34.2112],[74.828,34.2073],[74.8338,34.2058],[74.8404,34.2015],[74.8368,34.1947],[74.8452,34.1927],[74.8458,34.1904],[74.8549,34.1889],[74.8579,34.1855],[74.858,34.1786],[74.856,34.1761],[74.8435,34.1773],[74.8365,34.1806],[74.8302,34.1797],[74.8197,34.1813],[74.8129,34.1849],[74.8118,34.186],[74.8118,34.1861],[74.8117,34.1862],[74.8115,34.1864],[74.8113,34.1866],[74.8111,34.1868],[74.811,34.1869],[74.8078,34.1921],[74.8077,34.1956],[74.8076,34.1959],[74.8074,34.1961],[74.8067,34.1964],[74.8032,34.1953],[74.7942,34.2011],[74.7943,34.2016],[74.7944,34.2017],[74.7946,34.202],[74.7947,34.2022],[74.7946,34.2022],[74.7947,34.2023],[74.795,34.2034],[74.7924,34.2068],[74.7888,34.2087],[74.7854,34.2058],[74.7851,34.2058],[74.7849,34.2057],[74.7847,34.2057],[74.7835,34.2066],[74.7814,34.202],[74.7815,34.2017],[74.7815,34.201],[74.7815,34.2001],[74.7813,34.1976],[74.7823,34.1945],[74.7827,34.1862],[74.7837,34.182],[74.785,34.1812],[74.7845,34.1794],[74.7861,34.1793],[74.7873,34.1796],[74.7874,34.1802],[74.7888,34.1814],[74.7927,34.1812],[74.7942,34.1798],[74.7929,34.1786],[74.7929,34.1784],[74.7924,34.1783],[74.7924,34.1781],[74.7926,34.1775],[74.7924,34.1775],[74.7911,34.1773],[74.7913,34.1771],[74.7913,34.1765],[74.7911,34.1763],[74.791,34.1757],[74.7897,34.1744],[74.7917,34.1748],[74.7922,34.1751],[74.7925,34.1751],[74.7927,34.1751],[74.793,34.1751],[74.7931,34.1754],[74.7932,34.1754],[74.7934,34.1754],[74.7935,34.1755],[74.7937,34.1757],[74.7949,34.1761],[74.7957,34.1761],[74.7964,34.1762],[74.7966,34.1763],[74.7971,34.1764],[74.7972,34.1761],[74.7972,34.1757],[74.7964,34.1751],[74.7966,34.1746],[74.7963,34.174],[74.7962,34.1738],[74.7937,34.1727],[74.7925,34.1728],[74.7921,34.1726],[74.792,34.1721],[74.7924,34.1714],[74.7912,34.1706],[74.7911,34.1704],[74.7911,34.1699],[74.791,34.1696],[74.7911,34.1692],[74.7918,34.1693],[74.7919,34.1694],[74.7926,34.1693],[74.7914,34.1681],[74.7895,34.1678],[74.7885,34.1682],[74.7853,34.1666],[74.7852,34.1656],[74.7853,34.1653],[74.7849,34.1646],[74.7848,34.1643],[74.7849,34.164],[74.7853,34.164],[74.7857,34.164],[74.7861,34.1642],[74.7862,34.1641],[74.7865,34.164],[74.7865,34.1639],[74.7866,34.1639],[74.7868,34.1639],[74.7869,34.1639],[74.7871,34.1641],[74.7849,34.1614],[74.782,34.1617],[74.7812,34.1601],[74.7871,34.1594],[74.7889,34.1594],[74.7896,34.1596],[74.7895,34.1598],[74.7901,34.1598],[74.7905,34.1596],[74.7911,34.1589],[74.791,34.1586],[74.7909,34.1583],[74.7907,34.1582],[74.7906,34.1583],[74.7904,34.1584],[74.7902,34.1582],[74.7897,34.1583],[74.7895,34.1581],[74.7893,34.1583],[74.7891,34.1584],[74.7889,34.1581],[74.7877,34.1584],[74.786,34.1573],[74.7831,34.1582],[74.7795,34.1555],[74.7754,34.1489],[74.7744,34.1493],[74.7747,34.1497],[74.7748,34.1502],[74.7749,34.1508],[74.7744,34.1524],[74.7741,34.1504],[74.7733,34.1496],[74.773,34.1491],[74.7727,34.1477],[74.7706,34.1446],[74.7707,34.1444],[74.7712,34.1436],[74.7695,34.1418],[74.7685,34.1425],[74.7666,34.1433],[74.7662,34.1435],[74.7662,34.1436],[74.7662,34.1439],[74.7657,34.1442],[74.7651,34.1444],[74.7646,34.1445],[74.7626,34.1447],[74.7623,34.1446],[74.7618,34.1446],[74.761,34.1447],[74.7566,34.1458],[74.752,34.1486],[74.7443,34.1513],[74.7403,34.1517]]]},"properties":{"ac_no":18,"ac_name":"GANDERBAL","ac_category":"GEN","st_name":"JAMMU AND KASHMIR"}},{"type":"Feature","geometry":{"type":"Polygon","coordinates":[[[75.4041,33.1969],[75.401,33.1957],[75.4023,33.1903],[75.395,33.1694],[75.3921,33.1642],[75.3925,33.159],[75.3856,33.153],[75.3794,33.1436],[75.3765,33.141],[75.3719,33.1435],[75.3585,33.1484],[75.3556,33.1468],[75.3574,33.1382],[75.364,33.1217],[75.3655,33.111],[75.3696,33.0983],[75.3689,33.0831],[75.3709,33.0729],[75.3693,33.069],[75.3694,33.0686],[75.367,33.0666],[75.3639,33.0664],[75.357,33.0689],[75.3479,33.0713],[75.3442,33.0722],[75.3419,33.0754],[75.34,33.0785],[75.335,33.0786],[75.3312,33.0837],[75.3301,33.0845],[75.3281,33.086],[75.3138,33.0905],[75.3002,33.0945],[75.2874,33.0941],[75.2815,33.0935],[75.2768,33.0934],[75.2682,33.0943],[75.2569,33.1003],[75.2542,33.101],[75.2483,33.1024],[75.2426,33.1053],[75.231,33.1237],[75.2265,33.1335],[75.2233,33.1386],[75.2186,33.1431],[75.2102,33.1467],[75.2037,33.1488],[75.1926,33.1498],[75.1834,33.1488],[75.1774,33.1482],[75.1687,33.1462],[75.1661,33.145],[75.1564,33.1413],[75.1532,33.1443],[75.1506,33.1505],[75.1458,33.1559],[75.1375,33.1651],[75.1326,33.17],[75.1216,33.1786],[75.1202,33.179],[75.116,33.1797],[75.1116,33.1802],[75.1035,33.183],[75.098,33.1868],[75.0958,33.1881],[75.0948,33.1891],[75.095,33.1892],[75.0954,33.1896],[75.0958,33.1899],[75.0962,33.1902],[75.0956,33.1904],[75.0949,33.1907],[75.0941,33.1909],[75.0919,33.1915],[75.0911,33.1917],[75.0905,33.1919],[75.0948,33.1952],[75.1032,33.2006],[75.1218,33.2104],[75.1315,33.218],[75.138,33.2239],[75.1428,33.2306],[75.1442,33.2346],[75.1438,33.2389],[75.141,33.2422],[75.1352,33.2454],[75.1318,33.2555],[75.1319,33.2559],[75.1269,33.2615],[75.1284,33.2789],[75.1286,33.2789],[75.1291,33.2791],[75.1298,33.2793],[75.1304,33.2795],[75.1309,33.2795],[75.1312,33.2795],[75.1317,33.2795],[75.1323,33.2794],[75.1325,33.2794],[75.1328,33.2792],[75.133,33.279],[75.1334,33.2787],[75.1335,33.2789],[75.1336,33.2793],[75.1336,33.2802],[75.1337,33.2807],[75.1338,33.2806],[75.1339,33.2805],[75.1343,33.2804],[75.1347,33.2801],[75.1349,33.2798],[75.1361,33.2792],[75.1367,33.2787],[75.1369,33.2783],[75.1369,33.2781],[75.137,33.2774],[75.1369,33.2772],[75.1368,33.277],[75.1367,33.2768],[75.1366,33.2765],[75.1366,33.2764],[75.1368,33.2763],[75.1375,33.2768],[75.1392,33.2777],[75.1395,33.278],[75.14,33.2785],[75.1405,33.2789],[75.141,33.279],[75.1413,33.279],[75.1414,33.279],[75.1416,33.2793],[75.142,33.2799],[75.1424,33.2802],[75.1427,33.2807],[75.1429,33.2812],[75.1429,33.2816],[75.1432,33.2816],[75.1444,33.2821],[75.1449,33.2825],[75.1453,33.283],[75.1456,33.2834],[75.1458,33.2836],[75.146,33.2837],[75.1464,33.2838],[75.147,33.2838],[75.1476,33.2836],[75.148,33.2834],[75.1486,33.2832],[75.149,33.283],[75.1494,33.2827],[75.1507,33.2826],[75.1514,33.2828],[75.1522,33.2829],[75.1531,33.283],[75.1538,33.2832],[75.1543,33.2834],[75.1549,33.2836],[75.1557,33.284],[75.156,33.284],[75.1566,33.2841],[75.1568,33.2841],[75.1574,33.2841],[75.1577,33.2841],[75.1588,33.2843],[75.1616,33.2843],[75.1642,33.2831],[75.1646,33.2827],[75.1649,33.2826],[75.1655,33.2982],[75.1698,33.3077],[75.1791,33.3179],[75.1827,33.3166],[75.2005,33.3164],[75.2162,33.3209],[75.2214,33.321],[75.23,33.3266],[75.2324,33.3295],[75.2309,33.3308],[75.2305,33.3314],[75.2298,33.3322],[75.2341,33.3356],[75.2304,33.3407],[75.224,33.3462],[75.2236,33.346],[75.2226,33.3455],[75.2219,33.3451],[75.2215,33.3446],[75.2213,33.3445],[75.2213,33.344],[75.2215,33.3435],[75.2217,33.343],[75.2218,33.3429],[75.222,33.3412],[75.2225,33.3406],[75.2229,33.3402],[75.2233,33.3399],[75.2234,33.3398],[75.2238,33.3393],[75.2243,33.3389],[75.2245,33.3386],[75.2249,33.3377],[75.2253,33.3369],[75.2259,33.336],[75.2263,33.3354],[75.2263,33.335],[75.2261,33.3338],[75.2256,33.3321],[75.225,33.3313],[75.2246,33.3313],[75.2243,33.3313],[75.2237,33.3315],[75.2231,33.3315],[75.2229,33.3314],[75.2223,33.3309],[75.2216,33.3305],[75.2209,33.3299],[75.2198,33.329],[75.219,33.3288],[75.2176,33.3291],[75.216,33.3295],[75.2149,33.3298],[75.2139,33.3299],[75.2128,33.33],[75.2123,33.33],[75.2121,33.33],[75.2116,33.3296],[75.2065,33.3336],[75.2036,33.3372],[75.2016,33.3411],[75.1996,33.3464],[75.1967,33.3507],[75.2027,33.3546],[75.2064,33.3572],[75.2176,33.3623],[75.2231,33.36],[75.2267,33.3599],[75.2391,33.3618],[75.2466,33.3643],[75.2511,33.3552],[75.2554,33.3537],[75.2578,33.351],[75.2599,33.3423],[75.273,33.3486],[75.2805,33.3469],[75.2916,33.3458],[75.2987,33.352],[75.3044,33.3551],[75.3119,33.3558],[75.3324,33.3527],[75.349,33.3519],[75.3779,33.3471],[75.3896,33.3484],[75.3935,33.3488],[75.3933,33.3463],[75.3922,33.3421],[75.3851,33.3088],[75.3818,33.295],[75.3782,33.2845],[75.3758,33.2794],[75.375,33.2683],[75.3771,33.2559],[75.3803,33.2505],[75.3875,33.2435],[75.3896,33.2404],[75.3912,33.2343],[75.3879,33.2243],[75.3879,33.2195],[75.3896,33.2151],[75.3928,33.2112],[75.3891,33.2061],[75.3901,33.2032],[75.4023,33.198],[75.4041,33.1969]]]},"properties":{"ac_no":54,"ac_name":"RAMBAN","ac_category":"GEN","st_name":"JAMMU AND KASHMIR"}},{"type":"Feature","geometry":{"type":"Polygon","coordinates":[[[75.1378,33.5133],[75.1355,33.5139],[75.1311,33.513],[75.1219,33.5033],[75.1142,33.498],[75.1099,33.497],[75.1031,33.4976],[75.0965,33.5015],[75.0934,33.5022],[75.0875,33.4969],[75.0824,33.4945],[75.0759,33.4966],[75.0703,33.497],[75.0632,33.499],[75.0588,33.4989],[75.0518,33.5025],[75.0453,33.5026],[75.0313,33.504],[75.0247,33.5008],[75.0246,33.5008],[75.0229,33.5002],[75.0239,33.5015],[75.0157,33.509],[75.0112,33.5087],[75.0101,33.5085],[75.0096,33.5083],[75.0092,33.5081],[75.0078,33.5068],[75.0066,33.5047],[75.0064,33.5043],[75.0061,33.5039],[75.0057,33.5035],[75.0053,33.5032],[75.0049,33.503],[75.0044,33.503],[75.0033,33.5031],[75.0012,33.5037],[74.994,33.5065],[74.9931,33.5097],[74.9929,33.5101],[74.9926,33.5105],[74.9922,33.5108],[74.9918,33.5109],[74.9912,33.5109],[74.9907,33.5109],[74.9901,33.5109],[74.9895,33.5109],[74.9885,33.5109],[74.9816,33.5119],[74.9757,33.5117],[74.9693,33.5126],[74.9683,33.5127],[74.9677,33.5126],[74.9667,33.5124],[74.9643,33.5113],[74.9548,33.5105],[74.9524,33.5066],[74.9523,33.4954],[74.9514,33.4953],[74.9508,33.4954],[74.9502,33.4955],[74.9496,33.4955],[74.9486,33.4952],[74.9482,33.4949],[74.9479,33.4945],[74.9475,33.4942],[74.9467,33.4936],[74.9398,33.49],[74.9277,33.4948],[74.9206,33.4966],[74.9153,33.4961],[74.9123,33.4924],[74.9116,33.4899],[74.9101,33.4894],[74.9075,33.4901],[74.9059,33.4903],[74.9048,33.4903],[74.9036,33.49],[74.9031,33.4898],[74.9027,33.4896],[74.9024,33.4893],[74.9021,33.4889],[74.902,33.4885],[74.9019,33.4875],[74.9017,33.4867],[74.901,33.486],[74.9006,33.4858],[74.9001,33.4857],[74.8983,33.4853],[74.8978,33.4851],[74.8976,33.4848],[74.8975,33.4844],[74.8976,33.483],[74.8964,33.4816],[74.8958,33.4815],[74.8953,33.4816],[74.8947,33.4817],[74.8942,33.4817],[74.8916,33.4802],[74.8799,33.4805],[74.8769,33.4823],[74.8728,33.4833],[74.8713,33.483],[74.8698,33.4822],[74.8693,33.482],[74.8688,33.4818],[74.8683,33.4817],[74.8678,33.4816],[74.8673,33.4816],[74.8668,33.4816],[74.8652,33.4817],[74.8641,33.4816],[74.8636,33.4814],[74.8632,33.4811],[74.8631,33.4807],[74.8631,33.4803],[74.8634,33.4789],[74.8633,33.4784],[74.8631,33.478],[74.8629,33.4776],[74.8626,33.4773],[74.8623,33.4769],[74.8613,33.4753],[74.8611,33.4749],[74.8608,33.4745],[74.8604,33.4742],[74.8597,33.4736],[74.8588,33.473],[74.8574,33.4722],[74.8569,33.472],[74.8565,33.4719],[74.856,33.4718],[74.8549,33.472],[74.8493,33.4738],[74.8413,33.4739],[74.8398,33.4746],[74.8385,33.4758],[74.8381,33.4761],[74.8377,33.4762],[74.8373,33.476],[74.837,33.4756],[74.8368,33.4752],[74.8361,33.4726],[74.8349,33.4711],[74.8332,33.4694],[74.8316,33.4666],[74.8301,33.4654],[74.8173,33.4665],[74.8134,33.468],[74.8124,33.4682],[74.8119,33.4683],[74.8113,33.4684],[74.8108,33.4684],[74.8103,33.4684],[74.8097,33.4684],[74.8092,33.4684],[74.8086,33.4684],[74.8081,33.4683],[74.807,33.4682],[74.7995,33.4674],[74.7963,33.4677],[74.7908,33.4725],[74.7907,33.4729],[74.7908,33.4734],[74.7933,33.4769],[74.7962,33.4779],[74.7968,33.4807],[74.7946,33.4833],[74.7943,33.4837],[74.794,33.484],[74.7936,33.4843],[74.7933,33.4847],[74.7929,33.485],[74.7926,33.4853],[74.7922,33.4857],[74.7918,33.486],[74.7914,33.4863],[74.7911,33.4866],[74.7907,33.4869],[74.7903,33.4872],[74.7898,33.4875],[74.7894,33.4878],[74.789,33.4881],[74.7885,33.4883],[74.788,33.4885],[74.7875,33.4886],[74.7849,33.489],[74.7823,33.4897],[74.7759,33.4875],[74.7727,33.4871],[74.7643,33.4901],[74.7628,33.4903],[74.761,33.4901],[74.7606,33.4902],[74.7525,33.4953],[74.7521,33.4955],[74.7517,33.4958],[74.7509,33.4964],[74.7502,33.4971],[74.7498,33.4974],[74.7495,33.4978],[74.7492,33.4981],[74.7489,33.4985],[74.7483,33.4993],[74.748,33.4997],[74.7474,33.5004],[74.7457,33.5014],[74.7453,33.5017],[74.7449,33.502],[74.7415,33.5049],[74.7411,33.5052],[74.7406,33.5054],[74.7396,33.5056],[74.7368,33.5056],[74.7353,33.5067],[74.7341,33.511],[74.7325,33.5128],[74.732,33.513],[74.7315,33.5131],[74.7299,33.5133],[74.7191,33.5182],[74.7162,33.5214],[74.7155,33.5221],[74.7152,33.5224],[74.7147,33.5227],[74.7104,33.5253],[74.7052,33.5251],[74.698,33.521],[74.6949,33.5205],[74.6933,33.5193],[74.6927,33.5185],[74.6921,33.5178],[74.6918,33.5174],[74.6912,33.5166],[74.6855,33.5143],[74.685,33.5141],[74.6846,33.5138],[74.6842,33.5135],[74.6841,33.5131],[74.6841,33.5126],[74.6843,33.5117],[74.6842,33.5108],[74.684,33.5099],[74.6836,33.5087],[74.6834,33.5082],[74.6832,33.5074],[74.6829,33.5065],[74.6817,33.505],[74.6802,33.5047],[74.6796,33.5047],[74.679,33.5047],[74.6779,33.5047],[74.6769,33.5047],[74.6753,33.5048],[74.6748,33.5049],[74.6743,33.505],[74.6717,33.5058],[74.6649,33.5063],[74.6595,33.5062],[74.6569,33.5057],[74.6552,33.5078],[74.6533,33.5094],[74.6528,33.5116],[74.6525,33.5124],[74.6523,33.5128],[74.6514,33.514],[74.6511,33.5144],[74.6508,33.5148],[74.6498,33.5147],[74.6494,33.5144],[74.6491,33.514],[74.6488,33.5136],[74.6483,33.5128],[74.6477,33.512],[74.6469,33.5109],[74.6466,33.5105],[74.6462,33.5102],[74.6455,33.5095],[74.6431,33.5085],[74.6427,33.5082],[74.6425,33.5079],[74.6425,33.5074],[74.6426,33.5069],[74.6427,33.5065],[74.6428,33.506],[74.6428,33.5056],[74.6425,33.5038],[74.6406,33.5023],[74.6369,33.5017],[74.6364,33.5016],[74.6359,33.5014],[74.6343,33.5009],[74.6338,33.5009],[74.6332,33.501],[74.6318,33.5016],[74.6311,33.501],[74.631,33.5005],[74.6308,33.5001],[74.6306,33.4997],[74.6304,33.4993],[74.63,33.4991],[74.6286,33.4983],[74.6281,33.498],[74.6277,33.4978],[74.619,33.4972],[74.6145,33.4989],[74.6132,33.4987],[74.6082,33.4965],[74.6072,33.496],[74.6065,33.4968],[74.6047,33.4996],[74.6041,33.5013],[74.6021,33.5012],[74.6004,33.5014],[74.5979,33.5025],[74.5912,33.5022],[74.5892,33.5037],[74.5888,33.5044],[74.5888,33.5046],[74.5893,33.5086],[74.5891,33.5093],[74.5885,33.5094],[74.5844,33.509],[74.5804,33.5087],[74.5746,33.5074],[74.5745,33.5074],[74.5744,33.5074],[74.5744,33.5075],[74.5748,33.5096],[74.5738,33.5117],[74.5758,33.5142],[74.5711,33.5176],[74.568,33.518],[74.5655,33.524],[74.5564,33.5246],[74.5555,33.5276],[74.5537,33.5278],[74.5479,33.5291],[74.5475,33.53],[74.5476,33.5307],[74.5467,33.53],[74.5467,33.529],[74.5457,33.5283],[74.5424,33.5274],[74.5412,33.5273],[74.5399,33.5272],[74.5378,33.5279],[74.5332,33.5323],[74.5294,33.5463],[74.5255,33.5495],[74.5197,33.5504],[74.516,33.5536],[74.5162,33.5575],[74.5185,33.5604],[74.5279,33.5671],[74.5219,33.5734],[74.5243,33.5789],[74.5211,33.5827],[74.5205,33.5862],[74.517,33.5892],[74.5145,33.5947],[74.5138,33.5997],[74.5153,33.6024],[74.5207,33.6055],[74.5203,33.6095],[74.5273,33.6168],[74.5251,33.6249],[74.5213,33.6258],[74.5195,33.6287],[74.5197,33.6413],[74.5294,33.6433],[74.531,33.6543],[74.5331,33.6574],[74.5318,33.6601],[74.5393,33.6663],[74.5436,33.6736],[74.5439,33.6792],[74.5435,33.6802],[74.5439,33.6803],[74.544,33.6803],[74.5443,33.6803],[74.5449,33.6805],[74.5484,33.6823],[74.5583,33.686],[74.5602,33.6903],[74.561,33.6904],[74.563,33.6907],[74.5654,33.6914],[74.5664,33.6916],[74.5665,33.6917],[74.5666,33.6917],[74.5667,33.6916],[74.5668,33.6914],[74.567,33.6912],[74.5673,33.691],[74.5674,33.6909],[74.5675,33.6908],[74.5675,33.6907],[74.5676,33.6907],[74.5677,33.6906],[74.5677,33.6905],[74.5678,33.6905],[74.5679,33.6904],[74.5681,33.6902],[74.5682,33.6901],[74.5683,33.6901],[74.5683,33.69],[74.5684,33.6899],[74.5685,33.6898],[74.5686,33.6898],[74.5686,33.6897],[74.5687,33.6896],[74.5688,33.6895],[74.5708,33.6889],[74.5747,33.6886],[74.5764,33.6878],[74.5787,33.6872],[74.5807,33.6877],[74.5822,33.6882],[74.5828,33.688],[74.5845,33.6871],[74.5872,33.6859],[74.5948,33.6844],[74.5969,33.6818],[74.598,33.6812],[74.6015,33.6809],[74.6026,33.6816],[74.6048,33.6851],[74.6075,33.6865],[74.6071,33.6916],[74.6078,33.6929],[74.6101,33.6944],[74.6111,33.6944],[74.6143,33.6946],[74.6164,33.6954],[74.6187,33.6957],[74.6224,33.6955],[74.6256,33.6949],[74.6288,33.6922],[74.6373,33.6914],[74.6425,33.6901],[74.647,33.6895],[74.6492,33.6898],[74.6504,33.6905],[74.6522,33.6917],[74.6529,33.6921],[74.6535,33.6922],[74.6543,33.6925],[74.6549,33.6923],[74.6561,33.6925],[74.6582,33.6919],[74.6623,33.6914],[74.6645,33.6918],[74.6652,33.692],[74.6662,33.6926],[74.6679,33.694],[74.6725,33.7],[74.6797,33.7027],[74.6803,33.7026],[74.6818,33.7015],[74.6839,33.699],[74.6892,33.6985],[74.6912,33.6962],[74.6924,33.6956],[74.6935,33.6953],[74.695,33.6958],[74.6957,33.6961],[74.6962,33.6961],[74.6969,33.6963],[74.6981,33.6957],[74.6993,33.6942],[74.6998,33.6937],[74.7003,33.6936],[74.7021,33.6942],[74.7026,33.6944],[74.704,33.6947],[74.7061,33.6947],[74.7078,33.6948],[74.7106,33.6955],[74.7116,33.695],[74.7135,33.6924],[74.718,33.6906],[74.7212,33.6877],[74.7256,33.6878],[74.7264,33.6857],[74.7289,33.6859],[74.7317,33.6838],[74.7274,33.6807],[74.7263,33.677],[74.7284,33.671],[74.7318,33.6679],[74.7361,33.6659],[74.7381,33.6678],[74.7407,33.6677],[74.742,33.6672],[74.744,33.6673],[74.7459,33.6678],[74.7479,33.6687],[74.7512,33.6697],[74.7534,33.6702],[74.7555,33.6711],[74.7571,33.6719],[74.7645,33.6742],[74.7684,33.6762],[74.771,33.6766],[74.7739,33.6778],[74.7776,33.6788],[74.7787,33.6786],[74.7833,33.6788],[74.787,33.6773],[74.787,33.6735],[74.7843,33.6725],[74.7853,33.6692],[74.785,33.6674],[74.7844,33.6663],[74.7832,33.6664],[74.7813,33.6669],[74.7782,33.6687],[74.7772,33.6686],[74.7765,33.6675],[74.7755,33.6658],[74.7746,33.6622],[74.7758,33.6594],[74.7743,33.6544],[74.7751,33.6507],[74.7786,33.6448],[74.7811,33.6451],[74.7832,33.6462],[74.7839,33.649],[74.7858,33.6502],[74.7895,33.6508],[74.7918,33.6482],[74.816,33.648],[74.8299,33.6467],[74.8422,33.642],[74.8555,33.6344],[74.862,33.6284],[74.8641,33.6271],[74.8662,33.6257],[74.8666,33.6255],[74.8721,33.6266],[74.8769,33.6282],[74.8825,33.632],[74.8913,33.642],[74.9003,33.6506],[74.8996,33.6544],[74.9086,33.6576],[74.9126,33.6566],[74.9151,33.656],[74.9209,33.6555],[74.9205,33.6578],[74.9239,33.6601],[74.9265,33.6604],[74.9274,33.6606],[74.9277,33.6528],[74.9277,33.65],[74.9279,33.6477],[74.9282,33.6449],[74.9331,33.6455],[74.935,33.6406],[74.9307,33.6359],[74.9338,33.6297],[74.9314,33.6263],[74.9275,33.6173],[74.9275,33.6157],[74.9282,33.6159],[74.9307,33.6166],[74.9327,33.6177],[74.9365,33.6186],[74.9432,33.6183],[74.9507,33.6159],[74.9546,33.6128],[74.9651,33.612],[74.9668,33.6105],[74.9733,33.6123],[74.9855,33.6214],[74.9905,33.6221],[74.996,33.6221],[75.0015,33.6219],[75.0064,33.6215],[75.0113,33.6224],[75.0151,33.6227],[75.0285,33.6288],[75.034,33.6316],[75.0396,33.6342],[75.0465,33.6373],[75.0487,33.6367],[75.0529,33.6382],[75.0595,33.6416],[75.0652,33.6453],[75.0683,33.6463],[75.0688,33.6462],[75.0695,33.6461],[75.0712,33.646],[75.0688,33.6443],[75.0679,33.6412],[75.0589,33.6377],[75.056,33.6346],[75.0592,33.6284],[75.0576,33.6146],[75.0613,33.6094],[75.0699,33.6086],[75.0725,33.6058],[75.0738,33.6003],[75.0712,33.5952],[75.0744,33.5937],[75.08,33.5976],[75.0875,33.6009],[75.089,33.6005],[75.0904,33.6002],[75.0961,33.5973],[75.1091,33.5881],[75.1068,33.5844],[75.1072,33.5764],[75.0994,33.5652],[75.0997,33.558],[75.1051,33.5564],[75.1057,33.5495],[75.1045,33.5432],[75.103,33.541],[75.1037,33.5399],[75.1085,33.5413],[75.1099,33.5408],[75.1148,33.54],[75.1216,33.5384],[75.1214,33.5398],[75.1189,33.5424],[75.1175,33.5473],[75.116,33.5476],[75.1156,33.5505],[75.1162,33.5504],[75.1188,33.55],[75.1212,33.5482],[75.127,33.5482],[75.1307,33.5486],[75.1305,33.5515],[75.1302,33.5577],[75.1335,33.5581],[75.1378,33.5614],[75.1393,33.5614],[75.1418,33.5615],[75.144,33.5604],[75.1444,33.5535],[75.1484,33.5536],[75.1511,33.5511],[75.1471,33.5471],[75.1448,33.5405],[75.1418,33.5356],[75.1431,33.5293],[75.1413,33.5253],[75.1485,33.5245],[75.1517,33.5223],[75.1438,33.5164],[75.1378,33.5133]]]},"properties":{"ac_no":38,"ac_name":"D. H. PORA","ac_category":"GEN","st_name":"JAMMU AND KASHMIR"}},{"type":"Feature","geometry":{"type":"Polygon","coordinates":[[[75.1598,33.5707],[75.159,33.5698],[75.1575,33.5672],[75.1571,33.5665],[75.1577,33.5622],[75.1541,33.558],[75.1539,33.5579],[75.1529,33.5574],[75.1523,33.5571],[75.1522,33.557],[75.1518,33.5568],[75.15,33.5561],[75.1484,33.5536],[75.1444,33.5535],[75.144,33.5604],[75.1418,33.5615],[75.1378,33.5614],[75.1335,33.5581],[75.1302,33.5577],[75.1305,33.5515],[75.1307,33.5486],[75.127,33.5482],[75.1212,33.5482],[75.1188,33.55],[75.1156,33.5505],[75.116,33.5476],[75.1175,33.5473],[75.1189,33.5424],[75.1214,33.5398],[75.1216,33.5384],[75.1148,33.54],[75.1099,33.5408],[75.1085,33.5413],[75.1037,33.5399],[75.103,33.541],[75.1045,33.5432],[75.1057,33.5495],[75.1051,33.5564],[75.0997,33.558],[75.0994,33.5652],[75.1072,33.5764],[75.1068,33.5844],[75.1091,33.5881],[75.0961,33.5973],[75.0904,33.6002],[75.0875,33.6009],[75.0842,33.5986],[75.08,33.5976],[75.0744,33.5937],[75.0712,33.5952],[75.0738,33.6003],[75.0725,33.6058],[75.0699,33.6086],[75.0613,33.6094],[75.0576,33.6146],[75.0592,33.6284],[75.056,33.6346],[75.0589,33.6377],[75.0679,33.6412],[75.0688,33.6443],[75.0712,33.646],[75.0695,33.6461],[75.0683,33.6463],[75.0741,33.6504],[75.0791,33.6599],[75.0795,33.6604],[75.0811,33.662],[75.0849,33.6659],[75.0855,33.6665],[75.0905,33.6711],[75.0956,33.6754],[75.0979,33.6768],[75.0996,33.6788],[75.1005,33.6858],[75.094,33.6853],[75.0933,33.6852],[75.093,33.6852],[75.0926,33.6852],[75.0923,33.6851],[75.0919,33.6851],[75.0916,33.6851],[75.0883,33.6848],[75.0799,33.6833],[75.0773,33.6873],[75.0704,33.6861],[75.0641,33.6849],[75.0597,33.6842],[75.0594,33.6863],[75.0585,33.6879],[75.0563,33.687],[75.0476,33.6858],[75.0454,33.686],[75.0451,33.6886],[75.0428,33.6904],[75.044,33.6909],[75.0453,33.6913],[75.0473,33.6952],[75.0451,33.6961],[75.0427,33.6952],[75.0386,33.6965],[75.0374,33.6975],[75.0366,33.6977],[75.0353,33.6986],[75.0337,33.7009],[75.0337,33.7024],[75.034,33.705],[75.0366,33.712],[75.048,33.715],[75.0494,33.7171],[75.0474,33.7212],[75.0461,33.7216],[75.0449,33.7201],[75.042,33.7176],[75.0386,33.717],[75.0374,33.7199],[75.0364,33.7232],[75.036,33.7259],[75.0341,33.7258],[75.029,33.7246],[75.0268,33.7242],[75.0262,33.7247],[75.026,33.7256],[75.0236,33.7301],[75.0238,33.7325],[75.0247,33.7355],[75.0247,33.7366],[75.0295,33.7449],[75.0234,33.746],[75.022,33.7474],[75.0223,33.7476],[75.0226,33.748],[75.023,33.7484],[75.023,33.7485],[75.0231,33.7485],[75.0231,33.7486],[75.0232,33.7486],[75.0232,33.7487],[75.0234,33.7526],[75.0235,33.7541],[75.028,33.7596],[75.0285,33.7624],[75.029,33.7656],[75.0307,33.7691],[75.0346,33.7701],[75.0356,33.7702],[75.0337,33.7724],[75.0359,33.7737],[75.0382,33.7737],[75.0383,33.7737],[75.0384,33.7737],[75.0386,33.7737],[75.0387,33.7737],[75.039,33.7737],[75.0391,33.7737],[75.0393,33.7737],[75.0395,33.7737],[75.0396,33.7737],[75.0397,33.7737],[75.0401,33.7737],[75.0406,33.7737],[75.0408,33.7737],[75.0409,33.7737],[75.041,33.7737],[75.0411,33.77],[75.037,33.7661],[75.0363,33.7635],[75.0415,33.7621],[75.0475,33.7645],[75.0489,33.7685],[75.052,33.769],[75.0526,33.769],[75.0573,33.7729],[75.058,33.7739],[75.0601,33.7744],[75.0608,33.7741],[75.0613,33.7736],[75.0618,33.7732],[75.0626,33.7725],[75.0628,33.772],[75.0643,33.7711],[75.0662,33.7722],[75.0668,33.7731],[75.0675,33.7735],[75.0701,33.773],[75.0742,33.7709],[75.0758,33.7682],[75.0786,33.7628],[75.0824,33.7587],[75.0833,33.7588],[75.0857,33.7521],[75.0857,33.7515],[75.0857,33.7514],[75.0858,33.7513],[75.0858,33.7512],[75.0858,33.7511],[75.0858,33.751],[75.0858,33.7509],[75.0858,33.7508],[75.0859,33.7506],[75.0859,33.7505],[75.0859,33.7504],[75.086,33.7504],[75.086,33.7503],[75.086,33.7502],[75.0861,33.7501],[75.0862,33.7499],[75.0864,33.7495],[75.0865,33.7493],[75.0865,33.7492],[75.0866,33.7492],[75.0866,33.7491],[75.0866,33.749],[75.0867,33.7489],[75.0867,33.7488],[75.0867,33.7487],[75.0868,33.7487],[75.0868,33.7486],[75.0868,33.7485],[75.0868,33.7484],[75.0869,33.7483],[75.0869,33.7482],[75.0869,33.7481],[75.0869,33.748],[75.087,33.7479],[75.087,33.7478],[75.087,33.7477],[75.087,33.7476],[75.087,33.7475],[75.0871,33.7475],[75.0871,33.7474],[75.0871,33.747],[75.0872,33.7468],[75.0872,33.7467],[75.0872,33.7466],[75.0872,33.7465],[75.0872,33.7464],[75.0872,33.7463],[75.0873,33.7462],[75.0873,33.7461],[75.0873,33.746],[75.0873,33.7459],[75.0873,33.7458],[75.0873,33.7457],[75.0873,33.7456],[75.0874,33.7453],[75.0874,33.7452],[75.0874,33.7451],[75.0874,33.745],[75.0874,33.7449],[75.0874,33.7448],[75.0874,33.7447],[75.0874,33.7446],[75.0875,33.7445],[75.0875,33.7441],[75.0875,33.744],[75.0876,33.7439],[75.0876,33.7438],[75.0876,33.7437],[75.0876,33.7436],[75.0876,33.7435],[75.0877,33.7434],[75.0877,33.7432],[75.0877,33.7431],[75.0878,33.743],[75.0878,33.7429],[75.0878,33.7428],[75.0878,33.7427],[75.0879,33.7427],[75.0879,33.7426],[75.0879,33.7425],[75.088,33.7425],[75.088,33.7424],[75.0881,33.7424],[75.0882,33.7424],[75.0882,33.7423],[75.0883,33.7423],[75.0883,33.7422],[75.0884,33.7422],[75.0884,33.7421],[75.0885,33.7421],[75.0886,33.742],[75.0887,33.7419],[75.0887,33.7418],[75.0888,33.7418],[75.0888,33.7417],[75.0889,33.7417],[75.0889,33.7416],[75.089,33.7416],[75.089,33.7415],[75.0891,33.7415],[75.0892,33.7415],[75.0895,33.7413],[75.0951,33.7391],[75.0955,33.7391],[75.0964,33.7336],[75.0964,33.7335],[75.0965,33.7333],[75.0966,33.7332],[75.0966,33.7331],[75.0966,33.733],[75.0967,33.733],[75.0967,33.7329],[75.0968,33.7329],[75.0968,33.7328],[75.0969,33.7328],[75.0969,33.7327],[75.0974,33.7324],[75.0974,33.7323],[75.0975,33.7323],[75.0976,33.7323],[75.0977,33.7322],[75.0978,33.7322],[75.0979,33.7322],[75.0979,33.7321],[75.098,33.7321],[75.0981,33.7321],[75.0982,33.732],[75.0983,33.732],[75.0983,33.7319],[75.0984,33.7319],[75.0984,33.7318],[75.0985,33.7318],[75.0985,33.7317],[75.0985,33.7316],[75.0985,33.7315],[75.0985,33.7314],[75.0986,33.7314],[75.0986,33.7313],[75.0986,33.7312],[75.0986,33.7311],[75.0986,33.731],[75.0986,33.7309],[75.0987,33.7309],[75.0987,33.7308],[75.0987,33.7307],[75.0987,33.7306],[75.0987,33.7305],[75.0987,33.7304],[75.0987,33.7303],[75.0987,33.7302],[75.0986,33.7301],[75.0986,33.73],[75.0986,33.7299],[75.0985,33.7299],[75.0985,33.7298],[75.0985,33.7297],[75.0984,33.7297],[75.0984,33.7296],[75.0984,33.7295],[75.0983,33.7295],[75.0983,33.7294],[75.0982,33.7294],[75.0982,33.7293],[75.0981,33.7292],[75.0981,33.7291],[75.098,33.7291],[75.098,33.729],[75.0979,33.7289],[75.0978,33.7287],[75.0977,33.7285],[75.0977,33.7284],[75.0976,33.7284],[75.0976,33.7283],[75.0976,33.7282],[75.0976,33.7281],[75.0976,33.728],[75.0976,33.7279],[75.0976,33.7278],[75.0976,33.7277],[75.0977,33.7277],[75.0977,33.7276],[75.0977,33.7275],[75.0977,33.7274],[75.0978,33.7274],[75.0978,33.7273],[75.0978,33.7272],[75.0979,33.7272],[75.0979,33.7271],[75.098,33.7271],[75.098,33.727],[75.098,33.7269],[75.0981,33.7269],[75.0981,33.7268],[75.0982,33.7268],[75.0983,33.7268],[75.0983,33.7267],[75.0984,33.7267],[75.0989,33.7264],[75.0991,33.7263],[75.0996,33.7261],[75.1002,33.7243],[75.1002,33.7242],[75.1003,33.7242],[75.1003,33.7241],[75.1003,33.724],[75.1004,33.7239],[75.1004,33.7238],[75.1004,33.7237],[75.1004,33.7236],[75.1005,33.7236],[75.1005,33.7235],[75.1005,33.7234],[75.1006,33.7233],[75.1006,33.7232],[75.1007,33.7231],[75.1007,33.723],[75.1008,33.723],[75.1008,33.7229],[75.1009,33.7228],[75.1009,33.7227],[75.101,33.7226],[75.101,33.7225],[75.1009,33.7225],[75.1009,33.7224],[75.1008,33.7222],[75.1008,33.7221],[75.1006,33.7219],[75.1006,33.7218],[75.1005,33.7217],[75.1004,33.7216],[75.1003,33.7215],[75.1003,33.7214],[75.1002,33.7213],[75.1001,33.7212],[75.1,33.7211],[75.0999,33.721],[75.0999,33.7209],[75.0998,33.7209],[75.0998,33.7208],[75.0997,33.7208],[75.0996,33.7207],[75.0996,33.7205],[75.0995,33.7204],[75.0994,33.7203],[75.0993,33.7202],[75.0993,33.7201],[75.0992,33.72],[75.0991,33.7199],[75.0991,33.7198],[75.0991,33.7197],[75.099,33.7197],[75.099,33.7196],[75.0989,33.7195],[75.0989,33.7194],[75.0989,33.7193],[75.0988,33.7193],[75.0988,33.7192],[75.0987,33.7192],[75.0986,33.7192],[75.0986,33.7191],[75.0985,33.7191],[75.0984,33.7191],[75.0983,33.719],[75.0978,33.7189],[75.0977,33.7189],[75.0976,33.7189],[75.0975,33.7188],[75.0974,33.7188],[75.0973,33.7188],[75.0972,33.7188],[75.0971,33.7187],[75.097,33.7187],[75.0969,33.7187],[75.0968,33.7187],[75.0967,33.7187],[75.0967,33.7186],[75.0966,33.7186],[75.0965,33.7186],[75.0964,33.7186],[75.0964,33.7185],[75.0963,33.7185],[75.0962,33.7185],[75.0962,33.7184],[75.0961,33.7184],[75.0961,33.7183],[75.096,33.7183],[75.096,33.7182],[75.0959,33.7182],[75.0959,33.7181],[75.0958,33.7181],[75.0957,33.7181],[75.0957,33.718],[75.0956,33.718],[75.0954,33.718],[75.0953,33.718],[75.0952,33.718],[75.0951,33.718],[75.095,33.718],[75.0949,33.718],[75.0948,33.7179],[75.0947,33.7179],[75.0946,33.7179],[75.0946,33.7178],[75.0945,33.7178],[75.0944,33.7178],[75.0944,33.7177],[75.0943,33.7177],[75.0942,33.7177],[75.094,33.7175],[75.0929,33.7168],[75.0919,33.7133],[75.0921,33.7126],[75.0922,33.7124],[75.0923,33.7123],[75.0923,33.7122],[75.0924,33.7122],[75.0925,33.7122],[75.0925,33.7121],[75.0926,33.7121],[75.0927,33.712],[75.0928,33.712],[75.0929,33.712],[75.0929,33.7119],[75.093,33.7119],[75.0931,33.7118],[75.0932,33.7118],[75.0933,33.7118],[75.0933,33.7117],[75.0934,33.7117],[75.0935,33.7116],[75.0938,33.7114],[75.0939,33.7113],[75.094,33.7113],[75.0941,33.7112],[75.0942,33.7112],[75.0942,33.7111],[75.0943,33.7111],[75.0944,33.7111],[75.0944,33.711],[75.0945,33.711],[75.0946,33.7109],[75.0947,33.7109],[75.0948,33.7108],[75.0948,33.7107],[75.0949,33.7107],[75.095,33.7106],[75.0951,33.7106],[75.0952,33.7105],[75.0953,33.7104],[75.0954,33.7104],[75.0954,33.7103],[75.0955,33.7103],[75.0955,33.7102],[75.0956,33.7102],[75.0958,33.71],[75.0959,33.71],[75.0959,33.7099],[75.096,33.7099],[75.096,33.7098],[75.0961,33.7098],[75.0962,33.7097],[75.0963,33.7097],[75.0964,33.7096],[75.0965,33.7095],[75.0966,33.7095],[75.0967,33.7094],[75.0969,33.7093],[75.097,33.7092],[75.0971,33.7092],[75.0971,33.7091],[75.0972,33.7091],[75.0973,33.709],[75.0974,33.709],[75.0974,33.7089],[75.0975,33.7089],[75.0976,33.7089],[75.0976,33.7088],[75.0977,33.7088],[75.0978,33.7088],[75.0978,33.7087],[75.0979,33.7087],[75.098,33.7087],[75.098,33.7086],[75.0981,33.7086],[75.0982,33.7086],[75.0983,33.7086],[75.0984,33.7085],[75.0985,33.7085],[75.0986,33.7085],[75.0986,33.7084],[75.0987,33.7084],[75.0987,33.7083],[75.0988,33.7083],[75.0988,33.7082],[75.0988,33.7081],[75.0989,33.708],[75.0989,33.7079],[75.0989,33.7078],[75.0989,33.7077],[75.099,33.7076],[75.099,33.7075],[75.099,33.7074],[75.099,33.7073],[75.099,33.7072],[75.099,33.7071],[75.099,33.707],[75.099,33.7069],[75.099,33.7067],[75.099,33.7064],[75.099,33.7058],[75.0988,33.7036],[75.0978,33.6981],[75.1045,33.6928],[75.1035,33.688],[75.1045,33.6825],[75.1077,33.6814],[75.1064,33.6796],[75.1063,33.6765],[75.1124,33.6728],[75.11,33.6709],[75.1207,33.6665],[75.1213,33.6656],[75.1211,33.6649],[75.1185,33.6608],[75.1189,33.6621],[75.1168,33.6635],[75.1128,33.6617],[75.1114,33.6578],[75.1133,33.6547],[75.1141,33.6539],[75.1138,33.6532],[75.112,33.6528],[75.11,33.6424],[75.1135,33.6389],[75.1132,33.6364],[75.1185,33.6336],[75.1233,33.6268],[75.1273,33.6247],[75.131,33.6248],[75.1386,33.6178],[75.1387,33.6175],[75.1369,33.6141],[75.1329,33.6091],[75.134,33.6046],[75.1344,33.5998],[75.1335,33.5981],[75.135,33.5894],[75.14,33.5895],[75.146,33.5863],[75.1547,33.5834],[75.1592,33.5799],[75.1602,33.5762],[75.1598,33.5707]]]},"properties":{"ac_no":40,"ac_name":"DEVSAR","ac_category":"GEN","st_name":"JAMMU AND KASHMIR"}},{"type":"Feature","geometry":{"type":"Polygon","coordinates":[[[75.1006,33.685],[75.0996,33.6788],[75.0979,33.6768],[75.0956,33.6754],[75.0905,33.6711],[75.0855,33.6665],[75.0849,33.6659],[75.0811,33.662],[75.0795,33.6604],[75.0791,33.6599],[75.0741,33.6504],[75.0683,33.6463],[75.0675,33.6457],[75.0652,33.6453],[75.0595,33.6416],[75.0529,33.6382],[75.0487,33.6367],[75.0465,33.6373],[75.042,33.6352],[75.0396,33.6342],[75.034,33.6316],[75.0285,33.6288],[75.0151,33.6227],[75.0064,33.6215],[75.0015,33.6219],[74.996,33.6221],[74.9905,33.6221],[74.9885,33.6218],[74.9855,33.6214],[74.9733,33.6123],[74.9668,33.6105],[74.9651,33.612],[74.9546,33.6128],[74.9507,33.6159],[74.9432,33.6183],[74.9365,33.6186],[74.9327,33.6177],[74.9307,33.6166],[74.9282,33.6159],[74.9275,33.6157],[74.9275,33.617],[74.9275,33.6173],[74.9314,33.6263],[74.9338,33.6297],[74.9307,33.6359],[74.935,33.6406],[74.9331,33.6455],[74.9282,33.6449],[74.9279,33.6477],[74.9277,33.65],[74.9277,33.6528],[74.9274,33.6606],[74.9265,33.6604],[74.9239,33.6601],[74.9205,33.6578],[74.9209,33.6555],[74.9151,33.656],[74.9107,33.6593],[74.9107,33.6655],[74.9099,33.6676],[74.91,33.6697],[74.9158,33.6698],[74.9211,33.6718],[74.9212,33.6718],[74.9296,33.672],[74.9304,33.6692],[74.9329,33.6663],[74.9379,33.666],[74.9378,33.6667],[74.9378,33.6679],[74.9369,33.6714],[74.9402,33.6746],[74.9418,33.6758],[74.9455,33.6779],[74.9507,33.6826],[74.9531,33.6835],[74.9551,33.6832],[74.9579,33.6834],[74.9579,33.6865],[74.9579,33.6867],[74.9581,33.6882],[74.9583,33.6944],[74.9602,33.7018],[74.96,33.7042],[74.9595,33.7051],[74.9595,33.7052],[74.9594,33.7056],[74.9599,33.7064],[74.9602,33.7074],[74.9569,33.7135],[74.9552,33.7214],[74.9556,33.7223],[74.9557,33.7227],[74.955,33.7247],[74.9543,33.727],[74.9544,33.729],[74.9551,33.7298],[74.9557,33.7307],[74.9507,33.7371],[74.9507,33.7387],[74.9511,33.7393],[74.9524,33.7404],[74.9527,33.7406],[74.9546,33.7414],[74.9565,33.7416],[74.9573,33.7409],[74.9588,33.7397],[74.962,33.7395],[74.963,33.7394],[74.964,33.7386],[74.9686,33.737],[74.9726,33.7369],[74.9737,33.7379],[74.9749,33.7392],[74.9757,33.7401],[74.9758,33.7416],[74.9768,33.7428],[74.9783,33.7432],[74.9788,33.7433],[74.9794,33.7435],[74.9834,33.7432],[74.9864,33.7426],[74.9944,33.7398],[74.9945,33.7398],[74.9957,33.7396],[74.9969,33.7395],[74.9989,33.7398],[75.0018,33.7429],[75.0004,33.744],[74.9957,33.7438],[74.9941,33.744],[74.9938,33.7461],[74.999,33.7519],[75.0082,33.7512],[75.0097,33.7494],[75.0095,33.748],[75.0088,33.7468],[75.0092,33.7464],[75.0101,33.7424],[75.0103,33.742],[75.011,33.7414],[75.0113,33.741],[75.0118,33.7404],[75.0162,33.7408],[75.0173,33.7421],[75.0193,33.7444],[75.022,33.7474],[75.0234,33.746],[75.0295,33.7449],[75.0247,33.7366],[75.0247,33.7355],[75.0238,33.7325],[75.0236,33.7301],[75.026,33.7256],[75.0262,33.7247],[75.0268,33.7242],[75.029,33.7246],[75.0341,33.7258],[75.036,33.7259],[75.0364,33.7232],[75.0374,33.7199],[75.0386,33.717],[75.042,33.7176],[75.0449,33.7201],[75.0461,33.7216],[75.0474,33.7212],[75.0494,33.7171],[75.0523,33.7172],[75.048,33.715],[75.0366,33.712],[75.034,33.705],[75.0337,33.7024],[75.0337,33.7009],[75.0353,33.6986],[75.0366,33.6977],[75.0374,33.6975],[75.0386,33.6965],[75.0427,33.6952],[75.0451,33.6961],[75.0462,33.6955],[75.0473,33.6952],[75.0453,33.6913],[75.044,33.6909],[75.0428,33.6904],[75.0451,33.6886],[75.0454,33.686],[75.0476,33.6858],[75.0563,33.687],[75.0585,33.6879],[75.0594,33.6863],[75.0597,33.6842],[75.0641,33.6849],[75.0704,33.6861],[75.0773,33.6873],[75.0799,33.6833],[75.0883,33.6848],[75.0935,33.6852],[75.1005,33.6858],[75.1006,33.685]]]},"properties":{"ac_no":39,"ac_name":"KULGAM","ac_category":"GEN","st_name":"JAMMU AND KASHMIR"}},{"type":"Feature","geometry":{"type":"Polygon","coordinates":[[[74.7523,32.8168],[74.7483,32.8112],[74.7479,32.8089],[74.7474,32.8056],[74.7478,32.8013],[74.7513,32.7978],[74.758,32.7868],[74.7631,32.7867],[74.766,32.7888],[74.771,32.7883],[74.7767,32.7854],[74.77,32.7812],[74.7707,32.7765],[74.7733,32.7728],[74.7785,32.7652],[74.782,32.7678],[74.7841,32.7743],[74.7884,32.774],[74.7933,32.777],[74.7984,32.7747],[74.7963,32.7698],[74.7938,32.769],[74.8019,32.7621],[74.8147,32.7527],[74.8105,32.7491],[74.8096,32.7482],[74.8082,32.7463],[74.8087,32.7457],[74.81,32.7439],[74.8054,32.7434],[74.7957,32.7441],[74.7911,32.7454],[74.7832,32.7421],[74.7765,32.744],[74.7711,32.7437],[74.7702,32.7405],[74.7696,32.7403],[74.7685,32.74],[74.7684,32.7399],[74.7684,32.737],[74.7692,32.737],[74.7701,32.7353],[74.7729,32.7348],[74.7745,32.7325],[74.7768,32.733],[74.7782,32.7335],[74.7788,32.7322],[74.7796,32.7308],[74.7809,32.7298],[74.782,32.73],[74.7836,32.7306],[74.7899,32.7299],[74.7895,32.728],[74.7906,32.7268],[74.7915,32.7261],[74.7898,32.7239],[74.7902,32.7225],[74.7896,32.7193],[74.7922,32.7185],[74.7969,32.7156],[74.8025,32.7151],[74.8116,32.7156],[74.8131,32.7139],[74.814,32.7117],[74.8157,32.711],[74.8171,32.7113],[74.8186,32.7117],[74.8214,32.7098],[74.8224,32.7047],[74.8207,32.6999],[74.8156,32.6906],[74.8116,32.6929],[74.806,32.6917],[74.8004,32.6919],[74.7974,32.6899],[74.7938,32.689],[74.7957,32.6859],[74.7958,32.6832],[74.7954,32.678],[74.7858,32.6729],[74.783,32.6685],[74.7801,32.6606],[74.7784,32.6624],[74.7746,32.6647],[74.7744,32.6663],[74.7741,32.6696],[74.7742,32.6711],[74.7737,32.6713],[74.7746,32.6735],[74.7759,32.6744],[74.7744,32.6758],[74.7695,32.6773],[74.7674,32.6793],[74.758,32.6835],[74.7568,32.6821],[74.7604,32.6785],[74.7621,32.6762],[74.7632,32.675],[74.7601,32.6743],[74.7573,32.6708],[74.7517,32.6707],[74.7515,32.6664],[74.7508,32.6662],[74.7506,32.6644],[74.7532,32.6631],[74.7567,32.6593],[74.767,32.6552],[74.7696,32.6553],[74.7716,32.6505],[74.7673,32.6518],[74.7658,32.6518],[74.7604,32.6527],[74.7572,32.6503],[74.7542,32.6532],[74.7512,32.6545],[74.7511,32.6545],[74.7497,32.6551],[74.7471,32.6551],[74.7394,32.6579],[74.7356,32.6575],[74.7313,32.6617],[74.7309,32.6672],[74.7243,32.6688],[74.7162,32.6664],[74.7047,32.6655],[74.7013,32.6636],[74.682,32.6706],[74.6818,32.6729],[74.6663,32.6756],[74.6529,32.697],[74.6578,32.7103],[74.6574,32.7169],[74.6628,32.724],[74.6623,32.7272],[74.6549,32.7282],[74.6614,32.7359],[74.6658,32.7465],[74.6711,32.7513],[74.6762,32.7598],[74.6773,32.7709],[74.6814,32.7762],[74.6854,32.7856],[74.6959,32.8045],[74.6978,32.8109],[74.7012,32.8143],[74.7048,32.8211],[74.7046,32.8418],[74.7064,32.8458],[74.7092,32.8491],[74.7096,32.8496],[74.7123,32.8534],[74.7134,32.8551],[74.7155,32.8599],[74.7178,32.8648],[74.7205,32.8638],[74.7219,32.863],[74.725,32.8628],[74.7304,32.8601],[74.732,32.8583],[74.7317,32.8575],[74.735,32.8564],[74.7358,32.8555],[74.7377,32.8552],[74.7405,32.8514],[74.7435,32.8513],[74.744,32.848],[74.7448,32.847],[74.7472,32.8461],[74.7459,32.8441],[74.7464,32.8414],[74.7437,32.8395],[74.7452,32.8371],[74.7508,32.838],[74.763,32.8372],[74.7586,32.8308],[74.7587,32.8308],[74.7584,32.83],[74.7574,32.8264],[74.7552,32.8218],[74.7526,32.8184],[74.7523,32.8168]]]},"properties":{"ac_no":80,"ac_name":"MARH","ac_category":"SC","st_name":"JAMMU AND KASHMIR"}},{"type":"Feature","geometry":{"type":"Polygon","coordinates":[[[74.8105,32.7491],[74.8147,32.7527],[74.8019,32.7621],[74.7938,32.769],[74.7963,32.7698],[74.7984,32.7747],[74.7933,32.777],[74.7884,32.774],[74.7841,32.7743],[74.782,32.7678],[74.7785,32.7652],[74.7733,32.7728],[74.7707,32.7765],[74.77,32.7812],[74.7767,32.7854],[74.771,32.7883],[74.766,32.7888],[74.7631,32.7867],[74.758,32.7868],[74.7513,32.7978],[74.7478,32.8013],[74.7474,32.8056],[74.7479,32.8089],[74.7483,32.8112],[74.7523,32.8168],[74.7544,32.8171],[74.7616,32.8199],[74.7643,32.8215],[74.7668,32.822],[74.7678,32.8246],[74.7697,32.8257],[74.7756,32.8272],[74.7767,32.8341],[74.7786,32.8352],[74.7826,32.8357],[74.7935,32.8394],[74.7981,32.8413],[74.804,32.8427],[74.8111,32.8474],[74.8186,32.8495],[74.8253,32.8521],[74.8309,32.8546],[74.8345,32.8556],[74.8407,32.8561],[74.8438,32.8588],[74.8454,32.8609],[74.8461,32.8637],[74.8481,32.8655],[74.8499,32.867],[74.8525,32.8655],[74.8537,32.8623],[74.8542,32.8527],[74.8596,32.8464],[74.8619,32.8391],[74.8616,32.8321],[74.861,32.8292],[74.8584,32.8268],[74.86,32.8234],[74.8627,32.8204],[74.8631,32.8161],[74.8632,32.8088],[74.8624,32.8052],[74.8615,32.8032],[74.8605,32.8019],[74.8608,32.8004],[74.8619,32.7973],[74.8625,32.7946],[74.863,32.7943],[74.8606,32.7914],[74.8552,32.7876],[74.8528,32.7868],[74.8483,32.7834],[74.8465,32.7819],[74.8452,32.7806],[74.8437,32.78],[74.8429,32.78],[74.8423,32.7797],[74.8418,32.7793],[74.8419,32.7791],[74.8441,32.7787],[74.8467,32.7782],[74.8483,32.7777],[74.8503,32.7777],[74.8522,32.7779],[74.8563,32.7773],[74.8542,32.7754],[74.8538,32.7748],[74.8534,32.774],[74.8531,32.7733],[74.8547,32.7729],[74.8558,32.7734],[74.8563,32.7737],[74.8566,32.7737],[74.8573,32.7734],[74.8576,32.7731],[74.8573,32.7728],[74.8569,32.7725],[74.8561,32.772],[74.8557,32.7717],[74.8553,32.7713],[74.8562,32.7705],[74.8544,32.7686],[74.8542,32.7678],[74.8534,32.7675],[74.8522,32.7661],[74.8532,32.7653],[74.8528,32.7643],[74.8556,32.7608],[74.8559,32.7602],[74.8566,32.7604],[74.8578,32.7599],[74.8578,32.7594],[74.8572,32.7588],[74.8553,32.7574],[74.8545,32.7571],[74.8542,32.7568],[74.8545,32.7563],[74.8547,32.7555],[74.8563,32.7531],[74.8535,32.7533],[74.8515,32.7526],[74.8511,32.7524],[74.8505,32.7521],[74.8502,32.7519],[74.8499,32.7518],[74.8494,32.7522],[74.849,32.7524],[74.848,32.7527],[74.8421,32.7591],[74.8415,32.7592],[74.8413,32.7589],[74.8408,32.7587],[74.8375,32.7576],[74.8359,32.7557],[74.8357,32.7555],[74.8352,32.7553],[74.8349,32.7552],[74.8344,32.7549],[74.8315,32.7517],[74.8315,32.7514],[74.8315,32.751],[74.8314,32.7507],[74.8314,32.7503],[74.8312,32.7498],[74.8302,32.7505],[74.829,32.7513],[74.8283,32.752],[74.8254,32.7495],[74.8241,32.7475],[74.8151,32.7455],[74.8105,32.7491]]]},"properties":{"ac_no":79,"ac_name":"JAMMU NORTH","ac_category":"GEN","st_name":"JAMMU AND KASHMIR"}},{"type":"Feature","geometry":{"type":"Polygon","coordinates":[[[74.5031,34.1631],[74.4966,34.1696],[74.488,34.1698],[74.4852,34.1719],[74.4799,34.1692],[74.4803,34.1646],[74.4792,34.1595],[74.4739,34.1565],[74.4653,34.1539],[74.4614,34.15],[74.4635,34.1447],[74.4607,34.1401],[74.456,34.1377],[74.456,34.1442],[74.4518,34.1467],[74.4492,34.1423],[74.4445,34.1398],[74.4423,34.1366],[74.4412,34.1358],[74.4355,34.1324],[74.4361,34.1276],[74.4381,34.1282],[74.4467,34.1305],[74.4524,34.1269],[74.4549,34.1276],[74.4631,34.1291],[74.4638,34.1252],[74.4639,34.1237],[74.4641,34.12],[74.4576,34.1166],[74.4546,34.119],[74.4424,34.1153],[74.4407,34.1186],[74.4404,34.1202],[74.4375,34.1248],[74.4293,34.1169],[74.4216,34.117],[74.4217,34.1119],[74.4178,34.1092],[74.4193,34.1001],[74.4183,34.0969],[74.4117,34.0916],[74.4035,34.0894],[74.3977,34.0943],[74.396,34.0891],[74.3905,34.0822],[74.3851,34.0849],[74.3837,34.0901],[74.3794,34.1004],[74.3719,34.1008],[74.3671,34.0981],[74.3666,34.0971],[74.3627,34.1037],[74.3624,34.11],[74.3686,34.1153],[74.37,34.1184],[74.3664,34.1215],[74.3613,34.1215],[74.3658,34.1285],[74.3746,34.1327],[74.3769,34.1359],[74.3741,34.1395],[74.3763,34.148],[74.3886,34.1461],[74.3914,34.1406],[74.3937,34.139],[74.3903,34.1287],[74.3912,34.1249],[74.3973,34.1256],[74.4001,34.1245],[74.4043,34.1294],[74.4072,34.1291],[74.4091,34.1335],[74.4039,34.1375],[74.4047,34.1405],[74.4087,34.1434],[74.4164,34.1394],[74.422,34.1389],[74.4286,34.1416],[74.4314,34.1447],[74.4319,34.1513],[74.4413,34.1535],[74.4476,34.1533],[74.4489,34.1561],[74.4485,34.1638],[74.444,34.1678],[74.4409,34.168],[74.4373,34.1601],[74.4324,34.1615],[74.4288,34.1685],[74.4218,34.17],[74.4173,34.1736],[74.418,34.1783],[74.4152,34.1834],[74.421,34.191],[74.428,34.1899],[74.4366,34.1865],[74.4463,34.1842],[74.4497,34.1843],[74.4537,34.1886],[74.4603,34.1903],[74.4624,34.1944],[74.4614,34.198],[74.4533,34.1965],[74.4495,34.1946],[74.4475,34.197],[74.4531,34.2042],[74.4506,34.2069],[74.4502,34.2109],[74.4554,34.2147],[74.4587,34.2131],[74.4621,34.2189],[74.4665,34.229],[74.4646,34.2307],[74.4649,34.2358],[74.4637,34.2411],[74.4735,34.2407],[74.4734,34.249],[74.4749,34.2532],[74.479,34.2536],[74.4781,34.258],[74.4822,34.2589],[74.4902,34.2641],[74.498,34.2667],[74.508,34.2672],[74.519,34.272],[74.5301,34.2772],[74.5301,34.2771],[74.5282,34.2731],[74.5268,34.2651],[74.529,34.2641],[74.5328,34.2558],[74.5397,34.2474],[74.5389,34.2434],[74.5472,34.2384],[74.5546,34.23],[74.5586,34.2287],[74.5609,34.2284],[74.5606,34.2264],[74.5608,34.2265],[74.5605,34.2228],[74.5614,34.2191],[74.5727,34.2218],[74.575,34.216],[74.5702,34.2135],[74.5636,34.2073],[74.5582,34.1996],[74.5543,34.1967],[74.5486,34.1947],[74.5365,34.1938],[74.5347,34.192],[74.5262,34.1889],[74.5251,34.1834],[74.5205,34.1767],[74.5198,34.1739],[74.5137,34.1753],[74.5121,34.1731],[74.5142,34.1684],[74.5031,34.1631]]]},"properties":{"ac_no":12,"ac_name":"WAGOORA - KREERI","ac_category":"GEN","st_name":"JAMMU AND KASHMIR"}},{"type":"Feature","geometry":{"type":"Polygon","coordinates":[[[74.4646,34.2307],[74.4665,34.229],[74.4621,34.2189],[74.4587,34.2131],[74.4554,34.2147],[74.4502,34.2109],[74.4506,34.2069],[74.4531,34.2042],[74.4475,34.197],[74.4495,34.1946],[74.4533,34.1965],[74.4614,34.198],[74.4624,34.1944],[74.4603,34.1903],[74.4537,34.1886],[74.4497,34.1843],[74.4463,34.1842],[74.4366,34.1865],[74.428,34.1899],[74.421,34.191],[74.4152,34.1834],[74.418,34.1783],[74.4173,34.1736],[74.4218,34.17],[74.4288,34.1685],[74.4324,34.1615],[74.4373,34.1601],[74.4409,34.168],[74.444,34.1678],[74.4485,34.1638],[74.4489,34.1561],[74.4476,34.1533],[74.4413,34.1535],[74.4319,34.1513],[74.4314,34.1447],[74.4286,34.1416],[74.422,34.1389],[74.4164,34.1394],[74.4087,34.1434],[74.4047,34.1405],[74.4039,34.1375],[74.4091,34.1335],[74.4072,34.1291],[74.4043,34.1294],[74.4001,34.1245],[74.3973,34.1256],[74.3912,34.1249],[74.3903,34.1287],[74.3937,34.139],[74.3914,34.1406],[74.3886,34.1461],[74.3763,34.148],[74.3741,34.1395],[74.3769,34.1359],[74.3746,34.1327],[74.3658,34.1285],[74.3613,34.1215],[74.3664,34.1215],[74.37,34.1184],[74.3686,34.1153],[74.3624,34.11],[74.3627,34.1037],[74.3666,34.0971],[74.3652,34.094],[74.3621,34.0922],[74.3578,34.0791],[74.3514,34.0738],[74.343,34.0728],[74.34,34.0708],[74.3354,34.0707],[74.3281,34.069],[74.3205,34.0698],[74.3086,34.0736],[74.304,34.0714],[74.2968,34.0731],[74.2925,34.0614],[74.2885,34.0563],[74.2805,34.0484],[74.2765,34.0402],[74.2779,34.0357],[74.2744,34.0325],[74.2749,34.0302],[74.2715,34.0302],[74.2665,34.0325],[74.2594,34.0413],[74.2619,34.0499],[74.2566,34.0524],[74.2547,34.0556],[74.2551,34.0625],[74.2602,34.0674],[74.2571,34.0754],[74.2577,34.0811],[74.2603,34.0849],[74.2618,34.091],[74.2603,34.0993],[74.2678,34.1028],[74.2667,34.1051],[74.2696,34.1091],[74.2632,34.1194],[74.2625,34.1239],[74.2644,34.135],[74.2674,34.1369],[74.2692,34.1418],[74.2692,34.1482],[74.2664,34.1522],[74.2711,34.1593],[74.2699,34.1626],[74.2742,34.1633],[74.2806,34.1613],[74.2873,34.1644],[74.2943,34.1647],[74.3024,34.1634],[74.3041,34.1654],[74.3139,34.1638],[74.3185,34.1583],[74.3235,34.1566],[74.3314,34.1605],[74.3313,34.1605],[74.3229,34.1663],[74.3201,34.1672],[74.3219,34.174],[74.3291,34.1753],[74.3302,34.1823],[74.3235,34.1857],[74.3171,34.1866],[74.3133,34.1804],[74.3107,34.1784],[74.3038,34.1762],[74.2932,34.1748],[74.2905,34.1756],[74.2914,34.1801],[74.2895,34.1824],[74.2837,34.1834],[74.2775,34.1824],[74.2763,34.1851],[74.2694,34.1866],[74.2672,34.1915],[74.2709,34.1954],[74.2743,34.2075],[74.2717,34.2078],[74.2679,34.2117],[74.2704,34.2181],[74.2749,34.2221],[74.2726,34.2258],[74.2758,34.2264],[74.2855,34.2349],[74.29,34.2412],[74.2909,34.244],[74.2946,34.2478],[74.299,34.2507],[74.3009,34.2549],[74.3047,34.259],[74.3086,34.2568],[74.3119,34.252],[74.313,34.2482],[74.3192,34.2479],[74.323,34.2458],[74.3309,34.2436],[74.3361,34.2388],[74.3378,34.236],[74.3445,34.23],[74.3514,34.2448],[74.3495,34.2515],[74.3496,34.2572],[74.3586,34.2634],[74.3623,34.2682],[74.3715,34.272],[74.3782,34.277],[74.3829,34.2779],[74.3843,34.274],[74.3898,34.2695],[74.3895,34.2578],[74.3905,34.2549],[74.3997,34.2442],[74.4045,34.2425],[74.4092,34.2475],[74.408,34.2563],[74.4146,34.2641],[74.4173,34.2658],[74.424,34.265],[74.4246,34.2677],[74.4313,34.2674],[74.4389,34.2687],[74.4432,34.2662],[74.4432,34.2616],[74.4476,34.2536],[74.4497,34.252],[74.45,34.2464],[74.4544,34.2423],[74.4561,34.2373],[74.4607,34.2352],[74.4646,34.2307]]]},"properties":{"ac_no":10,"ac_name":"BARAMULLA","ac_category":"GEN","st_name":"JAMMU AND KASHMIR"}}]}