{"type": "FeatureCollection", "features": [{"type": "Feature", "properties": {"ac_name": "MA NJESHWAR", "ac_no": 1, "ac_category": "GEN", "st_name": "KERALA"}, "geometry": {"type": "Polygon", "coordinates": [[[75.00137653199893, 12.79191857439862], [75.00555219052478, 12.79078708326427], [75.00398869285189, 12.77743256656269], [75.00988313235895, 12.76781579388726], [74.98743546187298, 12.74234769238678], [74.98421471659618, 12.74444007161843], [74.98388169889016, 12.73652696265528], [74.98621921119144, 12.73392494092657], [74.9922362337021, 12.73978105780534], [75.01314928539847, 12.72770906757171], [75.00084691822042, 12.71639681268852], [75.01507319145237, 12.71429068296607], [75.01849790211283, 12.72089872927292], [75.0390856372612, 12.72397294736535], [75.05229290574954, 12.72004392203655], [75.05206653939307, 12.71326008728865], [75.05401395353518, 12.70714216635748], [75.04991445226285, 12.70406664002886], [75.05502819266485, 12.69228323196725], [75.0437326549711, 12.69264915953582], [75.04028455676406, 12.6851457210556], [75.04652060776154, 12.66764894847802], [75.05413322061081, 12.67007721642247], [75.05761961391026, 12.66569197888621], [75.05934383101653, 12.67194616959098], [75.0687290925235, 12.66466859121877], [75.07395168464996, 12.67230296385155], [75.08590617045044, 12.67555171134816], [75.08505988965554, 12.69560304410966], [75.08076937536082, 12.69898598211377], [75.08582410071108, 12.70402221285097], [75.10633683733624, 12.69636289712014], [75.111116282246, 12.68179066853825], [75.12202475992493, 12.67888892022183], [75.12479746500516, 12.6817422399497], [75.13247798430862, 12.67609023629177], [75.15153095700238, 12.68302421531793], [75.14962059219125, 12.6735076713931], [75.16183602238905, 12.67202616042743], [75.1505718934118, 12.64986673467402], [75.13796451642537, 12.64318757305459], [75.14767642722622, 12.63444775081477], [75.14543987335293, 12.63445964561717], [75.14684937883796, 12.62678857156786], [75.15568491245824, 12.61991054422281], [75.15400187314783, 12.60604954286572], [75.1459018629693, 12.60289520819808], [75.1328371636484, 12.60347391163164], [75.1273424378879, 12.61609584114621], [75.11106231529938, 12.61516928941502], [75.11130452434601, 12.6218496288711], [75.1051863435508, 12.62898486748165], [75.08207304877389, 12.62961410469598], [75.05955622239966, 12.61851523689327], [75.05704422473123, 12.62633353994745], [75.05333817644161, 12.62639277137109], [75.04669857577532, 12.62263215937924], [75.04808314366923, 12.61716910062327], [75.04138808917054, 12.60982794116627], [75.02787679262917, 12.61399845622216], [75.0136367497325, 12.60399680369192], [74.98439299632979, 12.5616263153816], [74.97555630462091, 12.57082507540603], [74.95988482615628, 12.56631111051592], [74.95377363514602, 12.55838772374352], [74.95463874765582, 12.54932166224435], [74.93851928868825, 12.59140630088158], [74.94199478629369, 12.58654903717902], [74.9402657698349, 12.5953631067299], [74.94783281088277, 12.60607605140017], [74.95409022699883, 12.60521920518569], [74.94182623264788, 12.60752562422184], [74.93952841924997, 12.59565386812625], [74.93205051263845, 12.61462161818131], [74.94173289961236, 12.63235706610514], [74.94997810760846, 12.63634778827875], [74.94239370432555, 12.63740754466823], [74.92811325750176, 12.61181273687609], [74.88803749271385, 12.70771179543568], [74.89691283656455, 12.69719310094204], [74.9064180059339, 12.69531561814005], [74.89890150309043, 12.69832645965847], [74.89368990745285, 12.71129600159473], [74.89146155792555, 12.71237552028738], [74.89832671089137, 12.71429301210327], [74.88674104275756, 12.71257728571613], [74.88505082080071, 12.71057310151939], [74.88701567107202, 12.70889977110987], [74.88472577656918, 12.7103678824654], [74.8676561973339, 12.75143516638476], [74.86966977246347, 12.76083819467176], [74.87435298344805, 12.75519596106945], [74.88252074490666, 12.7543050328482], [74.93313323635138, 12.78080053376809], [74.95839683249982, 12.7849244037249], [74.96019844958616, 12.77914206614733], [74.96461273786113, 12.78188979633608], [74.96856650579817, 12.77661728858186], [74.98751752939958, 12.78321670061571], [74.99230413548175, 12.78846420557059], [74.98924048557286, 12.79571879802364], [74.9985116615099, 12.78619666992091], [75.00283451429101, 12.78858090743966], [75.00137653199893, 12.79191857439862]]]}}, {"type": "Feature", "properties": {"ac_name": "KASARAGOD", "ac_no": 2, "ac_category": "GEN", "st_name": "KERALA"}, "geometry": {"type": "Polygon", "coordinates": [[[75.14543987335293, 12.63445964561717], [75.14767642722622, 12.63444775081477], [75.15407053016767, 12.62432901797602], [75.16070414339283, 12.62216253059052], [75.17152301253962, 12.6231956710558], [75.18222634596607, 12.6327440531986], [75.20156631075041, 12.63017783701406], [75.19915257681059, 12.6109982262386], [75.20542488152869, 12.60900281621933], [75.2096059742996, 12.59993663437035], [75.20155947624839, 12.59317117266957], [75.20087910492347, 12.58737183839194], [75.2094196914098, 12.59075539480459], [75.21241371555881, 12.57846599092439], [75.2199901976815, 12.56950357300142], [75.22378574041237, 12.57044921505518], [75.21738473844412, 12.56813437485332], [75.21764761596707, 12.55847637145516], [75.208840219173, 12.55580172977314], [75.20470057942507, 12.54698314896449], [75.19088033014866, 12.54950319080441], [75.18646386713502, 12.53828810883904], [75.1811763483965, 12.55276897602738], [75.1684391126639, 12.55076134351388], [75.16661818346672, 12.54637578260582], [75.17187881315532, 12.54602009690932], [75.16757268510368, 12.54120724884424], [75.17127804452723, 12.54120513191785], [75.16458521157605, 12.54038696797323], [75.16578472584429, 12.54520110225036], [75.16212007772555, 12.54339910892115], [75.15957395127027, 12.52734499592152], [75.13997043263748, 12.53005887578681], [75.14235994969667, 12.52288662436557], [75.1478612293936, 12.5273509803139], [75.14546460379138, 12.52089111319561], [75.13351416759896, 12.5226563814922], [75.11403097707884, 12.53819684061488], [75.1029501348552, 12.53033727147922], [75.08853615095968, 12.53101171441676], [75.08921920888999, 12.5230812334759], [75.08061985905795, 12.5156906478462], [75.06523719481123, 12.52248124407166], [75.06167737000236, 12.51596244336901], [75.07290744720652, 12.5032545894997], [75.06321852972705, 12.49370740973505], [75.03520897781624, 12.49331778927548], [75.02520135192938, 12.50732651542453], [75.01257906737982, 12.50251937667493], [75.00267473905375, 12.50509416347284], [74.99751667772163, 12.49356859766733], [75.00289175358203, 12.47519767463357], [74.99190720833474, 12.46690428768634], [74.95594652646909, 12.54682737088213], [74.96385472799841, 12.52950105624696], [74.95531263201201, 12.55902244698769], [74.96217125921851, 12.5662287911878], [74.97555630462091, 12.57082507540603], [74.98439299632979, 12.5616263153816], [75.0136367497325, 12.60399680369192], [75.02787679262917, 12.61399845622216], [75.04138808917054, 12.60982794116627], [75.04808314366923, 12.61716910062327], [75.04669857577532, 12.62263215937924], [75.05333817644161, 12.62639277137109], [75.05704422473123, 12.62633353994745], [75.05955622239966, 12.61851523689327], [75.08207304877389, 12.62961410469598], [75.1051863435508, 12.62898486748165], [75.11130452434601, 12.6218496288711], [75.11106231529938, 12.61516928941502], [75.1273424378879, 12.61609584114621], [75.1328371636484, 12.60347391163164], [75.1459018629693, 12.60289520819808], [75.15400187314783, 12.60604954286572], [75.15568491245824, 12.61991054422281], [75.14684937883796, 12.62678857156786], [75.14543987335293, 12.63445964561717]]]}}, {"type": "Feature", "properties": {"ac_name": "UDMA", "ac_no": 3, "ac_category": "GEN", "st_name": "KERALA"}, "geometry": {"type": "Polygon", "coordinates": [[[75.22987993818982, 12.56858726205086], [75.2376319274719, 12.5697816558629], [75.23847085541618, 12.58092010347407], [75.25012098415885, 12.58457118411114], [75.26098334413182, 12.59763711937901], [75.26715883556939, 12.61449232818448], [75.27893406801165, 12.61658988687588], [75.2893450362072, 12.61019115432757], [75.29161874675766, 12.60166042761149], [75.30208058576106, 12.60490319461895], [75.31218295058639, 12.58916842326975], [75.32753188717507, 12.59159384749772], [75.32812426207727, 12.58416402190216], [75.31564920828306, 12.57228028889546], [75.29049843422156, 12.58248188567102], [75.28588420322218, 12.57029005739127], [75.27281299461006, 12.56860423389693], [75.26995533501658, 12.55822945898512], [75.27395169448664, 12.53467842235435], [75.27943243448125, 12.52576878744578], [75.30340822698562, 12.52370888141155], [75.30388930778965, 12.50489988090306], [75.31363620067292, 12.50325316907077], [75.31459454157188, 12.49848079789979], [75.30342352404013, 12.49406735961856], [75.29215888979245, 12.46980344093974], [75.27908052822168, 12.4720375930591], [75.27178303687894, 12.458860514019], [75.26498344386796, 12.4590567389632], [75.25806120469566, 12.46646948493078], [75.25442862922246, 12.45881339490652], [75.24638192805519, 12.4603628367057], [75.24691424282665, 12.46825200232142], [75.24300225499722, 12.46225087422219], [75.23511669786338, 12.46212183978897], [75.23310350752696, 12.469910112912], [75.22645037590276, 12.47022798120246], [75.22096454826888, 12.46391983586575], [75.2232263338441, 12.44004859002349], [75.2196984091277, 12.43545332820281], [75.20941595321895, 12.43487790309066], [75.19599046095712, 12.4264870669534], [75.19264609765675, 12.43310898553062], [75.18539937781536, 12.43191147906731], [75.18250801231315, 12.43551668538529], [75.17041551059249, 12.42798762456821], [75.16805744778907, 12.41384092926621], [75.16224384938035, 12.40760406668851], [75.1702834810431, 12.39977219087104], [75.16824750438145, 12.38736231692338], [75.16288284129705, 12.38472902550495], [75.16020566790672, 12.39343496965088], [75.15493022647253, 12.39343846495423], [75.13517394815635, 12.38386233197635], [75.13082878262459, 12.35903672681583], [75.12001051136868, 12.35692953953798], [75.11544854229247, 12.34849026581075], [75.11048713414259, 12.35217664904884], [75.10517859685235, 12.34751767311692], [75.07788366240013, 12.34921296799463], [75.0840151190614, 12.35202767244437], [75.08262721378112, 12.35636864390102], [75.08646731080881, 12.35564493900598], [75.09308519819564, 12.36681504485225], [75.09125153027952, 12.38621805393732], [75.08561693820802, 12.39074137594341], [75.07525493780516, 12.3897542797251], [75.05898755525232, 12.3784169551026], [75.06066029791718, 12.37105312677793], [75.05185766284652, 12.36497617967233], [75.04181337546584, 12.388598953111], [75.0316575940491, 12.39183959595677], [75.021961748873, 12.41371806809971], [75.01498784368583, 12.41812188763043], [74.99190720833474, 12.46690428768634], [75.00289175358203, 12.47519767463357], [74.99751667772163, 12.49356859766733], [75.00267473905375, 12.50509416347284], [75.01257906737982, 12.50251937667493], [75.02520135192938, 12.50732651542453], [75.03520897781624, 12.49331778927548], [75.06321852972705, 12.49370740973505], [75.07290744720652, 12.5032545894997], [75.06167737000236, 12.51596244336901], [75.06523719481123, 12.52248124407166], [75.08061985905795, 12.5156906478462], [75.08921920888999, 12.5230812334759], [75.08853615095968, 12.53101171441676], [75.1029501348552, 12.53033727147922], [75.11403097707884, 12.53819684061488], [75.13351416759896, 12.5226563814922], [75.14546460379138, 12.52089111319561], [75.1478612293936, 12.5273509803139], [75.14235994969667, 12.52288662436557], [75.13997043263748, 12.53005887578681], [75.15957395127027, 12.52734499592152], [75.16212007772555, 12.54339910892115], [75.16578472584429, 12.54520110225036], [75.16458521157605, 12.54038696797323], [75.17127804452723, 12.54120513191785], [75.16757268510368, 12.54120724884424], [75.17187881315532, 12.54602009690932], [75.16661818346672, 12.54637578260582], [75.1684391126639, 12.55076134351388], [75.1811763483965, 12.55276897602738], [75.18646386713502, 12.53828810883904], [75.19088033014866, 12.54950319080441], [75.20470057942507, 12.54698314896449], [75.208840219173, 12.55580172977314], [75.21764761596707, 12.55847637145516], [75.21738473844412, 12.56813437485332], [75.22378574041237, 12.57044921505518], [75.22987993818982, 12.56858726205086]]]}}, {"type": "Feature", "properties": {"ac_name": "KANHANGAD", "ac_no": 4, "ac_category": "GEN", "st_name": "KERALA"}, "geometry": {"type": "Polygon", "coordinates": [[[75.34559788132475, 12.46275698892282], [75.35926413832802, 12.46419891532309], [75.37169589753968, 12.47557969404306], [75.367735921756, 12.49118821593806], [75.38254627354978, 12.50174685233865], [75.39176253077795, 12.49977851832062], [75.39815981939971, 12.50391870260225], [75.40386604359057, 12.49771294853704], [75.41622214246331, 12.50095115136647], [75.42381319521633, 12.46725969439231], [75.41529083177953, 12.46633878205719], [75.41329180958735, 12.45866720338394], [75.39349668039726, 12.45153895740018], [75.38658729628204, 12.4588165892404], [75.36558428173498, 12.45724461493077], [75.3712857242264, 12.43794309407302], [75.36620188089225, 12.41232123834088], [75.37267101824872, 12.40063857666217], [75.37935398678063, 12.39268770121274], [75.39252512954079, 12.38982885433176], [75.39832852438569, 12.38171247473977], [75.41321890341905, 12.38040347290015], [75.4220624479124, 12.37232564808015], [75.41884330292638, 12.35577051749775], [75.41049743069681, 12.34674578402805], [75.38998189439113, 12.34608496882784], [75.37057619423716, 12.36833283027704], [75.35925317194375, 12.36514170785667], [75.3597597240304, 12.35918683849052], [75.3458697192688, 12.36933748809775], [75.31193634366609, 12.36200742908717], [75.29608291599956, 12.36283437859882], [75.29459919339013, 12.35238665134946], [75.28249910114928, 12.34725344517923], [75.29180050960248, 12.33758661766778], [75.28680887049893, 12.33107617384303], [75.28900129572929, 12.32769650924978], [75.28113557653386, 12.32369360896846], [75.26811667214012, 12.28705925615932], [75.25365489882924, 12.2710307925587], [75.22548162001658, 12.26795680089218], [75.22209001632741, 12.28109525488775], [75.21438449147395, 12.27586105506952], [75.20530895194163, 12.28199421106292], [75.1775816966393, 12.27146944250287], [75.16356053096725, 12.28127684124217], [75.15082982977039, 12.27592899463551], [75.14031519180043, 12.27851627325654], [75.13184701368723, 12.2696222067707], [75.13447463032739, 12.265894426612], [75.12928235134135, 12.26408743345956], [75.11986367024272, 12.27014320638099], [75.11889256009518, 12.25485085560533], [75.10395583926015, 12.24236744721375], [75.05185766284652, 12.36497617967233], [75.06066029791718, 12.37105312677793], [75.05898755525232, 12.3784169551026], [75.07525493780516, 12.3897542797251], [75.08561693820802, 12.39074137594341], [75.09125153027952, 12.38621805393732], [75.09308519819564, 12.36681504485225], [75.08646731080881, 12.35564493900598], [75.08262721378112, 12.35636864390102], [75.0840151190614, 12.35202767244437], [75.07788366240013, 12.34921296799463], [75.10517859685235, 12.34751767311692], [75.11048713414259, 12.35217664904884], [75.11544854229247, 12.34849026581075], [75.12001051136868, 12.35692953953798], [75.13082878262459, 12.35903672681583], [75.13517394815635, 12.38386233197635], [75.15493022647253, 12.39343846495423], [75.16020566790672, 12.39343496965088], [75.16288284129705, 12.38472902550495], [75.16824750438145, 12.38736231692338], [75.1702834810431, 12.39977219087104], [75.16224384938035, 12.40760406668851], [75.16805744778907, 12.41384092926621], [75.17041551059249, 12.42798762456821], [75.18250801231315, 12.43551668538529], [75.18539937781536, 12.43191147906731], [75.19264609765675, 12.43310898553062], [75.19599046095712, 12.4264870669534], [75.20941595321895, 12.43487790309066], [75.2196984091277, 12.43545332820281], [75.2232263338441, 12.44004859002349], [75.22096454826888, 12.46391983586575], [75.22645037590276, 12.47022798120246], [75.23310350752696, 12.469910112912], [75.23511669786338, 12.46212183978897], [75.24300225499722, 12.46225087422219], [75.24691424282665, 12.46825200232142], [75.24638192805519, 12.4603628367057], [75.25442862922246, 12.45881339490652], [75.25806120469566, 12.46646948493078], [75.26498344386796, 12.4590567389632], [75.27178303687894, 12.458860514019], [75.27908052822168, 12.4720375930591], [75.29215888979245, 12.46980344093974], [75.30342352404013, 12.49406735961856], [75.31459454157188, 12.49848079789979], [75.32457184203713, 12.49619819367343], [75.33251255504733, 12.49930460556407], [75.3376420843199, 12.48835160434418], [75.33582480578336, 12.47780092111861], [75.34172869650959, 12.47006209785694], [75.33680354190116, 12.46429258828071], [75.34559788132475, 12.46275698892282]]]}}, {"type": "Feature", "properties": {"ac_name": "TRIKARIPUR", "ac_no": 5, "ac_category": "GEN", "st_name": "KERALA"}, "geometry": {"type": "Polygon", "coordinates": [[[75.41049743069681, 12.34674578402805], [75.42030341780439, 12.31920342179928], [75.43219107674847, 12.30976083343797], [75.4144414779418, 12.29276543127442], [75.4100753569164, 12.29544383746885], [75.39426295955937, 12.2911844446094], [75.3903536786618, 12.29690403437821], [75.38213559177234, 12.28555970454207], [75.37071351238002, 12.28606324939365], [75.36443128165143, 12.27754465835421], [75.34488125236578, 12.26765115156254], [75.32860075131079, 12.26745838061587], [75.31992550007315, 12.27444789713553], [75.29817354371484, 12.26950721522799], [75.2871706397079, 12.26014712575845], [75.29155836145532, 12.24360299009911], [75.28807603088023, 12.23345781820645], [75.25194513956396, 12.21965542997729], [75.23741990641683, 12.21826327236154], [75.23140119119095, 12.22202281501012], [75.20397211945975, 12.19158645737847], [75.17273261224568, 12.1899714426036], [75.18773437973672, 12.1663355685404], [75.19128681452658, 12.14734698627842], [75.19660751871442, 12.14057156042673], [75.18831901944458, 12.13020742740224], [75.19391365960887, 12.11938919136118], [75.19028339239652, 12.09739879599686], [75.18321537171707, 12.09591419568401], [75.17608599552142, 12.10127193280883], [75.16474952983822, 12.09135758671032], [75.12691596840729, 12.20244800421345], [75.11824682888977, 12.20612621890416], [75.10395583926015, 12.24236744721375], [75.11889256009518, 12.25485085560533], [75.11986367024272, 12.27014320638099], [75.12928235134135, 12.26408743345956], [75.13447463032739, 12.265894426612], [75.13184701368723, 12.2696222067707], [75.14031519180043, 12.27851627325654], [75.15082982977039, 12.27592899463551], [75.16356053096725, 12.28127684124217], [75.1775816966393, 12.27146944250287], [75.20530895194163, 12.28199421106292], [75.21438449147395, 12.27586105506952], [75.22209001632741, 12.28109525488775], [75.22548162001658, 12.26795680089218], [75.25365489882924, 12.2710307925587], [75.26811667214012, 12.28705925615932], [75.28113557653386, 12.32369360896846], [75.28900129572929, 12.32769650924978], [75.28680887049893, 12.33107617384303], [75.29180050960248, 12.33758661766778], [75.28249910114928, 12.34725344517923], [75.29459919339013, 12.35238665134946], [75.29608291599956, 12.36283437859882], [75.31193634366609, 12.36200742908717], [75.3458697192688, 12.36933748809775], [75.3597597240304, 12.35918683849052], [75.35925317194375, 12.36514170785667], [75.37057619423716, 12.36833283027704], [75.38998189439113, 12.34608496882784], [75.41049743069681, 12.34674578402805]]]}}, {"type": "Feature", "properties": {"ac_name": "PAYYANNUR", "ac_no": 6, "ac_category": "GEN", "st_name": "KERALA"}, "geometry": {"type": "Polygon", "coordinates": [[[75.4144414779418, 12.29276543127442], [75.42118471029288, 12.29216887938603], [75.43103451866676, 12.29902547452316], [75.46073575972719, 12.29447527523737], [75.47017734896453, 12.30137605431616], [75.48632855449328, 12.28968017271342], [75.49311952008695, 12.27418701003776], [75.47578139484958, 12.2788722367585], [75.46612597824539, 12.26871156482228], [75.45592787267843, 12.26850675259074], [75.44637062617868, 12.25214060410348], [75.4478586245629, 12.24619664954002], [75.43929430425459, 12.23790928574672], [75.42428939191323, 12.23765235646978], [75.41932701233512, 12.23335530502868], [75.42063052163383, 12.22597035368358], [75.41607161652881, 12.22392858102671], [75.4132411036356, 12.23640280088693], [75.39726849576438, 12.24434394370103], [75.38609460797485, 12.24578792260871], [75.38484619199927, 12.24976433984945], [75.37597158929464, 12.24899439860761], [75.37107758738712, 12.24391418723822], [75.36953629514056, 12.23561422032038], [75.37663445815288, 12.23004405522505], [75.37221284753173, 12.20017606204147], [75.37454038373163, 12.18843453335621], [75.3824999355342, 12.1752883728817], [75.39570477115905, 12.17866150105583], [75.38752516802711, 12.16374250452345], [75.39201825602787, 12.16222686464244], [75.39477584648418, 12.15300368364084], [75.39407230846656, 12.15044124000581], [75.37079320313221, 12.15437914188022], [75.36781902398036, 12.14331355504019], [75.35707220651346, 12.14132905191896], [75.34709815320286, 12.14700335496627], [75.34024878685477, 12.14576374223436], [75.33457680464, 12.15201492943064], [75.31884282690285, 12.14903458007431], [75.30913085813508, 12.13649362015154], [75.31163133291712, 12.13289200199219], [75.30799180208523, 12.12814794302548], [75.28297998993024, 12.11980537167036], [75.27890514358266, 12.1072342336411], [75.27357667302968, 12.10416032977085], [75.2605584661948, 12.11291269299804], [75.2452900395603, 12.10801202237571], [75.23882182313766, 12.11463692475146], [75.23066188910995, 12.1103529514862], [75.22537532156069, 12.11317812902132], [75.2187652697075, 12.10515365189133], [75.2199275401316, 12.08211014700591], [75.22440799006688, 12.07699239050418], [75.21954600655461, 12.06964024454167], [75.22786710093165, 12.04953010840469], [75.22493531468679, 12.03696230284895], [75.23133926207785, 12.03168895675489], [75.22336735280707, 12.02427548804502], [75.22803572504348, 12.02295035719693], [75.22124136767465, 12.01261202380771], [75.2012456556174, 12.00635408159929], [75.16474952983822, 12.09135758671032], [75.17608599552142, 12.10127193280883], [75.18321537171707, 12.09591419568401], [75.19028339239652, 12.09739879599686], [75.19391365960887, 12.11938919136118], [75.18831901944458, 12.13020742740224], [75.19660751871442, 12.14057156042673], [75.19128681452658, 12.14734698627842], [75.18773437973672, 12.1663355685404], [75.17273261224568, 12.1899714426036], [75.20397211945975, 12.19158645737847], [75.23140119119095, 12.22202281501012], [75.23741990641683, 12.21826327236154], [75.25194513956396, 12.21965542997729], [75.28807603088023, 12.23345781820645], [75.29155836145532, 12.24360299009911], [75.2871706397079, 12.26014712575845], [75.29817354371484, 12.26950721522799], [75.31992550007315, 12.27444789713553], [75.32860075131079, 12.26745838061587], [75.34488125236578, 12.26765115156254], [75.36443128165143, 12.27754465835421], [75.37071351238002, 12.28606324939365], [75.38213559177234, 12.28555970454207], [75.3903536786618, 12.29690403437821], [75.39426295955937, 12.2911844446094], [75.4100753569164, 12.29544383746885], [75.4144414779418, 12.29276543127442]]]}}, {"type": "Feature", "properties": {"ac_name": "IRIKKUR", "ac_no": 9, "ac_category": "GEN", "st_name": "KERALA"}, "geometry": {"type": "Polygon", "coordinates": [[[75.49311952008695, 12.27418701003776], [75.50564447624657, 12.27071479233032], [75.50622602838048, 12.26454006437285], [75.5122241680645, 12.26017999167772], [75.51141967321952, 12.25368040926193], [75.5197697985018, 12.24612417100499], [75.5210294844895, 12.23622260521451], [75.5279204964591, 12.23175134273076], [75.52691227375767, 12.22544445650559], [75.53942145392132, 12.21675258234419], [75.53192628850273, 12.20136759354488], [75.53935359157812, 12.20293832865823], [75.54153137821538, 12.19683701911444], [75.55184547667561, 12.19349615333821], [75.55485531736653, 12.1832241702462], [75.56990499735143, 12.17216300991091], [75.57695666371393, 12.15780756348049], [75.5831233144666, 12.15918029621558], [75.59225471358474, 12.14763313644378], [75.59585112111404, 12.15441862146533], [75.61131117289757, 12.15284217353413], [75.6184104635635, 12.15678028865445], [75.63577634815618, 12.1491634581102], [75.637792953998, 12.13905981833055], [75.64271376878456, 12.13907295237756], [75.64854378584015, 12.10916418911374], [75.65179630900249, 12.11046199102581], [75.6612182030712, 12.09941817191999], [75.67656019353461, 12.09876200191738], [75.68978908756026, 12.11125398989935], [75.70288047505603, 12.10830857250478], [75.70196261221493, 12.09246338621251], [75.71751159156021, 12.08574836899399], [75.71480681914817, 12.07050376304348], [75.67847292783439, 12.04270538922747], [75.6820652532706, 12.03558961879162], [75.67782069784695, 12.03517050248864], [75.66919799208783, 12.01656227460315], [75.660453448339, 12.02068315985396], [75.64831711943383, 12.02945620019678], [75.64573427123183, 12.0234043434774], [75.62600293660279, 12.02158541808679], [75.61630729739827, 12.02790995423708], [75.61781281094845, 12.03552947408936], [75.60665071938536, 12.03364168460481], [75.59431784751938, 12.04224495843216], [75.58195878681775, 12.04097361010787], [75.56903597404191, 12.03177656093098], [75.5732887094365, 12.02701528934484], [75.5633039306321, 12.02127046598707], [75.56423296338384, 12.01697774735207], [75.55456375682638, 12.01483123451456], [75.56394123818357, 11.9837089808418], [75.55051858409259, 11.96732682613142], [75.54306948975876, 11.97442179344785], [75.54838063219225, 11.98009535750318], [75.54663694934263, 11.99446435730799], [75.53893777355856, 11.99372364991262], [75.53112222229466, 11.98488492737885], [75.5130354611802, 11.99195451235336], [75.51578829621825, 12.00257515911272], [75.53029548044148, 12.00372810267305], [75.53325196326846, 12.01247647093982], [75.52050636037067, 12.02002759050354], [75.50061582633332, 12.02398019292828], [75.49725383063458, 12.02902270245663], [75.49915575029243, 12.03930591087288], [75.49077647647186, 12.04117014757178], [75.4764688764687, 12.02170600154629], [75.46984712016831, 12.01959668468406], [75.47125639838546, 12.00636480093942], [75.46812598970541, 12.00297380957047], [75.46039659727425, 12.00520218913592], [75.44455352973503, 12.02101663904079], [75.4334055450662, 12.0178995343023], [75.43603920994447, 12.02195763340905], [75.42905940903205, 12.03759864104586], [75.4360066518527, 12.0445445271719], [75.43571956436742, 12.05184056395469], [75.42329432295568, 12.05222866118107], [75.42277416330019, 12.05733634975312], [75.4316400334768, 12.06306982061435], [75.42819378665257, 12.0716298327587], [75.4379574881025, 12.09490540502199], [75.4343088941951, 12.09869199221239], [75.43509762191648, 12.11300946521491], [75.4376649456433, 12.11802380205223], [75.44272817671579, 12.1151400211648], [75.44226101413186, 12.1271680729228], [75.4486835692097, 12.12934241616973], [75.45535042373213, 12.13964460605178], [75.44763812973758, 12.14151630672172], [75.43780747012728, 12.15190833914978], [75.43368425452532, 12.14561642773379], [75.43019197463576, 12.15196106568619], [75.42493080451318, 12.14961767670948], [75.41661848697034, 12.15597325352884], [75.39477584648418, 12.15300368364084], [75.39201825602787, 12.16222686464244], [75.38752516802711, 12.16374250452345], [75.39570477115905, 12.17866150105583], [75.3824999355342, 12.1752883728817], [75.37454038373163, 12.18843453335621], [75.37221284753173, 12.20017606204147], [75.37663445815288, 12.23004405522505], [75.36953629514056, 12.23561422032038], [75.37107758738712, 12.24391418723822], [75.37597158929464, 12.24899439860761], [75.38484619199927, 12.24976433984945], [75.38609460797485, 12.24578792260871], [75.39726849576438, 12.24434394370103], [75.4132411036356, 12.23640280088693], [75.41607161652881, 12.22392858102671], [75.42063052163383, 12.22597035368358], [75.41932701233512, 12.23335530502868], [75.42428939191323, 12.23765235646978], [75.43929430425459, 12.23790928574672], [75.4478586245629, 12.24619664954002], [75.44637062617868, 12.25214060410348], [75.45592787267843, 12.26850675259074], [75.46612597824539, 12.26871156482228], [75.47578139484958, 12.2788722367585], [75.49311952008695, 12.27418701003776]]]}}, {"type": "Feature", "properties": {"ac_name": "TALIPARAMBA", "ac_no": 8, "ac_category": "GEN", "st_name": "KERALA"}, "geometry": {"type": "Polygon", "coordinates": [[[75.39477584648418, 12.15300368364084], [75.41661848697034, 12.15597325352884], [75.42493080451318, 12.14961767670948], [75.43019197463576, 12.15196106568619], [75.43368425452532, 12.14561642773379], [75.43780747012728, 12.15190833914978], [75.44763812973758, 12.14151630672172], [75.45535042373213, 12.13964460605178], [75.4486835692097, 12.12934241616973], [75.44226101413186, 12.1271680729228], [75.44272817671579, 12.1151400211648], [75.4376649456433, 12.11802380205223], [75.43509762191648, 12.11300946521491], [75.4343088941951, 12.09869199221239], [75.4379574881025, 12.09490540502199], [75.42819378665257, 12.0716298327587], [75.4316400334768, 12.06306982061435], [75.42277416330019, 12.05733634975312], [75.42329432295568, 12.05222866118107], [75.43571956436742, 12.05184056395469], [75.4360066518527, 12.0445445271719], [75.42905940903205, 12.03759864104586], [75.43603920994447, 12.02195763340905], [75.4334055450662, 12.0178995343023], [75.44455352973503, 12.02101663904079], [75.46039659727425, 12.00520218913592], [75.46812598970541, 12.00297380957047], [75.47125639838546, 12.00636480093942], [75.46984712016831, 12.01959668468406], [75.4764688764687, 12.02170600154629], [75.49077647647186, 12.04117014757178], [75.49915575029243, 12.03930591087288], [75.49725383063458, 12.02902270245663], [75.50061582633332, 12.02398019292828], [75.52050636037067, 12.02002759050354], [75.53325196326846, 12.01247647093982], [75.53029548044148, 12.00372810267305], [75.51578829621825, 12.00257515911272], [75.5130354611802, 11.99195451235336], [75.50547988232648, 11.98918241595405], [75.50867031302067, 11.98069862298501], [75.50089632678595, 11.96904756004852], [75.50486997511189, 11.95718434615107], [75.49674713024979, 11.95273657690131], [75.49453177133898, 11.93887754123892], [75.47794927392938, 11.94094012400629], [75.46799556092914, 11.93114472118758], [75.4617882967438, 11.93047930619228], [75.45900899748511, 11.93643223251338], [75.44647848657264, 11.93686770265148], [75.44185284325198, 11.94731555241747], [75.43737288425812, 11.94847056753673], [75.42958991433132, 11.94288063242884], [75.42825222300054, 11.9241722320845], [75.41923700682646, 11.92605283134692], [75.41333062420539, 11.91942421728487], [75.41031576363095, 11.92677088722739], [75.41357861025341, 11.94654403130461], [75.40073833135516, 11.94922072846868], [75.39643527527434, 11.97164114149777], [75.38320574090467, 11.95937351864036], [75.37731399008644, 11.95925990712376], [75.384562344518, 11.97067100579941], [75.38141376515786, 11.97507054471587], [75.37640361788293, 11.97471202722665], [75.37784939126068, 11.98485565431699], [75.37066446984649, 11.98647864344582], [75.33757282310663, 11.97450219838012], [75.34037111303019, 11.98699623949972], [75.33296764711471, 11.99133682253719], [75.33319304148833, 12.00878278454158], [75.34103105345608, 12.00429949090522], [75.35507119974528, 12.00795804468057], [75.34610966236967, 12.0208652268431], [75.34797637448786, 12.02646051754429], [75.34079474706297, 12.02865403290501], [75.33853321938044, 12.03822410201175], [75.33213233284916, 12.0403215192889], [75.33924122915819, 12.0531221021676], [75.33578599561163, 12.06020188618256], [75.32479294631206, 12.06030143109599], [75.3156514780846, 12.05356554770762], [75.29748500468314, 12.0642419400324], [75.31432487952415, 12.09357434949211], [75.31086237325665, 12.09524153314566], [75.31147057285233, 12.10889637283045], [75.32792498491055, 12.11262612961943], [75.33095776907925, 12.1057943776035], [75.33837678805598, 12.1041223016127], [75.3611534367675, 12.12453513114367], [75.4018540635834, 12.13809894374695], [75.4015244130144, 12.14542927676875], [75.39407230846656, 12.15044124000581], [75.39477584648418, 12.15300368364084]]]}}, {"type": "Feature", "properties": {"ac_name": "KALLIASSERI", "ac_no": 7, "ac_category": "GEN", "st_name": "KERALA"}, "geometry": {"type": "Polygon", "coordinates": [[[75.39407230846656, 12.15044124000581], [75.4015244130144, 12.14542927676875], [75.4018540635834, 12.13809894374695], [75.3611534367675, 12.12453513114367], [75.33837678805598, 12.1041223016127], [75.33095776907925, 12.1057943776035], [75.32792498491055, 12.11262612961943], [75.31147057285233, 12.10889637283045], [75.31086237325665, 12.09524153314566], [75.31432487952415, 12.09357434949211], [75.29748500468314, 12.0642419400324], [75.3156514780846, 12.05356554770762], [75.32479294631206, 12.06030143109599], [75.33578599561163, 12.06020188618256], [75.33924122915819, 12.0531221021676], [75.33213233284916, 12.0403215192889], [75.33853321938044, 12.03822410201175], [75.34079474706297, 12.02865403290501], [75.34797637448786, 12.02646051754429], [75.34610966236967, 12.0208652268431], [75.35507119974528, 12.00795804468057], [75.34103105345608, 12.00429949090522], [75.33319304148833, 12.00878278454158], [75.33296764711471, 11.99133682253719], [75.34037111303019, 11.98699623949972], [75.33757282310663, 11.97450219838012], [75.37066446984649, 11.98647864344582], [75.37784939126068, 11.98485565431699], [75.37640361788293, 11.97471202722665], [75.36989576194583, 11.96818588399182], [75.35888762620601, 11.96502119879319], [75.35603064802895, 11.96810792618522], [75.35261142129306, 11.95498205947604], [75.33445665048848, 11.95808779611837], [75.32903978222096, 11.95137152062631], [75.30471564791398, 11.94923496345056], [75.29165591692215, 11.95442117418312], [75.25156017176843, 12.00870504231443], [75.22803572504348, 12.02295035719693], [75.22336735280707, 12.02427548804502], [75.23133926207785, 12.03168895675489], [75.22493531468679, 12.03696230284895], [75.22786710093165, 12.04953010840469], [75.21954600655461, 12.06964024454167], [75.22440799006688, 12.07699239050418], [75.2199275401316, 12.08211014700591], [75.2187652697075, 12.10515365189133], [75.22537532156069, 12.11317812902132], [75.23066188910995, 12.1103529514862], [75.23882182313766, 12.11463692475146], [75.2452900395603, 12.10801202237571], [75.2605584661948, 12.11291269299804], [75.27357667302968, 12.10416032977085], [75.27890514358266, 12.1072342336411], [75.28297998993024, 12.11980537167036], [75.30799180208523, 12.12814794302548], [75.31163133291712, 12.13289200199219], [75.30913085813508, 12.13649362015154], [75.31884282690285, 12.14903458007431], [75.33457680464, 12.15201492943064], [75.34024878685477, 12.14576374223436], [75.34709815320286, 12.14700335496627], [75.35707220651346, 12.14132905191896], [75.36781902398036, 12.14331355504019], [75.37079320313221, 12.15437914188022], [75.39407230846656, 12.15044124000581]]]}}, {"type": "Feature", "properties": {"ac_name": "PERAVOOR", "ac_no": 16, "ac_category": "GEN", "st_name": "KERALA"}, "geometry": {"type": "Polygon", "coordinates": [[[75.71480681914817, 12.07050376304348], [75.73583967168777, 12.07906439282616], [75.74692258505148, 12.07849324057215], [75.75297483981758, 12.08474770958186], [75.78530766671159, 12.08437830598837], [75.80226012044585, 12.07908669571609], [75.79817242016034, 12.05623072953041], [75.79379501329366, 12.05509550372406], [75.80039011730565, 12.04557035925839], [75.80086914190099, 12.03652903029002], [75.81076853463995, 12.02920490006387], [75.80963187844623, 12.02262263295842], [75.8227931192776, 12.01252689248369], [75.81995036905063, 12.00288233446391], [75.8249533938643, 12.00219736663719], [75.83031497015371, 11.9837928798073], [75.84627236224847, 11.98158321590513], [75.85304768337703, 11.96470457410556], [75.87066395952984, 11.95230319955146], [75.88559805958026, 11.95148629162859], [75.89701415176607, 11.94545987989278], [75.91362711796691, 11.94751159521032], [75.9292678439581, 11.94045910928331], [75.94031792041383, 11.94363173544199], [75.93634645986377, 11.93497831104085], [75.92880213888233, 11.93499226629434], [75.92523878811441, 11.93028575037798], [75.92509772047529, 11.92018758706114], [75.93930360974223, 11.90349817815473], [75.9364025470659, 11.89094406630922], [75.93082230565882, 11.8828242122541], [75.91159651133052, 11.87533139363214], [75.931281023266, 11.85851652571318], [75.92548126118032, 11.84861837932479], [75.92676749717641, 11.8471370588025], [75.92709786253101, 11.84294156345484], [75.92627138638066, 11.84745115996909], [75.92380150307976, 11.84678978091375], [75.92150284564943, 11.84760729906126], [75.91794574797217, 11.84493247515052], [75.91201740949218, 11.84635032557317], [75.90953968847931, 11.84383413035234], [75.89252359915375, 11.84286865574185], [75.87185908871068, 11.84922950024292], [75.85442697223124, 11.84799448786744], [75.84220962116747, 11.85635530800869], [75.82820953088172, 11.85141518434668], [75.81964163270355, 11.85880993291184], [75.80790239891881, 11.85610993346971], [75.80534280715109, 11.85028133649763], [75.79262205215605, 11.84874519376069], [75.79703182363787, 11.85149527103842], [75.78804339441997, 11.85266010133049], [75.78477194767207, 11.84350918998694], [75.77597370887142, 11.84036795658775], [75.760284351535, 11.85046996688014], [75.75315895666823, 11.84804247376847], [75.74989574434164, 11.85322812523046], [75.76219428924765, 11.86384792045947], [75.75426210048195, 11.8689373248346], [75.7535430918103, 11.87958262946663], [75.73835489138065, 11.87345146982115], [75.72423843032972, 11.88542368372976], [75.71458982125598, 11.88432241079298], [75.70756376082747, 11.88705761628624], [75.70794009380862, 11.89043352599422], [75.69544635938665, 11.89157732562428], [75.69502297673074, 11.90736717331646], [75.671908975103, 11.90891508819624], [75.67356591849097, 11.91772289063164], [75.68023316622651, 11.91818152093975], [75.67913309943665, 11.92636859161646], [75.68395940905508, 11.92808797348425], [75.6816602148596, 11.94344469972152], [75.6518173792298, 11.95475454646408], [75.63629849493422, 11.94604134793649], [75.6359513557136, 11.93467001432558], [75.6308047303254, 11.92917284083224], [75.61652697538906, 11.94040537258912], [75.59908447648617, 11.93693037343432], [75.5898258085531, 11.94049877180552], [75.58909653407366, 11.94768986516467], [75.59491381064704, 11.96416699431552], [75.6010146590066, 11.96692997813103], [75.60028260029897, 11.97404260007192], [75.6208172158511, 11.98143286015112], [75.61992862162738, 11.99239075569753], [75.6295699037127, 11.98734159713074], [75.64345298504303, 11.98889675640881], [75.660453448339, 12.02068315985396], [75.66919799208783, 12.01656227460315], [75.67782069784695, 12.03517050248864], [75.6820652532706, 12.03558961879162], [75.67847292783439, 12.04270538922747], [75.71480681914817, 12.07050376304348]]]}}, {"type": "Feature", "properties": {"ac_name": "MATTANNUR", "ac_no": 15, "ac_category": "GEN", "st_name": "KERALA"}, "geometry": {"type": "Polygon", "coordinates": [[[75.660453448339, 12.02068315985396], [75.64345298504303, 11.98889675640881], [75.6295699037127, 11.98734159713074], [75.61992862162738, 11.99239075569753], [75.6208172158511, 11.98143286015112], [75.60028260029897, 11.97404260007192], [75.6010146590066, 11.96692997813103], [75.59491381064704, 11.96416699431552], [75.58909653407366, 11.94768986516467], [75.5898258085531, 11.94049877180552], [75.59908447648617, 11.93693037343432], [75.61652697538906, 11.94040537258912], [75.6308047303254, 11.92917284083224], [75.6359513557136, 11.93467001432558], [75.63629849493422, 11.94604134793649], [75.6518173792298, 11.95475454646408], [75.6816602148596, 11.94344469972152], [75.68395940905508, 11.92808797348425], [75.67913309943665, 11.92636859161646], [75.68023316622651, 11.91818152093975], [75.67356591849097, 11.91772289063164], [75.671908975103, 11.90891508819624], [75.69502297673074, 11.90736717331646], [75.69544635938665, 11.89157732562428], [75.70794009380862, 11.89043352599422], [75.70756376082747, 11.88705761628624], [75.71458982125598, 11.88432241079298], [75.72423843032972, 11.88542368372976], [75.73835489138065, 11.87345146982115], [75.7535430918103, 11.87958262946663], [75.75426210048195, 11.8689373248346], [75.76219428924765, 11.86384792045947], [75.74989574434164, 11.85322812523046], [75.7310618687305, 11.84964248350416], [75.73698217858573, 11.83731567376997], [75.72168206668307, 11.8509090088666], [75.70935414627684, 11.84797411854973], [75.70584148042205, 11.85263543792316], [75.69935458575974, 11.85223558394904], [75.70058923551822, 11.84891869690496], [75.69632450528728, 11.85227012807154], [75.68618509649204, 11.84342868811756], [75.67966815558313, 11.84171174150935], [75.67574022714054, 11.84596224615482], [75.66923731830725, 11.84285832280244], [75.67370350036863, 11.83517490904893], [75.66816853024899, 11.83951534708975], [75.6640961906313, 11.8352830822982], [75.66347181411294, 11.84104976953902], [75.65461475363638, 11.8375473577325], [75.65169303368803, 11.84433165042245], [75.64914667292132, 11.83926036026168], [75.63605511503938, 11.83905940228795], [75.63258509952985, 11.83285875244011], [75.60068905881198, 11.82240615390171], [75.59574472135347, 11.83262201149961], [75.59165900651413, 11.83230001386073], [75.59403024135455, 11.83811387689091], [75.58115628450113, 11.83187374987931], [75.5771048339312, 11.83519160899434], [75.58154862290439, 11.84822766652646], [75.57288556080118, 11.84773896913656], [75.57121030920548, 11.85651387419574], [75.55123085558989, 11.85389911399002], [75.55559304916515, 11.83837200129433], [75.55215860246481, 11.83308393185594], [75.53310800250692, 11.83969478463056], [75.52401471238224, 11.86867650100042], [75.52907875531612, 11.87114091918546], [75.53458425639894, 11.86689410267988], [75.53637895921699, 11.87151643503332], [75.54816777007146, 11.87360463194017], [75.5426375772087, 11.88594137324665], [75.54660620781246, 11.88977251192175], [75.52122749025851, 11.89453179162233], [75.50881284891193, 11.91222005755133], [75.49274250561217, 11.91419211056108], [75.48581945247108, 11.90710853743435], [75.47626543390508, 11.90730274123501], [75.4617882967438, 11.93047930619228], [75.46799556092914, 11.93114472118758], [75.47794927392938, 11.94094012400629], [75.49453177133898, 11.93887754123892], [75.49674713024979, 11.95273657690131], [75.50486997511189, 11.95718434615107], [75.50089632678595, 11.96904756004852], [75.50867031302067, 11.98069862298501], [75.50547988232648, 11.98918241595405], [75.5130354611802, 11.99195451235336], [75.53112222229466, 11.98488492737885], [75.53893777355856, 11.99372364991262], [75.54663694934263, 11.99446435730799], [75.54838063219225, 11.98009535750318], [75.54306948975876, 11.97442179344785], [75.55051858409259, 11.96732682613142], [75.56394123818357, 11.9837089808418], [75.55456375682638, 12.01483123451456], [75.56423296338384, 12.01697774735207], [75.5633039306321, 12.02127046598707], [75.5732887094365, 12.02701528934484], [75.56903597404191, 12.03177656093098], [75.58195878681775, 12.04097361010787], [75.59431784751938, 12.04224495843216], [75.60665071938536, 12.03364168460481], [75.61781281094845, 12.03552947408936], [75.61630729739827, 12.02790995423708], [75.62600293660279, 12.02158541808679], [75.64573427123183, 12.0234043434774], [75.64831711943383, 12.02945620019678], [75.660453448339, 12.02068315985396]]]}}, {"type": "Feature", "properties": {"ac_name": "AZHIKODE", "ac_no": 10, "ac_category": "GEN", "st_name": "KERALA"}, "geometry": {"type": "Polygon", "coordinates": [[[75.38141376515786, 11.97507054471587], [75.384562344518, 11.97067100579941], [75.37731399008644, 11.95925990712376], [75.38320574090467, 11.95937351864036], [75.39643527527434, 11.97164114149777], [75.40073833135516, 11.94922072846868], [75.41357861025341, 11.94654403130461], [75.41031576363095, 11.92677088722739], [75.41333062420539, 11.91942421728487], [75.40174278137219, 11.91727861349437], [75.39538628826129, 11.90002852912947], [75.38844504781589, 11.89382571493167], [75.39062918616268, 11.89021026643105], [75.38637680780617, 11.88638178788395], [75.39115821425622, 11.88404147066788], [75.38552222255126, 11.88228605709935], [75.38899594031854, 11.87474777356783], [75.38323109736983, 11.87546083689557], [75.38391484577659, 11.88541663016448], [75.37632816472494, 11.88329732773009], [75.37002839718276, 11.88938702254161], [75.35342261445301, 11.87093928508322], [75.3253131194783, 11.90496967012219], [75.31935488700373, 11.90523547423827], [75.32034557895209, 11.916201859372], [75.30328651290668, 11.9427350502056], [75.30471564791398, 11.94923496345056], [75.32903978222096, 11.95137152062631], [75.33445665048848, 11.95808779611837], [75.35261142129306, 11.95498205947604], [75.35603064802895, 11.96810792618522], [75.35888762620601, 11.96502119879319], [75.36989576194583, 11.96818588399182], [75.37640361788293, 11.97471202722665], [75.38141376515786, 11.97507054471587]]]}}, {"type": "Feature", "properties": {"ac_name": "MANANTHAVADY", "ac_no": 17, "ac_category": "ST", "st_name": "KERALA"}, "geometry": {"type": "Polygon", "coordinates": [[[75.94031792041383, 11.94363173544199], [75.95582660735484, 11.94211505938344], [75.97625045135305, 11.93356649125014], [76.00295415521389, 11.9314211016591], [76.01088788979554, 11.94130639701064], [76.02334643372379, 11.94397272140809], [76.03450426429539, 11.94098654472277], [76.0708010145025, 11.96740443182523], [76.09386445896999, 11.96882302381413], [76.11235008662472, 11.97908376735327], [76.11255098031992, 11.8588635582473], [76.12122323899685, 11.85099916322801], [76.11279459257055, 11.84197739782479], [76.0878719334448, 11.83347011675003], [76.08957502023728, 11.81619326587825], [76.08388023921347, 11.80705585168064], [76.07775393150585, 11.80825878696255], [76.07370169344323, 11.7999734362323], [76.075534481011, 11.79331562924322], [76.08848505243827, 11.79126821523049], [76.09690269243302, 11.78351069595207], [76.1145251046873, 11.78062954219464], [76.11551241932155, 11.78416101268079], [76.1173713024337, 11.77186649952017], [76.11137452678115, 11.75692493386511], [76.12330373950516, 11.75145957789772], [76.11869362709287, 11.74016256679287], [76.10247943531255, 11.74480743862306], [76.09464061301823, 11.74174459119687], [76.08977477283423, 11.74460277760172], [76.08406413085437, 11.74039210686216], [76.08236425051685, 11.71604391869483], [76.07454100704466, 11.71108244471795], [76.0752125856763, 11.7065318717699], [76.06422141141704, 11.70311352848683], [76.05812215673826, 11.68072023074706], [76.04557540257524, 11.68390388869555], [76.04730807507411, 11.68731578693874], [76.02600272866786, 11.70043168574374], [76.02262566716554, 11.69410025758453], [76.0198725911536, 11.70266795112194], [76.01245806802912, 11.69965248170905], [76.01746650875127, 11.70838303965238], [76.01501775878768, 11.71102260912536], [76.02309482457451, 11.70791931150754], [76.02191899983944, 11.71757206499016], [76.03004176619856, 11.71830658702044], [76.03180120522218, 11.72288095729688], [76.02770957094951, 11.72667052816262], [76.00386674045001, 11.72035744203853], [76.0001752595613, 11.70937006703839], [75.98927091822596, 11.71082245527201], [75.97777802044176, 11.70125013731907], [75.9717980999047, 11.70714766274146], [75.95892360118265, 11.68917439781624], [75.94861392479099, 11.69672270867367], [75.92886269356927, 11.68787154825708], [75.91506679242622, 11.69073934553708], [75.9002710293928, 11.69923352375166], [75.88253050527192, 11.6990331443685], [75.8752906281346, 11.70449489730177], [75.87261332212866, 11.70151716278791], [75.85058264277829, 11.70294257110223], [75.84544985199037, 11.70700576139636], [75.84569942341906, 11.71430827086773], [75.8316283707649, 11.72065934617042], [75.81019933804507, 11.74295195047893], [75.79102945561259, 11.74362729664597], [75.79837906704982, 11.74766740448344], [75.79926245574917, 11.75346875986804], [75.78310407021154, 11.76136384349591], [75.78813550741405, 11.76525189957918], [75.78739849296196, 11.77516368119291], [75.79209352686141, 11.77877761138858], [75.79375840857037, 11.7907124932286], [75.77288919515401, 11.80273616419238], [75.79875969574633, 11.81949182075173], [75.79025998421567, 11.84110685270987], [75.80534280715109, 11.85028133649763], [75.80790239891881, 11.85610993346971], [75.81964163270355, 11.85880993291184], [75.82820953088172, 11.85141518434668], [75.84220962116747, 11.85635530800869], [75.85442697223124, 11.84799448786744], [75.87185908871068, 11.84922950024292], [75.89252359915375, 11.84286865574185], [75.90953968847931, 11.84383413035234], [75.91201740949218, 11.84635032557317], [75.91794574797217, 11.84493247515052], [75.92150284564943, 11.84760729906126], [75.92380150307976, 11.84678978091375], [75.92627138638066, 11.84745115996909], [75.92709786253101, 11.84294156345484], [75.92676749717641, 11.8471370588025], [75.92548126118032, 11.84861837932479], [75.931281023266, 11.85851652571318], [75.91159651133052, 11.87533139363214], [75.93082230565882, 11.8828242122541], [75.9364025470659, 11.89094406630922], [75.93930360974223, 11.90349817815473], [75.92509772047529, 11.92018758706114], [75.92523878811441, 11.93028575037798], [75.92880213888233, 11.93499226629434], [75.93634645986377, 11.93497831104085], [75.94031792041383, 11.94363173544199]]]}}, {"type": "Feature", "properties": {"ac_name": "KANNUR", "ac_no": 11, "ac_category": "GEN", "st_name": "KERALA"}, "geometry": {"type": "Polygon", "coordinates": [[[75.4617882967438, 11.93047930619228], [75.47626543390508, 11.90730274123501], [75.48581945247108, 11.90710853743435], [75.46863186351874, 11.89252511178906], [75.45892724914607, 11.89308827944167], [75.44962962143023, 11.88704837981972], [75.43574427434666, 11.87433229831146], [75.4292410389281, 11.83162210870353], [75.43111981203727, 11.8291373552704], [75.43494738305849, 11.83391492002934], [75.44574765212174, 11.83445023880648], [75.44942838343744, 11.83128827484421], [75.44446626504143, 11.81703042987658], [75.43340091328983, 11.81430681877512], [75.43304935412797, 11.8093676731323], [75.42491705823882, 11.8132022360877], [75.38625347172216, 11.8563833795381], [75.37461387202428, 11.85906017050877], [75.37428502930479, 11.85265476422632], [75.36760474558291, 11.85227826169622], [75.35640260955412, 11.86029395492118], [75.35342261445301, 11.87093928508322], [75.37002839718276, 11.88938702254161], [75.37632816472494, 11.88329732773009], [75.38391484577659, 11.88541663016448], [75.38323109736983, 11.87546083689557], [75.38899594031854, 11.87474777356783], [75.38552222255126, 11.88228605709935], [75.39115821425622, 11.88404147066788], [75.38637680780617, 11.88638178788395], [75.39062918616268, 11.89021026643105], [75.38844504781589, 11.89382571493167], [75.39538628826129, 11.90002852912947], [75.40174278137219, 11.91727861349437], [75.41333062420539, 11.91942421728487], [75.41923700682646, 11.92605283134692], [75.42825222300054, 11.9241722320845], [75.42958991433132, 11.94288063242884], [75.43737288425812, 11.94847056753673], [75.44185284325198, 11.94731555241747], [75.44647848657264, 11.93686770265148], [75.45900899748511, 11.93643223251338], [75.4617882967438, 11.93047930619228]]]}}, {"type": "Feature", "properties": {"ac_name": "DHARMADAM", "ac_no": 12, "ac_category": "GEN", "st_name": "KERALA"}, "geometry": {"type": "Polygon", "coordinates": [[[75.48581945247108, 11.90710853743435], [75.49274250561217, 11.91419211056108], [75.50881284891193, 11.91222005755133], [75.52122749025851, 11.89453179162233], [75.54660620781246, 11.88977251192175], [75.5426375772087, 11.88594137324665], [75.54816777007146, 11.87360463194017], [75.53637895921699, 11.87151643503332], [75.53458425639894, 11.86689410267988], [75.52907875531612, 11.87114091918546], [75.52401471238224, 11.86867650100042], [75.53310800250692, 11.83969478463056], [75.52941906517378, 11.82816444638248], [75.53619140735282, 11.82961540609453], [75.54094982634298, 11.81224354050467], [75.53179244128287, 11.80081124635923], [75.51993860345921, 11.79524993108969], [75.50146766764442, 11.79875464026415], [75.49050882916997, 11.79462754361845], [75.48166730096361, 11.78523703337434], [75.48548327886394, 11.78156411656888], [75.47145809613947, 11.77035142709235], [75.46826785318784, 11.764844477439], [75.45394146271529, 11.77165549656645], [75.4615820706978, 11.77985945279309], [75.44775359252505, 11.78280654802228], [75.44757936323423, 11.7898167065519], [75.43304935412797, 11.8093676731323], [75.43340091328983, 11.81430681877512], [75.44446626504143, 11.81703042987658], [75.44942838343744, 11.83128827484421], [75.44574765212174, 11.83445023880648], [75.43494738305849, 11.83391492002934], [75.43111981203727, 11.8291373552704], [75.4292410389281, 11.83162210870353], [75.43574427434666, 11.87433229831146], [75.44962962143023, 11.88704837981972], [75.45892724914607, 11.89308827944167], [75.46863186351874, 11.89252511178906], [75.48581945247108, 11.90710853743435]]]}}, {"type": "Feature", "properties": {"ac_name": "KUTHUPARAMBA", "ac_no": 14, "ac_category": "GEN", "st_name": "KERALA"}, "geometry": {"type": "Polygon", "coordinates": [[[75.53310800250692, 11.83969478463056], [75.55215860246481, 11.83308393185594], [75.55559304916515, 11.83837200129433], [75.55123085558989, 11.85389911399002], [75.57121030920548, 11.85651387419574], [75.57288556080118, 11.84773896913656], [75.58154862290439, 11.84822766652646], [75.5771048339312, 11.83519160899434], [75.58115628450113, 11.83187374987931], [75.59403024135455, 11.83811387689091], [75.59165900651413, 11.83230001386073], [75.59574472135347, 11.83262201149961], [75.60068905881198, 11.82240615390171], [75.63258509952985, 11.83285875244011], [75.63605511503938, 11.83905940228795], [75.64914667292132, 11.83926036026168], [75.65169303368803, 11.84433165042245], [75.65461475363638, 11.8375473577325], [75.66347181411294, 11.84104976953902], [75.6640961906313, 11.8352830822982], [75.66816853024899, 11.83951534708975], [75.67370350036863, 11.83517490904893], [75.66923731830725, 11.84285832280244], [75.67574022714054, 11.84596224615482], [75.67966815558313, 11.84171174150935], [75.68618509649204, 11.84342868811756], [75.69632450528728, 11.85227012807154], [75.70058923551822, 11.84891869690496], [75.69935458575974, 11.85223558394904], [75.70584148042205, 11.85263543792316], [75.70935414627684, 11.84797411854973], [75.72168206668307, 11.8509090088666], [75.73698217858573, 11.83731567376997], [75.7310618687305, 11.84964248350416], [75.74989574434164, 11.85322812523046], [75.75315895666823, 11.84804247376847], [75.760284351535, 11.85046996688014], [75.77597370887142, 11.84036795658775], [75.78477194767207, 11.84350918998694], [75.78804339441997, 11.85266010133049], [75.79703182363787, 11.85149527103842], [75.79262205215605, 11.84874519376069], [75.80534280715109, 11.85028133649763], [75.79025998421567, 11.84110685270987], [75.79875969574633, 11.81949182075173], [75.77288919515401, 11.80273616419238], [75.75000993687591, 11.80394106613411], [75.74565105723268, 11.79917558254328], [75.75757432129281, 11.78915643634793], [75.74921950083687, 11.7833805190499], [75.73812873751022, 11.78774241855651], [75.73779736281955, 11.78216944491389], [75.72916038603158, 11.78086308132146], [75.71682000550794, 11.79735316191292], [75.69167415841764, 11.79976252570499], [75.68574933589674, 11.77884272378637], [75.66923642755816, 11.77082378297589], [75.6660976994062, 11.75882923643374], [75.65532859108332, 11.75643773372051], [75.63532722931355, 11.73634818819046], [75.62684256900161, 11.73785968118025], [75.60719783856672, 11.71864730707387], [75.60639846386226, 11.72267862122973], [75.59522503588259, 11.71305449396832], [75.58750971020478, 11.71255262613968], [75.59295888043955, 11.70865687183986], [75.59222106581922, 11.69833420655552], [75.60318516202642, 11.69317625193409], [75.60060544242836, 11.68689357314109], [75.58753852356227, 11.6874828911739], [75.56946620608143, 11.67498496615242], [75.56185502555877, 11.68146096422908], [75.56370657461576, 11.69380423760462], [75.57038847025673, 11.69830624393908], [75.57808974020514, 11.72404975824132], [75.57395250511914, 11.73553860397849], [75.56741808198424, 11.73793876834912], [75.56850461616152, 11.748856474653], [75.57284834296246, 11.7521074510552], [75.57151347846766, 11.76369075215362], [75.55040941766136, 11.77089773232136], [75.55100755131303, 11.78052308410149], [75.54365728234866, 11.77913600433942], [75.54682120741253, 11.80110940140024], [75.5376724772751, 11.793037819138], [75.53265899431975, 11.79480501727942], [75.53179244128287, 11.80081124635923], [75.54094982634298, 11.81224354050467], [75.53619140735282, 11.82961540609453], [75.52941906517378, 11.82816444638248], [75.53310800250692, 11.83969478463056]]]}}, {"type": "Feature", "properties": {"ac_name": "SULTHANBATHERY (S", "ac_no": 18, "ac_category": "GEN", "st_name": "KERALA"}, "geometry": {"type": "Polygon", "coordinates": [[[76.12191374111367, 11.85116975865798], [76.1576548859005, 11.87091668493653], [76.16395479883698, 11.86778494617586], [76.19159020879614, 11.87116559005022], [76.2075490772581, 11.8616833613797], [76.2131574230683, 11.84295974622451], [76.21006053371688, 11.82888917774296], [76.22286313682183, 11.80912729931367], [76.24639196955508, 11.80290061239997], [76.2800513202038, 11.81153284103253], [76.29029086274787, 11.79293661503791], [76.30773606284437, 11.78387136139333], [76.31697291595117, 11.75229838318611], [76.32865750747845, 11.74872765046411], [76.33930299162218, 11.73910028272081], [76.35216609072151, 11.73836746062464], [76.36254859032879, 11.74825398746737], [76.3769345627137, 11.74461904490838], [76.39144708680807, 11.75493908021509], [76.39867300455663, 11.75097323072768], [76.41402115145628, 11.7588771043994], [76.41046425898382, 11.74216390502787], [76.41815305246794, 11.74268109505009], [76.4274311322345, 11.72605851145694], [76.41399373773297, 11.71133347873302], [76.40851769111707, 11.71513560940308], [76.40344654996862, 11.70784044722483], [76.40887038481856, 11.70646708054266], [76.41236073081694, 11.69510093721813], [76.40842867276575, 11.68979417112482], [76.41591714040821, 11.67289345590755], [76.43093587086945, 11.66654224334302], [76.43583387081974, 11.65380905380826], [76.44380253143719, 11.64724195092706], [76.43248876996326, 11.63162418758912], [76.40640976817375, 11.63410613862762], [76.38785361428641, 11.62966280700122], [76.37762997219019, 11.6018872821425], [76.35469446441309, 11.58934847982725], [76.34023718960685, 11.58708617156719], [76.3357777935651, 11.59574487001087], [76.32117944464002, 11.58626971065832], [76.3158767539937, 11.57656279499194], [76.3102405308529, 11.57730106458143], [76.30219465918883, 11.57128029775824], [76.29568044765405, 11.5906648382524], [76.28605144066124, 11.59026629465216], [76.27865885487883, 11.60089072276921], [76.27418736000799, 11.59384978208241], [76.26486551400869, 11.59384433383596], [76.23399311276818, 11.56857712507244], [76.22760269284738, 11.55882221378977], [76.21136748111815, 11.54891760118277], [76.19623780257551, 11.56414324392583], [76.18268789368092, 11.56153548669582], [76.17888155030087, 11.56568794910967], [76.17480511540336, 11.58433910345144], [76.1617364528453, 11.59743976938759], [76.16377369465563, 11.6035213888717], [76.1759345637688, 11.60225562969524], [76.17960209805553, 11.60959539131491], [76.1711042928245, 11.61828837552878], [76.15874518283472, 11.64953771177044], [76.15173718565813, 11.65286972840534], [76.1406901835979, 11.64866839104022], [76.13460988186606, 11.65694778107607], [76.14000419078829, 11.67619035995063], [76.13323137622761, 11.67792209350786], [76.14259220047833, 11.69216648826689], [76.12972738617164, 11.69291509957031], [76.11234161977083, 11.70411140920784], [76.10820010427722, 11.69849499909462], [76.09946350716936, 11.70597462927502], [76.10146624424624, 11.72041087803099], [76.11869362709287, 11.74016256679287], [76.12330373950516, 11.75145957789772], [76.11137452678115, 11.75692493386511], [76.1173713024337, 11.77186649952017], [76.11551241932155, 11.78416101268079], [76.1145251046873, 11.78062954219464], [76.09690269243302, 11.78351069595207], [76.08848505243827, 11.79126821523049], [76.075534481011, 11.79331562924322], [76.07370169344323, 11.7999734362323], [76.07775393150585, 11.80825878696255], [76.08388023921347, 11.80705585168064], [76.08957502023728, 11.81619326587825], [76.0878719334448, 11.83347011675003], [76.11279459257055, 11.84197739782479], [76.12122323899685, 11.85099916322801], [76.12191374111367, 11.85116975865798]]]}}, {"type": "Feature", "properties": {"ac_name": "THALASSERY", "ac_no": 13, "ac_category": "GEN", "st_name": "KERALA"}, "geometry": {"type": "Polygon", "coordinates": [[[75.53179244128287, 11.80081124635923], [75.53265899431975, 11.79480501727942], [75.5376724772751, 11.793037819138], [75.54682120741253, 11.80110940140024], [75.54365728234866, 11.77913600433942], [75.55100755131303, 11.78052308410149], [75.55040941766136, 11.77089773232136], [75.57151347846766, 11.76369075215362], [75.57284834296246, 11.7521074510552], [75.56850461616152, 11.748856474653], [75.56741808198424, 11.73793876834912], [75.57395250511914, 11.73553860397849], [75.57808974020514, 11.72404975824132], [75.57038847025673, 11.69830624393908], [75.56370657461576, 11.69380423760462], [75.55320262747888, 11.70313940384114], [75.54429427411606, 11.70462438737941], [75.53585313676221, 11.70993412436082], [75.53055591490555, 11.70402755967712], [75.51718776657624, 11.71652961910001], [75.50857030307823, 11.73200453523761], [75.49818076753654, 11.73450385147122], [75.48545001273895, 11.74835146029415], [75.47145809613947, 11.77035142709235], [75.48548327886394, 11.78156411656888], [75.48166730096361, 11.78523703337434], [75.49050882916997, 11.79462754361845], [75.50146766764442, 11.79875464026415], [75.51993860345921, 11.79524993108969], [75.53179244128287, 11.80081124635923]], [[75.53116885092693, 11.70843593521831], [75.53754375183952, 11.71217445736119], [75.53250210202543, 11.7158113994283], [75.53658716869955, 11.71938993061891], [75.53776871492245, 11.71604526996979], [75.54788132491318, 11.71541601107966], [75.55550572381858, 11.7217475485212], [75.55577670202493, 11.72769532058631], [75.54328633893702, 11.73437909748506], [75.54623518145951, 11.75634614083079], [75.53821831887826, 11.76270988241439], [75.53126155560123, 11.75862854051606], [75.54055743380358, 11.74857933816251], [75.54160290770491, 11.73883863177347], [75.54025252133411, 11.73474174738399], [75.5319207684732, 11.73454410157969], [75.5266364649282, 11.72613506648646], [75.53116885092693, 11.70843593521831]]]}}, {"type": "Feature", "properties": {"ac_name": "NADAPURAM", "ac_no": 22, "ac_category": "GEN", "st_name": "KERALA"}, "geometry": {"type": "Polygon", "coordinates": [[[75.77288919515401, 11.80273616419238], [75.79375840857037, 11.7907124932286], [75.79209352686141, 11.77877761138858], [75.78739849296196, 11.77516368119291], [75.78813550741405, 11.76525189957918], [75.78310407021154, 11.76136384349591], [75.79926245574917, 11.75346875986804], [75.79837906704982, 11.74766740448344], [75.79102945561259, 11.74362729664597], [75.81019933804507, 11.74295195047893], [75.8316283707649, 11.72065934617042], [75.84569942341906, 11.71430827086773], [75.84544985199037, 11.70700576139636], [75.85058264277829, 11.70294257110223], [75.87261332212866, 11.70151716278791], [75.8752906281346, 11.70449489730177], [75.88253050527192, 11.6990331443685], [75.9002710293928, 11.69923352375166], [75.91506679242622, 11.69073934553708], [75.90269415586164, 11.67888724693428], [75.84302552861845, 11.65823045607503], [75.84479372921255, 11.65419683443077], [75.82578059819703, 11.63849016897124], [75.81632448008159, 11.6404019635441], [75.80723693416134, 11.63543162409031], [75.80124129286146, 11.62387370699681], [75.78490642395649, 11.62452367676684], [75.7775871599715, 11.63963611156448], [75.75673989774559, 11.6510769563834], [75.75496160230963, 11.65860890170266], [75.75009147301849, 11.66057040385648], [75.74419864026096, 11.65457711529458], [75.73925949546229, 11.65672355287371], [75.7388126451091, 11.66282389483697], [75.73255485362853, 11.66421079858437], [75.73720970610911, 11.67065467785508], [75.73614368546455, 11.67720980452953], [75.73082520385931, 11.68355253137605], [75.71985316101029, 11.6838837561053], [75.72923717621563, 11.69521752529349], [75.7212788960676, 11.69775116584609], [75.70581036320677, 11.69443519467905], [75.70672420446277, 11.689553865733], [75.70021327144781, 11.68339777643517], [75.68312891099477, 11.68153093285714], [75.6906389609315, 11.67591505314208], [75.68622034112171, 11.66422032068091], [75.67789186805646, 11.66678561310344], [75.65819038752142, 11.65955955062228], [75.65768869636736, 11.66683161378894], [75.64372386688628, 11.6699871265596], [75.64308523901755, 11.68140552779923], [75.62640272339992, 11.68259089021], [75.62721609139626, 11.66460648310499], [75.63025442643819, 11.66567598309111], [75.63169790201655, 11.65848433427468], [75.62453029936268, 11.65957554838147], [75.62427375488431, 11.65370229939684], [75.62001597926863, 11.65335422577445], [75.60605693947745, 11.66153222274255], [75.6041378253175, 11.67352683867818], [75.60815597490263, 11.67747539107322], [75.60147837501002, 11.68012499422235], [75.60060544242836, 11.68689357314109], [75.60318516202642, 11.69317625193409], [75.59222106581922, 11.69833420655552], [75.59295888043955, 11.70865687183986], [75.58750971020478, 11.71255262613968], [75.59522503588259, 11.71305449396832], [75.60639846386226, 11.72267862122973], [75.60719783856672, 11.71864730707387], [75.62684256900161, 11.73785968118025], [75.63532722931355, 11.73634818819046], [75.65532859108332, 11.75643773372051], [75.6660976994062, 11.75882923643374], [75.66923642755816, 11.77082378297589], [75.68574933589674, 11.77884272378637], [75.69167415841764, 11.79976252570499], [75.71682000550794, 11.79735316191292], [75.72916038603158, 11.78086308132146], [75.73779736281955, 11.78216944491389], [75.73812873751022, 11.78774241855651], [75.74921950083687, 11.7833805190499], [75.75757432129281, 11.78915643634793], [75.74565105723268, 11.79917558254328], [75.75000993687591, 11.80394106613411], [75.77288919515401, 11.80273616419238]]]}}, {"type": "Feature", "properties": {"ac_name": "KALPETTA", "ac_no": 19, "ac_category": "GEN", "st_name": "KERALA"}, "geometry": {"type": "Polygon", "coordinates": [[[76.11869362709287, 11.74016256679287], [76.10146624424624, 11.72041087803099], [76.09946350716936, 11.70597462927502], [76.10820010427722, 11.69849499909462], [76.11234161977083, 11.70411140920784], [76.12972738617164, 11.69291509957031], [76.14259220047833, 11.69216648826689], [76.13323137622761, 11.67792209350786], [76.14000419078829, 11.67619035995063], [76.13460988186606, 11.65694778107607], [76.1406901835979, 11.64866839104022], [76.15173718565813, 11.65286972840534], [76.15874518283472, 11.64953771177044], [76.1711042928245, 11.61828837552878], [76.17960209805553, 11.60959539131491], [76.1759345637688, 11.60225562969524], [76.16377369465563, 11.6035213888717], [76.1617364528453, 11.59743976938759], [76.17480511540336, 11.58433910345144], [76.17888155030087, 11.56568794910967], [76.18268789368092, 11.56153548669582], [76.19623780257551, 11.56414324392583], [76.21136748111815, 11.54891760118277], [76.22760269284738, 11.55882221378977], [76.23399311276818, 11.56857712507244], [76.24442147818519, 11.55431791245151], [76.24450718043612, 11.54301146385581], [76.25142712455296, 11.53786039271835], [76.25025082303623, 11.52745514516102], [76.23776131972156, 11.52745538820318], [76.23388022037307, 11.52881924955786], [76.22943527886079, 11.52397308898035], [76.22415659259708, 11.50977732931273], [76.20005948060515, 11.50687509849405], [76.19164806809019, 11.49868054942722], [76.18194270208366, 11.48424550402223], [76.18714157186561, 11.47890001211513], [76.18613077679281, 11.47370396048876], [76.16978679749191, 11.46609732384886], [76.1642753239715, 11.45837449294148], [76.1428824975006, 11.45177220382854], [76.12549659124284, 11.46718643318903], [76.12308064418201, 11.47400558055686], [76.11138986744525, 11.47639758296142], [76.10560599689873, 11.48274972785596], [76.09239490932019, 11.48271067528545], [76.08719886584483, 11.48760223416384], [76.09310104993685, 11.49407603608767], [76.0902327325227, 11.51112806971036], [76.07588157738395, 11.5233888552745], [76.05621531094516, 11.50601959296447], [76.04845246886177, 11.50384194195458], [76.04517520135705, 11.50694922070698], [76.03732630563081, 11.5027587678387], [76.03224036431784, 11.51114089331364], [76.0181665951415, 11.51447668289869], [75.98040275782401, 11.54103138255242], [75.95795849688575, 11.56086291623502], [75.95739158216294, 11.57564904887698], [75.95210315942661, 11.58113020761308], [75.90922021070737, 11.60096855350749], [75.90122688761382, 11.61702870282181], [75.89717554332593, 11.64293851935519], [75.90526431545165, 11.66096226354099], [75.90019845496327, 11.67586391744727], [75.90269415586164, 11.67888724693428], [75.91506679242622, 11.69073934553708], [75.92886269356927, 11.68787154825708], [75.94861392479099, 11.69672270867367], [75.95892360118265, 11.68917439781624], [75.9717980999047, 11.70714766274146], [75.97777802044176, 11.70125013731907], [75.98927091822596, 11.71082245527201], [76.0001752595613, 11.70937006703839], [76.00386674045001, 11.72035744203853], [76.02770957094951, 11.72667052816262], [76.03180120522218, 11.72288095729688], [76.03004176619856, 11.71830658702044], [76.02191899983944, 11.71757206499016], [76.02309482457451, 11.70791931150754], [76.01501775878768, 11.71102260912536], [76.01746650875127, 11.70838303965238], [76.01245806802912, 11.69965248170905], [76.0198725911536, 11.70266795112194], [76.02262566716554, 11.69410025758453], [76.02600272866786, 11.70043168574374], [76.04730807507411, 11.68731578693874], [76.04557540257524, 11.68390388869555], [76.05812215673826, 11.68072023074706], [76.06422141141704, 11.70311352848683], [76.0752125856763, 11.7065318717699], [76.07454100704466, 11.71108244471795], [76.08236425051685, 11.71604391869483], [76.08406413085437, 11.74039210686216], [76.08977477283423, 11.74460277760172], [76.09464061301823, 11.74174459119687], [76.10247943531255, 11.74480743862306], [76.11869362709287, 11.74016256679287]]]}}, {"type": "Feature", "properties": {"ac_name": "VADAKARA", "ac_no": 20, "ac_category": "GEN", "st_name": "KERALA"}, "geometry": {"type": "Polygon", "coordinates": [[[75.54429427411606, 11.70462438737941], [75.55320262747888, 11.70313940384114], [75.56370657461576, 11.69380423760462], [75.56185502555877, 11.68146096422908], [75.56946620608143, 11.67498496615242], [75.58753852356227, 11.6874828911739], [75.60060544242836, 11.68689357314109], [75.60147837501002, 11.68012499422235], [75.60815597490263, 11.67747539107322], [75.6041378253175, 11.67352683867818], [75.60605693947745, 11.66153222274255], [75.62001597926863, 11.65335422577445], [75.62851331236206, 11.64726966479572], [75.62307377987776, 11.63780770302892], [75.62611682956546, 11.63684279837701], [75.62461334547905, 11.63091774180422], [75.60382314407508, 11.61625144263013], [75.60793190337782, 11.60982457540444], [75.62014859626055, 11.61129461080636], [75.61969903435033, 11.59895199442112], [75.6117646546098, 11.58416087182909], [75.6155862821787, 11.58031861708446], [75.62184823653607, 11.58150286981645], [75.62325289337832, 11.58605357259292], [75.62592103111244, 11.58401331121645], [75.61477117982587, 11.56613996795222], [75.60791925193195, 11.56370336959764], [75.59267389394641, 11.57088808240875], [75.59060856933141, 11.5617985055273], [75.56685368038866, 11.62941205016327], [75.53658682854564, 11.69393882305386], [75.5419985130747, 11.69873555241282], [75.54429427411606, 11.70462438737941]]]}}, {"type": "Feature", "properties": {"ac_name": "KUTTIADI", "ac_no": 21, "ac_category": "GEN", "st_name": "KERALA"}, "geometry": {"type": "Polygon", "coordinates": [[[75.62001597926863, 11.65335422577445], [75.62427375488431, 11.65370229939684], [75.62453029936268, 11.65957554838147], [75.63169790201655, 11.65848433427468], [75.63025442643819, 11.66567598309111], [75.62721609139626, 11.66460648310499], [75.62640272339992, 11.68259089021], [75.64308523901755, 11.68140552779923], [75.64372386688628, 11.6699871265596], [75.65768869636736, 11.66683161378894], [75.65819038752142, 11.65955955062228], [75.67789186805646, 11.66678561310344], [75.68622034112171, 11.66422032068091], [75.6906389609315, 11.67591505314208], [75.68312891099477, 11.68153093285714], [75.70021327144781, 11.68339777643517], [75.70672420446277, 11.689553865733], [75.70581036320677, 11.69443519467905], [75.7212788960676, 11.69775116584609], [75.72923717621563, 11.69521752529349], [75.71985316101029, 11.6838837561053], [75.73082520385931, 11.68355253137605], [75.73614368546455, 11.67720980452953], [75.73720970610911, 11.67065467785508], [75.73255485362853, 11.66421079858437], [75.7388126451091, 11.66282389483697], [75.73925949546229, 11.65672355287371], [75.74419864026096, 11.65457711529458], [75.75009147301849, 11.66057040385648], [75.75496160230963, 11.65860890170266], [75.75673989774559, 11.6510769563834], [75.75404230635672, 11.63891607091916], [75.74008245640354, 11.61656380897929], [75.74251453325095, 11.59446092882849], [75.70270390596944, 11.60260003525634], [75.68924325918536, 11.57458308374156], [75.67313612220202, 11.56027764077489], [75.67837085719324, 11.55362391805983], [75.67492434040872, 11.54288886959758], [75.66463214579436, 11.53163962263868], [75.64763420296534, 11.5292234922067], [75.62611597946648, 11.53932084565067], [75.61943225633104, 11.55044012331887], [75.62207661655106, 11.56027858322821], [75.61477117982587, 11.56613996795222], [75.62592103111244, 11.58401331121645], [75.62325289337832, 11.58605357259292], [75.62184823653607, 11.58150286981645], [75.6155862821787, 11.58031861708446], [75.6117646546098, 11.58416087182909], [75.61969903435033, 11.59895199442112], [75.62014859626055, 11.61129461080636], [75.60793190337782, 11.60982457540444], [75.60382314407508, 11.61625144263013], [75.62461334547905, 11.63091774180422], [75.62611682956546, 11.63684279837701], [75.62307377987776, 11.63780770302892], [75.62851331236206, 11.64726966479572], [75.62001597926863, 11.65335422577445]]]}}, {"type": "Feature", "properties": {"ac_name": "PERAMBRA", "ac_no": 24, "ac_category": "GEN", "st_name": "KERALA"}, "geometry": {"type": "Polygon", "coordinates": [[[75.90269415586164, 11.67888724693428], [75.90019845496327, 11.67586391744727], [75.90526431545165, 11.66096226354099], [75.89717554332593, 11.64293851935519], [75.90122688761382, 11.61702870282181], [75.89124500558384, 11.6152240009856], [75.8806740378197, 11.58737619891084], [75.88425020332922, 11.5801835484443], [75.86364853691818, 11.5546619985069], [75.85157330695392, 11.55750893790214], [75.84307371498787, 11.55152124585962], [75.8396805574117, 11.55489129739626], [75.83895760941319, 11.54887011164037], [75.82506637096758, 11.55216061511211], [75.82133746614134, 11.56093201681579], [75.81567846347983, 11.55698440606269], [75.79827606793464, 11.55693410060781], [75.80376135983839, 11.55356784791198], [75.79124714744748, 11.54513325289893], [75.78421701246292, 11.53307992454302], [75.79216507481705, 11.53084303429306], [75.7880262130823, 11.52633284374848], [75.79210355257081, 11.51590672636259], [75.78557381731777, 11.51829539972196], [75.77831882015592, 11.50768047410429], [75.7733233423473, 11.50789775060523], [75.76963630490829, 11.51426041759616], [75.7570850243478, 11.51506136007608], [75.7523265013695, 11.51013204836383], [75.73633999905394, 11.50701898823337], [75.73121446598017, 11.49932923407827], [75.73637753684623, 11.48746197097401], [75.73284424746346, 11.47699545333843], [75.74200119920827, 11.46593776184358], [75.72935789957326, 11.44576274623509], [75.72472433942883, 11.45285891692643], [75.71461819629924, 11.45543805136449], [75.71316436060671, 11.46037036987686], [75.6982032576342, 11.46809054828416], [75.69882360192393, 11.4742135305909], [75.6810815020537, 11.48726863249096], [75.66810899284111, 11.50729319198234], [75.64823718049509, 11.51421914806887], [75.64763420296534, 11.5292234922067], [75.66463214579436, 11.53163962263868], [75.67492434040872, 11.54288886959758], [75.67837085719324, 11.55362391805983], [75.67313612220202, 11.56027764077489], [75.68924325918536, 11.57458308374156], [75.70270390596944, 11.60260003525634], [75.74251453325095, 11.59446092882849], [75.74008245640354, 11.61656380897929], [75.75404230635672, 11.63891607091916], [75.75673989774559, 11.6510769563834], [75.7775871599715, 11.63963611156448], [75.78490642395649, 11.62452367676684], [75.80124129286146, 11.62387370699681], [75.80723693416134, 11.63543162409031], [75.81632448008159, 11.6404019635441], [75.82578059819703, 11.63849016897124], [75.84479372921255, 11.65419683443077], [75.84302552861845, 11.65823045607503], [75.90269415586164, 11.67888724693428]]]}}, {"type": "Feature", "properties": {"ac_name": "BALUSSERI", "ac_no": 25, "ac_category": "SC", "st_name": "KERALA"}, "geometry": {"type": "Polygon", "coordinates": [[[75.98040275782401, 11.54103138255242], [75.93676275773636, 11.50201304216731], [75.9168900112722, 11.51187819065213], [75.89300560430961, 11.50334308275459], [75.90850391276658, 11.48892606944693], [75.89958151608434, 11.46222405228153], [75.90833878335701, 11.44975926000471], [75.9048409612174, 11.44818765231174], [75.9025006625879, 11.4328986892048], [75.91294773401009, 11.41777009639593], [75.89659365150052, 11.41701513480721], [75.88303018723717, 11.40448201093887], [75.86311706572072, 11.41478139893644], [75.85782046360637, 11.40698562763825], [75.84672285100177, 11.41341949347093], [75.8530273871663, 11.41998366980632], [75.83535325723598, 11.43015326171265], [75.84085629088317, 11.44372051425491], [75.83447773480634, 11.44673811685895], [75.83133073880852, 11.44019295776189], [75.82443776199483, 11.43902816759956], [75.81749354774576, 11.42595356660991], [75.80930873326564, 11.42611143678414], [75.8028928490335, 11.41501469547067], [75.79835026326975, 11.41979816787955], [75.78589316260427, 11.41795010514756], [75.78547517441436, 11.42267166195209], [75.7789225521126, 11.42469630163188], [75.78347582978358, 11.41882520500221], [75.77862756511894, 11.39358994703745], [75.78249070449692, 11.38533229318745], [75.77415488826345, 11.37851360667498], [75.76196279852344, 11.37921817511647], [75.76161902130067, 11.37062423896816], [75.75634393179743, 11.36670350805352], [75.74715320525134, 11.36822648743571], [75.74323495134884, 11.3760983605489], [75.75105606688096, 11.4077549845342], [75.74639150345209, 11.41523707200408], [75.75074290564498, 11.42035231198315], [75.73090502216851, 11.43216697133372], [75.72935789957326, 11.44576274623509], [75.74200119920827, 11.46593776184358], [75.73284424746346, 11.47699545333843], [75.73637753684623, 11.48746197097401], [75.73121446598017, 11.49932923407827], [75.73633999905394, 11.50701898823337], [75.7523265013695, 11.51013204836383], [75.7570850243478, 11.51506136007608], [75.76963630490829, 11.51426041759616], [75.7733233423473, 11.50789775060523], [75.77831882015592, 11.50768047410429], [75.78557381731777, 11.51829539972196], [75.79210355257081, 11.51590672636259], [75.7880262130823, 11.52633284374848], [75.79216507481705, 11.53084303429306], [75.78421701246292, 11.53307992454302], [75.79124714744748, 11.54513325289893], [75.80376135983839, 11.55356784791198], [75.79827606793464, 11.55693410060781], [75.81567846347983, 11.55698440606269], [75.82133746614134, 11.56093201681579], [75.82506637096758, 11.55216061511211], [75.83895760941319, 11.54887011164037], [75.8396805574117, 11.55489129739626], [75.84307371498787, 11.55152124585962], [75.85157330695392, 11.55750893790214], [75.86364853691818, 11.5546619985069], [75.88425020332922, 11.5801835484443], [75.8806740378197, 11.58737619891084], [75.89124500558384, 11.6152240009856], [75.90122688761382, 11.61702870282181], [75.90922021070737, 11.60096855350749], [75.95210315942661, 11.58113020761308], [75.95739158216294, 11.57564904887698], [75.95795849688575, 11.56086291623502], [75.98040275782401, 11.54103138255242]]]}}, {"type": "Feature", "properties": {"ac_name": "QUILANDY", "ac_no": 23, "ac_category": "GEN", "st_name": "KERALA"}, "geometry": {"type": "Polygon", "coordinates": [[[75.61477117982587, 11.56613996795222], [75.62207661655106, 11.56027858322821], [75.61943225633104, 11.55044012331887], [75.62611597946648, 11.53932084565067], [75.64763420296534, 11.5292234922067], [75.64823718049509, 11.51421914806887], [75.66810899284111, 11.50729319198234], [75.6810815020537, 11.48726863249096], [75.69882360192393, 11.4742135305909], [75.6982032576342, 11.46809054828416], [75.71316436060671, 11.46037036987686], [75.71461819629924, 11.45543805136449], [75.72472433942883, 11.45285891692643], [75.72935789957326, 11.44576274623509], [75.73090502216851, 11.43216697133372], [75.75074290564498, 11.42035231198315], [75.74639150345209, 11.41523707200408], [75.75105606688096, 11.4077549845342], [75.74323495134884, 11.3760983605489], [75.74715320525134, 11.36822648743571], [75.74236615632188, 11.3555093016683], [75.73198052766782, 11.35617210364272], [75.71572731105594, 11.39308227466423], [75.68066503177083, 11.45086608250814], [75.6753004496098, 11.45107247343111], [75.66425230966355, 11.4626084726829], [75.64752865336618, 11.46827049837848], [75.6340235233082, 11.46217386230955], [75.6273182469522, 11.47340649277448], [75.61802859158713, 11.47736258612506], [75.61855597090116, 11.48749731365897], [75.59060856933141, 11.5617985055273], [75.59267389394641, 11.57088808240875], [75.60791925193195, 11.56370336959764], [75.61477117982587, 11.56613996795222]]]}}, {"type": "Feature", "properties": {"ac_name": "KODUVALLY", "ac_no": 31, "ac_category": "GEN", "st_name": "KERALA"}, "geometry": {"type": "Polygon", "coordinates": [[[75.98040275782401, 11.54103138255242], [75.94772483750455, 11.49216476859159], [75.94776910346523, 11.48527539126447], [75.92324717695799, 11.47367138099948], [75.93218724688819, 11.4628725608198], [75.92835593803275, 11.4529474621764], [75.93796031705648, 11.45076034237367], [75.93830461899636, 11.44541061498361], [75.95739770065771, 11.43703814425364], [75.95796044009032, 11.43274142158858], [75.97227266331346, 11.42699787951278], [75.97751572793277, 11.44688716550172], [75.98283335254796, 11.45124628310401], [76.00014406355422, 11.44203666888855], [76.00183491270329, 11.43393883809732], [75.9964313631908, 11.42750027044998], [75.99266645956138, 11.43207016911567], [75.98781340854579, 11.42955004332321], [75.99668699147078, 11.41386845700855], [75.9900377146001, 11.4074204711653], [75.99280471357366, 11.40053414171289], [75.98521685456255, 11.39563199857361], [75.98354056536897, 11.38650477518075], [75.99121552137777, 11.3797966007792], [75.97863238262234, 11.37410034210706], [75.97250326166007, 11.37593822373088], [75.97509456768255, 11.36331561586923], [75.96201190628322, 11.36038761479593], [75.95944923417503, 11.354310471687], [75.96593458013409, 11.35206030248218], [75.96033323212863, 11.34878718878094], [75.95598169917406, 11.35030172879973], [75.94482435550897, 11.3418695289358], [75.9419669536542, 11.34503881656936], [75.93827432297486, 11.34246439923252], [75.93972647476092, 11.34662445597028], [75.93219326065065, 11.3463042173148], [75.9277525099016, 11.33483420076675], [75.92292374788408, 11.33340179848912], [75.90710950023025, 11.33940967447374], [75.89100394283848, 11.33648354784516], [75.88975478379187, 11.33244104965269], [75.87500700580874, 11.32942372791652], [75.87336367664254, 11.32410708696914], [75.86116445944056, 11.33060402287873], [75.85676197266021, 11.33860096303916], [75.84699494889685, 11.34181650623045], [75.85040302836897, 11.33876405913012], [75.84736040018797, 11.33830728101743], [75.84586945557344, 11.34256105399928], [75.83771732879173, 11.34389671462178], [75.8350271802011, 11.35628347695108], [75.82543299972976, 11.35485005249529], [75.82291334464902, 11.35813437791908], [75.82836618088314, 11.36466610618987], [75.8360591488077, 11.36125372097116], [75.84941723468383, 11.36642477316956], [75.85129619461564, 11.37412323542111], [75.85717480811904, 11.37690591783197], [75.85209456858138, 11.39468449553882], [75.85703312996338, 11.39862687274216], [75.85426645395037, 11.40194445925591], [75.85782046360637, 11.40698562763825], [75.86311706572072, 11.41478139893644], [75.88303018723717, 11.40448201093887], [75.89659365150052, 11.41701513480721], [75.91294773401009, 11.41777009639593], [75.9025006625879, 11.4328986892048], [75.9048409612174, 11.44818765231174], [75.90833878335701, 11.44975926000471], [75.89958151608434, 11.46222405228153], [75.90850391276658, 11.48892606944693], [75.89300560430961, 11.50334308275459], [75.9168900112722, 11.51187819065213], [75.93676275773636, 11.50201304216731], [75.98040275782401, 11.54103138255242]]]}}, {"type": "Feature", "properties": {"ac_name": "THIRUVAMBADI", "ac_no": 32, "ac_category": "GEN", "st_name": "KERALA"}, "geometry": {"type": "Polygon", "coordinates": [[[75.98040275782401, 11.54103138255242], [76.0181665951415, 11.51447668289869], [76.03224036431784, 11.51114089331364], [76.03732630563081, 11.5027587678387], [76.04517520135705, 11.50694922070698], [76.04845246886177, 11.50384194195458], [76.05621531094516, 11.50601959296447], [76.07588157738395, 11.5233888552745], [76.0902327325227, 11.51112806971036], [76.09310104993685, 11.49407603608767], [76.08719886584483, 11.48760223416384], [76.09239490932019, 11.48271067528545], [76.10560599689873, 11.48274972785596], [76.11138986744525, 11.47639758296142], [76.12308064418201, 11.47400558055686], [76.12549659124284, 11.46718643318903], [76.1428824975006, 11.45177220382854], [76.14007918907986, 11.43966479271728], [76.1461944057019, 11.42924573536601], [76.14229340056373, 11.42001716663019], [76.13120450939287, 11.42720346747755], [76.11804478106599, 11.40868047004935], [76.1057118016979, 11.41029207172455], [76.10642810813376, 11.4026147730179], [76.09962218629802, 11.39598898102758], [76.09764130976245, 11.38345394174363], [76.10231158178267, 11.36865858689323], [76.09590609112009, 11.36305142566314], [76.09258843884203, 11.35174442824812], [76.1001268535738, 11.34170615336314], [76.1165006639037, 11.33758256021797], [76.11914598407833, 11.3229794503458], [76.1138817730554, 11.31457920328476], [76.08546987384246, 11.30890750866566], [76.06904835401761, 11.29393377105632], [76.07237402060754, 11.2866206085388], [76.06108959071489, 11.28222279787834], [76.04930359952397, 11.2673835432776], [76.01370293182936, 11.26807841978541], [76.00895423007854, 11.25969052255826], [75.99579718036748, 11.25436676348362], [75.97699400058838, 11.26776485401855], [75.97845005902317, 11.2881698551601], [75.96658021266212, 11.29747280036511], [75.96007761353789, 11.31202059551322], [75.95226648946716, 11.31451013347174], [75.95062509922167, 11.32397803430163], [75.95712224191554, 11.32704479489076], [75.96033323212863, 11.34878718878094], [75.96593458013409, 11.35206030248218], [75.95944923417503, 11.354310471687], [75.96201190628322, 11.36038761479593], [75.97509456768255, 11.36331561586923], [75.97250326166007, 11.37593822373088], [75.97863238262234, 11.37410034210706], [75.99121552137777, 11.3797966007792], [75.98354056536897, 11.38650477518075], [75.98521685456255, 11.39563199857361], [75.99280471357366, 11.40053414171289], [75.9900377146001, 11.4074204711653], [75.99668699147078, 11.41386845700855], [75.98781340854579, 11.42955004332321], [75.99266645956138, 11.43207016911567], [75.9964313631908, 11.42750027044998], [76.00183491270329, 11.43393883809732], [76.00014406355422, 11.44203666888855], [75.98283335254796, 11.45124628310401], [75.97751572793277, 11.44688716550172], [75.97227266331346, 11.42699787951278], [75.95796044009032, 11.43274142158858], [75.95739770065771, 11.43703814425364], [75.93830461899636, 11.44541061498361], [75.93796031705648, 11.45076034237367], [75.92835593803275, 11.4529474621764], [75.93218724688819, 11.4628725608198], [75.92324717695799, 11.47367138099948], [75.94776910346523, 11.48527539126447], [75.94772483750455, 11.49216476859159], [75.98040275782401, 11.54103138255242]]]}}, {"type": "Feature", "properties": {"ac_name": "NILAMBUR", "ac_no": 35, "ac_category": "GEN", "st_name": "KERALA"}, "geometry": {"type": "Polygon", "coordinates": [[[76.23776131972156, 11.52745538820318], [76.24817501672398, 11.51666912233208], [76.25074557888745, 11.50283482543867], [76.24740336105384, 11.46834090604682], [76.26443832539432, 11.48092389083308], [76.27560976687757, 11.47687123717313], [76.28452029759175, 11.48287676379328], [76.29430751776306, 11.47301294500735], [76.29043108691623, 11.46970135828313], [76.2936996913055, 11.46567147100032], [76.30528854900747, 11.46796447407766], [76.32563313380739, 11.45335670842097], [76.34221552569628, 11.46777318161758], [76.37120331304159, 11.45438267407026], [76.3979371360139, 11.43485243599379], [76.41888476241623, 11.44175889462061], [76.4152712012508, 11.42248545425207], [76.46195176607317, 11.3874867730042], [76.51717516109882, 11.36949804902636], [76.50951782206388, 11.35535641733315], [76.54752336150258, 11.35943623013155], [76.54968195916301, 11.33161575266808], [76.536988134613, 11.31455622196888], [76.53897160247496, 11.30494007844736], [76.54553977239127, 11.30109775215679], [76.52604147748433, 11.28835627754971], [76.52190774842975, 11.27197520097506], [76.4531804039348, 11.2394742394624], [76.44995985204793, 11.2129266956785], [76.38233707783837, 11.236429755552], [76.35983466473587, 11.24045635332141], [76.3568092344534, 11.23785728348164], [76.35189912093908, 11.24352584532792], [76.32427988288009, 11.23562049314457], [76.32021980979907, 11.24295335879676], [76.31268984215454, 11.24177047317952], [76.30867666462454, 11.23328490025265], [76.29886448006094, 11.23267226154711], [76.29432149252033, 11.2265072764032], [76.27061040246089, 11.21504893969203], [76.26098521995549, 11.23408372014525], [76.23457918637975, 11.23431342961047], [76.23307462353229, 11.25353467839332], [76.2154306869838, 11.25572649027549], [76.21524500841176, 11.26599915388844], [76.21164379069415, 11.26029003543733], [76.20287959372371, 11.26640133212048], [76.20897781617346, 11.27671686650509], [76.19545838490649, 11.27817299700966], [76.20164191069118, 11.2892608474359], [76.20282666346391, 11.30098820746855], [76.19647370368081, 11.30438125959615], [76.20132815245188, 11.30949836664042], [76.18922351302173, 11.32352090421004], [76.19544514246302, 11.32567440603365], [76.20023015889326, 11.34294656092205], [76.20649107876955, 11.345961900688], [76.20357011979374, 11.35498797684523], [76.19281923491873, 11.35885174766126], [76.18091090476354, 11.37180054207865], [76.1637350163345, 11.36901816721992], [76.14648946318071, 11.38616944573866], [76.14063008833635, 11.38515154987955], [76.13228439118218, 11.37782122485082], [76.13305286912728, 11.36892457456603], [76.1229730459275, 11.36540374122569], [76.1196622924173, 11.34433203483801], [76.11502879039166, 11.34403619724457], [76.1165006639037, 11.33758256021797], [76.1001268535738, 11.34170615336314], [76.09258843884203, 11.35174442824812], [76.09590609112009, 11.36305142566314], [76.10231158178267, 11.36865858689323], [76.09764130976245, 11.38345394174363], [76.09962218629802, 11.39598898102758], [76.10642810813376, 11.4026147730179], [76.1057118016979, 11.41029207172455], [76.11804478106599, 11.40868047004935], [76.13120450939287, 11.42720346747755], [76.14229340056373, 11.42001716663019], [76.1461944057019, 11.42924573536601], [76.14007918907986, 11.43966479271728], [76.1428824975006, 11.45177220382854], [76.1642753239715, 11.45837449294148], [76.16978679749191, 11.46609732384886], [76.18613077679281, 11.47370396048876], [76.18714157186561, 11.47890001211513], [76.18194270208366, 11.48424550402223], [76.19164806809019, 11.49868054942722], [76.20005948060515, 11.50687509849405], [76.22415659259708, 11.50977732931273], [76.22943527886079, 11.52397308898035], [76.23388022037307, 11.52881924955786], [76.23776131972156, 11.52745538820318]]]}}, {"type": "Feature", "properties": {"ac_name": "ELATHUR", "ac_no": 26, "ac_category": "GEN", "st_name": "KERALA"}, "geometry": {"type": "Polygon", "coordinates": [[[75.85782046360637, 11.40698562763825], [75.85426645395037, 11.40194445925591], [75.85703312996338, 11.39862687274216], [75.85209456858138, 11.39468449553882], [75.85717480811904, 11.37690591783197], [75.85129619461564, 11.37412323542111], [75.84941723468383, 11.36642477316956], [75.8360591488077, 11.36125372097116], [75.82836618088314, 11.36466610618987], [75.82291334464902, 11.35813437791908], [75.82543299972976, 11.35485005249529], [75.8350271802011, 11.35628347695108], [75.83771732879173, 11.34389671462178], [75.84586945557344, 11.34256105399928], [75.84736040018797, 11.33830728101743], [75.85040302836897, 11.33876405913012], [75.84699494889685, 11.34181650623045], [75.85676197266021, 11.33860096303916], [75.86116445944056, 11.33060402287873], [75.87336367664254, 11.32410708696914], [75.8788138949507, 11.32040632358464], [75.8780394032836, 11.31578278720424], [75.87578522036412, 11.31865646604549], [75.86624583946835, 11.31528398784608], [75.85586650874804, 11.30138780105639], [75.84120658950907, 11.30659592749872], [75.83040239542629, 11.29868907148377], [75.82381762617504, 11.30453734123429], [75.81572599779429, 11.30314703244378], [75.8091551231208, 11.31414661763643], [75.80443713636048, 11.31482602873325], [75.80014952025974, 11.31614242832868], [75.79639362615578, 11.3109415760208], [75.78013694671344, 11.31346875893651], [75.77601728121354, 11.31036812606609], [75.76714301809811, 11.31271114137912], [75.76058248660364, 11.3072414488191], [75.75172671255946, 11.30912018819773], [75.74679306701412, 11.32115676133862], [75.73668948528054, 11.32498972363083], [75.73198052766782, 11.35617210364272], [75.74236615632188, 11.3555093016683], [75.74715320525134, 11.36822648743571], [75.75634393179743, 11.36670350805352], [75.76161902130067, 11.37062423896816], [75.76196279852344, 11.37921817511647], [75.77415488826345, 11.37851360667498], [75.78249070449692, 11.38533229318745], [75.77862756511894, 11.39358994703745], [75.78347582978358, 11.41882520500221], [75.7789225521126, 11.42469630163188], [75.78547517441436, 11.42267166195209], [75.78589316260427, 11.41795010514756], [75.79835026326975, 11.41979816787955], [75.8028928490335, 11.41501469547067], [75.80930873326564, 11.42611143678414], [75.81749354774576, 11.42595356660991], [75.82443776199483, 11.43902816759956], [75.83133073880852, 11.44019295776189], [75.83447773480634, 11.44673811685895], [75.84085629088317, 11.44372051425491], [75.83535325723598, 11.43015326171265], [75.8530273871663, 11.41998366980632], [75.84672285100177, 11.41341949347093], [75.85782046360637, 11.40698562763825]]]}}, {"type": "Feature", "properties": {"ac_name": "ERNAD", "ac_no": 34, "ac_category": "GEN", "st_name": "KERALA"}, "geometry": {"type": "Polygon", "coordinates": [[[76.1165006639037, 11.33758256021797], [76.11502879039166, 11.34403619724457], [76.1196622924173, 11.34433203483801], [76.1229730459275, 11.36540374122569], [76.13305286912728, 11.36892457456603], [76.13228439118218, 11.37782122485082], [76.14063008833635, 11.38515154987955], [76.14648946318071, 11.38616944573866], [76.1637350163345, 11.36901816721992], [76.18091090476354, 11.37180054207865], [76.19281923491873, 11.35885174766126], [76.20357011979374, 11.35498797684523], [76.20649107876955, 11.345961900688], [76.20023015889326, 11.34294656092205], [76.19544514246302, 11.32567440603365], [76.18922351302173, 11.32352090421004], [76.20132815245188, 11.30949836664042], [76.19647370368081, 11.30438125959615], [76.20282666346391, 11.30098820746855], [76.20164191069118, 11.2892608474359], [76.19545838490649, 11.27817299700966], [76.20897781617346, 11.27671686650509], [76.20287959372371, 11.26640133212048], [76.18689551939998, 11.25741294414056], [76.18431737309693, 11.27205336421447], [76.17826890120855, 11.2756873668927], [76.16024726037448, 11.27417464431234], [76.15435911491355, 11.26462009505395], [76.14400996194466, 11.26852780881313], [76.13980642543432, 11.26464222181011], [76.14717503097886, 11.24181033088819], [76.15179556953784, 11.24179157930119], [76.15695477160922, 11.23077663867899], [76.16675705296156, 11.23577544264908], [76.1776542397359, 11.22614315872443], [76.17279229583713, 11.21294326140175], [76.16099642055848, 11.20944888335074], [76.15431113940413, 11.18371766031546], [76.13850986643993, 11.17980409008836], [76.1188298211333, 11.19469667459496], [76.11073902256365, 11.18576801233921], [76.10212025807718, 11.18414912223521], [76.09989902772273, 11.19145904100123], [76.09540072666509, 11.19223486373089], [76.0906333289014, 11.18952162693088], [76.09394161274567, 11.18052147985642], [76.08813526729023, 11.17774382546275], [76.09787196076178, 11.16456594589007], [76.08165338050237, 11.16108428191486], [76.06429035024779, 11.17086234359794], [76.06074033968898, 11.16658403611603], [76.04926211911243, 11.17464950955926], [76.05197496707646, 11.17895748344792], [76.0435583603885, 11.18006740513166], [76.0456318443746, 11.18495232762564], [76.04003941424565, 11.18837204770721], [76.03719500679054, 11.17280617320807], [76.03198914183398, 11.16765176153566], [76.02070470821045, 11.17355428106261], [76.01694684385988, 11.15884765403539], [76.0092250702084, 11.1615257492799], [76.00014993100737, 11.15888807559777], [76.00013913071956, 11.15565110407782], [75.99141732398475, 11.15883098188471], [75.98791220985798, 11.15125163218252], [75.97439750762835, 11.15727728754326], [75.9784534664528, 11.16107530762566], [75.97746271915551, 11.17144588847044], [75.98074353127593, 11.17209106405339], [75.97659399826475, 11.18699762835092], [75.99771604926511, 11.18091036883915], [75.99823179411281, 11.19535002642899], [76.0109095094969, 11.19205678697478], [76.01130805725931, 11.19611999311179], [76.01883420453603, 11.19660086482315], [76.0217593808486, 11.20619648919277], [76.0174154454602, 11.21141773588872], [76.02489544398753, 11.22081919008113], [76.01033395735716, 11.22817934467907], [76.01947412713888, 11.23683834728838], [76.00103120246418, 11.24741807148952], [75.99385374910318, 11.24223651151381], [75.99579718036748, 11.25436676348362], [76.00895423007854, 11.25969052255826], [76.01370293182936, 11.26807841978541], [76.04930359952397, 11.2673835432776], [76.06108959071489, 11.28222279787834], [76.07237402060754, 11.2866206085388], [76.06904835401761, 11.29393377105632], [76.08546987384246, 11.30890750866566], [76.1138817730554, 11.31457920328476], [76.11914598407833, 11.3229794503458], [76.1165006639037, 11.33758256021797]]]}}, {"type": "Feature", "properties": {"ac_name": "KUNNAMANGALAM", "ac_no": 30, "ac_category": "GEN", "st_name": "KERALA"}, "geometry": {"type": "Polygon", "coordinates": [[[75.95598169917406, 11.35030172879973], [75.96033323212863, 11.34878718878094], [75.95712224191554, 11.32704479489076], [75.95062509922167, 11.32397803430163], [75.95226648946716, 11.31451013347174], [75.96007761353789, 11.31202059551322], [75.96658021266212, 11.29747280036511], [75.97845005902317, 11.2881698551601], [75.97699400058838, 11.26776485401855], [75.96848917962096, 11.26498180771867], [75.95821439148423, 11.25247873190127], [75.92590968734984, 11.24586527715306], [75.91748162821604, 11.23637431172167], [75.90116921894081, 11.24272142403203], [75.8971377891732, 11.22993765242947], [75.87789985250372, 11.22329341457751], [75.86966799472836, 11.20725863054635], [75.8606579326742, 11.20475745101474], [75.85774559862155, 11.20794807980741], [75.8441320723131, 11.20831918960431], [75.83257851702014, 11.19595872434422], [75.83958975147013, 11.2101903651903], [75.83113640960946, 11.20573856489089], [75.82260683965555, 11.20835206519132], [75.82189477688462, 11.22373234598154], [75.80967767780629, 11.21814075570796], [75.80693492228612, 11.22998522268126], [75.81433017903439, 11.22588177144521], [75.82369923796033, 11.23020224130131], [75.82420512673065, 11.24371977959928], [75.82979438496204, 11.24430071745217], [75.834704765643, 11.2537061461663], [75.85549848026696, 11.25520278168268], [75.85129339119895, 11.27054216326709], [75.86381855037524, 11.27495602337394], [75.86553814865448, 11.28495946825562], [75.87279135816766, 11.2891221860294], [75.86700571111422, 11.28896586364231], [75.85586650874804, 11.30138780105639], [75.86624583946835, 11.31528398784608], [75.87578522036412, 11.31865646604549], [75.8780394032836, 11.31578278720424], [75.8788138949507, 11.32040632358464], [75.87336367664254, 11.32410708696914], [75.87500700580874, 11.32942372791652], [75.88975478379187, 11.33244104965269], [75.89100394283848, 11.33648354784516], [75.90710950023025, 11.33940967447374], [75.92292374788408, 11.33340179848912], [75.9277525099016, 11.33483420076675], [75.93219326065065, 11.3463042173148], [75.93972647476092, 11.34662445597028], [75.93827432297486, 11.34246439923252], [75.9419669536542, 11.34503881656936], [75.94482435550897, 11.3418695289358], [75.95598169917406, 11.35030172879973]]]}}, {"type": "Feature", "properties": {"ac_name": "KOZHIKODE NORTH", "ac_no": 27, "ac_category": "GEN", "st_name": "KERALA"}, "geometry": {"type": "Polygon", "coordinates": [[[75.80443713636048, 11.31482602873325], [75.8091551231208, 11.31414661763643], [75.81572599779429, 11.30314703244378], [75.82381762617504, 11.30453734123429], [75.83040239542629, 11.29868907148377], [75.84120658950907, 11.30659592749872], [75.85586650874804, 11.30138780105639], [75.86700571111422, 11.28896586364231], [75.87279135816766, 11.2891221860294], [75.86553814865448, 11.28495946825562], [75.86381855037524, 11.27495602337394], [75.85129339119895, 11.27054216326709], [75.83779848427632, 11.27062079790285], [75.83407093169137, 11.28067290594198], [75.82574588368169, 11.26864209212561], [75.80728645653434, 11.27064160611191], [75.80661896046163, 11.25801881983841], [75.79498791336498, 11.23732847694802], [75.78820116118021, 11.23787196355155], [75.78376745906941, 11.25140578502514], [75.77154755187131, 11.25010448219761], [75.75172671255946, 11.30912018819773], [75.76058248660364, 11.3072414488191], [75.76714301809811, 11.31271114137912], [75.77601728121354, 11.31036812606609], [75.78013694671344, 11.31346875893651], [75.79639362615578, 11.3109415760208], [75.80014952025974, 11.31614242832868], [75.80443713636048, 11.31482602873325]]]}}, {"type": "Feature", "properties": {"ac_name": "KOZHIKODE SOUTH", "ac_no": 28, "ac_category": "GEN", "st_name": "KERALA"}, "geometry": {"type": "Polygon", "coordinates": [[[75.85129339119895, 11.27054216326709], [75.85549848026696, 11.25520278168268], [75.834704765643, 11.2537061461663], [75.82979438496204, 11.24430071745217], [75.82420512673065, 11.24371977959928], [75.82369923796033, 11.23020224130131], [75.81433017903439, 11.22588177144521], [75.80693492228612, 11.22998522268126], [75.80967767780629, 11.21814075570796], [75.80430243947508, 11.21848945842082], [75.79938142881612, 11.2103425018419], [75.78566569092838, 11.20946496555123], [75.77154755187131, 11.25010448219761], [75.78376745906941, 11.25140578502514], [75.78820116118021, 11.23787196355155], [75.79498791336498, 11.23732847694802], [75.80661896046163, 11.25801881983841], [75.80728645653434, 11.27064160611191], [75.82574588368169, 11.26864209212561], [75.83407093169137, 11.28067290594198], [75.83779848427632, 11.27062079790285], [75.85129339119895, 11.27054216326709]]]}}, {"type": "Feature", "properties": {"ac_name": "KONDOTTY", "ac_no": 33, "ac_category": "GEN", "st_name": "KERALA"}, "geometry": {"type": "Polygon", "coordinates": [[[75.99579718036748, 11.25436676348362], [75.99385374910318, 11.24223651151381], [76.00103120246418, 11.24741807148952], [76.01947412713888, 11.23683834728838], [76.01033395735716, 11.22817934467907], [76.02489544398753, 11.22081919008113], [76.0174154454602, 11.21141773588872], [76.0217593808486, 11.20619648919277], [76.01883420453603, 11.19660086482315], [76.01130805725931, 11.19611999311179], [76.0109095094969, 11.19205678697478], [75.99823179411281, 11.19535002642899], [75.99771604926511, 11.18091036883915], [75.97659399826475, 11.18699762835092], [75.98074353127593, 11.17209106405339], [75.97746271915551, 11.17144588847044], [75.9784534664528, 11.16107530762566], [75.97439750762835, 11.15727728754326], [75.98791220985798, 11.15125163218252], [76.00772398962545, 11.13657325611425], [76.00603396002565, 11.13111711484131], [76.01000394459093, 11.12736006938953], [76.00418887165267, 11.11773541121559], [76.01244703562037, 11.10328780887453], [76.00784404842445, 11.09800257931835], [75.99245102811715, 11.10960871883125], [75.97023471405666, 11.11391740611053], [75.96308249496371, 11.11789638035259], [75.96546425241523, 11.13358208500939], [75.95130849669201, 11.1372213697732], [75.93961484662216, 11.15925779999541], [75.93392696302571, 11.1590237602439], [75.93016732463889, 11.15165210591708], [75.93281890463962, 11.14885889012533], [75.92344142478746, 11.14423967531278], [75.92192843235551, 11.15248646922589], [75.9176805887615, 11.15123807588537], [75.90318395197447, 11.17217102714029], [75.89466496254492, 11.17283377766339], [75.88819229333612, 11.17866365774899], [75.88441689516591, 11.18509269572366], [75.87662152977548, 11.18240552775308], [75.87470571729237, 11.18670467414537], [75.86150191862743, 11.18941601142264], [75.85704489939333, 11.19435718920288], [75.86037385395872, 11.19742637740805], [75.85569612507358, 11.20193592434675], [75.85774559862155, 11.20794807980741], [75.8606579326742, 11.20475745101474], [75.86966799472836, 11.20725863054635], [75.87789985250372, 11.22329341457751], [75.8971377891732, 11.22993765242947], [75.90116921894081, 11.24272142403203], [75.91748162821604, 11.23637431172167], [75.92590968734984, 11.24586527715306], [75.95821439148423, 11.25247873190127], [75.96848917962096, 11.26498180771867], [75.97699400058838, 11.26776485401855], [75.99579718036748, 11.25436676348362]]]}}, {"type": "Feature", "properties": {"ac_name": "WANDOOR", "ac_no": 36, "ac_category": "SC", "st_name": "KERALA"}, "geometry": {"type": "Polygon", "coordinates": [[[76.44995985204793, 11.2129266956785], [76.44905658550155, 11.20553265329355], [76.44259923686593, 11.2038761322578], [76.41033612569488, 11.20671521525475], [76.40570714565234, 11.18439765378056], [76.41549129080788, 11.17177604788548], [76.41163768972422, 11.15462460019968], [76.4167624366515, 11.14213738866424], [76.41211323189421, 11.11579037446105], [76.39829367708444, 11.11211476164334], [76.39107928635791, 11.10341244285876], [76.37541004676682, 11.09711181267889], [76.36046213262075, 11.09809162675286], [76.34626862352705, 11.0886918664323], [76.33902980785197, 11.09346188900814], [76.32151500002594, 11.09290134245423], [76.31047413336876, 11.07616391047148], [76.29417608601769, 11.09526219678461], [76.28224617098525, 11.09587349961939], [76.28080238868787, 11.09130446625532], [76.27711132014134, 11.09187148709577], [76.2746764882126, 11.10357751011079], [76.27842970580897, 11.10879213340727], [76.27383723604237, 11.12329693644221], [76.27853486482553, 11.12443437423316], [76.28216900377241, 11.14010205295554], [76.27784027941192, 11.14366925434147], [76.26893909925792, 11.14229189468337], [76.26966377886828, 11.15751076854482], [76.24907265730859, 11.15037686659053], [76.22704622682846, 11.1350056676318], [76.21989594251492, 11.13838926494851], [76.19717977905606, 11.13745398783183], [76.19565832492444, 11.15615470541527], [76.20402840392049, 11.17520458999979], [76.19001425721764, 11.18243069352262], [76.18797213030827, 11.19026016605181], [76.18147074592612, 11.19047121609494], [76.168427560917, 11.1817694687251], [76.16018280603608, 11.17072424014493], [76.15431113940413, 11.18371766031546], [76.16099642055848, 11.20944888335074], [76.17279229583713, 11.21294326140175], [76.1776542397359, 11.22614315872443], [76.16675705296156, 11.23577544264908], [76.15695477160922, 11.23077663867899], [76.15179556953784, 11.24179157930119], [76.14717503097886, 11.24181033088819], [76.13980642543432, 11.26464222181011], [76.14400996194466, 11.26852780881313], [76.15435911491355, 11.26462009505395], [76.16024726037448, 11.27417464431234], [76.17826890120855, 11.2756873668927], [76.18431737309693, 11.27205336421447], [76.18689551939998, 11.25741294414056], [76.20287959372371, 11.26640133212048], [76.21164379069415, 11.26029003543733], [76.21524500841176, 11.26599915388844], [76.2154306869838, 11.25572649027549], [76.23307462353229, 11.25353467839332], [76.23457918637975, 11.23431342961047], [76.26098521995549, 11.23408372014525], [76.27061040246089, 11.21504893969203], [76.29432149252033, 11.2265072764032], [76.29886448006094, 11.23267226154711], [76.30867666462454, 11.23328490025265], [76.31268984215454, 11.24177047317952], [76.32021980979907, 11.24295335879676], [76.32427988288009, 11.23562049314457], [76.35189912093908, 11.24352584532792], [76.3568092344534, 11.23785728348164], [76.35983466473587, 11.24045635332141], [76.38233707783837, 11.236429755552], [76.44995985204793, 11.2129266956785]]]}}, {"type": "Feature", "properties": {"ac_name": "BEYPORE", "ac_no": 29, "ac_category": "GEN", "st_name": "KERALA"}, "geometry": {"type": "Polygon", "coordinates": [[[75.80967767780629, 11.21814075570796], [75.82189477688462, 11.22373234598154], [75.82260683965555, 11.20835206519132], [75.83113640960946, 11.20573856489089], [75.83958975147013, 11.2101903651903], [75.83257851702014, 11.19595872434422], [75.8441320723131, 11.20831918960431], [75.85774559862155, 11.20794807980741], [75.85569612507358, 11.20193592434675], [75.86037385395872, 11.19742637740805], [75.85704489939333, 11.19435718920288], [75.86150191862743, 11.18941601142264], [75.87470571729237, 11.18670467414537], [75.87662152977548, 11.18240552775308], [75.88441689516591, 11.18509269572366], [75.88819229333612, 11.17866365774899], [75.88703646105999, 11.17092731424861], [75.8819379788262, 11.17218683392481], [75.87587179355081, 11.1642994148239], [75.8702461044286, 11.1725802040614], [75.86498162771838, 11.17173058656802], [75.8591505572186, 11.15823194272805], [75.85236174966239, 11.15443136783476], [75.86119793397593, 11.13685821527098], [75.84847089031385, 11.14275486454321], [75.82611283154013, 11.12447040603773], [75.81471634812296, 11.14926005095924], [75.8044903378736, 11.15647192324374], [75.8093197514597, 11.16300210026532], [75.80160836670017, 11.16636428051618], [75.78566569092838, 11.20946496555123], [75.79938142881612, 11.2103425018419], [75.80430243947508, 11.21848945842082], [75.80967767780629, 11.21814075570796]]]}}, {"type": "Feature", "properties": {"ac_name": "MANNARKKAD", "ac_no": 54, "ac_category": "GEN", "st_name": "KERALA"}, "geometry": {"type": "Polygon", "coordinates": [[[76.44259923686593, 11.2038761322578], [76.4387725702892, 11.19911347083409], [76.45198604422569, 11.19930174073857], [76.45834023567028, 11.18763844425871], [76.47342541427135, 11.19483538339495], [76.47232250364603, 11.20878208306554], [76.49896440655792, 11.21146280824223], [76.51016365971135, 11.21145703991045], [76.51596609247436, 11.20415892632499], [76.53398028760394, 11.196691157844], [76.60044387338095, 11.20612933919109], [76.62919040895144, 11.19402657293406], [76.67771522923101, 11.22113244529735], [76.68493688827795, 11.23387191039361], [76.69772426016941, 11.23944352911186], [76.70665969840384, 11.23807204203951], [76.7208971457694, 11.22495198242903], [76.72528462633757, 11.22562938617135], [76.7254211982393, 11.21914429482234], [76.73170018523996, 11.21564168894304], [76.72200059874622, 11.20342681957476], [76.72843324307776, 11.19140499517192], [76.7226154351513, 11.19188488281079], [76.71777033374832, 11.18659616170778], [76.71029599197448, 11.18845948247654], [76.70670116723116, 11.17957092881164], [76.69985299367544, 11.18161110046149], [76.70113489237141, 11.17654171736996], [76.69276241998966, 11.17228511245937], [76.68961317486655, 11.15923124210769], [76.70556010506792, 11.14190817581134], [76.71218194873279, 11.14231994362487], [76.7087306171979, 11.14760144354515], [76.71770368201537, 11.14754139878014], [76.7283713736787, 11.13031754372627], [76.73443934922123, 11.13613396455991], [76.73938644468275, 11.13170578896567], [76.74641968494619, 11.13765636361281], [76.74750667325105, 11.11774843772449], [76.74564113692055, 11.10846498514746], [76.73883777783097, 11.1039474923321], [76.74679409897108, 11.09238968404673], [76.75154604513234, 11.09311216113576], [76.75484099943776, 11.07899901579309], [76.74128309280532, 11.07311551976412], [76.74418802146776, 11.05701191035865], [76.76056980888491, 11.05271931305929], [76.76536268097442, 11.04569117727441], [76.77741072766375, 11.04229629339308], [76.78885807613267, 11.04598295278612], [76.79602802429838, 11.05640525456532], [76.80012971448596, 11.05514750253035], [76.79177126824838, 11.03795336420819], [76.76596842787082, 11.02965235810958], [76.73803178934791, 11.03958044725374], [76.71088510456595, 11.0390165447016], [76.71002915492362, 11.03427266000863], [76.69454676318686, 11.02275666647806], [76.68590560169271, 10.99022115499017], [76.66705618043324, 10.96934447402081], [76.6647217227976, 10.94363274739837], [76.65598758253435, 10.93911334549137], [76.65929330139741, 10.93055091150185], [76.63491790568273, 10.92981493814055], [76.62423413940832, 10.92502633029204], [76.60620815226441, 10.93019278027287], [76.59814472513769, 10.92095023913691], [76.57119103932408, 10.92042490233819], [76.56742840853806, 10.93020817684178], [76.55314288729032, 10.92594138014035], [76.54232566321464, 10.92950396064703], [76.53706948594531, 10.95701044584923], [76.52274134781048, 10.95247542397909], [76.52344632194738, 10.96611473288431], [76.53873136388427, 10.98021028427174], [76.55014595880981, 10.97858836102625], [76.56397291287159, 10.99006742602211], [76.56459362095337, 10.9957734001249], [76.54836658543297, 11.00043993548423], [76.538097936056, 11.00910800306086], [76.52528659696135, 11.01085446097272], [76.52440524946113, 11.00671789686462], [76.51766073913348, 11.00667005554474], [76.51071538286685, 11.00954803622502], [76.54304370920846, 11.01872978748708], [76.52335402075117, 11.02483245238188], [76.52063416269142, 11.01917710417732], [76.50796347916744, 11.01623403057996], [76.49424656269227, 11.00466596127636], [76.4730194689639, 10.99757830009955], [76.47682084921321, 10.97490092205213], [76.48744596012075, 10.97979992854516], [76.49827559142399, 10.97522652465441], [76.49316688101814, 10.96549592634509], [76.49374411014314, 10.95490784564395], [76.47739163100547, 10.94773013455233], [76.47173336301508, 10.94032163241553], [76.44845096554403, 10.95048053227261], [76.4341406092731, 10.94748769633421], [76.42869612690926, 10.95207917644757], [76.41704937632387, 10.9504467555984], [76.41203817308282, 10.96923095139519], [76.40568789823533, 10.96360908913138], [76.39987349327954, 10.9674243430202], [76.38680805603238, 10.96077942744325], [76.37944510138895, 10.97744482017792], [76.363159170921, 10.97571592689643], [76.3710315512194, 10.99715516792808], [76.35226969557549, 10.99978986693094], [76.35114147466393, 10.99600014905482], [76.32553017337621, 11.00363859231543], [76.32387272571377, 11.01244667208765], [76.32810566508134, 11.02433942446016], [76.31735148444703, 11.02949986498173], [76.29835820029963, 11.02833445299938], [76.28841783944647, 11.02146033363591], [76.28429098495569, 11.02441978956715], [76.28916714481406, 11.03291861200917], [76.28419469829699, 11.03541113568793], [76.29270215278135, 11.04066845790478], [76.29487784776401, 11.05046587908354], [76.30823120083937, 11.04728895155542], [76.31153355621531, 11.05087457716936], [76.32647977789338, 11.05133367618558], [76.33460956500296, 11.06122590653063], [76.32932631381905, 11.07402154830649], [76.33955747665819, 11.07794986451141], [76.34626862352705, 11.0886918664323], [76.36046213262075, 11.09809162675286], [76.37541004676682, 11.09711181267889], [76.39107928635791, 11.10341244285876], [76.39829367708444, 11.11211476164334], [76.41211323189421, 11.11579037446105], [76.4167624366515, 11.14213738866424], [76.41163768972422, 11.15462460019968], [76.41549129080788, 11.17177604788548], [76.40570714565234, 11.18439765378056], [76.41033612569488, 11.20671521525475], [76.44259923686593, 11.2038761322578]]]}}, {"type": "Feature", "properties": {"ac_name": "MANJERI", "ac_no": 37, "ac_category": "GEN", "st_name": "KERALA"}, "geometry": {"type": "Polygon", "coordinates": [[[76.15431113940413, 11.18371766031546], [76.16018280603608, 11.17072424014493], [76.168427560917, 11.1817694687251], [76.18147074592612, 11.19047121609494], [76.18797213030827, 11.19026016605181], [76.19001425721764, 11.18243069352262], [76.20402840392049, 11.17520458999979], [76.19565832492444, 11.15615470541527], [76.19717977905606, 11.13745398783183], [76.21989594251492, 11.13838926494851], [76.22704622682846, 11.1350056676318], [76.24907265730859, 11.15037686659053], [76.26966377886828, 11.15751076854482], [76.26893909925792, 11.14229189468337], [76.27784027941192, 11.14366925434147], [76.28216900377241, 11.14010205295554], [76.27853486482553, 11.12443437423316], [76.27383723604237, 11.12329693644221], [76.27842970580897, 11.10879213340727], [76.2746764882126, 11.10357751011079], [76.27711132014134, 11.09187148709577], [76.28080238868787, 11.09130446625532], [76.28224617098525, 11.09587349961939], [76.29417608601769, 11.09526219678461], [76.31047413336876, 11.07616391047148], [76.32151500002594, 11.09290134245423], [76.33902980785197, 11.09346188900814], [76.34626862352705, 11.0886918664323], [76.33955747665819, 11.07794986451141], [76.32932631381905, 11.07402154830649], [76.33460956500296, 11.06122590653063], [76.32647977789338, 11.05133367618558], [76.31153355621531, 11.05087457716936], [76.30823120083937, 11.04728895155542], [76.29487784776401, 11.05046587908354], [76.28840936007741, 11.05376074965474], [76.27894803502254, 11.05115782203163], [76.27599955660344, 11.05679042855537], [76.26266203776538, 11.05873975921507], [76.25095787270774, 11.03701019829655], [76.24552505551789, 11.03799990149167], [76.2454480967007, 11.03055450092359], [76.25005907977763, 11.02684657908451], [76.2435492504785, 11.01426850945666], [76.23182189473286, 11.02003957284286], [76.22344891280859, 11.01187322102755], [76.20781441603462, 11.02241008767587], [76.21169276220589, 11.03520690600029], [76.18339628903703, 11.05034931275384], [76.1947727730914, 11.05869333463611], [76.19351603227834, 11.07067883123003], [76.19798849369971, 11.06844605866327], [76.2060967443951, 11.07697221556965], [76.20057417077496, 11.09326530411337], [76.18986452774689, 11.09113764185912], [76.18861765654985, 11.10090783671985], [76.18082333619738, 11.08982570131081], [76.1664706896141, 11.09619294452336], [76.14795961754024, 11.08937313577535], [76.14477539556167, 11.09672307585796], [76.1331343488251, 11.0989916012855], [76.13360532307928, 11.09533639575721], [76.11129212052984, 11.09608415987287], [76.1082082609505, 11.09162825817209], [76.09773414546254, 11.11104437383663], [76.09369813647481, 11.10896550026822], [76.08620440110943, 11.11528188053528], [76.07804613717458, 11.10022823043896], [76.0752298192294, 11.1022996937893], [76.06622027722753, 11.11605806337253], [76.0680397133759, 11.12157644806483], [76.07395597879126, 11.12339552921129], [76.07793202625086, 11.13156938218922], [76.08378245722751, 11.13135869912449], [76.08914896354361, 11.14003815452838], [76.08575983990033, 11.1448155649634], [76.09353808635639, 11.14592658746452], [76.10017021217686, 11.15642808710525], [76.10314940349419, 11.15464497287512], [76.10555742631146, 11.16181573041005], [76.09787196076178, 11.16456594589007], [76.08813526729023, 11.17774382546275], [76.09394161274567, 11.18052147985642], [76.0906333289014, 11.18952162693088], [76.09540072666509, 11.19223486373089], [76.09989902772273, 11.19145904100123], [76.10212025807718, 11.18414912223521], [76.11073902256365, 11.18576801233921], [76.1188298211333, 11.19469667459496], [76.13850986643993, 11.17980409008836], [76.15431113940413, 11.18371766031546]]]}}, {"type": "Feature", "properties": {"ac_name": "MALAPPURAM", "ac_no": 40, "ac_category": "GEN", "st_name": "KERALA"}, "geometry": {"type": "Polygon", "coordinates": [[[76.09787196076178, 11.16456594589007], [76.10555742631146, 11.16181573041005], [76.10314940349419, 11.15464497287512], [76.10017021217686, 11.15642808710525], [76.09353808635639, 11.14592658746452], [76.08575983990033, 11.1448155649634], [76.08914896354361, 11.14003815452838], [76.08378245722751, 11.13135869912449], [76.07793202625086, 11.13156938218922], [76.07395597879126, 11.12339552921129], [76.0680397133759, 11.12157644806483], [76.06622027722753, 11.11605806337253], [76.0752298192294, 11.1022996937893], [76.07804613717458, 11.10022823043896], [76.08620440110943, 11.11528188053528], [76.09369813647481, 11.10896550026822], [76.09773414546254, 11.11104437383663], [76.1082082609505, 11.09162825817209], [76.11129212052984, 11.09608415987287], [76.13360532307928, 11.09533639575721], [76.1331343488251, 11.0989916012855], [76.14477539556167, 11.09672307585796], [76.14795961754024, 11.08937313577535], [76.1664706896141, 11.09619294452336], [76.18082333619738, 11.08982570131081], [76.18861765654985, 11.10090783671985], [76.18986452774689, 11.09113764185912], [76.20057417077496, 11.09326530411337], [76.2060967443951, 11.07697221556965], [76.19798849369971, 11.06844605866327], [76.19351603227834, 11.07067883123003], [76.1947727730914, 11.05869333463611], [76.18339628903703, 11.05034931275384], [76.17423287545172, 11.04978990047383], [76.16311785003442, 11.06332834698907], [76.14817643610691, 11.06745879038018], [76.1394855838716, 11.07590970095091], [76.12896553013326, 11.07570966653146], [76.1227540331312, 11.08258234694328], [76.12683749351787, 11.07330319004032], [76.1177049878269, 11.06209299257581], [76.11589876370319, 11.06983492780891], [76.10887270340196, 11.06607188431901], [76.10413222969825, 11.07394738075645], [76.10419699437468, 11.0691138623882], [76.09399518308075, 11.06564235029764], [76.10085129525297, 11.05567532731709], [76.09429363999271, 11.04627217198425], [76.09621598887684, 11.03742650516313], [76.10243088264087, 11.03139963190926], [76.09835414102542, 11.02971691607547], [76.09167301338208, 10.99855961681447], [76.06227930002714, 10.99904383364958], [76.0544608208266, 11.01004852721681], [76.05671594604816, 11.01497331058413], [76.05294654655992, 11.02312018725614], [76.04641859690066, 11.02920597416042], [76.04706458454969, 11.03572202903146], [76.04135963200055, 11.04020561700036], [76.04558488974449, 11.04431891696241], [76.03636707415808, 11.04589197039593], [76.03457416390738, 11.04998100887472], [76.04020793023152, 11.05522879513653], [76.03411113132361, 11.05944850317726], [76.04403457155014, 11.08414521045771], [76.02692955431664, 11.08804421400591], [76.01244703562037, 11.10328780887453], [76.00418887165267, 11.11773541121559], [76.01000394459093, 11.12736006938953], [76.00603396002565, 11.13111711484131], [76.00772398962545, 11.13657325611425], [75.98791220985798, 11.15125163218252], [75.99141732398475, 11.15883098188471], [76.00013913071956, 11.15565110407782], [76.00014993100737, 11.15888807559777], [76.0092250702084, 11.1615257492799], [76.01694684385988, 11.15884765403539], [76.02070470821045, 11.17355428106261], [76.03198914183398, 11.16765176153566], [76.03719500679054, 11.17280617320807], [76.04003941424565, 11.18837204770721], [76.0456318443746, 11.18495232762564], [76.0435583603885, 11.18006740513166], [76.05197496707646, 11.17895748344792], [76.04926211911243, 11.17464950955926], [76.06074033968898, 11.16658403611603], [76.06429035024779, 11.17086234359794], [76.08165338050237, 11.16108428191486], [76.09787196076178, 11.16456594589007]]]}}, {"type": "Feature", "properties": {"ac_name": "VALLIKUNNU", "ac_no": 42, "ac_category": "GEN", "st_name": "KERALA"}, "geometry": {"type": "Polygon", "coordinates": [[[75.88819229333612, 11.17866365774899], [75.89466496254492, 11.17283377766339], [75.90318395197447, 11.17217102714029], [75.9176805887615, 11.15123807588537], [75.92192843235551, 11.15248646922589], [75.92344142478746, 11.14423967531278], [75.93281890463962, 11.14885889012533], [75.93016732463889, 11.15165210591708], [75.93392696302571, 11.1590237602439], [75.93961484662216, 11.15925779999541], [75.95130849669201, 11.1372213697732], [75.96546425241523, 11.13358208500939], [75.96308249496371, 11.11789638035259], [75.95075313955417, 11.10073111154199], [75.95179614009221, 11.08924855256422], [75.93509850157233, 11.08116154846283], [75.92672169280982, 11.08269333252442], [75.92057650152033, 11.07743095595637], [75.9154964061509, 11.08228881073981], [75.91034136975863, 11.08041871008331], [75.90385827421417, 11.06845450079732], [75.91345607876474, 11.06501813668136], [75.91619306082416, 11.05295126619624], [75.90790660753497, 11.05227090505556], [75.88597399896481, 11.04997553847088], [75.87487443613679, 11.03891191072225], [75.87355018212826, 11.04301184530037], [75.8804206559417, 11.0523518924072], [75.87680202968983, 11.05919395129539], [75.88451160266733, 11.06605789829553], [75.87708217342103, 11.06582159941737], [75.87477766373372, 11.07416942834895], [75.86339357288048, 11.0837570804094], [75.85682387294638, 11.08348642355387], [75.84671021500894, 11.0783782527299], [75.84128277866417, 11.08247521075809], [75.82611283154013, 11.12447040603773], [75.84847089031385, 11.14275486454321], [75.86119793397593, 11.13685821527098], [75.85236174966239, 11.15443136783476], [75.8591505572186, 11.15823194272805], [75.86498162771838, 11.17173058656802], [75.8702461044286, 11.1725802040614], [75.87587179355081, 11.1642994148239], [75.8819379788262, 11.17218683392481], [75.88703646105999, 11.17092731424861], [75.88819229333612, 11.17866365774899]]]}}, {"type": "Feature", "properties": {"ac_name": "VENGARA", "ac_no": 41, "ac_category": "GEN", "st_name": "KERALA"}, "geometry": {"type": "Polygon", "coordinates": [[[75.97023471405666, 11.11391740611053], [75.99245102811715, 11.10960871883125], [76.00784404842445, 11.09800257931835], [76.01244703562037, 11.10328780887453], [76.02692955431664, 11.08804421400591], [76.04403457155014, 11.08414521045771], [76.03411113132361, 11.05944850317726], [76.04020793023152, 11.05522879513653], [76.03457416390738, 11.04998100887472], [76.03636707415808, 11.04589197039593], [76.04558488974449, 11.04431891696241], [76.04135963200055, 11.04020561700036], [76.03710753785752, 11.03906229502012], [76.02933821997694, 11.02228761167386], [76.0359505184459, 11.01703438278773], [76.03133329808006, 11.00918284964346], [76.03765531653458, 11.00837474729718], [76.03810844817461, 11.00316931979569], [76.03020435801768, 11.00677676261259], [76.0223985818736, 10.99926129705448], [76.02262376143582, 10.9930665907004], [76.00840888948758, 11.00521720827449], [75.99896621156506, 11.00782667596349], [75.99702633808687, 11.00303468883262], [75.98702197370207, 11.00156423904532], [75.98218134984502, 11.00463786100761], [75.97610033371022, 11.02556872217385], [75.96365048854443, 11.03364754418464], [75.95458278696482, 11.02499498180796], [75.94101542980604, 11.03600185971694], [75.94367339401204, 11.04553848506883], [75.94023601529906, 11.04262357255102], [75.92898244630261, 11.04599476363647], [75.9222021966273, 11.05418110362592], [75.92222483721216, 11.04524251438848], [75.91879406412018, 11.04468766042979], [75.90790660753497, 11.05227090505556], [75.91619306082416, 11.05295126619624], [75.91345607876474, 11.06501813668136], [75.90385827421417, 11.06845450079732], [75.91034136975863, 11.08041871008331], [75.9154964061509, 11.08228881073981], [75.92057650152033, 11.07743095595637], [75.92672169280982, 11.08269333252442], [75.93509850157233, 11.08116154846283], [75.95179614009221, 11.08924855256422], [75.95075313955417, 11.10073111154199], [75.96308249496371, 11.11789638035259], [75.97023471405666, 11.11391740611053]]]}}, {"type": "Feature", "properties": {"ac_name": "TIRURANGADI", "ac_no": 43, "ac_category": "GEN", "st_name": "KERALA"}, "geometry": {"type": "Polygon", "coordinates": [[[75.85682387294638, 11.08348642355387], [75.86339357288048, 11.0837570804094], [75.87477766373372, 11.07416942834895], [75.87708217342103, 11.06582159941737], [75.88451160266733, 11.06605789829553], [75.87680202968983, 11.05919395129539], [75.8804206559417, 11.0523518924072], [75.87355018212826, 11.04301184530037], [75.87487443613679, 11.03891191072225], [75.88597399896481, 11.04997553847088], [75.90790660753497, 11.05227090505556], [75.91879406412018, 11.04468766042979], [75.92222483721216, 11.04524251438848], [75.9222021966273, 11.05418110362592], [75.92898244630261, 11.04599476363647], [75.94023601529906, 11.04262357255102], [75.94367339401204, 11.04553848506883], [75.94101542980604, 11.03600185971694], [75.95458278696482, 11.02499498180796], [75.96365048854443, 11.03364754418464], [75.97610033371022, 11.02556872217385], [75.98218134984502, 11.00463786100761], [75.98702197370207, 11.00156423904532], [75.99720363901305, 10.97960905434382], [76.00378397903991, 10.97798660539568], [76.01088876939262, 10.96975816656745], [76.0077995857693, 10.96979475836955], [75.98155843511647, 10.97097396595937], [75.97754599234935, 10.96017139710672], [75.96316443259948, 10.96129339205103], [75.95799797016062, 10.97694880330011], [75.94742407331425, 10.9787269247749], [75.94945279781943, 10.98917861289288], [75.93716552393141, 10.98768421101541], [75.92603348462488, 10.99854242917426], [75.90658970370949, 10.98095365902379], [75.90112398988516, 10.98319431389977], [75.90046249947181, 10.99300979093152], [75.89011650980943, 11.00873679409765], [75.88941586631047, 11.02227596339541], [75.86262148494065, 11.01837826035598], [75.86070761161469, 11.02138171713684], [75.85821915559127, 11.01856551114136], [75.84128277866417, 11.08247521075809], [75.84671021500894, 11.0783782527299], [75.85682387294638, 11.08348642355387]]]}}, {"type": "Feature", "properties": {"ac_name": "MANKADA", "ac_no": 39, "ac_category": "GEN", "st_name": "KERALA"}, "geometry": {"type": "Polygon", "coordinates": [[[76.22344891280859, 11.01187322102755], [76.22933795897768, 11.00046941122923], [76.21486887410077, 10.99381329272342], [76.20956005434796, 10.98457988350206], [76.21527301025445, 10.98190341112927], [76.21286178094341, 10.97278476748873], [76.20751577375692, 10.97146792394901], [76.21111481690137, 10.96415231963902], [76.20334382716312, 10.94809488849207], [76.19341297115112, 10.94582047833463], [76.1680081113097, 10.95663830874984], [76.16474189351335, 10.96375767059956], [76.15241675313584, 10.96412971329549], [76.15240416177319, 10.94438598361185], [76.16074769022178, 10.93675915580846], [76.1489824941593, 10.92917640724143], [76.16157608968291, 10.91216135549576], [76.15081256616051, 10.89029920352477], [76.1316841786278, 10.89663156821171], [76.12472138902591, 10.89739153213163], [76.11736269509271, 10.90646552600015], [76.11503703670077, 10.9269637342756], [76.11959344667832, 10.92800108209458], [76.12110232937539, 10.93883691043165], [76.11757384564426, 10.94322642717317], [76.10315150936594, 10.94066567322276], [76.08464124953079, 10.95582816625675], [76.06816108032521, 10.95887469217004], [76.07129624378571, 10.9677434783393], [76.0844046918886, 10.97534231241889], [76.09167301338208, 10.99855961681447], [76.09835414102542, 11.02971691607547], [76.10243088264087, 11.03139963190926], [76.09621598887684, 11.03742650516313], [76.09429363999271, 11.04627217198425], [76.10085129525297, 11.05567532731709], [76.09399518308075, 11.06564235029764], [76.10419699437468, 11.0691138623882], [76.10413222969825, 11.07394738075645], [76.10887270340196, 11.06607188431901], [76.11589876370319, 11.06983492780891], [76.1177049878269, 11.06209299257581], [76.12683749351787, 11.07330319004032], [76.1227540331312, 11.08258234694328], [76.12896553013326, 11.07570966653146], [76.1394855838716, 11.07590970095091], [76.14817643610691, 11.06745879038018], [76.16311785003442, 11.06332834698907], [76.17423287545172, 11.04978990047383], [76.18339628903703, 11.05034931275384], [76.21169276220589, 11.03520690600029], [76.20781441603462, 11.02241008767587], [76.22344891280859, 11.01187322102755]]]}}, {"type": "Feature", "properties": {"ac_name": "PERINTHALMANNA", "ac_no": 38, "ac_category": "GEN", "st_name": "KERALA"}, "geometry": {"type": "Polygon", "coordinates": [[[76.29487784776401, 11.05046587908354], [76.29270215278135, 11.04066845790478], [76.28419469829699, 11.03541113568793], [76.28916714481406, 11.03291861200917], [76.28429098495569, 11.02441978956715], [76.28841783944647, 11.02146033363591], [76.29835820029963, 11.02833445299938], [76.31735148444703, 11.02949986498173], [76.32810566508134, 11.02433942446016], [76.32387272571377, 11.01244667208765], [76.32553017337621, 11.00363859231543], [76.35114147466393, 10.99600014905482], [76.35226969557549, 10.99978986693094], [76.3710315512194, 10.99715516792808], [76.363159170921, 10.97571592689643], [76.32841168140763, 10.9798539164878], [76.32849784461456, 10.96497712951928], [76.32058906232804, 10.95116051396771], [76.32096111787705, 10.93593735744417], [76.33331472693337, 10.92278977611861], [76.33522844134892, 10.90608273110696], [76.32231570610331, 10.90552925230212], [76.32034773012583, 10.91156632803955], [76.30490621800503, 10.91223184213675], [76.29589079825605, 10.9203564574448], [76.28507668745694, 10.91331069665627], [76.2688666385466, 10.91549348588164], [76.25346817042767, 10.88759352746236], [76.23045442396113, 10.8868374426895], [76.21544599962348, 10.91487880725487], [76.20437230673578, 10.89777417807749], [76.18809596094502, 10.89901433029428], [76.18874854960707, 10.91022697815175], [76.17425004050249, 10.90584694926649], [76.17062080264337, 10.91512021421429], [76.16157608968291, 10.91216135549576], [76.1489824941593, 10.92917640724143], [76.16074769022178, 10.93675915580846], [76.15240416177319, 10.94438598361185], [76.15241675313584, 10.96412971329549], [76.16474189351335, 10.96375767059956], [76.1680081113097, 10.95663830874984], [76.19341297115112, 10.94582047833463], [76.20334382716312, 10.94809488849207], [76.21111481690137, 10.96415231963902], [76.20751577375692, 10.97146792394901], [76.21286178094341, 10.97278476748873], [76.21527301025445, 10.98190341112927], [76.20956005434796, 10.98457988350206], [76.21486887410077, 10.99381329272342], [76.22933795897768, 11.00046941122923], [76.22344891280859, 11.01187322102755], [76.23182189473286, 11.02003957284286], [76.2435492504785, 11.01426850945666], [76.25005907977763, 11.02684657908451], [76.2454480967007, 11.03055450092359], [76.24552505551789, 11.03799990149167], [76.25095787270774, 11.03701019829655], [76.26266203776538, 11.05873975921507], [76.27599955660344, 11.05679042855537], [76.27894803502254, 11.05115782203163], [76.28840936007741, 11.05376074965474], [76.29487784776401, 11.05046587908354]]]}}, {"type": "Feature", "properties": {"ac_name": "KOTTAKKAL", "ac_no": 46, "ac_category": "GEN", "st_name": "KERALA"}, "geometry": {"type": "Polygon", "coordinates": [[[76.09167301338208, 10.99855961681447], [76.0844046918886, 10.97534231241889], [76.07129624378571, 10.9677434783393], [76.06816108032521, 10.95887469217004], [76.08464124953079, 10.95582816625675], [76.10315150936594, 10.94066567322276], [76.11757384564426, 10.94322642717317], [76.12110232937539, 10.93883691043165], [76.11959344667832, 10.92800108209458], [76.11503703670077, 10.9269637342756], [76.11736269509271, 10.90646552600015], [76.12472138902591, 10.89739153213163], [76.1316841786278, 10.89663156821171], [76.13115611754431, 10.87888046385551], [76.11525570224867, 10.88177902725305], [76.11243834956773, 10.86672566176856], [76.10334243592368, 10.87143936770328], [76.10290523114341, 10.85971429216794], [76.10262774783469, 10.84628894233966], [76.09602107258189, 10.84106731447639], [76.0689588948307, 10.8379059395814], [76.04457625552295, 10.84848877265131], [76.03226714021903, 10.83154268912259], [76.02371074536532, 10.83702664825023], [76.01947202180418, 10.85618379385379], [76.0059561400586, 10.86345772471019], [75.99502202789338, 10.86238423752443], [75.99635553892878, 10.87052857787159], [75.9880858153442, 10.87326378677075], [75.99801714857243, 10.88299356281242], [76.01431242344688, 10.88879065472591], [76.03057683563418, 10.88013750920059], [76.04029909377867, 10.88196781806659], [76.0427291585238, 10.88766091361372], [76.0391270732559, 10.89214470205101], [76.04407095075601, 10.89440677018113], [76.03802831050145, 10.90655773076386], [76.04138968595745, 10.9271862950213], [76.02564625604468, 10.92964022550986], [76.02280273812147, 10.94252652141856], [76.00436412696418, 10.94806712368787], [76.0077995857693, 10.96979475836955], [76.01088876939262, 10.96975816656745], [76.00378397903991, 10.97798660539568], [75.99720363901305, 10.97960905434382], [75.98702197370207, 11.00156423904532], [75.99702633808687, 11.00303468883262], [75.99896621156506, 11.00782667596349], [76.00840888948758, 11.00521720827449], [76.02262376143582, 10.9930665907004], [76.0223985818736, 10.99926129705448], [76.03020435801768, 11.00677676261259], [76.03810844817461, 11.00316931979569], [76.03765531653458, 11.00837474729718], [76.03133329808006, 11.00918284964346], [76.0359505184459, 11.01703438278773], [76.02933821997694, 11.02228761167386], [76.03710753785752, 11.03906229502012], [76.04135963200055, 11.04020561700036], [76.04706458454969, 11.03572202903146], [76.04641859690066, 11.02920597416042], [76.05294654655992, 11.02312018725614], [76.05671594604816, 11.01497331058413], [76.0544608208266, 11.01004852721681], [76.06227930002714, 10.99904383364958], [76.09167301338208, 10.99855961681447]]]}}, {"type": "Feature", "properties": {"ac_name": "TANUR", "ac_no": 44, "ac_category": "GEN", "st_name": "KERALA"}, "geometry": {"type": "Polygon", "coordinates": [[[75.86262148494065, 11.01837826035598], [75.88941586631047, 11.02227596339541], [75.89011650980943, 11.00873679409765], [75.90046249947181, 10.99300979093152], [75.90112398988516, 10.98319431389977], [75.90658970370949, 10.98095365902379], [75.92603348462488, 10.99854242917426], [75.93716552393141, 10.98768421101541], [75.94945279781943, 10.98917861289288], [75.94742407331425, 10.9787269247749], [75.95799797016062, 10.97694880330011], [75.96316443259948, 10.96129339205103], [75.96407918001951, 10.9401302305858], [75.95792481649113, 10.93422602805549], [75.96889099721436, 10.91835324677049], [75.95459239148776, 10.90933238678735], [75.9387605583369, 10.92008806704203], [75.93713892095123, 10.93134234086354], [75.92454978442184, 10.94527488715153], [75.92346711715635, 10.93972584948666], [75.91333408655989, 10.93902382733233], [75.90664369041326, 10.92646024317012], [75.90598607793112, 10.9132007756115], [75.90157623144377, 10.91332640016769], [75.89822890359501, 10.90624677922853], [75.88391563186114, 10.91270299344076], [75.85821915559127, 11.01856551114136], [75.86070761161469, 11.02138171713684], [75.86262148494065, 11.01837826035598]]]}}, {"type": "Feature", "properties": {"ac_name": "KONGAD", "ac_no": 53, "ac_category": "SC", "st_name": "KERALA"}, "geometry": {"type": "Polygon", "coordinates": [[[76.47173336301508, 10.94032163241553], [76.47739163100547, 10.94773013455233], [76.49374411014314, 10.95490784564395], [76.49316688101814, 10.96549592634509], [76.49827559142399, 10.97522652465441], [76.48744596012075, 10.97979992854516], [76.47682084921321, 10.97490092205213], [76.4730194689639, 10.99757830009955], [76.49424656269227, 11.00466596127636], [76.50796347916744, 11.01623403057996], [76.52063416269142, 11.01917710417732], [76.52335402075117, 11.02483245238188], [76.54304370920846, 11.01872978748708], [76.51071538286685, 11.00954803622502], [76.51766073913348, 11.00667005554474], [76.52440524946113, 11.00671789686462], [76.52528659696135, 11.01085446097272], [76.538097936056, 11.00910800306086], [76.54836658543297, 11.00043993548423], [76.56459362095337, 10.9957734001249], [76.56397291287159, 10.99006742602211], [76.55014595880981, 10.97858836102625], [76.53873136388427, 10.98021028427174], [76.52344632194738, 10.96611473288431], [76.52274134781048, 10.95247542397909], [76.53706948594531, 10.95701044584923], [76.54232566321464, 10.92950396064703], [76.55314288729032, 10.92594138014035], [76.56742840853806, 10.93020817684178], [76.57119103932408, 10.92042490233819], [76.56719362365575, 10.87920996671139], [76.56347093353723, 10.87837923484929], [76.55732107075849, 10.88833264715114], [76.54439141429336, 10.88227211236217], [76.53824484724896, 10.88934757002574], [76.53781945951461, 10.8803296890233], [76.53207953568489, 10.87771391758605], [76.54394740672902, 10.8686995631569], [76.54364748312166, 10.86546907169449], [76.5338695595356, 10.86466351844434], [76.53631996489788, 10.84918198382745], [76.55185022987044, 10.84738225431672], [76.53428933527336, 10.83743438153652], [76.5327168373766, 10.8278132447381], [76.54675320155172, 10.8246692116067], [76.56825528002473, 10.82670845012263], [76.58835876542021, 10.8176420778943], [76.5859296183902, 10.805254954373], [76.59024264831369, 10.79930176674731], [76.58989018718466, 10.78786273738593], [76.58197406198398, 10.77975234567513], [76.57534653054589, 10.77733638302144], [76.565782571789, 10.78369975900303], [76.56391844762699, 10.77935581563544], [76.55218547384735, 10.77919286636752], [76.54561646638581, 10.789311313121], [76.52582446735332, 10.78753285852083], [76.51512117287533, 10.78023028922142], [76.50959395140971, 10.77028935966569], [76.49904089210433, 10.77034396250142], [76.48918613887722, 10.7640987405922], [76.4832708262311, 10.76780285683127], [76.47784219690155, 10.78152627390669], [76.46412808517414, 10.77934482151335], [76.45382949587632, 10.78269315437543], [76.44601239895348, 10.79726351048061], [76.45275525172364, 10.81328077050656], [76.46142681002041, 10.81161678497799], [76.46091289119576, 10.85940271647737], [76.46408645909246, 10.8669507815043], [76.48197927233113, 10.8765665778531], [76.48498248760482, 10.88825158963388], [76.52245901461306, 10.88705191145404], [76.5110995843752, 10.91105261340817], [76.47953454352624, 10.91483203670998], [76.47922085258564, 10.92540734319679], [76.47173336301508, 10.94032163241553]]]}}, {"type": "Feature", "properties": {"ac_name": "TIRUR", "ac_no": 45, "ac_category": "GEN", "st_name": "KERALA"}, "geometry": {"type": "Polygon", "coordinates": [[[76.0077995857693, 10.96979475836955], [76.00436412696418, 10.94806712368787], [76.02280273812147, 10.94252652141856], [76.02564625604468, 10.92964022550986], [76.04138968595745, 10.9271862950213], [76.03802831050145, 10.90655773076386], [76.04407095075601, 10.89440677018113], [76.0391270732559, 10.89214470205101], [76.0427291585238, 10.88766091361372], [76.04029909377867, 10.88196781806659], [76.03057683563418, 10.88013750920059], [76.01431242344688, 10.88879065472591], [75.99801714857243, 10.88299356281242], [75.9880858153442, 10.87326378677075], [75.99635553892878, 10.87052857787159], [75.99502202789338, 10.86238423752443], [75.96979361940885, 10.85388474916767], [75.96618486762941, 10.86226455939668], [75.96037752371691, 10.85869265818825], [75.95689463199268, 10.8723850583845], [75.94781744423962, 10.88047948426848], [75.94255622050163, 10.8760374739807], [75.9445582268697, 10.87829643345291], [75.93916318725374, 10.87933491780741], [75.93840517663297, 10.87239210913588], [75.92732469594212, 10.87476804146319], [75.91892548800034, 10.87133843258189], [75.92181533348682, 10.86378336331566], [75.91187862960098, 10.85427280900927], [75.90330986503997, 10.85526967663253], [75.90047510463826, 10.8710492737448], [75.89376363581992, 10.867626369137], [75.88391563186114, 10.91270299344076], [75.89822890359501, 10.90624677922853], [75.90157623144377, 10.91332640016769], [75.90598607793112, 10.9132007756115], [75.90664369041326, 10.92646024317012], [75.91333408655989, 10.93902382733233], [75.92346711715635, 10.93972584948666], [75.92454978442184, 10.94527488715153], [75.93713892095123, 10.93134234086354], [75.9387605583369, 10.92008806704203], [75.95459239148776, 10.90933238678735], [75.96889099721436, 10.91835324677049], [75.95792481649113, 10.93422602805549], [75.96407918001951, 10.9401302305858], [75.96316443259948, 10.96129339205103], [75.97754599234935, 10.96017139710672], [75.98155843511647, 10.97097396595937], [76.0077995857693, 10.96979475836955]]]}}, {"type": "Feature", "properties": {"ac_name": "OTTAPPALAM", "ac_no": 52, "ac_category": "GEN", "st_name": "KERALA"}, "geometry": {"type": "Polygon", "coordinates": [[[76.363159170921, 10.97571592689643], [76.37944510138895, 10.97744482017792], [76.38680805603238, 10.96077942744325], [76.39987349327954, 10.9674243430202], [76.40568789823533, 10.96360908913138], [76.41203817308282, 10.96923095139519], [76.41704937632387, 10.9504467555984], [76.42869612690926, 10.95207917644757], [76.4341406092731, 10.94748769633421], [76.44845096554403, 10.95048053227261], [76.47173336301508, 10.94032163241553], [76.47922085258564, 10.92540734319679], [76.47953454352624, 10.91483203670998], [76.5110995843752, 10.91105261340817], [76.52245901461306, 10.88705191145404], [76.48498248760482, 10.88825158963388], [76.48197927233113, 10.8765665778531], [76.46408645909246, 10.8669507815043], [76.46091289119576, 10.85940271647737], [76.46142681002041, 10.81161678497799], [76.45275525172364, 10.81328077050656], [76.44601239895348, 10.79726351048061], [76.45382949587632, 10.78269315437543], [76.46412808517414, 10.77934482151335], [76.47784219690155, 10.78152627390669], [76.4832708262311, 10.76780285683127], [76.48918613887722, 10.7640987405922], [76.47248903063404, 10.74945617819793], [76.46678512519642, 10.75293496008147], [76.43200604874201, 10.7519038139753], [76.39757981757926, 10.74626000565912], [76.38771375780169, 10.76675385884936], [76.36568501022074, 10.76383986614589], [76.36022620810157, 10.76654323726262], [76.35722901585564, 10.78544000013468], [76.3428732893449, 10.7888343624753], [76.34122842294752, 10.80060465214147], [76.35331415587292, 10.80580580586221], [76.36302615883233, 10.7974808993972], [76.36628158437786, 10.79935660480393], [76.36206834856645, 10.80715093175825], [76.37193599411, 10.82607235771014], [76.37210677539672, 10.83757230735289], [76.37774349094254, 10.83424283937623], [76.38241021007646, 10.84570017330946], [76.38914547816464, 10.84435007298839], [76.38541616611111, 10.85788390465632], [76.39485555297993, 10.86159339079478], [76.39226058747408, 10.87123014362571], [76.382178691725, 10.87880278328232], [76.38397288612677, 10.88714453293491], [76.38943114250576, 10.88532040698977], [76.38866905174963, 10.89180677976018], [76.39715980560607, 10.89008657632153], [76.3979775313471, 10.90951295777471], [76.38595704758461, 10.91450406704171], [76.38307889383594, 10.92237873927293], [76.35783476739793, 10.92920136180993], [76.35381933005603, 10.92090878407472], [76.34151252274083, 10.91969281047655], [76.33522844134892, 10.90608273110696], [76.33331472693337, 10.92278977611861], [76.32096111787705, 10.93593735744417], [76.32058906232804, 10.95116051396771], [76.32849784461456, 10.96497712951928], [76.32841168140763, 10.9798539164878], [76.363159170921, 10.97571592689643]]]}}, {"type": "Feature", "properties": {"ac_name": "SHORNUR", "ac_no": 51, "ac_category": "GEN", "st_name": "KERALA"}, "geometry": {"type": "Polygon", "coordinates": [[[76.33522844134892, 10.90608273110696], [76.34151252274083, 10.91969281047655], [76.35381933005603, 10.92090878407472], [76.35783476739793, 10.92920136180993], [76.38307889383594, 10.92237873927293], [76.38595704758461, 10.91450406704171], [76.3979775313471, 10.90951295777471], [76.39715980560607, 10.89008657632153], [76.38866905174963, 10.89180677976018], [76.38943114250576, 10.88532040698977], [76.38397288612677, 10.88714453293491], [76.382178691725, 10.87880278328232], [76.39226058747408, 10.87123014362571], [76.39485555297993, 10.86159339079478], [76.38541616611111, 10.85788390465632], [76.38914547816464, 10.84435007298839], [76.38241021007646, 10.84570017330946], [76.37774349094254, 10.83424283937623], [76.37210677539672, 10.83757230735289], [76.37193599411, 10.82607235771014], [76.36206834856645, 10.80715093175825], [76.36628158437786, 10.79935660480393], [76.36302615883233, 10.7974808993972], [76.35331415587292, 10.80580580586221], [76.34122842294752, 10.80060465214147], [76.3428732893449, 10.7888343624753], [76.35722901585564, 10.78544000013468], [76.36022620810157, 10.76654323726262], [76.36568501022074, 10.76383986614589], [76.3548021662783, 10.74312428887716], [76.33912401724221, 10.7495738192491], [76.32358253404735, 10.74619356011525], [76.2880683327244, 10.756271979177], [76.24902393122126, 10.74740796762409], [76.24470466783215, 10.75153697292103], [76.24600333570345, 10.76871278729178], [76.24023140359765, 10.77350662689894], [76.24634862321535, 10.7716632597334], [76.25333554320295, 10.77512984595771], [76.25344350068882, 10.77920721171844], [76.26553474043772, 10.77951992633826], [76.26090254544364, 10.7926908333502], [76.25139538864207, 10.80254429924241], [76.25566531702705, 10.80768996491673], [76.2494058981122, 10.81236297062737], [76.26005285477196, 10.81139741944768], [76.27506702740509, 10.82583938496651], [76.26635264329136, 10.83284657011707], [76.26888568436058, 10.83819844827447], [76.26420160218433, 10.84985923456008], [76.25182967362754, 10.85195375724984], [76.25325721539767, 10.87415908835354], [76.26467555340432, 10.87578992989149], [76.25346817042767, 10.88759352746236], [76.2688666385466, 10.91549348588164], [76.28507668745694, 10.91331069665627], [76.29589079825605, 10.9203564574448], [76.30490621800503, 10.91223184213675], [76.32034773012583, 10.91156632803955], [76.32231570610331, 10.90552925230212], [76.33522844134892, 10.90608273110696]]]}}, {"type": "Feature", "properties": {"ac_name": "PATTAMBI", "ac_no": 50, "ac_category": "GEN", "st_name": "KERALA"}, "geometry": {"type": "Polygon", "coordinates": [[[76.16157608968291, 10.91216135549576], [76.17062080264337, 10.91512021421429], [76.17425004050249, 10.90584694926649], [76.18874854960707, 10.91022697815175], [76.18809596094502, 10.89901433029428], [76.20437230673578, 10.89777417807749], [76.21544599962348, 10.91487880725487], [76.23045442396113, 10.8868374426895], [76.25346817042767, 10.88759352746236], [76.26467555340432, 10.87578992989149], [76.25325721539767, 10.87415908835354], [76.25182967362754, 10.85195375724984], [76.26420160218433, 10.84985923456008], [76.26888568436058, 10.83819844827447], [76.26635264329136, 10.83284657011707], [76.27506702740509, 10.82583938496651], [76.26005285477196, 10.81139741944768], [76.2494058981122, 10.81236297062737], [76.25566531702705, 10.80768996491673], [76.25139538864207, 10.80254429924241], [76.26090254544364, 10.7926908333502], [76.26553474043772, 10.77951992633826], [76.25344350068882, 10.77920721171844], [76.25333554320295, 10.77512984595771], [76.24634862321535, 10.7716632597334], [76.24023140359765, 10.77350662689894], [76.23066522426038, 10.77243307612041], [76.2201381678039, 10.78193945383222], [76.20910283331898, 10.77766355619333], [76.18890150216134, 10.78246651095967], [76.18372925722323, 10.78729413174248], [76.1826315428794, 10.79889879986696], [76.16594252601513, 10.79462594327116], [76.1366812754488, 10.81187885268997], [76.14075348212853, 10.84494942145498], [76.12813352800151, 10.84363074570345], [76.127740240818, 10.84966375825963], [76.11872301060481, 10.84795135397222], [76.10290523114341, 10.85971429216794], [76.10334243592368, 10.87143936770328], [76.11243834956773, 10.86672566176856], [76.11525570224867, 10.88177902725305], [76.13115611754431, 10.87888046385551], [76.1316841786278, 10.89663156821171], [76.15081256616051, 10.89029920352477], [76.16157608968291, 10.91216135549576]]]}}, {"type": "Feature", "properties": {"ac_name": "MALAMPUZHA", "ac_no": 55, "ac_category": "GEN", "st_name": "KERALA"}, "geometry": {"type": "Polygon", "coordinates": [[[76.65929330139741, 10.93055091150185], [76.69511352743258, 10.9102055514169], [76.71574860586244, 10.90750351385211], [76.74119773494839, 10.89031621693322], [76.75479132476644, 10.89519918566789], [76.76849908199141, 10.88780730868112], [76.78213158934675, 10.89130435332887], [76.79192614806185, 10.88225082642878], [76.81248233314338, 10.87685092443555], [76.82807779457427, 10.87300744721612], [76.83316615928071, 10.85993826100883], [76.84746154191191, 10.84991559822949], [76.85282408357794, 10.83424947751667], [76.84476137330283, 10.82581882778674], [76.85050554431739, 10.81887760611845], [76.84600094847912, 10.81294497174902], [76.82369072582826, 10.81300070421007], [76.82612225444326, 10.80371145046182], [76.8166500563297, 10.79631346742071], [76.83289114185173, 10.79660699971486], [76.83486951675161, 10.793503613501], [76.82298015687178, 10.7822423021114], [76.81433395911687, 10.78203951058162], [76.81444297462902, 10.76980336354209], [76.80783734421115, 10.76961152493387], [76.81425997226991, 10.75893886346924], [76.8067854883278, 10.76106126632541], [76.80385817312244, 10.75078639850001], [76.80184514327392, 10.7552411870823], [76.79497449767082, 10.75586392468927], [76.78367710504031, 10.75229936302342], [76.78791792870955, 10.75073360798776], [76.784049705425, 10.744961334295], [76.78773628633012, 10.73995018535936], [76.78324773098043, 10.73770240093269], [76.78391878168108, 10.74299560031156], [76.77719194221352, 10.74325130253713], [76.77673244193147, 10.73732361184344], [76.77880799131367, 10.73970281868757], [76.78037348170103, 10.73613678208283], [76.76995836144009, 10.73418416466599], [76.77096948679612, 10.72269006655491], [76.75997199245776, 10.73074924130063], [76.7613082430307, 10.73476790606757], [76.75667157389071, 10.73852125362085], [76.74309614797617, 10.73675418910925], [76.74029230949996, 10.742031094252], [76.73084201054422, 10.73908691788215], [76.72874717754503, 10.74393309049755], [76.7168491141748, 10.74146930087847], [76.71249963217451, 10.74498310065282], [76.70766225005936, 10.74015772846355], [76.71561978124076, 10.73259841004845], [76.71045641079778, 10.71503454967836], [76.69635876338084, 10.71634101126348], [76.69557366796566, 10.7200692845703], [76.68894512008625, 10.72447193478491], [76.69175706125678, 10.72957840612776], [76.68883560390599, 10.73121682328173], [76.69226265966779, 10.73178625717443], [76.68876721046544, 10.73706217534816], [76.68420820238718, 10.73920188995818], [76.68572921947128, 10.73570426025099], [76.67514229770421, 10.73399390034599], [76.6703026668718, 10.73912756811564], [76.67169379606062, 10.75023092219836], [76.67562536004732, 10.74861419910707], [76.67050080032625, 10.75613183732678], [76.67398050464105, 10.77275255544253], [76.66905480000764, 10.77490313804705], [76.66909156009947, 10.78154355514051], [76.67818106113504, 10.79911864204873], [76.66933232902323, 10.80114641746732], [76.66980581382003, 10.80496337612918], [76.66739830646272, 10.80782892510225], [76.65279694208044, 10.80328258056151], [76.64780440296825, 10.79654699981076], [76.64548255402529, 10.80344385645931], [76.64203171759955, 10.7903631462096], [76.62625346792376, 10.78483091629696], [76.59024264831369, 10.79930176674731], [76.5859296183902, 10.805254954373], [76.58835876542021, 10.8176420778943], [76.56825528002473, 10.82670845012263], [76.54675320155172, 10.8246692116067], [76.5327168373766, 10.8278132447381], [76.53428933527336, 10.83743438153652], [76.55185022987044, 10.84738225431672], [76.53631996489788, 10.84918198382745], [76.5338695595356, 10.86466351844434], [76.54364748312166, 10.86546907169449], [76.54394740672902, 10.8686995631569], [76.53207953568489, 10.87771391758605], [76.53781945951461, 10.8803296890233], [76.53824484724896, 10.88934757002574], [76.54439141429336, 10.88227211236217], [76.55732107075849, 10.88833264715114], [76.56347093353723, 10.87837923484929], [76.56719362365575, 10.87920996671139], [76.57119103932408, 10.92042490233819], [76.59814472513769, 10.92095023913691], [76.60620815226441, 10.93019278027287], [76.62423413940832, 10.92502633029204], [76.63491790568273, 10.92981493814055], [76.65929330139741, 10.93055091150185]]]}}, {"type": "Feature", "properties": {"ac_name": "THAVANUR", "ac_no": 47, "ac_category": "GEN", "st_name": "KERALA"}, "geometry": {"type": "Polygon", "coordinates": [[[75.9445582268697, 10.87829643345291], [75.94255622050163, 10.8760374739807], [75.94781744423962, 10.88047948426848], [75.95689463199268, 10.8723850583845], [75.96037752371691, 10.85869265818825], [75.96618486762941, 10.86226455939668], [75.96979361940885, 10.85388474916767], [75.99502202789338, 10.86238423752443], [76.0059561400586, 10.86345772471019], [76.01947202180418, 10.85618379385379], [76.02371074536532, 10.83702664825023], [76.03226714021903, 10.83154268912259], [76.033941930989, 10.82725657344751], [76.02707608058809, 10.82200425767907], [76.0367116566304, 10.81554142387926], [76.03492651748142, 10.80828928054796], [76.04600941930045, 10.80334271751481], [76.04555015053181, 10.79983053807298], [76.04993036891597, 10.80070560979113], [76.0425889004301, 10.79534585353464], [76.03916547493381, 10.76727213463969], [76.02721716072152, 10.76799155665457], [76.02019769665154, 10.76218216170638], [76.01020644027534, 10.76614379561582], [76.00902518705328, 10.76170737688982], [76.01670215699103, 10.75350319841585], [76.001831224727, 10.73767698142975], [75.99156189883078, 10.73349099138138], [75.98764316862045, 10.73898807208913], [75.98875894064948, 10.7532404141531], [75.98095601413175, 10.75671955140728], [75.97023887444702, 10.78558647905142], [75.97017797711194, 10.79956687604725], [75.97357627087607, 10.80112955287163], [75.9657462510494, 10.80524156289532], [75.96850998543178, 10.80722664483543], [75.96268903047913, 10.8102875934035], [75.96460782516249, 10.81405720641147], [75.95835216011082, 10.81407635875339], [75.93358170368923, 10.79487229491742], [75.9128619339663, 10.78602058643772], [75.89376363581992, 10.867626369137], [75.90047510463826, 10.8710492737448], [75.90330986503997, 10.85526967663253], [75.91187862960098, 10.85427280900927], [75.92181533348682, 10.86378336331566], [75.91892548800034, 10.87133843258189], [75.92732469594212, 10.87476804146319], [75.93840517663297, 10.87239210913588], [75.93916318725374, 10.87933491780741], [75.9445582268697, 10.87829643345291]]]}}, {"type": "Feature", "properties": {"ac_name": "THRITHALA", "ac_no": 49, "ac_category": "GEN", "st_name": "KERALA"}, "geometry": {"type": "Polygon", "coordinates": [[[76.10290523114341, 10.85971429216794], [76.11872301060481, 10.84795135397222], [76.127740240818, 10.84966375825963], [76.12813352800151, 10.84363074570345], [76.14075348212853, 10.84494942145498], [76.1366812754488, 10.81187885268997], [76.16594252601513, 10.79462594327116], [76.1826315428794, 10.79889879986696], [76.18372925722323, 10.78729413174248], [76.18890150216134, 10.78246651095967], [76.2059631604963, 10.76844955208705], [76.20313906628755, 10.75210294681354], [76.19256164386162, 10.75086934367563], [76.17202581020709, 10.71374885135057], [76.16125485783648, 10.70704172539336], [76.15715983074273, 10.71805950479694], [76.15392775708523, 10.71167556256905], [76.1449449073549, 10.71983898741753], [76.13298587019986, 10.72249561173068], [76.12271818546454, 10.71048643083259], [76.09612041297541, 10.72826760349059], [76.08271185102134, 10.72631891228242], [76.0692799764474, 10.7303684921504], [76.06941544181954, 10.73759481821102], [76.0637536349445, 10.74365805653879], [76.05425371949819, 10.74003636808576], [76.04662761609148, 10.74249608832609], [76.04755761138573, 10.75081260985142], [76.03981651072046, 10.75551702760349], [76.03916547493381, 10.76727213463969], [76.0425889004301, 10.79534585353464], [76.04993036891597, 10.80070560979113], [76.04555015053181, 10.79983053807298], [76.04600941930045, 10.80334271751481], [76.03492651748142, 10.80828928054796], [76.0367116566304, 10.81554142387926], [76.02707608058809, 10.82200425767907], [76.033941930989, 10.82725657344751], [76.03226714021903, 10.83154268912259], [76.04457625552295, 10.84848877265131], [76.0689588948307, 10.8379059395814], [76.09602107258189, 10.84106731447639], [76.10262774783469, 10.84628894233966], [76.10290523114341, 10.85971429216794]]]}}, {"type": "Feature", "properties": {"ac_name": "PONNANI", "ac_no": 48, "ac_category": "GEN", "st_name": "KERALA"}, "geometry": {"type": "Polygon", "coordinates": [[[75.95835216011082, 10.81407635875339], [75.96460782516249, 10.81405720641147], [75.96268903047913, 10.8102875934035], [75.96850998543178, 10.80722664483543], [75.9657462510494, 10.80524156289532], [75.97357627087607, 10.80112955287163], [75.97017797711194, 10.79956687604725], [75.97023887444702, 10.78558647905142], [75.98095601413175, 10.75671955140728], [75.98875894064948, 10.7532404141531], [75.98764316862045, 10.73898807208913], [75.99156189883078, 10.73349099138138], [76.001831224727, 10.73767698142975], [76.01670215699103, 10.75350319841585], [76.00902518705328, 10.76170737688982], [76.01020644027534, 10.76614379561582], [76.02019769665154, 10.76218216170638], [76.02721716072152, 10.76799155665457], [76.03916547493381, 10.76727213463969], [76.03981651072046, 10.75551702760349], [76.04755761138573, 10.75081260985142], [76.04662761609148, 10.74249608832609], [76.05425371949819, 10.74003636808576], [76.0637536349445, 10.74365805653879], [76.06941544181954, 10.73759481821102], [76.0692799764474, 10.7303684921504], [76.0657554857325, 10.72914489982703], [76.06707167174059, 10.72340776079946], [76.05933809810304, 10.72761451628624], [76.0611669082464, 10.7199095883309], [76.0518342625986, 10.70448404919113], [76.0371418401064, 10.70739865230299], [76.03439591437291, 10.70080594067591], [76.00707638335632, 10.68970551854927], [76.00094496895251, 10.69493740433457], [75.98293366742882, 10.68734794799604], [75.97738667937027, 10.6965182358774], [75.97689133375455, 10.69228699630292], [75.9670736708594, 10.69455423565283], [75.95662961720294, 10.68658296312968], [75.9128619339663, 10.78602058643772], [75.93358170368923, 10.79487229491742], [75.95835216011082, 10.81407635875339]]]}}, {"type": "Feature", "properties": {"ac_name": "CHITTUR", "ac_no": 58, "ac_category": "GEN", "st_name": "KERALA"}, "geometry": {"type": "Polygon", "coordinates": [[[76.85050554431739, 10.81887760611845], [76.86324508104838, 10.81815126788655], [76.87156003477709, 10.80857813028806], [76.90005254087637, 10.80856169026261], [76.90717709438549, 10.77920236411611], [76.90423921105943, 10.77248341193444], [76.90455358150577, 10.76261916102625], [76.88877083949468, 10.73440849081121], [76.89327111753255, 10.72190592480213], [76.89054840703776, 10.71720929672667], [76.882492549963, 10.71750140170772], [76.86789230903564, 10.69541077936806], [76.8714240668175, 10.69281974122861], [76.8662135330854, 10.68545059944383], [76.86734287000455, 10.67989538120836], [76.87776280572393, 10.67678694750554], [76.87850234498273, 10.67165594541304], [76.88430070025287, 10.64839643683781], [76.88262299525609, 10.63950541318414], [76.85951685051306, 10.63234711789566], [76.83009377506762, 10.63790127430912], [76.81449679582506, 10.63580957027542], [76.79715167523936, 10.63967360049108], [76.78907084251037, 10.63051251867985], [76.77020766396609, 10.6296200962209], [76.74306579663956, 10.63754625492419], [76.7270137858817, 10.636012228683], [76.72365353293272, 10.64303252506499], [76.71920291801854, 10.64061125972699], [76.7185074435245, 10.64535679730559], [76.71127913050495, 10.64799110832552], [76.70937998270529, 10.65945257360446], [76.70307218617029, 10.65299886770985], [76.70033213687647, 10.66057133968869], [76.69155372905861, 10.66164903670959], [76.69575073153719, 10.66518870502407], [76.69058331725853, 10.66782935460813], [76.69248384303214, 10.67366357704675], [76.68897737084176, 10.67738912598574], [76.69209218090243, 10.68036460488694], [76.69487421233588, 10.67600581974231], [76.69742384364021, 10.68090992453627], [76.68810980210517, 10.68590101796581], [76.67607051807157, 10.68478104656271], [76.66772447759448, 10.69051214850163], [76.65941968357295, 10.70140061166031], [76.65091738982572, 10.70364207296368], [76.65522397916477, 10.71576158910301], [76.65147949620888, 10.72613360278162], [76.65599416801246, 10.72722515287925], [76.65715167455964, 10.72151918768566], [76.66770126485865, 10.71640030037884], [76.69557366796566, 10.7200692845703], [76.69635876338084, 10.71634101126348], [76.71045641079778, 10.71503454967836], [76.71561978124076, 10.73259841004845], [76.70766225005936, 10.74015772846355], [76.71249963217451, 10.74498310065282], [76.7168491141748, 10.74146930087847], [76.72874717754503, 10.74393309049755], [76.73084201054422, 10.73908691788215], [76.74029230949996, 10.742031094252], [76.74309614797617, 10.73675418910925], [76.75667157389071, 10.73852125362085], [76.7613082430307, 10.73476790606757], [76.75997199245776, 10.73074924130063], [76.77096948679612, 10.72269006655491], [76.76995836144009, 10.73418416466599], [76.78037348170103, 10.73613678208283], [76.77880799131367, 10.73970281868757], [76.77673244193147, 10.73732361184344], [76.77719194221352, 10.74325130253713], [76.78391878168108, 10.74299560031156], [76.78324773098043, 10.73770240093269], [76.78773628633012, 10.73995018535936], [76.784049705425, 10.744961334295], [76.78791792870955, 10.75073360798776], [76.78367710504031, 10.75229936302342], [76.79497449767082, 10.75586392468927], [76.80184514327392, 10.7552411870823], [76.80385817312244, 10.75078639850001], [76.8067854883278, 10.76106126632541], [76.81425997226991, 10.75893886346924], [76.80783734421115, 10.76961152493387], [76.81444297462902, 10.76980336354209], [76.81433395911687, 10.78203951058162], [76.82298015687178, 10.7822423021114], [76.83486951675161, 10.793503613501], [76.83289114185173, 10.79660699971486], [76.8166500563297, 10.79631346742071], [76.82612225444326, 10.80371145046182], [76.82369072582826, 10.81300070421007], [76.84600094847912, 10.81294497174902], [76.85050554431739, 10.81887760611845]]]}}, {"type": "Feature", "properties": {"ac_name": "PALAKKAD", "ac_no": 56, "ac_category": "GEN", "st_name": "KERALA"}, "geometry": {"type": "Polygon", "coordinates": [[[76.66980581382003, 10.80496337612918], [76.66933232902323, 10.80114641746732], [76.67818106113504, 10.79911864204873], [76.66909156009947, 10.78154355514051], [76.66905480000764, 10.77490313804705], [76.67398050464105, 10.77275255544253], [76.67050080032625, 10.75613183732678], [76.67562536004732, 10.74861419910707], [76.67169379606062, 10.75023092219836], [76.6703026668718, 10.73912756811564], [76.67514229770421, 10.73399390034599], [76.68572921947128, 10.73570426025099], [76.68420820238718, 10.73920188995818], [76.68876721046544, 10.73706217534816], [76.69226265966779, 10.73178625717443], [76.68883560390599, 10.73121682328173], [76.69175706125678, 10.72957840612776], [76.68894512008625, 10.72447193478491], [76.69557366796566, 10.7200692845703], [76.66770126485865, 10.71640030037884], [76.65715167455964, 10.72151918768566], [76.65599416801246, 10.72722515287925], [76.65147949620888, 10.72613360278162], [76.64313796021153, 10.72849553295208], [76.63734363013688, 10.7253439206846], [76.63757458237247, 10.7282579890903], [76.62103616477067, 10.71361709375433], [76.61461175280856, 10.73639687185327], [76.60594292676788, 10.7447684605364], [76.60067112918956, 10.74200636443422], [76.59511804487857, 10.72556239397374], [76.57725107153257, 10.7232164432485], [76.5688796133715, 10.7281490684931], [76.54886232989736, 10.73533404916373], [76.55459683993969, 10.74114100144065], [76.55177511709789, 10.7454086111588], [76.56078198191744, 10.74915652175253], [76.55831489710098, 10.75575084311825], [76.56774410414538, 10.76771901132952], [76.56391844762699, 10.77935581563544], [76.565782571789, 10.78369975900303], [76.57534653054589, 10.77733638302144], [76.58197406198398, 10.77975234567513], [76.58989018718466, 10.78786273738593], [76.59024264831369, 10.79930176674731], [76.62625346792376, 10.78483091629696], [76.64203171759955, 10.7903631462096], [76.64548255402529, 10.80344385645931], [76.64780440296825, 10.79654699981076], [76.65279694208044, 10.80328258056151], [76.66739830646272, 10.80782892510225], [76.66980581382003, 10.80496337612918]]]}}, {"type": "Feature", "properties": {"ac_name": "CHELAKKARA", "ac_no": 61, "ac_category": "SC", "st_name": "KERALA"}, "geometry": {"type": "Polygon", "coordinates": [[[76.18890150216134, 10.78246651095967], [76.20910283331898, 10.77766355619333], [76.2201381678039, 10.78193945383222], [76.23066522426038, 10.77243307612041], [76.24023140359765, 10.77350662689894], [76.24600333570345, 10.76871278729178], [76.24470466783215, 10.75153697292103], [76.24902393122126, 10.74740796762409], [76.2880683327244, 10.756271979177], [76.32358253404735, 10.74619356011525], [76.33912401724221, 10.7495738192491], [76.3548021662783, 10.74312428887716], [76.36568501022074, 10.76383986614589], [76.38771375780169, 10.76675385884936], [76.39757981757926, 10.74626000565912], [76.43200604874201, 10.7519038139753], [76.46678512519642, 10.75293496008147], [76.47248903063404, 10.74945617819793], [76.46846575012131, 10.74144309103128], [76.4785773211649, 10.73498652250117], [76.4776670667499, 10.73054426832314], [76.46384862970446, 10.72102362252929], [76.4564818293276, 10.69944562454152], [76.45177621096394, 10.70234730182094], [76.44074338715706, 10.69655643109036], [76.44852092411884, 10.68564960164938], [76.45067044342012, 10.6654605865584], [76.4487089042133, 10.66178158350654], [76.44107966265715, 10.66300053000209], [76.4344912937855, 10.64987869969207], [76.42256871865415, 10.647199897702], [76.41773201656757, 10.62729744884978], [76.42063548766886, 10.62296399044454], [76.42069440468553, 10.62886443812357], [76.4258831118203, 10.62729735973769], [76.42410432034444, 10.6199338501792], [76.42865435117334, 10.61431073742548], [76.42225853704586, 10.60605289780769], [76.41380604957396, 10.60595496968381], [76.41330306319803, 10.59564970395118], [76.4042139366864, 10.60056332265848], [76.4028069945505, 10.5909897996807], [76.38686331268478, 10.60211577959951], [76.38368338145996, 10.59811060948424], [76.37601198456625, 10.60446402034486], [76.3793869280769, 10.60917809694509], [76.37496807601288, 10.60925623026948], [76.35980660693752, 10.62078231907279], [76.3426668257484, 10.62036313327878], [76.32596832824873, 10.59913111871212], [76.29666903525388, 10.59821306771225], [76.2948399518178, 10.6098573734197], [76.31178870856833, 10.60886327887804], [76.31256303657882, 10.63130913591382], [76.32915705815385, 10.62661839582893], [76.32904040730587, 10.63364002310329], [76.30409027207662, 10.6384415897947], [76.29809954250794, 10.64409981731268], [76.30187330918207, 10.65235296141678], [76.29346885391138, 10.64174986123619], [76.28732741183705, 10.65270233696947], [76.28328233737594, 10.64936433567758], [76.27541375081218, 10.65427908668603], [76.27697142563352, 10.66394348707215], [76.27050884760476, 10.66848111273534], [76.28055943540303, 10.66953928157389], [76.2655054194294, 10.67329868901917], [76.27253830960692, 10.67945950308817], [76.26703388163209, 10.68261329432005], [76.26310890646452, 10.67750779328562], [76.2578550617281, 10.67816224240985], [76.2511237697014, 10.68865508562736], [76.25056173328504, 10.6941508038651], [76.24394842494485, 10.68779314222575], [76.24394945076388, 10.70951242607959], [76.23282695641228, 10.70933080360571], [76.2385599785769, 10.70498140516886], [76.23495714468828, 10.70590871272985], [76.23586867079337, 10.7030205148012], [76.21895696258998, 10.71295200377537], [76.21793812137689, 10.7074131039056], [76.21188103540163, 10.70721075762148], [76.21865981401741, 10.69681743398431], [76.2133610126022, 10.69554918881498], [76.21427270830583, 10.6925842617404], [76.20717556809963, 10.69432051722833], [76.21107567573962, 10.69889485464736], [76.20762816855377, 10.70004745793563], [76.20402390783369, 10.69953215346403], [76.20392631027053, 10.694369720417], [76.19710763113636, 10.69478915814254], [76.19812257308561, 10.69971762645916], [76.1886607837316, 10.70808628152948], [76.1733860107323, 10.70660664729953], [76.17190951368707, 10.70061722153004], [76.16125485783648, 10.70704172539336], [76.17202581020709, 10.71374885135057], [76.19256164386162, 10.75086934367563], [76.20313906628755, 10.75210294681354], [76.2059631604963, 10.76844955208705], [76.18890150216134, 10.78246651095967]]]}}, {"type": "Feature", "properties": {"ac_name": "TARUR", "ac_no": 57, "ac_category": "SC", "st_name": "KERALA"}, "geometry": {"type": "Polygon", "coordinates": [[[76.56391844762699, 10.77935581563544], [76.56774410414538, 10.76771901132952], [76.55831489710098, 10.75575084311825], [76.56078198191744, 10.74915652175253], [76.55177511709789, 10.7454086111588], [76.55459683993969, 10.74114100144065], [76.54886232989736, 10.73533404916373], [76.5688796133715, 10.7281490684931], [76.57099019788983, 10.72000671407173], [76.56323178171169, 10.71523155684069], [76.56651504070646, 10.71107906487232], [76.56359045884517, 10.69961127331089], [76.55848307693898, 10.700934141668], [76.56013143312687, 10.69352118645925], [76.55625672787201, 10.69199946171441], [76.55241181203417, 10.69639845702572], [76.55150717882015, 10.68923349183513], [76.54402595948673, 10.68747616610285], [76.5492699431546, 10.68250924327572], [76.5465821848825, 10.67232709423478], [76.53860724711946, 10.66884629311101], [76.5396783743851, 10.66105224200294], [76.5270124727331, 10.64953244503069], [76.52737155650844, 10.64100000063881], [76.51625409616688, 10.63665991285798], [76.51227704761553, 10.62804444152405], [76.5355614740797, 10.62453701806974], [76.5305211396884, 10.61088203224298], [76.51307859051174, 10.61155845609591], [76.51155731505368, 10.60506978697852], [76.5084306977818, 10.6067075822501], [76.50079106626761, 10.59936601603061], [76.5025395386251, 10.59064631404857], [76.49483155659107, 10.59402840261543], [76.49588390779535, 10.58811011793676], [76.48823320071962, 10.58404635172961], [76.48609462149739, 10.57546704211291], [76.47971634958611, 10.57738677423975], [76.48121806434762, 10.5722304426122], [76.47208260671131, 10.57566797627321], [76.46519597862489, 10.57060516554208], [76.46849540049233, 10.56303590940799], [76.45686337857857, 10.56318460692585], [76.45207902143177, 10.5590562037337], [76.44288256100774, 10.56211813118372], [76.43905772257246, 10.55722154068022], [76.43075586463014, 10.5584275300617], [76.42053406169168, 10.57840957216049], [76.40926523990171, 10.57914485819805], [76.4028069945505, 10.5909897996807], [76.4042139366864, 10.60056332265848], [76.41330306319803, 10.59564970395118], [76.41380604957396, 10.60595496968381], [76.42225853704586, 10.60605289780769], [76.42865435117334, 10.61431073742548], [76.42410432034444, 10.6199338501792], [76.4258831118203, 10.62729735973769], [76.42069440468553, 10.62886443812357], [76.42063548766886, 10.62296399044454], [76.41773201656757, 10.62729744884978], [76.42256871865415, 10.647199897702], [76.4344912937855, 10.64987869969207], [76.44107966265715, 10.66300053000209], [76.4487089042133, 10.66178158350654], [76.45067044342012, 10.6654605865584], [76.44852092411884, 10.68564960164938], [76.44074338715706, 10.69655643109036], [76.45177621096394, 10.70234730182094], [76.4564818293276, 10.69944562454152], [76.46384862970446, 10.72102362252929], [76.4776670667499, 10.73054426832314], [76.4785773211649, 10.73498652250117], [76.46846575012131, 10.74144309103128], [76.47248903063404, 10.74945617819793], [76.48918613887722, 10.7640987405922], [76.49904089210433, 10.77034396250142], [76.50959395140971, 10.77028935966569], [76.51512117287533, 10.78023028922142], [76.52582446735332, 10.78753285852083], [76.54561646638581, 10.789311313121], [76.55218547384735, 10.77919286636752], [76.56391844762699, 10.77935581563544]]]}}, {"type": "Feature", "properties": {"ac_name": "KUNNAMKULAM", "ac_no": 62, "ac_category": "GEN", "st_name": "KERALA"}, "geometry": {"type": "Polygon", "coordinates": [[[76.0692799764474, 10.7303684921504], [76.08271185102134, 10.72631891228242], [76.09612041297541, 10.72826760349059], [76.12271818546454, 10.71048643083259], [76.13298587019986, 10.72249561173068], [76.1449449073549, 10.71983898741753], [76.15392775708523, 10.71167556256905], [76.15715983074273, 10.71805950479694], [76.16125485783648, 10.70704172539336], [76.17190951368707, 10.70061722153004], [76.1733860107323, 10.70660664729953], [76.1886607837316, 10.70808628152948], [76.19812257308561, 10.69971762645916], [76.19710763113636, 10.69478915814254], [76.20392631027053, 10.694369720417], [76.20402390783369, 10.69953215346403], [76.20762816855377, 10.70004745793563], [76.21107567573962, 10.69889485464736], [76.20717556809963, 10.69432051722833], [76.21427270830583, 10.6925842617404], [76.2133610126022, 10.69554918881498], [76.21865981401741, 10.69681743398431], [76.21188103540163, 10.70721075762148], [76.21793812137689, 10.7074131039056], [76.21895696258998, 10.71295200377537], [76.23586867079337, 10.7030205148012], [76.23495714468828, 10.70590871272985], [76.2385599785769, 10.70498140516886], [76.23282695641228, 10.70933080360571], [76.24394945076388, 10.70951242607959], [76.24394842494485, 10.68779314222575], [76.23497470904077, 10.67040910530623], [76.22966794400303, 10.66971090209498], [76.22684893140888, 10.67457754464577], [76.20279658604322, 10.66754979664961], [76.19699735505948, 10.67131518880462], [76.19189603143462, 10.66888010098197], [76.19030858680183, 10.66153892715084], [76.18152675082699, 10.66020715237865], [76.1816207542792, 10.63329606378173], [76.17264704392971, 10.6293467559096], [76.17553343520699, 10.61800550355469], [76.16671380075279, 10.61710219414948], [76.163388757073, 10.61154890984411], [76.15770131825629, 10.61224341614232], [76.15980459004751, 10.61854770130381], [76.15489520307813, 10.62318185113018], [76.14443824513366, 10.62145663514019], [76.14549467003168, 10.63190596888795], [76.14007451422937, 10.63831870030862], [76.14254943387242, 10.64377127710636], [76.12839827792695, 10.64992144190528], [76.1201004295707, 10.64538579647573], [76.10989823781682, 10.64668234872198], [76.11098675227393, 10.6406019369897], [76.10450417340485, 10.63141467069374], [76.08414890476013, 10.62935543649829], [76.07502504837375, 10.61848168627997], [76.06867190711016, 10.61956119739207], [76.05928860969321, 10.60781094871525], [76.05663453337452, 10.61883761964242], [76.05317746187323, 10.61812528775595], [76.04970548180687, 10.6266419698321], [76.04238846630065, 10.62677004182496], [76.02819621228346, 10.65256135925477], [76.02743606291827, 10.66186442740678], [76.03408411246475, 10.66503944538718], [76.03223785177512, 10.67048031255928], [76.02294932347111, 10.68274109875748], [76.00707638335632, 10.68970551854927], [76.03439591437291, 10.70080594067591], [76.0371418401064, 10.70739865230299], [76.0518342625986, 10.70448404919113], [76.0611669082464, 10.7199095883309], [76.05933809810304, 10.72761451628624], [76.06707167174059, 10.72340776079946], [76.0657554857325, 10.72914489982703], [76.0692799764474, 10.7303684921504]]]}}, {"type": "Feature", "properties": {"ac_name": "ALATHUR", "ac_no": 60, "ac_category": "GEN", "st_name": "KERALA"}, "geometry": {"type": "Polygon", "coordinates": [[[76.60594292676788, 10.7447684605364], [76.61461175280856, 10.73639687185327], [76.62103616477067, 10.71361709375433], [76.63757458237247, 10.7282579890903], [76.63734363013688, 10.7253439206846], [76.64313796021153, 10.72849553295208], [76.65147949620888, 10.72613360278162], [76.65522397916477, 10.71576158910301], [76.65091738982572, 10.70364207296368], [76.64384495850756, 10.6933053824553], [76.63013967410889, 10.68768131038936], [76.62647986001262, 10.67415755938608], [76.63328284796515, 10.66766718405886], [76.62722353043243, 10.6653028899299], [76.62625823555116, 10.6546713658225], [76.63015915094546, 10.64413239825848], [76.60360039104764, 10.63553063343956], [76.60152934260353, 10.62128387670717], [76.61077257630177, 10.61316770374592], [76.61093481358057, 10.60668444765114], [76.59363266977083, 10.60085078245208], [76.5916445411935, 10.59623591957598], [76.58804069709996, 10.59826606007298], [76.58162474318974, 10.59095216242018], [76.57137568724534, 10.59349407937182], [76.56226503451065, 10.58742320849086], [76.56295843058209, 10.58341430718351], [76.55059388857033, 10.575180103141], [76.53917965281383, 10.54745681751688], [76.56688131450542, 10.50803764283737], [76.58819809942506, 10.49431164069397], [76.59245114973294, 10.47922390374968], [76.59927351384513, 10.47361617721525], [76.59394741082795, 10.45913159976844], [76.5782341618351, 10.44428288530638], [76.58250582444278, 10.43719830506974], [76.5587618682173, 10.43483827516877], [76.55733731523267, 10.44411054685512], [76.53646339967463, 10.44908000741885], [76.52294821709455, 10.46934995419833], [76.50138340904705, 10.47916467402815], [76.4902379533525, 10.4793233582428], [76.48797786299299, 10.48667819772306], [76.47898631134564, 10.48645635469092], [76.47455368238734, 10.48747095937052], [76.46730244160109, 10.50273262917769], [76.45042389718067, 10.5217361215061], [76.44214811954751, 10.52351060148208], [76.43298104743565, 10.534438648605], [76.43905772257246, 10.55722154068022], [76.44288256100774, 10.56211813118372], [76.45207902143177, 10.5590562037337], [76.45686337857857, 10.56318460692585], [76.46849540049233, 10.56303590940799], [76.46519597862489, 10.57060516554208], [76.47208260671131, 10.57566797627321], [76.48121806434762, 10.5722304426122], [76.47971634958611, 10.57738677423975], [76.48609462149739, 10.57546704211291], [76.48823320071962, 10.58404635172961], [76.49588390779535, 10.58811011793676], [76.49483155659107, 10.59402840261543], [76.5025395386251, 10.59064631404857], [76.50079106626761, 10.59936601603061], [76.5084306977818, 10.6067075822501], [76.51155731505368, 10.60506978697852], [76.51307859051174, 10.61155845609591], [76.5305211396884, 10.61088203224298], [76.5355614740797, 10.62453701806974], [76.51227704761553, 10.62804444152405], [76.51625409616688, 10.63665991285798], [76.52737155650844, 10.64100000063881], [76.5270124727331, 10.64953244503069], [76.5396783743851, 10.66105224200294], [76.53860724711946, 10.66884629311101], [76.5465821848825, 10.67232709423478], [76.5492699431546, 10.68250924327572], [76.54402595948673, 10.68747616610285], [76.55150717882015, 10.68923349183513], [76.55241181203417, 10.69639845702572], [76.55625672787201, 10.69199946171441], [76.56013143312687, 10.69352118645925], [76.55848307693898, 10.700934141668], [76.56359045884517, 10.69961127331089], [76.56651504070646, 10.71107906487232], [76.56323178171169, 10.71523155684069], [76.57099019788983, 10.72000671407173], [76.5688796133715, 10.7281490684931], [76.57725107153257, 10.7232164432485], [76.59511804487857, 10.72556239397374], [76.60067112918956, 10.74200636443422], [76.60594292676788, 10.7447684605364]]]}}, {"type": "Feature", "properties": {"ac_name": "GURUVAYOOR", "ac_no": 63, "ac_category": "GEN", "st_name": "KERALA"}, "geometry": {"type": "Polygon", "coordinates": [[[76.00707638335632, 10.68970551854927], [76.02294932347111, 10.68274109875748], [76.03223785177512, 10.67048031255928], [76.03408411246475, 10.66503944538718], [76.02743606291827, 10.66186442740678], [76.02819621228346, 10.65256135925477], [76.04238846630065, 10.62677004182496], [76.04970548180687, 10.6266419698321], [76.05317746187323, 10.61812528775595], [76.05663453337452, 10.61883761964242], [76.05928860969321, 10.60781094871525], [76.0547123750456, 10.60187936695898], [76.05169258292517, 10.60495026985786], [76.04820601036369, 10.60241225153539], [76.04701302775334, 10.59164170798636], [76.04203751102129, 10.5863633868285], [76.03592392500298, 10.58810617210265], [76.04166982665691, 10.57380384288063], [76.0344466095687, 10.57000283056184], [76.06622454717866, 10.52233227789043], [76.07855814544888, 10.49642369566681], [76.07646154181369, 10.49268308386757], [76.07159898332903, 10.49190333787878], [76.06956275260657, 10.49645429779281], [76.05714683414703, 10.49134122664766], [76.05893236210555, 10.48711690784656], [76.05308114029111, 10.48260610641727], [76.0326381052829, 10.51597035047984], [75.95662961720294, 10.68658296312968], [75.9670736708594, 10.69455423565283], [75.97689133375455, 10.69228699630292], [75.97738667937027, 10.6965182358774], [75.98293366742882, 10.68734794799604], [76.00094496895251, 10.69493740433457], [76.00707638335632, 10.68970551854927]]]}}, {"type": "Feature", "properties": {"ac_name": "WADAKKANCHERY", "ac_no": 65, "ac_category": "GEN", "st_name": "KERALA"}, "geometry": {"type": "Polygon", "coordinates": [[[76.2511237697014, 10.68865508562736], [76.2578550617281, 10.67816224240985], [76.26310890646452, 10.67750779328562], [76.26703388163209, 10.68261329432005], [76.27253830960692, 10.67945950308817], [76.2655054194294, 10.67329868901917], [76.28055943540303, 10.66953928157389], [76.27050884760476, 10.66848111273534], [76.27697142563352, 10.66394348707215], [76.27541375081218, 10.65427908668603], [76.28328233737594, 10.64936433567758], [76.28732741183705, 10.65270233696947], [76.29346885391138, 10.64174986123619], [76.30187330918207, 10.65235296141678], [76.29809954250794, 10.64409981731268], [76.30409027207662, 10.6384415897947], [76.32904040730587, 10.63364002310329], [76.32915705815385, 10.62661839582893], [76.31256303657882, 10.63130913591382], [76.31178870856833, 10.60886327887804], [76.2948399518178, 10.6098573734197], [76.29666903525388, 10.59821306771225], [76.28549229095343, 10.60303282888643], [76.27469767806018, 10.6016295091741], [76.26524681273662, 10.58479942495932], [76.25768827179245, 10.57799402443886], [76.25770692041779, 10.58712648922443], [76.2483481193269, 10.58714049321362], [76.24988130014876, 10.57285241493235], [76.24300170566791, 10.57352161264847], [76.24057566872462, 10.5674015814147], [76.22449984021445, 10.5744660965913], [76.22729322435899, 10.57025522615145], [76.22433252741502, 10.56809652625112], [76.20727897089897, 10.5655893181038], [76.20921204905915, 10.55758872736616], [76.20423270944222, 10.55081692524368], [76.19947917884019, 10.55389983561966], [76.18158695348282, 10.5492378046492], [76.17000491397145, 10.53373204594509], [76.14907886712412, 10.53140344102411], [76.14824928017998, 10.51459580695804], [76.13412459020961, 10.5122914494316], [76.13361731539793, 10.52132219682723], [76.123980740362, 10.53237918894748], [76.12171537958368, 10.54416480245916], [76.12550979005374, 10.54830684772915], [76.11675820224858, 10.550390218637], [76.1134639389762, 10.55703486782729], [76.1158753387543, 10.56352822024937], [76.11119548889738, 10.56644693292301], [76.11764317026693, 10.56919142847138], [76.11506626625034, 10.57932359679987], [76.11900227700207, 10.58346490434945], [76.1124309145964, 10.59080334914867], [76.12282803899255, 10.60273934530945], [76.11598891066522, 10.60709952317525], [76.13149259627114, 10.60878057676322], [76.14012790509956, 10.62168924952782], [76.14443824513366, 10.62145663514019], [76.15489520307813, 10.62318185113018], [76.15980459004751, 10.61854770130381], [76.15770131825629, 10.61224341614232], [76.163388757073, 10.61154890984411], [76.16671380075279, 10.61710219414948], [76.17553343520699, 10.61800550355469], [76.17264704392971, 10.6293467559096], [76.1816207542792, 10.63329606378173], [76.18152675082699, 10.66020715237865], [76.19030858680183, 10.66153892715084], [76.19189603143462, 10.66888010098197], [76.19699735505948, 10.67131518880462], [76.20279658604322, 10.66754979664961], [76.22684893140888, 10.67457754464577], [76.22966794400303, 10.66971090209498], [76.23497470904077, 10.67040910530623], [76.24394842494485, 10.68779314222575], [76.25056173328504, 10.6941508038651], [76.2511237697014, 10.68865508562736]]]}}, {"type": "Feature", "properties": {"ac_name": "NEMMARA", "ac_no": 59, "ac_category": "GEN", "st_name": "KERALA"}, "geometry": {"type": "Polygon", "coordinates": [[[76.66772447759448, 10.69051214850163], [76.67607051807157, 10.68478104656271], [76.68810980210517, 10.68590101796581], [76.69742384364021, 10.68090992453627], [76.69487421233588, 10.67600581974231], [76.69209218090243, 10.68036460488694], [76.68897737084176, 10.67738912598574], [76.69248384303214, 10.67366357704675], [76.69058331725853, 10.66782935460813], [76.69575073153719, 10.66518870502407], [76.69155372905861, 10.66164903670959], [76.70033213687647, 10.66057133968869], [76.70307218617029, 10.65299886770985], [76.70937998270529, 10.65945257360446], [76.71127913050495, 10.64799110832552], [76.7185074435245, 10.64535679730559], [76.71920291801854, 10.64061125972699], [76.72365353293272, 10.64303252506499], [76.7270137858817, 10.636012228683], [76.74306579663956, 10.63754625492419], [76.77020766396609, 10.6296200962209], [76.78907084251037, 10.63051251867985], [76.79715167523936, 10.63967360049108], [76.81449679582506, 10.63580957027542], [76.81045008422768, 10.62428077408951], [76.81678986055661, 10.61733396881787], [76.81740814893018, 10.60382689550619], [76.8260809213767, 10.59674958443741], [76.83274809589466, 10.59998883806215], [76.83876715287903, 10.59707381452182], [76.83410666870313, 10.57470822548045], [76.8396753064583, 10.56489388992486], [76.83533555233122, 10.54575131899134], [76.84307083267382, 10.53736234577896], [76.83044520110938, 10.49854307851033], [76.8282648060023, 10.45083005256371], [76.81623445720729, 10.42374458131504], [76.82451967578343, 10.41032099396486], [76.83033918320403, 10.41171778934682], [76.83354303367365, 10.40810656613966], [76.83378046688128, 10.40362671002935], [76.82366448296683, 10.3954323969666], [76.84400217689716, 10.37785284503366], [76.84874026913067, 10.36863752707115], [76.84628323090011, 10.35790567303562], [76.83606152344292, 10.34615135208296], [76.83757930813576, 10.3380272463484], [76.82782258848101, 10.33759187990623], [76.81651011271738, 10.34925981144714], [76.80550961971026, 10.34431983970404], [76.80418279270677, 10.33708001945877], [76.78701096687868, 10.33650026851034], [76.77743673646779, 10.34235964989329], [76.77154770297659, 10.33435442898088], [76.75444551541781, 10.33632970898298], [76.75233160175756, 10.34775952441199], [76.76333926145837, 10.35425018301145], [76.76316383705522, 10.36251170916829], [76.75574171678336, 10.36148973103432], [76.74894055638799, 10.36703270256535], [76.71867303326539, 10.373651665701], [76.70676949822607, 10.37124529593469], [76.70285635875102, 10.36371540032792], [76.68669903843609, 10.3640254077779], [76.66944998645123, 10.37486386887954], [76.66146358945808, 10.3863843881698], [76.65464449763557, 10.3775977569811], [76.64537454368694, 10.3836017867911], [76.63269273381884, 10.37724331282913], [76.62823345633356, 10.38392713947575], [76.62320472306426, 10.37979417383992], [76.61805566467378, 10.39111856117202], [76.60672776867078, 10.40023159109571], [76.6014190387641, 10.41881653976058], [76.58696046067483, 10.43637004204523], [76.58250582444278, 10.43719830506974], [76.5782341618351, 10.44428288530638], [76.59394741082795, 10.45913159976844], [76.59927351384513, 10.47361617721525], [76.59245114973294, 10.47922390374968], [76.58819809942506, 10.49431164069397], [76.56688131450542, 10.50803764283737], [76.53917965281383, 10.54745681751688], [76.55059388857033, 10.575180103141], [76.56295843058209, 10.58341430718351], [76.56226503451065, 10.58742320849086], [76.57137568724534, 10.59349407937182], [76.58162474318974, 10.59095216242018], [76.58804069709996, 10.59826606007298], [76.5916445411935, 10.59623591957598], [76.59363266977083, 10.60085078245208], [76.61093481358057, 10.60668444765114], [76.61077257630177, 10.61316770374592], [76.60152934260353, 10.62128387670717], [76.60360039104764, 10.63553063343956], [76.63015915094546, 10.64413239825848], [76.62625823555116, 10.6546713658225], [76.62722353043243, 10.6653028899299], [76.63328284796515, 10.66766718405886], [76.62647986001262, 10.67415755938608], [76.63013967410889, 10.68768131038936], [76.64384495850756, 10.6933053824553], [76.65091738982572, 10.70364207296368], [76.65941968357295, 10.70140061166031], [76.66772447759448, 10.69051214850163]]]}}, {"type": "Feature", "properties": {"ac_name": "MANALUR", "ac_no": 64, "ac_category": "GEN", "st_name": "KERALA"}, "geometry": {"type": "Polygon", "coordinates": [[[76.14443824513366, 10.62145663514019], [76.14012790509956, 10.62168924952782], [76.13149259627114, 10.60878057676322], [76.11598891066522, 10.60709952317525], [76.12282803899255, 10.60273934530945], [76.1124309145964, 10.59080334914867], [76.11900227700207, 10.58346490434945], [76.11506626625034, 10.57932359679987], [76.11764317026693, 10.56919142847138], [76.11119548889738, 10.56644693292301], [76.1158753387543, 10.56352822024937], [76.1134639389762, 10.55703486782729], [76.11675820224858, 10.550390218637], [76.12550979005374, 10.54830684772915], [76.12171537958368, 10.54416480245916], [76.123980740362, 10.53237918894748], [76.13361731539793, 10.52132219682723], [76.13412459020961, 10.5122914494316], [76.14824928017998, 10.51459580695804], [76.15837032338732, 10.5148585148887], [76.16401196391804, 10.49755247294452], [76.16998905325153, 10.5053888587477], [76.17538303826552, 10.50365542562779], [76.17837389100085, 10.4887466799338], [76.17430587905733, 10.48092198239972], [76.16106844305321, 10.46542171063592], [76.14782327971432, 10.47081329423827], [76.13233910015704, 10.46876178278553], [76.12707344802956, 10.47535462120663], [76.12497059735047, 10.47001767739407], [76.11252028087145, 10.46551705803667], [76.10906087885456, 10.46902389593357], [76.10435442633212, 10.46357832091618], [76.0997624092261, 10.4655929712475], [76.0979305453317, 10.46066166390628], [76.08989432687319, 10.46407565560295], [76.06711712087274, 10.45601590902039], [76.05308114029111, 10.48260610641727], [76.05893236210555, 10.48711690784656], [76.05714683414703, 10.49134122664766], [76.06956275260657, 10.49645429779281], [76.07159898332903, 10.49190333787878], [76.07646154181369, 10.49268308386757], [76.07855814544888, 10.49642369566681], [76.06622454717866, 10.52233227789043], [76.0344466095687, 10.57000283056184], [76.04166982665691, 10.57380384288063], [76.03592392500298, 10.58810617210265], [76.04203751102129, 10.5863633868285], [76.04701302775334, 10.59164170798636], [76.04820601036369, 10.60241225153539], [76.05169258292517, 10.60495026985786], [76.0547123750456, 10.60187936695898], [76.05928860969321, 10.60781094871525], [76.06867190711016, 10.61956119739207], [76.07502504837375, 10.61848168627997], [76.08414890476013, 10.62935543649829], [76.10450417340485, 10.63141467069374], [76.11098675227393, 10.6406019369897], [76.10989823781682, 10.64668234872198], [76.1201004295707, 10.64538579647573], [76.12839827792695, 10.64992144190528], [76.14254943387242, 10.64377127710636], [76.14007451422937, 10.63831870030862], [76.14549467003168, 10.63190596888795], [76.14443824513366, 10.62145663514019]]]}}, {"type": "Feature", "properties": {"ac_name": "OLLUR", "ac_no": 66, "ac_category": "GEN", "st_name": "KERALA"}, "geometry": {"type": "Polygon", "coordinates": [[[76.37496807601288, 10.60925623026948], [76.3793869280769, 10.60917809694509], [76.37601198456625, 10.60446402034486], [76.38368338145996, 10.59811060948424], [76.38686331268478, 10.60211577959951], [76.4028069945505, 10.5909897996807], [76.40926523990171, 10.57914485819805], [76.42053406169168, 10.57840957216049], [76.43075586463014, 10.5584275300617], [76.43905772257246, 10.55722154068022], [76.43298104743565, 10.534438648605], [76.44214811954751, 10.52351060148208], [76.45042389718067, 10.5217361215061], [76.46730244160109, 10.50273262917769], [76.47455368238734, 10.48747095937052], [76.47898631134564, 10.48645635469092], [76.47002403912268, 10.47943595655739], [76.45813326005666, 10.48110405876635], [76.44676701346943, 10.47085298593803], [76.44149338537692, 10.47529823377248], [76.42663657613795, 10.46875996173969], [76.39981206690513, 10.47307833591502], [76.37722166042508, 10.46608758897019], [76.37312509666279, 10.4569185980466], [76.36076620414603, 10.45287097004861], [76.33106580400758, 10.47397795772192], [76.29585465064686, 10.47557855613586], [76.28569466143375, 10.46864773882657], [76.27553582221084, 10.47215189598316], [76.25822651211608, 10.46265834133388], [76.24709160131508, 10.46311776647313], [76.24940177567042, 10.4545772641848], [76.24746832616403, 10.4474505789867], [76.24374603730489, 10.44868585600957], [76.24328829589751, 10.43700457737618], [76.23921393145373, 10.43126098984303], [76.24275706452345, 10.44000900573974], [76.23770591968638, 10.44486121114401], [76.23775501236375, 10.45489397523127], [76.23528955079452, 10.45644887245432], [76.2376185361713, 10.47712482650877], [76.22862775495678, 10.48146806906392], [76.22812130178804, 10.48840997232444], [76.23229038120208, 10.49162191979112], [76.22606580538299, 10.50480713471246], [76.22812779225859, 10.50997584246073], [76.23812071403617, 10.51266832547296], [76.23593459003253, 10.52003713830154], [76.24187124122638, 10.53190929664408], [76.25833491377523, 10.53467922676356], [76.25853926388103, 10.54340830162992], [76.25119854294047, 10.54951384146634], [76.25105072637145, 10.55592966309173], [76.25467793304352, 10.56805036837968], [76.26578761492104, 10.57759059945035], [76.26524681273662, 10.58479942495932], [76.27469767806018, 10.6016295091741], [76.28549229095343, 10.60303282888643], [76.29666903525388, 10.59821306771225], [76.32596832824873, 10.59913111871212], [76.3426668257484, 10.62036313327878], [76.35980660693752, 10.62078231907279], [76.37496807601288, 10.60925623026948]]]}}, {"type": "Feature", "properties": {"ac_name": "THRISSUR", "ac_no": 67, "ac_category": "GEN", "st_name": "KERALA"}, "geometry": {"type": "Polygon", "coordinates": [[[76.26524681273662, 10.58479942495932], [76.26578761492104, 10.57759059945035], [76.25467793304352, 10.56805036837968], [76.25105072637145, 10.55592966309173], [76.25119854294047, 10.54951384146634], [76.25853926388103, 10.54340830162992], [76.25833491377523, 10.53467922676356], [76.24187124122638, 10.53190929664408], [76.23593459003253, 10.52003713830154], [76.23812071403617, 10.51266832547296], [76.22812779225859, 10.50997584246073], [76.22606580538299, 10.50480713471246], [76.23229038120208, 10.49162191979112], [76.22812130178804, 10.48840997232444], [76.22862775495678, 10.48146806906392], [76.21932986190384, 10.47862375446451], [76.21901848702562, 10.47489026434656], [76.21350510026856, 10.47956806448054], [76.20446780006314, 10.47584078559661], [76.18820414349945, 10.4778459907599], [76.17430587905733, 10.48092198239972], [76.17837389100085, 10.4887466799338], [76.17538303826552, 10.50365542562779], [76.16998905325153, 10.5053888587477], [76.16401196391804, 10.49755247294452], [76.15837032338732, 10.5148585148887], [76.14824928017998, 10.51459580695804], [76.14907886712412, 10.53140344102411], [76.17000491397145, 10.53373204594509], [76.18158695348282, 10.5492378046492], [76.19947917884019, 10.55389983561966], [76.20423270944222, 10.55081692524368], [76.20921204905915, 10.55758872736616], [76.20727897089897, 10.5655893181038], [76.22433252741502, 10.56809652625112], [76.22729322435899, 10.57025522615145], [76.22449984021445, 10.5744660965913], [76.24057566872462, 10.5674015814147], [76.24300170566791, 10.57352161264847], [76.24988130014876, 10.57285241493235], [76.2483481193269, 10.58714049321362], [76.25770692041779, 10.58712648922443], [76.25768827179245, 10.57799402443886], [76.26524681273662, 10.58479942495932]]]}}, {"type": "Feature", "properties": {"ac_name": "NATTIKA", "ac_no": 68, "ac_category": "SC", "st_name": "KERALA"}, "geometry": {"type": "Polygon", "coordinates": [[[76.18820414349945, 10.4778459907599], [76.20446780006314, 10.47584078559661], [76.21350510026856, 10.47956806448054], [76.21901848702562, 10.47489026434656], [76.21932986190384, 10.47862375446451], [76.22862775495678, 10.48146806906392], [76.2376185361713, 10.47712482650877], [76.23528955079452, 10.45644887245432], [76.2315646247726, 10.45815025336345], [76.22393951903956, 10.45299367019119], [76.2194964238646, 10.44039630419294], [76.22427200816007, 10.4317516760774], [76.21804751403688, 10.42737166891617], [76.21660847419169, 10.4153734698426], [76.21907655741451, 10.41229438111124], [76.22157438442188, 10.41571621618707], [76.22270389284292, 10.40435951398738], [76.20855126070369, 10.4044488666547], [76.20446217449859, 10.41016116320487], [76.19182560802467, 10.41259996646966], [76.17115077226053, 10.40065392600616], [76.15291326218419, 10.40409249701877], [76.1490134085383, 10.39467920759162], [76.13890764253392, 10.38560476736672], [76.13443858545394, 10.39002456191962], [76.13715826065499, 10.39563490398066], [76.12701427180576, 10.40441031916334], [76.12315613202588, 10.40085208655012], [76.12583870997939, 10.39232406134272], [76.12256167249207, 10.38773771670338], [76.13257305673295, 10.36517722514213], [76.12407707373744, 10.36335278484799], [76.11945393727581, 10.35380187405684], [76.11023775678936, 10.3505058992473], [76.10046569253491, 10.38175953411603], [76.06711712087274, 10.45601590902039], [76.08989432687319, 10.46407565560295], [76.0979305453317, 10.46066166390628], [76.0997624092261, 10.4655929712475], [76.10435442633212, 10.46357832091618], [76.10906087885456, 10.46902389593357], [76.11252028087145, 10.46551705803667], [76.12497059735047, 10.47001767739407], [76.12707344802956, 10.47535462120663], [76.13233910015704, 10.46876178278553], [76.14782327971432, 10.47081329423827], [76.16106844305321, 10.46542171063592], [76.17430587905733, 10.48092198239972], [76.18820414349945, 10.4778459907599]]]}}, {"type": "Feature", "properties": {"ac_name": "PUTHUKKAD", "ac_no": 71, "ac_category": "GEN", "st_name": "KERALA"}, "geometry": {"type": "Polygon", "coordinates": [[[76.47898631134564, 10.48645635469092], [76.48797786299299, 10.48667819772306], [76.4902379533525, 10.4793233582428], [76.50138340904705, 10.47916467402815], [76.52294821709455, 10.46934995419833], [76.53646339967463, 10.44908000741885], [76.55733731523267, 10.44411054685512], [76.5587618682173, 10.43483827516877], [76.58250582444278, 10.43719830506974], [76.58696046067483, 10.43637004204523], [76.57974803883846, 10.4269619799687], [76.55475428396946, 10.41884899936569], [76.50102109787922, 10.38322867046646], [76.47400559835948, 10.38083970281894], [76.4737310565424, 10.37635574749916], [76.46620407562163, 10.37248421535069], [76.45216714788813, 10.37327941854042], [76.41816910452295, 10.36339923291424], [76.41133851802874, 10.3577590004437], [76.40108839813261, 10.36619416908657], [76.38597355434399, 10.37017014845659], [76.38048673291962, 10.37032935679701], [76.37867863009753, 10.36308124655563], [76.36362986484131, 10.36143173540448], [76.36151718173066, 10.36706456487102], [76.35321043678381, 10.36677362989509], [76.3384472756226, 10.37628464872088], [76.3333312574143, 10.37263883521377], [76.33541931143026, 10.36555028833891], [76.33170740493597, 10.36981110188272], [76.32376063978963, 10.36863667820453], [76.32268405009677, 10.3741702320151], [76.31522825917983, 10.37774086532677], [76.30970277881693, 10.37239212700657], [76.31382483105692, 10.38074414664747], [76.30334719356016, 10.38448464379598], [76.29064251209411, 10.37881241824502], [76.28820457386828, 10.37238364134868], [76.27530630736474, 10.37072131549371], [76.27582391727826, 10.38690963947891], [76.27018276670296, 10.39226225917097], [76.25343408735955, 10.39161331561241], [76.24383969609092, 10.38367512308102], [76.22270389284292, 10.40435951398738], [76.22157438442188, 10.41571621618707], [76.21907655741451, 10.41229438111124], [76.21660847419169, 10.4153734698426], [76.21804751403688, 10.42737166891617], [76.22427200816007, 10.4317516760774], [76.2194964238646, 10.44039630419294], [76.22393951903956, 10.45299367019119], [76.2315646247726, 10.45815025336345], [76.23528955079452, 10.45644887245432], [76.23775501236375, 10.45489397523127], [76.23770591968638, 10.44486121114401], [76.24275706452345, 10.44000900573974], [76.23921393145373, 10.43126098984303], [76.24328829589751, 10.43700457737618], [76.24374603730489, 10.44868585600957], [76.24746832616403, 10.4474505789867], [76.24940177567042, 10.4545772641848], [76.24709160131508, 10.46311776647313], [76.25822651211608, 10.46265834133388], [76.27553582221084, 10.47215189598316], [76.28569466143375, 10.46864773882657], [76.29585465064686, 10.47557855613586], [76.33106580400758, 10.47397795772192], [76.36076620414603, 10.45287097004861], [76.37312509666279, 10.4569185980466], [76.37722166042508, 10.46608758897019], [76.39981206690513, 10.47307833591502], [76.42663657613795, 10.46875996173969], [76.44149338537692, 10.47529823377248], [76.44676701346943, 10.47085298593803], [76.45813326005666, 10.48110405876635], [76.47002403912268, 10.47943595655739], [76.47898631134564, 10.48645635469092]]]}}, {"type": "Feature", "properties": {"ac_name": "CHALAKUDY", "ac_no": 72, "ac_category": "GEN", "st_name": "KERALA"}, "geometry": {"type": "Polygon", "coordinates": [[[76.58696046067483, 10.43637004204523], [76.6014190387641, 10.41881653976058], [76.60672776867078, 10.40023159109571], [76.61805566467378, 10.39111856117202], [76.62320472306426, 10.37979417383992], [76.62823345633356, 10.38392713947575], [76.63269273381884, 10.37724331282913], [76.64537454368694, 10.3836017867911], [76.65464449763557, 10.3775977569811], [76.66146358945808, 10.3863843881698], [76.66944998645123, 10.37486386887954], [76.68669903843609, 10.3640254077779], [76.70285635875102, 10.36371540032792], [76.70676949822607, 10.37124529593469], [76.71867303326539, 10.373651665701], [76.74894055638799, 10.36703270256535], [76.75574171678336, 10.36148973103432], [76.76316383705522, 10.36251170916829], [76.76333926145837, 10.35425018301145], [76.75233160175756, 10.34775952441199], [76.75444551541781, 10.33632970898298], [76.77154770297659, 10.33435442898088], [76.77743673646779, 10.34235964989329], [76.78701096687868, 10.33650026851034], [76.80418279270677, 10.33708001945877], [76.80550961971026, 10.34431983970404], [76.81651011271738, 10.34925981144714], [76.82782258848101, 10.33759187990623], [76.83757930813576, 10.3380272463484], [76.83003521723235, 10.30392321790693], [76.84079885767089, 10.29992014349859], [76.84458294165798, 10.29518441021633], [76.84205749757368, 10.29094285671858], [76.84856534711726, 10.28544058455492], [76.85224169295476, 10.28550869720982], [76.85497315962347, 10.29310584648668], [76.86270053850541, 10.29230617287073], [76.87319706035393, 10.29850647775519], [76.87333495533379, 10.2766680795661], [76.89751644975101, 10.26261522077526], [76.90111648796774, 10.25192896944283], [76.89523609459346, 10.25870532859239], [76.88910220758378, 10.25591143805603], [76.8778966615542, 10.26057882201604], [76.87933076429015, 10.26942009704977], [76.8752037641297, 10.2713957754308], [76.86655264334445, 10.26972586899684], [76.86553062600034, 10.27318460044061], [76.83593202559469, 10.28393285540009], [76.82911290058888, 10.27551729508912], [76.8261833903247, 10.28127494404637], [76.80959874810016, 10.28643661072413], [76.79682183288011, 10.27745902697468], [76.79290778688491, 10.28045593950842], [76.7753633696208, 10.27667478036571], [76.7690233400734, 10.26929869138458], [76.75925183170396, 10.2695366281113], [76.74906777178, 10.27856514518996], [76.72876638804641, 10.27095622075374], [76.70611404094177, 10.27026191852345], [76.69556516888686, 10.2646057081989], [76.68774376111949, 10.26734497513007], [76.66934324712031, 10.27228933620597], [76.6619714059089, 10.28068654215642], [76.64584675478486, 10.28094949117417], [76.64043520122887, 10.27495620210604], [76.62145594407352, 10.27421410861373], [76.61875740170066, 10.28098161775033], [76.60336905049428, 10.28082564718944], [76.5904251943613, 10.29263818186056], [76.5898685752665, 10.29974466484342], [76.57699834980457, 10.30329640151969], [76.56621138877934, 10.29421640373181], [76.57330643734242, 10.28501080777471], [76.55461183479473, 10.28349999076874], [76.54515316872353, 10.29022837049603], [76.52423855986132, 10.28486068444557], [76.49984654617742, 10.28840520394269], [76.49034733644608, 10.29438930159539], [76.47324573916777, 10.29182332036921], [76.4466183613666, 10.29735029072468], [76.43047289180156, 10.28976968766447], [76.41562671645124, 10.29419700649389], [76.41151292038967, 10.27877242574787], [76.40092457925194, 10.27633422514966], [76.3963793869863, 10.2677825541472], [76.39074811797714, 10.26642407786469], [76.39057783552026, 10.25576124830423], [76.37805387728967, 10.25520305761771], [76.37958998769929, 10.24544211070356], [76.35810642815001, 10.2370269277174], [76.35134504131321, 10.24182999715373], [76.35376370225103, 10.25887303136614], [76.33991217120766, 10.24952207418837], [76.32878594831313, 10.2490566877239], [76.32972634478786, 10.24255634266905], [76.32085545958881, 10.24303557746471], [76.31674842853454, 10.23679917540517], [76.31219903744591, 10.24044771882028], [76.31821171434741, 10.24852556254442], [76.30953157364931, 10.24773297874955], [76.30738762327138, 10.25248010901435], [76.28862114618781, 10.2568497483777], [76.29613135342952, 10.27058653862184], [76.29501962822145, 10.27796516384341], [76.30040217769722, 10.27229195808523], [76.30383627504015, 10.27590451873061], [76.30256622890985, 10.29132662814608], [76.31141706896508, 10.29319400545795], [76.31017748468713, 10.327102795241], [76.31564798735654, 10.34379026748322], [76.30657853182473, 10.34775159753832], [76.28905932853225, 10.34673195013899], [76.28367438011473, 10.36222469936276], [76.28820457386828, 10.37238364134868], [76.29064251209411, 10.37881241824502], [76.30334719356016, 10.38448464379598], [76.31382483105692, 10.38074414664747], [76.30970277881693, 10.37239212700657], [76.31522825917983, 10.37774086532677], [76.32268405009677, 10.3741702320151], [76.32376063978963, 10.36863667820453], [76.33170740493597, 10.36981110188272], [76.33541931143026, 10.36555028833891], [76.3333312574143, 10.37263883521377], [76.3384472756226, 10.37628464872088], [76.35321043678381, 10.36677362989509], [76.36151718173066, 10.36706456487102], [76.36362986484131, 10.36143173540448], [76.37867863009753, 10.36308124655563], [76.38048673291962, 10.37032935679701], [76.38597355434399, 10.37017014845659], [76.40108839813261, 10.36619416908657], [76.41133851802874, 10.3577590004437], [76.41816910452295, 10.36339923291424], [76.45216714788813, 10.37327941854042], [76.46620407562163, 10.37248421535069], [76.4737310565424, 10.37635574749916], [76.47400559835948, 10.38083970281894], [76.50102109787922, 10.38322867046646], [76.55475428396946, 10.41884899936569], [76.57974803883846, 10.4269619799687], [76.58696046067483, 10.43637004204523]]]}}, {"type": "Feature", "properties": {"ac_name": "IRINJALAKUDA", "ac_no": 70, "ac_category": "GEN", "st_name": "KERALA"}, "geometry": {"type": "Polygon", "coordinates": [[[76.22270389284292, 10.40435951398738], [76.24383969609092, 10.38367512308102], [76.25343408735955, 10.39161331561241], [76.27018276670296, 10.39226225917097], [76.27582391727826, 10.38690963947891], [76.27530630736474, 10.37072131549371], [76.28820457386828, 10.37238364134868], [76.28367438011473, 10.36222469936276], [76.28905932853225, 10.34673195013899], [76.30657853182473, 10.34775159753832], [76.31564798735654, 10.34379026748322], [76.31017748468713, 10.327102795241], [76.31141706896508, 10.29319400545795], [76.30256622890985, 10.29132662814608], [76.29661536152071, 10.28974505787621], [76.28591700939621, 10.30043494257441], [76.27907774496742, 10.28683969537187], [76.27512809207504, 10.28988879073826], [76.27101815486212, 10.28632886115276], [76.2652231150421, 10.2892898325316], [76.26476940385429, 10.29566655498727], [76.25373895090816, 10.29691187721598], [76.24905039675507, 10.28403997000141], [76.23856725733086, 10.28590246581183], [76.23797224562169, 10.28207059998811], [76.23114315233434, 10.28219132199004], [76.23188843300301, 10.2873156044301], [76.22902866978953, 10.28540950891924], [76.22724598450698, 10.29098210193687], [76.23285667832916, 10.30376017188513], [76.23143186908203, 10.31201928813524], [76.20661130019353, 10.31642774304958], [76.20382787755314, 10.3179665228622], [76.19891792333071, 10.31137895497558], [76.2086824321293, 10.31105785925691], [76.20518054240294, 10.29299967870924], [76.20282694532969, 10.29712735434488], [76.20010805920904, 10.29407183820179], [76.19557113491243, 10.29686436127757], [76.19759200001425, 10.29398598644253], [76.19455186873363, 10.29538548954631], [76.19172248094902, 10.2883513688777], [76.17649566950874, 10.28847950674725], [76.1640650895644, 10.30083540146795], [76.16831961348171, 10.31668096057655], [76.15924799459937, 10.31808366053211], [76.15525072930998, 10.32399328301619], [76.15901164904945, 10.32962269016337], [76.1530016587353, 10.3421458528298], [76.15965900778413, 10.35318096609721], [76.1527352558074, 10.35528114934612], [76.15712997210036, 10.36344001603419], [76.14520527834839, 10.38552413470209], [76.1490134085383, 10.39467920759162], [76.15291326218419, 10.40409249701877], [76.17115077226053, 10.40065392600616], [76.19182560802467, 10.41259996646966], [76.20446217449859, 10.41016116320487], [76.20855126070369, 10.4044488666547], [76.22270389284292, 10.40435951398738]]]}}, {"type": "Feature", "properties": {"ac_name": "KAIPAMANGALAM", "ac_no": 69, "ac_category": "GEN", "st_name": "KERALA"}, "geometry": {"type": "Polygon", "coordinates": [[[76.1490134085383, 10.39467920759162], [76.14520527834839, 10.38552413470209], [76.15712997210036, 10.36344001603419], [76.1527352558074, 10.35528114934612], [76.15965900778413, 10.35318096609721], [76.1530016587353, 10.3421458528298], [76.15901164904945, 10.32962269016337], [76.15525072930998, 10.32399328301619], [76.15924799459937, 10.31808366053211], [76.16831961348171, 10.31668096057655], [76.1640650895644, 10.30083540146795], [76.17649566950874, 10.28847950674725], [76.17963156991901, 10.26825779891271], [76.2005921285785, 10.25786376484106], [76.20013019367626, 10.24320751018478], [76.17667674414535, 10.23813846236588], [76.19041072530152, 10.2194245161115], [76.18017251864315, 10.217002381249], [76.1742058648575, 10.20974952009058], [76.179440447929, 10.18844657404714], [76.1751866027998, 10.18645544659784], [76.16711694464732, 10.18226652850106], [76.16267634319418, 10.18393518225802], [76.1534941512305, 10.20908624041329], [76.11023775678936, 10.3505058992473], [76.11945393727581, 10.35380187405684], [76.12407707373744, 10.36335278484799], [76.13257305673295, 10.36517722514213], [76.12256167249207, 10.38773771670338], [76.12583870997939, 10.39232406134272], [76.12315613202588, 10.40085208655012], [76.12701427180576, 10.40441031916334], [76.13715826065499, 10.39563490398066], [76.13443858545394, 10.39002456191962], [76.13890764253392, 10.38560476736672], [76.1490134085383, 10.39467920759162]]]}}, {"type": "Feature", "properties": {"ac_name": "DEVIKULAM", "ac_no": 88, "ac_category": "SC", "st_name": "KERALA"}, "geometry": {"type": "Polygon", "coordinates": [[[77.05091540177585, 10.2626578682316], [77.05284673464672, 10.27253953518266], [77.0435168660393, 10.28370513021723], [77.05650000519537, 10.28692265916152], [77.06621096766737, 10.29768053595719], [77.09123237712029, 10.31414849320777], [77.09310933587798, 10.31154401866954], [77.09593912447491, 10.30912609889046], [77.1016375763212, 10.31562409546801], [77.1204721151367, 10.31807894193834], [77.17650207186973, 10.35807377302939], [77.23577479016414, 10.3521618376254], [77.23628665802201, 10.33969915891826], [77.22910094422483, 10.33056824449991], [77.22774997470228, 10.31641476682743], [77.26292509827928, 10.2639047348837], [77.25688433625365, 10.25919767297365], [77.25931764901247, 10.23021479797768], [77.26940966315887, 10.23707519506675], [77.2881103895934, 10.23171154625573], [77.29501806879463, 10.21772526736093], [77.28311830181306, 10.20779327345712], [77.2840642787356, 10.19849318031665], [77.27521593338267, 10.18501639719231], [77.27139373626594, 10.14202157050922], [77.27501779575996, 10.1320900685022], [77.26652110279035, 10.12183857400491], [77.23917173551672, 10.13016219617544], [77.23013198078236, 10.12085203216552], [77.21653028678526, 10.11547247604536], [77.20719365860555, 10.11813823797366], [77.20128915623992, 10.10648330049969], [77.20487494840191, 10.08699014934157], [77.23146801532788, 10.06653110061521], [77.2619589181403, 10.03073167611773], [77.26188304590647, 10.02194316184524], [77.21468124478538, 10.01114155137972], [77.19737049480243, 10.01658845457716], [77.19480198939613, 10.02520068492172], [77.18294184784574, 10.02302362074915], [77.16832609638908, 10.02675753626841], [77.15358186073269, 10.00623204317625], [77.13866982086607, 10.01064380452097], [77.13661005876975, 9.98982306154532], [77.13215861512377, 9.9838500340558], [77.12258235422439, 9.989238967545765], [77.10884764757698, 9.989551990282619], [77.10437610847153, 9.979705653412571], [77.09459970784332, 9.980891911010767], [77.08527739600113, 9.972480721325082], [77.08108390675554, 9.979629607965286], [77.07368285542782, 9.98090956389099], [77.06624868876607, 9.988494806244146], [77.05782985675971, 9.978249297355159], [77.01725940015213, 9.973011011718366], [77.00193747070047, 9.980660285184358], [76.99286638930825, 9.961550484988724], [76.98242362659221, 9.951158315374077], [76.94693227796542, 9.964324963927146], [76.93961898477708, 9.9735471329291], [76.83969716530748, 10.02453237393379], [76.79704724076045, 10.0419421896689], [76.78596943830925, 10.05006372652985], [76.78180370801563, 10.0590159612581], [76.77506997207263, 10.06030385337306], [76.7695658239006, 10.06655795534483], [76.80692818897377, 10.06610800117114], [76.80085243725333, 10.06029606605438], [76.80419546439514, 10.05773760871692], [76.81137921975179, 10.05872024007442], [76.80981595549945, 10.0629594489008], [76.8250653814984, 10.06256875632307], [76.81632653509153, 10.06901274641956], [76.81387063272366, 10.0810226216074], [76.82500717859794, 10.08966687212267], [76.86485975742762, 10.07379191866714], [76.86675421662443, 10.09475860879229], [76.89344846974338, 10.13336030474208], [76.90378543196758, 10.14022563645873], [76.90332234724634, 10.14918663231511], [76.91251647315, 10.16568510810141], [76.9270088277199, 10.17909193532223], [76.95381438983478, 10.16971274094376], [76.9672028343827, 10.16050299791037], [76.98324803022196, 10.16578530681871], [76.98893970751386, 10.16107272945954], [76.99792581435862, 10.16239721764989], [77.00205911094527, 10.17062445389514], [77.02341142528422, 10.17890926211119], [77.0291746104213, 10.17254587347262], [77.0570519910545, 10.1775746507233], [77.06186523056516, 10.16970771507896], [77.07659023073307, 10.1760912494338], [77.08390266192986, 10.17395687347798], [77.08753924174593, 10.18596439244675], [77.07563987349735, 10.19631702404374], [77.06624212747374, 10.19634485266423], [77.06772947708981, 10.20562745731798], [77.06397544837246, 10.21136835822385], [77.05450873134652, 10.21139641707843], [77.03975342129861, 10.20342993332689], [77.01967520427257, 10.21373307454422], [77.02225632400896, 10.21718814367577], [77.0137233651862, 10.22268660018716], [77.02273462824074, 10.22932439253125], [77.04542146219356, 10.23372969899542], [77.04796342190619, 10.23082125935007], [77.06030700266942, 10.2360723695224], [77.06155143576896, 10.24786917341801], [77.05091540177585, 10.2626578682316]]]}}, {"type": "Feature", "properties": {"ac_name": "KODUNGALLUR", "ac_no": 73, "ac_category": "GEN", "st_name": "KERALA"}, "geometry": {"type": "Polygon", "coordinates": [[[76.20661130019353, 10.31642774304958], [76.23143186908203, 10.31201928813524], [76.23285667832916, 10.30376017188513], [76.22724598450698, 10.29098210193687], [76.22902866978953, 10.28540950891924], [76.23188843300301, 10.2873156044301], [76.23114315233434, 10.28219132199004], [76.23797224562169, 10.28207059998811], [76.23856725733086, 10.28590246581183], [76.24905039675507, 10.28403997000141], [76.25373895090816, 10.29691187721598], [76.26476940385429, 10.29566655498727], [76.2652231150421, 10.2892898325316], [76.27101815486212, 10.28632886115276], [76.27512809207504, 10.28988879073826], [76.27907774496742, 10.28683969537187], [76.28591700939621, 10.30043494257441], [76.29661536152071, 10.28974505787621], [76.30256622890985, 10.29132662814608], [76.30383627504015, 10.27590451873061], [76.30040217769722, 10.27229195808523], [76.29501962822145, 10.27796516384341], [76.29613135342952, 10.27058653862184], [76.28862114618781, 10.2568497483777], [76.30738762327138, 10.25248010901435], [76.30953157364931, 10.24773297874955], [76.31821171434741, 10.24852556254442], [76.31219903744591, 10.24044771882028], [76.31674842853454, 10.23679917540517], [76.32085545958881, 10.24303557746471], [76.32972634478786, 10.24255634266905], [76.32878594831313, 10.2490566877239], [76.33991217120766, 10.24952207418837], [76.35376370225103, 10.25887303136614], [76.35134504131321, 10.24182999715373], [76.35810642815001, 10.2370269277174], [76.3396038520913, 10.2319773697375], [76.34110098181797, 10.2267271951126], [76.3309228055394, 10.20902735508375], [76.31023727103512, 10.20581460145364], [76.31205108330553, 10.18290803575285], [76.30200054523294, 10.18566952407921], [76.29663321575065, 10.17612842123307], [76.27402423129656, 10.17507001775895], [76.27214508312812, 10.18436382557522], [76.26112026293858, 10.18981510818213], [76.25959968154832, 10.19716565238939], [76.26368046313412, 10.19998618955222], [76.21979293927026, 10.20708321879063], [76.21163769824499, 10.20096908824137], [76.21348355807653, 10.19419060018216], [76.179440447929, 10.18844657404714], [76.1742058648575, 10.20974952009058], [76.18017251864315, 10.217002381249], [76.19041072530152, 10.2194245161115], [76.17667674414535, 10.23813846236588], [76.20013019367626, 10.24320751018478], [76.2005921285785, 10.25786376484106], [76.17963156991901, 10.26825779891271], [76.17649566950874, 10.28847950674725], [76.19172248094902, 10.2883513688777], [76.19455186873363, 10.29538548954631], [76.19759200001425, 10.29398598644253], [76.19557113491243, 10.29686436127757], [76.20010805920904, 10.29407183820179], [76.20282694532969, 10.29712735434488], [76.20518054240294, 10.29299967870924], [76.2086824321293, 10.31105785925691], [76.19891792333071, 10.31137895497558], [76.20382787755314, 10.3179665228622], [76.20661130019353, 10.31642774304958]]]}}, {"type": "Feature", "properties": {"ac_name": "ANGAMALY", "ac_no": 75, "ac_category": "GEN", "st_name": "KERALA"}, "geometry": {"type": "Polygon", "coordinates": [[[76.68774376111949, 10.26734497513007], [76.67961426579124, 10.25152111895695], [76.67357482824202, 10.21573636448435], [76.65147140771658, 10.19112666081108], [76.64146947944313, 10.16163032665498], [76.62863409873111, 10.17549177233122], [76.61357638097182, 10.17188198419027], [76.60334425983567, 10.17701785503055], [76.59282608768501, 10.1759928891199], [76.55627962663637, 10.19853658020021], [76.51658262640873, 10.19489821489336], [76.50242447028096, 10.18268925364052], [76.4718483725812, 10.18418429324349], [76.4596167910235, 10.17289126309708], [76.43891840804136, 10.16295349633283], [76.43016919427299, 10.16455347855112], [76.41730248452906, 10.15653025793851], [76.4098953477727, 10.16036875236501], [76.40333094484953, 10.15362876023947], [76.39489719532601, 10.15287191856074], [76.38969754492352, 10.16329826372727], [76.39527874853471, 10.16661561498028], [76.39373715812224, 10.17729122190268], [76.37279681360114, 10.17641698423924], [76.3468666630005, 10.18831936908578], [76.34383393814612, 10.19111221994811], [76.3364342749474, 10.18619208843759], [76.3391968719593, 10.17555173572898], [76.3278750041067, 10.16545591544779], [76.32019196802055, 10.17026746379845], [76.32309314276026, 10.1798042172867], [76.32321385096395, 10.18376429635807], [76.31716763931358, 10.17940756785222], [76.31178692632126, 10.18147437002072], [76.31205108330553, 10.18290803575285], [76.31023727103512, 10.20581460145364], [76.3309228055394, 10.20902735508375], [76.34110098181797, 10.2267271951126], [76.3396038520913, 10.2319773697375], [76.35810642815001, 10.2370269277174], [76.37958998769929, 10.24544211070356], [76.37805387728967, 10.25520305761771], [76.39057783552026, 10.25576124830423], [76.39074811797714, 10.26642407786469], [76.3963793869863, 10.2677825541472], [76.40092457925194, 10.27633422514966], [76.41151292038967, 10.27877242574787], [76.41562671645124, 10.29419700649389], [76.43047289180156, 10.28976968766447], [76.4466183613666, 10.29735029072468], [76.47324573916777, 10.29182332036921], [76.49034733644608, 10.29438930159539], [76.49984654617742, 10.28840520394269], [76.52423855986132, 10.28486068444557], [76.54515316872353, 10.29022837049603], [76.55461183479473, 10.28349999076874], [76.57330643734242, 10.28501080777471], [76.56621138877934, 10.29421640373181], [76.57699834980457, 10.30329640151969], [76.5898685752665, 10.29974466484342], [76.5904251943613, 10.29263818186056], [76.60336905049428, 10.28082564718944], [76.61875740170066, 10.28098161775033], [76.62145594407352, 10.27421410861373], [76.64043520122887, 10.27495620210604], [76.64584675478486, 10.28094949117417], [76.6619714059089, 10.28068654215642], [76.66934324712031, 10.27228933620597], [76.68774376111949, 10.26734497513007]]]}}, {"type": "Feature", "properties": {"ac_name": "KOTHAMANGALAM", "ac_no": 87, "ac_category": "GEN", "st_name": "KERALA"}, "geometry": {"type": "Polygon", "coordinates": [[[76.68774376111949, 10.26734497513007], [76.69556516888686, 10.2646057081989], [76.70611404094177, 10.27026191852345], [76.72876638804641, 10.27095622075374], [76.74906777178, 10.27856514518996], [76.75925183170396, 10.2695366281113], [76.7690233400734, 10.26929869138458], [76.7753633696208, 10.27667478036571], [76.79290778688491, 10.28045593950842], [76.79682183288011, 10.27745902697468], [76.80959874810016, 10.28643661072413], [76.8261833903247, 10.28127494404637], [76.82911290058888, 10.27551729508912], [76.83593202559469, 10.28393285540009], [76.86553062600034, 10.27318460044061], [76.86655264334445, 10.26972586899684], [76.8752037641297, 10.2713957754308], [76.87933076429015, 10.26942009704977], [76.8778966615542, 10.26057882201604], [76.88910220758378, 10.25591143805603], [76.89523609459346, 10.25870532859239], [76.90111648796774, 10.25192896944283], [76.90558527321402, 10.24819573767671], [76.90313569304126, 10.24058192955738], [76.90838989094912, 10.24112799927107], [76.91276720189715, 10.23501389425348], [76.9216869170298, 10.23246244867512], [76.93948701256491, 10.23918244277602], [76.95072646348409, 10.23275012356056], [76.96867524202902, 10.2310522981988], [76.98257550559666, 10.22039841954088], [77.01511683575025, 10.24486834001284], [77.04044308494525, 10.25271489373635], [77.05091540177585, 10.2626578682316], [77.06155143576896, 10.24786917341801], [77.06030700266942, 10.2360723695224], [77.04796342190619, 10.23082125935007], [77.04542146219356, 10.23372969899542], [77.02273462824074, 10.22932439253125], [77.0137233651862, 10.22268660018716], [77.02225632400896, 10.21718814367577], [77.01967520427257, 10.21373307454422], [77.03975342129861, 10.20342993332689], [77.05450873134652, 10.21139641707843], [77.06397544837246, 10.21136835822385], [77.06772947708981, 10.20562745731798], [77.06624212747374, 10.19634485266423], [77.07563987349735, 10.19631702404374], [77.08753924174593, 10.18596439244675], [77.08390266192986, 10.17395687347798], [77.07659023073307, 10.1760912494338], [77.06186523056516, 10.16970771507896], [77.0570519910545, 10.1775746507233], [77.0291746104213, 10.17254587347262], [77.02341142528422, 10.17890926211119], [77.00205911094527, 10.17062445389514], [76.99792581435862, 10.16239721764989], [76.98893970751386, 10.16107272945954], [76.98324803022196, 10.16578530681871], [76.9672028343827, 10.16050299791037], [76.95381438983478, 10.16971274094376], [76.9270088277199, 10.17909193532223], [76.91251647315, 10.16568510810141], [76.90332234724634, 10.14918663231511], [76.90378543196758, 10.14022563645873], [76.89344846974338, 10.13336030474208], [76.86675421662443, 10.09475860879229], [76.86485975742762, 10.07379191866714], [76.82500717859794, 10.08966687212267], [76.81387063272366, 10.0810226216074], [76.81632653509153, 10.06901274641956], [76.8250653814984, 10.06256875632307], [76.80981595549945, 10.0629594489008], [76.81137921975179, 10.05872024007442], [76.80419546439514, 10.05773760871692], [76.80085243725333, 10.06029606605438], [76.80692818897377, 10.06610800117114], [76.7695658239006, 10.06655795534483], [76.77506997207263, 10.06030385337306], [76.76714664286165, 10.06170676825664], [76.7414040163744, 10.08537632556705], [76.7264945892569, 10.09288167882859], [76.67703964344253, 10.13933844912804], [76.67049475706041, 10.14307537424738], [76.65872806156712, 10.13883962770427], [76.64160339840689, 10.16138478124613], [76.64146947944313, 10.16163032665498], [76.65147140771658, 10.19112666081108], [76.67357482824202, 10.21573636448435], [76.67961426579124, 10.25152111895695], [76.68774376111949, 10.26734497513007]]]}}, {"type": "Feature", "properties": {"ac_name": "PARAVUR", "ac_no": 78, "ac_category": "GEN", "st_name": "KERALA"}, "geometry": {"type": "Polygon", "coordinates": [[[76.179440447929, 10.18844657404714], [76.21348355807653, 10.19419060018216], [76.21163769824499, 10.20096908824137], [76.21979293927026, 10.20708321879063], [76.26368046313412, 10.19998618955222], [76.25959968154832, 10.19716565238939], [76.26112026293858, 10.18981510818213], [76.27214508312812, 10.18436382557522], [76.27402423129656, 10.17507001775895], [76.29663321575065, 10.17612842123307], [76.30200054523294, 10.18566952407921], [76.31205108330553, 10.18290803575285], [76.31178692632126, 10.18147437002072], [76.3053862669719, 10.17036621014838], [76.29911129705555, 10.17030523013888], [76.29939137900982, 10.16602722994601], [76.290871742024, 10.161688679174], [76.28633916222246, 10.15330624044116], [76.28131822369316, 10.15406296768854], [76.27850979920375, 10.14783883119188], [76.27188540912933, 10.14820825488254], [76.26410885441675, 10.15972665966824], [76.25473268565531, 10.1645683232774], [76.25469868686497, 10.15613216496845], [76.26108164829583, 10.14994984692283], [76.26111443980251, 10.14084414013028], [76.2702412268293, 10.12709625707554], [76.2698233771854, 10.11820474901487], [76.26456352967978, 10.11618577026647], [76.26869022071175, 10.10389499852325], [76.26498163424988, 10.09706820624944], [76.26717679276054, 10.08893508471014], [76.2842743608435, 10.08622792455065], [76.28148597628669, 10.07308771157041], [76.28076367059292, 10.06410690523173], [76.25909447072033, 10.06253053527612], [76.25409126923316, 10.07114433572051], [76.22892941462833, 10.07205683487321], [76.22318729352513, 10.09442190811143], [76.19367890628652, 10.16284685897956], [76.17861935239749, 10.17434917455376], [76.1751866027998, 10.18645544659784], [76.179440447929, 10.18844657404714]]]}}, {"type": "Feature", "properties": {"ac_name": "VYPEEN", "ac_no": 79, "ac_category": "GEN", "st_name": "KERALA"}, "geometry": {"type": "Polygon", "coordinates": [[[76.1751866027998, 10.18645544659784], [76.17861935239749, 10.17434917455376], [76.19367890628652, 10.16284685897956], [76.22318729352513, 10.09442190811143], [76.22892941462833, 10.07205683487321], [76.25409126923316, 10.07114433572051], [76.25909447072033, 10.06253053527612], [76.28076367059292, 10.06410690523173], [76.2797300091679, 10.04785300729065], [76.26775168232354, 10.04580990853106], [76.26870046302167, 10.03270346385124], [76.25778681184497, 10.02639268944876], [76.25977372543312, 10.02110918261048], [76.2678361222853, 10.02178390939361], [76.27146827738342, 10.01015028918147], [76.27372827611195, 10.00136143010322], [76.26960845641855, 9.983549943268303], [76.25656249412575, 9.977124981364838], [76.25778612830959, 9.985710744214332], [76.25138172418602, 9.980648401410473], [76.24583002438949, 9.987158094006771], [76.24022782563648, 9.974552348049174], [76.2388178183686, 9.984642746565768], [76.22566588472375, 9.990426958197284], [76.22067813384639, 9.998922258750298], [76.16745670466302, 10.1711085868486], [76.16711694464732, 10.18226652850106], [76.1751866027998, 10.18645544659784]]]}}, {"type": "Feature", "properties": {"ac_name": "ALUVA", "ac_no": 76, "ac_category": "GEN", "st_name": "KERALA"}, "geometry": {"type": "Polygon", "coordinates": [[[76.3468666630005, 10.18831936908578], [76.37279681360114, 10.17641698423924], [76.39373715812224, 10.17729122190268], [76.39527874853471, 10.16661561498028], [76.38969754492352, 10.16329826372727], [76.39489719532601, 10.15287191856074], [76.40333094484953, 10.15362876023947], [76.4098953477727, 10.16036875236501], [76.41730248452906, 10.15653025793851], [76.43016919427299, 10.16455347855112], [76.43891840804136, 10.16295349633283], [76.42941841379785, 10.14642337355112], [76.4496798716202, 10.14479276205594], [76.44905825900462, 10.13843032175836], [76.45709043700536, 10.1326716198987], [76.45193704171547, 10.12203886180078], [76.44467891478703, 10.11942109874623], [76.43441084302299, 10.12286129214372], [76.41194036476378, 10.11454463922535], [76.4088042927011, 10.09528493295778], [76.39861612284936, 10.07508345029257], [76.39793361334044, 10.06052872752806], [76.3808695356665, 10.03704748064605], [76.37142605682908, 10.04908343646833], [76.36212284902126, 10.04741714674481], [76.3464857497625, 10.07830577559317], [76.33029411485819, 10.06596022942204], [76.32595414269085, 10.06752265900137], [76.33489376456988, 10.08078928193955], [76.3347969787793, 10.09150432146326], [76.34381634106448, 10.09376495935402], [76.34688894488758, 10.10750074315464], [76.34599314771683, 10.11260418646342], [76.33707155550434, 10.11322813940407], [76.33585791347892, 10.1188212508043], [76.3218335118087, 10.12115454817119], [76.33085506923776, 10.12671812981896], [76.32716224909895, 10.13864550128589], [76.3278750041067, 10.16545591544779], [76.3391968719593, 10.17555173572898], [76.3364342749474, 10.18619208843759], [76.34383393814612, 10.19111221994811], [76.3468666630005, 10.18831936908578]]]}}, {"type": "Feature", "properties": {"ac_name": "PERUMBAVOOR", "ac_no": 74, "ac_category": "GEN", "st_name": "KERALA"}, "geometry": {"type": "Polygon", "coordinates": [[[76.43891840804136, 10.16295349633283], [76.4596167910235, 10.17289126309708], [76.4718483725812, 10.18418429324349], [76.50242447028096, 10.18268925364052], [76.51658262640873, 10.19489821489336], [76.55627962663637, 10.19853658020021], [76.59282608768501, 10.1759928891199], [76.60334425983567, 10.17701785503055], [76.61357638097182, 10.17188198419027], [76.62863409873111, 10.17549177233122], [76.64146947944313, 10.16163032665498], [76.64160339840689, 10.16138478124613], [76.63691325342069, 10.15000025569573], [76.60811889198892, 10.15100099784627], [76.60014815070319, 10.14552012376422], [76.58550868568209, 10.14388726187857], [76.57912614791958, 10.13754817082613], [76.57179864496077, 10.10563564479918], [76.5747616576397, 10.09009339651244], [76.56841944830809, 10.08334692939123], [76.55827132214137, 10.08447515350376], [76.55724518683057, 10.07412759234142], [76.56232801194199, 10.06306901714341], [76.556781316565, 10.05450105361039], [76.55238249538473, 10.05889795471557], [76.54463224698607, 10.04923866439549], [76.5396807571309, 10.05246506628492], [76.52805325890627, 10.05056118632391], [76.52633083362214, 10.05483223505937], [76.52062794046876, 10.05255292597348], [76.50476106169761, 10.06391806531431], [76.49472065070921, 10.06488551636426], [76.48395621666641, 10.04797076841581], [76.47351700124123, 10.04358348800752], [76.4642473783963, 10.049352012235], [76.45723469240147, 10.04807656308176], [76.4382127906216, 10.06458805430625], [76.43402595305095, 10.06407547620964], [76.43255505345923, 10.08694156797371], [76.43795824145026, 10.09160627672547], [76.43984141670086, 10.10262885499852], [76.45062153183098, 10.10658273626582], [76.46247515964936, 10.10374156233436], [76.46581746238228, 10.11442705713848], [76.46006337193806, 10.12123428918711], [76.45193704171547, 10.12203886180078], [76.45709043700536, 10.1326716198987], [76.44905825900462, 10.13843032175836], [76.4496798716202, 10.14479276205594], [76.42941841379785, 10.14642337355112], [76.43891840804136, 10.16295349633283]]]}}, {"type": "Feature", "properties": {"ac_name": "KALAMASSERY", "ac_no": 77, "ac_category": "GEN", "st_name": "KERALA"}, "geometry": {"type": "Polygon", "coordinates": [[[76.32309314276026, 10.1798042172867], [76.32019196802055, 10.17026746379845], [76.3278750041067, 10.16545591544779], [76.32716224909895, 10.13864550128589], [76.33085506923776, 10.12671812981896], [76.3218335118087, 10.12115454817119], [76.33585791347892, 10.1188212508043], [76.33707155550434, 10.11322813940407], [76.34599314771683, 10.11260418646342], [76.34688894488758, 10.10750074315464], [76.34381634106448, 10.09376495935402], [76.3347969787793, 10.09150432146326], [76.33489376456988, 10.08078928193955], [76.32595414269085, 10.06752265900137], [76.33029411485819, 10.06596022942204], [76.3464857497625, 10.07830577559317], [76.36212284902126, 10.04741714674481], [76.37142605682908, 10.04908343646833], [76.3808695356665, 10.03704748064605], [76.37933354972296, 10.01807695960131], [76.36905533930145, 10.00570922401162], [76.36745196081573, 9.995434809422266], [76.36076713254195, 9.991640878338517], [76.35645908460366, 9.991808716100339], [76.35011065308188, 9.992086880942347], [76.3498652373441, 10.01755994855835], [76.35414622543593, 10.02498497966342], [76.35067450647823, 10.03131013807656], [76.33616322224358, 10.03984567256625], [76.3323835110167, 10.03242338712975], [76.31014276254103, 10.02495544807112], [76.29958245984459, 10.04542931137111], [76.29840857800589, 10.04877941527401], [76.29284370635312, 10.05767631652975], [76.29433914392474, 10.06566390223501], [76.28148597628669, 10.07308771157041], [76.2842743608435, 10.08622792455065], [76.26717679276054, 10.08893508471014], [76.26498163424988, 10.09706820624944], [76.26869022071175, 10.10389499852325], [76.26456352967978, 10.11618577026647], [76.2698233771854, 10.11820474901487], [76.2702412268293, 10.12709625707554], [76.26111443980251, 10.14084414013028], [76.26108164829583, 10.14994984692283], [76.25469868686497, 10.15613216496845], [76.25473268565531, 10.1645683232774], [76.26410885441675, 10.15972665966824], [76.27188540912933, 10.14820825488254], [76.27850979920375, 10.14783883119188], [76.28131822369316, 10.15406296768854], [76.28633916222246, 10.15330624044116], [76.290871742024, 10.161688679174], [76.29939137900982, 10.16602722994601], [76.29911129705555, 10.17030523013888], [76.3053862669719, 10.17036621014838], [76.31178692632126, 10.18147437002072], [76.31716763931358, 10.17940756785222], [76.32321385096395, 10.18376429635807], [76.32309314276026, 10.1798042172867]]]}}, {"type": "Feature", "properties": {"ac_name": "KUNNATHUNAD", "ac_no": 84, "ac_category": "SC", "st_name": "KERALA"}, "geometry": {"type": "Polygon", "coordinates": [[[76.45193704171547, 10.12203886180078], [76.46006337193806, 10.12123428918711], [76.46581746238228, 10.11442705713848], [76.46247515964936, 10.10374156233436], [76.45062153183098, 10.10658273626582], [76.43984141670086, 10.10262885499852], [76.43795824145026, 10.09160627672547], [76.43255505345923, 10.08694156797371], [76.43402595305095, 10.06407547620964], [76.4382127906216, 10.06458805430625], [76.45723469240147, 10.04807656308176], [76.4642473783963, 10.049352012235], [76.47351700124123, 10.04358348800752], [76.48395621666641, 10.04797076841581], [76.49472065070921, 10.06488551636426], [76.50476106169761, 10.06391806531431], [76.52062794046876, 10.05255292597348], [76.52633083362214, 10.05483223505937], [76.52805325890627, 10.05056118632391], [76.5396807571309, 10.05246506628492], [76.54463224698607, 10.04923866439549], [76.53872715808704, 10.04565230519903], [76.53788944654652, 10.0258554661664], [76.54509449763273, 10.00909062635098], [76.54008365109787, 10.00444887961116], [76.5290257523428, 10.00893872310832], [76.51081623186863, 10.00032381539745], [76.50579650705845, 9.993818317076517], [76.50634079589443, 9.973268638484917], [76.49399931947053, 9.967063124823106], [76.50267448558719, 9.960292625116322], [76.49984335461518, 9.955621465314506], [76.48696926942786, 9.954250607372446], [76.47190080475276, 9.937611879511302], [76.45933911316372, 9.945071877490099], [76.45364274724352, 9.9416291800523], [76.44512239885842, 9.944247565767368], [76.44390796080053, 9.932683513687355], [76.43867785050156, 9.926322452279088], [76.44139010832409, 9.91992299635683], [76.42561758395425, 9.913533979602574], [76.42104514097745, 9.914643157843432], [76.41694031801161, 9.927224245811257], [76.37899239668606, 9.94247757413705], [76.37153387982652, 9.951568394777329], [76.37414099037592, 9.958972136061877], [76.3580592942755, 9.97523652631414], [76.35951321336512, 9.981465403150041], [76.35579755942662, 9.979653825446825], [76.36076713254195, 9.991640878338517], [76.36745196081573, 9.995434809422266], [76.36905533930145, 10.00570922401162], [76.37933354972296, 10.01807695960131], [76.3808695356665, 10.03704748064605], [76.39793361334044, 10.06052872752806], [76.39861612284936, 10.07508345029257], [76.4088042927011, 10.09528493295778], [76.41194036476378, 10.11454463922535], [76.43441084302299, 10.12286129214372], [76.44467891478703, 10.11942109874623], [76.45193704171547, 10.12203886180078]]]}}, {"type": "Feature", "properties": {"ac_name": "ERNAKULAM", "ac_no": 82, "ac_category": "GEN", "st_name": "KERALA"}, "geometry": {"type": "Polygon", "coordinates": [[[76.29433914392474, 10.06566390223501], [76.29284370635312, 10.05767631652975], [76.29840857800589, 10.04877941527401], [76.28744427050468, 10.03869933344042], [76.29034503654844, 10.03029194809388], [76.28249313408291, 10.02192641248658], [76.29264349240485, 9.994606371640282], [76.29097202725482, 9.982405745448679], [76.29814651974573, 9.972083325186299], [76.30010005626613, 9.954081708423358], [76.29682014414242, 9.953728173647763], [76.29809935808773, 9.946177175196986], [76.28974705595212, 9.943135862794634], [76.26960845641855, 9.983549943268303], [76.27372827611195, 10.00136143010322], [76.27146827738342, 10.01015028918147], [76.2678361222853, 10.02178390939361], [76.25977372543312, 10.02110918261048], [76.25778681184497, 10.02639268944876], [76.26870046302167, 10.03270346385124], [76.26775168232354, 10.04580990853106], [76.2797300091679, 10.04785300729065], [76.28076367059292, 10.06410690523173], [76.28148597628669, 10.07308771157041], [76.29433914392474, 10.06566390223501]]]}}, {"type": "Feature", "properties": {"ac_name": "MUVATTUPUZHA", "ac_no": 86, "ac_category": "GEN", "st_name": "KERALA"}, "geometry": {"type": "Polygon", "coordinates": [[[76.556781316565, 10.05450105361039], [76.56983202244693, 10.04806528734604], [76.57769427262785, 10.0345388500593], [76.58581501280933, 10.03777305094063], [76.59805483898229, 10.03217059863408], [76.59992902569289, 10.00918473351326], [76.59388178601044, 10.00376206598163], [76.5995885587327, 9.999372135483378], [76.61269759777727, 10.00447646128821], [76.6281462382442, 10.00106974507764], [76.64534501752672, 10.01401824426599], [76.65223404116574, 10.01455793542413], [76.6557567429177, 10.01945914430203], [76.65347627034349, 10.02923245558711], [76.66292738171431, 10.02872612559408], [76.67463429681239, 10.02133695040622], [76.73340239496774, 10.02737235152369], [76.76955211399451, 10.01810469385966], [76.76420836172512, 10.01098739916077], [76.76845241937309, 10.0015680310971], [76.76596004562512, 9.997224042692174], [76.77016982032342, 9.994528700702329], [76.76462976463749, 9.993242247425792], [76.76496048301644, 9.989517248668442], [76.75994328446512, 9.991742262083743], [76.76580960214096, 9.9814312356919], [76.74423209045342, 9.991441832696502], [76.72621416751389, 9.98171142750278], [76.7196262321347, 9.987563353383738], [76.7099333417376, 9.988597016653038], [76.71333360829627, 9.978679162120164], [76.7084576573455, 9.975912291191605], [76.72304732090961, 9.953127840588897], [76.71352805272436, 9.949670104144362], [76.71142243571505, 9.94461166069762], [76.70546692687336, 9.946032004027584], [76.69782190165766, 9.929752473232337], [76.69321135012903, 9.932421564936796], [76.69166445539562, 9.92565002516704], [76.6866218624096, 9.923640622499564], [76.69867344242546, 9.918692610519743], [76.69593001597225, 9.90915838301451], [76.6832634725783, 9.911258037980451], [76.68152166829539, 9.918223703488092], [76.66145512783923, 9.917136868007914], [76.64899189598718, 9.922209042610511], [76.63010534423091, 9.9156029972827], [76.62872303918482, 9.900232366973297], [76.63680518263921, 9.874210199923835], [76.63187932994033, 9.872198546498296], [76.63506729941595, 9.865385133393678], [76.62938078170703, 9.855940691082791], [76.61978037619382, 9.857278235392688], [76.60964752642663, 9.851398748816823], [76.61044944384368, 9.859791723326037], [76.58427007061418, 9.89337749222691], [76.58253146663203, 9.911929127509593], [76.56327787766863, 9.919934812279728], [76.53983540305578, 9.942947533556847], [76.54627577234916, 9.955889763485896], [76.54319936770297, 9.959136526017817], [76.548279508982, 9.964944656052397], [76.54721058453566, 9.97124725565174], [76.53043614299229, 9.963141515584448], [76.51373721196876, 9.973176989556546], [76.50634079589443, 9.973268638484917], [76.50579650705845, 9.993818317076517], [76.51081623186863, 10.00032381539745], [76.5290257523428, 10.00893872310832], [76.54008365109787, 10.00444887961116], [76.54509449763273, 10.00909062635098], [76.53788944654652, 10.0258554661664], [76.53872715808704, 10.04565230519903], [76.54463224698607, 10.04923866439549], [76.55238249538473, 10.05889795471557], [76.556781316565, 10.05450105361039]]]}}, {"type": "Feature", "properties": {"ac_name": "THRIKKAKARA", "ac_no": 83, "ac_category": "GEN", "st_name": "KERALA"}, "geometry": {"type": "Polygon", "coordinates": [[[76.29958245984459, 10.04542931137111], [76.31014276254103, 10.02495544807112], [76.3323835110167, 10.03242338712975], [76.33616322224358, 10.03984567256625], [76.35067450647823, 10.03131013807656], [76.35414622543593, 10.02498497966342], [76.3498652373441, 10.01755994855835], [76.35011065308188, 9.992086880942347], [76.34307907340667, 9.980435223849526], [76.33699779385948, 9.980548052113447], [76.33678349196394, 9.98853280175119], [76.3309655641582, 9.99130936767138], [76.32490028746207, 9.98473266295489], [76.33207202124845, 9.97942824115011], [76.3251556592666, 9.977728425058853], [76.32021661465085, 9.96438334091377], [76.33090089889711, 9.959503927174334], [76.31454440506833, 9.954135307658458], [76.30630218255365, 9.945937181166201], [76.30283189261172, 9.936795466111912], [76.30737006294535, 9.927703624349501], [76.30081192369225, 9.922805980700096], [76.28974705595212, 9.943135862794634], [76.29809935808773, 9.946177175196986], [76.29682014414242, 9.953728173647763], [76.30010005626613, 9.954081708423358], [76.29814651974573, 9.972083325186299], [76.29097202725482, 9.982405745448679], [76.29264349240485, 9.994606371640282], [76.28249313408291, 10.02192641248658], [76.29034503654844, 10.03029194809388], [76.28744427050468, 10.03869933344042], [76.29840857800589, 10.04877941527401], [76.29958245984459, 10.04542931137111]]]}}, {"type": "Feature", "properties": {"ac_name": "THODUPUZHA", "ac_no": 90, "ac_category": "GEN", "st_name": "KERALA"}, "geometry": {"type": "Polygon", "coordinates": [[[76.83969716530748, 10.02453237393379], [76.93961898477708, 9.9735471329291], [76.94693227796542, 9.964324963927146], [76.98242362659221, 9.951158315374077], [76.97050829476849, 9.932571460937943], [76.97853573345469, 9.92335335946588], [76.97162403195883, 9.913292220399217], [76.97632862647062, 9.906390442788314], [76.97331263050471, 9.899772780734041], [76.97685781554652, 9.893469808211924], [76.96846489683654, 9.886386560256577], [76.9705696194381, 9.881601410021135], [76.96551395997636, 9.871533980238622], [76.97026234593761, 9.857304563025012], [76.9548583918222, 9.858837397279823], [76.9319585612891, 9.876456157220069], [76.87487767114688, 9.844001896769713], [76.88191522017459, 9.821387061165812], [76.84736698028775, 9.822601526521952], [76.82957133139075, 9.826187283840902], [76.82334963898357, 9.832038107187339], [76.81672306180864, 9.81465227884966], [76.79880059830668, 9.827617693074712], [76.7652576129629, 9.83765562953246], [76.76103364683792, 9.829112626075737], [76.76817875319733, 9.821011651097725], [76.76798344207563, 9.81121778315176], [76.75410110566257, 9.817766319510495], [76.74918108133929, 9.814291008543501], [76.7505015081196, 9.806731552614249], [76.74237029008681, 9.804673411729667], [76.69929804936315, 9.82575033749202], [76.69579971626253, 9.833826589939967], [76.68511442519754, 9.833322791925816], [76.68228098808613, 9.839804710005321], [76.66750428700351, 9.844630370481207], [76.6635410585218, 9.83969438926065], [76.64641924789585, 9.840639787632183], [76.63283701923868, 9.846812643749342], [76.62786070272028, 9.851100334173218], [76.62938078170703, 9.855940691082791], [76.63506729941595, 9.865385133393678], [76.63187932994033, 9.872198546498296], [76.63680518263921, 9.874210199923835], [76.62872303918482, 9.900232366973297], [76.63010534423091, 9.9156029972827], [76.64899189598718, 9.922209042610511], [76.66145512783923, 9.917136868007914], [76.68152166829539, 9.918223703488092], [76.6832634725783, 9.911258037980451], [76.69593001597225, 9.90915838301451], [76.69867344242546, 9.918692610519743], [76.6866218624096, 9.923640622499564], [76.69166445539562, 9.92565002516704], [76.69321135012903, 9.932421564936796], [76.69782190165766, 9.929752473232337], [76.70546692687336, 9.946032004027584], [76.71142243571505, 9.94461166069762], [76.71352805272436, 9.949670104144362], [76.72304732090961, 9.953127840588897], [76.7084576573455, 9.975912291191605], [76.71333360829627, 9.978679162120164], [76.7099333417376, 9.988597016653038], [76.7196262321347, 9.987563353383738], [76.72621416751389, 9.98171142750278], [76.74423209045342, 9.991441832696502], [76.76580960214096, 9.9814312356919], [76.75994328446512, 9.991742262083743], [76.76496048301644, 9.989517248668442], [76.76462976463749, 9.993242247425792], [76.77016982032342, 9.994528700702329], [76.76596004562512, 9.997224042692174], [76.76845241937309, 10.0015680310971], [76.76420836172512, 10.01098739916077], [76.76955211399451, 10.01810469385966], [76.78326755538063, 10.03634237669246], [76.82568893177127, 10.013635970597], [76.83083254113713, 10.01305514737188], [76.83969716530748, 10.02453237393379]]]}}, {"type": "Feature", "properties": {"ac_name": "UDUMBANCHOLA", "ac_no": 89, "ac_category": "GEN", "st_name": "KERALA"}, "geometry": {"type": "Polygon", "coordinates": [[[77.26188304590647, 10.02194316184524], [77.25344532510148, 10.01287914575505], [77.26519377577262, 10.00282050008321], [77.26086214941485, 9.99188236163033], [77.26677856807288, 9.990014399401327], [77.26448993295895, 9.98701867728275], [77.27241778714658, 9.9764371507419], [77.2727836210819, 9.964998726010437], [77.26098436762166, 9.952561194045142], [77.24683990080914, 9.952626713214434], [77.24842673316817, 9.948062737256851], [77.23743394134048, 9.93775441392066], [77.23056075144719, 9.913675624860318], [77.21882840302052, 9.9047315651445], [77.22110258120865, 9.885111448147068], [77.21248983927916, 9.878344369297372], [77.22078950135578, 9.864495482944088], [77.23653428179507, 9.860718759010803], [77.23748878995515, 9.85193218084152], [77.22321585225573, 9.845584597769387], [77.2278158744538, 9.839158737104041], [77.22200285248039, 9.823289812690701], [77.23299549179276, 9.822188309851166], [77.23273572587432, 9.817859938505515], [77.24140147188967, 9.816758589905634], [77.24689432906463, 9.808653996560505], [77.24678830910598, 9.798634853260328], [77.24056283338389, 9.797611323596444], [77.23449063326655, 9.789847775501514], [77.22296485431298, 9.788430529901875], [77.22513070838522, 9.776208529546551], [77.23253100437358, 9.769493566028922], [77.2203326130633, 9.745143004488678], [77.22262599697133, 9.735580969638905], [77.22390277860292, 9.7301755244442], [77.21857102335055, 9.726071883793738], [77.2037260641507, 9.722330659511448], [77.20623578001272, 9.717894445042605], [77.202078702614, 9.7038518121428], [77.20680842888041, 9.694692336572295], [77.19452698904465, 9.671114776235237], [77.18674548142572, 9.666303548315083], [77.18769920768442, 9.661593832227544], [77.1806460491139, 9.658243088369339], [77.16202521217032, 9.658026140261107], [77.15642956528454, 9.666937301370758], [77.13893666869875, 9.670110140780533], [77.15117808049297, 9.68696821826793], [77.15333903758392, 9.69122069977816], [77.14838368430108, 9.696612016982996], [77.12406703872782, 9.713095832155188], [77.12972659604513, 9.728512553449061], [77.13323337844069, 9.727519331365965], [77.13885450348269, 9.736888907136498], [77.14894478558669, 9.738927454863402], [77.15347494091621, 9.745673074888142], [77.15297766843241, 9.751844198402013], [77.16202590359445, 9.76192056558591], [77.15948332185471, 9.770400898068198], [77.12133578604087, 9.785513971400752], [77.11619295939074, 9.79145688225908], [77.11592413340583, 9.788525975704186], [77.1050279761641, 9.790360346767946], [77.10183900760967, 9.799265145207634], [77.09839366865707, 9.79687317131421], [77.06387313198468, 9.818055746944754], [77.08553081731071, 9.821732584879014], [77.08746913824018, 9.824296872644094], [77.07956963489848, 9.826085552451527], [77.09181921880347, 9.842076785845823], [77.08920782430572, 9.849206118782606], [77.10406237408169, 9.856205595998235], [77.1063823556312, 9.865527888100495], [77.09353721873106, 9.8811368378592], [77.10519367965655, 9.894708737012053], [77.09242918185538, 9.901227804022659], [77.1000262003453, 9.9046018994063], [77.09745114264975, 9.908875213075122], [77.10117913306827, 9.917488823522572], [77.09649938690357, 9.927777093633297], [77.10432809303516, 9.934124641231929], [77.07891098878731, 9.941055951429453], [77.06685628930315, 9.956749911804268], [77.0552860888494, 9.959677305813072], [77.05782985675971, 9.978249297355159], [77.06624868876607, 9.988494806244146], [77.07368285542782, 9.98090956389099], [77.08108390675554, 9.979629607965286], [77.08527739600113, 9.972480721325082], [77.09459970784332, 9.980891911010767], [77.10437610847153, 9.979705653412571], [77.10884764757698, 9.989551990282619], [77.12258235422439, 9.989238967545765], [77.13215861512377, 9.9838500340558], [77.13661005876975, 9.98982306154532], [77.13866982086607, 10.01064380452097], [77.15358186073269, 10.00623204317625], [77.16832609638908, 10.02675753626841], [77.18294184784574, 10.02302362074915], [77.19480198939613, 10.02520068492172], [77.19737049480243, 10.01658845457716], [77.21468124478538, 10.01114155137972], [77.26188304590647, 10.02194316184524]]]}}, {"type": "Feature", "properties": {"ac_name": "THRIPUNITHURA", "ac_no": 81, "ac_category": "GEN", "st_name": "KERALA"}, "geometry": {"type": "Polygon", "coordinates": [[[76.3309655641582, 9.99130936767138], [76.33678349196394, 9.98853280175119], [76.33699779385948, 9.980548052113447], [76.34307907340667, 9.980435223849526], [76.35109759055702, 9.968957987095633], [76.36411643918319, 9.923088991822713], [76.38084465185159, 9.924001251379787], [76.38469910263109, 9.914663253000644], [76.37434102243039, 9.899609875790956], [76.3806425858583, 9.873388823278775], [76.3864833581991, 9.867030975512783], [76.38316484450675, 9.86293950292025], [76.3894378907158, 9.850643777058963], [76.38809851504368, 9.844210273150027], [76.37258360586809, 9.836796835670693], [76.37096975537574, 9.857366291182249], [76.35308562165518, 9.883785850037144], [76.3337501561207, 9.87673699041173], [76.31151106417495, 9.883286496321421], [76.30299623598634, 9.889907563074301], [76.30081192369225, 9.922805980700096], [76.30737006294535, 9.927703624349501], [76.30283189261172, 9.936795466111912], [76.30630218255365, 9.945937181166201], [76.31454440506833, 9.954135307658458], [76.33090089889711, 9.959503927174334], [76.32021661465085, 9.96438334091377], [76.3251556592666, 9.977728425058853], [76.33207202124845, 9.97942824115011], [76.32490028746207, 9.98473266295489], [76.3309655641582, 9.99130936767138]]]}}, {"type": "Feature", "properties": {"ac_name": "PIRAVOM", "ac_no": 85, "ac_category": "GEN", "st_name": "KERALA"}, "geometry": {"type": "Polygon", "coordinates": [[[76.35645908460366, 9.991808716100339], [76.36076713254195, 9.991640878338517], [76.35579755942662, 9.979653825446825], [76.35951321336512, 9.981465403150041], [76.3580592942755, 9.97523652631414], [76.37414099037592, 9.958972136061877], [76.37153387982652, 9.951568394777329], [76.37899239668606, 9.94247757413705], [76.41694031801161, 9.927224245811257], [76.42104514097745, 9.914643157843432], [76.42561758395425, 9.913533979602574], [76.44139010832409, 9.91992299635683], [76.43867785050156, 9.926322452279088], [76.44390796080053, 9.932683513687355], [76.44512239885842, 9.944247565767368], [76.45364274724352, 9.9416291800523], [76.45933911316372, 9.945071877490099], [76.47190080475276, 9.937611879511302], [76.48696926942786, 9.954250607372446], [76.49984335461518, 9.955621465314506], [76.50267448558719, 9.960292625116322], [76.49399931947053, 9.967063124823106], [76.50634079589443, 9.973268638484917], [76.51373721196876, 9.973176989556546], [76.53043614299229, 9.963141515584448], [76.54721058453566, 9.97124725565174], [76.548279508982, 9.964944656052397], [76.54319936770297, 9.959136526017817], [76.54627577234916, 9.955889763485896], [76.53983540305578, 9.942947533556847], [76.56327787766863, 9.919934812279728], [76.58253146663203, 9.911929127509593], [76.58427007061418, 9.89337749222691], [76.61044944384368, 9.859791723326037], [76.60964752642663, 9.851398748816823], [76.61671941661318, 9.837581640706112], [76.60965171000629, 9.842689527932272], [76.60599078342929, 9.84035735460031], [76.60226436490558, 9.845565557362532], [76.57995617528596, 9.84342106381036], [76.58031075221696, 9.822094198002574], [76.57540195817614, 9.819506598208964], [76.5679234099189, 9.824274431537685], [76.56108184498382, 9.820616345588041], [76.55698608906906, 9.803665933381408], [76.54727250878962, 9.79952836170348], [76.54184145592696, 9.80800073766311], [76.54398519351739, 9.813318177543703], [76.53912019359505, 9.813705490875513], [76.53924155970655, 9.822006615520563], [76.52391886947393, 9.826641013404144], [76.5201534469119, 9.823046333135233], [76.51495162764243, 9.848644371251732], [76.49889030192419, 9.851808575464762], [76.49894613703923, 9.860653978119153], [76.48743015027347, 9.85385294828472], [76.48428649477833, 9.860165791810939], [76.47603215641976, 9.861796305114407], [76.45861565166273, 9.848616091492428], [76.44649777122945, 9.834760427692633], [76.42846639096373, 9.82480603155917], [76.41361538699323, 9.822759352796917], [76.40598979657635, 9.830173795640178], [76.39354717027702, 9.831493067905921], [76.38809851504368, 9.844210273150027], [76.3894378907158, 9.850643777058963], [76.38316484450675, 9.86293950292025], [76.3864833581991, 9.867030975512783], [76.3806425858583, 9.873388823278775], [76.37434102243039, 9.899609875790956], [76.38469910263109, 9.914663253000644], [76.38084465185159, 9.924001251379787], [76.36411643918319, 9.923088991822713], [76.35109759055702, 9.968957987095633], [76.34307907340667, 9.980435223849526], [76.35011065308188, 9.992086880942347], [76.35645908460366, 9.991808716100339]]]}}, {"type": "Feature", "properties": {"ac_name": "KOCHI", "ac_no": 80, "ac_category": "GEN", "st_name": "KERALA"}, "geometry": {"type": "Polygon", "coordinates": [[[76.26960845641855, 9.983549943268303], [76.28974705595212, 9.943135862794634], [76.30081192369225, 9.922805980700096], [76.30299623598634, 9.889907563074301], [76.29265387210816, 9.89025608432225], [76.29856684086324, 9.85317656683773], [76.28574306828577, 9.849071539576752], [76.28429329055614, 9.8365677239775], [76.27925630657758, 9.830384769158389], [76.28020687637769, 9.822449353486812], [76.2868070063073, 9.818624544228625], [76.29162549084595, 9.806312382949175], [76.28201987262115, 9.804174480284114], [76.28498905985494, 9.790626550335062], [76.27944968092831, 9.789034045178335], [76.27732211075234, 9.789055761303525], [76.26096193270901, 9.881465976900357], [76.23777424168303, 9.956527454571981], [76.24022782563648, 9.974552348049174], [76.24583002438949, 9.987158094006771], [76.25138172418602, 9.980648401410473], [76.25778612830959, 9.985710744214332], [76.25656249412575, 9.977124981364838], [76.26960845641855, 9.983549943268303]]]}}, {"type": "Feature", "properties": {"ac_name": "IDUKKI", "ac_no": 91, "ac_category": "GEN", "st_name": "KERALA"}, "geometry": {"type": "Polygon", "coordinates": [[[77.05782985675971, 9.978249297355159], [77.0552860888494, 9.959677305813072], [77.06685628930315, 9.956749911804268], [77.07891098878731, 9.941055951429453], [77.10432809303516, 9.934124641231929], [77.09649938690357, 9.927777093633297], [77.10117913306827, 9.917488823522572], [77.09745114264975, 9.908875213075122], [77.1000262003453, 9.9046018994063], [77.09242918185538, 9.901227804022659], [77.10519367965655, 9.894708737012053], [77.09353721873106, 9.8811368378592], [77.1063823556312, 9.865527888100495], [77.10406237408169, 9.856205595998235], [77.08920782430572, 9.849206118782606], [77.09181921880347, 9.842076785845823], [77.07956963489848, 9.826085552451527], [77.08746913824018, 9.824296872644094], [77.08553081731071, 9.821732584879014], [77.06387313198468, 9.818055746944754], [77.09839366865707, 9.79687317131421], [77.10183900760967, 9.799265145207634], [77.1050279761641, 9.790360346767946], [77.11592413340583, 9.788525975704186], [77.11619295939074, 9.79145688225908], [77.12133578604087, 9.785513971400752], [77.15948332185471, 9.770400898068198], [77.16202590359445, 9.76192056558591], [77.15297766843241, 9.751844198402013], [77.15347494091621, 9.745673074888142], [77.14894478558669, 9.738927454863402], [77.13885450348269, 9.736888907136498], [77.13323337844069, 9.727519331365965], [77.12972659604513, 9.728512553449061], [77.12406703872782, 9.713095832155188], [77.14838368430108, 9.696612016982996], [77.15333903758392, 9.69122069977816], [77.15117808049297, 9.68696821826793], [77.13947681363034, 9.682720500841043], [77.1345350001178, 9.690727698263569], [77.11521545087282, 9.689658900422858], [77.11215521835676, 9.686098239493397], [77.10750654393962, 9.69528296930702], [77.09190763571334, 9.698756977178613], [77.08302028655794, 9.681674464136083], [77.03120291357924, 9.717839742607204], [76.9486710389301, 9.721219385255685], [76.89287394865546, 9.751174336675835], [76.88487801446318, 9.75039164830856], [76.86664117922814, 9.735342853030446], [76.86051128589699, 9.730078919150577], [76.80807588479885, 9.78957402670164], [76.76798344207563, 9.81121778315176], [76.76817875319733, 9.821011651097725], [76.76103364683792, 9.829112626075737], [76.7652576129629, 9.83765562953246], [76.79880059830668, 9.827617693074712], [76.81672306180864, 9.81465227884966], [76.82334963898357, 9.832038107187339], [76.82957133139075, 9.826187283840902], [76.84736698028775, 9.822601526521952], [76.88191522017459, 9.821387061165812], [76.87487767114688, 9.844001896769713], [76.9319585612891, 9.876456157220069], [76.9548583918222, 9.858837397279823], [76.97026234593761, 9.857304563025012], [76.96551395997636, 9.871533980238622], [76.9705696194381, 9.881601410021135], [76.96846489683654, 9.886386560256577], [76.97685781554652, 9.893469808211924], [76.97331263050471, 9.899772780734041], [76.97632862647062, 9.906390442788314], [76.97162403195883, 9.913292220399217], [76.97853573345469, 9.92335335946588], [76.97050829476849, 9.932571460937943], [76.98242362659221, 9.951158315374077], [76.99286638930825, 9.961550484988724], [77.00193747070047, 9.980660285184358], [77.01725940015213, 9.973011011718366], [77.05782985675971, 9.978249297355159]]]}}, {"type": "Feature", "properties": {"ac_name": "AROOR", "ac_no": 102, "ac_category": "GEN", "st_name": "KERALA"}, "geometry": {"type": "Polygon", "coordinates": [[[76.30299623598634, 9.889907563074301], [76.31151106417495, 9.883286496321421], [76.3337501561207, 9.87673699041173], [76.35308562165518, 9.883785850037144], [76.37096975537574, 9.857366291182249], [76.37258360586809, 9.836796835670693], [76.38156251483797, 9.818166870227893], [76.36470103062135, 9.792753041670062], [76.38080158078074, 9.75147615591433], [76.37614826360212, 9.696756112054176], [76.34677925854402, 9.713300471746178], [76.34529263029498, 9.751898799232894], [76.3369405480035, 9.752347137844854], [76.33495798155437, 9.739709585399531], [76.32068773951465, 9.74999212375772], [76.31535953093851, 9.746458483594635], [76.3146215033653, 9.75120004861895], [76.29162460872323, 9.74795060459598], [76.2894756904033, 9.753230347002233], [76.2837736053572, 9.751981488369879], [76.27944968092831, 9.789034045178335], [76.28498905985494, 9.790626550335062], [76.28201987262115, 9.804174480284114], [76.29162549084595, 9.806312382949175], [76.2868070063073, 9.818624544228625], [76.28020687637769, 9.822449353486812], [76.27925630657758, 9.830384769158389], [76.28429329055614, 9.8365677239775], [76.28574306828577, 9.849071539576752], [76.29856684086324, 9.85317656683773], [76.29265387210816, 9.89025608432225], [76.30299623598634, 9.889907563074301]]]}}, {"type": "Feature", "properties": {"ac_name": "KADUTHURUTHY", "ac_no": 94, "ac_category": "GEN", "st_name": "KERALA"}, "geometry": {"type": "Polygon", "coordinates": [[[76.62938078170703, 9.855940691082791], [76.62786070272028, 9.851100334173218], [76.63283701923868, 9.846812643749342], [76.62655496947183, 9.837288025475424], [76.6297059170723, 9.83022070394892], [76.62546422471117, 9.831479997511924], [76.62681008591414, 9.82716511598557], [76.61912273566335, 9.821976306463654], [76.62437520940809, 9.811051920980518], [76.61102587297565, 9.800849199075587], [76.61679358860196, 9.80112460397517], [76.63875892639791, 9.781156330208116], [76.63061168229046, 9.773894625518576], [76.6174994447447, 9.777800340809758], [76.61041448774715, 9.767521128613756], [76.63429090013976, 9.74145979738534], [76.63270208144172, 9.72754398896267], [76.62433370554216, 9.722572263114328], [76.6286412477025, 9.712297009733513], [76.6377878195061, 9.710942334497261], [76.63616224055592, 9.70345075565663], [76.6427729962221, 9.694079371999768], [76.63638284938696, 9.678635975435157], [76.63689595704201, 9.667648248080473], [76.62799538464128, 9.668133424028449], [76.6281808504809, 9.659349280940093], [76.6173810273168, 9.655023677973109], [76.61106025603883, 9.662345027301699], [76.60412922145217, 9.671463757849255], [76.59575439503664, 9.665517569859107], [76.5997870001835, 9.681131502452732], [76.59577442712563, 9.687189572488858], [76.58934278509562, 9.687608080081056], [76.5820237610533, 9.678478071394686], [76.57719188987, 9.687813427781114], [76.56503618587675, 9.692895753943535], [76.5491949601601, 9.686168241427588], [76.54471236305012, 9.686292526581575], [76.54345448292982, 9.692364578533432], [76.52896813335488, 9.691963988346883], [76.52792080550478, 9.681064383578606], [76.5246750248534, 9.681548505753707], [76.51284720560649, 9.693866247935517], [76.52308419278566, 9.703689584384792], [76.51684703739751, 9.706913724877023], [76.50414416423845, 9.70509771847493], [76.49871276159848, 9.694865041848612], [76.4924321281008, 9.695523991954797], [76.47926388207794, 9.725929834675439], [76.46649918139569, 9.725753891242116], [76.45931186267768, 9.743316933579786], [76.45091553946786, 9.75152658695819], [76.46000575690489, 9.764715740989006], [76.46252649094994, 9.783516956059485], [76.47102182910878, 9.784411860107086], [76.4740497102647, 9.789986638445024], [76.47722962098834, 9.809222679020056], [76.47329851594871, 9.811938878341486], [76.47418712341678, 9.842668015785254], [76.45861565166273, 9.848616091492428], [76.47603215641976, 9.861796305114407], [76.48428649477833, 9.860165791810939], [76.48743015027347, 9.85385294828472], [76.49894613703923, 9.860653978119153], [76.49889030192419, 9.851808575464762], [76.51495162764243, 9.848644371251732], [76.5201534469119, 9.823046333135233], [76.52391886947393, 9.826641013404144], [76.53924155970655, 9.822006615520563], [76.53912019359505, 9.813705490875513], [76.54398519351739, 9.813318177543703], [76.54184145592696, 9.80800073766311], [76.54727250878962, 9.79952836170348], [76.55698608906906, 9.803665933381408], [76.56108184498382, 9.820616345588041], [76.5679234099189, 9.824274431537685], [76.57540195817614, 9.819506598208964], [76.58031075221696, 9.822094198002574], [76.57995617528596, 9.84342106381036], [76.60226436490558, 9.845565557362532], [76.60599078342929, 9.84035735460031], [76.60965171000629, 9.842689527932272], [76.61671941661318, 9.837581640706112], [76.60964752642663, 9.851398748816823], [76.61978037619382, 9.857278235392688], [76.62938078170703, 9.855940691082791]]]}}, {"type": "Feature", "properties": {"ac_name": "VAIKOM", "ac_no": 95, "ac_category": "SC", "st_name": "KERALA"}, "geometry": {"type": "Polygon", "coordinates": [[[76.47418712341678, 9.842668015785254], [76.47329851594871, 9.811938878341486], [76.47722962098834, 9.809222679020056], [76.4740497102647, 9.789986638445024], [76.47102182910878, 9.784411860107086], [76.46252649094994, 9.783516956059485], [76.46000575690489, 9.764715740989006], [76.45091553946786, 9.75152658695819], [76.45931186267768, 9.743316933579786], [76.46649918139569, 9.725753891242116], [76.47926388207794, 9.725929834675439], [76.4924321281008, 9.695523991954797], [76.47938081034201, 9.685973052954047], [76.47813920557076, 9.676977571520474], [76.45610152053193, 9.676483562594845], [76.45337478108704, 9.65573477392242], [76.44568516885903, 9.658031671670525], [76.42251184087391, 9.646057011374099], [76.39751028251709, 9.649040274908455], [76.40294565017302, 9.685833907743065], [76.37614826360212, 9.696756112054176], [76.38080158078074, 9.75147615591433], [76.36470103062135, 9.792753041670062], [76.38156251483797, 9.818166870227893], [76.37258360586809, 9.836796835670693], [76.38809851504368, 9.844210273150027], [76.39354717027702, 9.831493067905921], [76.40598979657635, 9.830173795640178], [76.41361538699323, 9.822759352796917], [76.42846639096373, 9.82480603155917], [76.44649777122945, 9.834760427692633], [76.45861565166273, 9.848616091492428], [76.47418712341678, 9.842668015785254]]]}}, {"type": "Feature", "properties": {"ac_name": "PALA", "ac_no": 93, "ac_category": "GEN", "st_name": "KERALA"}, "geometry": {"type": "Polygon", "coordinates": [[[76.63283701923868, 9.846812643749342], [76.64641924789585, 9.840639787632183], [76.6635410585218, 9.83969438926065], [76.66750428700351, 9.844630370481207], [76.68228098808613, 9.839804710005321], [76.68511442519754, 9.833322791925816], [76.69579971626253, 9.833826589939967], [76.69929804936315, 9.82575033749202], [76.74237029008681, 9.804673411729667], [76.7505015081196, 9.806731552614249], [76.74918108133929, 9.814291008543501], [76.75410110566257, 9.817766319510495], [76.76798344207563, 9.81121778315176], [76.80807588479885, 9.78957402670164], [76.86051128589699, 9.730078919150577], [76.86664117922814, 9.735342853030446], [76.86781949427991, 9.729341157469863], [76.88169788693061, 9.721120627815498], [76.87817854628753, 9.715113106512378], [76.883067166292, 9.709237285212247], [76.88005429877109, 9.701696765653747], [76.85933873262111, 9.703232966528788], [76.83374034640333, 9.722780059631434], [76.82640118309536, 9.717105986520266], [76.82529188187492, 9.69902654813406], [76.81084131840322, 9.701630023860034], [76.76816477047689, 9.721650669525294], [76.76839417714, 9.705462704973945], [76.76460988406515, 9.704858141564179], [76.76312285561889, 9.696020041057904], [76.7442358038073, 9.696384299271022], [76.74062718514669, 9.703496769188067], [76.7312124627404, 9.700581942517358], [76.73778312287196, 9.685389868713228], [76.75102563668015, 9.675314686688441], [76.7588561642067, 9.654223572445124], [76.75640025880145, 9.652301780580885], [76.76160193307621, 9.639903000416577], [76.75824113487833, 9.636502435795647], [76.76315606784793, 9.621628148426938], [76.75614467892575, 9.62080419543789], [76.76253732520728, 9.612870970914303], [76.75947558751443, 9.608365958814435], [76.75359810811229, 9.610624345013061], [76.74937194199644, 9.602889025749015], [76.7571288126485, 9.58862388364597], [76.75478244312085, 9.585707151544439], [76.74120187320578, 9.589479532704727], [76.74189509278703, 9.582826794081488], [76.73624617156399, 9.577600046665578], [76.72670201358706, 9.576044247005909], [76.70877696518129, 9.60515221160976], [76.71572015316362, 9.624330149364171], [76.70651456000995, 9.6398581925652], [76.70920095324519, 9.645555984698966], [76.70520306640933, 9.650845113054224], [76.69580276335265, 9.6449287122683], [76.6868423448925, 9.645908092261624], [76.6886384234457, 9.63787097090942], [76.68528789757973, 9.635699163835977], [76.6777380088054, 9.643498065495514], [76.67024450164716, 9.639863555319696], [76.65258845123765, 9.662659700312824], [76.64689123179843, 9.662194213795644], [76.64095460877179, 9.66950078621096], [76.63689595704201, 9.667648248080473], [76.63638284938696, 9.678635975435157], [76.6427729962221, 9.694079371999768], [76.63616224055592, 9.70345075565663], [76.6377878195061, 9.710942334497261], [76.6286412477025, 9.712297009733513], [76.62433370554216, 9.722572263114328], [76.63270208144172, 9.72754398896267], [76.63429090013976, 9.74145979738534], [76.61041448774715, 9.767521128613756], [76.6174994447447, 9.777800340809758], [76.63061168229046, 9.773894625518576], [76.63875892639791, 9.781156330208116], [76.61679358860196, 9.80112460397517], [76.61102587297565, 9.800849199075587], [76.62437520940809, 9.811051920980518], [76.61912273566335, 9.821976306463654], [76.62681008591414, 9.82716511598557], [76.62546422471117, 9.831479997511924], [76.6297059170723, 9.83022070394892], [76.62655496947183, 9.837288025475424], [76.63283701923868, 9.846812643749342]]]}}, {"type": "Feature", "properties": {"ac_name": "CHERTHALA", "ac_no": 103, "ac_category": "GEN", "st_name": "KERALA"}, "geometry": {"type": "Polygon", "coordinates": [[[76.27732211075234, 9.789055761303525], [76.27944968092831, 9.789034045178335], [76.2837736053572, 9.751981488369879], [76.2894756904033, 9.753230347002233], [76.29162460872323, 9.74795060459598], [76.3146215033653, 9.75120004861895], [76.31535953093851, 9.746458483594635], [76.32068773951465, 9.74999212375772], [76.33495798155437, 9.739709585399531], [76.3369405480035, 9.752347137844854], [76.34529263029498, 9.751898799232894], [76.34677925854402, 9.713300471746178], [76.37614826360212, 9.696756112054176], [76.40294565017302, 9.685833907743065], [76.39751028251709, 9.649040274908455], [76.39546922833377, 9.589305775414799], [76.36628986993455, 9.590406254911986], [76.32830717972405, 9.59890301983479], [76.33523042998588, 9.639406316807273], [76.3184075866502, 9.641106861933453], [76.29538825471525, 9.637414220465578], [76.27732211075234, 9.789055761303525]]]}}, {"type": "Feature", "properties": {"ac_name": "PEERUMADE", "ac_no": 92, "ac_category": "GEN", "st_name": "KERALA"}, "geometry": {"type": "Polygon", "coordinates": [[[76.86664117922814, 9.735342853030446], [76.88487801446318, 9.75039164830856], [76.89287394865546, 9.751174336675835], [76.9486710389301, 9.721219385255685], [77.03120291357924, 9.717839742607204], [77.08302028655794, 9.681674464136083], [77.09190763571334, 9.698756977178613], [77.10750654393962, 9.69528296930702], [77.11215521835676, 9.686098239493397], [77.11521545087282, 9.689658900422858], [77.1345350001178, 9.690727698263569], [77.13947681363034, 9.682720500841043], [77.15117808049297, 9.68696821826793], [77.13893666869875, 9.670110140780533], [77.15642956528454, 9.666937301370758], [77.16202521217032, 9.658026140261107], [77.1806460491139, 9.658243088369339], [77.17942231029045, 9.645050582927416], [77.17409029774825, 9.637494817001684], [77.17637087911281, 9.629231017998196], [77.16896409535224, 9.62374097923656], [77.16564562038135, 9.6139313250036], [77.16832384379244, 9.610666285131165], [77.18844762139071, 9.606100865991758], [77.19830302125848, 9.614422947471176], [77.20899827575309, 9.613700638232467], [77.20998287853733, 9.605263118136126], [77.2207616926429, 9.599239381495718], [77.23463053982753, 9.581455002160066], [77.2428229686458, 9.585355327024644], [77.25311347294425, 9.583136623945832], [77.26875233686343, 9.57303942540551], [77.29033294190964, 9.58492520936476], [77.29013417754196, 9.589051739250857], [77.30353772607687, 9.598737320077188], [77.3178182496739, 9.602686713637498], [77.32244796915515, 9.59844326309778], [77.33000784470119, 9.59911174962697], [77.32453065262266, 9.593590155381845], [77.32524014028219, 9.580564449328953], [77.33952067571033, 9.573354527562214], [77.35467785260454, 9.604141707922574], [77.3612844035748, 9.602373695802584], [77.36627324840579, 9.595890288339742], [77.35782092445037, 9.595221384287118], [77.35505940486294, 9.586793704894653], [77.35997214249103, 9.577775355734229], [77.35038357715906, 9.567126278786917], [77.352977670391, 9.55975895971425], [77.36104854172534, 9.558345164326598], [77.36552661142892, 9.551998958308957], [77.36548838431577, 9.535141967515747], [77.38510891994683, 9.51940515706863], [77.40017505106553, 9.52749987217156], [77.40243527058487, 9.525183194814659], [77.40029741753635, 9.517892153993731], [77.40864222170079, 9.514631138346823], [77.41138934055375, 9.507488585587552], [77.39856568661948, 9.49539400409678], [77.39836754699034, 9.481671650079987], [77.40194447218518, 9.478464730643815], [77.39120469307451, 9.468495774186382], [77.39234905660241, 9.459222644026768], [77.3771609218061, 9.452808542757275], [77.36425341509133, 9.459172704662816], [77.34850773622952, 9.440179359386919], [77.3450827046792, 9.426132762972463], [77.3391597915978, 9.420193520441089], [77.33632591821835, 9.4116149005217], [77.34354302887135, 9.402839492465114], [77.34120087588786, 9.38973848262956], [77.33434328262132, 9.381410796556588], [77.33588413790298, 9.361895271416463], [77.32560807234366, 9.346133917737586], [77.32506707827838, 9.337110402457627], [77.29967929044498, 9.336463034528402], [77.30072466397056, 9.33022390223474], [77.29684159172893, 9.329427586489242], [77.3024103485433, 9.31948439819691], [77.29333352382965, 9.304617628674945], [77.28284420941596, 9.30148515091714], [77.28856524568613, 9.27436384456639], [77.28185311545023, 9.273120225048796], [77.24900430729244, 9.289924919558619], [77.23716535466305, 9.282762905176563], [77.23567025302373, 9.293052992605919], [77.22457077101505, 9.296061366767702], [77.22473105059856, 9.312418459314795], [77.235052108727, 9.324245320379713], [77.23041431315438, 9.330687632333344], [77.23806470158833, 9.340654911551452], [77.23479271152141, 9.350286158318061], [77.24810378992845, 9.377800023049739], [77.24544843314048, 9.389083578833645], [77.22814733367944, 9.411005522187343], [77.22874245839469, 9.419953217134257], [77.22048055306861, 9.421412362696017], [77.22408148768037, 9.43419326486904], [77.21179943000787, 9.443953921746301], [77.20788645038196, 9.441552106468876], [77.20668013661215, 9.450602835076696], [77.19030262921231, 9.449763236154787], [77.18818889300309, 9.456193337088967], [77.18339921641409, 9.454436696204503], [77.18124012758985, 9.472267191165777], [77.16890505064647, 9.461770260453308], [77.16628011081339, 9.46963290289677], [77.15461629303266, 9.471026859122727], [77.14282654245542, 9.461192965506244], [77.14311541484066, 9.48726973601284], [77.13070092427954, 9.493223956006142], [77.11947939573862, 9.479426732253899], [77.1036204299704, 9.4798303236016], [77.08709776899266, 9.46268046620608], [77.07274315893204, 9.4564510231042], [77.05381505676878, 9.46137365371283], [77.04773276632675, 9.452535813474837], [77.06688176122444, 9.41691428695625], [77.05266322304848, 9.418258587418293], [77.02879354183118, 9.407568021404668], [77.01781617519549, 9.407322964091103], [77.00953196406451, 9.40903892926315], [77.01216428123884, 9.41788303246997], [77.00777817170251, 9.425440962939918], [77.0092399373416, 9.429491179994688], [77.01717792539395, 9.430164932979293], [77.01520118347443, 9.441850131200354], [76.9937563242708, 9.44923080226479], [76.97010780691856, 9.464752682639888], [76.98490220051414, 9.470526010593671], [76.98409251585524, 9.488200385780234], [76.97535734854196, 9.501566357350798], [76.96111972018316, 9.508418484251763], [76.9547970068309, 9.492080077841141], [76.94988270077012, 9.490757462761621], [76.93524815454558, 9.505170611093082], [76.92967648948415, 9.502337761694953], [76.90414296506376, 9.52193609214563], [76.90183276288234, 9.537129071768451], [76.88669480470716, 9.53808321069334], [76.88880940573542, 9.54600279330086], [76.88279759392869, 9.582013002263334], [76.89528010517573, 9.58622992664958], [76.89241810633605, 9.609161302446928], [76.88870661520589, 9.609400131949066], [76.89187932735537, 9.615113254001534], [76.88744616424802, 9.619113906623271], [76.89361254382364, 9.621357463147906], [76.89346326092357, 9.631428358493013], [76.90331082347821, 9.634329289588134], [76.929774942622, 9.614807016684605], [76.93495222356826, 9.621057915022892], [76.91821541174212, 9.643236794856387], [76.92684167111818, 9.653634368048726], [76.9026048055607, 9.677395851227722], [76.89709434399376, 9.700537968929794], [76.88968370720706, 9.715687928292141], [76.88169788693061, 9.721120627815498], [76.86781949427991, 9.729341157469863], [76.86664117922814, 9.735342853030446]]]}}, {"type": "Feature", "properties": {"ac_name": "POONJAR", "ac_no": 101, "ac_category": "GEN", "st_name": "KERALA"}, "geometry": {"type": "Polygon", "coordinates": [[[76.88169788693061, 9.721120627815498], [76.88968370720706, 9.715687928292141], [76.89709434399376, 9.700537968929794], [76.9026048055607, 9.677395851227722], [76.92684167111818, 9.653634368048726], [76.91821541174212, 9.643236794856387], [76.93495222356826, 9.621057915022892], [76.929774942622, 9.614807016684605], [76.90331082347821, 9.634329289588134], [76.89346326092357, 9.631428358493013], [76.89361254382364, 9.621357463147906], [76.88744616424802, 9.619113906623271], [76.89187932735537, 9.615113254001534], [76.88870661520589, 9.609400131949066], [76.89241810633605, 9.609161302446928], [76.89528010517573, 9.58622992664958], [76.88279759392869, 9.582013002263334], [76.88880940573542, 9.54600279330086], [76.88669480470716, 9.53808321069334], [76.90183276288234, 9.537129071768451], [76.90414296506376, 9.52193609214563], [76.92967648948415, 9.502337761694953], [76.93524815454558, 9.505170611093082], [76.94988270077012, 9.490757462761621], [76.9547970068309, 9.492080077841141], [76.96111972018316, 9.508418484251763], [76.97535734854196, 9.501566357350798], [76.98409251585524, 9.488200385780234], [76.98490220051414, 9.470526010593671], [76.97010780691856, 9.464752682639888], [76.95900247447257, 9.46155958474951], [76.95049082438497, 9.449039788225779], [76.940893046855, 9.445704035922338], [76.94555759962135, 9.435451635696802], [76.94011545041936, 9.433902753564444], [76.9411254866112, 9.42079604916477], [76.92768550416443, 9.41563984678069], [76.9233018658386, 9.416460958368797], [76.9229249296013, 9.424983115527443], [76.91173706979392, 9.424078503631293], [76.88469283866102, 9.443645786154542], [76.85504330436353, 9.456968250912695], [76.84829583587751, 9.445742600111663], [76.82985396683497, 9.452140412913113], [76.82433932746522, 9.456486412013936], [76.82508482871118, 9.465640667181017], [76.7964119911549, 9.467682063826224], [76.79440206619857, 9.491695190188832], [76.77801036812387, 9.501741160975588], [76.79505389135598, 9.512425830032468], [76.79810790128585, 9.511207214656812], [76.79431829822204, 9.50683075783217], [76.79825490836703, 9.504774065931167], [76.80848597511874, 9.511012184772381], [76.81748027886941, 9.499102199814807], [76.82346442344118, 9.501046619649536], [76.82005079597631, 9.496236967757321], [76.82264733491087, 9.486188338879447], [76.83070506225921, 9.49365712042646], [76.83474125413255, 9.485343575547548], [76.83824136147831, 9.492941543834345], [76.8538694866144, 9.49495244391296], [76.85073027863746, 9.50306459631705], [76.84129699874306, 9.504018267918314], [76.84117163898136, 9.51055950216634], [76.83017380736918, 9.519598975543564], [76.83499235451654, 9.5240937637801], [76.83009444859233, 9.527776115524075], [76.83317865218073, 9.536560876024451], [76.8162058218094, 9.568264180308686], [76.82423999284292, 9.577646955235771], [76.81812785294446, 9.585449240065389], [76.81317700325516, 9.585325901847371], [76.80785847226194, 9.599317733544268], [76.7900025733739, 9.598957253576025], [76.77457943598102, 9.620593351100226], [76.76315606784793, 9.621628148426938], [76.75824113487833, 9.636502435795647], [76.76160193307621, 9.639903000416577], [76.75640025880145, 9.652301780580885], [76.7588561642067, 9.654223572445124], [76.75102563668015, 9.675314686688441], [76.73778312287196, 9.685389868713228], [76.7312124627404, 9.700581942517358], [76.74062718514669, 9.703496769188067], [76.7442358038073, 9.696384299271022], [76.76312285561889, 9.696020041057904], [76.76460988406515, 9.704858141564179], [76.76839417714, 9.705462704973945], [76.76816477047689, 9.721650669525294], [76.81084131840322, 9.701630023860034], [76.82529188187492, 9.69902654813406], [76.82640118309536, 9.717105986520266], [76.83374034640333, 9.722780059631434], [76.85933873262111, 9.703232966528788], [76.88005429877109, 9.701696765653747], [76.883067166292, 9.709237285212247], [76.87817854628753, 9.715113106512378], [76.88169788693061, 9.721120627815498]]]}}, {"type": "Feature", "properties": {"ac_name": "ETTUMANOOR", "ac_no": 96, "ac_category": "GEN", "st_name": "KERALA"}, "geometry": {"type": "Polygon", "coordinates": [[[76.59575439503664, 9.665517569859107], [76.59118198763716, 9.661135422835045], [76.59351287818228, 9.649099453537934], [76.58244724048942, 9.651094193475904], [76.57828974682273, 9.638685719031688], [76.5626657127043, 9.627274145269732], [76.54678792398103, 9.62696565423889], [76.53417359218996, 9.638947562932728], [76.52826225650487, 9.637472699405105], [76.52140025271092, 9.632123187663732], [76.5172872458263, 9.615456730750669], [76.50812586145335, 9.610453314431656], [76.51270728011269, 9.61062333678957], [76.50840948792366, 9.602604600533086], [76.51207374562395, 9.59787779289664], [76.50420358938068, 9.59830975459308], [76.49927381259822, 9.590762760146411], [76.49366449322622, 9.59249608787779], [76.48964139848668, 9.587128555049874], [76.48998105765037, 9.571052137395814], [76.46365659441277, 9.56047511702113], [76.42714654335789, 9.549121208298176], [76.41442741878876, 9.563122618064178], [76.40449400117801, 9.55922272032535], [76.40482280726935, 9.553570862856162], [76.3924266839333, 9.548696711547008], [76.39546922833377, 9.589305775414799], [76.39751028251709, 9.649040274908455], [76.42251184087391, 9.646057011374099], [76.44568516885903, 9.658031671670525], [76.45337478108704, 9.65573477392242], [76.45610152053193, 9.676483562594845], [76.47813920557076, 9.676977571520474], [76.47938081034201, 9.685973052954047], [76.4924321281008, 9.695523991954797], [76.49871276159848, 9.694865041848612], [76.50414416423845, 9.70509771847493], [76.51684703739751, 9.706913724877023], [76.52308419278566, 9.703689584384792], [76.51284720560649, 9.693866247935517], [76.5246750248534, 9.681548505753707], [76.52792080550478, 9.681064383578606], [76.52896813335488, 9.691963988346883], [76.54345448292982, 9.692364578533432], [76.54471236305012, 9.686292526581575], [76.5491949601601, 9.686168241427588], [76.56503618587675, 9.692895753943535], [76.57719188987, 9.687813427781114], [76.5820237610533, 9.678478071394686], [76.58934278509562, 9.687608080081056], [76.59577442712563, 9.687189572488858], [76.5997870001835, 9.681131502452732], [76.59575439503664, 9.665517569859107]]]}}, {"type": "Feature", "properties": {"ac_name": "PUTHUPPALLY", "ac_no": 98, "ac_category": "GEN", "st_name": "KERALA"}, "geometry": {"type": "Polygon", "coordinates": [[[76.61106025603883, 9.662345027301699], [76.6173810273168, 9.655023677973109], [76.6281808504809, 9.659349280940093], [76.62799538464128, 9.668133424028449], [76.63689595704201, 9.667648248080473], [76.64095460877179, 9.66950078621096], [76.64689123179843, 9.662194213795644], [76.65258845123765, 9.662659700312824], [76.67024450164716, 9.639863555319696], [76.6777380088054, 9.643498065495514], [76.68528789757973, 9.635699163835977], [76.6886384234457, 9.63787097090942], [76.6868423448925, 9.645908092261624], [76.69580276335265, 9.6449287122683], [76.70520306640933, 9.650845113054224], [76.70920095324519, 9.645555984698966], [76.70651456000995, 9.6398581925652], [76.71572015316362, 9.624330149364171], [76.70877696518129, 9.60515221160976], [76.6993697515792, 9.609452495254049], [76.70086724738242, 9.614670707914929], [76.69292752427995, 9.617381034917006], [76.67872313362275, 9.611560176719236], [76.65775701390449, 9.615548553215778], [76.65952311854913, 9.6057938846919], [76.66988685735983, 9.598696414397908], [76.66530947248276, 9.595743950469714], [76.67204707158973, 9.57186542767027], [76.67718269756524, 9.571357486519862], [76.67292895357265, 9.577023693668318], [76.67544571350041, 9.57944366702771], [76.68116711993935, 9.570420309750665], [76.67430144373992, 9.555083307005944], [76.6743701350606, 9.538316471200131], [76.66237935776574, 9.5307250204112], [76.64356809125577, 9.527292100845624], [76.63327946064939, 9.528922849893815], [76.62201512308481, 9.53716622936667], [76.61642268407027, 9.521740653967688], [76.61049754744835, 9.519711221454502], [76.61526551703398, 9.507094286257304], [76.60890062518261, 9.51023405177241], [76.60627178068445, 9.506109515491568], [76.59835018710264, 9.510467754813039], [76.57782624764286, 9.497595270068661], [76.57810419868316, 9.486653304207127], [76.56941392317809, 9.482388795788356], [76.55387530788266, 9.494207905133116], [76.55755165881715, 9.514462378450716], [76.56380936145227, 9.524660432654874], [76.56260238454301, 9.536632694274665], [76.5500588587768, 9.542502135488359], [76.5488729933801, 9.548063300236706], [76.55315991181244, 9.558369781718815], [76.56384069905651, 9.562589747793107], [76.56703786663478, 9.577313239499407], [76.57495790770085, 9.586793966801539], [76.56976865495281, 9.60069330556351], [76.57231173538729, 9.605508203143287], [76.56457606725577, 9.612304761410018], [76.56753142345687, 9.622001348254187], [76.5626657127043, 9.627274145269732], [76.57828974682273, 9.638685719031688], [76.58244724048942, 9.651094193475904], [76.59351287818228, 9.649099453537934], [76.59118198763716, 9.661135422835045], [76.59575439503664, 9.665517569859107], [76.60412922145217, 9.671463757849255], [76.61106025603883, 9.662345027301699]]]}}, {"type": "Feature", "properties": {"ac_name": "ALAPPUZHA", "ac_no": 104, "ac_category": "GEN", "st_name": "KERALA"}, "geometry": {"type": "Polygon", "coordinates": [[[76.3184075866502, 9.641106861933453], [76.33523042998588, 9.639406316807273], [76.32830717972405, 9.59890301983479], [76.36628986993455, 9.590406254911986], [76.39546922833377, 9.589305775414799], [76.3924266839333, 9.548696711547008], [76.383775682784, 9.519848184369913], [76.37039225642152, 9.508977826416029], [76.36416272228446, 9.489415990513939], [76.33959780212857, 9.495338845680262], [76.3183185614044, 9.493923664365907], [76.30629044446587, 9.551958124293636], [76.29538825471525, 9.637414220465578], [76.3184075866502, 9.641106861933453]]]}}, {"type": "Feature", "properties": {"ac_name": "KOTTAYAM", "ac_no": 97, "ac_category": "GEN", "st_name": "KERALA"}, "geometry": {"type": "Polygon", "coordinates": [[[76.5626657127043, 9.627274145269732], [76.56753142345687, 9.622001348254187], [76.56457606725577, 9.612304761410018], [76.57231173538729, 9.605508203143287], [76.56976865495281, 9.60069330556351], [76.57495790770085, 9.586793966801539], [76.56703786663478, 9.577313239499407], [76.56384069905651, 9.562589747793107], [76.55315991181244, 9.558369781718815], [76.5488729933801, 9.548063300236706], [76.5500588587768, 9.542502135488359], [76.56260238454301, 9.536632694274665], [76.56380936145227, 9.524660432654874], [76.55755165881715, 9.514462378450716], [76.55387530788266, 9.494207905133116], [76.53906435560769, 9.509765554170812], [76.51885616539276, 9.509514323070533], [76.50964219231206, 9.517528951135354], [76.49337929740521, 9.5164141696254], [76.48947476756734, 9.506896178132966], [76.47939158780558, 9.506472133013846], [76.47967546190065, 9.536197724275107], [76.46510056995375, 9.541257060080987], [76.46365659441277, 9.56047511702113], [76.48998105765037, 9.571052137395814], [76.48964139848668, 9.587128555049874], [76.49366449322622, 9.59249608787779], [76.49927381259822, 9.590762760146411], [76.50420358938068, 9.59830975459308], [76.51207374562395, 9.59787779289664], [76.50840948792366, 9.602604600533086], [76.51270728011269, 9.61062333678957], [76.50812586145335, 9.610453314431656], [76.5172872458263, 9.615456730750669], [76.52140025271092, 9.632123187663732], [76.52826225650487, 9.637472699405105], [76.53417359218996, 9.638947562932728], [76.54678792398103, 9.62696565423889], [76.5626657127043, 9.627274145269732]]]}}, {"type": "Feature", "properties": {"ac_name": "KANJIRAPPALLY", "ac_no": 100, "ac_category": "GEN", "st_name": "KERALA"}, "geometry": {"type": "Polygon", "coordinates": [[[76.76315606784793, 9.621628148426938], [76.77457943598102, 9.620593351100226], [76.7900025733739, 9.598957253576025], [76.80785847226194, 9.599317733544268], [76.81317700325516, 9.585325901847371], [76.81812785294446, 9.585449240065389], [76.82423999284292, 9.577646955235771], [76.8162058218094, 9.568264180308686], [76.83317865218073, 9.536560876024451], [76.83009444859233, 9.527776115524075], [76.83499235451654, 9.5240937637801], [76.83017380736918, 9.519598975543564], [76.84117163898136, 9.51055950216634], [76.84129699874306, 9.504018267918314], [76.85073027863746, 9.50306459631705], [76.8538694866144, 9.49495244391296], [76.83824136147831, 9.492941543834345], [76.83474125413255, 9.485343575547548], [76.83070506225921, 9.49365712042646], [76.82264733491087, 9.486188338879447], [76.82005079597631, 9.496236967757321], [76.82346442344118, 9.501046619649536], [76.81748027886941, 9.499102199814807], [76.80848597511874, 9.511012184772381], [76.79825490836703, 9.504774065931167], [76.79431829822204, 9.50683075783217], [76.79810790128585, 9.511207214656812], [76.79505389135598, 9.512425830032468], [76.77801036812387, 9.501741160975588], [76.79440206619857, 9.491695190188832], [76.7964119911549, 9.467682063826224], [76.82508482871118, 9.465640667181017], [76.82433932746522, 9.456486412013936], [76.82985396683497, 9.452140412913113], [76.82347192378028, 9.445670772903252], [76.81806874212587, 9.455638612955724], [76.80635508147157, 9.454919947942601], [76.80036131421932, 9.459984843141191], [76.79941908092678, 9.45189604842426], [76.79140393053635, 9.451040092035447], [76.7929456356997, 9.444743074318842], [76.78182425355187, 9.448392779937443], [76.76521262468748, 9.436482507016084], [76.7559202896157, 9.453139117700642], [76.749138353268, 9.452967507448712], [76.75163205717132, 9.463354104858835], [76.74876051655446, 9.463118104034582], [76.74734117226093, 9.474222823555575], [76.74253937471993, 9.474222643190853], [76.73311688794422, 9.474705371278532], [76.73125733584635, 9.466585321403933], [76.70805815085909, 9.45441293024458], [76.69999505651097, 9.468462427289506], [76.70050564271891, 9.476442046166621], [76.68052844310077, 9.483463104981977], [76.6429582930792, 9.479416739368629], [76.64161590270417, 9.468103076988674], [76.63552441831344, 9.462330642333043], [76.63010577600603, 9.47262235035214], [76.62619223993048, 9.461112483196795], [76.61535709394917, 9.461498025048904], [76.61202597237327, 9.471526745396446], [76.61708368805107, 9.489744553498609], [76.61526551703398, 9.507094286257304], [76.61049754744835, 9.519711221454502], [76.61642268407027, 9.521740653967688], [76.62201512308481, 9.53716622936667], [76.63327946064939, 9.528922849893815], [76.64356809125577, 9.527292100845624], [76.66237935776574, 9.5307250204112], [76.6743701350606, 9.538316471200131], [76.67430144373992, 9.555083307005944], [76.68116711993935, 9.570420309750665], [76.67544571350041, 9.57944366702771], [76.67292895357265, 9.577023693668318], [76.67718269756524, 9.571357486519862], [76.67204707158973, 9.57186542767027], [76.66530947248276, 9.595743950469714], [76.66988685735983, 9.598696414397908], [76.65952311854913, 9.6057938846919], [76.65775701390449, 9.615548553215778], [76.67872313362275, 9.611560176719236], [76.69292752427995, 9.617381034917006], [76.70086724738242, 9.614670707914929], [76.6993697515792, 9.609452495254049], [76.70877696518129, 9.60515221160976], [76.72670201358706, 9.576044247005909], [76.73624617156399, 9.577600046665578], [76.74189509278703, 9.582826794081488], [76.74120187320578, 9.589479532704727], [76.75478244312085, 9.585707151544439], [76.7571288126485, 9.58862388364597], [76.74937194199644, 9.602889025749015], [76.75359810811229, 9.610624345013061], [76.75947558751443, 9.608365958814435], [76.76253732520728, 9.612870970914303], [76.75614467892575, 9.62080419543789], [76.76315606784793, 9.621628148426938]]]}}, {"type": "Feature", "properties": {"ac_name": "KUTTANAD", "ac_no": 106, "ac_category": "GEN", "st_name": "KERALA"}, "geometry": {"type": "Polygon", "coordinates": [[[76.3924266839333, 9.548696711547008], [76.40482280726935, 9.553570862856162], [76.40449400117801, 9.55922272032535], [76.41442741878876, 9.563122618064178], [76.42714654335789, 9.549121208298176], [76.46365659441277, 9.56047511702113], [76.46510056995375, 9.541257060080987], [76.47967546190065, 9.536197724275107], [76.47939158780558, 9.506472133013846], [76.48947476756734, 9.506896178132966], [76.50989576422114, 9.500804223064335], [76.51593116699615, 9.48937420643279], [76.50791183866914, 9.486505439877504], [76.50883330761798, 9.477354359425586], [76.49509469543693, 9.444372780635238], [76.5117572706747, 9.436153312558423], [76.50509769635481, 9.429275578608566], [76.51130257538827, 9.419026822477962], [76.50550736548084, 9.410599634346712], [76.50644059350735, 9.403836751720865], [76.51364928263324, 9.40082069137772], [76.50896746952527, 9.377069006820305], [76.51408885982201, 9.369734378858322], [76.52383816893959, 9.366247748024811], [76.51590066452451, 9.366061587486037], [76.51267326831945, 9.354330617509733], [76.48260266688455, 9.34605298533781], [76.47391351431993, 9.332682843827097], [76.47474131255024, 9.328417394726909], [76.49276214926344, 9.325444634778659], [76.49418249726958, 9.319513862355894], [76.48984792206139, 9.317117898502051], [76.4946424745106, 9.309999996680972], [76.48895108987409, 9.303020615815377], [76.48094912976003, 9.303931022241338], [76.48311000283033, 9.312285727893094], [76.47413606833052, 9.31173053451873], [76.47008321856211, 9.31770127911093], [76.46796606824213, 9.29688187856315], [76.45388730287601, 9.297671268487875], [76.45218819819148, 9.325822263022282], [76.46419635447778, 9.33032128510832], [76.46102317826235, 9.348942803275879], [76.45288177817362, 9.352615769889738], [76.44780991653222, 9.347070829525123], [76.43504278197608, 9.351724867061293], [76.42080808130834, 9.340538031865854], [76.41147224817152, 9.344040799137801], [76.41005888701139, 9.350124889079648], [76.39681023195214, 9.349679453551403], [76.38754761016462, 9.355868740777497], [76.40438620352859, 9.37494089188362], [76.40383864093006, 9.395234060649097], [76.38777932232439, 9.394795368338656], [76.37864568335374, 9.410601108244952], [76.36933023790972, 9.443144684509322], [76.36089054156645, 9.455298410400157], [76.36416272228446, 9.489415990513939], [76.37039225642152, 9.508977826416029], [76.383775682784, 9.519848184369913], [76.3924266839333, 9.548696711547008]]]}}, {"type": "Feature", "properties": {"ac_name": "CHANGANASSERY", "ac_no": 99, "ac_category": "GEN", "st_name": "KERALA"}, "geometry": {"type": "Polygon", "coordinates": [[[76.50964219231206, 9.517528951135354], [76.51885616539276, 9.509514323070533], [76.53906435560769, 9.509765554170812], [76.55387530788266, 9.494207905133116], [76.56941392317809, 9.482388795788356], [76.57810419868316, 9.486653304207127], [76.57782624764286, 9.497595270068661], [76.59835018710264, 9.510467754813039], [76.60627178068445, 9.506109515491568], [76.60890062518261, 9.51023405177241], [76.61526551703398, 9.507094286257304], [76.61708368805107, 9.489744553498609], [76.61202597237327, 9.471526745396446], [76.61535709394917, 9.461498025048904], [76.6090999666546, 9.46002709110336], [76.60894134642513, 9.45438685569858], [76.60234575150506, 9.458368142972974], [76.60374001864245, 9.450660071694367], [76.5907705565885, 9.44548997334715], [76.59147384512363, 9.428473569425226], [76.5964610387704, 9.419504012419717], [76.59377106146363, 9.414482480111698], [76.57932785781601, 9.422569610009164], [76.56514664872617, 9.411099345962429], [76.55870876368344, 9.411334736563429], [76.55302264626377, 9.4237116312021], [76.54392178070479, 9.422645696295692], [76.53732679073093, 9.41452488710048], [76.53126772280008, 9.416984163906674], [76.52416224982912, 9.408471534946619], [76.51592233620208, 9.408989151649164], [76.51364928263324, 9.40082069137772], [76.50644059350735, 9.403836751720865], [76.50550736548084, 9.410599634346712], [76.51130257538827, 9.419026822477962], [76.50509769635481, 9.429275578608566], [76.5117572706747, 9.436153312558423], [76.49509469543693, 9.444372780635238], [76.50883330761798, 9.477354359425586], [76.50791183866914, 9.486505439877504], [76.51593116699615, 9.48937420643279], [76.50989576422114, 9.500804223064335], [76.48947476756734, 9.506896178132966], [76.49337929740521, 9.5164141696254], [76.50964219231206, 9.517528951135354]]]}}, {"type": "Feature", "properties": {"ac_name": "AMBALAPPUZHA", "ac_no": 105, "ac_category": "GEN", "st_name": "KERALA"}, "geometry": {"type": "Polygon", "coordinates": [[[76.36416272228446, 9.489415990513939], [76.36089054156645, 9.455298410400157], [76.36933023790972, 9.443144684509322], [76.37864568335374, 9.410601108244952], [76.38777932232439, 9.394795368338656], [76.40383864093006, 9.395234060649097], [76.40438620352859, 9.37494089188362], [76.38754761016462, 9.355868740777497], [76.39681023195214, 9.349679453551403], [76.41005888701139, 9.350124889079648], [76.41147224817152, 9.344040799137801], [76.40044365270677, 9.339673515922629], [76.399545107819, 9.318730167434532], [76.39460425409189, 9.307781037957447], [76.38461802630299, 9.30751366001435], [76.34315455491293, 9.400726166250344], [76.3183185614044, 9.493923664365907], [76.33959780212857, 9.495338845680262], [76.36416272228446, 9.489415990513939]]]}}, {"type": "Feature", "properties": {"ac_name": "THIRUVALLA", "ac_no": 111, "ac_category": "GEN", "st_name": "KERALA"}, "geometry": {"type": "Polygon", "coordinates": [[[76.61535709394917, 9.461498025048904], [76.62619223993048, 9.461112483196795], [76.63010577600603, 9.47262235035214], [76.63552441831344, 9.462330642333043], [76.64161590270417, 9.468103076988674], [76.6429582930792, 9.479416739368629], [76.68052844310077, 9.483463104981977], [76.70050564271891, 9.476442046166621], [76.69999505651097, 9.468462427289506], [76.70805815085909, 9.45441293024458], [76.70425506812428, 9.448127797687196], [76.69911480963496, 9.453780930949584], [76.68718118721135, 9.453616580119297], [76.69091302923412, 9.444978238481518], [76.68735912577367, 9.439688182352844], [76.69497487285517, 9.434692424740845], [76.69216876359913, 9.425068311290133], [76.69661155604894, 9.420214436338245], [76.68644183729198, 9.409255508836498], [76.68165433745563, 9.411303703405064], [76.67620525823148, 9.402844033276079], [76.67188467032727, 9.40566720399555], [76.66777260331516, 9.402545002836437], [76.67889677017294, 9.391774170025036], [76.67955401175722, 9.38151026505484], [76.64953114735944, 9.374579851422245], [76.64989066646474, 9.383185179310557], [76.64357183518848, 9.389697257776454], [76.63263394935008, 9.390091086451854], [76.62899067091125, 9.394723432282225], [76.61737848304061, 9.382037144853758], [76.6025626221648, 9.385264370569704], [76.59704462124746, 9.37276512506072], [76.60281225665877, 9.367365542124327], [76.60051002833836, 9.357597525911794], [76.6123455488668, 9.356653735366631], [76.61624552724942, 9.35156856311695], [76.61138118011594, 9.343221584363032], [76.59841814713494, 9.346965676049164], [76.59589686931787, 9.352814148370925], [76.58157195968981, 9.347441883200414], [76.57728156339834, 9.353685642725292], [76.56681291756767, 9.356255744782723], [76.55011315737254, 9.350773501260921], [76.55982231141158, 9.343371424829877], [76.55338095806798, 9.33571467424988], [76.55158845395543, 9.32454471311762], [76.53841174640381, 9.32191732113597], [76.53177959990377, 9.32920970939141], [76.5273630403494, 9.325234436760214], [76.49276214926344, 9.325444634778659], [76.47474131255024, 9.328417394726909], [76.47391351431993, 9.332682843827097], [76.48260266688455, 9.34605298533781], [76.51267326831945, 9.354330617509733], [76.51590066452451, 9.366061587486037], [76.52383816893959, 9.366247748024811], [76.51408885982201, 9.369734378858322], [76.50896746952527, 9.377069006820305], [76.51364928263324, 9.40082069137772], [76.51592233620208, 9.408989151649164], [76.52416224982912, 9.408471534946619], [76.53126772280008, 9.416984163906674], [76.53732679073093, 9.41452488710048], [76.54392178070479, 9.422645696295692], [76.55302264626377, 9.4237116312021], [76.55870876368344, 9.411334736563429], [76.56514664872617, 9.411099345962429], [76.57932785781601, 9.422569610009164], [76.59377106146363, 9.414482480111698], [76.5964610387704, 9.419504012419717], [76.59147384512363, 9.428473569425226], [76.5907705565885, 9.44548997334715], [76.60374001864245, 9.450660071694367], [76.60234575150506, 9.458368142972974], [76.60894134642513, 9.45438685569858], [76.6090999666546, 9.46002709110336], [76.61535709394917, 9.461498025048904]]]}}, {"type": "Feature", "properties": {"ac_name": "KONNI", "ac_no": 114, "ac_category": "GEN", "st_name": "KERALA"}, "geometry": {"type": "Polygon", "coordinates": [[[77.14282654245542, 9.461192965506244], [77.15461629303266, 9.471026859122727], [77.16628011081339, 9.46963290289677], [77.16890505064647, 9.461770260453308], [77.18124012758985, 9.472267191165777], [77.18339921641409, 9.454436696204503], [77.18818889300309, 9.456193337088967], [77.19030262921231, 9.449763236154787], [77.20668013661215, 9.450602835076696], [77.20788645038196, 9.441552106468876], [77.21179943000787, 9.443953921746301], [77.22408148768037, 9.43419326486904], [77.22048055306861, 9.421412362696017], [77.22874245839469, 9.419953217134257], [77.22814733367944, 9.411005522187343], [77.24544843314048, 9.389083578833645], [77.24810378992845, 9.377800023049739], [77.23479271152141, 9.350286158318061], [77.23806470158833, 9.340654911551452], [77.23041431315438, 9.330687632333344], [77.235052108727, 9.324245320379713], [77.22473105059856, 9.312418459314795], [77.22457077101505, 9.296061366767702], [77.23567025302373, 9.293052992605919], [77.23716535466305, 9.282762905176563], [77.24900430729244, 9.289924919558619], [77.28185311545023, 9.273120225048796], [77.2799082407264, 9.240653964309441], [77.27407981534195, 9.235195215158798], [77.28224932965477, 9.21679637866655], [77.27077722489459, 9.202342569439924], [77.25671751083723, 9.199224037240795], [77.25310941485381, 9.189242715377103], [77.26623807793601, 9.18178412783373], [77.26736695834728, 9.154185829345941], [77.25297995733747, 9.139267334005313], [77.24719358074067, 9.12468894071972], [77.22854393183972, 9.11685955755199], [77.22609709798978, 9.10779121839304], [77.21224309235717, 9.10017692748017], [77.20575582762588, 9.085055320580892], [77.20769012727962, 9.072177555103773], [77.1541336447494, 9.081980656427508], [77.15422442084596, 9.087499983018626], [77.14524716823443, 9.083539649575183], [77.12070751511695, 9.094791734365275], [77.11096773077797, 9.093384421052512], [77.07881440363187, 9.113460720883783], [77.06791830892942, 9.11414667406027], [77.06476668830223, 9.119373180862535], [77.05785482004092, 9.11723623848939], [77.05446403734446, 9.127311277501805], [77.04716427574802, 9.123368547584517], [77.01842901113494, 9.130717189281254], [77.0093052597084, 9.140399794268145], [76.99388978109162, 9.139945774813459], [76.98888017587122, 9.145325001564895], [76.9623059689645, 9.15249793493851], [76.93058696734197, 9.17342716088654], [76.92675210531769, 9.138865861375326], [76.93634845492527, 9.135872287778344], [76.94065501193884, 9.138772476694097], [76.94844746156362, 9.131220270060087], [76.96015007264727, 9.129910639194398], [76.94876573118586, 9.11748461100049], [76.92526632786884, 9.118840496531243], [76.92386129144084, 9.1228635973805], [76.90224280595504, 9.125216944746597], [76.89830965921507, 9.130409311164014], [76.89437768751853, 9.123860334127308], [76.88492187775091, 9.12198928094314], [76.87590209688351, 9.130887765169014], [76.86573528157969, 9.115565667108369], [76.85880738436417, 9.117857368020006], [76.85145761644404, 9.112618386536957], [76.85196163949405, 9.09967907478919], [76.84133576189852, 9.092101251282696], [76.82295616762211, 9.093500144696272], [76.80903201653227, 9.108537174557789], [76.79325693513736, 9.109144832341446], [76.78822665008171, 9.113175029799093], [76.79496430484427, 9.120074441417067], [76.80436542937663, 9.120453609313774], [76.8042020835456, 9.124187978293884], [76.79343936610599, 9.125014125364563], [76.79203118440688, 9.136141452691952], [76.78487072545634, 9.133396224069724], [76.78275411702882, 9.14042216404606], [76.77666811480279, 9.141274720397407], [76.7829999104891, 9.143201149725042], [76.78499730007842, 9.148751574708905], [76.7950274675515, 9.148702315041286], [76.79603315082664, 9.157037147340771], [76.80594205087282, 9.15179420528165], [76.80235475961976, 9.158416447320583], [76.80798327631696, 9.156978185504718], [76.79448966203054, 9.163070624687707], [76.79515098331268, 9.169820600523382], [76.78972324658596, 9.17511366772036], [76.80847886948246, 9.17051393670542], [76.80210641018132, 9.176991645488103], [76.7955823936749, 9.175925847793003], [76.78897079963717, 9.179145488651343], [76.78888052587253, 9.182987893777867], [76.79448848075883, 9.178236154314767], [76.79627865664237, 9.182404448971145], [76.78007978314729, 9.18983910709022], [76.76724167162517, 9.207255626326527], [76.74918735311452, 9.209558931923983], [76.72155420356899, 9.227931771925487], [76.72747414308266, 9.232640987026636], [76.74212201980917, 9.231182646716567], [76.74483665254685, 9.239030838488935], [76.74986583295706, 9.232876506804812], [76.75392488056167, 9.234895424695935], [76.75384105199961, 9.230805015536122], [76.76136410418798, 9.228399460982242], [76.77004834637972, 9.233596030212935], [76.77883869504421, 9.227260205667196], [76.78798297547344, 9.236115906062063], [76.78130517618997, 9.246364846817883], [76.78856590898864, 9.252549211539662], [76.78852068436277, 9.258019170455796], [76.79833818291978, 9.25228776418058], [76.80090137282794, 9.257952839398573], [76.79806415758792, 9.260927776684518], [76.80497189772109, 9.257520715164466], [76.80832002179766, 9.261920463806044], [76.81754331613539, 9.253972114072575], [76.82192840660001, 9.255455481069237], [76.81688670621197, 9.263440987996963], [76.82107445660851, 9.26634478928217], [76.82521986758107, 9.262038145143695], [76.82831534293366, 9.272744646529025], [76.82526741828687, 9.283613339559075], [76.78891838281879, 9.28715946879049], [76.78882156047496, 9.30035541925744], [76.77975680679428, 9.298474498341161], [76.78518554368534, 9.305720676070981], [76.7821284089624, 9.322185804138863], [76.7903083103584, 9.331285182145814], [76.79482253966687, 9.330475574340976], [76.80555080172495, 9.324065108970087], [76.80770905798819, 9.315864424068018], [76.81094403396669, 9.320110726739054], [76.82037077149354, 9.310714544983878], [76.8267869521696, 9.310795251390982], [76.8399158623265, 9.301972345986211], [76.84439313353572, 9.303747972086112], [76.86297080211428, 9.297942783999131], [76.86655655530012, 9.291989176658122], [76.89478822351435, 9.287235005000266], [76.89803383527439, 9.30514883699771], [76.88396635387883, 9.31251428588036], [76.88446164389124, 9.316625220688296], [76.87720586802213, 9.321404874104038], [76.87918677048049, 9.330069111640066], [76.89675377777412, 9.331019984061033], [76.89909306370704, 9.34868096320762], [76.94435701364701, 9.338804700520724], [76.96790795657286, 9.362332676411938], [76.97770387149014, 9.355556957491153], [76.98683636458973, 9.36585228257172], [76.99899190948746, 9.36244818520774], [76.99685425067693, 9.385218406926377], [76.99948809791853, 9.391214334400889], [77.02045468741338, 9.394860265558567], [77.01781617519549, 9.407322964091103], [77.02879354183118, 9.407568021404668], [77.05266322304848, 9.418258587418293], [77.06688176122444, 9.41691428695625], [77.04773276632675, 9.452535813474837], [77.05381505676878, 9.46137365371283], [77.07274315893204, 9.4564510231042], [77.08709776899266, 9.46268046620608], [77.1036204299704, 9.4798303236016], [77.11947939573862, 9.479426732253899], [77.13070092427954, 9.493223956006142], [77.14311541484066, 9.48726973601284], [77.14282654245542, 9.461192965506244]]]}}, {"type": "Feature", "properties": {"ac_name": "RANNI", "ac_no": 112, "ac_category": "GEN", "st_name": "KERALA"}, "geometry": {"type": "Polygon", "coordinates": [[[76.74253937471993, 9.474222643190853], [76.74734117226093, 9.474222823555575], [76.74876051655446, 9.463118104034582], [76.75163205717132, 9.463354104858835], [76.749138353268, 9.452967507448712], [76.7559202896157, 9.453139117700642], [76.76521262468748, 9.436482507016084], [76.78182425355187, 9.448392779937443], [76.7929456356997, 9.444743074318842], [76.79140393053635, 9.451040092035447], [76.79941908092678, 9.45189604842426], [76.80036131421932, 9.459984843141191], [76.80635508147157, 9.454919947942601], [76.81806874212587, 9.455638612955724], [76.82347192378028, 9.445670772903252], [76.82985396683497, 9.452140412913113], [76.84829583587751, 9.445742600111663], [76.85504330436353, 9.456968250912695], [76.88469283866102, 9.443645786154542], [76.91173706979392, 9.424078503631293], [76.9229249296013, 9.424983115527443], [76.9233018658386, 9.416460958368797], [76.92768550416443, 9.41563984678069], [76.9411254866112, 9.42079604916477], [76.94011545041936, 9.433902753564444], [76.94555759962135, 9.435451635696802], [76.940893046855, 9.445704035922338], [76.95049082438497, 9.449039788225779], [76.95900247447257, 9.46155958474951], [76.97010780691856, 9.464752682639888], [76.9937563242708, 9.44923080226479], [77.01520118347443, 9.441850131200354], [77.01717792539395, 9.430164932979293], [77.0092399373416, 9.429491179994688], [77.00777817170251, 9.425440962939918], [77.01216428123884, 9.41788303246997], [77.00953196406451, 9.40903892926315], [77.01781617519549, 9.407322964091103], [77.02045468741338, 9.394860265558567], [76.99948809791853, 9.391214334400889], [76.99685425067693, 9.385218406926377], [76.99899190948746, 9.36244818520774], [76.98683636458973, 9.36585228257172], [76.97770387149014, 9.355556957491153], [76.96790795657286, 9.362332676411938], [76.94435701364701, 9.338804700520724], [76.89909306370704, 9.34868096320762], [76.89675377777412, 9.331019984061033], [76.87918677048049, 9.330069111640066], [76.87720586802213, 9.321404874104038], [76.88446164389124, 9.316625220688296], [76.88396635387883, 9.31251428588036], [76.89803383527439, 9.30514883699771], [76.89478822351435, 9.287235005000266], [76.86655655530012, 9.291989176658122], [76.86297080211428, 9.297942783999131], [76.84439313353572, 9.303747972086112], [76.8399158623265, 9.301972345986211], [76.8267869521696, 9.310795251390982], [76.82037077149354, 9.310714544983878], [76.81094403396669, 9.320110726739054], [76.80770905798819, 9.315864424068018], [76.80555080172495, 9.324065108970087], [76.79482253966687, 9.330475574340976], [76.7903083103584, 9.331285182145814], [76.7821284089624, 9.322185804138863], [76.76509066922466, 9.333309290088595], [76.75854280218167, 9.328007320887515], [76.75464071738709, 9.332257568253777], [76.73895456999102, 9.333437211267361], [76.73833317108111, 9.329291029153945], [76.72553241449818, 9.334356917715201], [76.72497729956594, 9.348360528741324], [76.71171304241186, 9.360149756831317], [76.71135670097723, 9.364455158538151], [76.71782831356636, 9.36438801310501], [76.71869046790304, 9.36932897374886], [76.71226618963885, 9.378346994057205], [76.70882099984566, 9.382106630537326], [76.68694775039029, 9.378255321784655], [76.67955401175722, 9.38151026505484], [76.67889677017294, 9.391774170025036], [76.66777260331516, 9.402545002836437], [76.67188467032727, 9.40566720399555], [76.67620525823148, 9.402844033276079], [76.68165433745563, 9.411303703405064], [76.68644183729198, 9.409255508836498], [76.69661155604894, 9.420214436338245], [76.69216876359913, 9.425068311290133], [76.69497487285517, 9.434692424740845], [76.68735912577367, 9.439688182352844], [76.69091302923412, 9.444978238481518], [76.68718118721135, 9.453616580119297], [76.69911480963496, 9.453780930949584], [76.70425506812428, 9.448127797687196], [76.70805815085909, 9.45441293024458], [76.73125733584635, 9.466585321403933], [76.73311688794422, 9.474705371278532], [76.74253937471993, 9.474222643190853]]]}}, {"type": "Feature", "properties": {"ac_name": "ARANMULA", "ac_no": 113, "ac_category": "GEN", "st_name": "KERALA"}, "geometry": {"type": "Polygon", "coordinates": [[[76.71226618963885, 9.378346994057205], [76.71869046790304, 9.36932897374886], [76.71782831356636, 9.36438801310501], [76.71135670097723, 9.364455158538151], [76.71171304241186, 9.360149756831317], [76.72497729956594, 9.348360528741324], [76.72553241449818, 9.334356917715201], [76.73833317108111, 9.329291029153945], [76.73895456999102, 9.333437211267361], [76.75464071738709, 9.332257568253777], [76.75854280218167, 9.328007320887515], [76.76509066922466, 9.333309290088595], [76.7821284089624, 9.322185804138863], [76.78518554368534, 9.305720676070981], [76.77975680679428, 9.298474498341161], [76.78882156047496, 9.30035541925744], [76.78891838281879, 9.28715946879049], [76.82526741828687, 9.283613339559075], [76.82831534293366, 9.272744646529025], [76.82521986758107, 9.262038145143695], [76.82107445660851, 9.26634478928217], [76.81688670621197, 9.263440987996963], [76.82192840660001, 9.255455481069237], [76.81754331613539, 9.253972114072575], [76.80832002179766, 9.261920463806044], [76.80497189772109, 9.257520715164466], [76.79806415758792, 9.260927776684518], [76.80090137282794, 9.257952839398573], [76.79833818291978, 9.25228776418058], [76.78852068436277, 9.258019170455796], [76.78856590898864, 9.252549211539662], [76.78130517618997, 9.246364846817883], [76.78798297547344, 9.236115906062063], [76.77883869504421, 9.227260205667196], [76.77004834637972, 9.233596030212935], [76.76136410418798, 9.228399460982242], [76.75384105199961, 9.230805015536122], [76.75392488056167, 9.234895424695935], [76.74986583295706, 9.232876506804812], [76.74483665254685, 9.239030838488935], [76.74212201980917, 9.231182646716567], [76.72747414308266, 9.232640987026636], [76.72155420356899, 9.227931771925487], [76.71590709981135, 9.22392614034073], [76.71100488077634, 9.229306452054795], [76.70725798982356, 9.225771200849682], [76.6940926370881, 9.226348255816502], [76.69052749139877, 9.233381348391726], [76.67464412285352, 9.236556090802939], [76.67161722241947, 9.231638375486513], [76.6693584659153, 9.239759030736678], [76.66456293154341, 9.237945558481496], [76.65770470211073, 9.242193002756702], [76.65491840642714, 9.261741954115598], [76.66428984482855, 9.266155693514987], [76.66187101219826, 9.26934048601829], [76.66640844118365, 9.269545399896568], [76.6700163807169, 9.276024697767838], [76.66606664995182, 9.277182586778405], [76.67677868055858, 9.2828421089803], [76.67515815449455, 9.291438852990263], [76.65359633846008, 9.292424693552062], [76.65163821885848, 9.308545982812376], [76.64505054084027, 9.3100631285837], [76.64145385687016, 9.32349722987], [76.63529525499939, 9.327209723792249], [76.64200719753948, 9.333397559642671], [76.64163588896487, 9.341122303115657], [76.62852566719393, 9.34269283008719], [76.62784577749551, 9.337311685792287], [76.61138118011594, 9.343221584363032], [76.61624552724942, 9.35156856311695], [76.6123455488668, 9.356653735366631], [76.60051002833836, 9.357597525911794], [76.60281225665877, 9.367365542124327], [76.59704462124746, 9.37276512506072], [76.6025626221648, 9.385264370569704], [76.61737848304061, 9.382037144853758], [76.62899067091125, 9.394723432282225], [76.63263394935008, 9.390091086451854], [76.64357183518848, 9.389697257776454], [76.64989066646474, 9.383185179310557], [76.64953114735944, 9.374579851422245], [76.67955401175722, 9.38151026505484], [76.68694775039029, 9.378255321784655], [76.70882099984566, 9.382106630537326], [76.71226618963885, 9.378346994057205]]]}}, {"type": "Feature", "properties": {"ac_name": "HARIPAD", "ac_no": 107, "ac_category": "GEN", "st_name": "KERALA"}, "geometry": {"type": "Polygon", "coordinates": [[[76.46102317826235, 9.348942803275879], [76.46419635447778, 9.33032128510832], [76.45218819819148, 9.325822263022282], [76.45388730287601, 9.297671268487875], [76.46796606824213, 9.29688187856315], [76.47008321856211, 9.31770127911093], [76.47413606833052, 9.31173053451873], [76.48311000283033, 9.312285727893094], [76.48094912976003, 9.303931022241338], [76.48895108987409, 9.303020615815377], [76.49082097733324, 9.293157226101796], [76.50128600676919, 9.292403367063747], [76.49935245774589, 9.267953153832515], [76.50451643618227, 9.265117118597464], [76.49807929459055, 9.227102918394767], [76.48387668817232, 9.230334443303828], [76.4676413811696, 9.227122962771297], [76.47551765471235, 9.20745147392451], [76.46909154600355, 9.200452199197613], [76.44753494379995, 9.196323899110617], [76.45860487629781, 9.170560398486856], [76.46356961506515, 9.169767348619045], [76.46998566388183, 9.157755904200306], [76.4721567452508, 9.146914673179136], [76.46625999323223, 9.128963361171461], [76.38461802630299, 9.30751366001435], [76.39460425409189, 9.307781037957447], [76.399545107819, 9.318730167434532], [76.40044365270677, 9.339673515922629], [76.41147224817152, 9.344040799137801], [76.42080808130834, 9.340538031865854], [76.43504278197608, 9.351724867061293], [76.44780991653222, 9.347070829525123], [76.45288177817362, 9.352615769889738], [76.46102317826235, 9.348942803275879]]]}}, {"type": "Feature", "properties": {"ac_name": "CHENGANNUR", "ac_no": 110, "ac_category": "GEN", "st_name": "KERALA"}, "geometry": {"type": "Polygon", "coordinates": [[[76.61138118011594, 9.343221584363032], [76.62784577749551, 9.337311685792287], [76.62852566719393, 9.34269283008719], [76.64163588896487, 9.341122303115657], [76.64200719753948, 9.333397559642671], [76.63529525499939, 9.327209723792249], [76.64145385687016, 9.32349722987], [76.64505054084027, 9.3100631285837], [76.65163821885848, 9.308545982812376], [76.65359633846008, 9.292424693552062], [76.67515815449455, 9.291438852990263], [76.67677868055858, 9.2828421089803], [76.66606664995182, 9.277182586778405], [76.6700163807169, 9.276024697767838], [76.66640844118365, 9.269545399896568], [76.66187101219826, 9.26934048601829], [76.66428984482855, 9.266155693514987], [76.65491840642714, 9.261741954115598], [76.65770470211073, 9.242193002756702], [76.63923964396116, 9.233794223945072], [76.63275640211903, 9.243900296231779], [76.62631079567251, 9.237225018775074], [76.62762739411517, 9.230781574908244], [76.61802271551588, 9.227786739150256], [76.60799236818472, 9.239581277932617], [76.6012074092615, 9.237364880395207], [76.59589479939119, 9.246050276362897], [76.5906204009072, 9.245879191523803], [76.57793641655476, 9.258855411450574], [76.57666047886617, 9.268535435275044], [76.57035932104176, 9.264896435288335], [76.56233660866259, 9.272200943543684], [76.55308715611918, 9.2707269140701], [76.5477149493573, 9.25968260080244], [76.54469633287565, 9.266617625109102], [76.53960436262037, 9.25625029104595], [76.52993372486824, 9.261553836089284], [76.52529968991382, 9.257963262358366], [76.5189925204168, 9.268585103060001], [76.50451643618227, 9.265117118597464], [76.49935245774589, 9.267953153832515], [76.50128600676919, 9.292403367063747], [76.49082097733324, 9.293157226101796], [76.48895108987409, 9.303020615815377], [76.4946424745106, 9.309999996680972], [76.48984792206139, 9.317117898502051], [76.49418249726958, 9.319513862355894], [76.49276214926344, 9.325444634778659], [76.5273630403494, 9.325234436760214], [76.53177959990377, 9.32920970939141], [76.53841174640381, 9.32191732113597], [76.55158845395543, 9.32454471311762], [76.55338095806798, 9.33571467424988], [76.55982231141158, 9.343371424829877], [76.55011315737254, 9.350773501260921], [76.56681291756767, 9.356255744782723], [76.57728156339834, 9.353685642725292], [76.58157195968981, 9.347441883200414], [76.59589686931787, 9.352814148370925], [76.59841814713494, 9.346965676049164], [76.61138118011594, 9.343221584363032]]]}}, {"type": "Feature", "properties": {"ac_name": "MAVELIKKARA", "ac_no": 109, "ac_category": "SC", "st_name": "KERALA"}, "geometry": {"type": "Polygon", "coordinates": [[[76.52529968991382, 9.257963262358366], [76.52993372486824, 9.261553836089284], [76.53960436262037, 9.25625029104595], [76.54469633287565, 9.266617625109102], [76.5477149493573, 9.25968260080244], [76.55308715611918, 9.2707269140701], [76.56233660866259, 9.272200943543684], [76.57035932104176, 9.264896435288335], [76.57666047886617, 9.268535435275044], [76.57793641655476, 9.258855411450574], [76.5906204009072, 9.245879191523803], [76.59589479939119, 9.246050276362897], [76.6012074092615, 9.237364880395207], [76.60799236818472, 9.239581277932617], [76.61802271551588, 9.227786739150256], [76.62762739411517, 9.230781574908244], [76.62631079567251, 9.237225018775074], [76.63275640211903, 9.243900296231779], [76.63923964396116, 9.233794223945072], [76.64385663951822, 9.203290135318147], [76.64916054038144, 9.208702111436525], [76.65332059726344, 9.201258768456968], [76.66740992589291, 9.19941658988188], [76.6853936277124, 9.1742768594316], [76.6732450531573, 9.166893619473694], [76.67448571089959, 9.153722191313133], [76.66229082748805, 9.14985332884735], [76.64041128341404, 9.150693142524366], [76.63489598059847, 9.14218804413734], [76.61462730910475, 9.130444528911365], [76.60307050900059, 9.13068630444909], [76.59204759243977, 9.131849626425863], [76.58441915629754, 9.117141683454552], [76.5737203003793, 9.117646580679073], [76.56829885742177, 9.111953402248144], [76.556354610203, 9.11032045568242], [76.54956427337443, 9.114133587718705], [76.54224962448019, 9.135933646114067], [76.54239528180855, 9.142713736716146], [76.56283075187314, 9.142083788459335], [76.56133307574216, 9.157551553221317], [76.56986516390639, 9.16417431698907], [76.58591995510152, 9.166014832268461], [76.58660171527382, 9.170118865857267], [76.58394277838966, 9.180053380898032], [76.57098066203005, 9.187180570343935], [76.57075422201488, 9.195594495090829], [76.5639993889554, 9.194927868222369], [76.56277478975261, 9.204141951088847], [76.55867962554586, 9.20302483271533], [76.5581132897599, 9.194293171897042], [76.54100440727213, 9.195022049927008], [76.53323866190168, 9.199980519168955], [76.53365094503974, 9.223290940895303], [76.52529968991382, 9.257963262358366]]]}}, {"type": "Feature", "properties": {"ac_name": "KAYAMKULAM", "ac_no": 108, "ac_category": "GEN", "st_name": "KERALA"}, "geometry": {"type": "Polygon", "coordinates": [[[76.50451643618227, 9.265117118597464], [76.5189925204168, 9.268585103060001], [76.52529968991382, 9.257963262358366], [76.53365094503974, 9.223290940895303], [76.53323866190168, 9.199980519168955], [76.54100440727213, 9.195022049927008], [76.5581132897599, 9.194293171897042], [76.55867962554586, 9.20302483271533], [76.56277478975261, 9.204141951088847], [76.5639993889554, 9.194927868222369], [76.57075422201488, 9.195594495090829], [76.57098066203005, 9.187180570343935], [76.58394277838966, 9.180053380898032], [76.58660171527382, 9.170118865857267], [76.58591995510152, 9.166014832268461], [76.56986516390639, 9.16417431698907], [76.56133307574216, 9.157551553221317], [76.56283075187314, 9.142083788459335], [76.54239528180855, 9.142713736716146], [76.54224962448019, 9.135933646114067], [76.5089582483486, 9.13700796792421], [76.50252471728808, 9.135188622359237], [76.50656782400497, 9.125150273705943], [76.47825651050503, 9.123968567917666], [76.47669333080908, 9.117577911924602], [76.4883766302433, 9.092093551610645], [76.48499643485134, 9.09005867948676], [76.46625999323223, 9.128963361171461], [76.4721567452508, 9.146914673179136], [76.46998566388183, 9.157755904200306], [76.46356961506515, 9.169767348619045], [76.45860487629781, 9.170560398486856], [76.44753494379995, 9.196323899110617], [76.46909154600355, 9.200452199197613], [76.47551765471235, 9.20745147392451], [76.4676413811696, 9.227122962771297], [76.48387668817232, 9.230334443303828], [76.49807929459055, 9.227102918394767], [76.50451643618227, 9.265117118597464]]]}}, {"type": "Feature", "properties": {"ac_name": "ADOOR", "ac_no": 115, "ac_category": "SC", "st_name": "KERALA"}, "geometry": {"type": "Polygon", "coordinates": [[[76.65770470211073, 9.242193002756702], [76.66456293154341, 9.237945558481496], [76.6693584659153, 9.239759030736678], [76.67161722241947, 9.231638375486513], [76.67464412285352, 9.236556090802939], [76.69052749139877, 9.233381348391726], [76.6940926370881, 9.226348255816502], [76.70725798982356, 9.225771200849682], [76.71100488077634, 9.229306452054795], [76.71590709981135, 9.22392614034073], [76.72155420356899, 9.227931771925487], [76.74918735311452, 9.209558931923983], [76.76724167162517, 9.207255626326527], [76.78007978314729, 9.18983910709022], [76.79627865664237, 9.182404448971145], [76.79448848075883, 9.178236154314767], [76.78888052587253, 9.182987893777867], [76.78897079963717, 9.179145488651343], [76.7955823936749, 9.175925847793003], [76.80210641018132, 9.176991645488103], [76.80847886948246, 9.17051393670542], [76.78972324658596, 9.17511366772036], [76.79515098331268, 9.169820600523382], [76.79448966203054, 9.163070624687707], [76.80798327631696, 9.156978185504718], [76.80235475961976, 9.158416447320583], [76.80594205087282, 9.15179420528165], [76.79603315082664, 9.157037147340771], [76.7950274675515, 9.148702315041286], [76.78499730007842, 9.148751574708905], [76.7829999104891, 9.143201149725042], [76.77666811480279, 9.141274720397407], [76.78275411702882, 9.14042216404606], [76.78487072545634, 9.133396224069724], [76.79203118440688, 9.136141452691952], [76.79343936610599, 9.125014125364563], [76.8042020835456, 9.124187978293884], [76.80436542937663, 9.120453609313774], [76.79496430484427, 9.120074441417067], [76.78822665008171, 9.113175029799093], [76.78239601149481, 9.113869075451577], [76.76588128802857, 9.09461736123796], [76.77110035469833, 9.075163519377513], [76.7582542618557, 9.072883343471142], [76.75478995220134, 9.08874037023319], [76.74903242157042, 9.082986793004443], [76.74017791110195, 9.087702922623773], [76.73516601392048, 9.082921881621413], [76.71135543295529, 9.086395285090736], [76.69295718913138, 9.092105373517132], [76.6858687855243, 9.087775392495049], [76.68393602970198, 9.080827004874566], [76.67579368443099, 9.077686608891128], [76.67145058366364, 9.08162585026727], [76.67799506564587, 9.089520243652375], [76.67620893017875, 9.114306389417825], [76.67237636557685, 9.11843799037726], [76.6549308411872, 9.113223767515105], [76.64507110674685, 9.123670282157873], [76.63448116942749, 9.12162453298314], [76.6374412887144, 9.140354547818932], [76.63489598059847, 9.14218804413734], [76.64041128341404, 9.150693142524366], [76.66229082748805, 9.14985332884735], [76.67448571089959, 9.153722191313133], [76.6732450531573, 9.166893619473694], [76.6853936277124, 9.1742768594316], [76.66740992589291, 9.19941658988188], [76.65332059726344, 9.201258768456968], [76.64916054038144, 9.208702111436525], [76.64385663951822, 9.203290135318147], [76.63923964396116, 9.233794223945072], [76.65770470211073, 9.242193002756702]]]}}, {"type": "Feature", "properties": {"ac_name": "PATHANAPURAM", "ac_no": 120, "ac_category": "GEN", "st_name": "KERALA"}, "geometry": {"type": "Polygon", "coordinates": [[[77.04716427574802, 9.123368547584517], [77.02442235253145, 9.125676063887557], [77.02555726695, 9.108503588484345], [77.01943000886483, 9.100948639092438], [77.021150988344, 9.090611463893266], [77.01283756824682, 9.078291187082351], [77.01352219386648, 9.07224832019689], [76.99350864673795, 9.072886635355475], [76.98466050551913, 9.058227009642657], [76.97294792080535, 9.056581397796363], [76.96729041688448, 9.059803264441957], [76.96520788718439, 9.056396866631893], [76.94718701525052, 9.061505927325726], [76.94358320862915, 9.0550344759672], [76.95105089737274, 9.047640265631205], [76.9481100679022, 9.044578131878387], [76.95772480153089, 9.042533770037382], [76.96362045835141, 9.034582893577083], [76.96188278931257, 9.031057950128423], [76.95335533086822, 9.037435737564698], [76.93642675459145, 9.037353195228102], [76.9289678926037, 9.045488179300186], [76.91527529952012, 9.03584159386675], [76.90539604707733, 9.039594824423316], [76.90719943213941, 9.034952177755757], [76.8992655671018, 9.029921303866356], [76.88909795812116, 9.034991407907686], [76.88099860930626, 9.030358584011841], [76.87479335204975, 9.032442397059496], [76.8911146023668, 9.023318923232607], [76.91010995509095, 9.019460293326379], [76.91215505956178, 9.00877294685754], [76.89337639805568, 9.010578550812554], [76.89692910862172, 8.999481445742028], [76.88167632140438, 8.99002642214149], [76.8819099866531, 8.975438096073606], [76.85981903103072, 8.978049532697211], [76.85991799321974, 8.971472021991309], [76.84347530725384, 8.958982036170871], [76.83128384816233, 8.968653648146406], [76.81683297425091, 8.960805452686749], [76.80341467024182, 8.970462813753965], [76.8027402691024, 8.977658506346735], [76.79195271715318, 8.975170297717753], [76.79483359217095, 8.985028902815884], [76.78792539379295, 8.992113988935444], [76.78952309755374, 8.999723089654358], [76.80687059102404, 9.008404043736544], [76.80120334435115, 9.006238984847355], [76.79472908345018, 9.009573979034], [76.80185959031016, 9.016555999938682], [76.79757009781817, 9.023642140862753], [76.8058222835445, 9.027887498579886], [76.80465795231929, 9.03706010413672], [76.80008731126676, 9.0387370320778], [76.80590238608681, 9.044124051243616], [76.8066018945329, 9.058405133645913], [76.79903935640642, 9.05573427010782], [76.78653495547998, 9.062435725503452], [76.78044659888256, 9.060792958217784], [76.77203703953566, 9.068183810826731], [76.77110035469833, 9.075163519377513], [76.76588128802857, 9.09461736123796], [76.78239601149481, 9.113869075451577], [76.78822665008171, 9.113175029799093], [76.79325693513736, 9.109144832341446], [76.80903201653227, 9.108537174557789], [76.82295616762211, 9.093500144696272], [76.84133576189852, 9.092101251282696], [76.85196163949405, 9.09967907478919], [76.85145761644404, 9.112618386536957], [76.85880738436417, 9.117857368020006], [76.86573528157969, 9.115565667108369], [76.87590209688351, 9.130887765169014], [76.88492187775091, 9.12198928094314], [76.89437768751853, 9.123860334127308], [76.89830965921507, 9.130409311164014], [76.90224280595504, 9.125216944746597], [76.92386129144084, 9.1228635973805], [76.92526632786884, 9.118840496531243], [76.94876573118586, 9.11748461100049], [76.96015007264727, 9.129910639194398], [76.94844746156362, 9.131220270060087], [76.94065501193884, 9.138772476694097], [76.93634845492527, 9.135872287778344], [76.92675210531769, 9.138865861375326], [76.93058696734197, 9.17342716088654], [76.9623059689645, 9.15249793493851], [76.98888017587122, 9.145325001564895], [76.99388978109162, 9.139945774813459], [77.0093052597084, 9.140399794268145], [77.01842901113494, 9.130717189281254], [77.04716427574802, 9.123368547584517]]]}}, {"type": "Feature", "properties": {"ac_name": "KARUNAGAPPALLY", "ac_no": 116, "ac_category": "GEN", "st_name": "KERALA"}, "geometry": {"type": "Polygon", "coordinates": [[[76.60307050900059, 9.13068630444909], [76.59868972812193, 9.086317330115671], [76.57442675058182, 9.064021505653093], [76.56692660351132, 9.065102394163548], [76.57036254667763, 9.04880830301639], [76.56009470664677, 9.04271678325669], [76.5645385056106, 9.033982631343353], [76.55453851879204, 9.030303485147623], [76.54920328294092, 9.03764078116384], [76.55247972797453, 9.040167436008662], [76.54959709131475, 9.048950408923245], [76.5441650352747, 9.051775900670016], [76.53775806329013, 9.041224238860094], [76.53946310812019, 9.028282261657502], [76.52969084965689, 9.014348516586441], [76.51666352470471, 9.017805680215883], [76.48499643485134, 9.09005867948676], [76.4883766302433, 9.092093551610645], [76.47669333080908, 9.117577911924602], [76.47825651050503, 9.123968567917666], [76.50656782400497, 9.125150273705943], [76.50252471728808, 9.135188622359237], [76.5089582483486, 9.13700796792421], [76.54224962448019, 9.135933646114067], [76.54956427337443, 9.114133587718705], [76.556354610203, 9.11032045568242], [76.56829885742177, 9.111953402248144], [76.5737203003793, 9.117646580679073], [76.58441915629754, 9.117141683454552], [76.59204759243977, 9.131849626425863], [76.60307050900059, 9.13068630444909]]]}}, {"type": "Feature", "properties": {"ac_name": "KUNNATHUR", "ac_no": 118, "ac_category": "SC", "st_name": "KERALA"}, "geometry": {"type": "Polygon", "coordinates": [[[76.6374412887144, 9.140354547818932], [76.63448116942749, 9.12162453298314], [76.64507110674685, 9.123670282157873], [76.6549308411872, 9.113223767515105], [76.67237636557685, 9.11843799037726], [76.67620893017875, 9.114306389417825], [76.67799506564587, 9.089520243652375], [76.67145058366364, 9.08162585026727], [76.67579368443099, 9.077686608891128], [76.68393602970198, 9.080827004874566], [76.6858687855243, 9.087775392495049], [76.69295718913138, 9.092105373517132], [76.71135543295529, 9.086395285090736], [76.71246719546004, 9.084166424898573], [76.72404052795046, 9.065614418579063], [76.7163720173735, 9.066224235771912], [76.71246879286417, 9.058381413766133], [76.70871478853843, 9.059850048621515], [76.70102366196102, 9.053796311973938], [76.69796477946932, 9.0328526337158], [76.70619931944239, 9.025957282404182], [76.70769879891675, 9.018807364902477], [76.72816067624353, 9.006371125128823], [76.7073877790266, 9.006874456773138], [76.68425133126865, 8.996989868112037], [76.68313402269195, 9.001054622256955], [76.67139860213702, 9.00400783636952], [76.66481741075597, 8.998990481654669], [76.65499260478573, 8.997429419352269], [76.6524654520883, 9.000682550813249], [76.64548587691138, 8.991694393451938], [76.6461616599255, 9.001374953864866], [76.64152906549303, 9.002593398062196], [76.63771173375483, 9.001190803196069], [76.64000959061786, 8.99634367838526], [76.63276405609524, 8.998007950008095], [76.6176325696873, 8.979445201892212], [76.61589318975025, 8.974279710643128], [76.6063663860401, 8.970835593119864], [76.60345956757575, 8.974808286199393], [76.6066774130633, 8.97738489728767], [76.5852812468815, 8.976995638583977], [76.58645754223107, 9.000817890252335], [76.60528150245707, 9.010469820663834], [76.60386547665611, 9.023532282965714], [76.59166017418912, 9.017454671297264], [76.57876994675848, 9.017003640283818], [76.5645385056106, 9.033982631343353], [76.56009470664677, 9.04271678325669], [76.57036254667763, 9.04880830301639], [76.56692660351132, 9.065102394163548], [76.57442675058182, 9.064021505653093], [76.59868972812193, 9.086317330115671], [76.60307050900059, 9.13068630444909], [76.61462730910475, 9.130444528911365], [76.63489598059847, 9.14218804413734], [76.6374412887144, 9.140354547818932]]]}}, {"type": "Feature", "properties": {"ac_name": "PUNALUR", "ac_no": 121, "ac_category": "GEN", "st_name": "KERALA"}, "geometry": {"type": "Polygon", "coordinates": [[[77.04716427574802, 9.123368547584517], [77.05446403734446, 9.127311277501805], [77.05785482004092, 9.11723623848939], [77.06476668830223, 9.119373180862535], [77.06791830892942, 9.11414667406027], [77.07881440363187, 9.113460720883783], [77.11096773077797, 9.093384421052512], [77.12070751511695, 9.094791734365275], [77.14524716823443, 9.083539649575183], [77.15422442084596, 9.087499983018626], [77.1541336447494, 9.081980656427508], [77.20769012727962, 9.072177555103773], [77.1968273638329, 9.056667597041654], [77.1975501022218, 9.047086359415516], [77.19126770499, 9.043473679913392], [77.18233425993381, 9.047526494117795], [77.16800982215943, 9.045553282468905], [77.16051376964559, 9.035929109006789], [77.16097831354286, 9.02934152340106], [77.15386084946635, 9.022535056229648], [77.14666490945214, 9.021962277629745], [77.14942618338391, 9.009775277371038], [77.15690854431105, 9.007630341970614], [77.16162409552302, 8.995457729369084], [77.17345145915783, 8.991524854989164], [77.17817010200778, 8.969267686329212], [77.18830180996714, 8.968076821979247], [77.19649107341046, 8.954300477988681], [77.19385613424527, 8.943475236395038], [77.1971465239911, 8.935256226825684], [77.19322742004995, 8.925877215044638], [77.21827770850484, 8.9184350184923], [77.21830548153127, 8.918180005209523], [77.22157594079967, 8.903780853021948], [77.23847852850793, 8.897723998325944], [77.23847684933958, 8.884712180417589], [77.25632404526111, 8.878283037060749], [77.25852177058184, 8.86542745787232], [77.25541535341794, 8.860789884933201], [77.26131127858874, 8.856440585341172], [77.25838333523555, 8.850375447001825], [77.2623824746309, 8.841706714226271], [77.24691021557011, 8.823451117490023], [77.24694721578929, 8.814730447363377], [77.23208708757515, 8.80784048812264], [77.22992483169263, 8.785247090491529], [77.21323604530441, 8.779132430046575], [77.21795197955869, 8.7682973769523], [77.20948446966628, 8.76551393973211], [77.19984830508325, 8.769972087292606], [77.15650048735289, 8.796878762645594], [77.15479274010937, 8.79457814515188], [77.14079166083035, 8.806749453056305], [77.12750849151406, 8.810776866753155], [77.10702963781338, 8.830617437883253], [77.09815351206399, 8.830394508177086], [77.08260374466091, 8.84010319997108], [77.04785135609146, 8.846405203497286], [77.04838558363959, 8.860308809216566], [77.01885197233378, 8.872353378931356], [77.00376865100733, 8.883939831594919], [76.98838985169577, 8.920856058833262], [76.9817887563718, 8.922056567260876], [76.98307982291364, 8.91695118496523], [76.9789775919094, 8.915747889455], [76.95517745097185, 8.927679765424765], [76.95214529041571, 8.923392980647131], [76.95550120269608, 8.91336811207814], [76.94450109543573, 8.902116272869002], [76.94436153507809, 8.907473487857015], [76.93884066029317, 8.906191067474813], [76.93958432474086, 8.916027255275269], [76.93382215705084, 8.915546814404216], [76.92915526610659, 8.929546996583419], [76.91259310664174, 8.928380101846333], [76.91265712602083, 8.918806422876461], [76.91757541946812, 8.91701393508616], [76.91462679069352, 8.912070346967447], [76.88109988332376, 8.906911703123818], [76.87857446326414, 8.909971098568962], [76.87016585382507, 8.903824748703556], [76.8735476400792, 8.897624240665232], [76.86542354669042, 8.88824014262077], [76.86289513499118, 8.88982123425278], [76.86569728411581, 8.87847938594198], [76.84603415330142, 8.887554529041973], [76.85610812073557, 8.903171920492843], [76.85509688639867, 8.931523686536378], [76.84347530725384, 8.958982036170871], [76.85991799321974, 8.971472021991309], [76.85981903103072, 8.978049532697211], [76.8819099866531, 8.975438096073606], [76.88167632140438, 8.99002642214149], [76.89692910862172, 8.999481445742028], [76.89337639805568, 9.010578550812554], [76.91215505956178, 9.00877294685754], [76.91010995509095, 9.019460293326379], [76.8911146023668, 9.023318923232607], [76.87479335204975, 9.032442397059496], [76.88099860930626, 9.030358584011841], [76.88909795812116, 9.034991407907686], [76.8992655671018, 9.029921303866356], [76.90719943213941, 9.034952177755757], [76.90539604707733, 9.039594824423316], [76.91527529952012, 9.03584159386675], [76.9289678926037, 9.045488179300186], [76.93642675459145, 9.037353195228102], [76.95335533086822, 9.037435737564698], [76.96188278931257, 9.031057950128423], [76.96362045835141, 9.034582893577083], [76.95772480153089, 9.042533770037382], [76.9481100679022, 9.044578131878387], [76.95105089737274, 9.047640265631205], [76.94358320862915, 9.0550344759672], [76.94718701525052, 9.061505927325726], [76.96520788718439, 9.056396866631893], [76.96729041688448, 9.059803264441957], [76.97294792080535, 9.056581397796363], [76.98466050551913, 9.058227009642657], [76.99350864673795, 9.072886635355475], [77.01352219386648, 9.07224832019689], [77.01283756824682, 9.078291187082351], [77.021150988344, 9.090611463893266], [77.01943000886483, 9.100948639092438], [77.02555726695, 9.108503588484345], [77.02442235253145, 9.125676063887557], [77.04716427574802, 9.123368547584517]]]}}, {"type": "Feature", "properties": {"ac_name": "KOTTARAKKARA", "ac_no": 119, "ac_category": "GEN", "st_name": "KERALA"}, "geometry": {"type": "Polygon", "coordinates": [[[76.71246719546004, 9.084166424898573], [76.71135543295529, 9.086395285090736], [76.73516601392048, 9.082921881621413], [76.74017791110195, 9.087702922623773], [76.74903242157042, 9.082986793004443], [76.75478995220134, 9.08874037023319], [76.7582542618557, 9.072883343471142], [76.77110035469833, 9.075163519377513], [76.77203703953566, 9.068183810826731], [76.78044659888256, 9.060792958217784], [76.78653495547998, 9.062435725503452], [76.79903935640642, 9.05573427010782], [76.8066018945329, 9.058405133645913], [76.80590238608681, 9.044124051243616], [76.80008731126676, 9.0387370320778], [76.80465795231929, 9.03706010413672], [76.8058222835445, 9.027887498579886], [76.79757009781817, 9.023642140862753], [76.80185959031016, 9.016555999938682], [76.79472908345018, 9.009573979034], [76.80120334435115, 9.006238984847355], [76.80687059102404, 9.008404043736544], [76.78952309755374, 8.999723089654358], [76.78792539379295, 8.992113988935444], [76.79483359217095, 8.985028902815884], [76.79195271715318, 8.975170297717753], [76.8027402691024, 8.977658506346735], [76.80341467024182, 8.970462813753965], [76.81683297425091, 8.960805452686749], [76.83128384816233, 8.968653648146406], [76.84347530725384, 8.958982036170871], [76.85509688639867, 8.931523686536378], [76.85610812073557, 8.903171920492843], [76.83877660385458, 8.909766628290216], [76.83419048952794, 8.923449839293669], [76.80920391885915, 8.937793342085387], [76.80061474484884, 8.932826180749426], [76.79908274122018, 8.927078987850079], [76.79174281287646, 8.92941535616443], [76.79438917346215, 8.918246003627294], [76.78749794214362, 8.914685390764685], [76.7871303782955, 8.905998986575515], [76.77109682805798, 8.908186539071123], [76.75852389246039, 8.91684856892423], [76.73941253544925, 8.911969920661482], [76.73720531066805, 8.914294848708954], [76.74109561370673, 8.917029875772464], [76.72986643704219, 8.909139355321846], [76.72754036628224, 8.921052550565873], [76.70730090231638, 8.936683333811834], [76.70334656235724, 8.94279065538273], [76.70474134404799, 8.950288491198693], [76.69738052265558, 8.952239119743906], [76.69378971745243, 8.970107239984651], [76.70663454065536, 8.98004393456385], [76.70602343724353, 8.985462426567635], [76.69556793913601, 8.986938886515778], [76.68425133126865, 8.996989868112037], [76.7073877790266, 9.006874456773138], [76.72816067624353, 9.006371125128823], [76.70769879891675, 9.018807364902477], [76.70619931944239, 9.025957282404182], [76.69796477946932, 9.0328526337158], [76.70102366196102, 9.053796311973938], [76.70871478853843, 9.059850048621515], [76.71246879286417, 9.058381413766133], [76.7163720173735, 9.066224235771912], [76.72404052795046, 9.065614418579063], [76.71246719546004, 9.084166424898573]]]}}, {"type": "Feature", "properties": {"ac_name": "CHAVARA", "ac_no": 117, "ac_category": "GEN", "st_name": "KERALA"}, "geometry": {"type": "Polygon", "coordinates": [[[76.5645385056106, 9.033982631343353], [76.57876994675848, 9.017003640283818], [76.59166017418912, 9.017454671297264], [76.60386547665611, 9.023532282965714], [76.60528150245707, 9.010469820663834], [76.58645754223107, 9.000817890252335], [76.5852812468815, 8.976995638583977], [76.58582850433233, 8.963685740035384], [76.56777693727975, 8.941262303146129], [76.56962936528703, 8.928934872053366], [76.56103918797946, 8.925367423549938], [76.56757723636252, 8.91295421152103], [76.56872507844052, 8.894841661860728], [76.55452694317832, 8.894166842488135], [76.54244213575696, 8.913428610768657], [76.54032362577988, 8.932264234860929], [76.53548840292636, 8.934020377467203], [76.5441435714597, 8.936263967799727], [76.54083411605477, 8.93928390896795], [76.535605437674, 8.936339629269334], [76.51666352470471, 9.017805680215883], [76.52969084965689, 9.014348516586441], [76.53946310812019, 9.028282261657502], [76.53775806329013, 9.041224238860094], [76.5441650352747, 9.051775900670016], [76.54959709131475, 9.048950408923245], [76.55247972797453, 9.040167436008662], [76.54920328294092, 9.03764078116384], [76.55453851879204, 9.030303485147623], [76.5645385056106, 9.033982631343353]]]}}, {"type": "Feature", "properties": {"ac_name": "KUNDARA", "ac_no": 123, "ac_category": "GEN", "st_name": "KERALA"}, "geometry": {"type": "Polygon", "coordinates": [[[76.68425133126865, 8.996989868112037], [76.69556793913601, 8.986938886515778], [76.70602343724353, 8.985462426567635], [76.70663454065536, 8.98004393456385], [76.69378971745243, 8.970107239984651], [76.69738052265558, 8.952239119743906], [76.70474134404799, 8.950288491198693], [76.70334656235724, 8.94279065538273], [76.70730090231638, 8.936683333811834], [76.72754036628224, 8.921052550565873], [76.72986643704219, 8.909139355321846], [76.72626708692428, 8.903514520503085], [76.73101269599171, 8.899541144788834], [76.74035804891065, 8.897576647545781], [76.7487662084943, 8.902085095526626], [76.74208193274137, 8.884250906944873], [76.72877609351617, 8.883191775001483], [76.72038626352258, 8.889219818071076], [76.6998711845134, 8.887871621738322], [76.69845518384066, 8.881789054279862], [76.68977663019598, 8.878451008216182], [76.69312156318016, 8.8705520820831], [76.67533507266606, 8.874397872555145], [76.671587960385, 8.871263708416143], [76.64879288711221, 8.875428908647782], [76.64426219374464, 8.870543623008722], [76.63840982005847, 8.875207209788936], [76.64765278382504, 8.88683483179781], [76.64660434134629, 8.896542814218206], [76.63726706110165, 8.896442031349604], [76.6347279762858, 8.912249102928179], [76.63206849286156, 8.915235161260153], [76.63913856313953, 8.928152125053682], [76.62762200312747, 8.93789949601714], [76.633127348147, 8.94078666811293], [76.62728161229757, 8.94820369788903], [76.62530934856171, 8.972081945700166], [76.6247769280757, 8.97785389562501], [76.6176325696873, 8.979445201892212], [76.63276405609524, 8.998007950008095], [76.64000959061786, 8.99634367838526], [76.63771173375483, 9.001190803196069], [76.64152906549303, 9.002593398062196], [76.6461616599255, 9.001374953864866], [76.64548587691138, 8.991694393451938], [76.6524654520883, 9.000682550813249], [76.65499260478573, 8.997429419352269], [76.66481741075597, 8.998990481654669], [76.67139860213702, 9.00400783636952], [76.68313402269195, 9.001054622256955], [76.68425133126865, 8.996989868112037]]]}}, {"type": "Feature", "properties": {"ac_name": "KOLLAM", "ac_no": 124, "ac_category": "GEN", "st_name": "KERALA"}, "geometry": {"type": "Polygon", "coordinates": [[[76.62530934856171, 8.972081945700166], [76.62728161229757, 8.94820369788903], [76.633127348147, 8.94078666811293], [76.62762200312747, 8.93789949601714], [76.63913856313953, 8.928152125053682], [76.63206849286156, 8.915235161260153], [76.62123865644556, 8.903731640077728], [76.5934073155392, 8.886947688069538], [76.59107920817539, 8.875332598953232], [76.57185824192479, 8.883422943930958], [76.56596151575175, 8.879960212410559], [76.55452694317832, 8.894166842488135], [76.56872507844052, 8.894841661860728], [76.56757723636252, 8.91295421152103], [76.56103918797946, 8.925367423549938], [76.56962936528703, 8.928934872053366], [76.56777693727975, 8.941262303146129], [76.58582850433233, 8.963685740035384], [76.5852812468815, 8.976995638583977], [76.6066774130633, 8.97738489728767], [76.60345956757575, 8.974808286199393], [76.6063663860401, 8.970835593119864], [76.61589318975025, 8.974279710643128], [76.6176325696873, 8.979445201892212], [76.6247769280757, 8.97785389562501], [76.62530934856171, 8.972081945700166]]]}}, {"type": "Feature", "properties": {"ac_name": "CHADAYAMANGALAM", "ac_no": 122, "ac_category": "GEN", "st_name": "KERALA"}, "geometry": {"type": "Polygon", "coordinates": [[[76.80920391885915, 8.937793342085387], [76.83419048952794, 8.923449839293669], [76.83877660385458, 8.909766628290216], [76.85610812073557, 8.903171920492843], [76.84603415330142, 8.887554529041973], [76.86569728411581, 8.87847938594198], [76.86289513499118, 8.88982123425278], [76.86542354669042, 8.88824014262077], [76.8735476400792, 8.897624240665232], [76.87016585382507, 8.903824748703556], [76.87857446326414, 8.909971098568962], [76.88109988332376, 8.906911703123818], [76.91462679069352, 8.912070346967447], [76.91757541946812, 8.91701393508616], [76.91265712602083, 8.918806422876461], [76.91259310664174, 8.928380101846333], [76.92915526610659, 8.929546996583419], [76.93382215705084, 8.915546814404216], [76.93958432474086, 8.916027255275269], [76.93884066029317, 8.906191067474813], [76.94436153507809, 8.907473487857015], [76.94450109543573, 8.902116272869002], [76.95550120269608, 8.91336811207814], [76.95214529041571, 8.923392980647131], [76.95517745097185, 8.927679765424765], [76.9789775919094, 8.915747889455], [76.98307982291364, 8.91695118496523], [76.9817887563718, 8.922056567260876], [76.98838985169577, 8.920856058833262], [77.00376865100733, 8.883939831594919], [77.01885197233378, 8.872353378931356], [77.04838558363959, 8.860308809216566], [77.04785135609146, 8.846405203497286], [77.0324924664306, 8.842929169879692], [77.01981981397724, 8.828237059525884], [77.02097078054528, 8.81714193706414], [77.00877966524033, 8.81325387126967], [77.0111282580855, 8.795928616828068], [77.02487279687976, 8.775568238519996], [77.00309024782787, 8.771327723185248], [76.99903024032396, 8.7782855228131], [76.99362634819845, 8.786716313442925], [76.97983432973012, 8.789667132903869], [76.97267419695045, 8.77542065946447], [76.96357459257044, 8.771286252666396], [76.94666833893422, 8.771383572695667], [76.9333134470007, 8.761761974284356], [76.91534675049655, 8.776906037484661], [76.91518443528068, 8.78196466850754], [76.92129035746936, 8.78656461810901], [76.9001815813336, 8.81152028315302], [76.89030141599694, 8.811537408280293], [76.88286974869834, 8.805765645995635], [76.85288045004471, 8.817746874070002], [76.84563709818035, 8.82811881200779], [76.84809901219067, 8.834660572862477], [76.83261042023125, 8.843630142980704], [76.82488735075619, 8.843727094931083], [76.81639844580015, 8.859701126915242], [76.81153087319957, 8.854934276263425], [76.80682601260386, 8.857398882606864], [76.80145328820878, 8.848733393102455], [76.7945740335318, 8.85661322840517], [76.78957652325016, 8.85340251419645], [76.78322855300912, 8.862436164853454], [76.78089782490835, 8.860473535221], [76.76647351547136, 8.854717358822974], [76.76398296343017, 8.858778941328653], [76.78191199398992, 8.891395618392375], [76.78892532002644, 8.89694474373852], [76.7871303782955, 8.905998986575515], [76.78749794214362, 8.914685390764685], [76.79438917346215, 8.918246003627294], [76.79174281287646, 8.92941535616443], [76.79908274122018, 8.927078987850079], [76.80061474484884, 8.932826180749426], [76.80920391885915, 8.937793342085387]]]}}, {"type": "Feature", "properties": {"ac_name": "ERAVIPURAM", "ac_no": 125, "ac_category": "GEN", "st_name": "KERALA"}, "geometry": {"type": "Polygon", "coordinates": [[[76.6347279762858, 8.912249102928179], [76.63726706110165, 8.896442031349604], [76.64660434134629, 8.896542814218206], [76.64765278382504, 8.88683483179781], [76.63840982005847, 8.875207209788936], [76.64426219374464, 8.870543623008722], [76.64879288711221, 8.875428908647782], [76.671587960385, 8.871263708416143], [76.67051054087975, 8.84798226240492], [76.658338478375, 8.838840557244271], [76.65550657824946, 8.825476361398334], [76.64559209076282, 8.818284297505684], [76.61814050502056, 8.851769664207382], [76.59107920817539, 8.875332598953232], [76.5934073155392, 8.886947688069538], [76.62123865644556, 8.903731640077728], [76.63206849286156, 8.915235161260153], [76.6347279762858, 8.912249102928179]]]}}, {"type": "Feature", "properties": {"ac_name": "CHATHANNOOR", "ac_no": 126, "ac_category": "GEN", "st_name": "KERALA"}, "geometry": {"type": "Polygon", "coordinates": [[[76.74109561370673, 8.917029875772464], [76.73720531066805, 8.914294848708954], [76.73941253544925, 8.911969920661482], [76.75852389246039, 8.91684856892423], [76.77109682805798, 8.908186539071123], [76.7871303782955, 8.905998986575515], [76.78892532002644, 8.89694474373852], [76.78191199398992, 8.891395618392375], [76.76398296343017, 8.858778941328653], [76.76647351547136, 8.854717358822974], [76.78089782490835, 8.860473535221], [76.7818980038679, 8.852135627027724], [76.77550558634447, 8.843834215832413], [76.78170332735999, 8.842796738345124], [76.79427415254796, 8.828244284125883], [76.79125393522106, 8.822257537349438], [76.78294654071216, 8.81953335515145], [76.78872318179899, 8.819209339387024], [76.7925190607491, 8.813674316182333], [76.77098506368233, 8.811176321784927], [76.76809620036965, 8.804139705951329], [76.77075810859994, 8.799962768535568], [76.7611201185284, 8.800319258148797], [76.76040628357921, 8.791628707666721], [76.75826499920609, 8.795455034254745], [76.74200206725114, 8.795803808566669], [76.7225863872027, 8.804038145214236], [76.70940480555113, 8.795501479494993], [76.70968258076189, 8.791410551016098], [76.69280928801841, 8.791929829700987], [76.68983806038459, 8.7789607809288], [76.68183928386404, 8.776279383831332], [76.6772641432953, 8.788900761432531], [76.67312022786626, 8.781821627724032], [76.64559209076282, 8.818284297505684], [76.65550657824946, 8.825476361398334], [76.658338478375, 8.838840557244271], [76.67051054087975, 8.84798226240492], [76.671587960385, 8.871263708416143], [76.67533507266606, 8.874397872555145], [76.69312156318016, 8.8705520820831], [76.68977663019598, 8.878451008216182], [76.69845518384066, 8.881789054279862], [76.6998711845134, 8.887871621738322], [76.72038626352258, 8.889219818071076], [76.72877609351617, 8.883191775001483], [76.74208193274137, 8.884250906944873], [76.7487662084943, 8.902085095526626], [76.74035804891065, 8.897576647545781], [76.73101269599171, 8.899541144788834], [76.72626708692428, 8.903514520503085], [76.72986643704219, 8.909139355321846], [76.74109561370673, 8.917029875772464]]]}}, {"type": "Feature", "properties": {"ac_name": "VARKALA", "ac_no": 127, "ac_category": "GEN", "st_name": "KERALA"}, "geometry": {"type": "Polygon", "coordinates": [[[76.78089782490835, 8.860473535221], [76.78322855300912, 8.862436164853454], [76.78957652325016, 8.85340251419645], [76.7945740335318, 8.85661322840517], [76.80145328820878, 8.848733393102455], [76.80682601260386, 8.857398882606864], [76.81153087319957, 8.854934276263425], [76.81639844580015, 8.859701126915242], [76.82488735075619, 8.843727094931083], [76.83261042023125, 8.843630142980704], [76.84809901219067, 8.834660572862477], [76.84563709818035, 8.82811881200779], [76.85288045004471, 8.817746874070002], [76.84275136647135, 8.807705218156016], [76.83833160269826, 8.80817899415892], [76.8356532709493, 8.793975297698596], [76.82497743637484, 8.792838454615444], [76.82221001517213, 8.783485530963656], [76.82502646275087, 8.779407871921997], [76.81596936163888, 8.775740163693705], [76.81321461978781, 8.767856166605547], [76.79702902994146, 8.767847769689753], [76.78070355617493, 8.760615164884397], [76.74254202658037, 8.734753761731369], [76.74010137987761, 8.699689668824846], [76.7355102348883, 8.696576020921112], [76.69934133700895, 8.738575885389723], [76.67312022786626, 8.781821627724032], [76.6772641432953, 8.788900761432531], [76.68183928386404, 8.776279383831332], [76.68983806038459, 8.7789607809288], [76.69280928801841, 8.791929829700987], [76.70968258076189, 8.791410551016098], [76.70940480555113, 8.795501479494993], [76.7225863872027, 8.804038145214236], [76.74200206725114, 8.795803808566669], [76.75826499920609, 8.795455034254745], [76.76040628357921, 8.791628707666721], [76.7611201185284, 8.800319258148797], [76.77075810859994, 8.799962768535568], [76.76809620036965, 8.804139705951329], [76.77098506368233, 8.811176321784927], [76.7925190607491, 8.813674316182333], [76.78872318179899, 8.819209339387024], [76.78294654071216, 8.81953335515145], [76.79125393522106, 8.822257537349438], [76.79427415254796, 8.828244284125883], [76.78170332735999, 8.842796738345124], [76.77550558634447, 8.843834215832413], [76.7818980038679, 8.852135627027724], [76.78089782490835, 8.860473535221]]]}}, {"type": "Feature", "properties": {"ac_name": "VAMANAPURAM", "ac_no": 131, "ac_category": "GEN", "st_name": "KERALA"}, "geometry": {"type": "Polygon", "coordinates": [[[76.99903024032396, 8.7782855228131], [77.00309024782787, 8.771327723185248], [77.02487279687976, 8.775568238519996], [77.0111282580855, 8.795928616828068], [77.00877966524033, 8.81325387126967], [77.02097078054528, 8.81714193706414], [77.01981981397724, 8.828237059525884], [77.0324924664306, 8.842929169879692], [77.04785135609146, 8.846405203497286], [77.08260374466091, 8.84010319997108], [77.09815351206399, 8.830394508177086], [77.10702963781338, 8.830617437883253], [77.12750849151406, 8.810776866753155], [77.14079166083035, 8.806749453056305], [77.15479274010937, 8.79457814515188], [77.15650048735289, 8.796878762645594], [77.19984830508325, 8.769972087292606], [77.19694834891249, 8.768385242735391], [77.19854519456041, 8.75346790369184], [77.19145228565083, 8.74245946795544], [77.17846693963706, 8.744207461384615], [77.17279071659117, 8.750267584337095], [77.17064323690214, 8.746791938989407], [77.18318631904518, 8.716898416680767], [77.13194771696135, 8.70833738029183], [77.1244854665369, 8.713341462005898], [77.09925009603613, 8.702525555972914], [77.09872322759028, 8.6968743829248], [77.0906505055094, 8.703079285338587], [77.07617160348016, 8.701051925524848], [77.07572405666988, 8.685777486501516], [77.06455410015712, 8.684943200720285], [77.05928447490322, 8.689048268547541], [77.04437595181176, 8.662967460717322], [77.05135142839104, 8.644272445888156], [77.04284231446914, 8.643025464091975], [77.04316743142012, 8.639308487776335], [77.02151211626006, 8.638310825912804], [77.02155924559966, 8.627688580453915], [77.01331988161904, 8.624084612363726], [76.97828431703144, 8.623117627488229], [76.96800916437195, 8.623663106464662], [76.96510944895364, 8.629513689424881], [76.966337983372, 8.636974480526856], [76.9722095391642, 8.63926746894351], [76.97043245823276, 8.660059597824494], [76.95074082752127, 8.675754963527076], [76.94483699369677, 8.677023176346635], [76.93840697020805, 8.669389896032047], [76.92898773833203, 8.672357093822118], [76.92582832516472, 8.66653787688929], [76.91138671913335, 8.665394191542928], [76.88377545874867, 8.679955175261808], [76.88611641497577, 8.70199634467564], [76.87333415924239, 8.709428675666517], [76.87040028601686, 8.717585804434718], [76.87853720695165, 8.729690374878759], [76.89158002129521, 8.718686318964291], [76.89626668950687, 8.727405590013538], [76.93195544966939, 8.755973947007918], [76.9333134470007, 8.761761974284356], [76.94666833893422, 8.771383572695667], [76.96357459257044, 8.771286252666396], [76.97267419695045, 8.77542065946447], [76.97983432973012, 8.789667132903869], [76.99362634819845, 8.786716313442925], [76.99903024032396, 8.7782855228131]]]}}, {"type": "Feature", "properties": {"ac_name": "ATTINGAL", "ac_no": 128, "ac_category": "SC", "st_name": "KERALA"}, "geometry": {"type": "Polygon", "coordinates": [[[76.85288045004471, 8.817746874070002], [76.88286974869834, 8.805765645995635], [76.89030141599694, 8.811537408280293], [76.9001815813336, 8.81152028315302], [76.92129035746936, 8.78656461810901], [76.91518443528068, 8.78196466850754], [76.91534675049655, 8.776906037484661], [76.9333134470007, 8.761761974284356], [76.93195544966939, 8.755973947007918], [76.89626668950687, 8.727405590013538], [76.89158002129521, 8.718686318964291], [76.87853720695165, 8.729690374878759], [76.87040028601686, 8.717585804434718], [76.86680251240963, 8.722515188851002], [76.86199603509934, 8.717055787545446], [76.85700953476358, 8.723987214806476], [76.8440343702418, 8.703904001124087], [76.84943254954139, 8.69838482563316], [76.84856811813933, 8.691558572612479], [76.8227641815091, 8.687826676925878], [76.82241390992749, 8.68027450338642], [76.81817478826888, 8.683811800877322], [76.80621972098223, 8.683249218597728], [76.7861242049637, 8.678257728800073], [76.78607807166853, 8.686629954597622], [76.78079329073935, 8.690279833037991], [76.75777162981362, 8.679089171269766], [76.74708717571616, 8.689121058037756], [76.7460228697994, 8.699168652479422], [76.74010137987761, 8.699689668824846], [76.74254202658037, 8.734753761731369], [76.78070355617493, 8.760615164884397], [76.79702902994146, 8.767847769689753], [76.81321461978781, 8.767856166605547], [76.81596936163888, 8.775740163693705], [76.82502646275087, 8.779407871921997], [76.82221001517213, 8.783485530963656], [76.82497743637484, 8.792838454615444], [76.8356532709493, 8.793975297698596], [76.83833160269826, 8.80817899415892], [76.84275136647135, 8.807705218156016], [76.85288045004471, 8.817746874070002]]]}}, {"type": "Feature", "properties": {"ac_name": "CHIRAYINKEEZHU", "ac_no": 129, "ac_category": "GEN", "st_name": "KERALA"}, "geometry": {"type": "Polygon", "coordinates": [[[76.87040028601686, 8.717585804434718], [76.87333415924239, 8.709428675666517], [76.88611641497577, 8.70199634467564], [76.88377545874867, 8.679955175261808], [76.8796733434248, 8.659992509312467], [76.87502781354752, 8.65896479191199], [76.86817214726501, 8.674422011556949], [76.8642859340596, 8.672095033781204], [76.86252425259956, 8.658334168300259], [76.85555181887501, 8.647229929999817], [76.86166769794374, 8.622523905122327], [76.85312838388147, 8.619762349404818], [76.85234473141593, 8.612728127380779], [76.84087252289444, 8.602526286314237], [76.83160895138636, 8.604911966641751], [76.85622367625365, 8.579708846969346], [76.87240755165739, 8.561669095176496], [76.86903089329729, 8.55495034850166], [76.85543866943222, 8.548541430381803], [76.7355102348883, 8.696576020921112], [76.74010137987761, 8.699689668824846], [76.7460228697994, 8.699168652479422], [76.74708717571616, 8.689121058037756], [76.75777162981362, 8.679089171269766], [76.78079329073935, 8.690279833037991], [76.78607807166853, 8.686629954597622], [76.7861242049637, 8.678257728800073], [76.80621972098223, 8.683249218597728], [76.81817478826888, 8.683811800877322], [76.82241390992749, 8.68027450338642], [76.8227641815091, 8.687826676925878], [76.84856811813933, 8.691558572612479], [76.84943254954139, 8.69838482563316], [76.8440343702418, 8.703904001124087], [76.85700953476358, 8.723987214806476], [76.86199603509934, 8.717055787545446], [76.86680251240963, 8.722515188851002], [76.87040028601686, 8.717585804434718]]]}}, {"type": "Feature", "properties": {"ac_name": "ARUVIKKARA", "ac_no": 136, "ac_category": "GEN", "st_name": "KERALA"}, "geometry": {"type": "Polygon", "coordinates": [[[77.18318631904518, 8.716898416680767], [77.19504093996397, 8.707845881973698], [77.20721839348548, 8.684987699451932], [77.2013168625698, 8.668763365690765], [77.20866505313852, 8.663635564816989], [77.2152428598252, 8.64830046079469], [77.22480784567391, 8.63936537396474], [77.22966773873272, 8.64045329126698], [77.23350441330601, 8.627988778588094], [77.2460623619725, 8.62087976427738], [77.24576898424684, 8.616430393293905], [77.2312497692703, 8.618860915685563], [77.23024403845426, 8.606912651309834], [77.22291479900332, 8.618457194507144], [77.2153376980962, 8.617293957931397], [77.20939496789529, 8.596344669442491], [77.20314429971079, 8.595074305120479], [77.20439327290254, 8.584961876771619], [77.19965576594876, 8.576767673939063], [77.17810441863396, 8.571719577029183], [77.16441166440416, 8.576003768284806], [77.15922338471974, 8.569113709799739], [77.1625372366512, 8.558509943378017], [77.15206590789617, 8.55920592377315], [77.15626247284351, 8.553722664228996], [77.15337768768538, 8.550999950339962], [77.1297964906296, 8.556368120397341], [77.12014518991349, 8.549347903687131], [77.11566365025975, 8.551799299153156], [77.11751527408889, 8.53836604259326], [77.12656679619927, 8.524807216048307], [77.122223124027, 8.516989464974213], [77.12637346491219, 8.514507947650692], [77.11823297573547, 8.509245827492439], [77.11806938914975, 8.502029114897478], [77.10899882000793, 8.50800833831024], [77.0887201036919, 8.505767050190421], [77.06169548391472, 8.52505204489736], [77.06223201707327, 8.52931606245937], [77.0514276186592, 8.539995166784912], [77.04264071764612, 8.540646689671172], [77.03644381472773, 8.547662405650792], [77.03107113910924, 8.544915552034261], [77.01565152905215, 8.54770786723869], [77.01275035468448, 8.547912922334945], [76.99458083031058, 8.55194445293822], [76.99190984451602, 8.570064392016588], [76.9962334849788, 8.574530438504517], [76.9946246081285, 8.582237848086312], [77.0138006575537, 8.594276416563016], [77.00269202877429, 8.610105216647078], [76.98687927209751, 8.614815748281908], [76.97828431703144, 8.623117627488229], [77.01331988161904, 8.624084612363726], [77.02155924559966, 8.627688580453915], [77.02151211626006, 8.638310825912804], [77.04316743142012, 8.639308487776335], [77.04284231446914, 8.643025464091975], [77.05135142839104, 8.644272445888156], [77.04437595181176, 8.662967460717322], [77.05928447490322, 8.689048268547541], [77.06455410015712, 8.684943200720285], [77.07572405666988, 8.685777486501516], [77.07617160348016, 8.701051925524848], [77.0906505055094, 8.703079285338587], [77.09872322759028, 8.6968743829248], [77.09925009603613, 8.702525555972914], [77.1244854665369, 8.713341462005898], [77.13194771696135, 8.70833738029183], [77.18318631904518, 8.716898416680767]]]}}, {"type": "Feature", "properties": {"ac_name": "NEDUMANGAD", "ac_no": 130, "ac_category": "GEN", "st_name": "KERALA"}, "geometry": {"type": "Polygon", "coordinates": [[[76.88377545874867, 8.679955175261808], [76.91138671913335, 8.665394191542928], [76.92582832516472, 8.66653787688929], [76.92898773833203, 8.672357093822118], [76.93840697020805, 8.669389896032047], [76.94483699369677, 8.677023176346635], [76.95074082752127, 8.675754963527076], [76.97043245823276, 8.660059597824494], [76.9722095391642, 8.63926746894351], [76.966337983372, 8.636974480526856], [76.96510944895364, 8.629513689424881], [76.96800916437195, 8.623663106464662], [76.97828431703144, 8.623117627488229], [76.98687927209751, 8.614815748281908], [77.00269202877429, 8.610105216647078], [77.0138006575537, 8.594276416563016], [76.9946246081285, 8.582237848086312], [76.9962334849788, 8.574530438504517], [76.99190984451602, 8.570064392016588], [76.99458083031058, 8.55194445293822], [76.97633872224664, 8.546232941690054], [76.96959058620608, 8.548992862434146], [76.96274143347264, 8.563802546165444], [76.95288667991878, 8.56416226967738], [76.93644166389241, 8.573148231614407], [76.94140994296426, 8.581254663741683], [76.93366048860614, 8.585461015421364], [76.93466460922636, 8.59009380926498], [76.92870857987022, 8.590548637646926], [76.92698717672928, 8.60496746835971], [76.91996486762513, 8.608207241416089], [76.91418816435477, 8.606534455660775], [76.91695344963705, 8.596569151673961], [76.90537806820355, 8.582838698039302], [76.89969908591198, 8.595057636235861], [76.88193127971937, 8.597195839012938], [76.87899848963008, 8.59430974112214], [76.87757795128624, 8.600446984820689], [76.86944216850475, 8.595495435628951], [76.86539781888033, 8.58382985851135], [76.85622367625365, 8.579708846969346], [76.83160895138636, 8.604911966641751], [76.84087252289444, 8.602526286314237], [76.85234473141593, 8.612728127380779], [76.85312838388147, 8.619762349404818], [76.86166769794374, 8.622523905122327], [76.85555181887501, 8.647229929999817], [76.86252425259956, 8.658334168300259], [76.8642859340596, 8.672095033781204], [76.86817214726501, 8.674422011556949], [76.87502781354752, 8.65896479191199], [76.8796733434248, 8.659992509312467], [76.88377545874867, 8.679955175261808]]]}}, {"type": "Feature", "properties": {"ac_name": "KAZHAKOOTTAM", "ac_no": 132, "ac_category": "GEN", "st_name": "KERALA"}, "geometry": {"type": "Polygon", "coordinates": [[[76.91996486762513, 8.608207241416089], [76.92698717672928, 8.60496746835971], [76.92870857987022, 8.590548637646926], [76.93466460922636, 8.59009380926498], [76.93366048860614, 8.585461015421364], [76.94140994296426, 8.581254663741683], [76.93644166389241, 8.573148231614407], [76.95288667991878, 8.56416226967738], [76.94194391503353, 8.552164760442052], [76.94132477853485, 8.509651587454174], [76.9085670059356, 8.48222437922898], [76.85543866943222, 8.548541430381803], [76.86903089329729, 8.55495034850166], [76.87240755165739, 8.561669095176496], [76.85622367625365, 8.579708846969346], [76.86539781888033, 8.58382985851135], [76.86944216850475, 8.595495435628951], [76.87757795128624, 8.600446984820689], [76.87899848963008, 8.59430974112214], [76.88193127971937, 8.597195839012938], [76.89969908591198, 8.595057636235861], [76.90537806820355, 8.582838698039302], [76.91695344963705, 8.596569151673961], [76.91418816435477, 8.606534455660775], [76.91996486762513, 8.608207241416089]]]}}, {"type": "Feature", "properties": {"ac_name": "PARASSALA", "ac_no": 137, "ac_category": "GEN", "st_name": "KERALA"}, "geometry": {"type": "Polygon", "coordinates": [[[77.24576898424684, 8.616430393293905], [77.24555789539502, 8.603518472128316], [77.26352257051535, 8.58867740453278], [77.26898872765067, 8.578918680460545], [77.27410336456401, 8.560085673396921], [77.28374490874937, 8.546988255568785], [77.27454915940189, 8.537636169977215], [77.26185659561408, 8.506500874139793], [77.25101482297944, 8.505526638927245], [77.2393535963454, 8.496646499852671], [77.22955933121958, 8.509177863067084], [77.21400571018168, 8.512774177807945], [77.20221191560927, 8.501835608522008], [77.20162165106512, 8.49846596965065], [77.21101478599505, 8.492004026276483], [77.21352317104385, 8.47073576640872], [77.22475768452061, 8.461538571654565], [77.22741735970556, 8.447638964719632], [77.20629106045041, 8.444643969510418], [77.19635565428662, 8.42851781031578], [77.19715563475154, 8.419910064850162], [77.18256684639881, 8.404301359071026], [77.18191302918468, 8.3962386894393], [77.16823934213333, 8.384478051323404], [77.16071556227007, 8.389853474210446], [77.15142215929949, 8.384764606560303], [77.15171262979571, 8.380951593079983], [77.15974541900069, 8.381024334366296], [77.16069368374917, 8.374135900744907], [77.15207718629793, 8.354795295278826], [77.16792462915767, 8.363584824674279], [77.17394620981057, 8.3586401520369], [77.17473917544918, 8.349390870733043], [77.16667015429714, 8.342708164879905], [77.16823200176904, 8.33494863325964], [77.17710914264387, 8.326109337965235], [77.18022939324271, 8.323447742772519], [77.17328667120924, 8.319380067529274], [77.16852297162993, 8.334186033350486], [77.15400863958997, 8.327636869821305], [77.14841500665045, 8.332237594318368], [77.14098464229761, 8.338035987700001], [77.14500371894361, 8.349318382680703], [77.13110595559, 8.35652484547458], [77.13048704730448, 8.370651601372098], [77.12379691871125, 8.378633587379747], [77.11431018212228, 8.386977926857034], [77.09770895767103, 8.38925112836471], [77.10558439822954, 8.398811074921245], [77.0967629487177, 8.401129226285702], [77.0920165733956, 8.407405680735334], [77.09225806851089, 8.426083123947018], [77.10181134197117, 8.43664900560999], [77.09854676804072, 8.4398390155994], [77.10400981403278, 8.452017573952702], [77.0965766657599, 8.457502533365806], [77.09131578541775, 8.468619058367329], [77.12527675716919, 8.47439307296214], [77.11891654982988, 8.490929115191724], [77.12418477953986, 8.492292485996288], [77.11805877375323, 8.495204751304076], [77.11806938914975, 8.502029114897478], [77.11823297573547, 8.509245827492439], [77.12637346491219, 8.514507947650692], [77.122223124027, 8.516989464974213], [77.12656679619927, 8.524807216048307], [77.11751527408889, 8.53836604259326], [77.11566365025975, 8.551799299153156], [77.12014518991349, 8.549347903687131], [77.1297964906296, 8.556368120397341], [77.15337768768538, 8.550999950339962], [77.15626247284351, 8.553722664228996], [77.15206590789617, 8.55920592377315], [77.1625372366512, 8.558509943378017], [77.15922338471974, 8.569113709799739], [77.16441166440416, 8.576003768284806], [77.17810441863396, 8.571719577029183], [77.19965576594876, 8.576767673939063], [77.20439327290254, 8.584961876771619], [77.20314429971079, 8.595074305120479], [77.20939496789529, 8.596344669442491], [77.2153376980962, 8.617293957931397], [77.22291479900332, 8.618457194507144], [77.23024403845426, 8.606912651309834], [77.2312497692703, 8.618860915685563], [77.24576898424684, 8.616430393293905]]]}}, {"type": "Feature", "properties": {"ac_name": "VATTIYOORKAVU", "ac_no": 133, "ac_category": "SC", "st_name": "KERALA"}, "geometry": {"type": "Polygon", "coordinates": [[[76.96274143347264, 8.563802546165444], [76.96959058620608, 8.548992862434146], [76.97633872224664, 8.546232941690054], [76.99458083031058, 8.55194445293822], [77.01275035468448, 8.547912922334945], [77.00631988114188, 8.53810132550373], [77.01404304571574, 8.52059620019183], [77.00747711896904, 8.518736300220215], [77.00352383463624, 8.507024886073946], [76.97947427251131, 8.513125776124848], [76.98035707627294, 8.52164136018551], [76.96097001642413, 8.521025421695432], [76.9631001426967, 8.511233176160534], [76.9558672050475, 8.506835544916628], [76.94132477853485, 8.509651587454174], [76.94194391503353, 8.552164760442052], [76.95288667991878, 8.56416226967738], [76.96274143347264, 8.563802546165444]]]}}, {"type": "Feature", "properties": {"ac_name": "KATTAKKADA", "ac_no": 138, "ac_category": "GEN", "st_name": "KERALA"}, "geometry": {"type": "Polygon", "coordinates": [[[77.01565152905215, 8.54770786723869], [77.03107113910924, 8.544915552034261], [77.03644381472773, 8.547662405650792], [77.04264071764612, 8.540646689671172], [77.0514276186592, 8.539995166784912], [77.06223201707327, 8.52931606245937], [77.06169548391472, 8.52505204489736], [77.0887201036919, 8.505767050190421], [77.10899882000793, 8.50800833831024], [77.11806938914975, 8.502029114897478], [77.11805877375323, 8.495204751304076], [77.12418477953986, 8.492292485996288], [77.11891654982988, 8.490929115191724], [77.12527675716919, 8.47439307296214], [77.09131578541775, 8.468619058367329], [77.0965766657599, 8.457502533365806], [77.08739291815803, 8.444047816744746], [77.0800565412428, 8.442147812275705], [77.0753966792683, 8.431451301581312], [77.06848056210977, 8.435167170345567], [77.06301793143248, 8.432352320306919], [77.0596345100013, 8.442255452464122], [77.05174432834323, 8.446431952849414], [77.05134773967293, 8.441896121365087], [77.04651935830874, 8.440556239858177], [77.05004955105626, 8.434151442542976], [77.04414452135029, 8.42643981972194], [77.02369437130257, 8.430736791404478], [77.01647058861974, 8.444390721985991], [77.00919924475521, 8.44197399848954], [77.01009804688412, 8.449038623616222], [77.01021168331678, 8.450023184418237], [77.00357411787921, 8.454346588366866], [77.00323746566043, 8.4699426127022], [77.00352383463624, 8.507024886073946], [77.00747711896904, 8.518736300220215], [77.01404304571574, 8.52059620019183], [77.00631988114188, 8.53810132550373], [77.01275035468448, 8.547912922334945], [77.01565152905215, 8.54770786723869]]]}}, {"type": "Feature", "properties": {"ac_name": "THIRUVANANTHAPURA", "ac_no": 134, "ac_category": "GEN", "st_name": "KERALA"}, "geometry": {"type": "Polygon", "coordinates": [[[76.98035707627294, 8.52164136018551], [76.97947427251131, 8.513125776124848], [77.00352383463624, 8.507024886073946], [77.00323746566043, 8.4699426127022], [76.99195404104921, 8.48388569581232], [76.98650594751966, 8.48455926192603], [76.98354986749247, 8.472271011941322], [76.97641287929846, 8.479308704840022], [76.96920748461189, 8.47567470687384], [76.9654534077094, 8.480864204644423], [76.95996868661996, 8.47250890872755], [76.94914544342163, 8.469391142454391], [76.93218150622165, 8.45538547633915], [76.9085670059356, 8.48222437922898], [76.94132477853485, 8.509651587454174], [76.9558672050475, 8.506835544916628], [76.9631001426967, 8.511233176160534], [76.96097001642413, 8.521025421695432], [76.98035707627294, 8.52164136018551]]]}}, {"type": "Feature", "properties": {"ac_name": "NEMOM", "ac_no": 135, "ac_category": "GEN", "st_name": "KERALA"}, "geometry": {"type": "Polygon", "coordinates": [[[77.00323746566043, 8.4699426127022], [77.00357411787921, 8.454346588366866], [77.01021168331678, 8.450023184418237], [76.9897225132337, 8.44351949476488], [76.98248443116736, 8.446683591638667], [76.97055703635874, 8.436559781972733], [76.97363601692318, 8.424254731803435], [76.97875728352945, 8.4208159675799], [76.98830083890363, 8.422874499235057], [76.99112972898483, 8.417738752008988], [76.9768115101918, 8.397760203202164], [76.97328526075594, 8.397998744030447], [76.97467707245596, 8.403782291361477], [76.97077147997872, 8.402348148988745], [76.93218150622165, 8.45538547633915], [76.94914544342163, 8.469391142454391], [76.95996868661996, 8.47250890872755], [76.9654534077094, 8.480864204644423], [76.96920748461189, 8.47567470687384], [76.97641287929846, 8.479308704840022], [76.98354986749247, 8.472271011941322], [76.98650594751966, 8.48455926192603], [76.99195404104921, 8.48388569581232], [77.00323746566043, 8.4699426127022]]]}}, {"type": "Feature", "properties": {"ac_name": "NEYYATTINKARA", "ac_no": 140, "ac_category": "GEN", "st_name": "KERALA"}, "geometry": {"type": "Polygon", "coordinates": [[[77.0965766657599, 8.457502533365806], [77.10400981403278, 8.452017573952702], [77.09854676804072, 8.4398390155994], [77.10181134197117, 8.43664900560999], [77.09225806851089, 8.426083123947018], [77.0920165733956, 8.407405680735334], [77.0967629487177, 8.401129226285702], [77.10558439822954, 8.398811074921245], [77.09770895767103, 8.38925112836471], [77.11431018212228, 8.386977926857034], [77.12379691871125, 8.378633587379747], [77.13048704730448, 8.370651601372098], [77.13110595559, 8.35652484547458], [77.14500371894361, 8.349318382680703], [77.14098464229761, 8.338035987700001], [77.14841500665045, 8.332237594318368], [77.1287595577658, 8.325087184050322], [77.12944998910756, 8.322217801169247], [77.11898229324551, 8.321382338356353], [77.12242511576456, 8.309442264664382], [77.11650018090737, 8.310204806740996], [77.11344690981764, 8.304793282877045], [77.10299521786219, 8.306960829705613], [77.09779810636397, 8.292488678301135], [77.08144317221192, 8.304541932642612], [77.07418807798003, 8.316247400448166], [77.09118273177208, 8.341975389361417], [77.08989890233987, 8.348848027931947], [77.06053777051939, 8.351867380576266], [77.05984315561221, 8.364865218262338], [77.05264347957979, 8.372265203911013], [77.04090913673502, 8.375431112028751], [77.05539334054863, 8.395514654604892], [77.05102494330716, 8.412405909888076], [77.05376588560713, 8.420115727850154], [77.04414452135029, 8.42643981972194], [77.05004955105626, 8.434151442542976], [77.04651935830874, 8.440556239858177], [77.05134773967293, 8.441896121365087], [77.05174432834323, 8.446431952849414], [77.0596345100013, 8.442255452464122], [77.06301793143248, 8.432352320306919], [77.06848056210977, 8.435167170345567], [77.0753966792683, 8.431451301581312], [77.0800565412428, 8.442147812275705], [77.08739291815803, 8.444047816744746], [77.0965766657599, 8.457502533365806]]]}}, {"type": "Feature", "properties": {"ac_name": "KOVALAM", "ac_no": 139, "ac_category": "GEN", "st_name": "KERALA"}, "geometry": {"type": "Polygon", "coordinates": [[[77.01009804688412, 8.449038623616222], [77.00919924475521, 8.44197399848954], [77.01647058861974, 8.444390721985991], [77.02369437130257, 8.430736791404478], [77.04414452135029, 8.42643981972194], [77.05376588560713, 8.420115727850154], [77.05102494330716, 8.412405909888076], [77.05539334054863, 8.395514654604892], [77.04090913673502, 8.375431112028751], [77.05264347957979, 8.372265203911013], [77.05984315561221, 8.364865218262338], [77.06053777051939, 8.351867380576266], [77.08989890233987, 8.348848027931947], [77.09118273177208, 8.341975389361417], [77.07418807798003, 8.316247400448166], [77.08144317221192, 8.304541932642612], [77.02595302637131, 8.350124076506951], [77.00997379156009, 8.357216145871721], [76.99773469170937, 8.374946477939933], [76.99155163728047, 8.378173956728837], [76.98647589114225, 8.375797143860911], [76.97149846709084, 8.391890833475276], [76.97077147997872, 8.402348148988745], [76.97467707245596, 8.403782291361477], [76.97328526075594, 8.397998744030447], [76.9768115101918, 8.397760203202164], [76.99112972898483, 8.417738752008988], [76.98830083890363, 8.422874499235057], [76.97875728352945, 8.4208159675799], [76.97363601692318, 8.424254731803435], [76.97055703635874, 8.436559781972733], [76.98248443116736, 8.446683591638667], [76.9897225132337, 8.44351949476488], [77.01021168331678, 8.450023184418237], [77.01009804688412, 8.449038623616222]]]}}]}