{"type":"FeatureCollection","features":[{"type":"Feature","properties":{"ac_name":"AKKALKUWA","ac_no":1,"ac_category":"ST","st_name":"MAHARASHTRA"},"geometry":{"type":"Polygon","coordinates":[[[74.4388,22.0253],[74.4318,22.0302],[74.3875,22.0202],[74.3758,22.0004],[74.3445,21.975],[74.3078,21.9718],[74.2965,21.9624],[74.2909,21.9426],[74.2815,21.9329],[74.1924,21.926],[74.1782,21.9321],[74.1644,21.9468],[74.1466,21.9527],[74.1439,21.9475],[74.1326,21.9505],[74.0516,21.9269],[74.0179,21.9069],[73.9403,21.8709],[73.9154,21.8589],[73.8864,21.8546],[73.8725,21.8416],[73.8388,21.844],[73.8069,21.8365],[73.7958,21.8247],[73.8037,21.8203],[73.8071,21.8098],[73.8277,21.8094],[73.8325,21.8006],[73.8267,21.7982],[73.8271,21.7921],[73.8378,21.7892],[73.8294,21.7837],[73.8346,21.774],[73.8248,21.7654],[73.8255,21.7582],[73.8338,21.7548],[73.8363,21.7467],[73.854,21.7342],[73.867,21.7181],[73.8809,21.7151],[73.8905,21.6978],[73.8949,21.6761],[73.888,21.6531],[73.8602,21.6422],[73.8512,21.6462],[73.8495,21.6385],[73.8385,21.633],[73.8301,21.6426],[73.8245,21.6397],[73.814,21.6441],[73.8121,21.6399],[73.7807,21.6286],[73.7814,21.6183],[73.8,21.6036],[73.8142,21.6009],[73.8349,21.5203],[73.8532,21.4975],[73.8638,21.4978],[73.8725,21.5054],[73.8663,21.5067],[73.8641,21.5123],[73.8769,21.5121],[73.8784,21.5046],[73.9053,21.5155],[73.9042,21.5243],[73.9177,21.5193],[73.9215,21.5251],[73.9273,21.525],[73.9323,21.512],[73.9458,21.5165],[73.9517,21.5122],[73.9547,21.5408],[73.9603,21.5415],[73.9662,21.5218],[73.9824,21.5223],[73.9747,21.5344],[73.9748,21.5435],[73.983,21.5406],[73.9932,21.5433],[73.9973,21.5387],[74.0024,21.5414],[74.0004,21.5456],[74.0058,21.5526],[74.0303,21.5451],[74.0376,21.5505],[74.0366,21.5455],[74.0436,21.5424],[74.0446,21.548],[74.0471,21.5446],[74.0538,21.5474],[74.0537,21.5553],[74.0538,21.5558],[74.0538,21.5559],[74.0542,21.5577],[74.0549,21.5578],[74.0595,21.5656],[74.0721,21.5683],[74.0603,21.5796],[74.0532,21.597],[74.0393,21.599],[74.0352,21.6224],[74.0527,21.6335],[74.0583,21.6283],[74.0687,21.6318],[74.0675,21.6451],[74.0582,21.6551],[74.0642,21.6695],[74.087,21.6717],[74.094,21.6612],[74.1008,21.6597],[74.0999,21.6446],[74.0837,21.63],[74.0955,21.6049],[74.0996,21.6049],[74.095,21.6217],[74.1054,21.6202],[74.1075,21.6102],[74.1254,21.6286],[74.1112,21.6651],[74.1181,21.6765],[74.1465,21.6659],[74.156,21.674],[74.2008,21.6801],[74.2319,21.6896],[74.2665,21.7061],[74.2649,21.6975],[74.2726,21.6876],[74.2988,21.6867],[74.3123,21.6991],[74.3262,21.6916],[74.3675,21.6928],[74.3855,21.7264],[74.4674,21.7324],[74.4684,21.7491],[74.4598,21.7741],[74.4627,21.7861],[74.4841,21.7922],[74.4913,21.7794],[74.5016,21.7825],[74.5002,21.8065],[74.507,21.8173],[74.5136,21.8589],[74.5137,21.8898],[74.5227,21.8991],[74.5242,21.9114],[74.5098,21.92],[74.5127,21.9323],[74.5091,21.9369],[74.487,21.9433],[74.4906,21.9507],[74.4803,21.9587],[74.4696,21.9619],[74.4574,21.9592],[74.4462,21.9676],[74.4343,21.999],[74.4522,22.0047],[74.4436,22.0112],[74.439,22.0211],[74.4438,22.0228],[74.4388,22.0253]]]}},{"type":"Feature","properties":{"ac_name":"SHAHADA","ac_no":2,"ac_category":"ST","st_name":"MAHARASHTRA"},"geometry":{"type":"Polygon","coordinates":[[[74.4913,21.7794],[74.4841,21.7922],[74.4627,21.7861],[74.4598,21.7741],[74.4684,21.7491],[74.4674,21.7324],[74.3855,21.7264],[74.3675,21.6928],[74.3262,21.6916],[74.3123,21.6991],[74.2988,21.6867],[74.2726,21.6876],[74.2649,21.6975],[74.2665,21.7061],[74.2319,21.6896],[74.2008,21.6801],[74.156,21.674],[74.1465,21.6659],[74.1181,21.6765],[74.1112,21.6651],[74.1254,21.6286],[74.1075,21.6102],[74.1054,21.6202],[74.095,21.6217],[74.0996,21.6049],[74.0955,21.6049],[74.0837,21.63],[74.0999,21.6446],[74.1008,21.6597],[74.094,21.6612],[74.087,21.6717],[74.0642,21.6695],[74.0582,21.6551],[74.0675,21.6451],[74.0687,21.6318],[74.0583,21.6283],[74.0527,21.6335],[74.0352,21.6224],[74.0393,21.599],[74.0532,21.597],[74.0603,21.5796],[74.0721,21.5683],[74.0595,21.5656],[74.0549,21.5578],[74.0554,21.5567],[74.0601,21.5501],[74.0767,21.5478],[74.0817,21.5488],[74.0793,21.5542],[74.096,21.551],[74.0983,21.5558],[74.1048,21.5563],[74.1102,21.5562],[74.1132,21.5487],[74.1204,21.5561],[74.1203,21.5512],[74.1371,21.5466],[74.1392,21.5549],[74.154,21.5566],[74.159,21.5686],[74.176,21.5688],[74.1753,21.5565],[74.1829,21.542],[74.1934,21.5392],[74.196,21.5319],[74.2278,21.5487],[74.229,21.5545],[74.2351,21.5508],[74.2363,21.5394],[74.2633,21.5399],[74.2692,21.553],[74.2784,21.5535],[74.2767,21.5621],[74.2955,21.569],[74.3037,21.5653],[74.3032,21.5521],[74.3215,21.5522],[74.3225,21.5491],[74.3305,21.5527],[74.3319,21.5459],[74.3319,21.5458],[74.3357,21.5582],[74.3429,21.5626],[74.3409,21.5852],[74.3611,21.5974],[74.3598,21.605],[74.3515,21.6042],[74.3455,21.6328],[74.3625,21.6317],[74.375,21.6258],[74.3916,21.6286],[74.4094,21.6217],[74.4273,21.6314],[74.4321,21.6132],[74.4279,21.5951],[74.4359,21.5911],[74.4361,21.5759],[74.4455,21.5761],[74.439,21.56],[74.4638,21.5534],[74.4483,21.5392],[74.4526,21.5208],[74.4689,21.519],[74.4704,21.5124],[74.4788,21.5136],[74.4893,21.4921],[74.5087,21.491],[74.5103,21.5199],[74.5202,21.5218],[74.5266,21.5407],[74.5378,21.5402],[74.534,21.5214],[74.5617,21.5274],[74.5662,21.5239],[74.5758,21.56],[74.5888,21.5566],[74.6224,21.5653],[74.625,21.5319],[74.6299,21.5322],[74.6281,21.5151],[74.6577,21.5164],[74.6793,21.5303],[74.7104,21.5274],[74.7584,21.5524],[74.7564,21.5787],[74.7725,21.6098],[74.7709,21.6157],[74.6872,21.6315],[74.6828,21.6405],[74.6645,21.6474],[74.6639,21.6525],[74.5823,21.6649],[74.5796,21.6834],[74.5543,21.6814],[74.5574,21.7041],[74.5476,21.7195],[74.5143,21.7187],[74.5058,21.7263],[74.5111,21.7352],[74.5091,21.751],[74.5142,21.7656],[74.5016,21.7825],[74.4913,21.7794]]]}},{"type":"Feature","properties":{"ac_name":"MELGHAT","ac_no":41,"ac_category":"ST","st_name":"MAHARASHTRA"},"geometry":{"type":"Polygon","coordinates":[[[77.0658,21.7124],[77.0618,21.7068],[77.0057,21.6787],[76.9724,21.6513],[76.9534,21.6424],[76.913,21.612],[76.902,21.5971],[76.8519,21.6129],[76.8336,21.5892],[76.7953,21.5939],[76.7811,21.5608],[76.7892,21.5362],[76.7634,21.5207],[76.7729,21.5058],[76.7878,21.5011],[76.7956,21.4896],[76.7829,21.4608],[76.7441,21.4398],[76.7393,21.4307],[76.7395,21.4107],[76.6844,21.3793],[76.6216,21.3326],[76.6628,21.2806],[76.687,21.2888],[76.7114,21.2841],[76.7242,21.2891],[76.7375,21.2607],[76.7416,21.2612],[76.7487,21.2516],[76.7419,21.2416],[76.7458,21.2234],[76.7527,21.2181],[76.7611,21.2202],[76.7672,21.1917],[76.7821,21.1944],[76.7818,21.1885],[76.79,21.1869],[76.7905,21.1833],[76.8318,21.186],[76.848,21.1944],[76.855,21.1888],[76.9177,21.1999],[76.9622,21.195],[76.9736,21.1969],[76.972,21.2007],[76.9982,21.1958],[76.9983,21.2018],[77.007,21.2061],[77.0064,21.2288],[77.0138,21.2373],[77.0213,21.2365],[77.0244,21.2451],[77.0336,21.2476],[77.0459,21.2433],[77.0506,21.2328],[77.0585,21.233],[77.0668,21.2202],[77.0756,21.2216],[77.08,21.2165],[77.0939,21.2261],[77.1107,21.2189],[77.1182,21.2197],[77.1203,21.2246],[77.1311,21.2203],[77.1661,21.237],[77.1661,21.243],[77.1734,21.2432],[77.1739,21.2432],[77.1948,21.2378],[77.2108,21.2419],[77.2211,21.2333],[77.2445,21.2308],[77.2749,21.2471],[77.2843,21.2428],[77.2935,21.2472],[77.3114,21.2285],[77.3285,21.2269],[77.3352,21.2006],[77.3556,21.1956],[77.3589,21.1869],[77.3772,21.1882],[77.3903,21.1574],[77.3883,21.146],[77.395,21.1441],[77.4041,21.1582],[77.4116,21.1541],[77.4318,21.1706],[77.4458,21.1675],[77.4467,21.1745],[77.4418,21.2129],[77.4446,21.2169],[77.4593,21.2183],[77.4551,21.2265],[77.4475,21.2291],[77.4483,21.2354],[77.4573,21.2366],[77.4595,21.2447],[77.4632,21.2336],[77.4815,21.2322],[77.4947,21.2511],[77.4765,21.2528],[77.4747,21.2595],[77.4712,21.2585],[77.4704,21.268],[77.4786,21.2725],[77.471,21.3],[77.4896,21.3022],[77.4913,21.2977],[77.4988,21.2975],[77.5061,21.3163],[77.5207,21.3175],[77.525,21.3156],[77.523,21.2951],[77.5268,21.288],[77.5442,21.2854],[77.5373,21.3141],[77.5535,21.3157],[77.5526,21.3336],[77.5431,21.3307],[77.5633,21.3696],[77.5568,21.3833],[77.5626,21.3952],[77.5479,21.4054],[77.5484,21.411],[77.5329,21.419],[77.5235,21.3889],[77.5149,21.3762],[77.4882,21.3743],[77.4875,21.4062],[77.472,21.4361],[77.4736,21.4546],[77.4601,21.4665],[77.4424,21.4699],[77.439,21.4787],[77.4434,21.4874],[77.4224,21.5169],[77.4257,21.5375],[77.44,21.5445],[77.4502,21.5412],[77.4565,21.5458],[77.4551,21.5535],[77.4726,21.5493],[77.5032,21.5522],[77.5206,21.5413],[77.5751,21.5263],[77.5977,21.5274],[77.6117,21.5387],[77.6085,21.5482],[77.5952,21.5592],[77.5771,21.5547],[77.5726,21.6168],[77.5756,21.6209],[77.5636,21.6441],[77.561,21.6675],[77.542,21.706],[77.525,21.7127],[77.5254,21.7244],[77.5119,21.7323],[77.5019,21.7462],[77.4904,21.7468],[77.4796,21.754],[77.478,21.7626],[77.4823,21.7678],[77.4787,21.7701],[77.4567,21.7602],[77.4048,21.7525],[77.346,21.7579],[77.3245,21.7527],[77.29,21.7604],[77.28,21.7584],[77.2799,21.7492],[77.2872,21.7443],[77.2841,21.7367],[77.291,21.7328],[77.2873,21.722],[77.2716,21.7281],[77.2615,21.7128],[77.227,21.7167],[77.2277,21.6995],[77.2191,21.6941],[77.2129,21.6952],[77.2102,21.6898],[77.1882,21.7017],[77.1915,21.7209],[77.1756,21.7258],[77.1648,21.7106],[77.1483,21.7123],[77.1299,21.7222],[77.0866,21.7145],[77.0765,21.7202],[77.0658,21.7124]]]}},{"type":"Feature","properties":{"ac_name":"NANDURBAR","ac_no":3,"ac_category":"ST","st_name":"MAHARASHTRA"},"geometry":{"type":"Polygon","coordinates":[[[74.3625,21.6317],[74.3455,21.6328],[74.3515,21.6042],[74.3598,21.605],[74.3611,21.5974],[74.3409,21.5852],[74.3429,21.5626],[74.3357,21.5582],[74.3319,21.5458],[74.332,21.5451],[74.3322,21.5435],[74.3299,21.543],[74.3292,21.5429],[74.3281,21.541],[74.328,21.5404],[74.3279,21.5395],[74.3307,21.5353],[74.3255,21.536],[74.3214,21.5288],[74.3209,21.4985],[74.3041,21.4995],[74.3042,21.4881],[74.2561,21.4768],[74.2536,21.4677],[74.2356,21.4676],[74.2342,21.4821],[74.214,21.4815],[74.2092,21.4621],[74.1953,21.4604],[74.1944,21.4601],[74.1917,21.4388],[74.1972,21.4157],[74.1893,21.4151],[74.1942,21.3967],[74.1835,21.4028],[74.1779,21.3975],[74.1557,21.3962],[74.1511,21.4033],[74.1415,21.4068],[74.1239,21.4072],[74.1261,21.4003],[74.1326,21.3892],[74.1456,21.384],[74.1463,21.3723],[74.1672,21.3744],[74.1706,21.359],[74.1825,21.3693],[74.2122,21.3679],[74.2172,21.3394],[74.2241,21.3335],[74.2345,21.3333],[74.2347,21.3172],[74.1981,21.3135],[74.1968,21.3103],[74.2161,21.2997],[74.2282,21.3034],[74.2293,21.3078],[74.2542,21.3094],[74.2655,21.2915],[74.29,21.2869],[74.2898,21.2813],[74.3071,21.2704],[74.3091,21.2506],[74.3034,21.2393],[74.3174,21.2481],[74.3167,21.2323],[74.3382,21.2285],[74.3536,21.2314],[74.3569,21.2321],[74.3561,21.2525],[74.3882,21.2559],[74.3977,21.2641],[74.4073,21.2659],[74.4124,21.2648],[74.4099,21.2571],[74.4323,21.2609],[74.4325,21.2551],[74.4402,21.2499],[74.4404,21.2455],[74.4343,21.2437],[74.4373,21.2378],[74.491,21.2401],[74.4877,21.2466],[74.4924,21.2556],[74.4877,21.2556],[74.4988,21.2653],[74.4992,21.287],[74.4924,21.2986],[74.4743,21.2967],[74.4741,21.3064],[74.4826,21.3094],[74.4768,21.3494],[74.4902,21.35],[74.4917,21.3712],[74.5085,21.3895],[74.5031,21.3943],[74.4933,21.3918],[74.502,21.4156],[74.4965,21.4258],[74.5178,21.4297],[74.5322,21.4276],[74.5728,21.4029],[74.5976,21.4162],[74.6173,21.4127],[74.6345,21.4022],[74.6647,21.4078],[74.6853,21.4045],[74.6981,21.4235],[74.6921,21.4346],[74.6988,21.4389],[74.7049,21.4525],[74.6998,21.4696],[74.726,21.4772],[74.7332,21.4723],[74.732,21.4797],[74.7533,21.4766],[74.7512,21.4866],[74.7597,21.5174],[74.7517,21.528],[74.7577,21.5367],[74.7584,21.5524],[74.7104,21.5274],[74.6793,21.5303],[74.6577,21.5164],[74.6281,21.5151],[74.6299,21.5322],[74.625,21.5319],[74.6224,21.5653],[74.5888,21.5566],[74.5758,21.56],[74.5662,21.5239],[74.5617,21.5274],[74.534,21.5214],[74.5378,21.5402],[74.5266,21.5407],[74.5202,21.5218],[74.5103,21.5199],[74.5087,21.491],[74.4893,21.4921],[74.4788,21.5136],[74.4704,21.5124],[74.4689,21.519],[74.4526,21.5208],[74.4483,21.5392],[74.4638,21.5534],[74.439,21.56],[74.4455,21.5761],[74.4361,21.5759],[74.4359,21.5911],[74.4279,21.5951],[74.4321,21.6132],[74.4273,21.6314],[74.4094,21.6217],[74.3916,21.6286],[74.375,21.6258],[74.3625,21.6317]]]}},{"type":"Feature","properties":{"ac_name":"SHIRPUR","ac_no":9,"ac_category":"ST","st_name":"MAHARASHTRA"},"geometry":{"type":"Polygon","coordinates":[[[74.9726,21.5962],[74.911,21.6141],[74.9012,21.6292],[74.8714,21.6316],[74.865,21.6285],[74.8628,21.6342],[74.8566,21.6264],[74.8312,21.618],[74.8291,21.6098],[74.8196,21.6085],[74.8018,21.6152],[74.798,21.6098],[74.7829,21.6105],[74.7709,21.6157],[74.7725,21.6098],[74.7564,21.5787],[74.7584,21.5524],[74.7577,21.5367],[74.7517,21.528],[74.7597,21.5174],[74.7512,21.4866],[74.7533,21.4766],[74.732,21.4797],[74.7332,21.4723],[74.726,21.4772],[74.6998,21.4696],[74.7049,21.4525],[74.6988,21.4389],[74.6921,21.4346],[74.6981,21.4235],[74.6853,21.4045],[74.7099,21.3779],[74.7308,21.3778],[74.7491,21.3665],[74.7691,21.3629],[74.7771,21.3542],[74.7794,21.3428],[74.8045,21.3308],[74.7973,21.3173],[74.8001,21.3055],[74.8222,21.2853],[74.8355,21.2797],[74.8709,21.2793],[74.9141,21.2602],[74.9402,21.2568],[74.9473,21.2512],[74.9423,21.2373],[74.9447,21.2256],[74.9724,21.2209],[74.9933,21.1927],[75.0009,21.1872],[75.0109,21.187],[75.0179,21.1926],[75.0373,21.1917],[75.0417,21.2087],[75.0554,21.2121],[75.0576,21.22],[75.0726,21.2268],[75.0885,21.2279],[75.0891,21.2332],[75.0982,21.2322],[75.1061,21.238],[75.1144,21.26],[75.1283,21.269],[75.1286,21.2839],[75.1391,21.2907],[75.136,21.3157],[75.148,21.3172],[75.1532,21.3254],[75.1205,21.3419],[75.1302,21.35],[75.1423,21.3451],[75.1475,21.3478],[75.147,21.3527],[75.1347,21.361],[75.138,21.3825],[75.1519,21.389],[75.1589,21.403],[75.174,21.4017],[75.1839,21.41],[75.207,21.4131],[75.1793,21.4308],[75.1278,21.4482],[75.1074,21.4628],[75.0886,21.5007],[75.0892,21.5163],[75.0537,21.5641],[75.0149,21.5694],[75.0156,21.5751],[75.0037,21.5829],[74.9726,21.5962]]]}},{"type":"Feature","properties":{"ac_name":"RAMTEK","ac_no":59,"ac_category":"GEN","st_name":"MAHARASHTRA"},"geometry":{"type":"Polygon","coordinates":[[[79.2309,21.7188],[79.2373,21.7133],[79.2246,21.7006],[79.2209,21.6868],[79.222,21.6768],[79.2311,21.6709],[79.2316,21.6572],[79.224,21.6553],[79.2229,21.6489],[79.1493,21.661],[79.1432,21.6371],[79.1343,21.6332],[79.1301,21.6258],[79.1119,21.6239],[79.1004,21.6176],[79.102,21.6091],[79.107,21.6063],[79.103,21.6016],[79.0947,21.6021],[79.0894,21.5977],[79.0883,21.6039],[79.0753,21.6054],[79.0138,21.5998],[79.0142,21.5843],[79.0343,21.5756],[79.0349,21.5693],[79.0326,21.5659],[79.0219,21.5708],[79.0122,21.5663],[79.0107,21.5695],[78.9986,21.5616],[78.9978,21.5564],[79.0095,21.5567],[79.0095,21.5466],[78.9955,21.5463],[78.9868,21.535],[79.0001,21.529],[79.002,21.5072],[78.9877,21.5088],[78.9912,21.4922],[79.022,21.4773],[79.0138,21.4571],[79.0183,21.4484],[79.0241,21.4525],[79.0351,21.4518],[79.0416,21.4686],[79.0675,21.4623],[79.0656,21.4459],[79.0561,21.4362],[79.0534,21.4224],[79.0582,21.4098],[79.0491,21.3862],[79.0667,21.382],[79.0762,21.3747],[79.0793,21.3625],[79.0697,21.354],[79.0916,21.3242],[79.1005,21.3187],[79.1141,21.3226],[79.127,21.3103],[79.1249,21.3049],[79.1328,21.2989],[79.1207,21.2977],[79.1199,21.2931],[79.1252,21.2818],[79.136,21.2741],[79.1449,21.2722],[79.1631,21.2774],[79.1735,21.266],[79.1745,21.248],[79.1821,21.2474],[79.1959,21.2316],[79.2251,21.23],[79.2518,21.1982],[79.2666,21.2086],[79.2738,21.2086],[79.2823,21.1902],[79.2949,21.1978],[79.3074,21.1896],[79.308,21.1985],[79.302,21.202],[79.3273,21.2236],[79.3565,21.2152],[79.3688,21.2179],[79.3908,21.2088],[79.397,21.2183],[79.4053,21.2188],[79.4109,21.2139],[79.4195,21.2224],[79.4548,21.2206],[79.4581,21.2408],[79.4681,21.241],[79.4848,21.2527],[79.486,21.2662],[79.4773,21.2746],[79.475,21.2852],[79.4623,21.2865],[79.463,21.2964],[79.4444,21.3158],[79.4448,21.3433],[79.4308,21.3438],[79.4272,21.3318],[79.4157,21.3359],[79.4136,21.3584],[79.4265,21.3566],[79.438,21.3676],[79.4455,21.3652],[79.4502,21.3549],[79.4547,21.3562],[79.4607,21.3587],[79.459,21.3717],[79.4664,21.3869],[79.4721,21.3844],[79.4767,21.3881],[79.504,21.389],[79.4995,21.3985],[79.4842,21.3977],[79.4876,21.4071],[79.4798,21.4294],[79.4698,21.4255],[79.455,21.429],[79.4488,21.4356],[79.4482,21.4561],[79.4581,21.4636],[79.4803,21.5013],[79.4929,21.5091],[79.508,21.5292],[79.5257,21.5398],[79.5377,21.5369],[79.5392,21.543],[79.5429,21.5677],[79.5285,21.5793],[79.512,21.5835],[79.51,21.596],[79.5107,21.6055],[79.5039,21.6165],[79.5069,21.6213],[79.5164,21.6208],[79.5172,21.6251],[79.5043,21.6408],[79.5064,21.6455],[79.4962,21.665],[79.4962,21.6744],[79.4608,21.6878],[79.4502,21.6821],[79.4361,21.6827],[79.4224,21.6918],[79.3928,21.674],[79.3522,21.678],[79.3543,21.6848],[79.3222,21.6851],[79.2903,21.6926],[79.2682,21.7154],[79.2449,21.7215],[79.2306,21.7224],[79.2309,21.7188]]]}},{"type":"Feature","properties":{"ac_name":"NAWAPUR","ac_no":4,"ac_category":"ST","st_name":"MAHARASHTRA"},"geometry":{"type":"Polygon","coordinates":[[[74.1005,21.4477],[74.0945,21.4557],[74.0721,21.457],[74.0753,21.4597],[74.0726,21.4687],[74.0628,21.4744],[74.0615,21.4619],[74.0455,21.4458],[74.0496,21.4404],[74.0445,21.4193],[74.0012,21.421],[74.0031,21.4181],[73.982,21.4078],[73.977,21.4119],[73.9779,21.4069],[73.9706,21.398],[73.9595,21.3954],[73.9518,21.3954],[73.9475,21.4045],[73.939,21.4051],[73.9441,21.4],[73.9492,21.3506],[73.9424,21.3258],[73.9428,21.2999],[73.9326,21.2906],[73.9225,21.2897],[73.8987,21.2727],[73.8796,21.266],[73.8495,21.2747],[73.8271,21.2674],[73.8226,21.2704],[73.8285,21.2397],[73.812,21.2311],[73.811,21.2076],[73.8156,21.1973],[73.8261,21.2],[73.8261,21.1866],[73.82,21.1866],[73.816,21.174],[73.8029,21.175],[73.7849,21.184],[73.7819,21.1714],[73.7726,21.1647],[73.7406,21.1677],[73.7399,21.1711],[73.7287,21.1622],[73.7371,21.154],[73.7336,21.1431],[73.719,21.1404],[73.7016,21.1465],[73.7017,21.1539],[73.682,21.1513],[73.6725,21.1547],[73.6645,21.1534],[73.665,21.1475],[73.6443,21.1399],[73.6348,21.1411],[73.6278,21.1435],[73.6294,21.1552],[73.6078,21.1592],[73.6061,21.1791],[73.5997,21.1818],[73.5934,21.1744],[73.5774,21.1706],[73.5831,21.1611],[73.5769,21.1569],[73.5787,21.1507],[73.5986,21.1568],[73.6054,21.1443],[73.6177,21.1429],[73.612,21.1381],[73.619,21.1188],[73.631,21.1234],[73.646,21.1216],[73.6521,21.1078],[73.6773,21.1088],[73.6892,21.1011],[73.7031,21.1185],[73.7053,21.109],[73.7297,21.1002],[73.7438,21.1152],[73.7334,21.0988],[73.7302,21.0835],[73.7373,21.0802],[73.7639,21.0694],[73.7942,21.0715],[73.8079,21.0849],[73.8095,21.0744],[73.8106,21.0584],[73.7956,21.0446],[73.8152,21.0234],[73.8507,20.9983],[73.8513,20.9976],[73.8552,21.002],[73.8548,21.0329],[73.8831,21.0301],[73.9074,21.0362],[73.9076,21.0421],[73.9101,21.0379],[73.9322,21.0388],[73.9489,21.0324],[73.9555,21.0396],[73.9536,21.0521],[73.9463,21.0609],[73.9559,21.0722],[73.9485,21.0835],[73.9746,21.1057],[73.9745,21.1126],[73.9966,21.12],[74.0007,21.1209],[74.0091,21.1003],[74.0158,21.1022],[74.0097,21.1276],[74.016,21.1311],[74.0192,21.1419],[74.0358,21.1451],[74.0504,21.1362],[74.0483,21.1272],[74.0688,21.1255],[74.0843,21.14],[74.0573,21.169],[74.0861,21.1932],[74.1044,21.2006],[74.1104,21.2087],[74.1216,21.2139],[74.1459,21.2077],[74.1491,21.2114],[74.1427,21.2178],[74.1503,21.2252],[74.1565,21.2248],[74.1579,21.231],[74.1652,21.2251],[74.1597,21.2189],[74.1634,21.2143],[74.1793,21.2092],[74.1863,21.2201],[74.1901,21.2167],[74.1911,21.2201],[74.2125,21.2219],[74.2195,21.2402],[74.2318,21.2394],[74.2492,21.2474],[74.2716,21.2494],[74.2849,21.2392],[74.3034,21.2393],[74.3091,21.2506],[74.3071,21.2704],[74.2898,21.2813],[74.29,21.2869],[74.2655,21.2915],[74.2542,21.3094],[74.2293,21.3078],[74.2282,21.3034],[74.2161,21.2997],[74.1968,21.3103],[74.1981,21.3135],[74.2347,21.3172],[74.2345,21.3333],[74.2241,21.3335],[74.2172,21.3394],[74.2122,21.3679],[74.1825,21.3693],[74.1706,21.359],[74.1672,21.3744],[74.1463,21.3723],[74.1456,21.384],[74.1326,21.3892],[74.1261,21.4003],[74.1239,21.4072],[74.1415,21.4068],[74.1511,21.4033],[74.1557,21.3962],[74.1779,21.3975],[74.1835,21.4028],[74.1942,21.3967],[74.1893,21.4151],[74.1972,21.4157],[74.1917,21.4388],[74.1944,21.4601],[74.1929,21.4597],[74.1834,21.4612],[74.1822,21.469],[74.1604,21.4686],[74.1477,21.4614],[74.1482,21.4579],[74.1358,21.456],[74.1337,21.4657],[74.1252,21.4665],[74.1171,21.462],[74.1164,21.4524],[74.1005,21.4477]]]}},{"type":"Feature","properties":{"ac_name":"MORSHI","ac_no":43,"ac_category":"GEN","st_name":"MAHARASHTRA"},"geometry":{"type":"Polygon","coordinates":[[[78.1762,21.5005],[78.1261,21.4698],[78.1006,21.4595],[78.0813,21.4448],[78.046,21.4341],[78.0287,21.4213],[78.0168,21.4188],[78.0012,21.4149],[77.9841,21.4029],[77.9428,21.3966],[77.9409,21.3857],[77.9268,21.3858],[77.9037,21.3774],[77.8829,21.3762],[77.8834,21.3842],[77.8568,21.3884],[77.8366,21.4004],[77.8403,21.3872],[77.8311,21.3652],[77.8577,21.3595],[77.8564,21.3425],[77.8369,21.3491],[77.8341,21.322],[77.8216,21.3201],[77.8196,21.3062],[77.8073,21.31],[77.8058,21.2991],[77.7846,21.2992],[77.7909,21.2946],[77.7925,21.2811],[77.7959,21.2821],[77.7969,21.2854],[77.8036,21.2862],[77.7982,21.2854],[77.7917,21.2718],[77.7868,21.2685],[77.7862,21.2587],[77.7771,21.2434],[77.8006,21.2418],[77.8075,21.2375],[77.8081,21.2279],[77.7914,21.2226],[77.7651,21.187],[77.7697,21.1663],[77.7665,21.1538],[77.7641,21.1443],[77.7787,21.1363],[77.7887,21.1379],[77.7873,21.1434],[77.8003,21.1618],[77.8025,21.1728],[77.8177,21.184],[77.8189,21.2048],[77.8357,21.2028],[77.8474,21.2061],[77.8487,21.214],[77.8402,21.218],[77.8405,21.2375],[77.8265,21.2413],[77.834,21.2475],[77.8357,21.2657],[77.8723,21.2663],[77.8987,21.2641],[77.9114,21.2485],[77.9265,21.2471],[77.9332,21.2545],[77.9496,21.2431],[77.9641,21.2525],[77.9877,21.2448],[77.9942,21.2507],[78.0147,21.2445],[78.0139,21.2343],[78.02,21.2379],[78.0349,21.2343],[78.0476,21.2422],[78.0572,21.239],[78.054,21.2506],[78.0607,21.2777],[78.0749,21.2758],[78.0806,21.2832],[78.0782,21.292],[78.066,21.3018],[78.0792,21.3313],[78.0728,21.3522],[78.0757,21.3569],[78.0856,21.3592],[78.0976,21.3538],[78.1029,21.3565],[78.1242,21.3467],[78.1475,21.3431],[78.1569,21.3313],[78.2115,21.3334],[78.2332,21.3275],[78.2494,21.3313],[78.2511,21.3389],[78.2699,21.3462],[78.2726,21.3516],[78.2867,21.3504],[78.3069,21.357],[78.3193,21.3683],[78.3371,21.374],[78.3454,21.3859],[78.3469,21.3801],[78.3637,21.3837],[78.365,21.3938],[78.374,21.3953],[78.3821,21.387],[78.3888,21.3913],[78.4087,21.3816],[78.4069,21.3877],[78.42,21.3908],[78.4214,21.3942],[78.4158,21.3938],[78.4218,21.3999],[78.4237,21.397],[78.4482,21.4031],[78.4501,21.4133],[78.4418,21.4222],[78.4389,21.4401],[78.4428,21.4458],[78.4386,21.4708],[78.4283,21.4766],[78.4332,21.4912],[78.4301,21.4967],[78.4361,21.4998],[78.4318,21.5147],[78.4383,21.5179],[78.4296,21.5275],[78.4345,21.5341],[78.424,21.545],[78.4255,21.5695],[78.4185,21.5712],[78.4267,21.5997],[78.4171,21.6008],[78.4066,21.609],[78.3946,21.6078],[78.3903,21.6147],[78.3723,21.6135],[78.3817,21.593],[78.3775,21.5836],[78.3556,21.5733],[78.3427,21.589],[78.3261,21.5748],[78.307,21.5696],[78.3029,21.5837],[78.2811,21.5852],[78.275,21.5918],[78.2648,21.5915],[78.2602,21.5797],[78.2737,21.5692],[78.2398,21.5634],[78.2227,21.5531],[78.1813,21.5573],[78.174,21.5476],[78.1755,21.5282],[78.1712,21.5255],[78.1825,21.512],[78.1743,21.508],[78.1762,21.5005]]]}},{"type":"Feature","properties":{"ac_name":"SAVNER","ac_no":49,"ac_category":"GEN","st_name":"MAHARASHTRA"},"geometry":{"type":"Polygon","coordinates":[[[79.0122,21.5995],[79.0029,21.6065],[78.9988,21.6183],[78.9754,21.6175],[78.9737,21.6124],[78.9436,21.5919],[78.9141,21.5888],[78.9137,21.5708],[78.9317,21.5621],[78.918,21.5609],[78.9069,21.5531],[78.9296,21.5402],[78.9272,21.5221],[78.9344,21.5229],[78.9441,21.5157],[78.9367,21.4859],[78.923,21.4876],[78.8996,21.5005],[78.8909,21.4855],[78.8562,21.4947],[78.8439,21.4874],[78.8003,21.4902],[78.7954,21.4853],[78.7897,21.4862],[78.7869,21.4795],[78.7802,21.4789],[78.7762,21.4647],[78.7668,21.4893],[78.7559,21.4906],[78.7507,21.493],[78.7447,21.4846],[78.7438,21.4718],[78.7341,21.4708],[78.7287,21.4633],[78.7077,21.4705],[78.6993,21.4507],[78.6974,21.4322],[78.7018,21.4258],[78.7138,21.4182],[78.7215,21.4209],[78.7284,21.4148],[78.764,21.4063],[78.7619,21.4005],[78.7274,21.3961],[78.726,21.3906],[78.7369,21.3807],[78.7261,21.3621],[78.7271,21.3525],[78.7339,21.3465],[78.7358,21.3326],[78.7487,21.3321],[78.7552,21.3227],[78.7465,21.3091],[78.752,21.2917],[78.773,21.2866],[78.7777,21.2723],[78.7969,21.2713],[78.7936,21.258],[78.8072,21.2545],[78.8068,21.2358],[78.8004,21.2326],[78.7897,21.2055],[78.7942,21.1937],[78.7916,21.1869],[78.7998,21.1827],[78.8165,21.1841],[78.8472,21.1536],[78.851,21.1427],[78.8606,21.1408],[78.8726,21.1448],[78.8716,21.1371],[78.8826,21.1199],[78.8894,21.1184],[78.9063,21.1206],[78.9298,21.1368],[78.9335,21.1613],[78.9462,21.1639],[78.9493,21.1929],[78.9585,21.1953],[78.9626,21.2324],[78.9592,21.2462],[78.9656,21.2577],[78.9622,21.2617],[78.9645,21.2696],[78.9712,21.2781],[78.9916,21.2785],[78.9986,21.2681],[79.0211,21.2693],[79.0265,21.2766],[79.0188,21.2795],[79.0174,21.3045],[79.0247,21.3111],[79.0254,21.3214],[79.0571,21.3131],[79.0881,21.2724],[79.0982,21.2747],[79.1036,21.2684],[79.1121,21.2682],[79.1149,21.2605],[79.1441,21.2505],[79.136,21.2741],[79.1252,21.2818],[79.1199,21.2931],[79.1207,21.2977],[79.1328,21.2989],[79.1249,21.3049],[79.127,21.3103],[79.1141,21.3226],[79.1005,21.3187],[79.0916,21.3242],[79.0697,21.354],[79.0793,21.3625],[79.0762,21.3747],[79.0667,21.382],[79.0491,21.3862],[79.0582,21.4098],[79.0534,21.4224],[79.0561,21.4362],[79.0656,21.4459],[79.0675,21.4623],[79.0416,21.4686],[79.0351,21.4518],[79.0241,21.4525],[79.0183,21.4484],[79.0138,21.4571],[79.022,21.4773],[78.9912,21.4922],[78.9877,21.5088],[79.002,21.5072],[79.0001,21.529],[78.9868,21.535],[78.9955,21.5463],[79.0095,21.5466],[79.0095,21.5567],[78.9978,21.5564],[78.9986,21.5616],[79.0107,21.5695],[79.0122,21.5663],[79.0219,21.5708],[79.0326,21.5659],[79.0349,21.5693],[79.0343,21.5756],[79.0142,21.5843],[79.0138,21.5998],[79.0122,21.5995]]]}},{"type":"Feature","properties":{"ac_name":"GONDIYA","ac_no":65,"ac_category":"GEN","st_name":"MAHARASHTRA"},"geometry":{"type":"Polygon","coordinates":[[[80.2483,21.6233],[80.2217,21.621],[80.2168,21.6263],[80.2177,21.633],[80.2142,21.6302],[80.2032,21.636],[80.1926,21.6354],[80.1859,21.6275],[80.1696,21.6226],[80.1545,21.6066],[80.1204,21.6106],[80.1164,21.5939],[80.1012,21.5901],[80.0755,21.5599],[80.082,21.5522],[80.0748,21.5324],[80.0821,21.5213],[80.079,21.5129],[80.0705,21.5096],[80.0856,21.5079],[80.1201,21.5138],[80.1369,21.5019],[80.137,21.4926],[80.144,21.4914],[80.1504,21.4791],[80.1448,21.4672],[80.132,21.4615],[80.1314,21.455],[80.1193,21.4533],[80.1149,21.4256],[80.1401,21.426],[80.1752,21.4334],[80.1724,21.4214],[80.1916,21.4128],[80.192,21.4048],[80.213,21.4141],[80.2251,21.3957],[80.2435,21.4002],[80.2398,21.4056],[80.2458,21.4056],[80.2488,21.4187],[80.2498,21.3962],[80.2564,21.3775],[80.2709,21.3743],[80.2863,21.3914],[80.2849,21.4124],[80.2922,21.4098],[80.2988,21.4316],[80.3107,21.4253],[80.3174,21.4505],[80.3112,21.4663],[80.3139,21.4902],[80.3304,21.4954],[80.3451,21.5093],[80.3412,21.5307],[80.335,21.5364],[80.3372,21.544],[80.3299,21.5502],[80.3391,21.5549],[80.3274,21.5716],[80.3175,21.5772],[80.2986,21.5754],[80.2942,21.5931],[80.2804,21.5966],[80.2726,21.6127],[80.2533,21.6249],[80.2483,21.6233]]]}},{"type":"Feature","properties":{"ac_name":"TUMSAR","ac_no":60,"ac_category":"GEN","st_name":"MAHARASHTRA"},"geometry":{"type":"Polygon","coordinates":[[[79.7485,21.5981],[79.7362,21.6041],[79.7218,21.5942],[79.6984,21.5927],[79.6886,21.5808],[79.6761,21.5825],[79.6641,21.5784],[79.6563,21.5594],[79.6506,21.5557],[79.6392,21.5531],[79.6196,21.5575],[79.5804,21.5411],[79.5661,21.5476],[79.5392,21.543],[79.5377,21.5369],[79.5257,21.5398],[79.508,21.5292],[79.4929,21.5091],[79.4803,21.5013],[79.4581,21.4636],[79.4482,21.4561],[79.4488,21.4356],[79.455,21.429],[79.4698,21.4255],[79.4798,21.4294],[79.4876,21.4071],[79.4842,21.3977],[79.4995,21.3985],[79.504,21.389],[79.517,21.3666],[79.5255,21.3603],[79.5267,21.3494],[79.5335,21.3484],[79.5482,21.3288],[79.5544,21.3291],[79.5567,21.3241],[79.5509,21.3173],[79.5563,21.3082],[79.5537,21.3037],[79.5605,21.3032],[79.572,21.287],[79.5756,21.2758],[79.5667,21.2617],[79.5686,21.2497],[79.5608,21.243],[79.5613,21.2262],[79.5742,21.2276],[79.5799,21.2177],[79.5882,21.2158],[79.5975,21.2003],[79.6003,21.214],[79.6162,21.2097],[79.6138,21.2253],[79.6453,21.221],[79.6432,21.2307],[79.6534,21.2291],[79.6589,21.2368],[79.6701,21.2255],[79.6744,21.2389],[79.6839,21.2405],[79.679,21.2593],[79.692,21.2616],[79.7241,21.2608],[79.731,21.2566],[79.7191,21.2312],[79.7596,21.2347],[79.7653,21.2137],[79.7686,21.2148],[79.7726,21.2069],[79.7907,21.2122],[79.7943,21.2196],[79.8124,21.2178],[79.8183,21.2124],[79.8344,21.2203],[79.8356,21.2245],[79.831,21.2303],[79.8469,21.2457],[79.8467,21.2512],[79.8396,21.254],[79.8412,21.2576],[79.8619,21.2515],[79.8634,21.2581],[79.8319,21.2634],[79.8245,21.273],[79.8266,21.2808],[79.8368,21.285],[79.8276,21.2947],[79.8361,21.3099],[79.8302,21.3092],[79.8245,21.3197],[79.8135,21.3211],[79.8141,21.3534],[79.7999,21.3595],[79.796,21.375],[79.7997,21.3811],[79.8192,21.3893],[79.8501,21.4133],[79.8805,21.4264],[79.8796,21.4395],[79.926,21.4915],[79.9285,21.5069],[79.9191,21.5244],[79.8978,21.5244],[79.8902,21.5184],[79.8826,21.526],[79.8634,21.5307],[79.8504,21.5412],[79.8302,21.5478],[79.8226,21.5608],[79.7916,21.5868],[79.7485,21.5981]]]}},{"type":"Feature","properties":{"ac_name":"SINDKHEDA","ac_no":8,"ac_category":"GEN","st_name":"MAHARASHTRA"},"geometry":{"type":"Polygon","coordinates":[[[74.4992,21.287],[74.4988,21.2653],[74.4877,21.2556],[74.4924,21.2556],[74.4877,21.2466],[74.491,21.2401],[74.4373,21.2378],[74.4343,21.2437],[74.4404,21.2455],[74.4402,21.2499],[74.4325,21.2551],[74.4323,21.2609],[74.4099,21.2571],[74.4124,21.2648],[74.4073,21.2659],[74.3977,21.2641],[74.3882,21.2559],[74.3561,21.2525],[74.3569,21.2321],[74.3536,21.2314],[74.3753,21.2],[74.3885,21.1952],[74.3894,21.1883],[74.3972,21.1833],[74.3978,21.1258],[74.4308,21.124],[74.4334,21.1034],[74.4572,21.0991],[74.4661,21.1036],[74.4777,21.0907],[74.4988,21.0966],[74.5,21.0877],[74.5132,21.0878],[74.5445,21.1007],[74.5465,21.0953],[74.5809,21.117],[74.6279,21.1309],[74.6325,21.1291],[74.6323,21.124],[74.6239,21.1146],[74.6246,21.1068],[74.6466,21.1053],[74.6447,21.1],[74.6555,21.0995],[74.6593,21.0827],[74.691,21.0834],[74.7187,21.0708],[74.7355,21.0895],[74.7438,21.0894],[74.7566,21.0771],[74.7709,21.1023],[74.7866,21.1016],[74.7983,21.1004],[74.8038,21.0777],[74.8202,21.0872],[74.8364,21.0706],[74.867,21.0734],[74.8735,21.0892],[74.8694,21.1023],[74.8857,21.114],[74.8847,21.1259],[74.8945,21.149],[74.9113,21.1632],[74.9328,21.1644],[74.937,21.1728],[74.9486,21.1775],[74.9644,21.1949],[74.9626,21.1989],[74.9511,21.2],[74.9599,21.2119],[74.9484,21.2171],[74.9447,21.2256],[74.9423,21.2373],[74.9473,21.2512],[74.9402,21.2568],[74.9141,21.2602],[74.8709,21.2793],[74.8355,21.2797],[74.8222,21.2853],[74.8001,21.3055],[74.7973,21.3173],[74.8045,21.3308],[74.7794,21.3428],[74.7771,21.3542],[74.7691,21.3629],[74.7491,21.3665],[74.7308,21.3778],[74.7099,21.3779],[74.6853,21.4045],[74.6647,21.4078],[74.6345,21.4022],[74.6173,21.4127],[74.5976,21.4162],[74.5728,21.4029],[74.5322,21.4276],[74.5178,21.4297],[74.4965,21.4258],[74.502,21.4156],[74.4933,21.3918],[74.5031,21.3943],[74.5085,21.3895],[74.4917,21.3712],[74.4902,21.35],[74.4768,21.3494],[74.4826,21.3094],[74.4741,21.3064],[74.4743,21.2967],[74.4924,21.2986],[74.4992,21.287]]]}},{"type":"Feature","properties":{"ac_name":"TIRORA","ac_no":64,"ac_category":"GEN","st_name":"MAHARASHTRA"},"geometry":{"type":"Polygon","coordinates":[[[80.0755,21.5599],[80.064,21.5535],[80.0323,21.5561],[79.9985,21.5335],[79.9898,21.536],[79.9718,21.5574],[79.9636,21.5582],[79.9317,21.5539],[79.9224,21.5412],[79.9191,21.5244],[79.9285,21.5069],[79.926,21.4915],[79.8796,21.4395],[79.8805,21.4264],[79.8501,21.4133],[79.8192,21.3893],[79.7997,21.3811],[79.796,21.375],[79.7999,21.3595],[79.8141,21.3534],[79.8135,21.3211],[79.8245,21.3197],[79.8302,21.3092],[79.8361,21.3099],[79.8276,21.2947],[79.8368,21.285],[79.8266,21.2808],[79.8245,21.273],[79.8319,21.2634],[79.8634,21.2581],[79.8619,21.2515],[79.8412,21.2576],[79.8396,21.254],[79.8467,21.2512],[79.8469,21.2457],[79.831,21.2303],[79.8356,21.2245],[79.8517,21.2321],[79.8659,21.232],[79.8679,21.2372],[79.8631,21.2443],[79.8669,21.2501],[79.8887,21.2557],[79.8861,21.2508],[79.9041,21.2412],[79.9214,21.254],[79.9404,21.2529],[79.9506,21.2395],[79.9701,21.2288],[79.9902,21.2306],[80.0173,21.2475],[80.0396,21.2895],[80.0757,21.286],[80.0978,21.2746],[80.1305,21.2658],[80.1466,21.2906],[80.1496,21.3269],[80.1621,21.325],[80.1692,21.3289],[80.1701,21.3216],[80.1848,21.3161],[80.2139,21.3257],[80.225,21.3244],[80.2248,21.35],[80.2481,21.3396],[80.2885,21.3243],[80.2864,21.3346],[80.2956,21.3483],[80.2659,21.3542],[80.2662,21.3661],[80.2755,21.3677],[80.2709,21.3743],[80.2564,21.3775],[80.2498,21.3962],[80.2488,21.4187],[80.2458,21.4056],[80.2398,21.4056],[80.2435,21.4002],[80.2251,21.3957],[80.213,21.4141],[80.192,21.4048],[80.1916,21.4128],[80.1724,21.4214],[80.1752,21.4334],[80.1401,21.426],[80.1149,21.4256],[80.1193,21.4533],[80.1314,21.455],[80.132,21.4615],[80.1448,21.4672],[80.1504,21.4791],[80.144,21.4914],[80.137,21.4926],[80.1369,21.5019],[80.1201,21.5138],[80.0856,21.5079],[80.0705,21.5096],[80.079,21.5129],[80.0821,21.5213],[80.0748,21.5324],[80.082,21.5522],[80.0755,21.5599]]]}},{"type":"Feature","properties":{"ac_name":"KATOL","ac_no":48,"ac_category":"GEN","st_name":"MAHARASHTRA"},"geometry":{"type":"Polygon","coordinates":[[[78.4912,21.5128],[78.4868,21.5057],[78.4757,21.5058],[78.4751,21.5012],[78.4607,21.5035],[78.457,21.4961],[78.4497,21.4954],[78.444,21.5019],[78.4361,21.4998],[78.4301,21.4967],[78.4332,21.4912],[78.4283,21.4766],[78.4386,21.4708],[78.4428,21.4458],[78.4389,21.4401],[78.4418,21.4222],[78.4501,21.4133],[78.4482,21.4031],[78.4237,21.397],[78.4218,21.3999],[78.4158,21.3938],[78.4214,21.3942],[78.42,21.3908],[78.4069,21.3877],[78.4087,21.3816],[78.3888,21.3913],[78.3821,21.387],[78.374,21.3953],[78.365,21.3938],[78.3637,21.3837],[78.3469,21.3801],[78.3454,21.3859],[78.3371,21.374],[78.3193,21.3683],[78.3069,21.357],[78.2867,21.3504],[78.2726,21.3516],[78.2699,21.3462],[78.2511,21.3389],[78.2494,21.3313],[78.2534,21.3248],[78.2591,21.3292],[78.2941,21.2934],[78.3127,21.2947],[78.3038,21.2753],[78.3117,21.2678],[78.3245,21.2716],[78.3242,21.2552],[78.3301,21.2504],[78.3579,21.2517],[78.3747,21.2413],[78.411,21.2391],[78.4199,21.227],[78.4307,21.2258],[78.4457,21.2359],[78.4547,21.2253],[78.4633,21.2244],[78.4714,21.2165],[78.4774,21.2196],[78.5035,21.1866],[78.51,21.187],[78.5198,21.1749],[78.5194,21.162],[78.5279,21.1507],[78.5296,21.1393],[78.5405,21.1364],[78.5525,21.1259],[78.5558,21.1159],[78.5845,21.1166],[78.59,21.1101],[78.5989,21.1083],[78.5946,21.0976],[78.5983,21.0967],[78.5974,21.0894],[78.61,21.0889],[78.6071,21.0698],[78.6119,21.0703],[78.6141,21.0652],[78.626,21.0667],[78.6295,21.0583],[78.6435,21.0586],[78.65,21.0499],[78.6491,21.0367],[78.66,21.0338],[78.6756,21.0365],[78.683,21.0289],[78.6975,21.0533],[78.6966,21.0729],[78.7134,21.0613],[78.7201,21.0627],[78.7159,21.0746],[78.7227,21.0805],[78.7347,21.0816],[78.7478,21.1034],[78.7754,21.0935],[78.7806,21.1133],[78.7943,21.12],[78.8098,21.109],[78.818,21.1088],[78.8275,21.1262],[78.8434,21.1379],[78.8506,21.1376],[78.8505,21.1262],[78.8579,21.1276],[78.866,21.1197],[78.873,21.1195],[78.875,21.1131],[78.8846,21.111],[78.8894,21.1184],[78.8826,21.1199],[78.8716,21.1371],[78.8726,21.1448],[78.8606,21.1408],[78.851,21.1427],[78.8472,21.1536],[78.8165,21.1841],[78.7998,21.1827],[78.7916,21.1869],[78.7942,21.1937],[78.7897,21.2055],[78.8004,21.2326],[78.8068,21.2358],[78.8072,21.2545],[78.7936,21.258],[78.7969,21.2713],[78.7777,21.2723],[78.773,21.2866],[78.752,21.2917],[78.7465,21.3091],[78.7552,21.3227],[78.7487,21.3321],[78.7358,21.3326],[78.7339,21.3465],[78.7271,21.3525],[78.7261,21.3621],[78.7369,21.3807],[78.726,21.3906],[78.7274,21.3961],[78.7619,21.4005],[78.764,21.4063],[78.7284,21.4148],[78.7215,21.4209],[78.7138,21.4182],[78.7018,21.4258],[78.6974,21.4322],[78.6993,21.4507],[78.7077,21.4705],[78.7001,21.477],[78.6874,21.479],[78.6884,21.4818],[78.666,21.4777],[78.6448,21.4844],[78.6285,21.4759],[78.6097,21.4886],[78.6004,21.4839],[78.5954,21.4886],[78.5861,21.4875],[78.5677,21.5058],[78.5701,21.5143],[78.5599,21.5133],[78.5404,21.5238],[78.5117,21.5288],[78.4912,21.5128]]]}},{"type":"Feature","properties":{"ac_name":"CHOPDA","ac_no":10,"ac_category":"ST","st_name":"MAHARASHTRA"},"geometry":{"type":"Polygon","coordinates":[[[75.4991,21.3868],[75.4489,21.3903],[75.4402,21.3844],[75.4259,21.3909],[75.4077,21.3872],[75.3984,21.3799],[75.3829,21.3796],[75.3755,21.3905],[75.3573,21.4009],[75.3514,21.3908],[75.3153,21.388],[75.3078,21.3928],[75.2989,21.3855],[75.2964,21.39],[75.3002,21.3915],[75.3011,21.41],[75.2954,21.4136],[75.2538,21.4018],[75.2343,21.415],[75.221,21.4086],[75.207,21.4131],[75.1839,21.41],[75.174,21.4017],[75.1589,21.403],[75.1519,21.389],[75.138,21.3825],[75.1347,21.361],[75.147,21.3527],[75.1475,21.3478],[75.1423,21.3451],[75.1302,21.35],[75.1205,21.3419],[75.1532,21.3254],[75.148,21.3172],[75.136,21.3157],[75.1391,21.2907],[75.1286,21.2839],[75.1283,21.269],[75.1144,21.26],[75.1061,21.238],[75.0982,21.2322],[75.0891,21.2332],[75.0885,21.2279],[75.0726,21.2268],[75.0576,21.22],[75.0554,21.2121],[75.0417,21.2087],[75.0373,21.1917],[75.0179,21.1926],[75.0109,21.187],[75.0506,21.1832],[75.0639,21.1755],[75.0955,21.1813],[75.113,21.1795],[75.1603,21.168],[75.1784,21.1856],[75.21,21.1606],[75.231,21.1506],[75.2495,21.1478],[75.2756,21.1537],[75.3293,21.1413],[75.3342,21.1567],[75.3626,21.1784],[75.3755,21.1765],[75.4354,21.181],[75.4495,21.1755],[75.4601,21.1644],[75.4816,21.1624],[75.5064,21.148],[75.5442,21.145],[75.5746,21.124],[75.5974,21.121],[75.6201,21.1277],[75.646,21.1109],[75.6705,21.1175],[75.6809,21.1092],[75.6955,21.1178],[75.6934,21.1313],[75.6999,21.1367],[75.7093,21.1416],[75.7312,21.1425],[75.7325,21.1786],[75.7394,21.1778],[75.7411,21.1935],[75.7366,21.2048],[75.7506,21.2052],[75.7544,21.2205],[75.7613,21.2166],[75.7655,21.2236],[75.7671,21.2283],[75.7613,21.2347],[75.7658,21.2595],[75.7252,21.2689],[75.7092,21.2649],[75.7044,21.2747],[75.7063,21.2842],[75.6947,21.3025],[75.6766,21.3073],[75.6612,21.3022],[75.6622,21.3105],[75.6539,21.3214],[75.6349,21.3252],[75.6661,21.3438],[75.6866,21.3495],[75.7127,21.3473],[75.7254,21.3539],[75.7735,21.3499],[75.7712,21.3694],[75.7595,21.38],[75.7362,21.3882],[75.719,21.3844],[75.7036,21.3882],[75.6712,21.3747],[75.6582,21.379],[75.624,21.3752],[75.617,21.3814],[75.6166,21.3884],[75.607,21.3921],[75.5994,21.3858],[75.5875,21.3894],[75.5714,21.3817],[75.5792,21.3767],[75.5576,21.3733],[75.5568,21.3796],[75.544,21.3686],[75.5207,21.3869],[75.5121,21.3821],[75.4991,21.3868]]]}},{"type":"Feature","properties":{"ac_name":"AMGAON","ac_no":66,"ac_category":"ST","st_name":"MAHARASHTRA"},"geometry":{"type":"Polygon","coordinates":[[[80.4986,21.3972],[80.4842,21.3953],[80.4812,21.401],[80.4764,21.3949],[80.4576,21.4027],[80.4499,21.3872],[80.4518,21.378],[80.446,21.3711],[80.4307,21.3761],[80.4161,21.3752],[80.4078,21.3801],[80.3959,21.4077],[80.4087,21.4186],[80.4047,21.425],[80.4221,21.4406],[80.4092,21.4673],[80.3969,21.4719],[80.3906,21.4785],[80.3914,21.4874],[80.3835,21.4906],[80.3846,21.4996],[80.3758,21.5238],[80.3372,21.544],[80.335,21.5364],[80.3412,21.5307],[80.3451,21.5093],[80.3304,21.4954],[80.3139,21.4902],[80.3112,21.4663],[80.3174,21.4505],[80.3107,21.4253],[80.2988,21.4316],[80.2922,21.4098],[80.2849,21.4124],[80.2863,21.3914],[80.2709,21.3743],[80.2755,21.3677],[80.2662,21.3661],[80.2659,21.3542],[80.2956,21.3483],[80.2864,21.3346],[80.2885,21.3243],[80.2927,21.3172],[80.3135,21.3224],[80.3252,21.3069],[80.3189,21.2773],[80.3284,21.2629],[80.3304,21.2342],[80.3385,21.2224],[80.3497,21.2158],[80.3506,21.2099],[80.34,21.1892],[80.3414,21.1786],[80.3277,21.184],[80.3225,21.182],[80.314,21.1612],[80.3022,21.1554],[80.2919,21.1424],[80.3062,21.1247],[80.2996,21.1107],[80.3009,21.0872],[80.2948,21.0587],[80.2783,21.0402],[80.2686,21.0393],[80.2629,21.0216],[80.238,20.982],[80.2371,20.9707],[80.2563,20.9685],[80.2871,20.9496],[80.2812,20.9369],[80.285,20.9259],[80.2687,20.9286],[80.2639,20.9245],[80.2521,20.8929],[80.2617,20.8865],[80.2391,20.8775],[80.2389,20.8641],[80.2232,20.862],[80.2242,20.8578],[80.21,20.8506],[80.1907,20.8184],[80.1777,20.8061],[80.2054,20.7845],[80.2287,20.7862],[80.2297,20.78],[80.2462,20.7676],[80.2591,20.778],[80.2772,20.7816],[80.2916,20.7701],[80.3168,20.7714],[80.3282,20.7921],[80.3218,20.7996],[80.3295,20.811],[80.3317,20.8217],[80.3384,20.8224],[80.3546,20.8094],[80.3666,20.8118],[80.3928,20.8064],[80.4028,20.8081],[80.416,20.8249],[80.4605,20.8194],[80.5181,20.8344],[80.5611,20.8228],[80.5547,20.8452],[80.5558,20.8895],[80.5417,20.9248],[80.546,20.9348],[80.5191,20.9298],[80.4634,20.9297],[80.446,20.9692],[80.4436,20.9945],[80.4244,21.008],[80.4391,21.0275],[80.4496,21.0307],[80.4524,21.039],[80.4541,21.0522],[80.4472,21.0639],[80.447,21.0793],[80.4391,21.0966],[80.4472,21.1117],[80.4569,21.1151],[80.4445,21.1212],[80.4565,21.144],[80.464,21.1751],[80.4782,21.1705],[80.5025,21.1856],[80.5142,21.1823],[80.529,21.2053],[80.5572,21.2011],[80.5705,21.2067],[80.5798,21.2191],[80.6157,21.228],[80.6252,21.2419],[80.6423,21.2494],[80.6512,21.2781],[80.6577,21.2816],[80.6623,21.2916],[80.6692,21.2908],[80.6787,21.2977],[80.6816,21.3121],[80.66,21.3342],[80.6523,21.3274],[80.6214,21.3205],[80.6112,21.3277],[80.6079,21.3239],[80.5996,21.3271],[80.5895,21.3336],[80.5898,21.3437],[80.5667,21.3459],[80.5658,21.3546],[80.5704,21.3581],[80.5638,21.3653],[80.5433,21.3708],[80.5393,21.3828],[80.5319,21.3822],[80.528,21.395],[80.5242,21.3914],[80.5171,21.3953],[80.5081,21.3911],[80.4986,21.3972]]]}},{"type":"Feature","properties":{"ac_name":"RAVER","ac_no":11,"ac_category":"GEN","st_name":"MAHARASHTRA"},"geometry":{"type":"Polygon","coordinates":[[[75.7931,21.3845],[75.7595,21.38],[75.7712,21.3694],[75.7735,21.3499],[75.7254,21.3539],[75.7127,21.3473],[75.6866,21.3495],[75.6661,21.3438],[75.6349,21.3252],[75.6539,21.3214],[75.6622,21.3105],[75.6612,21.3022],[75.6766,21.3073],[75.6947,21.3025],[75.7063,21.2842],[75.7044,21.2747],[75.7092,21.2649],[75.7252,21.2689],[75.7658,21.2595],[75.7613,21.2347],[75.7671,21.2283],[75.7655,21.2236],[75.7613,21.2166],[75.7544,21.2205],[75.7506,21.2052],[75.7366,21.2048],[75.7411,21.1935],[75.7394,21.1778],[75.7325,21.1786],[75.7312,21.1425],[75.7093,21.1416],[75.6999,21.1367],[75.6934,21.1313],[75.6955,21.1178],[75.6809,21.1092],[75.6939,21.0979],[75.7138,21.0965],[75.7385,21.084],[75.7489,21.0836],[75.7821,21.0696],[75.8232,21.0675],[75.8439,21.0622],[75.8489,21.1056],[75.8697,21.1116],[75.8777,21.1437],[75.8724,21.1586],[75.8766,21.1647],[75.8691,21.1704],[75.9111,21.1845],[75.9457,21.1812],[75.9574,21.1515],[75.9815,21.1482],[75.9812,21.1703],[76.0006,21.1739],[76.0007,21.1837],[76.013,21.1833],[76.0158,21.1922],[76.0344,21.1968],[76.0471,21.1928],[76.0496,21.186],[76.0574,21.1943],[76.067,21.1917],[76.0612,21.1782],[76.0632,21.1721],[76.0818,21.1757],[76.0914,21.1726],[76.0978,21.1747],[76.1009,21.1986],[76.107,21.2069],[76.1284,21.2026],[76.1388,21.2059],[76.1373,21.2426],[76.1426,21.2476],[76.1511,21.2438],[76.1593,21.2561],[76.1546,21.2573],[76.1511,21.2681],[76.1466,21.2681],[76.1428,21.2862],[76.1295,21.287],[76.1216,21.3232],[76.0968,21.3719],[76.0489,21.3498],[76.03,21.3656],[75.9866,21.3689],[75.9626,21.3899],[75.9109,21.3827],[75.9032,21.3917],[75.8861,21.3948],[75.8703,21.3911],[75.8625,21.38],[75.841,21.3845],[75.8332,21.3767],[75.7931,21.3845]]]}},{"type":"Feature","properties":{"ac_name":"ACHALPUR","ac_no":42,"ac_category":"GEN","st_name":"MAHARASHTRA"},"geometry":{"type":"Polygon","coordinates":[[[77.7999,21.4071],[77.7968,21.3891],[77.7648,21.3815],[77.7615,21.3852],[77.7512,21.3832],[77.7372,21.3622],[77.7098,21.3572],[77.7075,21.3753],[77.6977,21.3741],[77.6955,21.3777],[77.6972,21.3923],[77.6928,21.3974],[77.6696,21.3688],[77.6645,21.3751],[77.6667,21.3841],[77.6562,21.3861],[77.653,21.3916],[77.6438,21.3869],[77.6196,21.3867],[77.612,21.3924],[77.6034,21.3896],[77.6084,21.3699],[77.6058,21.3626],[77.5874,21.3625],[77.5733,21.3707],[77.5633,21.3696],[77.5431,21.3307],[77.5526,21.3336],[77.5535,21.3157],[77.5373,21.3141],[77.5442,21.2854],[77.5268,21.288],[77.523,21.2951],[77.525,21.3156],[77.5207,21.3175],[77.5061,21.3163],[77.4988,21.2975],[77.4913,21.2977],[77.4896,21.3022],[77.471,21.3],[77.4786,21.2725],[77.4704,21.268],[77.4712,21.2585],[77.4747,21.2595],[77.4765,21.2528],[77.4947,21.2511],[77.4815,21.2322],[77.4632,21.2336],[77.4595,21.2447],[77.4573,21.2366],[77.4483,21.2354],[77.4475,21.2291],[77.4551,21.2265],[77.4593,21.2183],[77.4446,21.2169],[77.4418,21.2129],[77.4467,21.1745],[77.4798,21.1723],[77.4922,21.1672],[77.4927,21.1713],[77.5105,21.1707],[77.5102,21.1824],[77.5138,21.1826],[77.5606,21.1739],[77.5603,21.1586],[77.5483,21.1386],[77.5651,21.119],[77.5707,21.1245],[77.6056,21.1216],[77.6074,21.129],[77.5938,21.1374],[77.6058,21.1544],[77.618,21.1384],[77.6357,21.1366],[77.6409,21.1297],[77.6435,21.1448],[77.6626,21.1458],[77.6667,21.1499],[77.6945,21.142],[77.7067,21.1446],[77.7344,21.135],[77.7373,21.1379],[77.7305,21.1664],[77.7447,21.1613],[77.7436,21.1682],[77.7678,21.1695],[77.7635,21.1658],[77.7665,21.1538],[77.7697,21.1663],[77.7651,21.187],[77.7914,21.2226],[77.8081,21.2279],[77.8075,21.2375],[77.8006,21.2418],[77.7771,21.2434],[77.7862,21.2587],[77.7868,21.2685],[77.7917,21.2718],[77.7982,21.2854],[77.8036,21.2862],[77.7969,21.2854],[77.7959,21.2821],[77.7925,21.2811],[77.7909,21.2946],[77.7846,21.2992],[77.8058,21.2991],[77.8073,21.31],[77.8196,21.3062],[77.8216,21.3201],[77.8341,21.322],[77.8369,21.3491],[77.8564,21.3425],[77.8577,21.3595],[77.8311,21.3652],[77.8403,21.3872],[77.8366,21.4004],[77.8127,21.4091],[77.7999,21.4071]]]}},{"type":"Feature","properties":{"ac_name":"SAKRI","ac_no":5,"ac_category":"ST","st_name":"MAHARASHTRA"},"geometry":{"type":"Polygon","coordinates":[[[74.2492,21.2474],[74.2318,21.2394],[74.2195,21.2402],[74.2125,21.2219],[74.1911,21.2201],[74.1901,21.2167],[74.1863,21.2201],[74.1793,21.2092],[74.1634,21.2143],[74.1597,21.2189],[74.1652,21.2251],[74.1579,21.231],[74.1565,21.2248],[74.1503,21.2252],[74.1427,21.2178],[74.1491,21.2114],[74.1459,21.2077],[74.1216,21.2139],[74.1104,21.2087],[74.1044,21.2006],[74.0861,21.1932],[74.0573,21.169],[74.0843,21.14],[74.0688,21.1255],[74.0483,21.1272],[74.0504,21.1362],[74.0358,21.1451],[74.0192,21.1419],[74.016,21.1311],[74.0097,21.1276],[74.0158,21.1022],[74.0091,21.1003],[74.0007,21.1209],[73.9966,21.12],[73.9745,21.1126],[73.9746,21.1057],[73.9485,21.0835],[73.9559,21.0722],[73.9463,21.0609],[73.9536,21.0521],[73.9555,21.0396],[73.9489,21.0324],[73.9322,21.0388],[73.9101,21.0379],[73.9076,21.0421],[73.9074,21.0362],[73.8831,21.0301],[73.8548,21.0329],[73.8552,21.002],[73.8513,20.9976],[73.8681,20.9859],[73.8867,20.9802],[73.9012,20.9824],[73.9079,20.9598],[73.899,20.9604],[73.8923,20.9556],[73.8883,20.9336],[73.9175,20.9079],[73.9257,20.8887],[73.9236,20.8515],[73.9293,20.8425],[73.9403,20.8395],[73.9612,20.8419],[73.9666,20.8523],[73.9885,20.8465],[74.0013,20.8345],[74.02,20.834],[74.0175,20.846],[74.0268,20.8519],[74.037,20.8362],[74.0455,20.8349],[74.062,20.8486],[74.0772,20.8488],[74.0962,20.8411],[74.1025,20.8443],[74.1001,20.8505],[74.1036,20.8556],[74.1115,20.8556],[74.1162,20.8626],[74.1321,20.8617],[74.1466,20.8503],[74.1582,20.8512],[74.1578,20.8621],[74.1925,20.8545],[74.2013,20.8595],[74.2242,20.8565],[74.2338,20.8483],[74.243,20.8497],[74.2504,20.8598],[74.2737,20.8508],[74.2918,20.8563],[74.3142,20.8422],[74.3248,20.8487],[74.3336,20.8368],[74.3381,20.8376],[74.3382,20.8511],[74.3469,20.8482],[74.35,20.852],[74.3593,20.8447],[74.3818,20.84],[74.3883,20.8573],[74.3942,20.8548],[74.3967,20.8607],[74.3962,20.8491],[74.4031,20.8375],[74.3869,20.8373],[74.4006,20.825],[74.4164,20.811],[74.4378,20.8003],[74.4499,20.8022],[74.4566,20.8138],[74.4657,20.8132],[74.4764,20.8296],[74.4845,20.8449],[74.4629,20.8696],[74.4386,20.8713],[74.4385,20.9005],[74.4474,20.9253],[74.458,20.9367],[74.4671,20.9382],[74.4655,20.9661],[74.4727,20.9701],[74.4825,21.0054],[74.4909,20.9967],[74.5005,20.9986],[74.5029,21.0081],[74.5149,21.0078],[74.5149,21.03],[74.5384,21.0283],[74.5429,21.0342],[74.5324,21.0577],[74.5336,21.0657],[74.5441,21.0695],[74.5383,21.0924],[74.5465,21.0953],[74.5445,21.1007],[74.5132,21.0878],[74.5,21.0877],[74.4988,21.0966],[74.4777,21.0907],[74.4661,21.1036],[74.4572,21.0991],[74.4334,21.1034],[74.4308,21.124],[74.3978,21.1258],[74.3972,21.1833],[74.3894,21.1883],[74.3885,21.1952],[74.3753,21.2],[74.3536,21.2314],[74.3382,21.2285],[74.3167,21.2323],[74.3174,21.2481],[74.3034,21.2393],[74.2849,21.2392],[74.2716,21.2494],[74.2492,21.2474]]]}},{"type":"Feature","properties":{"ac_name":"ARVI","ac_no":44,"ac_category":"GEN","st_name":"MAHARASHTRA"},"geometry":{"type":"Polygon","coordinates":[[[78.054,21.2506],[78.0572,21.239],[78.0689,21.2395],[78.0735,21.23],[78.0698,21.2222],[78.0965,21.2005],[78.0989,21.1887],[78.0931,21.178],[78.1446,21.1393],[78.1286,21.1138],[78.1334,21.1041],[78.1458,21.1026],[78.1512,21.0754],[78.1464,21.0585],[78.1508,21.0476],[78.143,21.0394],[78.1362,21.0388],[78.1456,21.0228],[78.1355,21.0099],[78.1353,21.0018],[78.1482,20.9822],[78.1492,20.9675],[78.1422,20.9533],[78.1603,20.9455],[78.1701,20.9391],[78.1686,20.9317],[78.1764,20.9235],[78.1741,20.915],[78.1824,20.904],[78.2028,20.8993],[78.2112,20.9014],[78.2136,20.9088],[78.224,20.8995],[78.2579,20.8872],[78.261,20.8722],[78.2758,20.8617],[78.2784,20.8435],[78.2932,20.8399],[78.2929,20.8265],[78.3055,20.8349],[78.313,20.8323],[78.3168,20.8185],[78.3084,20.8115],[78.2975,20.8121],[78.2932,20.7998],[78.2926,20.7759],[78.3055,20.7666],[78.3081,20.7591],[78.3464,20.7595],[78.3613,20.7512],[78.3833,20.7509],[78.3832,20.77],[78.3855,20.7735],[78.3983,20.7714],[78.3972,20.7812],[78.4071,20.8002],[78.403,20.807],[78.4068,20.8108],[78.4458,20.8123],[78.4495,20.8092],[78.4589,20.8296],[78.4536,20.8387],[78.4562,20.843],[78.4701,20.847],[78.4906,20.8447],[78.4943,20.8798],[78.5045,20.8926],[78.5183,20.8985],[78.5306,20.8878],[78.5406,20.8914],[78.5462,20.8839],[78.5482,20.8914],[78.5665,20.8887],[78.5671,20.9172],[78.5574,20.9154],[78.5507,20.931],[78.5639,20.936],[78.5779,20.9273],[78.5892,20.9418],[78.5879,20.9496],[78.5734,20.9642],[78.5789,20.9889],[78.5669,20.9982],[78.5812,21.0237],[78.5889,21.0255],[78.6131,21.0177],[78.6199,21.0094],[78.6259,21.0108],[78.6315,21.0258],[78.6423,21.0371],[78.6491,21.0367],[78.65,21.0499],[78.6435,21.0586],[78.6295,21.0583],[78.626,21.0667],[78.6141,21.0652],[78.6119,21.0703],[78.6071,21.0698],[78.61,21.0889],[78.5974,21.0894],[78.5983,21.0967],[78.5946,21.0976],[78.5989,21.1083],[78.59,21.1101],[78.5845,21.1166],[78.5558,21.1159],[78.5525,21.1259],[78.5405,21.1364],[78.5296,21.1393],[78.5279,21.1507],[78.5194,21.162],[78.5198,21.1749],[78.51,21.187],[78.5035,21.1866],[78.4774,21.2196],[78.4714,21.2165],[78.4633,21.2244],[78.4547,21.2253],[78.4457,21.2359],[78.4307,21.2258],[78.4199,21.227],[78.411,21.2391],[78.3747,21.2413],[78.3579,21.2517],[78.3301,21.2504],[78.3242,21.2552],[78.3245,21.2716],[78.3117,21.2678],[78.3038,21.2753],[78.3127,21.2947],[78.2941,21.2934],[78.2591,21.3292],[78.2534,21.3248],[78.2494,21.3313],[78.2332,21.3275],[78.2115,21.3334],[78.1569,21.3313],[78.1475,21.3431],[78.1242,21.3467],[78.1029,21.3565],[78.0976,21.3538],[78.0856,21.3592],[78.0757,21.3569],[78.0728,21.3522],[78.0792,21.3313],[78.066,21.3018],[78.0782,21.292],[78.0806,21.2832],[78.0749,21.2758],[78.0607,21.2777],[78.054,21.2506]]]}},{"type":"Feature","properties":{"ac_name":"KAMTHI","ac_no":58,"ac_category":"GEN","st_name":"MAHARASHTRA"},"geometry":{"type":"Polygon","coordinates":[[[79.572,21.287],[79.5605,21.3032],[79.5537,21.3037],[79.5563,21.3082],[79.5509,21.3173],[79.5567,21.3241],[79.5544,21.3291],[79.5482,21.3288],[79.5335,21.3484],[79.5267,21.3494],[79.5255,21.3603],[79.517,21.3666],[79.504,21.389],[79.4767,21.3881],[79.4721,21.3844],[79.4664,21.3869],[79.459,21.3717],[79.4607,21.3587],[79.4547,21.3562],[79.4502,21.3549],[79.4455,21.3652],[79.438,21.3676],[79.4265,21.3566],[79.4136,21.3584],[79.4157,21.3359],[79.4272,21.3318],[79.4308,21.3438],[79.4448,21.3433],[79.4444,21.3158],[79.463,21.2964],[79.4623,21.2865],[79.475,21.2852],[79.4773,21.2746],[79.486,21.2662],[79.4848,21.2527],[79.4681,21.241],[79.4581,21.2408],[79.4548,21.2206],[79.4195,21.2224],[79.4109,21.2139],[79.4053,21.2188],[79.397,21.2183],[79.3908,21.2088],[79.3688,21.2179],[79.3565,21.2152],[79.3273,21.2236],[79.302,21.202],[79.308,21.1985],[79.3074,21.1896],[79.2949,21.1978],[79.2823,21.1902],[79.2738,21.2086],[79.2666,21.2086],[79.2518,21.1982],[79.2251,21.23],[79.1959,21.2316],[79.1821,21.2474],[79.1745,21.248],[79.1735,21.266],[79.1631,21.2774],[79.1449,21.2722],[79.136,21.2741],[79.1441,21.2505],[79.1149,21.2605],[79.1121,21.2682],[79.1036,21.2684],[79.0982,21.2747],[79.0881,21.2724],[79.0571,21.3131],[79.0254,21.3214],[79.0247,21.3111],[79.0174,21.3045],[79.0188,21.2795],[79.0265,21.2766],[79.0211,21.2693],[79.0419,21.2612],[79.0566,21.2677],[79.0704,21.2665],[79.0854,21.2582],[79.0722,21.2488],[79.074,21.2372],[79.0826,21.2347],[79.0879,21.2262],[79.0954,21.2248],[79.0992,21.212],[79.115,21.2079],[79.1231,21.1969],[79.1345,21.1947],[79.1406,21.1828],[79.1567,21.1904],[79.1668,21.1861],[79.1706,21.1827],[79.169,21.1696],[79.1779,21.158],[79.177,21.1501],[79.1695,21.1454],[79.1702,21.1381],[79.1615,21.1239],[79.1338,21.1276],[79.1392,21.1197],[79.1416,21.1083],[79.1317,21.1046],[79.1202,21.1064],[79.1196,21.0929],[79.1077,21.0944],[79.1056,21.09],[79.0898,21.0967],[79.0778,21.0917],[79.0863,21.0823],[79.07,21.0812],[79.0765,21.0651],[79.072,21.0592],[79.0453,21.0568],[79.0558,21.0748],[79.0443,21.08],[79.0291,21.0759],[79.0294,21.0725],[79.0117,21.076],[79.0026,21.0631],[79.0187,21.0503],[79.0083,21.033],[79.0168,21.0286],[79.0382,21.0371],[79.0384,21.029],[79.0148,21.0198],[79.0123,21.0113],[79.025,20.9998],[79.0222,20.9789],[79.055,20.9745],[79.0622,20.9706],[79.0599,20.962],[79.082,20.9467],[79.1043,20.9562],[79.1075,20.9765],[79.1124,20.9731],[79.1125,20.9846],[79.122,20.9991],[79.1293,20.9966],[79.1321,21.0067],[79.1478,21.0055],[79.1511,21.0171],[79.161,21.0126],[79.1642,21.0522],[79.1807,21.07],[79.1936,21.0678],[79.2065,21.0731],[79.2222,21.0683],[79.2332,21.077],[79.2481,21.0738],[79.2563,21.083],[79.2702,21.0761],[79.268,21.069],[79.2802,21.0725],[79.284,21.0649],[79.2979,21.0682],[79.3186,21.0625],[79.3237,21.0509],[79.3311,21.0516],[79.3436,21.042],[79.3454,21.0472],[79.3543,21.0473],[79.3611,21.0704],[79.3753,21.0683],[79.3782,21.0807],[79.3939,21.0755],[79.3937,21.0832],[79.4059,21.0885],[79.405,21.0982],[79.4227,21.1042],[79.4415,21.0967],[79.4578,21.1108],[79.464,21.1093],[79.4651,21.1018],[79.4683,21.096],[79.484,21.0933],[79.4891,21.0864],[79.5105,21.0925],[79.5203,21.089],[79.531,21.0947],[79.5284,21.1001],[79.5318,21.1037],[79.5259,21.1136],[79.5276,21.1189],[79.5127,21.1233],[79.5091,21.1338],[79.4943,21.1387],[79.494,21.1427],[79.5036,21.1475],[79.5077,21.1627],[79.4994,21.1686],[79.4967,21.1794],[79.5,21.1836],[79.5148,21.1759],[79.5271,21.1777],[79.5325,21.1727],[79.5249,21.1642],[79.5323,21.1586],[79.5526,21.1594],[79.5574,21.156],[79.5581,21.169],[79.5507,21.1717],[79.5599,21.1908],[79.5572,21.2026],[79.5492,21.2066],[79.5613,21.2262],[79.5608,21.243],[79.5686,21.2497],[79.5667,21.2617],[79.5756,21.2758],[79.572,21.287]]]}},{"type":"Feature","properties":{"ac_name":"AMALNER","ac_no":15,"ac_category":"GEN","st_name":"MAHARASHTRA"},"geometry":{"type":"Polygon","coordinates":[[[74.9447,21.2256],[74.9484,21.2171],[74.9599,21.2119],[74.9511,21.2],[74.9626,21.1989],[74.9644,21.1949],[74.9486,21.1775],[74.937,21.1728],[74.9328,21.1644],[74.9113,21.1632],[74.8945,21.149],[74.8847,21.1259],[74.8857,21.114],[74.8694,21.1023],[74.8735,21.0892],[74.867,21.0734],[74.858,21.0633],[74.8629,21.0534],[74.8898,21.0513],[74.893,21.039],[74.9111,21.0302],[74.9186,21.0135],[74.9156,20.9912],[74.9279,20.9788],[74.9314,20.9688],[74.9291,20.9621],[74.9114,20.9627],[74.9133,20.9274],[74.9341,20.9265],[74.9343,20.9174],[74.9483,20.9142],[74.954,20.901],[74.9614,20.9014],[74.9594,20.8911],[74.9689,20.878],[74.9644,20.8577],[74.9702,20.8469],[74.9794,20.8421],[74.9839,20.8291],[74.9996,20.8218],[75.0017,20.829],[75.0191,20.8285],[75.017,20.8354],[75.0342,20.8417],[75.0257,20.8468],[75.0066,20.8448],[75.0121,20.8633],[75.033,20.865],[75.0455,20.8722],[75.0482,20.8664],[75.0582,20.8648],[75.0662,20.8686],[75.0642,20.8778],[75.0767,20.8781],[75.0824,20.8873],[75.096,20.8835],[75.1132,20.8927],[75.1255,20.8884],[75.1261,20.8955],[75.1489,20.8999],[75.1505,20.9049],[75.1809,20.9044],[75.1793,20.9157],[75.1928,20.9168],[75.198,20.9257],[75.2118,20.9296],[75.2154,20.953],[75.2291,20.9548],[75.2277,20.9697],[75.2144,20.988],[75.2089,20.9847],[75.189,20.9883],[75.188,20.9975],[75.205,21.0165],[75.2061,21.0245],[75.1937,21.0282],[75.1982,21.0423],[75.2021,21.0496],[75.2175,21.0527],[75.2252,21.1023],[75.2174,21.105],[75.2165,21.1093],[75.2289,21.1166],[75.2232,21.1217],[75.231,21.1506],[75.21,21.1606],[75.1784,21.1856],[75.1603,21.168],[75.113,21.1795],[75.0955,21.1813],[75.0639,21.1755],[75.0506,21.1832],[75.0109,21.187],[75.0009,21.1872],[74.9933,21.1927],[74.9724,21.2209],[74.9447,21.2256]]]}},{"type":"Feature","properties":{"ac_name":"JALGAON (JAMOD)","ac_no":27,"ac_category":"GEN","st_name":"MAHARASHTRA"},"geometry":{"type":"Polygon","coordinates":[[[76.6628,21.2806],[76.6616,21.2409],[76.6497,21.2444],[76.6417,21.2369],[76.6346,21.2162],[76.637,21.2021],[76.6239,21.1854],[76.6141,21.1931],[76.6024,21.1903],[76.5669,21.1994],[76.53,21.182],[76.5087,21.1932],[76.5025,21.1873],[76.5029,21.1929],[76.4984,21.1935],[76.4927,21.1936],[76.4807,21.182],[76.4787,21.1473],[76.4667,21.1427],[76.474,21.1363],[76.4578,21.1328],[76.4519,21.1211],[76.456,21.1081],[76.4413,21.1063],[76.4375,21.1004],[76.4114,21.1026],[76.4128,21.0885],[76.3907,21.0858],[76.3826,21.0798],[76.3843,21.0765],[76.3883,21.0723],[76.3877,21.0558],[76.3987,21.0338],[76.3972,21.0262],[76.3875,21.0155],[76.3904,21.0147],[76.3805,20.9768],[76.3666,20.9772],[76.3452,20.9507],[76.3642,20.943],[76.3767,20.9475],[76.4008,20.9353],[76.4099,20.9405],[76.4426,20.9242],[76.4529,20.9354],[76.472,20.9411],[76.4869,20.9304],[76.4828,20.9019],[76.4904,20.9014],[76.509,20.8888],[76.518,20.8901],[76.5394,20.882],[76.5218,20.8673],[76.5201,20.8594],[76.5258,20.8456],[76.5417,20.8443],[76.5374,20.8335],[76.5438,20.8227],[76.539,20.8121],[76.5503,20.8073],[76.5487,20.8028],[76.5727,20.8013],[76.5746,20.8085],[76.5629,20.8101],[76.56,20.8222],[76.5738,20.8407],[76.5849,20.8406],[76.5897,20.8511],[76.6134,20.8489],[76.6198,20.8439],[76.6075,20.8281],[76.6045,20.8086],[76.6193,20.8056],[76.6246,20.8423],[76.6327,20.8522],[76.6301,20.8832],[76.6452,20.8893],[76.6596,20.8857],[76.6617,20.8802],[76.6542,20.8587],[76.6601,20.8576],[76.6507,20.8153],[76.6592,20.8164],[76.6581,20.8094],[76.6566,20.8004],[76.6418,20.786],[76.642,20.7736],[76.6477,20.7659],[76.6359,20.7396],[76.6383,20.7345],[76.6665,20.729],[76.6977,20.7285],[76.7085,20.7198],[76.7284,20.7182],[76.735,20.7113],[76.7348,20.7154],[76.7507,20.7154],[76.7633,20.7206],[76.7541,20.7386],[76.7594,20.7537],[76.7703,20.7633],[76.7731,20.7779],[76.7633,20.7946],[76.7444,20.7969],[76.7462,20.8224],[76.7552,20.8251],[76.7513,20.8362],[76.7643,20.8556],[76.7542,20.8652],[76.753,20.874],[76.7478,20.8716],[76.7476,20.8863],[76.7366,20.8887],[76.7278,20.884],[76.7088,20.9083],[76.6983,20.9073],[76.7001,20.9125],[76.6935,20.9193],[76.7117,20.9222],[76.7195,20.9177],[76.745,20.9288],[76.7533,20.9206],[76.7736,20.9213],[76.7795,20.9145],[76.7765,20.9083],[76.7842,20.9075],[76.7886,20.9147],[76.7879,20.9268],[76.7754,20.9316],[76.7816,20.9407],[76.7867,20.9403],[76.7888,20.9626],[76.8096,20.9562],[76.8083,20.9663],[76.8139,20.9687],[76.7836,20.9723],[76.7841,20.9888],[76.7759,20.9898],[76.7761,20.9948],[76.7828,21.0009],[76.7973,21.0027],[76.7983,21.0159],[76.7936,21.0274],[76.773,21.029],[76.7715,21.0362],[76.7649,21.0381],[76.7751,21.0506],[76.7821,21.0503],[76.7846,21.0711],[76.7764,21.0729],[76.7728,21.0831],[76.7826,21.0905],[76.7894,21.1081],[76.7891,21.1211],[76.7758,21.1413],[76.7773,21.1639],[76.7708,21.1785],[76.7721,21.184],[76.7818,21.1885],[76.7821,21.1944],[76.7672,21.1917],[76.7611,21.2202],[76.7527,21.2181],[76.7458,21.2234],[76.7419,21.2416],[76.7487,21.2516],[76.7416,21.2612],[76.7375,21.2607],[76.7242,21.2891],[76.7114,21.2841],[76.687,21.2888],[76.6628,21.2806]]]}},{"type":"Feature","properties":{"ac_name":"MUKTAINAGAR","ac_no":20,"ac_category":"GEN","st_name":"MAHARASHTRA"},"geometry":{"type":"Polygon","coordinates":[[[76.249,21.0898],[76.2324,21.0902],[76.2237,21.085],[76.1926,21.0868],[76.1671,21.0794],[76.1737,21.0895],[76.1712,21.1041],[76.154,21.1081],[76.1383,21.1194],[76.1319,21.132],[76.1409,21.1295],[76.1423,21.1352],[76.1285,21.1528],[76.1136,21.1553],[76.1113,21.1672],[76.1293,21.1759],[76.1333,21.1761],[76.1336,21.1694],[76.1715,21.1666],[76.1716,21.1802],[76.1764,21.1841],[76.1653,21.1907],[76.1718,21.2052],[76.1634,21.2065],[76.1631,21.2133],[76.1588,21.2136],[76.1654,21.2215],[76.1417,21.228],[76.1407,21.24],[76.1511,21.2438],[76.1426,21.2476],[76.1373,21.2426],[76.1388,21.2059],[76.1284,21.2026],[76.107,21.2069],[76.1009,21.1986],[76.0978,21.1747],[76.0914,21.1726],[76.0818,21.1757],[76.0632,21.1721],[76.0612,21.1782],[76.067,21.1917],[76.0574,21.1943],[76.0496,21.186],[76.0471,21.1928],[76.0344,21.1968],[76.0158,21.1922],[76.013,21.1833],[76.0007,21.1837],[76.0006,21.1739],[75.9812,21.1703],[75.9815,21.1482],[75.9574,21.1515],[75.9457,21.1812],[75.9111,21.1845],[75.8691,21.1704],[75.8766,21.1647],[75.8724,21.1586],[75.8777,21.1437],[75.8697,21.1116],[75.8489,21.1056],[75.8439,21.0622],[75.8576,21.0687],[75.8837,21.0652],[75.9154,21.0763],[75.9442,21.077],[75.9646,21.0867],[75.9741,21.08],[75.9771,21.0336],[75.987,21.0217],[75.9837,20.9749],[75.9619,20.9695],[75.9559,20.9739],[75.9587,20.9496],[75.9394,20.9661],[75.9129,20.9649],[75.9052,20.945],[75.9011,20.944],[75.8922,20.9445],[75.8977,20.9571],[75.8896,20.9574],[75.8834,20.949],[75.8595,20.9516],[75.8551,20.934],[75.8617,20.9236],[75.8393,20.925],[75.8353,20.9211],[75.8229,20.921],[75.8148,20.9141],[75.8169,20.8942],[75.8298,20.8902],[75.846,20.8706],[75.8523,20.8817],[75.8675,20.8726],[75.8852,20.8719],[75.9,20.8591],[75.9148,20.8556],[75.9244,20.835],[75.9313,20.839],[75.9358,20.8357],[75.9352,20.818],[75.9492,20.8184],[75.9608,20.8136],[75.9687,20.8021],[75.9859,20.7971],[75.9998,20.7786],[76.0108,20.7806],[76.0126,20.7849],[76.0466,20.7851],[76.0557,20.8022],[76.0477,20.8153],[76.0528,20.8169],[76.0558,20.826],[76.0636,20.8283],[76.0727,20.8328],[76.073,20.8468],[76.0804,20.8512],[76.0848,20.8623],[76.1122,20.8878],[76.1133,20.8931],[76.1059,20.893],[76.1013,20.9021],[76.0784,20.9088],[76.0804,20.928],[76.0867,20.9276],[76.09,20.9444],[76.1114,20.9512],[76.118,20.9771],[76.1308,20.9798],[76.1578,21.0029],[76.165,21.0365],[76.1708,21.028],[76.1911,21.0206],[76.1986,21.0122],[76.2283,21.0043],[76.2355,20.9911],[76.265,20.9798],[76.2774,20.9671],[76.2801,20.9572],[76.2998,20.9572],[76.3195,20.9502],[76.3452,20.9507],[76.3666,20.9772],[76.3805,20.9768],[76.3904,21.0147],[76.3875,21.0155],[76.3972,21.0262],[76.3987,21.0338],[76.3877,21.0558],[76.3883,21.0723],[76.3843,21.0765],[76.3739,21.0724],[76.3519,21.0771],[76.338,21.0714],[76.3005,21.0739],[76.2807,21.0706],[76.2725,21.0886],[76.249,21.0898]]]}},{"type":"Feature","properties":{"ac_name":"ARJUNI MORGAON","ac_no":63,"ac_category":"SC","st_name":"MAHARASHTRA"},"geometry":{"type":"Polygon","coordinates":[[[80.2481,21.3396],[80.2248,21.35],[80.225,21.3244],[80.2139,21.3257],[80.1848,21.3161],[80.1701,21.3216],[80.1692,21.3289],[80.1621,21.325],[80.1496,21.3269],[80.1466,21.2906],[80.1305,21.2658],[80.0978,21.2746],[80.0757,21.286],[80.0396,21.2895],[80.0173,21.2475],[79.9902,21.2306],[80.0065,21.2167],[80.0216,21.2262],[80.0255,21.2247],[80.0263,21.2174],[80.0383,21.2099],[80.0482,21.2109],[80.0583,21.1981],[80.0611,21.175],[80.0822,21.1441],[80.0719,21.1357],[80.0709,21.1196],[80.063,21.1152],[80.0598,21.1061],[80.0623,21.1016],[80.0795,21.1009],[80.0769,21.0901],[80.0812,21.0635],[80.0759,21.0579],[80.0855,21.0489],[80.0671,21.0324],[80.0792,21.0291],[80.089,21.0351],[80.105,21.0355],[80.1071,21.0245],[80.103,21.0126],[80.1098,20.9918],[80.0909,20.9911],[80.0781,20.96],[80.0651,20.9583],[80.0484,20.97],[80.0477,20.9631],[80.0601,20.9568],[80.055,20.9451],[80.0403,20.9364],[80.0293,20.9368],[80.0302,20.9457],[80.0408,20.949],[80.0457,20.9584],[80.0387,20.9633],[80.0196,20.9584],[80.0122,20.951],[80.0039,20.9555],[79.9892,20.9516],[79.9857,20.9569],[79.9737,20.9576],[79.9642,20.9397],[79.9445,20.9421],[79.9454,20.9376],[79.9589,20.933],[79.9612,20.9093],[79.9743,20.8998],[79.9686,20.8959],[79.9699,20.8727],[79.9471,20.8732],[79.9441,20.8643],[79.9374,20.8632],[79.9429,20.858],[79.9505,20.8614],[79.9498,20.8481],[79.9479,20.846],[79.9425,20.8533],[79.9368,20.8348],[79.9199,20.8347],[79.9335,20.8233],[79.927,20.8032],[79.9215,20.7973],[79.9175,20.8048],[79.9117,20.7926],[79.9201,20.7844],[79.9388,20.786],[79.9364,20.7745],[79.9242,20.7662],[79.9246,20.7471],[79.9156,20.7468],[79.9144,20.7389],[79.9273,20.7399],[79.9329,20.7126],[79.9518,20.7176],[79.9689,20.7147],[79.9706,20.702],[79.964,20.6928],[79.9786,20.6847],[79.9869,20.6738],[79.9965,20.6755],[80.0058,20.6695],[80.0139,20.6749],[80.0162,20.6675],[80.0272,20.6818],[80.0325,20.7004],[80.0577,20.7127],[80.0935,20.6913],[80.1137,20.6954],[80.1208,20.6893],[80.1325,20.6906],[80.1381,20.6846],[80.1416,20.6912],[80.1623,20.6939],[80.1779,20.677],[80.196,20.6757],[80.2011,20.667],[80.2422,20.6548],[80.2531,20.6656],[80.2492,20.6708],[80.2512,20.6786],[80.2731,20.6795],[80.2816,20.7108],[80.2995,20.712],[80.3204,20.7532],[80.3168,20.7714],[80.2916,20.7701],[80.2772,20.7816],[80.2591,20.778],[80.2462,20.7676],[80.2297,20.78],[80.2287,20.7862],[80.2054,20.7845],[80.1777,20.8061],[80.1907,20.8184],[80.21,20.8506],[80.2242,20.8578],[80.2232,20.862],[80.2389,20.8641],[80.2391,20.8775],[80.2617,20.8865],[80.2521,20.8929],[80.2639,20.9245],[80.2687,20.9286],[80.285,20.9259],[80.2812,20.9369],[80.2871,20.9496],[80.2563,20.9685],[80.2371,20.9707],[80.238,20.982],[80.2629,21.0216],[80.2686,21.0393],[80.2783,21.0402],[80.2948,21.0587],[80.3009,21.0872],[80.2996,21.1107],[80.3062,21.1247],[80.2919,21.1424],[80.3022,21.1554],[80.314,21.1612],[80.3225,21.182],[80.3277,21.184],[80.3414,21.1786],[80.34,21.1892],[80.3506,21.2099],[80.3497,21.2158],[80.3385,21.2224],[80.3304,21.2342],[80.3284,21.2629],[80.3189,21.2773],[80.3252,21.3069],[80.3135,21.3224],[80.2927,21.3172],[80.2885,21.3243],[80.2481,21.3396]]]}},{"type":"Feature","properties":{"ac_name":"AKOT","ac_no":28,"ac_category":"GEN","st_name":"MAHARASHTRA"},"geometry":{"type":"Polygon","coordinates":[[[77.1734,21.2432],[77.1661,21.243],[77.1661,21.237],[77.1311,21.2203],[77.1203,21.2246],[77.1182,21.2197],[77.1107,21.2189],[77.0939,21.2261],[77.08,21.2165],[77.0756,21.2216],[77.0668,21.2202],[77.0585,21.233],[77.0506,21.2328],[77.0459,21.2433],[77.0336,21.2476],[77.0244,21.2451],[77.0213,21.2365],[77.0138,21.2373],[77.0064,21.2288],[77.007,21.2061],[76.9983,21.2018],[76.9982,21.1958],[76.972,21.2007],[76.9736,21.1969],[76.9622,21.195],[76.9177,21.1999],[76.855,21.1888],[76.848,21.1944],[76.8318,21.186],[76.7905,21.1833],[76.79,21.1869],[76.7818,21.1885],[76.7721,21.184],[76.7708,21.1785],[76.7773,21.1639],[76.7758,21.1413],[76.7891,21.1211],[76.7894,21.1081],[76.7826,21.0905],[76.7728,21.0831],[76.7764,21.0729],[76.7846,21.0711],[76.7821,21.0503],[76.7751,21.0506],[76.7649,21.0381],[76.7715,21.0362],[76.773,21.029],[76.7936,21.0274],[76.7983,21.0159],[76.7973,21.0027],[76.7828,21.0009],[76.7761,20.9948],[76.7759,20.9898],[76.7841,20.9888],[76.7836,20.9723],[76.8139,20.9687],[76.8083,20.9663],[76.8096,20.9562],[76.7888,20.9626],[76.7867,20.9403],[76.7816,20.9407],[76.7754,20.9316],[76.7879,20.9268],[76.7886,20.9147],[76.8039,20.9147],[76.8051,20.9028],[76.811,20.8981],[76.848,20.9001],[76.8559,20.8893],[76.881,20.8961],[76.8851,20.892],[76.8934,20.8931],[76.8998,20.8813],[76.9034,20.8897],[76.9169,20.8859],[76.9302,20.8902],[76.9408,20.8835],[76.9398,20.8964],[76.9696,20.9093],[76.9722,20.9169],[76.9914,20.9348],[77.0064,20.9626],[77.009,20.995],[77.006,21.0087],[76.997,21.0206],[77.0251,21.0228],[77.0326,21.0206],[77.0326,21.0151],[77.0432,21.0225],[77.0389,21.0264],[77.0421,21.0327],[77.065,21.019],[77.0642,21.0327],[77.0951,21.0303],[77.1002,21.0389],[77.1256,21.0252],[77.1371,21.0257],[77.1385,21.0349],[77.1503,21.0345],[77.1509,21.0721],[77.1764,21.0724],[77.1776,21.0851],[77.1713,21.0947],[77.1723,21.119],[77.1967,21.1212],[77.1966,21.1388],[77.1926,21.1349],[77.1636,21.1359],[77.1661,21.144],[77.1602,21.1444],[77.1663,21.1579],[77.1674,21.1653],[77.1604,21.1672],[77.1671,21.1868],[77.1717,21.1871],[77.1723,21.1919],[77.179,21.1907],[77.1847,21.1997],[77.1824,21.2067],[77.1761,21.2078],[77.1781,21.2183],[77.1736,21.2351],[77.1782,21.2408],[77.1739,21.2432],[77.1734,21.2432]]]}},{"type":"Feature","properties":{"ac_name":"TEOSA","ac_no":39,"ac_category":"GEN","st_name":"MAHARASHTRA"},"geometry":{"type":"Polygon","coordinates":[[[77.8723,21.2663],[77.8357,21.2657],[77.834,21.2475],[77.8265,21.2413],[77.8405,21.2375],[77.8402,21.218],[77.8487,21.214],[77.8474,21.2061],[77.8357,21.2028],[77.8189,21.2048],[77.8177,21.184],[77.8025,21.1728],[77.8003,21.1618],[77.7873,21.1434],[77.7887,21.1379],[77.7787,21.1363],[77.7641,21.1443],[77.7665,21.1538],[77.7635,21.1658],[77.7678,21.1695],[77.7436,21.1682],[77.7447,21.1613],[77.7305,21.1664],[77.7373,21.1379],[77.7344,21.135],[77.7067,21.1446],[77.6945,21.142],[77.6667,21.1499],[77.6626,21.1458],[77.6435,21.1448],[77.6409,21.1297],[77.6357,21.1366],[77.618,21.1384],[77.6058,21.1544],[77.5938,21.1374],[77.6074,21.129],[77.6056,21.1216],[77.5707,21.1245],[77.5651,21.119],[77.5714,21.0999],[77.5623,21.0962],[77.5601,21.0853],[77.5524,21.0779],[77.5497,21.0563],[77.5456,21.0553],[77.5435,21.0446],[77.5375,21.0443],[77.5375,21.0342],[77.5425,21.0306],[77.5312,21.0206],[77.5375,21.0168],[77.5355,21.0094],[77.5396,21.0013],[77.5251,20.9848],[77.511,20.9877],[77.5155,20.9695],[77.5052,20.9457],[77.4889,20.9384],[77.4893,20.9257],[77.5209,20.9318],[77.5258,20.9283],[77.5274,20.9159],[77.542,20.9148],[77.5372,20.9375],[77.5427,20.9606],[77.5659,20.9544],[77.5712,20.9576],[77.568,20.9612],[77.5721,20.9654],[77.5855,20.9667],[77.587,20.9784],[77.6127,20.9753],[77.6197,20.9705],[77.6474,20.9723],[77.6531,20.9842],[77.6402,20.9882],[77.661,20.9918],[77.6642,20.9872],[77.6843,20.9824],[77.6707,20.9681],[77.668,20.9516],[77.679,20.9469],[77.68,20.922],[77.6888,20.9189],[77.6961,20.921],[77.7054,20.9805],[77.7086,20.9827],[77.7226,20.9727],[77.751,20.9699],[77.7613,20.9806],[77.7797,20.981],[77.7942,20.99],[77.7916,20.9985],[77.7984,21.0072],[77.8058,21.0081],[77.8045,21.0035],[77.8129,20.9974],[77.8207,20.9978],[77.8172,20.9944],[77.8209,20.9903],[77.8412,20.9793],[77.8487,20.9805],[77.8639,20.9618],[77.888,20.9519],[77.8922,20.9455],[77.9083,20.9418],[77.9252,20.9233],[77.926,20.9074],[77.9381,20.9063],[77.9406,20.913],[77.9474,20.914],[77.9535,20.9055],[77.9613,20.9051],[77.9802,20.913],[77.9796,20.8976],[78.0089,20.901],[78.0076,20.8929],[78.0258,20.8921],[78.0543,20.9084],[78.063,20.9082],[78.0691,20.9062],[78.0737,20.8905],[78.0887,20.8991],[78.0741,20.9064],[78.0813,20.9193],[78.0973,20.9181],[78.1012,20.9191],[78.1013,20.9251],[78.1194,20.9271],[78.1269,20.9216],[78.1448,20.9226],[78.1603,20.9455],[78.1422,20.9533],[78.1492,20.9675],[78.1482,20.9822],[78.1353,21.0018],[78.1355,21.0099],[78.1456,21.0228],[78.1362,21.0388],[78.143,21.0394],[78.1508,21.0476],[78.1464,21.0585],[78.1512,21.0754],[78.1458,21.1026],[78.1334,21.1041],[78.1286,21.1138],[78.1446,21.1393],[78.0931,21.178],[78.0989,21.1887],[78.0965,21.2005],[78.0698,21.2222],[78.0735,21.23],[78.0689,21.2395],[78.0572,21.239],[78.0476,21.2422],[78.0349,21.2343],[78.02,21.2379],[78.0139,21.2343],[78.0147,21.2445],[77.9942,21.2507],[77.9877,21.2448],[77.9641,21.2525],[77.9496,21.2431],[77.9332,21.2545],[77.9265,21.2471],[77.9114,21.2485],[77.8987,21.2641],[77.8723,21.2663]]]}},{"type":"Feature","properties":{"ac_name":"JALGAON RURAL","ac_no":14,"ac_category":"GEN","st_name":"MAHARASHTRA"},"geometry":{"type":"Polygon","coordinates":[[[75.3755,21.1765],[75.3626,21.1784],[75.3342,21.1567],[75.3293,21.1413],[75.2756,21.1537],[75.2495,21.1478],[75.231,21.1506],[75.2232,21.1217],[75.2289,21.1166],[75.2165,21.1093],[75.2174,21.105],[75.2252,21.1023],[75.2175,21.0527],[75.2021,21.0496],[75.1982,21.0423],[75.1937,21.0282],[75.2061,21.0245],[75.205,21.0165],[75.188,20.9975],[75.189,20.9883],[75.2089,20.9847],[75.2144,20.988],[75.2277,20.9697],[75.2291,20.9548],[75.2432,20.9445],[75.2492,20.9178],[75.2542,20.9176],[75.2641,20.9252],[75.2722,20.9406],[75.283,20.9383],[75.3032,20.9561],[75.3032,20.9626],[75.2938,20.9613],[75.2943,20.9678],[75.3143,20.9687],[75.3185,20.9905],[75.3487,20.9842],[75.3699,21.0059],[75.3885,21.0019],[75.3952,20.9873],[75.397,20.9742],[75.4094,20.9648],[75.4145,20.9683],[75.4152,20.983],[75.4274,20.9866],[75.4261,20.9905],[75.4366,20.9895],[75.438,20.9931],[75.472,20.9852],[75.4797,20.989],[75.4861,21.005],[75.5045,21.0032],[75.5044,20.9921],[75.5108,20.9869],[75.5132,20.9642],[75.5011,20.9631],[75.4923,20.9495],[75.4894,20.9372],[75.4927,20.9186],[75.4784,20.9085],[75.4547,20.9008],[75.4604,20.8876],[75.4417,20.8606],[75.4348,20.841],[75.4381,20.8374],[75.4394,20.8289],[75.4516,20.8295],[75.4533,20.8198],[75.4634,20.8201],[75.4631,20.8117],[75.4865,20.8156],[75.4987,20.809],[75.5148,20.7856],[75.5358,20.7896],[75.5377,20.8051],[75.5693,20.8185],[75.58,20.8356],[75.5892,20.8353],[75.5951,20.848],[75.5956,20.8729],[75.5917,20.8767],[75.6021,20.8874],[75.6386,20.8853],[75.6462,20.8922],[75.6771,20.8867],[75.6913,20.889],[75.7003,20.9004],[75.7099,20.8964],[75.7332,20.9011],[75.7383,20.9093],[75.7317,20.9084],[75.728,20.9166],[75.7099,20.925],[75.7039,20.9435],[75.7061,20.9627],[75.6863,20.9676],[75.6923,20.9888],[75.6905,21.0047],[75.7036,21.0146],[75.7319,21.0195],[75.7366,21.0537],[75.7189,21.0566],[75.7074,21.0706],[75.6962,21.0696],[75.7008,21.0816],[75.6912,21.0805],[75.6939,21.0979],[75.6809,21.1092],[75.6705,21.1175],[75.646,21.1109],[75.6201,21.1277],[75.5974,21.121],[75.5746,21.124],[75.5442,21.145],[75.5064,21.148],[75.4816,21.1624],[75.4601,21.1644],[75.4495,21.1755],[75.4354,21.181],[75.3755,21.1765]],[[75.5663,21.0437],[75.5862,21.0431],[75.5864,21.0364],[75.5947,21.0291],[75.6249,21.0323],[75.621,21.0054],[75.5993,21],[75.6195,20.9947],[75.6143,20.9751],[75.5943,20.9688],[75.5861,20.9521],[75.5713,20.9363],[75.5577,20.9421],[75.5575,20.9562],[75.5435,20.9754],[75.5451,20.9918],[75.523,20.9973],[75.5205,21.0136],[75.5102,21.0234],[75.5104,21.0337],[75.5274,21.0379],[75.5492,21.0309],[75.5549,21.0424],[75.5663,21.0437]]]}},{"type":"Feature","properties":{"ac_name":"DARYAPUR","ac_no":40,"ac_category":"SC","st_name":"MAHARASHTRA"},"geometry":{"type":"Polygon","coordinates":[[[77.2843,21.2428],[77.2749,21.2471],[77.2445,21.2308],[77.2211,21.2333],[77.2108,21.2419],[77.1948,21.2378],[77.1739,21.2432],[77.1782,21.2408],[77.1736,21.2351],[77.1781,21.2183],[77.1761,21.2078],[77.1824,21.2067],[77.1847,21.1997],[77.179,21.1907],[77.1723,21.1919],[77.1717,21.1871],[77.1671,21.1868],[77.1604,21.1672],[77.1674,21.1653],[77.1663,21.1579],[77.1602,21.1444],[77.1661,21.144],[77.1636,21.1359],[77.1926,21.1349],[77.1966,21.1388],[77.1967,21.1212],[77.1723,21.119],[77.1713,21.0947],[77.1776,21.0851],[77.1764,21.0724],[77.1509,21.0721],[77.1503,21.0345],[77.1501,21.0345],[77.1732,21.0238],[77.1722,21.0137],[77.1665,21.0011],[77.1676,20.9892],[77.1335,20.9891],[77.1345,20.9746],[77.1601,20.9717],[77.1536,20.9625],[77.1454,20.9233],[77.1385,20.9242],[77.1361,20.9198],[77.1364,20.8802],[77.132,20.8798],[77.1297,20.863],[77.1547,20.859],[77.1605,20.8699],[77.1712,20.8541],[77.2126,20.8496],[77.2206,20.8588],[77.2446,20.8531],[77.2523,20.8555],[77.2592,20.8458],[77.2715,20.8538],[77.2858,20.8465],[77.2897,20.8504],[77.3042,20.85],[77.3146,20.8574],[77.3255,20.8573],[77.3272,20.8491],[77.337,20.8434],[77.3571,20.8471],[77.3752,20.842],[77.3877,20.8458],[77.3926,20.8409],[77.4093,20.8501],[77.4135,20.8429],[77.4251,20.8483],[77.4352,20.8429],[77.4372,20.8535],[77.4438,20.8514],[77.4547,20.8582],[77.4647,20.8805],[77.4658,20.8762],[77.4721,20.8765],[77.4634,20.8916],[77.4699,20.8964],[77.4686,20.901],[77.4743,20.8998],[77.4742,20.9059],[77.4849,20.9058],[77.4893,20.9257],[77.4889,20.9384],[77.5052,20.9457],[77.5155,20.9695],[77.511,20.9877],[77.5251,20.9848],[77.5396,21.0013],[77.5355,21.0094],[77.5375,21.0168],[77.5312,21.0206],[77.5425,21.0306],[77.5375,21.0342],[77.5375,21.0443],[77.5435,21.0446],[77.5456,21.0553],[77.5497,21.0563],[77.5524,21.0779],[77.5601,21.0853],[77.5623,21.0962],[77.5714,21.0999],[77.5651,21.119],[77.5483,21.1386],[77.5603,21.1586],[77.5606,21.1739],[77.5138,21.1826],[77.5102,21.1824],[77.5105,21.1707],[77.4927,21.1713],[77.4922,21.1672],[77.4798,21.1723],[77.4467,21.1745],[77.4458,21.1675],[77.4318,21.1706],[77.4116,21.1541],[77.4041,21.1582],[77.395,21.1441],[77.3883,21.146],[77.3903,21.1574],[77.3772,21.1882],[77.3589,21.1869],[77.3556,21.1956],[77.3352,21.2006],[77.3285,21.2269],[77.3114,21.2285],[77.2935,21.2472],[77.2843,21.2428]]]}},{"type":"Feature","properties":{"ac_name":"DHULE RURAL","ac_no":6,"ac_category":"GEN","st_name":"MAHARASHTRA"},"geometry":{"type":"Polygon","coordinates":[[[74.5465,21.0953],[74.5383,21.0924],[74.5441,21.0695],[74.5336,21.0657],[74.5324,21.0577],[74.5429,21.0342],[74.5384,21.0283],[74.5149,21.03],[74.5149,21.0078],[74.5029,21.0081],[74.5005,20.9986],[74.4909,20.9967],[74.4825,21.0054],[74.4727,20.9701],[74.4655,20.9661],[74.4671,20.9382],[74.458,20.9367],[74.4474,20.9253],[74.4385,20.9005],[74.4386,20.8713],[74.4629,20.8696],[74.4845,20.8449],[74.4764,20.8296],[74.4793,20.834],[74.4841,20.8308],[74.4819,20.8205],[74.486,20.8187],[74.5053,20.8193],[74.5117,20.8085],[74.5257,20.816],[74.5301,20.8291],[74.5378,20.8364],[74.5425,20.8297],[74.5647,20.8236],[74.5729,20.8312],[74.5745,20.8188],[74.5791,20.8153],[74.6191,20.8048],[74.6325,20.7914],[74.6338,20.7827],[74.6652,20.7752],[74.6633,20.7627],[74.6535,20.7571],[74.6609,20.7396],[74.6532,20.7268],[74.6587,20.7193],[74.65,20.6942],[74.6735,20.6944],[74.7096,20.6863],[74.7246,20.6757],[74.7325,20.6773],[74.7306,20.6729],[74.7365,20.6659],[74.745,20.6706],[74.7489,20.6654],[74.7541,20.6691],[74.7568,20.665],[74.7615,20.6679],[74.7614,20.6637],[74.7699,20.6628],[74.771,20.6677],[74.7725,20.6628],[74.7799,20.6669],[74.7885,20.6609],[74.8025,20.6596],[74.8,20.6383],[74.8095,20.6381],[74.8124,20.6323],[74.8236,20.6277],[74.831,20.6336],[74.8405,20.6312],[74.8406,20.6369],[74.8545,20.635],[74.8737,20.6431],[74.8909,20.6429],[74.9,20.656],[74.9328,20.6564],[74.9427,20.6823],[74.9557,20.6913],[74.95,20.7069],[74.9564,20.7149],[74.9484,20.7218],[74.9583,20.7195],[74.979,20.7297],[74.9818,20.7358],[74.9869,20.7348],[74.9901,20.7633],[74.9596,20.8019],[74.9677,20.8188],[74.983,20.8212],[74.9839,20.8291],[74.9794,20.8421],[74.9702,20.8469],[74.9644,20.8577],[74.9689,20.878],[74.9594,20.8911],[74.9614,20.9014],[74.954,20.901],[74.9483,20.9142],[74.9343,20.9174],[74.9341,20.9265],[74.9133,20.9274],[74.9114,20.9627],[74.9291,20.9621],[74.9314,20.9688],[74.9279,20.9788],[74.9156,20.9912],[74.9186,21.0135],[74.9111,21.0302],[74.893,21.039],[74.8898,21.0513],[74.8629,21.0534],[74.858,21.0633],[74.867,21.0734],[74.8364,21.0706],[74.8202,21.0872],[74.8038,21.0777],[74.7983,21.1004],[74.7866,21.1016],[74.7709,21.1023],[74.7566,21.0771],[74.7438,21.0894],[74.7355,21.0895],[74.7187,21.0708],[74.691,21.0834],[74.6593,21.0827],[74.6555,21.0995],[74.6447,21.1],[74.6466,21.1053],[74.6246,21.1068],[74.6239,21.1146],[74.6323,21.124],[74.6325,21.1291],[74.6279,21.1309],[74.5809,21.117],[74.5465,21.0953]],[[74.779,20.9406],[74.8007,20.9397],[74.8038,20.9288],[74.8168,20.9245],[74.7957,20.8693],[74.7872,20.8579],[74.781,20.8571],[74.7693,20.8599],[74.7725,20.8726],[74.7631,20.8892],[74.7685,20.9048],[74.7639,20.9101],[74.7711,20.9173],[74.7714,20.941],[74.779,20.9406]]]}},{"type":"Feature","properties":{"ac_name":"HINGNA","ac_no":50,"ac_category":"GEN","st_name":"MAHARASHTRA"},"geometry":{"type":"Polygon","coordinates":[[[79.0211,21.2693],[78.9986,21.2681],[78.9916,21.2785],[78.9712,21.2781],[78.9645,21.2696],[78.9622,21.2617],[78.9656,21.2577],[78.9592,21.2462],[78.9626,21.2324],[78.9585,21.1953],[78.9493,21.1929],[78.9462,21.1639],[78.9335,21.1613],[78.9298,21.1368],[78.9063,21.1206],[78.8894,21.1184],[78.8846,21.111],[78.875,21.1131],[78.873,21.1195],[78.866,21.1197],[78.8579,21.1276],[78.8505,21.1262],[78.8506,21.1376],[78.8434,21.1379],[78.8275,21.1262],[78.818,21.1088],[78.8098,21.109],[78.7943,21.12],[78.7806,21.1133],[78.7754,21.0935],[78.7478,21.1034],[78.7347,21.0816],[78.7227,21.0805],[78.7159,21.0746],[78.7201,21.0627],[78.7134,21.0613],[78.6966,21.0729],[78.6975,21.0533],[78.683,21.0289],[78.6911,21.0187],[78.7105,21.0145],[78.7157,21.0048],[78.7261,21.0045],[78.729,20.9952],[78.7243,20.9915],[78.7234,20.9793],[78.7331,20.9473],[78.7477,20.9452],[78.7398,20.9399],[78.7428,20.934],[78.7545,20.9227],[78.7668,20.9204],[78.7702,20.9127],[78.7823,20.9109],[78.7742,20.9078],[78.777,20.8989],[78.7866,20.8899],[78.8168,20.8808],[78.829,20.8947],[78.8509,20.8862],[78.8468,20.8781],[78.8617,20.8712],[78.8609,20.8425],[78.8656,20.8411],[78.8678,20.8333],[78.8779,20.83],[78.8838,20.8438],[78.9131,20.8363],[78.9128,20.8193],[78.9171,20.8192],[78.9125,20.8084],[78.925,20.798],[78.9456,20.7941],[78.9423,20.768],[78.953,20.7686],[78.9587,20.7603],[78.9718,20.7568],[78.9767,20.7682],[79.0123,20.7827],[79.0166,20.7982],[79.0341,20.8045],[79.0378,20.8192],[79.0452,20.8264],[79.0532,20.8263],[79.0568,20.857],[79.0522,20.8604],[79.0594,20.869],[79.0476,20.8832],[79.0475,20.8901],[79.0587,20.8845],[79.0718,20.8845],[79.0779,20.8933],[79.0672,20.8968],[79.0657,20.9027],[79.0728,20.9273],[79.0842,20.9256],[79.1037,20.9318],[79.114,20.929],[79.1134,20.9328],[79.1212,20.9372],[79.1247,20.9502],[79.1105,20.9506],[79.1043,20.9562],[79.082,20.9467],[79.0599,20.962],[79.0622,20.9706],[79.055,20.9745],[79.0222,20.9789],[79.025,20.9998],[79.0123,21.0113],[79.0148,21.0198],[79.0384,21.029],[79.0382,21.0371],[79.0168,21.0286],[79.0083,21.033],[79.0187,21.0503],[79.0026,21.0631],[79.0117,21.076],[79.0056,21.0934],[79.0133,21.1017],[79.017,21.1288],[79.0111,21.1443],[79.0168,21.1555],[78.998,21.1645],[78.9973,21.1737],[78.9997,21.1789],[79.0154,21.1788],[79.0335,21.1907],[79.0337,21.2036],[79.0371,21.203],[79.0421,21.2173],[79.0633,21.2038],[79.0736,21.204],[79.0848,21.2155],[79.0832,21.2216],[79.0879,21.2262],[79.0826,21.2347],[79.074,21.2372],[79.0722,21.2488],[79.0854,21.2582],[79.0704,21.2665],[79.0566,21.2677],[79.0419,21.2612],[79.0211,21.2693]]]}},{"type":"Feature","properties":{"ac_name":"BHANDARA","ac_no":61,"ac_category":"SC","st_name":"MAHARASHTRA"},"geometry":{"type":"Polygon","coordinates":[[[79.8344,21.2203],[79.8183,21.2124],[79.8124,21.2178],[79.7943,21.2196],[79.7907,21.2122],[79.7726,21.2069],[79.7686,21.2148],[79.7653,21.2137],[79.7596,21.2347],[79.7191,21.2312],[79.731,21.2566],[79.7241,21.2608],[79.692,21.2616],[79.679,21.2593],[79.6839,21.2405],[79.6744,21.2389],[79.6701,21.2255],[79.6589,21.2368],[79.6534,21.2291],[79.6432,21.2307],[79.6453,21.221],[79.6138,21.2253],[79.6162,21.2097],[79.6003,21.214],[79.5975,21.2003],[79.5882,21.2158],[79.5799,21.2177],[79.5742,21.2276],[79.5613,21.2262],[79.5492,21.2066],[79.5572,21.2026],[79.5599,21.1908],[79.5507,21.1717],[79.5581,21.169],[79.5574,21.156],[79.5526,21.1594],[79.5323,21.1586],[79.5249,21.1642],[79.5325,21.1727],[79.5271,21.1777],[79.5148,21.1759],[79.5,21.1836],[79.4967,21.1794],[79.4994,21.1686],[79.5077,21.1627],[79.5036,21.1475],[79.494,21.1427],[79.4943,21.1387],[79.5091,21.1338],[79.5127,21.1233],[79.5276,21.1189],[79.5259,21.1136],[79.5318,21.1037],[79.5284,21.1001],[79.531,21.0947],[79.5203,21.089],[79.5296,21.0772],[79.5515,21.0884],[79.5744,21.0659],[79.5865,21.0776],[79.5944,21.0759],[79.6173,21.0242],[79.6367,20.9904],[79.6515,20.9777],[79.6565,20.9635],[79.6447,20.9233],[79.6346,20.9129],[79.6167,20.9073],[79.6108,20.9005],[79.6088,20.8741],[79.6132,20.8656],[79.5963,20.8638],[79.5808,20.8434],[79.5644,20.8456],[79.565,20.8503],[79.5562,20.8556],[79.5494,20.8493],[79.5385,20.8505],[79.5587,20.8062],[79.545,20.7925],[79.5456,20.7856],[79.5314,20.775],[79.536,20.761],[79.5297,20.7362],[79.507,20.71],[79.5154,20.709],[79.5189,20.7144],[79.5364,20.7053],[79.5651,20.7078],[79.5668,20.6972],[79.579,20.6974],[79.5894,20.6913],[79.6093,20.6959],[79.6198,20.6762],[79.6595,20.6674],[79.6643,20.6533],[79.6799,20.6505],[79.6929,20.6413],[79.7002,20.6452],[79.6932,20.6736],[79.7105,20.6876],[79.7342,20.6843],[79.752,20.6883],[79.7596,20.7064],[79.7524,20.7168],[79.7564,20.731],[79.7427,20.7281],[79.7508,20.7799],[79.7644,20.791],[79.7592,20.805],[79.7518,20.8058],[79.7508,20.8171],[79.7585,20.8163],[79.7655,20.8285],[79.7631,20.8504],[79.7674,20.8634],[79.7617,20.8781],[79.786,20.9111],[79.7657,20.9672],[79.7865,20.9958],[79.7893,21.0077],[79.7907,21.0224],[79.7871,21.0321],[79.779,21.0374],[79.7852,21.0775],[79.7818,21.0854],[79.7979,21.1226],[79.7936,21.1278],[79.7959,21.1493],[79.8019,21.159],[79.8276,21.1708],[79.834,21.1948],[79.8344,21.2203]]]}},{"type":"Feature","properties":{"ac_name":"SAKOLI","ac_no":62,"ac_category":"GEN","st_name":"MAHARASHTRA"},"geometry":{"type":"Polygon","coordinates":[[[79.8861,21.2508],[79.8887,21.2557],[79.8669,21.2501],[79.8631,21.2443],[79.8679,21.2372],[79.8659,21.232],[79.8517,21.2321],[79.8356,21.2245],[79.8344,21.2203],[79.834,21.1948],[79.8276,21.1708],[79.8019,21.159],[79.7959,21.1493],[79.7936,21.1278],[79.7979,21.1226],[79.7818,21.0854],[79.7852,21.0775],[79.779,21.0374],[79.7871,21.0321],[79.7907,21.0224],[79.7893,21.0077],[79.7865,20.9958],[79.7657,20.9672],[79.786,20.9111],[79.7617,20.8781],[79.7674,20.8634],[79.7631,20.8504],[79.7655,20.8285],[79.7585,20.8163],[79.7508,20.8171],[79.7518,20.8058],[79.7592,20.805],[79.7644,20.791],[79.7508,20.7799],[79.7427,20.7281],[79.7564,20.731],[79.7634,20.7339],[79.7778,20.728],[79.8027,20.6983],[79.841,20.6818],[79.8875,20.6891],[79.9077,20.6763],[79.9311,20.6688],[79.9349,20.679],[79.964,20.6928],[79.9706,20.702],[79.9689,20.7147],[79.9518,20.7176],[79.9329,20.7126],[79.9273,20.7399],[79.9144,20.7389],[79.9156,20.7468],[79.9246,20.7471],[79.9242,20.7662],[79.9364,20.7745],[79.9388,20.786],[79.9201,20.7844],[79.9117,20.7926],[79.9175,20.8048],[79.9215,20.7973],[79.927,20.8032],[79.9335,20.8233],[79.9199,20.8347],[79.9368,20.8348],[79.9425,20.8533],[79.9479,20.846],[79.9498,20.8481],[79.9505,20.8614],[79.9429,20.858],[79.9374,20.8632],[79.9441,20.8643],[79.9471,20.8732],[79.9699,20.8727],[79.9686,20.8959],[79.9743,20.8998],[79.9612,20.9093],[79.9589,20.933],[79.9454,20.9376],[79.9445,20.9421],[79.9642,20.9397],[79.9737,20.9576],[79.9857,20.9569],[79.9892,20.9516],[80.0039,20.9555],[80.0122,20.951],[80.0196,20.9584],[80.0387,20.9633],[80.0457,20.9584],[80.0408,20.949],[80.0302,20.9457],[80.0293,20.9368],[80.0403,20.9364],[80.055,20.9451],[80.0601,20.9568],[80.0477,20.9631],[80.0484,20.97],[80.0651,20.9583],[80.0781,20.96],[80.0909,20.9911],[80.1098,20.9918],[80.103,21.0126],[80.1071,21.0245],[80.105,21.0355],[80.089,21.0351],[80.0792,21.0291],[80.0671,21.0324],[80.0855,21.0489],[80.0759,21.0579],[80.0812,21.0635],[80.0769,21.0901],[80.0795,21.1009],[80.0623,21.1016],[80.0598,21.1061],[80.063,21.1152],[80.0709,21.1196],[80.0719,21.1357],[80.0822,21.1441],[80.0611,21.175],[80.0583,21.1981],[80.0482,21.2109],[80.0383,21.2099],[80.0263,21.2174],[80.0255,21.2247],[80.0216,21.2262],[80.0065,21.2167],[79.9902,21.2306],[79.9701,21.2288],[79.9506,21.2395],[79.9404,21.2529],[79.9214,21.254],[79.9041,21.2412],[79.8861,21.2508]]]}},{"type":"Feature","properties":{"ac_name":"NAGPUR NORTH","ac_no":57,"ac_category":"GEN","st_name":"MAHARASHTRA"},"geometry":{"type":"Polygon","coordinates":[[[79.0879,21.2262],[79.0832,21.2216],[79.0848,21.2155],[79.0736,21.204],[79.0869,21.1812],[79.0848,21.1661],[79.0888,21.1594],[79.1067,21.1595],[79.1153,21.1644],[79.1347,21.1652],[79.146,21.1548],[79.1503,21.1561],[79.1521,21.1678],[79.1668,21.1861],[79.1567,21.1904],[79.1406,21.1828],[79.1345,21.1947],[79.1231,21.1969],[79.115,21.2079],[79.0992,21.212],[79.0954,21.2248],[79.0879,21.2262]]]}},{"type":"Feature","properties":{"ac_name":"NAGPUR WEST","ac_no":56,"ac_category":"GEN","st_name":"MAHARASHTRA"},"geometry":{"type":"Polygon","coordinates":[[[79.0736,21.204],[79.0633,21.2038],[79.0421,21.2173],[79.0371,21.203],[79.0337,21.2036],[79.0335,21.1907],[79.0154,21.1788],[78.9997,21.1789],[78.9973,21.1737],[78.998,21.1645],[79.0168,21.1555],[79.0526,21.1489],[79.0463,21.1395],[79.0576,21.1292],[79.0771,21.1348],[79.0789,21.1391],[79.0864,21.1377],[79.0878,21.1456],[79.0922,21.1536],[79.0888,21.1594],[79.0848,21.1661],[79.0869,21.1812],[79.0736,21.204]]]}},{"type":"Feature","properties":{"ac_name":"BHUSAWAL","ac_no":12,"ac_category":"SC","st_name":"MAHARASHTRA"},"geometry":{"type":"Polygon","coordinates":[[[75.7385,21.084],[75.7138,21.0965],[75.6939,21.0979],[75.6912,21.0805],[75.7008,21.0816],[75.6962,21.0696],[75.7074,21.0706],[75.7189,21.0566],[75.7366,21.0537],[75.7319,21.0195],[75.7036,21.0146],[75.6905,21.0047],[75.6923,20.9888],[75.6863,20.9676],[75.7061,20.9627],[75.7039,20.9435],[75.7099,20.925],[75.728,20.9166],[75.7317,20.9084],[75.7383,20.9093],[75.7589,20.9226],[75.7785,20.9209],[75.782,20.9073],[75.7872,20.8973],[75.801,20.8999],[75.8169,20.8942],[75.8148,20.9141],[75.8229,20.921],[75.8353,20.9211],[75.8393,20.925],[75.8617,20.9236],[75.8551,20.934],[75.8595,20.9516],[75.8834,20.949],[75.8896,20.9574],[75.8977,20.9571],[75.8922,20.9445],[75.9011,20.944],[75.9052,20.945],[75.9129,20.9649],[75.9394,20.9661],[75.9587,20.9496],[75.9559,20.9739],[75.9619,20.9695],[75.9837,20.9749],[75.987,21.0217],[75.9771,21.0336],[75.9741,21.08],[75.9646,21.0867],[75.9442,21.077],[75.9154,21.0763],[75.8837,21.0652],[75.8576,21.0687],[75.8439,21.0622],[75.8232,21.0675],[75.7821,21.0696],[75.7489,21.0836],[75.7385,21.084]]]}},{"type":"Feature","properties":{"ac_name":"NAGPUR EAST","ac_no":54,"ac_category":"GEN","st_name":"MAHARASHTRA"},"geometry":{"type":"Polygon","coordinates":[[[79.1668,21.1861],[79.1521,21.1678],[79.1503,21.1561],[79.146,21.1548],[79.1347,21.1652],[79.1153,21.1644],[79.1133,21.1564],[79.1183,21.1445],[79.1154,21.1396],[79.1184,21.1309],[79.1329,21.1183],[79.1358,21.1219],[79.1392,21.1197],[79.1338,21.1276],[79.1615,21.1239],[79.1702,21.1381],[79.1695,21.1454],[79.177,21.1501],[79.1779,21.158],[79.169,21.1696],[79.1706,21.1827],[79.1668,21.1861]]]}},{"type":"Feature","properties":{"ac_name":"NAGPUR CENTRAL","ac_no":55,"ac_category":"GEN","st_name":"MAHARASHTRA"},"geometry":{"type":"Polygon","coordinates":[[[79.0888,21.1594],[79.0922,21.1536],[79.0878,21.1456],[79.0947,21.1447],[79.0922,21.1369],[79.0965,21.1325],[79.1018,21.1369],[79.1058,21.1313],[79.1071,21.1388],[79.1154,21.1396],[79.1183,21.1445],[79.1133,21.1564],[79.1153,21.1644],[79.1067,21.1595],[79.0888,21.1594]]]}},{"type":"Feature","properties":{"ac_name":"NAGPUR SOUTH WEST","ac_no":52,"ac_category":"GEN","st_name":"MAHARASHTRA"},"geometry":{"type":"Polygon","coordinates":[[[79.0168,21.1555],[79.0111,21.1443],[79.017,21.1288],[79.0133,21.1017],[79.0056,21.0934],[79.0117,21.076],[79.0294,21.0725],[79.0291,21.0759],[79.0443,21.08],[79.0558,21.0748],[79.0453,21.0568],[79.072,21.0592],[79.0765,21.0651],[79.07,21.0812],[79.0863,21.0823],[79.0778,21.0917],[79.0898,21.0967],[79.0904,21.1275],[79.0965,21.1325],[79.0922,21.1369],[79.0947,21.1447],[79.0878,21.1456],[79.0864,21.1377],[79.0789,21.1391],[79.0771,21.1348],[79.0576,21.1292],[79.0463,21.1395],[79.0526,21.1489],[79.0168,21.1555]]]}},{"type":"Feature","properties":{"ac_name":"JALGAON CITY","ac_no":13,"ac_category":"GEN","st_name":"MAHARASHTRA"},"geometry":{"type":"Polygon","coordinates":[[[75.5663,21.0437],[75.5549,21.0424],[75.5492,21.0309],[75.5274,21.0379],[75.5104,21.0337],[75.5102,21.0234],[75.5205,21.0136],[75.523,20.9973],[75.5451,20.9918],[75.5435,20.9754],[75.5575,20.9562],[75.5577,20.9421],[75.5713,20.9363],[75.5861,20.9521],[75.5943,20.9688],[75.6143,20.9751],[75.6195,20.9947],[75.5993,21],[75.621,21.0054],[75.6249,21.0323],[75.5947,21.0291],[75.5864,21.0364],[75.5862,21.0431],[75.5663,21.0437]]]}},{"type":"Feature","properties":{"ac_name":"NAGPUR SOUTH","ac_no":53,"ac_category":"GEN","st_name":"MAHARASHTRA"},"geometry":{"type":"Polygon","coordinates":[[[79.1154,21.1396],[79.1071,21.1388],[79.1058,21.1313],[79.1018,21.1369],[79.0965,21.1325],[79.0904,21.1275],[79.0898,21.0967],[79.1056,21.09],[79.1077,21.0944],[79.1196,21.0929],[79.1202,21.1064],[79.1317,21.1046],[79.1416,21.1083],[79.1392,21.1197],[79.1358,21.1219],[79.1329,21.1183],[79.1184,21.1309],[79.1154,21.1396]]]}},{"type":"Feature","properties":{"ac_name":"ERANDOL","ac_no":16,"ac_category":"GEN","st_name":"MAHARASHTRA"},"geometry":{"type":"Polygon","coordinates":[[[75.3952,20.9873],[75.3885,21.0019],[75.3699,21.0059],[75.3487,20.9842],[75.3185,20.9905],[75.3143,20.9687],[75.2943,20.9678],[75.2938,20.9613],[75.3032,20.9626],[75.3032,20.9561],[75.283,20.9383],[75.2722,20.9406],[75.2641,20.9252],[75.2542,20.9176],[75.2492,20.9178],[75.2432,20.9445],[75.2291,20.9548],[75.2154,20.953],[75.2118,20.9296],[75.198,20.9257],[75.1928,20.9168],[75.1793,20.9157],[75.1809,20.9044],[75.1505,20.9049],[75.1489,20.8999],[75.1261,20.8955],[75.1255,20.8884],[75.1132,20.8927],[75.096,20.8835],[75.0824,20.8873],[75.0767,20.8781],[75.0642,20.8778],[75.0662,20.8686],[75.0582,20.8648],[75.0482,20.8664],[75.0455,20.8722],[75.033,20.865],[75.0121,20.8633],[75.0066,20.8448],[75.0257,20.8468],[75.0342,20.8417],[75.017,20.8354],[75.0191,20.8285],[75.0017,20.829],[74.9996,20.8218],[74.9839,20.8291],[74.983,20.8212],[74.9677,20.8188],[74.9596,20.8019],[74.9901,20.7633],[74.9869,20.7348],[75.0025,20.7308],[75.0061,20.719],[75.0032,20.6982],[75.0145,20.691],[75.0181,20.6931],[75.0186,20.6975],[75.0607,20.7023],[75.0668,20.7084],[75.0824,20.7082],[75.0868,20.7136],[75.0949,20.712],[75.0947,20.7076],[75.1006,20.7135],[75.1232,20.7051],[75.1269,20.7084],[75.1233,20.7248],[75.1344,20.7224],[75.1602,20.7281],[75.1965,20.7495],[75.2138,20.7445],[75.2146,20.7358],[75.2255,20.7416],[75.2369,20.7227],[75.2357,20.7149],[75.2488,20.7104],[75.251,20.7171],[75.267,20.7061],[75.2633,20.6832],[75.2738,20.6742],[75.2836,20.6698],[75.2995,20.6709],[75.3119,20.6794],[75.3135,20.6922],[75.3218,20.6981],[75.3277,20.7189],[75.3428,20.7218],[75.361,20.7345],[75.3791,20.7393],[75.3824,20.7545],[75.4042,20.774],[75.4027,20.8094],[75.4202,20.8203],[75.4212,20.8323],[75.4348,20.841],[75.4417,20.8606],[75.4604,20.8876],[75.4547,20.9008],[75.4784,20.9085],[75.4927,20.9186],[75.4894,20.9372],[75.4923,20.9495],[75.5011,20.9631],[75.5132,20.9642],[75.5108,20.9869],[75.5044,20.9921],[75.5045,21.0032],[75.4861,21.005],[75.4797,20.989],[75.472,20.9852],[75.438,20.9931],[75.4366,20.9895],[75.4261,20.9905],[75.4274,20.9866],[75.4152,20.983],[75.4145,20.9683],[75.4094,20.9648],[75.397,20.9742],[75.3952,20.9873]]]}},{"type":"Feature","properties":{"ac_name":"MALKAPUR","ac_no":21,"ac_category":"GEN","st_name":"MAHARASHTRA"},"geometry":{"type":"Polygon","coordinates":[[[76.09,20.9444],[76.0867,20.9276],[76.0804,20.928],[76.0784,20.9088],[76.1013,20.9021],[76.1059,20.893],[76.1133,20.8931],[76.1122,20.8878],[76.0848,20.8623],[76.0804,20.8512],[76.073,20.8468],[76.0727,20.8328],[76.0636,20.8283],[76.1033,20.8229],[76.1066,20.8292],[76.1192,20.8273],[76.1212,20.835],[76.1305,20.8346],[76.1297,20.8298],[76.1474,20.8249],[76.1448,20.8057],[76.1615,20.7935],[76.1885,20.8062],[76.1911,20.7962],[76.2043,20.7982],[76.2037,20.7926],[76.2205,20.7885],[76.2242,20.7793],[76.2284,20.7808],[76.2348,20.7733],[76.2359,20.7648],[76.2462,20.7648],[76.2475,20.7378],[76.2713,20.7342],[76.2679,20.7253],[76.2587,20.724],[76.2575,20.7176],[76.2654,20.7168],[76.2616,20.6954],[76.2692,20.6954],[76.2768,20.7023],[76.2955,20.6997],[76.3,20.7105],[76.3085,20.7075],[76.3029,20.6958],[76.3098,20.6837],[76.3102,20.6669],[76.3156,20.673],[76.3278,20.6845],[76.3332,20.7031],[76.3534,20.7052],[76.3509,20.7303],[76.3544,20.7382],[76.3669,20.7428],[76.388,20.7414],[76.3862,20.7215],[76.3975,20.716],[76.4105,20.7236],[76.4088,20.7282],[76.4142,20.7302],[76.4233,20.7538],[76.4297,20.7588],[76.4609,20.7538],[76.4645,20.762],[76.4535,20.7701],[76.4561,20.7851],[76.4703,20.7909],[76.4841,20.8403],[76.492,20.844],[76.5147,20.8413],[76.5201,20.8594],[76.5218,20.8673],[76.5394,20.882],[76.518,20.8901],[76.509,20.8888],[76.4904,20.9014],[76.4828,20.9019],[76.4869,20.9304],[76.472,20.9411],[76.4529,20.9354],[76.4426,20.9242],[76.4099,20.9405],[76.4008,20.9353],[76.3767,20.9475],[76.3642,20.943],[76.3452,20.9507],[76.3195,20.9502],[76.2998,20.9572],[76.2801,20.9572],[76.2774,20.9671],[76.265,20.9798],[76.2355,20.9911],[76.2283,21.0043],[76.1986,21.0122],[76.1911,21.0206],[76.1708,21.028],[76.165,21.0365],[76.1578,21.0029],[76.1308,20.9798],[76.118,20.9771],[76.1114,20.9512],[76.09,20.9444]]]}},{"type":"Feature","properties":{"ac_name":"UMRED","ac_no":51,"ac_category":"SC","st_name":"MAHARASHTRA"},"geometry":{"type":"Polygon","coordinates":[[[79.4651,21.1018],[79.464,21.1093],[79.4578,21.1108],[79.4415,21.0967],[79.4227,21.1042],[79.405,21.0982],[79.4059,21.0885],[79.3937,21.0832],[79.3939,21.0755],[79.3782,21.0807],[79.3753,21.0683],[79.3611,21.0704],[79.3543,21.0473],[79.3454,21.0472],[79.3436,21.042],[79.3311,21.0516],[79.3237,21.0509],[79.3186,21.0625],[79.2979,21.0682],[79.284,21.0649],[79.2802,21.0725],[79.268,21.069],[79.2702,21.0761],[79.2563,21.083],[79.2481,21.0738],[79.2332,21.077],[79.2222,21.0683],[79.2065,21.0731],[79.1936,21.0678],[79.1807,21.07],[79.1642,21.0522],[79.161,21.0126],[79.1511,21.0171],[79.1478,21.0055],[79.1321,21.0067],[79.1293,20.9966],[79.122,20.9991],[79.1125,20.9846],[79.1124,20.9731],[79.1075,20.9765],[79.1043,20.9562],[79.1105,20.9506],[79.1247,20.9502],[79.1212,20.9372],[79.1134,20.9328],[79.114,20.929],[79.1037,20.9318],[79.0842,20.9256],[79.0728,20.9273],[79.0657,20.9027],[79.0672,20.8968],[79.0779,20.8933],[79.0718,20.8845],[79.0587,20.8845],[79.0475,20.8901],[79.0476,20.8832],[79.0594,20.869],[79.0522,20.8604],[79.0568,20.857],[79.0532,20.8263],[79.0452,20.8264],[79.0378,20.8192],[79.0341,20.8045],[79.0166,20.7982],[79.0123,20.7827],[78.9767,20.7682],[78.9718,20.7568],[78.9853,20.7539],[78.9964,20.757],[78.9975,20.7458],[79.0123,20.7477],[79.0159,20.7395],[79.0349,20.7384],[79.0363,20.7418],[79.0507,20.7378],[79.0521,20.729],[79.0726,20.7263],[79.0729,20.7197],[79.0901,20.7111],[79.1029,20.7155],[79.1089,20.7023],[79.1046,20.6881],[79.1429,20.6788],[79.1477,20.6533],[79.1699,20.6455],[79.1687,20.6268],[79.1786,20.6193],[79.1841,20.6213],[79.1886,20.599],[79.1921,20.6027],[79.208,20.6001],[79.2195,20.5907],[79.2207,20.5834],[79.2498,20.591],[79.2648,20.5871],[79.2934,20.5928],[79.3215,20.584],[79.3305,20.5942],[79.3318,20.6114],[79.3403,20.6304],[79.3471,20.635],[79.3472,20.6419],[79.3421,20.6442],[79.3562,20.6602],[79.3495,20.6663],[79.3488,20.6762],[79.3698,20.6759],[79.3795,20.6837],[79.3882,20.6808],[79.3884,20.6657],[79.3993,20.6594],[79.4212,20.6603],[79.4282,20.6649],[79.4363,20.662],[79.4687,20.6806],[79.4882,20.7027],[79.4892,20.7091],[79.5053,20.7021],[79.507,20.71],[79.5297,20.7362],[79.536,20.761],[79.5314,20.775],[79.5456,20.7856],[79.545,20.7925],[79.5587,20.8062],[79.5385,20.8505],[79.5494,20.8493],[79.5562,20.8556],[79.565,20.8503],[79.5644,20.8456],[79.5808,20.8434],[79.5963,20.8638],[79.6132,20.8656],[79.6088,20.8741],[79.6108,20.9005],[79.6167,20.9073],[79.6346,20.9129],[79.6447,20.9233],[79.6565,20.9635],[79.6515,20.9777],[79.6367,20.9904],[79.6173,21.0242],[79.5944,21.0759],[79.5865,21.0776],[79.5744,21.0659],[79.5515,21.0884],[79.5296,21.0772],[79.5203,21.089],[79.5105,21.0925],[79.4891,21.0864],[79.484,21.0933],[79.4683,21.096],[79.4651,21.1018]]]}},{"type":"Feature","properties":{"ac_name":"AKOLA EAST","ac_no":31,"ac_category":"GEN","st_name":"MAHARASHTRA"},"geometry":{"type":"Polygon","coordinates":[[[77.1501,21.0345],[77.1503,21.0345],[77.1385,21.0349],[77.1371,21.0257],[77.1256,21.0252],[77.1002,21.0389],[77.0951,21.0303],[77.0642,21.0327],[77.065,21.019],[77.0421,21.0327],[77.0389,21.0264],[77.0432,21.0225],[77.0326,21.0151],[77.0326,21.0206],[77.0251,21.0228],[76.997,21.0206],[77.006,21.0087],[77.009,20.995],[77.0064,20.9626],[76.9914,20.9348],[76.9722,20.9169],[76.9696,20.9093],[76.9398,20.8964],[76.9408,20.8835],[76.9477,20.8885],[76.9538,20.8777],[76.9612,20.8865],[76.9773,20.8899],[76.9772,20.8963],[76.986,20.8968],[76.9891,20.8776],[76.9958,20.8732],[76.9965,20.866],[77.0054,20.8683],[77.006,20.8412],[77.0145,20.8388],[77.0409,20.8068],[77.0241,20.7747],[77.0248,20.7629],[77.0359,20.7589],[77.0228,20.7238],[77.0247,20.7067],[77.016,20.7012],[77.0132,20.6827],[76.9962,20.6825],[76.9897,20.6943],[76.9748,20.6914],[76.9667,20.6856],[76.9611,20.6902],[76.9594,20.6811],[76.9391,20.6798],[76.9384,20.6721],[76.9506,20.6668],[76.9369,20.6308],[76.9333,20.6324],[76.9306,20.6252],[76.9033,20.626],[76.9032,20.6365],[76.896,20.6384],[76.8881,20.6184],[76.8878,20.6035],[76.8933,20.5994],[76.9292,20.5984],[76.9297,20.5794],[76.9121,20.5602],[76.9147,20.5476],[76.9399,20.5215],[76.9609,20.5141],[76.9722,20.5177],[76.9733,20.5263],[76.9675,20.5247],[76.9763,20.5519],[76.9686,20.5728],[76.9831,20.5735],[76.9965,20.6046],[77.0172,20.6119],[77.0246,20.604],[77.0373,20.6245],[77.0336,20.6506],[77.0624,20.6463],[77.0663,20.6397],[77.0726,20.6402],[77.0729,20.6463],[77.0776,20.6438],[77.0926,20.6549],[77.1024,20.6583],[77.1037,20.6553],[77.1374,20.6684],[77.1323,20.651],[77.15,20.6535],[77.1437,20.6301],[77.1674,20.6248],[77.1919,20.6312],[77.1956,20.6333],[77.1798,20.6354],[77.1876,20.6468],[77.1913,20.6658],[77.1732,20.6646],[77.1654,20.6712],[77.1818,20.7261],[77.2319,20.7364],[77.2564,20.7225],[77.2674,20.7241],[77.2647,20.7907],[77.2515,20.7902],[77.2541,20.8029],[77.2471,20.8025],[77.2483,20.8141],[77.2434,20.8133],[77.2433,20.8207],[77.2295,20.8235],[77.2238,20.8148],[77.2165,20.817],[77.2126,20.8496],[77.1712,20.8541],[77.1605,20.8699],[77.1547,20.859],[77.1297,20.863],[77.132,20.8798],[77.1364,20.8802],[77.1361,20.9198],[77.1385,20.9242],[77.1454,20.9233],[77.1536,20.9625],[77.1601,20.9717],[77.1345,20.9746],[77.1335,20.9891],[77.1676,20.9892],[77.1665,21.0011],[77.1722,21.0137],[77.1732,21.0238],[77.1501,21.0345]]]}},{"type":"Feature","properties":{"ac_name":"DHULE CITY","ac_no":7,"ac_category":"GEN","st_name":"MAHARASHTRA"},"geometry":{"type":"Polygon","coordinates":[[[74.779,20.9406],[74.7714,20.941],[74.7711,20.9173],[74.7639,20.9101],[74.7685,20.9048],[74.7631,20.8892],[74.7725,20.8726],[74.7693,20.8599],[74.781,20.8571],[74.7872,20.8579],[74.7957,20.8693],[74.8168,20.9245],[74.8038,20.9288],[74.8007,20.9397],[74.779,20.9406]]]}},{"type":"Feature","properties":{"ac_name":"WARDHA","ac_no":47,"ac_category":"GEN","st_name":"MAHARASHTRA"},"geometry":{"type":"Polygon","coordinates":[[[78.6491,21.0367],[78.6423,21.0371],[78.6315,21.0258],[78.6259,21.0108],[78.6199,21.0094],[78.6131,21.0177],[78.5889,21.0255],[78.5812,21.0237],[78.5669,20.9982],[78.5789,20.9889],[78.5734,20.9642],[78.5879,20.9496],[78.5892,20.9418],[78.5779,20.9273],[78.5639,20.936],[78.5507,20.931],[78.5574,20.9154],[78.5671,20.9172],[78.5665,20.8887],[78.5482,20.8914],[78.5462,20.8839],[78.5406,20.8914],[78.5403,20.8659],[78.5486,20.8563],[78.5542,20.831],[78.5507,20.8208],[78.5588,20.8204],[78.5529,20.8044],[78.5606,20.7986],[78.5508,20.7597],[78.5608,20.7525],[78.5551,20.7473],[78.5691,20.7454],[78.5673,20.7348],[78.5567,20.7283],[78.5287,20.7329],[78.5264,20.7111],[78.5135,20.7083],[78.5154,20.695],[78.5344,20.694],[78.5276,20.6816],[78.5391,20.6708],[78.5713,20.6655],[78.5896,20.6521],[78.5999,20.6637],[78.6069,20.6918],[78.6061,20.6966],[78.5891,20.6999],[78.5877,20.7114],[78.597,20.7157],[78.6144,20.7147],[78.6186,20.7256],[78.6116,20.7342],[78.6697,20.7453],[78.67,20.7411],[78.6819,20.7349],[78.6951,20.7606],[78.6971,20.7523],[78.7239,20.7418],[78.7253,20.7311],[78.7298,20.7337],[78.734,20.7504],[78.7705,20.7432],[78.7682,20.7485],[78.7719,20.7534],[78.7819,20.7534],[78.7974,20.7658],[78.7897,20.7679],[78.7892,20.7844],[78.7778,20.785],[78.7693,20.7944],[78.7707,20.8],[78.7897,20.8074],[78.8161,20.8068],[78.8166,20.8206],[78.8304,20.8253],[78.8554,20.8196],[78.8568,20.823],[78.871,20.8215],[78.8779,20.83],[78.8678,20.8333],[78.8656,20.8411],[78.8609,20.8425],[78.8617,20.8712],[78.8468,20.8781],[78.8509,20.8862],[78.829,20.8947],[78.8168,20.8808],[78.7866,20.8899],[78.777,20.8989],[78.7742,20.9078],[78.7823,20.9109],[78.7702,20.9127],[78.7668,20.9204],[78.7545,20.9227],[78.7428,20.934],[78.7398,20.9399],[78.7477,20.9452],[78.7331,20.9473],[78.7234,20.9793],[78.7243,20.9915],[78.729,20.9952],[78.7261,21.0045],[78.7157,21.0048],[78.7105,21.0145],[78.6911,21.0187],[78.683,21.0289],[78.6756,21.0365],[78.66,21.0338],[78.6491,21.0367]]]}},{"type":"Feature","properties":{"ac_name":"BAGLAN","ac_no":116,"ac_category":"ST","st_name":"MAHARASHTRA"},"geometry":{"type":"Polygon","coordinates":[[[74.1321,20.8617],[74.1162,20.8626],[74.1115,20.8556],[74.1036,20.8556],[74.1001,20.8505],[74.1025,20.8443],[74.0962,20.8411],[74.0772,20.8488],[74.062,20.8486],[74.0455,20.8349],[74.037,20.8362],[74.0268,20.8519],[74.0175,20.846],[74.02,20.834],[74.0013,20.8345],[73.9885,20.8465],[73.9666,20.8523],[73.9612,20.8419],[73.9403,20.8395],[73.9439,20.8239],[73.9318,20.8087],[73.9361,20.8011],[73.9317,20.7604],[73.9414,20.758],[73.9375,20.7496],[73.9421,20.742],[73.93,20.7293],[73.9286,20.7347],[73.9247,20.7336],[73.9166,20.7247],[73.8823,20.7329],[73.8746,20.7294],[73.8651,20.7183],[73.8633,20.7041],[73.8547,20.6925],[73.8546,20.6927],[73.852,20.6883],[73.8463,20.6906],[73.8433,20.6853],[73.8498,20.6783],[73.8531,20.6814],[73.8526,20.6715],[73.8658,20.6689],[73.8638,20.6624],[73.8847,20.6762],[73.8976,20.6965],[73.9077,20.6948],[73.9192,20.6685],[73.9485,20.6425],[73.9703,20.639],[73.9777,20.6255],[73.9895,20.6258],[73.9957,20.6163],[74.0247,20.6028],[74.0461,20.5997],[74.0523,20.5876],[74.0739,20.5869],[74.0777,20.5773],[74.1094,20.5744],[74.1123,20.5685],[74.1234,20.5699],[74.1334,20.5593],[74.1413,20.5623],[74.1574,20.5577],[74.1609,20.5347],[74.1809,20.5163],[74.1977,20.5145],[74.2433,20.5303],[74.2463,20.5255],[74.2774,20.521],[74.3113,20.5216],[74.337,20.5298],[74.3619,20.5284],[74.3814,20.5314],[74.3721,20.5572],[74.3525,20.5621],[74.3454,20.5692],[74.34,20.5879],[74.3229,20.5942],[74.3117,20.6081],[74.3186,20.6149],[74.3236,20.6356],[74.3492,20.6405],[74.3703,20.6391],[74.3735,20.659],[74.3445,20.6722],[74.3441,20.6769],[74.3534,20.6951],[74.3672,20.7009],[74.3856,20.7014],[74.3862,20.7111],[74.3752,20.7086],[74.3704,20.7192],[74.3586,20.7234],[74.363,20.7448],[74.3646,20.7364],[74.3707,20.7398],[74.3729,20.7313],[74.377,20.7355],[74.3848,20.7647],[74.3802,20.7718],[74.384,20.788],[74.38,20.8064],[74.4006,20.825],[74.3869,20.8373],[74.4031,20.8375],[74.3962,20.8491],[74.3967,20.8607],[74.3942,20.8548],[74.3883,20.8573],[74.3818,20.84],[74.3593,20.8447],[74.35,20.852],[74.3469,20.8482],[74.3382,20.8511],[74.3381,20.8376],[74.3336,20.8368],[74.3248,20.8487],[74.3142,20.8422],[74.2918,20.8563],[74.2737,20.8508],[74.2504,20.8598],[74.243,20.8497],[74.2338,20.8483],[74.2242,20.8565],[74.2013,20.8595],[74.1925,20.8545],[74.1578,20.8621],[74.1582,20.8512],[74.1466,20.8503],[74.1321,20.8617]]]}},{"type":"Feature","properties":{"ac_name":"BADNERA","ac_no":37,"ac_category":"GEN","st_name":"MAHARASHTRA"},"geometry":{"type":"Polygon","coordinates":[[[77.7797,20.981],[77.786,20.9787],[77.8017,20.9871],[77.8086,20.9834],[77.8042,20.9804],[77.8067,20.9469],[77.8244,20.9136],[77.8189,20.908],[77.7798,20.9283],[77.7612,20.9455],[77.7529,20.9434],[77.7505,20.9337],[77.7359,20.9351],[77.73,20.9479],[77.7185,20.9578],[77.7226,20.9727],[77.7086,20.9827],[77.7054,20.9805],[77.6961,20.921],[77.6888,20.9189],[77.68,20.922],[77.679,20.9469],[77.668,20.9516],[77.6707,20.9681],[77.6843,20.9824],[77.6642,20.9872],[77.661,20.9918],[77.6402,20.9882],[77.6531,20.9842],[77.6474,20.9723],[77.6197,20.9705],[77.6127,20.9753],[77.587,20.9784],[77.5855,20.9667],[77.5721,20.9654],[77.568,20.9612],[77.5712,20.9576],[77.5659,20.9544],[77.5427,20.9606],[77.5372,20.9375],[77.542,20.9148],[77.5274,20.9159],[77.5258,20.9283],[77.5209,20.9318],[77.4893,20.9257],[77.4849,20.9058],[77.4742,20.9059],[77.4743,20.8998],[77.4686,20.901],[77.4699,20.8964],[77.4634,20.8916],[77.4721,20.8765],[77.4793,20.8794],[77.4759,20.8611],[77.4992,20.8602],[77.5,20.8565],[77.5287,20.8494],[77.5335,20.8536],[77.5507,20.8543],[77.5534,20.8241],[77.5657,20.8187],[77.5693,20.8082],[77.5793,20.808],[77.599,20.8201],[77.6046,20.8341],[77.6238,20.8282],[77.6637,20.838],[77.6665,20.8255],[77.6733,20.8267],[77.6752,20.8508],[77.6856,20.8468],[77.7071,20.8581],[77.708,20.8511],[77.7194,20.8407],[77.7474,20.8374],[77.7694,20.8408],[77.7626,20.8053],[77.7534,20.8052],[77.7563,20.7995],[77.7967,20.7946],[77.8072,20.8226],[77.8136,20.8216],[77.8154,20.8073],[77.8392,20.803],[77.8428,20.7966],[77.8693,20.7923],[77.8668,20.8044],[77.8544,20.8138],[77.8572,20.8446],[77.8521,20.852],[77.8541,20.8562],[77.8597,20.8592],[77.8847,20.8466],[77.8905,20.8665],[77.8992,20.8784],[77.891,20.9025],[77.901,20.9142],[77.926,20.9074],[77.9252,20.9233],[77.9083,20.9418],[77.8922,20.9455],[77.888,20.9519],[77.8639,20.9618],[77.8487,20.9805],[77.8412,20.9793],[77.8209,20.9903],[77.8172,20.9944],[77.8207,20.9978],[77.8129,20.9974],[77.8045,21.0035],[77.8058,21.0081],[77.7984,21.0072],[77.7916,20.9985],[77.7942,20.99],[77.7797,20.981]]]}},{"type":"Feature","properties":{"ac_name":"JAMNER","ac_no":19,"ac_category":"GEN","st_name":"MAHARASHTRA"},"geometry":{"type":"Polygon","coordinates":[[[75.782,20.9073],[75.7785,20.9209],[75.7589,20.9226],[75.7383,20.9093],[75.7332,20.9011],[75.7099,20.8964],[75.7003,20.9004],[75.6913,20.889],[75.6771,20.8867],[75.6462,20.8922],[75.6386,20.8853],[75.6021,20.8874],[75.5917,20.8767],[75.5956,20.8729],[75.5951,20.848],[75.5892,20.8353],[75.58,20.8356],[75.5693,20.8185],[75.5377,20.8051],[75.5358,20.7896],[75.5148,20.7856],[75.5144,20.7435],[75.5306,20.7365],[75.5259,20.7096],[75.5188,20.7053],[75.5411,20.6839],[75.5435,20.6717],[75.5383,20.6559],[75.5484,20.6474],[75.5325,20.638],[75.5282,20.6291],[75.5363,20.6067],[75.5521,20.5982],[75.5558,20.5985],[75.5564,20.6088],[75.5918,20.5994],[75.6129,20.603],[75.6053,20.6217],[75.6462,20.6169],[75.6502,20.6244],[75.66,20.6245],[75.6583,20.6404],[75.6621,20.6419],[75.6591,20.6499],[75.6544,20.6496],[75.6561,20.6597],[75.6664,20.6681],[75.6745,20.6671],[75.7037,20.6588],[75.6956,20.6211],[75.6997,20.6142],[75.7125,20.6126],[75.7217,20.6192],[75.7308,20.6068],[75.7542,20.6125],[75.7585,20.6095],[75.7589,20.5749],[75.7742,20.5746],[75.7769,20.581],[75.7838,20.5833],[75.7913,20.5812],[75.7867,20.5625],[75.7974,20.5615],[75.8046,20.5669],[75.8241,20.5555],[75.8429,20.5626],[75.8452,20.5659],[75.828,20.5711],[75.8332,20.5752],[75.8326,20.5913],[75.8423,20.5923],[75.8373,20.6137],[75.8532,20.6121],[75.8548,20.6211],[75.8661,20.6201],[75.8689,20.5975],[75.8874,20.5916],[75.8849,20.5601],[75.9169,20.555],[75.9255,20.5459],[75.9307,20.5479],[75.9356,20.5874],[75.9313,20.5962],[75.9538,20.6013],[75.9549,20.6206],[75.9862,20.6166],[75.9883,20.6218],[75.9969,20.6231],[75.9981,20.6284],[76.0083,20.6291],[76.0127,20.6355],[76.0097,20.6423],[76.0077,20.6458],[76.01,20.6495],[75.9954,20.6624],[76.0036,20.6779],[76.0001,20.684],[76.0033,20.6862],[75.9962,20.6897],[75.9944,20.6974],[75.9975,20.7137],[76.0253,20.7225],[76.0189,20.7379],[75.9968,20.741],[75.9837,20.7537],[75.9998,20.7786],[75.9859,20.7971],[75.9687,20.8021],[75.9608,20.8136],[75.9492,20.8184],[75.9352,20.818],[75.9358,20.8357],[75.9313,20.839],[75.9244,20.835],[75.9148,20.8556],[75.9,20.8591],[75.8852,20.8719],[75.8675,20.8726],[75.8523,20.8817],[75.846,20.8706],[75.8298,20.8902],[75.8169,20.8942],[75.801,20.8999],[75.7872,20.8973],[75.782,20.9073]]]}},{"type":"Feature","properties":{"ac_name":"AMRAVATI","ac_no":38,"ac_category":"GEN","st_name":"MAHARASHTRA"},"geometry":{"type":"Polygon","coordinates":[[[77.8042,20.9804],[77.8086,20.9834],[77.8017,20.9871],[77.786,20.9787],[77.7797,20.981],[77.7613,20.9806],[77.751,20.9699],[77.7226,20.9727],[77.7185,20.9578],[77.73,20.9479],[77.7359,20.9351],[77.7505,20.9337],[77.7529,20.9434],[77.7612,20.9455],[77.7798,20.9283],[77.8189,20.908],[77.8244,20.9136],[77.8067,20.9469],[77.8042,20.9804]]]}},{"type":"Feature","properties":{"ac_name":"MALEGAON OUTER","ac_no":115,"ac_category":"GEN","st_name":"MAHARASHTRA"},"geometry":{"type":"Polygon","coordinates":[[[74.4006,20.825],[74.38,20.8064],[74.384,20.788],[74.3802,20.7718],[74.3848,20.7647],[74.377,20.7355],[74.3729,20.7313],[74.3707,20.7398],[74.3646,20.7364],[74.363,20.7448],[74.3586,20.7234],[74.3704,20.7192],[74.3752,20.7086],[74.3862,20.7111],[74.3856,20.7014],[74.3672,20.7009],[74.3534,20.6951],[74.3441,20.6769],[74.3445,20.6722],[74.3735,20.659],[74.3703,20.6391],[74.3492,20.6405],[74.3236,20.6356],[74.3186,20.6149],[74.3117,20.6081],[74.3229,20.5942],[74.34,20.5879],[74.3454,20.5692],[74.3525,20.5621],[74.3721,20.5572],[74.3814,20.5314],[74.3619,20.5284],[74.3582,20.487],[74.3645,20.4716],[74.359,20.4499],[74.3788,20.4563],[74.3908,20.4665],[74.3854,20.4524],[74.3899,20.4478],[74.3866,20.4395],[74.4023,20.4351],[74.4039,20.4397],[74.4215,20.4487],[74.4289,20.4766],[74.4392,20.4861],[74.4396,20.4997],[74.4441,20.4925],[74.4429,20.4805],[74.4814,20.4867],[74.492,20.5057],[74.4998,20.5098],[74.5156,20.5094],[74.514,20.4991],[74.5317,20.5111],[74.5379,20.5096],[74.5486,20.5159],[74.6195,20.5136],[74.6204,20.5192],[74.6063,20.5233],[74.6028,20.5422],[74.6107,20.5805],[74.631,20.5779],[74.6529,20.567],[74.6667,20.5688],[74.6718,20.5732],[74.6719,20.5904],[74.697,20.5849],[74.6991,20.6039],[74.7051,20.6092],[74.7174,20.6095],[74.7163,20.6176],[74.7271,20.6325],[74.7355,20.6334],[74.7416,20.6409],[74.7464,20.6346],[74.7591,20.6375],[74.7716,20.6341],[74.7724,20.6408],[74.7616,20.6463],[74.7783,20.6513],[74.7806,20.6592],[74.7885,20.6609],[74.7799,20.6669],[74.7725,20.6628],[74.771,20.6677],[74.7699,20.6628],[74.7614,20.6637],[74.7615,20.6679],[74.7568,20.665],[74.7541,20.6691],[74.7489,20.6654],[74.745,20.6706],[74.7365,20.6659],[74.7306,20.6729],[74.7325,20.6773],[74.7246,20.6757],[74.7096,20.6863],[74.6735,20.6944],[74.65,20.6942],[74.6587,20.7193],[74.6532,20.7268],[74.6609,20.7396],[74.6535,20.7571],[74.6633,20.7627],[74.6652,20.7752],[74.6338,20.7827],[74.6325,20.7914],[74.6191,20.8048],[74.5791,20.8153],[74.5745,20.8188],[74.5729,20.8312],[74.5647,20.8236],[74.5425,20.8297],[74.5378,20.8364],[74.5301,20.8291],[74.5257,20.816],[74.5117,20.8085],[74.5053,20.8193],[74.486,20.8187],[74.4819,20.8205],[74.4841,20.8308],[74.4793,20.834],[74.4764,20.8296],[74.4657,20.8132],[74.4566,20.8138],[74.4499,20.8022],[74.4378,20.8003],[74.4164,20.811],[74.4006,20.825]],[[74.5393,20.5252],[74.5162,20.5361],[74.5168,20.5425],[74.5241,20.541],[74.5214,20.5561],[74.5503,20.5605],[74.5612,20.5692],[74.5704,20.5702],[74.5699,20.5627],[74.577,20.5615],[74.5796,20.5671],[74.5816,20.5552],[74.5699,20.5408],[74.5434,20.5364],[74.5445,20.5283],[74.5393,20.5252]]]}},{"type":"Feature","properties":{"ac_name":"BALAPUR","ac_no":29,"ac_category":"GEN","st_name":"MAHARASHTRA"},"geometry":{"type":"Polygon","coordinates":[[[76.7195,20.9177],[76.7117,20.9222],[76.6935,20.9193],[76.7001,20.9125],[76.6983,20.9073],[76.7088,20.9083],[76.7278,20.884],[76.7366,20.8887],[76.7476,20.8863],[76.7478,20.8716],[76.753,20.874],[76.7542,20.8652],[76.7643,20.8556],[76.7513,20.8362],[76.7552,20.8251],[76.7462,20.8224],[76.7444,20.7969],[76.7633,20.7946],[76.7731,20.7779],[76.7703,20.7633],[76.7594,20.7537],[76.7541,20.7386],[76.7633,20.7206],[76.7507,20.7154],[76.7348,20.7154],[76.735,20.7113],[76.7318,20.6974],[76.7254,20.7001],[76.7239,20.6893],[76.7395,20.6872],[76.7386,20.6646],[76.7322,20.6555],[76.7573,20.6548],[76.7607,20.6495],[76.7502,20.6297],[76.7705,20.6259],[76.761,20.6022],[76.783,20.6026],[76.7884,20.587],[76.7767,20.5868],[76.7693,20.5762],[76.7827,20.5721],[76.7727,20.5465],[76.7695,20.5165],[76.7607,20.5104],[76.7529,20.5113],[76.7456,20.4958],[76.7348,20.4935],[76.738,20.4965],[76.7349,20.5122],[76.7255,20.5122],[76.726,20.5167],[76.7151,20.5147],[76.7046,20.483],[76.7097,20.4724],[76.6997,20.4711],[76.6951,20.4631],[76.6984,20.4565],[76.7106,20.4407],[76.7144,20.4354],[76.7129,20.4192],[76.7227,20.4157],[76.7271,20.3984],[76.7229,20.3896],[76.709,20.3858],[76.6992,20.3518],[76.7284,20.3434],[76.7269,20.3379],[76.7454,20.3375],[76.7451,20.327],[76.7661,20.3162],[76.7688,20.3213],[76.792,20.3146],[76.7857,20.2901],[76.7909,20.2865],[76.8059,20.2875],[76.8115,20.2781],[76.8196,20.281],[76.8287,20.282],[76.8376,20.2901],[76.8386,20.299],[76.8398,20.2964],[76.8519,20.3005],[76.8627,20.2961],[76.8724,20.275],[76.8802,20.2794],[76.8808,20.2916],[76.9096,20.3124],[76.8925,20.3168],[76.8976,20.3356],[76.9172,20.3514],[76.9192,20.359],[76.931,20.3575],[76.9365,20.3703],[76.9471,20.3633],[76.9563,20.363],[76.9782,20.3709],[76.9743,20.3804],[76.9811,20.3807],[76.9815,20.3878],[76.9952,20.3945],[76.9918,20.4087],[77.0018,20.4106],[77.0033,20.415],[77.0147,20.4129],[77.0138,20.4321],[77.0224,20.4497],[77.0123,20.4562],[77.0133,20.5071],[77.0032,20.5032],[76.9722,20.5177],[76.9609,20.5141],[76.9399,20.5215],[76.9147,20.5476],[76.9121,20.5602],[76.9297,20.5794],[76.9292,20.5984],[76.8933,20.5994],[76.8878,20.6035],[76.8881,20.6184],[76.896,20.6384],[76.9032,20.6365],[76.9033,20.626],[76.9306,20.6252],[76.9333,20.6324],[76.9369,20.6308],[76.9506,20.6668],[76.9384,20.6721],[76.9391,20.6798],[76.9594,20.6811],[76.9611,20.6902],[76.9667,20.6856],[76.9748,20.6914],[76.9702,20.6972],[76.9761,20.704],[76.9748,20.7117],[76.9664,20.725],[76.9711,20.7412],[76.9989,20.7392],[77.0106,20.7254],[77.016,20.7012],[77.0247,20.7067],[77.0228,20.7238],[77.0359,20.7589],[77.0248,20.7629],[77.0241,20.7747],[77.0409,20.8068],[77.0145,20.8388],[77.006,20.8412],[77.0054,20.8683],[76.9965,20.866],[76.9958,20.8732],[76.9891,20.8776],[76.986,20.8968],[76.9772,20.8963],[76.9773,20.8899],[76.9612,20.8865],[76.9538,20.8777],[76.9477,20.8885],[76.9408,20.8835],[76.9302,20.8902],[76.9169,20.8859],[76.9034,20.8897],[76.8998,20.8813],[76.8934,20.8931],[76.8851,20.892],[76.881,20.8961],[76.8559,20.8893],[76.848,20.9001],[76.811,20.8981],[76.8051,20.9028],[76.8039,20.9147],[76.7886,20.9147],[76.7842,20.9075],[76.7765,20.9083],[76.7795,20.9145],[76.7736,20.9213],[76.7533,20.9206],[76.745,20.9288],[76.7195,20.9177]]]}},{"type":"Feature","properties":{"ac_name":"DHAMANGAON RAILWAY","ac_no":36,"ac_category":"GEN","st_name":"MAHARASHTRA"},"geometry":{"type":"Polygon","coordinates":[[[77.926,20.9074],[77.901,20.9142],[77.891,20.9025],[77.8992,20.8784],[77.8905,20.8665],[77.8847,20.8466],[77.8597,20.8592],[77.8541,20.8562],[77.8521,20.852],[77.8572,20.8446],[77.8544,20.8138],[77.8668,20.8044],[77.8693,20.7923],[77.8428,20.7966],[77.8392,20.803],[77.8154,20.8073],[77.8136,20.8216],[77.8072,20.8226],[77.7967,20.7946],[77.7563,20.7995],[77.7534,20.8052],[77.7626,20.8053],[77.7694,20.8408],[77.7474,20.8374],[77.7194,20.8407],[77.708,20.8511],[77.7071,20.8581],[77.6856,20.8468],[77.6752,20.8508],[77.6733,20.8267],[77.6665,20.8255],[77.6637,20.838],[77.6238,20.8282],[77.6046,20.8341],[77.599,20.8201],[77.5793,20.808],[77.5922,20.8107],[77.593,20.8047],[77.6101,20.7992],[77.6111,20.7782],[77.6196,20.7787],[77.6147,20.7605],[77.6343,20.7555],[77.6312,20.7383],[77.6253,20.7368],[77.6233,20.73],[77.6123,20.7301],[77.6109,20.7176],[77.6344,20.7121],[77.631,20.7034],[77.638,20.6899],[77.6321,20.6717],[77.6351,20.6586],[77.6541,20.6612],[77.6481,20.6484],[77.6591,20.6454],[77.658,20.6359],[77.6486,20.6225],[77.647,20.6051],[77.6277,20.5668],[77.6501,20.5641],[77.6593,20.5643],[77.6659,20.5795],[77.6906,20.5782],[77.691,20.5714],[77.7036,20.5657],[77.7415,20.5612],[77.7518,20.5447],[77.7789,20.54],[77.7855,20.5449],[77.7921,20.5606],[77.8051,20.5641],[77.8111,20.5844],[77.8396,20.5649],[77.8439,20.5678],[77.8477,20.5712],[77.8459,20.5879],[77.8668,20.5951],[77.8661,20.6106],[77.8786,20.6094],[77.886,20.6247],[77.8949,20.6247],[77.9173,20.6071],[77.9152,20.5743],[77.9132,20.5647],[77.9229,20.5647],[77.9245,20.559],[77.9329,20.5758],[77.9451,20.58],[77.9503,20.5795],[77.9509,20.5754],[77.9731,20.5875],[77.9772,20.6044],[77.9852,20.6133],[77.9903,20.613],[77.9956,20.6249],[78.0208,20.626],[78.0259,20.6328],[78.019,20.6409],[78.0248,20.6451],[78.0274,20.6584],[78.0367,20.6591],[78.0369,20.666],[78.0658,20.6722],[78.0793,20.6639],[78.0805,20.6694],[78.0882,20.672],[78.1003,20.6662],[78.0936,20.6418],[78.1113,20.6398],[78.1126,20.648],[78.1306,20.6478],[78.1326,20.6534],[78.1261,20.6619],[78.1576,20.6581],[78.1586,20.6671],[78.1804,20.6702],[78.1831,20.6782],[78.2059,20.6746],[78.2106,20.6791],[78.2118,20.6917],[78.2316,20.6924],[78.2537,20.6833],[78.2587,20.6973],[78.2775,20.6946],[78.2776,20.6992],[78.2886,20.7026],[78.2943,20.6977],[78.2992,20.7006],[78.2989,20.7146],[78.3064,20.7219],[78.3118,20.7378],[78.3049,20.7442],[78.3081,20.7591],[78.3055,20.7666],[78.2926,20.7759],[78.2932,20.7998],[78.2975,20.8121],[78.3084,20.8115],[78.3168,20.8185],[78.313,20.8323],[78.3055,20.8349],[78.2929,20.8265],[78.2932,20.8399],[78.2784,20.8435],[78.2758,20.8617],[78.261,20.8722],[78.2579,20.8872],[78.224,20.8995],[78.2136,20.9088],[78.2112,20.9014],[78.2028,20.8993],[78.1824,20.904],[78.1741,20.915],[78.1764,20.9235],[78.1686,20.9317],[78.1701,20.9391],[78.1603,20.9455],[78.1448,20.9226],[78.1269,20.9216],[78.1194,20.9271],[78.1013,20.9251],[78.1012,20.9191],[78.0973,20.9181],[78.0813,20.9193],[78.0741,20.9064],[78.0887,20.8991],[78.0737,20.8905],[78.0691,20.9062],[78.063,20.9082],[78.0543,20.9084],[78.0258,20.8921],[78.0076,20.8929],[78.0089,20.901],[77.9796,20.8976],[77.9802,20.913],[77.9613,20.9051],[77.9535,20.9055],[77.9474,20.914],[77.9406,20.913],[77.9381,20.9063],[77.926,20.9074]]]}},{"type":"Feature","properties":{"ac_name":"KHAMGAON","ac_no":26,"ac_category":"GEN","st_name":"MAHARASHTRA"},"geometry":{"type":"Polygon","coordinates":[[[76.5201,20.8594],[76.5147,20.8413],[76.492,20.844],[76.4841,20.8403],[76.4703,20.7909],[76.4561,20.7851],[76.4535,20.7701],[76.4645,20.762],[76.4609,20.7538],[76.4297,20.7588],[76.4233,20.7538],[76.4142,20.7302],[76.4088,20.7282],[76.4105,20.7236],[76.3975,20.716],[76.3862,20.7215],[76.388,20.7414],[76.3669,20.7428],[76.3544,20.7382],[76.3509,20.7303],[76.3534,20.7052],[76.3332,20.7031],[76.3278,20.6845],[76.3156,20.673],[76.3285,20.6674],[76.3364,20.6721],[76.3325,20.6828],[76.3446,20.684],[76.3582,20.6789],[76.3447,20.6593],[76.3689,20.6561],[76.3621,20.6294],[76.352,20.6332],[76.3504,20.6267],[76.3614,20.6084],[76.3544,20.5836],[76.3532,20.5782],[76.367,20.5623],[76.382,20.554],[76.3788,20.5503],[76.3813,20.52],[76.3876,20.5099],[76.4102,20.5049],[76.419,20.5165],[76.441,20.5234],[76.4463,20.5007],[76.4755,20.4956],[76.487,20.4999],[76.5042,20.4889],[76.5072,20.4576],[76.5291,20.4475],[76.5398,20.4493],[76.5408,20.4435],[76.5639,20.4374],[76.5727,20.4504],[76.578,20.4424],[76.5874,20.4396],[76.5926,20.4475],[76.6014,20.4329],[76.6231,20.4388],[76.6331,20.4351],[76.6342,20.4227],[76.6708,20.4417],[76.6749,20.4562],[76.6984,20.4565],[76.6951,20.4631],[76.6997,20.4711],[76.7097,20.4724],[76.7046,20.483],[76.7151,20.5147],[76.726,20.5167],[76.7255,20.5122],[76.7349,20.5122],[76.738,20.4965],[76.7348,20.4935],[76.7456,20.4958],[76.7529,20.5113],[76.7607,20.5104],[76.7695,20.5165],[76.7727,20.5465],[76.7827,20.5721],[76.7693,20.5762],[76.7767,20.5868],[76.7884,20.587],[76.783,20.6026],[76.761,20.6022],[76.7705,20.6259],[76.7502,20.6297],[76.7607,20.6495],[76.7573,20.6548],[76.7322,20.6555],[76.7386,20.6646],[76.7395,20.6872],[76.7239,20.6893],[76.7254,20.7001],[76.7318,20.6974],[76.735,20.7113],[76.7284,20.7182],[76.7085,20.7198],[76.6977,20.7285],[76.6665,20.729],[76.6383,20.7345],[76.6359,20.7396],[76.6477,20.7659],[76.642,20.7736],[76.6418,20.786],[76.6566,20.8004],[76.6581,20.8094],[76.6592,20.8164],[76.6507,20.8153],[76.6601,20.8576],[76.6542,20.8587],[76.6617,20.8802],[76.6596,20.8857],[76.6452,20.8893],[76.6301,20.8832],[76.6327,20.8522],[76.6246,20.8423],[76.6193,20.8056],[76.6045,20.8086],[76.6075,20.8281],[76.6198,20.8439],[76.6134,20.8489],[76.5897,20.8511],[76.5849,20.8406],[76.5738,20.8407],[76.56,20.8222],[76.5629,20.8101],[76.5746,20.8085],[76.5727,20.8013],[76.5487,20.8028],[76.5503,20.8073],[76.539,20.8121],[76.5438,20.8227],[76.5374,20.8335],[76.5417,20.8443],[76.5258,20.8456],[76.5201,20.8594]]]}},{"type":"Feature","properties":{"ac_name":"PACHORA","ac_no":18,"ac_category":"GEN","st_name":"MAHARASHTRA"},"geometry":{"type":"Polygon","coordinates":[[[75.4381,20.8374],[75.4348,20.841],[75.4212,20.8323],[75.4202,20.8203],[75.4027,20.8094],[75.4042,20.774],[75.3824,20.7545],[75.3791,20.7393],[75.361,20.7345],[75.3428,20.7218],[75.3277,20.7189],[75.3218,20.6981],[75.3135,20.6922],[75.3119,20.6794],[75.2995,20.6709],[75.2836,20.6698],[75.2738,20.6742],[75.2633,20.6832],[75.267,20.7061],[75.251,20.7171],[75.2488,20.7104],[75.2357,20.7149],[75.2369,20.7227],[75.2255,20.7416],[75.2146,20.7358],[75.2138,20.7445],[75.1965,20.7495],[75.1602,20.7281],[75.1344,20.7224],[75.1233,20.7248],[75.1269,20.7084],[75.1232,20.7051],[75.1006,20.7135],[75.0947,20.7076],[75.0949,20.712],[75.0868,20.7136],[75.0824,20.7082],[75.0668,20.7084],[75.0607,20.7023],[75.0186,20.6975],[75.0181,20.6931],[75.0162,20.677],[74.9992,20.69],[74.9918,20.688],[74.9953,20.6466],[74.9992,20.6411],[75.0279,20.6433],[75.0348,20.6312],[75.0623,20.6273],[75.0619,20.6037],[75.0678,20.5983],[75.0686,20.5825],[75.0807,20.5476],[75.1086,20.5497],[75.127,20.5436],[75.1329,20.5175],[75.1552,20.5152],[75.1471,20.4804],[75.148,20.4747],[75.1592,20.4756],[75.1986,20.4752],[75.1974,20.4922],[75.2086,20.4927],[75.2059,20.499],[75.227,20.4941],[75.2227,20.4994],[75.2256,20.5167],[75.2369,20.5195],[75.2345,20.5354],[75.2442,20.5361],[75.2403,20.551],[75.2509,20.55],[75.2496,20.5604],[75.258,20.5763],[75.2647,20.5667],[75.2911,20.5661],[75.2929,20.5734],[75.3164,20.5742],[75.3151,20.5882],[75.3194,20.5915],[75.3558,20.5884],[75.3581,20.596],[75.3655,20.5748],[75.389,20.5774],[75.3961,20.5208],[75.4076,20.5217],[75.4169,20.5137],[75.4288,20.5111],[75.4238,20.53],[75.4464,20.5373],[75.4552,20.5139],[75.4607,20.5183],[75.4571,20.5512],[75.4623,20.5508],[75.4651,20.5429],[75.4803,20.5429],[75.4873,20.5277],[75.4939,20.5247],[75.4945,20.538],[75.5063,20.5407],[75.5051,20.5511],[75.5149,20.55],[75.5147,20.556],[75.5204,20.5574],[75.5269,20.5553],[75.5203,20.5899],[75.5327,20.5912],[75.5363,20.6067],[75.5282,20.6291],[75.5325,20.638],[75.5484,20.6474],[75.5383,20.6559],[75.5435,20.6717],[75.5411,20.6839],[75.5188,20.7053],[75.5259,20.7096],[75.5306,20.7365],[75.5144,20.7435],[75.5148,20.7856],[75.4987,20.809],[75.4865,20.8156],[75.4631,20.8117],[75.4634,20.8201],[75.4533,20.8198],[75.4516,20.8295],[75.4394,20.8289],[75.4381,20.8374]]]}},{"type":"Feature","properties":{"ac_name":"KALWAN","ac_no":117,"ac_category":"ST","st_name":"MAHARASHTRA"},"geometry":{"type":"Polygon","coordinates":[[[73.4753,20.7182],[73.4663,20.7218],[73.4594,20.7165],[73.4492,20.7171],[73.4408,20.6998],[73.4483,20.6913],[73.4443,20.681],[73.4322,20.6772],[73.4349,20.6718],[73.4312,20.6648],[73.4125,20.6614],[73.3923,20.6492],[73.3942,20.6407],[73.4072,20.6352],[73.4073,20.6241],[73.4209,20.6266],[73.4282,20.6066],[73.4244,20.6025],[73.4316,20.6004],[73.4313,20.5942],[73.4498,20.5942],[73.4732,20.5848],[73.4792,20.5604],[73.4753,20.5438],[73.4936,20.5377],[73.4699,20.5202],[73.4673,20.4966],[73.4577,20.49],[73.456,20.478],[73.4445,20.4743],[73.4316,20.4537],[73.4211,20.4296],[73.4196,20.4128],[73.4139,20.4159],[73.4123,20.4105],[73.405,20.4098],[73.406,20.4027],[73.3989,20.4049],[73.3962,20.3961],[73.3874,20.398],[73.3802,20.3937],[73.3804,20.3869],[73.3844,20.3718],[73.4053,20.3854],[73.4136,20.3563],[73.4135,20.3562],[73.4171,20.3589],[73.4151,20.371],[73.4343,20.3693],[73.4396,20.372],[73.4398,20.3821],[73.4461,20.3849],[73.4578,20.3736],[73.4556,20.3842],[73.4607,20.3874],[73.4656,20.3897],[73.4721,20.3813],[73.4772,20.3821],[73.476,20.3882],[73.4897,20.3851],[73.4863,20.3915],[73.512,20.4033],[73.5163,20.3886],[73.5232,20.3867],[73.5253,20.3907],[73.5174,20.3988],[73.5274,20.3981],[73.5307,20.4031],[73.5391,20.3993],[73.5434,20.4071],[73.5485,20.4037],[73.5601,20.4059],[73.5615,20.3967],[73.5769,20.4052],[73.5935,20.4071],[73.5966,20.413],[73.6016,20.4105],[73.6147,20.4161],[73.624,20.4152],[73.6424,20.4255],[73.6642,20.4259],[73.6971,20.4426],[73.7183,20.439],[73.7251,20.4348],[73.7345,20.441],[73.7687,20.4381],[73.7861,20.4478],[73.7942,20.4475],[73.8012,20.4274],[73.829,20.4292],[73.835,20.4181],[73.8484,20.4114],[73.8602,20.4139],[73.8709,20.4085],[73.8857,20.41],[73.9036,20.3934],[73.9056,20.3816],[73.9199,20.3847],[73.9326,20.3713],[73.9412,20.3752],[73.9512,20.3692],[73.9594,20.3703],[73.9859,20.3585],[74.0167,20.3626],[74.0239,20.3791],[74.042,20.3831],[74.0492,20.3718],[74.0529,20.3789],[74.057,20.3725],[74.0804,20.3732],[74.0722,20.3824],[74.0757,20.3901],[74.0642,20.3889],[74.0603,20.3809],[74.0527,20.3814],[74.0429,20.3879],[74.0079,20.3972],[74.0378,20.3952],[74.0381,20.3989],[74.0527,20.4024],[74.0569,20.4146],[74.0675,20.4179],[74.0691,20.4259],[74.0837,20.4281],[74.1104,20.4517],[74.0943,20.4672],[74.0941,20.4772],[74.1063,20.4915],[74.085,20.5109],[74.0909,20.5171],[74.091,20.536],[74.1123,20.5685],[74.1094,20.5744],[74.0777,20.5773],[74.0739,20.5869],[74.0523,20.5876],[74.0461,20.5997],[74.0247,20.6028],[73.9957,20.6163],[73.9895,20.6258],[73.9777,20.6255],[73.9703,20.639],[73.9485,20.6425],[73.9192,20.6685],[73.9077,20.6948],[73.8976,20.6965],[73.8847,20.6762],[73.8638,20.6624],[73.8658,20.6689],[73.8526,20.6715],[73.8531,20.6814],[73.8498,20.6783],[73.8433,20.6853],[73.8463,20.6906],[73.852,20.6883],[73.8546,20.6927],[73.8543,20.6929],[73.8323,20.7014],[73.8113,20.6921],[73.8172,20.672],[73.8307,20.6749],[73.8394,20.6586],[73.833,20.6473],[73.8384,20.6211],[73.8278,20.6133],[73.816,20.6133],[73.7986,20.5985],[73.7914,20.6052],[73.7761,20.6006],[73.7635,20.5861],[73.7612,20.5738],[73.7448,20.565],[73.7325,20.5745],[73.6955,20.5785],[73.6607,20.5626],[73.6521,20.5646],[73.6456,20.5737],[73.6282,20.5831],[73.6222,20.6142],[73.5997,20.6369],[73.5681,20.6514],[73.5578,20.6459],[73.5508,20.6484],[73.5328,20.6727],[73.5204,20.679],[73.518,20.6675],[73.511,20.666],[73.5045,20.6708],[73.4957,20.6535],[73.4893,20.6557],[73.4893,20.6636],[73.4786,20.6766],[73.4822,20.6797],[73.4863,20.6751],[73.4903,20.6863],[73.4841,20.6915],[73.4753,20.7182]]]}},{"type":"Feature","properties":{"ac_name":"BULDHANA","ac_no":22,"ac_category":"GEN","st_name":"MAHARASHTRA"},"geometry":{"type":"Polygon","coordinates":[[[76.1297,20.8298],[76.1305,20.8346],[76.1212,20.835],[76.1192,20.8273],[76.1066,20.8292],[76.1033,20.8229],[76.0636,20.8283],[76.0558,20.826],[76.0528,20.8169],[76.0477,20.8153],[76.0557,20.8022],[76.0466,20.7851],[76.0126,20.7849],[76.0108,20.7806],[75.9998,20.7786],[75.9837,20.7537],[75.9968,20.741],[76.0189,20.7379],[76.0253,20.7225],[75.9975,20.7137],[75.9944,20.6974],[75.9962,20.6897],[76.0033,20.6862],[76.0001,20.684],[76.0036,20.6779],[75.9954,20.6624],[76.01,20.6495],[76.0077,20.6458],[76.023,20.6453],[76.0221,20.6419],[76.0322,20.6371],[76.0307,20.6237],[76.04,20.6031],[76.0365,20.5873],[76.0426,20.5794],[76.0363,20.5718],[76.0378,20.5592],[76.0358,20.5553],[76.0154,20.5512],[76.0192,20.5289],[76.0096,20.5319],[76.0086,20.5385],[76.001,20.5294],[75.9922,20.5359],[75.9903,20.5308],[75.9731,20.5316],[75.9698,20.5222],[75.96,20.5262],[75.949,20.5183],[75.9407,20.4937],[75.9488,20.4732],[75.9549,20.4729],[75.952,20.4653],[75.9557,20.4648],[75.9878,20.4696],[76.0017,20.4774],[76.0113,20.4871],[76.0124,20.502],[76.0238,20.5081],[76.0314,20.5012],[76.0311,20.4914],[76.0442,20.491],[76.0467,20.4832],[76.0642,20.4825],[76.0727,20.4667],[76.0784,20.4681],[76.1059,20.4574],[76.1077,20.4504],[76.1181,20.4497],[76.1213,20.4537],[76.1259,20.4511],[76.1372,20.4708],[76.149,20.4682],[76.1704,20.473],[76.1741,20.4675],[76.1923,20.469],[76.1902,20.4768],[76.1955,20.4772],[76.208,20.4735],[76.2123,20.4647],[76.2136,20.4743],[76.2499,20.4585],[76.2594,20.4731],[76.2933,20.4735],[76.2997,20.4862],[76.3149,20.4959],[76.3195,20.5023],[76.317,20.5201],[76.3242,20.5377],[76.3199,20.5499],[76.3226,20.5559],[76.3544,20.5836],[76.3614,20.6084],[76.3504,20.6267],[76.352,20.6332],[76.3621,20.6294],[76.3689,20.6561],[76.3447,20.6593],[76.3582,20.6789],[76.3446,20.684],[76.3325,20.6828],[76.3364,20.6721],[76.3285,20.6674],[76.3156,20.673],[76.3102,20.6669],[76.3098,20.6837],[76.3029,20.6958],[76.3085,20.7075],[76.3,20.7105],[76.2955,20.6997],[76.2768,20.7023],[76.2692,20.6954],[76.2616,20.6954],[76.2654,20.7168],[76.2575,20.7176],[76.2587,20.724],[76.2679,20.7253],[76.2713,20.7342],[76.2475,20.7378],[76.2462,20.7648],[76.2359,20.7648],[76.2348,20.7733],[76.2284,20.7808],[76.2242,20.7793],[76.2205,20.7885],[76.2037,20.7926],[76.2043,20.7982],[76.1911,20.7962],[76.1885,20.8062],[76.1615,20.7935],[76.1448,20.8057],[76.1474,20.8249],[76.1297,20.8298]]]}},{"type":"Feature","properties":{"ac_name":"MURTIZAPUR","ac_no":32,"ac_category":"SC","st_name":"MAHARASHTRA"},"geometry":{"type":"Polygon","coordinates":[[[77.4721,20.8765],[77.4658,20.8762],[77.4647,20.8805],[77.4547,20.8582],[77.4438,20.8514],[77.4372,20.8535],[77.4352,20.8429],[77.4251,20.8483],[77.4135,20.8429],[77.4093,20.8501],[77.3926,20.8409],[77.3877,20.8458],[77.3752,20.842],[77.3571,20.8471],[77.337,20.8434],[77.3272,20.8491],[77.3255,20.8573],[77.3146,20.8574],[77.3042,20.85],[77.2897,20.8504],[77.2858,20.8465],[77.2715,20.8538],[77.2592,20.8458],[77.2523,20.8555],[77.2446,20.8531],[77.2206,20.8588],[77.2126,20.8496],[77.2165,20.817],[77.2238,20.8148],[77.2295,20.8235],[77.2433,20.8207],[77.2434,20.8133],[77.2483,20.8141],[77.2471,20.8025],[77.2541,20.8029],[77.2515,20.7902],[77.2647,20.7907],[77.2674,20.7241],[77.2564,20.7225],[77.2319,20.7364],[77.1818,20.7261],[77.1654,20.6712],[77.1732,20.6646],[77.1913,20.6658],[77.1876,20.6468],[77.1798,20.6354],[77.1956,20.6333],[77.1919,20.6312],[77.1674,20.6248],[77.1437,20.6301],[77.15,20.6535],[77.1323,20.651],[77.1374,20.6684],[77.1037,20.6553],[77.1024,20.6583],[77.0926,20.6549],[77.0776,20.6438],[77.0729,20.6463],[77.0726,20.6402],[77.0663,20.6397],[77.0624,20.6463],[77.0336,20.6506],[77.0373,20.6245],[77.0246,20.604],[77.0172,20.6119],[76.9965,20.6046],[76.9831,20.5735],[76.9686,20.5728],[76.9763,20.5519],[76.9675,20.5247],[76.9733,20.5263],[76.9722,20.5177],[77.0032,20.5032],[77.0133,20.5071],[77.0123,20.4562],[77.0224,20.4497],[77.0463,20.4493],[77.0578,20.4468],[77.0594,20.4391],[77.0762,20.4394],[77.0793,20.4235],[77.1054,20.4111],[77.1163,20.4083],[77.1207,20.4111],[77.1208,20.4036],[77.1309,20.3981],[77.1388,20.3816],[77.1433,20.3809],[77.1517,20.3918],[77.1514,20.3993],[77.192,20.4007],[77.1974,20.4218],[77.1835,20.4318],[77.186,20.4476],[77.2055,20.4491],[77.2112,20.445],[77.2251,20.448],[77.2286,20.4372],[77.2427,20.426],[77.2475,20.4267],[77.2494,20.4381],[77.2741,20.4317],[77.2843,20.4182],[77.2965,20.4237],[77.2981,20.446],[77.3147,20.4526],[77.3193,20.4503],[77.3209,20.4503],[77.3257,20.4506],[77.3256,20.4631],[77.3334,20.4724],[77.3438,20.4717],[77.3397,20.4838],[77.3242,20.4871],[77.3273,20.4975],[77.3632,20.4986],[77.3695,20.4966],[77.369,20.4806],[77.382,20.4836],[77.396,20.5257],[77.3686,20.5255],[77.3654,20.5182],[77.3358,20.5258],[77.3421,20.5479],[77.3359,20.5492],[77.3398,20.5752],[77.3619,20.5679],[77.3667,20.5821],[77.3896,20.5836],[77.4028,20.5795],[77.4023,20.5885],[77.4114,20.5881],[77.4132,20.5925],[77.4116,20.6067],[77.4428,20.6139],[77.4657,20.6108],[77.4684,20.6179],[77.4605,20.6204],[77.4595,20.6269],[77.4544,20.6262],[77.4394,20.6476],[77.4333,20.6482],[77.4328,20.662],[77.4555,20.6546],[77.454,20.6619],[77.4701,20.6888],[77.479,20.6815],[77.4951,20.6807],[77.5032,20.6651],[77.5096,20.6643],[77.5163,20.6737],[77.5117,20.6838],[77.5424,20.6762],[77.5453,20.6796],[77.5382,20.6893],[77.5223,20.6957],[77.5236,20.7014],[77.5144,20.6987],[77.5069,20.7107],[77.5176,20.7292],[77.5235,20.7322],[77.5646,20.7217],[77.5708,20.7418],[77.5815,20.7495],[77.5876,20.7485],[77.59,20.7579],[77.6147,20.7605],[77.6196,20.7787],[77.6111,20.7782],[77.6101,20.7992],[77.593,20.8047],[77.5922,20.8107],[77.5793,20.808],[77.5693,20.8082],[77.5657,20.8187],[77.5534,20.8241],[77.5507,20.8543],[77.5335,20.8536],[77.5287,20.8494],[77.5,20.8565],[77.4992,20.8602],[77.4759,20.8611],[77.4793,20.8794],[77.4721,20.8765]]]}},{"type":"Feature","properties":{"ac_name":"DEOLI","ac_no":45,"ac_category":"GEN","st_name":"MAHARASHTRA"},"geometry":{"type":"Polygon","coordinates":[[[78.5406,20.8914],[78.5306,20.8878],[78.5183,20.8985],[78.5045,20.8926],[78.4943,20.8798],[78.4906,20.8447],[78.4701,20.847],[78.4562,20.843],[78.4536,20.8387],[78.4589,20.8296],[78.4495,20.8092],[78.4458,20.8123],[78.4068,20.8108],[78.403,20.807],[78.4071,20.8002],[78.3972,20.7812],[78.3983,20.7714],[78.3855,20.7735],[78.3832,20.77],[78.3833,20.7509],[78.3613,20.7512],[78.3464,20.7595],[78.3081,20.7591],[78.3049,20.7442],[78.3118,20.7378],[78.3064,20.7219],[78.2989,20.7146],[78.2992,20.7006],[78.2943,20.6977],[78.2886,20.7026],[78.2776,20.6992],[78.2775,20.6946],[78.2769,20.6889],[78.2659,20.6802],[78.2705,20.6675],[78.2488,20.6439],[78.2532,20.6354],[78.2524,20.613],[78.2587,20.6027],[78.2627,20.5794],[78.2739,20.5711],[78.2787,20.5613],[78.2934,20.5611],[78.309,20.5511],[78.3379,20.5436],[78.3569,20.5282],[78.3644,20.5337],[78.372,20.5328],[78.3855,20.5199],[78.4098,20.512],[78.4322,20.5201],[78.4499,20.5129],[78.4721,20.5285],[78.483,20.5288],[78.4965,20.5227],[78.5088,20.5244],[78.5099,20.516],[78.5172,20.512],[78.5225,20.5007],[78.5218,20.4916],[78.5352,20.4808],[78.5346,20.4665],[78.5464,20.4542],[78.5553,20.4513],[78.5625,20.4404],[78.5798,20.4329],[78.6067,20.4311],[78.6124,20.4448],[78.6178,20.4351],[78.6446,20.4364],[78.6471,20.4294],[78.6573,20.4345],[78.6686,20.4289],[78.6886,20.4356],[78.6971,20.466],[78.7124,20.4653],[78.7194,20.4552],[78.7459,20.4571],[78.7476,20.4808],[78.7553,20.4858],[78.761,20.5021],[78.7713,20.5011],[78.7889,20.4683],[78.794,20.4658],[78.8059,20.4857],[78.805,20.5301],[78.7862,20.5305],[78.7769,20.5394],[78.7663,20.5416],[78.7625,20.5584],[78.7561,20.5603],[78.7605,20.5673],[78.7545,20.5687],[78.7507,20.583],[78.7465,20.5846],[78.745,20.6033],[78.7478,20.6158],[78.7644,20.6155],[78.7647,20.6283],[78.7585,20.6381],[78.7592,20.6436],[78.7649,20.644],[78.7631,20.6491],[78.7747,20.6417],[78.8141,20.6309],[78.8174,20.6363],[78.8225,20.6338],[78.8246,20.6495],[78.8335,20.6585],[78.8298,20.6751],[78.8068,20.6897],[78.7806,20.6883],[78.7714,20.6939],[78.7561,20.6936],[78.7253,20.7311],[78.7239,20.7418],[78.6971,20.7523],[78.6951,20.7606],[78.6819,20.7349],[78.67,20.7411],[78.6697,20.7453],[78.6116,20.7342],[78.6186,20.7256],[78.6144,20.7147],[78.597,20.7157],[78.5877,20.7114],[78.5891,20.6999],[78.6061,20.6966],[78.6069,20.6918],[78.5999,20.6637],[78.5896,20.6521],[78.5713,20.6655],[78.5391,20.6708],[78.5276,20.6816],[78.5344,20.694],[78.5154,20.695],[78.5135,20.7083],[78.5264,20.7111],[78.5287,20.7329],[78.5567,20.7283],[78.5673,20.7348],[78.5691,20.7454],[78.5551,20.7473],[78.5608,20.7525],[78.5508,20.7597],[78.5606,20.7986],[78.5529,20.8044],[78.5588,20.8204],[78.5507,20.8208],[78.5542,20.831],[78.5486,20.8563],[78.5403,20.8659],[78.5406,20.8914]]]}},{"type":"Feature","properties":{"ac_name":"CHALISGAON","ac_no":17,"ac_category":"GEN","st_name":"MAHARASHTRA"},"geometry":{"type":"Polygon","coordinates":[[[75.0181,20.6931],[75.0145,20.691],[75.0032,20.6982],[75.0061,20.719],[75.0025,20.7308],[74.9869,20.7348],[74.9818,20.7358],[74.979,20.7297],[74.9583,20.7195],[74.9484,20.7218],[74.9564,20.7149],[74.95,20.7069],[74.9557,20.6913],[74.9427,20.6823],[74.9328,20.6564],[74.9,20.656],[74.8909,20.6429],[74.8737,20.6431],[74.8545,20.635],[74.8406,20.6369],[74.8405,20.6312],[74.831,20.6336],[74.8236,20.6277],[74.8124,20.6323],[74.8088,20.5894],[74.8007,20.589],[74.7926,20.5778],[74.7935,20.5529],[74.7984,20.5518],[74.7941,20.5373],[74.7606,20.5354],[74.7709,20.5073],[74.7789,20.5093],[74.7834,20.5],[74.7708,20.4723],[74.7745,20.4698],[74.7925,20.4782],[74.7987,20.4702],[74.8021,20.4456],[74.8152,20.4394],[74.8172,20.4295],[74.8367,20.4168],[74.838,20.4081],[74.8287,20.407],[74.8241,20.399],[74.8511,20.3811],[74.8525,20.3741],[74.8485,20.3702],[74.8546,20.3643],[74.8558,20.3444],[74.8593,20.3354],[74.8646,20.335],[74.8636,20.3141],[74.8554,20.314],[74.8565,20.294],[74.8518,20.2864],[74.8644,20.2763],[74.8843,20.2736],[74.885,20.2699],[74.9138,20.2765],[74.9345,20.2702],[74.9479,20.2741],[74.9419,20.2802],[74.9686,20.3052],[74.9864,20.303],[74.9867,20.3309],[74.9938,20.3363],[74.9992,20.3369],[75.0185,20.3274],[75.026,20.3183],[75.0534,20.3078],[75.0591,20.3355],[75.0941,20.3359],[75.1009,20.3456],[75.126,20.3503],[75.1164,20.3924],[75.1107,20.394],[75.1057,20.4122],[75.114,20.4142],[75.1181,20.423],[75.1243,20.4231],[75.1246,20.4318],[75.1606,20.4376],[75.1592,20.4756],[75.148,20.4747],[75.1471,20.4804],[75.1552,20.5152],[75.1329,20.5175],[75.127,20.5436],[75.1086,20.5497],[75.0807,20.5476],[75.0686,20.5825],[75.0678,20.5983],[75.0619,20.6037],[75.0623,20.6273],[75.0348,20.6312],[75.0279,20.6433],[74.9992,20.6411],[74.9953,20.6466],[74.9918,20.688],[74.9992,20.69],[75.0162,20.677],[75.0181,20.6931]]]}},{"type":"Feature","properties":{"ac_name":"HINGANGHAT","ac_no":46,"ac_category":"GEN","st_name":"MAHARASHTRA"},"geometry":{"type":"Polygon","coordinates":[[[78.8779,20.83],[78.871,20.8215],[78.8568,20.823],[78.8554,20.8196],[78.8304,20.8253],[78.8166,20.8206],[78.8161,20.8068],[78.7897,20.8074],[78.7707,20.8],[78.7693,20.7944],[78.7778,20.785],[78.7892,20.7844],[78.7897,20.7679],[78.7974,20.7658],[78.7819,20.7534],[78.7719,20.7534],[78.7682,20.7485],[78.7705,20.7432],[78.734,20.7504],[78.7298,20.7337],[78.7253,20.7311],[78.7561,20.6936],[78.7714,20.6939],[78.7806,20.6883],[78.8068,20.6897],[78.8298,20.6751],[78.8335,20.6585],[78.8246,20.6495],[78.8225,20.6338],[78.8174,20.6363],[78.8141,20.6309],[78.7747,20.6417],[78.7631,20.6491],[78.7649,20.644],[78.7592,20.6436],[78.7585,20.6381],[78.7647,20.6283],[78.7644,20.6155],[78.7478,20.6158],[78.745,20.6033],[78.7465,20.5846],[78.7507,20.583],[78.7545,20.5687],[78.7605,20.5673],[78.7561,20.5603],[78.7625,20.5584],[78.7663,20.5416],[78.7769,20.5394],[78.7862,20.5305],[78.805,20.5301],[78.8059,20.4857],[78.794,20.4658],[78.7889,20.4683],[78.7713,20.5011],[78.761,20.5021],[78.7553,20.4858],[78.7476,20.4808],[78.7459,20.4571],[78.7194,20.4552],[78.7124,20.4653],[78.6971,20.466],[78.6886,20.4356],[78.6686,20.4289],[78.6573,20.4345],[78.6471,20.4294],[78.6456,20.4201],[78.658,20.4135],[78.663,20.3958],[78.6895,20.3711],[78.6899,20.3585],[78.7084,20.3509],[78.7107,20.3369],[78.7046,20.3139],[78.7085,20.3098],[78.7307,20.3056],[78.7365,20.2935],[78.7464,20.2981],[78.7603,20.2935],[78.7759,20.3005],[78.7832,20.2984],[78.7996,20.2994],[78.8077,20.3112],[78.8321,20.3233],[78.8316,20.3359],[78.82,20.3513],[78.8271,20.3623],[78.8212,20.3684],[78.8176,20.3975],[78.8217,20.405],[78.8375,20.4051],[78.85,20.4117],[78.8513,20.4154],[78.8343,20.4265],[78.8424,20.4334],[78.8579,20.4209],[78.8834,20.4281],[78.8977,20.4374],[78.9106,20.4313],[78.9539,20.4284],[78.9683,20.4493],[78.9672,20.4592],[78.9808,20.4577],[78.988,20.4644],[79.0002,20.4503],[79.0234,20.4828],[79.0477,20.4748],[79.0468,20.4691],[79.0519,20.4664],[79.0627,20.4689],[79.0923,20.4641],[79.118,20.4503],[79.1325,20.4568],[79.14,20.4821],[79.1497,20.4831],[79.1582,20.4781],[79.1652,20.4909],[79.1697,20.5141],[79.1818,20.5134],[79.1917,20.5371],[79.212,20.5458],[79.2167,20.552],[79.2222,20.5697],[79.2207,20.5834],[79.2195,20.5907],[79.208,20.6001],[79.1921,20.6027],[79.1886,20.599],[79.1841,20.6213],[79.1786,20.6193],[79.1687,20.6268],[79.1699,20.6455],[79.1477,20.6533],[79.1429,20.6788],[79.1046,20.6881],[79.1089,20.7023],[79.1029,20.7155],[79.0901,20.7111],[79.0729,20.7197],[79.0726,20.7263],[79.0521,20.729],[79.0507,20.7378],[79.0363,20.7418],[79.0349,20.7384],[79.0159,20.7395],[79.0123,20.7477],[78.9975,20.7458],[78.9964,20.757],[78.9853,20.7539],[78.9718,20.7568],[78.9587,20.7603],[78.953,20.7686],[78.9423,20.768],[78.9456,20.7941],[78.925,20.798],[78.9125,20.8084],[78.9171,20.8192],[78.9128,20.8193],[78.9131,20.8363],[78.8838,20.8438],[78.8779,20.83]]]}},{"type":"Feature","properties":{"ac_name":"ARMORI","ac_no":67,"ac_category":"ST","st_name":"MAHARASHTRA"},"geometry":{"type":"Polygon","coordinates":[[[80.3295,20.811],[80.3218,20.7996],[80.3282,20.7921],[80.3168,20.7714],[80.3204,20.7532],[80.2995,20.712],[80.2816,20.7108],[80.2731,20.6795],[80.2512,20.6786],[80.2492,20.6708],[80.2531,20.6656],[80.2422,20.6548],[80.2011,20.667],[80.196,20.6757],[80.1779,20.677],[80.1623,20.6939],[80.1416,20.6912],[80.1381,20.6846],[80.1325,20.6906],[80.1208,20.6893],[80.1137,20.6954],[80.0935,20.6913],[80.0577,20.7127],[80.0325,20.7004],[80.0272,20.6818],[80.0162,20.6675],[80.0139,20.6749],[80.0058,20.6695],[79.9965,20.6755],[79.9869,20.6738],[79.9786,20.6847],[79.964,20.6928],[79.9349,20.679],[79.9311,20.6688],[79.9363,20.6612],[79.9418,20.6299],[79.9392,20.5933],[79.9313,20.5652],[79.9274,20.5506],[79.9469,20.5397],[79.9522,20.5302],[79.9398,20.443],[79.9452,20.4316],[79.964,20.4139],[79.9586,20.3801],[79.9731,20.3531],[79.9644,20.3384],[79.989,20.3282],[79.9879,20.3137],[79.9927,20.3002],[80.0115,20.2854],[80.0158,20.2829],[80.028,20.2908],[80.047,20.2477],[80.0544,20.2404],[80.062,20.2514],[80.0755,20.2534],[80.0785,20.2869],[80.0963,20.294],[80.1114,20.2939],[80.1063,20.3161],[80.1138,20.3171],[80.112,20.3237],[80.1186,20.3316],[80.1247,20.313],[80.1452,20.3149],[80.1537,20.3089],[80.1505,20.3175],[80.161,20.3175],[80.1755,20.2927],[80.1754,20.3088],[80.1831,20.3181],[80.1629,20.3251],[80.155,20.3344],[80.1898,20.3713],[80.2343,20.3751],[80.2524,20.4004],[80.2607,20.3909],[80.2649,20.3927],[80.2744,20.3845],[80.29,20.3869],[80.3073,20.3781],[80.3251,20.3854],[80.3444,20.3832],[80.3443,20.3708],[80.3502,20.3601],[80.3599,20.3636],[80.3672,20.3524],[80.3499,20.328],[80.3854,20.3135],[80.4025,20.3014],[80.4221,20.281],[80.4244,20.2527],[80.452,20.2583],[80.4615,20.2683],[80.4817,20.2752],[80.4975,20.2751],[80.5187,20.2661],[80.5444,20.2946],[80.5495,20.309],[80.5888,20.318],[80.6105,20.3186],[80.6257,20.3305],[80.615,20.3516],[80.6107,20.375],[80.5942,20.3855],[80.5915,20.3932],[80.6003,20.4181],[80.6137,20.4348],[80.602,20.4488],[80.6125,20.4624],[80.6192,20.505],[80.6214,20.5327],[80.6154,20.5499],[80.6242,20.5556],[80.6267,20.5638],[80.6211,20.5703],[80.6257,20.5779],[80.6175,20.5855],[80.6319,20.5983],[80.612,20.6006],[80.6006,20.609],[80.5778,20.6079],[80.5642,20.6037],[80.5578,20.5945],[80.5385,20.5848],[80.5216,20.5804],[80.5044,20.5831],[80.5021,20.5952],[80.481,20.6185],[80.4893,20.6335],[80.521,20.6572],[80.545,20.6604],[80.5589,20.6708],[80.5799,20.6728],[80.5872,20.6822],[80.5812,20.698],[80.565,20.711],[80.56,20.7259],[80.5628,20.747],[80.5521,20.7621],[80.5521,20.7808],[80.5492,20.796],[80.5611,20.8228],[80.5181,20.8344],[80.4605,20.8194],[80.416,20.8249],[80.4028,20.8081],[80.3928,20.8064],[80.3666,20.8118],[80.3546,20.8094],[80.3384,20.8224],[80.3317,20.8217],[80.3295,20.811]]]}},{"type":"Feature","properties":{"ac_name":"NANDGAON","ac_no":113,"ac_category":"GEN","st_name":"MAHARASHTRA"},"geometry":{"type":"Polygon","coordinates":[[[74.7885,20.6609],[74.7806,20.6592],[74.7783,20.6513],[74.7616,20.6463],[74.7724,20.6408],[74.7716,20.6341],[74.7591,20.6375],[74.7464,20.6346],[74.7416,20.6409],[74.7355,20.6334],[74.7271,20.6325],[74.7163,20.6176],[74.7174,20.6095],[74.7051,20.6092],[74.6991,20.6039],[74.697,20.5849],[74.6719,20.5904],[74.6718,20.5732],[74.6667,20.5688],[74.6529,20.567],[74.631,20.5779],[74.6107,20.5805],[74.6028,20.5422],[74.6063,20.5233],[74.6204,20.5192],[74.6195,20.5136],[74.5486,20.5159],[74.5379,20.5096],[74.5317,20.5111],[74.514,20.4991],[74.5156,20.5094],[74.4998,20.5098],[74.492,20.5057],[74.4814,20.4867],[74.4429,20.4805],[74.4441,20.4925],[74.4396,20.4997],[74.4392,20.4861],[74.4289,20.4766],[74.4215,20.4487],[74.4039,20.4397],[74.4023,20.4351],[74.4041,20.4053],[74.3785,20.395],[74.3848,20.3843],[74.3797,20.3763],[74.3946,20.3722],[74.3973,20.3564],[74.4033,20.3505],[74.4311,20.3638],[74.4437,20.3609],[74.4509,20.366],[74.4575,20.3595],[74.466,20.366],[74.4705,20.3549],[74.4812,20.3513],[74.4793,20.3205],[74.474,20.3225],[74.4686,20.2992],[74.4627,20.2966],[74.4629,20.2753],[74.4299,20.2747],[74.4112,20.2652],[74.4076,20.2379],[74.4128,20.2237],[74.4212,20.2187],[74.4188,20.1996],[74.4371,20.1934],[74.4526,20.202],[74.4597,20.203],[74.466,20.1963],[74.4784,20.203],[74.4864,20.1992],[74.494,20.1862],[74.5206,20.1841],[74.5221,20.1888],[74.5345,20.1843],[74.532,20.1915],[74.5372,20.1867],[74.5398,20.191],[74.5701,20.1772],[74.5851,20.1774],[74.5907,20.1902],[74.6058,20.1982],[74.609,20.1909],[74.6134,20.1949],[74.6601,20.1996],[74.6673,20.2086],[74.6837,20.2033],[74.6967,20.2106],[74.7054,20.2017],[74.7021,20.1925],[74.7149,20.1807],[74.7211,20.1877],[74.7204,20.1944],[74.7301,20.1925],[74.7335,20.1975],[74.7344,20.1897],[74.7609,20.1858],[74.7559,20.1968],[74.7622,20.2052],[74.7828,20.2052],[74.8009,20.2332],[74.7848,20.2273],[74.7829,20.2339],[74.8012,20.2383],[74.8065,20.2458],[74.8173,20.2502],[74.8287,20.2463],[74.83,20.2355],[74.8553,20.2304],[74.8544,20.1793],[74.8958,20.1804],[74.8986,20.1691],[74.9067,20.1674],[74.9068,20.1552],[74.923,20.1551],[74.9278,20.1546],[74.9294,20.1599],[74.9219,20.1746],[74.9279,20.1857],[74.9284,20.2174],[74.9081,20.2192],[74.9056,20.2462],[74.9333,20.2503],[74.9345,20.2702],[74.9138,20.2765],[74.885,20.2699],[74.8843,20.2736],[74.8644,20.2763],[74.8518,20.2864],[74.8565,20.294],[74.8554,20.314],[74.8636,20.3141],[74.8646,20.335],[74.8593,20.3354],[74.8558,20.3444],[74.8546,20.3643],[74.8485,20.3702],[74.8525,20.3741],[74.8511,20.3811],[74.8241,20.399],[74.8287,20.407],[74.838,20.4081],[74.8367,20.4168],[74.8172,20.4295],[74.8152,20.4394],[74.8021,20.4456],[74.7987,20.4702],[74.7925,20.4782],[74.7745,20.4698],[74.7708,20.4723],[74.7834,20.5],[74.7789,20.5093],[74.7709,20.5073],[74.7606,20.5354],[74.7941,20.5373],[74.7984,20.5518],[74.7935,20.5529],[74.7926,20.5778],[74.8007,20.589],[74.8088,20.5894],[74.8124,20.6323],[74.8095,20.6381],[74.8,20.6383],[74.8025,20.6596],[74.7885,20.6609]]]}},{"type":"Feature","properties":{"ac_name":"AKOLA WEST","ac_no":30,"ac_category":"GEN","st_name":"MAHARASHTRA"},"geometry":{"type":"Polygon","coordinates":[[[77.016,20.7012],[77.0106,20.7254],[76.9989,20.7392],[76.9711,20.7412],[76.9664,20.725],[76.9748,20.7117],[76.9761,20.704],[76.9702,20.6972],[76.9748,20.6914],[76.9897,20.6943],[76.9962,20.6825],[77.0132,20.6827],[77.016,20.7012]]]}},{"type":"Feature","properties":{"ac_name":"KARANJA","ac_no":35,"ac_category":"GEN","st_name":"MAHARASHTRA"},"geometry":{"type":"Polygon","coordinates":[[[77.6147,20.7605],[77.59,20.7579],[77.5876,20.7485],[77.5815,20.7495],[77.5708,20.7418],[77.5646,20.7217],[77.5235,20.7322],[77.5176,20.7292],[77.5069,20.7107],[77.5144,20.6987],[77.5236,20.7014],[77.5223,20.6957],[77.5382,20.6893],[77.5453,20.6796],[77.5424,20.6762],[77.5117,20.6838],[77.5163,20.6737],[77.5096,20.6643],[77.5032,20.6651],[77.4951,20.6807],[77.479,20.6815],[77.4701,20.6888],[77.454,20.6619],[77.4555,20.6546],[77.4328,20.662],[77.4333,20.6482],[77.4394,20.6476],[77.4544,20.6262],[77.4595,20.6269],[77.4605,20.6204],[77.4684,20.6179],[77.4657,20.6108],[77.4428,20.6139],[77.4116,20.6067],[77.4132,20.5925],[77.4114,20.5881],[77.4023,20.5885],[77.4028,20.5795],[77.3896,20.5836],[77.3667,20.5821],[77.3619,20.5679],[77.3398,20.5752],[77.3359,20.5492],[77.3421,20.5479],[77.3358,20.5258],[77.3654,20.5182],[77.3686,20.5255],[77.396,20.5257],[77.382,20.4836],[77.369,20.4806],[77.3695,20.4966],[77.3632,20.4986],[77.3273,20.4975],[77.3242,20.4871],[77.3397,20.4838],[77.3438,20.4717],[77.3334,20.4724],[77.3256,20.4631],[77.3257,20.4506],[77.3209,20.4503],[77.3296,20.434],[77.3453,20.4306],[77.3543,20.4198],[77.3681,20.4169],[77.3748,20.4208],[77.3774,20.4369],[77.4083,20.4348],[77.4211,20.4496],[77.4253,20.4468],[77.4135,20.4274],[77.4156,20.4155],[77.4211,20.4164],[77.4358,20.3975],[77.4459,20.3998],[77.4349,20.3769],[77.4382,20.3695],[77.4487,20.3648],[77.4462,20.3587],[77.4499,20.3536],[77.4634,20.354],[77.4712,20.3607],[77.4822,20.3586],[77.4823,20.3344],[77.4779,20.3325],[77.476,20.3215],[77.4653,20.3257],[77.4636,20.3163],[77.4739,20.3099],[77.4732,20.3057],[77.4855,20.3072],[77.4851,20.2891],[77.4634,20.2824],[77.4448,20.2988],[77.4345,20.2953],[77.432,20.2889],[77.4206,20.2873],[77.4281,20.2791],[77.4309,20.2632],[77.4373,20.273],[77.4463,20.2599],[77.4393,20.2454],[77.4434,20.2362],[77.4409,20.23],[77.4244,20.2259],[77.42,20.2287],[77.4186,20.2238],[77.3976,20.2346],[77.3806,20.2362],[77.3737,20.2177],[77.3979,20.1987],[77.4152,20.1977],[77.429,20.1862],[77.4295,20.1704],[77.4036,20.1696],[77.3854,20.1629],[77.3853,20.1563],[77.3924,20.152],[77.3708,20.1394],[77.3758,20.1293],[77.398,20.1162],[77.3832,20.1101],[77.3836,20.104],[77.3658,20.0991],[77.3837,20.0867],[77.406,20.0852],[77.4462,20.0707],[77.4638,20.0698],[77.4788,20.0845],[77.4935,20.0792],[77.4986,20.0856],[77.5243,20.0969],[77.5391,20.0734],[77.55,20.0654],[77.5557,20.0474],[77.5683,20.0425],[77.5805,20.0293],[77.5959,20.0372],[77.6009,20.0346],[77.6148,20.0403],[77.6284,20.037],[77.6291,20.0469],[77.6425,20.0629],[77.6441,20.0724],[77.6562,20.0803],[77.6581,20.097],[77.6693,20.1023],[77.671,20.1213],[77.682,20.144],[77.6737,20.1474],[77.6786,20.1684],[77.6655,20.1737],[77.6522,20.1721],[77.6496,20.1856],[77.644,20.1873],[77.6581,20.2071],[77.6533,20.2147],[77.666,20.2473],[77.6443,20.2507],[77.6315,20.2619],[77.6103,20.2641],[77.61,20.2788],[77.5941,20.2808],[77.5945,20.3029],[77.5876,20.3067],[77.5839,20.3268],[77.5677,20.3304],[77.5671,20.3443],[77.5683,20.3601],[77.5785,20.372],[77.5729,20.382],[77.5734,20.4001],[77.5813,20.4156],[77.5957,20.4126],[77.5903,20.4294],[77.604,20.436],[77.5978,20.4466],[77.6057,20.4552],[77.612,20.4556],[77.6151,20.4663],[77.6161,20.4609],[77.6431,20.4509],[77.654,20.481],[77.6535,20.4976],[77.6629,20.4999],[77.6668,20.5169],[77.6862,20.5196],[77.6895,20.5244],[77.6903,20.5347],[77.6749,20.5392],[77.668,20.5398],[77.6534,20.5311],[77.6423,20.5319],[77.6501,20.5641],[77.6277,20.5668],[77.647,20.6051],[77.6486,20.6225],[77.658,20.6359],[77.6591,20.6454],[77.6481,20.6484],[77.6541,20.6612],[77.6351,20.6586],[77.6321,20.6717],[77.638,20.6899],[77.631,20.7034],[77.6344,20.7121],[77.6109,20.7176],[77.6123,20.7301],[77.6233,20.73],[77.6253,20.7368],[77.6312,20.7383],[77.6343,20.7555],[77.6147,20.7605]]]}},{"type":"Feature","properties":{"ac_name":"SILLOD","ac_no":104,"ac_category":"GEN","st_name":"MAHARASHTRA"},"geometry":{"type":"Polygon","coordinates":[[[75.6129,20.603],[75.5918,20.5994],[75.5564,20.6088],[75.5558,20.5985],[75.5521,20.5982],[75.5363,20.6067],[75.5327,20.5912],[75.5203,20.5899],[75.5269,20.5553],[75.5204,20.5574],[75.5147,20.556],[75.5149,20.55],[75.5051,20.5511],[75.5063,20.5407],[75.4945,20.538],[75.4939,20.5247],[75.4873,20.5277],[75.4803,20.5429],[75.4651,20.5429],[75.4623,20.5508],[75.4571,20.5512],[75.4607,20.5183],[75.4552,20.5139],[75.4464,20.5373],[75.4238,20.53],[75.4288,20.5111],[75.4169,20.5137],[75.4076,20.5217],[75.3961,20.5208],[75.389,20.5774],[75.3655,20.5748],[75.3581,20.596],[75.3558,20.5884],[75.3194,20.5915],[75.3151,20.5882],[75.3164,20.5742],[75.2929,20.5734],[75.2911,20.5661],[75.2647,20.5667],[75.258,20.5763],[75.2496,20.5604],[75.2509,20.55],[75.2403,20.551],[75.2442,20.5361],[75.2345,20.5354],[75.2369,20.5195],[75.2256,20.5167],[75.2227,20.4994],[75.227,20.4941],[75.2417,20.4912],[75.2572,20.4806],[75.2384,20.4313],[75.2393,20.4221],[75.2517,20.4098],[75.2648,20.4334],[75.2783,20.4463],[75.3406,20.4394],[75.3458,20.4468],[75.353,20.4468],[75.3586,20.4526],[75.3617,20.4626],[75.363,20.4577],[75.3668,20.4588],[75.3735,20.4692],[75.3956,20.4629],[75.3984,20.4755],[75.4086,20.4743],[75.4369,20.4902],[75.455,20.4698],[75.5015,20.4433],[75.5003,20.4345],[75.5262,20.4292],[75.5079,20.3898],[75.523,20.377],[75.5192,20.361],[75.5258,20.3219],[75.5225,20.2994],[75.5258,20.2993],[75.5247,20.2929],[75.5342,20.2916],[75.5245,20.2724],[75.5384,20.2598],[75.541,20.2471],[75.5705,20.2282],[75.565,20.2077],[75.579,20.2073],[75.5919,20.2005],[75.5944,20.1735],[75.6043,20.1638],[75.6023,20.1536],[75.6382,20.1437],[75.6449,20.186],[75.6732,20.1828],[75.6794,20.2021],[75.6798,20.2287],[75.6733,20.2347],[75.6809,20.2585],[75.6902,20.2656],[75.6945,20.2798],[75.6818,20.3065],[75.7073,20.3127],[75.7163,20.3305],[75.7298,20.3279],[75.7338,20.3339],[75.7423,20.3353],[75.7431,20.3267],[75.7575,20.326],[75.7642,20.3359],[75.7705,20.3363],[75.7575,20.3605],[75.7575,20.3681],[75.7455,20.3708],[75.7504,20.3897],[75.7484,20.4014],[75.7311,20.4095],[75.7408,20.4222],[75.7554,20.4242],[75.7643,20.452],[75.7792,20.4546],[75.7942,20.4502],[75.7972,20.4612],[75.8113,20.4628],[75.8141,20.4692],[75.8222,20.4727],[75.839,20.4577],[75.8566,20.4588],[75.865,20.4453],[75.8622,20.4398],[75.8774,20.4367],[75.8798,20.4437],[75.8912,20.4456],[75.8696,20.4547],[75.8709,20.4612],[75.8616,20.4651],[75.8592,20.4813],[75.8536,20.48],[75.8478,20.4871],[75.8497,20.5021],[75.8585,20.5058],[75.8604,20.5239],[75.8713,20.5286],[75.8801,20.5239],[75.8837,20.5282],[75.8602,20.5609],[75.8719,20.5568],[75.8849,20.5601],[75.8874,20.5916],[75.8689,20.5975],[75.8661,20.6201],[75.8548,20.6211],[75.8532,20.6121],[75.8373,20.6137],[75.8423,20.5923],[75.8326,20.5913],[75.8332,20.5752],[75.828,20.5711],[75.8452,20.5659],[75.8429,20.5626],[75.8241,20.5555],[75.8046,20.5669],[75.7974,20.5615],[75.7867,20.5625],[75.7913,20.5812],[75.7838,20.5833],[75.7769,20.581],[75.7742,20.5746],[75.7589,20.5749],[75.7585,20.6095],[75.7542,20.6125],[75.7308,20.6068],[75.7217,20.6192],[75.7125,20.6126],[75.6997,20.6142],[75.6956,20.6211],[75.7037,20.6588],[75.6745,20.6671],[75.6664,20.6681],[75.6561,20.6597],[75.6544,20.6496],[75.6591,20.6499],[75.6621,20.6419],[75.6583,20.6404],[75.66,20.6245],[75.6502,20.6244],[75.6462,20.6169],[75.6053,20.6217],[75.6129,20.603]]]}},{"type":"Feature","properties":{"ac_name":"CHANDVAD","ac_no":118,"ac_category":"GEN","st_name":"MAHARASHTRA"},"geometry":{"type":"Polygon","coordinates":[[[74.3619,20.5284],[74.337,20.5298],[74.3113,20.5216],[74.2774,20.521],[74.2463,20.5255],[74.2433,20.5303],[74.1977,20.5145],[74.1809,20.5163],[74.1609,20.5347],[74.1574,20.5577],[74.1413,20.5623],[74.1334,20.5593],[74.1234,20.5699],[74.1123,20.5685],[74.091,20.536],[74.0909,20.5171],[74.085,20.5109],[74.1063,20.4915],[74.0941,20.4772],[74.0943,20.4672],[74.1104,20.4517],[74.0837,20.4281],[74.0691,20.4259],[74.0675,20.4179],[74.0569,20.4146],[74.0527,20.4024],[74.0381,20.3989],[74.0378,20.3952],[74.0079,20.3972],[74.0429,20.3879],[74.0527,20.3814],[74.0603,20.3809],[74.0642,20.3889],[74.0757,20.3901],[74.0722,20.3824],[74.0804,20.3732],[74.057,20.3725],[74.0529,20.3789],[74.0492,20.3718],[74.042,20.3831],[74.0239,20.3791],[74.0167,20.3626],[73.9859,20.3585],[73.9594,20.3703],[73.9512,20.3692],[73.9425,20.3484],[73.9526,20.3283],[73.9411,20.3195],[73.9403,20.3042],[73.9463,20.3008],[73.9488,20.2906],[73.9631,20.2932],[73.966,20.2828],[73.9754,20.274],[73.9911,20.2718],[73.9993,20.2769],[74.0086,20.2654],[73.9993,20.2418],[73.9871,20.2372],[73.9828,20.2114],[73.9926,20.2096],[73.9993,20.2155],[74.0102,20.2116],[74.0207,20.2199],[74.0783,20.2163],[74.0838,20.2328],[74.0987,20.2394],[74.1073,20.235],[74.1084,20.2239],[74.1168,20.2193],[74.1195,20.211],[74.1323,20.2127],[74.1403,20.2089],[74.1499,20.2125],[74.1514,20.2024],[74.192,20.2045],[74.1929,20.1756],[74.2198,20.1795],[74.2201,20.184],[74.246,20.1831],[74.2469,20.1625],[74.2657,20.1637],[74.2711,20.1576],[74.3047,20.1535],[74.3051,20.1722],[74.3239,20.1681],[74.3247,20.1608],[74.3341,20.1623],[74.335,20.1581],[74.3608,20.1677],[74.3545,20.1779],[74.3536,20.2079],[74.3873,20.2054],[74.3918,20.1951],[74.4114,20.1954],[74.4188,20.1996],[74.4212,20.2187],[74.4128,20.2237],[74.4076,20.2379],[74.4112,20.2652],[74.4299,20.2747],[74.4629,20.2753],[74.4627,20.2966],[74.4686,20.2992],[74.474,20.3225],[74.4793,20.3205],[74.4812,20.3513],[74.4705,20.3549],[74.466,20.366],[74.4575,20.3595],[74.4509,20.366],[74.4437,20.3609],[74.4311,20.3638],[74.4033,20.3505],[74.3973,20.3564],[74.3946,20.3722],[74.3797,20.3763],[74.3848,20.3843],[74.3785,20.395],[74.4041,20.4053],[74.4023,20.4351],[74.3866,20.4395],[74.3899,20.4478],[74.3854,20.4524],[74.3908,20.4665],[74.3788,20.4563],[74.359,20.4499],[74.3645,20.4716],[74.3582,20.487],[74.3619,20.5284]]]}},{"type":"Feature","properties":{"ac_name":"BHOKARDAN","ac_no":103,"ac_category":"GEN","st_name":"MAHARASHTRA"},"geometry":{"type":"Polygon","coordinates":[[[76.0097,20.6423],[76.0127,20.6355],[76.0083,20.6291],[75.9981,20.6284],[75.9969,20.6231],[75.9883,20.6218],[75.9862,20.6166],[75.9549,20.6206],[75.9538,20.6013],[75.9313,20.5962],[75.9356,20.5874],[75.9307,20.5479],[75.9255,20.5459],[75.9169,20.555],[75.8849,20.5601],[75.8719,20.5568],[75.8602,20.5609],[75.8837,20.5282],[75.8801,20.5239],[75.8713,20.5286],[75.8604,20.5239],[75.8585,20.5058],[75.8497,20.5021],[75.8478,20.4871],[75.8536,20.48],[75.8592,20.4813],[75.8616,20.4651],[75.8709,20.4612],[75.8696,20.4547],[75.8912,20.4456],[75.8798,20.4437],[75.8774,20.4367],[75.8622,20.4398],[75.865,20.4453],[75.8566,20.4588],[75.839,20.4577],[75.8222,20.4727],[75.8141,20.4692],[75.8113,20.4628],[75.7972,20.4612],[75.7942,20.4502],[75.7792,20.4546],[75.7643,20.452],[75.7554,20.4242],[75.7408,20.4222],[75.7311,20.4095],[75.7484,20.4014],[75.7504,20.3897],[75.7455,20.3708],[75.7575,20.3681],[75.7575,20.3605],[75.7705,20.3363],[75.7642,20.3359],[75.7575,20.326],[75.7431,20.3267],[75.7423,20.3353],[75.7338,20.3339],[75.7298,20.3279],[75.7163,20.3305],[75.7073,20.3127],[75.6818,20.3065],[75.6945,20.2798],[75.6902,20.2656],[75.6809,20.2585],[75.6733,20.2347],[75.6798,20.2287],[75.6794,20.2021],[75.699,20.1972],[75.7158,20.2212],[75.7305,20.2158],[75.7299,20.2036],[75.7465,20.191],[75.738,20.1686],[75.7557,20.161],[75.7742,20.1716],[75.7946,20.1675],[75.7973,20.1788],[75.8202,20.193],[75.8505,20.195],[75.8614,20.1829],[75.8652,20.1563],[75.8563,20.1522],[75.8416,20.1576],[75.8325,20.1481],[75.8324,20.136],[75.8368,20.1282],[75.8693,20.122],[75.8789,20.1337],[75.8814,20.159],[75.8783,20.1635],[75.9049,20.1784],[75.9317,20.1795],[75.9302,20.1703],[75.9398,20.1701],[75.9319,20.1581],[75.9235,20.1551],[75.9274,20.1295],[75.9235,20.1296],[75.9223,20.1186],[75.9184,20.1191],[75.9255,20.1008],[75.9032,20.0868],[75.9142,20.0792],[75.9184,20.0626],[75.9095,20.0298],[75.9394,20.0254],[75.9298,20.0061],[75.9302,20.0009],[75.9395,19.9978],[75.9659,19.9952],[75.9653,20.0033],[75.9782,20.0032],[76.0058,20.0124],[76.0095,20.0203],[76.0231,20.0243],[76.0193,20.0593],[76.0538,20.0625],[76.0694,20.0724],[76.0627,20.0848],[76.0522,20.0854],[76.0554,20.0975],[76.0727,20.1016],[76.0958,20.0963],[76.0989,20.1308],[76.1062,20.1331],[76.109,20.1438],[76.1055,20.153],[76.1088,20.1629],[76.12,20.1612],[76.1238,20.1736],[76.1336,20.1846],[76.1322,20.1986],[76.1449,20.1992],[76.1497,20.2059],[76.1332,20.2224],[76.1498,20.2372],[76.1665,20.2387],[76.1699,20.2581],[76.1784,20.2651],[76.1938,20.2998],[76.172,20.3024],[76.1685,20.2947],[76.1578,20.3024],[76.1406,20.3005],[76.1477,20.3102],[76.1345,20.3191],[76.1269,20.3157],[76.1297,20.3222],[76.1244,20.3253],[76.1262,20.3447],[76.1233,20.3417],[76.1195,20.3476],[76.1124,20.3458],[76.1083,20.3541],[76.0974,20.3534],[76.0969,20.3473],[76.0924,20.348],[76.0885,20.3531],[76.0936,20.3595],[76.0868,20.3614],[76.0872,20.3666],[76.0762,20.3586],[76.072,20.3492],[76.0473,20.3371],[76.0314,20.3047],[76.029,20.2886],[76.001,20.2905],[76.0046,20.3064],[75.9927,20.3103],[75.9749,20.3081],[75.9764,20.3137],[75.9686,20.3154],[75.9488,20.2989],[75.9296,20.3014],[75.9223,20.3209],[75.93,20.3272],[75.9339,20.3384],[75.9412,20.3416],[75.9416,20.3694],[75.9589,20.3661],[75.9601,20.3723],[75.9667,20.3704],[75.9611,20.3835],[75.9492,20.3932],[75.9472,20.4124],[75.9391,20.432],[75.943,20.4323],[75.9442,20.4428],[75.9551,20.4509],[75.9557,20.4648],[75.952,20.4653],[75.9549,20.4729],[75.9488,20.4732],[75.9407,20.4937],[75.949,20.5183],[75.96,20.5262],[75.9698,20.5222],[75.9731,20.5316],[75.9903,20.5308],[75.9922,20.5359],[76.001,20.5294],[76.0086,20.5385],[76.0096,20.5319],[76.0192,20.5289],[76.0154,20.5512],[76.0358,20.5553],[76.0378,20.5592],[76.0363,20.5718],[76.0426,20.5794],[76.0365,20.5873],[76.04,20.6031],[76.0307,20.6237],[76.0322,20.6371],[76.0221,20.6419],[76.023,20.6453],[76.0077,20.6458],[76.0097,20.6423]]]}},{"type":"Feature","properties":{"ac_name":"MALEGAON CENTRAL","ac_no":114,"ac_category":"GEN","st_name":"MAHARASHTRA"},"geometry":{"type":"Polygon","coordinates":[[[74.5393,20.5252],[74.5445,20.5283],[74.5434,20.5364],[74.5699,20.5408],[74.5816,20.5552],[74.5796,20.5671],[74.577,20.5615],[74.5699,20.5627],[74.5704,20.5702],[74.5612,20.5692],[74.5503,20.5605],[74.5214,20.5561],[74.5241,20.541],[74.5168,20.5425],[74.5162,20.5361],[74.5393,20.5252]]]}},{"type":"Feature","properties":{"ac_name":"CHIMUR","ac_no":74,"ac_category":"GEN","st_name":"MAHARASHTRA"},"geometry":{"type":"Polygon","coordinates":[[[79.7564,20.731],[79.7524,20.7168],[79.7596,20.7064],[79.752,20.6883],[79.7342,20.6843],[79.7105,20.6876],[79.6932,20.6736],[79.7002,20.6452],[79.6929,20.6413],[79.6799,20.6505],[79.6643,20.6533],[79.6595,20.6674],[79.6198,20.6762],[79.6093,20.6959],[79.5894,20.6913],[79.579,20.6974],[79.5668,20.6972],[79.5651,20.7078],[79.5364,20.7053],[79.5189,20.7144],[79.5154,20.709],[79.507,20.71],[79.5053,20.7021],[79.4892,20.7091],[79.4882,20.7027],[79.4687,20.6806],[79.4363,20.662],[79.4282,20.6649],[79.4212,20.6603],[79.3993,20.6594],[79.3884,20.6657],[79.3882,20.6808],[79.3795,20.6837],[79.3698,20.6759],[79.3488,20.6762],[79.3495,20.6663],[79.3562,20.6602],[79.3421,20.6442],[79.3472,20.6419],[79.3471,20.635],[79.3403,20.6304],[79.3318,20.6114],[79.3305,20.5942],[79.3215,20.584],[79.2934,20.5928],[79.2648,20.5871],[79.2498,20.591],[79.2207,20.5834],[79.2222,20.5697],[79.2167,20.552],[79.212,20.5458],[79.1917,20.5371],[79.1818,20.5134],[79.1697,20.5141],[79.1652,20.4909],[79.1879,20.4809],[79.2035,20.475],[79.2046,20.4605],[79.2248,20.4505],[79.2275,20.4649],[79.2473,20.4918],[79.2545,20.4801],[79.2586,20.4869],[79.2724,20.4908],[79.2881,20.4787],[79.2736,20.4628],[79.2709,20.445],[79.2822,20.4074],[79.2998,20.3822],[79.2924,20.3521],[79.2937,20.3251],[79.4537,20.3168],[79.4741,20.3136],[79.4801,20.3374],[79.4905,20.3475],[79.483,20.369],[79.4998,20.3659],[79.5173,20.3507],[79.5202,20.353],[79.5124,20.3713],[79.5126,20.3792],[79.518,20.3807],[79.506,20.4061],[79.5188,20.4095],[79.543,20.4057],[79.5424,20.3998],[79.5541,20.4008],[79.594,20.3764],[79.6247,20.3641],[79.641,20.3622],[79.6437,20.3708],[79.6512,20.3688],[79.6538,20.3619],[79.6771,20.3611],[79.7044,20.3392],[79.7118,20.3575],[79.7242,20.3638],[79.7225,20.3722],[79.7153,20.3769],[79.7195,20.3942],[79.7358,20.4193],[79.7474,20.413],[79.7618,20.416],[79.7699,20.4352],[79.7781,20.4416],[79.7704,20.4553],[79.7629,20.4591],[79.7592,20.481],[79.7546,20.4854],[79.7588,20.4965],[79.755,20.5057],[79.747,20.5083],[79.7533,20.5165],[79.7894,20.5082],[79.7822,20.523],[79.7852,20.5439],[79.8005,20.5423],[79.8041,20.5535],[79.7751,20.5637],[79.7752,20.5816],[79.8212,20.598],[79.8267,20.6132],[79.8335,20.6128],[79.8531,20.6375],[79.8833,20.6299],[79.8792,20.6196],[79.8675,20.6141],[79.8697,20.6105],[79.8792,20.6064],[79.8952,20.6071],[79.9004,20.5749],[79.9313,20.5652],[79.9392,20.5933],[79.9418,20.6299],[79.9363,20.6612],[79.9311,20.6688],[79.9077,20.6763],[79.8875,20.6891],[79.841,20.6818],[79.8027,20.6983],[79.7778,20.728],[79.7634,20.7339],[79.7564,20.731]]]}},{"type":"Feature","properties":{"ac_name":"RALEGAON","ac_no":77,"ac_category":"ST","st_name":"MAHARASHTRA"},"geometry":{"type":"Polygon","coordinates":[[[78.2775,20.6946],[78.2587,20.6973],[78.2537,20.6833],[78.2316,20.6924],[78.2118,20.6917],[78.2106,20.6791],[78.2059,20.6746],[78.1831,20.6782],[78.1804,20.6702],[78.1586,20.6671],[78.1576,20.6581],[78.1261,20.6619],[78.1326,20.6534],[78.1306,20.6478],[78.1126,20.648],[78.1113,20.6398],[78.0936,20.6418],[78.1003,20.6662],[78.0882,20.672],[78.0805,20.6694],[78.0793,20.6639],[78.0658,20.6722],[78.0369,20.666],[78.0367,20.6591],[78.0274,20.6584],[78.0248,20.6451],[78.019,20.6409],[78.0259,20.6328],[78.0208,20.626],[77.9956,20.6249],[77.9903,20.613],[77.9852,20.6133],[77.9772,20.6044],[77.991,20.5995],[77.989,20.5931],[77.9957,20.5808],[78.0103,20.5794],[78.0113,20.576],[78.0106,20.5513],[77.9995,20.5486],[78.0012,20.5216],[78.0184,20.5086],[78.0285,20.5122],[78.0348,20.5099],[78.0455,20.5169],[78.0459,20.5041],[78.0668,20.5086],[78.0603,20.499],[78.0722,20.4985],[78.0746,20.4907],[78.0876,20.4944],[78.0881,20.4883],[78.1147,20.4769],[78.1136,20.4554],[78.1276,20.4513],[78.1467,20.4647],[78.1474,20.4701],[78.1525,20.4682],[78.1492,20.4571],[78.1678,20.449],[78.1698,20.4574],[78.1847,20.4635],[78.1825,20.4728],[78.2081,20.465],[78.2162,20.4799],[78.2236,20.4786],[78.2237,20.4666],[78.2146,20.4551],[78.2212,20.4488],[78.2284,20.4484],[78.2271,20.4362],[78.2512,20.4326],[78.2376,20.4004],[78.2577,20.3983],[78.247,20.3622],[78.2473,20.3573],[78.2657,20.3499],[78.2598,20.3282],[78.2631,20.3082],[78.2674,20.3033],[78.2821,20.301],[78.3098,20.306],[78.3054,20.2872],[78.3094,20.2772],[78.3036,20.2718],[78.3319,20.2762],[78.3344,20.2548],[78.3495,20.2516],[78.365,20.2378],[78.3609,20.2305],[78.3424,20.2292],[78.3318,20.2211],[78.3333,20.2112],[78.3756,20.204],[78.3866,20.1914],[78.4171,20.1845],[78.4236,20.1932],[78.4355,20.1884],[78.4663,20.1863],[78.4637,20.1826],[78.4679,20.1767],[78.4805,20.1681],[78.478,20.1567],[78.4696,20.1554],[78.4659,20.1451],[78.4721,20.1294],[78.463,20.1248],[78.4652,20.114],[78.4519,20.111],[78.4518,20.1026],[78.4381,20.1061],[78.4216,20.0763],[78.4595,20.0822],[78.5017,20.0637],[78.5084,20.0752],[78.5172,20.0705],[78.5311,20.0488],[78.5307,20.0366],[78.5552,20.0281],[78.5442,20.0518],[78.5496,20.0552],[78.5542,20.079],[78.559,20.0836],[78.5637,20.0819],[78.5665,20.0894],[78.5772,20.0956],[78.589,20.0902],[78.5913,20.098],[78.6071,20.0938],[78.6083,20.1008],[78.6235,20.1002],[78.6292,20.1092],[78.6346,20.1082],[78.6338,20.1135],[78.6467,20.1156],[78.6658,20.1188],[78.6657,20.1328],[78.6543,20.1309],[78.6586,20.1409],[78.6836,20.1407],[78.6817,20.1563],[78.6974,20.158],[78.7097,20.1759],[78.7217,20.1774],[78.7238,20.1858],[78.734,20.1868],[78.7384,20.2168],[78.7551,20.2169],[78.7574,20.2246],[78.7623,20.2194],[78.7689,20.22],[78.7659,20.2495],[78.7766,20.2641],[78.7832,20.2984],[78.7759,20.3005],[78.7603,20.2935],[78.7464,20.2981],[78.7365,20.2935],[78.7307,20.3056],[78.7085,20.3098],[78.7046,20.3139],[78.7107,20.3369],[78.7084,20.3509],[78.6899,20.3585],[78.6895,20.3711],[78.663,20.3958],[78.658,20.4135],[78.6456,20.4201],[78.6471,20.4294],[78.6446,20.4364],[78.6178,20.4351],[78.6124,20.4448],[78.6067,20.4311],[78.5798,20.4329],[78.5625,20.4404],[78.5553,20.4513],[78.5464,20.4542],[78.5346,20.4665],[78.5352,20.4808],[78.5218,20.4916],[78.5225,20.5007],[78.5172,20.512],[78.5099,20.516],[78.5088,20.5244],[78.4965,20.5227],[78.483,20.5288],[78.4721,20.5285],[78.4499,20.5129],[78.4322,20.5201],[78.4098,20.512],[78.3855,20.5199],[78.372,20.5328],[78.3644,20.5337],[78.3569,20.5282],[78.3379,20.5436],[78.309,20.5511],[78.2934,20.5611],[78.2787,20.5613],[78.2739,20.5711],[78.2627,20.5794],[78.2587,20.6027],[78.2524,20.613],[78.2532,20.6354],[78.2488,20.6439],[78.2705,20.6675],[78.2659,20.6802],[78.2769,20.6889],[78.2775,20.6946]]]}},{"type":"Feature","properties":{"ac_name":"CHIKHLI","ac_no":23,"ac_category":"GEN","st_name":"MAHARASHTRA"},"geometry":{"type":"Polygon","coordinates":[[[76.3544,20.5836],[76.3226,20.5559],[76.3199,20.5499],[76.3242,20.5377],[76.317,20.5201],[76.3195,20.5023],[76.3149,20.4959],[76.2997,20.4862],[76.2933,20.4735],[76.2594,20.4731],[76.2499,20.4585],[76.2136,20.4743],[76.2123,20.4647],[76.208,20.4735],[76.1955,20.4772],[76.1902,20.4768],[76.1923,20.469],[76.1741,20.4675],[76.1704,20.473],[76.149,20.4682],[76.1372,20.4708],[76.1259,20.4511],[76.1213,20.4537],[76.1181,20.4497],[76.1077,20.4504],[76.1059,20.4574],[76.0784,20.4681],[76.0727,20.4667],[76.0642,20.4825],[76.0467,20.4832],[76.0442,20.491],[76.0311,20.4914],[76.0314,20.5012],[76.0238,20.5081],[76.0124,20.502],[76.0113,20.4871],[76.0017,20.4774],[75.9878,20.4696],[75.9557,20.4648],[75.9551,20.4509],[75.9442,20.4428],[75.943,20.4323],[75.9391,20.432],[75.9472,20.4124],[75.9492,20.3932],[75.9611,20.3835],[75.9667,20.3704],[75.9601,20.3723],[75.9589,20.3661],[75.9416,20.3694],[75.9412,20.3416],[75.9339,20.3384],[75.93,20.3272],[75.9223,20.3209],[75.9296,20.3014],[75.9488,20.2989],[75.9686,20.3154],[75.9764,20.3137],[75.9749,20.3081],[75.9927,20.3103],[76.0046,20.3064],[76.001,20.2905],[76.029,20.2886],[76.0314,20.3047],[76.0473,20.3371],[76.072,20.3492],[76.0762,20.3586],[76.0872,20.3666],[76.0868,20.3614],[76.0936,20.3595],[76.0885,20.3531],[76.0924,20.348],[76.0969,20.3473],[76.0974,20.3534],[76.1083,20.3541],[76.1124,20.3458],[76.1195,20.3476],[76.1233,20.3417],[76.1262,20.3447],[76.1244,20.3253],[76.1297,20.3222],[76.1269,20.3157],[76.1345,20.3191],[76.1477,20.3102],[76.1406,20.3005],[76.1578,20.3024],[76.1685,20.2947],[76.172,20.3024],[76.1938,20.2998],[76.1784,20.2651],[76.1988,20.2606],[76.2077,20.2661],[76.2116,20.2694],[76.2084,20.2774],[76.2123,20.2867],[76.2235,20.2955],[76.2319,20.2944],[76.2397,20.2839],[76.2563,20.2814],[76.2763,20.2885],[76.3004,20.2823],[76.2975,20.2703],[76.3019,20.2703],[76.306,20.2528],[76.2854,20.2458],[76.285,20.2404],[76.3242,20.2247],[76.344,20.2255],[76.3502,20.2421],[76.3682,20.2448],[76.3681,20.2504],[76.3584,20.2576],[76.3603,20.2667],[76.3635,20.2716],[76.3772,20.2679],[76.3846,20.2833],[76.382,20.2919],[76.3935,20.3016],[76.4174,20.3099],[76.435,20.2946],[76.4615,20.2928],[76.4697,20.2996],[76.4538,20.3127],[76.4583,20.3192],[76.4754,20.3279],[76.4935,20.3191],[76.507,20.321],[76.5226,20.3472],[76.5359,20.3576],[76.5487,20.3833],[76.5598,20.3758],[76.5671,20.3816],[76.5718,20.4012],[76.5505,20.4176],[76.5639,20.4374],[76.5408,20.4435],[76.5398,20.4493],[76.5291,20.4475],[76.5072,20.4576],[76.5042,20.4889],[76.487,20.4999],[76.4755,20.4956],[76.4463,20.5007],[76.441,20.5234],[76.419,20.5165],[76.4102,20.5049],[76.3876,20.5099],[76.3813,20.52],[76.3788,20.5503],[76.382,20.554],[76.367,20.5623],[76.3532,20.5782],[76.3544,20.5836]]]}},{"type":"Feature","properties":{"ac_name":"DIGRAS","ac_no":79,"ac_category":"GEN","st_name":"MAHARASHTRA"},"geometry":{"type":"Polygon","coordinates":[[[77.9152,20.5743],[77.9173,20.6071],[77.8949,20.6247],[77.886,20.6247],[77.8786,20.6094],[77.8661,20.6106],[77.8668,20.5951],[77.8459,20.5879],[77.8477,20.5712],[77.8439,20.5678],[77.8396,20.5649],[77.8111,20.5844],[77.8051,20.5641],[77.7921,20.5606],[77.7855,20.5449],[77.7789,20.54],[77.7518,20.5447],[77.7415,20.5612],[77.7036,20.5657],[77.691,20.5714],[77.6906,20.5782],[77.6659,20.5795],[77.6593,20.5643],[77.6501,20.5641],[77.6423,20.5319],[77.6534,20.5311],[77.668,20.5398],[77.6749,20.5392],[77.6903,20.5347],[77.6895,20.5244],[77.6862,20.5196],[77.6668,20.5169],[77.6629,20.4999],[77.6535,20.4976],[77.654,20.481],[77.6431,20.4509],[77.6161,20.4609],[77.6151,20.4663],[77.612,20.4556],[77.6057,20.4552],[77.5978,20.4466],[77.604,20.436],[77.5903,20.4294],[77.5957,20.4126],[77.5813,20.4156],[77.5734,20.4001],[77.5729,20.382],[77.5785,20.372],[77.5683,20.3601],[77.5671,20.3443],[77.5677,20.3304],[77.5839,20.3268],[77.5876,20.3067],[77.5945,20.3029],[77.5941,20.2808],[77.61,20.2788],[77.6103,20.2641],[77.6315,20.2619],[77.6443,20.2507],[77.666,20.2473],[77.6533,20.2147],[77.6581,20.2071],[77.644,20.1873],[77.6496,20.1856],[77.6522,20.1721],[77.6655,20.1737],[77.6786,20.1684],[77.6737,20.1474],[77.682,20.144],[77.671,20.1213],[77.6693,20.1023],[77.6581,20.097],[77.6562,20.0803],[77.6441,20.0724],[77.6425,20.0629],[77.6291,20.0469],[77.6284,20.037],[77.6374,20.0313],[77.6373,20.0066],[77.6638,20.0076],[77.6686,20.0173],[77.6772,20.0173],[77.676,20.0231],[77.6904,20.0229],[77.6821,20.0129],[77.6943,20.0064],[77.7153,20.0037],[77.7266,19.9942],[77.7452,20.008],[77.7628,20.0087],[77.7702,20.0046],[77.778,20.0118],[77.7924,19.986],[77.8058,19.9873],[77.8251,19.9807],[77.8228,19.9596],[77.8616,19.9538],[77.875,19.9527],[77.8721,19.9671],[77.873,19.9814],[77.853,19.9917],[77.8594,20.0115],[77.857,20.0161],[77.8705,20.0318],[77.8807,20.0244],[77.8774,20.0184],[77.8839,20.0146],[77.8859,20.0226],[77.8969,20.0323],[77.889,20.058],[77.8637,20.0613],[77.8676,20.0876],[77.8661,20.1087],[77.8622,20.1115],[77.8658,20.1229],[77.8583,20.1309],[77.8624,20.1426],[77.8592,20.1671],[77.8815,20.1776],[77.8855,20.1921],[77.8678,20.1974],[77.8648,20.2028],[77.8799,20.2249],[77.8793,20.2338],[77.8963,20.2486],[77.8926,20.2507],[77.894,20.2588],[77.9064,20.2679],[77.9062,20.291],[77.8898,20.2826],[77.8753,20.285],[77.8618,20.2964],[77.8582,20.2842],[77.8414,20.2944],[77.8444,20.3131],[77.8561,20.327],[77.8621,20.3474],[77.8522,20.3652],[77.8335,20.3594],[77.8269,20.3631],[77.8263,20.3699],[77.8371,20.3738],[77.8394,20.3841],[77.8501,20.3755],[77.8646,20.382],[77.8736,20.3726],[77.8834,20.3778],[77.9127,20.3807],[77.9271,20.3753],[77.9314,20.38],[77.9434,20.3805],[77.9504,20.3739],[77.9536,20.3531],[77.9715,20.3549],[77.9796,20.3702],[77.9914,20.3803],[78.019,20.3847],[78.0095,20.3951],[78.0148,20.3985],[78.0337,20.3967],[78.0479,20.4052],[78.0486,20.4232],[78.0391,20.4274],[78.0336,20.4382],[78.0041,20.4662],[77.9875,20.4675],[77.978,20.4746],[77.9788,20.4848],[77.9674,20.5005],[77.9646,20.5158],[77.9735,20.5207],[77.9874,20.5175],[78.0012,20.5216],[77.9995,20.5486],[78.0106,20.5513],[78.0113,20.576],[78.0103,20.5794],[77.9957,20.5808],[77.989,20.5931],[77.991,20.5995],[77.9772,20.6044],[77.9731,20.5875],[77.9509,20.5754],[77.9503,20.5795],[77.9451,20.58],[77.9329,20.5758],[77.9245,20.559],[77.9229,20.5647],[77.9132,20.5647],[77.9152,20.5743]]]}},{"type":"Feature","properties":{"ac_name":"DINDORI","ac_no":122,"ac_category":"ST","st_name":"MAHARASHTRA"},"geometry":{"type":"Polygon","coordinates":[[[73.412,20.1971],[73.4272,20.1738],[73.4487,20.1763],[73.4554,20.1561],[73.4513,20.1452],[73.4626,20.1423],[73.4576,20.1335],[73.4694,20.1276],[73.4838,20.1277],[73.4962,20.1363],[73.5104,20.1349],[73.5204,20.1402],[73.5251,20.1294],[73.5215,20.1071],[73.5249,20.1026],[73.5337,20.1144],[73.5713,20.1192],[73.5799,20.1139],[73.588,20.1179],[73.6118,20.1409],[73.6269,20.1291],[73.6535,20.1216],[73.6622,20.1166],[73.6751,20.1295],[73.6808,20.1296],[73.6857,20.1127],[73.6959,20.1086],[73.6967,20.0959],[73.7167,20.0949],[73.7315,20.1018],[73.7487,20.0927],[73.7518,20.0829],[73.766,20.0779],[73.7822,20.0793],[73.7825,20.0846],[73.7881,20.0843],[73.7903,20.0737],[73.8093,20.0785],[73.8352,20.0647],[73.8566,20.0742],[73.8918,20.0608],[73.9039,20.0608],[73.9137,20.063],[73.9116,20.0716],[73.9007,20.0726],[73.9048,20.1148],[73.9234,20.1272],[73.9292,20.1509],[73.9414,20.1467],[73.9474,20.1488],[73.954,20.1961],[73.967,20.2091],[73.9828,20.2114],[73.9871,20.2372],[73.9993,20.2418],[74.0086,20.2654],[73.9993,20.2769],[73.9911,20.2718],[73.9754,20.274],[73.966,20.2828],[73.9631,20.2932],[73.9488,20.2906],[73.9463,20.3008],[73.9403,20.3042],[73.9411,20.3195],[73.9526,20.3283],[73.9425,20.3484],[73.9512,20.3692],[73.9412,20.3752],[73.9326,20.3713],[73.9199,20.3847],[73.9056,20.3816],[73.9036,20.3934],[73.8857,20.41],[73.8709,20.4085],[73.8602,20.4139],[73.8484,20.4114],[73.835,20.4181],[73.829,20.4292],[73.8012,20.4274],[73.7942,20.4475],[73.7861,20.4478],[73.7687,20.4381],[73.7345,20.441],[73.7251,20.4348],[73.7183,20.439],[73.6971,20.4426],[73.6642,20.4259],[73.6424,20.4255],[73.624,20.4152],[73.6147,20.4161],[73.6016,20.4105],[73.5966,20.413],[73.5935,20.4071],[73.5769,20.4052],[73.5615,20.3967],[73.5601,20.4059],[73.5485,20.4037],[73.5434,20.4071],[73.5391,20.3993],[73.5307,20.4031],[73.5274,20.3981],[73.5174,20.3988],[73.5253,20.3907],[73.5232,20.3867],[73.5163,20.3886],[73.512,20.4033],[73.4863,20.3915],[73.4897,20.3851],[73.476,20.3882],[73.4772,20.3821],[73.4721,20.3813],[73.4656,20.3897],[73.4607,20.3874],[73.4556,20.3842],[73.4578,20.3736],[73.4461,20.3849],[73.4398,20.3821],[73.4396,20.372],[73.4343,20.3693],[73.4151,20.371],[73.4171,20.3589],[73.4135,20.3562],[73.4135,20.3561],[73.4093,20.3488],[73.4185,20.3304],[73.4139,20.3259],[73.4154,20.3174],[73.4277,20.2803],[73.4128,20.2706],[73.416,20.2585],[73.4112,20.2528],[73.4152,20.2506],[73.413,20.2439],[73.4181,20.2425],[73.4114,20.238],[73.421,20.2069],[73.4127,20.1974],[73.412,20.1971]]]}},{"type":"Feature","properties":{"ac_name":"KANNAD","ac_no":105,"ac_category":"GEN","st_name":"MAHARASHTRA"},"geometry":{"type":"Polygon","coordinates":[[[75.1592,20.4756],[75.1606,20.4376],[75.1246,20.4318],[75.1243,20.4231],[75.1181,20.423],[75.114,20.4142],[75.1057,20.4122],[75.1107,20.394],[75.1164,20.3924],[75.126,20.3503],[75.1009,20.3456],[75.0941,20.3359],[75.0591,20.3355],[75.0534,20.3078],[75.026,20.3183],[75.0185,20.3274],[74.9992,20.3369],[74.9938,20.3363],[74.9867,20.3309],[74.9864,20.303],[74.9686,20.3052],[74.9419,20.2802],[74.9479,20.2741],[74.9345,20.2702],[74.9333,20.2503],[74.9056,20.2462],[74.9081,20.2192],[74.9284,20.2174],[74.9279,20.1857],[74.9219,20.1746],[74.9294,20.1599],[74.9278,20.1546],[74.923,20.1551],[74.9233,20.1486],[74.9499,20.1388],[74.9686,20.1214],[74.9777,20.1195],[74.9787,20.1143],[74.9928,20.1136],[75.001,20.101],[75.0206,20.1169],[75.042,20.112],[75.0348,20.0798],[75.0194,20.0546],[75.0286,20.0539],[75.026,20.0487],[74.9936,20.0288],[74.9942,20.008],[74.9992,20.0007],[75.0168,20.0058],[75.0636,20.0055],[75.0775,20.0098],[75.1138,20.001],[75.1176,20.047],[75.1015,20.0548],[75.1009,20.0589],[75.1138,20.0626],[75.1197,20.0723],[75.1025,20.0765],[75.1011,20.0917],[75.0913,20.0969],[75.0955,20.1078],[75.1018,20.1071],[75.1013,20.1016],[75.1091,20.1025],[75.1134,20.12],[75.15,20.1175],[75.1457,20.1496],[75.1649,20.1442],[75.1747,20.1576],[75.1815,20.1532],[75.2133,20.1502],[75.2135,20.1761],[75.2219,20.1925],[75.2377,20.1922],[75.2573,20.205],[75.2675,20.1905],[75.274,20.2006],[75.2839,20.2056],[75.3031,20.2075],[75.302,20.2147],[75.3088,20.2141],[75.314,20.2263],[75.3156,20.2114],[75.3266,20.2208],[75.3314,20.2127],[75.3223,20.2001],[75.3411,20.2052],[75.3464,20.2074],[75.3484,20.2187],[75.3558,20.2276],[75.348,20.2304],[75.3423,20.2411],[75.3656,20.2398],[75.3905,20.2442],[75.3887,20.2568],[75.4003,20.2666],[75.4085,20.2658],[75.4106,20.2598],[75.4602,20.261],[75.454,20.252],[75.4695,20.2391],[75.4651,20.2334],[75.498,20.2319],[75.5105,20.2622],[75.5245,20.2724],[75.5342,20.2916],[75.5247,20.2929],[75.5258,20.2993],[75.5225,20.2994],[75.5258,20.3219],[75.5192,20.361],[75.523,20.377],[75.5079,20.3898],[75.5262,20.4292],[75.5003,20.4345],[75.5015,20.4433],[75.455,20.4698],[75.4369,20.4902],[75.4086,20.4743],[75.3984,20.4755],[75.3956,20.4629],[75.3735,20.4692],[75.3668,20.4588],[75.363,20.4577],[75.3617,20.4626],[75.3586,20.4526],[75.353,20.4468],[75.3458,20.4468],[75.3406,20.4394],[75.2783,20.4463],[75.2648,20.4334],[75.2517,20.4098],[75.2393,20.4221],[75.2384,20.4313],[75.2572,20.4806],[75.2417,20.4912],[75.227,20.4941],[75.2059,20.499],[75.2086,20.4927],[75.1974,20.4922],[75.1986,20.4752],[75.1592,20.4756]]]}},{"type":"Feature","properties":{"ac_name":"BRAHMAPURI","ac_no":73,"ac_category":"GEN","st_name":"MAHARASHTRA"},"geometry":{"type":"Polygon","coordinates":[[[79.9644,20.3384],[79.9731,20.3531],[79.9586,20.3801],[79.964,20.4139],[79.9452,20.4316],[79.9398,20.443],[79.9522,20.5302],[79.9469,20.5397],[79.9274,20.5506],[79.9313,20.5652],[79.9004,20.5749],[79.8952,20.6071],[79.8792,20.6064],[79.8697,20.6105],[79.8675,20.6141],[79.8792,20.6196],[79.8833,20.6299],[79.8531,20.6375],[79.8335,20.6128],[79.8267,20.6132],[79.8212,20.598],[79.7752,20.5816],[79.7751,20.5637],[79.8041,20.5535],[79.8005,20.5423],[79.7852,20.5439],[79.7822,20.523],[79.7894,20.5082],[79.7533,20.5165],[79.747,20.5083],[79.755,20.5057],[79.7588,20.4965],[79.7546,20.4854],[79.7592,20.481],[79.7629,20.4591],[79.7704,20.4553],[79.7781,20.4416],[79.7699,20.4352],[79.7618,20.416],[79.7474,20.413],[79.7358,20.4193],[79.7195,20.3942],[79.7153,20.3769],[79.7225,20.3722],[79.7242,20.3638],[79.7118,20.3575],[79.7044,20.3392],[79.6771,20.3611],[79.6538,20.3619],[79.6512,20.3688],[79.6437,20.3708],[79.641,20.3622],[79.6247,20.3641],[79.594,20.3764],[79.5541,20.4008],[79.5424,20.3998],[79.543,20.4057],[79.5188,20.4095],[79.506,20.4061],[79.518,20.3807],[79.5126,20.3792],[79.5124,20.3713],[79.5202,20.353],[79.5173,20.3507],[79.4998,20.3659],[79.483,20.369],[79.4905,20.3475],[79.4801,20.3374],[79.4741,20.3136],[79.4537,20.3168],[79.4319,20.3074],[79.4112,20.2754],[79.4092,20.2642],[79.4123,20.2552],[79.4391,20.2559],[79.4425,20.246],[79.4492,20.2433],[79.4819,20.2469],[79.4857,20.2398],[79.4834,20.2313],[79.4671,20.2135],[79.4931,20.2129],[79.488,20.1985],[79.4903,20.193],[79.5081,20.1774],[79.5283,20.1479],[79.5342,20.1573],[79.5641,20.1469],[79.617,20.1524],[79.6235,20.1454],[79.628,20.1461],[79.6379,20.1769],[79.6258,20.1739],[79.621,20.1768],[79.6296,20.1837],[79.6597,20.1894],[79.6633,20.1863],[79.67,20.1928],[79.6716,20.1875],[79.6819,20.1961],[79.6897,20.1935],[79.708,20.2013],[79.7216,20.2015],[79.7249,20.2083],[79.712,20.2109],[79.711,20.2191],[79.7187,20.2262],[79.7277,20.2262],[79.7292,20.2059],[79.7383,20.2018],[79.727,20.1935],[79.7224,20.1949],[79.7235,20.1827],[79.7393,20.1785],[79.7439,20.1733],[79.7415,20.167],[79.7527,20.1621],[79.7606,20.1514],[79.7298,20.1452],[79.7344,20.1317],[79.7065,20.1185],[79.7093,20.1076],[79.7214,20.1125],[79.7261,20.1074],[79.7251,20.0943],[79.7369,20.1025],[79.7534,20.0936],[79.7586,20.08],[79.7477,20.0725],[79.7319,20.0819],[79.722,20.0825],[79.7227,20.0736],[79.7435,20.065],[79.7333,20.0569],[79.7193,20.0669],[79.7187,20.05],[79.7305,20.0542],[79.7389,20.0454],[79.7595,20.0375],[79.7642,20.0413],[79.7796,20.038],[79.7835,20.0081],[79.8159,20.028],[79.8553,20.029],[79.8653,20.0159],[79.8677,19.9913],[79.8734,19.9802],[79.8956,19.9686],[79.9113,19.9667],[79.9263,19.9698],[79.9537,19.9921],[79.9889,20.0406],[79.9695,20.117],[79.9566,20.1248],[79.9331,20.1291],[79.9121,20.1458],[79.9161,20.1641],[79.9372,20.1937],[79.9613,20.2045],[79.9833,20.208],[79.9919,20.217],[79.9901,20.2325],[79.9815,20.2482],[79.9439,20.2876],[79.949,20.3229],[79.9644,20.3384]]]}},{"type":"Feature","properties":{"ac_name":"YAVATMAL","ac_no":78,"ac_category":"GEN","st_name":"MAHARASHTRA"},"geometry":{"type":"Polygon","coordinates":[[[77.8855,20.1921],[77.9089,20.1873],[77.9214,20.1988],[77.9458,20.1997],[77.9561,20.2159],[77.9747,20.204],[77.9794,20.1924],[78.0039,20.1745],[78.0097,20.1626],[78.0343,20.1652],[78.0533,20.1514],[78.0632,20.1525],[78.0873,20.1424],[78.1254,20.1436],[78.1369,20.134],[78.1557,20.137],[78.1579,20.1476],[78.165,20.1521],[78.1688,20.1454],[78.1942,20.1422],[78.1999,20.1524],[78.2366,20.1495],[78.2413,20.1681],[78.2714,20.1709],[78.2855,20.1676],[78.2879,20.1844],[78.31,20.1845],[78.3121,20.1908],[78.3611,20.192],[78.3625,20.1817],[78.3714,20.172],[78.3862,20.1788],[78.3866,20.1914],[78.3756,20.204],[78.3333,20.2112],[78.3318,20.2211],[78.3424,20.2292],[78.3609,20.2305],[78.365,20.2378],[78.3495,20.2516],[78.3344,20.2548],[78.3319,20.2762],[78.3036,20.2718],[78.3094,20.2772],[78.3054,20.2872],[78.3098,20.306],[78.2821,20.301],[78.2674,20.3033],[78.2631,20.3082],[78.2598,20.3282],[78.2657,20.3499],[78.2473,20.3573],[78.247,20.3622],[78.2577,20.3983],[78.2376,20.4004],[78.2512,20.4326],[78.2271,20.4362],[78.2284,20.4484],[78.2212,20.4488],[78.2146,20.4551],[78.2237,20.4666],[78.2236,20.4786],[78.2162,20.4799],[78.2081,20.465],[78.1825,20.4728],[78.1847,20.4635],[78.1698,20.4574],[78.1678,20.449],[78.1492,20.4571],[78.1525,20.4682],[78.1474,20.4701],[78.1467,20.4647],[78.1276,20.4513],[78.1136,20.4554],[78.1147,20.4769],[78.0881,20.4883],[78.0876,20.4944],[78.0746,20.4907],[78.0722,20.4985],[78.0603,20.499],[78.0668,20.5086],[78.0459,20.5041],[78.0455,20.5169],[78.0348,20.5099],[78.0285,20.5122],[78.0184,20.5086],[78.0012,20.5216],[77.9874,20.5175],[77.9735,20.5207],[77.9646,20.5158],[77.9674,20.5005],[77.9788,20.4848],[77.978,20.4746],[77.9875,20.4675],[78.0041,20.4662],[78.0336,20.4382],[78.0391,20.4274],[78.0486,20.4232],[78.0479,20.4052],[78.0337,20.3967],[78.0148,20.3985],[78.0095,20.3951],[78.019,20.3847],[77.9914,20.3803],[77.9796,20.3702],[77.9715,20.3549],[77.9536,20.3531],[77.9504,20.3739],[77.9434,20.3805],[77.9314,20.38],[77.9271,20.3753],[77.9127,20.3807],[77.8834,20.3778],[77.8736,20.3726],[77.8646,20.382],[77.8501,20.3755],[77.8394,20.3841],[77.8371,20.3738],[77.8263,20.3699],[77.8269,20.3631],[77.8335,20.3594],[77.8522,20.3652],[77.8621,20.3474],[77.8561,20.327],[77.8444,20.3131],[77.8414,20.2944],[77.8582,20.2842],[77.8618,20.2964],[77.8753,20.285],[77.8898,20.2826],[77.9062,20.291],[77.9064,20.2679],[77.894,20.2588],[77.8926,20.2507],[77.8963,20.2486],[77.8793,20.2338],[77.8799,20.2249],[77.8648,20.2028],[77.8678,20.1974],[77.8855,20.1921]]]}},{"type":"Feature","properties":{"ac_name":"MEHKAR","ac_no":25,"ac_category":"SC","st_name":"MAHARASHTRA"},"geometry":{"type":"Polygon","coordinates":[[[76.7106,20.4407],[76.6984,20.4565],[76.6749,20.4562],[76.6708,20.4417],[76.6342,20.4227],[76.6331,20.4351],[76.6231,20.4388],[76.6014,20.4329],[76.5926,20.4475],[76.5874,20.4396],[76.578,20.4424],[76.5727,20.4504],[76.5639,20.4374],[76.5505,20.4176],[76.5718,20.4012],[76.5671,20.3816],[76.5598,20.3758],[76.5487,20.3833],[76.5359,20.3576],[76.5226,20.3472],[76.507,20.321],[76.4935,20.3191],[76.4754,20.3279],[76.4583,20.3192],[76.4538,20.3127],[76.4697,20.2996],[76.4615,20.2928],[76.435,20.2946],[76.4174,20.3099],[76.3935,20.3016],[76.382,20.2919],[76.3846,20.2833],[76.3772,20.2679],[76.3635,20.2716],[76.3603,20.2667],[76.3584,20.2576],[76.3681,20.2504],[76.3821,20.2486],[76.3861,20.2587],[76.4197,20.2448],[76.4324,20.2647],[76.4431,20.2598],[76.4407,20.2337],[76.4457,20.2316],[76.4462,20.2247],[76.4534,20.2201],[76.4765,20.2184],[76.4704,20.2007],[76.4596,20.1915],[76.4404,20.1946],[76.4357,20.1774],[76.4401,20.1507],[76.4508,20.1475],[76.452,20.1399],[76.4379,20.1005],[76.4276,20.0974],[76.4585,20.0936],[76.4558,20.0694],[76.4758,20.0533],[76.4738,20.047],[76.4679,20.0461],[76.4592,20.0132],[76.4507,20.0185],[76.4318,19.9988],[76.4269,19.9857],[76.4395,19.9822],[76.4197,19.9338],[76.4206,19.92],[76.4414,19.917],[76.4534,19.9232],[76.4934,19.9197],[76.4932,19.8934],[76.5012,19.8891],[76.5063,19.8783],[76.5194,19.8773],[76.5188,19.8721],[76.5357,19.8664],[76.5316,19.8622],[76.535,19.8508],[76.5393,19.8457],[76.5621,19.8401],[76.5681,19.8395],[76.5689,19.846],[76.6014,19.8433],[76.6104,19.8374],[76.6234,19.8429],[76.6331,19.8679],[76.647,19.8679],[76.6588,19.8886],[76.6567,19.8983],[76.6514,19.9015],[76.6337,19.8999],[76.6247,19.89],[76.6111,19.8932],[76.6141,19.9119],[76.6065,19.9232],[76.6241,19.9235],[76.6361,19.9322],[76.6351,19.9572],[76.6461,19.9654],[76.6593,19.9648],[76.6619,19.9774],[76.6453,19.9849],[76.657,19.9995],[76.6627,20.0478],[76.6242,20.0513],[76.6304,20.0823],[76.6376,20.0698],[76.6495,20.0695],[76.6522,20.0917],[76.6606,20.0971],[76.6583,20.1131],[76.669,20.1259],[76.6932,20.1216],[76.7566,20.1278],[76.7604,20.1616],[76.7478,20.1655],[76.7468,20.207],[76.7685,20.2092],[76.7844,20.2036],[76.7951,20.2182],[76.8106,20.2195],[76.8245,20.2433],[76.8207,20.2615],[76.8267,20.2656],[76.8196,20.281],[76.8115,20.2781],[76.8059,20.2875],[76.7909,20.2865],[76.7857,20.2901],[76.792,20.3146],[76.7688,20.3213],[76.7661,20.3162],[76.7451,20.327],[76.7454,20.3375],[76.7269,20.3379],[76.7284,20.3434],[76.6992,20.3518],[76.709,20.3858],[76.7229,20.3896],[76.7271,20.3984],[76.7227,20.4157],[76.7129,20.4192],[76.7144,20.4354],[76.7106,20.4407]]]}},{"type":"Feature","properties":{"ac_name":"RISOD","ac_no":33,"ac_category":"GEN","st_name":"MAHARASHTRA"},"geometry":{"type":"Polygon","coordinates":[[[77.0224,20.4497],[77.0138,20.4321],[77.0147,20.4129],[77.0033,20.415],[77.0018,20.4106],[76.9918,20.4087],[76.9952,20.3945],[76.9815,20.3878],[76.9811,20.3807],[76.9743,20.3804],[76.9782,20.3709],[76.9563,20.363],[76.9471,20.3633],[76.9365,20.3703],[76.931,20.3575],[76.9192,20.359],[76.9172,20.3514],[76.8976,20.3356],[76.8925,20.3168],[76.9096,20.3124],[76.8808,20.2916],[76.8802,20.2794],[76.8724,20.275],[76.8627,20.2961],[76.8519,20.3005],[76.8398,20.2964],[76.8386,20.299],[76.8376,20.2901],[76.8287,20.282],[76.8196,20.281],[76.8267,20.2656],[76.8207,20.2615],[76.8245,20.2433],[76.8106,20.2195],[76.7951,20.2182],[76.7844,20.2036],[76.7685,20.2092],[76.7468,20.207],[76.7478,20.1655],[76.7604,20.1616],[76.7566,20.1278],[76.6932,20.1216],[76.669,20.1259],[76.6583,20.1131],[76.6606,20.0971],[76.6522,20.0917],[76.6495,20.0695],[76.6376,20.0698],[76.6304,20.0823],[76.6242,20.0513],[76.6627,20.0478],[76.657,19.9995],[76.6453,19.9849],[76.6619,19.9774],[76.6593,19.9648],[76.6461,19.9654],[76.6351,19.9572],[76.6361,19.9322],[76.6241,19.9235],[76.6065,19.9232],[76.6141,19.9119],[76.6111,19.8932],[76.6247,19.89],[76.6337,19.8999],[76.6514,19.9015],[76.6567,19.8983],[76.6588,19.8886],[76.647,19.8679],[76.6583,19.855],[76.6787,19.8474],[76.6876,19.8555],[76.6933,19.874],[76.7223,19.87],[76.74,19.8738],[76.7467,19.9122],[76.7651,19.9052],[76.7723,19.9361],[76.8218,19.9294],[76.8373,19.9641],[76.8725,19.9582],[76.8738,19.9545],[76.8953,19.9489],[76.9001,19.9532],[76.9011,19.9646],[76.9442,19.9852],[76.9625,19.9878],[76.9732,19.997],[76.9882,19.9985],[76.9939,20.0176],[77.0009,20.0124],[77.0085,20.0248],[76.9995,20.0345],[76.9982,20.0632],[77.0119,20.0794],[77.0191,20.1108],[77.0239,20.1087],[77.0294,20.1244],[77.042,20.1203],[77.0384,20.1327],[77.0478,20.1337],[77.0467,20.1388],[77.0562,20.137],[77.0556,20.1446],[77.0489,20.1471],[77.0562,20.1634],[77.055,20.1862],[77.0661,20.1946],[77.0823,20.1892],[77.0976,20.2001],[77.1174,20.1914],[77.1256,20.1919],[77.1407,20.2049],[77.1452,20.2293],[77.1595,20.2364],[77.1546,20.2513],[77.1355,20.2545],[77.1417,20.2795],[77.1625,20.2783],[77.2029,20.2577],[77.2021,20.2736],[77.2153,20.2779],[77.2192,20.3375],[77.1986,20.3425],[77.1989,20.3467],[77.1893,20.3485],[77.1799,20.3593],[77.1569,20.3625],[77.1433,20.3809],[77.1388,20.3816],[77.1309,20.3981],[77.1208,20.4036],[77.1207,20.4111],[77.1163,20.4083],[77.1054,20.4111],[77.0793,20.4235],[77.0762,20.4394],[77.0594,20.4391],[77.0578,20.4468],[77.0463,20.4493],[77.0224,20.4497]]]}},{"type":"Feature","properties":{"ac_name":"WASHIM","ac_no":34,"ac_category":"SC","st_name":"MAHARASHTRA"},"geometry":{"type":"Polygon","coordinates":[[[77.3193,20.4503],[77.3147,20.4526],[77.2981,20.446],[77.2965,20.4237],[77.2843,20.4182],[77.2741,20.4317],[77.2494,20.4381],[77.2475,20.4267],[77.2427,20.426],[77.2286,20.4372],[77.2251,20.448],[77.2112,20.445],[77.2055,20.4491],[77.186,20.4476],[77.1835,20.4318],[77.1974,20.4218],[77.192,20.4007],[77.1514,20.3993],[77.1517,20.3918],[77.1433,20.3809],[77.1569,20.3625],[77.1799,20.3593],[77.1893,20.3485],[77.1989,20.3467],[77.1986,20.3425],[77.2192,20.3375],[77.2153,20.2779],[77.2021,20.2736],[77.2029,20.2577],[77.1625,20.2783],[77.1417,20.2795],[77.1355,20.2545],[77.1546,20.2513],[77.1595,20.2364],[77.1452,20.2293],[77.1407,20.2049],[77.1256,20.1919],[77.1174,20.1914],[77.0976,20.2001],[77.0823,20.1892],[77.0661,20.1946],[77.055,20.1862],[77.0562,20.1634],[77.0489,20.1471],[77.0556,20.1446],[77.0562,20.137],[77.0467,20.1388],[77.0478,20.1337],[77.0384,20.1327],[77.042,20.1203],[77.0294,20.1244],[77.0239,20.1087],[77.0191,20.1108],[77.0119,20.0794],[76.9982,20.0632],[76.9995,20.0345],[77.0085,20.0248],[77.0009,20.0124],[77.0131,20.0023],[77.0289,20.0101],[77.037,20.0083],[77.0413,20.0007],[77.061,19.9942],[77.0627,19.9847],[77.0703,19.981],[77.0701,19.9727],[77.0842,19.965],[77.0822,19.9561],[77.0927,19.9447],[77.093,19.936],[77.1034,19.932],[77.1119,19.9394],[77.1347,19.9434],[77.1391,19.9553],[77.1556,19.9657],[77.1714,19.9653],[77.178,19.9806],[77.2025,19.9905],[77.215,19.9732],[77.2079,19.9686],[77.2044,19.9448],[77.2089,19.9385],[77.2368,19.9372],[77.2367,19.9148],[77.2435,19.9046],[77.2342,19.8941],[77.2395,19.8908],[77.2566,19.9017],[77.268,19.8984],[77.2708,19.9188],[77.2837,19.9145],[77.2843,19.9369],[77.2988,19.9436],[77.3044,19.9653],[77.322,19.9592],[77.3278,19.9734],[77.3357,19.9735],[77.3415,20.0068],[77.3552,20.0139],[77.3551,20.0211],[77.3721,20.0463],[77.3543,20.0625],[77.3527,20.0692],[77.37,20.0889],[77.3658,20.0991],[77.3836,20.104],[77.3832,20.1101],[77.398,20.1162],[77.3758,20.1293],[77.3708,20.1394],[77.3924,20.152],[77.3853,20.1563],[77.3854,20.1629],[77.4036,20.1696],[77.4295,20.1704],[77.429,20.1862],[77.4152,20.1977],[77.3979,20.1987],[77.3737,20.2177],[77.3806,20.2362],[77.3976,20.2346],[77.4186,20.2238],[77.42,20.2287],[77.4244,20.2259],[77.4409,20.23],[77.4434,20.2362],[77.4393,20.2454],[77.4463,20.2599],[77.4373,20.273],[77.4309,20.2632],[77.4281,20.2791],[77.4206,20.2873],[77.432,20.2889],[77.4345,20.2953],[77.4448,20.2988],[77.4634,20.2824],[77.4851,20.2891],[77.4855,20.3072],[77.4732,20.3057],[77.4739,20.3099],[77.4636,20.3163],[77.4653,20.3257],[77.476,20.3215],[77.4779,20.3325],[77.4823,20.3344],[77.4822,20.3586],[77.4712,20.3607],[77.4634,20.354],[77.4499,20.3536],[77.4462,20.3587],[77.4487,20.3648],[77.4382,20.3695],[77.4349,20.3769],[77.4459,20.3998],[77.4358,20.3975],[77.4211,20.4164],[77.4156,20.4155],[77.4135,20.4274],[77.4253,20.4468],[77.4211,20.4496],[77.4083,20.4348],[77.3774,20.4369],[77.3748,20.4208],[77.3681,20.4169],[77.3543,20.4198],[77.3453,20.4306],[77.3296,20.434],[77.3209,20.4503],[77.3193,20.4503]]]}},{"type":"Feature","properties":{"ac_name":"WARORA","ac_no":75,"ac_category":"GEN","st_name":"MAHARASHTRA"},"geometry":{"type":"Polygon","coordinates":[[[79.1879,20.4809],[79.1652,20.4909],[79.1582,20.4781],[79.1497,20.4831],[79.14,20.4821],[79.1325,20.4568],[79.118,20.4503],[79.0923,20.4641],[79.0627,20.4689],[79.0519,20.4664],[79.0468,20.4691],[79.0477,20.4748],[79.0234,20.4828],[79.0002,20.4503],[78.988,20.4644],[78.9808,20.4577],[78.9672,20.4592],[78.9683,20.4493],[78.9539,20.4284],[78.9106,20.4313],[78.8977,20.4374],[78.8834,20.4281],[78.8579,20.4209],[78.8424,20.4334],[78.8343,20.4265],[78.8513,20.4154],[78.85,20.4117],[78.8375,20.4051],[78.8217,20.405],[78.8176,20.3975],[78.8212,20.3684],[78.8271,20.3623],[78.82,20.3513],[78.8316,20.3359],[78.8321,20.3233],[78.8077,20.3112],[78.7996,20.2994],[78.8211,20.2766],[78.8109,20.2632],[78.8166,20.2505],[78.8603,20.2545],[78.8871,20.2496],[78.9127,20.257],[78.9218,20.2542],[78.9213,20.2401],[78.9393,20.2285],[78.9378,20.2211],[78.9621,20.2104],[78.9617,20.2028],[78.9544,20.1943],[78.9585,20.1828],[78.9536,20.1722],[78.9737,20.1622],[78.9813,20.1491],[78.9696,20.1444],[78.9695,20.1285],[78.9779,20.1237],[78.9895,20.129],[78.9988,20.1271],[79.0196,20.1114],[79.0327,20.0948],[79.047,20.0864],[79.0439,20.0685],[79.0585,20.0653],[79.0632,20.0706],[79.0684,20.07],[79.0709,20.0549],[79.0806,20.0389],[79.0809,20.0259],[79.1079,20.0099],[79.1104,19.9896],[79.1325,19.9859],[79.1371,19.9764],[79.1618,19.9792],[79.1587,19.9934],[79.1486,20.007],[79.1377,20.02],[79.1259,20.0254],[79.1294,20.037],[79.1488,20.0382],[79.1597,20.0503],[79.1765,20.0405],[79.1969,20.0493],[79.2009,20.0401],[79.2077,20.0394],[79.2245,20.0408],[79.2354,20.056],[79.2409,20.042],[79.2655,20.037],[79.2704,20.0481],[79.2701,20.0684],[79.2546,20.0838],[79.2543,20.101],[79.2596,20.1063],[79.2868,20.1152],[79.2981,20.1325],[79.319,20.1335],[79.329,20.1465],[79.3362,20.1478],[79.3557,20.1437],[79.3544,20.1257],[79.3666,20.1253],[79.385,20.1152],[79.4246,20.1265],[79.4313,20.1316],[79.4329,20.1538],[79.4375,20.159],[79.4482,20.1563],[79.4511,20.168],[79.4607,20.1774],[79.4606,20.2119],[79.4671,20.2135],[79.4834,20.2313],[79.4857,20.2398],[79.4819,20.2469],[79.4492,20.2433],[79.4425,20.246],[79.4391,20.2559],[79.4123,20.2552],[79.4092,20.2642],[79.4112,20.2754],[79.4319,20.3074],[79.4537,20.3168],[79.2937,20.3251],[79.2924,20.3521],[79.2998,20.3822],[79.2822,20.4074],[79.2709,20.445],[79.2736,20.4628],[79.2881,20.4787],[79.2724,20.4908],[79.2586,20.4869],[79.2545,20.4801],[79.2473,20.4918],[79.2275,20.4649],[79.2248,20.4505],[79.2046,20.4605],[79.2035,20.475],[79.1879,20.4809]]]}},{"type":"Feature","properties":{"ac_name":"DAHANU","ac_no":128,"ac_category":"ST","st_name":"MAHARASHTRA"},"geometry":{"type":"GeometryCollection","geometries":[{"type":"Polygon","coordinates":[[[72.8746,20.2261,0],[72.8899,20.2202,0],[72.8988,20.2278,0],[72.9624,20.2102,0],[72.962,20.1839,0],[72.9776,20.1802,0],[72.9745,20.1603,0],[72.961,20.1344,0],[72.9721,20.1147,0],[72.9926,20.1176,0],[72.9952,20.1384,0],[72.9982,20.1428,0],[73.0035,20.1402,0],[73.0121,20.1297,0],[72.9998,20.1225,0],[73.0012,20.1121,0],[73.0088,20.1081,0],[73.0393,20.0676,0],[73.0515,20.0639,0],[73.0556,20.0989,0],[73.0983,20.0894,0],[73.1054,20.0676,0],[73.122,20.044,0],[73.1217,20.0363,0],[73.1094,20.0191,0],[73.1053,19.9834,0],[73.1091,19.9753,0],[73.1019,19.9722,0],[73.0811,19.9937,0],[73.0654,19.9931,0],[73.0667,19.962,0],[73.0459,19.9479,0],[73.0154,19.9509,0],[73.0256,19.973,0],[73.0187,19.9856,0],[73.017,20.0063,0],[73.0104,20.0095,0],[72.9907,20.0075,0],[72.9757,20.0167,0],[72.9618,20.003,0],[72.9316,19.998,0],[72.9175,20.0027,0],[72.8965,19.9984,0],[72.8916,19.9748,0],[72.8648,19.9903,0],[72.8664,19.9776,0],[72.8563,19.9674,0],[72.8487,19.9709,0],[72.824,19.952,0],[72.8176,19.9533,0],[72.8063,19.9385,0],[72.795,19.9361,0],[72.7916,19.9243,0],[72.7816,19.9215,0],[72.7729,19.9083,0],[72.7683,19.9114,0],[72.7743,19.9151,0],[72.7657,19.9196,0],[72.7674,19.9332,0],[72.7619,19.9361,0],[72.7684,19.9354,0],[72.7746,19.9438,0],[72.7682,19.9455,0],[72.7705,19.954,0],[72.7602,19.9528,0],[72.7581,19.9481,0],[72.7469,19.9519,0],[72.7563,19.9565,0],[72.7534,19.9615,0],[72.7766,19.9612,0],[72.7686,19.9644,0],[72.7726,19.9677,0],[72.7677,19.9686,0],[72.7684,19.9779,0],[72.7625,19.9773,0],[72.7658,19.9822,0],[72.7584,19.9845,0],[72.7459,19.9806,0],[72.7417,19.9695,0],[72.7372,19.9846,0],[72.7401,19.9885,0],[72.7353,19.9862,0],[72.7324,19.9718,0],[72.7248,19.9758,0],[72.7318,19.9779,0],[72.7275,19.9887,0],[72.722,19.9712,0],[72.7164,19.9735,0],[72.7224,19.9946,0],[72.7081,20.0711,0],[72.7114,20.0794,0],[72.727,20.0809,0],[72.73,20.0937,0],[72.735,20.0923,0],[72.7375,20.1348,0],[72.7381,20.1348,0],[72.7386,20.1347,0],[72.7391,20.1347,0],[72.7629,20.1299,0],[72.7752,20.1319,0],[72.7941,20.1227,0],[72.785,20.1453,0],[72.789,20.1491,0],[72.8059,20.1543,0],[72.8154,20.1444,0],[72.8246,20.1421,0],[72.8225,20.1548,0],[72.8164,20.1569,0],[72.8204,20.1747,0],[72.8163,20.1843,0],[72.8373,20.1885,0],[72.8312,20.1977,0],[72.8388,20.2086,0],[72.861,20.2073,0],[72.8587,20.2245,0],[72.8746,20.2261,0]]]},{"type":"Polygon","coordinates":[[[73.0017,20.2165,0],[72.9877,20.213,0],[72.9788,20.2159,0],[72.9743,20.2237,0],[72.9788,20.2338,0],[72.9896,20.2389,0],[73.0054,20.2323,0],[73.0085,20.229,0],[73.0017,20.2165,0]]]}]}},{"type":"Feature","properties":{"ac_name":"IGATPURI","ac_no":127,"ac_category":"ST","st_name":"MAHARASHTRA"},"geometry":{"type":"Polygon","coordinates":[[[73.3147,20.203],[73.3013,20.2105],[73.2892,20.1985],[73.2834,20.1986],[73.2799,20.1508],[73.2643,20.1397],[73.2539,20.1379],[73.2543,20.1277],[73.2494,20.1225],[73.2544,20.1126],[73.2701,20.1082],[73.2736,20.0838],[73.2637,20.0798],[73.2665,20.0705],[73.261,20.0636],[73.2781,20.047],[73.2895,20.0496],[73.2877,20.0568],[73.295,20.0616],[73.2983,20.0526],[73.3108,20.0565],[73.3139,20.0489],[73.3317,20.041],[73.3331,20.0453],[73.3468,20.0356],[73.3573,20.0403],[73.3663,20.0202],[73.3777,20.0222],[73.3922,20.0145],[73.4073,20.0178],[73.4154,20.012],[73.4264,19.9858],[73.4407,19.9803],[73.4506,19.9839],[73.4487,19.9671],[73.4557,19.9596],[73.449,19.9544],[73.4399,19.9561],[73.439,19.9348],[73.4214,19.9169],[73.4366,19.8739],[73.4237,19.8723],[73.4143,19.8589],[73.4198,19.8509],[73.4208,19.8353],[73.4423,19.8263],[73.4429,19.7855],[73.449,19.7668],[73.4787,19.7593],[73.4918,19.7634],[73.4993,19.7605],[73.5045,19.7343],[73.4851,19.7259],[73.4943,19.7199],[73.5201,19.7069],[73.5157,19.6976],[73.5295,19.6972],[73.534,19.6767],[73.5442,19.666],[73.5437,19.6588],[73.5593,19.6455],[73.5633,19.6196],[73.5785,19.6179],[73.5849,19.6112],[73.5759,19.6024],[73.5884,19.6068],[73.5991,19.5983],[73.6138,19.5955],[73.616,19.5854],[73.6343,19.5959],[73.6615,19.5841],[73.6693,19.5906],[73.682,19.5882],[73.6857,19.5935],[73.7044,19.5967],[73.7132,19.6162],[73.7291,19.619],[73.7274,19.6376],[73.7009,19.6429],[73.6868,19.6388],[73.6814,19.6435],[73.6754,19.6663],[73.6765,19.6761],[73.6834,19.6824],[73.6714,19.7177],[73.6968,19.7115],[73.7148,19.7183],[73.7183,19.7271],[73.7286,19.7278],[73.7451,19.7146],[73.7523,19.7275],[73.7644,19.7316],[73.7547,19.7493],[73.7749,19.7605],[73.7709,19.7732],[73.7747,19.771],[73.7801,19.7753],[73.7889,19.793],[73.7797,19.8069],[73.7743,19.803],[73.7535,19.8181],[73.7541,19.8517],[73.7243,19.8386],[73.7171,19.8573],[73.7108,19.8569],[73.7034,19.8642],[73.6966,19.8816],[73.6977,19.8936],[73.6824,19.888],[73.6667,19.8943],[73.6322,19.8792],[73.6211,19.8837],[73.6272,19.8968],[73.6243,19.9066],[73.6323,19.9131],[73.6278,19.925],[73.6449,19.9669],[73.6352,19.9753],[73.6233,19.9761],[73.6155,19.982],[73.6085,19.9973],[73.5845,20.001],[73.5719,20.0335],[73.5777,20.0588],[73.5573,20.0709],[73.5652,20.0876],[73.5759,20.0743],[73.5937,20.0832],[73.598,20.1014],[73.588,20.1179],[73.5799,20.1139],[73.5713,20.1192],[73.5337,20.1144],[73.5249,20.1026],[73.5215,20.1071],[73.5251,20.1294],[73.5204,20.1402],[73.5104,20.1349],[73.4962,20.1363],[73.4838,20.1277],[73.4694,20.1276],[73.4576,20.1335],[73.4626,20.1423],[73.4513,20.1452],[73.4554,20.1561],[73.4487,20.1763],[73.4272,20.1738],[73.412,20.1971],[73.4113,20.1969],[73.3957,20.1983],[73.3888,20.1929],[73.3864,20.2101],[73.3804,20.2121],[73.3753,20.2042],[73.3672,20.204],[73.3678,20.1968],[73.3641,20.1959],[73.354,20.2012],[73.3622,20.2068],[73.3579,20.2137],[73.3464,20.2093],[73.344,20.1997],[73.3245,20.2067],[73.3147,20.203]]]}},{"type":"Feature","properties":{"ac_name":"NIPHAD","ac_no":121,"ac_category":"GEN","st_name":"MAHARASHTRA"},"geometry":{"type":"Polygon","coordinates":[[[74.1168,20.2193],[74.1084,20.2239],[74.1073,20.235],[74.0987,20.2394],[74.0838,20.2328],[74.0783,20.2163],[74.0207,20.2199],[74.0102,20.2116],[73.9993,20.2155],[73.9926,20.2096],[73.9828,20.2114],[73.967,20.2091],[73.954,20.1961],[73.9474,20.1488],[73.9414,20.1467],[73.9292,20.1509],[73.9234,20.1272],[73.9048,20.1148],[73.9007,20.0726],[73.9116,20.0716],[73.9137,20.063],[73.9407,20.0684],[73.9542,20.0642],[73.9565,20.059],[73.9449,20.0256],[73.9368,20.0234],[73.9461,19.9853],[73.9368,19.9806],[73.9385,19.9757],[73.9714,19.9763],[74.003,19.9546],[74.0023,19.9412],[74.0313,19.9332],[74.0363,19.9276],[74.059,19.9314],[74.057,19.9345],[74.0768,19.9346],[74.0886,19.9675],[74.1326,19.9562],[74.1753,19.9534],[74.1809,19.9583],[74.2072,19.9525],[74.2224,19.9536],[74.2323,19.9685],[74.2208,19.9686],[74.1894,19.992],[74.1735,19.9935],[74.1631,19.9874],[74.1536,19.9899],[74.1473,20.0098],[74.1417,20.0154],[74.1268,20.0187],[74.1381,20.0376],[74.1477,20.0388],[74.1452,20.0488],[74.1484,20.0517],[74.1731,20.0507],[74.1885,20.0807],[74.1776,20.0934],[74.1837,20.1101],[74.1813,20.1215],[74.1714,20.1239],[74.1717,20.1409],[74.1373,20.1437],[74.1295,20.1305],[74.1264,20.1592],[74.1335,20.1654],[74.1363,20.1883],[74.1464,20.1889],[74.1514,20.2024],[74.1499,20.2125],[74.1403,20.2089],[74.1323,20.2127],[74.1195,20.211],[74.1168,20.2193]]]}},{"type":"Feature","properties":{"ac_name":"VAIJAPUR","ac_no":112,"ac_category":"GEN","st_name":"MAHARASHTRA"},"geometry":{"type":"Polygon","coordinates":[[[74.7204,20.1944],[74.7211,20.1877],[74.7149,20.1807],[74.711,20.1707],[74.7167,20.1632],[74.715,20.1358],[74.708,20.1352],[74.7103,20.1297],[74.7056,20.1246],[74.7092,20.1218],[74.7032,20.1168],[74.7048,20.1139],[74.7303,20.1146],[74.7365,20.0812],[74.7095,20.0804],[74.7128,20.0655],[74.7209,20.055],[74.7067,20.0419],[74.7182,20.0182],[74.6952,20.0173],[74.6892,20.0107],[74.6889,19.9953],[74.682,19.9891],[74.6854,19.9687],[74.6727,19.9638],[74.6707,19.9471],[74.6718,19.9321],[74.6771,19.9312],[74.6775,19.9246],[74.6507,19.9209],[74.6461,19.9093],[74.6489,19.8931],[74.6445,19.8599],[74.6599,19.8576],[74.6571,19.835],[74.6031,19.8472],[74.6002,19.8085],[74.5892,19.7852],[74.5919,19.7762],[74.611,19.7699],[74.624,19.7885],[74.6354,19.7932],[74.6476,19.7867],[74.6519,19.778],[74.6677,19.7771],[74.6788,19.7667],[74.6898,19.7678],[74.6931,19.7552],[74.7074,19.7642],[74.7005,19.7726],[74.7019,19.7773],[74.7084,19.7822],[74.719,19.7785],[74.718,19.7622],[74.7231,19.7546],[74.7124,19.7293],[74.7042,19.7236],[74.7159,19.7264],[74.7211,19.7203],[74.7293,19.7223],[74.7286,19.7002],[74.7417,19.6969],[74.7446,19.6904],[74.7856,19.7193],[74.8021,19.7035],[74.78,19.6798],[74.7762,19.6515],[74.7807,19.6482],[74.7911,19.651],[74.7972,19.6615],[74.8197,19.6744],[74.8296,19.6662],[74.8371,19.6634],[74.85,19.6465],[74.8836,19.6557],[74.8874,19.6395],[74.9155,19.6484],[74.9278,19.6465],[74.9318,19.6373],[74.9436,19.6463],[74.9616,19.6476],[74.9835,19.639],[74.9917,19.6288],[75.0063,19.6736],[75.0258,19.774],[75.0147,19.8116],[75.0029,19.827],[74.9789,19.8807],[74.9625,19.8804],[74.9711,19.8968],[74.9707,19.9083],[74.9767,19.9078],[74.9872,19.9316],[74.994,19.9349],[74.9959,19.9474],[74.9918,19.9513],[74.9992,19.9806],[74.9946,19.9913],[74.9992,20.0007],[74.9942,20.008],[74.9936,20.0288],[75.026,20.0487],[75.0286,20.0539],[75.0194,20.0546],[75.0348,20.0798],[75.042,20.112],[75.0206,20.1169],[75.001,20.101],[74.9928,20.1136],[74.9787,20.1143],[74.9777,20.1195],[74.9686,20.1214],[74.9499,20.1388],[74.9233,20.1486],[74.923,20.1551],[74.9068,20.1552],[74.9067,20.1674],[74.8986,20.1691],[74.8958,20.1804],[74.8544,20.1793],[74.8553,20.2304],[74.83,20.2355],[74.8287,20.2463],[74.8173,20.2502],[74.8065,20.2458],[74.8012,20.2383],[74.7829,20.2339],[74.7848,20.2273],[74.8009,20.2332],[74.7828,20.2052],[74.7622,20.2052],[74.7559,20.1968],[74.7609,20.1858],[74.7344,20.1897],[74.7335,20.1975],[74.7301,20.1925],[74.7204,20.1944]]]}},{"type":"Feature","properties":{"ac_name":"PHULAMBRI","ac_no":106,"ac_category":"GEN","st_name":"MAHARASHTRA"},"geometry":{"type":"Polygon","coordinates":[[[75.5245,20.2724],[75.5105,20.2622],[75.498,20.2319],[75.4651,20.2334],[75.4695,20.2391],[75.454,20.252],[75.4602,20.261],[75.4106,20.2598],[75.4085,20.2658],[75.4003,20.2666],[75.3887,20.2568],[75.3905,20.2442],[75.3656,20.2398],[75.3423,20.2411],[75.348,20.2304],[75.3558,20.2276],[75.3484,20.2187],[75.3464,20.2074],[75.3411,20.2052],[75.3421,20.1919],[75.3361,20.1851],[75.3443,20.1818],[75.3335,20.1558],[75.3378,20.1469],[75.3543,20.1396],[75.3559,20.1272],[75.3656,20.1223],[75.358,20.122],[75.3575,20.1179],[75.3356,20.1201],[75.3349,20.1119],[75.3391,20.1117],[75.3373,20.0852],[75.3176,20.0523],[75.3267,20.0409],[75.3266,20.009],[75.2973,19.9983],[75.2777,19.9799],[75.272,19.9802],[75.269,19.9721],[75.2657,19.9731],[75.267,19.9666],[75.2612,19.9694],[75.2634,19.9662],[75.2606,19.9678],[75.2579,19.9625],[75.2457,19.9602],[75.2391,19.9506],[75.2514,19.931],[75.2621,19.9307],[75.2657,19.9249],[75.2915,19.9164],[75.2937,19.9066],[75.3011,19.907],[75.2976,19.9161],[75.3032,19.9223],[75.3199,19.9217],[75.3319,19.9304],[75.3414,19.9294],[75.346,19.9453],[75.3848,19.936],[75.3875,19.9155],[75.3885,19.9018],[75.4092,19.8986],[75.4061,19.8762],[75.3787,19.8701],[75.3756,19.852],[75.3962,19.853],[75.4214,19.8468],[75.4327,19.8384],[75.4294,19.8276],[75.4212,19.8211],[75.4258,19.8177],[75.4217,19.8104],[75.4019,19.8056],[75.3942,19.775],[75.405,19.7839],[75.4191,19.7854],[75.429,19.7814],[75.4295,19.7768],[75.452,19.7708],[75.4525,19.8045],[75.4706,19.8034],[75.4768,19.8441],[75.4831,19.8494],[75.5043,19.8476],[75.5031,19.8401],[75.5224,19.8358],[75.5285,19.8268],[75.5739,19.8383],[75.5756,19.8194],[75.583,19.8223],[75.6179,19.8192],[75.6197,19.8022],[75.6337,19.8076],[75.6338,19.8113],[75.656,19.813],[75.6602,19.8291],[75.6555,19.8401],[75.6448,19.8416],[75.6548,19.908],[75.6813,19.9224],[75.6755,19.9251],[75.6771,19.9309],[75.6691,19.9444],[75.6521,19.9578],[75.6427,19.9572],[75.6484,19.9722],[75.6398,19.9834],[75.6446,20.0008],[75.5998,20.001],[75.5927,20.006],[75.5883,20.0242],[75.6041,20.0509],[75.5973,20.0606],[75.5895,20.0605],[75.5865,20.0657],[75.5852,20.0905],[75.5862,20.0977],[75.6242,20.1],[75.6382,20.1437],[75.6023,20.1536],[75.6043,20.1638],[75.5944,20.1735],[75.5919,20.2005],[75.579,20.2073],[75.565,20.2077],[75.5705,20.2282],[75.541,20.2471],[75.5384,20.2598],[75.5245,20.2724]]]}},{"type":"Feature","properties":{"ac_name":"GADCHIROLI","ac_no":68,"ac_category":"ST","st_name":"MAHARASHTRA"},"geometry":{"type":"Polygon","coordinates":[[[80.4244,20.2527],[80.4221,20.281],[80.4025,20.3014],[80.3854,20.3135],[80.3499,20.328],[80.3672,20.3524],[80.3599,20.3636],[80.3502,20.3601],[80.3443,20.3708],[80.3444,20.3832],[80.3251,20.3854],[80.3073,20.3781],[80.29,20.3869],[80.2744,20.3845],[80.2649,20.3927],[80.2607,20.3909],[80.2524,20.4004],[80.2343,20.3751],[80.1898,20.3713],[80.155,20.3344],[80.1629,20.3251],[80.1831,20.3181],[80.1754,20.3088],[80.1755,20.2927],[80.161,20.3175],[80.1505,20.3175],[80.1537,20.3089],[80.1452,20.3149],[80.1247,20.313],[80.1186,20.3316],[80.112,20.3237],[80.1138,20.3171],[80.1063,20.3161],[80.1114,20.2939],[80.0963,20.294],[80.0785,20.2869],[80.0755,20.2534],[80.062,20.2514],[80.0544,20.2404],[80.047,20.2477],[80.028,20.2908],[80.0158,20.2829],[80.0115,20.2854],[79.9927,20.3002],[79.9879,20.3137],[79.989,20.3282],[79.9644,20.3384],[79.949,20.3229],[79.9439,20.2876],[79.9815,20.2482],[79.9901,20.2325],[79.9919,20.217],[79.9833,20.208],[79.9613,20.2045],[79.9372,20.1937],[79.9161,20.1641],[79.9121,20.1458],[79.9331,20.1291],[79.9566,20.1248],[79.9695,20.117],[79.9889,20.0406],[79.9537,19.9921],[79.9263,19.9698],[79.9113,19.9667],[79.8956,19.9686],[79.8734,19.9802],[79.8677,19.9913],[79.8653,20.0159],[79.8553,20.029],[79.8159,20.028],[79.7835,20.0081],[79.7693,19.9656],[79.7888,19.932],[79.7896,19.9215],[79.7975,19.9146],[79.803,19.8926],[79.7889,19.8807],[79.7803,19.8604],[79.7701,19.8571],[79.7433,19.8334],[79.7397,19.818],[79.7458,19.7828],[79.7537,19.7573],[79.7824,19.7275],[79.7858,19.6448],[79.7927,19.609],[79.8065,19.579],[79.8164,19.5742],[79.8312,19.5403],[79.894,19.5616],[79.9202,19.5812],[79.9362,19.6014],[79.942,19.6254],[79.9331,19.6775],[79.9678,19.6788],[79.9859,19.6938],[79.9908,19.704],[80.0401,19.7154],[80.0539,19.7146],[80.0978,19.6997],[80.1367,19.6716],[80.1374,19.6789],[80.1254,19.6894],[80.1274,19.6965],[80.14,19.6934],[80.1636,19.6977],[80.174,19.6931],[80.1937,19.7132],[80.2061,19.7178],[80.2067,19.7246],[80.194,19.7399],[80.1969,19.7458],[80.2086,19.7446],[80.2184,19.7375],[80.2262,19.741],[80.2242,19.7504],[80.2164,19.7563],[80.2379,19.795],[80.192,19.8593],[80.1997,19.8697],[80.2103,19.9078],[80.2066,19.9378],[80.2225,19.9492],[80.2412,19.9467],[80.2559,19.9519],[80.2715,19.9772],[80.2883,19.9869],[80.2992,19.986],[80.3072,19.977],[80.3142,19.9773],[80.351,19.9851],[80.3782,19.999],[80.3815,20.0022],[80.375,20.0254],[80.3799,20.0422],[80.3876,20.0457],[80.421,20.0482],[80.4362,20.0397],[80.4364,20.0324],[80.459,20.0299],[80.4773,20.0398],[80.5029,20.0371],[80.5198,20.0318],[80.5433,20.0122],[80.5508,20.0415],[80.549,20.0548],[80.5567,20.0706],[80.544,20.0955],[80.5521,20.1181],[80.5304,20.1319],[80.5124,20.136],[80.5053,20.1445],[80.4848,20.1439],[80.4605,20.1509],[80.4548,20.1456],[80.4555,20.138],[80.4338,20.1353],[80.402,20.1471],[80.3885,20.1649],[80.3965,20.1737],[80.4005,20.1895],[80.4211,20.1961],[80.4221,20.2067],[80.4053,20.2182],[80.3949,20.2436],[80.4244,20.2527]]]}},{"type":"Feature","properties":{"ac_name":"YEVLA","ac_no":119,"ac_category":"GEN","st_name":"MAHARASHTRA"},"geometry":{"type":"Polygon","coordinates":[[[74.7149,20.1807],[74.7021,20.1925],[74.7054,20.2017],[74.6967,20.2106],[74.6837,20.2033],[74.6673,20.2086],[74.6601,20.1996],[74.6134,20.1949],[74.609,20.1909],[74.6058,20.1982],[74.5907,20.1902],[74.5851,20.1774],[74.5701,20.1772],[74.5398,20.191],[74.5372,20.1867],[74.532,20.1915],[74.5345,20.1843],[74.5221,20.1888],[74.5206,20.1841],[74.494,20.1862],[74.4864,20.1992],[74.4784,20.203],[74.466,20.1963],[74.4597,20.203],[74.4526,20.202],[74.4371,20.1934],[74.4188,20.1996],[74.4114,20.1954],[74.3918,20.1951],[74.3873,20.2054],[74.3536,20.2079],[74.3545,20.1779],[74.3608,20.1677],[74.335,20.1581],[74.3341,20.1623],[74.3247,20.1608],[74.3239,20.1681],[74.3051,20.1722],[74.3047,20.1535],[74.2711,20.1576],[74.2657,20.1637],[74.2469,20.1625],[74.246,20.1831],[74.2201,20.184],[74.2198,20.1795],[74.1929,20.1756],[74.192,20.2045],[74.1514,20.2024],[74.1464,20.1889],[74.1363,20.1883],[74.1335,20.1654],[74.1264,20.1592],[74.1295,20.1305],[74.1373,20.1437],[74.1717,20.1409],[74.1714,20.1239],[74.1813,20.1215],[74.1837,20.1101],[74.1776,20.0934],[74.1885,20.0807],[74.1731,20.0507],[74.1484,20.0517],[74.1452,20.0488],[74.1477,20.0388],[74.1381,20.0376],[74.1268,20.0187],[74.1417,20.0154],[74.1473,20.0098],[74.1536,19.9899],[74.1631,19.9874],[74.1735,19.9935],[74.1894,19.992],[74.2208,19.9686],[74.2323,19.9685],[74.2478,19.9631],[74.27,19.9622],[74.2809,19.9568],[74.2858,19.9873],[74.3006,19.9699],[74.3033,19.9664],[74.3094,19.9683],[74.3186,19.9853],[74.3474,19.9845],[74.3494,19.9673],[74.362,19.9654],[74.3651,19.9752],[74.3767,19.9718],[74.3814,19.981],[74.4416,19.9733],[74.4523,19.9795],[74.4582,19.9953],[74.4807,19.9952],[74.4801,19.964],[74.4927,19.9621],[74.4933,19.9703],[74.5075,19.9724],[74.5196,19.9666],[74.5231,19.9762],[74.5562,19.9671],[74.5686,19.9542],[74.6707,19.9471],[74.6727,19.9638],[74.6854,19.9687],[74.682,19.9891],[74.6889,19.9953],[74.6892,20.0107],[74.6952,20.0173],[74.7182,20.0182],[74.7067,20.0419],[74.7209,20.055],[74.7128,20.0655],[74.7095,20.0804],[74.7365,20.0812],[74.7303,20.1146],[74.7048,20.1139],[74.7032,20.1168],[74.7092,20.1218],[74.7056,20.1246],[74.7103,20.1297],[74.708,20.1352],[74.715,20.1358],[74.7167,20.1632],[74.711,20.1707],[74.7149,20.1807]]]}},{"type":"Feature","properties":{"ac_name":"SINDKHED RAJA","ac_no":24,"ac_category":"GEN","st_name":"MAHARASHTRA"},"geometry":{"type":"Polygon","coordinates":[[[76.2397,20.2839],[76.2319,20.2944],[76.2235,20.2955],[76.2123,20.2867],[76.2084,20.2774],[76.2116,20.2694],[76.2077,20.2661],[76.1988,20.2606],[76.1784,20.2651],[76.1699,20.2581],[76.1665,20.2387],[76.1498,20.2372],[76.1332,20.2224],[76.1497,20.2059],[76.1449,20.1992],[76.1322,20.1986],[76.1336,20.1846],[76.1238,20.1736],[76.12,20.1612],[76.1088,20.1629],[76.1055,20.153],[76.109,20.1438],[76.1062,20.1331],[76.0989,20.1308],[76.0958,20.0963],[76.0727,20.1016],[76.0554,20.0975],[76.0522,20.0854],[76.0627,20.0848],[76.0694,20.0724],[76.0538,20.0625],[76.0193,20.0593],[76.0231,20.0243],[76.0095,20.0203],[76.0058,20.0124],[75.9782,20.0032],[75.9653,20.0033],[75.9659,19.9952],[75.972,19.9834],[75.9883,19.9805],[75.9896,19.9742],[76.0127,19.9742],[76.0114,19.9556],[76.0271,19.9487],[76.0403,19.9516],[76.0404,19.9478],[76.0482,19.9481],[76.0526,19.9415],[76.0475,19.9378],[76.0574,19.9303],[76.0588,19.9185],[76.0789,19.9128],[76.0788,19.8866],[76.0935,19.8703],[76.0976,19.8574],[76.1288,19.8644],[76.1371,19.8455],[76.1419,19.8439],[76.1478,19.844],[76.1487,19.8563],[76.1755,19.8512],[76.1838,19.8506],[76.1971,19.8649],[76.2069,19.8635],[76.2129,19.8678],[76.2288,19.8652],[76.2406,19.8741],[76.2481,19.8715],[76.2541,19.8756],[76.2732,19.8754],[76.296,19.8692],[76.3065,19.8814],[76.3156,19.8773],[76.3271,19.8849],[76.3375,19.8839],[76.3427,19.894],[76.3545,19.8966],[76.3556,19.9099],[76.366,19.9289],[76.3851,19.9165],[76.3907,19.9047],[76.4022,19.9109],[76.4052,19.9204],[76.4206,19.92],[76.4197,19.9338],[76.4395,19.9822],[76.4269,19.9857],[76.4318,19.9988],[76.4507,20.0185],[76.4592,20.0132],[76.4679,20.0461],[76.4738,20.047],[76.4758,20.0533],[76.4558,20.0694],[76.4585,20.0936],[76.4276,20.0974],[76.4379,20.1005],[76.452,20.1399],[76.4508,20.1475],[76.4401,20.1507],[76.4357,20.1774],[76.4404,20.1946],[76.4596,20.1915],[76.4704,20.2007],[76.4765,20.2184],[76.4534,20.2201],[76.4462,20.2247],[76.4457,20.2316],[76.4407,20.2337],[76.4431,20.2598],[76.4324,20.2647],[76.4197,20.2448],[76.3861,20.2587],[76.3821,20.2486],[76.3681,20.2504],[76.3682,20.2448],[76.3502,20.2421],[76.344,20.2255],[76.3242,20.2247],[76.285,20.2404],[76.2854,20.2458],[76.306,20.2528],[76.3019,20.2703],[76.2975,20.2703],[76.3004,20.2823],[76.2763,20.2885],[76.2563,20.2814],[76.2397,20.2839]]]}},{"type":"Feature","properties":{"ac_name":"VIKRAMGAD","ac_no":129,"ac_category":"ST","st_name":"MAHARASHTRA"},"geometry":{"type":"Polygon","coordinates":[[[73.2494,20.1225],[73.2437,20.1281],[73.2249,20.1239],[73.2248,20.1403],[73.2181,20.1367],[73.2106,20.1207],[73.2149,20.1186],[73.2104,20.0859],[73.1974,20.0759],[73.1892,20.0774],[73.1871,20.0591],[73.192,20.0497],[73.179,20.0476],[73.166,20.0551],[73.1642,20.0609],[73.1573,20.0629],[73.155,20.0758],[73.1495,20.0785],[73.147,20.0736],[73.1425,20.0796],[73.1382,20.0784],[73.1366,20.0861],[73.1123,20.0744],[73.1041,20.0895],[73.0983,20.0894],[73.1054,20.0676],[73.122,20.044],[73.1217,20.0363],[73.1094,20.0191],[73.1053,19.9834],[73.1091,19.9753],[73.1019,19.9722],[73.0811,19.9937],[73.0654,19.9931],[73.0667,19.962],[73.0459,19.9479],[73.0154,19.9509],[73.0069,19.9408],[73.0258,19.9371],[73.0526,19.9389],[73.0502,19.9316],[73.0021,19.9213],[72.9896,19.9256],[72.9671,19.9131],[72.9634,19.9095],[72.9697,19.8946],[72.9576,19.8932],[72.9559,19.8861],[72.9626,19.8742],[72.9629,19.8518],[72.9784,19.8505],[72.9809,19.8418],[72.9907,19.8439],[73.0005,19.84],[72.9834,19.8188],[72.9668,19.7825],[72.947,19.7774],[72.9483,19.768],[72.9746,19.7657],[72.9768,19.7592],[72.9857,19.7564],[72.9789,19.737],[72.9625,19.7241],[72.9538,19.6969],[72.9802,19.657],[73.0042,19.6405],[73.0061,19.6325],[72.9967,19.6326],[72.9881,19.6226],[73.003,19.5779],[73.0582,19.5867],[73.073,19.6036],[73.0678,19.6186],[73.0536,19.6255],[73.0604,19.677],[73.0695,19.6779],[73.0703,19.6814],[73.0635,19.6941],[73.0619,19.7102],[73.0558,19.7134],[73.0699,19.7166],[73.1027,19.7066],[73.1271,19.7045],[73.1322,19.7153],[73.1593,19.7306],[73.1638,19.7438],[73.1716,19.7458],[73.1763,19.747],[73.1731,19.7529],[73.1832,19.7555],[73.1854,19.7756],[73.1927,19.7727],[73.2027,19.7928],[73.2056,19.7937],[73.2075,19.7861],[73.2267,19.7843],[73.233,19.8026],[73.2492,19.7993],[73.2539,19.8054],[73.2799,19.8073],[73.2849,19.7914],[73.2684,19.7633],[73.2736,19.7555],[73.3014,19.7564],[73.3179,19.7407],[73.3177,19.7288],[73.3273,19.7158],[73.3277,19.7031],[73.3576,19.6815],[73.3539,19.6733],[73.3588,19.6691],[73.3707,19.6759],[73.3692,19.6871],[73.3807,19.6853],[73.383,19.6925],[73.4174,19.6941],[73.4163,19.7022],[73.4343,19.6996],[73.4497,19.7139],[73.4568,19.7109],[73.4791,19.7229],[73.4943,19.7199],[73.4851,19.7259],[73.5045,19.7343],[73.4993,19.7605],[73.4918,19.7634],[73.4787,19.7593],[73.449,19.7668],[73.4429,19.7855],[73.4423,19.8263],[73.4208,19.8353],[73.4198,19.8509],[73.4143,19.8589],[73.4237,19.8723],[73.4366,19.8739],[73.4214,19.9169],[73.439,19.9348],[73.4399,19.9561],[73.449,19.9544],[73.4557,19.9596],[73.4487,19.9671],[73.4506,19.9839],[73.4407,19.9803],[73.4264,19.9858],[73.4154,20.012],[73.4073,20.0178],[73.3922,20.0145],[73.3777,20.0222],[73.3663,20.0202],[73.3573,20.0403],[73.3468,20.0356],[73.3331,20.0453],[73.3317,20.041],[73.3139,20.0489],[73.3108,20.0565],[73.2983,20.0526],[73.295,20.0616],[73.2877,20.0568],[73.2895,20.0496],[73.2781,20.047],[73.261,20.0636],[73.2665,20.0705],[73.2637,20.0798],[73.2736,20.0838],[73.2701,20.1082],[73.2544,20.1126],[73.2494,20.1225]]]}},{"type":"Feature","properties":{"ac_name":"DEOLALI","ac_no":126,"ac_category":"SC","st_name":"MAHARASHTRA"},"geometry":{"type":"Polygon","coordinates":[[[73.6535,20.1216],[73.6269,20.1291],[73.6118,20.1409],[73.588,20.1179],[73.598,20.1014],[73.5937,20.0832],[73.5759,20.0743],[73.5652,20.0876],[73.5573,20.0709],[73.5777,20.0588],[73.5719,20.0335],[73.5845,20.001],[73.6085,19.9973],[73.6155,19.982],[73.6233,19.9761],[73.6352,19.9753],[73.6449,19.9669],[73.6278,19.925],[73.6323,19.9131],[73.6243,19.9066],[73.6272,19.8968],[73.6211,19.8837],[73.6322,19.8792],[73.6667,19.8943],[73.6824,19.888],[73.6977,19.8936],[73.6966,19.8816],[73.7034,19.8642],[73.7108,19.8569],[73.7171,19.8573],[73.7243,19.8386],[73.7541,19.8517],[73.7535,19.8181],[73.7743,19.803],[73.7797,19.8069],[73.8005,19.8258],[73.8048,19.8268],[73.8131,19.8162],[73.8298,19.8229],[73.8322,19.8383],[73.8414,19.8448],[73.8356,19.8548],[73.8537,19.8619],[73.8701,19.8602],[73.8686,19.8825],[73.8719,19.8896],[73.8775,19.892],[73.8965,19.8855],[73.8942,19.9017],[73.9161,19.9036],[73.9216,19.9004],[73.9109,19.9295],[73.9295,19.9382],[73.9388,19.9363],[73.9312,19.9474],[73.9316,19.9555],[73.9377,19.9507],[73.94,19.9575],[73.9385,19.9757],[73.9368,19.9806],[73.9461,19.9853],[73.9368,20.0234],[73.9449,20.0256],[73.9565,20.059],[73.9542,20.0642],[73.9407,20.0684],[73.9137,20.063],[73.9039,20.0608],[73.9045,20.0455],[73.8827,20.0415],[73.876,20.0096],[73.86,20.0118],[73.861,19.9763],[73.8733,19.9746],[73.8686,19.9574],[73.8466,19.9458],[73.8338,19.9604],[73.8353,19.9663],[73.8269,19.9726],[73.8102,19.9591],[73.802,19.9608],[73.7952,19.9601],[73.7944,19.9426],[73.7547,19.9444],[73.7548,19.9585],[73.7188,19.9596],[73.7215,19.9735],[73.711,19.9685],[73.7068,19.9788],[73.6923,19.9804],[73.6914,20.0042],[73.7199,20.0344],[73.7472,20.0198],[73.7564,20.023],[73.7542,20.0308],[73.752,20.0491],[73.7568,20.055],[73.7574,20.0682],[73.766,20.0779],[73.7518,20.0829],[73.7487,20.0927],[73.7315,20.1018],[73.7167,20.0949],[73.6967,20.0959],[73.6959,20.1086],[73.6857,20.1127],[73.6808,20.1296],[73.6751,20.1295],[73.6622,20.1166],[73.6535,20.1216]]]}},{"type":"Feature","properties":{"ac_name":"GANGAPUR","ac_no":111,"ac_category":"GEN","st_name":"MAHARASHTRA"},"geometry":{"type":"Polygon","coordinates":[[[75.3411,20.2052],[75.3223,20.2001],[75.3314,20.2127],[75.3266,20.2208],[75.3156,20.2114],[75.314,20.2263],[75.3088,20.2141],[75.302,20.2147],[75.3031,20.2075],[75.2839,20.2056],[75.274,20.2006],[75.2675,20.1905],[75.2573,20.205],[75.2377,20.1922],[75.2219,20.1925],[75.2135,20.1761],[75.2133,20.1502],[75.1815,20.1532],[75.1747,20.1576],[75.1649,20.1442],[75.1457,20.1496],[75.15,20.1175],[75.1134,20.12],[75.1091,20.1025],[75.1013,20.1016],[75.1018,20.1071],[75.0955,20.1078],[75.0913,20.0969],[75.1011,20.0917],[75.1025,20.0765],[75.1197,20.0723],[75.1138,20.0626],[75.1009,20.0589],[75.1015,20.0548],[75.1176,20.047],[75.1138,20.001],[75.0775,20.0098],[75.0636,20.0055],[75.0168,20.0058],[74.9992,20.0007],[74.9946,19.9913],[74.9992,19.9806],[74.9918,19.9513],[74.9959,19.9474],[74.994,19.9349],[74.9872,19.9316],[74.9767,19.9078],[74.9707,19.9083],[74.9711,19.8968],[74.9625,19.8804],[74.9789,19.8807],[75.0029,19.827],[75.0147,19.8116],[75.0258,19.774],[75.0063,19.6736],[74.9917,19.6288],[75.0003,19.6235],[75.0377,19.6263],[75.0429,19.6218],[75.0402,19.6124],[75.0526,19.6112],[75.0604,19.6048],[75.0888,19.612],[75.1012,19.6026],[75.1148,19.6052],[75.129,19.5924],[75.1422,19.5982],[75.1529,19.5886],[75.1737,19.6016],[75.1919,19.5956],[75.2056,19.579],[75.2129,19.5896],[75.2058,19.5907],[75.2167,19.5991],[75.2157,19.6069],[75.2229,19.6032],[75.2368,19.6385],[75.2321,19.6467],[75.2326,19.6749],[75.2243,19.6785],[75.2227,19.6838],[75.2136,19.685],[75.2076,19.7038],[75.2108,19.7132],[75.2174,19.7155],[75.216,19.7237],[75.226,19.7567],[75.2307,19.7565],[75.25,19.7782],[75.2407,19.7908],[75.2414,19.799],[75.2552,19.7994],[75.2597,19.8045],[75.2474,19.8045],[75.2519,19.8129],[75.2353,19.8169],[75.2376,19.8379],[75.2253,19.8386],[75.2303,19.8633],[75.2138,19.8638],[75.2136,19.8713],[75.1912,19.8764],[75.2054,19.8947],[75.2105,19.8932],[75.2223,19.9023],[75.2233,19.9168],[75.2144,19.9259],[75.2059,19.948],[75.1965,19.9539],[75.2124,19.967],[75.2324,19.9683],[75.2391,19.9554],[75.2457,19.9602],[75.2579,19.9625],[75.2606,19.9678],[75.2634,19.9662],[75.2612,19.9694],[75.267,19.9666],[75.2657,19.9731],[75.269,19.9721],[75.272,19.9802],[75.2777,19.9799],[75.2973,19.9983],[75.3266,20.009],[75.3267,20.0409],[75.3176,20.0523],[75.3373,20.0852],[75.3391,20.1117],[75.3349,20.1119],[75.3356,20.1201],[75.3575,20.1179],[75.358,20.122],[75.3656,20.1223],[75.3559,20.1272],[75.3543,20.1396],[75.3378,20.1469],[75.3335,20.1558],[75.3443,20.1818],[75.3361,20.1851],[75.3421,20.1919],[75.3411,20.2052]]]}},{"type":"Feature","properties":{"ac_name":"BADNAPUR","ac_no":102,"ac_category":"SC","st_name":"MAHARASHTRA"},"geometry":{"type":"Polygon","coordinates":[[[75.6794,20.2021],[75.6732,20.1828],[75.6449,20.186],[75.6382,20.1437],[75.6242,20.1],[75.5862,20.0977],[75.5852,20.0905],[75.5865,20.0657],[75.5895,20.0605],[75.5973,20.0606],[75.6041,20.0509],[75.5883,20.0242],[75.5927,20.006],[75.5998,20.001],[75.6446,20.0008],[75.6398,19.9834],[75.6484,19.9722],[75.6427,19.9572],[75.6521,19.9578],[75.6691,19.9444],[75.6771,19.9309],[75.6755,19.9251],[75.6813,19.9224],[75.6548,19.908],[75.6448,19.8416],[75.6555,19.8401],[75.6602,19.8291],[75.656,19.813],[75.6338,19.8113],[75.6337,19.8076],[75.6415,19.7926],[75.6453,19.7929],[75.6459,19.7833],[75.6458,19.7796],[75.6342,19.7774],[75.6376,19.7717],[75.6241,19.7724],[75.6235,19.7689],[75.6253,19.7354],[75.6322,19.7345],[75.629,19.7054],[75.6257,19.7039],[75.6317,19.6706],[75.626,19.6563],[75.6057,19.6576],[75.6041,19.6424],[75.5852,19.6378],[75.5979,19.6005],[75.6494,19.5951],[75.6529,19.5853],[75.6503,19.5771],[75.6556,19.5691],[75.647,19.5367],[75.6436,19.5369],[75.6554,19.5296],[75.6673,19.5347],[75.6776,19.5326],[75.6936,19.5198],[75.6997,19.5213],[75.7069,19.5343],[75.7153,19.5317],[75.7265,19.5348],[75.7369,19.5316],[75.7419,19.5225],[75.7554,19.5318],[75.7713,19.5292],[75.7774,19.5329],[75.8029,19.5338],[75.8045,19.5429],[75.8188,19.5458],[75.8199,19.552],[75.8289,19.5539],[75.8267,19.5272],[75.8308,19.5259],[75.8336,19.5096],[75.8656,19.5104],[75.8659,19.5221],[75.8729,19.5266],[75.8799,19.5555],[75.9019,19.5669],[75.906,19.5885],[75.9006,19.6001],[75.9039,19.609],[75.8969,19.612],[75.8958,19.6228],[75.9089,19.6391],[75.9288,19.6389],[75.9151,19.665],[75.9134,19.677],[75.8955,19.6757],[75.8992,19.6959],[75.907,19.7038],[75.8952,19.7103],[75.8884,19.7095],[75.8837,19.7159],[75.877,19.7125],[75.8531,19.7164],[75.8386,19.724],[75.8363,19.736],[75.8298,19.7336],[75.8256,19.738],[75.837,19.7769],[75.826,19.7802],[75.8319,19.7931],[75.8261,19.8051],[75.834,19.8256],[75.8307,19.8497],[75.8456,19.8982],[75.8563,19.8984],[75.853,19.9156],[75.8613,19.9307],[75.8756,19.9455],[75.8901,19.9485],[75.8942,19.9693],[75.9092,19.9839],[75.9141,19.9949],[75.9298,20.0061],[75.9394,20.0254],[75.9095,20.0298],[75.9184,20.0626],[75.9142,20.0792],[75.9032,20.0868],[75.9255,20.1008],[75.9184,20.1191],[75.9223,20.1186],[75.9235,20.1296],[75.9274,20.1295],[75.9235,20.1551],[75.9319,20.1581],[75.9398,20.1701],[75.9302,20.1703],[75.9317,20.1795],[75.9049,20.1784],[75.8783,20.1635],[75.8814,20.159],[75.8789,20.1337],[75.8693,20.122],[75.8368,20.1282],[75.8324,20.136],[75.8325,20.1481],[75.8416,20.1576],[75.8563,20.1522],[75.8652,20.1563],[75.8614,20.1829],[75.8505,20.195],[75.8202,20.193],[75.7973,20.1788],[75.7946,20.1675],[75.7742,20.1716],[75.7557,20.161],[75.738,20.1686],[75.7465,20.191],[75.7299,20.2036],[75.7305,20.2158],[75.7158,20.2212],[75.699,20.1972],[75.6794,20.2021]]]}},{"type":"Feature","properties":{"ac_name":"WANI","ac_no":76,"ac_category":"GEN","st_name":"MAHARASHTRA"},"geometry":{"type":"Polygon","coordinates":[[[78.7832,20.2984],[78.7766,20.2641],[78.7659,20.2495],[78.7689,20.22],[78.7623,20.2194],[78.7574,20.2246],[78.7551,20.2169],[78.7384,20.2168],[78.734,20.1868],[78.7238,20.1858],[78.7217,20.1774],[78.7097,20.1759],[78.6974,20.158],[78.6817,20.1563],[78.6836,20.1407],[78.6586,20.1409],[78.6543,20.1309],[78.6657,20.1328],[78.6658,20.1188],[78.6467,20.1156],[78.65,20.1054],[78.6273,20.0569],[78.6344,20.0513],[78.6384,20.0069],[78.6201,19.9843],[78.6178,19.9646],[78.6015,19.9541],[78.5938,19.9457],[78.5934,19.938],[78.5903,19.9425],[78.5867,19.9385],[78.5896,19.9361],[78.5833,19.9157],[78.5787,19.9099],[78.5702,19.9098],[78.5697,19.9019],[78.5832,19.8932],[78.584,19.8857],[78.5765,19.8829],[78.5792,19.8767],[78.5756,19.8776],[78.5935,19.8661],[78.6038,19.8434],[78.5983,19.8388],[78.5992,19.8322],[78.5937,19.832],[78.5955,19.8177],[78.6099,19.8172],[78.6256,19.8083],[78.6428,19.808],[78.6551,19.8004],[78.6983,19.789],[78.7062,19.7725],[78.7192,19.7668],[78.7242,19.7679],[78.7301,19.7804],[78.7401,19.7833],[78.7568,19.7721],[78.7793,19.7804],[78.7878,19.7756],[78.7946,19.7601],[78.8031,19.7558],[78.8167,19.7621],[78.8249,19.7546],[78.8408,19.762],[78.8568,19.771],[78.8788,19.7673],[78.8821,19.7644],[78.8792,19.7486],[78.9001,19.7377],[78.9231,19.7476],[78.9496,19.7498],[78.9515,19.7579],[78.9373,19.7772],[78.9515,19.7989],[78.9723,19.8072],[79.0088,19.8071],[79.0233,19.8001],[79.0413,19.8214],[79.0587,19.8167],[79.0719,19.8182],[79.0859,19.8293],[79.0896,19.843],[79.0969,19.8414],[79.1091,19.8471],[79.1163,19.8607],[79.1348,19.8676],[79.1359,19.878],[79.1432,19.8825],[79.147,19.8933],[79.1476,19.8972],[79.1106,19.9058],[79.1012,19.9177],[79.0924,19.916],[79.0895,19.9204],[79.0886,19.9496],[79.1071,19.9651],[79.1061,19.9835],[79.1104,19.9896],[79.1079,20.0099],[79.0809,20.0259],[79.0806,20.0389],[79.0709,20.0549],[79.0684,20.07],[79.0632,20.0706],[79.0585,20.0653],[79.0439,20.0685],[79.047,20.0864],[79.0327,20.0948],[79.0196,20.1114],[78.9988,20.1271],[78.9895,20.129],[78.9779,20.1237],[78.9695,20.1285],[78.9696,20.1444],[78.9813,20.1491],[78.9737,20.1622],[78.9536,20.1722],[78.9585,20.1828],[78.9544,20.1943],[78.9617,20.2028],[78.9621,20.2104],[78.9378,20.2211],[78.9393,20.2285],[78.9213,20.2401],[78.9218,20.2542],[78.9127,20.257],[78.8871,20.2496],[78.8603,20.2545],[78.8166,20.2505],[78.8109,20.2632],[78.8211,20.2766],[78.7996,20.2994],[78.7832,20.2984]]]}},{"type":"Feature","properties":{"ac_name":"NASHIK EAST","ac_no":123,"ac_category":"GEN","st_name":"MAHARASHTRA"},"geometry":{"type":"Polygon","coordinates":[[[73.7881,20.0843],[73.7825,20.0846],[73.7822,20.0793],[73.766,20.0779],[73.7574,20.0682],[73.7568,20.055],[73.752,20.0491],[73.7542,20.0308],[73.7818,20.0253],[73.7955,20.0245],[73.8051,20.0042],[73.8306,19.9903],[73.8403,19.9703],[73.8353,19.9663],[73.8338,19.9604],[73.8466,19.9458],[73.8686,19.9574],[73.8733,19.9746],[73.861,19.9763],[73.86,20.0118],[73.876,20.0096],[73.8827,20.0415],[73.9045,20.0455],[73.9039,20.0608],[73.8918,20.0608],[73.8566,20.0742],[73.8352,20.0647],[73.8093,20.0785],[73.7903,20.0737],[73.7881,20.0843]]]}},{"type":"Feature","properties":{"ac_name":"PALGHAR","ac_no":130,"ac_category":"ST","st_name":"MAHARASHTRA"},"geometry":{"type":"Polygon","coordinates":[[[72.7079,19.9677],[72.6979,19.9596],[72.7036,19.9584],[72.6886,19.9575],[72.6826,19.9451],[72.6858,19.9415],[72.6816,19.9398],[72.6817,19.9435],[72.6637,19.9342],[72.676,19.9206],[72.677,19.9168],[72.6734,19.9222],[72.6782,19.9009],[72.6859,19.9097],[72.6802,19.8982],[72.6806,19.8663],[72.6881,19.8751],[72.6897,19.8669],[72.6955,19.8651],[72.7014,19.8804],[72.7001,19.8591],[72.6865,19.8591],[72.684,19.868],[72.6721,19.8547],[72.6827,19.8524],[72.6784,19.8482],[72.6751,19.8486],[72.6776,19.853],[72.6712,19.8509],[72.6692,19.8444],[72.6583,19.8478],[72.6547,19.8353],[72.6675,19.8208],[72.6758,19.818],[72.6769,19.8255],[72.6803,19.8243],[72.676,19.8154],[72.6913,19.7955],[72.6852,19.7578],[72.6913,19.7386],[72.7041,19.736],[72.7042,19.7271],[72.6947,19.727],[72.7079,19.7111],[72.7135,19.695],[72.7113,19.6872],[72.7155,19.6841],[72.7109,19.6842],[72.7104,19.6917],[72.7068,19.6799],[72.7086,19.6718],[72.7141,19.6693],[72.7115,19.6553],[72.7189,19.6337],[72.7238,19.6329],[72.716,19.6462],[72.7338,19.6292],[72.7319,19.6485],[72.7419,19.6505],[72.7479,19.6473],[72.7538,19.6265],[72.7503,19.6193],[72.7431,19.6188],[72.7391,19.6264],[72.7255,19.6287],[72.7294,19.6016],[72.7394,19.5988],[72.7441,19.6027],[72.7453,19.6139],[72.7508,19.6167],[72.756,19.6163],[72.7585,19.6084],[72.7574,19.6173],[72.7666,19.6156],[72.7625,19.6222],[72.7712,19.6225],[72.7724,19.6357],[72.773,19.6274],[72.7788,19.627],[72.7741,19.6211],[72.78,19.6174],[72.7754,19.6178],[72.7723,19.6083],[72.7804,19.608],[72.7801,19.6051],[72.7854,19.608],[72.7854,19.6045],[72.7987,19.605],[72.8151,19.6124],[72.8241,19.6089],[72.8418,19.6229],[72.8405,19.6271],[72.8502,19.6192],[72.862,19.6199],[72.8575,19.6339],[72.8596,19.6554],[72.8465,19.6827],[72.8402,19.7111],[72.8239,19.7225],[72.8237,19.727],[72.8078,19.7141],[72.792,19.7173],[72.7907,19.7476],[72.7742,19.7777],[72.7729,19.7933],[72.778,19.7979],[72.7729,19.7977],[72.7733,19.8595],[72.7759,19.8543],[72.7821,19.8612],[72.8189,19.8597],[72.8354,19.8487],[72.8495,19.8565],[72.8708,19.8464],[72.8945,19.8619],[72.9285,19.8669],[72.9415,19.8579],[72.9603,19.8567],[72.9629,19.8518],[72.9626,19.8742],[72.9559,19.8861],[72.9576,19.8932],[72.9697,19.8946],[72.9634,19.9095],[72.9671,19.9131],[72.9896,19.9256],[73.0021,19.9213],[73.0502,19.9316],[73.0526,19.9389],[73.0258,19.9371],[73.0069,19.9408],[73.0154,19.9509],[73.0256,19.973],[73.0187,19.9856],[73.017,20.0063],[73.0104,20.0095],[72.9907,20.0075],[72.9757,20.0167],[72.9618,20.003],[72.9316,19.998],[72.9175,20.0027],[72.8965,19.9984],[72.8916,19.9748],[72.8648,19.9903],[72.8664,19.9776],[72.8563,19.9674],[72.8487,19.9709],[72.824,19.952],[72.8176,19.9533],[72.8063,19.9385],[72.795,19.9361],[72.7916,19.9243],[72.7816,19.9215],[72.7729,19.9083],[72.7694,19.9073],[72.7752,19.9003],[72.7659,19.9014],[72.7636,19.8887],[72.7574,19.8822],[72.7543,19.9106],[72.7479,19.9185],[72.7435,19.902],[72.7401,19.9109],[72.7374,19.9074],[72.7342,19.91],[72.739,19.9238],[72.7361,19.9195],[72.7348,19.924],[72.7293,19.9212],[72.7305,19.927],[72.7259,19.9283],[72.7283,19.9354],[72.7221,19.9354],[72.7249,19.9417],[72.7224,19.9464],[72.7183,19.9455],[72.726,19.9541],[72.711,19.9604],[72.7183,19.9637],[72.7107,19.9633],[72.713,19.9664],[72.7211,19.9678],[72.7079,19.9677]]]}},{"type":"Feature","properties":{"ac_name":"ARNI","ac_no":80,"ac_category":"ST","st_name":"MAHARASHTRA"},"geometry":{"type":"Polygon","coordinates":[[[77.9794,20.1924],[77.9747,20.204],[77.9561,20.2159],[77.9458,20.1997],[77.9214,20.1988],[77.9089,20.1873],[77.8855,20.1921],[77.8815,20.1776],[77.8592,20.1671],[77.8624,20.1426],[77.8583,20.1309],[77.8658,20.1229],[77.8622,20.1115],[77.8661,20.1087],[77.8676,20.0876],[77.8637,20.0613],[77.889,20.058],[77.8969,20.0323],[77.8859,20.0226],[77.8839,20.0146],[77.8774,20.0184],[77.8807,20.0244],[77.8705,20.0318],[77.857,20.0161],[77.8594,20.0115],[77.853,19.9917],[77.873,19.9814],[77.8721,19.9671],[77.8988,19.9454],[77.8943,19.9343],[77.9025,19.9236],[77.9086,19.9259],[77.9147,19.9191],[77.9124,19.9125],[77.9171,19.9109],[77.9181,19.9027],[77.914,19.8942],[77.9244,19.8904],[77.9375,19.892],[77.9523,19.9088],[77.9697,19.9057],[77.9997,19.9119],[78.014,19.9075],[78.0204,19.9094],[78.0253,19.9179],[78.0526,19.9246],[78.058,19.9219],[78.061,19.9093],[78.0804,19.8942],[78.1022,19.8902],[78.1282,19.8943],[78.1441,19.9112],[78.1773,19.9053],[78.1918,19.8958],[78.2077,19.8994],[78.2174,19.9099],[78.2332,19.9099],[78.2503,19.9247],[78.2557,19.9185],[78.2571,19.9026],[78.2413,19.8813],[78.2471,19.869],[78.2539,19.8663],[78.2747,19.8742],[78.2839,19.9056],[78.3065,19.9143],[78.3307,19.9149],[78.3342,19.9058],[78.3244,19.8956],[78.3321,19.8851],[78.3816,19.8799],[78.3861,19.8461],[78.4231,19.8177],[78.4533,19.8131],[78.4723,19.8176],[78.4909,19.7928],[78.5073,19.7977],[78.509,19.8122],[78.5153,19.8192],[78.5318,19.8188],[78.5496,19.8244],[78.5724,19.816],[78.5955,19.8177],[78.5937,19.832],[78.5992,19.8322],[78.5983,19.8388],[78.6038,19.8434],[78.5935,19.8661],[78.5756,19.8776],[78.5792,19.8767],[78.5765,19.8829],[78.584,19.8857],[78.5832,19.8932],[78.5697,19.9019],[78.5702,19.9098],[78.5787,19.9099],[78.5833,19.9157],[78.5896,19.9361],[78.5867,19.9385],[78.5903,19.9425],[78.5934,19.938],[78.5938,19.9457],[78.6015,19.9541],[78.6178,19.9646],[78.6201,19.9843],[78.6384,20.0069],[78.6344,20.0513],[78.6273,20.0569],[78.65,20.1054],[78.6467,20.1156],[78.6338,20.1135],[78.6346,20.1082],[78.6292,20.1092],[78.6235,20.1002],[78.6083,20.1008],[78.6071,20.0938],[78.5913,20.098],[78.589,20.0902],[78.5772,20.0956],[78.5665,20.0894],[78.5637,20.0819],[78.559,20.0836],[78.5542,20.079],[78.5496,20.0552],[78.5442,20.0518],[78.5552,20.0281],[78.5307,20.0366],[78.5311,20.0488],[78.5172,20.0705],[78.5084,20.0752],[78.5017,20.0637],[78.4595,20.0822],[78.4216,20.0763],[78.4381,20.1061],[78.4518,20.1026],[78.4519,20.111],[78.4652,20.114],[78.463,20.1248],[78.4721,20.1294],[78.4659,20.1451],[78.4696,20.1554],[78.478,20.1567],[78.4805,20.1681],[78.4679,20.1767],[78.4637,20.1826],[78.4663,20.1863],[78.4355,20.1884],[78.4236,20.1932],[78.4171,20.1845],[78.3866,20.1914],[78.3862,20.1788],[78.3714,20.172],[78.3625,20.1817],[78.3611,20.192],[78.3121,20.1908],[78.31,20.1845],[78.2879,20.1844],[78.2855,20.1676],[78.2714,20.1709],[78.2413,20.1681],[78.2366,20.1495],[78.1999,20.1524],[78.1942,20.1422],[78.1688,20.1454],[78.165,20.1521],[78.1579,20.1476],[78.1557,20.137],[78.1369,20.134],[78.1254,20.1436],[78.0873,20.1424],[78.0632,20.1525],[78.0533,20.1514],[78.0343,20.1652],[78.0097,20.1626],[78.0039,20.1745],[77.9794,20.1924]]]}},{"type":"Feature","properties":{"ac_name":"NASHIK WEST","ac_no":125,"ac_category":"GEN","st_name":"MAHARASHTRA"},"geometry":{"type":"Polygon","coordinates":[[[73.802,19.9608],[73.8007,19.9715],[73.7833,19.9742],[73.7832,19.9864],[73.7616,19.9803],[73.7525,19.986],[73.7531,20.013],[73.7472,20.0198],[73.7199,20.0344],[73.6914,20.0042],[73.6923,19.9804],[73.7068,19.9788],[73.711,19.9685],[73.7215,19.9735],[73.7188,19.9596],[73.7548,19.9585],[73.7547,19.9444],[73.7944,19.9426],[73.7952,19.9601],[73.802,19.9608]]]}},{"type":"Feature","properties":{"ac_name":"NASHIK CENTRAL","ac_no":124,"ac_category":"GEN","st_name":"MAHARASHTRA"},"geometry":{"type":"Polygon","coordinates":[[[73.7818,20.0253],[73.7542,20.0308],[73.7564,20.023],[73.7472,20.0198],[73.7531,20.013],[73.7525,19.986],[73.7616,19.9803],[73.7832,19.9864],[73.7833,19.9742],[73.8007,19.9715],[73.802,19.9608],[73.8102,19.9591],[73.8269,19.9726],[73.8353,19.9663],[73.8403,19.9703],[73.8306,19.9903],[73.8051,20.0042],[73.7955,20.0245],[73.7818,20.0253]]]}},{"type":"Feature","properties":{"ac_name":"BALLARPUR","ac_no":72,"ac_category":"GEN","st_name":"MAHARASHTRA"},"geometry":{"type":"Polygon","coordinates":[[[79.4671,20.2135],[79.4606,20.2119],[79.4607,20.1774],[79.4511,20.168],[79.4482,20.1563],[79.4375,20.159],[79.4329,20.1538],[79.4313,20.1316],[79.4246,20.1265],[79.385,20.1152],[79.3666,20.1253],[79.3544,20.1257],[79.3557,20.1437],[79.3362,20.1478],[79.329,20.1465],[79.319,20.1335],[79.2981,20.1325],[79.2868,20.1152],[79.2596,20.1063],[79.2543,20.101],[79.2546,20.0838],[79.2701,20.0684],[79.2704,20.0481],[79.2655,20.037],[79.2619,20.034],[79.2626,20.0194],[79.2689,20.0087],[79.2634,20.0022],[79.2587,20.0035],[79.2514,19.9833],[79.2562,19.9807],[79.2629,19.987],[79.2718,19.988],[79.2955,19.9818],[79.2981,19.9637],[79.3051,19.9595],[79.3087,19.9482],[79.3099,19.9273],[79.3055,19.9111],[79.2934,19.9079],[79.2776,19.918],[79.2773,19.9265],[79.2653,19.9371],[79.2642,19.9281],[79.2519,19.9255],[79.2472,19.92],[79.2514,19.9053],[79.2582,19.8996],[79.2545,19.8894],[79.2758,19.8737],[79.3014,19.8733],[79.3366,19.854],[79.3408,19.8483],[79.3366,19.8383],[79.3467,19.8251],[79.3713,19.8148],[79.4112,19.8104],[79.4471,19.7953],[79.4924,19.763],[79.4906,19.7409],[79.5395,19.7684],[79.5394,19.7749],[79.5256,19.7734],[79.5262,19.7894],[79.5854,19.77],[79.6004,19.7726],[79.6274,19.7622],[79.632,19.7691],[79.6379,19.7678],[79.6386,19.7916],[79.649,19.7901],[79.6522,19.7829],[79.6602,19.7864],[79.6735,19.7792],[79.6819,19.7829],[79.6771,19.785],[79.6795,19.7956],[79.7026,19.8035],[79.7069,19.802],[79.7094,19.7832],[79.7372,19.7792],[79.7458,19.7828],[79.7397,19.818],[79.7433,19.8334],[79.7701,19.8571],[79.7803,19.8604],[79.7889,19.8807],[79.803,19.8926],[79.7975,19.9146],[79.7896,19.9215],[79.7888,19.932],[79.7693,19.9656],[79.7835,20.0081],[79.7796,20.038],[79.7642,20.0413],[79.7595,20.0375],[79.7389,20.0454],[79.7305,20.0542],[79.7187,20.05],[79.7193,20.0669],[79.7333,20.0569],[79.7435,20.065],[79.7227,20.0736],[79.722,20.0825],[79.7319,20.0819],[79.7477,20.0725],[79.7586,20.08],[79.7534,20.0936],[79.7369,20.1025],[79.7251,20.0943],[79.7261,20.1074],[79.7214,20.1125],[79.7093,20.1076],[79.7065,20.1185],[79.7344,20.1317],[79.7298,20.1452],[79.7606,20.1514],[79.7527,20.1621],[79.7415,20.167],[79.7439,20.1733],[79.7393,20.1785],[79.7235,20.1827],[79.7224,20.1949],[79.727,20.1935],[79.7383,20.2018],[79.7292,20.2059],[79.7277,20.2262],[79.7187,20.2262],[79.711,20.2191],[79.712,20.2109],[79.7249,20.2083],[79.7216,20.2015],[79.708,20.2013],[79.6897,20.1935],[79.6819,20.1961],[79.6716,20.1875],[79.67,20.1928],[79.6633,20.1863],[79.6597,20.1894],[79.6296,20.1837],[79.621,20.1768],[79.6258,20.1739],[79.6379,20.1769],[79.628,20.1461],[79.6235,20.1454],[79.617,20.1524],[79.5641,20.1469],[79.5342,20.1573],[79.5283,20.1479],[79.5081,20.1774],[79.4903,20.193],[79.488,20.1985],[79.4931,20.2129],[79.4671,20.2135]]]}},{"type":"Feature","properties":{"ac_name":"SINNAR","ac_no":120,"ac_category":"GEN","st_name":"MAHARASHTRA"},"geometry":{"type":"Polygon","coordinates":[[[73.9385,19.9757],[73.94,19.9575],[73.9377,19.9507],[73.9316,19.9555],[73.9312,19.9474],[73.9388,19.9363],[73.9295,19.9382],[73.9109,19.9295],[73.9216,19.9004],[73.9161,19.9036],[73.8942,19.9017],[73.8965,19.8855],[73.8775,19.892],[73.8719,19.8896],[73.8686,19.8825],[73.8701,19.8602],[73.8537,19.8619],[73.8356,19.8548],[73.8414,19.8448],[73.8322,19.8383],[73.8298,19.8229],[73.8131,19.8162],[73.8048,19.8268],[73.8005,19.8258],[73.7797,19.8069],[73.7889,19.793],[73.7801,19.7753],[73.7747,19.771],[73.7709,19.7732],[73.7749,19.7605],[73.7547,19.7493],[73.7644,19.7316],[73.7523,19.7275],[73.7451,19.7146],[73.7286,19.7278],[73.7183,19.7271],[73.7148,19.7183],[73.6968,19.7115],[73.6714,19.7177],[73.6834,19.6824],[73.6765,19.6761],[73.6754,19.6663],[73.6814,19.6435],[73.6868,19.6388],[73.7009,19.6429],[73.7274,19.6376],[73.7291,19.619],[73.7385,19.6177],[73.7445,19.6237],[73.7493,19.6219],[73.7594,19.6296],[73.7638,19.6283],[73.7665,19.6333],[73.7752,19.6269],[73.7764,19.641],[73.793,19.6425],[73.782,19.6481],[73.7801,19.6563],[73.7904,19.6638],[73.7957,19.6764],[73.8065,19.6781],[73.7927,19.688],[73.8052,19.6898],[73.8097,19.6837],[73.819,19.7144],[73.8387,19.7225],[73.837,19.7403],[73.8647,19.7477],[73.8686,19.7405],[73.8809,19.7382],[73.8889,19.7505],[73.8994,19.7438],[73.8952,19.7158],[73.913,19.6969],[73.9138,19.6934],[73.9052,19.696],[73.9076,19.6846],[73.9259,19.6724],[73.9572,19.6692],[73.9605,19.6742],[73.9687,19.6708],[73.978,19.6757],[73.9819,19.6704],[73.997,19.6671],[74.022,19.6738],[74.0504,19.663],[74.0714,19.6609],[74.0972,19.6413],[74.1016,19.6489],[74.1207,19.6437],[74.126,19.6569],[74.1446,19.6735],[74.1353,19.6907],[74.1396,19.6953],[74.1498,19.6865],[74.1539,19.6883],[74.1566,19.7067],[74.1672,19.7304],[74.1832,19.7322],[74.1888,19.7393],[74.2213,19.7382],[74.2235,19.7422],[74.2469,19.7441],[74.2476,19.7507],[74.2693,19.7602],[74.2753,19.7775],[74.3094,19.7677],[74.3176,19.7646],[74.3259,19.7715],[74.3232,19.78],[74.3277,19.7955],[74.3447,19.7985],[74.3536,19.7951],[74.3682,19.8058],[74.3738,19.8021],[74.3675,19.8114],[74.3697,19.8347],[74.3628,19.8333],[74.3631,19.8712],[74.3373,19.8723],[74.3353,19.8872],[74.2908,19.8983],[74.2901,19.9037],[74.2747,19.9063],[74.2726,19.9331],[74.2482,19.9351],[74.2478,19.9631],[74.2323,19.9685],[74.2224,19.9536],[74.2072,19.9525],[74.1809,19.9583],[74.1753,19.9534],[74.1326,19.9562],[74.0886,19.9675],[74.0768,19.9346],[74.057,19.9345],[74.059,19.9314],[74.0363,19.9276],[74.0313,19.9332],[74.0023,19.9412],[74.003,19.9546],[73.9714,19.9763],[73.9385,19.9757]]]}},{"type":"Feature","properties":{"ac_name":"KOPARGAON","ac_no":219,"ac_category":"GEN","st_name":"MAHARASHTRA"},"geometry":{"type":"Polygon","coordinates":[[[74.3006,19.9699],[74.2858,19.9873],[74.2809,19.9568],[74.27,19.9622],[74.2478,19.9631],[74.2482,19.9351],[74.2726,19.9331],[74.2747,19.9063],[74.2901,19.9037],[74.2908,19.8983],[74.3353,19.8872],[74.3373,19.8723],[74.3631,19.8712],[74.3628,19.8333],[74.3697,19.8347],[74.3675,19.8114],[74.3738,19.8021],[74.3682,19.8058],[74.3536,19.7951],[74.3447,19.7985],[74.3277,19.7955],[74.3232,19.78],[74.3259,19.7715],[74.3176,19.7646],[74.3094,19.7677],[74.3031,19.7553],[74.3035,19.7348],[74.3113,19.7364],[74.3232,19.7236],[74.3224,19.7091],[74.3479,19.7051],[74.343,19.6983],[74.3559,19.68],[74.3917,19.6818],[74.4072,19.7076],[74.3969,19.7308],[74.3747,19.7366],[74.404,19.768],[74.4046,19.7782],[74.4441,19.7931],[74.4526,19.8247],[74.4717,19.8224],[74.4906,19.8088],[74.5189,19.8077],[74.5191,19.7773],[74.5535,19.766],[74.5457,19.754],[74.5242,19.7526],[74.5229,19.7386],[74.5463,19.7344],[74.5435,19.7199],[74.5526,19.7216],[74.5507,19.7053],[74.5654,19.7037],[74.5541,19.6954],[74.5573,19.6771],[74.5538,19.6391],[74.5761,19.6343],[74.5778,19.6386],[74.622,19.6459],[74.6203,19.6542],[74.6268,19.6546],[74.6345,19.6656],[74.638,19.6637],[74.6564,19.7014],[74.6531,19.7104],[74.636,19.7043],[74.6313,19.7201],[74.6309,19.7272],[74.642,19.7377],[74.6519,19.778],[74.6476,19.7867],[74.6354,19.7932],[74.624,19.7885],[74.611,19.7699],[74.5919,19.7762],[74.5892,19.7852],[74.6002,19.8085],[74.6031,19.8472],[74.6571,19.835],[74.6599,19.8576],[74.6445,19.8599],[74.6489,19.8931],[74.6461,19.9093],[74.6507,19.9209],[74.6775,19.9246],[74.6771,19.9312],[74.6718,19.9321],[74.6707,19.9471],[74.5686,19.9542],[74.5562,19.9671],[74.5231,19.9762],[74.5196,19.9666],[74.5075,19.9724],[74.4933,19.9703],[74.4927,19.9621],[74.4801,19.964],[74.4807,19.9952],[74.4582,19.9953],[74.4523,19.9795],[74.4416,19.9733],[74.3814,19.981],[74.3767,19.9718],[74.3651,19.9752],[74.362,19.9654],[74.3494,19.9673],[74.3474,19.9845],[74.3186,19.9853],[74.3094,19.9683],[74.3033,19.9664],[74.3006,19.9699]]]}},{"type":"Feature","properties":{"ac_name":"PUSAD","ac_no":81,"ac_category":"GEN","st_name":"MAHARASHTRA"},"geometry":{"type":"Polygon","coordinates":[[[77.4986,20.0856],[77.4935,20.0792],[77.4788,20.0845],[77.4638,20.0698],[77.4462,20.0707],[77.406,20.0852],[77.3837,20.0867],[77.3658,20.0991],[77.37,20.0889],[77.3527,20.0692],[77.3543,20.0625],[77.3721,20.0463],[77.3551,20.0211],[77.3552,20.0139],[77.3415,20.0068],[77.3357,19.9735],[77.3278,19.9734],[77.322,19.9592],[77.3044,19.9653],[77.2988,19.9436],[77.2843,19.9369],[77.2837,19.9145],[77.2843,19.9057],[77.2913,19.9036],[77.3075,19.9147],[77.3129,19.9131],[77.313,19.8954],[77.2937,19.8954],[77.2954,19.8843],[77.3065,19.8821],[77.3216,19.8885],[77.3324,19.8786],[77.3457,19.876],[77.3459,19.8632],[77.3619,19.8603],[77.3622,19.8554],[77.3516,19.849],[77.3603,19.8361],[77.3427,19.8367],[77.3402,19.8315],[77.3438,19.8255],[77.3554,19.8169],[77.3666,19.8261],[77.389,19.8202],[77.3911,19.8128],[77.3842,19.81],[77.3782,19.7872],[77.402,19.7817],[77.4052,19.7747],[77.4005,19.7672],[77.3836,19.7675],[77.3764,19.7474],[77.3816,19.7379],[77.3798,19.7293],[77.3931,19.7279],[77.3962,19.7355],[77.4118,19.7454],[77.4154,19.7368],[77.4385,19.7252],[77.4487,19.7009],[77.4424,19.6903],[77.4583,19.6825],[77.4759,19.6836],[77.4821,19.6772],[77.4999,19.6792],[77.5011,19.6786],[77.5079,19.7005],[77.5038,19.7046],[77.5031,19.7217],[77.5191,19.7602],[77.5449,19.7637],[77.5728,19.7602],[77.579,19.7491],[77.5763,19.7351],[77.6142,19.7113],[77.6295,19.7263],[77.6368,19.7673],[77.6484,19.7777],[77.6336,19.7818],[77.6384,19.7958],[77.6331,19.7969],[77.6394,19.8071],[77.6364,19.8073],[77.6422,19.8082],[77.6352,19.8242],[77.6267,19.8302],[77.6569,19.8481],[77.65,19.854],[77.6567,19.8578],[77.6583,19.8679],[77.6679,19.8789],[77.6598,19.8925],[77.6624,19.8969],[77.6826,19.8913],[77.7032,19.8993],[77.7166,19.8966],[77.723,19.9052],[77.7341,19.9068],[77.7636,19.9025],[77.7764,19.8757],[77.7895,19.8664],[77.8074,19.8644],[77.8173,19.8851],[77.8246,19.8854],[77.8385,19.8761],[77.8449,19.8978],[77.8431,19.9089],[77.859,19.9081],[77.8616,19.9538],[77.8228,19.9596],[77.8251,19.9807],[77.8058,19.9873],[77.7924,19.986],[77.778,20.0118],[77.7702,20.0046],[77.7628,20.0087],[77.7452,20.008],[77.7266,19.9942],[77.7153,20.0037],[77.6943,20.0064],[77.6821,20.0129],[77.6904,20.0229],[77.676,20.0231],[77.6772,20.0173],[77.6686,20.0173],[77.6638,20.0076],[77.6373,20.0066],[77.6374,20.0313],[77.6284,20.037],[77.6148,20.0403],[77.6009,20.0346],[77.5959,20.0372],[77.5805,20.0293],[77.5683,20.0425],[77.5557,20.0474],[77.55,20.0654],[77.5391,20.0734],[77.5243,20.0969],[77.4986,20.0856]]]}},{"type":"Feature","properties":{"ac_name":"BOISAR","ac_no":131,"ac_category":"ST","st_name":"MAHARASHTRA"},"geometry":{"type":"Polygon","coordinates":[[[72.9629,19.8518],[72.9603,19.8567],[72.9415,19.8579],[72.9285,19.8669],[72.8945,19.8619],[72.8708,19.8464],[72.8495,19.8565],[72.8354,19.8487],[72.8189,19.8597],[72.7821,19.8612],[72.7759,19.8543],[72.7733,19.8595],[72.7729,19.7977],[72.778,19.7979],[72.7729,19.7933],[72.7742,19.7777],[72.7907,19.7476],[72.792,19.7173],[72.8078,19.7141],[72.8237,19.727],[72.8239,19.7225],[72.8402,19.7111],[72.8465,19.6827],[72.8596,19.6554],[72.8575,19.6339],[72.862,19.6199],[72.8502,19.6192],[72.8405,19.6271],[72.8418,19.6229],[72.8241,19.6089],[72.8151,19.6124],[72.7987,19.605],[72.7854,19.6045],[72.7821,19.6017],[72.789,19.597],[72.7851,19.5944],[72.7782,19.6012],[72.7718,19.5995],[72.7677,19.5864],[72.76,19.6005],[72.7494,19.5975],[72.7423,19.5895],[72.739,19.5945],[72.7471,19.5984],[72.7159,19.5922],[72.7163,19.5729],[72.7202,19.5668],[72.7192,19.5713],[72.7267,19.5668],[72.7225,19.5658],[72.7237,19.5607],[72.7202,19.5652],[72.724,19.5453],[72.7187,19.5397],[72.7235,19.5408],[72.7324,19.5269],[72.7387,19.5291],[72.7374,19.5222],[72.7462,19.5142],[72.7678,19.5074],[72.7712,19.5135],[72.7609,19.5227],[72.7682,19.5244],[72.7675,19.5285],[72.7561,19.5357],[72.7486,19.5315],[72.749,19.5419],[72.7414,19.548],[72.7454,19.554],[72.7422,19.5711],[72.7505,19.5718],[72.7683,19.5541],[72.7814,19.5573],[72.7882,19.5392],[72.8106,19.5202],[72.8339,19.5206],[72.8427,19.5397],[72.8521,19.5435],[72.8795,19.5265],[72.8947,19.5202],[72.9067,19.5217],[72.9118,19.5283],[72.9215,19.515],[72.9235,19.5034],[72.9141,19.4902],[72.917,19.4837],[72.9122,19.4604],[72.9156,19.4465],[72.9202,19.4438],[72.9147,19.4241],[72.9011,19.4113],[72.9171,19.4029],[72.9315,19.4027],[72.9413,19.4097],[72.9525,19.4323],[72.9602,19.4372],[72.9769,19.4208],[72.9885,19.4219],[72.9914,19.4185],[73.0012,19.4233],[73.016,19.445],[73.0246,19.4469],[73.0241,19.4605],[73.0083,19.4869],[73.0099,19.5151],[72.9976,19.5212],[73.0127,19.5567],[72.9973,19.5631],[73.003,19.5779],[72.9881,19.6226],[72.9967,19.6326],[73.0061,19.6325],[73.0042,19.6405],[72.9802,19.657],[72.9538,19.6969],[72.9625,19.7241],[72.9789,19.737],[72.9857,19.7564],[72.9768,19.7592],[72.9746,19.7657],[72.9483,19.768],[72.947,19.7774],[72.9668,19.7825],[72.9834,19.8188],[73.0005,19.84],[72.9907,19.8439],[72.9809,19.8418],[72.9784,19.8505],[72.9629,19.8518]]]}},{"type":"Feature","properties":{"ac_name":"JALNA","ac_no":101,"ac_category":"GEN","st_name":"MAHARASHTRA"},"geometry":{"type":"Polygon","coordinates":[[[75.9298,20.0061],[75.9141,19.9949],[75.9092,19.9839],[75.8942,19.9693],[75.8901,19.9485],[75.8756,19.9455],[75.8613,19.9307],[75.853,19.9156],[75.8563,19.8984],[75.8456,19.8982],[75.8307,19.8497],[75.834,19.8256],[75.8261,19.8051],[75.8319,19.7931],[75.826,19.7802],[75.837,19.7769],[75.8256,19.738],[75.8298,19.7336],[75.8363,19.736],[75.8386,19.724],[75.8531,19.7164],[75.877,19.7125],[75.8837,19.7159],[75.8884,19.7095],[75.8952,19.7103],[75.8999,19.7277],[75.8815,19.7366],[75.8801,19.7417],[75.8833,19.7523],[75.8808,19.7921],[75.8867,19.7949],[75.9003,19.7953],[75.9026,19.7819],[75.9242,19.7731],[75.9507,19.7828],[75.9524,19.8047],[75.9574,19.806],[75.9747,19.7969],[75.9994,19.7932],[76.0029,19.7822],[76.0266,19.7779],[76.0509,19.789],[76.0808,19.7821],[76.0962,19.7671],[76.1107,19.7911],[76.1235,19.7848],[76.1229,19.7781],[76.1474,19.7761],[76.15,19.7868],[76.1659,19.7857],[76.1671,19.8005],[76.1881,19.803],[76.1788,19.8178],[76.1701,19.8217],[76.1745,19.8285],[76.1755,19.8512],[76.1487,19.8563],[76.1478,19.844],[76.1419,19.8439],[76.1371,19.8455],[76.1288,19.8644],[76.0976,19.8574],[76.0935,19.8703],[76.0788,19.8866],[76.0789,19.9128],[76.0588,19.9185],[76.0574,19.9303],[76.0475,19.9378],[76.0526,19.9415],[76.0482,19.9481],[76.0404,19.9478],[76.0403,19.9516],[76.0271,19.9487],[76.0114,19.9556],[76.0127,19.9742],[75.9896,19.9742],[75.9883,19.9805],[75.972,19.9834],[75.9659,19.9952],[75.9395,19.9978],[75.9302,20.0009],[75.9298,20.0061]]]}},{"type":"Feature","properties":{"ac_name":"AURANGABADWEST","ac_no":108,"ac_category":"SC","st_name":"MAHARASHTRA"},"geometry":{"type":"Polygon","coordinates":[[[75.2324,19.9683],[75.2124,19.967],[75.1965,19.9539],[75.2059,19.948],[75.2144,19.9259],[75.2233,19.9168],[75.2223,19.9023],[75.2105,19.8932],[75.2054,19.8947],[75.1912,19.8764],[75.2136,19.8713],[75.2138,19.8638],[75.2303,19.8633],[75.2253,19.8386],[75.2376,19.8379],[75.2353,19.8169],[75.2519,19.8129],[75.2474,19.8045],[75.2597,19.8045],[75.2678,19.7933],[75.2835,19.789],[75.2877,19.7769],[75.3062,19.7732],[75.3118,19.7681],[75.3234,19.7804],[75.3376,19.7699],[75.3497,19.786],[75.3641,19.7715],[75.3673,19.7765],[75.3926,19.7685],[75.3942,19.775],[75.4019,19.8056],[75.4217,19.8104],[75.4258,19.8177],[75.4212,19.8211],[75.4294,19.8276],[75.4327,19.8384],[75.4214,19.8468],[75.3962,19.853],[75.3756,19.852],[75.3598,19.846],[75.343,19.8468],[75.3472,19.8751],[75.3391,19.8759],[75.3254,19.8794],[75.317,19.887],[75.3022,19.886],[75.2895,19.8922],[75.289,19.9021],[75.2937,19.9066],[75.2915,19.9164],[75.2657,19.9249],[75.2621,19.9307],[75.2514,19.931],[75.2391,19.9506],[75.2457,19.9602],[75.2391,19.9554],[75.2324,19.9683]]]}},{"type":"Feature","properties":{"ac_name":"HINGOLI","ac_no":94,"ac_category":"GEN","st_name":"MAHARASHTRA"},"geometry":{"type":"Polygon","coordinates":[[[77.0413,20.0007],[77.037,20.0083],[77.0289,20.0101],[77.0131,20.0023],[77.0009,20.0124],[76.9939,20.0176],[76.9882,19.9985],[76.9732,19.997],[76.9625,19.9878],[76.9442,19.9852],[76.9011,19.9646],[76.9001,19.9532],[76.8953,19.9489],[76.8738,19.9545],[76.8725,19.9582],[76.8373,19.9641],[76.8218,19.9294],[76.7723,19.9361],[76.7651,19.9052],[76.7467,19.9122],[76.74,19.8738],[76.7223,19.87],[76.6933,19.874],[76.6876,19.8555],[76.6787,19.8474],[76.6759,19.8394],[76.7066,19.8355],[76.7032,19.8191],[76.6988,19.819],[76.7032,19.8045],[76.6868,19.78],[76.7022,19.7641],[76.7099,19.7697],[76.7176,19.7672],[76.7281,19.7389],[76.7379,19.7305],[76.7332,19.7137],[76.7445,19.7108],[76.7517,19.694],[76.7614,19.6858],[76.7697,19.6914],[76.7728,19.6989],[76.7669,19.718],[76.7825,19.733],[76.7898,19.7222],[76.7832,19.7033],[76.7859,19.6757],[76.7906,19.6712],[76.7979,19.6724],[76.8075,19.6834],[76.8212,19.6705],[76.8256,19.6799],[76.8136,19.6993],[76.8153,19.7038],[76.8215,19.7074],[76.8407,19.7027],[76.8498,19.707],[76.8641,19.6753],[76.8506,19.6633],[76.8507,19.6486],[76.8681,19.6469],[76.8761,19.6402],[76.8683,19.6275],[76.876,19.6215],[76.8874,19.6299],[76.8926,19.6409],[76.8784,19.6485],[76.8889,19.6704],[76.921,19.6898],[76.9294,19.6759],[76.9431,19.6663],[76.9433,19.6702],[76.9567,19.6724],[76.9726,19.7068],[76.9827,19.7072],[76.9902,19.715],[77.0006,19.7147],[77.0014,19.702],[76.9929,19.6867],[77.0014,19.681],[77.004,19.6732],[77.0222,19.6828],[77.0387,19.6759],[77.0438,19.6729],[77.0414,19.6514],[77.0568,19.6491],[77.0687,19.6382],[77.0841,19.6526],[77.1002,19.6506],[77.1038,19.6607],[77.1193,19.6712],[77.1209,19.6771],[77.1433,19.6781],[77.1651,19.6824],[77.1747,19.679],[77.1779,19.6828],[77.1588,19.6938],[77.1602,19.6999],[77.1817,19.699],[77.1833,19.7378],[77.1741,19.7361],[77.1611,19.7581],[77.1241,19.7625],[77.1117,19.7699],[77.112,19.7833],[77.1338,19.7826],[77.1364,19.7974],[77.1464,19.7983],[77.1697,19.7777],[77.1721,19.7843],[77.1797,19.7837],[77.1752,19.7894],[77.1821,19.7972],[77.183,19.8153],[77.2048,19.8127],[77.204,19.8385],[77.1864,19.849],[77.1877,19.8613],[77.2149,19.8601],[77.2244,19.8795],[77.2059,19.8842],[77.2071,19.8887],[77.2346,19.8873],[77.2395,19.8908],[77.2342,19.8941],[77.2435,19.9046],[77.2367,19.9148],[77.2368,19.9372],[77.2089,19.9385],[77.2044,19.9448],[77.2079,19.9686],[77.215,19.9732],[77.2025,19.9905],[77.178,19.9806],[77.1714,19.9653],[77.1556,19.9657],[77.1391,19.9553],[77.1347,19.9434],[77.1119,19.9394],[77.1034,19.932],[77.093,19.936],[77.0927,19.9447],[77.0822,19.9561],[77.0842,19.965],[77.0701,19.9727],[77.0703,19.981],[77.0627,19.9847],[77.061,19.9942],[77.0413,20.0007]]]}},{"type":"Feature","properties":{"ac_name":"AURANGABAD CENTRAL","ac_no":107,"ac_category":"GEN","st_name":"MAHARASHTRA"},"geometry":{"type":"Polygon","coordinates":[[[75.3875,19.9155],[75.3848,19.936],[75.346,19.9453],[75.3414,19.9294],[75.3319,19.9304],[75.3199,19.9217],[75.3032,19.9223],[75.2976,19.9161],[75.3011,19.907],[75.2937,19.9066],[75.289,19.9021],[75.2895,19.8922],[75.3022,19.886],[75.317,19.887],[75.3254,19.8794],[75.3391,19.8759],[75.337,19.8868],[75.3581,19.89],[75.3642,19.9047],[75.3875,19.9155]]]}},{"type":"Feature","properties":{"ac_name":"CHANDRAPUR","ac_no":71,"ac_category":"SC","st_name":"MAHARASHTRA"},"geometry":{"type":"Polygon","coordinates":[[[79.2619,20.034],[79.2655,20.037],[79.2409,20.042],[79.2354,20.056],[79.2245,20.0408],[79.2077,20.0394],[79.2009,20.0401],[79.1969,20.0493],[79.1765,20.0405],[79.1597,20.0503],[79.1488,20.0382],[79.1294,20.037],[79.1259,20.0254],[79.1377,20.02],[79.1486,20.007],[79.1587,19.9934],[79.1618,19.9792],[79.1371,19.9764],[79.1325,19.9859],[79.1104,19.9896],[79.1061,19.9835],[79.1071,19.9651],[79.0886,19.9496],[79.0895,19.9204],[79.0924,19.916],[79.1012,19.9177],[79.1106,19.9058],[79.1476,19.8972],[79.147,19.8933],[79.1615,19.8955],[79.174,19.9056],[79.201,19.8951],[79.2407,19.8965],[79.2545,19.8894],[79.2582,19.8996],[79.2514,19.9053],[79.2472,19.92],[79.2519,19.9255],[79.2642,19.9281],[79.2653,19.9371],[79.2773,19.9265],[79.2776,19.918],[79.2934,19.9079],[79.3055,19.9111],[79.3099,19.9273],[79.3087,19.9482],[79.3051,19.9595],[79.2981,19.9637],[79.2955,19.9818],[79.2718,19.988],[79.2629,19.987],[79.2562,19.9807],[79.2514,19.9833],[79.2587,20.0035],[79.2634,20.0022],[79.2689,20.0087],[79.2626,20.0194],[79.2619,20.034]]]}},{"type":"Feature","properties":{"ac_name":"SHAHAPUR","ac_no":135,"ac_category":"ST","st_name":"MAHARASHTRA"},"geometry":{"type":"Polygon","coordinates":[[[73.1716,19.7458],[73.1773,19.7138],[73.1957,19.7043],[73.1984,19.6633],[73.2105,19.654],[73.1992,19.6481],[73.2117,19.6276],[73.1912,19.6235],[73.1844,19.6339],[73.1657,19.6393],[73.1695,19.6605],[73.1488,19.6656],[73.1469,19.6443],[73.1384,19.647],[73.1247,19.6424],[73.1216,19.6342],[73.1436,19.6315],[73.1602,19.6355],[73.1578,19.6255],[73.1725,19.6057],[73.1571,19.5969],[73.1573,19.5863],[73.1477,19.5807],[73.1702,19.5655],[73.1576,19.5402],[73.169,19.5357],[73.1675,19.5233],[73.175,19.5283],[73.1805,19.4918],[73.2046,19.4843],[73.2124,19.4732],[73.2333,19.4617],[73.2273,19.4443],[73.2439,19.432],[73.2437,19.4202],[73.2493,19.4197],[73.2451,19.414],[73.2478,19.4038],[73.2595,19.4053],[73.2577,19.4121],[73.2684,19.4317],[73.2744,19.4004],[73.2845,19.3867],[73.2938,19.3856],[73.296,19.3592],[73.2851,19.3526],[73.2892,19.3361],[73.2934,19.3355],[73.2877,19.3277],[73.2793,19.3283],[73.2779,19.3121],[73.2931,19.3144],[73.2952,19.3185],[73.3169,19.3256],[73.3371,19.3431],[73.3403,19.3359],[73.3547,19.3279],[73.3545,19.3157],[73.3751,19.2995],[73.3829,19.2982],[73.3807,19.3172],[73.4046,19.3217],[73.4074,19.3438],[73.4325,19.3249],[73.4385,19.3329],[73.4533,19.3378],[73.4787,19.3219],[73.4983,19.3311],[73.5188,19.3299],[73.5265,19.3403],[73.5562,19.3198],[73.5612,19.3316],[73.5689,19.3317],[73.5758,19.32],[73.5796,19.3454],[73.5742,19.3416],[73.5626,19.3526],[73.5671,19.3567],[73.5792,19.3526],[73.5838,19.3559],[73.5711,19.3643],[73.5819,19.3719],[73.5869,19.3923],[73.5987,19.397],[73.593,19.4024],[73.6,19.406],[73.6052,19.4201],[73.5996,19.4311],[73.6152,19.4537],[73.6235,19.455],[73.6235,19.4437],[73.6546,19.4257],[73.6761,19.435],[73.6855,19.444],[73.6834,19.4577],[73.6743,19.4608],[73.6943,19.4697],[73.6958,19.4787],[73.7058,19.4788],[73.7075,19.4845],[73.7138,19.4842],[73.7061,19.4973],[73.6861,19.5],[73.6903,19.5057],[73.6798,19.5186],[73.6755,19.5095],[73.6645,19.512],[73.6578,19.5366],[73.6391,19.5391],[73.6328,19.5328],[73.6321,19.5416],[73.6228,19.5421],[73.622,19.5486],[73.6281,19.5533],[73.6284,19.5693],[73.6187,19.5823],[73.6151,19.5775],[73.616,19.5854],[73.6138,19.5955],[73.5991,19.5983],[73.5884,19.6068],[73.5759,19.6024],[73.5849,19.6112],[73.5785,19.6179],[73.5633,19.6196],[73.5593,19.6455],[73.5437,19.6588],[73.5442,19.666],[73.534,19.6767],[73.5295,19.6972],[73.5157,19.6976],[73.5201,19.7069],[73.4943,19.7199],[73.4791,19.7229],[73.4568,19.7109],[73.4497,19.7139],[73.4343,19.6996],[73.4163,19.7022],[73.4174,19.6941],[73.383,19.6925],[73.3807,19.6853],[73.3692,19.6871],[73.3707,19.6759],[73.3588,19.6691],[73.3539,19.6733],[73.3576,19.6815],[73.3277,19.7031],[73.3273,19.7158],[73.3177,19.7288],[73.3179,19.7407],[73.3014,19.7564],[73.2736,19.7555],[73.2684,19.7633],[73.2849,19.7914],[73.2799,19.8073],[73.2539,19.8054],[73.2492,19.7993],[73.233,19.8026],[73.2267,19.7843],[73.2075,19.7861],[73.2056,19.7937],[73.2027,19.7928],[73.1927,19.7727],[73.1854,19.7756],[73.1832,19.7555],[73.1731,19.7529],[73.1763,19.747],[73.1716,19.7458]]]}},{"type":"Feature","properties":{"ac_name":"AURANGABAD EAST","ac_no":109,"ac_category":"GEN","st_name":"MAHARASHTRA"},"geometry":{"type":"Polygon","coordinates":[[[75.3885,19.9018],[75.3875,19.9155],[75.3642,19.9047],[75.3581,19.89],[75.337,19.8868],[75.3391,19.8759],[75.3472,19.8751],[75.343,19.8468],[75.3598,19.846],[75.3756,19.852],[75.3787,19.8701],[75.4061,19.8762],[75.4092,19.8986],[75.3885,19.9018]]]}},{"type":"Feature","properties":{"ac_name":"AHERI","ac_no":69,"ac_category":"ST","st_name":"MAHARASHTRA"},"geometry":{"type":"Polygon","coordinates":[[[80.5433,20.0122],[80.5198,20.0318],[80.5029,20.0371],[80.4773,20.0398],[80.459,20.0299],[80.4364,20.0324],[80.4362,20.0397],[80.421,20.0482],[80.3876,20.0457],[80.3799,20.0422],[80.375,20.0254],[80.3815,20.0022],[80.3782,19.999],[80.351,19.9851],[80.3142,19.9773],[80.3072,19.977],[80.2992,19.986],[80.2883,19.9869],[80.2715,19.9772],[80.2559,19.9519],[80.2412,19.9467],[80.2225,19.9492],[80.2066,19.9378],[80.2103,19.9078],[80.1997,19.8697],[80.192,19.8593],[80.2379,19.795],[80.2164,19.7563],[80.2242,19.7504],[80.2262,19.741],[80.2184,19.7375],[80.2086,19.7446],[80.1969,19.7458],[80.194,19.7399],[80.2067,19.7246],[80.2061,19.7178],[80.1937,19.7132],[80.174,19.6931],[80.1636,19.6977],[80.14,19.6934],[80.1274,19.6965],[80.1254,19.6894],[80.1374,19.6789],[80.1367,19.6716],[80.0978,19.6997],[80.0539,19.7146],[80.0401,19.7154],[79.9908,19.704],[79.9859,19.6938],[79.9678,19.6788],[79.9331,19.6775],[79.942,19.6254],[79.9362,19.6014],[79.9202,19.5812],[79.894,19.5616],[79.8312,19.5403],[79.8452,19.5334],[79.8646,19.5107],[79.9145,19.4962],[79.9324,19.4767],[79.9448,19.47],[79.9476,19.4499],[79.9724,19.4164],[79.9779,19.4006],[79.9797,19.3889],[79.9718,19.3818],[79.968,19.3568],[79.9591,19.3362],[79.9659,19.3032],[79.9506,19.2893],[79.9364,19.2643],[79.9245,19.2259],[79.9255,19.2109],[79.9448,19.1803],[79.9461,19.1705],[79.9145,19.1456],[79.8738,19.1243],[79.8594,19.1088],[79.8584,19.0961],[79.8691,19.0434],[79.8761,19.0391],[79.8992,19.0405],[79.9206,19.0499],[79.9289,19.0494],[79.9371,19.0429],[79.9403,19.0328],[79.9431,18.9915],[79.9585,18.9423],[79.9551,18.9039],[79.9631,18.866],[79.96,18.8588],[79.9271,18.8386],[79.9154,18.8254],[79.9237,18.808],[79.963,18.7747],[80.0298,18.7584],[80.0398,18.7509],[80.0528,18.7251],[80.0646,18.7233],[80.0746,18.7105],[80.0885,18.7073],[80.1161,18.6811],[80.1232,18.6808],[80.1286,18.6875],[80.1485,18.6931],[80.1577,18.701],[80.1686,18.6997],[80.1787,18.6833],[80.1966,18.6808],[80.2004,18.6926],[80.2116,18.7052],[80.2193,18.7079],[80.2304,18.7018],[80.2522,18.7068],[80.2711,18.7231],[80.2717,18.7233],[80.2446,18.7561],[80.2455,18.7619],[80.2568,18.7699],[80.2771,18.7667],[80.2884,18.7737],[80.2996,18.7942],[80.3229,18.7989],[80.3502,18.8149],[80.3541,18.8264],[80.3492,18.8476],[80.327,18.88],[80.2703,18.9399],[80.2735,18.9932],[80.3049,19.0266],[80.2967,19.0483],[80.3295,19.0703],[80.328,19.0953],[80.3395,19.1003],[80.3273,19.1351],[80.3327,19.1452],[80.3468,19.1515],[80.3482,19.1605],[80.3867,19.1799],[80.3938,19.1881],[80.3931,19.1997],[80.3837,19.2151],[80.3919,19.2429],[80.4304,19.2543],[80.4463,19.2647],[80.4546,19.275],[80.4758,19.3261],[80.4862,19.3411],[80.5199,19.3474],[80.5442,19.3839],[80.562,19.3987],[80.5741,19.4023],[80.5805,19.3983],[80.5917,19.3758],[80.5883,19.3699],[80.5899,19.3518],[80.6077,19.3257],[80.6123,19.3097],[80.6311,19.3071],[80.6541,19.323],[80.6804,19.3301],[80.6933,19.3157],[80.6896,19.2872],[80.702,19.282],[80.7559,19.2892],[80.7752,19.3146],[80.7901,19.3239],[80.8051,19.3269],[80.8105,19.3366],[80.8328,19.3494],[80.8465,19.3557],[80.8526,19.3641],[80.8501,19.3692],[80.8169,19.3846],[80.8129,19.4055],[80.8042,19.4117],[80.8042,19.4194],[80.7955,19.4314],[80.8118,19.4328],[80.8421,19.4468],[80.8643,19.4437],[80.8811,19.4509],[80.8945,19.4679],[80.8982,19.4806],[80.8929,19.5023],[80.8949,19.5196],[80.884,19.526],[80.8734,19.5188],[80.856,19.5231],[80.8432,19.5395],[80.8343,19.5668],[80.816,19.571],[80.7915,19.5608],[80.7754,19.5625],[80.7671,19.575],[80.7678,19.5886],[80.7192,19.6154],[80.6658,19.6115],[80.6627,19.6228],[80.6732,19.6929],[80.6715,19.7015],[80.6501,19.7115],[80.6403,19.7251],[80.6272,19.7255],[80.6107,19.7383],[80.5862,19.7412],[80.5712,19.7593],[80.5524,19.7657],[80.5426,19.7797],[80.5475,19.7946],[80.5463,19.8181],[80.5206,19.8316],[80.4811,19.8275],[80.4693,19.8107],[80.4758,19.8037],[80.4851,19.802],[80.4901,19.7899],[80.4889,19.7699],[80.4644,19.7956],[80.4495,19.7897],[80.4248,19.7989],[80.4016,19.7962],[80.4076,19.8053],[80.4026,19.8164],[80.4209,19.8136],[80.43,19.8072],[80.4402,19.8101],[80.4688,19.8265],[80.4726,19.8365],[80.479,19.8397],[80.4859,19.8631],[80.5057,19.8705],[80.4999,19.8903],[80.4913,19.9019],[80.4683,19.9073],[80.4506,19.8963],[80.4142,19.9071],[80.408,19.9128],[80.4127,19.9241],[80.4114,19.9383],[80.4318,19.9414],[80.4524,19.9575],[80.466,19.9482],[80.4735,19.9507],[80.48,19.9351],[80.4887,19.9305],[80.5046,19.9284],[80.5231,19.9335],[80.5299,19.9395],[80.5316,19.9486],[80.5386,19.9519],[80.5374,19.9735],[80.549,19.9842],[80.5498,20.0007],[80.5433,20.0122]]]}},{"type":"Feature","properties":{"ac_name":"PARTUR","ac_no":99,"ac_category":"GEN","st_name":"MAHARASHTRA"},"geometry":{"type":"Polygon","coordinates":[[[76.4022,19.9109],[76.3907,19.9047],[76.3851,19.9165],[76.366,19.9289],[76.3556,19.9099],[76.3545,19.8966],[76.3427,19.894],[76.3375,19.8839],[76.3271,19.8849],[76.3156,19.8773],[76.3065,19.8814],[76.296,19.8692],[76.2732,19.8754],[76.2541,19.8756],[76.2481,19.8715],[76.2406,19.8741],[76.2288,19.8652],[76.2129,19.8678],[76.2069,19.8635],[76.1971,19.8649],[76.1838,19.8506],[76.1755,19.8512],[76.1745,19.8285],[76.1701,19.8217],[76.1788,19.8178],[76.1881,19.803],[76.1671,19.8005],[76.1659,19.7857],[76.1734,19.7812],[76.1634,19.7428],[76.1815,19.7421],[76.1978,19.7357],[76.2129,19.7366],[76.1965,19.7056],[76.2181,19.7002],[76.2148,19.6811],[76.203,19.6861],[76.1868,19.6855],[76.1854,19.6712],[76.1635,19.683],[76.1511,19.6846],[76.144,19.6955],[76.133,19.6946],[76.1414,19.677],[76.144,19.68],[76.1444,19.6699],[76.1598,19.6687],[76.157,19.6473],[76.1541,19.6481],[76.1483,19.631],[76.1751,19.6244],[76.1754,19.6168],[76.1685,19.5884],[76.1561,19.5868],[76.1521,19.574],[76.1564,19.5356],[76.1488,19.5299],[76.1613,19.5062],[76.1605,19.4982],[76.1484,19.4847],[76.1432,19.4425],[76.1479,19.4406],[76.148,19.4296],[76.1365,19.414],[76.129,19.382],[76.1152,19.3826],[76.1121,19.3724],[76.125,19.3689],[76.1233,19.361],[76.1141,19.3607],[76.1211,19.3515],[76.1121,19.3396],[76.1049,19.3404],[76.1131,19.3255],[76.1052,19.3185],[76.1166,19.314],[76.1166,19.2968],[76.1268,19.304],[76.1394,19.2901],[76.1574,19.2978],[76.1615,19.2942],[76.1611,19.2832],[76.1703,19.282],[76.1803,19.2887],[76.197,19.2849],[76.208,19.2751],[76.2185,19.2926],[76.2072,19.299],[76.2108,19.3188],[76.2302,19.3128],[76.2366,19.3191],[76.2399,19.3384],[76.2646,19.3337],[76.276,19.3464],[76.2569,19.3566],[76.2616,19.3669],[76.2828,19.3656],[76.2873,19.3819],[76.2896,19.3963],[76.284,19.3996],[76.2887,19.4331],[76.3011,19.4325],[76.3133,19.4658],[76.3231,19.4573],[76.3389,19.4538],[76.3436,19.473],[76.364,19.4705],[76.3765,19.5072],[76.3698,19.5091],[76.3755,19.5374],[76.3929,19.5323],[76.3952,19.5415],[76.412,19.539],[76.4129,19.5348],[76.4422,19.5416],[76.4481,19.5846],[76.4358,19.5867],[76.4376,19.6003],[76.4318,19.6026],[76.4411,19.6134],[76.4507,19.6136],[76.454,19.6292],[76.4524,19.6414],[76.4439,19.6408],[76.4458,19.6526],[76.452,19.6672],[76.4648,19.665],[76.4696,19.6787],[76.488,19.6773],[76.4837,19.7217],[76.4597,19.7231],[76.4591,19.7469],[76.4838,19.7446],[76.4918,19.7595],[76.5104,19.7613],[76.5126,19.7715],[76.4976,19.7726],[76.4824,19.7892],[76.4859,19.8004],[76.5112,19.7992],[76.5145,19.812],[76.5105,19.8201],[76.5152,19.8258],[76.5126,19.8317],[76.5225,19.8423],[76.5203,19.851],[76.535,19.8508],[76.5316,19.8622],[76.5357,19.8664],[76.5188,19.8721],[76.5194,19.8773],[76.5063,19.8783],[76.5012,19.8891],[76.4932,19.8934],[76.4934,19.9197],[76.4534,19.9232],[76.4414,19.917],[76.4206,19.92],[76.4052,19.9204],[76.4022,19.9109]]]}},{"type":"Feature","properties":{"ac_name":"UMARKHED","ac_no":82,"ac_category":"SC","st_name":"MAHARASHTRA"},"geometry":{"type":"Polygon","coordinates":[[[77.8721,19.9671],[77.875,19.9527],[77.8616,19.9538],[77.859,19.9081],[77.8431,19.9089],[77.8449,19.8978],[77.8385,19.8761],[77.8246,19.8854],[77.8173,19.8851],[77.8074,19.8644],[77.7895,19.8664],[77.7764,19.8757],[77.7636,19.9025],[77.7341,19.9068],[77.723,19.9052],[77.7166,19.8966],[77.7032,19.8993],[77.6826,19.8913],[77.6624,19.8969],[77.6598,19.8925],[77.6679,19.8789],[77.6583,19.8679],[77.6567,19.8578],[77.65,19.854],[77.6569,19.8481],[77.6267,19.8302],[77.6352,19.8242],[77.6422,19.8082],[77.6364,19.8073],[77.6394,19.8071],[77.6331,19.7969],[77.6384,19.7958],[77.6336,19.7818],[77.6484,19.7777],[77.6368,19.7673],[77.6295,19.7263],[77.6142,19.7113],[77.5763,19.7351],[77.579,19.7491],[77.5728,19.7602],[77.5449,19.7637],[77.5191,19.7602],[77.5031,19.7217],[77.5038,19.7046],[77.5079,19.7005],[77.5011,19.6786],[77.5056,19.6732],[77.5378,19.669],[77.5411,19.6599],[77.5521,19.6626],[77.5543,19.6509],[77.5709,19.6501],[77.5781,19.6588],[77.584,19.65],[77.5949,19.6508],[77.5975,19.6429],[77.6074,19.6482],[77.6077,19.6389],[77.6165,19.6387],[77.6122,19.6292],[77.6258,19.6255],[77.6275,19.606],[77.6392,19.6104],[77.6444,19.6073],[77.638,19.5936],[77.6491,19.5573],[77.645,19.5542],[77.6329,19.557],[77.6382,19.548],[77.6504,19.5495],[77.6754,19.5386],[77.6955,19.5397],[77.7065,19.5326],[77.7063,19.5222],[77.7282,19.5327],[77.7454,19.5256],[77.7509,19.5135],[77.734,19.4965],[77.7384,19.4819],[77.7282,19.4799],[77.7231,19.4736],[77.7108,19.4769],[77.7096,19.4679],[77.6947,19.456],[77.6976,19.4386],[77.729,19.4339],[77.7407,19.4381],[77.7484,19.4301],[77.7852,19.4488],[77.7988,19.45],[77.8055,19.4642],[77.814,19.4563],[77.819,19.4414],[77.8314,19.4392],[77.838,19.4501],[77.8468,19.4524],[77.8268,19.4778],[77.8293,19.4829],[77.8439,19.4883],[77.8424,19.5096],[77.8594,19.5224],[77.8779,19.5145],[77.8781,19.5034],[77.8829,19.5017],[77.8881,19.5067],[77.889,19.5186],[77.9078,19.5346],[77.9147,19.5174],[77.9342,19.5054],[77.9383,19.4966],[77.9531,19.5114],[77.972,19.5083],[77.9734,19.4957],[77.9874,19.4764],[77.9828,19.4629],[77.9903,19.4561],[78.0135,19.454],[78.017,19.4853],[78.0237,19.4903],[78.0336,19.4876],[78.0668,19.4584],[78.0956,19.4834],[78.1123,19.4817],[78.1206,19.4946],[78.1224,19.5104],[78.1361,19.5196],[78.1348,19.5303],[78.1216,19.541],[78.1194,19.548],[78.1284,19.5514],[78.1516,19.545],[78.162,19.5482],[78.1647,19.5533],[78.1884,19.557],[78.1909,19.5661],[78.186,19.5771],[78.1917,19.5843],[78.1903,19.5988],[78.1972,19.6162],[78.178,19.6514],[78.131,19.6645],[78.1216,19.651],[78.1027,19.6562],[78.0961,19.6391],[78.088,19.637],[78.0796,19.6408],[78.0711,19.6586],[78.055,19.6632],[78.0556,19.6755],[78.0477,19.6902],[78.0307,19.6927],[78.0012,19.6734],[77.9859,19.6759],[77.9807,19.6813],[77.9808,19.6991],[77.9636,19.7062],[77.9468,19.731],[77.928,19.7382],[77.9152,19.7288],[77.8987,19.7337],[77.8919,19.7258],[77.8794,19.7345],[77.8751,19.7444],[77.8604,19.7435],[77.8578,19.75],[77.8642,19.7746],[77.8518,19.7853],[77.8491,19.8007],[77.8706,19.8226],[77.8742,19.8461],[77.8939,19.8727],[77.9244,19.8904],[77.914,19.8942],[77.9181,19.9027],[77.9171,19.9109],[77.9124,19.9125],[77.9147,19.9191],[77.9086,19.9259],[77.9025,19.9236],[77.8943,19.9343],[77.8988,19.9454],[77.8721,19.9671]]]}},{"type":"Feature","properties":{"ac_name":"SHIRDI","ac_no":218,"ac_category":"GEN","st_name":"MAHARASHTRA"},"geometry":{"type":"Polygon","coordinates":[[[74.3094,19.7677],[74.2753,19.7775],[74.2693,19.7602],[74.2476,19.7507],[74.2469,19.7441],[74.2235,19.7422],[74.2213,19.7382],[74.1888,19.7393],[74.1832,19.7322],[74.1672,19.7304],[74.1566,19.7067],[74.1539,19.6883],[74.1498,19.6865],[74.1396,19.6953],[74.1353,19.6907],[74.1446,19.6735],[74.126,19.6569],[74.1207,19.6437],[74.1207,19.643],[74.1306,19.6343],[74.1553,19.6384],[74.1703,19.6227],[74.1773,19.6387],[74.1765,19.6481],[74.1852,19.6518],[74.1766,19.6632],[74.1783,19.6673],[74.1997,19.6585],[74.2144,19.6636],[74.2129,19.6557],[74.2207,19.6616],[74.2339,19.605],[74.2386,19.6038],[74.2386,19.5986],[74.2547,19.5969],[74.2561,19.575],[74.2855,19.5754],[74.2918,19.5684],[74.3176,19.5649],[74.3334,19.57],[74.341,19.5659],[74.3489,19.5692],[74.3554,19.5653],[74.3566,19.5589],[74.3558,19.5236],[74.3868,19.5243],[74.3815,19.5017],[74.3865,19.5073],[74.3942,19.5055],[74.3937,19.5014],[74.4328,19.4873],[74.4422,19.4992],[74.4464,19.5289],[74.4683,19.5213],[74.5033,19.5272],[74.5256,19.5279],[74.5433,19.5347],[74.5502,19.5317],[74.5625,19.5879],[74.5718,19.5896],[74.5828,19.5848],[74.6085,19.5944],[74.6313,19.5954],[74.6288,19.6404],[74.6221,19.641],[74.622,19.6459],[74.5778,19.6386],[74.5761,19.6343],[74.5538,19.6391],[74.5573,19.6771],[74.5541,19.6954],[74.5654,19.7037],[74.5507,19.7053],[74.5526,19.7216],[74.5435,19.7199],[74.5463,19.7344],[74.5229,19.7386],[74.5242,19.7526],[74.5457,19.754],[74.5535,19.766],[74.5191,19.7773],[74.5189,19.8077],[74.4906,19.8088],[74.4717,19.8224],[74.4526,19.8247],[74.4441,19.7931],[74.4046,19.7782],[74.404,19.768],[74.3747,19.7366],[74.3969,19.7308],[74.4072,19.7076],[74.3917,19.6818],[74.3559,19.68],[74.343,19.6983],[74.3479,19.7051],[74.3224,19.7091],[74.3232,19.7236],[74.3113,19.7364],[74.3035,19.7348],[74.3031,19.7553],[74.3094,19.7677]]]}},{"type":"Feature","properties":{"ac_name":"BHIWANDI RURAL","ac_no":134,"ac_category":"ST","st_name":"MAHARASHTRA"},"geometry":{"type":"Polygon","coordinates":[[[73.1716,19.7458],[73.1638,19.7438],[73.1593,19.7306],[73.1322,19.7153],[73.1271,19.7045],[73.1027,19.7066],[73.0699,19.7166],[73.0558,19.7134],[73.0619,19.7102],[73.0635,19.6941],[73.0703,19.6814],[73.0695,19.6779],[73.0604,19.677],[73.0536,19.6255],[73.0678,19.6186],[73.073,19.6036],[73.0582,19.5867],[73.003,19.5779],[72.9973,19.5631],[73.0127,19.5567],[72.9976,19.5212],[73.0099,19.5151],[73.0083,19.4869],[73.0241,19.4605],[73.0246,19.4469],[73.016,19.445],[73.0012,19.4233],[72.9914,19.4185],[72.9837,19.4086],[72.9729,19.4086],[72.975,19.3954],[72.9556,19.399],[72.9612,19.3803],[72.9463,19.3734],[72.9387,19.3336],[72.9407,19.316],[72.9515,19.3033],[72.9703,19.291],[72.9833,19.2801],[73.0008,19.2435],[73.0028,19.2336],[73.0202,19.2098],[73.0302,19.1999],[73.0558,19.2022],[73.0625,19.2074],[73.0664,19.2236],[73.0687,19.2371],[73.0827,19.2429],[73.1061,19.2338],[73.1147,19.2363],[73.1183,19.2483],[73.1037,19.2636],[73.1074,19.2749],[73.1336,19.283],[73.1441,19.2681],[73.176,19.2774],[73.1817,19.2841],[73.1758,19.2946],[73.1797,19.3003],[73.1936,19.3223],[73.1932,19.3383],[73.2134,19.3535],[73.2128,19.3677],[73.2274,19.3673],[73.2278,19.3768],[73.2387,19.3826],[73.2478,19.4038],[73.2451,19.414],[73.2493,19.4197],[73.2437,19.4202],[73.2439,19.432],[73.2273,19.4443],[73.2333,19.4617],[73.2124,19.4732],[73.2046,19.4843],[73.1805,19.4918],[73.175,19.5283],[73.1675,19.5233],[73.169,19.5357],[73.1576,19.5402],[73.1702,19.5655],[73.1477,19.5807],[73.1573,19.5863],[73.1571,19.5969],[73.1725,19.6057],[73.1578,19.6255],[73.1602,19.6355],[73.1436,19.6315],[73.1216,19.6342],[73.1247,19.6424],[73.1384,19.647],[73.1469,19.6443],[73.1488,19.6656],[73.1695,19.6605],[73.1657,19.6393],[73.1844,19.6339],[73.1912,19.6235],[73.2117,19.6276],[73.1992,19.6481],[73.2105,19.654],[73.1984,19.6633],[73.1957,19.7043],[73.1773,19.7138],[73.1716,19.7458]],[[73.121,19.3906],[73.1537,19.3825],[73.1504,19.3689],[73.1563,19.354],[73.1455,19.3485],[73.1426,19.3398],[73.1324,19.3479],[73.1157,19.3478],[73.1028,19.3337],[73.1013,19.3247],[73.083,19.3076],[73.0683,19.3049],[73.0629,19.3107],[73.0378,19.3114],[73.0294,19.3308],[73.0298,19.3482],[73.0339,19.3599],[73.0406,19.3621],[73.0568,19.357],[73.0667,19.3599],[73.0586,19.3788],[73.0603,19.3898],[73.0887,19.391],[73.0988,19.3797],[73.1002,19.3863],[73.121,19.3906]]]}},{"type":"Feature","properties":{"ac_name":"KALAMNURI","ac_no":93,"ac_category":"GEN","st_name":"MAHARASHTRA"},"geometry":{"type":"Polygon","coordinates":[[[77.2837,19.9145],[77.2708,19.9188],[77.268,19.8984],[77.2566,19.9017],[77.2395,19.8908],[77.2346,19.8873],[77.2071,19.8887],[77.2059,19.8842],[77.2244,19.8795],[77.2149,19.8601],[77.1877,19.8613],[77.1864,19.849],[77.204,19.8385],[77.2048,19.8127],[77.183,19.8153],[77.1821,19.7972],[77.1752,19.7894],[77.1797,19.7837],[77.1721,19.7843],[77.1697,19.7777],[77.1464,19.7983],[77.1364,19.7974],[77.1338,19.7826],[77.112,19.7833],[77.1117,19.7699],[77.1241,19.7625],[77.1611,19.7581],[77.1741,19.7361],[77.1833,19.7378],[77.1817,19.699],[77.1602,19.6999],[77.1588,19.6938],[77.1779,19.6828],[77.1747,19.679],[77.1651,19.6824],[77.1433,19.6781],[77.1476,19.6683],[77.1597,19.6598],[77.1533,19.6459],[77.1582,19.6389],[77.1572,19.6282],[77.1779,19.6283],[77.1711,19.6584],[77.194,19.6538],[77.1928,19.6365],[77.2011,19.633],[77.2034,19.6243],[77.2163,19.6105],[77.2292,19.6039],[77.2219,19.5962],[77.2287,19.5923],[77.2287,19.5733],[77.2457,19.5673],[77.243,19.553],[77.2501,19.5476],[77.2505,19.531],[77.2649,19.5193],[77.245,19.4924],[77.2505,19.4832],[77.2707,19.4758],[77.286,19.4528],[77.2825,19.4285],[77.2862,19.4288],[77.2858,19.407],[77.2941,19.4073],[77.2919,19.3673],[77.2951,19.3626],[77.3087,19.3627],[77.3123,19.3556],[77.3501,19.3533],[77.35,19.3464],[77.363,19.3391],[77.385,19.3417],[77.3883,19.3529],[77.4131,19.3667],[77.4169,19.3778],[77.4469,19.3849],[77.4481,19.391],[77.4357,19.4085],[77.4443,19.4215],[77.4481,19.4405],[77.4697,19.4387],[77.4736,19.4572],[77.4869,19.4587],[77.4876,19.4936],[77.4851,19.4977],[77.471,19.4908],[77.4689,19.4961],[77.4661,19.5637],[77.4527,19.5618],[77.4512,19.5693],[77.4597,19.5833],[77.4791,19.5998],[77.4629,19.6093],[77.4663,19.6414],[77.4615,19.6463],[77.4663,19.6641],[77.4625,19.6699],[77.4495,19.6747],[77.4583,19.6825],[77.4424,19.6903],[77.4487,19.7009],[77.4385,19.7252],[77.4154,19.7368],[77.4118,19.7454],[77.3962,19.7355],[77.3931,19.7279],[77.3798,19.7293],[77.3816,19.7379],[77.3764,19.7474],[77.3836,19.7675],[77.4005,19.7672],[77.4052,19.7747],[77.402,19.7817],[77.3782,19.7872],[77.3842,19.81],[77.3911,19.8128],[77.389,19.8202],[77.3666,19.8261],[77.3554,19.8169],[77.3438,19.8255],[77.3402,19.8315],[77.3427,19.8367],[77.3603,19.8361],[77.3516,19.849],[77.3622,19.8554],[77.3619,19.8603],[77.3459,19.8632],[77.3457,19.876],[77.3324,19.8786],[77.3216,19.8885],[77.3065,19.8821],[77.2954,19.8843],[77.2937,19.8954],[77.313,19.8954],[77.3129,19.9131],[77.3075,19.9147],[77.2913,19.9036],[77.2843,19.9057],[77.2837,19.9145]]]}},{"type":"Feature","properties":{"ac_name":"PAITHAN","ac_no":110,"ac_category":"GEN","st_name":"MAHARASHTRA"},"geometry":{"type":"Polygon","coordinates":[[[75.3942,19.775],[75.3926,19.7685],[75.3673,19.7765],[75.3641,19.7715],[75.3497,19.786],[75.3376,19.7699],[75.3234,19.7804],[75.3118,19.7681],[75.3062,19.7732],[75.2877,19.7769],[75.2835,19.789],[75.2678,19.7933],[75.2597,19.8045],[75.2552,19.7994],[75.2414,19.799],[75.2407,19.7908],[75.25,19.7782],[75.2307,19.7565],[75.226,19.7567],[75.216,19.7237],[75.2174,19.7155],[75.2108,19.7132],[75.2076,19.7038],[75.2136,19.685],[75.2227,19.6838],[75.2243,19.6785],[75.2326,19.6749],[75.2321,19.6467],[75.2368,19.6385],[75.2229,19.6032],[75.2157,19.6069],[75.2167,19.5991],[75.2058,19.5907],[75.2129,19.5896],[75.2056,19.579],[75.2016,19.5654],[75.2125,19.5591],[75.2201,19.5574],[75.2288,19.5411],[75.2578,19.522],[75.2678,19.5539],[75.2739,19.5541],[75.2807,19.5446],[75.2731,19.5143],[75.3013,19.511],[75.3011,19.5026],[75.3119,19.4948],[75.3252,19.4978],[75.3231,19.5051],[75.3289,19.5059],[75.3279,19.4819],[75.335,19.4806],[75.3389,19.4986],[75.3565,19.5006],[75.3584,19.4802],[75.3447,19.4838],[75.3388,19.4663],[75.323,19.464],[75.3271,19.4387],[75.3466,19.4495],[75.3564,19.4328],[75.337,19.407],[75.3643,19.3983],[75.3914,19.4152],[75.4081,19.4188],[75.4253,19.4155],[75.4304,19.4204],[75.4351,19.4189],[75.4422,19.4279],[75.4402,19.4162],[75.446,19.4121],[75.4559,19.4165],[75.467,19.4139],[75.4744,19.4241],[75.4804,19.4406],[75.4873,19.4431],[75.4977,19.4312],[75.5083,19.4308],[75.5066,19.4231],[75.519,19.415],[75.516,19.405],[75.538,19.3973],[75.5497,19.3873],[75.5867,19.3788],[75.5997,19.3873],[75.6064,19.3847],[75.6124,19.4252],[75.6033,19.4277],[75.6047,19.4524],[75.6107,19.4568],[75.6131,19.4681],[75.6283,19.4601],[75.6312,19.4642],[75.6425,19.5009],[75.6402,19.5241],[75.6436,19.5369],[75.647,19.5367],[75.6556,19.5691],[75.6503,19.5771],[75.6529,19.5853],[75.6494,19.5951],[75.5979,19.6005],[75.5852,19.6378],[75.6041,19.6424],[75.6057,19.6576],[75.626,19.6563],[75.6317,19.6706],[75.6257,19.7039],[75.629,19.7054],[75.6322,19.7345],[75.6253,19.7354],[75.6235,19.7689],[75.6241,19.7724],[75.6376,19.7717],[75.6342,19.7774],[75.6458,19.7796],[75.6459,19.7833],[75.6453,19.7929],[75.6415,19.7926],[75.6337,19.8076],[75.6197,19.8022],[75.6179,19.8192],[75.583,19.8223],[75.5756,19.8194],[75.5739,19.8383],[75.5285,19.8268],[75.5224,19.8358],[75.5031,19.8401],[75.5043,19.8476],[75.4831,19.8494],[75.4768,19.8441],[75.4706,19.8034],[75.4525,19.8045],[75.452,19.7708],[75.4295,19.7768],[75.429,19.7814],[75.4191,19.7854],[75.405,19.7839],[75.3942,19.775]]]}},{"type":"Feature","properties":{"ac_name":"KINWAT","ac_no":83,"ac_category":"GEN","st_name":"MAHARASHTRA"},"geometry":{"type":"Polygon","coordinates":[[[77.9244,19.8904],[77.8939,19.8727],[77.8742,19.8461],[77.8706,19.8226],[77.8491,19.8007],[77.8518,19.7853],[77.8642,19.7746],[77.8578,19.75],[77.8604,19.7435],[77.8751,19.7444],[77.8794,19.7345],[77.8919,19.7258],[77.8987,19.7337],[77.9152,19.7288],[77.928,19.7382],[77.9468,19.731],[77.9636,19.7062],[77.9808,19.6991],[77.9807,19.6813],[77.9859,19.6759],[78.0012,19.6734],[78.0307,19.6927],[78.0477,19.6902],[78.0556,19.6755],[78.055,19.6632],[78.0711,19.6586],[78.0796,19.6408],[78.088,19.637],[78.0961,19.6391],[78.1027,19.6562],[78.1216,19.651],[78.131,19.6645],[78.178,19.6514],[78.1972,19.6162],[78.1903,19.5988],[78.1917,19.5843],[78.186,19.5771],[78.1909,19.5661],[78.1884,19.557],[78.1647,19.5533],[78.162,19.5482],[78.1516,19.545],[78.1284,19.5514],[78.1194,19.548],[78.1216,19.541],[78.1348,19.5303],[78.1361,19.5196],[78.1224,19.5104],[78.1206,19.4946],[78.1123,19.4817],[78.0956,19.4834],[78.0668,19.4584],[78.0336,19.4876],[78.0237,19.4903],[78.017,19.4853],[78.0135,19.454],[77.9903,19.4561],[77.9872,19.452],[77.971,19.4495],[77.9622,19.4372],[77.9596,19.4294],[77.964,19.4198],[77.9553,19.4143],[77.9526,19.4066],[77.9517,19.3404],[77.9538,19.3397],[77.962,19.3358],[77.9669,19.3268],[77.9777,19.3229],[77.9851,19.3099],[78.0139,19.2943],[78.0149,19.2791],[78.0418,19.271],[78.0362,19.2508],[78.0408,19.2441],[78.0555,19.2374],[78.0644,19.2479],[78.0793,19.2547],[78.0824,19.243],[78.0893,19.2396],[78.097,19.2443],[78.1135,19.2445],[78.117,19.2486],[78.1443,19.2295],[78.1754,19.2376],[78.18,19.2456],[78.1769,19.2787],[78.194,19.3145],[78.1924,19.3261],[78.1772,19.3344],[78.1724,19.3499],[78.1721,19.3596],[78.1795,19.3631],[78.177,19.3678],[78.188,19.3947],[78.1764,19.4125],[78.1957,19.407],[78.203,19.4196],[78.2202,19.4328],[78.2356,19.427],[78.2447,19.429],[78.2467,19.4353],[78.2628,19.4432],[78.2638,19.4491],[78.2688,19.4486],[78.2705,19.4563],[78.2871,19.4487],[78.3045,19.4563],[78.3062,19.4629],[78.3093,19.4812],[78.2988,19.497],[78.2905,19.5278],[78.2933,19.5424],[78.284,19.5416],[78.2744,19.5542],[78.2753,19.5626],[78.2937,19.5592],[78.2974,19.5681],[78.3038,19.5695],[78.301,19.5792],[78.3057,19.6072],[78.294,19.6196],[78.2906,19.6462],[78.281,19.6511],[78.2791,19.6578],[78.2627,19.6652],[78.2763,19.6926],[78.2879,19.6882],[78.3119,19.6912],[78.3187,19.7057],[78.3432,19.7135],[78.3394,19.7243],[78.3413,19.7359],[78.3494,19.7381],[78.3648,19.7814],[78.3575,19.8056],[78.3449,19.8135],[78.3341,19.8147],[78.3365,19.8381],[78.316,19.8427],[78.301,19.8407],[78.286,19.8476],[78.2851,19.8567],[78.2988,19.8751],[78.3065,19.9143],[78.2839,19.9056],[78.2747,19.8742],[78.2539,19.8663],[78.2471,19.869],[78.2413,19.8813],[78.2571,19.9026],[78.2557,19.9185],[78.2503,19.9247],[78.2332,19.9099],[78.2174,19.9099],[78.2077,19.8994],[78.1918,19.8958],[78.1773,19.9053],[78.1441,19.9112],[78.1282,19.8943],[78.1022,19.8902],[78.0804,19.8942],[78.061,19.9093],[78.058,19.9219],[78.0526,19.9246],[78.0253,19.9179],[78.0204,19.9094],[78.014,19.9075],[77.9997,19.9119],[77.9697,19.9057],[77.9523,19.9088],[77.9375,19.892],[77.9244,19.8904]]]}},{"type":"Feature","properties":{"ac_name":"AKOLE","ac_no":216,"ac_category":"ST","st_name":"MAHARASHTRA"},"geometry":{"type":"Polygon","coordinates":[[[74.1207,19.6437],[74.1016,19.6489],[74.0972,19.6413],[74.0714,19.6609],[74.0504,19.663],[74.022,19.6738],[73.997,19.6671],[73.9819,19.6704],[73.978,19.6757],[73.9687,19.6708],[73.9605,19.6742],[73.9572,19.6692],[73.9259,19.6724],[73.9076,19.6846],[73.9052,19.696],[73.9138,19.6934],[73.913,19.6969],[73.8952,19.7158],[73.8994,19.7438],[73.8889,19.7505],[73.8809,19.7382],[73.8686,19.7405],[73.8647,19.7477],[73.837,19.7403],[73.8387,19.7225],[73.819,19.7144],[73.8097,19.6837],[73.8052,19.6898],[73.7927,19.688],[73.8065,19.6781],[73.7957,19.6764],[73.7904,19.6638],[73.7801,19.6563],[73.782,19.6481],[73.793,19.6425],[73.7764,19.641],[73.7752,19.6269],[73.7665,19.6333],[73.7638,19.6283],[73.7594,19.6296],[73.7493,19.6219],[73.7445,19.6237],[73.7385,19.6177],[73.7291,19.619],[73.7132,19.6162],[73.7044,19.5967],[73.6857,19.5935],[73.682,19.5882],[73.6693,19.5906],[73.6615,19.5841],[73.6343,19.5959],[73.616,19.5854],[73.6151,19.5775],[73.6187,19.5823],[73.6284,19.5693],[73.6281,19.5533],[73.622,19.5486],[73.6228,19.5421],[73.6321,19.5416],[73.6328,19.5328],[73.6391,19.5391],[73.6578,19.5366],[73.6645,19.512],[73.6755,19.5095],[73.6798,19.5186],[73.6903,19.5057],[73.6861,19.5],[73.7061,19.4973],[73.7138,19.4842],[73.7075,19.4845],[73.7058,19.4788],[73.6958,19.4787],[73.6943,19.4697],[73.6743,19.4608],[73.6834,19.4577],[73.6855,19.444],[73.6924,19.4343],[73.7024,19.4335],[73.7066,19.4273],[73.7163,19.4324],[73.7303,19.4311],[73.7264,19.417],[73.752,19.4072],[73.7529,19.3965],[73.7695,19.3945],[73.771,19.3857],[73.7795,19.3868],[73.8033,19.3947],[73.8149,19.3868],[73.8218,19.3878],[73.8388,19.3764],[73.8441,19.3706],[73.8415,19.3667],[73.8538,19.3562],[73.8745,19.3588],[73.885,19.3745],[73.8915,19.3733],[73.9053,19.3627],[73.9127,19.363],[73.9275,19.3385],[73.9429,19.3443],[73.945,19.3394],[73.9547,19.3425],[73.9538,19.3477],[73.9632,19.3484],[73.969,19.3542],[73.9719,19.3479],[73.9954,19.3528],[73.9993,19.3605],[74.0023,19.3412],[74.012,19.3353],[74.012,19.3264],[74.0194,19.3218],[74.0182,19.3157],[74.0265,19.3143],[74.0262,19.3102],[74.0207,19.31],[74.0256,19.2978],[74.0121,19.2985],[74.0202,19.2824],[74.0239,19.2888],[74.0307,19.2828],[74.0317,19.2778],[74.0235,19.2666],[74.0322,19.2582],[74.0316,19.2509],[74.0446,19.2618],[74.0511,19.2435],[74.0594,19.2455],[74.0895,19.2276],[74.0931,19.2268],[74.0841,19.2387],[74.1121,19.2266],[74.1159,19.2292],[74.1262,19.2221],[74.1523,19.2262],[74.1579,19.2025],[74.1659,19.2072],[74.1685,19.2235],[74.172,19.2219],[74.1777,19.2303],[74.1812,19.2545],[74.1992,19.2583],[74.2109,19.2499],[74.2441,19.2561],[74.2597,19.2548],[74.2518,19.2842],[74.2773,19.2838],[74.2827,19.2925],[74.2926,19.2863],[74.2894,19.2966],[74.297,19.2991],[74.2832,19.3131],[74.268,19.3057],[74.2495,19.3125],[74.2486,19.3242],[74.2551,19.3279],[74.2344,19.3568],[74.2215,19.3571],[74.2189,19.3536],[74.2048,19.3623],[74.196,19.3576],[74.1989,19.3858],[74.1944,19.3927],[74.2004,19.4021],[74.1867,19.43],[74.1976,19.4325],[74.2,19.4395],[74.1944,19.4501],[74.1978,19.4527],[74.1831,19.4625],[74.1872,19.4686],[74.1838,19.4839],[74.166,19.4686],[74.1433,19.4591],[74.1473,19.4807],[74.143,19.4777],[74.1387,19.4813],[74.1195,19.4796],[74.1198,19.4688],[74.1099,19.4711],[74.1061,19.4682],[74.1177,19.4603],[74.1156,19.4526],[74.0961,19.4563],[74.0907,19.445],[74.0834,19.4505],[74.0765,19.4495],[74.0816,19.4566],[74.0669,19.4615],[74.0706,19.4741],[74.0675,19.4783],[74.0523,19.4768],[74.0528,19.472],[74.0348,19.4767],[74.0298,19.4683],[74.0212,19.467],[74.027,19.4834],[74.0331,19.4801],[74.0387,19.4932],[74.0473,19.4916],[74.063,19.5022],[74.0666,19.4958],[74.0836,19.5096],[74.0901,19.5276],[74.0858,19.5332],[74.0876,19.5385],[74.0735,19.5501],[74.063,19.5709],[74.0537,19.5734],[74.0528,19.5822],[74.0571,19.5854],[74.0684,19.5813],[74.0933,19.5849],[74.108,19.5927],[74.1122,19.6103],[74.1225,19.6119],[74.1207,19.643],[74.1207,19.6437]]]}},{"type":"Feature","properties":{"ac_name":"JINTUR","ac_no":95,"ac_category":"GEN","st_name":"MAHARASHTRA"},"geometry":{"type":"Polygon","coordinates":[[[76.6787,19.8474],[76.6583,19.855],[76.647,19.8679],[76.6331,19.8679],[76.6234,19.8429],[76.6104,19.8374],[76.6014,19.8433],[76.5689,19.846],[76.5681,19.8395],[76.5621,19.8401],[76.5393,19.8457],[76.535,19.8508],[76.5203,19.851],[76.5225,19.8423],[76.5126,19.8317],[76.5152,19.8258],[76.5105,19.8201],[76.5145,19.812],[76.5112,19.7992],[76.4859,19.8004],[76.4824,19.7892],[76.4976,19.7726],[76.5126,19.7715],[76.5104,19.7613],[76.4918,19.7595],[76.4838,19.7446],[76.4591,19.7469],[76.4597,19.7231],[76.4837,19.7217],[76.488,19.6773],[76.4696,19.6787],[76.4648,19.665],[76.452,19.6672],[76.4458,19.6526],[76.4439,19.6408],[76.4524,19.6414],[76.454,19.6292],[76.4507,19.6136],[76.4411,19.6134],[76.4318,19.6026],[76.4376,19.6003],[76.4358,19.5867],[76.4481,19.5846],[76.4422,19.5416],[76.4129,19.5348],[76.412,19.539],[76.3952,19.5415],[76.3929,19.5323],[76.3755,19.5374],[76.3698,19.5091],[76.3765,19.5072],[76.364,19.4705],[76.3436,19.473],[76.3389,19.4538],[76.3231,19.4573],[76.3133,19.4658],[76.3011,19.4325],[76.2887,19.4331],[76.284,19.3996],[76.2896,19.3963],[76.2873,19.3819],[76.3033,19.3835],[76.2985,19.354],[76.3052,19.3501],[76.3211,19.3512],[76.3368,19.3336],[76.3465,19.3508],[76.3465,19.3634],[76.3641,19.3691],[76.3847,19.3677],[76.382,19.3461],[76.3968,19.3455],[76.4042,19.3393],[76.4247,19.3397],[76.4325,19.3563],[76.4445,19.3546],[76.4573,19.3626],[76.4841,19.3658],[76.4888,19.3761],[76.4872,19.3972],[76.4983,19.3901],[76.5139,19.3915],[76.5141,19.4135],[76.4993,19.4259],[76.5557,19.4254],[76.5565,19.4337],[76.5836,19.4342],[76.6103,19.4471],[76.6153,19.4315],[76.6252,19.434],[76.6505,19.4251],[76.6531,19.3951],[76.6588,19.4052],[76.6779,19.3988],[76.7246,19.4041],[76.7401,19.4023],[76.7645,19.4603],[76.781,19.4594],[76.7822,19.4511],[76.8032,19.4421],[76.7988,19.4336],[76.8079,19.4314],[76.8038,19.4279],[76.8138,19.4274],[76.8113,19.4222],[76.817,19.4152],[76.8499,19.4108],[76.8638,19.4377],[76.897,19.4278],[76.9037,19.4444],[76.922,19.4413],[76.9197,19.4504],[76.9255,19.4524],[76.9331,19.4706],[76.9449,19.4791],[76.948,19.491],[76.9736,19.4776],[76.9842,19.4791],[76.9866,19.494],[76.9774,19.4916],[76.9782,19.5055],[76.9583,19.5123],[76.9685,19.5225],[76.9647,19.5288],[76.97,19.5466],[76.9669,19.56],[76.9576,19.5726],[76.9508,19.575],[76.9622,19.5827],[76.9547,19.5936],[76.9448,19.5976],[76.943,19.6222],[76.9379,19.6257],[76.926,19.6186],[76.9169,19.6188],[76.9118,19.6247],[76.9146,19.6364],[76.9105,19.6441],[76.904,19.6464],[76.8926,19.6409],[76.8874,19.6299],[76.876,19.6215],[76.8683,19.6275],[76.8761,19.6402],[76.8681,19.6469],[76.8507,19.6486],[76.8506,19.6633],[76.8641,19.6753],[76.8498,19.707],[76.8407,19.7027],[76.8215,19.7074],[76.8153,19.7038],[76.8136,19.6993],[76.8256,19.6799],[76.8212,19.6705],[76.8075,19.6834],[76.7979,19.6724],[76.7906,19.6712],[76.7859,19.6757],[76.7832,19.7033],[76.7898,19.7222],[76.7825,19.733],[76.7669,19.718],[76.7728,19.6989],[76.7697,19.6914],[76.7614,19.6858],[76.7517,19.694],[76.7445,19.7108],[76.7332,19.7137],[76.7379,19.7305],[76.7281,19.7389],[76.7176,19.7672],[76.7099,19.7697],[76.7022,19.7641],[76.6868,19.78],[76.7032,19.8045],[76.6988,19.819],[76.7032,19.8191],[76.7066,19.8355],[76.6759,19.8394],[76.6787,19.8474]]]}},{"type":"Feature","properties":{"ac_name":"SHRIRAMPUR","ac_no":220,"ac_category":"SC","st_name":"MAHARASHTRA"},"geometry":{"type":"Polygon","coordinates":[[[74.6519,19.778],[74.642,19.7377],[74.6309,19.7272],[74.6313,19.7201],[74.636,19.7043],[74.6531,19.7104],[74.6564,19.7014],[74.638,19.6637],[74.6345,19.6656],[74.6268,19.6546],[74.6203,19.6542],[74.622,19.6459],[74.6221,19.641],[74.6288,19.6404],[74.6313,19.5954],[74.6085,19.5944],[74.5828,19.5848],[74.5718,19.5896],[74.5625,19.5879],[74.5502,19.5317],[74.5433,19.5347],[74.5256,19.5279],[74.5033,19.5272],[74.5063,19.5221],[74.4991,19.4955],[74.566,19.4991],[74.5977,19.4946],[74.5803,19.4613],[74.5823,19.4501],[74.5896,19.4453],[74.6121,19.4409],[74.6449,19.4422],[74.6692,19.4341],[74.6831,19.4462],[74.6744,19.4565],[74.6738,19.4651],[74.6861,19.4765],[74.7065,19.4755],[74.722,19.467],[74.7684,19.4729],[74.782,19.453],[74.7893,19.4602],[74.7915,19.4792],[74.7999,19.4794],[74.8036,19.4945],[74.8237,19.4916],[74.8138,19.499],[74.8167,19.5081],[74.8345,19.5146],[74.833,19.5243],[74.8246,19.5255],[74.8278,19.5339],[74.8138,19.5362],[74.8086,19.5829],[74.8234,19.5976],[74.8267,19.6226],[74.809,19.6377],[74.8131,19.6464],[74.8204,19.6456],[74.826,19.6517],[74.8296,19.6662],[74.8197,19.6744],[74.7972,19.6615],[74.7911,19.651],[74.7807,19.6482],[74.7762,19.6515],[74.78,19.6798],[74.8021,19.7035],[74.7856,19.7193],[74.7446,19.6904],[74.7417,19.6969],[74.7286,19.7002],[74.7293,19.7223],[74.7211,19.7203],[74.7159,19.7264],[74.7042,19.7236],[74.7124,19.7293],[74.7231,19.7546],[74.718,19.7622],[74.719,19.7785],[74.7084,19.7822],[74.7019,19.7773],[74.7005,19.7726],[74.7074,19.7642],[74.6931,19.7552],[74.6898,19.7678],[74.6788,19.7667],[74.6677,19.7771],[74.6519,19.778]]]}},{"type":"Feature","properties":{"ac_name":"RAJURA","ac_no":70,"ac_category":"GEN","st_name":"MAHARASHTRA"},"geometry":{"type":"Polygon","coordinates":[[[79.147,19.8933],[79.1432,19.8825],[79.1359,19.878],[79.1348,19.8676],[79.1163,19.8607],[79.1091,19.8471],[79.0969,19.8414],[79.0896,19.843],[79.0859,19.8293],[79.0719,19.8182],[79.0587,19.8167],[79.0413,19.8214],[79.0233,19.8001],[79.0088,19.8071],[78.9723,19.8072],[78.9515,19.7989],[78.9373,19.7772],[78.9515,19.7579],[78.9496,19.7498],[78.9231,19.7476],[78.9001,19.7377],[78.8792,19.7486],[78.8821,19.7644],[78.8788,19.7673],[78.8568,19.771],[78.8408,19.762],[78.848,19.7357],[78.8512,19.7363],[78.8495,19.7221],[78.86,19.6897],[78.8558,19.6868],[78.8519,19.6588],[78.8576,19.6581],[78.8874,19.6554],[78.8905,19.6596],[78.8865,19.6626],[78.9024,19.6702],[78.9199,19.6672],[78.9198,19.6622],[78.9529,19.6585],[78.9619,19.6376],[78.9554,19.6193],[78.9557,19.6004],[78.9718,19.5902],[78.9729,19.5826],[78.9526,19.5652],[78.9377,19.5621],[78.9405,19.5521],[78.9743,19.5496],[78.9813,19.561],[78.9978,19.5492],[78.9981,19.5403],[79.0461,19.5485],[79.077,19.5326],[79.0981,19.5322],[79.1054,19.5226],[79.1614,19.4885],[79.1679,19.4725],[79.1904,19.4592],[79.2236,19.4693],[79.2039,19.4943],[79.2075,19.5063],[79.2212,19.5212],[79.2338,19.5202],[79.2401,19.5354],[79.2372,19.5573],[79.2511,19.5777],[79.2532,19.5935],[79.2445,19.5951],[79.2387,19.6064],[79.2436,19.6169],[79.2511,19.6161],[79.273,19.599],[79.3069,19.5968],[79.314,19.5666],[79.3186,19.5679],[79.3185,19.5769],[79.3658,19.5765],[79.3728,19.5612],[79.3857,19.5585],[79.4018,19.5386],[79.4146,19.5327],[79.423,19.5303],[79.4226,19.5382],[79.4334,19.5375],[79.469,19.5098],[79.4715,19.5003],[79.4827,19.5065],[79.4984,19.5059],[79.5186,19.5204],[79.5186,19.5433],[79.5417,19.5548],[79.553,19.5244],[79.5942,19.5071],[79.603,19.5147],[79.6142,19.5599],[79.6322,19.5753],[79.709,19.5847],[79.7441,19.6089],[79.7786,19.5999],[79.8065,19.579],[79.7927,19.609],[79.7858,19.6448],[79.7824,19.7275],[79.7537,19.7573],[79.7458,19.7828],[79.7372,19.7792],[79.7094,19.7832],[79.7069,19.802],[79.7026,19.8035],[79.6795,19.7956],[79.6771,19.785],[79.6819,19.7829],[79.6735,19.7792],[79.6602,19.7864],[79.6522,19.7829],[79.649,19.7901],[79.6386,19.7916],[79.6379,19.7678],[79.632,19.7691],[79.6274,19.7622],[79.6004,19.7726],[79.5854,19.77],[79.5262,19.7894],[79.5256,19.7734],[79.5394,19.7749],[79.5395,19.7684],[79.4906,19.7409],[79.4924,19.763],[79.4471,19.7953],[79.4112,19.8104],[79.3713,19.8148],[79.3467,19.8251],[79.3366,19.8383],[79.3408,19.8483],[79.3366,19.854],[79.3014,19.8733],[79.2758,19.8737],[79.2545,19.8894],[79.2407,19.8965],[79.201,19.8951],[79.174,19.9056],[79.1615,19.8955],[79.147,19.8933]]]}},{"type":"Feature","properties":{"ac_name":"GHANSAWANGI","ac_no":100,"ac_category":"GEN","st_name":"MAHARASHTRA"},"geometry":{"type":"Polygon","coordinates":[[[75.8952,19.7103],[75.907,19.7038],[75.8992,19.6959],[75.8955,19.6757],[75.9134,19.677],[75.9151,19.665],[75.9288,19.6389],[75.9089,19.6391],[75.8958,19.6228],[75.8969,19.612],[75.9039,19.609],[75.9006,19.6001],[75.906,19.5885],[75.9019,19.5669],[75.8799,19.5555],[75.8729,19.5266],[75.8659,19.5221],[75.8656,19.5104],[75.8336,19.5096],[75.8308,19.5259],[75.8267,19.5272],[75.8289,19.5539],[75.8199,19.552],[75.8188,19.5458],[75.8045,19.5429],[75.8029,19.5338],[75.7774,19.5329],[75.7713,19.5292],[75.7554,19.5318],[75.7419,19.5225],[75.7369,19.5316],[75.7265,19.5348],[75.7153,19.5317],[75.7069,19.5343],[75.6997,19.5213],[75.6936,19.5198],[75.6776,19.5326],[75.6673,19.5347],[75.6554,19.5296],[75.6436,19.5369],[75.6402,19.5241],[75.6425,19.5009],[75.6312,19.4642],[75.6283,19.4601],[75.6131,19.4681],[75.6107,19.4568],[75.6047,19.4524],[75.6033,19.4277],[75.6124,19.4252],[75.6064,19.3847],[75.6252,19.3735],[75.6424,19.3831],[75.6498,19.3673],[75.6706,19.3693],[75.676,19.3653],[75.6763,19.3564],[75.6857,19.3543],[75.7006,19.3601],[75.7165,19.3551],[75.7514,19.3578],[75.7626,19.378],[75.7571,19.3896],[75.7876,19.3996],[75.8276,19.3753],[75.844,19.3708],[75.8734,19.3833],[75.8823,19.3828],[75.8875,19.3774],[75.9094,19.3928],[75.9209,19.3875],[75.9239,19.38],[75.9156,19.3614],[75.9056,19.3513],[75.9031,19.3358],[75.9072,19.3145],[75.9285,19.2957],[75.9435,19.2916],[75.9789,19.306],[76.0025,19.3248],[76.0103,19.3373],[76.0188,19.3399],[76.0244,19.3363],[76.0203,19.327],[76.0265,19.3109],[76.0248,19.2978],[76.0407,19.2832],[76.0622,19.2829],[76.0733,19.2781],[76.0891,19.2819],[76.0992,19.3079],[76.1087,19.3066],[76.1123,19.2967],[76.1166,19.2968],[76.1166,19.314],[76.1052,19.3185],[76.1131,19.3255],[76.1049,19.3404],[76.1121,19.3396],[76.1211,19.3515],[76.1141,19.3607],[76.1233,19.361],[76.125,19.3689],[76.1121,19.3724],[76.1152,19.3826],[76.129,19.382],[76.1365,19.414],[76.148,19.4296],[76.1479,19.4406],[76.1432,19.4425],[76.1484,19.4847],[76.1605,19.4982],[76.1613,19.5062],[76.1488,19.5299],[76.1564,19.5356],[76.1521,19.574],[76.1561,19.5868],[76.1685,19.5884],[76.1754,19.6168],[76.1751,19.6244],[76.1483,19.631],[76.1541,19.6481],[76.157,19.6473],[76.1598,19.6687],[76.1444,19.6699],[76.144,19.68],[76.1414,19.677],[76.133,19.6946],[76.144,19.6955],[76.1511,19.6846],[76.1635,19.683],[76.1854,19.6712],[76.1868,19.6855],[76.203,19.6861],[76.2148,19.6811],[76.2181,19.7002],[76.1965,19.7056],[76.2129,19.7366],[76.1978,19.7357],[76.1815,19.7421],[76.1634,19.7428],[76.1734,19.7812],[76.1659,19.7857],[76.15,19.7868],[76.1474,19.7761],[76.1229,19.7781],[76.1235,19.7848],[76.1107,19.7911],[76.0962,19.7671],[76.0808,19.7821],[76.0509,19.789],[76.0266,19.7779],[76.0029,19.7822],[75.9994,19.7932],[75.9747,19.7969],[75.9574,19.806],[75.9524,19.8047],[75.9507,19.7828],[75.9242,19.7731],[75.9026,19.7819],[75.9003,19.7953],[75.8867,19.7949],[75.8808,19.7921],[75.8833,19.7523],[75.8801,19.7417],[75.8815,19.7366],[75.8999,19.7277],[75.8952,19.7103]]]}},{"type":"Feature","properties":{"ac_name":"SANGAMNER","ac_no":217,"ac_category":"GEN","st_name":"MAHARASHTRA"},"geometry":{"type":"Polygon","coordinates":[[[74.1207,19.643],[74.1225,19.6119],[74.1122,19.6103],[74.108,19.5927],[74.0933,19.5849],[74.0684,19.5813],[74.0571,19.5854],[74.0528,19.5822],[74.0537,19.5734],[74.063,19.5709],[74.0735,19.5501],[74.0876,19.5385],[74.0858,19.5332],[74.0901,19.5276],[74.0836,19.5096],[74.0666,19.4958],[74.063,19.5022],[74.0473,19.4916],[74.0387,19.4932],[74.0331,19.4801],[74.027,19.4834],[74.0212,19.467],[74.0298,19.4683],[74.0348,19.4767],[74.0528,19.472],[74.0523,19.4768],[74.0675,19.4783],[74.0706,19.4741],[74.0669,19.4615],[74.0816,19.4566],[74.0765,19.4495],[74.0834,19.4505],[74.0907,19.445],[74.0961,19.4563],[74.1156,19.4526],[74.1177,19.4603],[74.1061,19.4682],[74.1099,19.4711],[74.1198,19.4688],[74.1195,19.4796],[74.1387,19.4813],[74.143,19.4777],[74.1473,19.4807],[74.1433,19.4591],[74.166,19.4686],[74.1838,19.4839],[74.1872,19.4686],[74.1831,19.4625],[74.1978,19.4527],[74.1944,19.4501],[74.2,19.4395],[74.1976,19.4325],[74.1867,19.43],[74.2004,19.4021],[74.1944,19.3927],[74.1989,19.3858],[74.196,19.3576],[74.2048,19.3623],[74.2189,19.3536],[74.2215,19.3571],[74.2344,19.3568],[74.2551,19.3279],[74.2486,19.3242],[74.2495,19.3125],[74.268,19.3057],[74.2832,19.3131],[74.2774,19.315],[74.2836,19.3166],[74.2821,19.3242],[74.2991,19.3283],[74.3063,19.3208],[74.3191,19.326],[74.3295,19.3178],[74.3458,19.3316],[74.3541,19.3258],[74.359,19.3321],[74.3692,19.3308],[74.3772,19.3204],[74.3886,19.3324],[74.389,19.3865],[74.4,19.3784],[74.4391,19.3906],[74.4399,19.4103],[74.4439,19.4153],[74.4367,19.433],[74.4396,19.4527],[74.4321,19.4602],[74.4357,19.4661],[74.4439,19.468],[74.443,19.4763],[74.4514,19.4778],[74.4384,19.4805],[74.4328,19.4873],[74.3937,19.5014],[74.3942,19.5055],[74.3865,19.5073],[74.3815,19.5017],[74.3868,19.5243],[74.3558,19.5236],[74.3566,19.5589],[74.3554,19.5653],[74.3489,19.5692],[74.341,19.5659],[74.3334,19.57],[74.3176,19.5649],[74.2918,19.5684],[74.2855,19.5754],[74.2561,19.575],[74.2547,19.5969],[74.2386,19.5986],[74.2386,19.6038],[74.2339,19.605],[74.2207,19.6616],[74.2129,19.6557],[74.2144,19.6636],[74.1997,19.6585],[74.1783,19.6673],[74.1766,19.6632],[74.1852,19.6518],[74.1765,19.6481],[74.1773,19.6387],[74.1703,19.6227],[74.1553,19.6384],[74.1306,19.6343],[74.1207,19.643]]]}},{"type":"Feature","properties":{"ac_name":"","ac_no":0,"ac_category":"GEN","st_name":"MAHARASHTRA"},"geometry":{"type":"Polygon","coordinates":[[[72.8795,19.5265],[72.8521,19.5435],[72.8427,19.5397],[72.8339,19.5206],[72.8106,19.5202],[72.7882,19.5392],[72.7814,19.5573],[72.7683,19.5541],[72.7505,19.5718],[72.7422,19.5711],[72.7454,19.554],[72.7414,19.548],[72.749,19.5419],[72.7486,19.5315],[72.7561,19.5357],[72.7675,19.5285],[72.7682,19.5244],[72.7609,19.5227],[72.7712,19.5135],[72.7678,19.5074],[72.7729,19.4862],[72.7975,19.4908],[72.8128,19.4857],[72.8262,19.4929],[72.8456,19.5179],[72.8793,19.5183],[72.8827,19.5197],[72.8795,19.5265]]]}},{"type":"Feature","properties":{"ac_name":"NEVASA","ac_no":221,"ac_category":"GEN","st_name":"MAHARASHTRA"},"geometry":{"type":"Polygon","coordinates":[[[74.8296,19.6662],[74.826,19.6517],[74.8204,19.6456],[74.8131,19.6464],[74.809,19.6377],[74.8267,19.6226],[74.8234,19.5976],[74.8086,19.5829],[74.8138,19.5362],[74.8278,19.5339],[74.8246,19.5255],[74.833,19.5243],[74.8345,19.5146],[74.8167,19.5081],[74.8138,19.499],[74.8237,19.4916],[74.8036,19.4945],[74.7999,19.4794],[74.7915,19.4792],[74.7893,19.4602],[74.782,19.453],[74.7721,19.4486],[74.7688,19.4055],[74.7822,19.4042],[74.7827,19.3621],[74.788,19.3489],[74.7766,19.331],[74.7797,19.3157],[74.7921,19.298],[74.8173,19.297],[74.8301,19.2897],[74.8314,19.2841],[74.8379,19.2844],[74.8531,19.2977],[74.8818,19.2927],[74.8996,19.2814],[74.897,19.3083],[74.9102,19.3091],[74.9099,19.3272],[74.9242,19.3293],[74.9261,19.3338],[74.9432,19.3341],[74.9662,19.3283],[74.9658,19.3086],[75.0425,19.2932],[75.0507,19.324],[75.0633,19.3428],[75.1072,19.3566],[75.101,19.3809],[75.1252,19.4368],[75.1258,19.4545],[75.1388,19.455],[75.1505,19.4854],[75.1435,19.4898],[75.1439,19.5218],[75.1593,19.5222],[75.1819,19.53],[75.1983,19.5268],[75.2125,19.5591],[75.2016,19.5654],[75.2056,19.579],[75.1919,19.5956],[75.1737,19.6016],[75.1529,19.5886],[75.1422,19.5982],[75.129,19.5924],[75.1148,19.6052],[75.1012,19.6026],[75.0888,19.612],[75.0604,19.6048],[75.0526,19.6112],[75.0402,19.6124],[75.0429,19.6218],[75.0377,19.6263],[75.0003,19.6235],[74.9917,19.6288],[74.9835,19.639],[74.9616,19.6476],[74.9436,19.6463],[74.9318,19.6373],[74.9278,19.6465],[74.9155,19.6484],[74.8874,19.6395],[74.8836,19.6557],[74.85,19.6465],[74.8371,19.6634],[74.8296,19.6662]]]}},{"type":"Feature","properties":{"ac_name":"NALASOPARA","ac_no":132,"ac_category":"GEN","st_name":"MAHARASHTRA"},"geometry":{"type":"Polygon","coordinates":[[[72.8947,19.5202],[72.8795,19.5265],[72.8827,19.5197],[72.8793,19.5183],[72.8456,19.5179],[72.8262,19.4929],[72.8128,19.4857],[72.8223,19.4315],[72.8386,19.4069],[72.8679,19.4048],[72.8857,19.3907],[72.8906,19.3934],[72.8881,19.4027],[72.9011,19.4113],[72.9147,19.4241],[72.9202,19.4438],[72.9156,19.4465],[72.9122,19.4604],[72.917,19.4837],[72.9141,19.4902],[72.9235,19.5034],[72.9215,19.515],[72.9118,19.5283],[72.9067,19.5217],[72.8947,19.5202]]]}},{"type":"Feature","properties":{"ac_name":"BASMATH","ac_no":92,"ac_category":"GEN","st_name":"MAHARASHTRA"},"geometry":{"type":"Polygon","coordinates":[[[76.8926,19.6409],[76.904,19.6464],[76.9105,19.6441],[76.9146,19.6364],[76.9118,19.6247],[76.9169,19.6188],[76.926,19.6186],[76.9379,19.6257],[76.943,19.6222],[76.9448,19.5976],[76.9547,19.5936],[76.9622,19.5827],[76.9508,19.575],[76.9576,19.5726],[76.9669,19.56],[76.97,19.5466],[76.9647,19.5288],[76.9685,19.5225],[76.9583,19.5123],[76.9782,19.5055],[76.9774,19.4916],[76.9866,19.494],[76.9842,19.4791],[76.9736,19.4776],[76.948,19.491],[76.9449,19.4791],[76.9331,19.4706],[76.9255,19.4524],[76.9197,19.4504],[76.922,19.4413],[76.9251,19.4335],[76.9167,19.4241],[76.9205,19.4167],[76.9113,19.4106],[76.9009,19.3853],[76.8931,19.3808],[76.894,19.3664],[76.8884,19.3538],[76.9003,19.3384],[76.9012,19.3244],[76.8913,19.3085],[76.9003,19.2985],[76.9287,19.2973],[76.927,19.2759],[76.9193,19.2571],[76.9261,19.25],[76.933,19.2552],[76.9541,19.2493],[76.9551,19.2544],[76.9683,19.2538],[76.9688,19.2759],[76.9873,19.2771],[76.9909,19.2843],[77.0231,19.2852],[77.0222,19.2779],[77.0105,19.2734],[77.012,19.2528],[77.0319,19.2455],[77.0481,19.2487],[77.0493,19.2377],[77.0541,19.236],[77.0401,19.2185],[77.0368,19.2016],[77.0753,19.1912],[77.0873,19.1745],[77.098,19.1735],[77.0938,19.157],[77.1139,19.1571],[77.1195,19.151],[77.0954,19.1451],[77.0925,19.1407],[77.1062,19.1204],[77.1006,19.1085],[77.1049,19.0974],[77.0887,19.09],[77.0851,19.0769],[77.0888,19.0695],[77.0985,19.0684],[77.1225,19.0793],[77.1324,19.0711],[77.1419,19.0722],[77.1568,19.0837],[77.1636,19.0959],[77.1631,19.1186],[77.1691,19.1241],[77.1756,19.1215],[77.1798,19.1312],[77.189,19.1319],[77.1919,19.1474],[77.1913,19.1636],[77.1771,19.1684],[77.1793,19.2287],[77.192,19.2358],[77.193,19.2447],[77.2032,19.2446],[77.2029,19.2551],[77.2204,19.2753],[77.2304,19.2758],[77.2356,19.2746],[77.2413,19.3227],[77.261,19.3157],[77.2806,19.3164],[77.2808,19.3265],[77.2976,19.3283],[77.3013,19.333],[77.3097,19.3304],[77.3123,19.3556],[77.3087,19.3627],[77.2951,19.3626],[77.2919,19.3673],[77.2941,19.4073],[77.2858,19.407],[77.2862,19.4288],[77.2825,19.4285],[77.286,19.4528],[77.2707,19.4758],[77.2505,19.4832],[77.245,19.4924],[77.2649,19.5193],[77.2505,19.531],[77.2501,19.5476],[77.243,19.553],[77.2457,19.5673],[77.2287,19.5733],[77.2287,19.5923],[77.2219,19.5962],[77.2292,19.6039],[77.2163,19.6105],[77.2034,19.6243],[77.2011,19.633],[77.1928,19.6365],[77.194,19.6538],[77.1711,19.6584],[77.1779,19.6283],[77.1572,19.6282],[77.1582,19.6389],[77.1533,19.6459],[77.1597,19.6598],[77.1476,19.6683],[77.1433,19.6781],[77.1209,19.6771],[77.1193,19.6712],[77.1038,19.6607],[77.1002,19.6506],[77.0841,19.6526],[77.0687,19.6382],[77.0568,19.6491],[77.0414,19.6514],[77.0438,19.6729],[77.0387,19.6759],[77.0222,19.6828],[77.004,19.6732],[77.0014,19.681],[76.9929,19.6867],[77.0014,19.702],[77.0006,19.7147],[76.9902,19.715],[76.9827,19.7072],[76.9726,19.7068],[76.9567,19.6724],[76.9433,19.6702],[76.9431,19.6663],[76.9294,19.6759],[76.921,19.6898],[76.8889,19.6704],[76.8784,19.6485],[76.8926,19.6409]]]}},{"type":"Feature","properties":{"ac_name":"VASAI","ac_no":133,"ac_category":"GEN","st_name":"MAHARASHTRA"},"geometry":{"type":"Polygon","coordinates":[[[72.7729,19.4862],[72.7443,19.4619],[72.7607,19.4184],[72.7624,19.3969],[72.7691,19.3965],[72.7686,19.4064],[72.7746,19.4116],[72.7714,19.4178],[72.7749,19.4129],[72.7743,19.4099],[72.7697,19.4063],[72.7697,19.3951],[72.761,19.3887],[72.7577,19.3759],[72.7752,19.3573],[72.7688,19.3747],[72.7792,19.3515],[72.799,19.3305],[72.8153,19.3278],[72.8373,19.3407],[72.8503,19.3407],[72.8738,19.3292],[72.8928,19.2999],[72.9059,19.2915],[72.9366,19.291],[72.9515,19.3033],[72.9407,19.316],[72.9387,19.3336],[72.9463,19.3734],[72.9612,19.3803],[72.9556,19.399],[72.975,19.3954],[72.9729,19.4086],[72.9837,19.4086],[72.9914,19.4185],[72.9885,19.4219],[72.9769,19.4208],[72.9602,19.4372],[72.9525,19.4323],[72.9413,19.4097],[72.9315,19.4027],[72.9171,19.4029],[72.9011,19.4113],[72.8881,19.4027],[72.8906,19.3934],[72.8857,19.3907],[72.8679,19.4048],[72.8386,19.4069],[72.8223,19.4315],[72.8128,19.4857],[72.7975,19.4908],[72.7729,19.4862]]]}},{"type":"Feature","properties":{"ac_name":"HADGAON","ac_no":84,"ac_category":"GEN","st_name":"MAHARASHTRA"},"geometry":{"type":"Polygon","coordinates":[[[77.4999,19.6792],[77.4821,19.6772],[77.4759,19.6836],[77.4583,19.6825],[77.4495,19.6747],[77.4625,19.6699],[77.4663,19.6641],[77.4615,19.6463],[77.4663,19.6414],[77.4629,19.6093],[77.4791,19.5998],[77.4597,19.5833],[77.4512,19.5693],[77.4527,19.5618],[77.4661,19.5637],[77.4689,19.4961],[77.471,19.4908],[77.4851,19.4977],[77.4876,19.4936],[77.4869,19.4587],[77.4736,19.4572],[77.4697,19.4387],[77.4481,19.4405],[77.4443,19.4215],[77.4357,19.4085],[77.4481,19.391],[77.4469,19.3849],[77.4169,19.3778],[77.4131,19.3667],[77.3883,19.3529],[77.385,19.3417],[77.3974,19.3367],[77.3979,19.3252],[77.4139,19.3212],[77.4213,19.3048],[77.4407,19.3097],[77.4671,19.305],[77.4775,19.3109],[77.4979,19.311],[77.5035,19.3018],[77.5317,19.2891],[77.54,19.2897],[77.5529,19.2814],[77.5579,19.2843],[77.5664,19.2734],[77.5992,19.2717],[77.618,19.2785],[77.6278,19.2744],[77.6378,19.2846],[77.677,19.2864],[77.687,19.2924],[77.6998,19.2892],[77.7051,19.2967],[77.7143,19.29],[77.7497,19.2977],[77.7842,19.2877],[77.8018,19.2992],[77.8635,19.3037],[77.8901,19.3135],[77.8944,19.3207],[77.9117,19.3164],[77.9281,19.3324],[77.9384,19.3343],[77.9426,19.3426],[77.9517,19.3404],[77.9526,19.4066],[77.9553,19.4143],[77.964,19.4198],[77.9596,19.4294],[77.9622,19.4372],[77.971,19.4495],[77.9872,19.452],[77.9903,19.4561],[77.9828,19.4629],[77.9874,19.4764],[77.9734,19.4957],[77.972,19.5083],[77.9531,19.5114],[77.9383,19.4966],[77.9342,19.5054],[77.9147,19.5174],[77.9078,19.5346],[77.889,19.5186],[77.8881,19.5067],[77.8829,19.5017],[77.8781,19.5034],[77.8779,19.5145],[77.8594,19.5224],[77.8424,19.5096],[77.8439,19.4883],[77.8293,19.4829],[77.8268,19.4778],[77.8468,19.4524],[77.838,19.4501],[77.8314,19.4392],[77.819,19.4414],[77.814,19.4563],[77.8055,19.4642],[77.7988,19.45],[77.7852,19.4488],[77.7484,19.4301],[77.7407,19.4381],[77.729,19.4339],[77.6976,19.4386],[77.6947,19.456],[77.7096,19.4679],[77.7108,19.4769],[77.7231,19.4736],[77.7282,19.4799],[77.7384,19.4819],[77.734,19.4965],[77.7509,19.5135],[77.7454,19.5256],[77.7282,19.5327],[77.7063,19.5222],[77.7065,19.5326],[77.6955,19.5397],[77.6754,19.5386],[77.6504,19.5495],[77.6382,19.548],[77.6329,19.557],[77.645,19.5542],[77.6491,19.5573],[77.638,19.5936],[77.6444,19.6073],[77.6392,19.6104],[77.6275,19.606],[77.6258,19.6255],[77.6122,19.6292],[77.6165,19.6387],[77.6077,19.6389],[77.6074,19.6482],[77.5975,19.6429],[77.5949,19.6508],[77.584,19.65],[77.5781,19.6588],[77.5709,19.6501],[77.5543,19.6509],[77.5521,19.6626],[77.5411,19.6599],[77.5378,19.669],[77.5056,19.6732],[77.5011,19.6786],[77.4999,19.6792]]]}},{"type":"Feature","properties":{"ac_name":"RAHURI","ac_no":223,"ac_category":"GEN","st_name":"MAHARASHTRA"},"geometry":{"type":"Polygon","coordinates":[[[74.5033,19.5272],[74.4683,19.5213],[74.4464,19.5289],[74.4422,19.4992],[74.4328,19.4873],[74.4384,19.4805],[74.4514,19.4778],[74.443,19.4763],[74.4439,19.468],[74.4357,19.4661],[74.4321,19.4602],[74.4396,19.4527],[74.4367,19.433],[74.4439,19.4153],[74.4399,19.4103],[74.4391,19.3906],[74.4,19.3784],[74.389,19.3865],[74.3886,19.3324],[74.3891,19.3239],[74.3941,19.3205],[74.408,19.3327],[74.4215,19.3373],[74.4424,19.3587],[74.4605,19.361],[74.456,19.3484],[74.4582,19.3405],[74.4673,19.3432],[74.4812,19.3391],[74.4884,19.3272],[74.4924,19.3284],[74.4913,19.3216],[74.4958,19.3237],[74.49,19.3057],[74.4957,19.2841],[74.4892,19.284],[74.4962,19.2773],[74.4979,19.2575],[74.5474,19.2696],[74.5533,19.2626],[74.5705,19.2578],[74.5869,19.2777],[74.5843,19.29],[74.5915,19.298],[74.6283,19.3016],[74.6474,19.3115],[74.6524,19.3107],[74.6506,19.2909],[74.666,19.294],[74.6665,19.2895],[74.6732,19.2976],[74.6937,19.2938],[74.7017,19.2669],[74.6958,19.2642],[74.697,19.2593],[74.7135,19.2495],[74.7074,19.2322],[74.7051,19.1867],[74.7357,19.177],[74.7343,19.1507],[74.7464,19.1422],[74.7735,19.1381],[74.7741,19.1186],[74.7807,19.1174],[74.7845,19.1072],[74.806,19.0995],[74.7963,19.0934],[74.7779,19.0918],[74.7982,19.089],[74.7993,19.0714],[74.7944,19.0642],[74.7873,19.0672],[74.7854,19.0544],[74.7795,19.0533],[74.7766,19.0287],[74.7886,19.0304],[74.8111,19.0507],[74.8158,19.0673],[74.8343,19.0917],[74.8263,19.1282],[74.8491,19.1426],[74.8405,19.1578],[74.8455,19.1611],[74.8416,19.1625],[74.8406,19.1739],[74.8554,19.1852],[74.8576,19.1924],[74.8645,19.1869],[74.8758,19.1923],[74.875,19.1847],[74.8798,19.1847],[74.8809,19.1789],[74.9215,19.1787],[74.9312,19.1595],[74.9263,19.152],[74.9346,19.151],[74.9365,19.1393],[74.9448,19.1374],[74.946,19.1308],[74.9753,19.1116],[74.9801,19.1178],[74.9855,19.1122],[74.9949,19.1135],[75.0117,19.1043],[75.0257,19.1147],[75.0249,19.1017],[75.0303,19.108],[75.0438,19.1101],[75.0362,19.1013],[75.0525,19.1058],[75.0521,19.0999],[75.0582,19.0978],[75.0659,19.1025],[75.0654,19.1066],[75.068,19.1024],[75.0759,19.1062],[75.0709,19.1121],[75.0784,19.1183],[75.071,19.1199],[75.0882,19.1201],[75.0916,19.126],[75.0882,19.1522],[75.0788,19.1714],[75.0893,19.178],[75.086,19.2177],[75.0438,19.2167],[75.0454,19.2223],[75.0237,19.2256],[75.0319,19.264],[75.0574,19.2596],[75.0539,19.2744],[75.0394,19.277],[75.0425,19.2932],[74.9658,19.3086],[74.9662,19.3283],[74.9432,19.3341],[74.9261,19.3338],[74.9242,19.3293],[74.9099,19.3272],[74.9102,19.3091],[74.897,19.3083],[74.8996,19.2814],[74.8818,19.2927],[74.8531,19.2977],[74.8379,19.2844],[74.8314,19.2841],[74.8301,19.2897],[74.8173,19.297],[74.7921,19.298],[74.7797,19.3157],[74.7766,19.331],[74.788,19.3489],[74.7827,19.3621],[74.7822,19.4042],[74.7688,19.4055],[74.7721,19.4486],[74.782,19.453],[74.7684,19.4729],[74.722,19.467],[74.7065,19.4755],[74.6861,19.4765],[74.6738,19.4651],[74.6744,19.4565],[74.6831,19.4462],[74.6692,19.4341],[74.6449,19.4422],[74.6121,19.4409],[74.5896,19.4453],[74.5823,19.4501],[74.5803,19.4613],[74.5977,19.4946],[74.566,19.4991],[74.4991,19.4955],[74.5063,19.5221],[74.5033,19.5272]]]}},{"type":"Feature","properties":{"ac_name":"SHEVGAON","ac_no":222,"ac_category":"GEN","st_name":"MAHARASHTRA"},"geometry":{"type":"Polygon","coordinates":[[[75.2125,19.5591],[75.1983,19.5268],[75.1819,19.53],[75.1593,19.5222],[75.1439,19.5218],[75.1435,19.4898],[75.1505,19.4854],[75.1388,19.455],[75.1258,19.4545],[75.1252,19.4368],[75.101,19.3809],[75.1072,19.3566],[75.0633,19.3428],[75.0507,19.324],[75.0425,19.2932],[75.0394,19.277],[75.0539,19.2744],[75.0574,19.2596],[75.0319,19.264],[75.0237,19.2256],[75.0454,19.2223],[75.0438,19.2167],[75.086,19.2177],[75.0893,19.178],[75.0788,19.1714],[75.0882,19.1522],[75.0916,19.126],[75.0968,19.1224],[75.1062,19.1258],[75.1107,19.115],[75.0979,19.102],[75.0972,19.0798],[75.0778,19.0798],[75.0908,19.0681],[75.0757,19.0684],[75.0687,19.0593],[75.0716,19.054],[75.1003,19.0427],[75.1129,19.0437],[75.1362,19.036],[75.1444,19.0353],[75.1432,19.0398],[75.1477,19.0423],[75.1573,19.0367],[75.1659,19.0372],[75.169,19.02],[75.1821,19.0119],[75.2073,19.0201],[75.208,19.0365],[75.1861,19.0519],[75.1971,19.0673],[75.1879,19.0933],[75.1917,19.0978],[75.1979,19.0959],[75.2193,19.112],[75.2198,19.1005],[75.2239,19.1004],[75.2276,19.0852],[75.2243,19.0665],[75.2341,19.0615],[75.2618,19.07],[75.27,19.0532],[75.2666,19.0311],[75.2568,19.0254],[75.2657,19.018],[75.269,18.9982],[75.2893,18.9818],[75.3162,18.9802],[75.3433,18.992],[75.3451,19.0247],[75.329,19.0344],[75.2844,19.0336],[75.2941,19.0691],[75.2934,19.076],[75.2816,19.0802],[75.2816,19.0846],[75.2953,19.0848],[75.3085,19.0983],[75.3228,19.0941],[75.3379,19.0808],[75.365,19.0785],[75.3614,19.1087],[75.3525,19.1132],[75.3495,19.124],[75.3315,19.1316],[75.3307,19.1524],[75.3398,19.1558],[75.3528,19.1471],[75.3516,19.1266],[75.3586,19.1267],[75.3614,19.1321],[75.3764,19.1295],[75.3941,19.1422],[75.4075,19.1411],[75.4092,19.129],[75.4042,19.1235],[75.3926,19.1266],[75.3811,19.1032],[75.3659,19.0901],[75.3696,19.0815],[75.4078,19.0801],[75.4166,19.0873],[75.445,19.0933],[75.4494,19.0833],[75.4855,19.1061],[75.4835,19.1275],[75.4637,19.1301],[75.4636,19.127],[75.4425,19.1241],[75.4332,19.1165],[75.4293,19.1216],[75.4231,19.1389],[75.4498,19.1413],[75.4539,19.1467],[75.4489,19.1642],[75.4449,19.1725],[75.4242,19.1735],[75.4228,19.1798],[75.4017,19.1962],[75.4218,19.2209],[75.4369,19.2206],[75.4457,19.2209],[75.4592,19.2517],[75.4742,19.2531],[75.4734,19.2594],[75.5048,19.267],[75.5207,19.2783],[75.5259,19.2982],[75.5392,19.3074],[75.5431,19.3216],[75.5405,19.3286],[75.5168,19.331],[75.5315,19.3765],[75.5169,19.3802],[75.5168,19.3847],[75.5056,19.3798],[75.4847,19.3813],[75.4885,19.4167],[75.4744,19.4241],[75.467,19.4139],[75.4559,19.4165],[75.446,19.4121],[75.4402,19.4162],[75.4422,19.4279],[75.4351,19.4189],[75.4304,19.4204],[75.4253,19.4155],[75.4081,19.4188],[75.3914,19.4152],[75.3643,19.3983],[75.337,19.407],[75.3564,19.4328],[75.3466,19.4495],[75.3271,19.4387],[75.323,19.464],[75.3388,19.4663],[75.3447,19.4838],[75.3584,19.4802],[75.3565,19.5006],[75.3389,19.4986],[75.335,19.4806],[75.3279,19.4819],[75.3289,19.5059],[75.3231,19.5051],[75.3252,19.4978],[75.3119,19.4948],[75.3011,19.5026],[75.3013,19.511],[75.2731,19.5143],[75.2807,19.5446],[75.2739,19.5541],[75.2678,19.5539],[75.2578,19.522],[75.2288,19.5411],[75.2201,19.5574],[75.2125,19.5591]]]}},{"type":"Feature","properties":{"ac_name":"MURBAD","ac_no":139,"ac_category":"GEN","st_name":"MAHARASHTRA"},"geometry":{"type":"Polygon","coordinates":[[[73.6855,19.444],[73.6761,19.435],[73.6546,19.4257],[73.6235,19.4437],[73.6235,19.455],[73.6152,19.4537],[73.5996,19.4311],[73.6052,19.4201],[73.6,19.406],[73.593,19.4024],[73.5987,19.397],[73.5869,19.3923],[73.5819,19.3719],[73.5711,19.3643],[73.5838,19.3559],[73.5792,19.3526],[73.5671,19.3567],[73.5626,19.3526],[73.5742,19.3416],[73.5796,19.3454],[73.5758,19.32],[73.5689,19.3317],[73.5612,19.3316],[73.5562,19.3198],[73.5265,19.3403],[73.5188,19.3299],[73.4983,19.3311],[73.4787,19.3219],[73.4533,19.3378],[73.4385,19.3329],[73.4325,19.3249],[73.4074,19.3438],[73.4046,19.3217],[73.3807,19.3172],[73.3829,19.2982],[73.3751,19.2995],[73.3545,19.3157],[73.3547,19.3279],[73.3403,19.3359],[73.3371,19.3431],[73.3169,19.3256],[73.2952,19.3185],[73.2931,19.3144],[73.2779,19.3121],[73.2793,19.3283],[73.2877,19.3277],[73.2934,19.3355],[73.2892,19.3361],[73.2851,19.3526],[73.296,19.3592],[73.2938,19.3856],[73.2845,19.3867],[73.2744,19.4004],[73.2684,19.4317],[73.2577,19.4121],[73.2595,19.4053],[73.2478,19.4038],[73.2387,19.3826],[73.2278,19.3768],[73.2274,19.3673],[73.2128,19.3677],[73.2134,19.3535],[73.1932,19.3383],[73.1936,19.3223],[73.1797,19.3003],[73.1982,19.2984],[73.1982,19.3119],[73.2084,19.317],[73.2085,19.3109],[73.2159,19.3089],[73.2285,19.3133],[73.242,19.3071],[73.2432,19.2941],[73.2386,19.2881],[73.2163,19.2844],[73.2196,19.2743],[73.2109,19.2661],[73.2183,19.2621],[73.2144,19.2593],[73.2176,19.2562],[73.2095,19.234],[73.2079,19.223],[73.2204,19.1944],[73.2075,19.1819],[73.2056,19.1589],[73.1978,19.1499],[73.198,19.1229],[73.2139,19.0981],[73.2285,19.0866],[73.2364,19.0707],[73.251,19.0612],[73.2632,19.0659],[73.2644,19.072],[73.2799,19.0863],[73.2979,19.0831],[73.2971,19.0718],[73.3048,19.078],[73.3131,19.0762],[73.3189,19.0798],[73.321,19.0875],[73.3074,19.1063],[73.3154,19.1067],[73.3262,19.1194],[73.3544,19.1307],[73.3731,19.1267],[73.3858,19.1326],[73.4037,19.1338],[73.4298,19.1257],[73.4426,19.1327],[73.4578,19.1313],[73.4667,19.1362],[73.4754,19.1347],[73.4855,19.1236],[73.4902,19.1299],[73.5258,19.1296],[73.5347,19.1274],[73.5419,19.1185],[73.5456,19.1409],[73.5376,19.1489],[73.5336,19.1463],[73.5304,19.1568],[73.5421,19.1591],[73.5352,19.178],[73.5442,19.1754],[73.5443,19.1852],[73.5651,19.1832],[73.5654,19.1887],[73.5759,19.1924],[73.5838,19.1887],[73.5969,19.1942],[73.6089,19.1931],[73.6119,19.2111],[73.623,19.2161],[73.6313,19.2051],[73.6435,19.2185],[73.6622,19.2405],[73.6725,19.2386],[73.6857,19.2426],[73.6939,19.2518],[73.6904,19.2691],[73.6681,19.2911],[73.6724,19.302],[73.6817,19.304],[73.6844,19.3107],[73.7068,19.3243],[73.742,19.3351],[73.7482,19.3353],[73.7429,19.3232],[73.7739,19.3309],[73.7731,19.3419],[73.7777,19.3364],[73.7892,19.3372],[73.7955,19.3306],[73.7923,19.3592],[73.7795,19.3868],[73.771,19.3857],[73.7695,19.3945],[73.7529,19.3965],[73.752,19.4072],[73.7264,19.417],[73.7303,19.4311],[73.7163,19.4324],[73.7066,19.4273],[73.7024,19.4335],[73.6924,19.4343],[73.6855,19.444]]]}},{"type":"Feature","properties":{"ac_name":"BHIWANDI WEST","ac_no":136,"ac_category":"GEN","st_name":"MAHARASHTRA"},"geometry":{"type":"Polygon","coordinates":[[[73.0988,19.3797],[73.0887,19.391],[73.0603,19.3898],[73.0586,19.3788],[73.0667,19.3599],[73.0568,19.357],[73.0406,19.3621],[73.0339,19.3599],[73.0298,19.3482],[73.0294,19.3308],[73.0378,19.3114],[73.0629,19.3107],[73.0683,19.3049],[73.083,19.3076],[73.0814,19.3235],[73.0899,19.3247],[73.0868,19.3291],[73.0732,19.3309],[73.0847,19.3452],[73.082,19.3639],[73.0978,19.3663],[73.0946,19.3701],[73.0988,19.3797]]]}},{"type":"Feature","properties":{"ac_name":"BHIWANDI EAST","ac_no":137,"ac_category":"GEN","st_name":"MAHARASHTRA"},"geometry":{"type":"Polygon","coordinates":[[[73.121,19.3906],[73.1002,19.3863],[73.0988,19.3797],[73.0946,19.3701],[73.0978,19.3663],[73.082,19.3639],[73.0847,19.3452],[73.0732,19.3309],[73.0868,19.3291],[73.0899,19.3247],[73.0814,19.3235],[73.083,19.3076],[73.1013,19.3247],[73.1028,19.3337],[73.1157,19.3478],[73.1324,19.3479],[73.1426,19.3398],[73.1455,19.3485],[73.1563,19.354],[73.1504,19.3689],[73.1537,19.3825],[73.121,19.3906]]]}},{"type":"Feature","properties":{"ac_name":"","ac_no":0,"ac_category":"GEN","st_name":"MAHARASHTRA"},"geometry":{"type":"Polygon","coordinates":[[[72.8,19.3299],[72.7946,19.3074],[72.7926,19.3102],[72.786,19.3056],[72.8099,19.3071],[72.8434,19.317],[72.8513,19.3125],[72.859,19.3145],[72.8681,19.3077],[72.9016,19.2855],[72.9048,19.2892],[72.8928,19.2999],[72.8738,19.3292],[72.8503,19.3407],[72.8373,19.3407],[72.8153,19.3278],[72.799,19.3305],[72.8,19.3299]]]}},{"type":"Feature","properties":{"ac_name":"JUNNAR","ac_no":195,"ac_category":"GEN","st_name":"MAHARASHTRA"},"geometry":{"type":"Polygon","coordinates":[[[73.7795,19.3868],[73.7923,19.3592],[73.7955,19.3306],[73.7892,19.3372],[73.7777,19.3364],[73.7731,19.3419],[73.7739,19.3309],[73.7429,19.3232],[73.7482,19.3353],[73.742,19.3351],[73.7068,19.3243],[73.6844,19.3107],[73.6817,19.304],[73.6724,19.302],[73.6681,19.2911],[73.6904,19.2691],[73.6939,19.2518],[73.6857,19.2426],[73.6725,19.2386],[73.6622,19.2405],[73.6435,19.2185],[73.6768,19.1947],[73.6815,19.2043],[73.6941,19.187],[73.7193,19.1961],[73.7275,19.1871],[73.7287,19.1774],[73.7407,19.1721],[73.7456,19.1739],[73.7521,19.1649],[73.7562,19.1563],[73.7519,19.1488],[73.7545,19.1462],[73.7681,19.1547],[73.777,19.1518],[73.7832,19.1461],[73.7944,19.145],[73.8074,19.1313],[73.8274,19.1273],[73.8532,19.114],[73.863,19.1156],[73.8789,19.1056],[73.939,19.1059],[73.9458,19.1009],[73.9504,19.0858],[73.9649,19.0855],[73.9723,19.0722],[73.9793,19.08],[73.9853,19.0779],[73.9921,19.061],[74.0093,19.0502],[74.0362,19.0677],[74.0738,19.0753],[74.0998,19.0665],[74.1021,19.0533],[74.145,19.0309],[74.1671,19.0091],[74.1833,19.0125],[74.1892,19.0189],[74.1875,19.0244],[74.1741,19.0315],[74.1721,19.0409],[74.1915,19.0607],[74.1914,19.0792],[74.2024,19.0893],[74.197,19.1007],[74.2104,19.1285],[74.225,19.1285],[74.2288,19.1223],[74.2343,19.1234],[74.244,19.1447],[74.2493,19.1451],[74.2579,19.1589],[74.2664,19.1624],[74.2635,19.1689],[74.2668,19.1817],[74.2734,19.1862],[74.2948,19.1861],[74.2942,19.1904],[74.3032,19.1923],[74.3166,19.2075],[74.2603,19.2272],[74.2619,19.224],[74.2564,19.2193],[74.2465,19.2193],[74.2279,19.204],[74.2192,19.203],[74.1889,19.2099],[74.172,19.2219],[74.1685,19.2235],[74.1659,19.2072],[74.1579,19.2025],[74.1523,19.2262],[74.1262,19.2221],[74.1159,19.2292],[74.1121,19.2266],[74.0841,19.2387],[74.0931,19.2268],[74.0895,19.2276],[74.0594,19.2455],[74.0511,19.2435],[74.0446,19.2618],[74.0316,19.2509],[74.0322,19.2582],[74.0235,19.2666],[74.0317,19.2778],[74.0307,19.2828],[74.0239,19.2888],[74.0202,19.2824],[74.0121,19.2985],[74.0256,19.2978],[74.0207,19.31],[74.0262,19.3102],[74.0265,19.3143],[74.0182,19.3157],[74.0194,19.3218],[74.012,19.3264],[74.012,19.3353],[74.0023,19.3412],[73.9993,19.3605],[73.9954,19.3528],[73.9719,19.3479],[73.969,19.3542],[73.9632,19.3484],[73.9538,19.3477],[73.9547,19.3425],[73.945,19.3394],[73.9429,19.3443],[73.9275,19.3385],[73.9127,19.363],[73.9053,19.3627],[73.8915,19.3733],[73.885,19.3745],[73.8745,19.3588],[73.8538,19.3562],[73.8415,19.3667],[73.8441,19.3706],[73.8388,19.3764],[73.8218,19.3878],[73.8149,19.3868],[73.8033,19.3947],[73.7795,19.3868]]]}},{"type":"Feature","properties":{"ac_name":"MIRA BHAYANDAR","ac_no":145,"ac_category":"GEN","st_name":"MAHARASHTRA"},"geometry":{"type":"Polygon","coordinates":[[[72.786,19.3056],[72.7841,19.2809],[72.7796,19.2778],[72.7842,19.2637],[72.8006,19.2619],[72.8117,19.2507],[72.8247,19.2455],[72.8372,19.2528],[72.8354,19.2604],[72.8394,19.2662],[72.8506,19.2687],[72.8639,19.2684],[72.872,19.2602],[72.8922,19.2505],[72.8938,19.2766],[72.8658,19.2929],[72.8681,19.3077],[72.859,19.3145],[72.8513,19.3125],[72.8434,19.317],[72.8099,19.3071],[72.786,19.3056]]]}},{"type":"Feature","properties":{"ac_name":"OVALA ?MAJIWADA","ac_no":146,"ac_category":"GEN","st_name":"MAHARASHTRA"},"geometry":{"type":"Polygon","coordinates":[[[72.9515,19.3033],[72.9366,19.291],[72.9059,19.2915],[72.8928,19.2999],[72.9048,19.2892],[72.9016,19.2855],[72.8681,19.3077],[72.8658,19.2929],[72.8938,19.2766],[72.8922,19.2505],[72.9051,19.2479],[72.906,19.239],[72.9157,19.2311],[72.9398,19.2392],[72.9596,19.2355],[72.9771,19.2396],[72.9656,19.2509],[72.9546,19.251],[72.946,19.2662],[72.9558,19.2853],[72.9703,19.291],[72.9515,19.3033]]]}},{"type":"Feature","properties":{"ac_name":"GEORAI","ac_no":228,"ac_category":"GEN","st_name":"MAHARASHTRA"},"geometry":{"type":"Polygon","coordinates":[[[75.4744,19.4241],[75.4885,19.4167],[75.4847,19.3813],[75.5056,19.3798],[75.5168,19.3847],[75.5169,19.3802],[75.5315,19.3765],[75.5168,19.331],[75.5405,19.3286],[75.5431,19.3216],[75.5392,19.3074],[75.5259,19.2982],[75.5207,19.2783],[75.5048,19.267],[75.4734,19.2594],[75.4742,19.2531],[75.4592,19.2517],[75.4457,19.2209],[75.4369,19.2206],[75.4368,19.2162],[75.4563,19.2105],[75.488,19.1924],[75.514,19.205],[75.5201,19.2027],[75.5307,19.2222],[75.5402,19.218],[75.5355,19.1952],[75.5462,19.1843],[75.5609,19.1837],[75.5451,19.1627],[75.5414,19.163],[75.5462,19.1468],[75.5477,19.1459],[75.5817,19.1442],[75.5993,19.1372],[75.5893,19.1265],[75.5917,19.1009],[75.6347,19.1112],[75.6388,19.1066],[75.6336,19.0852],[75.6766,19.0868],[75.6752,19.1106],[75.6832,19.1143],[75.7082,19.1124],[75.7242,19.1226],[75.7472,19.1145],[75.756,19.1205],[75.7835,19.1043],[75.7976,19.1089],[75.813,19.1],[75.8444,19.0952],[75.8471,19.0831],[75.8531,19.0787],[75.8511,19.0727],[75.8601,19.0691],[75.8665,19.0533],[75.8873,19.0554],[75.8887,19.0336],[75.9093,19.0304],[75.9151,19.037],[75.9572,19.0325],[75.972,19.067],[75.9867,19.0686],[75.9885,19.0835],[75.9992,19.084],[75.9998,19.0894],[76.0149,19.0933],[76.0147,19.1066],[75.9991,19.113],[75.9915,19.1195],[75.9918,19.1255],[76.0057,19.1258],[76.0075,19.1372],[76.0258,19.1331],[76.0281,19.159],[76.0425,19.1568],[76.0343,19.1469],[76.0332,19.1314],[76.0528,19.1302],[76.0803,19.143],[76.0799,19.1237],[76.0818,19.1209],[76.0892,19.1292],[76.0902,19.1146],[76.095,19.1158],[76.0958,19.1443],[76.1062,19.1439],[76.114,19.1311],[76.1331,19.1341],[76.1386,19.1552],[76.1465,19.1549],[76.157,19.1758],[76.1516,19.1947],[76.1422,19.2005],[76.108,19.2051],[76.0938,19.2149],[76.1032,19.2376],[76.1035,19.2633],[76.118,19.2705],[76.1183,19.28],[76.1341,19.2811],[76.1394,19.2901],[76.1268,19.304],[76.1166,19.2968],[76.1123,19.2967],[76.1087,19.3066],[76.0992,19.3079],[76.0891,19.2819],[76.0733,19.2781],[76.0622,19.2829],[76.0407,19.2832],[76.0248,19.2978],[76.0265,19.3109],[76.0203,19.327],[76.0244,19.3363],[76.0188,19.3399],[76.0103,19.3373],[76.0025,19.3248],[75.9789,19.306],[75.9435,19.2916],[75.9285,19.2957],[75.9072,19.3145],[75.9031,19.3358],[75.9056,19.3513],[75.9156,19.3614],[75.9239,19.38],[75.9209,19.3875],[75.9094,19.3928],[75.8875,19.3774],[75.8823,19.3828],[75.8734,19.3833],[75.844,19.3708],[75.8276,19.3753],[75.7876,19.3996],[75.7571,19.3896],[75.7626,19.378],[75.7514,19.3578],[75.7165,19.3551],[75.7006,19.3601],[75.6857,19.3543],[75.6763,19.3564],[75.676,19.3653],[75.6706,19.3693],[75.6498,19.3673],[75.6424,19.3831],[75.6252,19.3735],[75.6064,19.3847],[75.5997,19.3873],[75.5867,19.3788],[75.5497,19.3873],[75.538,19.3973],[75.516,19.405],[75.519,19.415],[75.5066,19.4231],[75.5083,19.4308],[75.4977,19.4312],[75.4873,19.4431],[75.4804,19.4406],[75.4744,19.4241]]]}},{"type":"Feature","properties":{"ac_name":"KALYAN WEST","ac_no":138,"ac_category":"GEN","st_name":"MAHARASHTRA"},"geometry":{"type":"Polygon","coordinates":[[[73.1797,19.3003],[73.1758,19.2946],[73.1817,19.2841],[73.176,19.2774],[73.1441,19.2681],[73.1336,19.283],[73.1074,19.2749],[73.1037,19.2636],[73.1183,19.2483],[73.123,19.2488],[73.1521,19.2542],[73.1673,19.2663],[73.1981,19.2612],[73.1982,19.2655],[73.2109,19.2661],[73.2196,19.2743],[73.2163,19.2844],[73.2386,19.2881],[73.2432,19.2941],[73.242,19.3071],[73.2285,19.3133],[73.2159,19.3089],[73.2085,19.3109],[73.2084,19.317],[73.1982,19.3119],[73.1982,19.2984],[73.1797,19.3003]]]}},{"type":"Feature","properties":{"ac_name":"THANE","ac_no":148,"ac_category":"GEN","st_name":"MAHARASHTRA"},"geometry":{"type":"Polygon","coordinates":[[[73.0008,19.2435],[72.9833,19.2801],[72.9703,19.291],[72.9558,19.2853],[72.946,19.2662],[72.9546,19.251],[72.9656,19.2509],[72.9771,19.2396],[72.9596,19.2355],[72.9578,19.2087],[72.9781,19.2129],[73.0008,19.2435]]]}},{"type":"Feature","properties":{"ac_name":"PARNER","ac_no":224,"ac_category":"GEN","st_name":"MAHARASHTRA"},"geometry":{"type":"Polygon","coordinates":[[[74.4605,19.361],[74.4424,19.3587],[74.4215,19.3373],[74.408,19.3327],[74.3941,19.3205],[74.3891,19.3239],[74.3886,19.3324],[74.3772,19.3204],[74.3692,19.3308],[74.359,19.3321],[74.3541,19.3258],[74.3458,19.3316],[74.3295,19.3178],[74.3191,19.326],[74.3063,19.3208],[74.2991,19.3283],[74.2821,19.3242],[74.2836,19.3166],[74.2774,19.315],[74.2832,19.3131],[74.297,19.2991],[74.2894,19.2966],[74.2926,19.2863],[74.2827,19.2925],[74.2773,19.2838],[74.2518,19.2842],[74.2597,19.2548],[74.2441,19.2561],[74.2109,19.2499],[74.1992,19.2583],[74.1812,19.2545],[74.1777,19.2303],[74.172,19.2219],[74.1889,19.2099],[74.2192,19.203],[74.2279,19.204],[74.2465,19.2193],[74.2564,19.2193],[74.2619,19.224],[74.2603,19.2272],[74.3166,19.2075],[74.3032,19.1923],[74.2942,19.1904],[74.2948,19.1861],[74.2734,19.1862],[74.2668,19.1817],[74.2635,19.1689],[74.2664,19.1624],[74.2579,19.1589],[74.2493,19.1451],[74.244,19.1447],[74.2343,19.1234],[74.2288,19.1223],[74.225,19.1285],[74.2104,19.1285],[74.197,19.1007],[74.2024,19.0893],[74.1914,19.0792],[74.1915,19.0607],[74.1721,19.0409],[74.1741,19.0315],[74.1875,19.0244],[74.1892,19.0189],[74.1994,19.014],[74.2007,19.0057],[74.2128,19.009],[74.2149,19.0008],[74.2109,18.9948],[74.2209,18.9953],[74.2256,18.9855],[74.2215,18.9714],[74.2367,18.9685],[74.2366,18.9529],[74.2486,18.9551],[74.2714,18.9189],[74.296,18.903],[74.295,18.8899],[74.3083,18.8682],[74.3069,18.8545],[74.325,18.8384],[74.3412,18.8384],[74.3481,18.8451],[74.3795,18.8312],[74.389,18.8327],[74.3896,18.8325],[74.3875,18.8508],[74.3995,18.8522],[74.4263,18.8425],[74.4488,18.8541],[74.4635,18.8364],[74.4724,18.8336],[74.4953,18.8505],[74.5138,18.846],[74.5256,18.8643],[74.5341,18.8671],[74.5534,18.8682],[74.5922,18.8608],[74.5994,18.8625],[74.6116,18.8819],[74.6255,18.8885],[74.6471,18.8799],[74.6618,18.8801],[74.6755,18.9],[74.7102,18.9008],[74.7163,18.8949],[74.7321,18.934],[74.7191,18.9452],[74.7155,18.9821],[74.7603,18.9833],[74.7649,18.9926],[74.7653,18.9976],[74.7453,19.003],[74.7457,19.0213],[74.7377,19.0219],[74.7352,19.0313],[74.7152,19.0413],[74.7007,19.04],[74.6957,19.034],[74.6795,19.0364],[74.6752,19.0557],[74.6965,19.0813],[74.6947,19.1148],[74.6889,19.114],[74.6962,19.1252],[74.6929,19.1385],[74.712,19.1377],[74.7152,19.1462],[74.7343,19.1507],[74.7357,19.177],[74.7051,19.1867],[74.7074,19.2322],[74.7135,19.2495],[74.697,19.2593],[74.6958,19.2642],[74.7017,19.2669],[74.6937,19.2938],[74.6732,19.2976],[74.6665,19.2895],[74.666,19.294],[74.6506,19.2909],[74.6524,19.3107],[74.6474,19.3115],[74.6283,19.3016],[74.5915,19.298],[74.5843,19.29],[74.5869,19.2777],[74.5705,19.2578],[74.5533,19.2626],[74.5474,19.2696],[74.4979,19.2575],[74.4962,19.2773],[74.4892,19.284],[74.4957,19.2841],[74.49,19.3057],[74.4958,19.3237],[74.4913,19.3216],[74.4924,19.3284],[74.4884,19.3272],[74.4812,19.3391],[74.4673,19.3432],[74.4582,19.3405],[74.456,19.3484],[74.4605,19.361]]]}},{"type":"Feature","properties":{"ac_name":"PARBHANI","ac_no":96,"ac_category":"GEN","st_name":"MAHARASHTRA"},"geometry":{"type":"Polygon","coordinates":[[[76.922,19.4413],[76.9037,19.4444],[76.897,19.4278],[76.8638,19.4377],[76.8499,19.4108],[76.817,19.4152],[76.8113,19.4222],[76.8138,19.4274],[76.8038,19.4279],[76.8079,19.4314],[76.7988,19.4336],[76.8032,19.4421],[76.7822,19.4511],[76.781,19.4594],[76.7645,19.4603],[76.7401,19.4023],[76.7246,19.4041],[76.7248,19.3754],[76.7136,19.3052],[76.7084,19.2992],[76.6786,19.2981],[76.6727,19.2892],[76.6584,19.2844],[76.6548,19.2695],[76.6677,19.2627],[76.6679,19.2475],[76.7101,19.2582],[76.7069,19.2331],[76.7233,19.2284],[76.7295,19.218],[76.7623,19.2231],[76.7683,19.2066],[76.7826,19.2061],[76.8092,19.23],[76.8079,19.2094],[76.8181,19.2095],[76.8432,19.1926],[76.837,19.1826],[76.8345,19.1456],[76.8694,19.1488],[76.8798,19.1587],[76.8964,19.1572],[76.9065,19.2026],[76.9015,19.2035],[76.9034,19.2104],[76.9075,19.2155],[76.9332,19.2064],[76.9436,19.2241],[76.9446,19.235],[76.9261,19.25],[76.9193,19.2571],[76.927,19.2759],[76.9287,19.2973],[76.9003,19.2985],[76.8913,19.3085],[76.9012,19.3244],[76.9003,19.3384],[76.8884,19.3538],[76.894,19.3664],[76.8931,19.3808],[76.9009,19.3853],[76.9113,19.4106],[76.9205,19.4167],[76.9167,19.4241],[76.9251,19.4335],[76.922,19.4413]]]}},{"type":"Feature","properties":{"ac_name":"DAHISAR","ac_no":153,"ac_category":"GEN","st_name":"MAHARASHTRA"},"geometry":{"type":"Polygon","coordinates":[[[72.8506,19.2687],[72.8394,19.2662],[72.8354,19.2604],[72.8372,19.2528],[72.8247,19.2455],[72.8341,19.233],[72.8619,19.2285],[72.8637,19.2457],[72.872,19.2602],[72.8639,19.2684],[72.8506,19.2687]]]}},{"type":"Feature","properties":{"ac_name":"BORIVALI","ac_no":152,"ac_category":"GEN","st_name":"MAHARASHTRA"},"geometry":{"type":"Polygon","coordinates":[[[72.7843,19.2628],[72.776,19.2226],[72.7819,19.2157],[72.78,19.2067],[72.7863,19.2037],[72.7824,19.1929],[72.793,19.1938],[72.802,19.2144],[72.8514,19.2113],[72.8667,19.211],[72.8619,19.2285],[72.8341,19.233],[72.8247,19.2455],[72.8117,19.2507],[72.8006,19.2619],[72.7842,19.2637],[72.7843,19.2628]]]}},{"type":"Feature","properties":{"ac_name":"PATHRI","ac_no":98,"ac_category":"GEN","st_name":"MAHARASHTRA"},"geometry":{"type":"Polygon","coordinates":[[[76.7246,19.4041],[76.6779,19.3988],[76.6588,19.4052],[76.6531,19.3951],[76.6505,19.4251],[76.6252,19.434],[76.6153,19.4315],[76.6103,19.4471],[76.5836,19.4342],[76.5565,19.4337],[76.5557,19.4254],[76.4993,19.4259],[76.5141,19.4135],[76.5139,19.3915],[76.4983,19.3901],[76.4872,19.3972],[76.4888,19.3761],[76.4841,19.3658],[76.4573,19.3626],[76.4445,19.3546],[76.4325,19.3563],[76.4247,19.3397],[76.4042,19.3393],[76.3968,19.3455],[76.382,19.3461],[76.3847,19.3677],[76.3641,19.3691],[76.3465,19.3634],[76.3465,19.3508],[76.3368,19.3336],[76.3211,19.3512],[76.3052,19.3501],[76.2985,19.354],[76.3033,19.3835],[76.2873,19.3819],[76.2828,19.3656],[76.2616,19.3669],[76.2569,19.3566],[76.276,19.3464],[76.2646,19.3337],[76.2399,19.3384],[76.2366,19.3191],[76.2302,19.3128],[76.2108,19.3188],[76.2072,19.299],[76.2185,19.2926],[76.208,19.2751],[76.2141,19.2685],[76.2123,19.2611],[76.2262,19.2565],[76.2226,19.2427],[76.2411,19.2465],[76.2512,19.2405],[76.257,19.243],[76.2595,19.2538],[76.2885,19.2659],[76.2993,19.2613],[76.3101,19.2649],[76.3218,19.2547],[76.3422,19.2513],[76.3631,19.237],[76.363,19.2136],[76.3515,19.193],[76.3573,19.1811],[76.354,19.1655],[76.3604,19.1552],[76.3515,19.1445],[76.3324,19.1369],[76.328,19.1205],[76.3189,19.114],[76.3244,19.1045],[76.3389,19.0985],[76.3488,19.0985],[76.357,19.1054],[76.3672,19.1257],[76.3762,19.131],[76.3904,19.125],[76.3919,19.1126],[76.4095,19.0918],[76.4188,19.0906],[76.4238,19.0978],[76.4341,19.0983],[76.4385,19.0867],[76.4349,19.0699],[76.4525,19.0499],[76.4387,19.0425],[76.4489,19.0337],[76.448,19.0244],[76.4527,19.0237],[76.4559,19.0087],[76.4802,19.0008],[76.4774,18.9887],[76.4719,18.9879],[76.4689,18.9814],[76.4693,18.9763],[76.4775,18.9751],[76.4736,18.9633],[76.4775,18.9542],[76.5036,18.9481],[76.5108,18.9229],[76.518,18.9181],[76.5337,18.918],[76.5368,18.9492],[76.5635,18.9489],[76.5818,18.9435],[76.5849,18.9047],[76.5795,18.8773],[76.5861,18.8676],[76.6205,18.8677],[76.6255,18.8515],[76.6327,18.861],[76.6336,18.8983],[76.6402,18.9164],[76.6141,18.9247],[76.622,18.933],[76.6311,18.9338],[76.6745,18.9293],[76.6751,18.9644],[76.6815,18.977],[76.6808,18.9847],[76.6742,18.9862],[76.6747,18.9961],[76.6637,18.9984],[76.6283,19.0238],[76.649,19.0437],[76.6463,19.0625],[76.6642,19.0604],[76.6959,19.072],[76.7257,19.0687],[76.7355,19.0754],[76.7576,19.071],[76.7554,19.057],[76.7602,19.0553],[76.7634,19.026],[76.7925,19.024],[76.7889,19.0488],[76.7905,19.0545],[76.8013,19.0573],[76.8047,19.0703],[76.7946,19.0745],[76.7952,19.082],[76.806,19.0792],[76.8102,19.0862],[76.8154,19.0862],[76.8135,19.1062],[76.821,19.1066],[76.8182,19.1346],[76.8267,19.1382],[76.8283,19.146],[76.8345,19.1456],[76.837,19.1826],[76.8432,19.1926],[76.8181,19.2095],[76.8079,19.2094],[76.8092,19.23],[76.7826,19.2061],[76.7683,19.2066],[76.7623,19.2231],[76.7295,19.218],[76.7233,19.2284],[76.7069,19.2331],[76.7101,19.2582],[76.6679,19.2475],[76.6677,19.2627],[76.6548,19.2695],[76.6584,19.2844],[76.6727,19.2892],[76.6786,19.2981],[76.7084,19.2992],[76.7136,19.3052],[76.7248,19.3754],[76.7246,19.4041]]]}},{"type":"Feature","properties":{"ac_name":"MAGATHANE","ac_no":154,"ac_category":"GEN","st_name":"MAHARASHTRA"},"geometry":{"type":"Polygon","coordinates":[[[72.872,19.2602],[72.8637,19.2457],[72.8619,19.2285],[72.8667,19.211],[72.8678,19.2055],[72.8618,19.1983],[72.8787,19.1965],[72.8765,19.1876],[72.9023,19.1794],[72.9057,19.1931],[72.91,19.1923],[72.9093,19.1977],[72.9232,19.2151],[72.9157,19.2311],[72.906,19.239],[72.9051,19.2479],[72.8922,19.2505],[72.872,19.2602]]]}},{"type":"Feature","properties":{"ac_name":"KALYAN EAST","ac_no":142,"ac_category":"GEN","st_name":"MAHARASHTRA"},"geometry":{"type":"Polygon","coordinates":[[[73.1673,19.2663],[73.1521,19.2542],[73.123,19.2488],[73.1192,19.2323],[73.1264,19.2146],[73.1205,19.2094],[73.1373,19.1965],[73.1336,19.1854],[73.118,19.1824],[73.1045,19.1677],[73.103,19.1618],[73.1093,19.1501],[73.1073,19.1527],[73.1059,19.1469],[73.1126,19.1387],[73.1092,19.1099],[73.1141,19.1109],[73.1179,19.1063],[73.122,19.1105],[73.1303,19.1086],[73.1432,19.127],[73.1533,19.1131],[73.1751,19.1089],[73.1854,19.1214],[73.1949,19.1268],[73.198,19.1229],[73.1978,19.1499],[73.2056,19.1589],[73.2075,19.1819],[73.1851,19.1925],[73.1776,19.2025],[73.1755,19.2138],[73.1798,19.2242],[73.168,19.2282],[73.1596,19.2389],[73.163,19.2572],[73.1695,19.252],[73.1673,19.2663]]]}},{"type":"Feature","properties":{"ac_name":"ULHASNAGAR","ac_no":141,"ac_category":"GEN","st_name":"MAHARASHTRA"},"geometry":{"type":"Polygon","coordinates":[[[73.2109,19.2661],[73.1982,19.2655],[73.1981,19.2612],[73.1673,19.2663],[73.1695,19.252],[73.163,19.2572],[73.1596,19.2389],[73.168,19.2282],[73.1798,19.2242],[73.1856,19.2194],[73.1863,19.2452],[73.1993,19.2441],[73.2095,19.234],[73.2176,19.2562],[73.2144,19.2593],[73.2183,19.2621],[73.2109,19.2661]]]}},{"type":"Feature","properties":{"ac_name":"MUMBRA-KALWA","ac_no":149,"ac_category":"GEN","st_name":"MAHARASHTRA"},"geometry":{"type":"Polygon","coordinates":[[[73.0008,19.2435],[72.9781,19.2129],[72.9805,19.1853],[72.9858,19.1889],[72.9864,19.187],[73.0039,19.1713],[73.012,19.1804],[73.0094,19.1953],[73.0187,19.1981],[73.0202,19.2098],[73.0028,19.2336],[73.0008,19.2435]]]}},{"type":"Feature","properties":{"ac_name":"KOPRI-PACHPAKHADI","ac_no":147,"ac_category":"GEN","st_name":"MAHARASHTRA"},"geometry":{"type":"Polygon","coordinates":[[[72.9596,19.2355],[72.9398,19.2392],[72.9157,19.2311],[72.9232,19.2151],[72.9353,19.2047],[72.935,19.1915],[72.9671,19.1769],[72.9678,19.1705],[72.9805,19.1853],[72.9781,19.2129],[72.9578,19.2087],[72.9596,19.2355]]]}},{"type":"Feature","properties":{"ac_name":"KALYAN RURAL","ac_no":144,"ac_category":"GEN","st_name":"MAHARASHTRA"},"geometry":{"type":"Polygon","coordinates":[[[73.123,19.2488],[73.1183,19.2483],[73.1147,19.2363],[73.1061,19.2338],[73.0847,19.2213],[73.0664,19.2236],[73.0625,19.2074],[73.0558,19.2022],[73.0302,19.1999],[73.0202,19.2098],[73.0187,19.1981],[73.0094,19.1953],[73.012,19.1804],[73.0039,19.1713],[73.0191,19.1516],[73.0202,19.1399],[73.0253,19.1385],[73.0329,19.1206],[73.0539,19.1005],[73.0776,19.1139],[73.0812,19.111],[73.0844,19.1146],[73.0944,19.114],[73.0995,19.1057],[73.1092,19.1099],[73.1126,19.1387],[73.1059,19.1469],[73.1073,19.1527],[73.1093,19.1501],[73.103,19.1618],[73.1045,19.1677],[73.118,19.1824],[73.1336,19.1854],[73.1373,19.1965],[73.1205,19.2094],[73.1264,19.2146],[73.1192,19.2323],[73.123,19.2488]]]}},{"type":"Feature","properties":{"ac_name":"DOMBIVALI","ac_no":143,"ac_category":"GEN","st_name":"MAHARASHTRA"},"geometry":{"type":"Polygon","coordinates":[[[73.1061,19.2338],[73.0827,19.2429],[73.0687,19.2371],[73.0664,19.2236],[73.0847,19.2213],[73.1061,19.2338]]]}},{"type":"Feature","properties":{"ac_name":"AMBERNATH","ac_no":140,"ac_category":"SC","st_name":"MAHARASHTRA"},"geometry":{"type":"Polygon","coordinates":[[[73.1798,19.2242],[73.1755,19.2138],[73.1776,19.2025],[73.1851,19.1925],[73.2075,19.1819],[73.2204,19.1944],[73.2079,19.223],[73.2095,19.234],[73.1993,19.2441],[73.1863,19.2452],[73.1856,19.2194],[73.1798,19.2242]]]}},{"type":"Feature","properties":{"ac_name":"CHARKOP","ac_no":161,"ac_category":"GEN","st_name":"MAHARASHTRA"},"geometry":{"type":"Polygon","coordinates":[[[72.793,19.1938],[72.7963,19.1924],[72.829,19.1923],[72.833,19.196],[72.8485,19.1904],[72.8514,19.2113],[72.802,19.2144],[72.793,19.1938]]]}},{"type":"Feature","properties":{"ac_name":"KANDIVALI EAST","ac_no":160,"ac_category":"GEN","st_name":"MAHARASHTRA"},"geometry":{"type":"Polygon","coordinates":[[[72.8667,19.211],[72.8514,19.2113],[72.8485,19.1904],[72.848,19.1721],[72.8592,19.1702],[72.8583,19.1872],[72.8765,19.1876],[72.8787,19.1965],[72.8618,19.1983],[72.8678,19.2055],[72.8667,19.211]]]}},{"type":"Feature","properties":{"ac_name":"MULUND","ac_no":155,"ac_category":"GEN","st_name":"MAHARASHTRA"},"geometry":{"type":"Polygon","coordinates":[[[72.9023,19.1794],[72.8934,19.1564],[72.8906,19.1511],[72.8986,19.1356],[72.9115,19.1311],[72.9242,19.1339],[72.9351,19.1574],[72.9533,19.1503],[72.9678,19.1705],[72.9671,19.1769],[72.935,19.1915],[72.9353,19.2047],[72.9232,19.2151],[72.9093,19.1977],[72.91,19.1923],[72.9057,19.1931],[72.9023,19.1794]]]}},{"type":"Feature","properties":{"ac_name":"MALAD WEST","ac_no":162,"ac_category":"GEN","st_name":"MAHARASHTRA"},"geometry":{"type":"Polygon","coordinates":[[[72.8485,19.1904],[72.833,19.196],[72.829,19.1923],[72.7963,19.1924],[72.7951,19.1723],[72.7816,19.1661],[72.7817,19.1583],[72.7892,19.1504],[72.7866,19.1296],[72.7954,19.1317],[72.7947,19.1404],[72.8024,19.139],[72.8111,19.1522],[72.8306,19.1735],[72.848,19.1721],[72.8485,19.1904]]]}},{"type":"Feature","properties":{"ac_name":"DINDOSHI","ac_no":159,"ac_category":"GEN","st_name":"MAHARASHTRA"},"geometry":{"type":"Polygon","coordinates":[[[72.9023,19.1794],[72.8765,19.1876],[72.8583,19.1872],[72.8592,19.1702],[72.8748,19.1694],[72.8772,19.1621],[72.8934,19.1564],[72.9023,19.1794]]]}},{"type":"Feature","properties":{"ac_name":"","ac_no":0,"ac_category":"GEN","st_name":"MAHARASHTRA"},"geometry":{"type":"Polygon","coordinates":[[[72.9858,19.1889],[72.9805,19.1853],[72.9678,19.1705],[72.9808,19.152],[72.9714,19.12],[72.9696,19.1146],[72.998,19.1115],[72.9955,19.1193],[72.9919,19.1203],[72.9891,19.1139],[72.9866,19.1213],[72.9968,19.1355],[72.9947,19.1449],[72.9919,19.1414],[72.9883,19.1435],[72.986,19.136],[72.9835,19.1385],[72.9855,19.1536],[72.993,19.1513],[72.9993,19.1582],[72.9919,19.1579],[72.9888,19.1634],[72.9864,19.187],[72.9858,19.1889]]]}},{"type":"Feature","properties":{"ac_name":"AIROLI","ac_no":150,"ac_category":"GEN","st_name":"MAHARASHTRA"},"geometry":{"type":"Polygon","coordinates":[[[73.0039,19.1713],[72.9864,19.187],[72.9888,19.1634],[72.9919,19.1579],[72.9993,19.1582],[72.993,19.1513],[72.9855,19.1536],[72.9835,19.1385],[72.986,19.136],[72.9883,19.1435],[72.9919,19.1414],[72.9947,19.1449],[72.9968,19.1355],[72.9866,19.1213],[72.9891,19.1139],[72.9919,19.1203],[72.9955,19.1193],[72.998,19.1115],[73.0085,19.1118],[73.0188,19.0855],[73.0466,19.085],[73.0483,19.0981],[73.0539,19.1005],[73.0329,19.1206],[73.0253,19.1385],[73.0202,19.1399],[73.0191,19.1516],[73.0039,19.1713]]]}},{"type":"Feature","properties":{"ac_name":"GOREGAON","ac_no":163,"ac_category":"GEN","st_name":"MAHARASHTRA"},"geometry":{"type":"Polygon","coordinates":[[[72.8592,19.1702],[72.848,19.1721],[72.8306,19.1735],[72.8111,19.1522],[72.8172,19.1541],[72.8209,19.1456],[72.839,19.1451],[72.8511,19.1379],[72.8563,19.1374],[72.8592,19.1702]]]}},{"type":"Feature","properties":{"ac_name":"AMBEGAON","ac_no":196,"ac_category":"GEN","st_name":"MAHARASHTRA"},"geometry":{"type":"Polygon","coordinates":[[[73.6313,19.2051],[73.623,19.2161],[73.6119,19.2111],[73.6089,19.1931],[73.5969,19.1942],[73.5838,19.1887],[73.5759,19.1924],[73.5654,19.1887],[73.5651,19.1832],[73.5443,19.1852],[73.5442,19.1754],[73.5352,19.178],[73.5421,19.1591],[73.5304,19.1568],[73.5336,19.1463],[73.5376,19.1489],[73.5456,19.1409],[73.5419,19.1185],[73.5347,19.1274],[73.5258,19.1296],[73.5188,19.0993],[73.5118,19.0954],[73.5148,19.0834],[73.528,19.0845],[73.5213,19.0706],[73.5398,19.0736],[73.5464,19.0626],[73.5631,19.0594],[73.5798,19.0615],[73.5815,19.0766],[73.6014,19.0795],[73.6272,19.079],[73.6284,19.0676],[73.6538,19.0606],[73.6605,19.0697],[73.679,19.0727],[73.6923,19.0635],[73.6937,19.0535],[73.722,19.0494],[73.7405,19.0387],[73.7547,19.0378],[73.7691,19.0274],[73.77,19.0143],[73.7785,19.0116],[73.7838,19.0023],[73.7886,19.0117],[73.8026,19.0039],[73.8211,19.0011],[73.8238,18.9949],[73.8388,18.987],[73.8447,18.97],[73.8593,18.9662],[73.8636,18.9583],[73.882,18.9448],[73.8953,18.9472],[73.902,18.9184],[73.9301,18.9157],[73.945,18.9061],[73.9507,18.8932],[73.9667,18.8902],[73.9792,18.8983],[73.9767,18.9283],[73.9957,18.932],[74.0271,18.9174],[74.0306,18.9089],[74.0247,18.896],[74.0416,18.8923],[74.0431,18.8849],[74.035,18.8667],[74.0225,18.8587],[74.0195,18.8444],[74.0322,18.8415],[74.0319,18.8145],[74.0191,18.8143],[74.0159,18.8051],[74.0045,18.8081],[73.9965,18.8014],[74.0129,18.773],[74.0339,18.7485],[74.0331,18.728],[74.0661,18.717],[74.097,18.6941],[74.1135,18.7204],[74.1231,18.7161],[74.1327,18.7028],[74.1383,18.7142],[74.148,18.7124],[74.1558,18.7302],[74.1779,18.7191],[74.1764,18.7139],[74.2033,18.7046],[74.2228,18.7287],[74.2299,18.7301],[74.2426,18.7186],[74.2535,18.7183],[74.2616,18.7359],[74.2724,18.7371],[74.2849,18.7096],[74.3118,18.7069],[74.3167,18.7125],[74.314,18.7155],[74.3205,18.7302],[74.3281,18.779],[74.3497,18.7815],[74.3448,18.7914],[74.3457,18.8114],[74.3508,18.8169],[74.341,18.8222],[74.3412,18.8384],[74.325,18.8384],[74.3069,18.8545],[74.3083,18.8682],[74.295,18.8899],[74.296,18.903],[74.2714,18.9189],[74.2486,18.9551],[74.2366,18.9529],[74.2367,18.9685],[74.2215,18.9714],[74.2256,18.9855],[74.2209,18.9953],[74.2109,18.9948],[74.2149,19.0008],[74.2128,19.009],[74.2007,19.0057],[74.1994,19.014],[74.1892,19.0189],[74.1833,19.0125],[74.1671,19.0091],[74.145,19.0309],[74.1021,19.0533],[74.0998,19.0665],[74.0738,19.0753],[74.0362,19.0677],[74.0093,19.0502],[73.9921,19.061],[73.9853,19.0779],[73.9793,19.08],[73.9723,19.0722],[73.9649,19.0855],[73.9504,19.0858],[73.9458,19.1009],[73.939,19.1059],[73.8789,19.1056],[73.863,19.1156],[73.8532,19.114],[73.8274,19.1273],[73.8074,19.1313],[73.7944,19.145],[73.7832,19.1461],[73.777,19.1518],[73.7681,19.1547],[73.7545,19.1462],[73.7519,19.1488],[73.7562,19.1563],[73.7521,19.1649],[73.7456,19.1739],[73.7407,19.1721],[73.7287,19.1774],[73.7275,19.1871],[73.7193,19.1961],[73.6941,19.187],[73.6815,19.2043],[73.6768,19.1947],[73.6435,19.2185],[73.6313,19.2051]]]}},{"type":"Feature","properties":{"ac_name":"JOGESHWARI EAST","ac_no":158,"ac_category":"GEN","st_name":"MAHARASHTRA"},"geometry":{"type":"Polygon","coordinates":[[[72.8934,19.1564],[72.8772,19.1621],[72.8748,19.1694],[72.8592,19.1702],[72.8563,19.1374],[72.8511,19.1379],[72.8492,19.1287],[72.8484,19.1219],[72.8679,19.1183],[72.8779,19.1258],[72.8726,19.1334],[72.8925,19.1253],[72.8986,19.1356],[72.8906,19.1511],[72.8934,19.1564]]]}},{"type":"Feature","properties":{"ac_name":"","ac_no":0,"ac_category":"GEN","st_name":"MAHARASHTRA"},"geometry":{"type":"Polygon","coordinates":[[[72.9678,19.1705],[72.9533,19.1503],[72.9559,19.1469],[72.9702,19.1369],[72.9668,19.1308],[72.9714,19.12],[72.9808,19.152],[72.9678,19.1705]]]}},{"type":"Feature","properties":{"ac_name":"VERSOVA","ac_no":164,"ac_category":"GEN","st_name":"MAHARASHTRA"},"geometry":{"type":"Polygon","coordinates":[[[72.8111,19.1522],[72.8024,19.139],[72.8217,19.1227],[72.8381,19.121],[72.8379,19.1254],[72.8492,19.1287],[72.8511,19.1379],[72.839,19.1451],[72.8209,19.1456],[72.8172,19.1541],[72.8111,19.1522]]]}},{"type":"Feature","properties":{"ac_name":"BHANDUP WEST","ac_no":157,"ac_category":"GEN","st_name":"MAHARASHTRA"},"geometry":{"type":"Polygon","coordinates":[[[72.9533,19.1503],[72.9351,19.1574],[72.9242,19.1339],[72.9115,19.1311],[72.8986,19.1356],[72.8925,19.1253],[72.8903,19.1185],[72.8982,19.1184],[72.9042,19.1116],[72.9117,19.111],[72.9265,19.1188],[72.9375,19.1154],[72.9408,19.1228],[72.9312,19.1209],[72.9285,19.1282],[72.9402,19.1285],[72.9533,19.1503]]]}},{"type":"Feature","properties":{"ac_name":"BHOKAR","ac_no":85,"ac_category":"GEN","st_name":"MAHARASHTRA"},"geometry":{"type":"Polygon","coordinates":[[[77.385,19.3417],[77.363,19.3391],[77.35,19.3464],[77.3501,19.3533],[77.3123,19.3556],[77.3097,19.3304],[77.3013,19.333],[77.2976,19.3283],[77.2808,19.3265],[77.2806,19.3164],[77.261,19.3157],[77.2413,19.3227],[77.2356,19.2746],[77.2304,19.2758],[77.2313,19.2707],[77.2449,19.2649],[77.2945,19.2704],[77.2903,19.2568],[77.3116,19.2517],[77.3079,19.2217],[77.318,19.2119],[77.3172,19.1906],[77.3228,19.189],[77.327,19.1967],[77.3388,19.189],[77.3558,19.1802],[77.3713,19.188],[77.3734,19.1942],[77.3876,19.1898],[77.3859,19.185],[77.3739,19.1819],[77.3736,19.1784],[77.388,19.1755],[77.3807,19.1697],[77.4046,19.1663],[77.4033,19.1565],[77.4184,19.1588],[77.4072,19.1457],[77.4072,19.1267],[77.392,19.1138],[77.3838,19.0911],[77.3852,19.0833],[77.4044,19.0748],[77.4059,19.0806],[77.417,19.0637],[77.4483,19.0467],[77.4675,19.0308],[77.4801,19.0153],[77.5071,19.0123],[77.5015,19.029],[77.5051,19.0361],[77.5158,19.0484],[77.5445,19.0632],[77.5258,19.0833],[77.5268,19.0941],[77.537,19.1025],[77.538,19.1108],[77.5697,19.1173],[77.5872,19.1105],[77.5936,19.1254],[77.619,19.1441],[77.6288,19.1417],[77.6262,19.1272],[77.6424,19.1077],[77.6597,19.1112],[77.664,19.1052],[77.6748,19.1038],[77.7018,19.1112],[77.7112,19.0973],[77.7175,19.1031],[77.7478,19.0985],[77.7554,19.0786],[77.7584,19.0864],[77.7669,19.0857],[77.7743,19.0992],[77.7883,19.1073],[77.8067,19.1025],[77.8177,19.1056],[77.8314,19.0863],[77.8505,19.0888],[77.8463,19.1015],[77.8478,19.1162],[77.8417,19.1183],[77.8342,19.1345],[77.8526,19.1549],[77.8528,19.167],[77.8606,19.1805],[77.8478,19.1898],[77.8661,19.2266],[77.8715,19.2552],[77.8901,19.2611],[77.903,19.2566],[77.9077,19.2684],[77.9036,19.2781],[77.8657,19.284],[77.8635,19.3037],[77.8018,19.2992],[77.7842,19.2877],[77.7497,19.2977],[77.7143,19.29],[77.7051,19.2967],[77.6998,19.2892],[77.687,19.2924],[77.677,19.2864],[77.6378,19.2846],[77.6278,19.2744],[77.618,19.2785],[77.5992,19.2717],[77.5664,19.2734],[77.5579,19.2843],[77.5529,19.2814],[77.54,19.2897],[77.5317,19.2891],[77.5035,19.3018],[77.4979,19.311],[77.4775,19.3109],[77.4671,19.305],[77.4407,19.3097],[77.4213,19.3048],[77.4139,19.3212],[77.3979,19.3252],[77.3974,19.3367],[77.385,19.3417]]]}},{"type":"Feature","properties":{"ac_name":"","ac_no":0,"ac_category":"GEN","st_name":"MAHARASHTRA"},"geometry":{"type":"Polygon","coordinates":[[[72.9559,19.1469],[72.9533,19.1503],[72.9402,19.1285],[72.9285,19.1282],[72.9312,19.1209],[72.9408,19.1228],[72.9375,19.1154],[72.9344,19.1025],[72.9307,19.1017],[72.9344,19.0993],[72.9516,19.1024],[72.9574,19.0963],[72.9666,19.0997],[72.9696,19.1146],[72.9714,19.12],[72.9668,19.1308],[72.9702,19.1369],[72.9559,19.1469]]]}},{"type":"Feature","properties":{"ac_name":"ANDHERI EAST","ac_no":166,"ac_category":"GEN","st_name":"MAHARASHTRA"},"geometry":{"type":"Polygon","coordinates":[[[72.8925,19.1253],[72.8726,19.1334],[72.8779,19.1258],[72.8679,19.1183],[72.8484,19.1219],[72.8473,19.1098],[72.8651,19.0973],[72.8721,19.1043],[72.8781,19.1024],[72.8767,19.0954],[72.8843,19.0877],[72.8902,19.0994],[72.8903,19.1185],[72.8925,19.1253]]]}},{"type":"Feature","properties":{"ac_name":"MAJALGAON","ac_no":229,"ac_category":"GEN","st_name":"MAHARASHTRA"},"geometry":{"type":"Polygon","coordinates":[[[76.1394,19.2901],[76.1341,19.2811],[76.1183,19.28],[76.118,19.2705],[76.1035,19.2633],[76.1032,19.2376],[76.0938,19.2149],[76.108,19.2051],[76.1422,19.2005],[76.1516,19.1947],[76.157,19.1758],[76.1465,19.1549],[76.1386,19.1552],[76.1331,19.1341],[76.114,19.1311],[76.1062,19.1439],[76.0958,19.1443],[76.095,19.1158],[76.0902,19.1146],[76.0892,19.1292],[76.0818,19.1209],[76.0799,19.1237],[76.0803,19.143],[76.0528,19.1302],[76.0332,19.1314],[76.0343,19.1469],[76.0425,19.1568],[76.0281,19.159],[76.0258,19.1331],[76.0075,19.1372],[76.0057,19.1258],[75.9918,19.1255],[75.9915,19.1195],[75.9991,19.113],[76.0147,19.1066],[76.0149,19.0933],[75.9998,19.0894],[75.9992,19.084],[75.9885,19.0835],[75.9867,19.0686],[75.972,19.067],[75.9572,19.0325],[75.9151,19.037],[75.9093,19.0304],[75.8887,19.0336],[75.8832,19.029],[75.8645,19.0298],[75.8909,19.0023],[75.8888,18.9804],[75.9051,18.9624],[75.9027,18.9532],[75.9078,18.9473],[75.8935,18.9348],[75.8896,18.9248],[75.8908,18.9135],[75.8992,18.9054],[75.9514,18.8885],[75.9807,18.8982],[76.0094,18.8986],[76.0164,18.8942],[76.0145,18.8774],[76.0569,18.8678],[76.0636,18.8697],[76.0814,18.8888],[76.1092,18.8741],[76.0807,18.8546],[76.0962,18.8507],[76.0945,18.8377],[76.1053,18.8381],[76.0995,18.7933],[76.1247,18.786],[76.1507,18.7657],[76.1374,18.7374],[76.1708,18.7389],[76.1691,18.7256],[76.1646,18.725],[76.1683,18.7192],[76.1945,18.7254],[76.1968,18.7436],[76.1835,18.7495],[76.1851,18.7557],[76.1811,18.759],[76.1832,18.783],[76.2024,18.791],[76.2246,18.7833],[76.2362,18.8053],[76.2475,18.8146],[76.2686,18.819],[76.2934,18.8102],[76.2968,18.8333],[76.2899,18.8427],[76.2776,18.8424],[76.2698,18.8549],[76.2513,18.8619],[76.2603,18.8871],[76.2659,18.8855],[76.2807,18.8947],[76.2802,18.9144],[76.2871,18.9229],[76.3136,18.9232],[76.3519,18.9136],[76.3577,18.9208],[76.3546,18.9418],[76.3412,18.9564],[76.3593,18.9736],[76.3506,18.9792],[76.3482,18.9928],[76.3389,18.9908],[76.3321,18.9831],[76.3266,18.9886],[76.3353,19.0029],[76.3312,19.0024],[76.3277,19.0293],[76.2948,19.03],[76.2808,19.0378],[76.2941,19.0536],[76.3314,19.0477],[76.3406,19.0667],[76.3521,19.0787],[76.3498,19.0918],[76.3371,19.0893],[76.3389,19.0985],[76.3244,19.1045],[76.3189,19.114],[76.328,19.1205],[76.3324,19.1369],[76.3515,19.1445],[76.3604,19.1552],[76.354,19.1655],[76.3573,19.1811],[76.3515,19.193],[76.363,19.2136],[76.3631,19.237],[76.3422,19.2513],[76.3218,19.2547],[76.3101,19.2649],[76.2993,19.2613],[76.2885,19.2659],[76.2595,19.2538],[76.257,19.243],[76.2512,19.2405],[76.2411,19.2465],[76.2226,19.2427],[76.2262,19.2565],[76.2123,19.2611],[76.2141,19.2685],[76.208,19.2751],[76.197,19.2849],[76.1803,19.2887],[76.1703,19.282],[76.1611,19.2832],[76.1615,19.2942],[76.1574,19.2978],[76.1394,19.2901]]]}},{"type":"Feature","properties":{"ac_name":"ANDHERI WEST","ac_no":165,"ac_category":"GEN","st_name":"MAHARASHTRA"},"geometry":{"type":"Polygon","coordinates":[[[72.8217,19.1227],[72.8276,19.0919],[72.8217,19.073],[72.8312,19.0732],[72.8343,19.0841],[72.8394,19.0847],[72.8373,19.1036],[72.8467,19.1037],[72.8473,19.1098],[72.8484,19.1219],[72.8492,19.1287],[72.8379,19.1254],[72.8381,19.121],[72.8217,19.1227]]]}},{"type":"Feature","properties":{"ac_name":"CHANDIVALI","ac_no":168,"ac_category":"GEN","st_name":"MAHARASHTRA"},"geometry":{"type":"Polygon","coordinates":[[[72.8903,19.1185],[72.8902,19.0994],[72.8843,19.0877],[72.883,19.0778],[72.8895,19.0781],[72.8918,19.0678],[72.899,19.0692],[72.896,19.0815],[72.9065,19.0828],[72.8987,19.0928],[72.9146,19.0985],[72.9042,19.1116],[72.8982,19.1184],[72.8903,19.1185]]]}},{"type":"Feature","properties":{"ac_name":"VIKHROLI","ac_no":156,"ac_category":"GEN","st_name":"MAHARASHTRA"},"geometry":{"type":"Polygon","coordinates":[[[72.9042,19.1116],[72.9146,19.0985],[72.9148,19.0984],[72.9245,19.106],[72.9237,19.0984],[72.9284,19.0956],[72.9344,19.0993],[72.9307,19.1017],[72.9344,19.1025],[72.9375,19.1154],[72.9265,19.1188],[72.9117,19.111],[72.9042,19.1116]]]}},{"type":"Feature","properties":{"ac_name":"VILE PARLE","ac_no":167,"ac_category":"GEN","st_name":"MAHARASHTRA"},"geometry":{"type":"Polygon","coordinates":[[[72.8843,19.0877],[72.8767,19.0954],[72.8781,19.1024],[72.8721,19.1043],[72.8651,19.0973],[72.8473,19.1098],[72.8467,19.1037],[72.8373,19.1036],[72.8394,19.0847],[72.8451,19.083],[72.8446,19.0723],[72.8514,19.0715],[72.8516,19.0799],[72.8614,19.0858],[72.8653,19.0729],[72.8752,19.0727],[72.883,19.0778],[72.8843,19.0877]]]}},{"type":"Feature","properties":{"ac_name":"PANVEL","ac_no":188,"ac_category":"GEN","st_name":"MAHARASHTRA"},"geometry":{"type":"Polygon","coordinates":[[[73.1092,19.1099],[73.0995,19.1057],[73.0944,19.114],[73.0844,19.1146],[73.0812,19.111],[73.0776,19.1139],[73.0539,19.1005],[73.0483,19.0981],[73.0466,19.085],[73.0433,19.0682],[73.047,19.0591],[73.0437,19.054],[73.0495,19.0439],[73.0468,19.016],[73.0629,19.0101],[73.0668,19.0028],[73.0834,19.0057],[73.101,18.9861],[73.1254,18.969],[73.1425,18.9743],[73.1582,18.968],[73.1591,18.9527],[73.169,18.9524],[73.1759,18.9436],[73.1849,18.9428],[73.1939,18.946],[73.205,18.9606],[73.2183,18.9572],[73.2141,18.9601],[73.219,18.9874],[73.2397,18.9915],[73.2387,19.0026],[73.2595,19.0013],[73.2672,19.0091],[73.2697,18.9985],[73.2752,19.0039],[73.2801,19.0023],[73.2808,19.0105],[73.2755,19.0475],[73.2632,19.0659],[73.251,19.0612],[73.2364,19.0707],[73.2285,19.0866],[73.2139,19.0981],[73.198,19.1229],[73.1949,19.1268],[73.1854,19.1214],[73.1751,19.1089],[73.1533,19.1131],[73.1432,19.127],[73.1303,19.1086],[73.122,19.1105],[73.1179,19.1063],[73.1141,19.1109],[73.1092,19.1099]]]}},{"type":"Feature","properties":{"ac_name":"","ac_no":0,"ac_category":"GEN","st_name":"MAHARASHTRA"},"geometry":{"type":"Polygon","coordinates":[[[72.998,19.1115],[72.9696,19.1146],[72.9666,19.0997],[72.9668,19.0692],[72.9736,19.0525],[72.9766,19.0467],[72.975,19.03],[72.9564,18.9875],[72.9995,18.9871],[73.0337,19.0012],[73.034,19.0015],[73.0414,19.0065],[73.0377,19.0148],[73.0312,19.01],[73.0242,19.0238],[73.019,19.022],[73.0158,19.0076],[73.0143,19.0154],[73.0097,19.0133],[73.0059,19.0179],[73.0054,19.028],[73.0083,19.0226],[73.0133,19.0239],[73.009,19.041],[73.0167,19.0599],[73.0094,19.0622],[73.0047,19.0716],[73.0133,19.0747],[73.0158,19.0876],[73.0071,19.0905],[73.0091,19.0964],[73.0033,19.0984],[73.0019,19.0951],[73.0014,19.1005],[72.9964,19.0976],[72.998,19.1115]],[[72.9994,19.0872],[73.0046,19.0878],[72.9967,19.0747],[72.995,19.0827],[72.9994,19.0872]],[[72.9937,19.0779],[72.9939,19.0799],[72.9938,19.0779],[72.9937,19.0779]],[[72.9932,19.076],[72.9926,19.0797],[72.9933,19.0764],[72.9932,19.076]],[[72.9898,19.0685],[72.9841,19.0704],[72.9871,19.0754],[72.9898,19.0685]]]}},{"type":"Feature","properties":{"ac_name":"BELAPUR","ac_no":151,"ac_category":"GEN","st_name":"MAHARASHTRA"},"geometry":{"type":"GeometryCollection","geometries":[{"type":"Polygon","coordinates":[[[72.9871,19.0754,0],[72.9898,19.0685,0],[72.9841,19.0704,0],[72.9871,19.0754,0]]]},{"type":"Polygon","coordinates":[[[72.9933,19.0764,0],[72.9932,19.076,0],[72.9926,19.0797,0],[72.9933,19.0764,0]]]},{"type":"Polygon","coordinates":[[[72.9938,19.0779,0],[72.9937,19.0779,0],[72.9939,19.0799,0],[72.9938,19.0779,0]]]},{"type":"Polygon","coordinates":[[[73.0046,19.0878,0],[72.9967,19.0747,0],[72.995,19.0827,0],[72.9994,19.0872,0],[73.0046,19.0878,0]]]},{"type":"Polygon","coordinates":[[[73.0085,19.1118,0],[73.0188,19.0855,0],[73.0466,19.085,0],[73.0433,19.0682,0],[73.047,19.0591,0],[73.0437,19.054,0],[73.0495,19.0439,0],[73.0468,19.016,0],[73.0414,19.0065,0],[73.0377,19.0148,0],[73.0312,19.01,0],[73.0242,19.0238,0],[73.019,19.022,0],[73.0158,19.0076,0],[73.0143,19.0154,0],[73.0097,19.0133,0],[73.0059,19.0179,0],[73.0054,19.028,0],[73.0083,19.0226,0],[73.0133,19.0239,0],[73.009,19.041,0],[73.0167,19.0599,0],[73.0094,19.0622,0],[73.0047,19.0716,0],[73.0133,19.0747,0],[73.0158,19.0876,0],[73.0071,19.0905,0],[73.0091,19.0964,0],[73.0033,19.0984,0],[73.0019,19.0951,0],[73.0014,19.1005,0],[72.9964,19.0976,0],[72.998,19.1115,0],[73.0085,19.1118,0]]]}]}},{"type":"Feature","properties":{"ac_name":"GHATKOPAR EAST","ac_no":170,"ac_category":"GEN","st_name":"MAHARASHTRA"},"geometry":{"type":"GeometryCollection","geometries":[{"type":"Polygon","coordinates":[[[72.9227,19.0671,0],[72.9345,19.067,0],[72.9295,19.0626,0],[72.9348,19.0665,0],[72.9348,19.0617,0],[72.9199,19.0541,0],[72.9186,19.0542,0],[72.9129,19.0591,0],[72.9113,19.0605,0],[72.9227,19.0671,0]]]},{"type":"Polygon","coordinates":[[[72.9284,19.0956,0],[72.9344,19.0993,0],[72.9252,19.0887,0],[72.9148,19.0984,0],[72.9245,19.106,0],[72.9237,19.0984,0],[72.9284,19.0956,0]]]}]}},{"type":"Feature","properties":{"ac_name":"KARJAT","ac_no":189,"ac_category":"GEN","st_name":"MAHARASHTRA"},"geometry":{"type":"Polygon","coordinates":[[[73.2632,19.0659],[73.2755,19.0475],[73.2808,19.0105],[73.2884,19.0005],[73.2933,18.964],[73.3043,18.9477],[73.3093,18.9214],[73.3074,18.9009],[73.2964,18.9004],[73.2951,18.8965],[73.3042,18.8626],[73.2939,18.8537],[73.2912,18.8446],[73.2774,18.8394],[73.2621,18.8605],[73.2615,18.8704],[73.2451,18.8698],[73.2394,18.8623],[73.2436,18.8608],[73.2405,18.8473],[73.224,18.8338],[73.2231,18.8264],[73.2168,18.8215],[73.2196,18.8127],[73.211,18.7704],[73.2373,18.7264],[73.2485,18.7341],[73.2535,18.7474],[73.2597,18.7103],[73.2594,18.7182],[73.2833,18.7183],[73.2842,18.7009],[73.3004,18.6943],[73.3025,18.6895],[73.3226,18.7075],[73.3324,18.7016],[73.348,18.7112],[73.3442,18.7164],[73.3554,18.7215],[73.3587,18.7552],[73.35,18.7565],[73.3624,18.7707],[73.3685,18.7949],[73.3734,18.7881],[73.3787,18.793],[73.382,18.8073],[73.379,18.8182],[73.3849,18.8191],[73.3891,18.8534],[73.4017,18.8428],[73.4119,18.8576],[73.4248,18.8614],[73.429,18.8668],[73.4384,18.8865],[73.4351,18.8994],[73.4409,18.8995],[73.4311,18.9157],[73.4368,18.9153],[73.442,18.929],[73.4482,18.9239],[73.4585,18.9297],[73.4558,18.9452],[73.4572,18.95],[73.4609,18.9487],[73.4607,18.965],[73.4698,18.969],[73.4795,18.967],[73.4805,18.9802],[73.4882,18.9793],[73.504,18.9666],[73.5113,18.9674],[73.5142,18.9719],[73.511,18.9731],[73.5178,18.9801],[73.5224,18.9783],[73.5254,18.9873],[73.5341,18.991],[73.5336,18.9976],[73.5402,18.9972],[73.5539,19.0131],[73.5473,19.0116],[73.5386,19.0164],[73.5432,19.0241],[73.5333,19.0307],[73.5404,19.0476],[73.5151,19.0459],[73.5177,19.0575],[73.5261,19.0548],[73.5213,19.0706],[73.528,19.0845],[73.5148,19.0834],[73.5118,19.0954],[73.5188,19.0993],[73.5258,19.1296],[73.4902,19.1299],[73.4855,19.1236],[73.4754,19.1347],[73.4667,19.1362],[73.4578,19.1313],[73.4426,19.1327],[73.4298,19.1257],[73.4037,19.1338],[73.3858,19.1326],[73.3731,19.1267],[73.3544,19.1307],[73.3262,19.1194],[73.3154,19.1067],[73.3074,19.1063],[73.321,19.0875],[73.3189,19.0798],[73.3131,19.0762],[73.3048,19.078],[73.2971,19.0718],[73.2979,19.0831],[73.2799,19.0863],[73.2644,19.072],[73.2632,19.0659]]]}},{"type":"Feature","properties":{"ac_name":"","ac_no":0,"ac_category":"GEN","st_name":"MAHARASHTRA"},"geometry":{"type":"Polygon","coordinates":[[[72.9666,19.0997],[72.9574,19.0963],[72.9516,19.1024],[72.9344,19.0993],[72.9252,19.0887],[72.9172,19.0722],[72.908,19.0706],[72.9058,19.0608],[72.9113,19.0605],[72.9227,19.0671],[72.9345,19.067],[72.9295,19.0626],[72.9348,19.0665],[72.9348,19.0617],[72.9542,19.0451],[72.9736,19.0525],[72.9668,19.0692],[72.9666,19.0997]]]}},{"type":"Feature","properties":{"ac_name":"GHATKOPAR WEST","ac_no":169,"ac_category":"GEN","st_name":"MAHARASHTRA"},"geometry":{"type":"Polygon","coordinates":[[[72.9148,19.0984],[72.9146,19.0985],[72.8987,19.0928],[72.9065,19.0828],[72.896,19.0815],[72.899,19.0692],[72.8979,19.056],[72.9058,19.0608],[72.908,19.0706],[72.9172,19.0722],[72.9252,19.0887],[72.9148,19.0984]]]}},{"type":"Feature","properties":{"ac_name":"GANGAKHED","ac_no":97,"ac_category":"GEN","st_name":"MAHARASHTRA"},"geometry":{"type":"Polygon","coordinates":[[[76.9261,19.25],[76.9446,19.235],[76.9436,19.2241],[76.9332,19.2064],[76.9075,19.2155],[76.9034,19.2104],[76.9015,19.2035],[76.9065,19.2026],[76.8964,19.1572],[76.8798,19.1587],[76.8694,19.1488],[76.8345,19.1456],[76.8283,19.146],[76.8267,19.1382],[76.8182,19.1346],[76.821,19.1066],[76.8135,19.1062],[76.8154,19.0862],[76.8102,19.0862],[76.806,19.0792],[76.7952,19.082],[76.7946,19.0745],[76.8047,19.0703],[76.8013,19.0573],[76.7905,19.0545],[76.7889,19.0488],[76.7925,19.024],[76.7634,19.026],[76.7602,19.0553],[76.7554,19.057],[76.7576,19.071],[76.7355,19.0754],[76.7257,19.0687],[76.6959,19.072],[76.6642,19.0604],[76.6463,19.0625],[76.649,19.0437],[76.6283,19.0238],[76.6637,18.9984],[76.6747,18.9961],[76.6742,18.9862],[76.6808,18.9847],[76.6815,18.977],[76.6751,18.9644],[76.6745,18.9293],[76.6311,18.9338],[76.622,18.933],[76.6141,18.9247],[76.6402,18.9164],[76.6336,18.8983],[76.6327,18.861],[76.6255,18.8515],[76.633,18.8453],[76.6405,18.8468],[76.6435,18.82],[76.6642,18.8207],[76.6704,18.8142],[76.6651,18.8074],[76.6751,18.7935],[76.6731,18.7889],[76.6829,18.7784],[76.6707,18.7654],[76.6761,18.759],[76.6927,18.7526],[76.7022,18.7572],[76.7217,18.7499],[76.7305,18.7503],[76.7333,18.7586],[76.7376,18.7586],[76.7423,18.7757],[76.7517,18.7726],[76.7785,18.7756],[76.7785,18.7934],[76.7915,18.8003],[76.8096,18.8006],[76.8279,18.8126],[76.8396,18.8132],[76.8507,18.8082],[76.8536,18.8189],[76.8817,18.8353],[76.9085,18.8376],[76.9378,18.8317],[76.9555,18.834],[76.9686,18.8283],[76.9907,18.829],[77.0084,18.8429],[77.02,18.8437],[77.0152,18.8799],[76.9996,18.8825],[76.9534,18.8739],[76.9544,18.8919],[76.9334,18.8937],[76.9295,18.9012],[76.9469,18.9076],[76.9477,18.9276],[76.9556,18.9333],[76.9735,18.9243],[76.9722,18.9144],[76.9801,18.913],[76.9893,18.9355],[77.0067,18.9292],[77.0233,18.9322],[77.0352,18.9529],[77.037,18.9675],[77.057,18.9889],[77.0562,18.9989],[77.0412,19.0048],[77.0431,19.0313],[77.0643,19.0306],[77.0663,19.047],[77.0606,19.0629],[77.0645,19.0744],[77.0746,19.0847],[77.084,19.1093],[77.1006,19.1085],[77.1062,19.1204],[77.0925,19.1407],[77.0954,19.1451],[77.1195,19.151],[77.1139,19.1571],[77.0938,19.157],[77.098,19.1735],[77.0873,19.1745],[77.0753,19.1912],[77.0368,19.2016],[77.0401,19.2185],[77.0541,19.236],[77.0493,19.2377],[77.0481,19.2487],[77.0319,19.2455],[77.012,19.2528],[77.0105,19.2734],[77.0222,19.2779],[77.0231,19.2852],[76.9909,19.2843],[76.9873,19.2771],[76.9688,19.2759],[76.9683,19.2538],[76.9551,19.2544],[76.9541,19.2493],[76.933,19.2552],[76.9261,19.25]]]}},{"type":"Feature","properties":{"ac_name":"VANDRE WEST","ac_no":177,"ac_category":"GEN","st_name":"MAHARASHTRA"},"geometry":{"type":"Polygon","coordinates":[[[72.8394,19.0847],[72.8343,19.0841],[72.8312,19.0732],[72.8217,19.073],[72.8242,19.0551],[72.8182,19.0419],[72.8314,19.053],[72.8391,19.048],[72.8437,19.0505],[72.8446,19.0723],[72.8451,19.083],[72.8394,19.0847]]]}},{"type":"Feature","properties":{"ac_name":"KALINA","ac_no":175,"ac_category":"GEN","st_name":"MAHARASHTRA"},"geometry":{"type":"Polygon","coordinates":[[[72.883,19.0778],[72.8752,19.0727],[72.8653,19.0729],[72.8614,19.0858],[72.8516,19.0799],[72.8514,19.0715],[72.855,19.0586],[72.8675,19.0567],[72.8764,19.0616],[72.8767,19.0568],[72.885,19.0561],[72.8876,19.0671],[72.8918,19.0678],[72.8895,19.0781],[72.883,19.0778]]]}},{"type":"Feature","properties":{"ac_name":"ASHTI","ac_no":231,"ac_category":"GEN","st_name":"MAHARASHTRA"},"geometry":{"type":"Polygon","coordinates":[[[75.4369,19.2206],[75.4218,19.2209],[75.4017,19.1962],[75.4228,19.1798],[75.4242,19.1735],[75.4449,19.1725],[75.4489,19.1642],[75.4539,19.1467],[75.4498,19.1413],[75.4231,19.1389],[75.4293,19.1216],[75.4332,19.1165],[75.4425,19.1241],[75.4636,19.127],[75.4637,19.1301],[75.4835,19.1275],[75.4855,19.1061],[75.4494,19.0833],[75.445,19.0933],[75.4166,19.0873],[75.4078,19.0801],[75.3696,19.0815],[75.3659,19.0901],[75.3811,19.1032],[75.3926,19.1266],[75.4042,19.1235],[75.4092,19.129],[75.4075,19.1411],[75.3941,19.1422],[75.3764,19.1295],[75.3614,19.1321],[75.3586,19.1267],[75.3516,19.1266],[75.3528,19.1471],[75.3398,19.1558],[75.3307,19.1524],[75.3315,19.1316],[75.3495,19.124],[75.3525,19.1132],[75.3614,19.1087],[75.365,19.0785],[75.3379,19.0808],[75.3228,19.0941],[75.3085,19.0983],[75.2953,19.0848],[75.2816,19.0846],[75.2816,19.0802],[75.2934,19.076],[75.2941,19.0691],[75.2844,19.0336],[75.329,19.0344],[75.3451,19.0247],[75.3433,18.992],[75.3162,18.9802],[75.2893,18.9818],[75.269,18.9982],[75.2657,19.018],[75.2568,19.0254],[75.2666,19.0311],[75.27,19.0532],[75.2618,19.07],[75.2341,19.0615],[75.2243,19.0665],[75.2276,19.0852],[75.2239,19.1004],[75.2198,19.1005],[75.2193,19.112],[75.1979,19.0959],[75.1917,19.0978],[75.1879,19.0933],[75.1971,19.0673],[75.1861,19.0519],[75.208,19.0365],[75.2073,19.0201],[75.1821,19.0119],[75.169,19.02],[75.1659,19.0372],[75.1573,19.0367],[75.1477,19.0423],[75.1432,19.0398],[75.1444,19.0353],[75.1362,19.036],[75.1129,19.0437],[75.1003,19.0427],[75.0716,19.054],[75.0687,19.0593],[75.0757,19.0684],[75.0908,19.0681],[75.0778,19.0798],[75.0972,19.0798],[75.0979,19.102],[75.1107,19.115],[75.1062,19.1258],[75.0968,19.1224],[75.0916,19.126],[75.0882,19.1201],[75.071,19.1199],[75.0784,19.1183],[75.0709,19.1121],[75.0759,19.1062],[75.068,19.1024],[75.0654,19.1066],[75.0659,19.1025],[75.0582,19.0978],[75.0521,19.0999],[75.0525,19.1058],[75.0362,19.1013],[75.0438,19.1101],[75.0303,19.108],[75.0249,19.1017],[75.0257,19.1147],[75.0117,19.1043],[74.9949,19.1135],[74.9855,19.1122],[74.9801,19.1178],[74.9753,19.1116],[74.946,19.1308],[74.9417,19.1336],[74.9325,19.1086],[74.9205,19.0945],[74.9146,19.0377],[74.9217,19.032],[74.9498,19.0329],[74.9485,19.0048],[74.9604,18.9991],[74.9534,18.9892],[74.9532,18.9728],[74.9448,18.9697],[74.9352,18.9758],[74.9311,18.9714],[74.9234,18.9719],[74.9167,18.9584],[74.9035,18.9643],[74.8999,18.9791],[74.8734,18.985],[74.8362,18.9702],[74.8253,18.9907],[74.808,18.9764],[74.8129,18.9622],[74.8281,18.9623],[74.8353,18.953],[74.8337,18.9387],[74.8252,18.9331],[74.8427,18.9238],[74.8483,18.9084],[74.8644,18.898],[74.8742,18.9127],[74.8833,18.9144],[74.8847,18.8859],[74.8979,18.8766],[74.894,18.8466],[74.9098,18.847],[74.9181,18.8533],[74.9273,18.8426],[74.9201,18.8321],[74.922,18.8261],[74.9375,18.8277],[74.9573,18.8198],[74.9734,18.8287],[74.9707,18.8144],[74.977,18.8062],[74.9924,18.7959],[74.9988,18.8051],[74.9992,18.7975],[75.0029,18.8037],[75.0092,18.8033],[75.0039,18.7887],[75.006,18.7819],[75.017,18.7717],[75.0314,18.7695],[75.04,18.7624],[75.044,18.751],[75.0523,18.7482],[75.0575,18.7349],[75.0675,18.7317],[75.0765,18.7147],[75.1041,18.7019],[75.1102,18.6893],[75.1199,18.6843],[75.1168,18.6797],[75.1397,18.6649],[75.1421,18.6525],[75.1562,18.6412],[75.1626,18.6601],[75.1654,18.6951],[75.1747,18.7076],[75.1719,18.7366],[75.2082,18.7384],[75.2178,18.731],[75.2539,18.7204],[75.2768,18.7296],[75.2933,18.765],[75.3283,18.8053],[75.3447,18.7833],[75.36,18.789],[75.3692,18.7741],[75.3725,18.7758],[75.374,18.7666],[75.3817,18.7691],[75.3894,18.7893],[75.392,18.8199],[75.3992,18.832],[75.4206,18.8182],[75.4202,18.8137],[75.4387,18.7975],[75.4434,18.7629],[75.4461,18.7644],[75.45,18.7511],[75.4676,18.7522],[75.469,18.7468],[75.4909,18.7369],[75.4915,18.7291],[75.5086,18.7237],[75.5258,18.7333],[75.526,18.7527],[75.5561,18.7363],[75.5539,18.7084],[75.5635,18.7022],[75.5727,18.7037],[75.5778,18.697],[75.5836,18.6982],[75.6064,18.6845],[75.6177,18.7195],[75.6073,18.7353],[75.6149,18.7496],[75.6059,18.7803],[75.6294,18.8258],[75.6232,18.8345],[75.618,18.8444],[75.6214,18.8598],[75.6132,18.8658],[75.6105,18.8832],[75.6029,18.8922],[75.6133,18.9064],[75.631,18.9106],[75.6426,18.9204],[75.6294,18.9747],[75.6068,18.9671],[75.5896,18.9714],[75.5778,18.9642],[75.5662,18.9404],[75.5267,18.9375],[75.4993,18.9195],[75.4883,18.934],[75.4645,18.95],[75.467,18.9628],[75.4584,18.9697],[75.4658,18.9741],[75.4643,18.985],[75.4741,18.9886],[75.4692,19.0038],[75.4813,19.0126],[75.4836,19.0557],[75.4929,19.0674],[75.4994,19.097],[75.5365,19.1161],[75.5449,19.1155],[75.549,19.127],[75.5462,19.1468],[75.5414,19.163],[75.5451,19.1627],[75.5609,19.1837],[75.5462,19.1843],[75.5355,19.1952],[75.5402,19.218],[75.5307,19.2222],[75.5201,19.2027],[75.514,19.205],[75.488,19.1924],[75.4563,19.2105],[75.4368,19.2162],[75.4369,19.2206]]]}},{"type":"Feature","properties":{"ac_name":"SHRIGONDA","ac_no":226,"ac_category":"GEN","st_name":"MAHARASHTRA"},"geometry":{"type":"Polygon","coordinates":[[[74.946,19.1308],[74.9448,19.1374],[74.9365,19.1393],[74.9346,19.151],[74.9263,19.152],[74.9312,19.1595],[74.9215,19.1787],[74.8809,19.1789],[74.8798,19.1847],[74.875,19.1847],[74.8758,19.1923],[74.8645,19.1869],[74.8576,19.1924],[74.8554,19.1852],[74.8406,19.1739],[74.8416,19.1625],[74.8455,19.1611],[74.8405,19.1578],[74.8491,19.1426],[74.8263,19.1282],[74.8343,19.0917],[74.8158,19.0673],[74.8111,19.0507],[74.7886,19.0304],[74.7766,19.0287],[74.7795,19.0533],[74.7854,19.0544],[74.7873,19.0672],[74.7944,19.0642],[74.7993,19.0714],[74.7661,19.068],[74.7638,19.0638],[74.7587,19.0686],[74.7471,19.0496],[74.7607,19.0262],[74.7457,19.0213],[74.7453,19.003],[74.7653,18.9976],[74.7649,18.9926],[74.7603,18.9833],[74.7155,18.9821],[74.7191,18.9452],[74.7321,18.934],[74.7163,18.8949],[74.7102,18.9008],[74.6755,18.9],[74.6618,18.8801],[74.6471,18.8799],[74.6255,18.8885],[74.6116,18.8819],[74.5994,18.8625],[74.5922,18.8608],[74.5534,18.8682],[74.5341,18.8671],[74.5256,18.8643],[74.5138,18.846],[74.4953,18.8505],[74.4724,18.8336],[74.4635,18.8364],[74.4488,18.8541],[74.4263,18.8425],[74.3995,18.8522],[74.3875,18.8508],[74.3896,18.8325],[74.3986,18.8229],[74.384,18.8038],[74.3889,18.7835],[74.4008,18.7765],[74.3934,18.7669],[74.3993,18.7424],[74.4099,18.7414],[74.4264,18.7495],[74.441,18.7373],[74.4438,18.7218],[74.4656,18.7254],[74.473,18.7228],[74.4791,18.7165],[74.4813,18.7047],[74.4738,18.6923],[74.4756,18.6867],[74.488,18.6758],[74.4978,18.6794],[74.5083,18.6729],[74.5086,18.6648],[74.4896,18.6546],[74.4865,18.6469],[74.4763,18.6495],[74.4714,18.6466],[74.4767,18.6349],[74.5053,18.6233],[74.5097,18.6128],[74.537,18.6179],[74.5513,18.6097],[74.5434,18.5988],[74.5416,18.5804],[74.5782,18.5469],[74.5701,18.5453],[74.5662,18.525],[74.5471,18.509],[74.5578,18.4918],[74.5793,18.4736],[74.6147,18.468],[74.6421,18.4503],[74.6745,18.4625],[74.6732,18.4675],[74.663,18.4692],[74.656,18.4755],[74.6607,18.4906],[74.7006,18.5066],[74.7085,18.5042],[74.7196,18.4923],[74.7297,18.5074],[74.7507,18.4998],[74.7667,18.4992],[74.7748,18.5112],[74.7913,18.5095],[74.7982,18.5352],[74.8151,18.5329],[74.8379,18.5401],[74.8365,18.5518],[74.8436,18.5671],[74.8353,18.582],[74.8403,18.5872],[74.8182,18.5937],[74.8229,18.6013],[74.8315,18.6025],[74.8398,18.6536],[74.8333,18.6566],[74.8341,18.6902],[74.8517,18.6913],[74.8537,18.7032],[74.8621,18.7004],[74.8716,18.7094],[74.8602,18.7162],[74.8519,18.7313],[74.8479,18.729],[74.8513,18.7417],[74.8654,18.757],[74.8894,18.7561],[74.8909,18.7801],[74.9066,18.7816],[74.9117,18.7881],[74.9317,18.7795],[74.9402,18.7967],[74.9375,18.8277],[74.922,18.8261],[74.9201,18.8321],[74.9273,18.8426],[74.9181,18.8533],[74.9098,18.847],[74.894,18.8466],[74.8979,18.8766],[74.8847,18.8859],[74.8833,18.9144],[74.8742,18.9127],[74.8644,18.898],[74.8483,18.9084],[74.8427,18.9238],[74.8252,18.9331],[74.8337,18.9387],[74.8353,18.953],[74.8281,18.9623],[74.8129,18.9622],[74.808,18.9764],[74.8253,18.9907],[74.8362,18.9702],[74.8734,18.985],[74.8999,18.9791],[74.9035,18.9643],[74.9167,18.9584],[74.9234,18.9719],[74.9311,18.9714],[74.9352,18.9758],[74.9448,18.9697],[74.9532,18.9728],[74.9534,18.9892],[74.9604,18.9991],[74.9485,19.0048],[74.9498,19.0329],[74.9217,19.032],[74.9146,19.0377],[74.9205,19.0945],[74.9325,19.1086],[74.9417,19.1336],[74.946,19.1308]]]}},{"type":"Feature","properties":{"ac_name":"VANDRE EAST","ac_no":176,"ac_category":"GEN","st_name":"MAHARASHTRA"},"geometry":{"type":"Polygon","coordinates":[[[72.8514,19.0715],[72.8446,19.0723],[72.8437,19.0505],[72.8618,19.0525],[72.8627,19.0526],[72.8754,19.0498],[72.8767,19.0568],[72.8764,19.0616],[72.8675,19.0567],[72.855,19.0586],[72.8514,19.0715]]]}},{"type":"Feature","properties":{"ac_name":"NANDED NORTH","ac_no":86,"ac_category":"GEN","st_name":"MAHARASHTRA"},"geometry":{"type":"Polygon","coordinates":[[[77.2304,19.2758],[77.2204,19.2753],[77.2029,19.2551],[77.2032,19.2446],[77.193,19.2447],[77.192,19.2358],[77.1793,19.2287],[77.1771,19.1684],[77.1913,19.1636],[77.1919,19.1474],[77.2185,19.1439],[77.2246,19.1361],[77.2413,19.1363],[77.2482,19.1313],[77.2687,19.1383],[77.2765,19.1359],[77.2833,19.1404],[77.2998,19.1403],[77.3088,19.1438],[77.3224,19.1592],[77.3388,19.189],[77.327,19.1967],[77.3228,19.189],[77.3172,19.1906],[77.318,19.2119],[77.3079,19.2217],[77.3116,19.2517],[77.2903,19.2568],[77.2945,19.2704],[77.2449,19.2649],[77.2313,19.2707],[77.2304,19.2758]]]}},{"type":"Feature","properties":{"ac_name":"KURLA","ac_no":174,"ac_category":"SC","st_name":"MAHARASHTRA"},"geometry":{"type":"Polygon","coordinates":[[[72.8918,19.0678],[72.8876,19.0671],[72.885,19.0561],[72.8767,19.0568],[72.8754,19.0498],[72.8808,19.0417],[72.9129,19.0591],[72.9113,19.0605],[72.9058,19.0608],[72.8979,19.056],[72.899,19.0692],[72.8918,19.0678]]]}},{"type":"Feature","properties":{"ac_name":"MANKHURD SHIVAJI NAGAR","ac_no":171,"ac_category":"GEN","st_name":"MAHARASHTRA"},"geometry":{"type":"Polygon","coordinates":[[[72.9199,19.0541],[72.9258,19.0505],[72.9249,19.0465],[72.9384,19.04],[72.9366,19.0349],[72.9504,19.0388],[72.9378,19.0474],[72.9282,19.0547],[72.9348,19.0617],[72.9199,19.0541]]]}},{"type":"Feature","properties":{"ac_name":"","ac_no":0,"ac_category":"GEN","st_name":"MAHARASHTRA"},"geometry":{"type":"Polygon","coordinates":[[[72.9378,19.0474],[72.9504,19.0388],[72.9766,19.0467],[72.9736,19.0525],[72.9542,19.0451],[72.9348,19.0617],[72.9282,19.0547],[72.9378,19.0474]]]}},{"type":"Feature","properties":{"ac_name":"CHEMBUR","ac_no":173,"ac_category":"GEN","st_name":"MAHARASHTRA"},"geometry":{"type":"Polygon","coordinates":[[[72.9129,19.0591],[72.8808,19.0417],[72.8788,19.0212],[72.8832,19.0227],[72.8905,19.0203],[72.8859,19.0128],[72.89,19.0048],[72.8992,19.0055],[72.9063,18.9963],[72.9018,19.026],[72.9068,19.034],[72.9159,19.0338],[72.9186,19.0542],[72.9129,19.0591]]]}},{"type":"Feature","properties":{"ac_name":"SION KOLIWADA","ac_no":179,"ac_category":"GEN","st_name":"MAHARASHTRA"},"geometry":{"type":"Polygon","coordinates":[[[72.8627,19.0526],[72.854,19.031],[72.8564,19.0251],[72.8607,19.026],[72.8603,19.0172],[72.8758,19.0184],[72.8788,19.0212],[72.8808,19.0417],[72.8754,19.0498],[72.8627,19.0526]]]}},{"type":"Feature","properties":{"ac_name":"DHARAVI","ac_no":178,"ac_category":"SC","st_name":"MAHARASHTRA"},"geometry":{"type":"Polygon","coordinates":[[[72.8618,19.0525],[72.8437,19.0505],[72.8391,19.048],[72.8393,19.0439],[72.8498,19.0335],[72.854,19.031],[72.8627,19.0526],[72.8618,19.0525]]]}},{"type":"Feature","properties":{"ac_name":"ANUSHAKTI NAGAR","ac_no":172,"ac_category":"GEN","st_name":"MAHARASHTRA"},"geometry":{"type":"Polygon","coordinates":[[[72.9186,19.0542],[72.9159,19.0338],[72.9068,19.034],[72.9018,19.026],[72.9063,18.9963],[72.9072,19],[72.9141,18.9993],[72.9341,19.0254],[72.9494,19.0323],[72.9504,19.0388],[72.9366,19.0349],[72.9384,19.04],[72.9249,19.0465],[72.9258,19.0505],[72.9199,19.0541],[72.9186,19.0542]]]}},{"type":"Feature","properties":{"ac_name":"AHMEDNAGAR","ac_no":225,"ac_category":"GEN","st_name":"MAHARASHTRA"},"geometry":{"type":"Polygon","coordinates":[[[74.7464,19.1422],[74.7343,19.1507],[74.7152,19.1462],[74.712,19.1377],[74.6929,19.1385],[74.6962,19.1252],[74.6889,19.114],[74.6947,19.1148],[74.6965,19.0813],[74.6752,19.0557],[74.6795,19.0364],[74.6957,19.034],[74.7007,19.04],[74.7152,19.0413],[74.7352,19.0313],[74.7377,19.0219],[74.7457,19.0213],[74.7607,19.0262],[74.7471,19.0496],[74.7587,19.0686],[74.7638,19.0638],[74.7661,19.068],[74.7993,19.0714],[74.7982,19.089],[74.7779,19.0918],[74.7963,19.0934],[74.806,19.0995],[74.7845,19.1072],[74.7807,19.1174],[74.7741,19.1186],[74.7735,19.1381],[74.7464,19.1422]]]}},{"type":"Feature","properties":{"ac_name":"MAHIM","ac_no":181,"ac_category":"GEN","st_name":"MAHARASHTRA"},"geometry":{"type":"Polygon","coordinates":[[[72.8393,19.0439],[72.8342,19.0251],[72.8255,19.018],[72.8195,19.0188],[72.8203,19.012],[72.8273,19.0091],[72.8286,19.0106],[72.8388,19.0168],[72.8498,19.0335],[72.8393,19.0439]]]}},{"type":"Feature","properties":{"ac_name":"","ac_no":0,"ac_category":"GEN","st_name":"MAHARASHTRA"},"geometry":{"type":"Polygon","coordinates":[[[72.9766,19.0467],[72.9504,19.0388],[72.9494,19.0323],[72.9341,19.0254],[72.9141,18.9993],[72.9072,19],[72.9063,18.9963],[72.9137,18.9897],[72.913,18.982],[72.9564,18.9875],[72.975,19.03],[72.9766,19.0467]]]}},{"type":"Feature","properties":{"ac_name":"KHED ALANDI","ac_no":197,"ac_category":"GEN","st_name":"MAHARASHTRA"},"geometry":{"type":"Polygon","coordinates":[[[73.6014,19.0795],[73.5815,19.0766],[73.5798,19.0615],[73.5631,19.0594],[73.5464,19.0626],[73.5398,19.0736],[73.5213,19.0706],[73.5261,19.0548],[73.5177,19.0575],[73.5151,19.0459],[73.5404,19.0476],[73.5333,19.0307],[73.5432,19.0241],[73.5386,19.0164],[73.5473,19.0116],[73.5539,19.0131],[73.5402,18.9972],[73.5336,18.9976],[73.5341,18.991],[73.5254,18.9873],[73.5224,18.9783],[73.5379,18.9624],[73.537,18.9563],[73.5795,18.9249],[73.595,18.8979],[73.6133,18.8838],[73.6382,18.8744],[73.6469,18.8531],[73.6599,18.8471],[73.6739,18.8305],[73.7054,18.829],[73.7229,18.8123],[73.7429,18.8089],[73.7336,18.7784],[73.7423,18.7671],[73.7505,18.7749],[73.7684,18.7728],[73.7677,18.7644],[73.7733,18.7634],[73.7702,18.742],[73.7584,18.7377],[73.7381,18.7423],[73.735,18.7163],[73.7254,18.7163],[73.7248,18.7075],[73.7428,18.7025],[73.7515,18.7193],[73.7664,18.7205],[73.7671,18.7329],[73.7742,18.737],[73.7875,18.7247],[73.8018,18.7029],[73.8133,18.7044],[73.817,18.6876],[73.8438,18.6872],[73.8567,18.6835],[73.8604,18.6798],[73.8706,18.6876],[73.8994,18.6737],[73.9114,18.6572],[73.9275,18.6524],[73.9426,18.6604],[73.9487,18.6427],[73.9695,18.6373],[73.9659,18.6249],[73.9655,18.6224],[73.9702,18.619],[73.9838,18.6282],[73.9873,18.6408],[73.9817,18.6556],[73.9916,18.6643],[73.9865,18.678],[73.9928,18.6798],[74.0017,18.6726],[74.0048,18.6761],[74.0019,18.6939],[74.0185,18.6925],[74.0331,18.728],[74.0339,18.7485],[74.0129,18.773],[73.9965,18.8014],[74.0045,18.8081],[74.0159,18.8051],[74.0191,18.8143],[74.0319,18.8145],[74.0322,18.8415],[74.0195,18.8444],[74.0225,18.8587],[74.035,18.8667],[74.0431,18.8849],[74.0416,18.8923],[74.0247,18.896],[74.0306,18.9089],[74.0271,18.9174],[73.9957,18.932],[73.9767,18.9283],[73.9792,18.8983],[73.9667,18.8902],[73.9507,18.8932],[73.945,18.9061],[73.9301,18.9157],[73.902,18.9184],[73.8953,18.9472],[73.882,18.9448],[73.8636,18.9583],[73.8593,18.9662],[73.8447,18.97],[73.8388,18.987],[73.8238,18.9949],[73.8211,19.0011],[73.8026,19.0039],[73.7886,19.0117],[73.7838,19.0023],[73.7785,19.0116],[73.77,19.0143],[73.7691,19.0274],[73.7547,19.0378],[73.7405,19.0387],[73.722,19.0494],[73.6937,19.0535],[73.6923,19.0635],[73.679,19.0727],[73.6605,19.0697],[73.6538,19.0606],[73.6284,19.0676],[73.6272,19.079],[73.6014,19.0795]]]}},{"type":"Feature","properties":{"ac_name":"WADALA","ac_no":180,"ac_category":"GEN","st_name":"MAHARASHTRA"},"geometry":{"type":"Polygon","coordinates":[[[72.854,19.031],[72.8498,19.0335],[72.8388,19.0168],[72.8286,19.0106],[72.8361,19.0053],[72.8512,19.0051],[72.8516,19.0006],[72.8574,19.0046],[72.8563,18.9983],[72.8758,19.0184],[72.8603,19.0172],[72.8607,19.026],[72.8564,19.0251],[72.854,19.031]]]}},{"type":"Feature","properties":{"ac_name":"WORLI","ac_no":182,"ac_category":"GEN","st_name":"MAHARASHTRA"},"geometry":{"type":"Polygon","coordinates":[[[72.8195,19.0188],[72.8154,19.0259],[72.8168,19.0131],[72.8101,18.9888],[72.8137,18.9832],[72.8086,18.9831],[72.8058,18.9775],[72.8204,18.9801],[72.829,18.9877],[72.8273,19.0091],[72.8203,19.012],[72.8195,19.0188]]]}},{"type":"Feature","properties":{"ac_name":"","ac_no":0,"ac_category":"GEN","st_name":"MAHARASHTRA"},"geometry":{"type":"Polygon","coordinates":[[[72.8832,19.0227],[72.8788,19.0212],[72.8856,19.0126],[72.8806,18.9882],[72.8872,18.9801],[72.8976,18.9788],[72.913,18.982],[72.9137,18.9897],[72.9063,18.9963],[72.8992,19.0055],[72.89,19.0048],[72.8859,19.0128],[72.8905,19.0203],[72.8832,19.0227]]]}},{"type":"Feature","properties":{"ac_name":"","ac_no":0,"ac_category":"GEN","st_name":"MAHARASHTRA"},"geometry":{"type":"Polygon","coordinates":[[[72.8758,19.0184],[72.8563,18.9983],[72.8605,18.9825],[72.8496,18.9799],[72.8555,18.9766],[72.849,18.9758],[72.8534,18.9747],[72.8486,18.974],[72.8489,18.9635],[72.8456,18.9458],[72.8434,18.9318],[72.8408,18.9341],[72.8366,18.93],[72.8301,18.915],[72.8205,18.9109],[72.8093,18.8947],[72.8375,18.8493],[72.845,18.8667],[72.869,18.9116],[72.9092,18.9394],[72.9139,18.9515],[72.9116,18.9645],[72.8976,18.9788],[72.8872,18.9801],[72.8806,18.9882],[72.8856,19.0126],[72.8788,19.0212],[72.8758,19.0184]],[[72.9053,18.9608],[72.9036,18.9576],[72.9001,18.9624],[72.905,18.9608],[72.9053,18.9608]]]}},{"type":"Feature","properties":{"ac_name":"SHIVADI","ac_no":183,"ac_category":"GEN","st_name":"MAHARASHTRA"},"geometry":{"type":"Polygon","coordinates":[[[72.8286,19.0106],[72.8273,19.0091],[72.829,18.9877],[72.832,18.9887],[72.8496,18.9799],[72.8605,18.9825],[72.8563,18.9983],[72.8574,19.0046],[72.8516,19.0006],[72.8512,19.0051],[72.8361,19.0053],[72.8286,19.0106]]]}},{"type":"Feature","properties":{"ac_name":"BEED","ac_no":230,"ac_category":"GEN","st_name":"MAHARASHTRA"},"geometry":{"type":"Polygon","coordinates":[[[75.5477,19.1459],[75.5462,19.1468],[75.549,19.127],[75.5449,19.1155],[75.5365,19.1161],[75.4994,19.097],[75.4929,19.0674],[75.4836,19.0557],[75.4813,19.0126],[75.4692,19.0038],[75.4741,18.9886],[75.4643,18.985],[75.4658,18.9741],[75.4584,18.9697],[75.467,18.9628],[75.4645,18.95],[75.4883,18.934],[75.4993,18.9195],[75.5267,18.9375],[75.5662,18.9404],[75.5778,18.9642],[75.5896,18.9714],[75.6068,18.9671],[75.6294,18.9747],[75.6426,18.9204],[75.631,18.9106],[75.6133,18.9064],[75.6029,18.8922],[75.6105,18.8832],[75.6132,18.8658],[75.6214,18.8598],[75.618,18.8444],[75.6232,18.8345],[75.6791,18.8474],[75.6884,18.8596],[75.725,18.8573],[75.7379,18.8636],[75.7458,18.8577],[75.7679,18.8578],[75.7836,18.8613],[75.785,18.8653],[75.7865,18.8599],[75.841,18.8853],[75.8904,18.8838],[75.8992,18.9054],[75.8908,18.9135],[75.8896,18.9248],[75.8935,18.9348],[75.9078,18.9473],[75.9027,18.9532],[75.9051,18.9624],[75.8888,18.9804],[75.8909,19.0023],[75.8645,19.0298],[75.8832,19.029],[75.8887,19.0336],[75.8873,19.0554],[75.8665,19.0533],[75.8601,19.0691],[75.8511,19.0727],[75.8531,19.0787],[75.8471,19.0831],[75.8444,19.0952],[75.813,19.1],[75.7976,19.1089],[75.7835,19.1043],[75.756,19.1205],[75.7472,19.1145],[75.7242,19.1226],[75.7082,19.1124],[75.6832,19.1143],[75.6752,19.1106],[75.6766,19.0868],[75.6336,19.0852],[75.6388,19.1066],[75.6347,19.1112],[75.5917,19.1009],[75.5893,19.1265],[75.5993,19.1372],[75.5817,19.1442],[75.5477,19.1459]]]}},{"type":"Feature","properties":{"ac_name":"URAN","ac_no":190,"ac_category":"GEN","st_name":"MAHARASHTRA"},"geometry":{"type":"GeometryCollection","geometries":[{"type":"Polygon","coordinates":[[[72.9657,18.9504,0],[72.9671,18.9405,0],[72.9594,18.9244,0],[72.946,18.938,0],[72.9483,18.9472,0],[72.9541,18.9466,0],[72.9546,18.9512,0],[72.9657,18.9504,0]]]},{"type":"Polygon","coordinates":[[[72.905,18.9608,0],[72.9053,18.9608,0],[72.9036,18.9576,0],[72.9001,18.9624,0],[72.905,18.9608,0]]]},{"type":"Polygon","coordinates":[[[72.9675,18.966,0],[72.9714,18.9627,0],[72.9683,18.9606,0],[72.9542,18.9637,0],[72.9572,18.9719,0],[72.9675,18.966,0]]]},{"type":"Polygon","coordinates":[[[72.9419,18.9687,0],[72.9341,18.9527,0],[72.925,18.9628,0],[72.939,18.9714,0],[72.9419,18.9687,0]]]},{"type":"Polygon","coordinates":[[[73.0668,19.0028,0],[73.0834,19.0057,0],[73.101,18.9861,0],[73.1254,18.969,0],[73.1425,18.9743,0],[73.1582,18.968,0],[73.1591,18.9527,0],[73.169,18.9524,0],[73.1759,18.9436,0],[73.1849,18.9428,0],[73.1939,18.946,0],[73.205,18.9606,0],[73.2183,18.9572,0],[73.2141,18.9601,0],[73.219,18.9874,0],[73.2397,18.9915,0],[73.2387,19.0026,0],[73.2595,19.0013,0],[73.2672,19.0091,0],[73.2697,18.9985,0],[73.2752,19.0039,0],[73.2801,19.0023,0],[73.2808,19.0105,0],[73.2884,19.0005,0],[73.2933,18.964,0],[73.3043,18.9477,0],[73.3093,18.9214,0],[73.3074,18.9009,0],[73.2964,18.9004,0],[73.2951,18.8965,0],[73.3042,18.8626,0],[73.2939,18.8537,0],[73.2912,18.8446,0],[73.2774,18.8394,0],[73.2621,18.8605,0],[73.2615,18.8704,0],[73.2451,18.8698,0],[73.2394,18.8623,0],[73.2436,18.8608,0],[73.2405,18.8473,0],[73.224,18.8338,0],[73.2231,18.8264,0],[73.2168,18.8215,0],[73.2196,18.8127,0],[73.1995,18.8137,0],[73.1865,18.8083,0],[73.174,18.8258,0],[73.1564,18.8246,0],[73.1473,18.8302,0],[73.131,18.8272,0],[73.1236,18.8304,0],[73.121,18.8432,0],[73.1085,18.8428,0],[73.0948,18.8399,0],[73.0811,18.8203,0],[73.0593,18.829,0],[73.0555,18.8136,0],[73.0422,18.8077,0],[73.022,18.8149,0],[72.9994,18.8076,0],[72.9908,18.8131,0],[72.992,18.827,0],[72.9888,18.8292,0],[72.9884,18.8469,0],[72.9971,18.8483,0],[72.983,18.851,0],[72.9991,18.8743,0],[72.995,18.883,0],[72.9688,18.8736,0],[72.9675,18.8644,0],[72.9538,18.8689,0],[72.957,18.8608,0],[72.9545,18.8517,0],[72.9601,18.852,0],[72.9427,18.8459,0],[72.9237,18.8554,0],[72.9228,18.8676,0],[72.9086,18.8866,0],[72.9088,18.9001,0],[72.9194,18.91,0],[72.9274,18.9113,0],[72.9369,18.8844,0],[72.9572,18.8796,0],[72.9612,18.8938,0],[72.9767,18.9125,0],[72.9887,18.9129,0],[72.9971,18.92,0],[72.9952,18.928,0],[73.0004,18.9277,0],[73.0043,18.9348,0],[73.0048,18.9509,0],[73.0108,18.9617,0],[73.0055,18.9741,0],[73.0145,18.9708,0],[73.0191,18.9761,0],[73.0218,18.9686,0],[73.0193,18.9763,0],[73.0227,18.9788,0],[73.0181,18.9814,0],[73.0209,18.9869,0],[73.0312,18.9866,0],[73.0326,18.9782,0],[73.0377,18.9824,0],[73.0376,18.9881,0],[73.0296,18.9892,0],[73.034,19.0015,0],[73.0414,19.0065,0],[73.0468,19.016,0],[73.0629,19.0101,0],[73.0668,19.0028,0]]]}]}},{"type":"Feature","properties":{"ac_name":"","ac_no":0,"ac_category":"GEN","st_name":"MAHARASHTRA"},"geometry":{"type":"Polygon","coordinates":[[[73.0337,19.0012],[72.9995,18.9871],[72.9564,18.9875],[72.913,18.982],[72.8976,18.9788],[72.9116,18.9645],[72.9139,18.9515],[72.9092,18.9394],[72.869,18.9116],[72.845,18.8667],[72.9108,18.8395],[72.9445,18.8352],[72.9711,18.8129],[72.9884,18.8129],[72.9931,18.8067],[72.9994,18.8076],[72.9908,18.8131],[72.992,18.827],[72.9888,18.8292],[72.9884,18.8469],[72.9971,18.8483],[72.983,18.851],[72.9991,18.8743],[72.995,18.883],[72.9688,18.8736],[72.9675,18.8644],[72.9538,18.8689],[72.957,18.8608],[72.9545,18.8517],[72.9601,18.852],[72.9427,18.8459],[72.9237,18.8554],[72.9228,18.8676],[72.9086,18.8866],[72.9088,18.9001],[72.9194,18.91],[72.9274,18.9113],[72.9369,18.8844],[72.9572,18.8796],[72.9612,18.8938],[72.9767,18.9125],[72.9887,18.9129],[72.9971,18.92],[72.9952,18.928],[73.0004,18.9277],[73.0043,18.9348],[73.0048,18.9509],[73.0108,18.9617],[73.0055,18.9741],[73.0145,18.9708],[73.0191,18.9761],[73.0218,18.9686],[73.0193,18.9763],[73.0227,18.9788],[73.0181,18.9814],[73.0209,18.9869],[73.0312,18.9866],[73.0326,18.9782],[73.0377,18.9824],[73.0376,18.9881],[73.0296,18.9892],[73.034,19.0015],[73.0337,19.0012]],[[72.939,18.9714],[72.9419,18.9687],[72.9341,18.9527],[72.925,18.9628],[72.939,18.9714]],[[72.9683,18.9606],[72.9542,18.9637],[72.9572,18.9719],[72.9675,18.966],[72.9714,18.9627],[72.9683,18.9606]],[[72.9546,18.9512],[72.9657,18.9504],[72.9671,18.9405],[72.9594,18.9244],[72.946,18.938],[72.9483,18.9472],[72.9541,18.9466],[72.9546,18.9512]]]}},{"type":"Feature","properties":{"ac_name":"BYCULLA","ac_no":184,"ac_category":"GEN","st_name":"MAHARASHTRA"},"geometry":{"type":"Polygon","coordinates":[[[72.832,18.9887],[72.829,18.9877],[72.8204,18.9801],[72.8166,18.9693],[72.8242,18.9681],[72.8297,18.9685],[72.8292,18.9626],[72.8489,18.9635],[72.8486,18.974],[72.8534,18.9747],[72.849,18.9758],[72.8555,18.9766],[72.8496,18.9799],[72.832,18.9887]]]}},{"type":"Feature","properties":{"ac_name":"NANDED SOUTH","ac_no":87,"ac_category":"GEN","st_name":"MAHARASHTRA"},"geometry":{"type":"Polygon","coordinates":[[[77.3859,19.185],[77.3876,19.1898],[77.3734,19.1942],[77.3713,19.188],[77.3558,19.1802],[77.3388,19.189],[77.3224,19.1592],[77.3088,19.1438],[77.2998,19.1403],[77.2833,19.1404],[77.2765,19.1359],[77.2687,19.1383],[77.2482,19.1313],[77.2413,19.1363],[77.2246,19.1361],[77.2185,19.1439],[77.1919,19.1474],[77.189,19.1319],[77.1798,19.1312],[77.1756,19.1215],[77.1691,19.1241],[77.1631,19.1186],[77.1636,19.0959],[77.1568,19.0837],[77.1419,19.0722],[77.1424,19.0482],[77.1478,19.0412],[77.1606,19.0385],[77.1672,19.0473],[77.1763,19.0325],[77.1891,19.0394],[77.2029,19.0405],[77.2198,19.0359],[77.2365,19.0378],[77.2468,19.0326],[77.2754,19.0418],[77.2855,19.0511],[77.2868,19.0622],[77.2989,19.0651],[77.3018,19.0709],[77.3151,19.0686],[77.3255,19.0612],[77.3496,19.0747],[77.3533,19.0637],[77.3687,19.063],[77.3675,19.0501],[77.3884,19.0482],[77.3857,19.0616],[77.3889,19.0717],[77.4028,19.0696],[77.4044,19.0748],[77.3852,19.0833],[77.3838,19.0911],[77.392,19.1138],[77.4072,19.1267],[77.4072,19.1457],[77.4184,19.1588],[77.4033,19.1565],[77.4046,19.1663],[77.3807,19.1697],[77.388,19.1755],[77.3736,19.1784],[77.3739,19.1819],[77.3859,19.185]]]}},{"type":"Feature","properties":{"ac_name":"MALABAR HILL","ac_no":185,"ac_category":"GEN","st_name":"MAHARASHTRA"},"geometry":{"type":"Polygon","coordinates":[[[72.8204,18.9801],[72.8058,18.9775],[72.7912,18.9498],[72.7925,18.94],[72.8082,18.9562],[72.818,18.9508],[72.8241,18.9541],[72.8239,18.9621],[72.8136,18.9624],[72.8166,18.9693],[72.8204,18.9801]]]}},{"type":"Feature","properties":{"ac_name":"MUMBADEVI","ac_no":186,"ac_category":"GEN","st_name":"MAHARASHTRA"},"geometry":{"type":"Polygon","coordinates":[[[72.8242,18.9681],[72.8166,18.9693],[72.8136,18.9624],[72.8239,18.9621],[72.8241,18.9541],[72.8264,18.9514],[72.8345,18.9568],[72.8435,18.9533],[72.8422,18.9469],[72.8456,18.9458],[72.8489,18.9635],[72.8292,18.9626],[72.8297,18.9685],[72.8242,18.9681]]]}},{"type":"Feature","properties":{"ac_name":"COLABA","ac_no":187,"ac_category":"GEN","st_name":"MAHARASHTRA"},"geometry":{"type":"Polygon","coordinates":[[[72.8435,18.9533],[72.8345,18.9568],[72.8264,18.9514],[72.8241,18.9541],[72.818,18.9508],[72.8236,18.9413],[72.8202,18.9292],[72.826,18.9268],[72.8258,18.9207],[72.8164,18.91],[72.8109,18.9129],[72.8037,18.9101],[72.8043,18.8998],[72.8093,18.8947],[72.8205,18.9109],[72.8301,18.915],[72.8366,18.93],[72.8408,18.9341],[72.8434,18.9318],[72.8456,18.9458],[72.8422,18.9469],[72.8435,18.9533]]]}},{"type":"Feature","properties":{"ac_name":"PARLI","ac_no":233,"ac_category":"GEN","st_name":"MAHARASHTRA"},"geometry":{"type":"Polygon","coordinates":[[[76.3389,19.0985],[76.3371,19.0893],[76.3498,19.0918],[76.3521,19.0787],[76.3406,19.0667],[76.3314,19.0477],[76.2941,19.0536],[76.2808,19.0378],[76.2948,19.03],[76.3277,19.0293],[76.3312,19.0024],[76.3353,19.0029],[76.3266,18.9886],[76.3321,18.9831],[76.3389,18.9908],[76.3482,18.9928],[76.3506,18.9792],[76.3593,18.9736],[76.3412,18.9564],[76.3546,18.9418],[76.3577,18.9208],[76.3519,18.9136],[76.3136,18.9232],[76.2871,18.9229],[76.2802,18.9144],[76.2807,18.8947],[76.2659,18.8855],[76.2603,18.8871],[76.2513,18.8619],[76.2698,18.8549],[76.2776,18.8424],[76.2899,18.8427],[76.2968,18.8333],[76.3112,18.8414],[76.3369,18.8348],[76.3265,18.816],[76.3275,18.797],[76.3379,18.792],[76.3382,18.7692],[76.3029,18.7681],[76.2957,18.7461],[76.3209,18.7418],[76.3449,18.7291],[76.3445,18.6873],[76.3596,18.6832],[76.3593,18.6524],[76.3537,18.6361],[76.3595,18.626],[76.3593,18.6134],[76.3529,18.6113],[76.3464,18.5986],[76.3533,18.5773],[76.3509,18.5632],[76.3649,18.5532],[76.3679,18.5434],[76.3908,18.5417],[76.395,18.5512],[76.3855,18.574],[76.3904,18.5948],[76.4304,18.6162],[76.451,18.6198],[76.4681,18.633],[76.479,18.6145],[76.4996,18.6058],[76.5249,18.626],[76.5285,18.648],[76.5321,18.6488],[76.5407,18.6495],[76.5487,18.6363],[76.5614,18.6394],[76.5624,18.629],[76.5766,18.622],[76.5873,18.6461],[76.6242,18.6658],[76.6585,18.6362],[76.6694,18.6315],[76.6785,18.6345],[76.681,18.6491],[76.662,18.655],[76.6821,18.6924],[76.6982,18.6919],[76.7124,18.7],[76.7214,18.6968],[76.7275,18.6946],[76.7321,18.7],[76.7327,18.7223],[76.7217,18.7499],[76.7022,18.7572],[76.6927,18.7526],[76.6761,18.759],[76.6707,18.7654],[76.6829,18.7784],[76.6731,18.7889],[76.6751,18.7935],[76.6651,18.8074],[76.6704,18.8142],[76.6642,18.8207],[76.6435,18.82],[76.6405,18.8468],[76.633,18.8453],[76.6255,18.8515],[76.6205,18.8677],[76.5861,18.8676],[76.5795,18.8773],[76.5849,18.9047],[76.5818,18.9435],[76.5635,18.9489],[76.5368,18.9492],[76.5337,18.918],[76.518,18.9181],[76.5108,18.9229],[76.5036,18.9481],[76.4775,18.9542],[76.4736,18.9633],[76.4775,18.9751],[76.4693,18.9763],[76.4689,18.9814],[76.4719,18.9879],[76.4774,18.9887],[76.4802,19.0008],[76.4559,19.0087],[76.4527,19.0237],[76.448,19.0244],[76.4489,19.0337],[76.4387,19.0425],[76.4525,19.0499],[76.4349,19.0699],[76.4385,19.0867],[76.4341,19.0983],[76.4238,19.0978],[76.4188,19.0906],[76.4095,19.0918],[76.3919,19.1126],[76.3904,19.125],[76.3762,19.131],[76.3672,19.1257],[76.357,19.1054],[76.3488,19.0985],[76.3389,19.0985]]]}},{"type":"Feature","properties":{"ac_name":"MAVAL","ac_no":204,"ac_category":"GEN","st_name":"MAHARASHTRA"},"geometry":{"type":"Polygon","coordinates":[[[73.5224,18.9783],[73.5178,18.9801],[73.511,18.9731],[73.5142,18.9719],[73.5113,18.9674],[73.504,18.9666],[73.4882,18.9793],[73.4805,18.9802],[73.4795,18.967],[73.4698,18.969],[73.4607,18.965],[73.4609,18.9487],[73.4572,18.95],[73.4558,18.9452],[73.4585,18.9297],[73.4482,18.9239],[73.442,18.929],[73.4368,18.9153],[73.4311,18.9157],[73.4409,18.8995],[73.4351,18.8994],[73.4384,18.8865],[73.429,18.8668],[73.4248,18.8614],[73.4119,18.8576],[73.4017,18.8428],[73.3891,18.8534],[73.3849,18.8191],[73.379,18.8182],[73.382,18.8073],[73.3787,18.793],[73.3734,18.7881],[73.3685,18.7949],[73.3624,18.7707],[73.35,18.7565],[73.3587,18.7552],[73.3554,18.7215],[73.3442,18.7164],[73.348,18.7112],[73.3324,18.7016],[73.336,18.6953],[73.3407,18.6991],[73.3442,18.6962],[73.3532,18.7089],[73.3621,18.7106],[73.3613,18.7012],[73.3709,18.7032],[73.375,18.7086],[73.3872,18.6908],[73.3863,18.6784],[73.4291,18.674],[73.4281,18.6673],[73.4211,18.6621],[73.4375,18.6184],[73.4465,18.6119],[73.4502,18.6026],[73.491,18.5923],[73.5234,18.638],[73.5376,18.6364],[73.5551,18.6252],[73.6075,18.6173],[73.6247,18.6087],[73.624,18.6028],[73.6604,18.5966],[73.6646,18.6],[73.6646,18.6228],[73.6733,18.6375],[73.7014,18.6432],[73.7173,18.6556],[73.7107,18.6636],[73.7135,18.6864],[73.7248,18.7075],[73.7254,18.7163],[73.735,18.7163],[73.7381,18.7423],[73.7584,18.7377],[73.7702,18.742],[73.7733,18.7634],[73.7677,18.7644],[73.7684,18.7728],[73.7505,18.7749],[73.7423,18.7671],[73.7336,18.7784],[73.7429,18.8089],[73.7229,18.8123],[73.7054,18.829],[73.6739,18.8305],[73.6599,18.8471],[73.6469,18.8531],[73.6382,18.8744],[73.6133,18.8838],[73.595,18.8979],[73.5795,18.9249],[73.537,18.9563],[73.5379,18.9624],[73.5224,18.9783]]]}},{"type":"Feature","properties":{"ac_name":"NAIGAON","ac_no":89,"ac_category":"GEN","st_name":"MAHARASHTRA"},"geometry":{"type":"Polygon","coordinates":[[[77.8067,19.1025],[77.7883,19.1073],[77.7743,19.0992],[77.7669,19.0857],[77.7584,19.0864],[77.7554,19.0786],[77.7478,19.0985],[77.7175,19.1031],[77.7112,19.0973],[77.7018,19.1112],[77.6748,19.1038],[77.664,19.1052],[77.6597,19.1112],[77.6424,19.1077],[77.6262,19.1272],[77.6288,19.1417],[77.619,19.1441],[77.5936,19.1254],[77.5872,19.1105],[77.5697,19.1173],[77.538,19.1108],[77.537,19.1025],[77.5268,19.0941],[77.5258,19.0833],[77.5445,19.0632],[77.5158,19.0484],[77.5051,19.0361],[77.5015,19.029],[77.5071,19.0123],[77.4801,19.0153],[77.4675,19.0308],[77.454,19.0203],[77.4526,18.9912],[77.4302,18.9849],[77.4245,18.9467],[77.4311,18.9259],[77.4236,18.9022],[77.3948,18.9024],[77.3921,18.8861],[77.3977,18.8766],[77.3876,18.8621],[77.3935,18.8546],[77.4056,18.8499],[77.4014,18.8349],[77.4074,18.8212],[77.4081,18.8045],[77.3997,18.8003],[77.4005,18.7937],[77.4071,18.7882],[77.4038,18.7533],[77.4172,18.7556],[77.4207,18.7511],[77.4327,18.7555],[77.4414,18.7438],[77.4508,18.747],[77.4651,18.7436],[77.4742,18.7542],[77.4889,18.7442],[77.4873,18.7239],[77.5014,18.7255],[77.5057,18.7487],[77.5184,18.7533],[77.5296,18.7373],[77.5233,18.732],[77.5225,18.7247],[77.5293,18.717],[77.5468,18.7114],[77.5552,18.7179],[77.5558,18.7277],[77.5677,18.7349],[77.5718,18.7455],[77.5645,18.7506],[77.5684,18.7647],[77.5554,18.7687],[77.5383,18.7642],[77.535,18.769],[77.5342,18.7819],[77.5551,18.8157],[77.5527,18.8217],[77.5575,18.8282],[77.5994,18.8186],[77.5991,18.8345],[77.6255,18.8472],[77.6336,18.8861],[77.6487,18.8851],[77.6559,18.8756],[77.6719,18.8837],[77.6824,18.8826],[77.6967,18.8879],[77.7009,18.8751],[77.7216,18.8666],[77.757,18.8666],[77.7561,18.8409],[77.7722,18.8407],[77.7771,18.8483],[77.8003,18.8367],[77.8329,18.8328],[77.8471,18.8256],[77.8444,18.8073],[77.859,18.8094],[77.8711,18.8194],[77.8827,18.8187],[77.9066,18.8278],[77.9403,18.8252],[77.9478,18.8307],[77.9484,18.8447],[77.9346,18.8465],[77.9368,18.8533],[77.9287,18.8551],[77.9296,18.8603],[77.9029,18.8674],[77.9037,18.8824],[77.8913,18.8826],[77.8851,18.9058],[77.8738,18.909],[77.8729,18.9056],[77.8572,18.9039],[77.8431,18.9099],[77.8582,18.9502],[77.8409,18.9508],[77.832,18.9431],[77.8158,18.9484],[77.8214,18.9797],[77.7906,18.9836],[77.7873,18.9736],[77.7711,18.98],[77.7747,19.0008],[77.77,19.0226],[77.7619,19.0332],[77.7649,19.0629],[77.7754,19.0562],[77.8003,19.0507],[77.7969,19.0728],[77.8019,19.0766],[77.8067,19.1025]]]}},{"type":"Feature","properties":{"ac_name":"LOHA","ac_no":88,"ac_category":"GEN","st_name":"MAHARASHTRA"},"geometry":{"type":"Polygon","coordinates":[[[77.1419,19.0722],[77.1324,19.0711],[77.1225,19.0793],[77.0985,19.0684],[77.0888,19.0695],[77.0851,19.0769],[77.0887,19.09],[77.1049,19.0974],[77.1006,19.1085],[77.084,19.1093],[77.0746,19.0847],[77.0645,19.0744],[77.0606,19.0629],[77.0663,19.047],[77.0643,19.0306],[77.0431,19.0313],[77.0412,19.0048],[77.0562,18.9989],[77.057,18.9889],[77.037,18.9675],[77.0352,18.9529],[77.0233,18.9322],[77.0067,18.9292],[76.9893,18.9355],[76.9801,18.913],[76.9722,18.9144],[76.9735,18.9243],[76.9556,18.9333],[76.9477,18.9276],[76.9469,18.9076],[76.9295,18.9012],[76.9334,18.8937],[76.9544,18.8919],[76.9534,18.8739],[76.9996,18.8825],[77.0152,18.8799],[77.02,18.8437],[77.0084,18.8429],[76.9907,18.829],[76.9989,18.8028],[77.0093,18.7651],[77.053,18.7737],[77.0575,18.7681],[77.0561,18.7542],[77.0998,18.7624],[77.0965,18.7681],[77.103,18.7705],[77.1141,18.7659],[77.1244,18.7742],[77.1333,18.7714],[77.1222,18.7965],[77.1346,18.804],[77.1531,18.8019],[77.1627,18.7854],[77.1898,18.7801],[77.1951,18.7755],[77.2098,18.7773],[77.2298,18.768],[77.2366,18.7556],[77.2483,18.7787],[77.2369,18.8027],[77.2273,18.8116],[77.2393,18.8272],[77.2517,18.834],[77.2542,18.8515],[77.2695,18.8557],[77.276,18.8543],[77.2856,18.8409],[77.2948,18.8362],[77.2925,18.8307],[77.3123,18.8229],[77.3273,18.8093],[77.3503,18.8108],[77.3458,18.7901],[77.3549,18.7899],[77.3601,18.8],[77.3697,18.8005],[77.3841,18.7914],[77.4005,18.7937],[77.3997,18.8003],[77.4081,18.8045],[77.4074,18.8212],[77.4014,18.8349],[77.4056,18.8499],[77.3935,18.8546],[77.3876,18.8621],[77.3977,18.8766],[77.3921,18.8861],[77.3948,18.9024],[77.4236,18.9022],[77.4311,18.9259],[77.4245,18.9467],[77.4302,18.9849],[77.4526,18.9912],[77.454,19.0203],[77.4675,19.0308],[77.4483,19.0467],[77.417,19.0637],[77.4059,19.0806],[77.4044,19.0748],[77.4028,19.0696],[77.3889,19.0717],[77.3857,19.0616],[77.3884,19.0482],[77.3675,19.0501],[77.3687,19.063],[77.3533,19.0637],[77.3496,19.0747],[77.3255,19.0612],[77.3151,19.0686],[77.3018,19.0709],[77.2989,19.0651],[77.2868,19.0622],[77.2855,19.0511],[77.2754,19.0418],[77.2468,19.0326],[77.2365,19.0378],[77.2198,19.0359],[77.2029,19.0405],[77.1891,19.0394],[77.1763,19.0325],[77.1672,19.0473],[77.1606,19.0385],[77.1478,19.0412],[77.1424,19.0482],[77.1419,19.0722]]]}},{"type":"Feature","properties":{"ac_name":"","ac_no":0,"ac_category":"GEN","st_name":"MAHARASHTRA"},"geometry":{"type":"Polygon","coordinates":[[[72.845,18.8667],[72.8375,18.8493],[72.8684,18.7996],[72.8696,18.8047],[72.8741,18.8015],[72.8872,18.8037],[72.8883,18.7908],[72.8922,18.7955],[72.8894,18.7979],[72.9007,18.8043],[72.905,18.7934],[72.9147,18.7916],[72.9333,18.8065],[72.9346,18.8178],[72.9424,18.8196],[72.9386,18.8028],[72.929,18.7932],[72.9318,18.7888],[72.9322,18.7946],[72.9426,18.8022],[72.9889,18.7823],[72.9938,18.7757],[72.9888,18.7905],[72.9711,18.8129],[72.9445,18.8352],[72.9108,18.8395],[72.845,18.8667]]]}},{"type":"Feature","properties":{"ac_name":"PEN","ac_no":191,"ac_category":"GEN","st_name":"MAHARASHTRA"},"geometry":{"type":"Polygon","coordinates":[[[73.1085,18.8428],[73.0948,18.8399],[73.0811,18.8203],[73.0593,18.829],[73.0555,18.8136],[73.0422,18.8077],[73.022,18.8149],[72.9994,18.8076],[72.9994,18.7997],[72.9943,18.7966],[73.003,18.7794],[73.0012,18.774],[72.9938,18.7757],[72.9853,18.7491],[72.9882,18.7378],[73.0043,18.7206],[73.0256,18.7065],[73.0315,18.6841],[73.0479,18.6663],[73.0463,18.6543],[73.058,18.6501],[73.0756,18.6214],[73.0677,18.6061],[73.063,18.5761],[73.0642,18.5638],[73.0714,18.5614],[73.0734,18.555],[73.0703,18.5332],[73.0809,18.5369],[73.0835,18.5168],[73.0907,18.5116],[73.0891,18.4908],[73.0953,18.4843],[73.1061,18.4852],[73.1077,18.4812],[73.1014,18.4774],[73.098,18.4658],[73.0993,18.4626],[73.1095,18.4654],[73.1103,18.452],[73.1203,18.4533],[73.1233,18.4461],[73.1319,18.4427],[73.1386,18.4258],[73.1449,18.4258],[73.1521,18.4359],[73.1647,18.4315],[73.1703,18.4367],[73.181,18.4334],[73.1926,18.4156],[73.1782,18.397],[73.1838,18.3856],[73.1995,18.3861],[73.1992,18.3753],[73.2265,18.3748],[73.2602,18.3662],[73.2809,18.3667],[73.2915,18.3772],[73.2995,18.3768],[73.3046,18.3692],[73.3148,18.3817],[73.3134,18.3918],[73.338,18.4114],[73.3243,18.4261],[73.3142,18.4461],[73.3161,18.4498],[73.3281,18.4443],[73.3406,18.4548],[73.3521,18.4521],[73.3644,18.4704],[73.3607,18.4845],[73.3701,18.4794],[73.3792,18.4817],[73.3747,18.493],[73.3812,18.4914],[73.3972,18.5051],[73.3843,18.504],[73.3559,18.5331],[73.3429,18.5313],[73.3413,18.5393],[73.3473,18.5442],[73.346,18.5483],[73.3582,18.5579],[73.3344,18.5503],[73.3233,18.5582],[73.3236,18.5714],[73.3321,18.5827],[73.329,18.5933],[73.3349,18.5958],[73.3344,18.6088],[73.3422,18.6039],[73.3616,18.6368],[73.3887,18.6545],[73.3863,18.6784],[73.3872,18.6908],[73.375,18.7086],[73.3709,18.7032],[73.3613,18.7012],[73.3621,18.7106],[73.3532,18.7089],[73.3442,18.6962],[73.3407,18.6991],[73.336,18.6953],[73.3324,18.7016],[73.3226,18.7075],[73.3025,18.6895],[73.3004,18.6943],[73.2842,18.7009],[73.2833,18.7183],[73.2594,18.7182],[73.2597,18.7103],[73.2535,18.7474],[73.2485,18.7341],[73.2373,18.7264],[73.211,18.7704],[73.2196,18.8127],[73.1995,18.8137],[73.1865,18.8083],[73.174,18.8258],[73.1564,18.8246],[73.1473,18.8302],[73.131,18.8272],[73.1236,18.8304],[73.121,18.8432],[73.1085,18.8428]]]}},{"type":"Feature","properties":{"ac_name":"ALIBAG","ac_no":192,"ac_category":"GEN","st_name":"MAHARASHTRA"},"geometry":{"type":"Polygon","coordinates":[[[72.9346,18.8178],[72.9333,18.8065],[72.9147,18.7916],[72.905,18.7934],[72.9007,18.8043],[72.8894,18.7979],[72.8922,18.7955],[72.8883,18.7908],[72.8872,18.8037],[72.8741,18.8015],[72.8696,18.8047],[72.8684,18.7996],[72.8639,18.7879],[72.8677,18.7568],[72.8629,18.7428],[72.865,18.7229],[72.8557,18.6993],[72.8659,18.67],[72.8655,18.6519],[72.8713,18.6404],[72.8836,18.638],[72.9237,18.5457],[72.9337,18.5405],[72.9138,18.5307],[72.9058,18.5404],[72.9115,18.5075],[72.9054,18.5023],[72.9017,18.4756],[72.896,18.4725],[72.895,18.4633],[72.9063,18.439],[72.9064,18.4034],[72.9127,18.3941],[72.9221,18.394],[72.9262,18.3868],[72.9264,18.3733],[72.912,18.3683],[72.9144,18.3548],[72.9203,18.3475],[72.9242,18.3535],[72.927,18.3499],[72.9336,18.3514],[72.9352,18.3442],[72.9415,18.3444],[72.9532,18.335],[72.9613,18.3197],[72.9557,18.3159],[72.967,18.3112],[72.9701,18.3],[72.9817,18.2996],[72.9904,18.2869],[72.9931,18.2736],[72.9974,18.2849],[73.0097,18.2869],[73.0215,18.281],[73.0205,18.2706],[73.0287,18.2643],[73.0507,18.2679],[73.0532,18.2722],[73.0399,18.2917],[73.0363,18.2854],[73.0312,18.2939],[73.038,18.3355],[73.0285,18.3682],[73.0402,18.3664],[73.0575,18.3725],[73.0739,18.3891],[73.0831,18.4009],[73.0845,18.4071],[73.0804,18.4107],[73.0885,18.4173],[73.0856,18.421],[73.0907,18.4315],[73.1103,18.452],[73.1095,18.4654],[73.0993,18.4626],[73.098,18.4658],[73.1014,18.4774],[73.1077,18.4812],[73.1061,18.4852],[73.0953,18.4843],[73.0891,18.4908],[73.0907,18.5116],[73.0835,18.5168],[73.0809,18.5369],[73.0703,18.5332],[73.0734,18.555],[73.0714,18.5614],[73.0642,18.5638],[73.063,18.5761],[73.0677,18.6061],[73.0756,18.6214],[73.058,18.6501],[73.0463,18.6543],[73.0479,18.6663],[73.0315,18.6841],[73.0256,18.7065],[73.0043,18.7206],[72.9882,18.7378],[72.9853,18.7491],[72.9938,18.7757],[72.9889,18.7823],[72.9426,18.8022],[72.9322,18.7946],[72.9318,18.7888],[72.929,18.7932],[72.9386,18.8028],[72.9424,18.8196],[72.9346,18.8178]]]}},{"type":"Feature","properties":{"ac_name":"","ac_no":0,"ac_category":"GEN","st_name":"MAHARASHTRA"},"geometry":{"type":"Polygon","coordinates":[[[72.9994,18.8076],[72.9931,18.8067],[72.9884,18.8129],[72.9711,18.8129],[72.9888,18.7905],[72.9938,18.7757],[73.0012,18.774],[73.003,18.7794],[72.9943,18.7966],[72.9994,18.7997],[72.9994,18.8076]]]}},{"type":"Feature","properties":{"ac_name":"SHIRUR","ac_no":198,"ac_category":"GEN","st_name":"MAHARASHTRA"},"geometry":{"type":"Polygon","coordinates":[[[74.389,18.8327],[74.3795,18.8312],[74.3481,18.8451],[74.3412,18.8384],[74.341,18.8222],[74.3508,18.8169],[74.3457,18.8114],[74.3448,18.7914],[74.3497,18.7815],[74.3281,18.779],[74.3205,18.7302],[74.314,18.7155],[74.3167,18.7125],[74.3118,18.7069],[74.2849,18.7096],[74.2724,18.7371],[74.2616,18.7359],[74.2535,18.7183],[74.2426,18.7186],[74.2299,18.7301],[74.2228,18.7287],[74.2033,18.7046],[74.1764,18.7139],[74.1779,18.7191],[74.1558,18.7302],[74.148,18.7124],[74.1383,18.7142],[74.1327,18.7028],[74.1231,18.7161],[74.1135,18.7204],[74.097,18.6941],[74.0661,18.717],[74.0331,18.728],[74.0185,18.6925],[74.0019,18.6939],[74.0048,18.6761],[74.0017,18.6726],[73.9928,18.6798],[73.9865,18.678],[73.9916,18.6643],[73.9817,18.6556],[73.9873,18.6408],[73.9838,18.6282],[73.9702,18.619],[73.9655,18.6224],[73.9649,18.6103],[73.9609,18.6102],[73.9573,18.5976],[73.9564,18.5735],[73.9514,18.5685],[73.9625,18.5482],[73.9697,18.5434],[73.9736,18.5462],[73.9931,18.5436],[73.9929,18.5328],[74.0017,18.5308],[73.9917,18.5084],[73.9969,18.5052],[73.9889,18.4914],[74.0045,18.4886],[73.9962,18.4547],[73.9997,18.4368],[74.0127,18.4259],[74.0205,18.4263],[74.0428,18.4136],[74.0645,18.409],[74.0858,18.4173],[74.1169,18.4125],[74.1428,18.4181],[74.1408,18.4682],[74.1502,18.4694],[74.1517,18.4879],[74.1774,18.4894],[74.1835,18.5344],[74.1702,18.5467],[74.1679,18.5809],[74.1899,18.5956],[74.1947,18.6175],[74.2032,18.6162],[74.2162,18.6315],[74.2247,18.6334],[74.2209,18.6494],[74.2388,18.6532],[74.2445,18.6633],[74.2568,18.6686],[74.2672,18.6676],[74.2789,18.6733],[74.2807,18.6519],[74.2669,18.6363],[74.2682,18.6294],[74.2807,18.6255],[74.2947,18.6369],[74.3088,18.6298],[74.3207,18.582],[74.3323,18.5729],[74.3413,18.5716],[74.3473,18.5622],[74.3533,18.5601],[74.3972,18.5755],[74.4322,18.5606],[74.4387,18.5373],[74.4661,18.5235],[74.4744,18.5267],[74.4752,18.5442],[74.4913,18.5403],[74.4999,18.5339],[74.5041,18.4955],[74.5124,18.4908],[74.5372,18.5093],[74.5471,18.509],[74.5662,18.525],[74.5701,18.5453],[74.5782,18.5469],[74.5416,18.5804],[74.5434,18.5988],[74.5513,18.6097],[74.537,18.6179],[74.5097,18.6128],[74.5053,18.6233],[74.4767,18.6349],[74.4714,18.6466],[74.4763,18.6495],[74.4865,18.6469],[74.4896,18.6546],[74.5086,18.6648],[74.5083,18.6729],[74.4978,18.6794],[74.488,18.6758],[74.4756,18.6867],[74.4738,18.6923],[74.4813,18.7047],[74.4791,18.7165],[74.473,18.7228],[74.4656,18.7254],[74.4438,18.7218],[74.441,18.7373],[74.4264,18.7495],[74.4099,18.7414],[74.3993,18.7424],[74.3934,18.7669],[74.4008,18.7765],[74.3889,18.7835],[74.384,18.8038],[74.3986,18.8229],[74.3896,18.8325],[74.389,18.8327]]]}},{"type":"Feature","properties":{"ac_name":"KAIJ","ac_no":232,"ac_category":"SC","st_name":"MAHARASHTRA"},"geometry":{"type":"Polygon","coordinates":[[[75.9514,18.8885],[75.8992,18.9054],[75.8904,18.8838],[75.841,18.8853],[75.7865,18.8599],[75.785,18.8653],[75.7836,18.8613],[75.7679,18.8578],[75.7458,18.8577],[75.7379,18.8636],[75.725,18.8573],[75.6884,18.8596],[75.6791,18.8474],[75.6232,18.8345],[75.6294,18.8258],[75.6059,18.7803],[75.6149,18.7496],[75.6073,18.7353],[75.6177,18.7195],[75.6064,18.6845],[75.6175,18.6637],[75.633,18.6537],[75.638,18.6551],[75.6407,18.6497],[75.6586,18.6454],[75.6671,18.651],[75.6643,18.6742],[75.6687,18.6921],[75.702,18.6881],[75.7273,18.6749],[75.7458,18.6826],[75.7573,18.6809],[75.7671,18.6709],[75.7719,18.6689],[75.7733,18.6741],[75.7794,18.6711],[75.7784,18.6664],[75.789,18.656],[75.7935,18.6561],[75.8008,18.6744],[75.8092,18.6693],[75.8215,18.6693],[75.8241,18.6628],[75.8299,18.6641],[75.849,18.6548],[75.8576,18.6597],[75.8556,18.6488],[75.8723,18.6539],[75.8727,18.6477],[75.9065,18.65],[75.9236,18.6437],[75.9396,18.6414],[75.9444,18.6358],[75.9425,18.6123],[75.9485,18.6048],[75.9566,18.6045],[75.985,18.6189],[75.9947,18.6161],[75.9972,18.6087],[75.9824,18.5925],[75.9932,18.5833],[76.0084,18.5856],[76.0053,18.6022],[76.0127,18.6077],[76.0327,18.6003],[76.0353,18.5921],[76.0441,18.5905],[76.0474,18.5767],[76.055,18.5726],[76.0763,18.5744],[76.1021,18.5884],[76.1213,18.5839],[76.1346,18.5875],[76.1557,18.5801],[76.1574,18.559],[76.1622,18.5559],[76.1698,18.561],[76.1662,18.5729],[76.1684,18.5849],[76.1733,18.585],[76.2008,18.5821],[76.2,18.5765],[76.2201,18.5735],[76.2331,18.5757],[76.2425,18.5717],[76.254,18.5755],[76.2548,18.5639],[76.2759,18.5584],[76.2791,18.5743],[76.2908,18.5759],[76.3026,18.5674],[76.3125,18.5659],[76.3222,18.5706],[76.3374,18.5609],[76.347,18.5656],[76.3509,18.5632],[76.3533,18.5773],[76.3464,18.5986],[76.3529,18.6113],[76.3593,18.6134],[76.3595,18.626],[76.3537,18.6361],[76.3593,18.6524],[76.3596,18.6832],[76.3445,18.6873],[76.3449,18.7291],[76.3209,18.7418],[76.2957,18.7461],[76.3029,18.7681],[76.3382,18.7692],[76.3379,18.792],[76.3275,18.797],[76.3265,18.816],[76.3369,18.8348],[76.3112,18.8414],[76.2968,18.8333],[76.2934,18.8102],[76.2686,18.819],[76.2475,18.8146],[76.2362,18.8053],[76.2246,18.7833],[76.2024,18.791],[76.1832,18.783],[76.1811,18.759],[76.1851,18.7557],[76.1835,18.7495],[76.1968,18.7436],[76.1945,18.7254],[76.1683,18.7192],[76.1646,18.725],[76.1691,18.7256],[76.1708,18.7389],[76.1374,18.7374],[76.1507,18.7657],[76.1247,18.786],[76.0995,18.7933],[76.1053,18.8381],[76.0945,18.8377],[76.0962,18.8507],[76.0807,18.8546],[76.1092,18.8741],[76.0814,18.8888],[76.0636,18.8697],[76.0569,18.8678],[76.0145,18.8774],[76.0164,18.8942],[76.0094,18.8986],[75.9807,18.8982],[75.9514,18.8885]]]}},{"type":"Feature","properties":{"ac_name":"KARJAT JAMKHED","ac_no":227,"ac_category":"GEN","st_name":"MAHARASHTRA"},"geometry":{"type":"Polygon","coordinates":[[[74.9734,18.8287],[74.9573,18.8198],[74.9375,18.8277],[74.9402,18.7967],[74.9317,18.7795],[74.9117,18.7881],[74.9066,18.7816],[74.8909,18.7801],[74.8894,18.7561],[74.8654,18.757],[74.8513,18.7417],[74.8479,18.729],[74.8519,18.7313],[74.8602,18.7162],[74.8716,18.7094],[74.8621,18.7004],[74.8537,18.7032],[74.8517,18.6913],[74.8341,18.6902],[74.8333,18.6566],[74.8398,18.6536],[74.8315,18.6025],[74.8229,18.6013],[74.8182,18.5937],[74.8403,18.5872],[74.8353,18.582],[74.8436,18.5671],[74.8365,18.5518],[74.8379,18.5401],[74.8151,18.5329],[74.7982,18.5352],[74.7913,18.5095],[74.7748,18.5112],[74.7667,18.4992],[74.7507,18.4998],[74.7297,18.5074],[74.7196,18.4923],[74.7279,18.4828],[74.7161,18.4276],[74.7277,18.4119],[74.7287,18.4034],[74.7388,18.3977],[74.7545,18.3966],[74.7784,18.4095],[74.794,18.401],[74.8094,18.3822],[74.7939,18.3537],[74.8078,18.3433],[74.8314,18.3433],[74.8342,18.3347],[74.8504,18.3295],[74.8645,18.3356],[74.8663,18.3515],[74.8703,18.3536],[74.9082,18.3573],[74.9144,18.3785],[74.9463,18.3878],[74.9585,18.3891],[74.9652,18.3851],[74.9794,18.4004],[75.0056,18.4036],[75.0163,18.437],[75.0499,18.4299],[75.059,18.4189],[75.0798,18.4237],[75.0805,18.4277],[75.0908,18.4312],[75.0916,18.453],[75.106,18.4901],[75.1216,18.4917],[75.1344,18.5264],[75.1588,18.5197],[75.182,18.5302],[75.201,18.5313],[75.2132,18.5539],[75.2284,18.5413],[75.2412,18.5397],[75.2432,18.5273],[75.2589,18.5087],[75.2668,18.5086],[75.2699,18.5138],[75.287,18.5204],[75.3133,18.5204],[75.3294,18.5236],[75.3307,18.5397],[75.3441,18.561],[75.3956,18.5435],[75.4146,18.5313],[75.4339,18.5512],[75.4431,18.5803],[75.4526,18.5965],[75.4585,18.595],[75.4615,18.6055],[75.4856,18.619],[75.488,18.626],[75.5001,18.6211],[75.5186,18.6328],[75.5199,18.6385],[75.5404,18.639],[75.5477,18.6531],[75.5401,18.6573],[75.5431,18.6804],[75.5817,18.6842],[75.5836,18.6982],[75.5778,18.697],[75.5727,18.7037],[75.5635,18.7022],[75.5539,18.7084],[75.5561,18.7363],[75.526,18.7527],[75.5258,18.7333],[75.5086,18.7237],[75.4915,18.7291],[75.4909,18.7369],[75.469,18.7468],[75.4676,18.7522],[75.45,18.7511],[75.4461,18.7644],[75.4434,18.7629],[75.4387,18.7975],[75.4202,18.8137],[75.4206,18.8182],[75.3992,18.832],[75.392,18.8199],[75.3894,18.7893],[75.3817,18.7691],[75.374,18.7666],[75.3725,18.7758],[75.3692,18.7741],[75.36,18.789],[75.3447,18.7833],[75.3283,18.8053],[75.2933,18.765],[75.2768,18.7296],[75.2539,18.7204],[75.2178,18.731],[75.2082,18.7384],[75.1719,18.7366],[75.1747,18.7076],[75.1654,18.6951],[75.1626,18.6601],[75.1562,18.6412],[75.1421,18.6525],[75.1397,18.6649],[75.1168,18.6797],[75.1199,18.6843],[75.1102,18.6893],[75.1041,18.7019],[75.0765,18.7147],[75.0675,18.7317],[75.0575,18.7349],[75.0523,18.7482],[75.044,18.751],[75.04,18.7624],[75.0314,18.7695],[75.017,18.7717],[75.006,18.7819],[75.0039,18.7887],[75.0092,18.8033],[75.0029,18.8037],[74.9992,18.7975],[74.9988,18.8051],[74.9924,18.7959],[74.977,18.8062],[74.9707,18.8144],[74.9734,18.8287]]]}},{"type":"Feature","properties":{"ac_name":"PIMPRI","ac_no":206,"ac_category":"SC","st_name":"MAHARASHTRA"},"geometry":{"type":"Polygon","coordinates":[[[73.7875,18.7247],[73.7742,18.737],[73.7671,18.7329],[73.7664,18.7205],[73.7515,18.7193],[73.7428,18.7025],[73.7248,18.7075],[73.7135,18.6864],[73.7107,18.6636],[73.7173,18.6556],[73.734,18.6456],[73.7416,18.6477],[73.7555,18.6405],[73.7542,18.6314],[73.783,18.6413],[73.8008,18.6348],[73.799,18.6422],[73.8097,18.646],[73.8129,18.6673],[73.8413,18.6696],[73.8438,18.6872],[73.817,18.6876],[73.8133,18.7044],[73.8018,18.7029],[73.7875,18.7247]]]}},{"type":"Feature","properties":{"ac_name":"DEGLUR","ac_no":90,"ac_category":"SC","st_name":"MAHARASHTRA"},"geometry":{"type":"Polygon","coordinates":[[[77.8444,18.8073],[77.8471,18.8256],[77.8329,18.8328],[77.8003,18.8367],[77.7771,18.8483],[77.7722,18.8407],[77.7561,18.8409],[77.757,18.8666],[77.7216,18.8666],[77.7009,18.8751],[77.6967,18.8879],[77.6824,18.8826],[77.6719,18.8837],[77.6559,18.8756],[77.6487,18.8851],[77.6336,18.8861],[77.6255,18.8472],[77.5991,18.8345],[77.5994,18.8186],[77.5575,18.8282],[77.5527,18.8217],[77.5551,18.8157],[77.5342,18.7819],[77.535,18.769],[77.5383,18.7642],[77.5554,18.7687],[77.5684,18.7647],[77.5645,18.7506],[77.5718,18.7455],[77.5677,18.7349],[77.5558,18.7277],[77.5552,18.7179],[77.5468,18.7114],[77.5501,18.6945],[77.5689,18.6724],[77.5472,18.6675],[77.5404,18.6559],[77.5499,18.6451],[77.5522,18.628],[77.5478,18.6187],[77.5428,18.6203],[77.5401,18.6146],[77.5161,18.6187],[77.5052,18.6157],[77.501,18.6089],[77.4938,18.5816],[77.5024,18.5824],[77.5119,18.5632],[77.5015,18.5638],[77.4951,18.5546],[77.4956,18.5398],[77.4852,18.543],[77.4774,18.5383],[77.4773,18.5331],[77.4599,18.5358],[77.4555,18.4973],[77.4607,18.4823],[77.4505,18.4768],[77.4538,18.4625],[77.4574,18.4617],[77.4532,18.4523],[77.4607,18.4435],[77.4605,18.4392],[77.4567,18.4394],[77.457,18.4285],[77.4491,18.4187],[77.4496,18.4104],[77.4301,18.4094],[77.4209,18.3944],[77.4132,18.3914],[77.4091,18.3757],[77.3948,18.369],[77.4011,18.3474],[77.386,18.3394],[77.3831,18.3421],[77.3812,18.3303],[77.3754,18.3321],[77.3695,18.3238],[77.3568,18.3206],[77.3657,18.3088],[77.3856,18.3086],[77.4099,18.3018],[77.427,18.3085],[77.4286,18.3129],[77.437,18.311],[77.4388,18.2858],[77.4464,18.2828],[77.4483,18.2699],[77.4651,18.2633],[77.476,18.2659],[77.4806,18.2723],[77.4926,18.2681],[77.4989,18.277],[77.512,18.282],[77.5088,18.3049],[77.5139,18.3102],[77.524,18.3084],[77.5341,18.2979],[77.5516,18.2921],[77.5534,18.2982],[77.5715,18.3089],[77.5706,18.3182],[77.5582,18.3315],[77.5259,18.3422],[77.5205,18.3573],[77.5257,18.3728],[77.5389,18.3859],[77.5519,18.3889],[77.557,18.4192],[77.5285,18.4289],[77.5279,18.4421],[77.5415,18.4446],[77.5645,18.4372],[77.5694,18.4428],[77.5856,18.4467],[77.5839,18.4561],[77.5511,18.4603],[77.5489,18.4685],[77.5732,18.4697],[77.5767,18.4866],[77.5926,18.4845],[77.5946,18.4767],[77.6035,18.4767],[77.6051,18.4962],[77.5948,18.496],[77.586,18.5042],[77.5879,18.5131],[77.5972,18.5161],[77.6004,18.5225],[77.5967,18.5304],[77.5908,18.5269],[77.5965,18.5492],[77.6102,18.5501],[77.6126,18.5447],[77.6153,18.5511],[77.6294,18.5539],[77.6277,18.5483],[77.6341,18.5441],[77.6397,18.5552],[77.648,18.5551],[77.6522,18.552],[77.646,18.539],[77.656,18.5311],[77.6808,18.5455],[77.6884,18.5452],[77.7017,18.5554],[77.7234,18.5535],[77.7386,18.557],[77.7398,18.5688],[77.7505,18.5894],[77.7458,18.6215],[77.7311,18.6443],[77.7303,18.6563],[77.7358,18.6612],[77.7302,18.6674],[77.7494,18.6829],[77.7508,18.6958],[77.7597,18.7069],[77.7734,18.7016],[77.7721,18.6892],[77.7874,18.6828],[77.7899,18.6954],[77.7951,18.6972],[77.8043,18.7134],[77.8044,18.7274],[77.8276,18.7709],[77.8387,18.8044],[77.8444,18.8073]]]}},{"type":"Feature","properties":{"ac_name":"MUKHED","ac_no":91,"ac_category":"GEN","st_name":"MAHARASHTRA"},"geometry":{"type":"Polygon","coordinates":[[[77.4005,18.7937],[77.3841,18.7914],[77.3697,18.8005],[77.3601,18.8],[77.3549,18.7899],[77.3458,18.7901],[77.3503,18.8108],[77.3273,18.8093],[77.3123,18.8229],[77.2925,18.8307],[77.2948,18.8362],[77.2856,18.8409],[77.276,18.8543],[77.2695,18.8557],[77.2542,18.8515],[77.2517,18.834],[77.2393,18.8272],[77.2273,18.8116],[77.2369,18.8027],[77.2483,18.7787],[77.2366,18.7556],[77.2298,18.768],[77.2098,18.7773],[77.1951,18.7755],[77.1898,18.7801],[77.1627,18.7854],[77.1531,18.8019],[77.1346,18.804],[77.1222,18.7965],[77.1333,18.7714],[77.1244,18.7742],[77.1141,18.7659],[77.103,18.7705],[77.0965,18.7681],[77.0998,18.7624],[77.0561,18.7542],[77.0563,18.7162],[77.0521,18.716],[77.0433,18.6936],[77.0466,18.6826],[77.0542,18.682],[77.0665,18.6811],[77.0678,18.6865],[77.1367,18.698],[77.1352,18.7113],[77.1434,18.713],[77.1514,18.7002],[77.17,18.7047],[77.1864,18.6986],[77.1922,18.6885],[77.1778,18.6796],[77.1579,18.6806],[77.1533,18.6482],[77.1988,18.6479],[77.199,18.6435],[77.2113,18.6342],[77.2116,18.6244],[77.2679,18.6122],[77.269,18.586],[77.2641,18.5814],[77.2634,18.5661],[77.2962,18.5484],[77.2864,18.5403],[77.2813,18.5216],[77.2669,18.5224],[77.2433,18.4948],[77.2499,18.4868],[77.2754,18.4776],[77.2673,18.4546],[77.2545,18.4536],[77.2644,18.4432],[77.2681,18.4296],[77.2653,18.4224],[77.3159,18.4425],[77.3188,18.4588],[77.3258,18.4592],[77.3267,18.4522],[77.3352,18.4507],[77.3352,18.4427],[77.3446,18.4339],[77.3532,18.4489],[77.3661,18.4503],[77.3612,18.4368],[77.3728,18.4004],[77.4005,18.4027],[77.4132,18.3914],[77.4209,18.3944],[77.4301,18.4094],[77.4496,18.4104],[77.4491,18.4187],[77.457,18.4285],[77.4567,18.4394],[77.4605,18.4392],[77.4607,18.4435],[77.4532,18.4523],[77.4574,18.4617],[77.4538,18.4625],[77.4505,18.4768],[77.4607,18.4823],[77.4555,18.4973],[77.4599,18.5358],[77.4773,18.5331],[77.4774,18.5383],[77.4852,18.543],[77.4956,18.5398],[77.4951,18.5546],[77.5015,18.5638],[77.5119,18.5632],[77.5024,18.5824],[77.4938,18.5816],[77.501,18.6089],[77.5052,18.6157],[77.5161,18.6187],[77.5401,18.6146],[77.5428,18.6203],[77.5478,18.6187],[77.5522,18.628],[77.5499,18.6451],[77.5404,18.6559],[77.5472,18.6675],[77.5689,18.6724],[77.5501,18.6945],[77.5468,18.7114],[77.5293,18.717],[77.5225,18.7247],[77.5233,18.732],[77.5296,18.7373],[77.5184,18.7533],[77.5057,18.7487],[77.5014,18.7255],[77.4873,18.7239],[77.4889,18.7442],[77.4742,18.7542],[77.4651,18.7436],[77.4508,18.747],[77.4414,18.7438],[77.4327,18.7555],[77.4207,18.7511],[77.4172,18.7556],[77.4038,18.7533],[77.4071,18.7882],[77.4005,18.7937]]]}},{"type":"Feature","properties":{"ac_name":"BHOR","ac_no":203,"ac_category":"GEN","st_name":"MAHARASHTRA"},"geometry":{"type":"Polygon","coordinates":[[[73.3863,18.6784],[73.3887,18.6545],[73.3616,18.6368],[73.3422,18.6039],[73.3344,18.6088],[73.3349,18.5958],[73.329,18.5933],[73.3321,18.5827],[73.3236,18.5714],[73.3233,18.5582],[73.3344,18.5503],[73.3582,18.5579],[73.346,18.5483],[73.3473,18.5442],[73.3413,18.5393],[73.3429,18.5313],[73.3559,18.5331],[73.3843,18.504],[73.3972,18.5051],[73.3812,18.4914],[73.3747,18.493],[73.3792,18.4817],[73.3701,18.4794],[73.3607,18.4845],[73.3644,18.4704],[73.3731,18.4647],[73.3768,18.4794],[73.3836,18.4748],[73.3832,18.4842],[73.39,18.4837],[73.3888,18.4919],[73.3964,18.4907],[73.4023,18.5004],[73.4081,18.5002],[73.4007,18.4762],[73.4046,18.4653],[73.4006,18.4628],[73.4024,18.4445],[73.3978,18.4454],[73.3943,18.4406],[73.4002,18.4202],[73.3995,18.4009],[73.4106,18.3984],[73.4134,18.4053],[73.418,18.4051],[73.4274,18.3896],[73.4256,18.3749],[73.4438,18.3596],[73.4222,18.3297],[73.4199,18.3202],[73.4248,18.3173],[73.419,18.3061],[73.4281,18.3003],[73.4342,18.3076],[73.446,18.3083],[73.4557,18.2972],[73.4761,18.3004],[73.4739,18.2894],[73.4801,18.2911],[73.4745,18.2873],[73.4809,18.2782],[73.4765,18.2752],[73.4787,18.2692],[73.5004,18.2821],[73.5041,18.2722],[73.5142,18.2723],[73.5038,18.2596],[73.5053,18.2554],[73.5147,18.2536],[73.5165,18.2463],[73.5268,18.2498],[73.5371,18.2436],[73.5302,18.2319],[73.5241,18.2319],[73.5364,18.2271],[73.5355,18.2217],[73.5209,18.2111],[73.5326,18.2119],[73.5352,18.2049],[73.5209,18.1873],[73.5376,18.1894],[73.5411,18.2079],[73.5569,18.1966],[73.5589,18.214],[73.5673,18.1881],[73.5821,18.1789],[73.5948,18.1782],[73.5979,18.1906],[73.6322,18.1749],[73.6334,18.1777],[73.6529,18.1737],[73.665,18.1629],[73.6643,18.1552],[73.65,18.1573],[73.6423,18.1411],[73.6342,18.1469],[73.6199,18.1278],[73.6278,18.1235],[73.6147,18.1256],[73.6035,18.1183],[73.6105,18.1352],[73.6073,18.1408],[73.609,18.1327],[73.5942,18.1089],[73.6096,18.0978],[73.6007,18.085],[73.6025,18.0816],[73.6204,18.0768],[73.6124,18.0593],[73.6273,18.0464],[73.6385,18.0468],[73.6464,18.0423],[73.6584,18.0296],[73.6666,18.0253],[73.7046,18.0465],[73.7222,18.044],[73.7271,18.0366],[73.7555,18.0383],[73.756,18.0302],[73.7663,18.0231],[73.7757,18.0279],[73.7924,18.0205],[73.794,18.0264],[73.7995,18.0248],[73.813,18.0382],[73.8272,18.0299],[73.8408,18.0319],[73.8456,18.0405],[73.8577,18.0316],[73.8643,18.0468],[73.87,18.0475],[73.8683,18.0726],[73.8799,18.0862],[73.8609,18.1197],[73.8883,18.1159],[73.8939,18.1253],[73.9014,18.1283],[73.902,18.1361],[73.873,18.1684],[73.8574,18.1626],[73.8482,18.1684],[73.8488,18.1723],[73.8565,18.1718],[73.8543,18.1676],[73.8591,18.1685],[73.8588,18.1646],[73.8706,18.1737],[73.8847,18.1729],[73.8942,18.1823],[73.9054,18.1589],[73.9226,18.172],[73.9372,18.1727],[73.9432,18.1807],[73.9705,18.1585],[73.9871,18.1523],[74.006,18.1591],[74.0101,18.1458],[74.0278,18.1328],[74.0479,18.1393],[74.0507,18.1402],[74.045,18.1528],[74.0502,18.1689],[74.0272,18.1969],[73.9872,18.2253],[73.9544,18.2589],[73.9246,18.2575],[73.9095,18.2663],[73.9302,18.2948],[73.9354,18.3084],[73.9327,18.3111],[73.9054,18.2918],[73.8985,18.292],[73.8903,18.2995],[73.8876,18.3119],[73.9017,18.3291],[73.8857,18.3337],[73.8685,18.3072],[73.8565,18.3055],[73.8533,18.3154],[73.8316,18.341],[73.8264,18.3569],[73.822,18.3583],[73.8181,18.3509],[73.8121,18.3506],[73.8097,18.3351],[73.7975,18.3259],[73.7356,18.3294],[73.7129,18.33],[73.7085,18.3689],[73.7035,18.3702],[73.7014,18.3639],[73.6926,18.3652],[73.6961,18.3868],[73.6925,18.3893],[73.6815,18.3928],[73.6816,18.3842],[73.6695,18.365],[73.6548,18.3844],[73.6411,18.3871],[73.6412,18.4074],[73.6688,18.3997],[73.6662,18.4086],[73.6862,18.4289],[73.6618,18.4169],[73.6453,18.4279],[73.6334,18.443],[73.661,18.4557],[73.6823,18.4549],[73.6985,18.4694],[73.7283,18.4716],[73.7476,18.4853],[73.7527,18.4811],[73.7701,18.4842],[73.7626,18.4932],[73.7756,18.5016],[73.7805,18.493],[73.7882,18.5157],[73.7838,18.5281],[73.7477,18.53],[73.749,18.5467],[73.7645,18.5708],[73.7632,18.5913],[73.7709,18.59],[73.7732,18.6078],[73.7857,18.6183],[73.7777,18.6279],[73.7694,18.6261],[73.7542,18.6314],[73.7555,18.6405],[73.7416,18.6477],[73.734,18.6456],[73.7173,18.6556],[73.7014,18.6432],[73.6733,18.6375],[73.6646,18.6228],[73.6646,18.6],[73.6604,18.5966],[73.624,18.6028],[73.6247,18.6087],[73.6075,18.6173],[73.5551,18.6252],[73.5376,18.6364],[73.5234,18.638],[73.491,18.5923],[73.4502,18.6026],[73.4465,18.6119],[73.4375,18.6184],[73.4211,18.6621],[73.4281,18.6673],[73.4291,18.674],[73.3863,18.6784]]]}},{"type":"Feature","properties":{"ac_name":"AHMADPUR","ac_no":236,"ac_category":"GEN","st_name":"MAHARASHTRA"},"geometry":{"type":"Polygon","coordinates":[[[76.9989,18.8028],[76.9907,18.829],[76.9686,18.8283],[76.9555,18.834],[76.9378,18.8317],[76.9085,18.8376],[76.8817,18.8353],[76.8536,18.8189],[76.8507,18.8082],[76.8396,18.8132],[76.8279,18.8126],[76.8096,18.8006],[76.7915,18.8003],[76.7785,18.7934],[76.7785,18.7756],[76.7517,18.7726],[76.7423,18.7757],[76.7376,18.7586],[76.7333,18.7586],[76.7305,18.7503],[76.7217,18.7499],[76.7327,18.7223],[76.7321,18.7],[76.7497,18.6993],[76.7422,18.6845],[76.7419,18.673],[76.7555,18.6735],[76.7577,18.6426],[76.7526,18.6396],[76.7552,18.6325],[76.7494,18.6194],[76.7415,18.6209],[76.7345,18.5923],[76.7446,18.5895],[76.7425,18.569],[76.7158,18.564],[76.7023,18.547],[76.6943,18.5009],[76.7084,18.4869],[76.7078,18.4747],[76.7213,18.4554],[76.7068,18.4213],[76.7,18.3897],[76.7285,18.3776],[76.7384,18.377],[76.7522,18.398],[76.7767,18.3963],[76.7796,18.3918],[76.8232,18.3947],[76.8493,18.426],[76.8576,18.4265],[76.8859,18.4023],[76.9038,18.4058],[76.9307,18.4193],[76.9306,18.416],[76.9393,18.4212],[76.9545,18.4176],[76.9594,18.434],[76.9681,18.4446],[76.9685,18.4591],[76.9841,18.4562],[76.9925,18.4591],[77.0076,18.4466],[77.011,18.4525],[77.0091,18.4691],[77.0163,18.4707],[77.0192,18.5014],[77.0256,18.5148],[77.0127,18.5231],[77.0125,18.5268],[77.0168,18.5263],[77.0121,18.5415],[76.997,18.5408],[76.9877,18.5452],[76.9812,18.5423],[76.9779,18.5564],[76.9973,18.5603],[77.0016,18.5915],[77.0202,18.5726],[77.0297,18.5938],[77.0444,18.5919],[77.0533,18.586],[77.0566,18.5592],[77.0674,18.5559],[77.0768,18.5604],[77.0838,18.5551],[77.0848,18.5823],[77.0956,18.58],[77.0932,18.6032],[77.0682,18.6079],[77.046,18.6235],[77.0452,18.6323],[77.0581,18.6478],[77.0537,18.6585],[77.0542,18.682],[77.0466,18.6826],[77.0433,18.6936],[77.0521,18.716],[77.0563,18.7162],[77.0561,18.7542],[77.0575,18.7681],[77.053,18.7737],[77.0093,18.7651],[76.9989,18.8028]]]}},{"type":"Feature","properties":{"ac_name":"BHOSARI","ac_no":207,"ac_category":"GEN","st_name":"MAHARASHTRA"},"geometry":{"type":"Polygon","coordinates":[[[73.8567,18.6835],[73.8438,18.6872],[73.8413,18.6696],[73.8129,18.6673],[73.8097,18.646],[73.799,18.6422],[73.8008,18.6348],[73.783,18.6413],[73.7542,18.6314],[73.7694,18.6261],[73.7777,18.6279],[73.7857,18.6183],[73.7974,18.627],[73.8056,18.6102],[73.8098,18.6248],[73.8146,18.625],[73.8198,18.6175],[73.8635,18.6164],[73.876,18.6388],[73.8909,18.6322],[73.8908,18.6396],[73.9062,18.6389],[73.9109,18.6207],[73.9296,18.6249],[73.9322,18.6347],[73.9275,18.6524],[73.9114,18.6572],[73.8994,18.6737],[73.8706,18.6876],[73.8604,18.6798],[73.8567,18.6835]]]}},{"type":"Feature","properties":{"ac_name":"VADGAON SHERI","ac_no":208,"ac_category":"GEN","st_name":"MAHARASHTRA"},"geometry":{"type":"Polygon","coordinates":[[[73.9659,18.6249],[73.9695,18.6373],[73.9487,18.6427],[73.9426,18.6604],[73.9275,18.6524],[73.9322,18.6347],[73.9296,18.6249],[73.9109,18.6207],[73.9053,18.6187],[73.8968,18.6229],[73.8821,18.5948],[73.883,18.5835],[73.8778,18.5723],[73.8726,18.5788],[73.8732,18.5536],[73.8814,18.5499],[73.8775,18.5474],[73.8794,18.5437],[73.8941,18.5442],[73.9437,18.5378],[73.9505,18.5475],[73.9625,18.5482],[73.9514,18.5685],[73.9564,18.5735],[73.9573,18.5976],[73.9609,18.6102],[73.9649,18.6103],[73.9655,18.6224],[73.9659,18.6249]]]}},{"type":"Feature","properties":{"ac_name":"DAUND","ac_no":199,"ac_category":"GEN","st_name":"MAHARASHTRA"},"geometry":{"type":"Polygon","coordinates":[[[74.5471,18.509],[74.5372,18.5093],[74.5124,18.4908],[74.5041,18.4955],[74.4999,18.5339],[74.4913,18.5403],[74.4752,18.5442],[74.4744,18.5267],[74.4661,18.5235],[74.4387,18.5373],[74.4322,18.5606],[74.3972,18.5755],[74.3533,18.5601],[74.3473,18.5622],[74.3413,18.5716],[74.3323,18.5729],[74.3207,18.582],[74.3088,18.6298],[74.2947,18.6369],[74.2807,18.6255],[74.2682,18.6294],[74.2669,18.6363],[74.2807,18.6519],[74.2789,18.6733],[74.2672,18.6676],[74.2568,18.6686],[74.2445,18.6633],[74.2388,18.6532],[74.2209,18.6494],[74.2247,18.6334],[74.2162,18.6315],[74.2032,18.6162],[74.1947,18.6175],[74.1899,18.5956],[74.1679,18.5809],[74.1702,18.5467],[74.1835,18.5344],[74.1774,18.4894],[74.1517,18.4879],[74.1502,18.4694],[74.1408,18.4682],[74.1428,18.4181],[74.1659,18.4325],[74.1928,18.4279],[74.2483,18.4351],[74.2591,18.4313],[74.2711,18.4459],[74.3015,18.4268],[74.3,18.4093],[74.2939,18.4096],[74.2879,18.4001],[74.3059,18.3859],[74.3071,18.3747],[74.3225,18.3732],[74.3534,18.3901],[74.3601,18.3817],[74.3675,18.3656],[74.3831,18.3539],[74.4259,18.3607],[74.4351,18.3572],[74.4461,18.3424],[74.4675,18.3371],[74.4811,18.3274],[74.5291,18.3275],[74.549,18.3373],[74.6046,18.3492],[74.6164,18.3445],[74.6218,18.3092],[74.7146,18.3065],[74.748,18.3033],[74.7598,18.3285],[74.7789,18.3279],[74.8034,18.3233],[74.8033,18.3017],[74.8318,18.2948],[74.8438,18.2998],[74.8449,18.3067],[74.8343,18.3231],[74.8342,18.3347],[74.8314,18.3433],[74.8078,18.3433],[74.7939,18.3537],[74.8094,18.3822],[74.794,18.401],[74.7784,18.4095],[74.7545,18.3966],[74.7388,18.3977],[74.7287,18.4034],[74.7277,18.4119],[74.7161,18.4276],[74.7279,18.4828],[74.7196,18.4923],[74.7085,18.5042],[74.7006,18.5066],[74.6607,18.4906],[74.656,18.4755],[74.663,18.4692],[74.6732,18.4675],[74.6745,18.4625],[74.6421,18.4503],[74.6147,18.468],[74.5793,18.4736],[74.5578,18.4918],[74.5471,18.509]]]}},{"type":"Feature","properties":{"ac_name":"CHINCHWAD","ac_no":205,"ac_category":"GEN","st_name":"MAHARASHTRA"},"geometry":{"type":"Polygon","coordinates":[[[73.7857,18.6183],[73.7732,18.6078],[73.7709,18.59],[73.7791,18.587],[73.7897,18.5656],[73.8072,18.57],[73.831,18.5692],[73.8358,18.5738],[73.8531,18.5745],[73.86,18.585],[73.8726,18.5788],[73.8778,18.5723],[73.883,18.5835],[73.8821,18.5948],[73.8968,18.6229],[73.9053,18.6187],[73.9109,18.6207],[73.9062,18.6389],[73.8908,18.6396],[73.8909,18.6322],[73.876,18.6388],[73.8635,18.6164],[73.8198,18.6175],[73.8146,18.625],[73.8098,18.6248],[73.8056,18.6102],[73.7974,18.627],[73.7857,18.6183]]]}},{"type":"Feature","properties":{"ac_name":"PARANDA","ac_no":243,"ac_category":"GEN","st_name":"MAHARASHTRA"},"geometry":{"type":"Polygon","coordinates":[[[75.5836,18.6982],[75.5817,18.6842],[75.5431,18.6804],[75.5401,18.6573],[75.5477,18.6531],[75.5404,18.639],[75.5199,18.6385],[75.5186,18.6328],[75.5001,18.6211],[75.488,18.626],[75.4856,18.619],[75.4615,18.6055],[75.4585,18.595],[75.4526,18.5965],[75.4431,18.5803],[75.4339,18.5512],[75.4146,18.5313],[75.3956,18.5435],[75.3441,18.561],[75.3307,18.5397],[75.3294,18.5236],[75.3133,18.5204],[75.3104,18.5085],[75.3032,18.5073],[75.2962,18.4942],[75.3034,18.48],[75.2974,18.4495],[75.303,18.4354],[75.2853,18.4058],[75.2985,18.4],[75.3043,18.3902],[75.3153,18.3952],[75.3235,18.3934],[75.3271,18.3849],[75.3351,18.3887],[75.3364,18.3813],[75.3444,18.3786],[75.3497,18.369],[75.3591,18.3673],[75.366,18.3541],[75.3824,18.3431],[75.388,18.3271],[75.4028,18.3289],[75.3984,18.3226],[75.4022,18.3167],[75.3922,18.3075],[75.4009,18.2965],[75.3938,18.2864],[75.3952,18.2633],[75.43,18.261],[75.4283,18.2466],[75.4194,18.2393],[75.4273,18.2319],[75.4261,18.216],[75.4383,18.2042],[75.4293,18.1959],[75.4249,18.1824],[75.4287,18.1743],[75.4415,18.1743],[75.4634,18.1592],[75.4646,18.1712],[75.4855,18.1734],[75.4861,18.152],[75.4921,18.1569],[75.5023,18.1565],[75.5186,18.1441],[75.5152,18.1388],[75.5257,18.1308],[75.5379,18.1446],[75.5428,18.1509],[75.5441,18.1774],[75.5549,18.1905],[75.5488,18.2047],[75.5611,18.2025],[75.5687,18.2354],[75.5786,18.241],[75.5872,18.2533],[75.629,18.2404],[75.6292,18.2655],[75.6143,18.2705],[75.6471,18.3297],[75.6541,18.3327],[75.679,18.3282],[75.6818,18.3238],[75.6959,18.327],[75.7042,18.3382],[75.7172,18.3365],[75.7181,18.3466],[75.7285,18.3626],[75.7238,18.3855],[75.7057,18.3947],[75.7234,18.4336],[75.7635,18.4395],[75.7697,18.4094],[75.7793,18.4028],[75.7798,18.395],[75.7937,18.3871],[75.7965,18.3795],[75.8123,18.3794],[75.829,18.3928],[75.8464,18.4169],[75.8557,18.4172],[75.8637,18.4073],[75.882,18.4157],[75.8766,18.426],[75.8795,18.4398],[75.9,18.4423],[75.9056,18.4484],[75.8999,18.4617],[75.9087,18.4659],[75.9111,18.4875],[75.9257,18.5277],[75.8912,18.5375],[75.8933,18.5562],[75.8802,18.5972],[75.9185,18.6202],[75.9236,18.6437],[75.9065,18.65],[75.8727,18.6477],[75.8723,18.6539],[75.8556,18.6488],[75.8576,18.6597],[75.849,18.6548],[75.8299,18.6641],[75.8241,18.6628],[75.8215,18.6693],[75.8092,18.6693],[75.8008,18.6744],[75.7935,18.6561],[75.789,18.656],[75.7784,18.6664],[75.7794,18.6711],[75.7733,18.6741],[75.7719,18.6689],[75.7671,18.6709],[75.7573,18.6809],[75.7458,18.6826],[75.7273,18.6749],[75.702,18.6881],[75.6687,18.6921],[75.6643,18.6742],[75.6671,18.651],[75.6586,18.6454],[75.6407,18.6497],[75.638,18.6551],[75.633,18.6537],[75.6175,18.6637],[75.6064,18.6845],[75.5836,18.6982]]]}},{"type":"Feature","properties":{"ac_name":"KOTHRUD","ac_no":210,"ac_category":"GEN","st_name":"MAHARASHTRA"},"geometry":{"type":"Polygon","coordinates":[[[73.8072,18.57],[73.7897,18.5656],[73.7791,18.587],[73.7709,18.59],[73.7632,18.5913],[73.7645,18.5708],[73.749,18.5467],[73.7477,18.53],[73.7838,18.5281],[73.7882,18.5157],[73.7805,18.493],[73.8087,18.4918],[73.8031,18.5006],[73.8308,18.4952],[73.8377,18.5115],[73.8412,18.5149],[73.8379,18.5219],[73.829,18.5224],[73.8269,18.5172],[73.8226,18.5177],[73.802,18.5352],[73.8008,18.5407],[73.8156,18.5428],[73.8152,18.5494],[73.8208,18.5474],[73.8224,18.5505],[73.8127,18.5636],[73.8061,18.5633],[73.8072,18.57]]]}},{"type":"Feature","properties":{"ac_name":"SHIVAJINAGAR","ac_no":209,"ac_category":"GEN","st_name":"MAHARASHTRA"},"geometry":{"type":"Polygon","coordinates":[[[73.8726,18.5788],[73.86,18.585],[73.8531,18.5745],[73.8358,18.5738],[73.831,18.5692],[73.8072,18.57],[73.8061,18.5633],[73.8127,18.5636],[73.8224,18.5505],[73.8208,18.5474],[73.8152,18.5494],[73.8156,18.5428],[73.8008,18.5407],[73.802,18.5352],[73.8226,18.5177],[73.8269,18.5172],[73.829,18.5224],[73.8379,18.5219],[73.8412,18.5149],[73.858,18.5277],[73.8638,18.5397],[73.8794,18.5437],[73.8775,18.5474],[73.8814,18.5499],[73.8732,18.5536],[73.8726,18.5788]]]}},{"type":"Feature","properties":{"ac_name":"UDGIR","ac_no":237,"ac_category":"SC","st_name":"MAHARASHTRA"},"geometry":{"type":"Polygon","coordinates":[[[77.2754,18.4776],[77.2499,18.4868],[77.2433,18.4948],[77.2669,18.5224],[77.2813,18.5216],[77.2864,18.5403],[77.2962,18.5484],[77.2634,18.5661],[77.2641,18.5814],[77.269,18.586],[77.2679,18.6122],[77.2116,18.6244],[77.2113,18.6342],[77.199,18.6435],[77.1988,18.6479],[77.1533,18.6482],[77.1579,18.6806],[77.1778,18.6796],[77.1922,18.6885],[77.1864,18.6986],[77.17,18.7047],[77.1514,18.7002],[77.1434,18.713],[77.1352,18.7113],[77.1367,18.698],[77.0678,18.6865],[77.0665,18.6811],[77.0542,18.682],[77.0537,18.6585],[77.0581,18.6478],[77.0452,18.6323],[77.046,18.6235],[77.0682,18.6079],[77.0932,18.6032],[77.0956,18.58],[77.0848,18.5823],[77.0838,18.5551],[77.0768,18.5604],[77.0674,18.5559],[77.0566,18.5592],[77.0533,18.586],[77.0444,18.5919],[77.0297,18.5938],[77.0202,18.5726],[77.0016,18.5915],[76.9973,18.5603],[76.9779,18.5564],[76.9812,18.5423],[76.9877,18.5452],[76.997,18.5408],[77.0121,18.5415],[77.0168,18.5263],[77.0125,18.5268],[77.0127,18.5231],[77.0256,18.5148],[77.0192,18.5014],[77.0163,18.4707],[77.0091,18.4691],[77.011,18.4525],[77.0076,18.4466],[76.9925,18.4591],[76.9841,18.4562],[76.9685,18.4591],[76.9681,18.4446],[76.9594,18.434],[76.9545,18.4176],[76.9393,18.4212],[76.9306,18.416],[76.9289,18.391],[76.9351,18.3837],[76.9127,18.3628],[76.9248,18.3479],[76.9218,18.3408],[76.9271,18.3215],[76.9359,18.321],[76.9517,18.3086],[76.9597,18.3117],[76.9845,18.3078],[76.9983,18.3185],[77.0061,18.3176],[77.014,18.3282],[77.026,18.3288],[77.0232,18.3364],[77.0286,18.3366],[77.0292,18.3434],[77.0527,18.3482],[77.0522,18.3367],[77.0448,18.3339],[77.0453,18.3244],[77.0767,18.3274],[77.0796,18.3174],[77.0915,18.3179],[77.1111,18.3274],[77.1179,18.3013],[77.1263,18.3017],[77.1263,18.3089],[77.1413,18.3034],[77.134,18.2714],[77.1408,18.2623],[77.155,18.2619],[77.1621,18.2572],[77.17,18.2609],[77.175,18.2847],[77.1853,18.2849],[77.1975,18.2766],[77.2129,18.2803],[77.1988,18.3152],[77.2018,18.322],[77.2119,18.316],[77.2191,18.3257],[77.2297,18.3481],[77.2196,18.349],[77.2258,18.3654],[77.2478,18.3732],[77.2336,18.3884],[77.2417,18.4126],[77.2599,18.4132],[77.2653,18.4224],[77.2681,18.4296],[77.2644,18.4432],[77.2545,18.4536],[77.2673,18.4546],[77.2754,18.4776]]]}},{"type":"Feature","properties":{"ac_name":"OSMANABAD","ac_no":242,"ac_category":"GEN","st_name":"MAHARASHTRA"},"geometry":{"type":"Polygon","coordinates":[[[75.9236,18.6437],[75.9185,18.6202],[75.8802,18.5972],[75.8933,18.5562],[75.8912,18.5375],[75.9257,18.5277],[75.9111,18.4875],[75.9087,18.4659],[75.8999,18.4617],[75.9056,18.4484],[75.9,18.4423],[75.8795,18.4398],[75.8766,18.426],[75.882,18.4157],[75.8637,18.4073],[75.8557,18.4172],[75.8464,18.4169],[75.829,18.3928],[75.8123,18.3794],[75.8243,18.3784],[75.8413,18.3642],[75.8525,18.3607],[75.8606,18.3588],[75.8816,18.3655],[75.8959,18.3578],[75.9044,18.328],[75.924,18.3053],[75.9263,18.2832],[75.9306,18.2783],[75.9288,18.2598],[75.9471,18.2393],[75.9381,18.2129],[75.947,18.1993],[75.9474,18.1829],[75.9595,18.1611],[75.9501,18.1393],[75.9385,18.126],[75.9439,18.1194],[75.9459,18.1053],[75.9551,18.1004],[75.9563,18.086],[75.9867,18.0886],[75.9893,18.0729],[75.9959,18.0696],[76.033,18.0956],[76.0583,18.0942],[76.0769,18.0979],[76.092,18.0644],[76.1056,18.0651],[76.1477,18.0484],[76.16,18.0713],[76.1568,18.0785],[76.1415,18.0884],[76.1437,18.1027],[76.1379,18.1158],[76.1197,18.1122],[76.1151,18.1326],[76.1159,18.157],[76.1323,18.1599],[76.1419,18.1808],[76.1417,18.1857],[76.1331,18.1901],[76.1312,18.234],[76.1186,18.2287],[76.1076,18.2293],[76.0931,18.2176],[76.0349,18.2233],[76.0204,18.2202],[76.0167,18.2315],[76.0104,18.2308],[76.0057,18.2387],[75.9815,18.2352],[75.9815,18.2477],[75.9718,18.2717],[75.9833,18.2625],[75.9824,18.2677],[75.9928,18.2666],[76.0022,18.2739],[76.0199,18.2614],[76.0344,18.2745],[76.0656,18.2785],[76.0663,18.3039],[76.0742,18.3089],[76.0659,18.3261],[76.0655,18.3405],[76.0904,18.3368],[76.092,18.3288],[76.1243,18.3398],[76.1255,18.3341],[76.1418,18.335],[76.1429,18.3276],[76.155,18.337],[76.1637,18.3259],[76.1863,18.327],[76.1898,18.3338],[76.1975,18.3309],[76.2337,18.335],[76.2475,18.3487],[76.2595,18.351],[76.2573,18.3641],[76.2462,18.3765],[76.224,18.3794],[76.2024,18.394],[76.2141,18.4066],[76.2261,18.4337],[76.2562,18.429],[76.2685,18.4212],[76.2611,18.4665],[76.2697,18.4687],[76.2669,18.4757],[76.2534,18.4831],[76.2603,18.4937],[76.254,18.4955],[76.2535,18.5211],[76.2576,18.5282],[76.2746,18.5374],[76.2759,18.5584],[76.2548,18.5639],[76.254,18.5755],[76.2425,18.5717],[76.2331,18.5757],[76.2201,18.5735],[76.2,18.5765],[76.2008,18.5821],[76.1733,18.585],[76.1684,18.5849],[76.1662,18.5729],[76.1698,18.561],[76.1622,18.5559],[76.1574,18.559],[76.1557,18.5801],[76.1346,18.5875],[76.1213,18.5839],[76.1021,18.5884],[76.0763,18.5744],[76.055,18.5726],[76.0474,18.5767],[76.0441,18.5905],[76.0353,18.5921],[76.0327,18.6003],[76.0127,18.6077],[76.0053,18.6022],[76.0084,18.5856],[75.9932,18.5833],[75.9824,18.5925],[75.9972,18.6087],[75.9947,18.6161],[75.985,18.6189],[75.9566,18.6045],[75.9485,18.6048],[75.9425,18.6123],[75.9444,18.6358],[75.9396,18.6414],[75.9236,18.6437]]]}},{"type":"Feature","properties":{"ac_name":"KASBA PETH","ac_no":215,"ac_category":"GEN","st_name":"MAHARASHTRA"},"geometry":{"type":"Polygon","coordinates":[[[73.8941,18.5442],[73.8794,18.5437],[73.8638,18.5397],[73.858,18.5277],[73.8412,18.5149],[73.8377,18.5115],[73.848,18.508],[73.8645,18.5113],[73.8759,18.5071],[73.8763,18.5316],[73.8875,18.5321],[73.8941,18.5442]]]}},{"type":"Feature","properties":{"ac_name":"PUNE CANTONMENT","ac_no":214,"ac_category":"SC","st_name":"MAHARASHTRA"},"geometry":{"type":"Polygon","coordinates":[[[73.9625,18.5482],[73.9505,18.5475],[73.9437,18.5378],[73.8941,18.5442],[73.8875,18.5321],[73.8763,18.5316],[73.8759,18.5071],[73.8775,18.4935],[73.8817,18.491],[73.8796,18.4821],[73.884,18.4765],[73.8888,18.479],[73.8912,18.4705],[73.8981,18.4724],[73.8992,18.4808],[73.9131,18.4832],[73.9147,18.4897],[73.925,18.4895],[73.9253,18.5062],[73.9383,18.5041],[73.9372,18.4833],[73.9443,18.4744],[73.9497,18.491],[73.9591,18.4921],[73.9889,18.4914],[73.9969,18.5052],[73.9917,18.5084],[74.0017,18.5308],[73.9929,18.5328],[73.9931,18.5436],[73.9736,18.5462],[73.9697,18.5434],[73.9625,18.5482]]]}},{"type":"Feature","properties":{"ac_name":"MAHAD","ac_no":194,"ac_category":"GEN","st_name":"MAHARASHTRA"},"geometry":{"type":"Polygon","coordinates":[[[73.3644,18.4704],[73.3521,18.4521],[73.3406,18.4548],[73.3281,18.4443],[73.3161,18.4498],[73.3142,18.4461],[73.3243,18.4261],[73.338,18.4114],[73.3134,18.3918],[73.3148,18.3817],[73.3046,18.3692],[73.2995,18.3768],[73.2915,18.3772],[73.2809,18.3667],[73.2602,18.3662],[73.2657,18.3472],[73.2586,18.3353],[73.2507,18.3344],[73.2497,18.302],[73.2559,18.2979],[73.2867,18.3095],[73.2889,18.2938],[73.2929,18.2937],[73.3118,18.2985],[73.3209,18.3093],[73.3217,18.2902],[73.3153,18.2776],[73.3256,18.2654],[73.3318,18.267],[73.3371,18.2599],[73.3227,18.2459],[73.326,18.2384],[73.3354,18.2362],[73.3395,18.2227],[73.3328,18.2205],[73.3279,18.2026],[73.3187,18.2107],[73.3145,18.2069],[73.3064,18.2086],[73.3003,18.1988],[73.3054,18.1892],[73.2802,18.1793],[73.2767,18.2016],[73.267,18.2038],[73.2582,18.1907],[73.2501,18.1871],[73.2442,18.1902],[73.2272,18.1805],[73.2116,18.1891],[73.2015,18.1798],[73.1768,18.1803],[73.1611,18.1915],[73.1592,18.1789],[73.1642,18.179],[73.1704,18.1624],[73.1682,18.149],[73.1833,18.1475],[73.1874,18.136],[73.2027,18.127],[73.2331,18.1482],[73.2441,18.1339],[73.2587,18.1323],[73.2575,18.1118],[73.2713,18.0983],[73.2877,18.0966],[73.2876,18.0714],[73.2951,18.0584],[73.2903,18.0362],[73.3007,18.0244],[73.3063,18.0222],[73.3172,18.0282],[73.328,18.0253],[73.3347,18.0115],[73.3459,18.0262],[73.3597,18.0062],[73.3575,17.995],[73.3468,17.9867],[73.3419,17.9721],[73.351,17.959],[73.3615,17.955],[73.3618,17.9372],[73.3697,17.9336],[73.3744,17.925],[73.3765,17.9135],[73.3682,17.9064],[73.3716,17.8881],[73.3919,17.8808],[73.4066,17.8841],[73.4084,17.8896],[73.4235,17.8976],[73.4266,17.9095],[73.437,17.9036],[73.4388,17.8791],[73.4435,17.8709],[73.4388,17.8599],[73.4463,17.8514],[73.4509,17.8519],[73.4501,17.8558],[73.4614,17.8671],[73.4895,17.8672],[73.4985,17.8521],[73.5061,17.8509],[73.512,17.8525],[73.5233,17.8666],[73.5221,17.8734],[73.5336,17.8833],[73.5504,17.8647],[73.5701,17.8791],[73.5627,17.8942],[73.5377,17.8912],[73.535,17.899],[73.5633,17.9165],[73.5775,17.933],[73.5766,17.9459],[73.5839,17.9476],[73.59,17.9394],[73.5973,17.9402],[73.6392,17.9718],[73.6383,17.9798],[73.6276,17.9852],[73.6289,17.9894],[73.6393,17.9925],[73.6565,18.0132],[73.6494,18.0231],[73.6584,18.0296],[73.6464,18.0423],[73.6385,18.0468],[73.6273,18.0464],[73.6124,18.0593],[73.6204,18.0768],[73.6025,18.0816],[73.6007,18.085],[73.6096,18.0978],[73.5942,18.1089],[73.609,18.1327],[73.6073,18.1408],[73.6105,18.1352],[73.6035,18.1183],[73.6147,18.1256],[73.6278,18.1235],[73.6199,18.1278],[73.6342,18.1469],[73.6423,18.1411],[73.65,18.1573],[73.6643,18.1552],[73.665,18.1629],[73.6529,18.1737],[73.6334,18.1777],[73.6322,18.1749],[73.5979,18.1906],[73.5948,18.1782],[73.5821,18.1789],[73.5673,18.1881],[73.5589,18.214],[73.5569,18.1966],[73.5411,18.2079],[73.5376,18.1894],[73.5209,18.1873],[73.5352,18.2049],[73.5326,18.2119],[73.5209,18.2111],[73.5355,18.2217],[73.5364,18.2271],[73.5241,18.2319],[73.5302,18.2319],[73.5371,18.2436],[73.5268,18.2498],[73.5165,18.2463],[73.5147,18.2536],[73.5053,18.2554],[73.5038,18.2596],[73.5142,18.2723],[73.5041,18.2722],[73.5004,18.2821],[73.4787,18.2692],[73.4765,18.2752],[73.4809,18.2782],[73.4745,18.2873],[73.4801,18.2911],[73.4739,18.2894],[73.4761,18.3004],[73.4557,18.2972],[73.446,18.3083],[73.4342,18.3076],[73.4281,18.3003],[73.419,18.3061],[73.4248,18.3173],[73.4199,18.3202],[73.4222,18.3297],[73.4438,18.3596],[73.4256,18.3749],[73.4274,18.3896],[73.418,18.4051],[73.4134,18.4053],[73.4106,18.3984],[73.3995,18.4009],[73.4002,18.4202],[73.3943,18.4406],[73.3978,18.4454],[73.4024,18.4445],[73.4006,18.4628],[73.4046,18.4653],[73.4007,18.4762],[73.4081,18.5002],[73.4023,18.5004],[73.3964,18.4907],[73.3888,18.4919],[73.39,18.4837],[73.3832,18.4842],[73.3836,18.4748],[73.3768,18.4794],[73.3731,18.4647],[73.3644,18.4704]]]}},{"type":"Feature","properties":{"ac_name":"PARVATI","ac_no":212,"ac_category":"GEN","st_name":"MAHARASHTRA"},"geometry":{"type":"Polygon","coordinates":[[[73.8377,18.5115],[73.8308,18.4952],[73.8325,18.4924],[73.8197,18.4848],[73.8153,18.476],[73.8195,18.4702],[73.8298,18.4743],[73.8371,18.4723],[73.8397,18.4762],[73.8626,18.48],[73.8641,18.4748],[73.8751,18.4768],[73.8796,18.4821],[73.8817,18.491],[73.8775,18.4935],[73.8759,18.5071],[73.8645,18.5113],[73.848,18.508],[73.8377,18.5115]]]}},{"type":"Feature","properties":{"ac_name":"KHADAKWASALA","ac_no":211,"ac_category":"GEN","st_name":"MAHARASHTRA"},"geometry":{"type":"Polygon","coordinates":[[[73.8308,18.4952],[73.8031,18.5006],[73.8087,18.4918],[73.7805,18.493],[73.7756,18.5016],[73.7626,18.4932],[73.7701,18.4842],[73.7527,18.4811],[73.7476,18.4853],[73.7283,18.4716],[73.6985,18.4694],[73.6823,18.4549],[73.661,18.4557],[73.6334,18.443],[73.6453,18.4279],[73.6618,18.4169],[73.6862,18.4289],[73.6662,18.4086],[73.6688,18.3997],[73.6412,18.4074],[73.6411,18.3871],[73.6548,18.3844],[73.6695,18.365],[73.6816,18.3842],[73.6815,18.3928],[73.6925,18.3893],[73.6961,18.3868],[73.6926,18.3652],[73.7014,18.3639],[73.7035,18.3702],[73.7085,18.3689],[73.7129,18.33],[73.7356,18.3294],[73.7375,18.3442],[73.7503,18.3545],[73.7804,18.365],[73.7931,18.3651],[73.7907,18.3728],[73.7989,18.3775],[73.7866,18.4108],[73.7892,18.4234],[73.8015,18.4261],[73.8216,18.4075],[73.8287,18.4247],[73.8411,18.4252],[73.8469,18.4189],[73.8539,18.4376],[73.8507,18.4446],[73.8615,18.4443],[73.8597,18.458],[73.8469,18.4582],[73.8432,18.4719],[73.8371,18.4723],[73.8298,18.4743],[73.8195,18.4702],[73.8153,18.476],[73.8197,18.4848],[73.8325,18.4924],[73.8308,18.4952]]]}},{"type":"Feature","properties":{"ac_name":"HADAPSAR","ac_no":213,"ac_category":"GEN","st_name":"MAHARASHTRA"},"geometry":{"type":"Polygon","coordinates":[[[73.8796,18.4821],[73.8751,18.4768],[73.8641,18.4748],[73.8626,18.48],[73.8397,18.4762],[73.8371,18.4723],[73.8432,18.4719],[73.8469,18.4582],[73.8597,18.458],[73.8615,18.4443],[73.8507,18.4446],[73.8713,18.4413],[73.8736,18.4376],[73.8985,18.4455],[73.9034,18.44],[73.9109,18.4402],[73.9254,18.4502],[73.9255,18.4605],[73.9443,18.4744],[73.9372,18.4833],[73.9383,18.5041],[73.9253,18.5062],[73.925,18.4895],[73.9147,18.4897],[73.9131,18.4832],[73.8992,18.4808],[73.8981,18.4724],[73.8912,18.4705],[73.8888,18.479],[73.884,18.4765],[73.8796,18.4821]]]}},{"type":"Feature","properties":{"ac_name":"SHRIVARDHAN","ac_no":193,"ac_category":"GEN","st_name":"MAHARASHTRA"},"geometry":{"type":"Polygon","coordinates":[[[73.1203,18.4533],[73.1103,18.452],[73.0907,18.4315],[73.0856,18.421],[73.0885,18.4173],[73.0804,18.4107],[73.0845,18.4071],[73.0831,18.4009],[73.0739,18.3891],[73.0575,18.3725],[73.0402,18.3664],[73.0285,18.3682],[73.038,18.3355],[73.0312,18.2939],[73.0363,18.2854],[73.0399,18.2917],[73.0371,18.2948],[73.0448,18.3131],[73.0588,18.3057],[73.0715,18.308],[73.0881,18.3358],[73.092,18.3284],[73.096,18.331],[73.0934,18.3367],[73.113,18.3295],[73.1127,18.3237],[73.0916,18.326],[73.0828,18.3118],[73.0847,18.3011],[73.0896,18.2942],[73.0904,18.2881],[73.0932,18.2869],[73.0954,18.2734],[73.0994,18.2717],[73.0997,18.2688],[73.1027,18.2654],[73.0999,18.2672],[73.0991,18.2682],[73.0988,18.2715],[73.0982,18.2719],[73.0946,18.2718],[73.0902,18.2848],[73.0824,18.2925],[73.0535,18.3024],[73.0504,18.297],[73.0552,18.2936],[73.0513,18.293],[73.0517,18.2814],[73.0679,18.2792],[73.0728,18.2635],[73.0717,18.2598],[73.0661,18.2618],[73.0615,18.2522],[73.0781,18.2373],[73.08,18.2224],[73.0873,18.2252],[73.0921,18.219],[73.0806,18.2149],[73.0821,18.2107],[73.0775,18.209],[73.0774,18.1888],[73.0832,18.1792],[73.0819,18.1715],[73.0943,18.1693],[73.0962,18.1602],[73.101,18.1579],[73.1052,18.1404],[73.0955,18.1409],[73.0924,18.1461],[73.0875,18.1436],[73.0783,18.1532],[73.0718,18.1502],[73.054,18.1829],[73.0506,18.1824],[73.0522,18.201],[73.067,18.2065],[73.0678,18.2125],[73.0489,18.2228],[73.0467,18.2196],[73.0476,18.2233],[73.038,18.2264],[73.0224,18.2408],[73.018,18.238],[73.0165,18.2446],[73.0009,18.2479],[72.9792,18.2396],[72.9694,18.2433],[72.9735,18.2465],[72.9682,18.2558],[72.9744,18.263],[72.964,18.2804],[72.9542,18.2779],[72.9507,18.284],[72.9417,18.2854],[72.9356,18.281],[72.9431,18.2457],[72.9421,18.2329],[72.9319,18.2197],[72.9386,18.2157],[72.9455,18.223],[72.9572,18.2181],[72.9836,18.1948],[72.9784,18.1918],[72.9899,18.157],[72.9861,18.1555],[72.981,18.1359],[72.9714,18.1316],[72.9795,18.1078],[72.9902,18.0991],[72.9994,18.0746],[72.9898,18.0563],[72.9963,18.0497],[73.002,18.0544],[73.0088,18.0499],[73.0189,18.026],[73.0027,18.0209],[73.0168,18.0071],[73.0215,17.994],[73.0187,17.9905],[73.0314,17.9897],[73.0345,17.9803],[73.0394,17.9803],[73.0663,17.989],[73.0861,17.9902],[73.1147,17.98],[73.125,17.9998],[73.1343,18.0163],[73.1496,18.0218],[73.1536,18.0362],[73.1756,18.0603],[73.1926,18.0593],[73.2047,18.0693],[73.2168,18.0589],[73.2284,18.0568],[73.2531,18.062],[73.2631,18.0706],[73.277,18.0668],[73.2876,18.0714],[73.2877,18.0966],[73.2713,18.0983],[73.2575,18.1118],[73.2587,18.1323],[73.2441,18.1339],[73.2331,18.1482],[73.2027,18.127],[73.1874,18.136],[73.1833,18.1475],[73.1682,18.149],[73.1704,18.1624],[73.1642,18.179],[73.1592,18.1789],[73.1611,18.1915],[73.1768,18.1803],[73.2015,18.1798],[73.2116,18.1891],[73.2272,18.1805],[73.2442,18.1902],[73.2501,18.1871],[73.2582,18.1907],[73.267,18.2038],[73.2767,18.2016],[73.2802,18.1793],[73.3054,18.1892],[73.3003,18.1988],[73.3064,18.2086],[73.3145,18.2069],[73.3187,18.2107],[73.3279,18.2026],[73.3328,18.2205],[73.3395,18.2227],[73.3354,18.2362],[73.326,18.2384],[73.3227,18.2459],[73.3371,18.2599],[73.3318,18.267],[73.3256,18.2654],[73.3153,18.2776],[73.3217,18.2902],[73.3209,18.3093],[73.3118,18.2985],[73.2929,18.2937],[73.2889,18.2938],[73.2867,18.3095],[73.2559,18.2979],[73.2497,18.302],[73.2507,18.3344],[73.2586,18.3353],[73.2657,18.3472],[73.2602,18.3662],[73.2265,18.3748],[73.1992,18.3753],[73.1995,18.3861],[73.1838,18.3856],[73.1782,18.397],[73.1926,18.4156],[73.181,18.4334],[73.1703,18.4367],[73.1647,18.4315],[73.1521,18.4359],[73.1449,18.4258],[73.1386,18.4258],[73.1319,18.4427],[73.1233,18.4461],[73.1203,18.4533]]]}},{"type":"Feature","properties":{"ac_name":"PURANDAR","ac_no":202,"ac_category":"GEN","st_name":"MAHARASHTRA"},"geometry":{"type":"Polygon","coordinates":[[[73.9591,18.4921],[73.9497,18.491],[73.9443,18.4744],[73.9255,18.4605],[73.9254,18.4502],[73.9109,18.4402],[73.9034,18.44],[73.8985,18.4455],[73.8736,18.4376],[73.8713,18.4413],[73.8507,18.4446],[73.8539,18.4376],[73.8469,18.4189],[73.8411,18.4252],[73.8287,18.4247],[73.8216,18.4075],[73.8015,18.4261],[73.7892,18.4234],[73.7866,18.4108],[73.7989,18.3775],[73.7907,18.3728],[73.7931,18.3651],[73.7804,18.365],[73.7503,18.3545],[73.7375,18.3442],[73.7356,18.3294],[73.7975,18.3259],[73.8097,18.3351],[73.8121,18.3506],[73.8181,18.3509],[73.822,18.3583],[73.8264,18.3569],[73.8316,18.341],[73.8533,18.3154],[73.8565,18.3055],[73.8685,18.3072],[73.8857,18.3337],[73.9017,18.3291],[73.8876,18.3119],[73.8903,18.2995],[73.8985,18.292],[73.9054,18.2918],[73.9327,18.3111],[73.9354,18.3084],[73.9302,18.2948],[73.9095,18.2663],[73.9246,18.2575],[73.9544,18.2589],[73.9872,18.2253],[74.0272,18.1969],[74.0502,18.1689],[74.045,18.1528],[74.0507,18.1402],[74.0654,18.1365],[74.0772,18.1218],[74.1026,18.1234],[74.1194,18.133],[74.1368,18.1171],[74.1487,18.1211],[74.1613,18.1079],[74.187,18.112],[74.2087,18.0976],[74.2187,18.0965],[74.2193,18.1185],[74.2242,18.1298],[74.2552,18.1742],[74.246,18.1835],[74.2495,18.1916],[74.2448,18.1985],[74.2469,18.2268],[74.243,18.2415],[74.2615,18.2722],[74.2643,18.3027],[74.2761,18.3312],[74.3079,18.3415],[74.3071,18.3747],[74.3059,18.3859],[74.2879,18.4001],[74.2939,18.4096],[74.3,18.4093],[74.3015,18.4268],[74.2711,18.4459],[74.2591,18.4313],[74.2483,18.4351],[74.1928,18.4279],[74.1659,18.4325],[74.1428,18.4181],[74.1169,18.4125],[74.0858,18.4173],[74.0645,18.409],[74.0428,18.4136],[74.0205,18.4263],[74.0127,18.4259],[73.9997,18.4368],[73.9962,18.4547],[74.0045,18.4886],[73.9889,18.4914],[73.9591,18.4921]]]}},{"type":"Feature","properties":{"ac_name":"KARMALA","ac_no":244,"ac_category":"GEN","st_name":"MAHARASHTRA"},"geometry":{"type":"Polygon","coordinates":[[[75.3133,18.5204],[75.287,18.5204],[75.2699,18.5138],[75.2668,18.5086],[75.2589,18.5087],[75.2432,18.5273],[75.2412,18.5397],[75.2284,18.5413],[75.2132,18.5539],[75.201,18.5313],[75.182,18.5302],[75.1588,18.5197],[75.1344,18.5264],[75.1216,18.4917],[75.106,18.4901],[75.0916,18.453],[75.0908,18.4312],[75.0805,18.4277],[75.0798,18.4237],[75.059,18.4189],[75.0499,18.4299],[75.0163,18.437],[75.0056,18.4036],[74.9794,18.4004],[74.9652,18.3851],[74.9585,18.3891],[74.9463,18.3878],[74.9144,18.3785],[74.9082,18.3573],[74.8703,18.3536],[74.8663,18.3515],[74.8645,18.3356],[74.8504,18.3295],[74.8342,18.3347],[74.8343,18.3231],[74.8449,18.3067],[74.8438,18.2998],[74.8318,18.2948],[74.8033,18.3017],[74.7966,18.2942],[74.7978,18.2791],[74.8394,18.2449],[74.8759,18.248],[74.8933,18.2596],[74.9252,18.2589],[74.9493,18.2663],[74.9638,18.2505],[74.9907,18.2398],[75.0419,18.262],[75.0436,18.2525],[75.0257,18.2375],[75.0089,18.2101],[75.0189,18.1916],[75.0233,18.1886],[75.0376,18.1958],[75.0544,18.1971],[75.0808,18.2184],[75.1062,18.2193],[75.1115,18.1963],[75.0908,18.1488],[75.0923,18.1231],[75.1132,18.1182],[75.1415,18.1231],[75.1551,18.1212],[75.163,18.1134],[75.1604,18.1053],[75.1749,18.0965],[75.203,18.0985],[75.2122,18.0902],[75.2219,18.0896],[75.2187,18.0826],[75.2264,18.0608],[75.2399,18.0582],[75.2897,18.0572],[75.3034,18.0675],[75.3336,18.065],[75.3373,18.0687],[75.3433,18.0658],[75.3797,18.0724],[75.3883,18.0582],[75.4222,18.0651],[75.4435,18.0428],[75.441,18.0266],[75.4747,18.0107],[75.4846,18.0225],[75.4753,18.06],[75.4803,18.0653],[75.4901,18.0637],[75.4945,18.0706],[75.4904,18.0722],[75.4888,18.0998],[75.5023,18.1003],[75.5003,18.1082],[75.5334,18.115],[75.5512,18.1109],[75.5603,18.1147],[75.5638,18.1093],[75.5583,18.1031],[75.5679,18.094],[75.6003,18.1029],[75.5936,18.1077],[75.5854,18.1034],[75.5781,18.109],[75.5771,18.1198],[75.5706,18.1261],[75.5379,18.1446],[75.5257,18.1308],[75.5152,18.1388],[75.5186,18.1441],[75.5023,18.1565],[75.4921,18.1569],[75.4861,18.152],[75.4855,18.1734],[75.4646,18.1712],[75.4634,18.1592],[75.4415,18.1743],[75.4287,18.1743],[75.4249,18.1824],[75.4293,18.1959],[75.4383,18.2042],[75.4261,18.216],[75.4273,18.2319],[75.4194,18.2393],[75.4283,18.2466],[75.43,18.261],[75.3952,18.2633],[75.3938,18.2864],[75.4009,18.2965],[75.3922,18.3075],[75.4022,18.3167],[75.3984,18.3226],[75.4028,18.3289],[75.388,18.3271],[75.3824,18.3431],[75.366,18.3541],[75.3591,18.3673],[75.3497,18.369],[75.3444,18.3786],[75.3364,18.3813],[75.3351,18.3887],[75.3271,18.3849],[75.3235,18.3934],[75.3153,18.3952],[75.3043,18.3902],[75.2985,18.4],[75.2853,18.4058],[75.303,18.4354],[75.2974,18.4495],[75.3034,18.48],[75.2962,18.4942],[75.3032,18.5073],[75.3104,18.5085],[75.3133,18.5204]]]}},{"type":"Feature","properties":{"ac_name":"LATUR RURAL","ac_no":234,"ac_category":"GEN","st_name":"MAHARASHTRA"},"geometry":{"type":"Polygon","coordinates":[[[76.7214,18.6968],[76.7124,18.7],[76.6982,18.6919],[76.6821,18.6924],[76.662,18.655],[76.681,18.6491],[76.6785,18.6345],[76.6694,18.6315],[76.6585,18.6362],[76.6242,18.6658],[76.5873,18.6461],[76.5766,18.622],[76.5624,18.629],[76.5614,18.6394],[76.5487,18.6363],[76.5407,18.6495],[76.5321,18.6488],[76.5285,18.648],[76.5249,18.626],[76.4996,18.6058],[76.479,18.6145],[76.4681,18.633],[76.451,18.6198],[76.4304,18.6162],[76.3904,18.5948],[76.3855,18.574],[76.395,18.5512],[76.3908,18.5417],[76.3679,18.5434],[76.3649,18.5532],[76.3509,18.5632],[76.347,18.5656],[76.3374,18.5609],[76.3222,18.5706],[76.3125,18.5659],[76.3026,18.5674],[76.2908,18.5759],[76.2791,18.5743],[76.2759,18.5584],[76.2746,18.5374],[76.2576,18.5282],[76.2535,18.5211],[76.254,18.4955],[76.2603,18.4937],[76.2534,18.4831],[76.2669,18.4757],[76.2697,18.4687],[76.2611,18.4665],[76.2685,18.4212],[76.2562,18.429],[76.2261,18.4337],[76.2141,18.4066],[76.2024,18.394],[76.224,18.3794],[76.2462,18.3765],[76.2573,18.3641],[76.2758,18.3819],[76.2894,18.3882],[76.2848,18.3405],[76.3171,18.3303],[76.3147,18.2817],[76.3103,18.2802],[76.3033,18.2628],[76.2944,18.2609],[76.2835,18.2501],[76.2855,18.2322],[76.3014,18.2306],[76.2915,18.1955],[76.325,18.1766],[76.3324,18.1644],[76.3568,18.1675],[76.3622,18.1617],[76.3688,18.1647],[76.3657,18.2],[76.3956,18.201],[76.4012,18.1893],[76.4228,18.1846],[76.4235,18.1748],[76.4299,18.1704],[76.4611,18.1605],[76.4605,18.1945],[76.4441,18.2089],[76.4334,18.2517],[76.4494,18.2546],[76.4585,18.2639],[76.4618,18.2931],[76.4686,18.2964],[76.4773,18.3102],[76.5056,18.3159],[76.499,18.3422],[76.4848,18.3471],[76.4848,18.3667],[76.4483,18.3907],[76.4458,18.4059],[76.4511,18.4214],[76.463,18.4334],[76.4783,18.43],[76.4798,18.4263],[76.4944,18.4283],[76.5064,18.4512],[76.5102,18.4504],[76.5162,18.4586],[76.5144,18.4696],[76.5178,18.4713],[76.5275,18.4721],[76.5379,18.4648],[76.5471,18.4642],[76.5481,18.4981],[76.5823,18.4876],[76.5813,18.4795],[76.5983,18.4746],[76.5983,18.4715],[76.5837,18.4708],[76.5912,18.4663],[76.5912,18.4604],[76.5886,18.4505],[76.579,18.4497],[76.5776,18.437],[76.6185,18.4237],[76.6129,18.4113],[76.6025,18.4079],[76.6083,18.3994],[76.6014,18.3936],[76.6045,18.3889],[76.619,18.3867],[76.6197,18.3931],[76.6325,18.3936],[76.6348,18.3872],[76.648,18.3841],[76.6505,18.3794],[76.6435,18.3719],[76.6539,18.3703],[76.6613,18.3611],[76.6577,18.3545],[76.6795,18.3508],[76.6907,18.3562],[76.688,18.3381],[76.7077,18.3136],[76.7054,18.2886],[76.7146,18.2819],[76.7203,18.2811],[76.7321,18.3033],[76.728,18.3377],[76.7497,18.3465],[76.7512,18.3505],[76.7374,18.3625],[76.7267,18.3653],[76.7285,18.3776],[76.7,18.3897],[76.7068,18.4213],[76.7213,18.4554],[76.7078,18.4747],[76.7084,18.4869],[76.6943,18.5009],[76.7023,18.547],[76.7158,18.564],[76.7425,18.569],[76.7446,18.5895],[76.7345,18.5923],[76.7415,18.6209],[76.7494,18.6194],[76.7552,18.6325],[76.7526,18.6396],[76.7577,18.6426],[76.7555,18.6735],[76.7419,18.673],[76.7422,18.6845],[76.7497,18.6993],[76.7321,18.7],[76.7275,18.6946],[76.7214,18.6968]]]}},{"type":"Feature","properties":{"ac_name":"LATUR CITY","ac_no":235,"ac_category":"GEN","st_name":"MAHARASHTRA"},"geometry":{"type":"Polygon","coordinates":[[[76.5983,18.4746],[76.5813,18.4795],[76.5823,18.4876],[76.5481,18.4981],[76.5471,18.4642],[76.5379,18.4648],[76.5275,18.4721],[76.5178,18.4713],[76.5144,18.4696],[76.5162,18.4586],[76.5102,18.4504],[76.5064,18.4512],[76.4944,18.4283],[76.4798,18.4263],[76.4783,18.43],[76.463,18.4334],[76.4511,18.4214],[76.4458,18.4059],[76.4483,18.3907],[76.4848,18.3667],[76.4848,18.3471],[76.499,18.3422],[76.5056,18.3159],[76.527,18.3167],[76.5397,18.3268],[76.5568,18.3236],[76.5909,18.333],[76.6225,18.3534],[76.641,18.3512],[76.6577,18.3545],[76.6613,18.3611],[76.6539,18.3703],[76.6435,18.3719],[76.6505,18.3794],[76.648,18.3841],[76.6348,18.3872],[76.6325,18.3936],[76.6197,18.3931],[76.619,18.3867],[76.6045,18.3889],[76.6014,18.3936],[76.6083,18.3994],[76.6025,18.4079],[76.6129,18.4113],[76.6185,18.4237],[76.5776,18.437],[76.579,18.4497],[76.5886,18.4505],[76.5912,18.4604],[76.5912,18.4663],[76.5837,18.4708],[76.5983,18.4715],[76.5983,18.4746]]]}},{"type":"Feature","properties":{"ac_name":"BARAMATI","ac_no":201,"ac_category":"GEN","st_name":"MAHARASHTRA"},"geometry":{"type":"Polygon","coordinates":[[[74.3601,18.3817],[74.3534,18.3901],[74.3225,18.3732],[74.3071,18.3747],[74.3079,18.3415],[74.2761,18.3312],[74.2643,18.3027],[74.2615,18.2722],[74.243,18.2415],[74.2469,18.2268],[74.2448,18.1985],[74.2495,18.1916],[74.246,18.1835],[74.2552,18.1742],[74.2242,18.1298],[74.2193,18.1185],[74.2187,18.0965],[74.2376,18.0988],[74.2635,18.0803],[74.2947,18.0741],[74.3027,18.0673],[74.32,18.0729],[74.3314,18.0881],[74.3561,18.0971],[74.3721,18.0751],[74.3814,18.0702],[74.394,18.0731],[74.4366,18.0645],[74.4607,18.0461],[74.5007,18.0604],[74.5326,18.0575],[74.5475,18.0685],[74.5588,18.07],[74.5692,18.0556],[74.5785,18.0543],[74.5819,18.0466],[74.5901,18.056],[74.6101,18.0466],[74.6222,18.0498],[74.6293,18.0572],[74.6411,18.0441],[74.6538,18.0589],[74.6546,18.0683],[74.6646,18.0701],[74.6845,18.1105],[74.68,18.1365],[74.6692,18.1476],[74.66,18.1692],[74.6677,18.1922],[74.6558,18.2039],[74.6582,18.2434],[74.6714,18.274],[74.6989,18.2781],[74.7089,18.274],[74.7146,18.3065],[74.6218,18.3092],[74.6164,18.3445],[74.6046,18.3492],[74.549,18.3373],[74.5291,18.3275],[74.4811,18.3274],[74.4675,18.3371],[74.4461,18.3424],[74.4351,18.3572],[74.4259,18.3607],[74.3831,18.3539],[74.3675,18.3656],[74.3601,18.3817]]]}},{"type":"Feature","properties":{"ac_name":"BARSHI","ac_no":246,"ac_category":"GEN","st_name":"MAHARASHTRA"},"geometry":{"type":"Polygon","coordinates":[[[75.8123,18.3794],[75.7965,18.3795],[75.7937,18.3871],[75.7798,18.395],[75.7793,18.4028],[75.7697,18.4094],[75.7635,18.4395],[75.7234,18.4336],[75.7057,18.3947],[75.7238,18.3855],[75.7285,18.3626],[75.7181,18.3466],[75.7172,18.3365],[75.7042,18.3382],[75.6959,18.327],[75.6818,18.3238],[75.679,18.3282],[75.6541,18.3327],[75.6471,18.3297],[75.6143,18.2705],[75.6292,18.2655],[75.629,18.2404],[75.5872,18.2533],[75.5786,18.241],[75.5687,18.2354],[75.5611,18.2025],[75.5488,18.2047],[75.5549,18.1905],[75.5441,18.1774],[75.5428,18.1509],[75.5379,18.1446],[75.5706,18.1261],[75.5771,18.1198],[75.5781,18.109],[75.5854,18.1034],[75.5936,18.1077],[75.6003,18.1029],[75.6053,18.0956],[75.644,18.079],[75.6313,18.0693],[75.6305,18.0627],[75.6158,18.0479],[75.6242,18.0223],[75.6491,18.0375],[75.6617,18.0375],[75.6775,18.0454],[75.682,18.0414],[75.6844,18.0203],[75.7041,18.0201],[75.7082,18.0109],[75.7215,18.0113],[75.7273,18.0007],[75.7213,17.9899],[75.7242,17.9819],[75.7335,17.9834],[75.7437,17.9684],[75.7665,17.9709],[75.7657,17.977],[75.7761,17.991],[75.8054,17.9842],[75.8112,17.9761],[75.803,17.9525],[75.808,17.9492],[75.812,17.9246],[75.8384,17.9318],[75.8386,17.9589],[75.8449,17.9746],[75.8447,17.9802],[75.84,17.9808],[75.8567,18.012],[75.872,18.0117],[75.8822,18.0049],[75.9083,18.0036],[75.9088,17.9881],[75.9189,17.9759],[75.9305,17.9744],[75.9521,17.9797],[75.9701,17.972],[75.9796,17.9731],[75.9834,17.9936],[75.9952,17.9948],[76.0045,18.0308],[76.0188,18.0427],[76.0143,18.0531],[76.0057,18.0507],[76.0021,18.0569],[75.9849,18.0541],[75.9959,18.0696],[75.9893,18.0729],[75.9867,18.0886],[75.9563,18.086],[75.9551,18.1004],[75.9459,18.1053],[75.9439,18.1194],[75.9385,18.126],[75.9501,18.1393],[75.9595,18.1611],[75.9474,18.1829],[75.947,18.1993],[75.9381,18.2129],[75.9471,18.2393],[75.9288,18.2598],[75.9306,18.2783],[75.9263,18.2832],[75.924,18.3053],[75.9044,18.328],[75.8959,18.3578],[75.8816,18.3655],[75.8606,18.3588],[75.8525,18.3607],[75.8413,18.3642],[75.8243,18.3784],[75.8123,18.3794]]]}},{"type":"Feature","properties":{"ac_name":"NILANGA","ac_no":238,"ac_category":"GEN","st_name":"MAHARASHTRA"},"geometry":{"type":"Polygon","coordinates":[[[76.9306,18.416],[76.9307,18.4193],[76.9038,18.4058],[76.8859,18.4023],[76.8576,18.4265],[76.8493,18.426],[76.8232,18.3947],[76.7796,18.3918],[76.7767,18.3963],[76.7522,18.398],[76.7384,18.377],[76.7285,18.3776],[76.7267,18.3653],[76.7374,18.3625],[76.7512,18.3505],[76.7497,18.3465],[76.728,18.3377],[76.7321,18.3033],[76.7203,18.2811],[76.7146,18.2819],[76.7246,18.2732],[76.7318,18.2732],[76.7527,18.2842],[76.7559,18.2644],[76.7646,18.2633],[76.7597,18.2519],[76.7612,18.2304],[76.7542,18.2267],[76.7573,18.2173],[76.7884,18.2018],[76.8033,18.2058],[76.826,18.2025],[76.827,18.1846],[76.8359,18.1763],[76.8328,18.1527],[76.8513,18.1377],[76.8377,18.1335],[76.8351,18.1274],[76.8404,18.1078],[76.8515,18.1034],[76.862,18.1079],[76.8576,18.0865],[76.8465,18.0774],[76.8383,18.0745],[76.8302,18.0809],[76.8288,18.0941],[76.8157,18.1003],[76.7977,18.0838],[76.7966,18.0629],[76.7864,18.05],[76.7858,18.0426],[76.79,18.0416],[76.7818,18.0239],[76.791,17.9846],[76.7867,17.9435],[76.7921,17.9259],[76.7732,17.9241],[76.7687,17.9089],[76.7566,17.911],[76.7368,17.9063],[76.7398,17.9001],[76.7683,17.9006],[76.7746,17.8782],[76.8058,17.8707],[76.8102,17.8863],[76.8344,17.885],[76.8334,17.8942],[76.8519,17.9007],[76.8802,17.8944],[76.8837,17.8989],[76.894,17.8995],[76.9005,17.9177],[76.919,17.9167],[76.9205,17.938],[76.9156,17.9384],[76.9131,17.997],[76.9059,17.9969],[76.9054,18.0019],[76.9069,18.0129],[76.9131,18.0194],[76.9144,18.035],[76.9528,18.0409],[76.9447,18.0486],[76.9516,18.0607],[76.945,18.0826],[76.963,18.0894],[76.9659,18.0996],[76.956,18.1094],[76.9219,18.1147],[76.92,18.1246],[76.9315,18.1328],[76.9235,18.1463],[76.9312,18.1597],[76.9425,18.1564],[76.9516,18.1883],[76.9903,18.1908],[76.9974,18.1643],[77.0089,18.1597],[77.0242,18.1595],[77.0232,18.1756],[77.0345,18.1817],[77.0522,18.1737],[77.0524,18.1612],[77.0636,18.1508],[77.0828,18.1504],[77.0989,18.1584],[77.1118,18.1558],[77.1168,18.1667],[77.0974,18.1966],[77.1096,18.2038],[77.1335,18.2063],[77.1404,18.2074],[77.1428,18.217],[77.1514,18.2163],[77.1486,18.2391],[77.1528,18.2388],[77.1621,18.2572],[77.155,18.2619],[77.1408,18.2623],[77.134,18.2714],[77.1413,18.3034],[77.1263,18.3089],[77.1263,18.3017],[77.1179,18.3013],[77.1111,18.3274],[77.0915,18.3179],[77.0796,18.3174],[77.0767,18.3274],[77.0453,18.3244],[77.0448,18.3339],[77.0522,18.3367],[77.0527,18.3482],[77.0292,18.3434],[77.0286,18.3366],[77.0232,18.3364],[77.026,18.3288],[77.014,18.3282],[77.0061,18.3176],[76.9983,18.3185],[76.9845,18.3078],[76.9597,18.3117],[76.9517,18.3086],[76.9359,18.321],[76.9271,18.3215],[76.9218,18.3408],[76.9248,18.3479],[76.9127,18.3628],[76.9351,18.3837],[76.9289,18.391],[76.9306,18.416]]]}},{"type":"Feature","properties":{"ac_name":"INDAPUR","ac_no":200,"ac_category":"GEN","st_name":"MAHARASHTRA"},"geometry":{"type":"Polygon","coordinates":[[[74.7789,18.3279],[74.7598,18.3285],[74.748,18.3033],[74.7146,18.3065],[74.7089,18.274],[74.6989,18.2781],[74.6714,18.274],[74.6582,18.2434],[74.6558,18.2039],[74.6677,18.1922],[74.66,18.1692],[74.6692,18.1476],[74.68,18.1365],[74.6845,18.1105],[74.6646,18.0701],[74.6844,18.0598],[74.6918,18.0385],[74.7023,18.0385],[74.7113,18.0291],[74.7237,18.0316],[74.7424,18.0271],[74.7492,18.0181],[74.7672,18.0242],[74.8027,17.9971],[74.8123,18.0008],[74.8126,18.0119],[74.8195,18.0155],[74.8317,17.9934],[74.8474,17.9973],[74.863,17.9918],[74.8593,17.9704],[74.8443,17.9542],[74.8459,17.9465],[74.8659,17.9525],[74.875,17.9442],[74.8943,17.9371],[74.9128,17.9455],[74.9378,17.9408],[74.9433,17.9368],[74.943,17.9247],[74.9647,17.9168],[75.0182,17.9091],[75.0195,17.8973],[75.0247,17.895],[75.0382,17.9065],[75.0531,17.9046],[75.0446,17.92],[75.0505,17.9273],[75.0573,17.9279],[75.0724,17.9176],[75.0874,17.9271],[75.08,17.9353],[75.0818,17.9414],[75.0972,17.9465],[75.1072,17.9376],[75.1119,17.9386],[75.117,17.9478],[75.1292,17.9559],[75.1282,17.9616],[75.1167,17.9662],[75.1171,17.972],[75.136,17.9712],[75.1245,17.9972],[75.1149,18.0012],[75.1083,17.9994],[75.1002,17.976],[75.08,17.9825],[75.0687,17.979],[75.0542,17.9522],[75.0389,17.9498],[75.0201,17.9674],[75.0272,17.9887],[75.0483,18.0198],[75.0803,18.0389],[75.0852,18.0571],[75.0956,18.0697],[75.1288,18.0744],[75.1349,18.0921],[75.1604,18.1053],[75.163,18.1134],[75.1551,18.1212],[75.1415,18.1231],[75.1132,18.1182],[75.0923,18.1231],[75.0908,18.1488],[75.1115,18.1963],[75.1062,18.2193],[75.0808,18.2184],[75.0544,18.1971],[75.0376,18.1958],[75.0233,18.1886],[75.0189,18.1916],[75.0089,18.2101],[75.0257,18.2375],[75.0436,18.2525],[75.0419,18.262],[74.9907,18.2398],[74.9638,18.2505],[74.9493,18.2663],[74.9252,18.2589],[74.8933,18.2596],[74.8759,18.248],[74.8394,18.2449],[74.7978,18.2791],[74.7966,18.2942],[74.8033,18.3017],[74.8034,18.3233],[74.7789,18.3279]]]}},{"type":"Feature","properties":{"ac_name":"TULJAPUR","ac_no":241,"ac_category":"GEN","st_name":"MAHARASHTRA"},"geometry":{"type":"Polygon","coordinates":[[[76.2915,18.1955],[76.3014,18.2306],[76.2855,18.2322],[76.2835,18.2501],[76.2944,18.2609],[76.3033,18.2628],[76.3103,18.2802],[76.3147,18.2817],[76.3171,18.3303],[76.2848,18.3405],[76.2894,18.3882],[76.2758,18.3819],[76.2573,18.3641],[76.2595,18.351],[76.2475,18.3487],[76.2337,18.335],[76.1975,18.3309],[76.1898,18.3338],[76.1863,18.327],[76.1637,18.3259],[76.155,18.337],[76.1429,18.3276],[76.1418,18.335],[76.1255,18.3341],[76.1243,18.3398],[76.092,18.3288],[76.0904,18.3368],[76.0655,18.3405],[76.0659,18.3261],[76.0742,18.3089],[76.0663,18.3039],[76.0656,18.2785],[76.0344,18.2745],[76.0199,18.2614],[76.0022,18.2739],[75.9928,18.2666],[75.9824,18.2677],[75.9833,18.2625],[75.9718,18.2717],[75.9815,18.2477],[75.9815,18.2352],[76.0057,18.2387],[76.0104,18.2308],[76.0167,18.2315],[76.0204,18.2202],[76.0349,18.2233],[76.0931,18.2176],[76.1076,18.2293],[76.1186,18.2287],[76.1312,18.234],[76.1331,18.1901],[76.1417,18.1857],[76.1419,18.1808],[76.1323,18.1599],[76.1159,18.157],[76.1151,18.1326],[76.1197,18.1122],[76.1379,18.1158],[76.1437,18.1027],[76.1415,18.0884],[76.1568,18.0785],[76.16,18.0713],[76.1477,18.0484],[76.1056,18.0651],[76.092,18.0644],[76.0769,18.0979],[76.0583,18.0942],[76.033,18.0956],[75.9959,18.0696],[75.9849,18.0541],[76.0021,18.0569],[76.0057,18.0507],[76.0143,18.0531],[76.0188,18.0427],[76.0045,18.0308],[75.9952,17.9948],[75.9834,17.9936],[75.9796,17.9731],[75.9701,17.972],[75.9521,17.9797],[75.9305,17.9744],[75.9189,17.9759],[75.9088,17.9881],[75.9083,18.0036],[75.8822,18.0049],[75.872,18.0117],[75.8567,18.012],[75.84,17.9808],[75.8447,17.9802],[75.8449,17.9746],[75.8386,17.9589],[75.8384,17.9318],[75.8468,17.9309],[75.8514,17.924],[75.8428,17.9027],[75.8442,17.8937],[75.857,17.8655],[75.8756,17.8469],[75.8883,17.8461],[75.9116,17.8332],[75.9248,17.8338],[75.9318,17.8517],[75.9412,17.852],[75.9423,17.8436],[75.96,17.8335],[75.9661,17.8191],[75.9775,17.8205],[75.9735,17.8355],[75.9745,17.8411],[75.9804,17.8437],[76.0193,17.8283],[76.0079,17.801],[76.0113,17.7878],[76.0049,17.7861],[76.0029,17.7499],[76.028,17.7661],[76.0551,17.7632],[76.0605,17.7697],[76.0683,17.7687],[76.088,17.7784],[76.097,17.7774],[76.1022,17.7647],[76.1288,17.7676],[76.134,17.7558],[76.1446,17.7562],[76.1473,17.7336],[76.1752,17.7303],[76.1651,17.7143],[76.1494,17.7186],[76.1465,17.7159],[76.1458,17.6996],[76.166,17.7002],[76.1648,17.6933],[76.1862,17.6832],[76.2039,17.6893],[76.2217,17.6882],[76.2223,17.6991],[76.2401,17.6973],[76.2381,17.706],[76.2512,17.7055],[76.2545,17.7166],[76.2692,17.729],[76.2949,17.7294],[76.303,17.7203],[76.3159,17.7149],[76.3171,17.6981],[76.3388,17.6926],[76.3561,17.6974],[76.3633,17.6865],[76.3781,17.6865],[76.3789,17.6606],[76.4038,17.6565],[76.4017,17.6805],[76.387,17.6916],[76.3902,17.7014],[76.3839,17.7059],[76.3549,17.7076],[76.363,17.7252],[76.3858,17.7349],[76.3927,17.745],[76.3903,17.7627],[76.3667,17.7703],[76.3709,17.8234],[76.3619,17.8298],[76.3681,17.8652],[76.3644,17.8724],[76.3406,17.8971],[76.3327,17.918],[76.2892,17.9188],[76.2792,17.9417],[76.3102,17.9545],[76.3055,17.9581],[76.2803,17.9574],[76.2784,17.9438],[76.2645,17.9401],[76.2375,17.9578],[76.2412,17.9727],[76.2374,18.0146],[76.2667,18.0103],[76.2683,18.019],[76.2888,18.0251],[76.2938,18.0587],[76.2863,18.0606],[76.2859,18.0713],[76.278,18.0819],[76.2867,18.0872],[76.2875,18.0924],[76.3046,18.0969],[76.3031,18.1167],[76.2865,18.1243],[76.2752,18.1404],[76.2812,18.1488],[76.2806,18.1815],[76.2915,18.1955]]]}},{"type":"Feature","properties":{"ac_name":"AUSA","ac_no":239,"ac_category":"GEN","st_name":"MAHARASHTRA"},"geometry":{"type":"Polygon","coordinates":[[[76.6577,18.3545],[76.641,18.3512],[76.6225,18.3534],[76.5909,18.333],[76.5568,18.3236],[76.5397,18.3268],[76.527,18.3167],[76.5056,18.3159],[76.4773,18.3102],[76.4686,18.2964],[76.4618,18.2931],[76.4585,18.2639],[76.4494,18.2546],[76.4334,18.2517],[76.4441,18.2089],[76.4605,18.1945],[76.4611,18.1605],[76.4299,18.1704],[76.4235,18.1748],[76.4228,18.1846],[76.4012,18.1893],[76.3956,18.201],[76.3657,18.2],[76.3688,18.1647],[76.3622,18.1617],[76.3568,18.1675],[76.3324,18.1644],[76.325,18.1766],[76.2915,18.1955],[76.2806,18.1815],[76.2812,18.1488],[76.2752,18.1404],[76.2865,18.1243],[76.3031,18.1167],[76.3046,18.0969],[76.3192,18.0781],[76.3273,18.0749],[76.352,18.0803],[76.3729,18.0905],[76.3796,18.0881],[76.3837,18.0775],[76.3978,18.0657],[76.3971,18.0544],[76.4059,18.0459],[76.4155,18.0436],[76.4259,18.0292],[76.4403,18.0331],[76.4627,18.0266],[76.4807,18.0274],[76.4941,18.0217],[76.5194,18.0253],[76.5357,18.0207],[76.5614,18.0301],[76.5652,18.0397],[76.5735,18.0372],[76.5885,18.039],[76.5993,18.031],[76.6107,18.0381],[76.603,18.0068],[76.6164,18.0015],[76.6786,17.9961],[76.6889,17.9699],[76.6728,17.9671],[76.6729,17.9488],[76.6813,17.9467],[76.6741,17.9186],[76.7239,17.9183],[76.7258,17.9126],[76.7353,17.9109],[76.7368,17.9063],[76.7566,17.911],[76.7687,17.9089],[76.7732,17.9241],[76.7921,17.9259],[76.7867,17.9435],[76.791,17.9846],[76.7818,18.0239],[76.79,18.0416],[76.7858,18.0426],[76.7864,18.05],[76.7966,18.0629],[76.7977,18.0838],[76.8157,18.1003],[76.8288,18.0941],[76.8302,18.0809],[76.8383,18.0745],[76.8465,18.0774],[76.8576,18.0865],[76.862,18.1079],[76.8515,18.1034],[76.8404,18.1078],[76.8351,18.1274],[76.8377,18.1335],[76.8513,18.1377],[76.8328,18.1527],[76.8359,18.1763],[76.827,18.1846],[76.826,18.2025],[76.8033,18.2058],[76.7884,18.2018],[76.7573,18.2173],[76.7542,18.2267],[76.7612,18.2304],[76.7597,18.2519],[76.7646,18.2633],[76.7559,18.2644],[76.7527,18.2842],[76.7318,18.2732],[76.7246,18.2732],[76.7146,18.2819],[76.7054,18.2886],[76.7077,18.3136],[76.688,18.3381],[76.6907,18.3562],[76.6795,18.3508],[76.6577,18.3545]]]}},{"type":"Feature","properties":{"ac_name":"WAI","ac_no":256,"ac_category":"GEN","st_name":"MAHARASHTRA"},"geometry":{"type":"Polygon","coordinates":[[[74.0479,18.1393],[74.0278,18.1328],[74.0101,18.1458],[74.006,18.1591],[73.9871,18.1523],[73.9705,18.1585],[73.9432,18.1807],[73.9372,18.1727],[73.9226,18.172],[73.9054,18.1589],[73.8942,18.1823],[73.8847,18.1729],[73.8706,18.1737],[73.8588,18.1646],[73.8591,18.1685],[73.8543,18.1676],[73.8565,18.1718],[73.8488,18.1723],[73.8482,18.1684],[73.8574,18.1626],[73.873,18.1684],[73.902,18.1361],[73.9014,18.1283],[73.8939,18.1253],[73.8883,18.1159],[73.8609,18.1197],[73.8799,18.0862],[73.8683,18.0726],[73.87,18.0475],[73.8643,18.0468],[73.8577,18.0316],[73.8456,18.0405],[73.8408,18.0319],[73.8272,18.0299],[73.813,18.0382],[73.7995,18.0248],[73.794,18.0264],[73.7924,18.0205],[73.7757,18.0279],[73.7663,18.0231],[73.756,18.0302],[73.7555,18.0383],[73.7271,18.0366],[73.7222,18.044],[73.7046,18.0465],[73.6666,18.0253],[73.6584,18.0296],[73.6494,18.0231],[73.6565,18.0132],[73.6393,17.9925],[73.6289,17.9894],[73.6276,17.9852],[73.6383,17.9798],[73.6392,17.9718],[73.5973,17.9402],[73.59,17.9394],[73.5839,17.9476],[73.5766,17.9459],[73.5775,17.933],[73.5633,17.9165],[73.535,17.899],[73.5377,17.8912],[73.5627,17.8942],[73.5701,17.8791],[73.5768,17.8769],[73.575,17.8661],[73.5786,17.8619],[73.5877,17.8528],[73.5973,17.8508],[73.5922,17.8453],[73.6086,17.8355],[73.6184,17.8396],[73.6457,17.8354],[73.6486,17.827],[73.6557,17.8324],[73.6607,17.8256],[73.688,17.8472],[73.6983,17.8407],[73.7166,17.8072],[73.7184,17.8157],[73.7028,17.8473],[73.7096,17.8515],[73.709,17.8652],[73.6988,17.8827],[73.7093,17.8845],[73.7146,17.8729],[73.7239,17.8743],[73.7227,17.8623],[73.743,17.8351],[73.7461,17.8375],[73.7354,17.8524],[73.7421,17.8634],[73.7309,17.8636],[73.7293,17.8913],[73.7212,17.893],[73.7264,17.8984],[73.7056,17.9076],[73.6946,17.9186],[73.7056,17.9238],[73.7438,17.9119],[73.7494,17.9002],[73.7658,17.9012],[73.7708,17.8936],[73.7868,17.8932],[73.7888,17.8982],[73.7821,17.9066],[73.7648,17.9109],[73.7697,17.9196],[73.7874,17.9171],[73.7985,17.9103],[73.8149,17.9096],[73.8129,17.8931],[73.8258,17.9002],[73.8313,17.8933],[73.8365,17.896],[73.878,17.8832],[73.8968,17.8711],[73.9117,17.8761],[73.9346,17.8756],[73.9366,17.8678],[73.9479,17.863],[73.9456,17.8446],[73.9405,17.8444],[73.9375,17.8378],[73.9296,17.8403],[73.9306,17.8056],[73.9503,17.811],[73.979,17.8088],[73.9891,17.8023],[73.9931,17.8225],[74.0188,17.8184],[74.0249,17.8248],[74.0349,17.8176],[74.0475,17.8166],[74.059,17.8307],[74.0487,17.8418],[74.0424,17.8412],[74.0476,17.8619],[74.0496,17.8697],[74.0416,17.8804],[74.0416,17.8954],[74.0299,17.9015],[74.0238,17.9177],[74.0137,17.9157],[74.0217,17.9219],[74.0199,17.9272],[74.0148,17.9319],[74.0027,17.9324],[74.0016,17.9395],[74.0079,17.9402],[74.0138,17.9537],[74.0216,17.9781],[74.0167,17.9895],[74.0287,18.0104],[74.0532,18.0075],[74.0634,18.0128],[74.0729,18.0096],[74.0781,17.9831],[74.0908,17.9635],[74.1006,17.9667],[74.1604,17.9451],[74.1648,17.9672],[74.1634,18.0012],[74.1756,18.0172],[74.1945,18.0316],[74.2093,18.0594],[74.2187,18.0965],[74.2087,18.0976],[74.187,18.112],[74.1613,18.1079],[74.1487,18.1211],[74.1368,18.1171],[74.1194,18.133],[74.1026,18.1234],[74.0772,18.1218],[74.0654,18.1365],[74.0507,18.1402],[74.0479,18.1393]]]}},{"type":"Feature","properties":{"ac_name":"DAPOLI","ac_no":263,"ac_category":"GEN","st_name":"MAHARASHTRA"},"geometry":{"type":"Polygon","coordinates":[[[73.125,17.9998],[73.1147,17.98],[73.0861,17.9902],[73.0663,17.989],[73.0394,17.9803],[73.0307,17.9692],[73.036,17.9566],[73.029,17.9542],[73.0301,17.944],[73.0394,17.9338],[73.0556,17.932],[73.0528,17.9047],[73.0636,17.8914],[73.0717,17.8935],[73.0752,17.8744],[73.0938,17.8413],[73.0882,17.8383],[73.0942,17.8244],[73.089,17.8083],[73.0957,17.8113],[73.1126,17.7891],[73.1148,17.7832],[73.1094,17.7881],[73.1201,17.7592],[73.1267,17.752],[73.1253,17.7426],[73.1342,17.718],[73.1447,17.7221],[73.1351,17.7153],[73.1398,17.7024],[73.1301,17.7059],[73.1146,17.6952],[73.1213,17.666],[73.1325,17.6548],[73.1356,17.6446],[73.1368,17.6484],[73.1449,17.6385],[73.1327,17.644],[73.1269,17.6372],[73.1446,17.601],[73.1537,17.5975],[73.1527,17.5938],[73.1642,17.5889],[73.1678,17.5824],[73.1719,17.5836],[73.1656,17.5871],[73.1755,17.5842],[73.2137,17.5933],[73.2453,17.5733],[73.2525,17.5762],[73.2656,17.5964],[73.2938,17.6051],[73.302,17.5968],[73.3049,17.58],[73.3257,17.5809],[73.335,17.5729],[73.3472,17.5697],[73.3532,17.5847],[73.3659,17.5971],[73.3468,17.6416],[73.3548,17.6642],[73.3421,17.6794],[73.3183,17.6815],[73.3162,17.6942],[73.302,17.6989],[73.3022,17.718],[73.3232,17.7141],[73.3226,17.7297],[73.3437,17.7333],[73.3577,17.7307],[73.3671,17.7181],[73.3749,17.7211],[73.3853,17.7177],[73.3915,17.7095],[73.3989,17.7161],[73.408,17.7046],[73.4262,17.7043],[73.4287,17.6883],[73.4521,17.678],[73.4516,17.6652],[73.4583,17.6645],[73.4672,17.673],[73.4812,17.656],[73.4973,17.6709],[73.5054,17.6712],[73.5142,17.6638],[73.5257,17.6655],[73.5249,17.6826],[73.5478,17.6822],[73.5672,17.7038],[73.5805,17.7094],[73.5821,17.714],[73.5686,17.7246],[73.5925,17.7773],[73.5817,17.7894],[73.5981,17.7905],[73.6033,17.7953],[73.5955,17.8023],[73.5952,17.8194],[73.5848,17.8286],[73.585,17.8394],[73.5922,17.8453],[73.5973,17.8508],[73.5877,17.8528],[73.5786,17.8619],[73.575,17.8661],[73.5768,17.8769],[73.5701,17.8791],[73.5504,17.8647],[73.5336,17.8833],[73.5221,17.8734],[73.5233,17.8666],[73.512,17.8525],[73.5061,17.8509],[73.4985,17.8521],[73.4895,17.8672],[73.4614,17.8671],[73.4501,17.8558],[73.4509,17.8519],[73.4463,17.8514],[73.4388,17.8599],[73.4435,17.8709],[73.4388,17.8791],[73.437,17.9036],[73.4266,17.9095],[73.4235,17.8976],[73.4084,17.8896],[73.4066,17.8841],[73.3919,17.8808],[73.3716,17.8881],[73.3682,17.9064],[73.3765,17.9135],[73.3744,17.925],[73.3697,17.9336],[73.3618,17.9372],[73.3615,17.955],[73.351,17.959],[73.3419,17.9721],[73.3468,17.9867],[73.3575,17.995],[73.3597,18.0062],[73.3459,18.0262],[73.3347,18.0115],[73.328,18.0253],[73.3172,18.0282],[73.3063,18.0222],[73.3007,18.0244],[73.2903,18.0362],[73.2951,18.0584],[73.2876,18.0714],[73.277,18.0668],[73.2631,18.0706],[73.2531,18.062],[73.2284,18.0568],[73.2168,18.0589],[73.2047,18.0693],[73.1926,18.0593],[73.1756,18.0603],[73.1536,18.0362],[73.1496,18.0218],[73.1343,18.0163],[73.125,17.9998]]]}},{"type":"Feature","properties":{"ac_name":"PHALTAN","ac_no":255,"ac_category":"SC","st_name":"MAHARASHTRA"},"geometry":{"type":"Polygon","coordinates":[[[74.2187,18.0965],[74.2093,18.0594],[74.1945,18.0316],[74.1756,18.0172],[74.1634,18.0012],[74.1648,17.9672],[74.1604,17.9451],[74.1006,17.9667],[74.0908,17.9635],[74.0781,17.9831],[74.0729,18.0096],[74.0634,18.0128],[74.0532,18.0075],[74.0287,18.0104],[74.0167,17.9895],[74.0216,17.9781],[74.0138,17.9537],[74.0079,17.9402],[74.0016,17.9395],[74.0027,17.9324],[74.0148,17.9319],[74.0199,17.9272],[74.0217,17.9219],[74.0137,17.9157],[74.0238,17.9177],[74.0299,17.9015],[74.0416,17.8954],[74.0416,17.8804],[74.0496,17.8697],[74.0476,17.8619],[74.0633,17.8654],[74.0886,17.8481],[74.1001,17.8515],[74.102,17.8657],[74.111,17.8662],[74.1144,17.8614],[74.1269,17.8693],[74.1293,17.8612],[74.1386,17.8616],[74.1368,17.8509],[74.1679,17.8486],[74.1967,17.862],[74.2059,17.8607],[74.2233,17.8745],[74.2256,17.8861],[74.2357,17.8916],[74.2563,17.8864],[74.2838,17.8799],[74.2877,17.8748],[74.2822,17.8652],[74.2966,17.8628],[74.3037,17.8512],[74.3108,17.8549],[74.3116,17.8487],[74.3235,17.8508],[74.3639,17.8187],[74.3796,17.8219],[74.3819,17.8136],[74.3956,17.8296],[74.3907,17.8337],[74.4186,17.8468],[74.4189,17.8571],[74.4319,17.8502],[74.4389,17.8555],[74.4401,17.8476],[74.4648,17.8575],[74.479,17.8585],[74.4761,17.8526],[74.4905,17.8499],[74.4929,17.8561],[74.4864,17.8643],[74.4895,17.8675],[74.4982,17.8631],[74.5019,17.8732],[74.4945,17.889],[74.512,17.8808],[74.5165,17.8827],[74.5135,17.892],[74.5197,17.8862],[74.5231,17.8903],[74.5203,17.9008],[74.5245,17.897],[74.5306,17.9033],[74.5365,17.9024],[74.5336,17.8939],[74.5383,17.8937],[74.5291,17.8831],[74.5493,17.8749],[74.5509,17.861],[74.5575,17.8646],[74.5649,17.8528],[74.5717,17.8515],[74.5767,17.8586],[74.5947,17.8595],[74.597,17.8522],[74.6082,17.8473],[74.6119,17.8623],[74.6203,17.8627],[74.6363,17.8729],[74.6321,17.8855],[74.6347,17.902],[74.6434,17.916],[74.6531,17.9201],[74.6668,17.9723],[74.668,17.9897],[74.6618,18.0003],[74.6628,18.0049],[74.6869,18.0206],[74.7113,18.0291],[74.7023,18.0385],[74.6918,18.0385],[74.6844,18.0598],[74.6646,18.0701],[74.6546,18.0683],[74.6538,18.0589],[74.6411,18.0441],[74.6293,18.0572],[74.6222,18.0498],[74.6101,18.0466],[74.5901,18.056],[74.5819,18.0466],[74.5785,18.0543],[74.5692,18.0556],[74.5588,18.07],[74.5475,18.0685],[74.5326,18.0575],[74.5007,18.0604],[74.4607,18.0461],[74.4366,18.0645],[74.394,18.0731],[74.3814,18.0702],[74.3721,18.0751],[74.3561,18.0971],[74.3314,18.0881],[74.32,18.0729],[74.3027,18.0673],[74.2947,18.0741],[74.2635,18.0803],[74.2376,18.0988],[74.2187,18.0965]]]}},{"type":"Feature","properties":{"ac_name":"MADHA","ac_no":245,"ac_category":"GEN","st_name":"MAHARASHTRA"},"geometry":{"type":"Polygon","coordinates":[[[75.6003,18.1029],[75.5679,18.094],[75.5583,18.1031],[75.5638,18.1093],[75.5603,18.1147],[75.5512,18.1109],[75.5334,18.115],[75.5003,18.1082],[75.5023,18.1003],[75.4888,18.0998],[75.4904,18.0722],[75.4945,18.0706],[75.4901,18.0637],[75.4803,18.0653],[75.4753,18.06],[75.4846,18.0225],[75.4747,18.0107],[75.441,18.0266],[75.4435,18.0428],[75.4222,18.0651],[75.3883,18.0582],[75.3797,18.0724],[75.3433,18.0658],[75.3373,18.0687],[75.3336,18.065],[75.3034,18.0675],[75.2897,18.0572],[75.2399,18.0582],[75.2264,18.0608],[75.2187,18.0826],[75.2219,18.0896],[75.2122,18.0902],[75.203,18.0985],[75.1749,18.0965],[75.1604,18.1053],[75.1349,18.0921],[75.1288,18.0744],[75.0956,18.0697],[75.0852,18.0571],[75.0803,18.0389],[75.0483,18.0198],[75.0272,17.9887],[75.0201,17.9674],[75.0389,17.9498],[75.0542,17.9522],[75.0687,17.979],[75.08,17.9825],[75.1002,17.976],[75.1083,17.9994],[75.1149,18.0012],[75.1245,17.9972],[75.136,17.9712],[75.1612,17.9741],[75.1657,17.951],[75.1697,17.9479],[75.1657,17.9373],[75.1617,17.931],[75.1422,17.9318],[75.1261,17.9264],[75.1025,17.904],[75.0781,17.8992],[75.0722,17.8577],[75.0621,17.8485],[75.0901,17.8424],[75.0861,17.8267],[75.1147,17.823],[75.1239,17.7749],[75.1508,17.77],[75.1598,17.7732],[75.1495,17.7513],[75.1458,17.7336],[75.1808,17.7197],[75.2109,17.7276],[75.2211,17.7529],[75.2734,17.7614],[75.2784,17.7614],[75.2918,17.7456],[75.3164,17.7314],[75.3185,17.7117],[75.3122,17.6972],[75.318,17.692],[75.339,17.6898],[75.3498,17.669],[75.3674,17.6669],[75.3974,17.6955],[75.417,17.6834],[75.4331,17.682],[75.4484,17.7054],[75.4615,17.7092],[75.4656,17.7165],[75.4602,17.7425],[75.4693,17.7488],[75.4657,17.7703],[75.4614,17.7773],[75.4531,17.7703],[75.4344,17.77],[75.4313,17.7933],[75.4221,17.8104],[75.3843,17.816],[75.364,17.8414],[75.3656,17.8798],[75.41,17.8757],[75.4113,17.8945],[75.4166,17.9033],[75.4132,17.9304],[75.4522,17.923],[75.4669,17.9139],[75.493,17.9316],[75.5094,17.93],[75.5315,17.9201],[75.5685,17.9197],[75.5816,17.9267],[75.6102,17.9283],[75.6122,17.9458],[75.6304,17.9461],[75.6547,17.9578],[75.6703,17.9482],[75.6812,17.9666],[75.697,17.98],[75.6988,18.0048],[75.7082,18.0109],[75.7041,18.0201],[75.6844,18.0203],[75.682,18.0414],[75.6775,18.0454],[75.6617,18.0375],[75.6491,18.0375],[75.6242,18.0223],[75.6158,18.0479],[75.6305,18.0627],[75.6313,18.0693],[75.644,18.079],[75.6053,18.0956],[75.6003,18.1029]]]}},{"type":"Feature","properties":{"ac_name":"MALSHIRAS","ac_no":254,"ac_category":"SC","st_name":"MAHARASHTRA"},"geometry":{"type":"Polygon","coordinates":[[[74.6618,18.0003],[74.668,17.9897],[74.6668,17.9723],[74.6531,17.9201],[74.6434,17.916],[74.6347,17.902],[74.6321,17.8855],[74.6363,17.8729],[74.6203,17.8627],[74.6119,17.8623],[74.6082,17.8473],[74.6109,17.8438],[74.6214,17.8452],[74.614,17.8332],[74.6184,17.8317],[74.6243,17.8365],[74.6273,17.8305],[74.6306,17.834],[74.6262,17.841],[74.6365,17.8296],[74.6429,17.8311],[74.6363,17.8362],[74.6445,17.8362],[74.6478,17.8398],[74.6379,17.8408],[74.6524,17.844],[74.6443,17.8467],[74.6493,17.8494],[74.6534,17.8632],[74.6659,17.8641],[74.6674,17.8567],[74.6794,17.85],[74.6774,17.8407],[74.6812,17.8394],[74.6774,17.835],[74.6821,17.8346],[74.6836,17.8289],[74.6896,17.8302],[74.6824,17.8273],[74.6919,17.8225],[74.6817,17.8188],[74.6873,17.8163],[74.6834,17.8124],[74.6907,17.8088],[74.6894,17.8039],[74.6943,17.8047],[74.6958,17.8113],[74.6955,17.804],[74.7029,17.8096],[74.6966,17.8011],[74.7029,17.799],[74.6926,17.798],[74.6986,17.7921],[74.7068,17.7961],[74.6984,17.7888],[74.7102,17.7877],[74.7137,17.7959],[74.7144,17.7862],[74.727,17.7934],[74.7257,17.7975],[74.7286,17.7933],[74.7347,17.7959],[74.7388,17.7899],[74.7533,17.7876],[74.7557,17.7739],[74.7503,17.7849],[74.7462,17.7846],[74.7513,17.7729],[74.7406,17.7755],[74.7397,17.768],[74.755,17.7694],[74.7517,17.7628],[74.7556,17.759],[74.7596,17.7686],[74.7627,17.7582],[74.7647,17.7624],[74.7675,17.7596],[74.7668,17.7692],[74.7794,17.7759],[74.7871,17.7626],[74.8189,17.7507],[74.8397,17.7274],[74.8468,17.7319],[74.849,17.7251],[74.8582,17.7306],[74.8699,17.7283],[74.8725,17.7217],[74.8652,17.7095],[74.8644,17.6948],[74.874,17.6826],[74.884,17.6839],[74.8911,17.6592],[74.8993,17.6484],[74.898,17.6403],[74.9059,17.629],[74.9097,17.6296],[74.9096,17.62],[74.9235,17.6175],[74.9398,17.6187],[74.9518,17.6107],[74.9586,17.6133],[74.9848,17.5935],[74.9992,17.5908],[75.012,17.5925],[75.0206,17.6062],[75.0708,17.6264],[75.0829,17.6688],[75.0964,17.6787],[75.1059,17.6954],[75.1109,17.7353],[75.1315,17.7473],[75.1473,17.7474],[75.1495,17.7513],[75.1598,17.7732],[75.1508,17.77],[75.1239,17.7749],[75.1147,17.823],[75.0861,17.8267],[75.0901,17.8424],[75.0621,17.8485],[75.0722,17.8577],[75.0781,17.8992],[75.1025,17.904],[75.1261,17.9264],[75.1422,17.9318],[75.1617,17.931],[75.1657,17.9373],[75.1697,17.9479],[75.1657,17.951],[75.1612,17.9741],[75.136,17.9712],[75.1171,17.972],[75.1167,17.9662],[75.1282,17.9616],[75.1292,17.9559],[75.117,17.9478],[75.1119,17.9386],[75.1072,17.9376],[75.0972,17.9465],[75.0818,17.9414],[75.08,17.9353],[75.0874,17.9271],[75.0724,17.9176],[75.0573,17.9279],[75.0505,17.9273],[75.0446,17.92],[75.0531,17.9046],[75.0382,17.9065],[75.0247,17.895],[75.0195,17.8973],[75.0182,17.9091],[74.9647,17.9168],[74.943,17.9247],[74.9433,17.9368],[74.9378,17.9408],[74.9128,17.9455],[74.8943,17.9371],[74.875,17.9442],[74.8659,17.9525],[74.8459,17.9465],[74.8443,17.9542],[74.8593,17.9704],[74.863,17.9918],[74.8474,17.9973],[74.8317,17.9934],[74.8195,18.0155],[74.8126,18.0119],[74.8123,18.0008],[74.8027,17.9971],[74.7672,18.0242],[74.7492,18.0181],[74.7424,18.0271],[74.7237,18.0316],[74.7113,18.0291],[74.6869,18.0206],[74.6628,18.0049],[74.6618,18.0003]]]}},{"type":"Feature","properties":{"ac_name":"UMARGA","ac_no":240,"ac_category":"SC","st_name":"MAHARASHTRA"},"geometry":{"type":"Polygon","coordinates":[[[76.5735,18.0372],[76.5652,18.0397],[76.5614,18.0301],[76.5357,18.0207],[76.5194,18.0253],[76.4941,18.0217],[76.4807,18.0274],[76.4627,18.0266],[76.4403,18.0331],[76.4259,18.0292],[76.4155,18.0436],[76.4059,18.0459],[76.3971,18.0544],[76.3978,18.0657],[76.3837,18.0775],[76.3796,18.0881],[76.3729,18.0905],[76.352,18.0803],[76.3273,18.0749],[76.3192,18.0781],[76.3046,18.0969],[76.2875,18.0924],[76.2867,18.0872],[76.278,18.0819],[76.2859,18.0713],[76.2863,18.0606],[76.2938,18.0587],[76.2888,18.0251],[76.2683,18.019],[76.2667,18.0103],[76.2374,18.0146],[76.2412,17.9727],[76.2375,17.9578],[76.2645,17.9401],[76.2784,17.9438],[76.2803,17.9574],[76.3055,17.9581],[76.3102,17.9545],[76.2792,17.9417],[76.2892,17.9188],[76.3327,17.918],[76.3406,17.8971],[76.3644,17.8724],[76.3681,17.8652],[76.3619,17.8298],[76.3709,17.8234],[76.3667,17.7703],[76.3903,17.7627],[76.3927,17.745],[76.3858,17.7349],[76.363,17.7252],[76.3549,17.7076],[76.3839,17.7059],[76.3902,17.7014],[76.387,17.6916],[76.4017,17.6805],[76.4038,17.6565],[76.4125,17.6476],[76.4278,17.6446],[76.4328,17.6472],[76.4445,17.6424],[76.4407,17.6502],[76.4529,17.6506],[76.4524,17.6565],[76.4887,17.6621],[76.483,17.6796],[76.4862,17.7156],[76.4989,17.7184],[76.5237,17.7155],[76.526,17.76],[76.5317,17.758],[76.5604,17.7647],[76.5718,17.7612],[76.5643,17.7503],[76.5683,17.7433],[76.5696,17.7069],[76.5816,17.7055],[76.5873,17.7075],[76.5992,17.7254],[76.6053,17.7577],[76.6152,17.7705],[76.6319,17.7549],[76.6297,17.7423],[76.6332,17.7288],[76.6532,17.7227],[76.665,17.6877],[76.6754,17.6904],[76.6873,17.6802],[76.6913,17.6814],[76.6923,17.7066],[76.7023,17.71],[76.7049,17.72],[76.6991,17.7276],[76.7283,17.7388],[76.7246,17.7509],[76.719,17.7515],[76.7212,17.7691],[76.7118,17.7726],[76.714,17.781],[76.721,17.7881],[76.7407,17.7799],[76.7443,17.7803],[76.7429,17.7846],[76.7504,17.7841],[76.7493,17.7875],[76.7619,17.7864],[76.7669,17.7988],[76.7808,17.8034],[76.7808,17.8112],[76.7905,17.8258],[76.7681,17.8518],[76.7537,17.8572],[76.7385,17.8567],[76.7398,17.9001],[76.7368,17.9063],[76.7353,17.9109],[76.7258,17.9126],[76.7239,17.9183],[76.6741,17.9186],[76.6813,17.9467],[76.6729,17.9488],[76.6728,17.9671],[76.6889,17.9699],[76.6786,17.9961],[76.6164,18.0015],[76.603,18.0068],[76.6107,18.0381],[76.5993,18.031],[76.5885,18.039],[76.5735,18.0372]]]}},{"type":"Feature","properties":{"ac_name":"SATARA","ac_no":262,"ac_category":"GEN","st_name":"MAHARASHTRA"},"geometry":{"type":"Polygon","coordinates":[[[73.7494,17.9002],[73.7438,17.9119],[73.7056,17.9238],[73.6946,17.9186],[73.7056,17.9076],[73.7264,17.8984],[73.7212,17.893],[73.7293,17.8913],[73.7309,17.8636],[73.7421,17.8634],[73.7354,17.8524],[73.7461,17.8375],[73.743,17.8351],[73.7227,17.8623],[73.7239,17.8743],[73.7146,17.8729],[73.7093,17.8845],[73.6988,17.8827],[73.709,17.8652],[73.7096,17.8515],[73.7028,17.8473],[73.7184,17.8157],[73.7166,17.8072],[73.6983,17.8407],[73.688,17.8472],[73.6607,17.8256],[73.6557,17.8324],[73.6486,17.827],[73.6457,17.8354],[73.6184,17.8396],[73.6086,17.8355],[73.5922,17.8453],[73.585,17.8394],[73.5848,17.8286],[73.5952,17.8194],[73.5955,17.8023],[73.6033,17.7953],[73.5981,17.7905],[73.5817,17.7894],[73.5925,17.7773],[73.5686,17.7246],[73.5821,17.714],[73.5805,17.7094],[73.5954,17.7019],[73.6151,17.7136],[73.6354,17.6986],[73.6518,17.7081],[73.6575,17.6959],[73.664,17.6973],[73.6876,17.6868],[73.6816,17.6833],[73.6812,17.6776],[73.6916,17.6739],[73.7006,17.658],[73.6965,17.6511],[73.6992,17.6413],[73.6906,17.6292],[73.7086,17.6273],[73.72,17.6213],[73.7209,17.6161],[73.7132,17.6083],[73.724,17.5991],[73.7265,17.59],[73.7153,17.574],[73.7449,17.557],[73.7762,17.5619],[73.7812,17.5251],[73.7981,17.5389],[73.7978,17.5501],[73.8068,17.5631],[73.8243,17.571],[73.8304,17.5593],[73.85,17.5647],[73.8733,17.5547],[73.8848,17.5554],[73.8863,17.5441],[73.8947,17.5419],[73.8994,17.5489],[73.8995,17.5648],[73.9104,17.5802],[73.9241,17.5646],[73.9505,17.5546],[73.9566,17.5475],[73.9712,17.5383],[73.9818,17.5398],[74.0089,17.5685],[74.0115,17.582],[74.0201,17.5908],[74.0363,17.5893],[74.0429,17.5967],[74.0542,17.5859],[74.0683,17.613],[74.0559,17.6156],[74.0484,17.6324],[74.0344,17.6425],[74.0276,17.6581],[74.0155,17.6638],[74.013,17.676],[74.0253,17.6881],[74.0339,17.7118],[74.0156,17.7134],[74.0023,17.7227],[74.0082,17.7473],[74.0232,17.7413],[74.0303,17.7427],[74.0288,17.7552],[74.0334,17.7554],[74.0426,17.7683],[74.0291,17.7771],[74.0281,17.7841],[73.9891,17.8023],[73.979,17.8088],[73.9503,17.811],[73.9306,17.8056],[73.9296,17.8403],[73.9375,17.8378],[73.9405,17.8444],[73.9456,17.8446],[73.9479,17.863],[73.9366,17.8678],[73.9346,17.8756],[73.9117,17.8761],[73.8968,17.8711],[73.878,17.8832],[73.8365,17.896],[73.8313,17.8933],[73.8258,17.9002],[73.8129,17.8931],[73.8149,17.9096],[73.7985,17.9103],[73.7874,17.9171],[73.7697,17.9196],[73.7648,17.9109],[73.7821,17.9066],[73.7888,17.8982],[73.7868,17.8932],[73.7708,17.8936],[73.7658,17.9012],[73.7494,17.9002]]]}},{"type":"Feature","properties":{"ac_name":"MOHOL","ac_no":247,"ac_category":"SC","st_name":"MAHARASHTRA"},"geometry":{"type":"Polygon","coordinates":[[[75.7273,18.0007],[75.7215,18.0113],[75.7082,18.0109],[75.6988,18.0048],[75.697,17.98],[75.6812,17.9666],[75.6703,17.9482],[75.6547,17.9578],[75.6304,17.9461],[75.6122,17.9458],[75.6102,17.9283],[75.5816,17.9267],[75.5685,17.9197],[75.5315,17.9201],[75.5094,17.93],[75.493,17.9316],[75.4669,17.9139],[75.4522,17.923],[75.4132,17.9304],[75.4166,17.9033],[75.4113,17.8945],[75.41,17.8757],[75.3656,17.8798],[75.364,17.8414],[75.3843,17.816],[75.4221,17.8104],[75.4313,17.7933],[75.4344,17.77],[75.4531,17.7703],[75.4614,17.7773],[75.4657,17.7703],[75.4693,17.7488],[75.4602,17.7425],[75.4656,17.7165],[75.4615,17.7092],[75.4484,17.7054],[75.4331,17.682],[75.417,17.6834],[75.4087,17.668],[75.393,17.6716],[75.387,17.6497],[75.4032,17.6409],[75.4157,17.6552],[75.4376,17.6554],[75.441,17.6211],[75.4448,17.617],[75.4394,17.6123],[75.4408,17.5856],[75.4708,17.5846],[75.4752,17.5936],[75.4917,17.6039],[75.4921,17.6142],[75.4969,17.6134],[75.5182,17.5998],[75.5537,17.6011],[75.546,17.5816],[75.5479,17.5693],[75.5513,17.5653],[75.5629,17.571],[75.5681,17.5681],[75.5746,17.5517],[75.5816,17.5485],[75.5975,17.5611],[75.6195,17.5456],[75.6212,17.5313],[75.6508,17.5438],[75.6554,17.5424],[75.6829,17.5515],[75.6992,17.5516],[75.7151,17.5699],[75.7304,17.5749],[75.7469,17.6082],[75.7591,17.6201],[75.7739,17.6136],[75.7654,17.6395],[75.7745,17.6548],[75.7626,17.6736],[75.7712,17.69],[75.7664,17.7066],[75.7695,17.7221],[75.7591,17.7255],[75.7598,17.7301],[75.8061,17.7444],[75.8315,17.7666],[75.8408,17.7684],[75.8508,17.7541],[75.8493,17.7321],[75.8567,17.7309],[75.8611,17.7207],[75.883,17.7194],[75.8844,17.7138],[75.8957,17.7161],[75.8965,17.7322],[75.9018,17.7395],[75.9066,17.7182],[75.9365,17.7165],[75.9375,17.7235],[75.9518,17.7241],[75.9514,17.7398],[75.9397,17.7523],[75.953,17.7785],[75.9383,17.7721],[75.9469,17.7988],[75.9563,17.807],[75.9571,17.8159],[75.9661,17.8191],[75.96,17.8335],[75.9423,17.8436],[75.9412,17.852],[75.9318,17.8517],[75.9248,17.8338],[75.9116,17.8332],[75.8883,17.8461],[75.8756,17.8469],[75.857,17.8655],[75.8442,17.8937],[75.8428,17.9027],[75.8514,17.924],[75.8468,17.9309],[75.8384,17.9318],[75.812,17.9246],[75.808,17.9492],[75.803,17.9525],[75.8112,17.9761],[75.8054,17.9842],[75.7761,17.991],[75.7657,17.977],[75.7665,17.9709],[75.7437,17.9684],[75.7335,17.9834],[75.7242,17.9819],[75.7213,17.9899],[75.7273,18.0007]]]}},{"type":"Feature","properties":{"ac_name":"KOREGAON","ac_no":257,"ac_category":"GEN","st_name":"MAHARASHTRA"},"geometry":{"type":"Polygon","coordinates":[[[74.2563,17.8864],[74.2357,17.8916],[74.2256,17.8861],[74.2233,17.8745],[74.2059,17.8607],[74.1967,17.862],[74.1679,17.8486],[74.1368,17.8509],[74.1386,17.8616],[74.1293,17.8612],[74.1269,17.8693],[74.1144,17.8614],[74.111,17.8662],[74.102,17.8657],[74.1001,17.8515],[74.0886,17.8481],[74.0633,17.8654],[74.0476,17.8619],[74.0424,17.8412],[74.0487,17.8418],[74.059,17.8307],[74.0475,17.8166],[74.0349,17.8176],[74.0249,17.8248],[74.0188,17.8184],[73.9931,17.8225],[73.9891,17.8023],[74.0281,17.7841],[74.0291,17.7771],[74.0426,17.7683],[74.0334,17.7554],[74.0288,17.7552],[74.0303,17.7427],[74.0232,17.7413],[74.0082,17.7473],[74.0023,17.7227],[74.0156,17.7134],[74.0339,17.7118],[74.0253,17.6881],[74.013,17.676],[74.0155,17.6638],[74.0276,17.6581],[74.0344,17.6425],[74.0484,17.6324],[74.0559,17.6156],[74.0683,17.613],[74.084,17.6053],[74.0893,17.591],[74.0975,17.5872],[74.1042,17.5637],[74.1247,17.5686],[74.13,17.5661],[74.1487,17.5771],[74.1533,17.5919],[74.151,17.6018],[74.1608,17.6122],[74.1577,17.6273],[74.1631,17.6334],[74.1708,17.6334],[74.1703,17.6291],[74.1934,17.6334],[74.2127,17.6307],[74.2121,17.6533],[74.2665,17.6629],[74.274,17.6479],[74.2643,17.6351],[74.2571,17.6343],[74.2665,17.6286],[74.268,17.6221],[74.2784,17.6179],[74.2804,17.6106],[74.3153,17.6219],[74.327,17.6209],[74.3356,17.609],[74.3463,17.6131],[74.3468,17.6251],[74.3342,17.6297],[74.3501,17.6448],[74.3631,17.643],[74.3714,17.6342],[74.3851,17.632],[74.392,17.6337],[74.405,17.6473],[74.4324,17.6505],[74.4361,17.6565],[74.4378,17.6669],[74.4295,17.6613],[74.4202,17.6618],[74.4246,17.6753],[74.4175,17.6762],[74.4153,17.6824],[74.4186,17.7063],[74.428,17.7284],[74.4054,17.7435],[74.3876,17.7428],[74.3875,17.7495],[74.3786,17.7542],[74.3858,17.7614],[74.3809,17.7676],[74.3733,17.7638],[74.3653,17.7702],[74.3702,17.776],[74.3646,17.7848],[74.3784,17.785],[74.3814,17.7925],[74.3624,17.8101],[74.3639,17.8187],[74.3235,17.8508],[74.3116,17.8487],[74.3108,17.8549],[74.3037,17.8512],[74.2966,17.8628],[74.2822,17.8652],[74.2877,17.8748],[74.2838,17.8799],[74.2563,17.8864]]]}},{"type":"Feature","properties":{"ac_name":"MAN","ac_no":258,"ac_category":"GEN","st_name":"MAHARASHTRA"},"geometry":{"type":"Polygon","coordinates":[[[74.6082,17.8473],[74.597,17.8522],[74.5947,17.8595],[74.5767,17.8586],[74.5717,17.8515],[74.5649,17.8528],[74.5575,17.8646],[74.5509,17.861],[74.5493,17.8749],[74.5291,17.8831],[74.5383,17.8937],[74.5336,17.8939],[74.5365,17.9024],[74.5306,17.9033],[74.5245,17.897],[74.5203,17.9008],[74.5231,17.8903],[74.5197,17.8862],[74.5135,17.892],[74.5165,17.8827],[74.512,17.8808],[74.4945,17.889],[74.5019,17.8732],[74.4982,17.8631],[74.4895,17.8675],[74.4864,17.8643],[74.4929,17.8561],[74.4905,17.8499],[74.4761,17.8526],[74.479,17.8585],[74.4648,17.8575],[74.4401,17.8476],[74.4389,17.8555],[74.4319,17.8502],[74.4189,17.8571],[74.4186,17.8468],[74.3907,17.8337],[74.3956,17.8296],[74.3819,17.8136],[74.3796,17.8219],[74.3639,17.8187],[74.3624,17.8101],[74.3814,17.7925],[74.3784,17.785],[74.3646,17.7848],[74.3702,17.776],[74.3653,17.7702],[74.3733,17.7638],[74.3809,17.7676],[74.3858,17.7614],[74.3786,17.7542],[74.3875,17.7495],[74.3876,17.7428],[74.4054,17.7435],[74.428,17.7284],[74.4186,17.7063],[74.4153,17.6824],[74.4175,17.6762],[74.4246,17.6753],[74.4202,17.6618],[74.4295,17.6613],[74.4378,17.6669],[74.4361,17.6565],[74.4324,17.6505],[74.405,17.6473],[74.392,17.6337],[74.3851,17.632],[74.3714,17.6342],[74.3631,17.643],[74.3501,17.6448],[74.3342,17.6297],[74.3468,17.6251],[74.3463,17.6131],[74.3356,17.609],[74.327,17.6209],[74.3153,17.6219],[74.2804,17.6106],[74.2769,17.6003],[74.2715,17.5993],[74.273,17.5956],[74.2863,17.5909],[74.2998,17.5771],[74.2987,17.5725],[74.2855,17.562],[74.2873,17.5349],[74.258,17.5206],[74.2727,17.5115],[74.2732,17.4893],[74.2805,17.4763],[74.3149,17.4788],[74.3259,17.484],[74.3275,17.489],[74.3514,17.4801],[74.3623,17.4878],[74.3776,17.4842],[74.3875,17.494],[74.393,17.493],[74.4091,17.4694],[74.4203,17.479],[74.4452,17.4805],[74.4464,17.461],[74.4263,17.4581],[74.4286,17.4456],[74.4447,17.4438],[74.4602,17.4334],[74.4941,17.4365],[74.4971,17.4286],[74.4878,17.4229],[74.4713,17.4208],[74.4725,17.3909],[74.4984,17.3838],[74.5032,17.3891],[74.5224,17.4057],[74.5218,17.4122],[74.5315,17.4202],[74.5468,17.4218],[74.5834,17.4139],[74.5839,17.4318],[74.5888,17.4457],[74.5951,17.4486],[74.6053,17.4464],[74.6245,17.4133],[74.6247,17.4008],[74.6596,17.3984],[74.6709,17.3881],[74.6853,17.3937],[74.6895,17.4036],[74.6815,17.4223],[74.694,17.4305],[74.6964,17.4683],[74.6945,17.4798],[74.6853,17.4877],[74.7008,17.4883],[74.7181,17.4849],[74.7247,17.4785],[74.7555,17.4749],[74.786,17.459],[74.808,17.4538],[74.8173,17.4679],[74.822,17.4665],[74.8316,17.4853],[74.8602,17.5113],[74.8634,17.5283],[74.8571,17.56],[74.876,17.5702],[74.8807,17.5778],[74.8805,17.6048],[74.9057,17.6289],[74.9059,17.629],[74.898,17.6403],[74.8993,17.6484],[74.8911,17.6592],[74.884,17.6839],[74.874,17.6826],[74.8644,17.6948],[74.8652,17.7095],[74.8725,17.7217],[74.8699,17.7283],[74.8582,17.7306],[74.849,17.7251],[74.8468,17.7319],[74.8397,17.7274],[74.8189,17.7507],[74.7871,17.7626],[74.7794,17.7759],[74.7668,17.7692],[74.7675,17.7596],[74.7647,17.7624],[74.7627,17.7582],[74.7596,17.7686],[74.7556,17.759],[74.7517,17.7628],[74.755,17.7694],[74.7397,17.768],[74.7406,17.7755],[74.7513,17.7729],[74.7462,17.7846],[74.7503,17.7849],[74.7557,17.7739],[74.7533,17.7876],[74.7388,17.7899],[74.7347,17.7959],[74.7286,17.7933],[74.7257,17.7975],[74.727,17.7934],[74.7144,17.7862],[74.7137,17.7959],[74.7102,17.7877],[74.6984,17.7888],[74.7068,17.7961],[74.6986,17.7921],[74.6926,17.798],[74.7029,17.799],[74.6966,17.8011],[74.7029,17.8096],[74.6955,17.804],[74.6958,17.8113],[74.6943,17.8047],[74.6894,17.8039],[74.6907,17.8088],[74.6834,17.8124],[74.6873,17.8163],[74.6817,17.8188],[74.6919,17.8225],[74.6824,17.8273],[74.6896,17.8302],[74.6836,17.8289],[74.6821,17.8346],[74.6774,17.835],[74.6812,17.8394],[74.6774,17.8407],[74.6794,17.85],[74.6674,17.8567],[74.6659,17.8641],[74.6534,17.8632],[74.6493,17.8494],[74.6443,17.8467],[74.6524,17.844],[74.6379,17.8408],[74.6478,17.8398],[74.6445,17.8362],[74.6363,17.8362],[74.6429,17.8311],[74.6365,17.8296],[74.6262,17.841],[74.6306,17.834],[74.6273,17.8305],[74.6243,17.8365],[74.6184,17.8317],[74.614,17.8332],[74.6214,17.8452],[74.6109,17.8438],[74.6082,17.8473]]]}},{"type":"Feature","properties":{"ac_name":"GUHAGAR","ac_no":264,"ac_category":"GEN","st_name":"MAHARASHTRA"},"geometry":{"type":"Polygon","coordinates":[[[73.5805,17.7094],[73.5672,17.7038],[73.5478,17.6822],[73.5249,17.6826],[73.5257,17.6655],[73.5142,17.6638],[73.5054,17.6712],[73.4973,17.6709],[73.4812,17.656],[73.4672,17.673],[73.4583,17.6645],[73.4516,17.6652],[73.4521,17.678],[73.4287,17.6883],[73.4262,17.7043],[73.408,17.7046],[73.3989,17.7161],[73.3915,17.7095],[73.3853,17.7177],[73.3749,17.7211],[73.3671,17.7181],[73.3577,17.7307],[73.3437,17.7333],[73.3226,17.7297],[73.3232,17.7141],[73.3022,17.718],[73.302,17.6989],[73.3162,17.6942],[73.3183,17.6815],[73.3421,17.6794],[73.3548,17.6642],[73.3468,17.6416],[73.3659,17.5971],[73.3532,17.5847],[73.3472,17.5697],[73.335,17.5729],[73.3257,17.5809],[73.3049,17.58],[73.302,17.5968],[73.2938,17.6051],[73.2656,17.5964],[73.2525,17.5762],[73.2453,17.5733],[73.2137,17.5933],[73.1755,17.5842],[73.1753,17.5732],[73.1704,17.5698],[73.171,17.5762],[73.1656,17.5767],[73.1645,17.5709],[73.1563,17.5666],[73.1527,17.5737],[73.1437,17.5703],[73.1376,17.5562],[73.155,17.5291],[73.1621,17.53],[73.1784,17.5087],[73.1768,17.5152],[73.179,17.5129],[73.1812,17.5086],[73.1818,17.5039],[73.1831,17.5051],[73.1831,17.509],[73.185,17.5099],[73.1837,17.5026],[73.1814,17.5031],[73.1793,17.5084],[73.1786,17.5075],[73.1944,17.4648],[73.1841,17.4556],[73.187,17.4423],[73.2116,17.4375],[73.2076,17.4347],[73.1978,17.4377],[73.1883,17.4312],[73.1874,17.4145],[73.1766,17.4043],[73.1752,17.4077],[73.1677,17.4044],[73.1764,17.3891],[73.184,17.3848],[73.192,17.3885],[73.1976,17.386],[73.1982,17.3903],[73.2023,17.3843],[73.2075,17.3861],[73.2098,17.3715],[73.2172,17.37],[73.2171,17.3582],[73.2261,17.354],[73.215,17.3456],[73.227,17.3344],[73.2306,17.3354],[73.2191,17.3292],[73.2308,17.3188],[73.2407,17.3175],[73.2442,17.3216],[73.2421,17.3133],[73.2467,17.3081],[73.24,17.3041],[73.2413,17.2949],[73.2494,17.2956],[73.263,17.2996],[73.2852,17.2892],[73.2977,17.2945],[73.3011,17.2774],[73.3165,17.2675],[73.3318,17.2675],[73.3381,17.2623],[73.3374,17.2349],[73.3419,17.2292],[73.352,17.2301],[73.3638,17.2385],[73.37,17.2347],[73.3724,17.2148],[73.4226,17.2123],[73.4358,17.2297],[73.4401,17.2538],[73.4515,17.2663],[73.4428,17.282],[73.4299,17.2863],[73.426,17.2955],[73.4184,17.2998],[73.4321,17.3077],[73.4233,17.3129],[73.4477,17.3126],[73.4613,17.303],[73.4645,17.3178],[73.4673,17.316],[73.4774,17.3239],[73.4933,17.3129],[73.5002,17.3242],[73.5236,17.3191],[73.5359,17.3297],[73.5383,17.3257],[73.547,17.3306],[73.5621,17.3299],[73.5625,17.3331],[73.5568,17.3394],[73.5519,17.3608],[73.5398,17.3655],[73.5335,17.3838],[73.5286,17.3814],[73.512,17.4026],[73.5099,17.4157],[73.5005,17.4249],[73.5009,17.4358],[73.5189,17.436],[73.5161,17.4522],[73.5257,17.4484],[73.5385,17.4511],[73.54,17.4646],[73.5313,17.4736],[73.5236,17.4711],[73.5212,17.4918],[73.5153,17.4964],[73.493,17.4917],[73.4843,17.4949],[73.4772,17.51],[73.4566,17.5155],[73.4553,17.5206],[73.4483,17.5115],[73.4429,17.528],[73.428,17.5258],[73.423,17.5411],[73.4123,17.541],[73.4076,17.5554],[73.4005,17.5587],[73.3911,17.5784],[73.4068,17.5845],[73.4634,17.5771],[73.4963,17.5574],[73.5033,17.5646],[73.5041,17.5794],[73.5203,17.5796],[73.5226,17.5689],[73.5357,17.556],[73.552,17.569],[73.5612,17.5649],[73.569,17.5734],[73.5747,17.5749],[73.5772,17.5704],[73.5934,17.5747],[73.595,17.5591],[73.6035,17.5641],[73.6335,17.5685],[73.6388,17.5813],[73.6725,17.6207],[73.6906,17.6292],[73.6992,17.6413],[73.6965,17.6511],[73.7006,17.658],[73.6916,17.6739],[73.6812,17.6776],[73.6816,17.6833],[73.6876,17.6868],[73.664,17.6973],[73.6575,17.6959],[73.6518,17.7081],[73.6354,17.6986],[73.6151,17.7136],[73.5954,17.7019],[73.5805,17.7094]]]}},{"type":"Feature","properties":{"ac_name":"AKKALKOT","ac_no":250,"ac_category":"GEN","st_name":"MAHARASHTRA"},"geometry":{"type":"Polygon","coordinates":[[[75.9661,17.8191],[75.9571,17.8159],[75.9563,17.807],[75.9469,17.7988],[75.9383,17.7721],[75.953,17.7785],[75.9397,17.7523],[75.9514,17.7398],[75.9518,17.7241],[75.9507,17.7199],[75.9653,17.7179],[75.9557,17.6713],[75.9612,17.6721],[75.9607,17.6678],[75.9535,17.6219],[75.952,17.6138],[75.97,17.6078],[76.0006,17.6149],[76.0161,17.6077],[76.011,17.5596],[76.0165,17.5579],[76.0164,17.5505],[76.0285,17.5479],[76.022,17.5385],[75.9969,17.5402],[76.0063,17.5242],[76.0243,17.5194],[76.0309,17.5029],[76.0374,17.498],[76.0463,17.5137],[76.0704,17.5115],[76.0634,17.4811],[76.0679,17.4642],[76.0221,17.4622],[75.995,17.4756],[75.9531,17.4774],[75.953,17.4607],[75.9197,17.4562],[75.9108,17.433],[75.9116,17.4166],[75.9022,17.4072],[75.9026,17.4023],[75.9169,17.3953],[75.9176,17.389],[75.8942,17.3792],[75.8878,17.3587],[75.8966,17.3503],[75.9086,17.3459],[75.9175,17.3299],[75.9283,17.3227],[75.9651,17.3371],[75.9992,17.338],[76.0137,17.3554],[76.0259,17.3503],[76.0595,17.3565],[76.0726,17.3349],[76.0788,17.3317],[76.0877,17.3358],[76.0926,17.3495],[76.0892,17.3532],[76.0971,17.3631],[76.1197,17.3706],[76.1359,17.3564],[76.1626,17.3446],[76.165,17.303],[76.1754,17.3007],[76.183,17.3161],[76.1743,17.3309],[76.1707,17.3526],[76.1965,17.3634],[76.2292,17.3657],[76.2281,17.3763],[76.2439,17.3796],[76.2445,17.3724],[76.2505,17.3704],[76.2506,17.3609],[76.267,17.3637],[76.2719,17.3609],[76.2764,17.3345],[76.318,17.3335],[76.3137,17.348],[76.3455,17.3547],[76.3541,17.3144],[76.3822,17.3144],[76.3969,17.3474],[76.4121,17.3513],[76.4089,17.3712],[76.3635,17.3774],[76.3714,17.4364],[76.3334,17.4336],[76.3305,17.4701],[76.3502,17.4741],[76.3755,17.4895],[76.3743,17.4954],[76.3458,17.4923],[76.345,17.5123],[76.3653,17.516],[76.3667,17.5215],[76.3629,17.5366],[76.3397,17.5431],[76.3331,17.5647],[76.3308,17.5958],[76.3656,17.5963],[76.3816,17.6031],[76.419,17.6046],[76.4278,17.6446],[76.4125,17.6476],[76.4038,17.6565],[76.3789,17.6606],[76.3781,17.6865],[76.3633,17.6865],[76.3561,17.6974],[76.3388,17.6926],[76.3171,17.6981],[76.3159,17.7149],[76.303,17.7203],[76.2949,17.7294],[76.2692,17.729],[76.2545,17.7166],[76.2512,17.7055],[76.2381,17.706],[76.2401,17.6973],[76.2223,17.6991],[76.2217,17.6882],[76.2039,17.6893],[76.1862,17.6832],[76.1648,17.6933],[76.166,17.7002],[76.1458,17.6996],[76.1465,17.7159],[76.1494,17.7186],[76.1651,17.7143],[76.1752,17.7303],[76.1473,17.7336],[76.1446,17.7562],[76.134,17.7558],[76.1288,17.7676],[76.1022,17.7647],[76.097,17.7774],[76.088,17.7784],[76.0683,17.7687],[76.0605,17.7697],[76.0551,17.7632],[76.028,17.7661],[76.0029,17.7499],[76.0049,17.7861],[76.0113,17.7878],[76.0079,17.801],[76.0193,17.8283],[75.9804,17.8437],[75.9745,17.8411],[75.9735,17.8355],[75.9775,17.8205],[75.9661,17.8191]]]}},{"type":"Feature","properties":{"ac_name":"PANDHARPUR","ac_no":252,"ac_category":"GEN","st_name":"MAHARASHTRA"},"geometry":{"type":"Polygon","coordinates":[[[75.417,17.6834],[75.3974,17.6955],[75.3674,17.6669],[75.3498,17.669],[75.339,17.6898],[75.318,17.692],[75.3122,17.6972],[75.3185,17.7117],[75.3164,17.7314],[75.2918,17.7456],[75.2784,17.7614],[75.2734,17.7614],[75.2635,17.7213],[75.2659,17.714],[75.2513,17.713],[75.2336,17.6686],[75.2137,17.6387],[75.2186,17.6413],[75.2359,17.6172],[75.2092,17.5777],[75.2341,17.5793],[75.2403,17.5658],[75.2472,17.5646],[75.2483,17.5567],[75.2679,17.547],[75.2881,17.5441],[75.2958,17.521],[75.3013,17.5231],[75.2861,17.4896],[75.2978,17.4285],[75.3066,17.4208],[75.2997,17.3662],[75.3042,17.3571],[75.3188,17.3583],[75.3348,17.3457],[75.3276,17.2789],[75.3374,17.2577],[75.3331,17.2333],[75.3345,17.2398],[75.366,17.2362],[75.371,17.2126],[75.3699,17.1909],[75.3895,17.1908],[75.4061,17.185],[75.4084,17.1914],[75.4017,17.2108],[75.4094,17.2301],[75.4081,17.2395],[75.4213,17.2656],[75.4294,17.2672],[75.4443,17.2546],[75.4657,17.252],[75.4671,17.2441],[75.5173,17.2407],[75.5409,17.276],[75.6038,17.3063],[75.614,17.3282],[75.6114,17.3415],[75.5828,17.3509],[75.5761,17.3833],[75.6135,17.3929],[75.6132,17.408],[75.6066,17.4203],[75.6135,17.4234],[75.6174,17.4454],[75.6342,17.478],[75.6263,17.4905],[75.6562,17.528],[75.6554,17.5424],[75.6508,17.5438],[75.6212,17.5313],[75.6195,17.5456],[75.5975,17.5611],[75.5816,17.5485],[75.5746,17.5517],[75.5681,17.5681],[75.5629,17.571],[75.5513,17.5653],[75.5479,17.5693],[75.546,17.5816],[75.5537,17.6011],[75.5182,17.5998],[75.4969,17.6134],[75.4921,17.6142],[75.4917,17.6039],[75.4752,17.5936],[75.4708,17.5846],[75.4408,17.5856],[75.4394,17.6123],[75.4448,17.617],[75.441,17.6211],[75.4376,17.6554],[75.4157,17.6552],[75.4032,17.6409],[75.387,17.6497],[75.393,17.6716],[75.4087,17.668],[75.417,17.6834]]]}},{"type":"Feature","properties":{"ac_name":"SANGOLE","ac_no":253,"ac_category":"GEN","st_name":"MAHARASHTRA"},"geometry":{"type":"Polygon","coordinates":[[[75.2734,17.7614],[75.2211,17.7529],[75.2109,17.7276],[75.1808,17.7197],[75.1458,17.7336],[75.1495,17.7513],[75.1473,17.7474],[75.1315,17.7473],[75.1109,17.7353],[75.1059,17.6954],[75.0964,17.6787],[75.0829,17.6688],[75.0708,17.6264],[75.0206,17.6062],[75.012,17.5925],[74.9992,17.5908],[74.9848,17.5935],[74.9586,17.6133],[74.9518,17.6107],[74.9398,17.6187],[74.9235,17.6175],[74.9158,17.6003],[74.9164,17.5814],[74.9229,17.5766],[74.9613,17.5928],[74.9626,17.5627],[74.9842,17.5443],[74.9813,17.537],[74.96,17.5223],[74.9439,17.5216],[74.9361,17.5123],[74.9613,17.4898],[74.9709,17.4673],[74.9798,17.4636],[74.9904,17.4752],[75.0252,17.4946],[75.0357,17.493],[75.0416,17.4715],[75.0333,17.4477],[75.0354,17.4181],[75.0224,17.4077],[75.0056,17.4139],[75.0018,17.4089],[74.9964,17.4096],[74.9952,17.395],[75.0028,17.3867],[75.0083,17.368],[74.9811,17.353],[74.9666,17.339],[74.9711,17.3252],[74.9591,17.293],[74.9365,17.2841],[74.9357,17.2735],[74.9092,17.2743],[74.9002,17.2628],[74.8954,17.2373],[74.8857,17.2337],[74.8827,17.2184],[74.8747,17.2205],[74.8764,17.2118],[74.8675,17.217],[74.854,17.2145],[74.849,17.2044],[74.8581,17.2117],[74.857,17.2044],[74.8629,17.2109],[74.8662,17.2051],[74.8707,17.2084],[74.8626,17.1964],[74.8707,17.1974],[74.8704,17.1917],[74.876,17.1941],[74.8785,17.1878],[74.8874,17.1962],[74.8947,17.1951],[74.8862,17.1895],[74.893,17.1839],[74.8854,17.1808],[74.8933,17.1765],[74.8989,17.1841],[74.899,17.1779],[74.9074,17.1753],[74.9037,17.1658],[74.9066,17.1606],[74.9161,17.1636],[74.924,17.1485],[74.9209,17.1329],[74.9099,17.1294],[74.8972,17.1329],[74.8922,17.1284],[74.8958,17.1271],[74.8935,17.1197],[74.9143,17.1144],[74.909,17.1206],[74.9192,17.1319],[74.9656,17.1279],[74.968,17.1352],[74.9591,17.1622],[74.962,17.168],[74.9532,17.1696],[74.9517,17.175],[74.9565,17.1854],[74.966,17.1875],[74.9624,17.1951],[74.9775,17.1936],[74.9834,17.2031],[75.0084,17.2086],[75.0161,17.2247],[75.0775,17.2219],[75.0795,17.2469],[75.0936,17.2509],[75.0999,17.2434],[75.1151,17.2402],[75.1424,17.2435],[75.1796,17.2362],[75.1963,17.2689],[75.2045,17.2703],[75.2051,17.263],[75.2266,17.2549],[75.2478,17.2562],[75.2392,17.2407],[75.2395,17.217],[75.2205,17.2084],[75.2145,17.1988],[75.2227,17.1841],[75.2303,17.1809],[75.2689,17.1834],[75.2702,17.1487],[75.2903,17.1456],[75.2967,17.147],[75.3046,17.1701],[75.2828,17.1959],[75.2847,17.2109],[75.2959,17.2178],[75.3178,17.2208],[75.3304,17.2179],[75.3331,17.2333],[75.3374,17.2577],[75.3276,17.2789],[75.3348,17.3457],[75.3188,17.3583],[75.3042,17.3571],[75.2997,17.3662],[75.3066,17.4208],[75.2978,17.4285],[75.2861,17.4896],[75.3013,17.5231],[75.2958,17.521],[75.2881,17.5441],[75.2679,17.547],[75.2483,17.5567],[75.2472,17.5646],[75.2403,17.5658],[75.2341,17.5793],[75.2092,17.5777],[75.2359,17.6172],[75.2186,17.6413],[75.2137,17.6387],[75.2336,17.6686],[75.2513,17.713],[75.2659,17.714],[75.2635,17.7213],[75.2734,17.7614]]]}},{"type":"Feature","properties":{"ac_name":"SOLAPUR CITY NORTH","ac_no":248,"ac_category":"GEN","st_name":"MAHARASHTRA"},"geometry":{"type":"Polygon","coordinates":[[[75.8611,17.7207],[75.8567,17.7309],[75.8493,17.7321],[75.8508,17.7541],[75.8408,17.7684],[75.8315,17.7666],[75.8061,17.7444],[75.8086,17.718],[75.8145,17.7167],[75.8346,17.7189],[75.8374,17.7017],[75.8453,17.6916],[75.8558,17.6936],[75.8688,17.6888],[75.8647,17.6682],[75.8737,17.6645],[75.9079,17.661],[75.9607,17.6678],[75.9612,17.6721],[75.9557,17.6713],[75.9653,17.7179],[75.9507,17.7199],[75.9518,17.7241],[75.9375,17.7235],[75.9365,17.7165],[75.9066,17.7182],[75.9018,17.7395],[75.8965,17.7322],[75.8957,17.7161],[75.8844,17.7138],[75.883,17.7194],[75.8611,17.7207]]]}},{"type":"Feature","properties":{"ac_name":"SOLAPUR SOUTH","ac_no":251,"ac_category":"GEN","st_name":"MAHARASHTRA"},"geometry":{"type":"Polygon","coordinates":[[[75.8145,17.7167],[75.8086,17.718],[75.8061,17.7444],[75.7598,17.7301],[75.7591,17.7255],[75.7695,17.7221],[75.7664,17.7066],[75.7712,17.69],[75.7626,17.6736],[75.7745,17.6548],[75.7654,17.6395],[75.7739,17.6136],[75.7591,17.6201],[75.7469,17.6082],[75.7304,17.5749],[75.7151,17.5699],[75.6992,17.5516],[75.6829,17.5515],[75.6554,17.5424],[75.6562,17.528],[75.6263,17.4905],[75.6342,17.478],[75.6502,17.4714],[75.6572,17.4583],[75.6774,17.4571],[75.683,17.4181],[75.6947,17.4076],[75.7159,17.4079],[75.7281,17.4188],[75.7363,17.4193],[75.7526,17.4081],[75.7676,17.406],[75.7713,17.3897],[75.7807,17.3774],[75.8066,17.368],[75.8135,17.3723],[75.814,17.3963],[75.8215,17.4203],[75.8422,17.4184],[75.8529,17.4058],[75.8594,17.3841],[75.8738,17.3977],[75.8738,17.4161],[75.8786,17.4196],[75.8909,17.4098],[75.8942,17.3792],[75.9176,17.389],[75.9169,17.3953],[75.9026,17.4023],[75.9022,17.4072],[75.9116,17.4166],[75.9108,17.433],[75.9197,17.4562],[75.953,17.4607],[75.9531,17.4774],[75.995,17.4756],[76.0221,17.4622],[76.0679,17.4642],[76.0634,17.4811],[76.0704,17.5115],[76.0463,17.5137],[76.0374,17.498],[76.0309,17.5029],[76.0243,17.5194],[76.0063,17.5242],[75.9969,17.5402],[76.022,17.5385],[76.0285,17.5479],[76.0164,17.5505],[76.0165,17.5579],[76.011,17.5596],[76.0161,17.6077],[76.0006,17.6149],[75.97,17.6078],[75.952,17.6138],[75.9535,17.6219],[75.9083,17.6201],[75.895,17.6242],[75.8642,17.6566],[75.8647,17.6682],[75.8688,17.6888],[75.8558,17.6936],[75.8453,17.6916],[75.8374,17.7017],[75.8346,17.7189],[75.8145,17.7167]]]}},{"type":"Feature","properties":{"ac_name":"KARAD NORTH","ac_no":259,"ac_category":"GEN","st_name":"MAHARASHTRA"},"geometry":{"type":"Polygon","coordinates":[[[74.2804,17.6106],[74.2784,17.6179],[74.268,17.6221],[74.2665,17.6286],[74.2571,17.6343],[74.2643,17.6351],[74.274,17.6479],[74.2665,17.6629],[74.2121,17.6533],[74.2127,17.6307],[74.1934,17.6334],[74.1703,17.6291],[74.1708,17.6334],[74.1631,17.6334],[74.1577,17.6273],[74.1608,17.6122],[74.151,17.6018],[74.1533,17.5919],[74.1487,17.5771],[74.13,17.5661],[74.1247,17.5686],[74.1042,17.5637],[74.0975,17.5872],[74.0893,17.591],[74.084,17.6053],[74.0683,17.613],[74.0542,17.5859],[74.0429,17.5967],[74.0363,17.5893],[74.0201,17.5908],[74.0115,17.582],[74.0089,17.5685],[73.9818,17.5398],[73.9927,17.5391],[74.003,17.5322],[74.0052,17.5157],[74.0153,17.4999],[74.003,17.489],[73.9993,17.4708],[73.98,17.4562],[73.9788,17.45],[73.9944,17.4349],[74.0107,17.4365],[74.0464,17.4048],[74.0546,17.3939],[74.0435,17.37],[74.0444,17.3555],[74.0632,17.3558],[74.0732,17.3533],[74.0829,17.3539],[74.0904,17.3446],[74.0934,17.3294],[74.1062,17.3316],[74.1265,17.3225],[74.1286,17.3383],[74.1743,17.3353],[74.1775,17.331],[74.1744,17.3243],[74.1842,17.3163],[74.2026,17.3188],[74.2063,17.3109],[74.2185,17.3139],[74.2201,17.2994],[74.2294,17.2941],[74.2315,17.2819],[74.2364,17.2777],[74.2243,17.2646],[74.2649,17.2608],[74.2572,17.2849],[74.263,17.2895],[74.2558,17.2947],[74.2621,17.3068],[74.2935,17.3132],[74.2796,17.3417],[74.2895,17.3562],[74.2798,17.3607],[74.2575,17.3561],[74.255,17.3636],[74.2605,17.3631],[74.2581,17.3723],[74.2639,17.3761],[74.2607,17.3831],[74.2701,17.39],[74.2845,17.4199],[74.2868,17.4178],[74.2966,17.4256],[74.3441,17.4203],[74.344,17.4103],[74.3973,17.4083],[74.4175,17.4024],[74.4314,17.3914],[74.4686,17.3943],[74.4725,17.3909],[74.4713,17.4208],[74.4878,17.4229],[74.4971,17.4286],[74.4941,17.4365],[74.4602,17.4334],[74.4447,17.4438],[74.4286,17.4456],[74.4263,17.4581],[74.4464,17.461],[74.4452,17.4805],[74.4203,17.479],[74.4091,17.4694],[74.393,17.493],[74.3875,17.494],[74.3776,17.4842],[74.3623,17.4878],[74.3514,17.4801],[74.3275,17.489],[74.3259,17.484],[74.3149,17.4788],[74.2805,17.4763],[74.2732,17.4893],[74.2727,17.5115],[74.258,17.5206],[74.2873,17.5349],[74.2855,17.562],[74.2987,17.5725],[74.2998,17.5771],[74.2863,17.5909],[74.273,17.5956],[74.2715,17.5993],[74.2769,17.6003],[74.2804,17.6106]]]}},{"type":"Feature","properties":{"ac_name":"CHIPLUN","ac_no":265,"ac_category":"GEN","st_name":"MAHARASHTRA"},"geometry":{"type":"Polygon","coordinates":[[[73.6906,17.6292],[73.6725,17.6207],[73.6388,17.5813],[73.6335,17.5685],[73.6035,17.5641],[73.595,17.5591],[73.5934,17.5747],[73.5772,17.5704],[73.5747,17.5749],[73.569,17.5734],[73.5612,17.5649],[73.552,17.569],[73.5357,17.556],[73.5226,17.5689],[73.5203,17.5796],[73.5041,17.5794],[73.5033,17.5646],[73.4963,17.5574],[73.4634,17.5771],[73.4068,17.5845],[73.3911,17.5784],[73.4005,17.5587],[73.4076,17.5554],[73.4123,17.541],[73.423,17.5411],[73.428,17.5258],[73.4429,17.528],[73.4483,17.5115],[73.4553,17.5206],[73.4566,17.5155],[73.4772,17.51],[73.4843,17.4949],[73.493,17.4917],[73.5153,17.4964],[73.5212,17.4918],[73.5236,17.4711],[73.5313,17.4736],[73.54,17.4646],[73.5385,17.4511],[73.5257,17.4484],[73.5161,17.4522],[73.5189,17.436],[73.5009,17.4358],[73.5005,17.4249],[73.5099,17.4157],[73.512,17.4026],[73.5286,17.3814],[73.5335,17.3838],[73.5398,17.3655],[73.5519,17.3608],[73.5568,17.3394],[73.5625,17.3331],[73.5621,17.3299],[73.547,17.3306],[73.5383,17.3257],[73.5359,17.3297],[73.5236,17.3191],[73.5002,17.3242],[73.4933,17.3129],[73.4774,17.3239],[73.4673,17.316],[73.4645,17.3178],[73.4613,17.303],[73.4477,17.3126],[73.4233,17.3129],[73.4321,17.3077],[73.4184,17.2998],[73.426,17.2955],[73.4299,17.2863],[73.4428,17.282],[73.4515,17.2663],[73.4401,17.2538],[73.4358,17.2297],[73.4226,17.2123],[73.444,17.2039],[73.4574,17.2042],[73.4895,17.2206],[73.512,17.206],[73.5053,17.1967],[73.5084,17.1645],[73.5244,17.1626],[73.5377,17.1805],[73.5538,17.1784],[73.5649,17.1686],[73.5585,17.1468],[73.5512,17.1466],[73.5449,17.152],[73.5343,17.1482],[73.5227,17.1556],[73.5186,17.1527],[73.5128,17.1402],[73.5091,17.1108],[73.5029,17.1093],[73.5023,17.0921],[73.4838,17.0896],[73.4721,17.0932],[73.4771,17.076],[73.462,17.0557],[73.4675,17.0531],[73.4743,17.036],[73.505,17.0228],[73.5282,17.0254],[73.5427,17.0166],[73.5813,17.0233],[73.5948,17.0218],[73.5973,17.0267],[73.6137,17.0232],[73.6152,17.0339],[73.6195,17.0311],[73.6294,17.0359],[73.6284,17.0302],[73.6385,17.0171],[73.6387,16.9972],[73.6524,16.9877],[73.666,16.9889],[73.6748,16.995],[73.6748,17.0075],[73.6811,17.0161],[73.704,17.0247],[73.715,17.0142],[73.7302,17.02],[73.74,17.0163],[73.731,16.9907],[73.7646,16.9889],[73.7778,16.9956],[73.7849,16.9898],[73.7905,16.9942],[73.8097,16.9883],[73.8317,16.9908],[73.8344,17.0009],[73.8274,17.0114],[73.8317,17.023],[73.8248,17.0376],[73.8334,17.0552],[73.8169,17.0646],[73.8025,17.0611],[73.8062,17.0841],[73.7937,17.0961],[73.7893,17.0929],[73.7845,17.0966],[73.7801,17.1066],[73.7674,17.1085],[73.7466,17.1303],[73.7368,17.1213],[73.7208,17.1276],[73.7093,17.1412],[73.6886,17.1412],[73.6872,17.1589],[73.7062,17.1653],[73.7073,17.1704],[73.6932,17.1801],[73.7035,17.1867],[73.7151,17.2089],[73.7054,17.225],[73.6932,17.2305],[73.69,17.2408],[73.6948,17.2619],[73.6893,17.2698],[73.6882,17.2862],[73.6782,17.2939],[73.6854,17.3149],[73.6779,17.3279],[73.6864,17.345],[73.6779,17.3674],[73.663,17.381],[73.6587,17.3769],[73.6525,17.3856],[73.647,17.3829],[73.6432,17.3887],[73.6471,17.3958],[73.654,17.3874],[73.6595,17.3951],[73.6668,17.3913],[73.6891,17.4235],[73.7052,17.4237],[73.7086,17.4326],[73.7039,17.4386],[73.7077,17.4447],[73.7014,17.4533],[73.7067,17.4658],[73.6956,17.4781],[73.6941,17.4874],[73.708,17.4947],[73.7093,17.499],[73.7022,17.5059],[73.7208,17.5197],[73.7217,17.5268],[73.728,17.5248],[73.7401,17.5334],[73.7449,17.557],[73.7153,17.574],[73.7265,17.59],[73.724,17.5991],[73.7132,17.6083],[73.7209,17.6161],[73.72,17.6213],[73.7086,17.6273],[73.6906,17.6292]]]}},{"type":"Feature","properties":{"ac_name":"PATAN","ac_no":261,"ac_category":"GEN","st_name":"MAHARASHTRA"},"geometry":{"type":"Polygon","coordinates":[[[73.9566,17.5475],[73.9505,17.5546],[73.9241,17.5646],[73.9104,17.5802],[73.8995,17.5648],[73.8994,17.5489],[73.8947,17.5419],[73.8863,17.5441],[73.8848,17.5554],[73.8733,17.5547],[73.85,17.5647],[73.8304,17.5593],[73.8243,17.571],[73.8068,17.5631],[73.7978,17.5501],[73.7981,17.5389],[73.7812,17.5251],[73.7762,17.5619],[73.7449,17.557],[73.7401,17.5334],[73.728,17.5248],[73.7217,17.5268],[73.7208,17.5197],[73.7022,17.5059],[73.7093,17.499],[73.708,17.4947],[73.6941,17.4874],[73.6956,17.4781],[73.7067,17.4658],[73.7014,17.4533],[73.7077,17.4447],[73.7039,17.4386],[73.7086,17.4326],[73.7052,17.4237],[73.6891,17.4235],[73.6668,17.3913],[73.6595,17.3951],[73.654,17.3874],[73.6471,17.3958],[73.6432,17.3887],[73.647,17.3829],[73.6525,17.3856],[73.6587,17.3769],[73.663,17.381],[73.6779,17.3674],[73.6864,17.345],[73.6779,17.3279],[73.6854,17.3149],[73.6782,17.2939],[73.6882,17.2862],[73.6893,17.2698],[73.6948,17.2619],[73.7018,17.2645],[73.7077,17.26],[73.7199,17.2602],[73.7301,17.2733],[73.7455,17.278],[73.7655,17.2503],[73.7992,17.2436],[73.8087,17.2317],[73.8172,17.2332],[73.8339,17.2264],[73.8503,17.1984],[73.8703,17.1912],[73.874,17.1784],[73.8825,17.1688],[73.8847,17.155],[73.8998,17.16],[73.941,17.1333],[73.9799,17.1317],[73.9848,17.1266],[73.9844,17.1183],[74.0056,17.1119],[74.0315,17.0909],[74.045,17.0995],[74.0495,17.0971],[74.0522,17.1054],[74.0744,17.0978],[74.0787,17.1016],[74.0937,17.1011],[74.0991,17.105],[74.1015,17.118],[74.1113,17.1251],[74.1189,17.1218],[74.1202,17.1317],[74.1084,17.1589],[74.1104,17.1673],[74.0918,17.1731],[74.0875,17.219],[74.0545,17.2088],[74.0433,17.1841],[74.0285,17.1837],[74.0218,17.189],[74.0266,17.1984],[74.0225,17.2302],[74.0415,17.2588],[74.038,17.2763],[74.043,17.2935],[74.0362,17.3159],[74.0456,17.3224],[74.0569,17.3159],[74.0717,17.3188],[74.0632,17.3558],[74.0444,17.3555],[74.0435,17.37],[74.0546,17.3939],[74.0464,17.4048],[74.0107,17.4365],[73.9944,17.4349],[73.9788,17.45],[73.98,17.4562],[73.9993,17.4708],[74.003,17.489],[74.0153,17.4999],[74.0052,17.5157],[74.003,17.5322],[73.9927,17.5391],[73.9818,17.5398],[73.9712,17.5383],[73.9566,17.5475]]]}},{"type":"Feature","properties":{"ac_name":"KHANAPUR","ac_no":286,"ac_category":"GEN","st_name":"MAHARASHTRA"},"geometry":{"type":"Polygon","coordinates":[[[74.9057,17.6289],[74.8805,17.6048],[74.8807,17.5778],[74.876,17.5702],[74.8571,17.56],[74.8634,17.5283],[74.8602,17.5113],[74.8316,17.4853],[74.822,17.4665],[74.8173,17.4679],[74.808,17.4538],[74.786,17.459],[74.7555,17.4749],[74.7247,17.4785],[74.7181,17.4849],[74.7008,17.4883],[74.6853,17.4877],[74.6945,17.4798],[74.6964,17.4683],[74.694,17.4305],[74.6815,17.4223],[74.6895,17.4036],[74.6853,17.3937],[74.6709,17.3881],[74.6596,17.3984],[74.6247,17.4008],[74.6245,17.4133],[74.6053,17.4464],[74.5951,17.4486],[74.5888,17.4457],[74.5839,17.4318],[74.5834,17.4139],[74.5468,17.4218],[74.5315,17.4202],[74.5218,17.4122],[74.5224,17.4057],[74.5032,17.3891],[74.5052,17.3713],[74.4932,17.3644],[74.4748,17.3354],[74.4909,17.3329],[74.5052,17.32],[74.5067,17.3264],[74.5188,17.3128],[74.5207,17.299],[74.5089,17.2948],[74.5017,17.2771],[74.4954,17.2777],[74.4815,17.2626],[74.4698,17.2573],[74.4232,17.2534],[74.4366,17.2106],[74.436,17.2003],[74.4239,17.2013],[74.4251,17.1915],[74.4452,17.1757],[74.4261,17.1592],[74.4116,17.157],[74.4101,17.1519],[74.4407,17.1358],[74.4593,17.1358],[74.474,17.1572],[74.4882,17.1375],[74.5148,17.1224],[74.5451,17.0961],[74.5578,17.0997],[74.5792,17.0976],[74.5821,17.0849],[74.6076,17.0848],[74.6106,17.0947],[74.6405,17.1085],[74.6439,17.1186],[74.6514,17.1193],[74.6483,17.1315],[74.6672,17.1352],[74.6697,17.1554],[74.6811,17.1593],[74.6918,17.1719],[74.7294,17.1878],[74.7224,17.1927],[74.725,17.202],[74.7792,17.2032],[74.7895,17.1993],[74.7916,17.2025],[74.8082,17.1928],[74.8215,17.2071],[74.8331,17.2118],[74.849,17.2044],[74.854,17.2145],[74.8675,17.217],[74.8764,17.2118],[74.8747,17.2205],[74.8827,17.2184],[74.8857,17.2337],[74.8954,17.2373],[74.9002,17.2628],[74.9092,17.2743],[74.9357,17.2735],[74.9365,17.2841],[74.9591,17.293],[74.9711,17.3252],[74.9666,17.339],[74.9811,17.353],[75.0083,17.368],[75.0028,17.3867],[74.9952,17.395],[74.9964,17.4096],[75.0018,17.4089],[75.0056,17.4139],[75.0224,17.4077],[75.0354,17.4181],[75.0333,17.4477],[75.0416,17.4715],[75.0357,17.493],[75.0252,17.4946],[74.9904,17.4752],[74.9798,17.4636],[74.9709,17.4673],[74.9613,17.4898],[74.9361,17.5123],[74.9439,17.5216],[74.96,17.5223],[74.9813,17.537],[74.9842,17.5443],[74.9626,17.5627],[74.9613,17.5928],[74.9229,17.5766],[74.9164,17.5814],[74.9158,17.6003],[74.9235,17.6175],[74.9096,17.62],[74.9097,17.6296],[74.9059,17.629],[74.9057,17.6289]]]}},{"type":"Feature","properties":{"ac_name":"SOLAPUR CITY CENTRAL","ac_no":249,"ac_category":"GEN","st_name":"MAHARASHTRA"},"geometry":{"type":"Polygon","coordinates":[[[75.8737,17.6645],[75.8647,17.6682],[75.8642,17.6566],[75.895,17.6242],[75.9083,17.6201],[75.9535,17.6219],[75.9607,17.6678],[75.9079,17.661],[75.8737,17.6645]]]}},{"type":"Feature","properties":{"ac_name":"PALUS-KADEGAON","ac_no":285,"ac_category":"GEN","st_name":"MAHARASHTRA"},"geometry":{"type":"Polygon","coordinates":[[[74.5032,17.3891],[74.4984,17.3838],[74.4725,17.3909],[74.4686,17.3943],[74.4314,17.3914],[74.4175,17.4024],[74.3973,17.4083],[74.344,17.4103],[74.3441,17.4203],[74.2966,17.4256],[74.2868,17.4178],[74.2845,17.4199],[74.2701,17.39],[74.2607,17.3831],[74.2639,17.3761],[74.2581,17.3723],[74.2605,17.3631],[74.255,17.3636],[74.2575,17.3561],[74.2798,17.3607],[74.2895,17.3562],[74.2796,17.3417],[74.2935,17.3132],[74.2621,17.3068],[74.2558,17.2947],[74.263,17.2895],[74.2572,17.2849],[74.2649,17.2608],[74.2679,17.2553],[74.2883,17.2471],[74.2843,17.2319],[74.2722,17.2301],[74.2665,17.2228],[74.2682,17.2166],[74.2858,17.2058],[74.2816,17.1839],[74.3276,17.1637],[74.3397,17.1629],[74.3477,17.1521],[74.3527,17.1567],[74.3605,17.1424],[74.3614,17.1124],[74.3697,17.1017],[74.3676,17.0591],[74.3776,17.0496],[74.4004,17.0434],[74.3972,17.0231],[74.3907,17.0177],[74.393,16.9954],[74.4168,16.9971],[74.4482,16.9864],[74.451,16.9716],[74.4605,16.9602],[74.4705,16.9576],[74.482,16.9386],[74.5094,16.9306],[74.5159,16.9448],[74.5281,16.9472],[74.5315,16.9593],[74.5395,16.9636],[74.5613,16.9864],[74.5619,17.0071],[74.5468,17.0153],[74.5462,17.0292],[74.5335,17.0384],[74.521,17.0398],[74.5173,17.0326],[74.5043,17.041],[74.5022,17.0676],[74.5147,17.0678],[74.5316,17.0771],[74.5292,17.0897],[74.5419,17.0902],[74.5451,17.0961],[74.5148,17.1224],[74.4882,17.1375],[74.474,17.1572],[74.4593,17.1358],[74.4407,17.1358],[74.4101,17.1519],[74.4116,17.157],[74.4261,17.1592],[74.4452,17.1757],[74.4251,17.1915],[74.4239,17.2013],[74.436,17.2003],[74.4366,17.2106],[74.4232,17.2534],[74.4698,17.2573],[74.4815,17.2626],[74.4954,17.2777],[74.5017,17.2771],[74.5089,17.2948],[74.5207,17.299],[74.5188,17.3128],[74.5067,17.3264],[74.5052,17.32],[74.4909,17.3329],[74.4748,17.3354],[74.4932,17.3644],[74.5052,17.3713],[74.5032,17.3891]]]}},{"type":"Feature","properties":{"ac_name":"RATNAGIRI","ac_no":266,"ac_category":"GEN","st_name":"MAHARASHTRA"},"geometry":{"type":"Polygon","coordinates":[[[73.2006,17.3029],[73.1963,17.3067],[73.1898,17.2988],[73.2044,17.2893],[73.2042,17.2701],[73.2115,17.2735],[73.2067,17.2816],[73.2203,17.2715],[73.2223,17.256],[73.2283,17.2511],[73.2241,17.2476],[73.2314,17.2458],[73.2327,17.231],[73.2448,17.2225],[73.247,17.2044],[73.2438,17.1986],[73.2496,17.2043],[73.2551,17.2018],[73.2476,17.1955],[73.2365,17.2011],[73.2312,17.1984],[73.2361,17.1932],[73.2523,17.1902],[73.2593,17.1739],[73.2603,17.1639],[73.2669,17.1528],[73.2684,17.1534],[73.2673,17.1538],[73.2663,17.157],[73.2647,17.1585],[73.2643,17.1623],[73.2672,17.1551],[73.2691,17.1553],[73.2687,17.156],[73.2698,17.1553],[73.2694,17.1547],[73.2685,17.155],[73.2675,17.1544],[73.2687,17.1539],[73.2686,17.1526],[73.2742,17.1528],[73.2753,17.1543],[73.2753,17.1568],[73.2758,17.1572],[73.2765,17.1567],[73.2755,17.1565],[73.2759,17.1541],[73.2755,17.1527],[73.272,17.1515],[73.2679,17.1513],[73.2639,17.1546],[73.2732,17.1201],[73.2675,17.1124],[73.2779,17.1133],[73.2846,17.1008],[73.2816,17.1116],[73.2896,17.1153],[73.2831,17.1108],[73.2869,17.087],[73.2839,17.0801],[73.2911,17.0783],[73.2876,17.0531],[73.2768,17.0357],[73.2733,17.0398],[73.2672,17.0389],[73.2696,17.0431],[73.2653,17.0474],[73.2583,17.0484],[73.2556,17.0271],[73.2587,17.02],[73.2675,17.0252],[73.2752,17.024],[73.283,17.0131],[73.2815,16.9982],[73.269,16.9984],[73.2715,16.9866],[73.2787,16.9931],[73.296,16.9844],[73.2924,16.9562],[73.282,16.9504],[73.2881,16.9344],[73.2826,16.9284],[73.2872,16.9167],[73.2768,16.892],[73.287,16.8929],[73.2871,16.8973],[73.2944,16.8988],[73.3032,16.8914],[73.2863,16.8806],[73.2954,16.8607],[73.3003,16.8605],[73.2883,16.8576],[73.2935,16.8543],[73.2883,16.8443],[73.2939,16.8393],[73.296,16.816],[73.3176,16.8063],[73.3272,16.8157],[73.3385,16.8122],[73.3492,16.7927],[73.3449,16.775],[73.364,16.747],[73.3823,16.7707],[73.3786,16.7798],[73.3699,16.7799],[73.3679,16.7929],[73.3759,16.7991],[73.3722,16.8151],[73.3761,16.821],[73.3753,16.8335],[73.3955,16.8477],[73.3992,16.8671],[73.4174,16.8696],[73.4274,16.8774],[73.4108,16.9027],[73.4152,16.9157],[73.4502,16.9056],[73.4646,16.9122],[73.4694,16.9206],[73.4675,16.933],[73.4517,16.9477],[73.4659,16.9639],[73.4789,16.9622],[73.4898,16.9695],[73.5014,16.9665],[73.5051,16.9556],[73.5177,16.9628],[73.5353,16.9535],[73.5382,16.958],[73.5433,16.9572],[73.5503,16.9691],[73.5336,16.9807],[73.5401,16.9955],[73.5348,17.0084],[73.5416,17.0108],[73.5427,17.0166],[73.5282,17.0254],[73.505,17.0228],[73.4743,17.036],[73.4675,17.0531],[73.462,17.0557],[73.4771,17.076],[73.4721,17.0932],[73.4838,17.0896],[73.5023,17.0921],[73.5029,17.1093],[73.5091,17.1108],[73.5128,17.1402],[73.5186,17.1527],[73.5227,17.1556],[73.5343,17.1482],[73.5449,17.152],[73.5512,17.1466],[73.5585,17.1468],[73.5649,17.1686],[73.5538,17.1784],[73.5377,17.1805],[73.5244,17.1626],[73.5084,17.1645],[73.5053,17.1967],[73.512,17.206],[73.4895,17.2206],[73.4574,17.2042],[73.444,17.2039],[73.4226,17.2123],[73.3724,17.2148],[73.37,17.2347],[73.3638,17.2385],[73.352,17.2301],[73.3419,17.2292],[73.3374,17.2349],[73.3381,17.2623],[73.3318,17.2675],[73.3165,17.2675],[73.3011,17.2774],[73.2977,17.2945],[73.2852,17.2892],[73.263,17.2996],[73.2494,17.2956],[73.2494,17.2809],[73.235,17.2859],[73.2275,17.2813],[73.2236,17.3021],[73.2108,17.3036],[73.2055,17.2988],[73.2006,17.3029]]]}},{"type":"Feature","properties":{"ac_name":"KARAD SOUTH","ac_no":260,"ac_category":"GEN","st_name":"MAHARASHTRA"},"geometry":{"type":"Polygon","coordinates":[[[74.0732,17.3533],[74.0632,17.3558],[74.0717,17.3188],[74.0569,17.3159],[74.0456,17.3224],[74.0362,17.3159],[74.043,17.2935],[74.038,17.2763],[74.0415,17.2588],[74.0225,17.2302],[74.0266,17.1984],[74.0218,17.189],[74.0285,17.1837],[74.0433,17.1841],[74.0545,17.2088],[74.0875,17.219],[74.0918,17.1731],[74.1104,17.1673],[74.1084,17.1589],[74.1202,17.1317],[74.1189,17.1218],[74.13,17.1149],[74.1572,17.1253],[74.1676,17.1408],[74.1764,17.1431],[74.1778,17.1498],[74.2001,17.1501],[74.2222,17.1396],[74.2383,17.1409],[74.2467,17.1422],[74.2475,17.1544],[74.2345,17.1532],[74.2334,17.1563],[74.2472,17.1607],[74.2493,17.1698],[74.271,17.1687],[74.2816,17.1839],[74.2858,17.2058],[74.2682,17.2166],[74.2665,17.2228],[74.2722,17.2301],[74.2843,17.2319],[74.2883,17.2471],[74.2679,17.2553],[74.2649,17.2608],[74.2243,17.2646],[74.2364,17.2777],[74.2315,17.2819],[74.2294,17.2941],[74.2201,17.2994],[74.2185,17.3139],[74.2063,17.3109],[74.2026,17.3188],[74.1842,17.3163],[74.1744,17.3243],[74.1775,17.331],[74.1743,17.3353],[74.1286,17.3383],[74.1265,17.3225],[74.1062,17.3316],[74.0934,17.3294],[74.0904,17.3446],[74.0829,17.3539],[74.0732,17.3533]]]}},{"type":"Feature","properties":{"ac_name":"SHIRALA","ac_no":284,"ac_category":"GEN","st_name":"MAHARASHTRA"},"geometry":{"type":"Polygon","coordinates":[[[73.6948,17.2619],[73.69,17.2408],[73.6932,17.2305],[73.7054,17.225],[73.7151,17.2089],[73.7035,17.1867],[73.6932,17.1801],[73.7073,17.1704],[73.7141,17.1745],[73.7282,17.168],[73.7422,17.1767],[73.7446,17.1638],[73.7412,17.1605],[73.7485,17.1526],[73.7732,17.1489],[73.7765,17.1535],[73.7678,17.1737],[73.7767,17.1817],[73.7912,17.1781],[73.799,17.1714],[73.8214,17.1692],[73.8471,17.1527],[73.8584,17.1373],[73.8756,17.1283],[73.8713,17.123],[73.8735,17.117],[73.9017,17.0993],[73.905,17.0834],[73.9144,17.076],[73.9141,17.0714],[73.9299,17.0748],[73.9393,17.064],[73.9587,17.0568],[73.9738,17.0362],[73.9797,17.0344],[73.9793,17.0097],[73.9696,17.0067],[73.9744,16.9887],[73.9864,16.9878],[73.9908,16.9971],[74.0235,16.9857],[74.0212,16.9692],[74.027,16.9635],[74.0197,16.9592],[74.0288,16.9518],[74.0229,16.9416],[74.0369,16.9386],[74.0388,16.9234],[74.049,16.9219],[74.0527,16.915],[74.0645,16.9106],[74.0659,16.9027],[74.0831,16.9081],[74.092,16.9184],[74.1004,16.9101],[74.1205,16.9129],[74.1354,16.8884],[74.146,16.8828],[74.1732,16.9024],[74.1896,16.8946],[74.2106,16.8933],[74.2158,16.9103],[74.2228,16.9129],[74.231,16.9031],[74.2343,16.8882],[74.2494,16.8874],[74.2591,16.9071],[74.2827,16.9183],[74.2959,16.8938],[74.3168,16.8896],[74.3177,16.9277],[74.3148,16.9383],[74.3009,16.9506],[74.3076,16.9563],[74.3062,16.9891],[74.2896,16.9874],[74.288,17.0088],[74.2798,17.0103],[74.2736,17.0236],[74.2427,17.024],[74.2444,17.0602],[74.2615,17.0617],[74.259,17.0856],[74.2497,17.086],[74.2501,17.107],[74.256,17.1068],[74.2605,17.1152],[74.2532,17.1342],[74.2383,17.1409],[74.2222,17.1396],[74.2001,17.1501],[74.1778,17.1498],[74.1764,17.1431],[74.1676,17.1408],[74.1572,17.1253],[74.13,17.1149],[74.1189,17.1218],[74.1113,17.1251],[74.1015,17.118],[74.0991,17.105],[74.0937,17.1011],[74.0787,17.1016],[74.0744,17.0978],[74.0522,17.1054],[74.0495,17.0971],[74.045,17.0995],[74.0315,17.0909],[74.0056,17.1119],[73.9844,17.1183],[73.9848,17.1266],[73.9799,17.1317],[73.941,17.1333],[73.8998,17.16],[73.8847,17.155],[73.8825,17.1688],[73.874,17.1784],[73.8703,17.1912],[73.8503,17.1984],[73.8339,17.2264],[73.8172,17.2332],[73.8087,17.2317],[73.7992,17.2436],[73.7655,17.2503],[73.7455,17.278],[73.7301,17.2733],[73.7199,17.2602],[73.7077,17.26],[73.7018,17.2645],[73.6948,17.2619]]]}},{"type":"Feature","properties":{"ac_name":"JAT","ac_no":288,"ac_category":"GEN","st_name":"MAHARASHTRA"},"geometry":{"type":"Polygon","coordinates":[[[75.0936,17.2509],[75.0795,17.2469],[75.0775,17.2219],[75.0161,17.2247],[75.0084,17.2086],[75.0075,17.1945],[75.0279,17.1908],[75.0351,17.1788],[75.0602,17.1802],[75.0682,17.1678],[75.0708,17.1454],[75.0669,17.1305],[75.0532,17.1153],[75.0419,17.1074],[74.9906,17.0888],[74.9926,17.0591],[74.9982,17.0594],[75.0074,17.0372],[75.0206,17.0329],[75.0212,17.0265],[75.0409,17.0242],[75.0375,17.0117],[75.0272,17.001],[75.0224,16.968],[75.0258,16.9441],[75.0256,16.9284],[75.045,16.942],[75.0642,16.9418],[75.0747,16.9501],[75.09,16.9518],[75.0963,16.9142],[75.1175,16.9135],[75.12,16.9023],[75.1351,16.8944],[75.1364,16.8746],[75.1645,16.8672],[75.177,16.868],[75.1889,16.8753],[75.1817,16.8446],[75.2281,16.844],[75.2375,16.8682],[75.2618,16.8615],[75.2802,16.8783],[75.2885,16.9046],[75.281,16.9139],[75.2791,16.9577],[75.3417,16.9581],[75.3918,16.9808],[75.4263,16.9683],[75.4406,16.9825],[75.4644,16.9909],[75.4681,16.9808],[75.4828,16.9779],[75.4877,16.9683],[75.4897,16.9444],[75.509,16.9498],[75.5288,16.9689],[75.5678,16.9662],[75.5668,17.0072],[75.5727,17.0099],[75.6067,17.0048],[75.608,16.9715],[75.6332,16.9708],[75.6427,16.9545],[75.6571,16.962],[75.6709,16.9621],[75.676,16.9676],[75.6766,16.9694],[75.666,16.9792],[75.6696,17.0382],[75.6485,17.0327],[75.6401,17.0376],[75.6503,17.0572],[75.6608,17.0649],[75.6772,17.0673],[75.6795,17.0733],[75.6725,17.1153],[75.6506,17.1153],[75.6493,17.1344],[75.6282,17.162],[75.625,17.1739],[75.6284,17.1889],[75.6398,17.1891],[75.6417,17.1968],[75.6561,17.2057],[75.6619,17.2146],[75.6583,17.2607],[75.6546,17.2727],[75.63,17.273],[75.6313,17.2789],[75.6232,17.2939],[75.6038,17.3063],[75.5409,17.276],[75.5173,17.2407],[75.4671,17.2441],[75.4657,17.252],[75.4443,17.2546],[75.4294,17.2672],[75.4213,17.2656],[75.4081,17.2395],[75.4094,17.2301],[75.4017,17.2108],[75.4084,17.1914],[75.4061,17.185],[75.3895,17.1908],[75.3699,17.1909],[75.371,17.2126],[75.366,17.2362],[75.3345,17.2398],[75.3331,17.2333],[75.3304,17.2179],[75.3178,17.2208],[75.2959,17.2178],[75.2847,17.2109],[75.2828,17.1959],[75.3046,17.1701],[75.2967,17.147],[75.2903,17.1456],[75.2702,17.1487],[75.2689,17.1834],[75.2303,17.1809],[75.2227,17.1841],[75.2145,17.1988],[75.2205,17.2084],[75.2395,17.217],[75.2392,17.2407],[75.2478,17.2562],[75.2266,17.2549],[75.2051,17.263],[75.2045,17.2703],[75.1963,17.2689],[75.1796,17.2362],[75.1424,17.2435],[75.1151,17.2402],[75.0999,17.2434],[75.0936,17.2509]]]}},{"type":"Feature","properties":{"ac_name":"SHAHUWADI","ac_no":277,"ac_category":"GEN","st_name":"MAHARASHTRA"},"geometry":{"type":"Polygon","coordinates":[[[73.7073,17.1704],[73.7062,17.1653],[73.6872,17.1589],[73.6886,17.1412],[73.7093,17.1412],[73.7208,17.1276],[73.7368,17.1213],[73.7466,17.1303],[73.7674,17.1085],[73.7801,17.1066],[73.7845,17.0966],[73.7893,17.0929],[73.7937,17.0961],[73.8062,17.0841],[73.8025,17.0611],[73.8169,17.0646],[73.8334,17.0552],[73.8248,17.0376],[73.8317,17.023],[73.8274,17.0114],[73.8344,17.0009],[73.8317,16.9908],[73.8097,16.9883],[73.7905,16.9942],[73.7849,16.9898],[73.7631,16.9607],[73.787,16.9419],[73.796,16.9288],[73.7894,16.9218],[73.7924,16.9186],[73.7896,16.9092],[73.7837,16.9078],[73.7767,16.9128],[73.7719,16.9077],[73.7652,16.9112],[73.7616,16.9023],[73.7542,16.9076],[73.7462,16.9059],[73.7418,16.9175],[73.7384,16.9151],[73.7401,16.8981],[73.7466,16.9043],[73.7498,16.9014],[73.7473,16.8846],[73.7676,16.8691],[73.7636,16.8608],[73.7661,16.8498],[73.7527,16.8362],[73.7379,16.8453],[73.7319,16.8351],[73.7278,16.834],[73.7237,16.8408],[73.7103,16.8297],[73.7296,16.8217],[73.7269,16.8168],[73.7346,16.817],[73.7374,16.8223],[73.7518,16.8112],[73.7503,16.8046],[73.7596,16.8045],[73.7593,16.7911],[73.7541,16.7852],[73.7605,16.7709],[73.7694,16.7713],[73.7732,16.7787],[73.782,16.779],[73.7931,16.7619],[73.813,16.7687],[73.8312,16.7507],[73.8271,16.7424],[73.835,16.7421],[73.8953,16.741],[73.925,16.7486],[73.9175,16.7684],[73.9638,16.762],[73.9697,16.7693],[73.9829,16.7689],[73.9943,16.7619],[74.004,16.7665],[74.0062,16.7605],[74.0177,16.7618],[74.0212,16.7715],[74.0167,16.7744],[74.0252,16.784],[74.0323,16.7761],[74.0356,16.7586],[74.0602,16.7492],[74.07,16.7687],[74.0818,16.7706],[74.087,16.7813],[74.1027,16.7767],[74.1049,16.7835],[74.1226,16.7818],[74.1421,16.7598],[74.1438,16.7519],[74.1519,16.758],[74.15,16.8003],[74.1714,16.7912],[74.18,16.7697],[74.1966,16.7548],[74.2103,16.7593],[74.2066,16.7789],[74.2154,16.7918],[74.2074,16.7932],[74.2071,16.7991],[74.2165,16.7993],[74.2188,16.8032],[74.2144,16.8246],[74.232,16.8525],[74.2254,16.8577],[74.2246,16.8858],[74.2343,16.8882],[74.231,16.9031],[74.2228,16.9129],[74.2158,16.9103],[74.2106,16.8933],[74.1896,16.8946],[74.1732,16.9024],[74.146,16.8828],[74.1354,16.8884],[74.1205,16.9129],[74.1004,16.9101],[74.092,16.9184],[74.0831,16.9081],[74.0659,16.9027],[74.0645,16.9106],[74.0527,16.915],[74.049,16.9219],[74.0388,16.9234],[74.0369,16.9386],[74.0229,16.9416],[74.0288,16.9518],[74.0197,16.9592],[74.027,16.9635],[74.0212,16.9692],[74.0235,16.9857],[73.9908,16.9971],[73.9864,16.9878],[73.9744,16.9887],[73.9696,17.0067],[73.9793,17.0097],[73.9797,17.0344],[73.9738,17.0362],[73.9587,17.0568],[73.9393,17.064],[73.9299,17.0748],[73.9141,17.0714],[73.9144,17.076],[73.905,17.0834],[73.9017,17.0993],[73.8735,17.117],[73.8713,17.123],[73.8756,17.1283],[73.8584,17.1373],[73.8471,17.1527],[73.8214,17.1692],[73.799,17.1714],[73.7912,17.1781],[73.7767,17.1817],[73.7678,17.1737],[73.7765,17.1535],[73.7732,17.1489],[73.7485,17.1526],[73.7412,17.1605],[73.7446,17.1638],[73.7422,17.1767],[73.7282,17.168],[73.7141,17.1745],[73.7073,17.1704]]]}},{"type":"Feature","properties":{"ac_name":"ISLAMPUR","ac_no":283,"ac_category":"GEN","st_name":"MAHARASHTRA"},"geometry":{"type":"Polygon","coordinates":[[[74.2816,17.1839],[74.271,17.1687],[74.2493,17.1698],[74.2472,17.1607],[74.2334,17.1563],[74.2345,17.1532],[74.2475,17.1544],[74.2467,17.1422],[74.2383,17.1409],[74.2532,17.1342],[74.2605,17.1152],[74.256,17.1068],[74.2501,17.107],[74.2497,17.086],[74.259,17.0856],[74.2615,17.0617],[74.2444,17.0602],[74.2427,17.024],[74.2736,17.0236],[74.2798,17.0103],[74.288,17.0088],[74.2896,16.9874],[74.3062,16.9891],[74.3076,16.9563],[74.3009,16.9506],[74.3148,16.9383],[74.3177,16.9277],[74.3168,16.8896],[74.327,16.8777],[74.338,16.8803],[74.3546,16.8717],[74.3622,16.8537],[74.4018,16.8827],[74.4038,16.8763],[74.4162,16.8776],[74.4149,16.8665],[74.4046,16.8514],[74.4107,16.8455],[74.4222,16.8435],[74.4635,16.8565],[74.4712,16.8689],[74.4931,16.8599],[74.4999,16.8298],[74.515,16.841],[74.5167,16.8587],[74.5237,16.8503],[74.521,16.8807],[74.5393,16.8855],[74.5345,16.9009],[74.537,16.9203],[74.5472,16.9434],[74.5427,16.9522],[74.5437,16.9622],[74.5395,16.9636],[74.5315,16.9593],[74.5281,16.9472],[74.5159,16.9448],[74.5094,16.9306],[74.482,16.9386],[74.4705,16.9576],[74.4605,16.9602],[74.451,16.9716],[74.4482,16.9864],[74.4168,16.9971],[74.393,16.9954],[74.3907,17.0177],[74.3972,17.0231],[74.4004,17.0434],[74.3776,17.0496],[74.3676,17.0591],[74.3697,17.1017],[74.3614,17.1124],[74.3605,17.1424],[74.3527,17.1567],[74.3477,17.1521],[74.3397,17.1629],[74.3276,17.1637],[74.2816,17.1839]]]}},{"type":"Feature","properties":{"ac_name":"TASGAON-KAVATHE MAHANKAL","ac_no":287,"ac_category":"GEN","st_name":"MAHARASHTRA"},"geometry":{"type":"Polygon","coordinates":[[[74.849,17.2044],[74.8331,17.2118],[74.8215,17.2071],[74.8082,17.1928],[74.7916,17.2025],[74.7895,17.1993],[74.7792,17.2032],[74.725,17.202],[74.7224,17.1927],[74.7294,17.1878],[74.6918,17.1719],[74.6811,17.1593],[74.6697,17.1554],[74.6672,17.1352],[74.6483,17.1315],[74.6514,17.1193],[74.6439,17.1186],[74.6405,17.1085],[74.6106,17.0947],[74.6076,17.0848],[74.5821,17.0849],[74.5792,17.0976],[74.5578,17.0997],[74.5451,17.0961],[74.5419,17.0902],[74.5292,17.0897],[74.5316,17.0771],[74.5147,17.0678],[74.5022,17.0676],[74.5043,17.041],[74.5173,17.0326],[74.521,17.0398],[74.5335,17.0384],[74.5462,17.0292],[74.5468,17.0153],[74.5619,17.0071],[74.5613,16.9864],[74.5395,16.9636],[74.5437,16.9622],[74.588,16.9502],[74.603,16.9517],[74.62,16.9535],[74.6208,16.9599],[74.6316,16.9658],[74.6457,16.9436],[74.6527,16.9429],[74.6543,16.9385],[74.6619,16.943],[74.6634,16.9257],[74.6799,16.923],[74.6823,16.9289],[74.6752,16.9659],[74.6913,16.9749],[74.6893,16.9915],[74.751,17.0015],[74.749,16.9849],[74.7375,16.9811],[74.7677,16.9566],[74.7544,16.936],[74.7536,16.9193],[74.7879,16.9231],[74.8017,16.9188],[74.8175,16.9227],[74.8286,16.907],[74.8611,16.9012],[74.8714,16.9041],[74.897,16.9005],[74.9554,16.907],[74.955,16.9104],[74.9433,16.9115],[74.933,16.9188],[74.9345,16.9239],[74.9221,16.9298],[74.9234,16.94],[74.9374,16.9445],[74.9651,16.9271],[74.96,16.937],[74.9679,16.9418],[74.9644,16.9479],[74.9686,16.9506],[74.994,16.9525],[75.0258,16.9441],[75.0224,16.968],[75.0272,17.001],[75.0375,17.0117],[75.0409,17.0242],[75.0212,17.0265],[75.0206,17.0329],[75.0074,17.0372],[74.9982,17.0594],[74.9926,17.0591],[74.9906,17.0888],[75.0419,17.1074],[75.0532,17.1153],[75.0669,17.1305],[75.0708,17.1454],[75.0682,17.1678],[75.0602,17.1802],[75.0351,17.1788],[75.0279,17.1908],[75.0075,17.1945],[75.0084,17.2086],[74.9834,17.2031],[74.9775,17.1936],[74.9624,17.1951],[74.966,17.1875],[74.9565,17.1854],[74.9517,17.175],[74.9532,17.1696],[74.962,17.168],[74.9591,17.1622],[74.968,17.1352],[74.9656,17.1279],[74.9192,17.1319],[74.909,17.1206],[74.9143,17.1144],[74.8935,17.1197],[74.8958,17.1271],[74.8922,17.1284],[74.8972,17.1329],[74.9099,17.1294],[74.9209,17.1329],[74.924,17.1485],[74.9161,17.1636],[74.9066,17.1606],[74.9037,17.1658],[74.9074,17.1753],[74.899,17.1779],[74.8989,17.1841],[74.8933,17.1765],[74.8854,17.1808],[74.893,17.1839],[74.8862,17.1895],[74.8947,17.1951],[74.8874,17.1962],[74.8785,17.1878],[74.876,17.1941],[74.8704,17.1917],[74.8707,17.1974],[74.8626,17.1964],[74.8707,17.2084],[74.8662,17.2051],[74.8629,17.2109],[74.857,17.2044],[74.8581,17.2117],[74.849,17.2044]]]}},{"type":"Feature","properties":{"ac_name":"RAJAPUR","ac_no":267,"ac_category":"GEN","st_name":"MAHARASHTRA"},"geometry":{"type":"Polygon","coordinates":[[[73.6294,17.0359],[73.6195,17.0311],[73.6152,17.0339],[73.6137,17.0232],[73.5973,17.0267],[73.5948,17.0218],[73.5813,17.0233],[73.5427,17.0166],[73.5416,17.0108],[73.5348,17.0084],[73.5401,16.9955],[73.5336,16.9807],[73.5503,16.9691],[73.5433,16.9572],[73.5382,16.958],[73.5353,16.9535],[73.5177,16.9628],[73.5051,16.9556],[73.5014,16.9665],[73.4898,16.9695],[73.4789,16.9622],[73.4659,16.9639],[73.4517,16.9477],[73.4675,16.933],[73.4694,16.9206],[73.4646,16.9122],[73.4502,16.9056],[73.4152,16.9157],[73.4108,16.9027],[73.4274,16.8774],[73.4174,16.8696],[73.3992,16.8671],[73.3955,16.8477],[73.3753,16.8335],[73.3761,16.821],[73.3722,16.8151],[73.3759,16.7991],[73.3679,16.7929],[73.3699,16.7799],[73.3786,16.7798],[73.3823,16.7707],[73.364,16.747],[73.3449,16.775],[73.3492,16.7927],[73.3385,16.8122],[73.3272,16.8157],[73.3176,16.8063],[73.318,16.7951],[73.3086,16.7819],[73.3052,16.7661],[73.3055,16.7302],[73.3193,16.7065],[73.3186,16.6965],[73.3301,16.6871],[73.3385,16.6871],[73.3411,16.6971],[73.3447,16.6907],[73.3412,16.6803],[73.3361,16.6852],[73.3291,16.6849],[73.3329,16.6505],[73.3286,16.6459],[73.3237,16.6478],[73.3228,16.6363],[73.329,16.6413],[73.3414,16.6383],[73.3414,16.6287],[73.3303,16.6202],[73.3377,16.6241],[73.3516,16.623],[73.3511,16.6127],[73.3446,16.6116],[73.3395,16.6042],[73.3199,16.6077],[73.3167,16.6018],[73.322,16.5837],[73.3304,16.5774],[73.3322,16.565],[73.3403,16.5602],[73.3533,16.527],[73.3694,16.5162],[73.3992,16.5103],[73.4189,16.5145],[73.4391,16.5013],[73.4661,16.4936],[73.4747,16.4969],[73.496,16.5197],[73.5129,16.5137],[73.522,16.5242],[73.543,16.5152],[73.5645,16.5294],[73.579,16.5455],[73.5923,16.5408],[73.5997,16.5442],[73.6122,16.5575],[73.6206,16.5827],[73.6323,16.5786],[73.6369,16.5637],[73.6465,16.5626],[73.6503,16.5673],[73.6484,16.5758],[73.6552,16.575],[73.6666,16.5818],[73.661,16.5896],[73.6714,16.5844],[73.6773,16.6099],[73.6925,16.6247],[73.701,16.6248],[73.7097,16.6031],[73.7311,16.6075],[73.7418,16.5996],[73.7481,16.6007],[73.7682,16.6027],[73.7659,16.6127],[73.7699,16.6246],[73.7607,16.6296],[73.7538,16.6426],[73.7647,16.6435],[73.7723,16.665],[73.7839,16.6595],[73.7949,16.6629],[73.8305,16.6488],[73.8403,16.6526],[73.8509,16.6494],[73.8547,16.6486],[73.864,16.6676],[73.8616,16.6717],[73.8503,16.6735],[73.8593,16.6811],[73.8464,16.6915],[73.8207,16.7006],[73.816,16.7089],[73.8106,16.707],[73.8167,16.7149],[73.8264,16.7152],[73.8301,16.7285],[73.8377,16.736],[73.835,16.7421],[73.8271,16.7424],[73.8312,16.7507],[73.813,16.7687],[73.7931,16.7619],[73.782,16.779],[73.7732,16.7787],[73.7694,16.7713],[73.7605,16.7709],[73.7541,16.7852],[73.7593,16.7911],[73.7596,16.8045],[73.7503,16.8046],[73.7518,16.8112],[73.7374,16.8223],[73.7346,16.817],[73.7269,16.8168],[73.7296,16.8217],[73.7103,16.8297],[73.7237,16.8408],[73.7278,16.834],[73.7319,16.8351],[73.7379,16.8453],[73.7527,16.8362],[73.7661,16.8498],[73.7636,16.8608],[73.7676,16.8691],[73.7473,16.8846],[73.7498,16.9014],[73.7466,16.9043],[73.7401,16.8981],[73.7384,16.9151],[73.7418,16.9175],[73.7462,16.9059],[73.7542,16.9076],[73.7616,16.9023],[73.7652,16.9112],[73.7719,16.9077],[73.7767,16.9128],[73.7837,16.9078],[73.7896,16.9092],[73.7924,16.9186],[73.7894,16.9218],[73.796,16.9288],[73.787,16.9419],[73.7631,16.9607],[73.7849,16.9898],[73.7778,16.9956],[73.7646,16.9889],[73.731,16.9907],[73.74,17.0163],[73.7302,17.02],[73.715,17.0142],[73.704,17.0247],[73.6811,17.0161],[73.6748,17.0075],[73.6748,16.995],[73.666,16.9889],[73.6524,16.9877],[73.6387,16.9972],[73.6385,17.0171],[73.6284,17.0302],[73.6294,17.0359]]]}},{"type":"Feature","properties":{"ac_name":"MIRAJ","ac_no":281,"ac_category":"SC","st_name":"MAHARASHTRA"},"geometry":{"type":"Polygon","coordinates":[[[74.603,16.9517],[74.6075,16.9306],[74.6055,16.9149],[74.6145,16.9123],[74.6166,16.9037],[74.6114,16.8849],[74.6255,16.8568],[74.6091,16.8352],[74.5851,16.8323],[74.5864,16.8018],[74.6044,16.7998],[74.6297,16.7871],[74.6423,16.7714],[74.6443,16.7534],[74.6989,16.7348],[74.7003,16.7303],[74.6914,16.7163],[74.7317,16.7188],[74.7688,16.744],[74.7719,16.7508],[74.7962,16.7484],[74.7988,16.7539],[74.8447,16.7623],[74.8501,16.7729],[74.8653,16.7633],[74.8695,16.7744],[74.9197,16.7726],[74.9108,16.789],[74.9102,16.8354],[74.9017,16.8626],[74.9271,16.8643],[74.9257,16.8723],[74.9356,16.8715],[74.9361,16.8793],[74.9447,16.883],[74.9608,16.8811],[74.9635,16.9079],[74.9634,16.9111],[74.9587,16.9055],[74.9554,16.907],[74.897,16.9005],[74.8714,16.9041],[74.8611,16.9012],[74.8286,16.907],[74.8175,16.9227],[74.8017,16.9188],[74.7879,16.9231],[74.7536,16.9193],[74.7544,16.936],[74.7677,16.9566],[74.7375,16.9811],[74.749,16.9849],[74.751,17.0015],[74.6893,16.9915],[74.6913,16.9749],[74.6752,16.9659],[74.6823,16.9289],[74.6799,16.923],[74.6634,16.9257],[74.6619,16.943],[74.6543,16.9385],[74.6527,16.9429],[74.6457,16.9436],[74.6316,16.9658],[74.6208,16.9599],[74.62,16.9535],[74.603,16.9517]]]}},{"type":"Feature","properties":{"ac_name":"SANGLI","ac_no":282,"ac_category":"GEN","st_name":"MAHARASHTRA"},"geometry":{"type":"Polygon","coordinates":[[[74.5437,16.9622],[74.5427,16.9522],[74.5472,16.9434],[74.537,16.9203],[74.5345,16.9009],[74.5393,16.8855],[74.521,16.8807],[74.5237,16.8503],[74.5355,16.8457],[74.555,16.8248],[74.5604,16.807],[74.5864,16.8018],[74.5851,16.8323],[74.6091,16.8352],[74.6255,16.8568],[74.6114,16.8849],[74.6166,16.9037],[74.6145,16.9123],[74.6055,16.9149],[74.6075,16.9306],[74.603,16.9517],[74.588,16.9502],[74.5437,16.9622]]]}},{"type":"Feature","properties":{"ac_name":"HATKANANGLE","ac_no":278,"ac_category":"SC","st_name":"MAHARASHTRA"},"geometry":{"type":"Polygon","coordinates":[[[74.2343,16.8882],[74.2246,16.8858],[74.2254,16.8577],[74.232,16.8525],[74.2144,16.8246],[74.2188,16.8032],[74.225,16.7949],[74.2311,16.798],[74.2309,16.8038],[74.2419,16.8041],[74.2447,16.7962],[74.2501,16.7981],[74.2504,16.7893],[74.268,16.7836],[74.2732,16.7606],[74.2679,16.761],[74.2636,16.7613],[74.2655,16.7339],[74.2734,16.7166],[74.2862,16.7118],[74.3183,16.7292],[74.3376,16.7153],[74.3352,16.7015],[74.338,16.6964],[74.3466,16.6945],[74.3511,16.6833],[74.3459,16.6671],[74.3449,16.633],[74.3541,16.6289],[74.3407,16.6124],[74.3748,16.6111],[74.3858,16.6064],[74.3848,16.5899],[74.3953,16.5772],[74.3985,16.5841],[74.4217,16.5856],[74.4347,16.6009],[74.4664,16.6056],[74.4656,16.6244],[74.4556,16.6465],[74.459,16.6567],[74.4241,16.6494],[74.4196,16.6514],[74.4147,16.6668],[74.4149,16.6713],[74.4251,16.6759],[74.4273,16.6844],[74.4153,16.7285],[74.4439,16.7358],[74.4557,16.7628],[74.4563,16.773],[74.447,16.7837],[74.4499,16.7949],[74.4681,16.7969],[74.4712,16.8418],[74.4675,16.8418],[74.4635,16.8565],[74.4222,16.8435],[74.4107,16.8455],[74.4046,16.8514],[74.4149,16.8665],[74.4162,16.8776],[74.4038,16.8763],[74.4018,16.8827],[74.3622,16.8537],[74.3546,16.8717],[74.338,16.8803],[74.327,16.8777],[74.3168,16.8896],[74.2959,16.8938],[74.2827,16.9183],[74.2591,16.9071],[74.2494,16.8874],[74.2343,16.8882]]]}},{"type":"Feature","properties":{"ac_name":"SHIROL","ac_no":280,"ac_category":"GEN","st_name":"MAHARASHTRA"},"geometry":{"type":"Polygon","coordinates":[[[74.4635,16.8565],[74.4675,16.8418],[74.4712,16.8418],[74.4681,16.7969],[74.4499,16.7949],[74.447,16.7837],[74.4563,16.773],[74.4557,16.7628],[74.4556,16.76],[74.4852,16.7571],[74.487,16.7389],[74.4797,16.7236],[74.4806,16.714],[74.4983,16.7083],[74.5006,16.699],[74.4929,16.6946],[74.4957,16.6803],[74.5046,16.6772],[74.4718,16.6638],[74.4772,16.6448],[74.4888,16.6311],[74.5441,16.6352],[74.5432,16.5951],[74.5578,16.5946],[74.5651,16.5869],[74.5659,16.5815],[74.5555,16.5726],[74.5549,16.5648],[74.5721,16.5534],[74.5755,16.5594],[74.5856,16.5581],[74.5872,16.5657],[74.6015,16.5649],[74.6093,16.5693],[74.62,16.5846],[74.6285,16.5772],[74.6352,16.5838],[74.6326,16.6008],[74.6378,16.6102],[74.6603,16.6029],[74.6729,16.6096],[74.6854,16.6067],[74.6892,16.6112],[74.6874,16.618],[74.6698,16.63],[74.659,16.6304],[74.6525,16.639],[74.6599,16.6478],[74.6649,16.6661],[74.6895,16.6773],[74.6884,16.682],[74.681,16.6808],[74.6807,16.6866],[74.689,16.6864],[74.6874,16.7125],[74.6914,16.7163],[74.7003,16.7303],[74.6989,16.7348],[74.6443,16.7534],[74.6423,16.7714],[74.6297,16.7871],[74.6044,16.7998],[74.5864,16.8018],[74.5604,16.807],[74.555,16.8248],[74.5355,16.8457],[74.5237,16.8503],[74.5167,16.8587],[74.515,16.841],[74.4999,16.8298],[74.4931,16.8599],[74.4712,16.8689],[74.4635,16.8565]]]}},{"type":"Feature","properties":{"ac_name":"KARVIR","ac_no":275,"ac_category":"GEN","st_name":"MAHARASHTRA"},"geometry":{"type":"Polygon","coordinates":[[[74.2679,16.761],[74.2732,16.7606],[74.268,16.7836],[74.2504,16.7893],[74.2501,16.7981],[74.2447,16.7962],[74.2419,16.8041],[74.2309,16.8038],[74.2311,16.798],[74.225,16.7949],[74.2188,16.8032],[74.2165,16.7993],[74.2071,16.7991],[74.2074,16.7932],[74.2154,16.7918],[74.2066,16.7789],[74.2103,16.7593],[74.1966,16.7548],[74.18,16.7697],[74.1714,16.7912],[74.15,16.8003],[74.1519,16.758],[74.1438,16.7519],[74.1421,16.7598],[74.1226,16.7818],[74.1049,16.7835],[74.1027,16.7767],[74.087,16.7813],[74.0818,16.7706],[74.07,16.7687],[74.0602,16.7492],[74.0356,16.7586],[74.0323,16.7761],[74.0252,16.784],[74.0167,16.7744],[74.0212,16.7715],[74.0177,16.7618],[74.0062,16.7605],[74.004,16.7665],[73.9943,16.7619],[73.9829,16.7689],[73.9697,16.7693],[73.9638,16.762],[73.9175,16.7684],[73.925,16.7486],[73.8953,16.741],[73.835,16.7421],[73.8377,16.736],[73.8301,16.7285],[73.8264,16.7152],[73.8167,16.7149],[73.8106,16.707],[73.816,16.7089],[73.8207,16.7006],[73.8464,16.6915],[73.8593,16.6811],[73.8503,16.6735],[73.8616,16.6717],[73.864,16.6676],[73.8547,16.6486],[73.8509,16.6494],[73.8476,16.6435],[73.8531,16.6259],[73.8618,16.6158],[73.8606,16.6076],[73.8409,16.5889],[73.846,16.5729],[73.8316,16.5601],[73.8284,16.5476],[73.8234,16.5442],[73.8123,16.5471],[73.8295,16.5343],[73.8436,16.5305],[73.8373,16.5084],[73.8628,16.4755],[73.8842,16.4743],[73.8852,16.4851],[73.9155,16.515],[73.9589,16.5015],[73.9619,16.5289],[73.9405,16.5471],[73.9573,16.5672],[73.9621,16.582],[73.9764,16.5874],[73.9782,16.5918],[73.9618,16.6145],[73.9821,16.6346],[73.9868,16.6304],[74.0011,16.6234],[74.0064,16.6098],[74.0214,16.6028],[74.0303,16.5868],[74.0145,16.5778],[74.0348,16.5635],[74.0432,16.5744],[74.06,16.5632],[74.0816,16.5684],[74.086,16.573],[74.096,16.5657],[74.1114,16.565],[74.1116,16.54],[74.1043,16.5378],[74.1037,16.5229],[74.1204,16.5248],[74.1364,16.5334],[74.1496,16.5301],[74.159,16.5433],[74.1655,16.5441],[74.1627,16.5666],[74.1959,16.611],[74.1895,16.6288],[74.1946,16.656],[74.1801,16.6619],[74.1803,16.6758],[74.1896,16.6881],[74.1839,16.697],[74.1853,16.7046],[74.1905,16.7137],[74.2146,16.7053],[74.2216,16.7137],[74.237,16.7391],[74.2421,16.761],[74.2583,16.7682],[74.2679,16.761]]]}},{"type":"Feature","properties":{"ac_name":"KOLHAPUR NORTH","ac_no":276,"ac_category":"GEN","st_name":"MAHARASHTRA"},"geometry":{"type":"Polygon","coordinates":[[[74.2679,16.761],[74.2583,16.7682],[74.2421,16.761],[74.237,16.7391],[74.2216,16.7137],[74.2281,16.6947],[74.2382,16.6896],[74.2523,16.6932],[74.2621,16.7107],[74.2734,16.7166],[74.2655,16.7339],[74.2636,16.7613],[74.2679,16.761]]]}},{"type":"Feature","properties":{"ac_name":"ICHALKARANJI","ac_no":279,"ac_category":"GEN","st_name":"MAHARASHTRA"},"geometry":{"type":"Polygon","coordinates":[[[74.4557,16.7628],[74.4439,16.7358],[74.4153,16.7285],[74.4273,16.6844],[74.4251,16.6759],[74.4149,16.6713],[74.4147,16.6668],[74.4196,16.6514],[74.4241,16.6494],[74.459,16.6567],[74.4718,16.6638],[74.5046,16.6772],[74.4957,16.6803],[74.4929,16.6946],[74.5006,16.699],[74.4983,16.7083],[74.4806,16.714],[74.4797,16.7236],[74.487,16.7389],[74.4852,16.7571],[74.4556,16.76],[74.4557,16.7628]]]}},{"type":"Feature","properties":{"ac_name":"KOLHAPUR SOUTH","ac_no":274,"ac_category":"GEN","st_name":"MAHARASHTRA"},"geometry":{"type":"Polygon","coordinates":[[[74.2734,16.7166],[74.2621,16.7107],[74.2523,16.6932],[74.2382,16.6896],[74.2281,16.6947],[74.2216,16.7137],[74.2146,16.7053],[74.1905,16.7137],[74.1853,16.7046],[74.1839,16.697],[74.1896,16.6881],[74.1803,16.6758],[74.1801,16.6619],[74.1946,16.656],[74.1895,16.6288],[74.1959,16.611],[74.1627,16.5666],[74.1655,16.5441],[74.159,16.5433],[74.1496,16.5301],[74.1364,16.5334],[74.1204,16.5248],[74.1245,16.5226],[74.1268,16.5017],[74.1446,16.4936],[74.1538,16.5041],[74.1598,16.5165],[74.1704,16.5243],[74.1819,16.5262],[74.1958,16.5381],[74.1995,16.5385],[74.2079,16.5134],[74.2298,16.5171],[74.2282,16.5473],[74.2203,16.5467],[74.2207,16.5652],[74.2423,16.5677],[74.2422,16.5828],[74.2753,16.5937],[74.2776,16.6008],[74.2887,16.6093],[74.2968,16.6095],[74.3013,16.6151],[74.3166,16.6149],[74.3152,16.6119],[74.3407,16.6124],[74.3541,16.6289],[74.3449,16.633],[74.3459,16.6671],[74.3511,16.6833],[74.3466,16.6945],[74.338,16.6964],[74.3352,16.7015],[74.3376,16.7153],[74.3183,16.7292],[74.2862,16.7118],[74.2734,16.7166]]]}},{"type":"Feature","properties":{"ac_name":"KANKAVLI","ac_no":268,"ac_category":"GEN","st_name":"MAHARASHTRA"},"geometry":{"type":"Polygon","coordinates":[[[73.7481,16.6007],[73.7418,16.5996],[73.7311,16.6075],[73.7097,16.6031],[73.701,16.6248],[73.6925,16.6247],[73.6773,16.6099],[73.6714,16.5844],[73.661,16.5896],[73.6666,16.5818],[73.6552,16.575],[73.6484,16.5758],[73.6503,16.5673],[73.6465,16.5626],[73.6369,16.5637],[73.6323,16.5786],[73.6206,16.5827],[73.6122,16.5575],[73.5997,16.5442],[73.5923,16.5408],[73.579,16.5455],[73.5645,16.5294],[73.543,16.5152],[73.522,16.5242],[73.5129,16.5137],[73.496,16.5197],[73.4747,16.4969],[73.4661,16.4936],[73.4391,16.5013],[73.4189,16.5145],[73.3992,16.5103],[73.3694,16.5162],[73.3533,16.527],[73.3403,16.5602],[73.3322,16.565],[73.3337,16.5588],[73.3261,16.5579],[73.3207,16.5505],[73.3176,16.5565],[73.3144,16.541],[73.3106,16.5413],[73.3182,16.5301],[73.3158,16.5129],[73.3212,16.5162],[73.3251,16.5131],[73.3312,16.4887],[73.3407,16.4783],[73.3519,16.4436],[73.3663,16.4411],[73.3781,16.4536],[73.386,16.4482],[73.3793,16.4504],[73.3672,16.4364],[73.3558,16.4422],[73.3662,16.3967],[73.3789,16.396],[73.3865,16.4041],[73.3993,16.4022],[73.406,16.4161],[73.4115,16.4133],[73.4161,16.4199],[73.4141,16.4126],[73.4266,16.4106],[73.4634,16.4163],[73.4729,16.4285],[73.4741,16.4392],[73.4736,16.4283],[73.4646,16.4162],[73.4804,16.4106],[73.4887,16.4123],[73.4916,16.4186],[73.4992,16.4182],[73.492,16.4177],[73.4895,16.4118],[73.4816,16.4092],[73.4695,16.4144],[73.4294,16.4061],[73.4095,16.4072],[73.4002,16.3886],[73.3881,16.3945],[73.3791,16.388],[73.3779,16.3795],[73.372,16.3763],[73.3728,16.3892],[73.3668,16.3791],[73.3714,16.3729],[73.3682,16.3639],[73.3735,16.3596],[73.3847,16.3591],[73.3945,16.3678],[73.3932,16.3604],[73.4068,16.3601],[73.4209,16.3725],[73.4387,16.3719],[73.4217,16.3712],[73.4088,16.3573],[73.3977,16.3544],[73.389,16.361],[73.3854,16.3371],[73.3925,16.3296],[73.3961,16.3184],[73.3929,16.3136],[73.4049,16.2972],[73.4102,16.2742],[73.417,16.2927],[73.4222,16.2847],[73.4311,16.2895],[73.4334,16.285],[73.4425,16.2934],[73.4493,16.309],[73.4431,16.2931],[73.4343,16.2842],[73.4145,16.2845],[73.4117,16.2727],[73.4159,16.2478],[73.4256,16.2254],[73.4279,16.2023],[73.4361,16.2032],[73.4363,16.1998],[73.4524,16.2283],[73.4857,16.233],[73.4883,16.2465],[73.5091,16.269],[73.527,16.2747],[73.5251,16.2938],[73.5397,16.2884],[73.5584,16.2882],[73.5837,16.3061],[73.5957,16.2939],[73.5976,16.2657],[73.616,16.2722],[73.6211,16.264],[73.6334,16.2628],[73.6404,16.2492],[73.6597,16.2547],[73.6587,16.2456],[73.6975,16.2229],[73.669,16.2039],[73.6696,16.1981],[73.6642,16.1943],[73.6645,16.1749],[73.6918,16.168],[73.6993,16.1774],[73.7124,16.1799],[73.7334,16.2014],[73.7454,16.2058],[73.746,16.2121],[73.7748,16.183],[73.7895,16.1793],[73.7993,16.1842],[73.8128,16.1843],[73.8162,16.1965],[73.8098,16.208],[73.8252,16.2236],[73.8379,16.209],[73.8505,16.2038],[73.8899,16.2005],[73.9329,16.1792],[73.9465,16.178],[73.9366,16.1855],[73.9573,16.2013],[73.9537,16.2037],[73.9564,16.2077],[73.9417,16.2054],[73.9378,16.2087],[73.9356,16.2044],[73.9231,16.2015],[73.9289,16.211],[73.9244,16.218],[73.9175,16.2175],[73.935,16.2252],[73.9382,16.2355],[73.9454,16.2383],[73.9427,16.2431],[73.9258,16.239],[73.924,16.2341],[73.9137,16.2302],[73.9125,16.234],[73.9055,16.2347],[73.8889,16.229],[73.9167,16.2453],[73.9057,16.2521],[73.9084,16.2544],[73.8911,16.2562],[73.8943,16.2623],[73.879,16.2795],[73.8885,16.29],[73.8883,16.2994],[73.9008,16.306],[73.9042,16.3274],[73.8967,16.3302],[73.8884,16.3228],[73.8864,16.3292],[73.8628,16.3087],[73.8551,16.3163],[73.8456,16.3002],[73.8469,16.3138],[73.8384,16.3161],[73.8484,16.3233],[73.8374,16.3429],[73.8319,16.3452],[73.838,16.3468],[73.8429,16.3556],[73.8502,16.3552],[73.864,16.37],[73.8565,16.386],[73.8369,16.3926],[73.8343,16.4018],[73.8496,16.4147],[73.8502,16.4203],[73.8655,16.4287],[73.8712,16.4419],[73.8781,16.4411],[73.8842,16.4507],[73.8871,16.4492],[73.8842,16.4743],[73.8628,16.4755],[73.8373,16.5084],[73.8436,16.5305],[73.8295,16.5343],[73.8123,16.5471],[73.8234,16.5442],[73.8284,16.5476],[73.8316,16.5601],[73.846,16.5729],[73.8409,16.5889],[73.8606,16.6076],[73.8618,16.6158],[73.8531,16.6259],[73.8476,16.6435],[73.8509,16.6494],[73.8403,16.6526],[73.8305,16.6488],[73.7949,16.6629],[73.7839,16.6595],[73.7723,16.665],[73.7647,16.6435],[73.7538,16.6426],[73.7607,16.6296],[73.7699,16.6246],[73.7659,16.6127],[73.7682,16.6027],[73.7481,16.6007]]]}},{"type":"Feature","properties":{"ac_name":"RADHANAGARI","ac_no":272,"ac_category":"GEN","st_name":"MAHARASHTRA"},"geometry":{"type":"Polygon","coordinates":[[[73.9868,16.6304],[73.9821,16.6346],[73.9618,16.6145],[73.9782,16.5918],[73.9764,16.5874],[73.9621,16.582],[73.9573,16.5672],[73.9405,16.5471],[73.9619,16.5289],[73.9589,16.5015],[73.9155,16.515],[73.8852,16.4851],[73.8842,16.4743],[73.8871,16.4492],[73.8842,16.4507],[73.8781,16.4411],[73.8712,16.4419],[73.8655,16.4287],[73.8502,16.4203],[73.8496,16.4147],[73.8343,16.4018],[73.8369,16.3926],[73.8565,16.386],[73.864,16.37],[73.8502,16.3552],[73.8429,16.3556],[73.838,16.3468],[73.8319,16.3452],[73.8374,16.3429],[73.8484,16.3233],[73.8384,16.3161],[73.8469,16.3138],[73.8456,16.3002],[73.8551,16.3163],[73.8628,16.3087],[73.8864,16.3292],[73.8884,16.3228],[73.8967,16.3302],[73.9042,16.3274],[73.9008,16.306],[73.8883,16.2994],[73.8885,16.29],[73.879,16.2795],[73.8943,16.2623],[73.8911,16.2562],[73.9084,16.2544],[73.9057,16.2521],[73.9167,16.2453],[73.8889,16.229],[73.9055,16.2347],[73.9125,16.234],[73.9137,16.2302],[73.924,16.2341],[73.9258,16.239],[73.9427,16.2431],[73.9454,16.2383],[73.9382,16.2355],[73.935,16.2252],[73.9175,16.2175],[73.9244,16.218],[73.9289,16.211],[73.9231,16.2015],[73.9356,16.2044],[73.9378,16.2087],[73.9417,16.2054],[73.9564,16.2077],[73.9537,16.2037],[73.9573,16.2013],[73.9366,16.1855],[73.9465,16.178],[73.9442,16.1733],[73.9351,16.1745],[73.9296,16.1692],[73.9207,16.1748],[73.9133,16.1731],[73.9176,16.1674],[73.9079,16.1596],[73.9179,16.1523],[73.9121,16.1484],[73.9133,16.1402],[73.9059,16.1356],[73.8825,16.1455],[73.8704,16.1422],[73.8672,16.1465],[73.8645,16.1388],[73.8445,16.1532],[73.8533,16.1342],[73.8467,16.1313],[73.8496,16.1188],[73.8445,16.1063],[73.8346,16.0971],[73.8356,16.091],[73.8439,16.0844],[73.8425,16.079],[73.8599,16.0697],[73.8561,16.0805],[73.8426,16.0873],[73.8443,16.0947],[73.8621,16.1075],[73.8732,16.1064],[73.8642,16.0953],[73.8713,16.0939],[73.875,16.0977],[73.8985,16.0884],[73.9051,16.1005],[73.9336,16.095],[73.9521,16.0986],[73.9735,16.0921],[73.9976,16.0922],[73.9907,16.0792],[74.0052,16.0792],[74.0074,16.0673],[73.9955,16.0593],[73.9997,16.0548],[73.9987,16.0384],[74.0183,16.0383],[74.0236,16.0319],[74.0496,16.0321],[74.0534,16.0453],[74.0601,16.0505],[74.0784,16.0203],[74.0901,16.0161],[74.0909,16.0099],[74.0948,16.0077],[74.0908,16.0074],[74.101,16.0078],[74.1052,16.0101],[74.1083,16.0221],[74.1154,16.0291],[74.1353,16.0335],[74.1525,16.0272],[74.1561,16.0327],[74.1799,16.0311],[74.18,16.037],[74.196,16.0487],[74.202,16.0637],[74.1806,16.0686],[74.183,16.0799],[74.1788,16.0796],[74.1721,16.1012],[74.1913,16.106],[74.2015,16.0996],[74.2045,16.1095],[74.2091,16.1072],[74.2295,16.1215],[74.2293,16.1267],[74.236,16.1328],[74.2552,16.128],[74.2542,16.1368],[74.2639,16.1353],[74.262,16.1579],[74.2514,16.1712],[74.2419,16.1657],[74.2331,16.1696],[74.224,16.1621],[74.2163,16.1468],[74.2063,16.1491],[74.2027,16.1417],[74.1962,16.1434],[74.1892,16.1614],[74.1816,16.1631],[74.1754,16.1773],[74.172,16.1878],[74.1969,16.2042],[74.2027,16.2164],[74.2158,16.2226],[74.1958,16.2312],[74.1929,16.2399],[74.1984,16.2481],[74.2095,16.2467],[74.2359,16.2741],[74.2386,16.3028],[74.2115,16.3034],[74.2033,16.3115],[74.1952,16.3302],[74.2048,16.3343],[74.2009,16.3477],[74.1888,16.3496],[74.1835,16.3616],[74.1704,16.3654],[74.1709,16.3752],[74.1647,16.3817],[74.1751,16.3956],[74.1613,16.4042],[74.16,16.4289],[74.153,16.4309],[74.1377,16.4027],[74.1279,16.4033],[74.1032,16.3922],[74.1038,16.4234],[74.1112,16.4232],[74.1141,16.4355],[74.1242,16.4433],[74.1361,16.4363],[74.1425,16.4511],[74.141,16.4597],[74.1362,16.4621],[74.1398,16.4666],[74.1519,16.4656],[74.1631,16.458],[74.1723,16.4635],[74.1791,16.4584],[74.1891,16.4609],[74.1831,16.4874],[74.1728,16.4901],[74.1538,16.5041],[74.1446,16.4936],[74.1268,16.5017],[74.1245,16.5226],[74.1204,16.5248],[74.1037,16.5229],[74.1043,16.5378],[74.1116,16.54],[74.1114,16.565],[74.096,16.5657],[74.086,16.573],[74.0816,16.5684],[74.06,16.5632],[74.0432,16.5744],[74.0348,16.5635],[74.0145,16.5778],[74.0303,16.5868],[74.0214,16.6028],[74.0064,16.6098],[74.0011,16.6234],[73.9868,16.6304]]]}},{"type":"Feature","properties":{"ac_name":"KAGAL","ac_no":273,"ac_category":"GEN","st_name":"MAHARASHTRA"},"geometry":{"type":"Polygon","coordinates":[[[74.3152,16.6119],[74.3166,16.6149],[74.3013,16.6151],[74.2968,16.6095],[74.2887,16.6093],[74.2776,16.6008],[74.2753,16.5937],[74.2422,16.5828],[74.2423,16.5677],[74.2207,16.5652],[74.2203,16.5467],[74.2282,16.5473],[74.2298,16.5171],[74.2079,16.5134],[74.1995,16.5385],[74.1958,16.5381],[74.1819,16.5262],[74.1704,16.5243],[74.1598,16.5165],[74.1538,16.5041],[74.1728,16.4901],[74.1831,16.4874],[74.1891,16.4609],[74.1791,16.4584],[74.1723,16.4635],[74.1631,16.458],[74.1519,16.4656],[74.1398,16.4666],[74.1362,16.4621],[74.141,16.4597],[74.1425,16.4511],[74.1361,16.4363],[74.1242,16.4433],[74.1141,16.4355],[74.1112,16.4232],[74.1038,16.4234],[74.1032,16.3922],[74.1279,16.4033],[74.1377,16.4027],[74.153,16.4309],[74.16,16.4289],[74.1613,16.4042],[74.1751,16.3956],[74.1647,16.3817],[74.1709,16.3752],[74.1704,16.3654],[74.1835,16.3616],[74.1888,16.3496],[74.2009,16.3477],[74.2048,16.3343],[74.1952,16.3302],[74.2033,16.3115],[74.2115,16.3034],[74.2386,16.3028],[74.2359,16.2741],[74.2095,16.2467],[74.1984,16.2481],[74.1929,16.2399],[74.1958,16.2312],[74.2158,16.2226],[74.2027,16.2164],[74.1969,16.2042],[74.172,16.1878],[74.1754,16.1773],[74.1816,16.1631],[74.1892,16.1614],[74.1962,16.1434],[74.2027,16.1417],[74.2063,16.1491],[74.2163,16.1468],[74.224,16.1621],[74.2331,16.1696],[74.2419,16.1657],[74.2514,16.1712],[74.262,16.1579],[74.2767,16.1626],[74.2885,16.1594],[74.2938,16.1714],[74.3002,16.1743],[74.313,16.1642],[74.3304,16.1624],[74.3307,16.1769],[74.3404,16.1821],[74.3436,16.2043],[74.3544,16.2099],[74.36,16.2225],[74.379,16.2374],[74.3756,16.2501],[74.3679,16.2481],[74.356,16.2572],[74.3586,16.2624],[74.3518,16.2794],[74.3436,16.2773],[74.3412,16.2715],[74.3343,16.2754],[74.3337,16.2676],[74.3251,16.2724],[74.3217,16.2841],[74.327,16.2853],[74.3276,16.2921],[74.3426,16.2918],[74.3335,16.3129],[74.3248,16.3138],[74.3319,16.3206],[74.329,16.3245],[74.3218,16.3223],[74.3159,16.3259],[74.3228,16.3334],[74.3149,16.3406],[74.3277,16.3422],[74.3187,16.3535],[74.3259,16.3601],[74.3171,16.3809],[74.3254,16.3784],[74.327,16.3918],[74.3359,16.3941],[74.3472,16.3681],[74.353,16.3669],[74.3529,16.3818],[74.3625,16.3942],[74.363,16.4046],[74.3455,16.4054],[74.3362,16.4011],[74.3294,16.419],[74.3378,16.4286],[74.3327,16.4361],[74.3363,16.4459],[74.3303,16.447],[74.3327,16.4555],[74.3112,16.4535],[74.2968,16.4641],[74.2897,16.4629],[74.2915,16.5043],[74.2799,16.5048],[74.2741,16.4855],[74.2606,16.4798],[74.2468,16.4969],[74.2779,16.5043],[74.2763,16.521],[74.2697,16.522],[74.2643,16.5401],[74.2706,16.5479],[74.2806,16.5424],[74.2816,16.5299],[74.2859,16.526],[74.292,16.5343],[74.302,16.529],[74.3091,16.5031],[74.3153,16.5041],[74.3175,16.5541],[74.3232,16.5565],[74.3398,16.548],[74.3466,16.5556],[74.3555,16.5554],[74.3566,16.5602],[74.3583,16.5387],[74.3818,16.5296],[74.3879,16.5361],[74.3874,16.5606],[74.3936,16.5651],[74.3953,16.5772],[74.3848,16.5899],[74.3858,16.6064],[74.3748,16.6111],[74.3407,16.6124],[74.3152,16.6119]]]}},{"type":"Feature","properties":{"ac_name":"KUDAL","ac_no":269,"ac_category":"GEN","st_name":"MAHARASHTRA"},"geometry":{"type":"Polygon","coordinates":[[[73.5957,16.2939],[73.5837,16.3061],[73.5584,16.2882],[73.5397,16.2884],[73.5251,16.2938],[73.527,16.2747],[73.5091,16.269],[73.4883,16.2465],[73.4857,16.233],[73.4524,16.2283],[73.4363,16.1998],[73.4566,16.1288],[73.4624,16.0897],[73.4581,16.0805],[73.4659,16.0762],[73.4646,16.0659],[73.4564,16.0624],[73.4572,16.0538],[73.466,16.0545],[73.4694,16.0498],[73.4669,16.0464],[73.4816,16.0393],[73.4905,16.0062],[73.4978,16.0047],[73.5346,16.0196],[73.5767,16.0176],[73.5591,16.0151],[73.5605,16.0117],[73.5813,15.9921],[73.5795,15.9851],[73.5749,15.9845],[73.5762,15.9787],[73.5604,15.9745],[73.5587,15.9632],[73.568,15.9623],[73.5681,15.9552],[73.5741,15.9542],[73.577,15.9622],[73.5965,15.9628],[73.5898,15.944],[73.5955,15.9349],[73.6059,15.9293],[73.5966,15.916],[73.6062,15.9036],[73.6357,15.9217],[73.6494,15.9204],[73.6736,15.9406],[73.7222,15.9444],[73.7304,15.9385],[73.7364,15.9196],[73.7563,15.9247],[73.7779,15.9189],[73.7951,15.9377],[73.8007,15.953],[73.8202,15.962],[73.8404,15.9816],[73.8629,15.9854],[73.8996,16.0171],[73.9118,16.0155],[73.9563,16.0268],[73.9624,16.0345],[73.962,16.0452],[73.9896,16.0531],[73.9955,16.0593],[74.0074,16.0673],[74.0052,16.0792],[73.9907,16.0792],[73.9976,16.0922],[73.9735,16.0921],[73.9521,16.0986],[73.9336,16.095],[73.9051,16.1005],[73.8985,16.0884],[73.875,16.0977],[73.8713,16.0939],[73.8642,16.0953],[73.8732,16.1064],[73.8621,16.1075],[73.8443,16.0947],[73.8426,16.0873],[73.8561,16.0805],[73.8599,16.0697],[73.8425,16.079],[73.8439,16.0844],[73.8356,16.091],[73.8346,16.0971],[73.8445,16.1063],[73.8496,16.1188],[73.8467,16.1313],[73.8533,16.1342],[73.8445,16.1532],[73.8645,16.1388],[73.8672,16.1465],[73.8704,16.1422],[73.8825,16.1455],[73.9059,16.1356],[73.9133,16.1402],[73.9121,16.1484],[73.9179,16.1523],[73.9079,16.1596],[73.9176,16.1674],[73.9133,16.1731],[73.9207,16.1748],[73.9296,16.1692],[73.9351,16.1745],[73.9442,16.1733],[73.9465,16.178],[73.9329,16.1792],[73.8899,16.2005],[73.8505,16.2038],[73.8379,16.209],[73.8252,16.2236],[73.8098,16.208],[73.8162,16.1965],[73.8128,16.1843],[73.7993,16.1842],[73.7895,16.1793],[73.7748,16.183],[73.746,16.2121],[73.7454,16.2058],[73.7334,16.2014],[73.7124,16.1799],[73.6993,16.1774],[73.6918,16.168],[73.6645,16.1749],[73.6642,16.1943],[73.6696,16.1981],[73.669,16.2039],[73.6975,16.2229],[73.6587,16.2456],[73.6597,16.2547],[73.6404,16.2492],[73.6334,16.2628],[73.6211,16.264],[73.616,16.2722],[73.5976,16.2657],[73.5957,16.2939]]]}},{"type":"Feature","properties":{"ac_name":"CHANDGAD","ac_no":271,"ac_category":"GEN","st_name":"MAHARASHTRA"},"geometry":{"type":"Polygon","coordinates":[[[74.4966,16.2335],[74.4888,16.236],[74.4784,16.2496],[74.4655,16.2405],[74.4557,16.2437],[74.4535,16.2516],[74.4368,16.2513],[74.4361,16.2571],[74.4172,16.2583],[74.4152,16.2817],[74.3854,16.2762],[74.3846,16.2917],[74.3733,16.2967],[74.3611,16.2915],[74.3465,16.294],[74.3434,16.2899],[74.3532,16.285],[74.3518,16.2794],[74.3586,16.2624],[74.356,16.2572],[74.3679,16.2481],[74.3756,16.2501],[74.379,16.2374],[74.36,16.2225],[74.3544,16.2099],[74.3436,16.2043],[74.3404,16.1821],[74.3307,16.1769],[74.3304,16.1624],[74.313,16.1642],[74.3002,16.1743],[74.2938,16.1714],[74.2885,16.1594],[74.2767,16.1626],[74.262,16.1579],[74.2639,16.1353],[74.2542,16.1368],[74.2552,16.128],[74.236,16.1328],[74.2293,16.1267],[74.2295,16.1215],[74.2091,16.1072],[74.2045,16.1095],[74.2015,16.0996],[74.1913,16.106],[74.1721,16.1012],[74.1788,16.0796],[74.183,16.0799],[74.1806,16.0686],[74.202,16.0637],[74.196,16.0487],[74.18,16.037],[74.1799,16.0311],[74.1561,16.0327],[74.1525,16.0272],[74.1353,16.0335],[74.1154,16.0291],[74.1083,16.0221],[74.1052,16.0101],[74.101,16.0078],[74.0908,16.0074],[74.0662,15.9873],[74.056,15.9738],[74.0544,15.9639],[74.0455,15.9569],[74.0633,15.9421],[74.0736,15.9486],[74.0946,15.8986],[74.0883,15.8733],[74.0941,15.8729],[74.068,15.86],[74.0429,15.8387],[74.0303,15.8348],[74.0342,15.8333],[74.0309,15.8189],[74.0345,15.8026],[74.0426,15.7938],[74.0355,15.7859],[74.041,15.7694],[74.0284,15.7639],[74.0428,15.7533],[74.0779,15.7667],[74.0556,15.7747],[74.0566,15.7856],[74.0489,15.8064],[74.067,15.8153],[74.0654,15.8264],[74.0735,15.8344],[74.1035,15.8408],[74.1084,15.8224],[74.1457,15.8327],[74.1432,15.8219],[74.159,15.8225],[74.1539,15.7873],[74.1733,15.7738],[74.1841,15.7755],[74.1994,15.7855],[74.2091,15.7812],[74.2334,15.7868],[74.2279,15.7563],[74.2416,15.7431],[74.2677,15.7541],[74.2856,15.7411],[74.2901,15.742],[74.3069,15.7486],[74.3094,15.7548],[74.3185,15.7587],[74.3234,15.773],[74.3405,15.7648],[74.3466,15.7653],[74.3689,15.7877],[74.3704,15.8102],[74.3603,15.818],[74.3796,15.8381],[74.3806,15.8354],[74.3837,15.8435],[74.3815,15.8493],[74.3451,15.8501],[74.3389,15.8554],[74.3628,15.875],[74.3644,15.8935],[74.3681,15.8944],[74.366,15.8913],[74.3773,15.8814],[74.3883,15.8538],[74.3973,15.851],[74.406,15.8555],[74.4072,15.863],[74.3926,15.8787],[74.3966,15.8812],[74.3931,15.8996],[74.3867,15.9044],[74.4305,15.9582],[74.4623,16.0372],[74.4554,16.042],[74.4629,16.0416],[74.4614,16.0479],[74.4282,16.0591],[74.4046,16.051],[74.3805,16.0355],[74.3697,16.0382],[74.3772,16.0554],[74.3606,16.0539],[74.3721,16.0681],[74.3721,16.0782],[74.3832,16.083],[74.3895,16.0799],[74.3892,16.0895],[74.4078,16.0943],[74.4097,16.102],[74.4275,16.1123],[74.4588,16.1041],[74.4723,16.0903],[74.4843,16.0919],[74.4854,16.1011],[74.491,16.1034],[74.4909,16.1129],[74.4845,16.1426],[74.4793,16.1478],[74.4875,16.1562],[74.4929,16.187],[74.5037,16.1883],[74.5072,16.1944],[74.5076,16.2028],[74.4968,16.2135],[74.5034,16.2241],[74.4966,16.2335]]]}},{"type":"Feature","properties":{"ac_name":"SAWANTWADI","ac_no":270,"ac_category":"GEN","st_name":"MAHARASHTRA"},"geometry":{"type":"Polygon","coordinates":[[[73.5605,16.0117],[73.5591,16.0151],[73.5767,16.0176],[73.5346,16.0196],[73.4978,16.0047],[73.4905,16.0062],[73.4897,15.9879],[73.5034,15.9646],[73.5031,15.953],[73.5104,15.9373],[73.5195,15.9411],[73.5313,15.9329],[73.5348,15.9383],[73.5403,15.9372],[73.5501,15.9273],[73.5679,15.9195],[73.57,15.9126],[73.5887,15.9098],[73.6061,15.8812],[73.6137,15.8547],[73.6197,15.8581],[73.629,15.8478],[73.6393,15.8196],[73.6365,15.8161],[73.6491,15.8034],[73.6541,15.7915],[73.6659,15.755],[73.6533,15.744],[73.6646,15.7399],[73.6754,15.727],[73.6857,15.7301],[73.6973,15.723],[73.7115,15.7259],[73.7281,15.72],[73.7319,15.7228],[73.7418,15.7358],[73.7651,15.7336],[73.7852,15.7259],[73.7907,15.7357],[73.8008,15.7354],[73.8102,15.7432],[73.8239,15.7407],[73.8311,15.7536],[73.83,15.7653],[73.8377,15.7671],[73.8435,15.7816],[73.8519,15.781],[73.847,15.7866],[73.8565,15.8012],[73.8675,15.797],[73.866,15.7852],[73.8799,15.7746],[73.8723,15.7591],[73.8757,15.7511],[73.9387,15.7434],[73.9433,15.7257],[73.9522,15.7168],[73.945,15.6994],[73.9598,15.6997],[73.9641,15.692],[73.9634,15.6718],[73.9681,15.6604],[73.9616,15.642],[73.9726,15.628],[73.9792,15.6275],[73.991,15.612],[74.0172,15.6076],[74.0267,15.6101],[74.0312,15.6231],[74.0789,15.6312],[74.1176,15.6517],[74.0992,15.6584],[74.0868,15.6708],[74.0934,15.6743],[74.1087,15.6727],[74.1253,15.6806],[74.1312,15.7032],[74.1217,15.7205],[74.1509,15.7366],[74.1522,15.7434],[74.1616,15.7513],[74.186,15.7511],[74.2017,15.7582],[74.2091,15.7812],[74.1994,15.7855],[74.1841,15.7755],[74.1733,15.7738],[74.1539,15.7873],[74.159,15.8225],[74.1432,15.8219],[74.1457,15.8327],[74.1084,15.8224],[74.1035,15.8408],[74.0735,15.8344],[74.0654,15.8264],[74.067,15.8153],[74.0489,15.8064],[74.0566,15.7856],[74.0556,15.7747],[74.0779,15.7667],[74.0428,15.7533],[74.0284,15.7639],[74.041,15.7694],[74.0355,15.7859],[74.0426,15.7938],[74.0345,15.8026],[74.0309,15.8189],[74.0342,15.8333],[74.0303,15.8348],[74.0429,15.8387],[74.068,15.86],[74.0941,15.8729],[74.0883,15.8733],[74.0946,15.8986],[74.0736,15.9486],[74.0633,15.9421],[74.0455,15.9569],[74.0544,15.9639],[74.056,15.9738],[74.0662,15.9873],[74.0908,16.0074],[74.0948,16.0077],[74.0909,16.0099],[74.0901,16.0161],[74.0784,16.0203],[74.0601,16.0505],[74.0534,16.0453],[74.0496,16.0321],[74.0236,16.0319],[74.0183,16.0383],[73.9987,16.0384],[73.9997,16.0548],[73.9955,16.0593],[73.9896,16.0531],[73.962,16.0452],[73.9624,16.0345],[73.9563,16.0268],[73.9118,16.0155],[73.8996,16.0171],[73.8629,15.9854],[73.8404,15.9816],[73.8202,15.962],[73.8007,15.953],[73.7951,15.9377],[73.7779,15.9189],[73.7563,15.9247],[73.7364,15.9196],[73.7304,15.9385],[73.7222,15.9444],[73.6736,15.9406],[73.6494,15.9204],[73.6357,15.9217],[73.6062,15.9036],[73.5966,15.916],[73.6059,15.9293],[73.5955,15.9349],[73.5898,15.944],[73.5965,15.9628],[73.577,15.9622],[73.5741,15.9542],[73.5681,15.9552],[73.568,15.9623],[73.5587,15.9632],[73.5604,15.9745],[73.5762,15.9787],[73.5749,15.9845],[73.5795,15.9851],[73.5813,15.9921],[73.5605,16.0117]]]}}]}