{"type":"FeatureCollection","features":[{"type":"Feature","properties":{"ac_name":"RAIRANGPUR","ac_no":28,"ac_category":"ST","st_name":"ODISHA"},"geometry":{"type":"Polygon","coordinates":[[[86.0634,22.555],[86.042,22.5675],[86.0218,22.5476],[86.0317,22.5383],[86.0255,22.5246],[86.019,22.5285],[85.9994,22.513],[85.9836,22.5152],[85.9722,22.5054],[85.9708,22.4884],[85.9626,22.485],[85.9573,22.4637],[85.9675,22.4614],[85.9655,22.4512],[85.9845,22.4354],[86.0024,22.4264],[86.0149,22.4287],[86.0182,22.4026],[86.0269,22.3863],[86.0245,22.3754],[86.021,22.3766],[86.0214,22.3645],[85.998,22.3451],[85.9982,22.3407],[86.0032,22.3357],[86.0105,22.3411],[86.0264,22.3348],[86.0116,22.3222],[86.0138,22.313],[86.028,22.3077],[86.0389,22.3123],[86.0471,22.3107],[86.0142,22.2973],[86.0041,22.2802],[85.9881,22.2668],[85.9892,22.2543],[85.9739,22.2469],[86.0027,22.2138],[86.0174,22.2062],[86.0312,22.1914],[86.0508,22.1885],[86.0565,22.182],[86.0679,22.1813],[86.0892,22.171],[86.1148,22.2049],[86.1291,22.1959],[86.1304,22.1955],[86.1393,22.2057],[86.1491,22.2065],[86.1533,22.2004],[86.1571,22.2014],[86.1701,22.2171],[86.1725,22.229],[86.1884,22.2402],[86.1945,22.2545],[86.1905,22.2713],[86.1931,22.2873],[86.206,22.2876],[86.2085,22.2805],[86.2162,22.2768],[86.2304,22.2786],[86.2396,22.2851],[86.2364,22.2962],[86.2459,22.298],[86.2516,22.2894],[86.262,22.2951],[86.2933,22.2874],[86.2964,22.2931],[86.3204,22.3049],[86.321,22.3136],[86.3341,22.308],[86.3442,22.3156],[86.348,22.3236],[86.3433,22.3325],[86.3513,22.345],[86.3383,22.3595],[86.3244,22.3668],[86.3287,22.3775],[86.3207,22.3856],[86.3205,22.3974],[86.3061,22.4097],[86.3021,22.4226],[86.2921,22.4274],[86.2811,22.4486],[86.2687,22.4421],[86.238,22.4523],[86.2241,22.4526],[86.2167,22.463],[86.2219,22.4678],[86.2138,22.4662],[86.2077,22.4733],[86.2006,22.4716],[86.1724,22.4809],[86.1493,22.4802],[86.1502,22.4832],[86.1332,22.487],[86.116,22.4871],[86.0634,22.555]]]}},{"type":"Feature","properties":{"ac_name":"TALSARA","ac_no":8,"ac_category":"ST","st_name":"ODISHA"},"geometry":{"type":"Polygon","coordinates":[[[84.009,22.5257],[83.9981,22.5344],[83.9954,22.5285],[83.9812,22.5219],[83.9808,22.5156],[83.9747,22.5119],[83.9802,22.5023],[84.0181,22.4894],[84.0268,22.4757],[84.0475,22.4699],[84.0474,22.4387],[84.0307,22.4274],[84.0306,22.4212],[84.0134,22.3983],[84.0059,22.3817],[84.0104,22.3723],[84.0052,22.3743],[83.9832,22.3677],[83.9707,22.359],[83.9559,22.3618],[83.9334,22.354],[83.9229,22.3583],[83.9065,22.3513],[83.9011,22.3392],[83.8893,22.3362],[83.8793,22.3352],[83.8647,22.3432],[83.8543,22.3376],[83.8502,22.3252],[83.8306,22.3232],[83.8227,22.3134],[83.8265,22.293],[83.8023,22.2898],[83.7947,22.2859],[83.7914,22.276],[83.779,22.2732],[83.7758,22.2581],[83.7597,22.2512],[83.7574,22.2403],[83.713,22.2427],[83.7039,22.2467],[83.6658,22.2328],[83.6553,22.2201],[83.6495,22.2234],[83.6272,22.2038],[83.6133,22.1777],[83.6092,22.1573],[83.6244,22.1557],[83.628,22.1488],[83.6528,22.1476],[83.6652,22.1404],[83.6643,22.132],[83.6812,22.1243],[83.6932,22.1266],[83.7391,22.1137],[83.797,22.0623],[83.8051,22.0598],[83.8221,22.0668],[83.8269,22.0765],[83.8404,22.0795],[83.8417,22.0925],[83.834,22.0942],[83.8234,22.119],[83.825,22.125],[83.8313,22.1195],[83.8486,22.1158],[83.8517,22.1256],[83.8401,22.1352],[83.8507,22.1491],[83.8401,22.1588],[83.8452,22.1639],[83.8532,22.1629],[83.8537,22.1738],[83.887,22.168],[83.9115,22.1845],[83.9102,22.1985],[83.9715,22.2145],[83.9853,22.2265],[84.0011,22.2177],[84.0166,22.2191],[84.015,22.2078],[84.0366,22.1976],[84.0358,22.1877],[84.0416,22.1822],[84.0364,22.1683],[84.0378,22.1512],[84.0504,22.1609],[84.057,22.1563],[84.0608,22.1483],[84.0562,22.1362],[84.0586,22.1296],[84.0715,22.1255],[84.0683,22.1146],[84.0721,22.1032],[84.0617,22.0917],[84.0878,22.0837],[84.0912,22.0748],[84.0922,22.0799],[84.1004,22.0745],[84.1028,22.0836],[84.1121,22.0836],[84.1188,22.0779],[84.1206,22.082],[84.13,22.083],[84.1254,22.0918],[84.1261,22.1197],[84.138,22.1375],[84.1432,22.1368],[84.1461,22.1426],[84.1593,22.1374],[84.1578,22.1492],[84.1672,22.1521],[84.1729,22.1379],[84.1721,22.1229],[84.1872,22.1118],[84.2013,22.1133],[84.211,22.0914],[84.2341,22.0854],[84.2393,22.1013],[84.249,22.1021],[84.2574,22.0959],[84.2675,22.1035],[84.2695,22.1101],[84.2773,22.1095],[84.2782,22.1235],[84.2992,22.1188],[84.3154,22.1266],[84.3379,22.1297],[84.355,22.1437],[84.3503,22.1642],[84.3652,22.1721],[84.371,22.1852],[84.3657,22.1904],[84.3507,22.1879],[84.352,22.1946],[84.3627,22.201],[84.3528,22.2317],[84.3437,22.2353],[84.3513,22.2446],[84.3447,22.2465],[84.3499,22.2538],[84.3427,22.2526],[84.3384,22.267],[84.3223,22.259],[84.3211,22.2668],[84.3322,22.2708],[84.331,22.2758],[84.3476,22.2861],[84.3473,22.3085],[84.3299,22.3287],[84.3443,22.3277],[84.3602,22.3424],[84.3591,22.3478],[84.2944,22.3416],[84.2903,22.3474],[84.2692,22.3546],[84.2524,22.3783],[84.1991,22.3765],[84.1851,22.3907],[84.159,22.4058],[84.158,22.4065],[84.1571,22.4071],[84.1412,22.4249],[84.1415,22.4737],[84.1281,22.4778],[84.1141,22.4757],[84.1066,22.4811],[84.108,22.4842],[84.09,22.4896],[84.0713,22.5017],[84.076,22.5068],[84.0653,22.5085],[84.0602,22.5164],[84.0537,22.5132],[84.0477,22.5178],[84.0375,22.5159],[84.0254,22.5262],[84.009,22.5257]]]}},{"type":"Feature","properties":{"ac_name":"BIRAMITRAPUR","ac_no":10,"ac_category":"ST","st_name":"ODISHA"},"geometry":{"type":"Polygon","coordinates":[[[84.9978,22.4624],[84.9593,22.4431],[84.9574,22.4565],[84.9573,22.4568],[84.9455,22.4526],[84.9407,22.4453],[84.9233,22.443],[84.9257,22.4345],[84.9112,22.4236],[84.8863,22.4207],[84.8894,22.4286],[84.8824,22.4473],[84.8733,22.439],[84.8457,22.4355],[84.8388,22.4298],[84.8178,22.4372],[84.812,22.452],[84.7955,22.4459],[84.7593,22.4468],[84.7498,22.4193],[84.7177,22.4201],[84.7001,22.4159],[84.6741,22.4221],[84.6681,22.4185],[84.6288,22.4346],[84.6027,22.429],[84.5981,22.4345],[84.5952,22.4303],[84.5489,22.4212],[84.5452,22.4259],[84.5355,22.427],[84.5244,22.4199],[84.5099,22.4211],[84.4887,22.4108],[84.4817,22.4118],[84.4766,22.4068],[84.4784,22.3953],[84.4846,22.389],[84.4607,22.3793],[84.4565,22.3812],[84.462,22.3719],[84.5,22.3513],[84.5036,22.3198],[84.5103,22.3118],[84.522,22.3113],[84.5449,22.3216],[84.5576,22.3224],[84.5744,22.3194],[84.5817,22.3134],[84.5991,22.3146],[84.6252,22.3046],[84.6347,22.2824],[84.6577,22.2692],[84.6691,22.2392],[84.6939,22.2396],[84.7243,22.2535],[84.7689,22.249],[84.7825,22.2525],[84.7971,22.2406],[84.7982,22.251],[84.7914,22.2651],[84.8112,22.2688],[84.828,22.2787],[84.8415,22.2767],[84.8604,22.2772],[84.8844,22.2686],[84.9058,22.2766],[84.9125,22.2581],[84.9234,22.2511],[84.9259,22.2434],[84.9382,22.2401],[84.9404,22.2258],[84.9251,22.2176],[84.9235,22.2079],[84.9313,22.2034],[84.9203,22.1897],[84.9224,22.1755],[84.9298,22.1768],[84.9306,22.1853],[84.9369,22.1855],[84.9374,22.1936],[84.9459,22.1996],[84.9477,22.1835],[84.9569,22.1845],[84.9647,22.1784],[84.969,22.1836],[84.9769,22.1838],[84.967,22.1766],[84.9824,22.1617],[85.0145,22.1699],[85.0322,22.1651],[85.0542,22.1846],[85.05,22.1948],[85.0593,22.2059],[85.0724,22.2379],[85.0705,22.2479],[85.0779,22.2576],[85.0709,22.2746],[85.1031,22.2951],[85.1171,22.2945],[85.1135,22.3114],[85.1178,22.3173],[85.104,22.3207],[85.0919,22.3162],[85.0893,22.3196],[85.0953,22.3444],[85.0828,22.3451],[85.0765,22.3556],[85.0878,22.3877],[85.0801,22.4095],[85.0818,22.4168],[85.0666,22.4298],[85.0672,22.4405],[85.0602,22.4478],[85.0764,22.4636],[85.077,22.4785],[85.0669,22.4834],[85.0571,22.4861],[85.0423,22.4797],[85.038,22.4838],[85.0333,22.4727],[84.9978,22.4624]]]}},{"type":"Feature","properties":{"ac_name":"SARASKANA","ac_no":27,"ac_category":"ST","st_name":"ODISHA"},"geometry":{"type":"Polygon","coordinates":[[[86.7226,22.1468],[86.7196,22.1474],[86.716,22.1862],[86.7205,22.1905],[86.7191,22.2022],[86.7248,22.2184],[86.6788,22.2249],[86.6695,22.2425],[86.6536,22.2367],[86.65,22.243],[86.6545,22.2505],[86.6444,22.2684],[86.6394,22.2656],[86.6321,22.2733],[86.6276,22.2693],[86.6108,22.2835],[86.5932,22.2785],[86.5825,22.3016],[86.5766,22.3009],[86.5767,22.2955],[86.5683,22.3015],[86.5544,22.2985],[86.5427,22.3078],[86.541,22.3083],[86.5323,22.3013],[86.523,22.315],[86.5279,22.3159],[86.5267,22.3235],[86.5082,22.3277],[86.5021,22.3436],[86.4874,22.3477],[86.4872,22.3476],[86.4834,22.3381],[86.4715,22.3358],[86.4619,22.326],[86.4441,22.3281],[86.4446,22.3124],[86.4392,22.3036],[86.4295,22.3082],[86.4268,22.3175],[86.4086,22.3208],[86.3582,22.3489],[86.3515,22.3613],[86.3287,22.3775],[86.3244,22.3668],[86.3383,22.3595],[86.3513,22.345],[86.3433,22.3325],[86.348,22.3236],[86.3442,22.3156],[86.3341,22.308],[86.321,22.3136],[86.3204,22.3049],[86.2964,22.2931],[86.2933,22.2874],[86.262,22.2951],[86.2516,22.2894],[86.2459,22.298],[86.2364,22.2962],[86.2396,22.2851],[86.2304,22.2786],[86.2162,22.2768],[86.2085,22.2805],[86.206,22.2876],[86.1931,22.2873],[86.1905,22.2713],[86.1945,22.2545],[86.1884,22.2402],[86.1725,22.229],[86.1701,22.2171],[86.1571,22.2014],[86.1533,22.2004],[86.1491,22.2065],[86.1393,22.2057],[86.1304,22.1955],[86.1231,22.1756],[86.1459,22.1494],[86.1496,22.1474],[86.1602,22.1532],[86.1706,22.1481],[86.174,22.1575],[86.1855,22.1611],[86.1951,22.1462],[86.2053,22.144],[86.1917,22.1282],[86.1902,22.1159],[86.1506,22.0863],[86.1661,22.0794],[86.1612,22.0596],[86.1662,22.0665],[86.1717,22.0631],[86.1697,22.0559],[86.1756,22.0465],[86.1602,22.0328],[86.1493,22.0128],[86.1597,22.0109],[86.159,22.0058],[86.1737,21.9969],[86.1818,22.0142],[86.1927,22.0187],[86.1957,22.0107],[86.1994,22.0181],[86.2185,22.0195],[86.2127,22.0266],[86.2173,22.0332],[86.2306,22.0379],[86.235,22.0327],[86.2406,22.037],[86.2457,22.0337],[86.2548,22.0371],[86.2623,22.0432],[86.2503,22.0422],[86.2492,22.0706],[86.2626,22.0741],[86.2694,22.0844],[86.2934,22.0786],[86.2993,22.0653],[86.3027,22.0807],[86.3088,22.0818],[86.3125,22.0894],[86.3224,22.0866],[86.3245,22.0942],[86.3362,22.0919],[86.3445,22.0824],[86.3481,22.0857],[86.3363,22.1124],[86.3446,22.1163],[86.3574,22.1027],[86.3668,22.1046],[86.3746,22.0999],[86.374,22.0833],[86.388,22.1048],[86.4012,22.109],[86.4083,22.1057],[86.4409,22.1292],[86.4409,22.139],[86.4679,22.1593],[86.4689,22.1769],[86.4781,22.1905],[86.4691,22.203],[86.4502,22.2063],[86.443,22.2137],[86.4604,22.2166],[86.4651,22.2346],[86.4728,22.2381],[86.4731,22.2343],[86.4798,22.2349],[86.4794,22.2276],[86.4897,22.2235],[86.5072,22.2281],[86.5026,22.2118],[86.5066,22.2098],[86.519,22.2127],[86.5376,22.2098],[86.5414,22.217],[86.5817,22.223],[86.577,22.2037],[86.5656,22.2023],[86.5756,22.1871],[86.5741,22.162],[86.5968,22.1613],[86.5965,22.1433],[86.6026,22.1372],[86.6385,22.1381],[86.6597,22.1468],[86.6757,22.1354],[86.6855,22.1407],[86.7226,22.1468]]]}},{"type":"Feature","properties":{"ac_name":"RAJGANGPUR","ac_no":13,"ac_category":"ST","st_name":"ODISHA"},"geometry":{"type":"Polygon","coordinates":[[[84.5,22.3513],[84.462,22.3719],[84.4565,22.3812],[84.4503,22.383],[84.431,22.3699],[84.4353,22.36],[84.43,22.3582],[84.43,22.353],[84.4163,22.3532],[84.4007,22.3468],[84.3696,22.3543],[84.3659,22.3486],[84.3591,22.3478],[84.3602,22.3424],[84.3443,22.3277],[84.3299,22.3287],[84.3473,22.3085],[84.3476,22.2861],[84.331,22.2758],[84.3322,22.2708],[84.3211,22.2668],[84.3223,22.259],[84.3384,22.267],[84.3427,22.2526],[84.3499,22.2538],[84.3447,22.2465],[84.3513,22.2446],[84.3437,22.2353],[84.3528,22.2317],[84.3627,22.201],[84.352,22.1946],[84.3507,22.1879],[84.3657,22.1904],[84.371,22.1852],[84.3652,22.1721],[84.3503,22.1642],[84.355,22.1437],[84.3625,22.1506],[84.3842,22.1478],[84.4166,22.1723],[84.4765,22.1902],[84.4886,22.147],[84.4955,22.1388],[84.4993,22.1198],[84.4987,22.0901],[84.5138,22.0851],[84.5075,22.0697],[84.51,22.0572],[84.5267,22.0478],[84.5492,22.0414],[84.5605,22.0312],[84.5768,22.0474],[84.5891,22.0447],[84.599,22.0304],[84.6598,22.0367],[84.6678,22.0305],[84.7036,22.032],[84.7058,22.0274],[84.7287,22.0366],[84.7483,22.0372],[84.8112,22.0307],[84.8198,22.021],[84.8296,22.0179],[84.8439,22.0236],[84.8653,22.0606],[84.888,22.0668],[84.8957,22.0747],[84.8869,22.0865],[84.8666,22.0949],[84.8506,22.1033],[84.8543,22.1426],[84.8493,22.153],[84.8247,22.1626],[84.8313,22.19],[84.8273,22.2024],[84.8229,22.2076],[84.8016,22.2145],[84.7991,22.2356],[84.7971,22.2406],[84.7825,22.2525],[84.7689,22.249],[84.7243,22.2535],[84.6939,22.2396],[84.6691,22.2392],[84.6577,22.2692],[84.6347,22.2824],[84.6252,22.3046],[84.5991,22.3146],[84.5817,22.3134],[84.5744,22.3194],[84.5576,22.3224],[84.5449,22.3216],[84.522,22.3113],[84.5103,22.3118],[84.5036,22.3198],[84.5,22.3513]]]}},{"type":"Feature","properties":{"ac_name":"ROURKELA","ac_no":12,"ac_category":"GEN","st_name":"ODISHA"},"geometry":{"type":"Polygon","coordinates":[[[84.8415,22.2767],[84.828,22.2787],[84.8112,22.2688],[84.7914,22.2651],[84.7982,22.251],[84.7971,22.2406],[84.7991,22.2356],[84.819,22.2304],[84.835,22.2342],[84.8452,22.2264],[84.8466,22.2302],[84.8632,22.2283],[84.901,22.2363],[84.9078,22.2351],[84.91,22.2303],[84.9193,22.2328],[84.9252,22.226],[84.9404,22.2258],[84.9382,22.2401],[84.9259,22.2434],[84.9234,22.2511],[84.9125,22.2581],[84.9058,22.2766],[84.8844,22.2686],[84.8604,22.2772],[84.8415,22.2767]]]}},{"type":"Feature","properties":{"ac_name":"BANGRIPOSI","ac_no":29,"ac_category":"ST","st_name":"ODISHA"},"geometry":{"type":"Polygon","coordinates":[[[86.4731,22.2343],[86.4728,22.2381],[86.4651,22.2346],[86.4604,22.2166],[86.443,22.2137],[86.4502,22.2063],[86.4691,22.203],[86.4781,22.1905],[86.4689,22.1769],[86.4679,22.1593],[86.4409,22.139],[86.4409,22.1292],[86.4083,22.1057],[86.4012,22.109],[86.388,22.1048],[86.374,22.0833],[86.3746,22.0999],[86.3668,22.1046],[86.3574,22.1027],[86.3446,22.1163],[86.3363,22.1124],[86.3481,22.0857],[86.3445,22.0824],[86.3362,22.0919],[86.3245,22.0942],[86.3224,22.0866],[86.3125,22.0894],[86.3088,22.0818],[86.3027,22.0807],[86.2993,22.0653],[86.2934,22.0786],[86.2694,22.0844],[86.2626,22.0741],[86.2492,22.0706],[86.2503,22.0422],[86.2623,22.0432],[86.2548,22.0371],[86.2649,21.9519],[86.2858,21.9456],[86.3009,21.9466],[86.3046,21.9479],[86.3014,21.952],[86.329,21.9582],[86.3391,21.952],[86.3601,21.9511],[86.3608,21.9474],[86.3478,21.9407],[86.3163,21.932],[86.3091,21.9196],[86.31,21.9108],[86.3282,21.9002],[86.3342,21.8861],[86.3441,21.8817],[86.3426,21.864],[86.3592,21.8623],[86.3654,21.8756],[86.3766,21.871],[86.393,21.9152],[86.4013,21.9159],[86.4167,21.9111],[86.4362,21.8908],[86.4426,21.8934],[86.4602,21.8838],[86.4554,21.8527],[86.4594,21.8381],[86.4523,21.8308],[86.4423,21.8318],[86.4128,21.861],[86.4049,21.8517],[86.4072,21.8368],[86.402,21.8297],[86.4079,21.8099],[86.3902,21.8096],[86.3996,21.8475],[86.3944,21.852],[86.3947,21.8421],[86.3587,21.8068],[86.3242,21.8014],[86.2958,21.7912],[86.2719,21.8059],[86.2442,21.8114],[86.2361,21.8195],[86.2378,21.84],[86.2284,21.8553],[86.2307,21.8659],[86.2245,21.8743],[86.2212,21.8496],[86.2285,21.8214],[86.2477,21.7875],[86.2477,21.7508],[86.288,21.7483],[86.3095,21.7422],[86.3358,21.724],[86.3728,21.6809],[86.3379,21.5201],[86.3113,21.4795],[86.2986,21.4727],[86.281,21.4726],[86.2551,21.4607],[86.2544,21.4438],[86.2599,21.4377],[86.2795,21.4456],[86.2996,21.4413],[86.3061,21.4491],[86.3072,21.4601],[86.3257,21.4645],[86.3426,21.4762],[86.3505,21.4707],[86.3594,21.4714],[86.3611,21.4842],[86.3752,21.4921],[86.3866,21.4917],[86.3941,21.4844],[86.4058,21.4851],[86.4117,21.4804],[86.4279,21.4886],[86.4486,21.5],[86.4594,21.5151],[86.4383,21.5236],[86.4136,21.5238],[86.4167,21.5335],[86.402,21.5406],[86.4156,21.5489],[86.4093,21.5823],[86.4377,21.5778],[86.4505,21.5961],[86.458,21.5981],[86.4643,21.6138],[86.4578,21.6288],[86.4697,21.6299],[86.4787,21.6413],[86.4767,21.6573],[86.4665,21.6786],[86.4805,21.6755],[86.4915,21.698],[86.5089,21.7013],[86.5118,21.7148],[86.5068,21.7402],[86.525,21.7405],[86.5317,21.7598],[86.5253,21.7856],[86.5308,21.79],[86.5317,21.7997],[86.5435,21.8085],[86.5517,21.7987],[86.5624,21.8078],[86.5578,21.8141],[86.5834,21.8164],[86.5879,21.8287],[86.6032,21.8356],[86.6069,21.8471],[86.6258,21.8542],[86.6436,21.8535],[86.6401,21.876],[86.655,21.8754],[86.6723,21.8853],[86.6864,21.8863],[86.7057,21.8674],[86.7056,21.8554],[86.738,21.8833],[86.7384,21.8884],[86.7445,21.8836],[86.752,21.8856],[86.7519,21.8931],[86.7421,21.8982],[86.7465,21.9016],[86.7255,21.9089],[86.7274,21.9201],[86.7124,21.9123],[86.7066,21.9259],[86.7179,21.927],[86.7238,21.9481],[86.7238,21.9696],[86.7367,21.9906],[86.7484,21.9878],[86.7539,21.9982],[86.7862,21.9947],[86.7978,22.0041],[86.7884,22.0236],[86.7887,22.0454],[86.793,22.0527],[86.7903,22.0613],[86.7995,22.0839],[86.8104,22.0922],[86.8087,22.1018],[86.817,22.1169],[86.8159,22.1173],[86.8063,22.1198],[86.8112,22.127],[86.7996,22.1303],[86.8028,22.1475],[86.7939,22.1575],[86.7694,22.15],[86.7234,22.1467],[86.7226,22.1468],[86.6855,22.1407],[86.6757,22.1354],[86.6597,22.1468],[86.6385,22.1381],[86.6026,22.1372],[86.5965,22.1433],[86.5968,22.1613],[86.5741,22.162],[86.5756,22.1871],[86.5656,22.2023],[86.577,22.2037],[86.5817,22.223],[86.5414,22.217],[86.5376,22.2098],[86.519,22.2127],[86.5066,22.2098],[86.5026,22.2118],[86.5072,22.2281],[86.4897,22.2235],[86.4794,22.2276],[86.4798,22.2349],[86.4731,22.2343]]]}},{"type":"Feature","properties":{"ac_name":"RAGHUNATHPALI","ac_no":11,"ac_category":"SC","st_name":"ODISHA"},"geometry":{"type":"Polygon","coordinates":[[[84.91,22.2303],[84.9078,22.2351],[84.901,22.2363],[84.8632,22.2283],[84.8466,22.2302],[84.8452,22.2264],[84.835,22.2342],[84.819,22.2304],[84.7991,22.2356],[84.8016,22.2145],[84.8229,22.2076],[84.8273,22.2024],[84.8313,22.19],[84.8247,22.1626],[84.8493,22.153],[84.8543,22.1426],[84.8506,22.1033],[84.8666,22.0949],[84.8748,22.1092],[84.8959,22.1127],[84.9104,22.1231],[84.9281,22.1235],[84.9542,22.1113],[84.9841,22.095],[85.028,22.1228],[85.0338,22.1392],[85.0288,22.1596],[85.0322,22.1651],[85.0145,22.1699],[84.9824,22.1617],[84.967,22.1766],[84.9769,22.1838],[84.969,22.1836],[84.9647,22.1784],[84.9569,22.1845],[84.9477,22.1835],[84.9459,22.1996],[84.9374,22.1936],[84.9369,22.1855],[84.9306,22.1853],[84.9298,22.1768],[84.9224,22.1755],[84.9203,22.1897],[84.9313,22.2034],[84.9235,22.2079],[84.9251,22.2176],[84.9404,22.2258],[84.9252,22.226],[84.9193,22.2328],[84.91,22.2303]]]}},{"type":"Feature","properties":{"ac_name":"JASHIPUR","ac_no":26,"ac_category":"ST","st_name":"ODISHA"},"geometry":{"type":"Polygon","coordinates":[[[86.1291,22.1959],[86.1148,22.2049],[86.0892,22.171],[86.0679,22.1813],[86.0565,22.182],[86.0508,22.1885],[86.0312,22.1914],[85.9977,22.1326],[86.0071,22.117],[85.9437,22.0206],[85.9309,22.0234],[85.9236,22.012],[85.9163,22.0087],[85.9095,21.9878],[85.9119,21.9803],[85.9065,21.9771],[85.9113,21.9742],[85.9082,21.9705],[85.8958,21.9844],[85.8832,21.9802],[85.8534,21.9837],[85.8243,21.9754],[85.8169,21.9858],[85.805,21.9894],[85.7824,21.9849],[85.763,21.9961],[85.7601,22.0131],[85.7665,22.023],[85.7794,22.0299],[85.7836,22.04],[85.7748,22.0563],[85.7933,22.0817],[85.8158,22.0737],[85.8356,22.0807],[85.8321,22.0932],[85.8129,22.0947],[85.8207,22.1064],[85.8071,22.116],[85.7968,22.1046],[85.7898,22.1048],[85.7598,22.0867],[85.7577,22.0853],[85.7567,22.0782],[85.7336,22.0661],[85.7084,22.0592],[85.6929,22.0627],[85.6855,22.0549],[85.6764,22.0569],[85.6742,22.0435],[85.662,22.0341],[85.669,22.0142],[85.7014,22.0056],[85.6971,21.9929],[85.7057,21.9847],[85.7359,21.9936],[85.7457,21.9877],[85.7469,21.977],[85.765,21.9738],[85.7756,21.9591],[85.7845,21.9612],[85.7937,21.9507],[85.788,21.909],[85.7879,21.9027],[85.8047,21.8885],[85.8001,21.8766],[85.809,21.8515],[85.8184,21.86],[85.8334,21.8543],[85.837,21.8364],[85.8464,21.8337],[85.8692,21.8424],[85.8793,21.8325],[85.893,21.8374],[85.9101,21.8269],[85.9179,21.8376],[85.9156,21.8534],[85.9226,21.8586],[85.937,21.858],[85.9434,21.8719],[85.9616,21.8843],[85.9768,21.9065],[85.9847,21.906],[86.0088,21.8866],[86.0106,21.8764],[86.0038,21.8654],[86.0159,21.8622],[86.0468,21.8809],[86.0538,21.9054],[86.067,21.9027],[86.0776,21.9013],[86.0836,21.8931],[86.0785,21.879],[86.0909,21.8773],[86.0832,21.8591],[86.0924,21.854],[86.0995,21.842],[86.122,21.8294],[86.1723,21.8245],[86.2052,21.8158],[86.2285,21.8214],[86.2212,21.8496],[86.2245,21.8743],[86.2307,21.8659],[86.2284,21.8553],[86.2378,21.84],[86.2361,21.8195],[86.2442,21.8114],[86.2719,21.8059],[86.2958,21.7912],[86.3242,21.8014],[86.3587,21.8068],[86.3947,21.8421],[86.3944,21.852],[86.3996,21.8475],[86.3902,21.8096],[86.4079,21.8099],[86.402,21.8297],[86.4072,21.8368],[86.4049,21.8517],[86.4128,21.861],[86.4423,21.8318],[86.4523,21.8308],[86.4594,21.8381],[86.4554,21.8527],[86.4602,21.8838],[86.4426,21.8934],[86.4362,21.8908],[86.4167,21.9111],[86.4013,21.9159],[86.393,21.9152],[86.3766,21.871],[86.3654,21.8756],[86.3592,21.8623],[86.3426,21.864],[86.3441,21.8817],[86.3342,21.8861],[86.3282,21.9002],[86.31,21.9108],[86.3091,21.9196],[86.3163,21.932],[86.3478,21.9407],[86.3608,21.9474],[86.3601,21.9511],[86.3391,21.952],[86.329,21.9582],[86.3014,21.952],[86.3046,21.9479],[86.3009,21.9466],[86.2858,21.9456],[86.2649,21.9519],[86.2548,22.0371],[86.2457,22.0337],[86.2406,22.037],[86.235,22.0327],[86.2306,22.0379],[86.2173,22.0332],[86.2127,22.0266],[86.2185,22.0195],[86.1994,22.0181],[86.1957,22.0107],[86.1927,22.0187],[86.1818,22.0142],[86.1737,21.9969],[86.159,22.0058],[86.1597,22.0109],[86.1493,22.0128],[86.1602,22.0328],[86.1756,22.0465],[86.1697,22.0559],[86.1717,22.0631],[86.1662,22.0665],[86.1612,22.0596],[86.1661,22.0794],[86.1506,22.0863],[86.1902,22.1159],[86.1917,22.1282],[86.2053,22.144],[86.1951,22.1462],[86.1855,22.1611],[86.174,22.1575],[86.1706,22.1481],[86.1602,22.1532],[86.1496,22.1474],[86.1459,22.1494],[86.1231,22.1756],[86.1304,22.1955],[86.1291,22.1959]]]}},{"type":"Feature","properties":{"ac_name":"SUNDARGARH","ac_no":9,"ac_category":"ST","st_name":"ODISHA"},"geometry":{"type":"Polygon","coordinates":[[[83.6092,22.1573],[83.5618,22.0987],[83.6065,22.0668],[83.6018,22.0591],[83.586,22.0487],[83.5818,22.0546],[83.5506,22.0533],[83.5478,22.0591],[83.537,22.0445],[83.5369,22.0273],[83.5543,22.0077],[83.5433,21.9937],[83.5378,21.9694],[83.5617,21.948],[83.5568,21.9363],[83.5729,21.9327],[83.5914,21.9292],[83.606,21.9143],[83.5987,21.905],[83.5862,21.9023],[83.5871,21.8942],[83.5779,21.8889],[83.5808,21.8833],[83.5743,21.8748],[83.5909,21.8511],[83.5781,21.8374],[83.5788,21.8323],[83.5901,21.8259],[83.5967,21.8324],[83.6077,21.833],[83.6094,21.846],[83.6237,21.8486],[83.6366,21.8191],[83.6867,21.8019],[83.6889,21.7904],[83.7188,21.786],[83.7289,21.7942],[83.7279,21.8028],[83.7484,21.8261],[83.7964,21.8694],[83.812,21.8547],[83.8089,21.8632],[83.8149,21.8839],[83.819,21.8858],[83.8283,21.8778],[83.8305,21.8964],[83.8376,21.8941],[83.8461,21.9033],[83.8526,21.9026],[83.8632,21.9108],[83.8518,21.9232],[83.8767,21.9231],[83.8941,21.9459],[83.9588,21.9419],[83.9641,21.9226],[83.9775,21.9057],[84.0042,21.9235],[84.0269,21.9531],[84.0473,21.9483],[84.0539,21.9364],[84.0774,21.9372],[84.0783,21.9541],[84.087,21.9646],[84.0837,21.9795],[84.0731,21.9811],[84.0694,21.9889],[84.0868,21.9901],[84.0878,21.9985],[84.0917,21.9996],[84.0955,21.9961],[84.1035,21.9976],[84.1067,21.992],[84.1171,22.0127],[84.1369,21.9977],[84.1673,21.9985],[84.1667,22.002],[84.1736,21.9954],[84.1996,21.9859],[84.2024,21.9775],[84.2292,21.9746],[84.2436,21.983],[84.2617,22.0087],[84.268,22.0091],[84.2677,22.0161],[84.2658,22.0385],[84.2713,22.0613],[84.2654,22.0737],[84.2708,22.0898],[84.2675,22.1035],[84.2574,22.0959],[84.249,22.1021],[84.2393,22.1013],[84.2341,22.0854],[84.211,22.0914],[84.2013,22.1133],[84.1872,22.1118],[84.1721,22.1229],[84.1729,22.1379],[84.1672,22.1521],[84.1578,22.1492],[84.1593,22.1374],[84.1461,22.1426],[84.1432,22.1368],[84.138,22.1375],[84.1261,22.1197],[84.1254,22.0918],[84.13,22.083],[84.1206,22.082],[84.1188,22.0779],[84.1121,22.0836],[84.1028,22.0836],[84.1004,22.0745],[84.0922,22.0799],[84.0912,22.0748],[84.0878,22.0837],[84.0617,22.0917],[84.0721,22.1032],[84.0683,22.1146],[84.0715,22.1255],[84.0586,22.1296],[84.0562,22.1362],[84.0608,22.1483],[84.057,22.1563],[84.0504,22.1609],[84.0378,22.1512],[84.0364,22.1683],[84.0416,22.1822],[84.0358,22.1877],[84.0366,22.1976],[84.015,22.2078],[84.0166,22.2191],[84.0011,22.2177],[83.9853,22.2265],[83.9715,22.2145],[83.9102,22.1985],[83.9115,22.1845],[83.887,22.168],[83.8537,22.1738],[83.8532,22.1629],[83.8452,22.1639],[83.8401,22.1588],[83.8507,22.1491],[83.8401,22.1352],[83.8517,22.1256],[83.8486,22.1158],[83.8313,22.1195],[83.825,22.125],[83.8234,22.119],[83.834,22.0942],[83.8417,22.0925],[83.8404,22.0795],[83.8269,22.0765],[83.8221,22.0668],[83.8051,22.0598],[83.797,22.0623],[83.7391,22.1137],[83.6932,22.1266],[83.6812,22.1243],[83.6643,22.132],[83.6652,22.1404],[83.6528,22.1476],[83.628,22.1488],[83.6244,22.1557],[83.6092,22.1573]]]}},{"type":"Feature","properties":{"ac_name":"KUCHINDA","ac_no":15,"ac_category":"ST","st_name":"ODISHA"},"geometry":{"type":"Polygon","coordinates":[[[84.4886,22.147],[84.4765,22.1902],[84.4166,22.1723],[84.3842,22.1478],[84.3625,22.1506],[84.355,22.1437],[84.3379,22.1297],[84.3154,22.1266],[84.2992,22.1188],[84.2782,22.1235],[84.2773,22.1095],[84.2695,22.1101],[84.2675,22.1035],[84.2708,22.0898],[84.2654,22.0737],[84.2713,22.0613],[84.2658,22.0385],[84.2677,22.0161],[84.289,22.0189],[84.2952,22.0347],[84.3087,22.0384],[84.325,22.0384],[84.3363,22.0325],[84.3541,22.038],[84.3673,22.0306],[84.3877,22.0265],[84.3893,21.9958],[84.3701,21.9757],[84.3726,21.954],[84.3505,21.9221],[84.3488,21.9089],[84.3259,21.8667],[84.3228,21.8549],[84.3266,21.8382],[84.3131,21.829],[84.3103,21.8138],[84.2929,21.7963],[84.287,21.7674],[84.2832,21.7626],[84.2681,21.7589],[84.2621,21.7658],[84.2571,21.765],[84.2602,21.761],[84.2557,21.7493],[84.263,21.7264],[84.2568,21.7264],[84.2526,21.7125],[84.2402,21.7007],[84.2138,21.6837],[84.2067,21.6566],[84.1982,21.6471],[84.1751,21.6345],[84.1714,21.6159],[84.1644,21.6104],[84.1642,21.6026],[84.1768,21.6066],[84.1905,21.5966],[84.1892,21.5796],[84.1984,21.5742],[84.1986,21.567],[84.1877,21.5628],[84.1836,21.5561],[84.1704,21.5612],[84.1508,21.5495],[84.1626,21.5471],[84.1703,21.5511],[84.1804,21.5391],[84.2079,21.5452],[84.206,21.5265],[84.2106,21.524],[84.2026,21.5157],[84.2065,21.5104],[84.1946,21.51],[84.1775,21.5022],[84.1601,21.5038],[84.1474,21.5121],[84.1417,21.5096],[84.1306,21.506],[84.1326,21.4982],[84.1409,21.4924],[84.1459,21.4777],[84.16,21.4669],[84.1591,21.4576],[84.1659,21.454],[84.1677,21.4446],[84.1776,21.434],[84.1921,21.4351],[84.1991,21.4214],[84.2083,21.4182],[84.2037,21.4142],[84.2116,21.4119],[84.2163,21.4044],[84.2302,21.4069],[84.2501,21.4272],[84.2647,21.4303],[84.2704,21.4275],[84.2795,21.4145],[84.284,21.3963],[84.2783,21.3749],[84.3008,21.3621],[84.3119,21.3457],[84.3233,21.3424],[84.3275,21.353],[84.3364,21.3487],[84.3445,21.3565],[84.3244,21.3821],[84.3328,21.3868],[84.3374,21.3981],[84.3446,21.3976],[84.395,21.3673],[84.4044,21.3808],[84.3943,21.3946],[84.3986,21.408],[84.3922,21.4277],[84.3932,21.4365],[84.409,21.4423],[84.4085,21.451],[84.4144,21.4551],[84.4074,21.4763],[84.4187,21.4853],[84.4299,21.4834],[84.4443,21.4908],[84.4467,21.5028],[84.4402,21.5134],[84.443,21.5195],[84.4575,21.5171],[84.4615,21.5245],[84.4751,21.5265],[84.5026,21.5232],[84.4948,21.5344],[84.504,21.5517],[84.4959,21.5733],[84.4892,21.5788],[84.5102,21.5726],[84.5108,21.5817],[84.5339,21.5684],[84.5377,21.5713],[84.5322,21.5775],[84.5426,21.5838],[84.5659,21.5773],[84.5696,21.5817],[84.5313,21.6066],[84.5338,21.612],[84.5226,21.6262],[84.5141,21.6218],[84.5002,21.6246],[84.4849,21.6401],[84.4923,21.6636],[84.5159,21.6726],[84.5389,21.6652],[84.6065,21.6677],[84.6575,21.6822],[84.6606,21.6907],[84.6434,21.7421],[84.6532,21.7509],[84.6655,21.7514],[84.6769,21.7508],[84.6626,21.7639],[84.6406,21.7681],[84.6274,21.7615],[84.6098,21.7666],[84.5882,21.7578],[84.57,21.7678],[84.5533,21.7693],[84.5642,21.7761],[84.5669,21.7868],[84.5256,21.814],[84.5229,21.8313],[84.5272,21.8516],[84.5386,21.8624],[84.524,21.8723],[84.5298,21.8777],[84.5155,21.8985],[84.4941,21.9062],[84.492,21.9113],[84.4954,21.9203],[84.5089,21.9193],[84.5249,21.9259],[84.5165,21.9487],[84.5179,21.9575],[84.5271,21.9586],[84.5278,21.9708],[84.5245,21.9747],[84.5147,21.9735],[84.5142,21.9662],[84.5057,21.9591],[84.4999,21.9613],[84.4999,21.9684],[84.5087,22.0005],[84.5075,22.019],[84.5237,22.0334],[84.5267,22.0478],[84.51,22.0572],[84.5075,22.0697],[84.5138,22.0851],[84.4987,22.0901],[84.4993,22.1198],[84.4955,22.1388],[84.4886,22.147]]]}},{"type":"Feature","properties":{"ac_name":"CHAMPUA","ac_no":25,"ac_category":"GEN","st_name":"ODISHA"},"geometry":{"type":"Polygon","coordinates":[[[85.6764,22.0569],[85.6782,22.063],[85.6614,22.0835],[85.6569,22.0838],[85.6516,22.096],[85.644,22.0948],[85.6316,22.0839],[85.6137,22.0819],[85.6111,22.0875],[85.6072,22.0816],[85.597,22.0787],[85.5723,22.0918],[85.5654,22.0892],[85.5591,22.0963],[85.5419,22.0913],[85.5393,22.1022],[85.5155,22.1153],[85.4897,22.1213],[85.4618,22.1399],[85.4211,22.159],[85.3979,22.1637],[85.3828,22.1566],[85.3715,22.1612],[85.3659,22.1586],[85.3605,22.1443],[85.3649,22.1239],[85.3466,22.1304],[85.3236,22.1278],[85.2815,22.0908],[85.2625,22.0575],[85.2515,22.0264],[85.2391,22.0096],[85.2314,21.9965],[85.2649,21.9746],[85.2717,21.9605],[85.2984,21.9524],[85.3138,21.9587],[85.3471,21.9498],[85.3516,21.9422],[85.3685,21.9424],[85.3759,21.9365],[85.3757,21.9106],[85.3743,21.9032],[85.3676,21.8997],[85.3642,21.8601],[85.3422,21.8262],[85.3615,21.7987],[85.3714,21.7953],[85.3883,21.8116],[85.3929,21.8321],[85.3973,21.8349],[85.395,21.8458],[85.4074,21.8404],[85.4173,21.8437],[85.4193,21.8495],[85.4093,21.8562],[85.4204,21.8669],[85.4339,21.8658],[85.4363,21.8594],[85.4473,21.8697],[85.4519,21.8845],[85.4648,21.8814],[85.4687,21.8747],[85.474,21.8784],[85.4765,21.8898],[85.4883,21.8964],[85.4898,21.9085],[85.488,21.9176],[85.4729,21.9157],[85.4796,21.9332],[85.466,21.9576],[85.4746,21.9638],[85.4754,21.9723],[85.5065,21.9583],[85.5107,21.9759],[85.5331,21.9988],[85.5352,22.0103],[85.5619,22.006],[85.5607,21.9907],[85.5655,21.9785],[85.5816,21.9755],[85.5818,21.9692],[85.5678,21.9641],[85.5891,21.9538],[85.5847,21.9407],[85.5977,21.9431],[85.5987,21.9499],[85.6157,21.9506],[85.6217,21.955],[85.6197,21.9604],[85.6337,21.9533],[85.6788,21.9436],[85.6903,21.9279],[85.7015,21.9221],[85.6983,21.9034],[85.7103,21.8939],[85.7187,21.8927],[85.7274,21.8993],[85.7507,21.8923],[85.7533,21.8968],[85.7662,21.8984],[85.774,21.9106],[85.788,21.909],[85.7937,21.9507],[85.7845,21.9612],[85.7756,21.9591],[85.765,21.9738],[85.7469,21.977],[85.7457,21.9877],[85.7359,21.9936],[85.7057,21.9847],[85.6971,21.9929],[85.7014,22.0056],[85.669,22.0142],[85.662,22.0341],[85.6742,22.0435],[85.6764,22.0569]]]}},{"type":"Feature","properties":{"ac_name":"MORADA","ac_no":34,"ac_category":"GEN","st_name":"ODISHA"},"geometry":{"type":"Polygon","coordinates":[[[86.817,22.1169],[86.8087,22.1018],[86.8104,22.0922],[86.7995,22.0839],[86.7903,22.0613],[86.793,22.0527],[86.7887,22.0454],[86.7884,22.0236],[86.7978,22.0041],[86.8031,22.0023],[86.8028,21.9927],[86.816,21.9859],[86.8225,21.9762],[86.8838,21.9448],[86.8868,21.9376],[86.8708,21.9377],[86.8697,21.9222],[86.8805,21.9208],[86.8835,21.9145],[86.8714,21.9049],[86.8784,21.8972],[86.8975,21.8906],[86.8969,21.8772],[86.8608,21.8827],[86.8506,21.8775],[86.8525,21.8647],[86.8315,21.8751],[86.8198,21.8695],[86.8058,21.8865],[86.7964,21.8712],[86.7872,21.8704],[86.7915,21.856],[86.8032,21.8541],[86.8288,21.8594],[86.8398,21.7938],[86.8477,21.7893],[86.853,21.8018],[86.8643,21.8062],[86.8694,21.7871],[86.8918,21.7919],[86.8992,21.7813],[86.8904,21.7677],[86.8956,21.7717],[86.9036,21.7681],[86.9068,21.7591],[86.9168,21.7612],[86.9172,21.7513],[86.9343,21.7372],[86.9457,21.7585],[86.9498,21.7596],[86.9637,21.7492],[86.9692,21.7613],[86.977,21.7635],[86.9826,21.7459],[86.9941,21.7322],[86.9963,21.7197],[87.0053,21.7118],[86.9945,21.7089],[87.0001,21.7028],[87.0007,21.6764],[87.0189,21.6748],[87.018,21.6701],[87.0239,21.674],[87.0232,21.6644],[87.031,21.6612],[87.0332,21.6742],[87.0389,21.6721],[87.0414,21.6791],[87.0492,21.6775],[87.0529,21.6838],[87.0369,21.6978],[87.0384,21.7183],[87.0315,21.7215],[87.0302,21.7328],[87.0236,21.7392],[87.0259,21.7431],[87.0468,21.7398],[87.043,21.737],[87.0439,21.7202],[87.0475,21.713],[87.0593,21.7065],[87.0699,21.7072],[87.0712,21.7127],[87.0785,21.7113],[87.0767,21.7159],[87.0817,21.7224],[87.0876,21.7161],[87.0881,21.7271],[87.0874,21.7299],[87.093,21.7269],[87.0936,21.7324],[87.0871,21.7325],[87.0851,21.7382],[87.0963,21.7335],[87.0949,21.7477],[87.104,21.7546],[87.1225,21.7554],[87.102,21.7719],[87.1037,21.7842],[87.1084,21.783],[87.1109,21.7888],[87.1169,21.7894],[87.1183,21.7851],[87.1124,21.7853],[87.1215,21.7834],[87.1219,21.7721],[87.1266,21.7723],[87.1254,21.7771],[87.1301,21.7791],[87.1592,21.7715],[87.1644,21.7852],[87.1613,21.7883],[87.1712,21.7892],[87.1686,21.8091],[87.1733,21.8126],[87.1801,21.7928],[87.1838,21.7937],[87.1762,21.8138],[87.1219,21.8423],[87.1182,21.8549],[87.1027,21.8591],[87.0979,21.8666],[87.0347,21.8691],[87.0257,21.8751],[87.0224,21.8916],[87.0094,21.8997],[86.9999,21.9137],[87.0092,21.9477],[87.0309,21.9857],[87.0318,21.9962],[87.022,22.0194],[87.0265,22.0369],[87.0139,22.0475],[86.993,22.0539],[86.9724,22.0727],[86.9657,22.0851],[86.9582,22.0886],[86.9443,22.0862],[86.8495,22.104],[86.8436,22.0964],[86.833,22.0991],[86.8346,22.104],[86.8257,22.119],[86.8177,22.1166],[86.817,22.1169]]]}},{"type":"Feature","properties":{"ac_name":"BONAI","ac_no":14,"ac_category":"ST","st_name":"ODISHA"},"geometry":{"type":"Polygon","coordinates":[[[84.9542,22.1113],[84.9281,22.1235],[84.9104,22.1231],[84.8959,22.1127],[84.8748,22.1092],[84.8666,22.0949],[84.8869,22.0865],[84.8957,22.0747],[84.888,22.0668],[84.8653,22.0606],[84.8439,22.0236],[84.8296,22.0179],[84.8198,22.021],[84.8112,22.0307],[84.7483,22.0372],[84.7287,22.0366],[84.7058,22.0274],[84.7036,22.032],[84.6678,22.0305],[84.6598,22.0367],[84.599,22.0304],[84.5891,22.0447],[84.5768,22.0474],[84.5605,22.0312],[84.5492,22.0414],[84.5267,22.0478],[84.5237,22.0334],[84.5075,22.019],[84.5087,22.0005],[84.4999,21.9684],[84.4999,21.9613],[84.5057,21.9591],[84.5142,21.9662],[84.5147,21.9735],[84.5245,21.9747],[84.5278,21.9708],[84.5271,21.9586],[84.5179,21.9575],[84.5165,21.9487],[84.5249,21.9259],[84.5089,21.9193],[84.4954,21.9203],[84.492,21.9113],[84.4941,21.9062],[84.5155,21.8985],[84.5298,21.8777],[84.524,21.8723],[84.5386,21.8624],[84.5272,21.8516],[84.5229,21.8313],[84.5256,21.814],[84.5669,21.7868],[84.5642,21.7761],[84.5533,21.7693],[84.57,21.7678],[84.5882,21.7578],[84.6098,21.7666],[84.6274,21.7615],[84.6406,21.7681],[84.6626,21.7639],[84.6769,21.7508],[84.6749,21.7364],[84.6909,21.7099],[84.703,21.7074],[84.7179,21.7171],[84.7302,21.6928],[84.7468,21.6825],[84.7409,21.6694],[84.7492,21.6637],[84.7524,21.6282],[84.7575,21.6245],[84.7783,21.6257],[84.7928,21.6366],[84.7819,21.6456],[84.7895,21.6686],[84.8287,21.6603],[84.8549,21.6606],[84.8561,21.6523],[84.8611,21.6519],[84.8779,21.6583],[84.9008,21.6588],[84.9031,21.6682],[84.9147,21.6705],[84.9413,21.6593],[84.9533,21.6646],[84.9563,21.6842],[84.9656,21.6828],[84.9753,21.6726],[84.9812,21.6743],[84.9827,21.6822],[84.9883,21.6786],[84.9977,21.682],[85.0255,21.6729],[85.0307,21.6584],[85.0259,21.6533],[85.0293,21.6275],[85.0369,21.6235],[85.0376,21.601],[85.048,21.591],[85.0648,21.5918],[85.0656,21.5976],[85.0769,21.6036],[85.0913,21.603],[85.1046,21.5943],[85.1298,21.5994],[85.1439,21.5953],[85.1659,21.6227],[85.1768,21.62],[85.188,21.6287],[85.1942,21.6406],[85.1914,21.6455],[85.1816,21.6434],[85.1841,21.65],[85.1803,21.6546],[85.191,21.6613],[85.186,21.6774],[85.1927,21.6959],[85.1842,21.7094],[85.1908,21.7217],[85.2127,21.7393],[85.2144,21.7469],[85.2068,21.747],[85.2001,21.7628],[85.2099,21.7748],[85.2147,21.7983],[85.2262,21.8201],[85.243,21.8046],[85.2556,21.8163],[85.2714,21.8183],[85.2806,21.835],[85.2898,21.8373],[85.2972,21.8257],[85.3095,21.8197],[85.3422,21.8262],[85.3642,21.8601],[85.3676,21.8997],[85.3743,21.9032],[85.3757,21.9106],[85.3759,21.9365],[85.3685,21.9424],[85.3516,21.9422],[85.3471,21.9498],[85.3138,21.9587],[85.2984,21.9524],[85.2717,21.9605],[85.2649,21.9746],[85.2314,21.9965],[85.2391,22.0096],[85.2212,22.018],[85.2191,22.0405],[85.2136,22.0498],[85.2047,22.0515],[85.2036,22.0524],[85.1864,22.0591],[85.179,22.0738],[85.1674,22.0696],[85.1741,22.0518],[85.1673,22.0537],[85.1606,22.075],[85.1553,22.0784],[85.1444,22.0799],[85.122,22.0708],[85.1126,22.079],[85.1122,22.0867],[85.1005,22.0945],[85.099,22.106],[85.0865,22.1063],[85.0704,22.1133],[85.0423,22.1159],[85.0249,22.1099],[85.0096,22.0889],[84.9958,22.0817],[84.9842,22.0857],[84.9841,22.095],[84.9542,22.1113]]]}},{"type":"Feature","properties":{"ac_name":"BARIPADA","ac_no":33,"ac_category":"ST","st_name":"ODISHA"},"geometry":{"type":"Polygon","coordinates":[[[86.7978,22.0041],[86.7862,21.9947],[86.7539,21.9982],[86.7484,21.9878],[86.7367,21.9906],[86.7238,21.9696],[86.7238,21.9481],[86.7179,21.927],[86.7066,21.9259],[86.7124,21.9123],[86.7274,21.9201],[86.7255,21.9089],[86.7465,21.9016],[86.7421,21.8982],[86.7519,21.8931],[86.752,21.8856],[86.7445,21.8836],[86.7384,21.8884],[86.738,21.8833],[86.7056,21.8554],[86.7057,21.8674],[86.6864,21.8863],[86.6723,21.8853],[86.655,21.8754],[86.6401,21.876],[86.6436,21.8535],[86.6258,21.8542],[86.6069,21.8471],[86.6032,21.8356],[86.5879,21.8287],[86.5834,21.8164],[86.5578,21.8141],[86.5624,21.8078],[86.5517,21.7987],[86.5435,21.8085],[86.5317,21.7997],[86.5308,21.79],[86.5253,21.7856],[86.5317,21.7598],[86.525,21.7405],[86.5427,21.7118],[86.5476,21.6919],[86.5619,21.6804],[86.5671,21.6454],[86.5798,21.636],[86.5719,21.6242],[86.5891,21.613],[86.5953,21.6166],[86.606,21.6063],[86.6136,21.6089],[86.6156,21.6057],[86.6184,21.6187],[86.626,21.6126],[86.6402,21.633],[86.6366,21.6373],[86.6376,21.6544],[86.6136,21.673],[86.6204,21.6821],[86.6168,21.6934],[86.6257,21.7018],[86.6134,21.7146],[86.6259,21.7135],[86.6327,21.733],[86.6346,21.7279],[86.6415,21.7277],[86.6391,21.7502],[86.6633,21.7464],[86.6683,21.7403],[86.6847,21.74],[86.6884,21.7508],[86.6791,21.7603],[86.6788,21.7835],[86.7056,21.7879],[86.7025,21.8039],[86.7069,21.8094],[86.6991,21.8122],[86.7011,21.8181],[86.721,21.8169],[86.7203,21.7988],[86.729,21.8061],[86.7441,21.8094],[86.7494,21.8201],[86.7607,21.8166],[86.7633,21.8075],[86.7715,21.8051],[86.7977,21.8085],[86.8065,21.799],[86.79,21.7826],[86.7857,21.7712],[86.8055,21.756],[86.8122,21.7604],[86.8123,21.7688],[86.8248,21.7731],[86.827,21.7798],[86.815,21.797],[86.8398,21.7938],[86.8288,21.8594],[86.8032,21.8541],[86.7915,21.856],[86.7872,21.8704],[86.7964,21.8712],[86.8058,21.8865],[86.8198,21.8695],[86.8315,21.8751],[86.8525,21.8647],[86.8506,21.8775],[86.8608,21.8827],[86.8969,21.8772],[86.8975,21.8906],[86.8784,21.8972],[86.8714,21.9049],[86.8835,21.9145],[86.8805,21.9208],[86.8697,21.9222],[86.8708,21.9377],[86.8868,21.9376],[86.8838,21.9448],[86.8225,21.9762],[86.816,21.9859],[86.8028,21.9927],[86.8031,22.0023],[86.7978,22.0041]]]}},{"type":"Feature","properties":{"ac_name":"JALESWAR","ac_no":35,"ac_category":"GEN","st_name":"ODISHA"},"geometry":{"type":"Polygon","coordinates":[[[87.2476,21.883],[87.2344,21.9023],[87.2495,21.9165],[87.2448,21.9259],[87.2495,21.9353],[87.2378,21.9443],[87.2325,21.9576],[87.2257,21.9579],[87.2107,21.9642],[87.1973,21.9592],[87.1773,21.9699],[87.1696,21.9796],[87.1614,21.9677],[87.163,21.9386],[87.1376,21.9237],[87.1245,21.9267],[87.1053,21.9231],[87.0895,21.905],[87.0984,21.8918],[87.0949,21.875],[87.0979,21.8666],[87.1027,21.8591],[87.1182,21.8549],[87.1219,21.8423],[87.1762,21.8138],[87.1838,21.7937],[87.1801,21.7928],[87.1733,21.8126],[87.1686,21.8091],[87.1712,21.7892],[87.1613,21.7883],[87.1644,21.7852],[87.1592,21.7715],[87.1301,21.7791],[87.1254,21.7771],[87.1266,21.7723],[87.1219,21.7721],[87.1215,21.7834],[87.1124,21.7853],[87.1183,21.7851],[87.1169,21.7894],[87.1109,21.7888],[87.1084,21.783],[87.1037,21.7842],[87.102,21.7719],[87.1225,21.7554],[87.104,21.7546],[87.0949,21.7477],[87.0963,21.7335],[87.0851,21.7382],[87.0871,21.7325],[87.0936,21.7324],[87.093,21.7269],[87.0874,21.7299],[87.0881,21.7271],[87.1091,21.7091],[87.1139,21.7172],[87.1106,21.7256],[87.1176,21.7268],[87.1325,21.7174],[87.1388,21.7184],[87.1424,21.7257],[87.1499,21.7209],[87.1521,21.7055],[87.1472,21.6939],[87.1414,21.6931],[87.1389,21.6786],[87.1553,21.6819],[87.1553,21.6738],[87.1445,21.6718],[87.1414,21.6581],[87.1499,21.6498],[87.179,21.655],[87.1768,21.6321],[87.1815,21.6294],[87.1875,21.63],[87.1895,21.6423],[87.2,21.6399],[87.2001,21.6497],[87.2033,21.646],[87.2132,21.6494],[87.2099,21.6594],[87.2143,21.6969],[87.2297,21.7015],[87.2411,21.6922],[87.2543,21.6923],[87.2591,21.6727],[87.2714,21.6772],[87.2728,21.6883],[87.2796,21.6803],[87.2843,21.6806],[87.3003,21.6928],[87.2957,21.6998],[87.2992,21.7024],[87.2989,21.714],[87.3026,21.7145],[87.2984,21.7187],[87.3044,21.7215],[87.3079,21.7413],[87.325,21.7609],[87.3266,21.7697],[87.315,21.772],[87.3195,21.7908],[87.3194,21.7908],[87.3213,21.7978],[87.3105,21.7938],[87.3094,21.799],[87.2984,21.8013],[87.2972,21.8115],[87.2906,21.8114],[87.2828,21.8028],[87.274,21.8101],[87.275,21.817],[87.264,21.8187],[87.271,21.8274],[87.2651,21.8302],[87.2594,21.8491],[87.2489,21.8538],[87.2521,21.8777],[87.252,21.878],[87.2518,21.8782],[87.2476,21.883]]]}},{"type":"Feature","properties":{"ac_name":"JHARSUGUDA","ac_no":7,"ac_category":"GEN","st_name":"ODISHA"},"geometry":{"type":"Polygon","coordinates":[[[84.2677,22.0161],[84.268,22.0091],[84.2617,22.0087],[84.2436,21.983],[84.2292,21.9746],[84.2024,21.9775],[84.1996,21.9859],[84.1736,21.9954],[84.1667,22.002],[84.1673,21.9985],[84.1369,21.9977],[84.1171,22.0127],[84.1067,21.992],[84.1035,21.9976],[84.0955,21.9961],[84.0917,21.9996],[84.0878,21.9985],[84.0868,21.9901],[84.0694,21.9889],[84.0731,21.9811],[84.0837,21.9795],[84.087,21.9646],[84.0783,21.9541],[84.0774,21.9372],[84.0539,21.9364],[84.0473,21.9483],[84.0269,21.9531],[84.0042,21.9235],[83.9775,21.9057],[83.9533,21.8956],[83.9461,21.8878],[83.9499,21.8595],[83.9428,21.8151],[83.9501,21.7967],[83.9266,21.7849],[83.9187,21.7735],[83.9359,21.7592],[83.9422,21.7283],[83.9506,21.736],[83.9537,21.7463],[83.9646,21.7525],[83.9679,21.7664],[83.9888,21.7525],[84.0126,21.7894],[84.0217,21.785],[84.0319,21.7673],[84.0314,21.7595],[84.0368,21.7594],[84.0584,21.776],[84.0712,21.7719],[84.0865,21.7733],[84.1121,21.7906],[84.143,21.7778],[84.151,21.7786],[84.1586,21.7676],[84.1874,21.7527],[84.1969,21.7541],[84.2019,21.7619],[84.2108,21.7589],[84.2188,21.766],[84.2325,21.7627],[84.2437,21.7699],[84.2571,21.765],[84.2621,21.7658],[84.2681,21.7589],[84.2832,21.7626],[84.287,21.7674],[84.2929,21.7963],[84.3103,21.8138],[84.3131,21.829],[84.3266,21.8382],[84.3228,21.8549],[84.3259,21.8667],[84.3488,21.9089],[84.3505,21.9221],[84.3726,21.954],[84.3701,21.9757],[84.3893,21.9958],[84.3877,22.0265],[84.3673,22.0306],[84.3541,22.038],[84.3363,22.0325],[84.325,22.0384],[84.3087,22.0384],[84.2952,22.0347],[84.289,22.0189],[84.2677,22.0161]]]}},{"type":"Feature","properties":{"ac_name":"KEONJHAR","ac_no":24,"ac_category":"ST","st_name":"ODISHA"},"geometry":{"type":"Polygon","coordinates":[[[85.5847,21.9407],[85.5891,21.9538],[85.5678,21.9641],[85.5818,21.9692],[85.5816,21.9755],[85.5655,21.9785],[85.5607,21.9907],[85.5619,22.006],[85.5352,22.0103],[85.5331,21.9988],[85.5107,21.9759],[85.5065,21.9583],[85.4754,21.9723],[85.4746,21.9638],[85.466,21.9576],[85.4796,21.9332],[85.4729,21.9157],[85.488,21.9176],[85.4898,21.9085],[85.4883,21.8964],[85.4765,21.8898],[85.474,21.8784],[85.4687,21.8747],[85.4648,21.8814],[85.4519,21.8845],[85.4473,21.8697],[85.4363,21.8594],[85.4339,21.8658],[85.4204,21.8669],[85.4093,21.8562],[85.4193,21.8495],[85.4173,21.8437],[85.4074,21.8404],[85.395,21.8458],[85.3973,21.8349],[85.3929,21.8321],[85.3883,21.8116],[85.3714,21.7953],[85.3615,21.7987],[85.367,21.7875],[85.384,21.7824],[85.3969,21.7849],[85.4064,21.7965],[85.4146,21.7988],[85.4154,21.7749],[85.412,21.7769],[85.4065,21.7721],[85.4112,21.7508],[85.4183,21.7421],[85.4327,21.7431],[85.4294,21.7512],[85.4341,21.7607],[85.441,21.7606],[85.4486,21.7678],[85.4518,21.7575],[85.4465,21.7511],[85.4501,21.7477],[85.4441,21.7452],[85.4371,21.7239],[85.4776,21.6861],[85.4687,21.624],[85.4793,21.611],[85.4795,21.6012],[85.502,21.5602],[85.525,21.5434],[85.5201,21.5355],[85.5407,21.5244],[85.5762,21.5141],[85.6004,21.5474],[85.6164,21.5598],[85.6064,21.5645],[85.6101,21.5738],[85.6205,21.5776],[85.646,21.5671],[85.6657,21.5672],[85.6757,21.5577],[85.6894,21.5651],[85.7111,21.5672],[85.7114,21.5905],[85.7327,21.5946],[85.7679,21.6307],[85.7809,21.6373],[85.7784,21.6174],[85.7889,21.6082],[85.8001,21.5973],[85.7883,21.5912],[85.7835,21.5817],[85.807,21.5719],[85.8133,21.5864],[85.8135,21.6089],[85.8211,21.6166],[85.8332,21.6135],[85.8389,21.6194],[85.7943,21.647],[85.7886,21.6427],[85.7602,21.6407],[85.7604,21.6491],[85.7407,21.6592],[85.7406,21.668],[85.7234,21.6729],[85.7307,21.6834],[85.7175,21.694],[85.6953,21.6787],[85.6808,21.6856],[85.6746,21.704],[85.658,21.7074],[85.6588,21.738],[85.6654,21.7595],[85.6554,21.7619],[85.6544,21.7681],[85.6573,21.7763],[85.6661,21.7823],[85.681,21.7836],[85.6845,21.7984],[85.6647,21.8127],[85.6486,21.8141],[85.6499,21.8313],[85.6424,21.8103],[85.6347,21.8064],[85.6203,21.8098],[85.6282,21.8295],[85.6258,21.8337],[85.6207,21.8311],[85.6197,21.8413],[85.6295,21.8567],[85.616,21.856],[85.6051,21.8443],[85.5981,21.8618],[85.5919,21.8618],[85.5831,21.8539],[85.5753,21.8563],[85.5797,21.8662],[85.5763,21.8773],[85.5878,21.8841],[85.5856,21.8882],[85.5927,21.8954],[85.5936,21.9052],[85.6019,21.9056],[85.6039,21.9169],[85.6128,21.9257],[85.5991,21.9337],[85.5895,21.9332],[85.5847,21.9407]]]}},{"type":"Feature","properties":{"ac_name":"PATNA","ac_no":23,"ac_category":"ST","st_name":"ODISHA"},"geometry":{"type":"Polygon","coordinates":[[[85.6337,21.9533],[85.6197,21.9604],[85.6217,21.955],[85.6157,21.9506],[85.5987,21.9499],[85.5977,21.9431],[85.5847,21.9407],[85.5895,21.9332],[85.5991,21.9337],[85.6128,21.9257],[85.6039,21.9169],[85.6019,21.9056],[85.5936,21.9052],[85.5927,21.8954],[85.5856,21.8882],[85.5878,21.8841],[85.5763,21.8773],[85.5797,21.8662],[85.5753,21.8563],[85.5831,21.8539],[85.5919,21.8618],[85.5981,21.8618],[85.6051,21.8443],[85.616,21.856],[85.6295,21.8567],[85.6197,21.8413],[85.6207,21.8311],[85.6258,21.8337],[85.6282,21.8295],[85.6203,21.8098],[85.6347,21.8064],[85.6424,21.8103],[85.6499,21.8313],[85.6486,21.8141],[85.6647,21.8127],[85.6845,21.7984],[85.681,21.7836],[85.6661,21.7823],[85.6573,21.7763],[85.6544,21.7681],[85.6554,21.7619],[85.6654,21.7595],[85.6588,21.738],[85.658,21.7074],[85.6746,21.704],[85.6808,21.6856],[85.6953,21.6787],[85.7175,21.694],[85.7307,21.6834],[85.7234,21.6729],[85.7406,21.668],[85.7407,21.6592],[85.7604,21.6491],[85.7602,21.6407],[85.7886,21.6427],[85.7943,21.647],[85.8389,21.6194],[85.8608,21.6053],[85.8468,21.6046],[85.8421,21.5846],[85.8284,21.5819],[85.8249,21.5685],[85.8439,21.5658],[85.853,21.5595],[85.8786,21.5577],[85.8697,21.5396],[85.8746,21.5345],[85.8868,21.5345],[85.894,21.5423],[85.8975,21.5372],[85.8919,21.5178],[85.8851,21.5132],[85.8646,21.5205],[85.8645,21.501],[85.8832,21.4929],[85.8996,21.5006],[85.9021,21.5108],[85.9127,21.515],[85.9273,21.5047],[85.9272,21.4903],[85.9516,21.4819],[85.9461,21.467],[85.9481,21.4592],[85.9869,21.4455],[85.9914,21.446],[85.9935,21.4754],[86.0247,21.4829],[86.0317,21.4922],[86.0309,21.4962],[86.02,21.5001],[86.0074,21.5344],[86.018,21.5515],[86.0163,21.5621],[86.0279,21.5716],[86.0478,21.579],[86.0501,21.5946],[86.0684,21.61],[86.0662,21.6147],[86.0773,21.6284],[86.0799,21.6359],[86.0733,21.6435],[86.071,21.662],[86.0811,21.6929],[86.0734,21.6955],[86.0674,21.6884],[86.0603,21.6896],[86.0488,21.7176],[86.0336,21.6934],[86.0307,21.6911],[86.0234,21.6964],[86.0256,21.7254],[86.0181,21.7319],[86.0143,21.7491],[86.0054,21.7444],[86.0005,21.7486],[85.995,21.7427],[85.9931,21.7485],[85.9766,21.7394],[85.975,21.7437],[85.9659,21.7396],[85.9567,21.7482],[85.9516,21.7475],[85.9523,21.7519],[85.9481,21.7509],[85.936,21.7638],[85.9174,21.7605],[85.9095,21.7707],[85.9001,21.7673],[85.9017,21.7713],[85.8926,21.7825],[85.8852,21.783],[85.8828,21.7906],[85.8731,21.7961],[85.8457,21.8036],[85.8382,21.8108],[85.8254,21.8036],[85.8103,21.8111],[85.8055,21.831],[85.809,21.8515],[85.8001,21.8766],[85.8047,21.8885],[85.7879,21.9027],[85.788,21.909],[85.774,21.9106],[85.7662,21.8984],[85.7533,21.8968],[85.7507,21.8923],[85.7274,21.8993],[85.7187,21.8927],[85.7103,21.8939],[85.6983,21.9034],[85.7015,21.9221],[85.6903,21.9279],[85.6788,21.9436],[85.6337,21.9533]]]}},{"type":"Feature","properties":{"ac_name":"KARANJIA","ac_no":30,"ac_category":"ST","st_name":"ODISHA"},"geometry":{"type":"Polygon","coordinates":[[[86.067,21.9027],[86.0538,21.9054],[86.0468,21.8809],[86.0159,21.8622],[86.0038,21.8654],[86.0106,21.8764],[86.0088,21.8866],[85.9847,21.906],[85.9768,21.9065],[85.9616,21.8843],[85.9434,21.8719],[85.937,21.858],[85.9226,21.8586],[85.9156,21.8534],[85.9179,21.8376],[85.9101,21.8269],[85.893,21.8374],[85.8793,21.8325],[85.8692,21.8424],[85.8464,21.8337],[85.837,21.8364],[85.8334,21.8543],[85.8184,21.86],[85.809,21.8515],[85.8055,21.831],[85.8103,21.8111],[85.8254,21.8036],[85.8382,21.8108],[85.8457,21.8036],[85.8731,21.7961],[85.8828,21.7906],[85.8852,21.783],[85.8926,21.7825],[85.9017,21.7713],[85.9001,21.7673],[85.9095,21.7707],[85.9174,21.7605],[85.936,21.7638],[85.9481,21.7509],[85.9523,21.7519],[85.9516,21.7475],[85.9567,21.7482],[85.9659,21.7396],[85.975,21.7437],[85.9766,21.7394],[85.9931,21.7485],[85.995,21.7427],[86.0005,21.7486],[86.0054,21.7444],[86.0143,21.7491],[86.0181,21.7319],[86.0256,21.7254],[86.0234,21.6964],[86.0307,21.6911],[86.0336,21.6934],[86.0488,21.7176],[86.0603,21.6896],[86.0674,21.6884],[86.0734,21.6955],[86.0811,21.6929],[86.071,21.662],[86.0733,21.6435],[86.0799,21.6359],[86.0773,21.6284],[86.0662,21.6147],[86.0684,21.61],[86.0501,21.5946],[86.0478,21.579],[86.0279,21.5716],[86.0163,21.5621],[86.018,21.5515],[86.0074,21.5344],[86.0873,21.4989],[86.1208,21.478],[86.1615,21.4254],[86.1547,21.4147],[86.136,21.4029],[86.1189,21.3725],[86.1208,21.3611],[86.1052,21.3527],[86.1082,21.3387],[86.0897,21.3145],[86.0952,21.3085],[86.1067,21.3073],[86.1056,21.2998],[86.1156,21.2761],[86.1348,21.2674],[86.135,21.2833],[86.1426,21.2812],[86.157,21.2949],[86.1597,21.2854],[86.1723,21.2784],[86.1853,21.2738],[86.1943,21.2768],[86.2145,21.2983],[86.2239,21.3262],[86.2648,21.3616],[86.2662,21.3805],[86.2849,21.3752],[86.2949,21.3564],[86.3258,21.3429],[86.3545,21.3218],[86.3576,21.2982],[86.3907,21.3183],[86.404,21.3205],[86.4238,21.3314],[86.434,21.3408],[86.4363,21.3532],[86.4792,21.3759],[86.5007,21.3982],[86.4974,21.4027],[86.4908,21.4006],[86.4826,21.4092],[86.4821,21.4016],[86.4522,21.3892],[86.4508,21.4035],[86.4324,21.4116],[86.4238,21.4308],[86.416,21.4362],[86.4238,21.4454],[86.4284,21.4627],[86.437,21.4679],[86.4302,21.4739],[86.4279,21.4886],[86.4117,21.4804],[86.4058,21.4851],[86.3941,21.4844],[86.3866,21.4917],[86.3752,21.4921],[86.3611,21.4842],[86.3594,21.4714],[86.3505,21.4707],[86.3426,21.4762],[86.3257,21.4645],[86.3072,21.4601],[86.3061,21.4491],[86.2996,21.4413],[86.2795,21.4456],[86.2599,21.4377],[86.2544,21.4438],[86.2551,21.4607],[86.281,21.4726],[86.2986,21.4727],[86.3113,21.4795],[86.3379,21.5201],[86.3728,21.6809],[86.3358,21.724],[86.3095,21.7422],[86.288,21.7483],[86.2477,21.7508],[86.2477,21.7875],[86.2285,21.8214],[86.2052,21.8158],[86.1723,21.8245],[86.122,21.8294],[86.0995,21.842],[86.0924,21.854],[86.0832,21.8591],[86.0909,21.8773],[86.0785,21.879],[86.0836,21.8931],[86.0776,21.9013],[86.067,21.9027]]]}},{"type":"Feature","properties":{"ac_name":"BRAJARAJNAGAR","ac_no":6,"ac_category":"GEN","st_name":"ODISHA"},"geometry":{"type":"Polygon","coordinates":[[[83.7484,21.8261],[83.7279,21.8028],[83.7289,21.7942],[83.7188,21.786],[83.6889,21.7904],[83.6867,21.8019],[83.6366,21.8191],[83.6237,21.8486],[83.6094,21.846],[83.6077,21.833],[83.5967,21.8324],[83.5901,21.8259],[83.5788,21.8323],[83.5516,21.8407],[83.5321,21.8314],[83.531,21.8264],[83.54,21.822],[83.5396,21.7989],[83.5225,21.7995],[83.4924,21.8183],[83.4833,21.794],[83.4693,21.7875],[83.4819,21.766],[83.476,21.7524],[83.4896,21.7449],[83.4853,21.7451],[83.4813,21.7314],[83.4612,21.7092],[83.4594,21.6986],[83.4512,21.6954],[83.4316,21.6998],[83.4188,21.6806],[83.431,21.6745],[83.4472,21.658],[83.4866,21.6442],[83.4994,21.6501],[83.5255,21.6743],[83.5331,21.6875],[83.5438,21.7281],[83.5546,21.7415],[83.5651,21.7443],[83.6062,21.7305],[83.6467,21.7239],[83.6639,21.7111],[83.6772,21.7104],[83.6901,21.7034],[83.6996,21.6932],[83.7279,21.6289],[83.748,21.6108],[83.7969,21.5661],[83.8126,21.5918],[83.8215,21.5949],[83.8442,21.5864],[83.8581,21.5878],[83.8922,21.5744],[83.9391,21.5774],[83.9621,21.5718],[83.9717,21.5782],[83.9793,21.5961],[83.9665,21.6919],[83.9712,21.7094],[83.9469,21.721],[83.9422,21.7283],[83.9359,21.7592],[83.9187,21.7735],[83.9266,21.7849],[83.9501,21.7967],[83.9428,21.8151],[83.9499,21.8595],[83.9461,21.8878],[83.9533,21.8956],[83.9775,21.9057],[83.9641,21.9226],[83.9588,21.9419],[83.8941,21.9459],[83.8767,21.9231],[83.8518,21.9232],[83.8632,21.9108],[83.8526,21.9026],[83.8461,21.9033],[83.8376,21.8941],[83.8305,21.8964],[83.8283,21.8778],[83.819,21.8858],[83.8149,21.8839],[83.8089,21.8632],[83.812,21.8547],[83.7964,21.8694],[83.7484,21.8261]]]}},{"type":"Feature","properties":{"ac_name":"BADASAHI","ac_no":32,"ac_category":"SC","st_name":"ODISHA"},"geometry":{"type":"Polygon","coordinates":[[[86.7715,21.8051],[86.7633,21.8075],[86.7607,21.8166],[86.7494,21.8201],[86.7441,21.8094],[86.729,21.8061],[86.7203,21.7988],[86.721,21.8169],[86.7011,21.8181],[86.6991,21.8122],[86.7069,21.8094],[86.7025,21.8039],[86.7056,21.7879],[86.6788,21.7835],[86.6791,21.7603],[86.6884,21.7508],[86.6847,21.74],[86.6898,21.7372],[86.6907,21.7285],[86.6989,21.7252],[86.7015,21.7088],[86.706,21.7085],[86.71,21.6995],[86.7077,21.6884],[86.7119,21.6752],[86.7197,21.6752],[86.7267,21.6636],[86.7371,21.6599],[86.7456,21.6646],[86.7499,21.6589],[86.7437,21.6398],[86.7521,21.633],[86.7637,21.6325],[86.7887,21.621],[86.7997,21.6074],[86.8285,21.6054],[86.8303,21.6087],[86.8318,21.604],[86.8331,21.6072],[86.845,21.5991],[86.8477,21.6034],[86.8549,21.6035],[86.8672,21.5912],[86.872,21.6048],[86.8762,21.6041],[86.8795,21.6131],[86.8862,21.6125],[86.8734,21.623],[86.8746,21.6384],[86.8836,21.6238],[86.8891,21.6238],[86.8893,21.6138],[86.9001,21.6124],[86.9071,21.5996],[86.9036,21.5989],[86.9022,21.5946],[86.9042,21.5976],[86.9123,21.5923],[86.9105,21.5812],[86.9172,21.5824],[86.9208,21.5914],[86.9424,21.5769],[86.9569,21.5736],[86.9499,21.5808],[86.9558,21.5841],[86.9534,21.5925],[86.9583,21.5973],[86.9627,21.5931],[86.9583,21.5811],[86.9635,21.5882],[86.9754,21.5859],[86.9917,21.5974],[86.9896,21.5934],[87.0062,21.5999],[86.9969,21.6119],[87.0004,21.6153],[86.9952,21.6206],[86.9882,21.6194],[86.9931,21.627],[86.9868,21.6284],[86.992,21.6358],[86.9975,21.635],[86.9953,21.6268],[86.9987,21.623],[87.012,21.637],[87.0109,21.65],[86.9886,21.6539],[86.9887,21.6707],[87.0007,21.6764],[87.0001,21.7028],[86.9945,21.7089],[87.0053,21.7118],[86.9963,21.7197],[86.9941,21.7322],[86.9826,21.7459],[86.977,21.7635],[86.9692,21.7613],[86.9637,21.7492],[86.9498,21.7596],[86.9457,21.7585],[86.9343,21.7372],[86.9172,21.7513],[86.9168,21.7612],[86.9068,21.7591],[86.9036,21.7681],[86.8956,21.7717],[86.8904,21.7677],[86.8992,21.7813],[86.8918,21.7919],[86.8694,21.7871],[86.8643,21.8062],[86.853,21.8018],[86.8477,21.7893],[86.8398,21.7938],[86.815,21.797],[86.827,21.7798],[86.8248,21.7731],[86.8123,21.7688],[86.8122,21.7604],[86.8055,21.756],[86.7857,21.7712],[86.79,21.7826],[86.8065,21.799],[86.7977,21.8085],[86.7715,21.8051]]]}},{"type":"Feature","properties":{"ac_name":"BHOGRAI","ac_no":36,"ac_category":"GEN","st_name":"ODISHA"},"geometry":{"type":"Polygon","coordinates":[[[87.4403,21.77],[87.4038,21.7718],[87.3979,21.7666],[87.3915,21.771],[87.3934,21.7763],[87.3849,21.7767],[87.3738,21.7729],[87.3737,21.765],[87.3698,21.7655],[87.3716,21.7791],[87.3588,21.783],[87.3552,21.7924],[87.3467,21.7929],[87.3385,21.7848],[87.3359,21.7935],[87.3228,21.791],[87.3195,21.7908],[87.315,21.772],[87.3266,21.7697],[87.325,21.7609],[87.3079,21.7413],[87.3044,21.7215],[87.2984,21.7187],[87.3026,21.7145],[87.2989,21.714],[87.2992,21.7024],[87.3092,21.6936],[87.3074,21.679],[87.3124,21.6669],[87.3279,21.6673],[87.3347,21.6625],[87.3269,21.6521],[87.3342,21.6554],[87.3437,21.6308],[87.3265,21.6083],[87.3077,21.606],[87.3059,21.5937],[87.3223,21.5769],[87.3417,21.5702],[87.336,21.5771],[87.3448,21.5813],[87.382,21.5737],[87.3923,21.5654],[87.4003,21.5487],[87.4076,21.5457],[87.4141,21.5497],[87.431,21.5782],[87.4663,21.5987],[87.4842,21.6027],[87.4837,21.613],[87.4857,21.6316],[87.4806,21.6327],[87.4728,21.6525],[87.4622,21.6507],[87.461,21.6552],[87.4623,21.6632],[87.4673,21.6641],[87.4667,21.6786],[87.4735,21.6973],[87.4705,21.7051],[87.4735,21.7145],[87.4635,21.7251],[87.4693,21.7323],[87.4448,21.734],[87.4451,21.7385],[87.4541,21.74],[87.4456,21.7436],[87.4454,21.7681],[87.4403,21.77]]]}},{"type":"Feature","properties":{"ac_name":"TELKOI","ac_no":20,"ac_category":"ST","st_name":"ODISHA"},"geometry":{"type":"Polygon","coordinates":[[[85.3422,21.8262],[85.3095,21.8197],[85.2972,21.8257],[85.2898,21.8373],[85.2806,21.835],[85.2714,21.8183],[85.2556,21.8163],[85.243,21.8046],[85.2262,21.8201],[85.2147,21.7983],[85.2099,21.7748],[85.2001,21.7628],[85.2068,21.747],[85.2144,21.7469],[85.2127,21.7393],[85.1908,21.7217],[85.1842,21.7094],[85.1927,21.6959],[85.186,21.6774],[85.191,21.6613],[85.2018,21.6612],[85.2089,21.6755],[85.2191,21.6734],[85.2421,21.6802],[85.2521,21.676],[85.255,21.6524],[85.2658,21.6416],[85.2622,21.6328],[85.2661,21.6241],[85.2831,21.602],[85.2887,21.6051],[85.2916,21.6006],[85.2831,21.5968],[85.2862,21.584],[85.3033,21.5716],[85.3028,21.5669],[85.3126,21.569],[85.3078,21.5569],[85.2999,21.5539],[85.2985,21.5463],[85.3046,21.5401],[85.3014,21.5309],[85.3224,21.5348],[85.3208,21.5197],[85.3285,21.5095],[85.3277,21.4899],[85.332,21.4818],[85.3213,21.4653],[85.3069,21.462],[85.3104,21.4582],[85.3036,21.4482],[85.2624,21.4571],[85.2552,21.451],[85.2588,21.4435],[85.268,21.4393],[85.2717,21.4286],[85.302,21.4172],[85.3067,21.4122],[85.3049,21.3964],[85.3263,21.3907],[85.33,21.3771],[85.3424,21.3662],[85.3354,21.3561],[85.336,21.348],[85.3307,21.347],[85.3287,21.3284],[85.3227,21.3189],[85.3152,21.3303],[85.3034,21.317],[85.2968,21.3174],[85.2968,21.3087],[85.2853,21.305],[85.2824,21.2993],[85.2751,21.3043],[85.2716,21.3022],[85.2762,21.2933],[85.2704,21.274],[85.2869,21.264],[85.2951,21.2766],[85.3149,21.2633],[85.339,21.2581],[85.3543,21.2491],[85.3732,21.2296],[85.3811,21.215],[85.3794,21.2001],[85.3933,21.1837],[85.4217,21.1643],[85.4641,21.1238],[85.4979,21.1152],[85.5289,21.1448],[85.5452,21.1676],[85.5924,21.1383],[85.6062,21.1365],[85.6252,21.1605],[85.6431,21.1664],[85.6633,21.1666],[85.683,21.1862],[85.6902,21.1795],[85.7072,21.181],[85.7054,21.1691],[85.7177,21.1615],[85.7269,21.1426],[85.7401,21.1393],[85.7515,21.1495],[85.762,21.145],[85.7663,21.1156],[85.7711,21.115],[85.7724,21.1052],[85.7795,21.1019],[85.8067,21.1066],[85.8144,21.0932],[85.8281,21.0903],[85.8357,21.0962],[85.8479,21.0957],[85.8751,21.0859],[85.9168,21.0929],[85.9288,21.1237],[85.9291,21.1361],[85.9372,21.1337],[85.9448,21.1517],[85.9267,21.1653],[85.9366,21.1799],[85.9488,21.174],[85.952,21.1791],[85.9548,21.1972],[85.9505,21.2133],[85.9649,21.2471],[85.9566,21.2544],[85.9418,21.2586],[85.9479,21.2664],[85.9472,21.2801],[85.9588,21.2816],[85.9619,21.2859],[85.9612,21.2999],[85.919,21.2975],[85.9342,21.3136],[85.9207,21.3257],[85.9155,21.3275],[85.9049,21.3194],[85.9001,21.3259],[85.8645,21.3444],[85.8561,21.3446],[85.8546,21.3515],[85.8344,21.3526],[85.8203,21.3458],[85.8147,21.3542],[85.8009,21.3584],[85.7951,21.3667],[85.8011,21.3749],[85.789,21.375],[85.7876,21.3857],[85.7925,21.3878],[85.7839,21.3906],[85.7856,21.3965],[85.7809,21.3949],[85.7748,21.3998],[85.7823,21.4036],[85.7874,21.4138],[85.7727,21.4157],[85.7637,21.4102],[85.7425,21.4241],[85.7409,21.4122],[85.7236,21.4105],[85.7134,21.3987],[85.7072,21.4129],[85.7013,21.4144],[85.7019,21.3983],[85.6974,21.3904],[85.6624,21.3935],[85.6545,21.4036],[85.6676,21.4286],[85.663,21.4307],[85.6644,21.439],[85.6717,21.4507],[85.6871,21.4541],[85.6928,21.463],[85.6911,21.4731],[85.6634,21.4789],[85.667,21.5024],[85.6511,21.5126],[85.6561,21.5382],[85.646,21.5671],[85.6205,21.5776],[85.6101,21.5738],[85.6064,21.5645],[85.6164,21.5598],[85.6004,21.5474],[85.5762,21.5141],[85.5407,21.5244],[85.5201,21.5355],[85.525,21.5434],[85.502,21.5602],[85.4795,21.6012],[85.4793,21.611],[85.4687,21.624],[85.4776,21.6861],[85.4371,21.7239],[85.4441,21.7452],[85.4501,21.7477],[85.4465,21.7511],[85.4518,21.7575],[85.4486,21.7678],[85.441,21.7606],[85.4341,21.7607],[85.4294,21.7512],[85.4327,21.7431],[85.4183,21.7421],[85.4112,21.7508],[85.4065,21.7721],[85.412,21.7769],[85.4154,21.7749],[85.4146,21.7988],[85.4064,21.7965],[85.3969,21.7849],[85.384,21.7824],[85.367,21.7875],[85.3615,21.7987],[85.3422,21.8262]]]}},{"type":"Feature","properties":{"ac_name":"BASTA","ac_no":37,"ac_category":"GEN","st_name":"ODISHA"},"geometry":{"type":"Polygon","coordinates":[[[87.0881,21.7271],[87.0876,21.7161],[87.0817,21.7224],[87.0767,21.7159],[87.0785,21.7113],[87.0712,21.7127],[87.0699,21.7072],[87.0593,21.7065],[87.0475,21.713],[87.0439,21.7202],[87.043,21.737],[87.0468,21.7398],[87.0259,21.7431],[87.0236,21.7392],[87.0302,21.7328],[87.0315,21.7215],[87.0384,21.7183],[87.0369,21.6978],[87.0529,21.6838],[87.0492,21.6775],[87.0414,21.6791],[87.0389,21.6721],[87.0332,21.6742],[87.031,21.6612],[87.0232,21.6644],[87.0239,21.674],[87.018,21.6701],[87.0189,21.6748],[87.0007,21.6764],[86.9887,21.6707],[86.9886,21.6539],[87.0109,21.65],[87.012,21.637],[86.9987,21.623],[86.9953,21.6268],[86.9975,21.635],[86.992,21.6358],[86.9868,21.6284],[86.9931,21.627],[86.9882,21.6194],[86.9952,21.6206],[87.0004,21.6153],[87.0131,21.6169],[87.0124,21.6321],[87.019,21.6353],[87.061,21.6269],[87.0615,21.6357],[87.0749,21.6323],[87.0783,21.6275],[87.0818,21.6332],[87.0925,21.6359],[87.0996,21.6298],[87.1,21.6203],[87.1055,21.6184],[87.1052,21.6096],[87.1221,21.6064],[87.1101,21.6006],[87.1107,21.5923],[87.1193,21.5865],[87.1258,21.5877],[87.1223,21.5781],[87.1294,21.578],[87.1342,21.5723],[87.1334,21.5622],[87.1416,21.5588],[87.1455,21.5491],[87.1567,21.5448],[87.1625,21.5507],[87.175,21.5364],[87.1881,21.5442],[87.2032,21.5315],[87.2355,21.5383],[87.3175,21.5418],[87.359,21.5419],[87.3853,21.533],[87.3956,21.5338],[87.3939,21.542],[87.3736,21.557],[87.3711,21.5633],[87.3417,21.5702],[87.3223,21.5769],[87.3059,21.5937],[87.3077,21.606],[87.3265,21.6083],[87.3437,21.6308],[87.3342,21.6554],[87.3269,21.6521],[87.3347,21.6625],[87.3279,21.6673],[87.3124,21.6669],[87.3074,21.679],[87.3092,21.6936],[87.2992,21.7024],[87.2957,21.6998],[87.3003,21.6928],[87.2843,21.6806],[87.2796,21.6803],[87.2728,21.6883],[87.2714,21.6772],[87.2591,21.6727],[87.2543,21.6923],[87.2411,21.6922],[87.2297,21.7015],[87.2143,21.6969],[87.2099,21.6594],[87.2132,21.6494],[87.2033,21.646],[87.2001,21.6497],[87.2,21.6399],[87.1895,21.6423],[87.1875,21.63],[87.1815,21.6294],[87.1768,21.6321],[87.179,21.655],[87.1499,21.6498],[87.1414,21.6581],[87.1445,21.6718],[87.1553,21.6738],[87.1553,21.6819],[87.1389,21.6786],[87.1414,21.6931],[87.1472,21.6939],[87.1521,21.7055],[87.1499,21.7209],[87.1424,21.7257],[87.1388,21.7184],[87.1325,21.7174],[87.1176,21.7268],[87.1106,21.7256],[87.1139,21.7172],[87.1091,21.7091],[87.0881,21.7271]]]}},{"type":"Feature","properties":{"ac_name":"UDALA","ac_no":31,"ac_category":"ST","st_name":"ODISHA"},"geometry":{"type":"Polygon","coordinates":[[[86.6847,21.74],[86.6683,21.7403],[86.6633,21.7464],[86.6391,21.7502],[86.6415,21.7277],[86.6346,21.7279],[86.6327,21.733],[86.6259,21.7135],[86.6134,21.7146],[86.6257,21.7018],[86.6168,21.6934],[86.6204,21.6821],[86.6136,21.673],[86.6376,21.6544],[86.6366,21.6373],[86.6402,21.633],[86.626,21.6126],[86.6184,21.6187],[86.6156,21.6057],[86.6136,21.6089],[86.606,21.6063],[86.5953,21.6166],[86.5891,21.613],[86.5719,21.6242],[86.5798,21.636],[86.5671,21.6454],[86.5619,21.6804],[86.5476,21.6919],[86.5427,21.7118],[86.525,21.7405],[86.5068,21.7402],[86.5118,21.7148],[86.5089,21.7013],[86.4915,21.698],[86.4805,21.6755],[86.4665,21.6786],[86.4767,21.6573],[86.4787,21.6413],[86.4697,21.6299],[86.4578,21.6288],[86.4643,21.6138],[86.458,21.5981],[86.4505,21.5961],[86.4377,21.5778],[86.4093,21.5823],[86.4156,21.5489],[86.402,21.5406],[86.4167,21.5335],[86.4136,21.5238],[86.4383,21.5236],[86.4594,21.5151],[86.4486,21.5],[86.4279,21.4886],[86.4302,21.4739],[86.437,21.4679],[86.4284,21.4627],[86.4238,21.4454],[86.416,21.4362],[86.4238,21.4308],[86.4324,21.4116],[86.4508,21.4035],[86.4522,21.3892],[86.4821,21.4016],[86.4826,21.4092],[86.4908,21.4006],[86.4974,21.4027],[86.5007,21.3982],[86.5172,21.412],[86.5417,21.4438],[86.5819,21.5225],[86.6107,21.5184],[86.6199,21.5262],[86.6242,21.5249],[86.6256,21.5336],[86.6379,21.5337],[86.6424,21.5565],[86.6487,21.5597],[86.6486,21.5809],[86.6641,21.5781],[86.6828,21.5964],[86.6924,21.585],[86.7097,21.5866],[86.7144,21.5967],[86.7352,21.5992],[86.7356,21.6047],[86.7516,21.607],[86.7643,21.6012],[86.7742,21.6043],[86.795,21.5971],[86.7927,21.6029],[86.7997,21.6074],[86.7887,21.621],[86.7637,21.6325],[86.7521,21.633],[86.7437,21.6398],[86.7499,21.6589],[86.7456,21.6646],[86.7371,21.6599],[86.7267,21.6636],[86.7197,21.6752],[86.7119,21.6752],[86.7077,21.6884],[86.71,21.6995],[86.706,21.7085],[86.7015,21.7088],[86.6989,21.7252],[86.6907,21.7285],[86.6898,21.7372],[86.6847,21.74]]]}},{"type":"Feature","properties":{"ac_name":"RENGALI","ac_no":16,"ac_category":"SC","st_name":"ODISHA"},"geometry":{"type":"Polygon","coordinates":[[[84.2188,21.766],[84.2108,21.7589],[84.2019,21.7619],[84.1969,21.7541],[84.1874,21.7527],[84.1586,21.7676],[84.151,21.7786],[84.143,21.7778],[84.1121,21.7906],[84.0865,21.7733],[84.0712,21.7719],[84.0584,21.776],[84.0368,21.7594],[84.0314,21.7595],[84.0319,21.7673],[84.0217,21.785],[84.0126,21.7894],[83.9888,21.7525],[83.9679,21.7664],[83.9646,21.7525],[83.9537,21.7463],[83.9506,21.736],[83.9422,21.7283],[83.9469,21.721],[83.9712,21.7094],[83.9665,21.6919],[83.9793,21.5961],[83.9717,21.5782],[83.9621,21.5718],[83.9391,21.5774],[83.8922,21.5744],[83.8581,21.5878],[83.8442,21.5864],[83.8215,21.5949],[83.8126,21.5918],[83.7969,21.5661],[83.8143,21.5384],[83.8431,21.528],[83.8476,21.5214],[83.8535,21.5178],[83.8866,21.5428],[83.8845,21.5523],[83.8887,21.5489],[83.9028,21.5504],[83.9037,21.5406],[83.914,21.5402],[83.9146,21.5344],[83.9193,21.5359],[83.9382,21.5255],[83.9416,21.519],[83.9606,21.5182],[83.9667,21.5041],[83.9738,21.5045],[83.9758,21.4976],[83.9862,21.4943],[83.9912,21.498],[83.9996,21.4929],[84.0165,21.4686],[83.997,21.4552],[83.9966,21.4482],[84.0053,21.4406],[83.9991,21.4295],[83.9875,21.4265],[83.9843,21.4135],[83.9788,21.4139],[83.9825,21.4316],[83.9735,21.4477],[83.9458,21.4772],[83.9305,21.4872],[83.9081,21.4636],[83.9167,21.4526],[83.888,21.4252],[83.8799,21.4312],[83.876,21.4241],[83.8484,21.4206],[83.8458,21.4142],[83.8513,21.403],[83.8684,21.3977],[83.8792,21.388],[83.8805,21.3498],[83.8701,21.3102],[83.8763,21.2935],[83.8904,21.2949],[83.8891,21.2806],[83.9055,21.2597],[83.9078,21.2858],[83.9243,21.3431],[83.9375,21.3607],[83.9586,21.371],[83.9657,21.368],[83.9678,21.3569],[83.9908,21.3549],[83.9961,21.3612],[84.0128,21.3536],[84.0232,21.3646],[84.0208,21.3703],[84.026,21.3863],[84.032,21.387],[84.0319,21.3909],[84.0452,21.3898],[84.0437,21.4006],[84.0504,21.4177],[84.0679,21.3992],[84.0672,21.4091],[84.0759,21.4218],[84.0891,21.4237],[84.0901,21.4345],[84.0679,21.4337],[84.043,21.4513],[84.0529,21.4535],[84.0597,21.4797],[84.0834,21.4816],[84.0847,21.4744],[84.0958,21.4785],[84.0925,21.5003],[84.0825,21.5037],[84.0743,21.5159],[84.0899,21.5244],[84.0899,21.5084],[84.0969,21.5107],[84.1119,21.5061],[84.1149,21.5014],[84.1234,21.5124],[84.1395,21.5146],[84.1417,21.5096],[84.1474,21.5121],[84.1601,21.5038],[84.1775,21.5022],[84.1946,21.51],[84.2065,21.5104],[84.2026,21.5157],[84.2106,21.524],[84.206,21.5265],[84.2079,21.5452],[84.1804,21.5391],[84.1703,21.5511],[84.1626,21.5471],[84.1508,21.5495],[84.1704,21.5612],[84.1836,21.5561],[84.1877,21.5628],[84.1986,21.567],[84.1984,21.5742],[84.1892,21.5796],[84.1905,21.5966],[84.1768,21.6066],[84.1642,21.6026],[84.1644,21.6104],[84.1714,21.6159],[84.1751,21.6345],[84.1982,21.6471],[84.2067,21.6566],[84.2138,21.6837],[84.2402,21.7007],[84.2526,21.7125],[84.2568,21.7264],[84.263,21.7264],[84.2557,21.7493],[84.2602,21.761],[84.2571,21.765],[84.2437,21.7699],[84.2325,21.7627],[84.2188,21.766]]]}},{"type":"Feature","properties":{"ac_name":"DEOGARH","ac_no":19,"ac_category":"GEN","st_name":"ODISHA"},"geometry":{"type":"Polygon","coordinates":[[[84.6655,21.7514],[84.6532,21.7509],[84.6434,21.7421],[84.6606,21.6907],[84.6575,21.6822],[84.6065,21.6677],[84.5389,21.6652],[84.5159,21.6726],[84.4923,21.6636],[84.4849,21.6401],[84.5002,21.6246],[84.5141,21.6218],[84.5226,21.6262],[84.5338,21.612],[84.5313,21.6066],[84.5696,21.5817],[84.5659,21.5773],[84.5426,21.5838],[84.5322,21.5775],[84.5377,21.5713],[84.5339,21.5684],[84.5108,21.5817],[84.5102,21.5726],[84.4892,21.5788],[84.4959,21.5733],[84.504,21.5517],[84.4948,21.5344],[84.5026,21.5232],[84.4751,21.5265],[84.4615,21.5245],[84.4575,21.5171],[84.443,21.5195],[84.4402,21.5134],[84.4467,21.5028],[84.4443,21.4908],[84.4299,21.4834],[84.4187,21.4853],[84.4074,21.4763],[84.4144,21.4551],[84.4085,21.451],[84.409,21.4423],[84.3932,21.4365],[84.3922,21.4277],[84.3986,21.408],[84.3943,21.3946],[84.4044,21.3808],[84.4244,21.3837],[84.4489,21.3942],[84.4716,21.3957],[84.489,21.3915],[84.4923,21.3813],[84.4856,21.3708],[84.4981,21.365],[84.5023,21.3697],[84.4981,21.3754],[84.5121,21.3733],[84.5178,21.3819],[84.532,21.3839],[84.541,21.3778],[84.5456,21.374],[84.5421,21.3666],[84.5559,21.3414],[84.5549,21.3354],[84.5655,21.3241],[84.5617,21.3179],[84.5689,21.2951],[84.5643,21.2871],[84.569,21.2685],[84.5598,21.2583],[84.5655,21.25],[84.5796,21.2582],[84.6032,21.2622],[84.612,21.277],[84.6287,21.2761],[84.6266,21.2808],[84.6329,21.2903],[84.6431,21.2916],[84.6455,21.3],[84.6664,21.3039],[84.6588,21.3137],[84.6646,21.3168],[84.6953,21.3235],[84.709,21.3196],[84.7309,21.3023],[84.738,21.2902],[84.762,21.2742],[84.7517,21.2583],[84.7683,21.2539],[84.7637,21.2437],[84.7581,21.2426],[84.7535,21.2274],[84.7436,21.2342],[84.7374,21.2291],[84.7333,21.2307],[84.7338,21.2276],[84.7231,21.229],[84.7191,21.2241],[84.7213,21.2178],[84.7158,21.209],[84.724,21.2049],[84.7218,21.1999],[84.7375,21.1969],[84.7461,21.1793],[84.7382,21.1764],[84.7433,21.1705],[84.7624,21.1491],[84.777,21.1457],[84.7887,21.1386],[84.7893,21.132],[84.7987,21.1311],[84.8026,21.1416],[84.8086,21.1368],[84.8134,21.1466],[84.7994,21.1554],[84.8008,21.1671],[84.8181,21.1713],[84.8772,21.1644],[84.8848,21.1533],[84.9189,21.1408],[84.932,21.1537],[84.9274,21.1808],[84.9503,21.1705],[84.9472,21.1552],[84.9516,21.148],[84.9619,21.1475],[84.9686,21.1578],[84.9694,21.1616],[84.9624,21.1658],[84.9627,21.1775],[84.97,21.1888],[84.9394,21.196],[84.9262,21.2335],[84.9029,21.2504],[84.8977,21.2609],[84.957,21.2974],[84.9888,21.2874],[85.0026,21.2872],[85.0111,21.2974],[85.0337,21.2922],[85.0343,21.2989],[85.0274,21.3076],[85.015,21.3106],[85.0103,21.3174],[85.0082,21.3247],[85.0125,21.3332],[85.007,21.3479],[85.0102,21.356],[85.0065,21.3862],[84.9946,21.4016],[84.992,21.4128],[84.9999,21.44],[85.0262,21.4481],[85.0207,21.4583],[85.0604,21.4422],[85.0638,21.4533],[85.0796,21.459],[85.1071,21.4587],[85.1171,21.4548],[85.131,21.4578],[85.1363,21.4635],[85.1496,21.4581],[85.1585,21.4636],[85.1624,21.4775],[85.1732,21.4851],[85.181,21.5017],[85.203,21.5216],[85.2015,21.5318],[85.2087,21.5329],[85.2073,21.5425],[85.2127,21.5543],[85.2037,21.5626],[85.1989,21.5806],[85.1865,21.59],[85.1576,21.5907],[85.1439,21.5953],[85.1298,21.5994],[85.1046,21.5943],[85.0913,21.603],[85.0769,21.6036],[85.0656,21.5976],[85.0648,21.5918],[85.048,21.591],[85.0376,21.601],[85.0369,21.6235],[85.0293,21.6275],[85.0259,21.6533],[85.0307,21.6584],[85.0255,21.6729],[84.9977,21.682],[84.9883,21.6786],[84.9827,21.6822],[84.9812,21.6743],[84.9753,21.6726],[84.9656,21.6828],[84.9563,21.6842],[84.9533,21.6646],[84.9413,21.6593],[84.9147,21.6705],[84.9031,21.6682],[84.9008,21.6588],[84.8779,21.6583],[84.8611,21.6519],[84.8561,21.6523],[84.8549,21.6606],[84.8287,21.6603],[84.7895,21.6686],[84.7819,21.6456],[84.7928,21.6366],[84.7783,21.6257],[84.7575,21.6245],[84.7524,21.6282],[84.7492,21.6637],[84.7409,21.6694],[84.7468,21.6825],[84.7302,21.6928],[84.7179,21.7171],[84.703,21.7074],[84.6909,21.7099],[84.6749,21.7364],[84.6769,21.7508],[84.6655,21.7514]]]}},{"type":"Feature","properties":{"ac_name":"BHATLI","ac_no":5,"ac_category":"GEN","st_name":"ODISHA"},"geometry":{"type":"Polygon","coordinates":[[[83.7279,21.6289],[83.6996,21.6932],[83.6901,21.7034],[83.6772,21.7104],[83.6639,21.7111],[83.6467,21.7239],[83.6062,21.7305],[83.5651,21.7443],[83.5546,21.7415],[83.5438,21.7281],[83.5331,21.6875],[83.5255,21.6743],[83.4994,21.6501],[83.4866,21.6442],[83.492,21.6378],[83.4891,21.6307],[83.4736,21.6326],[83.4682,21.6131],[83.4603,21.6079],[83.4523,21.6128],[83.4524,21.6226],[83.4439,21.6241],[83.4433,21.6351],[83.4507,21.6507],[83.4424,21.6554],[83.4277,21.6436],[83.4148,21.6408],[83.3923,21.6272],[83.3895,21.6178],[83.3828,21.6202],[83.3801,21.6081],[83.3697,21.6004],[83.3678,21.5885],[83.3653,21.5759],[83.3734,21.5586],[83.3384,21.4991],[83.3472,21.4884],[83.3466,21.4709],[83.3542,21.4482],[83.3726,21.4433],[83.3758,21.4281],[83.3989,21.4053],[83.4004,21.375],[83.3968,21.3672],[83.408,21.3612],[83.4072,21.352],[83.3916,21.3426],[83.3792,21.3444],[83.3227,21.3623],[83.3114,21.3708],[83.2838,21.3802],[83.2688,21.3784],[83.274,21.3772],[83.2744,21.3636],[83.2687,21.3458],[83.2581,21.3367],[83.2574,21.3336],[83.2664,21.3308],[83.2572,21.3204],[83.262,21.3075],[83.2762,21.3021],[83.2784,21.2891],[83.2707,21.2723],[83.2672,21.2776],[83.25,21.2821],[83.2363,21.2695],[83.2296,21.2722],[83.222,21.266],[83.2173,21.2547],[83.2224,21.2289],[83.2184,21.2279],[83.2171,21.2138],[83.2103,21.2046],[83.2145,21.1949],[83.2028,21.1773],[83.2043,21.1657],[83.1983,21.1636],[83.1981,21.1456],[83.1917,21.1387],[83.1769,21.1356],[83.1942,21.1073],[83.2114,21.104],[83.2131,21.0988],[83.2197,21.11],[83.2272,21.1079],[83.2303,21.1009],[83.2275,21.0883],[83.2531,21.0951],[83.2562,21.0915],[83.2724,21.094],[83.2767,21.1054],[83.2837,21.1101],[83.2961,21.1026],[83.3138,21.116],[83.3173,21.1274],[83.33,21.1269],[83.3494,21.1516],[83.3486,21.1553],[83.3239,21.1645],[83.3273,21.1774],[83.3244,21.2002],[83.3404,21.2259],[83.3497,21.2263],[83.3591,21.2156],[83.3747,21.2135],[83.3813,21.2051],[83.3834,21.2088],[83.4016,21.2106],[83.4124,21.2036],[83.4225,21.2163],[83.4192,21.2251],[83.4339,21.2235],[83.4325,21.2101],[83.4371,21.2014],[83.4441,21.2148],[83.4581,21.2138],[83.4659,21.2343],[83.4826,21.234],[83.4806,21.2617],[83.5072,21.2644],[83.5092,21.2695],[83.5021,21.2752],[83.4918,21.2742],[83.4873,21.2913],[83.4722,21.3151],[83.513,21.3312],[83.5172,21.3452],[83.5127,21.3639],[83.5433,21.3612],[83.5452,21.3662],[83.5372,21.3738],[83.5385,21.3843],[83.5573,21.3809],[83.5626,21.3914],[83.5752,21.3832],[83.5964,21.4134],[83.6185,21.4223],[83.6434,21.4062],[83.6552,21.4082],[83.662,21.4277],[83.6539,21.4408],[83.6526,21.4665],[83.6167,21.5358],[83.6511,21.5481],[83.6682,21.5656],[83.6749,21.5835],[83.6836,21.5896],[83.6966,21.6155],[83.7087,21.6169],[83.7125,21.6247],[83.722,21.623],[83.7279,21.6289]]]}},{"type":"Feature","properties":{"ac_name":"BALASORE","ac_no":38,"ac_category":"GEN","st_name":"ODISHA"},"geometry":{"type":"Polygon","coordinates":[[[87.0004,21.6153],[86.9969,21.6119],[87.0062,21.5999],[86.9896,21.5934],[86.9917,21.5974],[86.9754,21.5859],[86.9761,21.5801],[86.985,21.5776],[86.9893,21.5832],[87.0006,21.5756],[87.0092,21.5607],[87.0001,21.5572],[86.9754,21.5669],[86.9587,21.5609],[86.9547,21.5495],[86.9559,21.5579],[86.9467,21.5585],[86.944,21.5539],[86.9432,21.5588],[86.9301,21.5601],[86.9289,21.5565],[86.9355,21.5565],[86.9356,21.5445],[86.9288,21.5452],[86.9305,21.535],[86.9243,21.5237],[86.929,21.521],[86.9463,21.5278],[86.9476,21.5183],[86.9385,21.5109],[86.9335,21.5161],[86.9085,21.5181],[86.9011,21.5132],[86.8963,21.5168],[86.8998,21.5215],[86.8941,21.5302],[86.8834,21.5288],[86.8749,21.5394],[86.8567,21.542],[86.859,21.5528],[86.8543,21.5558],[86.8481,21.5562],[86.8469,21.5485],[86.84,21.5524],[86.8379,21.5466],[86.8266,21.5437],[86.8265,21.5395],[86.8366,21.5361],[86.8369,21.5268],[86.8443,21.522],[86.8477,21.5279],[86.855,21.5272],[86.8438,21.505],[86.8523,21.5011],[86.8574,21.5075],[86.8638,21.4998],[86.867,21.5074],[86.8744,21.5109],[86.8843,21.5041],[86.8813,21.4921],[86.8886,21.4889],[86.8901,21.4806],[86.8958,21.4801],[86.8945,21.4948],[86.8985,21.4904],[86.9081,21.4913],[86.9034,21.4775],[86.9265,21.4879],[86.9284,21.4837],[86.9214,21.4801],[86.938,21.4802],[86.9466,21.4703],[86.958,21.4827],[86.9788,21.4806],[86.9847,21.474],[86.9745,21.4726],[86.9739,21.4637],[86.9869,21.4628],[87.0065,21.4499],[87.013,21.4324],[87.001,21.4272],[87.0139,21.4058],[87.0386,21.4201],[87.063,21.4416],[87.0678,21.4629],[87.0889,21.4612],[87.1262,21.4956],[87.2032,21.5315],[87.1881,21.5442],[87.175,21.5364],[87.1625,21.5507],[87.1567,21.5448],[87.1455,21.5491],[87.1416,21.5588],[87.1334,21.5622],[87.1342,21.5723],[87.1294,21.578],[87.1223,21.5781],[87.1258,21.5877],[87.1193,21.5865],[87.1107,21.5923],[87.1101,21.6006],[87.1221,21.6064],[87.1052,21.6096],[87.1055,21.6184],[87.1,21.6203],[87.0996,21.6298],[87.0925,21.6359],[87.0818,21.6332],[87.0783,21.6275],[87.0749,21.6323],[87.0615,21.6357],[87.061,21.6269],[87.019,21.6353],[87.0124,21.6321],[87.0131,21.6169],[87.0004,21.6153]]]}},{"type":"Feature","properties":{"ac_name":"REMUNA","ac_no":39,"ac_category":"SC","st_name":"ODISHA"},"geometry":{"type":"Polygon","coordinates":[[[86.7997,21.6074],[86.7927,21.6029],[86.795,21.5971],[86.7906,21.5731],[86.8053,21.5736],[86.8028,21.5824],[86.8246,21.5789],[86.8202,21.554],[86.8152,21.5533],[86.8145,21.5466],[86.8113,21.5478],[86.8165,21.5325],[86.8127,21.5268],[86.8171,21.5227],[86.8074,21.5222],[86.7964,21.5067],[86.8115,21.5091],[86.8096,21.4974],[86.8186,21.4923],[86.8011,21.4886],[86.799,21.4818],[86.8107,21.4754],[86.812,21.4645],[86.8011,21.4568],[86.7967,21.4405],[86.8046,21.4292],[86.8188,21.424],[86.8167,21.4149],[86.8332,21.4098],[86.8345,21.4044],[86.827,21.4004],[86.8361,21.3917],[86.825,21.3527],[86.8275,21.3489],[86.8325,21.3556],[86.8586,21.3519],[86.8522,21.3483],[86.8507,21.3411],[86.8623,21.3391],[86.8614,21.3318],[86.8707,21.3257],[86.8711,21.301],[86.9068,21.2861],[86.955,21.3653],[86.9842,21.3896],[87.0139,21.4058],[87.001,21.4272],[87.013,21.4324],[87.0065,21.4499],[86.9869,21.4628],[86.9739,21.4637],[86.9745,21.4726],[86.9847,21.474],[86.9788,21.4806],[86.958,21.4827],[86.9466,21.4703],[86.938,21.4802],[86.9214,21.4801],[86.9284,21.4837],[86.9265,21.4879],[86.9034,21.4775],[86.9081,21.4913],[86.8985,21.4904],[86.8945,21.4948],[86.8958,21.4801],[86.8901,21.4806],[86.8886,21.4889],[86.8813,21.4921],[86.8843,21.5041],[86.8744,21.5109],[86.867,21.5074],[86.8638,21.4998],[86.8574,21.5075],[86.8523,21.5011],[86.8438,21.505],[86.855,21.5272],[86.8477,21.5279],[86.8443,21.522],[86.8369,21.5268],[86.8366,21.5361],[86.8265,21.5395],[86.8266,21.5437],[86.8379,21.5466],[86.84,21.5524],[86.8469,21.5485],[86.8481,21.5562],[86.8543,21.5558],[86.859,21.5528],[86.8567,21.542],[86.8749,21.5394],[86.8834,21.5288],[86.8941,21.5302],[86.8998,21.5215],[86.8963,21.5168],[86.9011,21.5132],[86.9085,21.5181],[86.9335,21.5161],[86.9385,21.5109],[86.9476,21.5183],[86.9463,21.5278],[86.929,21.521],[86.9243,21.5237],[86.9305,21.535],[86.9288,21.5452],[86.9356,21.5445],[86.9355,21.5565],[86.9289,21.5565],[86.9301,21.5601],[86.9432,21.5588],[86.944,21.5539],[86.9467,21.5585],[86.9559,21.5579],[86.9547,21.5495],[86.9587,21.5609],[86.9754,21.5669],[87.0001,21.5572],[87.0092,21.5607],[87.0006,21.5756],[86.9893,21.5832],[86.985,21.5776],[86.9761,21.5801],[86.9754,21.5859],[86.9635,21.5882],[86.9583,21.5811],[86.9627,21.5931],[86.9583,21.5973],[86.9534,21.5925],[86.9558,21.5841],[86.9499,21.5808],[86.9569,21.5736],[86.9424,21.5769],[86.9208,21.5914],[86.9172,21.5824],[86.9105,21.5812],[86.9123,21.5923],[86.9042,21.5976],[86.9022,21.5946],[86.9036,21.5989],[86.9071,21.5996],[86.9001,21.6124],[86.8893,21.6138],[86.8891,21.6238],[86.8836,21.6238],[86.8746,21.6384],[86.8734,21.623],[86.8862,21.6125],[86.8795,21.6131],[86.8762,21.6041],[86.872,21.6048],[86.8672,21.5912],[86.8549,21.6035],[86.8477,21.6034],[86.845,21.5991],[86.8331,21.6072],[86.8318,21.604],[86.8303,21.6087],[86.8285,21.6054],[86.7997,21.6074]]]}},{"type":"Feature","properties":{"ac_name":"PALLAHARA","ac_no":59,"ac_category":"GEN","st_name":"ODISHA"},"geometry":{"type":"Polygon","coordinates":[[[85.1439,21.5953],[85.1576,21.5907],[85.1865,21.59],[85.1989,21.5806],[85.2037,21.5626],[85.2127,21.5543],[85.2073,21.5425],[85.2087,21.5329],[85.2015,21.5318],[85.203,21.5216],[85.181,21.5017],[85.1732,21.4851],[85.1624,21.4775],[85.1585,21.4636],[85.1496,21.4581],[85.1363,21.4635],[85.131,21.4578],[85.1171,21.4548],[85.1071,21.4587],[85.0796,21.459],[85.0638,21.4533],[85.0604,21.4422],[85.0207,21.4583],[85.0262,21.4481],[84.9999,21.44],[84.992,21.4128],[84.9946,21.4016],[85.0065,21.3862],[85.0102,21.356],[85.007,21.3479],[85.0125,21.3332],[85.0082,21.3247],[85.0103,21.3174],[85.015,21.3106],[85.0274,21.3076],[85.0343,21.2989],[85.0337,21.2922],[85.0111,21.2974],[85.0026,21.2872],[84.9888,21.2874],[84.957,21.2974],[84.8977,21.2609],[84.9029,21.2504],[84.9262,21.2335],[84.9394,21.196],[84.97,21.1888],[84.9627,21.1775],[84.9854,21.1591],[84.9952,21.1631],[84.9919,21.1445],[84.9741,21.1481],[84.9701,21.1405],[84.9607,21.1389],[84.9565,21.1268],[84.9611,21.1199],[84.9604,21.1052],[84.9525,21.1013],[84.937,21.1028],[84.9323,21.0959],[84.9584,21.0869],[84.9697,21.0785],[84.9774,21.0889],[84.9913,21.095],[84.9925,21.1056],[84.9989,21.1045],[85.0044,21.1136],[85.0104,21.1102],[85.0164,21.1151],[85.0209,21.1127],[85.0228,21.121],[85.039,21.1217],[85.0567,21.1141],[85.0611,21.117],[85.0575,21.1231],[85.0725,21.1243],[85.073,21.1169],[85.0765,21.1207],[85.0747,21.1347],[85.0886,21.127],[85.0906,21.1177],[85.1174,21.1015],[85.1072,21.0877],[85.1117,21.0678],[85.0987,21.0686],[85.0834,21.0461],[85.0899,21.0395],[85.1016,21.0367],[85.0998,21.0283],[85.1031,21.0218],[85.1105,21.0207],[85.1111,21.0142],[85.1213,21.0137],[85.1239,21.0084],[85.1203,20.9996],[85.1246,20.9989],[85.1264,21.0061],[85.1394,21.0083],[85.1504,21.0032],[85.157,21.0086],[85.1656,21.0073],[85.1713,21.0179],[85.1679,21.023],[85.1466,21.023],[85.168,21.0266],[85.1731,21.0441],[85.1654,21.0522],[85.1667,21.0634],[85.1752,21.067],[85.1823,21.0816],[85.2299,21.0726],[85.2718,21.1743],[85.2803,21.1741],[85.288,21.1814],[85.3034,21.1732],[85.316,21.1593],[85.3338,21.1787],[85.3416,21.1779],[85.347,21.1686],[85.3659,21.1726],[85.3774,21.1673],[85.3933,21.1837],[85.3794,21.2001],[85.3811,21.215],[85.3732,21.2296],[85.3543,21.2491],[85.339,21.2581],[85.3149,21.2633],[85.2951,21.2766],[85.2869,21.264],[85.2704,21.274],[85.2762,21.2933],[85.2716,21.3022],[85.2751,21.3043],[85.2824,21.2993],[85.2853,21.305],[85.2968,21.3087],[85.2968,21.3174],[85.3034,21.317],[85.3152,21.3303],[85.3227,21.3189],[85.3287,21.3284],[85.3307,21.347],[85.336,21.348],[85.3354,21.3561],[85.3424,21.3662],[85.33,21.3771],[85.3263,21.3907],[85.3049,21.3964],[85.3067,21.4122],[85.302,21.4172],[85.2717,21.4286],[85.268,21.4393],[85.2588,21.4435],[85.2552,21.451],[85.2624,21.4571],[85.3036,21.4482],[85.3104,21.4582],[85.3069,21.462],[85.3213,21.4653],[85.332,21.4818],[85.3277,21.4899],[85.3285,21.5095],[85.3208,21.5197],[85.3224,21.5348],[85.3014,21.5309],[85.3046,21.5401],[85.2985,21.5463],[85.2999,21.5539],[85.3078,21.5569],[85.3126,21.569],[85.3028,21.5669],[85.3033,21.5716],[85.2862,21.584],[85.2831,21.5968],[85.2916,21.6006],[85.2887,21.6051],[85.2831,21.602],[85.2661,21.6241],[85.2622,21.6328],[85.2658,21.6416],[85.255,21.6524],[85.2521,21.676],[85.2421,21.6802],[85.2191,21.6734],[85.2089,21.6755],[85.2018,21.6612],[85.191,21.6613],[85.1803,21.6546],[85.1841,21.65],[85.1816,21.6434],[85.1914,21.6455],[85.1942,21.6406],[85.188,21.6287],[85.1768,21.62],[85.1659,21.6227],[85.1439,21.5953]]]}},{"type":"Feature","properties":{"ac_name":"GHASIPURA","ac_no":21,"ac_category":"GEN","st_name":"ODISHA"},"geometry":{"type":"Polygon","coordinates":[[[85.7889,21.6082],[85.7784,21.6174],[85.7809,21.6373],[85.7679,21.6307],[85.7327,21.5946],[85.7114,21.5905],[85.7111,21.5672],[85.6894,21.5651],[85.6757,21.5577],[85.6657,21.5672],[85.646,21.5671],[85.6561,21.5382],[85.6511,21.5126],[85.667,21.5024],[85.6634,21.4789],[85.6911,21.4731],[85.6928,21.463],[85.6871,21.4541],[85.6717,21.4507],[85.6644,21.439],[85.663,21.4307],[85.6676,21.4286],[85.6545,21.4036],[85.6624,21.3935],[85.6974,21.3904],[85.7019,21.3983],[85.7013,21.4144],[85.7072,21.4129],[85.7134,21.3987],[85.7236,21.4105],[85.7409,21.4122],[85.7425,21.4241],[85.7637,21.4102],[85.7727,21.4157],[85.7874,21.4138],[85.7823,21.4036],[85.7748,21.3998],[85.7809,21.3949],[85.7856,21.3965],[85.7839,21.3906],[85.7925,21.3878],[85.7876,21.3857],[85.789,21.375],[85.8011,21.3749],[85.7951,21.3667],[85.8009,21.3584],[85.8147,21.3542],[85.8203,21.3458],[85.8344,21.3526],[85.8546,21.3515],[85.8561,21.3446],[85.8645,21.3444],[85.9001,21.3259],[85.9049,21.3194],[85.9155,21.3275],[85.9207,21.3257],[85.9342,21.3136],[85.919,21.2975],[85.9612,21.2999],[85.9619,21.2859],[85.9588,21.2816],[85.9472,21.2801],[85.9479,21.2664],[85.9418,21.2586],[85.9566,21.2544],[85.9649,21.2471],[85.9505,21.2133],[85.9548,21.1972],[85.952,21.1791],[85.9488,21.174],[85.9366,21.1799],[85.9267,21.1653],[85.9448,21.1517],[85.9372,21.1337],[85.9402,21.1298],[85.9454,21.1328],[85.9476,21.1292],[85.9576,21.1306],[85.9587,21.1341],[85.961,21.1305],[85.9615,21.1406],[85.9693,21.1377],[85.9761,21.1431],[85.9843,21.1368],[85.9978,21.1424],[86.0195,21.1447],[86.0251,21.1393],[86.0365,21.1607],[86.0428,21.1573],[86.0494,21.1611],[86.0617,21.1531],[86.0666,21.1645],[86.0742,21.1643],[86.0806,21.1704],[86.0894,21.1684],[86.0799,21.1645],[86.075,21.155],[86.0746,21.1309],[86.0509,21.1175],[86.0463,21.1009],[86.033,21.0934],[86.0269,21.0731],[86.0382,21.0603],[86.0328,21.0522],[86.0462,21.0243],[86.0825,21.0158],[86.0883,21.0232],[86.0933,21.054],[86.1071,21.0588],[86.1107,21.0562],[86.1175,21.0681],[86.1299,21.0675],[86.1335,21.0764],[86.1583,21.065],[86.1919,21.0571],[86.2042,21.0588],[86.2055,21.079],[86.1958,21.099],[86.1992,21.1082],[86.179,21.1518],[86.153,21.1461],[86.1695,21.1367],[86.1626,21.1305],[86.1503,21.1404],[86.1362,21.14],[86.1324,21.1447],[86.1196,21.1466],[86.1192,21.161],[86.1139,21.1589],[86.1106,21.1623],[86.1205,21.1676],[86.1164,21.1725],[86.0867,21.1767],[86.0919,21.1863],[86.1011,21.1874],[86.0993,21.1929],[86.1066,21.1845],[86.1159,21.1824],[86.1225,21.1882],[86.1288,21.1863],[86.1437,21.1991],[86.1223,21.2138],[86.1218,21.2358],[86.1134,21.2472],[86.1225,21.2531],[86.1222,21.2586],[86.0985,21.2636],[86.0867,21.2779],[86.0786,21.3123],[86.0669,21.3252],[86.0601,21.3415],[86.0652,21.3648],[86.0479,21.3876],[86.0353,21.3923],[86.0378,21.4078],[86.0326,21.4129],[86.0341,21.4177],[86.018,21.4112],[86.012,21.429],[86.014,21.449],[85.997,21.4662],[85.9935,21.4754],[85.9914,21.446],[85.9869,21.4455],[85.9481,21.4592],[85.9461,21.467],[85.9516,21.4819],[85.9272,21.4903],[85.9273,21.5047],[85.9127,21.515],[85.9021,21.5108],[85.8996,21.5006],[85.8832,21.4929],[85.8645,21.501],[85.8646,21.5205],[85.8851,21.5132],[85.8919,21.5178],[85.8975,21.5372],[85.894,21.5423],[85.8868,21.5345],[85.8746,21.5345],[85.8697,21.5396],[85.8786,21.5577],[85.853,21.5595],[85.8439,21.5658],[85.8249,21.5685],[85.8284,21.5819],[85.8421,21.5846],[85.8468,21.6046],[85.8608,21.6053],[85.8389,21.6194],[85.8332,21.6135],[85.8211,21.6166],[85.8135,21.6089],[85.8133,21.5864],[85.807,21.5719],[85.7835,21.5817],[85.7883,21.5912],[85.8001,21.5973],[85.7889,21.6082]]]}},{"type":"Feature","properties":{"ac_name":"NILGIRI","ac_no":40,"ac_category":"GEN","st_name":"ODISHA"},"geometry":{"type":"Polygon","coordinates":[[[86.795,21.5971],[86.7742,21.6043],[86.7643,21.6012],[86.7516,21.607],[86.7356,21.6047],[86.7352,21.5992],[86.7144,21.5967],[86.7097,21.5866],[86.6924,21.585],[86.6828,21.5964],[86.6641,21.5781],[86.6486,21.5809],[86.6487,21.5597],[86.6424,21.5565],[86.6379,21.5337],[86.6256,21.5336],[86.6242,21.5249],[86.6199,21.5262],[86.6107,21.5184],[86.5819,21.5225],[86.5417,21.4438],[86.5172,21.412],[86.5007,21.3982],[86.4792,21.3759],[86.4363,21.3532],[86.434,21.3408],[86.4238,21.3314],[86.4294,21.3216],[86.4635,21.3025],[86.4701,21.2939],[86.4723,21.2994],[86.4677,21.308],[86.4728,21.3245],[86.4961,21.3109],[86.5017,21.3119],[86.5119,21.323],[86.5077,21.3323],[86.5109,21.3375],[86.5229,21.3318],[86.5293,21.3379],[86.5343,21.3309],[86.5431,21.3419],[86.5535,21.3344],[86.5603,21.3348],[86.5723,21.3235],[86.5792,21.3305],[86.5907,21.3237],[86.5984,21.3452],[86.5965,21.3557],[86.6238,21.3713],[86.6313,21.3847],[86.6456,21.3913],[86.6509,21.4018],[86.6562,21.3979],[86.6656,21.3923],[86.6688,21.3668],[86.6818,21.3677],[86.7031,21.3502],[86.6955,21.3306],[86.7008,21.3224],[86.7072,21.3284],[86.7135,21.3275],[86.7241,21.3188],[86.7343,21.3399],[86.7394,21.3431],[86.7535,21.3344],[86.7653,21.3461],[86.7697,21.3424],[86.7725,21.3456],[86.7939,21.3436],[86.7945,21.3367],[86.8073,21.3328],[86.8132,21.3487],[86.8189,21.354],[86.825,21.3527],[86.8361,21.3917],[86.827,21.4004],[86.8345,21.4044],[86.8332,21.4098],[86.8167,21.4149],[86.8188,21.424],[86.8046,21.4292],[86.7967,21.4405],[86.8011,21.4568],[86.812,21.4645],[86.8107,21.4754],[86.799,21.4818],[86.8011,21.4886],[86.8186,21.4923],[86.8096,21.4974],[86.8115,21.5091],[86.7964,21.5067],[86.8074,21.5222],[86.8171,21.5227],[86.8127,21.5268],[86.8165,21.5325],[86.8113,21.5478],[86.8145,21.5466],[86.8152,21.5533],[86.8202,21.554],[86.8246,21.5789],[86.8028,21.5824],[86.8053,21.5736],[86.7906,21.5731],[86.795,21.5971]]]}},{"type":"Feature","properties":{"ac_name":"ATTABIRA","ac_no":4,"ac_category":"SC","st_name":"ODISHA"},"geometry":{"type":"Polygon","coordinates":[[[83.748,21.6108],[83.7279,21.6289],[83.722,21.623],[83.7125,21.6247],[83.7087,21.6169],[83.6966,21.6155],[83.6836,21.5896],[83.6749,21.5835],[83.6682,21.5656],[83.6511,21.5481],[83.6167,21.5358],[83.6526,21.4665],[83.6539,21.4408],[83.662,21.4277],[83.6751,21.4281],[83.6932,21.4245],[83.6972,21.4035],[83.6928,21.3748],[83.706,21.3728],[83.7122,21.3762],[83.7167,21.3692],[83.7123,21.361],[83.7226,21.3541],[83.7188,21.3465],[83.7253,21.3323],[83.7426,21.33],[83.7394,21.317],[83.7639,21.3031],[83.7466,21.2866],[83.7368,21.2668],[83.7325,21.2687],[83.7315,21.2834],[83.7184,21.2918],[83.7113,21.2781],[83.6988,21.273],[83.6954,21.261],[83.7012,21.2508],[83.6937,21.2339],[83.7064,21.2253],[83.7049,21.2159],[83.7097,21.2167],[83.7089,21.2124],[83.691,21.2023],[83.6789,21.1673],[83.665,21.1647],[83.659,21.1406],[83.6499,21.1301],[83.678,21.1252],[83.6819,21.1178],[83.6881,21.1167],[83.7036,21.1217],[83.7144,21.1196],[83.7276,21.1315],[83.7372,21.1313],[83.748,21.139],[83.7608,21.1436],[83.7663,21.1567],[83.7809,21.1536],[83.7863,21.1469],[83.7843,21.1345],[83.797,21.1151],[83.8207,21.1022],[83.8417,21.097],[83.8721,21.161],[83.8822,21.1747],[83.8926,21.1773],[83.9116,21.2365],[83.9055,21.2597],[83.8891,21.2806],[83.8904,21.2949],[83.8763,21.2935],[83.8701,21.3102],[83.8805,21.3498],[83.8792,21.388],[83.8684,21.3977],[83.8513,21.403],[83.8458,21.4142],[83.8484,21.4206],[83.876,21.4241],[83.8799,21.4312],[83.8849,21.4399],[83.8728,21.4569],[83.8698,21.4772],[83.8476,21.5214],[83.8431,21.528],[83.8143,21.5384],[83.7969,21.5661],[83.748,21.6108]]]}},{"type":"Feature","properties":{"ac_name":"ANANDAPUR","ac_no":22,"ac_category":"SC","st_name":"ODISHA"},"geometry":{"type":"Polygon","coordinates":[[[85.9935,21.4754],[85.997,21.4662],[86.014,21.449],[86.012,21.429],[86.018,21.4112],[86.0341,21.4177],[86.0326,21.4129],[86.0378,21.4078],[86.0353,21.3923],[86.0479,21.3876],[86.0652,21.3648],[86.0601,21.3415],[86.0669,21.3252],[86.0786,21.3123],[86.0867,21.2779],[86.0985,21.2636],[86.1222,21.2586],[86.1225,21.2531],[86.1134,21.2472],[86.1218,21.2358],[86.1223,21.2138],[86.1437,21.1991],[86.1288,21.1863],[86.1225,21.1882],[86.1159,21.1824],[86.1066,21.1845],[86.0993,21.1929],[86.1011,21.1874],[86.0919,21.1863],[86.0867,21.1767],[86.1164,21.1725],[86.1205,21.1676],[86.1106,21.1623],[86.1139,21.1589],[86.1192,21.161],[86.1196,21.1466],[86.1324,21.1447],[86.1362,21.14],[86.1503,21.1404],[86.1626,21.1305],[86.1695,21.1367],[86.153,21.1461],[86.179,21.1518],[86.1992,21.1082],[86.1958,21.099],[86.2055,21.079],[86.2042,21.0588],[86.2313,21.0413],[86.2604,21.0392],[86.2814,21.0222],[86.3036,21.0191],[86.3118,21.0573],[86.3202,21.0545],[86.3242,21.0596],[86.3158,21.083],[86.3049,21.0883],[86.3077,21.0971],[86.3028,21.1044],[86.3084,21.1129],[86.2886,21.119],[86.2914,21.1258],[86.284,21.1365],[86.2711,21.1404],[86.2723,21.1491],[86.2904,21.1759],[86.3098,21.1697],[86.3188,21.175],[86.3202,21.1814],[86.3252,21.1794],[86.3228,21.1759],[86.3292,21.1804],[86.3385,21.1795],[86.3399,21.1895],[86.348,21.1921],[86.3536,21.2114],[86.3498,21.2356],[86.3642,21.2376],[86.3697,21.2422],[86.3725,21.2582],[86.3699,21.264],[86.3599,21.2658],[86.3541,21.2802],[86.3576,21.2982],[86.3545,21.3218],[86.3258,21.3429],[86.2949,21.3564],[86.2849,21.3752],[86.2662,21.3805],[86.2648,21.3616],[86.2239,21.3262],[86.2145,21.2983],[86.1943,21.2768],[86.1853,21.2738],[86.1723,21.2784],[86.1597,21.2854],[86.157,21.2949],[86.1426,21.2812],[86.135,21.2833],[86.1348,21.2674],[86.1156,21.2761],[86.1056,21.2998],[86.1067,21.3073],[86.0952,21.3085],[86.0897,21.3145],[86.1082,21.3387],[86.1052,21.3527],[86.1208,21.3611],[86.1189,21.3725],[86.136,21.4029],[86.1547,21.4147],[86.1615,21.4254],[86.1208,21.478],[86.0873,21.4989],[86.0074,21.5344],[86.02,21.5001],[86.0309,21.4962],[86.0317,21.4922],[86.0247,21.4829],[85.9935,21.4754]]]}},{"type":"Feature","properties":{"ac_name":"SAMBALPUR","ac_no":17,"ac_category":"GEN","st_name":"ODISHA"},"geometry":{"type":"Polygon","coordinates":[[[83.8887,21.5489],[83.8845,21.5523],[83.8866,21.5428],[83.8535,21.5178],[83.8476,21.5214],[83.8698,21.4772],[83.8728,21.4569],[83.8849,21.4399],[83.8799,21.4312],[83.888,21.4252],[83.9167,21.4526],[83.9081,21.4636],[83.9305,21.4872],[83.9458,21.4772],[83.9735,21.4477],[83.9825,21.4316],[83.9788,21.4139],[83.9843,21.4135],[83.9875,21.4265],[83.9991,21.4295],[84.0053,21.4406],[83.9966,21.4482],[83.997,21.4552],[84.0165,21.4686],[83.9996,21.4929],[83.9912,21.498],[83.9862,21.4943],[83.9758,21.4976],[83.9738,21.5045],[83.9667,21.5041],[83.9606,21.5182],[83.9416,21.519],[83.9382,21.5255],[83.9193,21.5359],[83.9146,21.5344],[83.914,21.5402],[83.9037,21.5406],[83.9028,21.5504],[83.8887,21.5489]]]}},{"type":"Feature","properties":{"ac_name":"RAIRAKHOL","ac_no":18,"ac_category":"GEN","st_name":"ODISHA"},"geometry":{"type":"Polygon","coordinates":[[[84.0899,21.5084],[84.0899,21.5244],[84.0743,21.5159],[84.0825,21.5037],[84.0925,21.5003],[84.0958,21.4785],[84.0847,21.4744],[84.0834,21.4816],[84.0597,21.4797],[84.0529,21.4535],[84.043,21.4513],[84.0679,21.4337],[84.0901,21.4345],[84.0891,21.4237],[84.0759,21.4218],[84.0672,21.4091],[84.0679,21.3992],[84.0504,21.4177],[84.0437,21.4006],[84.0452,21.3898],[84.0319,21.3909],[84.032,21.387],[84.026,21.3863],[84.0208,21.3703],[84.0232,21.3646],[84.0128,21.3536],[83.9961,21.3612],[83.9908,21.3549],[83.9678,21.3569],[83.9657,21.368],[83.9586,21.371],[83.9375,21.3607],[83.9243,21.3431],[83.9078,21.2858],[83.9055,21.2597],[83.9116,21.2365],[83.8926,21.1773],[83.9059,21.1762],[83.9489,21.1509],[83.9498,21.1469],[83.9818,21.1336],[83.982,21.1187],[83.9913,21.1106],[83.9878,21.0789],[84.018,21.0509],[84.029,21.0533],[84.0428,21.0436],[84.0479,21.0475],[84.0734,21.0492],[84.1429,21.0332],[84.1394,21.0135],[84.1482,20.9996],[84.1563,20.9952],[84.1527,20.985],[84.1559,20.9747],[84.1706,20.9717],[84.192,20.9765],[84.1994,20.9663],[84.209,20.9617],[84.2245,20.9325],[84.2379,20.9228],[84.2787,20.9224],[84.2916,20.9256],[84.3019,20.9363],[84.3107,20.9316],[84.3171,20.9448],[84.3288,20.9515],[84.3334,20.9491],[84.3421,20.9553],[84.3519,20.9518],[84.355,20.9583],[84.36,20.9588],[84.3657,20.9514],[84.3733,20.9535],[84.3796,20.9656],[84.4052,20.9762],[84.4143,21.0038],[84.4337,21.0149],[84.4328,21.0195],[84.4086,21.0305],[84.4304,21.0402],[84.4389,21.0329],[84.4411,21.0394],[84.4498,21.0415],[84.4541,21.0579],[84.4823,21.0812],[84.4877,21.0782],[84.4964,21.0801],[84.5022,21.0873],[84.5315,21.0876],[84.5523,21.0704],[84.5846,21.0611],[84.5868,21.065],[84.594,21.0637],[84.5953,21.0688],[84.6065,21.0687],[84.61,21.0732],[84.6125,21.0706],[84.6243,21.0811],[84.6453,21.0837],[84.6692,21.0649],[84.6793,21.063],[84.6801,21.0732],[84.6693,21.0796],[84.6671,21.0932],[84.6686,21.1121],[84.6772,21.1249],[84.6801,21.1468],[84.6905,21.1528],[84.7229,21.1482],[84.7314,21.1686],[84.7433,21.1705],[84.7382,21.1764],[84.7461,21.1793],[84.7375,21.1969],[84.7218,21.1999],[84.724,21.2049],[84.7158,21.209],[84.7213,21.2178],[84.7191,21.2241],[84.7231,21.229],[84.7338,21.2276],[84.7333,21.2307],[84.7374,21.2291],[84.7436,21.2342],[84.7535,21.2274],[84.7581,21.2426],[84.7637,21.2437],[84.7683,21.2539],[84.7517,21.2583],[84.762,21.2742],[84.738,21.2902],[84.7309,21.3023],[84.709,21.3196],[84.6953,21.3235],[84.6646,21.3168],[84.6588,21.3137],[84.6664,21.3039],[84.6455,21.3],[84.6431,21.2916],[84.6329,21.2903],[84.6266,21.2808],[84.6287,21.2761],[84.612,21.277],[84.6032,21.2622],[84.5796,21.2582],[84.5655,21.25],[84.5598,21.2583],[84.569,21.2685],[84.5643,21.2871],[84.5689,21.2951],[84.5617,21.3179],[84.5655,21.3241],[84.5549,21.3354],[84.5559,21.3414],[84.5421,21.3666],[84.5456,21.374],[84.541,21.3778],[84.532,21.3839],[84.5178,21.3819],[84.5121,21.3733],[84.4981,21.3754],[84.5023,21.3697],[84.4981,21.365],[84.4856,21.3708],[84.4923,21.3813],[84.489,21.3915],[84.4716,21.3957],[84.4489,21.3942],[84.4244,21.3837],[84.4044,21.3808],[84.395,21.3673],[84.3446,21.3976],[84.3374,21.3981],[84.3328,21.3868],[84.3244,21.3821],[84.3445,21.3565],[84.3364,21.3487],[84.3275,21.353],[84.3233,21.3424],[84.3119,21.3457],[84.3008,21.3621],[84.2783,21.3749],[84.284,21.3963],[84.2795,21.4145],[84.2704,21.4275],[84.2647,21.4303],[84.2501,21.4272],[84.2302,21.4069],[84.2163,21.4044],[84.2116,21.4119],[84.2037,21.4142],[84.2083,21.4182],[84.1991,21.4214],[84.1921,21.4351],[84.1776,21.434],[84.1677,21.4446],[84.1659,21.454],[84.1591,21.4576],[84.16,21.4669],[84.1459,21.4777],[84.1409,21.4924],[84.1326,21.4982],[84.1306,21.506],[84.1417,21.5096],[84.1395,21.5146],[84.1234,21.5124],[84.1149,21.5014],[84.1119,21.5061],[84.0969,21.5107],[84.0899,21.5084]]]}},{"type":"Feature","properties":{"ac_name":"SORO","ac_no":41,"ac_category":"SC","st_name":"ODISHA"},"geometry":{"type":"Polygon","coordinates":[[[86.6562,21.3979],[86.6509,21.4018],[86.6456,21.3913],[86.6313,21.3847],[86.6238,21.3713],[86.5965,21.3557],[86.5984,21.3452],[86.5907,21.3237],[86.604,21.3117],[86.5948,21.2828],[86.607,21.2621],[86.6075,21.2304],[86.6272,21.2216],[86.6559,21.2217],[86.6539,21.2165],[86.6589,21.2127],[86.6672,21.2147],[86.6715,21.2215],[86.688,21.2073],[86.6973,21.2146],[86.6982,21.2063],[86.71,21.2041],[86.7174,21.2074],[86.7195,21.2054],[86.7127,21.2009],[86.7238,21.1996],[86.726,21.1856],[86.7325,21.1792],[86.7427,21.1815],[86.7676,21.1711],[86.7734,21.1752],[86.7595,21.1872],[86.7628,21.1929],[86.7575,21.1964],[86.7704,21.2138],[86.77,21.226],[86.7856,21.22],[86.7879,21.2267],[86.791,21.2227],[86.793,21.2264],[86.7999,21.2254],[86.8024,21.2306],[86.8037,21.2259],[86.8094,21.2287],[86.8099,21.2245],[86.8168,21.225],[86.8158,21.2212],[86.8244,21.221],[86.8168,21.2168],[86.8332,21.2062],[86.8424,21.2037],[86.8588,21.2097],[86.8633,21.2226],[86.8907,21.2553],[86.9068,21.2861],[86.8711,21.301],[86.8707,21.3257],[86.8614,21.3318],[86.8623,21.3391],[86.8507,21.3411],[86.8522,21.3483],[86.8586,21.3519],[86.8325,21.3556],[86.8275,21.3489],[86.825,21.3527],[86.8189,21.354],[86.8132,21.3487],[86.8073,21.3328],[86.7945,21.3367],[86.7939,21.3436],[86.7725,21.3456],[86.7697,21.3424],[86.7653,21.3461],[86.7535,21.3344],[86.7394,21.3431],[86.7343,21.3399],[86.7241,21.3188],[86.7135,21.3275],[86.7072,21.3284],[86.7008,21.3224],[86.6955,21.3306],[86.7031,21.3502],[86.6818,21.3677],[86.6688,21.3668],[86.6656,21.3923],[86.6562,21.3979]]]}},{"type":"Feature","properties":{"ac_name":"BARGARH","ac_no":3,"ac_category":"GEN","st_name":"ODISHA"},"geometry":{"type":"Polygon","coordinates":[[[83.6751,21.4281],[83.662,21.4277],[83.6552,21.4082],[83.6434,21.4062],[83.6185,21.4223],[83.5964,21.4134],[83.5752,21.3832],[83.5626,21.3914],[83.5573,21.3809],[83.5385,21.3843],[83.5372,21.3738],[83.5452,21.3662],[83.5433,21.3612],[83.5127,21.3639],[83.5172,21.3452],[83.513,21.3312],[83.4722,21.3151],[83.4873,21.2913],[83.4918,21.2742],[83.5021,21.2752],[83.5092,21.2695],[83.5072,21.2644],[83.4806,21.2617],[83.4826,21.234],[83.4936,21.2182],[83.5044,21.2313],[83.513,21.2329],[83.5268,21.2121],[83.5618,21.2154],[83.571,21.2031],[83.5783,21.2005],[83.5788,21.2137],[83.5874,21.2168],[83.5895,21.1989],[83.5962,21.1978],[83.5975,21.1934],[83.6078,21.2112],[83.6272,21.2096],[83.6352,21.2167],[83.634,21.2313],[83.6418,21.2354],[83.6823,21.2241],[83.691,21.2023],[83.7089,21.2124],[83.7097,21.2167],[83.7049,21.2159],[83.7064,21.2253],[83.6937,21.2339],[83.7012,21.2508],[83.6954,21.261],[83.6988,21.273],[83.7113,21.2781],[83.7184,21.2918],[83.7315,21.2834],[83.7325,21.2687],[83.7368,21.2668],[83.7466,21.2866],[83.7639,21.3031],[83.7394,21.317],[83.7426,21.33],[83.7253,21.3323],[83.7188,21.3465],[83.7226,21.3541],[83.7123,21.361],[83.7167,21.3692],[83.7122,21.3762],[83.706,21.3728],[83.6928,21.3748],[83.6972,21.4035],[83.6932,21.4245],[83.6751,21.4281]]]}},{"type":"Feature","properties":{"ac_name":"SIMULIA","ac_no":42,"ac_category":"GEN","st_name":"ODISHA"},"geometry":{"type":"Polygon","coordinates":[[[86.5907,21.3237],[86.5792,21.3305],[86.5723,21.3235],[86.5603,21.3348],[86.5535,21.3344],[86.5431,21.3419],[86.5343,21.3309],[86.5293,21.3379],[86.5229,21.3318],[86.5109,21.3375],[86.5077,21.3323],[86.5119,21.323],[86.5017,21.3119],[86.4961,21.3109],[86.4728,21.3245],[86.4677,21.308],[86.4723,21.2994],[86.4701,21.2939],[86.4635,21.3025],[86.4294,21.3216],[86.4238,21.3314],[86.404,21.3205],[86.3907,21.3183],[86.3576,21.2982],[86.3541,21.2802],[86.3599,21.2658],[86.3699,21.264],[86.3725,21.2582],[86.3697,21.2422],[86.3642,21.2376],[86.3752,21.2241],[86.4067,21.2197],[86.4193,21.2035],[86.4219,21.2226],[86.4342,21.2205],[86.4362,21.2047],[86.4451,21.2018],[86.4466,21.1947],[86.4393,21.1932],[86.4265,21.1807],[86.4313,21.1765],[86.4411,21.1803],[86.4411,21.1703],[86.4293,21.1627],[86.4502,21.1539],[86.4552,21.1623],[86.4976,21.1426],[86.5115,21.1371],[86.5295,21.1593],[86.5587,21.1588],[86.5616,21.1424],[86.5742,21.1311],[86.5728,21.128],[86.5809,21.1243],[86.5788,21.1183],[86.5853,21.1182],[86.591,21.1095],[86.5888,21.0991],[86.6153,21.0994],[86.6308,21.0932],[86.6249,21.0726],[86.6343,21.0644],[86.6474,21.0626],[86.6486,21.0739],[86.6421,21.0811],[86.6482,21.088],[86.6614,21.084],[86.6655,21.0981],[86.6529,21.1013],[86.6519,21.1061],[86.6597,21.1244],[86.6544,21.1285],[86.6668,21.1442],[86.6619,21.1508],[86.6708,21.1678],[86.6783,21.1706],[86.6906,21.1678],[86.7007,21.1841],[86.7325,21.1792],[86.726,21.1856],[86.7238,21.1996],[86.7127,21.2009],[86.7195,21.2054],[86.7174,21.2074],[86.71,21.2041],[86.6982,21.2063],[86.6973,21.2146],[86.688,21.2073],[86.6715,21.2215],[86.6672,21.2147],[86.6589,21.2127],[86.6539,21.2165],[86.6559,21.2217],[86.6272,21.2216],[86.6075,21.2304],[86.607,21.2621],[86.5948,21.2828],[86.604,21.3117],[86.5907,21.3237]]]}},{"type":"Feature","properties":{"ac_name":"BASUDEVPUR","ac_no":45,"ac_category":"GEN","st_name":"ODISHA"},"geometry":{"type":"Polygon","coordinates":[[[86.8588,21.2097],[86.8424,21.2037],[86.8332,21.2062],[86.8168,21.2168],[86.8244,21.221],[86.8158,21.2212],[86.8168,21.225],[86.8099,21.2245],[86.8094,21.2287],[86.8037,21.2259],[86.8024,21.2306],[86.7999,21.2254],[86.793,21.2264],[86.791,21.2227],[86.7879,21.2267],[86.7856,21.22],[86.77,21.226],[86.7704,21.2138],[86.7575,21.1964],[86.7628,21.1929],[86.7595,21.1872],[86.7734,21.1752],[86.7676,21.1711],[86.7427,21.1815],[86.7325,21.1792],[86.7007,21.1841],[86.6906,21.1678],[86.6783,21.1706],[86.6708,21.1678],[86.6619,21.1508],[86.6668,21.1442],[86.6544,21.1285],[86.6597,21.1244],[86.6519,21.1061],[86.6529,21.1013],[86.6655,21.0981],[86.6614,21.084],[86.6482,21.088],[86.6421,21.0811],[86.6486,21.0739],[86.6474,21.0626],[86.6585,21.0474],[86.6565,21.0346],[86.6499,21.0286],[86.6471,21.0155],[86.6318,21.0131],[86.6077,21.0174],[86.6069,21.0118],[86.6215,21.0128],[86.6291,21.0044],[86.6179,21.0025],[86.6076,20.9915],[86.6024,20.9913],[86.6038,20.9796],[86.5969,20.9816],[86.5948,20.9769],[86.6105,20.9654],[86.609,20.9576],[86.6145,20.9512],[86.6274,20.9573],[86.6455,20.9462],[86.6415,20.9356],[86.6451,20.9346],[86.6723,20.9284],[86.6735,20.9242],[86.6793,20.9278],[86.6858,20.924],[86.7082,20.9781],[86.7053,20.9902],[86.7339,21.0108],[86.7472,21.0073],[86.7483,21.0011],[86.7576,20.9963],[86.7542,20.9869],[86.7727,20.9792],[86.7771,20.962],[86.7851,20.9655],[86.8266,20.9538],[86.8289,20.9498],[86.8463,20.9586],[86.8594,20.958],[86.9129,20.974],[86.8728,21.0446],[86.8446,21.1254],[86.8431,21.1739],[86.8588,21.2097]]]}},{"type":"Feature","properties":{"ac_name":"BHANDARIPOKHARI","ac_no":43,"ac_category":"GEN","st_name":"ODISHA"},"geometry":{"type":"Polygon","coordinates":[[[86.4293,21.1627],[86.4411,21.1703],[86.4411,21.1803],[86.4313,21.1765],[86.4265,21.1807],[86.4393,21.1932],[86.4466,21.1947],[86.4451,21.2018],[86.4362,21.2047],[86.4342,21.2205],[86.4219,21.2226],[86.4193,21.2035],[86.4067,21.2197],[86.3752,21.2241],[86.3642,21.2376],[86.3498,21.2356],[86.3536,21.2114],[86.348,21.1921],[86.3399,21.1895],[86.3385,21.1795],[86.3292,21.1804],[86.3228,21.1759],[86.3252,21.1794],[86.3202,21.1814],[86.3188,21.175],[86.3098,21.1697],[86.2904,21.1759],[86.2723,21.1491],[86.2711,21.1404],[86.284,21.1365],[86.2914,21.1258],[86.2886,21.119],[86.3084,21.1129],[86.3028,21.1044],[86.3077,21.0971],[86.3049,21.0883],[86.3158,21.083],[86.3242,21.0596],[86.3202,21.0545],[86.3118,21.0573],[86.3036,21.0191],[86.2814,21.0222],[86.2883,21.0182],[86.2892,21.0099],[86.2844,20.9845],[86.2889,20.9588],[86.2835,20.9356],[86.277,20.9176],[86.2814,20.9031],[86.3102,20.8958],[86.3206,20.8768],[86.3345,20.8778],[86.3361,20.873],[86.3279,20.8674],[86.3283,20.8621],[86.3549,20.8508],[86.3795,20.8616],[86.3833,20.8707],[86.401,20.8789],[86.401,20.898],[86.407,20.8953],[86.4135,20.9085],[86.4139,20.9181],[86.4055,20.9199],[86.4078,20.9339],[86.4028,20.9366],[86.4076,20.9506],[86.4117,20.9545],[86.4166,20.9511],[86.4215,20.96],[86.4354,20.9555],[86.4374,20.9633],[86.4301,20.9636],[86.436,20.9702],[86.4413,20.9675],[86.4444,20.9715],[86.4437,20.9675],[86.4553,20.9661],[86.4535,20.9863],[86.4625,20.9901],[86.4749,20.9866],[86.4795,21.0035],[86.4555,21.0137],[86.4539,21.0257],[86.4456,21.022],[86.4284,21.0238],[86.4312,21.0143],[86.4455,21.006],[86.4431,20.9976],[86.4343,20.9901],[86.4148,21.0004],[86.417,21.0081],[86.4121,21.0159],[86.402,21.0198],[86.4027,21.0286],[86.3969,21.0285],[86.4003,21.0385],[86.4093,21.0409],[86.407,21.0459],[86.4233,21.0443],[86.4378,21.054],[86.4323,21.0632],[86.4353,21.0708],[86.4161,21.08],[86.4229,21.0997],[86.4033,21.1078],[86.4019,21.1138],[86.405,21.1362],[86.4138,21.1434],[86.4118,21.1465],[86.428,21.1543],[86.4293,21.1627]]]}},{"type":"Feature","properties":{"ac_name":"BIJEPUR","ac_no":2,"ac_category":"GEN","st_name":"ODISHA"},"geometry":{"type":"Polygon","coordinates":[[[83.691,21.2023],[83.6823,21.2241],[83.6418,21.2354],[83.634,21.2313],[83.6352,21.2167],[83.6272,21.2096],[83.6078,21.2112],[83.5975,21.1934],[83.5962,21.1978],[83.5895,21.1989],[83.5874,21.2168],[83.5788,21.2137],[83.5783,21.2005],[83.571,21.2031],[83.5618,21.2154],[83.5268,21.2121],[83.513,21.2329],[83.5044,21.2313],[83.4936,21.2182],[83.4826,21.234],[83.4659,21.2343],[83.4581,21.2138],[83.4441,21.2148],[83.4371,21.2014],[83.4325,21.2101],[83.4339,21.2235],[83.4192,21.2251],[83.4225,21.2163],[83.4124,21.2036],[83.4016,21.2106],[83.3834,21.2088],[83.3813,21.2051],[83.3747,21.2135],[83.3591,21.2156],[83.3497,21.2263],[83.3404,21.2259],[83.3244,21.2002],[83.3273,21.1774],[83.3239,21.1645],[83.3486,21.1553],[83.3494,21.1516],[83.33,21.1269],[83.3173,21.1274],[83.3138,21.116],[83.2961,21.1026],[83.2812,21.0894],[83.2845,21.0779],[83.2711,21.0793],[83.2651,21.061],[83.2432,21.0558],[83.2434,21.0365],[83.2385,21.0359],[83.2344,21.0215],[83.2378,21.0137],[83.2334,21.0034],[83.2361,20.9954],[83.2098,20.9851],[83.1693,20.9978],[83.1604,20.9867],[83.1678,20.9812],[83.1825,20.9794],[83.1644,20.9434],[83.1723,20.9429],[83.1657,20.9373],[83.1755,20.9393],[83.1716,20.9355],[83.1763,20.9325],[83.1643,20.9324],[83.1602,20.9281],[83.1486,20.9324],[83.1503,20.9192],[83.1653,20.9209],[83.1394,20.9102],[83.1472,20.9096],[83.1484,20.8973],[83.1526,20.9043],[83.1636,20.9037],[83.1547,20.8834],[83.1918,20.8966],[83.2107,20.9198],[83.2181,20.9223],[83.2179,20.9316],[83.2508,20.9177],[83.2509,20.8986],[83.2691,20.8813],[83.2753,20.8692],[83.2715,20.8683],[83.2781,20.8429],[83.287,20.8548],[83.301,20.8535],[83.3203,20.8638],[83.3295,20.8815],[83.3397,20.8827],[83.3488,20.8738],[83.4019,20.8903],[83.4162,20.9019],[83.4132,20.9104],[83.3919,20.9252],[83.3875,20.938],[83.3802,20.9407],[83.3853,20.9531],[83.3807,20.9559],[83.3902,20.9647],[83.3896,20.9711],[83.3846,20.9732],[83.3858,20.9893],[83.3726,20.9931],[83.3731,21.0006],[83.3635,21.0037],[83.3524,20.9998],[83.3368,20.986],[83.3282,20.9856],[83.3213,20.9959],[83.3038,21.0038],[83.2964,21.0127],[83.2995,21.0246],[83.3171,21.041],[83.3214,21.0557],[83.3414,21.0577],[83.3509,21.0638],[83.3525,21.0713],[83.3767,21.0616],[83.3911,21.0711],[83.4036,21.062],[83.4096,21.0402],[83.4256,21.0313],[83.4316,21.0339],[83.437,21.0463],[83.4571,21.0544],[83.4622,21.0619],[83.4814,21.0507],[83.4878,21.0417],[83.4943,21.0409],[83.497,21.0455],[83.492,21.0616],[83.5013,21.0648],[83.5124,21.0619],[83.5296,21.0716],[83.5418,21.0731],[83.5948,21.1076],[83.6045,21.1283],[83.6499,21.1301],[83.659,21.1406],[83.665,21.1647],[83.6789,21.1673],[83.691,21.2023]]]}},{"type":"Feature","properties":{"ac_name":"PARJANGA","ac_no":58,"ac_category":"GEN","st_name":"ODISHA"},"geometry":{"type":"Polygon","coordinates":[[[85.7269,21.1426],[85.7177,21.1615],[85.7054,21.1691],[85.7072,21.181],[85.6902,21.1795],[85.683,21.1862],[85.6633,21.1666],[85.6431,21.1664],[85.6252,21.1605],[85.6062,21.1365],[85.5924,21.1383],[85.5452,21.1676],[85.5289,21.1448],[85.4979,21.1152],[85.4641,21.1238],[85.4217,21.1643],[85.3933,21.1837],[85.3774,21.1673],[85.3659,21.1726],[85.347,21.1686],[85.3416,21.1779],[85.3338,21.1787],[85.316,21.1593],[85.3034,21.1732],[85.288,21.1814],[85.2803,21.1741],[85.2718,21.1743],[85.2299,21.0726],[85.1823,21.0816],[85.1752,21.067],[85.1667,21.0634],[85.1654,21.0522],[85.1731,21.0441],[85.1997,21.0341],[85.235,21.0122],[85.2575,20.9921],[85.2611,20.9786],[85.2412,20.9635],[85.2458,20.9401],[85.2391,20.9076],[85.2459,20.8979],[85.2631,20.8917],[85.2883,20.8843],[85.2934,20.8684],[85.2893,20.8532],[85.3131,20.8379],[85.3333,20.8176],[85.3708,20.8018],[85.3974,20.8042],[85.4471,20.7752],[85.4843,20.7746],[85.5124,20.7496],[85.5237,20.749],[85.52,20.7752],[85.5285,20.7782],[85.531,20.7938],[85.5479,20.791],[85.5538,20.8064],[85.5671,20.811],[85.5726,20.8224],[85.5691,20.8171],[85.5643,20.8193],[85.5596,20.8253],[85.5609,20.8344],[85.5533,20.8357],[85.5519,20.8401],[85.5477,20.8336],[85.5334,20.8326],[85.535,20.8399],[85.5461,20.8414],[85.5463,20.8486],[85.5291,20.8395],[85.5232,20.8502],[85.5315,20.8531],[85.5217,20.8603],[85.5145,20.8576],[85.5002,20.8667],[85.4839,20.8671],[85.4919,20.8799],[85.4841,20.8871],[85.4875,20.8929],[85.4804,20.899],[85.4741,20.8922],[85.4772,20.9001],[85.4599,20.9134],[85.4683,20.9341],[85.4657,20.9548],[85.4715,20.9584],[85.4725,20.9652],[85.5171,20.9683],[85.5148,20.9803],[85.5208,20.9823],[85.5306,20.9782],[85.5301,20.9729],[85.522,20.9705],[85.5241,20.9662],[85.5422,20.9601],[85.5479,20.9647],[85.5494,20.9609],[85.5599,20.9599],[85.5758,20.9638],[85.5751,20.9527],[85.5854,20.9464],[85.5934,20.9466],[85.5991,20.9526],[85.6053,20.9498],[85.61,20.956],[85.6264,20.9526],[85.6271,20.9364],[85.6418,20.9391],[85.6401,20.9421],[85.6489,20.9388],[85.6599,20.9547],[85.6623,20.9516],[85.667,20.9544],[85.6814,20.9425],[85.6788,20.9268],[85.6914,20.925],[85.6936,20.9309],[85.7036,20.9349],[85.6993,20.9446],[85.7066,20.9557],[85.715,20.9522],[85.723,20.9589],[85.7298,20.949],[85.7364,20.9559],[85.735,20.9719],[85.7276,20.9738],[85.724,20.9827],[85.7207,20.9823],[85.7177,20.9954],[85.7243,21.0209],[85.7313,21.0277],[85.7266,21.0649],[85.7149,21.0659],[85.7015,21.0746],[85.6813,21.1118],[85.6938,21.1357],[85.709,21.1426],[85.7269,21.1426]]]}},{"type":"Feature","properties":{"ac_name":"BHADRAK","ac_no":44,"ac_category":"GEN","st_name":"ODISHA"},"geometry":{"type":"Polygon","coordinates":[[[86.4976,21.1426],[86.4552,21.1623],[86.4502,21.1539],[86.4293,21.1627],[86.428,21.1543],[86.4118,21.1465],[86.4138,21.1434],[86.405,21.1362],[86.4019,21.1138],[86.4033,21.1078],[86.4229,21.0997],[86.4161,21.08],[86.4353,21.0708],[86.4323,21.0632],[86.4378,21.054],[86.4233,21.0443],[86.407,21.0459],[86.4093,21.0409],[86.4003,21.0385],[86.3969,21.0285],[86.4027,21.0286],[86.402,21.0198],[86.4121,21.0159],[86.417,21.0081],[86.4148,21.0004],[86.4343,20.9901],[86.4431,20.9976],[86.4455,21.006],[86.4312,21.0143],[86.4284,21.0238],[86.4456,21.022],[86.4539,21.0257],[86.4555,21.0137],[86.4795,21.0035],[86.4749,20.9866],[86.4846,20.9807],[86.483,20.9774],[86.488,20.9786],[86.4874,20.9723],[86.4924,20.981],[86.5139,20.9716],[86.5445,20.9814],[86.5438,20.9735],[86.5559,20.9687],[86.5559,20.9853],[86.5427,20.9903],[86.5588,20.9896],[86.5697,20.998],[86.564,21.0049],[86.5745,21.0138],[86.5731,21.0202],[86.5819,21.029],[86.5806,21.0339],[86.5952,21.0336],[86.5813,21.0417],[86.5821,21.0489],[86.5926,21.0525],[86.6042,21.042],[86.6142,21.0431],[86.6122,21.0391],[86.6197,21.0353],[86.6253,21.0385],[86.6499,21.0286],[86.6565,21.0346],[86.6585,21.0474],[86.6474,21.0626],[86.6343,21.0644],[86.6249,21.0726],[86.6308,21.0932],[86.6153,21.0994],[86.5888,21.0991],[86.591,21.1095],[86.5853,21.1182],[86.5788,21.1183],[86.5809,21.1243],[86.5728,21.128],[86.5742,21.1311],[86.5616,21.1424],[86.5587,21.1588],[86.5295,21.1593],[86.5115,21.1371],[86.4976,21.1426]]]}},{"type":"Feature","properties":{"ac_name":"SUKINDA","ac_no":54,"ac_category":"GEN","st_name":"ODISHA"},"geometry":{"type":"Polygon","coordinates":[[[85.9978,21.1424],[85.9843,21.1368],[85.9761,21.1431],[85.9693,21.1377],[85.9615,21.1406],[85.961,21.1305],[85.9587,21.1341],[85.9576,21.1306],[85.9476,21.1292],[85.9454,21.1328],[85.9402,21.1298],[85.9372,21.1337],[85.9291,21.1361],[85.9288,21.1237],[85.9168,21.0929],[85.8751,21.0859],[85.8479,21.0957],[85.8357,21.0962],[85.8281,21.0903],[85.8144,21.0932],[85.8067,21.1066],[85.7795,21.1019],[85.7724,21.1052],[85.7711,21.115],[85.7663,21.1156],[85.762,21.145],[85.7515,21.1495],[85.7401,21.1393],[85.7269,21.1426],[85.709,21.1426],[85.6938,21.1357],[85.6813,21.1118],[85.7015,21.0746],[85.7149,21.0659],[85.7266,21.0649],[85.7313,21.0277],[85.7243,21.0209],[85.7177,20.9954],[85.7207,20.9823],[85.724,20.9827],[85.7332,20.9897],[85.7478,20.9919],[85.7701,20.9875],[85.7836,20.9703],[85.8009,20.9679],[85.8194,20.9445],[85.8225,20.9263],[85.8367,20.9278],[85.8412,20.9327],[85.8675,20.927],[85.9161,20.929],[85.9192,20.8986],[85.8981,20.8575],[85.8988,20.8473],[85.9293,20.8385],[85.9499,20.8447],[85.9637,20.8661],[85.9861,20.8844],[86.0483,20.8837],[86.0686,20.8776],[86.1057,20.8912],[86.115,20.9041],[86.1276,20.9057],[86.136,20.9217],[86.122,20.928],[86.1145,20.9137],[86.0982,20.9083],[86.1055,20.9216],[86.0909,20.9374],[86.0972,20.9573],[86.0571,20.9625],[86.0588,20.9683],[86.069,20.969],[86.0718,20.9748],[86.0954,20.9726],[86.1063,20.9761],[86.0973,20.9935],[86.0831,21.0031],[86.0825,21.0158],[86.0462,21.0243],[86.0328,21.0522],[86.0382,21.0603],[86.0269,21.0731],[86.033,21.0934],[86.0463,21.1009],[86.0509,21.1175],[86.0746,21.1309],[86.075,21.155],[86.0799,21.1645],[86.0894,21.1684],[86.0806,21.1704],[86.0742,21.1643],[86.0666,21.1645],[86.0617,21.1531],[86.0494,21.1611],[86.0428,21.1573],[86.0365,21.1607],[86.0251,21.1393],[86.0195,21.1447],[85.9978,21.1424]]]}},{"type":"Feature","properties":{"ac_name":"CHHENDIPADA","ac_no":62,"ac_category":"SC","st_name":"ODISHA"},"geometry":{"type":"Polygon","coordinates":[[[84.9627,21.1775],[84.9624,21.1658],[84.9694,21.1616],[84.9686,21.1578],[84.9619,21.1475],[84.9516,21.148],[84.9472,21.1552],[84.9503,21.1705],[84.9274,21.1808],[84.932,21.1537],[84.9189,21.1408],[84.8848,21.1533],[84.8772,21.1644],[84.8181,21.1713],[84.8008,21.1671],[84.7994,21.1554],[84.8134,21.1466],[84.8086,21.1368],[84.8026,21.1416],[84.7987,21.1311],[84.7893,21.132],[84.7887,21.1386],[84.777,21.1457],[84.7624,21.1491],[84.7433,21.1705],[84.7314,21.1686],[84.7229,21.1482],[84.6905,21.1528],[84.6801,21.1468],[84.6772,21.1249],[84.6686,21.1121],[84.6671,21.0932],[84.6693,21.0796],[84.6801,21.0732],[84.6793,21.063],[84.6849,21.0576],[84.6934,21.0583],[84.7035,21.0656],[84.7183,21.0613],[84.7295,21.0686],[84.7562,21.0616],[84.7545,21.0514],[84.7624,21.0461],[84.7644,21.0298],[84.7766,21.025],[84.7919,21.0021],[84.7975,20.9662],[84.8077,20.9606],[84.7823,20.9101],[84.7792,20.8913],[84.8048,20.8688],[84.8161,20.8686],[84.8172,20.8503],[84.83,20.8394],[84.8301,20.8325],[84.8246,20.8306],[84.8302,20.8206],[84.828,20.8106],[84.8482,20.807],[84.8554,20.8178],[84.89,20.8417],[84.9077,20.8334],[84.9099,20.8283],[84.8937,20.8185],[84.9157,20.8197],[84.9114,20.8253],[84.9488,20.8282],[85.0032,20.8056],[85.0053,20.8089],[85.0171,20.8065],[85.024,20.8206],[85.0221,20.8277],[85.0298,20.836],[85.0514,20.8367],[85.0513,20.8312],[85.0577,20.8324],[85.0612,20.8283],[85.0848,20.8287],[85.0786,20.8343],[85.0781,20.8418],[85.0944,20.854],[85.1129,20.846],[85.1094,20.833],[85.1267,20.8349],[85.1367,20.8295],[85.1492,20.8297],[85.156,20.856],[85.1509,20.8595],[85.1544,20.8649],[85.1515,20.8726],[85.1615,20.8845],[85.1757,20.8822],[85.1842,20.8999],[85.1713,20.8992],[85.1638,20.9072],[85.1543,20.9084],[85.1233,20.885],[85.1018,20.8947],[85.0847,20.9278],[85.0681,20.9447],[85.0578,20.9476],[85.0436,20.9448],[85.0327,20.9305],[85.026,20.9305],[85.0187,20.945],[85.0006,20.9575],[85.0036,20.9682],[84.9839,21.0043],[84.9858,21.0224],[84.9804,21.0452],[84.985,21.0713],[84.9697,21.0785],[84.9584,21.0869],[84.9323,21.0959],[84.937,21.1028],[84.9525,21.1013],[84.9604,21.1052],[84.9611,21.1199],[84.9565,21.1268],[84.9607,21.1389],[84.9701,21.1405],[84.9741,21.1481],[84.9919,21.1445],[84.9952,21.1631],[84.9854,21.1591],[84.9627,21.1775]]]}},{"type":"Feature","properties":{"ac_name":"PADAMPUR","ac_no":1,"ac_category":"GEN","st_name":"ODISHA"},"geometry":{"type":"Polygon","coordinates":[[[82.7388,21.1647],[82.7214,21.1664],[82.719,21.1589],[82.7011,21.1576],[82.693,21.1658],[82.663,21.1548],[82.641,21.1549],[82.6373,21.1444],[82.6527,21.1287],[82.64,21.1193],[82.6414,21.1115],[82.6494,21.1067],[82.6364,21.0923],[82.666,21.0706],[82.6799,21.0358],[82.6931,21.0241],[82.6864,20.9738],[82.6985,20.9369],[82.6929,20.9012],[82.6821,20.8842],[82.6877,20.8363],[82.6845,20.8068],[82.6894,20.7748],[82.6975,20.761],[82.685,20.735],[82.7002,20.7301],[82.7343,20.7244],[82.7449,20.7699],[82.7532,20.7708],[82.7613,20.781],[82.7703,20.8022],[82.8008,20.8354],[82.8077,20.8364],[82.8394,20.868],[82.8581,20.8755],[82.8874,20.9078],[82.8909,20.9036],[82.9165,20.9023],[82.9247,20.8946],[82.9252,20.8825],[82.942,20.8836],[82.9539,20.8955],[82.9671,20.8929],[82.9641,20.8785],[82.9719,20.8847],[82.9818,20.8658],[82.9829,20.8467],[83.0011,20.8484],[83.0152,20.8608],[83.0318,20.8544],[83.0498,20.8583],[83.0879,20.8567],[83.1023,20.8746],[83.1288,20.8594],[83.1415,20.8786],[83.1547,20.8834],[83.1636,20.9037],[83.1526,20.9043],[83.1484,20.8973],[83.1472,20.9096],[83.1394,20.9102],[83.1653,20.9209],[83.1503,20.9192],[83.1486,20.9324],[83.1602,20.9281],[83.1643,20.9324],[83.1763,20.9325],[83.1716,20.9355],[83.1755,20.9393],[83.1657,20.9373],[83.1723,20.9429],[83.1644,20.9434],[83.1825,20.9794],[83.1678,20.9812],[83.1604,20.9867],[83.1693,20.9978],[83.2098,20.9851],[83.2361,20.9954],[83.2334,21.0034],[83.2378,21.0137],[83.2344,21.0215],[83.2385,21.0359],[83.2434,21.0365],[83.2432,21.0558],[83.2651,21.061],[83.2711,21.0793],[83.2845,21.0779],[83.2812,21.0894],[83.2961,21.1026],[83.2837,21.1101],[83.2767,21.1054],[83.2724,21.094],[83.2562,21.0915],[83.2531,21.0951],[83.2275,21.0883],[83.2303,21.1009],[83.2272,21.1079],[83.2197,21.11],[83.2131,21.0988],[83.2114,21.104],[83.1942,21.1073],[83.1769,21.1356],[83.1667,21.1384],[83.1316,21.1058],[83.1126,21.1128],[83.0779,21.112],[83.0524,21.1262],[83.0454,21.1239],[83.0339,21.132],[83.035,21.1367],[83.0233,21.1366],[83.0161,21.1464],[83.0043,21.1368],[82.9905,21.1397],[82.986,21.1512],[82.9935,21.1619],[83.0038,21.1668],[83.0013,21.1705],[82.9805,21.1702],[82.9885,21.1828],[82.9755,21.1822],[82.9656,21.1755],[82.9651,21.1933],[82.9441,21.1781],[82.948,21.162],[82.9401,21.161],[82.9377,21.1699],[82.9329,21.1631],[82.9151,21.162],[82.9027,21.1672],[82.8973,21.1621],[82.8822,21.1484],[82.8765,21.1637],[82.8716,21.1575],[82.867,21.1629],[82.8523,21.1598],[82.8511,21.1687],[82.8285,21.1655],[82.8004,21.156],[82.794,21.1426],[82.7636,21.1641],[82.7388,21.1647]]]}},{"type":"Feature","properties":{"ac_name":"BIRMAHARAJPUR","ac_no":64,"ac_category":"SC","st_name":"ODISHA"},"geometry":{"type":"Polygon","coordinates":[[[83.748,21.139],[83.7372,21.1313],[83.7276,21.1315],[83.7144,21.1196],[83.7036,21.1217],[83.6881,21.1167],[83.71,21.0969],[83.707,21.0808],[83.7178,21.0741],[83.7249,21.0749],[83.7253,21.0681],[83.7143,21.0622],[83.7012,21.0624],[83.6929,21.052],[83.697,21.0477],[83.7046,21.0488],[83.7063,21.056],[83.715,21.0578],[83.7235,21.0461],[83.7237,21.0374],[83.7091,21.042],[83.706,21.0374],[83.7127,21.0222],[83.7068,21.0115],[83.7147,21.0001],[83.6974,20.9964],[83.6972,20.9848],[83.7091,20.9851],[83.6963,20.9836],[83.6939,20.9785],[83.7095,20.9773],[83.7174,20.9655],[83.7085,20.9519],[83.7233,20.9329],[83.7828,20.9118],[83.7958,20.8994],[83.8165,20.8971],[83.8333,20.9028],[83.8565,20.8875],[83.8833,20.878],[83.9365,20.8424],[84.0111,20.8408],[84.0374,20.8203],[84.0643,20.8303],[84.1075,20.8383],[84.1439,20.8621],[84.192,20.8896],[84.2153,20.8957],[84.2409,20.8936],[84.2663,20.8813],[84.2681,20.8887],[84.2618,20.8999],[84.2707,20.9082],[84.2684,20.9136],[84.2787,20.9224],[84.2379,20.9228],[84.2245,20.9325],[84.209,20.9617],[84.1994,20.9663],[84.192,20.9765],[84.1706,20.9717],[84.1559,20.9747],[84.1527,20.985],[84.1563,20.9952],[84.1482,20.9996],[84.1394,21.0135],[84.1429,21.0332],[84.0734,21.0492],[84.0479,21.0475],[84.0428,21.0436],[84.029,21.0533],[84.018,21.0509],[83.9878,21.0789],[83.9913,21.1106],[83.982,21.1187],[83.9818,21.1336],[83.9498,21.1469],[83.9489,21.1509],[83.9059,21.1762],[83.8926,21.1773],[83.8822,21.1747],[83.8721,21.161],[83.8417,21.097],[83.8207,21.1022],[83.797,21.1151],[83.7843,21.1345],[83.7863,21.1469],[83.7809,21.1536],[83.7663,21.1567],[83.7608,21.1436],[83.748,21.139]]]}},{"type":"Feature","properties":{"ac_name":"TALCHER","ac_no":60,"ac_category":"GEN","st_name":"ODISHA"},"geometry":{"type":"Polygon","coordinates":[[[85.0906,21.1177],[85.0886,21.127],[85.0747,21.1347],[85.0765,21.1207],[85.073,21.1169],[85.0725,21.1243],[85.0575,21.1231],[85.0611,21.117],[85.0567,21.1141],[85.039,21.1217],[85.0228,21.121],[85.0209,21.1127],[85.0164,21.1151],[85.0104,21.1102],[85.0044,21.1136],[84.9989,21.1045],[84.9925,21.1056],[84.9913,21.095],[84.9774,21.0889],[84.9697,21.0785],[84.985,21.0713],[84.9804,21.0452],[84.9858,21.0224],[84.9839,21.0043],[85.0036,20.9682],[85.0006,20.9575],[85.0187,20.945],[85.026,20.9305],[85.0327,20.9305],[85.0436,20.9448],[85.0578,20.9476],[85.0681,20.9447],[85.0847,20.9278],[85.1018,20.8947],[85.1233,20.885],[85.1543,20.9084],[85.1638,20.9072],[85.1713,20.8992],[85.1842,20.8999],[85.2068,20.9012],[85.221,20.8807],[85.2184,20.8704],[85.2223,20.8658],[85.2324,20.8661],[85.2338,20.8794],[85.2454,20.8793],[85.2468,20.8843],[85.2631,20.8917],[85.2459,20.8979],[85.2391,20.9076],[85.2458,20.9401],[85.2412,20.9635],[85.2611,20.9786],[85.2575,20.9921],[85.235,21.0122],[85.1997,21.0341],[85.1731,21.0441],[85.168,21.0266],[85.1466,21.023],[85.1679,21.023],[85.1713,21.0179],[85.1656,21.0073],[85.157,21.0086],[85.1504,21.0032],[85.1394,21.0083],[85.1264,21.0061],[85.1246,20.9989],[85.1203,20.9996],[85.1239,21.0084],[85.1213,21.0137],[85.1111,21.0142],[85.1105,21.0207],[85.1031,21.0218],[85.0998,21.0283],[85.1016,21.0367],[85.0899,21.0395],[85.0834,21.0461],[85.0987,21.0686],[85.1117,21.0678],[85.1072,21.0877],[85.1174,21.1015],[85.0906,21.1177]]]}},{"type":"Feature","properties":{"ac_name":"SONEPUR","ac_no":65,"ac_category":"GEN","st_name":"ODISHA"},"geometry":{"type":"Polygon","coordinates":[[[83.6881,21.1167],[83.6819,21.1178],[83.678,21.1252],[83.6499,21.1301],[83.6045,21.1283],[83.5948,21.1076],[83.5418,21.0731],[83.5296,21.0716],[83.5124,21.0619],[83.5013,21.0648],[83.492,21.0616],[83.497,21.0455],[83.4943,21.0409],[83.4878,21.0417],[83.4814,21.0507],[83.4622,21.0619],[83.4571,21.0544],[83.4474,21.018],[83.4602,21.0087],[83.4674,20.9959],[83.4906,20.9949],[83.507,20.9802],[83.5278,20.9847],[83.5702,20.9727],[83.6174,20.9849],[83.6301,20.9842],[83.6378,20.9792],[83.6313,20.9639],[83.6167,20.9489],[83.6143,20.9325],[83.6071,20.9306],[83.615,20.9264],[83.6112,20.915],[83.6176,20.912],[83.6162,20.9002],[83.5773,20.875],[83.5707,20.8474],[83.6225,20.8276],[83.6189,20.8167],[83.5945,20.8217],[83.5978,20.8058],[83.5942,20.8004],[83.6119,20.8029],[83.617,20.7979],[83.6336,20.7971],[83.6336,20.7714],[83.6536,20.7731],[83.6549,20.758],[83.6489,20.7559],[83.6527,20.7461],[83.6736,20.7459],[83.6747,20.74],[83.6657,20.7245],[83.6641,20.7058],[83.657,20.7037],[83.6517,20.6895],[83.6357,20.6791],[83.6392,20.6729],[83.6271,20.6609],[83.6272,20.6434],[83.6224,20.6408],[83.6211,20.6321],[83.6026,20.6111],[83.5931,20.6066],[83.6007,20.569],[83.5958,20.564],[83.5939,20.5408],[83.6026,20.5281],[83.6422,20.5366],[83.6694,20.5556],[83.6856,20.5606],[83.7317,20.6111],[83.7311,20.625],[83.7141,20.6385],[83.7326,20.6675],[83.7422,20.704],[83.7575,20.7165],[83.7639,20.7577],[83.7608,20.7751],[83.7731,20.7978],[83.8337,20.8237],[83.8517,20.8239],[83.8663,20.815],[83.8919,20.8159],[83.9365,20.8424],[83.8833,20.878],[83.8565,20.8875],[83.8333,20.9028],[83.8165,20.8971],[83.7958,20.8994],[83.7828,20.9118],[83.7233,20.9329],[83.7085,20.9519],[83.7174,20.9655],[83.7095,20.9773],[83.6939,20.9785],[83.6963,20.9836],[83.7091,20.9851],[83.6972,20.9848],[83.6974,20.9964],[83.7147,21.0001],[83.7068,21.0115],[83.7127,21.0222],[83.706,21.0374],[83.7091,21.042],[83.7237,21.0374],[83.7235,21.0461],[83.715,21.0578],[83.7063,21.056],[83.7046,21.0488],[83.697,21.0477],[83.6929,21.052],[83.7012,21.0624],[83.7143,21.0622],[83.7253,21.0681],[83.7249,21.0749],[83.7178,21.0741],[83.707,21.0808],[83.71,21.0969],[83.6881,21.1167]]]}},{"type":"Feature","properties":{"ac_name":"KOREI","ac_no":53,"ac_category":"GEN","st_name":"ODISHA"},"geometry":{"type":"Polygon","coordinates":[[[86.2042,21.0588],[86.1919,21.0571],[86.1583,21.065],[86.1335,21.0764],[86.1299,21.0675],[86.1175,21.0681],[86.1107,21.0562],[86.1071,21.0588],[86.0933,21.054],[86.0883,21.0232],[86.0825,21.0158],[86.0831,21.0031],[86.0973,20.9935],[86.1063,20.9761],[86.0954,20.9726],[86.0718,20.9748],[86.069,20.969],[86.0588,20.9683],[86.0571,20.9625],[86.0972,20.9573],[86.0909,20.9374],[86.1055,20.9216],[86.0982,20.9083],[86.1145,20.9137],[86.122,20.928],[86.136,20.9217],[86.1276,20.9057],[86.115,20.9041],[86.1057,20.8912],[86.1222,20.8826],[86.1219,20.8637],[86.1424,20.8563],[86.1395,20.8504],[86.1424,20.8415],[86.1489,20.8409],[86.1477,20.8289],[86.1548,20.8283],[86.161,20.8368],[86.1713,20.8294],[86.1853,20.8326],[86.1845,20.826],[86.1921,20.8252],[86.1935,20.8429],[86.1884,20.8523],[86.1797,20.8556],[86.1881,20.8635],[86.1934,20.8631],[86.1936,20.8583],[86.2068,20.847],[86.1989,20.8425],[86.2063,20.8401],[86.1963,20.8238],[86.1974,20.8125],[86.2159,20.7906],[86.228,20.7918],[86.2318,20.7924],[86.2318,20.799],[86.2397,20.8019],[86.2419,20.8119],[86.2353,20.8199],[86.2357,20.8287],[86.2203,20.8256],[86.2204,20.8324],[86.2284,20.8326],[86.2252,20.8409],[86.2191,20.8404],[86.2162,20.8341],[86.2113,20.8351],[86.2132,20.8397],[86.2079,20.8454],[86.2133,20.8631],[86.2285,20.8866],[86.2426,20.8954],[86.2506,20.9373],[86.2734,20.9392],[86.2835,20.9356],[86.2889,20.9588],[86.2844,20.9845],[86.2892,21.0099],[86.2883,21.0182],[86.2814,21.0222],[86.2604,21.0392],[86.2313,21.0413],[86.2042,21.0588]]]}},{"type":"Feature","properties":{"ac_name":"DHAMNAGAR","ac_no":46,"ac_category":"SC","st_name":"ODISHA"},"geometry":{"type":"Polygon","coordinates":[[[86.6499,21.0286],[86.6253,21.0385],[86.6197,21.0353],[86.6122,21.0391],[86.6142,21.0431],[86.6042,21.042],[86.5926,21.0525],[86.5821,21.0489],[86.5813,21.0417],[86.5952,21.0336],[86.5806,21.0339],[86.5819,21.029],[86.5731,21.0202],[86.5745,21.0138],[86.564,21.0049],[86.5697,20.998],[86.5588,20.9896],[86.5427,20.9903],[86.5559,20.9853],[86.5559,20.9687],[86.5438,20.9735],[86.5445,20.9814],[86.5139,20.9716],[86.4924,20.981],[86.4874,20.9723],[86.488,20.9786],[86.483,20.9774],[86.4846,20.9807],[86.4749,20.9866],[86.4625,20.9901],[86.4535,20.9863],[86.4553,20.9661],[86.4437,20.9675],[86.4444,20.9715],[86.4413,20.9675],[86.436,20.9702],[86.4301,20.9636],[86.4374,20.9633],[86.4354,20.9555],[86.4215,20.96],[86.4166,20.9511],[86.4117,20.9545],[86.4076,20.9506],[86.4028,20.9366],[86.4078,20.9339],[86.4055,20.9199],[86.4139,20.9181],[86.4135,20.9085],[86.407,20.8953],[86.401,20.898],[86.401,20.8789],[86.3833,20.8707],[86.3795,20.8616],[86.3863,20.8652],[86.399,20.8634],[86.4226,20.8554],[86.4263,20.8471],[86.4367,20.8488],[86.4509,20.8434],[86.4675,20.8602],[86.4793,20.8601],[86.4823,20.8554],[86.4963,20.8679],[86.5011,20.8651],[86.519,20.8689],[86.5439,20.8601],[86.5561,20.8625],[86.5679,20.8639],[86.5868,20.8556],[86.5942,20.8565],[86.6008,20.8432],[86.6092,20.8469],[86.6169,20.8578],[86.6437,20.8469],[86.659,20.8536],[86.6562,20.8566],[86.6605,20.8578],[86.657,20.8615],[86.661,20.8695],[86.6462,20.8861],[86.6488,20.8915],[86.6449,20.9016],[86.6365,20.9026],[86.6344,20.9068],[86.6347,20.9112],[86.6462,20.9129],[86.6475,20.9203],[86.641,20.9269],[86.6451,20.9346],[86.6415,20.9356],[86.6455,20.9462],[86.6274,20.9573],[86.6145,20.9512],[86.609,20.9576],[86.6105,20.9654],[86.5948,20.9769],[86.5969,20.9816],[86.6038,20.9796],[86.6024,20.9913],[86.6076,20.9915],[86.6179,21.0025],[86.6291,21.0044],[86.6215,21.0128],[86.6069,21.0118],[86.6077,21.0174],[86.6318,21.0131],[86.6471,21.0155],[86.6499,21.0286]]]}},{"type":"Feature","properties":{"ac_name":"ATHAMALLIK","ac_no":63,"ac_category":"GEN","st_name":"ODISHA"},"geometry":{"type":"Polygon","coordinates":[[[84.6793,21.063],[84.6692,21.0649],[84.6453,21.0837],[84.6243,21.0811],[84.6125,21.0706],[84.61,21.0732],[84.6065,21.0687],[84.5953,21.0688],[84.594,21.0637],[84.5868,21.065],[84.5846,21.0611],[84.5523,21.0704],[84.5315,21.0876],[84.5022,21.0873],[84.4964,21.0801],[84.4877,21.0782],[84.4823,21.0812],[84.4541,21.0579],[84.4498,21.0415],[84.4411,21.0394],[84.4389,21.0329],[84.4304,21.0402],[84.4086,21.0305],[84.4328,21.0195],[84.4337,21.0149],[84.4143,21.0038],[84.4052,20.9762],[84.3796,20.9656],[84.3733,20.9535],[84.3657,20.9514],[84.36,20.9588],[84.355,20.9583],[84.3519,20.9518],[84.3421,20.9553],[84.3334,20.9491],[84.3288,20.9515],[84.3171,20.9448],[84.3107,20.9316],[84.3019,20.9363],[84.2916,20.9256],[84.2787,20.9224],[84.2684,20.9136],[84.2707,20.9082],[84.2618,20.8999],[84.2681,20.8887],[84.2663,20.8813],[84.3466,20.8364],[84.3556,20.8183],[84.3557,20.7933],[84.3491,20.7815],[84.36,20.7664],[84.3777,20.754],[84.4208,20.7374],[84.4507,20.7389],[84.4634,20.7351],[84.4989,20.7176],[84.5143,20.703],[84.5617,20.6894],[84.5814,20.675],[84.6137,20.6382],[84.6388,20.6239],[84.6994,20.6115],[84.7295,20.6156],[84.7599,20.6088],[84.7783,20.5978],[84.7902,20.5812],[84.8209,20.5609],[84.8485,20.5281],[84.8649,20.5384],[84.8752,20.5584],[84.8861,20.5624],[84.8969,20.5819],[84.9071,20.5848],[84.9223,20.5804],[84.9437,20.5818],[84.9609,20.5746],[84.9752,20.575],[84.9799,20.5669],[84.9876,20.5804],[84.9924,20.5921],[85.0119,20.6114],[84.9858,20.616],[84.975,20.6426],[84.9674,20.6457],[84.9516,20.6641],[84.9517,20.6793],[84.9435,20.6951],[84.9357,20.7],[84.9456,20.6994],[84.9506,20.707],[84.9637,20.7032],[84.9655,20.7103],[84.9611,20.7129],[84.9665,20.7157],[84.9542,20.7265],[84.9632,20.7276],[84.9649,20.7467],[84.9747,20.7532],[84.9686,20.7634],[84.9801,20.768],[84.9904,20.7623],[84.9832,20.7554],[84.9866,20.7529],[85.0011,20.7551],[85.0061,20.7714],[84.9985,20.771],[85.0042,20.7886],[84.9915,20.7967],[85.0032,20.8056],[84.9488,20.8282],[84.9114,20.8253],[84.9157,20.8197],[84.8937,20.8185],[84.9099,20.8283],[84.9077,20.8334],[84.89,20.8417],[84.8554,20.8178],[84.8482,20.807],[84.828,20.8106],[84.8302,20.8206],[84.8246,20.8306],[84.8301,20.8325],[84.83,20.8394],[84.8172,20.8503],[84.8161,20.8686],[84.8048,20.8688],[84.7792,20.8913],[84.7823,20.9101],[84.8077,20.9606],[84.7975,20.9662],[84.7919,21.0021],[84.7766,21.025],[84.7644,21.0298],[84.7624,21.0461],[84.7545,21.0514],[84.7562,21.0616],[84.7295,21.0686],[84.7183,21.0613],[84.7035,21.0656],[84.6934,21.0583],[84.6849,21.0576],[84.6793,21.063]]]}},{"type":"Feature","properties":{"ac_name":"NUAPADA","ac_no":71,"ac_category":"GEN","st_name":"ODISHA"},"geometry":{"type":"Polygon","coordinates":[[[82.6364,21.0923],[82.6292,21.0795],[82.615,21.0788],[82.6109,21.0742],[82.6282,21.0384],[82.6133,21.0228],[82.6113,21.013],[82.5728,20.9746],[82.5595,20.9484],[82.5416,20.936],[82.528,20.9348],[82.5179,20.9226],[82.5043,20.9195],[82.4877,20.908],[82.4911,20.8806],[82.4867,20.8617],[82.4811,20.8513],[82.4654,20.843],[82.4688,20.8352],[82.4644,20.829],[82.4547,20.8276],[82.4393,20.8357],[82.4199,20.8316],[82.4101,20.8423],[82.4129,20.8509],[82.4054,20.8702],[82.3956,20.87],[82.3897,20.8753],[82.3759,20.868],[82.3646,20.8707],[82.3595,20.8738],[82.3637,20.8885],[82.3512,20.8898],[82.3461,20.874],[82.3393,20.8258],[82.3461,20.7977],[82.3417,20.7678],[82.3478,20.7511],[82.3535,20.7359],[82.3455,20.7316],[82.354,20.7197],[82.3504,20.7064],[82.3603,20.6836],[82.367,20.6802],[82.3738,20.6674],[82.3685,20.6492],[82.3765,20.6324],[82.3645,20.6222],[82.3622,20.6099],[82.3471,20.6026],[82.3441,20.5929],[82.3506,20.5813],[82.3433,20.5715],[82.3335,20.5687],[82.3322,20.5619],[82.3486,20.5467],[82.3576,20.5293],[82.3896,20.5177],[82.3883,20.4954],[82.392,20.4787],[82.3978,20.4731],[82.396,20.4596],[82.4085,20.4633],[82.416,20.4817],[82.4236,20.4751],[82.427,20.4691],[82.4257,20.4454],[82.434,20.4457],[82.4379,20.4344],[82.4296,20.4279],[82.432,20.4169],[82.5369,20.3696],[82.5587,20.4246],[82.5553,20.4299],[82.5579,20.4378],[82.5538,20.4397],[82.5578,20.4494],[82.5734,20.4529],[82.5775,20.4441],[82.5715,20.4282],[82.5928,20.4436],[82.6021,20.4368],[82.6256,20.4322],[82.6365,20.4238],[82.6309,20.4205],[82.6369,20.4061],[82.653,20.3923],[82.6583,20.3816],[82.6734,20.3798],[82.6786,20.3915],[82.6918,20.3816],[82.6994,20.3855],[82.7069,20.383],[82.7152,20.3985],[82.708,20.4166],[82.695,20.4275],[82.6994,20.4425],[82.6917,20.4535],[82.6845,20.4539],[82.6838,20.4604],[82.6895,20.4681],[82.6871,20.4756],[82.6958,20.4812],[82.6991,20.4895],[82.6998,20.5022],[82.7047,20.5037],[82.7082,20.5253],[82.7037,20.5382],[82.7087,20.5446],[82.7096,20.5697],[82.7284,20.5847],[82.7288,20.605],[82.7414,20.6304],[82.7269,20.6391],[82.7304,20.6406],[82.7309,20.6532],[82.7233,20.6582],[82.7251,20.6693],[82.7184,20.6776],[82.6932,20.6839],[82.7002,20.7301],[82.685,20.735],[82.6975,20.761],[82.6894,20.7748],[82.6845,20.8068],[82.6877,20.8363],[82.6821,20.8842],[82.6929,20.9012],[82.6985,20.9369],[82.6864,20.9738],[82.6931,21.0241],[82.6799,21.0358],[82.666,21.0706],[82.6364,21.0923]]]}},{"type":"Feature","properties":{"ac_name":"CHANDABALI","ac_no":47,"ac_category":"GEN","st_name":"ODISHA"},"geometry":{"type":"Polygon","coordinates":[[[86.9129,20.974],[86.8594,20.958],[86.8463,20.9586],[86.8289,20.9498],[86.8266,20.9538],[86.7851,20.9655],[86.7771,20.962],[86.7727,20.9792],[86.7542,20.9869],[86.7576,20.9963],[86.7483,21.0011],[86.7472,21.0073],[86.7339,21.0108],[86.7053,20.9902],[86.7082,20.9781],[86.6858,20.924],[86.6793,20.9278],[86.6735,20.9242],[86.6723,20.9284],[86.6451,20.9346],[86.641,20.9269],[86.6475,20.9203],[86.6462,20.9129],[86.6347,20.9112],[86.6344,20.9068],[86.6365,20.9026],[86.6449,20.9016],[86.6488,20.8915],[86.6462,20.8861],[86.661,20.8695],[86.657,20.8615],[86.6605,20.8578],[86.6562,20.8566],[86.659,20.8536],[86.6437,20.8469],[86.6169,20.8578],[86.6092,20.8469],[86.6008,20.8432],[86.6009,20.8292],[86.6091,20.8292],[86.6114,20.8172],[86.6233,20.8092],[86.6211,20.8041],[86.6137,20.804],[86.6129,20.7956],[86.6211,20.7963],[86.6288,20.7972],[86.6334,20.7917],[86.6377,20.7975],[86.642,20.788],[86.6521,20.797],[86.6603,20.7954],[86.6635,20.7882],[86.6769,20.7901],[86.6821,20.7842],[86.7076,20.7759],[86.7102,20.7598],[86.7261,20.7632],[86.7338,20.7697],[86.7551,20.7694],[86.7602,20.7595],[86.7527,20.7422],[86.7601,20.7345],[86.7804,20.7414],[86.7927,20.7318],[86.795,20.7409],[86.7935,20.7533],[86.8022,20.756],[86.8153,20.753],[86.8207,20.7702],[86.8694,20.7945],[86.8776,20.809],[86.881,20.796],[86.8898,20.7933],[86.9395,20.7929],[86.9564,20.7881],[86.9718,20.7939],[86.9777,20.8233],[86.9768,20.8609],[86.9513,20.8982],[86.9129,20.974]]]}},{"type":"Feature","properties":{"ac_name":"LOISINGHA","ac_no":66,"ac_category":"SC","st_name":"ODISHA"},"geometry":{"type":"Polygon","coordinates":[[[83.4571,21.0544],[83.437,21.0463],[83.4316,21.0339],[83.4256,21.0313],[83.4096,21.0402],[83.4036,21.062],[83.3911,21.0711],[83.3767,21.0616],[83.3525,21.0713],[83.3509,21.0638],[83.3414,21.0577],[83.3214,21.0557],[83.3171,21.041],[83.2995,21.0246],[83.2964,21.0127],[83.3038,21.0038],[83.3213,20.9959],[83.3282,20.9856],[83.3368,20.986],[83.3524,20.9998],[83.3635,21.0037],[83.3731,21.0006],[83.3726,20.9931],[83.3858,20.9893],[83.3846,20.9732],[83.3896,20.9711],[83.3902,20.9647],[83.3807,20.9559],[83.3853,20.9531],[83.3802,20.9407],[83.3875,20.938],[83.3919,20.9252],[83.4132,20.9104],[83.4162,20.9019],[83.4019,20.8903],[83.3488,20.8738],[83.3397,20.8827],[83.3295,20.8815],[83.3203,20.8638],[83.301,20.8535],[83.2939,20.833],[83.2839,20.831],[83.2811,20.8348],[83.2584,20.8212],[83.247,20.8076],[83.2546,20.794],[83.2479,20.788],[83.247,20.7742],[83.2603,20.7685],[83.2696,20.7568],[83.2946,20.7483],[83.3028,20.7501],[83.3096,20.7579],[83.3187,20.7502],[83.3269,20.7594],[83.3446,20.7481],[83.3669,20.7469],[83.3705,20.7546],[83.3641,20.7626],[83.383,20.7778],[83.3867,20.789],[83.3957,20.7864],[83.3999,20.7727],[83.4427,20.7844],[83.4418,20.8063],[83.4376,20.8126],[83.4301,20.8115],[83.4586,20.82],[83.4598,20.8325],[83.4533,20.837],[83.442,20.8362],[83.446,20.839],[83.4423,20.8441],[83.4623,20.8584],[83.474,20.8554],[83.4922,20.8362],[83.4848,20.8252],[83.5111,20.8289],[83.5162,20.8192],[83.4981,20.8118],[83.4856,20.7878],[83.492,20.782],[83.4868,20.7754],[83.4979,20.768],[83.4903,20.7559],[83.492,20.7427],[83.5001,20.7496],[83.5126,20.7501],[83.5197,20.7444],[83.5165,20.7368],[83.5194,20.7264],[83.5083,20.7253],[83.5051,20.7045],[83.5169,20.6999],[83.5213,20.6927],[83.5158,20.6907],[83.5141,20.6835],[83.5041,20.681],[83.5148,20.6752],[83.5072,20.6602],[83.5287,20.6602],[83.5286,20.6478],[83.5157,20.6441],[83.5185,20.6366],[83.5132,20.6331],[83.5146,20.6258],[83.5043,20.6069],[83.5548,20.6042],[83.5679,20.6054],[83.5707,20.6128],[83.5831,20.6105],[83.5883,20.6138],[83.5931,20.6066],[83.6026,20.6111],[83.6211,20.6321],[83.6224,20.6408],[83.6272,20.6434],[83.6271,20.6609],[83.6392,20.6729],[83.6357,20.6791],[83.6517,20.6895],[83.657,20.7037],[83.6641,20.7058],[83.6657,20.7245],[83.6747,20.74],[83.6736,20.7459],[83.6527,20.7461],[83.6489,20.7559],[83.6549,20.758],[83.6536,20.7731],[83.6336,20.7714],[83.6336,20.7971],[83.617,20.7979],[83.6119,20.8029],[83.5942,20.8004],[83.5978,20.8058],[83.5945,20.8217],[83.6189,20.8167],[83.6225,20.8276],[83.5707,20.8474],[83.5773,20.875],[83.6162,20.9002],[83.6176,20.912],[83.6112,20.915],[83.615,20.9264],[83.6071,20.9306],[83.6143,20.9325],[83.6167,20.9489],[83.6313,20.9639],[83.6378,20.9792],[83.6301,20.9842],[83.6174,20.9849],[83.5702,20.9727],[83.5278,20.9847],[83.507,20.9802],[83.4906,20.9949],[83.4674,20.9959],[83.4602,21.0087],[83.4474,21.018],[83.4571,21.0544]]]}},{"type":"Feature","properties":{"ac_name":"KAMAKHYANAGAR","ac_no":57,"ac_category":"GEN","st_name":"ODISHA"},"geometry":{"type":"Polygon","coordinates":[[[85.7478,20.9919],[85.7332,20.9897],[85.724,20.9827],[85.7276,20.9738],[85.735,20.9719],[85.7364,20.9559],[85.7298,20.949],[85.723,20.9589],[85.715,20.9522],[85.7066,20.9557],[85.6993,20.9446],[85.7036,20.9349],[85.6936,20.9309],[85.6914,20.925],[85.6788,20.9268],[85.6814,20.9425],[85.667,20.9544],[85.6623,20.9516],[85.6599,20.9547],[85.6489,20.9388],[85.6401,20.9421],[85.6418,20.9391],[85.6271,20.9364],[85.6264,20.9526],[85.61,20.956],[85.6053,20.9498],[85.5991,20.9526],[85.5934,20.9466],[85.5854,20.9464],[85.5751,20.9527],[85.5758,20.9638],[85.5599,20.9599],[85.5494,20.9609],[85.5479,20.9647],[85.5422,20.9601],[85.5241,20.9662],[85.522,20.9705],[85.5301,20.9729],[85.5306,20.9782],[85.5208,20.9823],[85.5148,20.9803],[85.5171,20.9683],[85.4725,20.9652],[85.4715,20.9584],[85.4657,20.9548],[85.4683,20.9341],[85.4599,20.9134],[85.4772,20.9001],[85.4741,20.8922],[85.4804,20.899],[85.4875,20.8929],[85.4841,20.8871],[85.4919,20.8799],[85.4839,20.8671],[85.5002,20.8667],[85.5145,20.8576],[85.5217,20.8603],[85.5315,20.8531],[85.5232,20.8502],[85.5291,20.8395],[85.5463,20.8486],[85.5461,20.8414],[85.535,20.8399],[85.5334,20.8326],[85.5477,20.8336],[85.5519,20.8401],[85.5533,20.8357],[85.5609,20.8344],[85.5596,20.8253],[85.5643,20.8193],[85.5691,20.8171],[85.5726,20.8224],[85.5671,20.811],[85.5538,20.8064],[85.5479,20.791],[85.531,20.7938],[85.5285,20.7782],[85.52,20.7752],[85.5237,20.749],[85.5443,20.7482],[85.535,20.718],[85.5391,20.7169],[85.5387,20.7074],[85.5427,20.707],[85.5418,20.6993],[85.5608,20.7019],[85.5624,20.6902],[85.5546,20.6908],[85.553,20.6757],[85.5682,20.6741],[85.5754,20.6819],[85.5723,20.6915],[85.5838,20.6908],[85.5885,20.698],[85.5847,20.7116],[85.5955,20.7111],[85.6011,20.7154],[85.6006,20.7206],[85.6097,20.7198],[85.6154,20.7108],[85.6254,20.7107],[85.6273,20.7053],[85.6329,20.7043],[85.6333,20.7109],[85.6396,20.7116],[85.6462,20.7037],[85.6595,20.7065],[85.6598,20.7017],[85.6672,20.6997],[85.6726,20.719],[85.6878,20.715],[85.6901,20.7237],[85.6803,20.7269],[85.682,20.734],[85.688,20.741],[85.6907,20.7558],[85.6998,20.7455],[85.6953,20.7538],[85.7042,20.7682],[85.678,20.7747],[85.6661,20.7723],[85.6646,20.7983],[85.6566,20.8059],[85.6553,20.8181],[85.6782,20.8213],[85.6995,20.8325],[85.7303,20.8664],[85.7816,20.8787],[85.8151,20.8636],[85.8988,20.8473],[85.8981,20.8575],[85.9192,20.8986],[85.9161,20.929],[85.8675,20.927],[85.8412,20.9327],[85.8367,20.9278],[85.8225,20.9263],[85.8194,20.9445],[85.8009,20.9679],[85.7836,20.9703],[85.7701,20.9875],[85.7478,20.9919]]]}},{"type":"Feature","properties":{"ac_name":"JAJPUR","ac_no":52,"ac_category":"GEN","st_name":"ODISHA"},"geometry":{"type":"Polygon","coordinates":[[[86.2835,20.9356],[86.2734,20.9392],[86.2506,20.9373],[86.2426,20.8954],[86.2285,20.8866],[86.2133,20.8631],[86.2079,20.8454],[86.2132,20.8397],[86.2113,20.8351],[86.2162,20.8341],[86.2191,20.8404],[86.2252,20.8409],[86.2284,20.8326],[86.2204,20.8324],[86.2203,20.8256],[86.2357,20.8287],[86.2353,20.8199],[86.2419,20.8119],[86.2397,20.8019],[86.2318,20.799],[86.2318,20.7924],[86.228,20.7918],[86.2406,20.7822],[86.2503,20.7833],[86.2621,20.7783],[86.2731,20.7831],[86.273,20.7795],[86.2799,20.7914],[86.2987,20.7935],[86.3128,20.7777],[86.3272,20.7739],[86.333,20.7821],[86.3384,20.7807],[86.3432,20.7951],[86.3404,20.8006],[86.3602,20.7911],[86.3694,20.7949],[86.3775,20.7859],[86.3864,20.7912],[86.3868,20.8003],[86.3815,20.8055],[86.3948,20.8061],[86.3953,20.8196],[86.3894,20.8231],[86.3919,20.8305],[86.4003,20.8294],[86.4067,20.8207],[86.4126,20.8264],[86.4192,20.8217],[86.4235,20.8237],[86.4328,20.8188],[86.4348,20.8114],[86.4429,20.8067],[86.4549,20.8097],[86.4563,20.8044],[86.4645,20.8069],[86.4645,20.8117],[86.4827,20.8042],[86.4894,20.8103],[86.5045,20.7972],[86.5099,20.8005],[86.5158,20.7969],[86.5198,20.8031],[86.5173,20.8091],[86.5231,20.8128],[86.5465,20.8071],[86.5641,20.8436],[86.5584,20.8486],[86.5561,20.8625],[86.5439,20.8601],[86.519,20.8689],[86.5011,20.8651],[86.4963,20.8679],[86.4823,20.8554],[86.4793,20.8601],[86.4675,20.8602],[86.4509,20.8434],[86.4367,20.8488],[86.4263,20.8471],[86.4226,20.8554],[86.399,20.8634],[86.3863,20.8652],[86.3795,20.8616],[86.3549,20.8508],[86.3283,20.8621],[86.3279,20.8674],[86.3361,20.873],[86.3345,20.8778],[86.3206,20.8768],[86.3102,20.8958],[86.2814,20.9031],[86.277,20.9176],[86.2835,20.9356]]]}},{"type":"Feature","properties":{"ac_name":"DHARMASALA","ac_no":51,"ac_category":"GEN","st_name":"ODISHA"},"geometry":{"type":"Polygon","coordinates":[[[86.1057,20.8912],[86.0686,20.8776],[86.0483,20.8837],[85.9861,20.8844],[85.9637,20.8661],[85.9499,20.8447],[85.9531,20.8333],[85.958,20.8401],[85.9719,20.8314],[85.9693,20.8235],[85.9972,20.8179],[85.9992,20.8131],[86.0305,20.8088],[86.0316,20.7969],[86.0205,20.7763],[86.0231,20.769],[86.0184,20.7659],[86.0276,20.7617],[86.0237,20.7448],[86.0292,20.7405],[86.0391,20.7459],[86.0452,20.7394],[86.0765,20.7441],[86.0811,20.7271],[86.0861,20.7236],[86.0854,20.7138],[86.0936,20.7264],[86.1097,20.7208],[86.1075,20.7042],[86.1399,20.6985],[86.1549,20.6749],[86.1668,20.6763],[86.1717,20.6861],[86.1821,20.6869],[86.1938,20.6718],[86.2024,20.6731],[86.206,20.6804],[86.2185,20.6808],[86.2214,20.6685],[86.2344,20.6678],[86.2436,20.6752],[86.2448,20.684],[86.2527,20.6816],[86.2477,20.6897],[86.2589,20.7002],[86.246,20.7077],[86.2455,20.7192],[86.2307,20.7125],[86.2354,20.7166],[86.2302,20.724],[86.2353,20.7377],[86.2282,20.7417],[86.2187,20.7404],[86.2089,20.7525],[86.1987,20.7512],[86.2029,20.7715],[86.2105,20.7754],[86.207,20.7819],[86.1783,20.7876],[86.1777,20.7916],[86.1629,20.7968],[86.1648,20.804],[86.1591,20.8071],[86.1627,20.8141],[86.1859,20.8175],[86.1887,20.8097],[86.1974,20.8125],[86.1963,20.8238],[86.2063,20.8401],[86.1989,20.8425],[86.2068,20.847],[86.1936,20.8583],[86.1934,20.8631],[86.1881,20.8635],[86.1797,20.8556],[86.1884,20.8523],[86.1935,20.8429],[86.1921,20.8252],[86.1845,20.826],[86.1853,20.8326],[86.1713,20.8294],[86.161,20.8368],[86.1548,20.8283],[86.1477,20.8289],[86.1489,20.8409],[86.1424,20.8415],[86.1395,20.8504],[86.1424,20.8563],[86.1219,20.8637],[86.1222,20.8826],[86.1057,20.8912]]]}},{"type":"Feature","properties":{"ac_name":"PATNAGARH","ac_no":67,"ac_category":"GEN","st_name":"ODISHA"},"geometry":{"type":"Polygon","coordinates":[[[83.1547,20.8834],[83.1415,20.8786],[83.1288,20.8594],[83.1023,20.8746],[83.0879,20.8567],[83.0498,20.8583],[83.0318,20.8544],[83.0152,20.8608],[83.0011,20.8484],[82.9829,20.8467],[82.9818,20.8658],[82.9719,20.8847],[82.9641,20.8785],[82.9671,20.8929],[82.9539,20.8955],[82.942,20.8836],[82.9252,20.8825],[82.9247,20.8946],[82.9165,20.9023],[82.8909,20.9036],[82.8874,20.9078],[82.8581,20.8755],[82.8394,20.868],[82.8077,20.8364],[82.8008,20.8354],[82.7703,20.8022],[82.7613,20.781],[82.7532,20.7708],[82.7449,20.7699],[82.7343,20.7244],[82.7002,20.7301],[82.6932,20.6839],[82.7184,20.6776],[82.7251,20.6693],[82.7233,20.6582],[82.7309,20.6532],[82.7304,20.6406],[82.7269,20.6391],[82.7414,20.6304],[82.7588,20.6258],[82.7627,20.6136],[82.7732,20.6097],[82.779,20.6132],[82.8059,20.585],[82.8082,20.5771],[82.8273,20.5701],[82.8367,20.5712],[82.839,20.5669],[82.8541,20.5726],[82.8578,20.5579],[82.8738,20.563],[82.8781,20.5435],[82.8896,20.5392],[82.887,20.529],[82.8777,20.5252],[82.868,20.5096],[82.8867,20.5027],[82.919,20.5014],[82.931,20.4895],[82.9401,20.493],[82.952,20.4894],[82.9671,20.4947],[82.9723,20.4828],[82.9915,20.4646],[83.0191,20.4703],[83.0166,20.4754],[83.0015,20.4792],[82.9975,20.486],[82.9988,20.4925],[83.0114,20.4967],[83.0099,20.5027],[83.0211,20.5001],[83.0227,20.5068],[83.0387,20.5041],[83.0538,20.5077],[83.0717,20.5367],[83.0776,20.5345],[83.0825,20.5478],[83.094,20.5528],[83.1041,20.5499],[83.0982,20.5592],[83.1095,20.5555],[83.1093,20.5646],[83.1033,20.5666],[83.1095,20.5729],[83.1101,20.5828],[83.1188,20.5891],[83.1189,20.6035],[83.1326,20.5909],[83.1493,20.6076],[83.1605,20.623],[83.1652,20.6558],[83.176,20.6576],[83.1897,20.6431],[83.2054,20.6618],[83.2384,20.657],[83.2492,20.6679],[83.2578,20.6701],[83.2615,20.6776],[83.2594,20.6892],[83.2674,20.6974],[83.2574,20.7022],[83.2677,20.7111],[83.268,20.7173],[83.2632,20.7238],[83.2453,20.7229],[83.2331,20.734],[83.228,20.748],[83.23,20.7591],[83.247,20.7742],[83.2479,20.788],[83.2546,20.794],[83.247,20.8076],[83.2584,20.8212],[83.2811,20.8348],[83.2839,20.831],[83.2939,20.833],[83.301,20.8535],[83.287,20.8548],[83.2781,20.8429],[83.2715,20.8683],[83.2753,20.8692],[83.2691,20.8813],[83.2509,20.8986],[83.2508,20.9177],[83.2179,20.9316],[83.2181,20.9223],[83.2107,20.9198],[83.1918,20.8966],[83.1547,20.8834]]]}},{"type":"Feature","properties":{"ac_name":"ANGUL","ac_no":61,"ac_category":"GEN","st_name":"ODISHA"},"geometry":{"type":"Polygon","coordinates":[[[85.1842,20.8999],[85.1757,20.8822],[85.1615,20.8845],[85.1515,20.8726],[85.1544,20.8649],[85.1509,20.8595],[85.156,20.856],[85.1492,20.8297],[85.1367,20.8295],[85.1267,20.8349],[85.1094,20.833],[85.1129,20.846],[85.0944,20.854],[85.0781,20.8418],[85.0786,20.8343],[85.0848,20.8287],[85.0612,20.8283],[85.0577,20.8324],[85.0513,20.8312],[85.0514,20.8367],[85.0298,20.836],[85.0221,20.8277],[85.024,20.8206],[85.0171,20.8065],[85.0053,20.8089],[85.0032,20.8056],[84.9915,20.7967],[85.0042,20.7886],[84.9985,20.771],[85.0061,20.7714],[85.0011,20.7551],[84.9866,20.7529],[84.9832,20.7554],[84.9904,20.7623],[84.9801,20.768],[84.9686,20.7634],[84.9747,20.7532],[84.9649,20.7467],[84.9632,20.7276],[84.9542,20.7265],[84.9665,20.7157],[84.9611,20.7129],[84.9655,20.7103],[84.9637,20.7032],[84.9506,20.707],[84.9456,20.6994],[84.9357,20.7],[84.9435,20.6951],[84.9517,20.6793],[84.9516,20.6641],[84.9674,20.6457],[84.975,20.6426],[84.9858,20.616],[85.0119,20.6114],[84.9924,20.5921],[84.9876,20.5804],[85.0273,20.5897],[85.0469,20.5854],[85.0551,20.5776],[85.0647,20.5783],[85.0685,20.5845],[85.0746,20.5814],[85.0854,20.595],[85.091,20.6188],[85.1177,20.6102],[85.1271,20.6162],[85.1346,20.6425],[85.1132,20.6829],[85.1248,20.7034],[85.132,20.7082],[85.1396,20.7311],[85.1532,20.7331],[85.1502,20.7267],[85.1597,20.7076],[85.1746,20.7032],[85.1637,20.6754],[85.1706,20.6614],[85.197,20.6849],[85.1884,20.7005],[85.205,20.7194],[85.2039,20.7337],[85.2166,20.7518],[85.2063,20.7573],[85.2077,20.7694],[85.1953,20.7865],[85.1992,20.7908],[85.2144,20.7865],[85.2213,20.7948],[85.2549,20.7955],[85.2517,20.8341],[85.2558,20.8418],[85.2578,20.8764],[85.2468,20.8843],[85.2454,20.8793],[85.2338,20.8794],[85.2324,20.8661],[85.2223,20.8658],[85.2184,20.8704],[85.221,20.8807],[85.2068,20.9012],[85.1842,20.8999]]]}},{"type":"Feature","properties":{"ac_name":"BINJHARPUR","ac_no":48,"ac_category":"SC","st_name":"ODISHA"},"geometry":{"type":"Polygon","coordinates":[[[86.5561,20.8625],[86.5584,20.8486],[86.5641,20.8436],[86.5465,20.8071],[86.5231,20.8128],[86.5173,20.8091],[86.5198,20.8031],[86.5158,20.7969],[86.5099,20.8005],[86.5045,20.7972],[86.4894,20.8103],[86.4827,20.8042],[86.4645,20.8117],[86.4645,20.8069],[86.4563,20.8044],[86.4549,20.8097],[86.4429,20.8067],[86.4348,20.8114],[86.4328,20.8188],[86.4235,20.8237],[86.4192,20.8217],[86.4126,20.8264],[86.4067,20.8207],[86.4003,20.8294],[86.3919,20.8305],[86.3894,20.8231],[86.3953,20.8196],[86.3948,20.8061],[86.3815,20.8055],[86.3868,20.8003],[86.3864,20.7912],[86.3775,20.7859],[86.3694,20.7949],[86.3602,20.7911],[86.3638,20.7838],[86.3617,20.7807],[86.3564,20.7837],[86.3583,20.7783],[86.3541,20.7726],[86.3609,20.7685],[86.3507,20.7638],[86.3511,20.7523],[86.3451,20.7533],[86.3493,20.7597],[86.3462,20.7635],[86.3371,20.7519],[86.3514,20.7431],[86.3654,20.7429],[86.3777,20.7359],[86.3774,20.7292],[86.3865,20.7222],[86.386,20.7057],[86.4005,20.7072],[86.3985,20.6947],[86.3896,20.6903],[86.3893,20.6754],[86.3925,20.6809],[86.3985,20.6746],[86.4101,20.6816],[86.4239,20.6699],[86.4274,20.6752],[86.4385,20.6784],[86.4341,20.6868],[86.4416,20.6875],[86.4487,20.6822],[86.4692,20.689],[86.4868,20.6796],[86.5116,20.6872],[86.5149,20.6995],[86.5208,20.6986],[86.5257,20.6884],[86.5283,20.695],[86.5428,20.6939],[86.5471,20.7035],[86.556,20.7065],[86.5462,20.7222],[86.5512,20.7295],[86.5588,20.7284],[86.5605,20.7398],[86.5435,20.7297],[86.544,20.7352],[86.5379,20.7345],[86.5438,20.737],[86.5392,20.7412],[86.5416,20.7526],[86.5528,20.7565],[86.5602,20.7627],[86.5633,20.7736],[86.5732,20.7778],[86.5875,20.7799],[86.6019,20.7718],[86.6075,20.7724],[86.6088,20.7771],[86.6163,20.7754],[86.6133,20.7802],[86.6205,20.7804],[86.6239,20.7903],[86.6211,20.7963],[86.6129,20.7956],[86.6137,20.804],[86.6211,20.8041],[86.6233,20.8092],[86.6114,20.8172],[86.6091,20.8292],[86.6009,20.8292],[86.6008,20.8432],[86.5942,20.8565],[86.5868,20.8556],[86.5679,20.8639],[86.5561,20.8625]]]}},{"type":"Feature","properties":{"ac_name":"HINDOL","ac_no":56,"ac_category":"SC","st_name":"ODISHA"},"geometry":{"type":"Polygon","coordinates":[[[85.2631,20.8917],[85.2468,20.8843],[85.2578,20.8764],[85.2558,20.8418],[85.2517,20.8341],[85.2549,20.7955],[85.2213,20.7948],[85.2144,20.7865],[85.1992,20.7908],[85.1953,20.7865],[85.2077,20.7694],[85.2063,20.7573],[85.2166,20.7518],[85.2039,20.7337],[85.205,20.7194],[85.1884,20.7005],[85.197,20.6849],[85.1706,20.6614],[85.1637,20.6754],[85.1746,20.7032],[85.1597,20.7076],[85.1502,20.7267],[85.1532,20.7331],[85.1396,20.7311],[85.132,20.7082],[85.1248,20.7034],[85.1132,20.6829],[85.1346,20.6425],[85.1271,20.6162],[85.1466,20.6095],[85.1555,20.6114],[85.1781,20.6012],[85.1953,20.5815],[85.2075,20.5766],[85.1969,20.5671],[85.2121,20.5536],[85.2111,20.5484],[85.2505,20.5183],[85.2736,20.5167],[85.282,20.5116],[85.2931,20.517],[85.3068,20.5068],[85.3366,20.5036],[85.3448,20.4974],[85.3768,20.4957],[85.3841,20.4995],[85.4008,20.4869],[85.4083,20.4913],[85.4055,20.5087],[85.4145,20.5086],[85.435,20.5023],[85.4498,20.4913],[85.456,20.486],[85.4685,20.4993],[85.4739,20.5126],[85.4424,20.51],[85.4343,20.5144],[85.4513,20.5155],[85.4464,20.5246],[85.4509,20.5405],[85.4677,20.5458],[85.4673,20.5494],[85.4622,20.5451],[85.4498,20.5525],[85.4709,20.5666],[85.4745,20.5741],[85.4682,20.5805],[85.4718,20.5811],[85.4703,20.5879],[85.4729,20.5907],[85.4754,20.578],[85.4909,20.603],[85.4863,20.6195],[85.4952,20.6116],[85.5024,20.6147],[85.5106,20.623],[85.5007,20.629],[85.5021,20.6349],[85.5165,20.6501],[85.5325,20.6473],[85.5523,20.6553],[85.5549,20.6613],[85.5582,20.657],[85.5621,20.6586],[85.5768,20.6674],[85.5769,20.671],[85.5682,20.6741],[85.553,20.6757],[85.5546,20.6908],[85.5624,20.6902],[85.5608,20.7019],[85.5418,20.6993],[85.5427,20.707],[85.5387,20.7074],[85.5391,20.7169],[85.535,20.718],[85.5443,20.7482],[85.5237,20.749],[85.5124,20.7496],[85.4843,20.7746],[85.4471,20.7752],[85.3974,20.8042],[85.3708,20.8018],[85.3333,20.8176],[85.3131,20.8379],[85.2893,20.8532],[85.2934,20.8684],[85.2883,20.8843],[85.2631,20.8917]]]}},{"type":"Feature","properties":{"ac_name":"DHENKANAL","ac_no":55,"ac_category":"GEN","st_name":"ODISHA"},"geometry":{"type":"Polygon","coordinates":[[[85.8988,20.8473],[85.8151,20.8636],[85.7816,20.8787],[85.7303,20.8664],[85.6995,20.8325],[85.6782,20.8213],[85.6553,20.8181],[85.6566,20.8059],[85.6646,20.7983],[85.6661,20.7723],[85.678,20.7747],[85.7042,20.7682],[85.6953,20.7538],[85.6998,20.7455],[85.6907,20.7558],[85.688,20.741],[85.682,20.734],[85.6803,20.7269],[85.6901,20.7237],[85.6878,20.715],[85.6726,20.719],[85.6672,20.6997],[85.6598,20.7017],[85.6595,20.7065],[85.6462,20.7037],[85.6396,20.7116],[85.6333,20.7109],[85.6329,20.7043],[85.6273,20.7053],[85.6254,20.7107],[85.6154,20.7108],[85.6097,20.7198],[85.6006,20.7206],[85.6011,20.7154],[85.5955,20.7111],[85.5847,20.7116],[85.5885,20.698],[85.5838,20.6908],[85.5723,20.6915],[85.5754,20.6819],[85.5682,20.6741],[85.5769,20.671],[85.5768,20.6674],[85.5621,20.6586],[85.5582,20.657],[85.5549,20.6613],[85.5523,20.6553],[85.5325,20.6473],[85.5165,20.6501],[85.5021,20.6349],[85.5007,20.629],[85.5106,20.623],[85.5024,20.6147],[85.4952,20.6116],[85.4863,20.6195],[85.4909,20.603],[85.4754,20.578],[85.4729,20.5907],[85.4703,20.5879],[85.4718,20.5811],[85.4682,20.5805],[85.4745,20.5741],[85.4709,20.5666],[85.4498,20.5525],[85.4622,20.5451],[85.4673,20.5494],[85.4677,20.5458],[85.4509,20.5405],[85.4464,20.5246],[85.4513,20.5155],[85.4343,20.5144],[85.4424,20.51],[85.4739,20.5126],[85.4685,20.4993],[85.4811,20.5089],[85.4829,20.5221],[85.4976,20.5253],[85.5028,20.5361],[85.5117,20.5374],[85.5481,20.5246],[85.5553,20.5268],[85.569,20.5162],[85.5852,20.5137],[85.5933,20.5335],[85.5995,20.5384],[85.6038,20.5368],[85.6131,20.5434],[85.6296,20.5405],[85.6486,20.5515],[85.6562,20.5499],[85.6643,20.5687],[85.6729,20.573],[85.6891,20.596],[85.7089,20.6055],[85.7131,20.6147],[85.7042,20.6223],[85.7056,20.627],[85.7118,20.6239],[85.7166,20.6389],[85.7295,20.6456],[85.7543,20.6361],[85.7521,20.6457],[85.7607,20.6445],[85.7623,20.6616],[85.7813,20.663],[85.7856,20.6695],[85.7828,20.6712],[85.7876,20.6732],[85.8101,20.6603],[85.8236,20.6618],[85.8331,20.668],[85.8497,20.6685],[85.8654,20.6677],[85.8795,20.6572],[85.8883,20.6586],[85.8906,20.6693],[85.9036,20.6777],[85.91,20.6899],[85.9097,20.7011],[85.904,20.7058],[85.9054,20.7157],[85.9319,20.7147],[85.9507,20.7226],[85.9594,20.7214],[85.9812,20.7372],[86.0087,20.7252],[86.0151,20.7299],[86.0226,20.7277],[86.0292,20.7405],[86.0237,20.7448],[86.0276,20.7617],[86.0184,20.7659],[86.0231,20.769],[86.0205,20.7763],[86.0316,20.7969],[86.0305,20.8088],[85.9992,20.8131],[85.9972,20.8179],[85.9693,20.8235],[85.9719,20.8314],[85.958,20.8401],[85.9531,20.8333],[85.9499,20.8447],[85.9293,20.8385],[85.8988,20.8473]]]}},{"type":"Feature","properties":{"ac_name":"BOUDH","ac_no":86,"ac_category":"GEN","st_name":"ODISHA"},"geometry":{"type":"Polygon","coordinates":[[[84.1439,20.8621],[84.1623,20.8239],[84.1698,20.8295],[84.1825,20.8213],[84.1818,20.8116],[84.1905,20.8095],[84.1915,20.8],[84.1748,20.7943],[84.1748,20.7829],[84.1564,20.7904],[84.1574,20.7774],[84.1539,20.7742],[84.1616,20.7568],[84.1447,20.7557],[84.132,20.7615],[84.1246,20.7587],[84.1214,20.7639],[84.1127,20.76],[84.1148,20.7363],[84.0817,20.7406],[84.072,20.7351],[84.0848,20.7269],[84.0851,20.7154],[84.0898,20.7137],[84.0959,20.6997],[84.1053,20.6953],[84.1057,20.6754],[84.1118,20.6814],[84.1216,20.673],[84.1184,20.6611],[84.1309,20.6369],[84.1122,20.6383],[84.1128,20.6274],[84.12,20.6258],[84.1225,20.6175],[84.1342,20.6204],[84.1427,20.6151],[84.1282,20.6116],[84.1048,20.5919],[84.1122,20.5824],[84.1347,20.5827],[84.1424,20.5776],[84.1757,20.5993],[84.1854,20.5845],[84.2252,20.582],[84.2358,20.593],[84.2565,20.602],[84.2719,20.6361],[84.2803,20.6357],[84.2731,20.668],[84.2765,20.6725],[84.2982,20.687],[84.3269,20.6874],[84.3391,20.6795],[84.3375,20.6726],[84.3568,20.6711],[84.3566,20.6644],[84.3691,20.6508],[84.3728,20.6413],[84.3698,20.6333],[84.3843,20.5981],[84.3797,20.5883],[84.3854,20.5781],[84.3941,20.576],[84.3913,20.5667],[84.3844,20.5689],[84.3814,20.5587],[84.3894,20.5423],[84.3882,20.5305],[84.4013,20.5282],[84.4335,20.5088],[84.434,20.4958],[84.4257,20.4841],[84.4485,20.4648],[84.4549,20.4663],[84.465,20.4454],[84.4584,20.4248],[84.4635,20.3952],[84.4815,20.3843],[84.493,20.3951],[84.5101,20.3959],[84.5183,20.4055],[84.522,20.4033],[84.5304,20.4104],[84.5396,20.4101],[84.5423,20.4187],[84.5635,20.4114],[84.5898,20.4237],[84.604,20.4201],[84.6182,20.4342],[84.6466,20.4236],[84.6632,20.4246],[84.6737,20.434],[84.6807,20.4329],[84.6814,20.4375],[84.6896,20.4412],[84.6858,20.4482],[84.6911,20.4503],[84.6882,20.4589],[84.6805,20.4602],[84.6925,20.4701],[84.6967,20.4978],[84.711,20.5066],[84.7125,20.5242],[84.7317,20.5326],[84.7368,20.5396],[84.7478,20.5391],[84.766,20.5318],[84.7779,20.5492],[84.7859,20.5499],[84.7913,20.561],[84.7902,20.5812],[84.7783,20.5978],[84.7599,20.6088],[84.7295,20.6156],[84.6994,20.6115],[84.6388,20.6239],[84.6137,20.6382],[84.5814,20.675],[84.5617,20.6894],[84.5143,20.703],[84.4989,20.7176],[84.4634,20.7351],[84.4507,20.7389],[84.4208,20.7374],[84.3777,20.754],[84.36,20.7664],[84.3491,20.7815],[84.3557,20.7933],[84.3556,20.8183],[84.3466,20.8364],[84.2663,20.8813],[84.2409,20.8936],[84.2153,20.8957],[84.192,20.8896],[84.1439,20.8621]]]}},{"type":"Feature","properties":{"ac_name":"KANTAMAL","ac_no":85,"ac_category":"GEN","st_name":"ODISHA"},"geometry":{"type":"Polygon","coordinates":[[[83.9365,20.8424],[83.8919,20.8159],[83.8663,20.815],[83.8517,20.8239],[83.8337,20.8237],[83.7731,20.7978],[83.7608,20.7751],[83.7639,20.7577],[83.7575,20.7165],[83.7422,20.704],[83.7326,20.6675],[83.7141,20.6385],[83.7311,20.625],[83.7317,20.6111],[83.6856,20.5606],[83.6694,20.5556],[83.6422,20.5366],[83.6026,20.5281],[83.5846,20.5261],[83.5781,20.5209],[83.578,20.5022],[83.5693,20.4829],[83.5838,20.4879],[83.5963,20.4766],[83.5964,20.469],[83.6102,20.4656],[83.6184,20.4578],[83.6186,20.4473],[83.6273,20.4475],[83.6561,20.4332],[83.6585,20.4247],[83.6658,20.4226],[83.6766,20.4303],[83.6849,20.4147],[83.691,20.4137],[83.7175,20.435],[83.7393,20.4226],[83.7544,20.4272],[83.768,20.413],[83.7809,20.4104],[83.7803,20.4263],[83.7866,20.4431],[83.7924,20.4345],[83.806,20.4328],[83.8145,20.4367],[83.8082,20.447],[83.8122,20.4529],[83.828,20.4522],[83.8117,20.463],[83.8083,20.4911],[83.796,20.5086],[83.8051,20.5089],[83.813,20.521],[83.819,20.522],[83.8244,20.5351],[83.8195,20.5443],[83.8231,20.5487],[83.8425,20.546],[83.8569,20.5628],[83.8558,20.5714],[83.8733,20.582],[83.9122,20.5791],[83.9125,20.601],[83.9209,20.6101],[83.9403,20.6044],[83.9295,20.5957],[83.9374,20.5843],[83.946,20.5816],[83.9657,20.5869],[83.9793,20.5858],[84.003,20.5689],[84.0146,20.5681],[84.0546,20.5887],[84.0706,20.5901],[84.0824,20.5844],[84.1048,20.5919],[84.1282,20.6116],[84.1427,20.6151],[84.1342,20.6204],[84.1225,20.6175],[84.12,20.6258],[84.1128,20.6274],[84.1122,20.6383],[84.1309,20.6369],[84.1184,20.6611],[84.1216,20.673],[84.1118,20.6814],[84.1057,20.6754],[84.1053,20.6953],[84.0959,20.6997],[84.0898,20.7137],[84.0851,20.7154],[84.0848,20.7269],[84.072,20.7351],[84.0817,20.7406],[84.1148,20.7363],[84.1127,20.76],[84.1214,20.7639],[84.1246,20.7587],[84.132,20.7615],[84.1447,20.7557],[84.1616,20.7568],[84.1539,20.7742],[84.1574,20.7774],[84.1564,20.7904],[84.1748,20.7829],[84.1748,20.7943],[84.1915,20.8],[84.1905,20.8095],[84.1818,20.8116],[84.1825,20.8213],[84.1698,20.8295],[84.1623,20.8239],[84.1439,20.8621],[84.1075,20.8383],[84.0643,20.8303],[84.0374,20.8203],[84.0111,20.8408],[83.9365,20.8424]]]}},{"type":"Feature","properties":{"ac_name":"BARI","ac_no":49,"ac_category":"GEN","st_name":"ODISHA"},"geometry":{"type":"Polygon","coordinates":[[[86.1859,20.8175],[86.1627,20.8141],[86.1591,20.8071],[86.1648,20.804],[86.1629,20.7968],[86.1777,20.7916],[86.1783,20.7876],[86.207,20.7819],[86.2105,20.7754],[86.2029,20.7715],[86.1987,20.7512],[86.2089,20.7525],[86.2187,20.7404],[86.2282,20.7417],[86.2353,20.7377],[86.2302,20.724],[86.2354,20.7166],[86.2307,20.7125],[86.2455,20.7192],[86.246,20.7077],[86.2589,20.7002],[86.285,20.6933],[86.2906,20.6902],[86.2868,20.6846],[86.2955,20.6781],[86.3203,20.6711],[86.3341,20.6493],[86.32,20.6296],[86.3298,20.6091],[86.3448,20.6098],[86.3677,20.5947],[86.3779,20.5944],[86.3827,20.5986],[86.3978,20.6226],[86.4081,20.6297],[86.4224,20.6244],[86.4184,20.635],[86.4264,20.6441],[86.4504,20.6476],[86.456,20.6546],[86.4513,20.6753],[86.4572,20.6812],[86.4625,20.6799],[86.4692,20.689],[86.4487,20.6822],[86.4416,20.6875],[86.4341,20.6868],[86.4385,20.6784],[86.4274,20.6752],[86.4239,20.6699],[86.4101,20.6816],[86.3985,20.6746],[86.3925,20.6809],[86.3893,20.6754],[86.3896,20.6903],[86.3985,20.6947],[86.4005,20.7072],[86.386,20.7057],[86.3865,20.7222],[86.3774,20.7292],[86.3777,20.7359],[86.3654,20.7429],[86.3514,20.7431],[86.3371,20.7519],[86.3462,20.7635],[86.3493,20.7597],[86.3451,20.7533],[86.3511,20.7523],[86.3507,20.7638],[86.3609,20.7685],[86.3541,20.7726],[86.3583,20.7783],[86.3564,20.7837],[86.3617,20.7807],[86.3638,20.7838],[86.3602,20.7911],[86.3404,20.8006],[86.3432,20.7951],[86.3384,20.7807],[86.333,20.7821],[86.3272,20.7739],[86.3128,20.7777],[86.2987,20.7935],[86.2799,20.7914],[86.273,20.7795],[86.2731,20.7831],[86.2621,20.7783],[86.2503,20.7833],[86.2406,20.7822],[86.228,20.7918],[86.2159,20.7906],[86.1974,20.8125],[86.1887,20.8097],[86.1859,20.8175]]]}},{"type":"Feature","properties":{"ac_name":"AUL","ac_no":98,"ac_category":"GEN","st_name":"ODISHA"},"geometry":{"type":"Polygon","coordinates":[[[86.6211,20.7963],[86.6239,20.7903],[86.6205,20.7804],[86.6133,20.7802],[86.6163,20.7754],[86.6088,20.7771],[86.6075,20.7724],[86.6019,20.7718],[86.5875,20.7799],[86.5732,20.7778],[86.5633,20.7736],[86.5602,20.7627],[86.5528,20.7565],[86.5416,20.7526],[86.5392,20.7412],[86.5438,20.737],[86.5379,20.7345],[86.544,20.7352],[86.5435,20.7297],[86.5605,20.7398],[86.5588,20.7284],[86.5512,20.7295],[86.5462,20.7222],[86.556,20.7065],[86.5471,20.7035],[86.5428,20.6939],[86.5283,20.695],[86.5257,20.6884],[86.5208,20.6986],[86.5149,20.6995],[86.5116,20.6872],[86.4868,20.6796],[86.4692,20.689],[86.4625,20.6799],[86.4572,20.6812],[86.4513,20.6753],[86.456,20.6546],[86.4606,20.647],[86.4768,20.6415],[86.4834,20.6533],[86.4958,20.6465],[86.508,20.6558],[86.5212,20.6509],[86.536,20.6521],[86.5363,20.6423],[86.5186,20.6222],[86.5268,20.6229],[86.5452,20.6139],[86.5566,20.6223],[86.5685,20.6161],[86.5922,20.5941],[86.5976,20.5685],[86.6065,20.5679],[86.619,20.5847],[86.6098,20.6065],[86.6631,20.6069],[86.6732,20.6276],[86.6562,20.6285],[86.6556,20.6336],[86.6712,20.6348],[86.6815,20.6435],[86.7037,20.638],[86.7274,20.6604],[86.7352,20.6629],[86.7433,20.6542],[86.7281,20.6169],[86.7334,20.6059],[86.7392,20.608],[86.763,20.6248],[86.7693,20.6418],[86.8113,20.702],[86.8163,20.7318],[86.8108,20.7305],[86.795,20.7409],[86.7927,20.7318],[86.7804,20.7414],[86.7601,20.7345],[86.7527,20.7422],[86.7602,20.7595],[86.7551,20.7694],[86.7338,20.7697],[86.7261,20.7632],[86.7102,20.7598],[86.7076,20.7759],[86.6821,20.7842],[86.6769,20.7901],[86.6635,20.7882],[86.6603,20.7954],[86.6521,20.797],[86.642,20.788],[86.6377,20.7975],[86.6334,20.7917],[86.6288,20.7972],[86.6211,20.7963]]]}},{"type":"Feature","properties":{"ac_name":"BOLANGIR","ac_no":68,"ac_category":"GEN","st_name":"ODISHA"},"geometry":{"type":"Polygon","coordinates":[[[83.247,20.7742],[83.23,20.7591],[83.228,20.748],[83.2331,20.734],[83.2453,20.7229],[83.2632,20.7238],[83.268,20.7173],[83.2677,20.7111],[83.2574,20.7022],[83.2674,20.6974],[83.2594,20.6892],[83.2615,20.6776],[83.2578,20.6701],[83.2492,20.6679],[83.2384,20.657],[83.2054,20.6618],[83.1897,20.6431],[83.176,20.6576],[83.1652,20.6558],[83.1605,20.623],[83.1493,20.6076],[83.1621,20.6],[83.189,20.5865],[83.1828,20.5752],[83.1849,20.5706],[83.206,20.5674],[83.2051,20.5611],[83.2135,20.557],[83.2007,20.5528],[83.2123,20.5425],[83.2287,20.5388],[83.2423,20.5502],[83.2508,20.548],[83.2523,20.5349],[83.2425,20.5266],[83.2571,20.5115],[83.2838,20.5159],[83.2929,20.5279],[83.3139,20.5213],[83.3273,20.5344],[83.3316,20.5316],[83.3436,20.5356],[83.3548,20.5272],[83.3676,20.5272],[83.3688,20.5183],[83.394,20.5161],[83.3888,20.5125],[83.4097,20.5015],[83.4341,20.5303],[83.472,20.5073],[83.4844,20.5206],[83.4829,20.5304],[83.4779,20.5324],[83.4821,20.539],[83.4901,20.5312],[83.4986,20.5298],[83.5019,20.519],[83.5093,20.5154],[83.5156,20.5225],[83.5257,20.5152],[83.5269,20.5263],[83.5222,20.5366],[83.5261,20.5376],[83.5375,20.5236],[83.5421,20.5096],[83.536,20.5041],[83.5405,20.5039],[83.5396,20.5007],[83.5289,20.4921],[83.5373,20.4973],[83.5487,20.4961],[83.5506,20.4693],[83.5633,20.4728],[83.5693,20.4829],[83.578,20.5022],[83.5781,20.5209],[83.5846,20.5261],[83.6026,20.5281],[83.5939,20.5408],[83.5958,20.564],[83.6007,20.569],[83.5931,20.6066],[83.5883,20.6138],[83.5831,20.6105],[83.5707,20.6128],[83.5679,20.6054],[83.5548,20.6042],[83.5043,20.6069],[83.5146,20.6258],[83.5132,20.6331],[83.5185,20.6366],[83.5157,20.6441],[83.5286,20.6478],[83.5287,20.6602],[83.5072,20.6602],[83.5148,20.6752],[83.5041,20.681],[83.5141,20.6835],[83.5158,20.6907],[83.5213,20.6927],[83.5169,20.6999],[83.5051,20.7045],[83.5083,20.7253],[83.5194,20.7264],[83.5165,20.7368],[83.5197,20.7444],[83.5126,20.7501],[83.5001,20.7496],[83.492,20.7427],[83.4903,20.7559],[83.4979,20.768],[83.4868,20.7754],[83.492,20.782],[83.4856,20.7878],[83.4981,20.8118],[83.5162,20.8192],[83.5111,20.8289],[83.4848,20.8252],[83.4922,20.8362],[83.474,20.8554],[83.4623,20.8584],[83.4423,20.8441],[83.446,20.839],[83.442,20.8362],[83.4533,20.837],[83.4598,20.8325],[83.4586,20.82],[83.4301,20.8115],[83.4376,20.8126],[83.4418,20.8063],[83.4427,20.7844],[83.3999,20.7727],[83.3957,20.7864],[83.3867,20.789],[83.383,20.7778],[83.3641,20.7626],[83.3705,20.7546],[83.3669,20.7469],[83.3446,20.7481],[83.3269,20.7594],[83.3187,20.7502],[83.3096,20.7579],[83.3028,20.7501],[83.2946,20.7483],[83.2696,20.7568],[83.2603,20.7685],[83.247,20.7742]]]}},{"type":"Feature","properties":{"ac_name":"RAJANAGAR","ac_no":99,"ac_category":"GEN","st_name":"ODISHA"},"geometry":{"type":"Polygon","coordinates":[[[86.9441,20.7665],[86.9023,20.7627],[86.8789,20.7739],[86.8548,20.7735],[86.8284,20.7558],[86.8207,20.7333],[86.8163,20.7318],[86.8113,20.702],[86.7693,20.6418],[86.763,20.6248],[86.7392,20.608],[86.7334,20.6059],[86.7281,20.6169],[86.7433,20.6542],[86.7352,20.6629],[86.7274,20.6604],[86.7037,20.638],[86.6815,20.6435],[86.6712,20.6348],[86.6556,20.6336],[86.6562,20.6285],[86.6732,20.6276],[86.6631,20.6069],[86.6098,20.6065],[86.619,20.5847],[86.6065,20.5679],[86.5976,20.5685],[86.5922,20.5941],[86.5685,20.6161],[86.566,20.603],[86.5473,20.594],[86.5389,20.5972],[86.5415,20.5826],[86.5302,20.5842],[86.5275,20.5781],[86.5631,20.565],[86.561,20.5555],[86.5725,20.5468],[86.5542,20.5364],[86.557,20.5178],[86.5509,20.5165],[86.549,20.5323],[86.5371,20.5177],[86.5466,20.5016],[86.5423,20.4994],[86.5481,20.4956],[86.5436,20.4928],[86.549,20.4868],[86.5656,20.4689],[86.5775,20.4788],[86.5952,20.4773],[86.6013,20.4866],[86.5965,20.492],[86.6012,20.4973],[86.6099,20.4905],[86.6087,20.4835],[86.6158,20.491],[86.6308,20.486],[86.6356,20.4965],[86.6416,20.4991],[86.6537,20.5003],[86.6558,20.4957],[86.6676,20.5018],[86.7019,20.5007],[86.7199,20.5073],[86.7369,20.5227],[86.7538,20.5185],[86.7655,20.504],[86.7753,20.5214],[86.7887,20.5341],[87.0556,20.715],[87.0396,20.7422],[87.0411,20.7589],[87.0269,20.7683],[87.0221,20.7703],[87.0146,20.7662],[86.9765,20.7719],[86.9441,20.7665]]]}},{"type":"Feature","properties":{"ac_name":"BARACHANA","ac_no":50,"ac_category":"GEN","st_name":"ODISHA"},"geometry":{"type":"Polygon","coordinates":[[[86.0292,20.7405],[86.0226,20.7277],[86.0151,20.7299],[86.0087,20.7252],[85.9812,20.7372],[85.9594,20.7214],[85.9507,20.7226],[85.9319,20.7147],[85.9054,20.7157],[85.904,20.7058],[85.9097,20.7011],[85.9292,20.7013],[85.9365,20.6921],[85.9578,20.6849],[85.9655,20.6666],[85.9731,20.6693],[85.9852,20.6607],[85.9897,20.6477],[86.0039,20.6413],[86.0058,20.6249],[86.0161,20.6221],[86.0373,20.6055],[86.0433,20.5999],[86.0428,20.5917],[86.0493,20.5889],[86.0719,20.6009],[86.0779,20.5951],[86.0812,20.6014],[86.0807,20.6113],[86.0867,20.6171],[86.1012,20.6136],[86.1084,20.6173],[86.1162,20.613],[86.1221,20.6269],[86.1401,20.6327],[86.145,20.6426],[86.1606,20.649],[86.1655,20.6428],[86.1725,20.6438],[86.1789,20.6565],[86.1812,20.6515],[86.1873,20.6574],[86.1921,20.6518],[86.1895,20.6392],[86.1842,20.6422],[86.182,20.6385],[86.1633,20.6388],[86.1851,20.6331],[86.1841,20.6258],[86.1936,20.6318],[86.2036,20.6296],[86.2183,20.6102],[86.2539,20.604],[86.2668,20.5839],[86.2799,20.5826],[86.2967,20.5845],[86.2992,20.579],[86.3141,20.58],[86.3196,20.5851],[86.3201,20.5898],[86.3133,20.5951],[86.32,20.6296],[86.3341,20.6493],[86.3203,20.6711],[86.2955,20.6781],[86.2868,20.6846],[86.2906,20.6902],[86.285,20.6933],[86.2589,20.7002],[86.2477,20.6897],[86.2527,20.6816],[86.2448,20.684],[86.2436,20.6752],[86.2344,20.6678],[86.2214,20.6685],[86.2185,20.6808],[86.206,20.6804],[86.2024,20.6731],[86.1938,20.6718],[86.1821,20.6869],[86.1717,20.6861],[86.1668,20.6763],[86.1549,20.6749],[86.1399,20.6985],[86.1075,20.7042],[86.1097,20.7208],[86.0936,20.7264],[86.0854,20.7138],[86.0861,20.7236],[86.0811,20.7271],[86.0765,20.7441],[86.0452,20.7394],[86.0391,20.7459],[86.0292,20.7405]]]}},{"type":"Feature","properties":{"ac_name":"SALIPUR","ac_no":94,"ac_category":"GEN","st_name":"ODISHA"},"geometry":{"type":"Polygon","coordinates":[[[85.9097,20.7011],[85.91,20.6899],[85.9107,20.6861],[85.9242,20.687],[85.9271,20.6764],[85.9349,20.6699],[85.9311,20.6698],[85.9349,20.6636],[85.9301,20.6613],[85.9313,20.6556],[85.9221,20.6585],[85.9286,20.6533],[85.9286,20.6432],[85.9173,20.6523],[85.9099,20.6472],[85.9213,20.6453],[85.9187,20.6299],[85.9263,20.629],[85.9376,20.6193],[85.9335,20.6017],[85.9275,20.6015],[85.922,20.5845],[85.9254,20.5849],[85.9286,20.5757],[85.9346,20.5738],[85.9381,20.5776],[85.9384,20.5649],[85.947,20.5714],[85.9521,20.5623],[85.9655,20.5632],[85.974,20.5582],[85.9575,20.5236],[85.9415,20.5249],[85.9402,20.5117],[85.9464,20.5118],[85.945,20.4988],[85.9304,20.4878],[85.9244,20.4685],[85.9395,20.4595],[85.9505,20.4551],[85.9537,20.4491],[85.9958,20.4376],[86.0176,20.4375],[86.0253,20.4404],[86.0215,20.446],[86.0459,20.4468],[86.0496,20.4403],[86.0895,20.4335],[86.1145,20.4195],[86.113,20.412],[86.1223,20.4068],[86.1265,20.4118],[86.1472,20.3966],[86.1515,20.4029],[86.1561,20.3985],[86.1665,20.4004],[86.167,20.4107],[86.159,20.4068],[86.158,20.4163],[86.1479,20.4149],[86.1347,20.4302],[86.1394,20.4403],[86.1326,20.4409],[86.1288,20.4366],[86.0984,20.4569],[86.0876,20.4553],[86.0976,20.4674],[86.1071,20.4617],[86.1084,20.4617],[86.1108,20.4744],[86.1188,20.4741],[86.1273,20.4865],[86.1385,20.4866],[86.1432,20.5021],[86.1557,20.5052],[86.1666,20.5197],[86.1705,20.5353],[86.1442,20.558],[86.1384,20.5492],[86.1311,20.5492],[86.1263,20.5544],[86.1053,20.5494],[86.1009,20.5564],[86.1021,20.5677],[86.0967,20.5717],[86.103,20.5782],[86.0829,20.5907],[86.0812,20.6014],[86.0779,20.5951],[86.0719,20.6009],[86.0493,20.5889],[86.0428,20.5917],[86.0433,20.5999],[86.0373,20.6055],[86.0161,20.6221],[86.0058,20.6249],[86.0039,20.6413],[85.9897,20.6477],[85.9852,20.6607],[85.9731,20.6693],[85.9655,20.6666],[85.9578,20.6849],[85.9365,20.6921],[85.9292,20.7013],[85.9097,20.7011]]]}},{"type":"Feature","properties":{"ac_name":"ATHAGARH","ac_no":89,"ac_category":"GEN","st_name":"ODISHA"},"geometry":{"type":"Polygon","coordinates":[[[85.7295,20.6456],[85.7166,20.6389],[85.7118,20.6239],[85.7056,20.627],[85.7042,20.6223],[85.7131,20.6147],[85.7089,20.6055],[85.6891,20.596],[85.6729,20.573],[85.6643,20.5687],[85.6562,20.5499],[85.6486,20.5515],[85.6296,20.5405],[85.6131,20.5434],[85.6038,20.5368],[85.5995,20.5384],[85.5933,20.5335],[85.5852,20.5137],[85.569,20.5162],[85.5553,20.5268],[85.5481,20.5246],[85.5117,20.5374],[85.5028,20.5361],[85.4976,20.5253],[85.4829,20.5221],[85.4811,20.5089],[85.4685,20.4993],[85.456,20.486],[85.4498,20.4913],[85.4449,20.4826],[85.4508,20.4773],[85.4516,20.4589],[85.4869,20.4094],[85.4897,20.3982],[85.4986,20.3982],[85.5,20.4115],[85.4885,20.4125],[85.4858,20.4194],[85.4988,20.4303],[85.5066,20.4307],[85.5081,20.4046],[85.5241,20.4093],[85.5226,20.4182],[85.5108,20.4285],[85.5125,20.434],[85.5244,20.4329],[85.5286,20.4241],[85.5257,20.4166],[85.5309,20.4118],[85.5355,20.4147],[85.5305,20.4343],[85.545,20.4309],[85.5485,20.4172],[85.5643,20.4203],[85.5542,20.4555],[85.562,20.4616],[85.5612,20.4702],[85.5759,20.4814],[85.5845,20.4802],[85.6027,20.4962],[85.6163,20.4953],[85.6216,20.4911],[85.6183,20.4853],[85.6328,20.4843],[85.6308,20.4769],[85.6483,20.472],[85.6461,20.4596],[85.6692,20.4469],[85.7111,20.4374],[85.7221,20.4395],[85.7477,20.4564],[85.7638,20.4782],[85.7661,20.4945],[85.7777,20.5008],[85.7973,20.4988],[85.8051,20.5061],[85.8255,20.4986],[85.819,20.5079],[85.8115,20.523],[85.8281,20.5288],[85.8321,20.516],[85.8429,20.5181],[85.8405,20.541],[85.849,20.5443],[85.861,20.5612],[85.8652,20.5581],[85.8711,20.5653],[85.8961,20.5677],[85.8987,20.5752],[85.917,20.5759],[85.9168,20.5849],[85.922,20.5845],[85.9275,20.6015],[85.9335,20.6017],[85.9376,20.6193],[85.9263,20.629],[85.9187,20.6299],[85.9213,20.6453],[85.9099,20.6472],[85.9173,20.6523],[85.9286,20.6432],[85.9286,20.6533],[85.9221,20.6585],[85.9313,20.6556],[85.9301,20.6613],[85.9349,20.6636],[85.9311,20.6698],[85.9349,20.6699],[85.9271,20.6764],[85.9242,20.687],[85.9107,20.6861],[85.91,20.6899],[85.9036,20.6777],[85.8906,20.6693],[85.8883,20.6586],[85.8795,20.6572],[85.8654,20.6677],[85.8497,20.6685],[85.8331,20.668],[85.8236,20.6618],[85.8101,20.6603],[85.7876,20.6732],[85.7828,20.6712],[85.7856,20.6695],[85.7813,20.663],[85.7623,20.6616],[85.7607,20.6445],[85.7521,20.6457],[85.7543,20.6361],[85.7295,20.6456]]]}},{"type":"Feature","properties":{"ac_name":"KENDRAPARA","ac_no":97,"ac_category":"SC","st_name":"ODISHA"},"geometry":{"type":"Polygon","coordinates":[[[86.5212,20.6509],[86.508,20.6558],[86.4958,20.6465],[86.4834,20.6533],[86.4768,20.6415],[86.4606,20.647],[86.456,20.6546],[86.4504,20.6476],[86.4264,20.6441],[86.4184,20.635],[86.4224,20.6244],[86.4081,20.6297],[86.3978,20.6226],[86.3827,20.5986],[86.3788,20.59],[86.3816,20.5847],[86.3883,20.5842],[86.3893,20.5719],[86.379,20.5691],[86.3793,20.5651],[86.3833,20.5579],[86.3905,20.5588],[86.3982,20.5546],[86.4006,20.5476],[86.4051,20.5477],[86.402,20.5395],[86.4098,20.535],[86.4098,20.5277],[86.4014,20.5302],[86.4031,20.5224],[86.3949,20.5247],[86.3972,20.5179],[86.3886,20.5113],[86.3821,20.5247],[86.374,20.529],[86.3578,20.5263],[86.3536,20.5178],[86.3395,20.5196],[86.3284,20.5141],[86.3256,20.5023],[86.3431,20.4945],[86.3481,20.4835],[86.3566,20.4812],[86.3573,20.4762],[86.3527,20.4749],[86.3587,20.4687],[86.3749,20.4786],[86.3741,20.472],[86.383,20.4654],[86.4009,20.463],[86.4013,20.4586],[86.4086,20.4591],[86.409,20.4551],[86.415,20.4593],[86.4365,20.4492],[86.4418,20.4461],[86.4552,20.4501],[86.4544,20.4677],[86.467,20.4731],[86.4619,20.4785],[86.4556,20.4693],[86.4507,20.4694],[86.4449,20.4824],[86.4614,20.4818],[86.4722,20.4873],[86.4756,20.4862],[86.4708,20.4789],[86.4742,20.477],[86.4769,20.4878],[86.4839,20.4921],[86.5006,20.485],[86.5042,20.4705],[86.5158,20.4781],[86.5314,20.4758],[86.549,20.4868],[86.5436,20.4928],[86.5481,20.4956],[86.5423,20.4994],[86.5466,20.5016],[86.5371,20.5177],[86.549,20.5323],[86.5509,20.5165],[86.557,20.5178],[86.5542,20.5364],[86.5725,20.5468],[86.561,20.5555],[86.5631,20.565],[86.5275,20.5781],[86.5302,20.5842],[86.5415,20.5826],[86.5389,20.5972],[86.5473,20.594],[86.566,20.603],[86.5685,20.6161],[86.5566,20.6223],[86.5452,20.6139],[86.5268,20.6229],[86.5186,20.6222],[86.5363,20.6423],[86.536,20.6521],[86.5212,20.6509]]]}},{"type":"Feature","properties":{"ac_name":"MAHANGA","ac_no":95,"ac_category":"GEN","st_name":"ODISHA"},"geometry":{"type":"Polygon","coordinates":[[[86.2799,20.5826],[86.2668,20.5839],[86.2539,20.604],[86.2183,20.6102],[86.2036,20.6296],[86.1936,20.6318],[86.1841,20.6258],[86.1851,20.6331],[86.1633,20.6388],[86.182,20.6385],[86.1842,20.6422],[86.1895,20.6392],[86.1921,20.6518],[86.1873,20.6574],[86.1812,20.6515],[86.1789,20.6565],[86.1725,20.6438],[86.1655,20.6428],[86.1606,20.649],[86.145,20.6426],[86.1401,20.6327],[86.1221,20.6269],[86.1162,20.613],[86.1084,20.6173],[86.1012,20.6136],[86.0867,20.6171],[86.0807,20.6113],[86.0812,20.6014],[86.0829,20.5907],[86.103,20.5782],[86.0967,20.5717],[86.1021,20.5677],[86.1009,20.5564],[86.1053,20.5494],[86.1263,20.5544],[86.1311,20.5492],[86.1384,20.5492],[86.1442,20.558],[86.1705,20.5353],[86.1666,20.5197],[86.1557,20.5052],[86.1432,20.5021],[86.1385,20.4866],[86.1273,20.4865],[86.1188,20.4741],[86.1108,20.4744],[86.1084,20.4617],[86.1497,20.4578],[86.1591,20.45],[86.1728,20.4515],[86.1704,20.4569],[86.1775,20.4583],[86.1952,20.4529],[86.1938,20.4475],[86.1888,20.4481],[86.189,20.4415],[86.1923,20.4429],[86.1948,20.4381],[86.2022,20.441],[86.2015,20.4347],[86.1979,20.4258],[86.1906,20.4268],[86.1828,20.421],[86.1844,20.4144],[86.1953,20.406],[86.1906,20.4079],[86.1813,20.4028],[86.1834,20.3974],[86.1979,20.3991],[86.2237,20.3915],[86.2378,20.4026],[86.2474,20.3934],[86.2616,20.4046],[86.2661,20.3985],[86.2654,20.4061],[86.2706,20.4055],[86.2765,20.4226],[86.2681,20.4254],[86.2669,20.4405],[86.275,20.4453],[86.2638,20.4497],[86.2712,20.4549],[86.2679,20.4567],[86.2694,20.4673],[86.2639,20.4715],[86.2671,20.4831],[86.2627,20.4864],[86.2642,20.4912],[86.2712,20.4895],[86.2763,20.4953],[86.2682,20.5079],[86.2759,20.5203],[86.2562,20.5324],[86.2506,20.5293],[86.2479,20.5371],[86.2706,20.5588],[86.2569,20.5626],[86.2731,20.5649],[86.2799,20.5826]]]}},{"type":"Feature","properties":{"ac_name":"PHULBANI","ac_no":84,"ac_category":"ST","st_name":"ODISHA"},"geometry":{"type":"Polygon","coordinates":[[[84.1048,20.5919],[84.0824,20.5844],[84.0706,20.5901],[84.0546,20.5887],[84.0146,20.5681],[84.003,20.5689],[83.9793,20.5858],[83.9657,20.5869],[83.946,20.5816],[83.9374,20.5843],[83.9295,20.5957],[83.9403,20.6044],[83.9209,20.6101],[83.9125,20.601],[83.9122,20.5791],[83.8733,20.582],[83.8558,20.5714],[83.8569,20.5628],[83.8425,20.546],[83.8231,20.5487],[83.8195,20.5443],[83.8244,20.5351],[83.819,20.522],[83.813,20.521],[83.8051,20.5089],[83.796,20.5086],[83.8083,20.4911],[83.8117,20.463],[83.828,20.4522],[83.8122,20.4529],[83.8082,20.447],[83.8145,20.4367],[83.806,20.4328],[83.7924,20.4345],[83.7866,20.4431],[83.7803,20.4263],[83.7809,20.4104],[83.7872,20.4027],[83.8022,20.3967],[83.8241,20.3948],[83.8304,20.3766],[83.8243,20.3682],[83.8259,20.3605],[83.8123,20.3559],[83.8261,20.3429],[83.8273,20.3356],[83.8185,20.3315],[83.8256,20.326],[83.8498,20.3379],[83.8554,20.3288],[83.8526,20.3169],[83.878,20.322],[83.8903,20.316],[83.9027,20.3174],[83.9186,20.3074],[83.935,20.3126],[83.9576,20.2968],[83.9795,20.2942],[83.9887,20.2881],[84.0103,20.2841],[84.012,20.2798],[84.0249,20.2821],[84.0254,20.2751],[84.0131,20.2704],[84.016,20.2655],[84.0212,20.2659],[84.0246,20.253],[84.0362,20.2471],[84.0594,20.2465],[84.0838,20.2582],[84.1008,20.2606],[84.1045,20.2565],[84.1186,20.257],[84.1253,20.2511],[84.1581,20.2537],[84.1781,20.2248],[84.1847,20.2187],[84.2025,20.2185],[84.2052,20.2221],[84.2111,20.2192],[84.2216,20.2312],[84.2185,20.2325],[84.2228,20.2362],[84.2201,20.2428],[84.2292,20.2432],[84.223,20.2508],[84.2261,20.2525],[84.2232,20.2614],[84.227,20.263],[84.2307,20.2514],[84.2363,20.266],[84.2271,20.2661],[84.2261,20.2709],[84.2326,20.2737],[84.2258,20.2745],[84.2253,20.2795],[84.2299,20.2913],[84.2385,20.289],[84.2408,20.2933],[84.2365,20.3051],[84.2235,20.303],[84.2352,20.3198],[84.2307,20.3302],[84.2502,20.3393],[84.2542,20.3339],[84.2467,20.3189],[84.2566,20.3073],[84.2704,20.3101],[84.269,20.3041],[84.2765,20.3042],[84.288,20.2915],[84.2985,20.291],[84.3065,20.2804],[84.3174,20.2778],[84.3212,20.2703],[84.3285,20.2761],[84.3395,20.2717],[84.3424,20.2827],[84.3537,20.269],[84.3675,20.2788],[84.3683,20.2908],[84.3634,20.2927],[84.3587,20.3049],[84.3646,20.3149],[84.3699,20.3137],[84.3702,20.3271],[84.3739,20.3226],[84.3793,20.3347],[84.382,20.3185],[84.3973,20.3083],[84.4133,20.3247],[84.416,20.3213],[84.4116,20.3152],[84.4145,20.3042],[84.4105,20.2863],[84.4202,20.2691],[84.4154,20.2439],[84.4252,20.2375],[84.4293,20.2224],[84.4265,20.217],[84.4378,20.202],[84.4462,20.2053],[84.4593,20.1883],[84.4533,20.1822],[84.4555,20.1647],[84.4867,20.1407],[84.4972,20.1417],[84.5092,20.1362],[84.5133,20.1503],[84.5231,20.1523],[84.5255,20.1438],[84.5604,20.1384],[84.5642,20.1454],[84.5582,20.1572],[84.5877,20.1714],[84.585,20.1865],[84.5578,20.2271],[84.5483,20.233],[84.5415,20.2526],[84.5465,20.2599],[84.5438,20.2756],[84.552,20.284],[84.5428,20.3233],[84.5211,20.3256],[84.5151,20.3189],[84.5093,20.3264],[84.5115,20.3378],[84.5033,20.3313],[84.4866,20.338],[84.4832,20.3479],[84.4937,20.3502],[84.4954,20.3585],[84.5183,20.3695],[84.5205,20.3814],[84.513,20.3827],[84.5101,20.3959],[84.493,20.3951],[84.4815,20.3843],[84.4635,20.3952],[84.4584,20.4248],[84.465,20.4454],[84.4549,20.4663],[84.4485,20.4648],[84.4257,20.4841],[84.434,20.4958],[84.4335,20.5088],[84.4013,20.5282],[84.3882,20.5305],[84.3894,20.5423],[84.3814,20.5587],[84.3844,20.5689],[84.3913,20.5667],[84.3941,20.576],[84.3854,20.5781],[84.3797,20.5883],[84.3843,20.5981],[84.3698,20.6333],[84.3728,20.6413],[84.3691,20.6508],[84.3566,20.6644],[84.3568,20.6711],[84.3375,20.6726],[84.3391,20.6795],[84.3269,20.6874],[84.2982,20.687],[84.2765,20.6725],[84.2731,20.668],[84.2803,20.6357],[84.2719,20.6361],[84.2565,20.602],[84.2358,20.593],[84.2252,20.582],[84.1854,20.5845],[84.1757,20.5993],[84.1424,20.5776],[84.1347,20.5827],[84.1122,20.5824],[84.1048,20.5919]]]}},{"type":"Feature","properties":{"ac_name":"PATKURA","ac_no":96,"ac_category":"GEN","st_name":"ODISHA"},"geometry":{"type":"Polygon","coordinates":[[[86.3827,20.5986],[86.3779,20.5944],[86.3677,20.5947],[86.3448,20.6098],[86.3298,20.6091],[86.32,20.6296],[86.3133,20.5951],[86.3201,20.5898],[86.3196,20.5851],[86.3141,20.58],[86.2992,20.579],[86.2967,20.5845],[86.2799,20.5826],[86.2731,20.5649],[86.2569,20.5626],[86.2706,20.5588],[86.2479,20.5371],[86.2506,20.5293],[86.2562,20.5324],[86.2759,20.5203],[86.2682,20.5079],[86.2763,20.4953],[86.2712,20.4895],[86.2642,20.4912],[86.2627,20.4864],[86.2671,20.4831],[86.2639,20.4715],[86.2694,20.4673],[86.2679,20.4567],[86.2712,20.4549],[86.2638,20.4497],[86.275,20.4453],[86.2669,20.4405],[86.2681,20.4254],[86.2765,20.4226],[86.2706,20.4055],[86.2654,20.4061],[86.2661,20.3985],[86.2697,20.3959],[86.274,20.4027],[86.2746,20.3949],[86.2682,20.3919],[86.2725,20.3889],[86.2613,20.3865],[86.257,20.3775],[86.2508,20.3809],[86.2485,20.3647],[86.2632,20.3667],[86.2684,20.373],[86.273,20.3704],[86.2721,20.3583],[86.287,20.3632],[86.3028,20.3547],[86.3087,20.362],[86.3169,20.3541],[86.3248,20.3586],[86.3238,20.3673],[86.3363,20.3694],[86.3475,20.3563],[86.3489,20.3514],[86.3566,20.3509],[86.3601,20.3585],[86.3876,20.3539],[86.3931,20.3653],[86.4013,20.359],[86.4119,20.3591],[86.4186,20.3659],[86.4207,20.3602],[86.4358,20.3593],[86.4428,20.3538],[86.4514,20.3618],[86.4407,20.3773],[86.444,20.3841],[86.4297,20.3959],[86.4224,20.3843],[86.4083,20.3816],[86.4101,20.3898],[86.405,20.3967],[86.409,20.4046],[86.3962,20.4072],[86.395,20.4112],[86.3975,20.4182],[86.4033,20.4159],[86.4062,20.4236],[86.4109,20.4175],[86.4227,20.4239],[86.429,20.4141],[86.4619,20.4196],[86.4492,20.4384],[86.4449,20.429],[86.4444,20.4408],[86.4343,20.4455],[86.4365,20.4492],[86.415,20.4593],[86.409,20.4551],[86.4086,20.4591],[86.4013,20.4586],[86.4009,20.463],[86.383,20.4654],[86.3741,20.472],[86.3749,20.4786],[86.3587,20.4687],[86.3527,20.4749],[86.3573,20.4762],[86.3566,20.4812],[86.3481,20.4835],[86.3431,20.4945],[86.3256,20.5023],[86.3284,20.5141],[86.3395,20.5196],[86.3536,20.5178],[86.3578,20.5263],[86.374,20.529],[86.3821,20.5247],[86.3886,20.5113],[86.3972,20.5179],[86.3949,20.5247],[86.4031,20.5224],[86.4014,20.5302],[86.4098,20.5277],[86.4098,20.535],[86.402,20.5395],[86.4051,20.5477],[86.4006,20.5476],[86.3982,20.5546],[86.3905,20.5588],[86.3833,20.5579],[86.3793,20.5651],[86.379,20.5691],[86.3893,20.5719],[86.3883,20.5842],[86.3816,20.5847],[86.3788,20.59],[86.3827,20.5986]]]}},{"type":"Feature","properties":{"ac_name":"BARAMBA","ac_no":87,"ac_category":"GEN","st_name":"ODISHA"},"geometry":{"type":"Polygon","coordinates":[[[84.9876,20.5804],[84.9799,20.5669],[84.9752,20.575],[84.9609,20.5746],[84.9437,20.5818],[84.9223,20.5804],[84.9071,20.5848],[84.8969,20.5819],[84.8861,20.5624],[84.8752,20.5584],[84.8649,20.5384],[84.8485,20.5281],[84.8744,20.5029],[84.8863,20.4969],[84.9206,20.4959],[84.9491,20.4887],[85.0737,20.4173],[85.105,20.411],[85.1373,20.3871],[85.1583,20.3787],[85.1857,20.377],[85.1967,20.381],[85.254,20.3666],[85.2686,20.3591],[85.3399,20.3583],[85.3693,20.3663],[85.468,20.3807],[85.4911,20.3883],[85.4897,20.3982],[85.4869,20.4094],[85.4516,20.4589],[85.4508,20.4773],[85.4449,20.4826],[85.4498,20.4913],[85.435,20.5023],[85.4145,20.5086],[85.4055,20.5087],[85.4083,20.4913],[85.4008,20.4869],[85.3841,20.4995],[85.3768,20.4957],[85.3448,20.4974],[85.3366,20.5036],[85.3068,20.5068],[85.2931,20.517],[85.282,20.5116],[85.2736,20.5167],[85.2505,20.5183],[85.2111,20.5484],[85.2121,20.5536],[85.1969,20.5671],[85.2075,20.5766],[85.1953,20.5815],[85.1781,20.6012],[85.1555,20.6114],[85.1466,20.6095],[85.1271,20.6162],[85.1177,20.6102],[85.091,20.6188],[85.0854,20.595],[85.0746,20.5814],[85.0685,20.5845],[85.0647,20.5783],[85.0551,20.5776],[85.0469,20.5854],[85.0273,20.5897],[84.9876,20.5804]]]}},{"type":"Feature","properties":{"ac_name":"CHOUDWAR-CUTTACK","ac_no":91,"ac_category":"GEN","st_name":"ODISHA"},"geometry":{"type":"Polygon","coordinates":[[[85.922,20.5845],[85.9168,20.5849],[85.917,20.5759],[85.8987,20.5752],[85.8961,20.5677],[85.8711,20.5653],[85.8652,20.5581],[85.861,20.5612],[85.849,20.5443],[85.8405,20.541],[85.8429,20.5181],[85.8321,20.516],[85.8281,20.5288],[85.8115,20.523],[85.819,20.5079],[85.8644,20.5048],[85.8863,20.4991],[85.9043,20.501],[85.9139,20.5108],[85.9402,20.5117],[85.9415,20.5249],[85.9575,20.5236],[85.974,20.5582],[85.9655,20.5632],[85.9521,20.5623],[85.947,20.5714],[85.9384,20.5649],[85.9381,20.5776],[85.9346,20.5738],[85.9286,20.5757],[85.9254,20.5849],[85.922,20.5845]]]}},{"type":"Feature","properties":{"ac_name":"KANTABANJI","ac_no":70,"ac_category":"GEN","st_name":"ODISHA"},"geometry":{"type":"Polygon","coordinates":[[[82.9915,20.4646],[82.9723,20.4828],[82.9671,20.4947],[82.952,20.4894],[82.9401,20.493],[82.931,20.4895],[82.919,20.5014],[82.8867,20.5027],[82.868,20.5096],[82.8777,20.5252],[82.887,20.529],[82.8896,20.5392],[82.8781,20.5435],[82.8738,20.563],[82.8578,20.5579],[82.8541,20.5726],[82.839,20.5669],[82.8367,20.5712],[82.8273,20.5701],[82.8082,20.5771],[82.8059,20.585],[82.779,20.6132],[82.7732,20.6097],[82.7627,20.6136],[82.7588,20.6258],[82.7414,20.6304],[82.7288,20.605],[82.7284,20.5847],[82.7096,20.5697],[82.7087,20.5446],[82.7037,20.5382],[82.7082,20.5253],[82.7047,20.5037],[82.6998,20.5022],[82.6991,20.4895],[82.6958,20.4812],[82.6871,20.4756],[82.6895,20.4681],[82.6838,20.4604],[82.6845,20.4539],[82.6917,20.4535],[82.6994,20.4425],[82.695,20.4275],[82.708,20.4166],[82.7152,20.3985],[82.73,20.3828],[82.7233,20.3713],[82.714,20.3663],[82.7153,20.3562],[82.7319,20.3563],[82.7482,20.3624],[82.7636,20.3536],[82.7712,20.3544],[82.7765,20.3571],[82.7812,20.3701],[82.7962,20.3722],[82.8037,20.3851],[82.8148,20.3816],[82.8127,20.3636],[82.7902,20.3471],[82.7938,20.3383],[82.7885,20.3244],[82.8027,20.321],[82.8116,20.3273],[82.807,20.3407],[82.815,20.3587],[82.8225,20.3443],[82.8352,20.336],[82.8468,20.3408],[82.8521,20.3382],[82.8518,20.3016],[82.8465,20.2915],[82.8364,20.2953],[82.8415,20.3031],[82.8336,20.307],[82.837,20.3166],[82.8341,20.3211],[82.8185,20.3204],[82.8155,20.3159],[82.8193,20.3075],[82.8106,20.2952],[82.821,20.2811],[82.8392,20.2816],[82.8459,20.29],[82.8601,20.2693],[82.8509,20.2431],[82.8522,20.2369],[82.8594,20.2365],[82.861,20.2314],[82.848,20.2067],[82.8471,20.1958],[82.837,20.1892],[82.8165,20.189],[82.8119,20.1848],[82.8106,20.1714],[82.8228,20.1651],[82.8743,20.1565],[82.8833,20.1583],[82.8952,20.149],[82.9095,20.1472],[82.9109,20.1678],[82.9243,20.1782],[82.9286,20.2009],[82.9357,20.2104],[82.9422,20.2082],[82.9516,20.2139],[82.9793,20.2015],[82.9922,20.2021],[82.9946,20.2185],[82.9841,20.2179],[82.9788,20.2329],[82.9853,20.2601],[82.9931,20.2544],[83.0088,20.2575],[83.0274,20.2458],[83.0265,20.258],[83.0321,20.2608],[83.06,20.2592],[83.0593,20.263],[83.0823,20.2551],[83.0921,20.2838],[83.1003,20.2771],[83.1147,20.2813],[83.1229,20.2938],[83.1486,20.2947],[83.1434,20.3267],[83.1351,20.324],[83.1285,20.332],[83.1311,20.3706],[83.1258,20.3969],[83.1317,20.4019],[83.1364,20.3955],[83.1398,20.4034],[83.1532,20.403],[83.1597,20.4186],[83.1805,20.4168],[83.179,20.4268],[83.2074,20.4103],[83.2007,20.4154],[83.2051,20.4225],[83.2026,20.4343],[83.1912,20.4247],[83.1802,20.4305],[83.1678,20.4522],[83.1641,20.4501],[83.1617,20.4556],[83.1501,20.457],[83.1285,20.4789],[83.1262,20.4965],[83.1124,20.506],[83.1013,20.5244],[83.0776,20.5345],[83.0717,20.5367],[83.0538,20.5077],[83.0387,20.5041],[83.0227,20.5068],[83.0211,20.5001],[83.0099,20.5027],[83.0114,20.4967],[82.9988,20.4925],[82.9975,20.486],[83.0015,20.4792],[83.0166,20.4754],[83.0191,20.4703],[82.9915,20.4646]]]}},{"type":"Feature","properties":{"ac_name":"TITLAGARH","ac_no":69,"ac_category":"GEN","st_name":"ODISHA"},"geometry":{"type":"Polygon","coordinates":[[[83.1621,20.6],[83.1493,20.6076],[83.1326,20.5909],[83.1189,20.6035],[83.1188,20.5891],[83.1101,20.5828],[83.1095,20.5729],[83.1033,20.5666],[83.1093,20.5646],[83.1095,20.5555],[83.0982,20.5592],[83.1041,20.5499],[83.094,20.5528],[83.0825,20.5478],[83.0776,20.5345],[83.1013,20.5244],[83.1124,20.506],[83.1262,20.4965],[83.1285,20.4789],[83.1501,20.457],[83.1617,20.4556],[83.1641,20.4501],[83.1678,20.4522],[83.1802,20.4305],[83.1912,20.4247],[83.2026,20.4343],[83.2051,20.4225],[83.2007,20.4154],[83.2074,20.4103],[83.179,20.4268],[83.1805,20.4168],[83.1597,20.4186],[83.1532,20.403],[83.1398,20.4034],[83.1364,20.3955],[83.1317,20.4019],[83.1258,20.3969],[83.1311,20.3706],[83.1285,20.332],[83.1351,20.324],[83.1434,20.3267],[83.1486,20.2947],[83.1229,20.2938],[83.1147,20.2813],[83.1003,20.2771],[83.0921,20.2838],[83.0823,20.2551],[83.0593,20.263],[83.06,20.2592],[83.0321,20.2608],[83.0265,20.258],[83.0274,20.2458],[83.0088,20.2575],[82.9931,20.2544],[82.9853,20.2601],[82.9788,20.2329],[82.9841,20.2179],[82.9946,20.2185],[82.9922,20.2021],[82.9793,20.2015],[82.9516,20.2139],[82.9422,20.2082],[82.9357,20.2104],[82.9286,20.2009],[82.9243,20.1782],[82.944,20.1739],[82.9754,20.1806],[82.9797,20.1763],[82.9905,20.1789],[83.0156,20.1717],[83.0292,20.1782],[83.0339,20.1864],[83.038,20.1821],[83.0512,20.1885],[83.0603,20.1859],[83.0656,20.1907],[83.0853,20.1925],[83.0905,20.2001],[83.1011,20.1916],[83.1281,20.195],[83.1446,20.1698],[83.1523,20.1737],[83.1737,20.1715],[83.1931,20.1783],[83.2036,20.1947],[83.2252,20.2049],[83.2396,20.2318],[83.2342,20.2476],[83.238,20.257],[83.2819,20.2786],[83.3006,20.3053],[83.3144,20.3052],[83.3407,20.3164],[83.3608,20.3163],[83.3644,20.3422],[83.3883,20.3478],[83.4106,20.3725],[83.4222,20.404],[83.4482,20.4198],[83.4861,20.4548],[83.4941,20.4503],[83.4944,20.4359],[83.4979,20.4352],[83.4903,20.429],[83.4876,20.4184],[83.4914,20.405],[83.5023,20.4159],[83.5191,20.4115],[83.5194,20.4051],[83.5429,20.3969],[83.5491,20.4015],[83.5543,20.3999],[83.5698,20.3877],[83.577,20.3635],[83.6035,20.3572],[83.6243,20.3503],[83.6227,20.362],[83.628,20.3688],[83.652,20.3659],[83.6538,20.371],[83.6481,20.381],[83.6507,20.3883],[83.6551,20.3892],[83.6624,20.4034],[83.6579,20.4143],[83.6624,20.4147],[83.6658,20.4226],[83.6585,20.4247],[83.6561,20.4332],[83.6273,20.4475],[83.6186,20.4473],[83.6184,20.4578],[83.6102,20.4656],[83.5964,20.469],[83.5963,20.4766],[83.5838,20.4879],[83.5693,20.4829],[83.5633,20.4728],[83.5506,20.4693],[83.5487,20.4961],[83.5373,20.4973],[83.5289,20.4921],[83.5396,20.5007],[83.5405,20.5039],[83.536,20.5041],[83.5421,20.5096],[83.5375,20.5236],[83.5261,20.5376],[83.5222,20.5366],[83.5269,20.5263],[83.5257,20.5152],[83.5156,20.5225],[83.5093,20.5154],[83.5019,20.519],[83.4986,20.5298],[83.4901,20.5312],[83.4821,20.539],[83.4779,20.5324],[83.4829,20.5304],[83.4844,20.5206],[83.472,20.5073],[83.4341,20.5303],[83.4097,20.5015],[83.3888,20.5125],[83.394,20.5161],[83.3688,20.5183],[83.3676,20.5272],[83.3548,20.5272],[83.3436,20.5356],[83.3316,20.5316],[83.3273,20.5344],[83.3139,20.5213],[83.2929,20.5279],[83.2838,20.5159],[83.2571,20.5115],[83.2425,20.5266],[83.2523,20.5349],[83.2508,20.548],[83.2423,20.5502],[83.2287,20.5388],[83.2123,20.5425],[83.2007,20.5528],[83.2135,20.557],[83.2051,20.5611],[83.206,20.5674],[83.1849,20.5706],[83.1828,20.5752],[83.189,20.5865],[83.1621,20.6]]]}},{"type":"Feature","properties":{"ac_name":"DASPALLA","ac_no":121,"ac_category":"SC","st_name":"ODISHA"},"geometry":{"type":"Polygon","coordinates":[[[84.7478,20.5391],[84.7368,20.5396],[84.7317,20.5326],[84.7125,20.5242],[84.711,20.5066],[84.6967,20.4978],[84.6925,20.4701],[84.6805,20.4602],[84.6882,20.4589],[84.6911,20.4503],[84.6858,20.4482],[84.6896,20.4412],[84.6814,20.4375],[84.6807,20.4329],[84.6737,20.434],[84.6632,20.4246],[84.6466,20.4236],[84.6182,20.4342],[84.604,20.4201],[84.5898,20.4237],[84.5635,20.4114],[84.5423,20.4187],[84.5396,20.4101],[84.5304,20.4104],[84.522,20.4033],[84.5183,20.4055],[84.5101,20.3959],[84.513,20.3827],[84.5205,20.3814],[84.5183,20.3695],[84.4954,20.3585],[84.4937,20.3502],[84.4832,20.3479],[84.4866,20.338],[84.5033,20.3313],[84.5115,20.3378],[84.5093,20.3264],[84.5151,20.3189],[84.5211,20.3256],[84.5428,20.3233],[84.552,20.284],[84.5438,20.2756],[84.5465,20.2599],[84.5415,20.2526],[84.5483,20.233],[84.5578,20.2271],[84.585,20.1865],[84.5975,20.1758],[84.6203,20.1885],[84.6339,20.1901],[84.6374,20.1969],[84.6491,20.2033],[84.6513,20.2269],[84.665,20.2437],[84.666,20.2509],[84.6723,20.2741],[84.6967,20.2812],[84.7281,20.2588],[84.7354,20.2441],[84.7583,20.2421],[84.7653,20.2462],[84.7738,20.2434],[84.7824,20.232],[84.8227,20.2232],[84.8318,20.2163],[84.8237,20.1798],[84.826,20.1585],[84.8218,20.1201],[84.8074,20.1152],[84.8066,20.1038],[84.7978,20.0922],[84.8107,20.0677],[84.8419,20.0465],[84.8565,20.0567],[84.865,20.0474],[84.8684,20.0505],[84.8752,20.0473],[84.8793,20.0598],[84.8912,20.0645],[84.896,20.0583],[84.9028,20.0692],[84.9057,20.0627],[84.9028,20.0562],[84.9113,20.0577],[84.9189,20.0535],[84.9582,20.0702],[84.9493,20.0829],[84.9557,20.1012],[84.9655,20.1037],[84.9621,20.1083],[84.9678,20.1144],[84.9587,20.1141],[84.9558,20.1222],[84.9635,20.1225],[84.96,20.1351],[84.9685,20.1302],[84.9793,20.1444],[84.9846,20.1435],[84.9873,20.1201],[84.9929,20.1308],[84.9992,20.1329],[84.9988,20.1405],[85.0141,20.1385],[85.0189,20.1279],[85.0421,20.1236],[85.0479,20.1344],[85.0544,20.1326],[85.061,20.1374],[85.0499,20.1479],[85.0564,20.1511],[85.0583,20.1624],[85.0834,20.1538],[85.0938,20.1679],[85.0868,20.1675],[85.0796,20.1735],[85.0819,20.1771],[85.0771,20.1863],[85.0861,20.1865],[85.079,20.1923],[85.0816,20.2035],[85.0761,20.2142],[85.0865,20.2054],[85.0945,20.2144],[85.0995,20.2069],[85.113,20.2071],[85.1186,20.2226],[85.1081,20.2243],[85.0921,20.2461],[85.0806,20.2478],[85.0599,20.2631],[85.0448,20.2676],[85.0366,20.2821],[85.0255,20.2847],[85.0023,20.3028],[84.9914,20.3204],[84.9965,20.3293],[84.9929,20.3375],[84.9876,20.3385],[84.9852,20.353],[85.0044,20.375],[85.022,20.3853],[85.0366,20.3854],[85.0424,20.3919],[85.057,20.3762],[85.0761,20.3723],[85.0833,20.3752],[85.0961,20.3848],[85.0939,20.396],[85.105,20.411],[85.0737,20.4173],[84.9491,20.4887],[84.9206,20.4959],[84.8863,20.4969],[84.8744,20.5029],[84.8485,20.5281],[84.8209,20.5609],[84.7902,20.5812],[84.7913,20.561],[84.7859,20.5499],[84.7779,20.5492],[84.766,20.5318],[84.7478,20.5391]]]}},{"type":"Feature","properties":{"ac_name":"MAHAKALAPADA","ac_no":100,"ac_category":"GEN","st_name":"ODISHA"},"geometry":{"type":"Polygon","coordinates":[[[86.549,20.4868],[86.5314,20.4758],[86.5158,20.4781],[86.5042,20.4705],[86.5006,20.485],[86.4839,20.4921],[86.4769,20.4878],[86.4742,20.477],[86.4708,20.4789],[86.4756,20.4862],[86.4722,20.4873],[86.4614,20.4818],[86.4449,20.4824],[86.4507,20.4694],[86.4556,20.4693],[86.4619,20.4785],[86.467,20.4731],[86.4544,20.4677],[86.4552,20.4501],[86.4418,20.4461],[86.4365,20.4492],[86.4343,20.4455],[86.4444,20.4408],[86.4449,20.429],[86.4492,20.4384],[86.4619,20.4196],[86.429,20.4141],[86.4227,20.4239],[86.4109,20.4175],[86.4062,20.4236],[86.4033,20.4159],[86.3975,20.4182],[86.395,20.4112],[86.3962,20.4072],[86.409,20.4046],[86.405,20.3967],[86.4101,20.3898],[86.4083,20.3816],[86.4224,20.3843],[86.4297,20.3959],[86.444,20.3841],[86.4407,20.3773],[86.4514,20.3618],[86.4428,20.3538],[86.4358,20.3593],[86.4207,20.3602],[86.4186,20.3659],[86.4119,20.3591],[86.4111,20.3521],[86.423,20.3424],[86.4344,20.3481],[86.4322,20.3356],[86.4414,20.3371],[86.4547,20.3312],[86.4733,20.3378],[86.4979,20.3289],[86.5189,20.3414],[86.5524,20.3238],[86.5761,20.3364],[86.607,20.3419],[86.6178,20.336],[86.6598,20.3285],[86.6792,20.3168],[86.6895,20.3002],[86.6964,20.2969],[86.7284,20.3016],[86.7766,20.3347],[86.7765,20.3454],[86.8098,20.375],[86.8052,20.3991],[86.7976,20.4006],[86.8044,20.3912],[86.8007,20.3872],[86.7972,20.3963],[86.7973,20.3782],[86.7917,20.3875],[86.7956,20.3895],[86.7936,20.4101],[86.8102,20.4513],[86.7967,20.4927],[86.8013,20.4691],[86.7971,20.4601],[86.8023,20.444],[86.7914,20.4334],[86.7923,20.412],[86.7856,20.3838],[86.7826,20.3823],[86.7791,20.3917],[86.7648,20.393],[86.7438,20.3788],[86.7447,20.3911],[86.7363,20.3971],[86.7247,20.3782],[86.7097,20.3963],[86.7109,20.4012],[86.7225,20.398],[86.7308,20.4114],[86.7304,20.4415],[86.7362,20.4612],[86.7233,20.4803],[86.733,20.4826],[86.7434,20.4738],[86.7491,20.4744],[86.7578,20.4944],[86.7538,20.5185],[86.7369,20.5227],[86.7199,20.5073],[86.7019,20.5007],[86.6676,20.5018],[86.6558,20.4957],[86.6537,20.5003],[86.6416,20.4991],[86.6356,20.4965],[86.6308,20.486],[86.6158,20.491],[86.6087,20.4835],[86.6099,20.4905],[86.6012,20.4973],[86.5965,20.492],[86.6013,20.4866],[86.5952,20.4773],[86.5775,20.4788],[86.5656,20.4689],[86.549,20.4868]]]}},{"type":"Feature","properties":{"ac_name":"BARABATI-CUTTACK","ac_no":90,"ac_category":"GEN","st_name":"ODISHA"},"geometry":{"type":"Polygon","coordinates":[[[85.819,20.5079],[85.8255,20.4986],[85.8051,20.5061],[85.7973,20.4988],[85.7777,20.5008],[85.7661,20.4945],[85.7709,20.4811],[85.7687,20.4708],[85.7916,20.4678],[85.8,20.4496],[85.8311,20.4578],[85.8299,20.4537],[85.8359,20.4499],[85.8529,20.4628],[85.8586,20.4621],[85.8748,20.4581],[85.878,20.4377],[85.8732,20.4349],[85.8784,20.4173],[85.8798,20.4229],[85.8894,20.4249],[85.8877,20.4368],[85.8932,20.4417],[85.9302,20.4402],[85.9395,20.4595],[85.9244,20.4685],[85.9304,20.4878],[85.945,20.4988],[85.9464,20.5118],[85.9402,20.5117],[85.9139,20.5108],[85.9043,20.501],[85.8863,20.4991],[85.8644,20.5048],[85.819,20.5079]]]}},{"type":"Feature","properties":{"ac_name":"BANKI","ac_no":88,"ac_category":"GEN","st_name":"ODISHA"},"geometry":{"type":"Polygon","coordinates":[[[85.7661,20.4945],[85.7638,20.4782],[85.7477,20.4564],[85.7221,20.4395],[85.7111,20.4374],[85.6692,20.4469],[85.6461,20.4596],[85.6483,20.472],[85.6308,20.4769],[85.6328,20.4843],[85.6183,20.4853],[85.6216,20.4911],[85.6163,20.4953],[85.6027,20.4962],[85.5845,20.4802],[85.5759,20.4814],[85.5612,20.4702],[85.562,20.4616],[85.5542,20.4555],[85.5643,20.4203],[85.5485,20.4172],[85.545,20.4309],[85.5305,20.4343],[85.5355,20.4147],[85.5309,20.4118],[85.5257,20.4166],[85.5286,20.4241],[85.5244,20.4329],[85.5125,20.434],[85.5108,20.4285],[85.5226,20.4182],[85.5241,20.4093],[85.5081,20.4046],[85.5066,20.4307],[85.4988,20.4303],[85.4858,20.4194],[85.4885,20.4125],[85.5,20.4115],[85.4986,20.3982],[85.4897,20.3982],[85.4911,20.3883],[85.468,20.3807],[85.3693,20.3663],[85.3719,20.3514],[85.359,20.3461],[85.3488,20.3208],[85.354,20.3027],[85.3435,20.285],[85.3329,20.2812],[85.3349,20.273],[85.3476,20.2731],[85.3692,20.2767],[85.3807,20.2865],[85.3935,20.2781],[85.3966,20.2604],[85.4061,20.257],[85.4198,20.2731],[85.4289,20.2738],[85.445,20.2648],[85.4525,20.2674],[85.4593,20.2954],[85.4823,20.298],[85.51,20.2911],[85.5212,20.2933],[85.525,20.3057],[85.5475,20.3017],[85.5506,20.3131],[85.5645,20.2996],[85.5803,20.3021],[85.6233,20.2926],[85.6334,20.3013],[85.6286,20.3037],[85.6298,20.3131],[85.6425,20.3256],[85.6496,20.324],[85.6644,20.3317],[85.6771,20.3246],[85.6789,20.337],[85.6964,20.3554],[85.7054,20.388],[85.7154,20.4038],[85.7329,20.4105],[85.7395,20.4058],[85.759,20.4071],[85.7655,20.4137],[85.7719,20.4038],[85.7729,20.4079],[85.7862,20.4126],[85.7861,20.4186],[85.7816,20.4177],[85.7791,20.4224],[85.7852,20.4345],[85.7936,20.4278],[85.8005,20.4359],[85.8061,20.4354],[85.8088,20.4286],[85.8167,20.425],[85.8186,20.4126],[85.8283,20.405],[85.8365,20.4052],[85.84,20.4099],[85.8518,20.4019],[85.864,20.402],[85.8656,20.4136],[85.868,20.4247],[85.8577,20.4453],[85.8586,20.4621],[85.8529,20.4628],[85.8359,20.4499],[85.8299,20.4537],[85.8311,20.4578],[85.8,20.4496],[85.7916,20.4678],[85.7687,20.4708],[85.7709,20.4811],[85.7661,20.4945]]]}},{"type":"Feature","properties":{"ac_name":"JATANI","ac_no":115,"ac_category":"GEN","st_name":"ODISHA"},"geometry":{"type":"Polygon","coordinates":[[[85.8283,20.405],[85.8186,20.4126],[85.8167,20.425],[85.8088,20.4286],[85.8061,20.4354],[85.8005,20.4359],[85.7936,20.4278],[85.7852,20.4345],[85.7791,20.4224],[85.7816,20.4177],[85.7861,20.4186],[85.7862,20.4126],[85.7729,20.4079],[85.7719,20.4038],[85.7655,20.4137],[85.759,20.4071],[85.7395,20.4058],[85.7329,20.4105],[85.7154,20.4038],[85.7054,20.388],[85.6964,20.3554],[85.6789,20.337],[85.6771,20.3246],[85.6644,20.3317],[85.6496,20.324],[85.6425,20.3256],[85.6298,20.3131],[85.6286,20.3037],[85.6334,20.3013],[85.6233,20.2926],[85.5803,20.3021],[85.5645,20.2996],[85.5506,20.3131],[85.5475,20.3017],[85.5422,20.2993],[85.5458,20.2907],[85.5371,20.2827],[85.5355,20.2684],[85.5257,20.2598],[85.5416,20.2382],[85.5528,20.2353],[85.5518,20.2304],[85.5401,20.2267],[85.5388,20.2059],[85.5327,20.2004],[85.5536,20.1935],[85.5494,20.1763],[85.5557,20.1704],[85.5675,20.1742],[85.5865,20.1712],[85.5902,20.1772],[85.5999,20.1793],[85.6049,20.2034],[85.6208,20.2039],[85.6301,20.2037],[85.6391,20.1919],[85.6551,20.189],[85.6506,20.1676],[85.661,20.1654],[85.6602,20.1563],[85.6446,20.1537],[85.6273,20.1384],[85.6401,20.1157],[85.651,20.1102],[85.6492,20.0983],[85.6493,20.098],[85.6503,20.0663],[85.6764,20.0694],[85.681,20.0766],[85.675,20.0779],[85.6722,20.0883],[85.6937,20.0953],[85.6853,20.0977],[85.6862,20.1042],[85.6756,20.1119],[85.6758,20.1242],[85.683,20.1282],[85.6804,20.1352],[85.6857,20.1528],[85.6898,20.151],[85.6939,20.1568],[85.6943,20.1525],[85.7027,20.151],[85.7047,20.1401],[85.7068,20.1455],[85.7161,20.146],[85.7207,20.1416],[85.7144,20.1367],[85.7208,20.1292],[85.7257,20.1348],[85.7218,20.1421],[85.7291,20.1498],[85.7453,20.1484],[85.7496,20.1458],[85.7488,20.1397],[85.7573,20.1417],[85.7587,20.1453],[85.7535,20.1466],[85.7555,20.1522],[85.7638,20.1528],[85.7622,20.1686],[85.7812,20.1669],[85.7848,20.1642],[85.7789,20.1581],[85.7969,20.1511],[85.805,20.16],[85.8024,20.1656],[85.807,20.1772],[85.8163,20.1789],[85.8219,20.1863],[85.8151,20.1894],[85.8146,20.204],[85.8077,20.2064],[85.811,20.2152],[85.807,20.2163],[85.8144,20.2282],[85.8101,20.2325],[85.7941,20.2402],[85.7875,20.2324],[85.7729,20.2473],[85.7759,20.2623],[85.7539,20.2675],[85.7614,20.2791],[85.7563,20.2807],[85.7657,20.3085],[85.7775,20.3137],[85.7846,20.3112],[85.7991,20.3204],[85.7976,20.3408],[85.7994,20.3438],[85.786,20.3619],[85.7965,20.3707],[85.8017,20.3661],[85.8152,20.3689],[85.8176,20.3687],[85.8149,20.3884],[85.8263,20.395],[85.8283,20.405]]]}},{"type":"Feature","properties":{"ac_name":"BHUBANESWAR(UTTAR)","ac_no":113,"ac_category":"GEN","st_name":"ODISHA"},"geometry":{"type":"Polygon","coordinates":[[[85.8711,20.402],[85.8723,20.4136],[85.8656,20.4136],[85.864,20.402],[85.8518,20.4019],[85.84,20.4099],[85.8365,20.4052],[85.8283,20.405],[85.8263,20.395],[85.8149,20.3884],[85.8176,20.3687],[85.8285,20.3649],[85.8337,20.3579],[85.8322,20.3519],[85.845,20.3442],[85.8448,20.3311],[85.8515,20.3305],[85.8626,20.3138],[85.8805,20.3026],[85.8961,20.3217],[85.8926,20.3328],[85.8976,20.3364],[85.8794,20.3516],[85.8764,20.3474],[85.8719,20.3517],[85.8677,20.3753],[85.8589,20.381],[85.8597,20.3898],[85.8674,20.3937],[85.8711,20.402]]]}},{"type":"Feature","properties":{"ac_name":"NARLA","ac_no":81,"ac_category":"GEN","st_name":"ODISHA"},"geometry":{"type":"Polygon","coordinates":[[[83.6035,20.3572],[83.577,20.3635],[83.5698,20.3877],[83.5543,20.3999],[83.5491,20.4015],[83.5429,20.3969],[83.5194,20.4051],[83.5191,20.4115],[83.5023,20.4159],[83.4914,20.405],[83.4876,20.4184],[83.4903,20.429],[83.4979,20.4352],[83.4944,20.4359],[83.4941,20.4503],[83.4861,20.4548],[83.4482,20.4198],[83.4222,20.404],[83.4106,20.3725],[83.3883,20.3478],[83.3644,20.3422],[83.3608,20.3163],[83.3407,20.3164],[83.3144,20.3052],[83.3006,20.3053],[83.2819,20.2786],[83.238,20.257],[83.2342,20.2476],[83.2396,20.2318],[83.2252,20.2049],[83.2392,20.1876],[83.261,20.1776],[83.2603,20.1732],[83.2829,20.1757],[83.264,20.1433],[83.2861,20.1354],[83.2852,20.1471],[83.309,20.1423],[83.3079,20.1219],[83.299,20.1188],[83.3025,20.1161],[83.2991,20.1118],[83.2857,20.105],[83.2763,20.1056],[83.273,20.1005],[83.2588,20.107],[83.2534,20.1002],[83.2477,20.1],[83.2458,20.0671],[83.2532,20.0538],[83.2344,20.0564],[83.2357,20.0477],[83.2292,20.0389],[83.2299,20.0307],[83.235,20.0309],[83.2401,20.0194],[83.2376,20.0142],[83.2529,20.0038],[83.267,19.9785],[83.277,19.9773],[83.2742,19.986],[83.2811,19.9885],[83.2938,19.9859],[83.2893,19.9797],[83.3091,19.9684],[83.3089,19.9596],[83.311,19.9443],[83.3,19.9394],[83.3047,19.9374],[83.3056,19.9295],[83.3198,19.9357],[83.3348,19.931],[83.3633,19.935],[83.3618,19.9599],[83.3329,19.9908],[83.3457,20.0005],[83.3559,19.9974],[83.3601,20.0144],[83.3697,20.0192],[83.3755,20.0125],[83.373,20.0088],[83.3923,20.0023],[83.3972,19.9878],[83.4014,19.9877],[83.4026,19.9975],[83.412,20.007],[83.4118,20.0172],[83.4319,20.0446],[83.4337,20.0641],[83.44,20.0665],[83.4417,20.081],[83.4446,20.0667],[83.4505,20.0687],[83.4638,20.0608],[83.4803,20.0601],[83.5012,20.0409],[83.5469,20.0326],[83.5539,20.0529],[83.5621,20.0499],[83.569,20.0555],[83.5726,20.0654],[83.5668,20.0723],[83.576,20.0794],[83.572,20.0853],[83.5836,20.091],[83.5788,20.0966],[83.5883,20.0989],[83.5811,20.1077],[83.585,20.1139],[83.5994,20.1025],[83.6149,20.1034],[83.6168,20.0976],[83.6335,20.0884],[83.664,20.1082],[83.6756,20.1109],[83.6916,20.1005],[83.7105,20.1015],[83.7195,20.1153],[83.716,20.1306],[83.7267,20.1261],[83.7312,20.1353],[83.7278,20.1412],[83.734,20.1481],[83.7425,20.1491],[83.7469,20.1563],[83.7626,20.1645],[83.7743,20.1592],[83.7776,20.1726],[83.7898,20.1806],[83.7908,20.1934],[83.783,20.213],[83.7704,20.206],[83.7315,20.2089],[83.741,20.2222],[83.7189,20.2372],[83.7251,20.2434],[83.7231,20.252],[83.7184,20.2538],[83.7172,20.2901],[83.7096,20.3112],[83.712,20.3223],[83.7009,20.3515],[83.7058,20.3678],[83.699,20.373],[83.6916,20.3716],[83.6598,20.3816],[83.6507,20.3883],[83.6481,20.381],[83.6538,20.371],[83.652,20.3659],[83.628,20.3688],[83.6227,20.362],[83.6243,20.3503],[83.6035,20.3572]]]}},{"type":"Feature","properties":{"ac_name":"TIRTOL","ac_no":102,"ac_category":"SC","st_name":"ODISHA"},"geometry":{"type":"Polygon","coordinates":[[[86.2485,20.3647],[86.2175,20.3608],[86.2042,20.3672],[86.1974,20.3647],[86.1892,20.3754],[86.1664,20.3785],[86.1375,20.357],[86.1078,20.3643],[86.1065,20.3684],[86.1133,20.3687],[86.1053,20.374],[86.0982,20.3638],[86.0885,20.3624],[86.0703,20.3759],[86.0672,20.3828],[86.0252,20.4024],[86.0131,20.3824],[86.0146,20.3747],[86.0233,20.3498],[86.0333,20.3384],[86.0279,20.3336],[86.0316,20.3102],[86.0274,20.2974],[86.0365,20.2932],[86.0453,20.2789],[86.0669,20.2667],[86.0722,20.2487],[86.0828,20.2772],[86.0956,20.2885],[86.0954,20.3097],[86.1065,20.3092],[86.122,20.2979],[86.1318,20.2965],[86.1459,20.3091],[86.1565,20.3034],[86.155,20.3204],[86.1735,20.3119],[86.1769,20.3194],[86.1899,20.3216],[86.1965,20.315],[86.1835,20.2766],[86.1962,20.2719],[86.2128,20.2921],[86.2197,20.2943],[86.2256,20.2883],[86.2256,20.2924],[86.232,20.2951],[86.2353,20.2826],[86.231,20.2753],[86.2361,20.2636],[86.2413,20.2646],[86.2479,20.2584],[86.245,20.2496],[86.2532,20.2364],[86.2526,20.218],[86.2618,20.2136],[86.2733,20.2235],[86.2862,20.2199],[86.2991,20.2224],[86.3066,20.2103],[86.3214,20.2048],[86.3354,20.179],[86.3449,20.18],[86.346,20.1865],[86.3356,20.1952],[86.3342,20.2048],[86.3553,20.2026],[86.3594,20.1982],[86.3734,20.2094],[86.366,20.2131],[86.3731,20.2206],[86.3866,20.2214],[86.3896,20.2343],[86.3763,20.2295],[86.373,20.2419],[86.3591,20.2438],[86.3563,20.2567],[86.3482,20.2589],[86.3491,20.2531],[86.3421,20.2501],[86.3388,20.2551],[86.3327,20.2541],[86.3344,20.2603],[86.329,20.2667],[86.3349,20.2694],[86.3296,20.272],[86.345,20.2982],[86.3501,20.2918],[86.3534,20.3043],[86.3606,20.3058],[86.3628,20.3108],[86.3528,20.3179],[86.3545,20.3401],[86.3436,20.3487],[86.344,20.3568],[86.3475,20.3563],[86.3363,20.3694],[86.3238,20.3673],[86.3248,20.3586],[86.3169,20.3541],[86.3087,20.362],[86.3028,20.3547],[86.287,20.3632],[86.2721,20.3583],[86.273,20.3704],[86.2684,20.373],[86.2632,20.3667],[86.2485,20.3647]]]}},{"type":"Feature","properties":{"ac_name":"KHARIAR","ac_no":72,"ac_category":"GEN","st_name":"ODISHA"},"geometry":{"type":"Polygon","coordinates":[[[82.5734,20.4529],[82.5578,20.4494],[82.5538,20.4397],[82.5579,20.4378],[82.5553,20.4299],[82.5587,20.4246],[82.5369,20.3696],[82.432,20.4169],[82.4166,20.4077],[82.4212,20.3929],[82.4004,20.3416],[82.4089,20.3278],[82.421,20.3241],[82.4308,20.314],[82.43,20.301],[82.4378,20.2944],[82.4329,20.2818],[82.4123,20.2671],[82.4114,20.2601],[82.4223,20.248],[82.4106,20.2427],[82.4151,20.2268],[82.4225,20.2208],[82.4206,20.2049],[82.4135,20.1994],[82.4116,20.1815],[82.39,20.1637],[82.3941,20.1526],[82.3858,20.1465],[82.3977,20.1238],[82.4014,20.0961],[82.4015,20.081],[82.3958,20.069],[82.3983,20.0582],[82.448,20.0407],[82.4607,20.0419],[82.47,20.0359],[82.4786,20.0382],[82.4937,20.0244],[82.5081,20.0186],[82.5505,20.018],[82.5833,20.0032],[82.5953,19.9918],[82.6205,19.9924],[82.633,20.0042],[82.6417,20.0066],[82.7122,19.9974],[82.7299,20.0238],[82.7399,20.0218],[82.7435,20.0257],[82.7476,20.0427],[82.744,20.054],[82.7549,20.0548],[82.7874,20.1021],[82.8136,20.1014],[82.8205,20.1131],[82.8161,20.1283],[82.8228,20.1651],[82.8106,20.1714],[82.8119,20.1848],[82.8165,20.189],[82.837,20.1892],[82.8471,20.1958],[82.848,20.2067],[82.861,20.2314],[82.8594,20.2365],[82.8522,20.2369],[82.8509,20.2431],[82.8601,20.2693],[82.8459,20.29],[82.8392,20.2816],[82.821,20.2811],[82.8106,20.2952],[82.8193,20.3075],[82.8155,20.3159],[82.8185,20.3204],[82.8341,20.3211],[82.837,20.3166],[82.8336,20.307],[82.8415,20.3031],[82.8364,20.2953],[82.8465,20.2915],[82.8518,20.3016],[82.8521,20.3382],[82.8468,20.3408],[82.8352,20.336],[82.8225,20.3443],[82.815,20.3587],[82.807,20.3407],[82.8116,20.3273],[82.8027,20.321],[82.7885,20.3244],[82.7938,20.3383],[82.7902,20.3471],[82.8127,20.3636],[82.8148,20.3816],[82.8037,20.3851],[82.7962,20.3722],[82.7812,20.3701],[82.7765,20.3571],[82.7712,20.3544],[82.7636,20.3536],[82.7482,20.3624],[82.7319,20.3563],[82.7153,20.3562],[82.714,20.3663],[82.7233,20.3713],[82.73,20.3828],[82.7152,20.3985],[82.7069,20.383],[82.6994,20.3855],[82.6918,20.3816],[82.6786,20.3915],[82.6734,20.3798],[82.6583,20.3816],[82.653,20.3923],[82.6369,20.4061],[82.6309,20.4205],[82.6365,20.4238],[82.6256,20.4322],[82.6021,20.4368],[82.5928,20.4436],[82.5715,20.4282],[82.5775,20.4441],[82.5734,20.4529]]]}},{"type":"Feature","properties":{"ac_name":"BALIGUDA","ac_no":82,"ac_category":"ST","st_name":"ODISHA"},"geometry":{"type":"Polygon","coordinates":[[[83.6658,20.4226],[83.6624,20.4147],[83.6579,20.4143],[83.6624,20.4034],[83.6551,20.3892],[83.6507,20.3883],[83.6598,20.3816],[83.6916,20.3716],[83.699,20.373],[83.7058,20.3678],[83.7009,20.3515],[83.712,20.3223],[83.7096,20.3112],[83.7172,20.2901],[83.7184,20.2538],[83.7231,20.252],[83.7251,20.2434],[83.7189,20.2372],[83.741,20.2222],[83.7315,20.2089],[83.7704,20.206],[83.783,20.213],[83.7908,20.1934],[83.7898,20.1806],[83.7776,20.1726],[83.7743,20.1592],[83.7626,20.1645],[83.7469,20.1563],[83.7425,20.1491],[83.734,20.1481],[83.7278,20.1412],[83.7312,20.1353],[83.7267,20.1261],[83.716,20.1306],[83.7195,20.1153],[83.7105,20.1015],[83.6916,20.1005],[83.6756,20.1109],[83.664,20.1082],[83.6335,20.0884],[83.6168,20.0976],[83.6149,20.1034],[83.5994,20.1025],[83.585,20.1139],[83.5811,20.1077],[83.5883,20.0989],[83.5788,20.0966],[83.5836,20.091],[83.572,20.0853],[83.576,20.0794],[83.5668,20.0723],[83.5726,20.0654],[83.569,20.0555],[83.5621,20.0499],[83.5539,20.0529],[83.5469,20.0326],[83.5411,20.021],[83.5243,20.0172],[83.5004,19.9937],[83.5032,19.9748],[83.4949,19.9606],[83.5338,19.9475],[83.5519,19.9309],[83.5597,19.9301],[83.5538,19.9106],[83.5378,19.8967],[83.5269,19.878],[83.5281,19.8545],[83.5346,19.858],[83.5423,19.8438],[83.5856,19.8232],[83.5975,19.8283],[83.5998,19.8345],[83.607,19.816],[83.6189,19.8148],[83.62,19.8044],[83.6155,19.8004],[83.621,19.7752],[83.6082,19.7601],[83.608,19.7509],[83.6254,19.7444],[83.6321,19.7306],[83.6318,19.7168],[83.6422,19.7041],[83.6351,19.6712],[83.6491,19.6576],[83.6541,19.6637],[83.6625,19.665],[83.6697,19.6778],[83.6894,19.6891],[83.6951,19.6909],[83.7107,19.6761],[83.7224,19.6719],[83.7291,19.6547],[83.7419,19.6552],[83.7495,19.6692],[83.7631,19.6773],[83.7664,19.7165],[83.7912,19.7112],[83.8142,19.7213],[83.8192,19.7132],[83.8322,19.7072],[83.8366,19.7116],[83.8449,19.7094],[83.8425,19.7025],[83.8497,19.7007],[83.8535,19.6863],[83.8728,19.6718],[83.9056,19.6721],[83.9163,19.6808],[83.9214,19.6763],[83.93,19.6788],[83.9488,19.699],[83.9588,19.7249],[83.9573,19.7432],[83.9666,19.7807],[83.9629,19.7888],[83.9524,19.7923],[83.959,19.8061],[83.9497,19.8144],[83.957,19.838],[83.9712,19.8621],[83.9681,19.8851],[83.9745,19.8936],[83.9864,19.8957],[83.9867,19.9101],[83.9818,19.9132],[83.9813,19.9206],[83.9836,19.9269],[83.9968,19.9323],[84.0002,19.9515],[83.9975,19.9691],[83.9871,19.9646],[83.9884,19.9498],[83.951,19.9414],[83.9393,19.9349],[83.9165,19.9329],[83.9183,19.9484],[83.8978,19.9619],[83.8863,19.9427],[83.8658,19.9385],[83.8595,19.9431],[83.8588,19.9527],[83.8646,19.9629],[83.8764,19.9653],[83.8766,19.9702],[83.859,19.9695],[83.85,19.9824],[83.8381,19.9817],[83.8026,19.9914],[83.8045,19.9975],[83.7988,19.9987],[83.7981,20.0156],[83.8246,20.0272],[83.8345,20.0222],[83.8495,20.0276],[83.8598,20.038],[83.8764,20.0321],[83.8949,20.0356],[83.9034,20.0225],[83.9227,20.0231],[83.9291,20.0379],[83.9358,20.042],[83.9343,20.0495],[83.9519,20.0589],[83.9579,20.0751],[83.9737,20.0704],[83.9809,20.0844],[84.0003,20.0697],[83.9942,20.0338],[84.0018,20.0316],[84.0061,20.0391],[84.0187,20.0262],[84.0352,20.0359],[84.0506,20.0629],[84.0626,20.0616],[84.0673,20.0693],[84.0627,20.0777],[84.0736,20.0843],[84.0817,20.0821],[84.0746,20.0791],[84.0675,20.0564],[84.0741,20.0353],[84.0807,20.0409],[84.0834,20.0533],[84.088,20.0497],[84.1,20.0625],[84.0922,20.0453],[84.0944,20.0407],[84.1032,20.04],[84.1077,20.0496],[84.1234,20.046],[84.1195,20.0292],[84.1297,20.037],[84.1335,20.0539],[84.1403,20.0475],[84.1451,20.0508],[84.1489,20.0648],[84.1846,20.0514],[84.1927,20.0552],[84.1904,20.064],[84.1966,20.0917],[84.2089,20.0963],[84.2128,20.1028],[84.2126,20.1157],[84.2037,20.121],[84.216,20.1308],[84.2168,20.1441],[84.206,20.1522],[84.2045,20.1623],[84.1936,20.1596],[84.1798,20.166],[84.1785,20.176],[84.1659,20.1925],[84.1607,20.2175],[84.1687,20.2135],[84.1789,20.2171],[84.1781,20.2248],[84.1581,20.2537],[84.1253,20.2511],[84.1186,20.257],[84.1045,20.2565],[84.1008,20.2606],[84.0838,20.2582],[84.0594,20.2465],[84.0362,20.2471],[84.0246,20.253],[84.0212,20.2659],[84.016,20.2655],[84.0131,20.2704],[84.0254,20.2751],[84.0249,20.2821],[84.012,20.2798],[84.0103,20.2841],[83.9887,20.2881],[83.9795,20.2942],[83.9576,20.2968],[83.935,20.3126],[83.9186,20.3074],[83.9027,20.3174],[83.8903,20.316],[83.878,20.322],[83.8526,20.3169],[83.8554,20.3288],[83.8498,20.3379],[83.8256,20.326],[83.8185,20.3315],[83.8273,20.3356],[83.8261,20.3429],[83.8123,20.3559],[83.8259,20.3605],[83.8243,20.3682],[83.8304,20.3766],[83.8241,20.3948],[83.8022,20.3967],[83.7872,20.4027],[83.7809,20.4104],[83.768,20.413],[83.7544,20.4272],[83.7393,20.4226],[83.7175,20.435],[83.691,20.4137],[83.6849,20.4147],[83.6766,20.4303],[83.6658,20.4226]]]}},{"type":"Feature","properties":{"ac_name":"KHANDAPADA","ac_no":120,"ac_category":"GEN","st_name":"ODISHA"},"geometry":{"type":"Polygon","coordinates":[[[85.105,20.411],[85.0939,20.396],[85.0961,20.3848],[85.0833,20.3752],[85.0761,20.3723],[85.057,20.3762],[85.0424,20.3919],[85.0366,20.3854],[85.022,20.3853],[85.0044,20.375],[84.9852,20.353],[84.9876,20.3385],[84.9929,20.3375],[84.9965,20.3293],[84.9914,20.3204],[85.0023,20.3028],[85.0255,20.2847],[85.0366,20.2821],[85.0448,20.2676],[85.0599,20.2631],[85.0806,20.2478],[85.0921,20.2461],[85.1081,20.2243],[85.1186,20.2226],[85.1236,20.2176],[85.1222,20.2084],[85.1274,20.1957],[85.1495,20.1916],[85.1585,20.197],[85.1732,20.1905],[85.1756,20.1826],[85.1831,20.189],[85.1991,20.1893],[85.2105,20.1985],[85.2135,20.212],[85.2253,20.2248],[85.2326,20.2123],[85.2417,20.2087],[85.2549,20.2139],[85.2546,20.2266],[85.2991,20.2276],[85.3135,20.2339],[85.3141,20.2299],[85.3168,20.2326],[85.3227,20.2296],[85.3259,20.2448],[85.3372,20.2453],[85.3409,20.2519],[85.3253,20.2546],[85.3282,20.2756],[85.3329,20.2812],[85.3435,20.285],[85.354,20.3027],[85.3488,20.3208],[85.359,20.3461],[85.3719,20.3514],[85.3693,20.3663],[85.3399,20.3583],[85.2686,20.3591],[85.254,20.3666],[85.1967,20.381],[85.1857,20.377],[85.1583,20.3787],[85.1373,20.3871],[85.105,20.411]]]}},{"type":"Feature","properties":{"ac_name":"PARADEEP","ac_no":101,"ac_category":"GEN","st_name":"ODISHA"},"geometry":{"type":"Polygon","coordinates":[[[86.3475,20.3563],[86.344,20.3568],[86.3436,20.3487],[86.3545,20.3401],[86.3528,20.3179],[86.3628,20.3108],[86.3606,20.3058],[86.3534,20.3043],[86.3501,20.2918],[86.345,20.2982],[86.3296,20.272],[86.3349,20.2694],[86.329,20.2667],[86.3344,20.2603],[86.3327,20.2541],[86.3388,20.2551],[86.3421,20.2501],[86.3491,20.2531],[86.3482,20.2589],[86.3563,20.2567],[86.3591,20.2438],[86.373,20.2419],[86.3763,20.2295],[86.3896,20.2343],[86.3866,20.2214],[86.3997,20.2235],[86.406,20.2354],[86.414,20.2381],[86.4165,20.2346],[86.4277,20.2409],[86.4265,20.2574],[86.45,20.2599],[86.4524,20.2636],[86.4597,20.2603],[86.4658,20.2651],[86.4592,20.2555],[86.4659,20.2548],[86.4737,20.2577],[86.4782,20.2658],[86.474,20.2773],[86.4837,20.2673],[86.5004,20.283],[86.5056,20.2797],[86.5109,20.2688],[86.5191,20.2649],[86.5234,20.2687],[86.5278,20.2558],[86.5468,20.2667],[86.5532,20.2587],[86.5705,20.2514],[86.5898,20.2608],[86.6096,20.2455],[86.6373,20.2448],[86.6632,20.257],[86.6801,20.26],[86.6721,20.2625],[86.6692,20.2758],[86.6754,20.2752],[86.6736,20.27],[86.6796,20.2641],[86.6811,20.2711],[86.7223,20.2903],[86.7844,20.3323],[86.7766,20.3347],[86.7284,20.3016],[86.6964,20.2969],[86.6895,20.3002],[86.6792,20.3168],[86.6598,20.3285],[86.6178,20.336],[86.607,20.3419],[86.5761,20.3364],[86.5524,20.3238],[86.5189,20.3414],[86.4979,20.3289],[86.4733,20.3378],[86.4547,20.3312],[86.4414,20.3371],[86.4322,20.3356],[86.4344,20.3481],[86.423,20.3424],[86.4111,20.3521],[86.4119,20.3591],[86.4013,20.359],[86.3931,20.3653],[86.3876,20.3539],[86.3601,20.3585],[86.3566,20.3509],[86.3489,20.3514],[86.3475,20.3563]]]}},{"type":"Feature","properties":{"ac_name":"NIALI","ac_no":92,"ac_category":"SC","st_name":"ODISHA"},"geometry":{"type":"Polygon","coordinates":[[[86.0146,20.3747],[86.007,20.3678],[85.9933,20.3645],[85.9864,20.3672],[85.9818,20.3635],[85.9437,20.3713],[85.9141,20.3476],[85.9177,20.3351],[85.9267,20.329],[85.9291,20.3152],[85.9275,20.3111],[85.9239,20.3125],[85.9156,20.3259],[85.9111,20.3141],[85.9201,20.3074],[85.9226,20.295],[85.9391,20.281],[85.932,20.2748],[85.9349,20.2675],[85.9396,20.2722],[85.9437,20.2684],[85.9505,20.2697],[85.9513,20.2614],[85.97,20.243],[85.9821,20.238],[85.992,20.2262],[86.0042,20.2249],[86.017,20.1866],[86.0279,20.1819],[86.0223,20.1784],[86.0217,20.1673],[86.0336,20.1701],[86.0375,20.1792],[86.0535,20.1637],[86.045,20.1549],[86.0479,20.1458],[86.0443,20.1406],[86.0316,20.1419],[86.0352,20.1348],[86.0468,20.1337],[86.0651,20.1236],[86.0713,20.1181],[86.0695,20.1126],[86.0772,20.1105],[86.079,20.1056],[86.0899,20.0903],[86.0879,20.0852],[86.0759,20.0833],[86.0763,20.0731],[86.0877,20.0584],[86.0964,20.0652],[86.1085,20.0668],[86.1241,20.06],[86.1273,20.0569],[86.1166,20.0473],[86.1223,20.0398],[86.1601,20.0452],[86.1684,20.0409],[86.1711,20.0488],[86.1838,20.0508],[86.1829,20.0573],[86.1678,20.0724],[86.1659,20.0832],[86.1536,20.0916],[86.1552,20.1009],[86.1603,20.1037],[86.1533,20.1192],[86.1562,20.1348],[86.1419,20.1443],[86.1485,20.1605],[86.1424,20.1671],[86.1458,20.1719],[86.1682,20.1659],[86.1634,20.1737],[86.1509,20.1781],[86.1474,20.191],[86.1385,20.1955],[86.14,20.2009],[86.1472,20.2007],[86.1499,20.2146],[86.1453,20.2198],[86.1262,20.2225],[86.0722,20.2487],[86.0669,20.2667],[86.0453,20.2789],[86.0365,20.2932],[86.0274,20.2974],[86.0316,20.3102],[86.0279,20.3336],[86.0333,20.3384],[86.0233,20.3498],[86.0146,20.3747]]]}},{"type":"Feature","properties":{"ac_name":"CUTTACK SADAR","ac_no":93,"ac_category":"SC","st_name":"ODISHA"},"geometry":{"type":"Polygon","coordinates":[[[86.1071,20.4617],[86.0976,20.4674],[86.0876,20.4553],[86.0984,20.4569],[86.1288,20.4366],[86.1326,20.4409],[86.1394,20.4403],[86.1347,20.4302],[86.1479,20.4149],[86.158,20.4163],[86.159,20.4068],[86.167,20.4107],[86.1665,20.4004],[86.1561,20.3985],[86.1515,20.4029],[86.1472,20.3966],[86.1265,20.4118],[86.1223,20.4068],[86.113,20.412],[86.1145,20.4195],[86.0895,20.4335],[86.0496,20.4403],[86.0459,20.4468],[86.0215,20.446],[86.0253,20.4404],[86.0176,20.4375],[85.9958,20.4376],[85.9537,20.4491],[85.9505,20.4551],[85.9395,20.4595],[85.9302,20.4402],[85.8932,20.4417],[85.8877,20.4368],[85.8894,20.4249],[85.8798,20.4229],[85.8784,20.4173],[85.8732,20.4349],[85.878,20.4377],[85.8748,20.4581],[85.8586,20.4621],[85.8577,20.4453],[85.868,20.4247],[85.8656,20.4136],[85.8723,20.4136],[85.8711,20.402],[85.8674,20.3937],[85.8597,20.3898],[85.8589,20.381],[85.8677,20.3753],[85.8719,20.3517],[85.8764,20.3474],[85.8794,20.3516],[85.8976,20.3364],[85.8949,20.3424],[85.9066,20.3515],[85.9141,20.3476],[85.9437,20.3713],[85.9818,20.3635],[85.9864,20.3672],[85.9933,20.3645],[86.007,20.3678],[86.0146,20.3747],[86.0131,20.3824],[86.0252,20.4024],[86.0672,20.3828],[86.0703,20.3759],[86.0885,20.3624],[86.0982,20.3638],[86.1053,20.374],[86.1133,20.3687],[86.1065,20.3684],[86.1078,20.3643],[86.1375,20.357],[86.1664,20.3785],[86.1892,20.3754],[86.1974,20.3647],[86.2042,20.3672],[86.2175,20.3608],[86.2485,20.3647],[86.2508,20.3809],[86.257,20.3775],[86.2613,20.3865],[86.2725,20.3889],[86.2682,20.3919],[86.2746,20.3949],[86.274,20.4027],[86.2697,20.3959],[86.2661,20.3985],[86.2616,20.4046],[86.2474,20.3934],[86.2378,20.4026],[86.2237,20.3915],[86.1979,20.3991],[86.1834,20.3974],[86.1813,20.4028],[86.1906,20.4079],[86.1953,20.406],[86.1844,20.4144],[86.1828,20.421],[86.1906,20.4268],[86.1979,20.4258],[86.2015,20.4347],[86.2022,20.441],[86.1948,20.4381],[86.1923,20.4429],[86.189,20.4415],[86.1888,20.4481],[86.1938,20.4475],[86.1952,20.4529],[86.1775,20.4583],[86.1704,20.4569],[86.1728,20.4515],[86.1591,20.45],[86.1497,20.4578],[86.1084,20.4617],[86.1071,20.4617]]]}},{"type":"Feature","properties":{"ac_name":"JAYADEV","ac_no":111,"ac_category":"SC","st_name":"ODISHA"},"geometry":{"type":"Polygon","coordinates":[[[85.9066,20.3515],[85.8949,20.3424],[85.8976,20.3364],[85.8926,20.3328],[85.8961,20.3217],[85.8805,20.3026],[85.8861,20.2652],[85.8825,20.25],[85.8655,20.2262],[85.8605,20.2003],[85.8697,20.1901],[85.8732,20.1935],[85.8888,20.1811],[85.8933,20.1581],[85.9055,20.1547],[85.8835,20.129],[85.8734,20.1281],[85.873,20.1218],[85.8848,20.1111],[85.8971,20.1117],[85.9017,20.1278],[85.9284,20.1145],[85.9358,20.117],[85.9433,20.114],[85.9431,20.1198],[85.9503,20.1212],[85.9522,20.1123],[85.959,20.1217],[85.9978,20.1082],[86.0047,20.1142],[86.0212,20.1022],[86.0291,20.1078],[86.0517,20.1076],[86.0566,20.1027],[86.0698,20.1085],[86.079,20.1056],[86.0772,20.1105],[86.0695,20.1126],[86.0713,20.1181],[86.0651,20.1236],[86.0468,20.1337],[86.0352,20.1348],[86.0316,20.1419],[86.0443,20.1406],[86.0479,20.1458],[86.045,20.1549],[86.0535,20.1637],[86.0375,20.1792],[86.0336,20.1701],[86.0217,20.1673],[86.0223,20.1784],[86.0279,20.1819],[86.017,20.1866],[86.0042,20.2249],[85.992,20.2262],[85.9821,20.238],[85.97,20.243],[85.9513,20.2614],[85.9505,20.2697],[85.9437,20.2684],[85.9396,20.2722],[85.9349,20.2675],[85.932,20.2748],[85.9391,20.281],[85.9226,20.295],[85.9201,20.3074],[85.9111,20.3141],[85.9156,20.3259],[85.9239,20.3125],[85.9275,20.3111],[85.9291,20.3152],[85.9267,20.329],[85.9177,20.3351],[85.9141,20.3476],[85.9066,20.3515]]]}},{"type":"Feature","properties":{"ac_name":"BHUBANESWAR(MADHYA)","ac_no":112,"ac_category":"GEN","st_name":"ODISHA"},"geometry":{"type":"Polygon","coordinates":[[[85.809,20.3242],[85.7976,20.3408],[85.7991,20.3204],[85.7846,20.3112],[85.7775,20.3137],[85.7657,20.3085],[85.7563,20.2807],[85.7614,20.2791],[85.7539,20.2675],[85.7759,20.2623],[85.7729,20.2473],[85.7875,20.2324],[85.7941,20.2402],[85.8101,20.2325],[85.8144,20.2282],[85.807,20.2163],[85.811,20.2152],[85.8205,20.2141],[85.8284,20.2251],[85.8332,20.2238],[85.835,20.214],[85.8403,20.2144],[85.8434,20.2227],[85.84,20.229],[85.8505,20.2413],[85.8581,20.2402],[85.8705,20.2572],[85.8709,20.2695],[85.879,20.2772],[85.8609,20.2778],[85.809,20.3242]]]}},{"type":"Feature","properties":{"ac_name":"JAGATSINGHPUR","ac_no":104,"ac_category":"GEN","st_name":"ODISHA"},"geometry":{"type":"Polygon","coordinates":[[[86.0722,20.2487],[86.1262,20.2225],[86.1453,20.2198],[86.1499,20.2146],[86.1472,20.2007],[86.14,20.2009],[86.1385,20.1955],[86.1474,20.191],[86.1509,20.1781],[86.1634,20.1737],[86.1682,20.1659],[86.1458,20.1719],[86.1424,20.1671],[86.1485,20.1605],[86.1419,20.1443],[86.1562,20.1348],[86.1533,20.1192],[86.1603,20.1037],[86.1552,20.1009],[86.1536,20.0916],[86.1659,20.0832],[86.1678,20.0724],[86.1829,20.0573],[86.1838,20.0508],[86.2006,20.0524],[86.2013,20.0472],[86.207,20.045],[86.2029,20.0426],[86.205,20.0386],[86.2119,20.0427],[86.2207,20.0353],[86.2299,20.0429],[86.2429,20.0367],[86.2533,20.0531],[86.2686,20.0529],[86.2681,20.0571],[86.2593,20.056],[86.2617,20.0626],[86.2544,20.0654],[86.255,20.0791],[86.2653,20.0953],[86.2555,20.0959],[86.2432,20.0879],[86.2485,20.0975],[86.2436,20.1197],[86.2217,20.1295],[86.2175,20.1346],[86.2215,20.1418],[86.2118,20.146],[86.2265,20.1591],[86.2279,20.1684],[86.2147,20.158],[86.2084,20.158],[86.2124,20.1672],[86.218,20.172],[86.2214,20.1694],[86.2201,20.1756],[86.2118,20.1808],[86.2245,20.1895],[86.2235,20.2064],[86.2346,20.2051],[86.2425,20.2181],[86.2526,20.218],[86.2532,20.2364],[86.245,20.2496],[86.2479,20.2584],[86.2413,20.2646],[86.2361,20.2636],[86.231,20.2753],[86.2353,20.2826],[86.232,20.2951],[86.2256,20.2924],[86.2256,20.2883],[86.2197,20.2943],[86.2128,20.2921],[86.1962,20.2719],[86.1835,20.2766],[86.1965,20.315],[86.1899,20.3216],[86.1769,20.3194],[86.1735,20.3119],[86.155,20.3204],[86.1565,20.3034],[86.1459,20.3091],[86.1318,20.2965],[86.122,20.2979],[86.1065,20.3092],[86.0954,20.3097],[86.0956,20.2885],[86.0828,20.2772],[86.0722,20.2487]]]}},{"type":"Feature","properties":{"ac_name":"EKAMRA-BHUBANESHWAR","ac_no":114,"ac_category":"GEN","st_name":"ODISHA"},"geometry":{"type":"Polygon","coordinates":[[[85.8152,20.3689],[85.8017,20.3661],[85.7965,20.3707],[85.786,20.3619],[85.7994,20.3438],[85.7976,20.3408],[85.809,20.3242],[85.8609,20.2778],[85.879,20.2772],[85.8709,20.2695],[85.8705,20.2572],[85.8581,20.2402],[85.8505,20.2413],[85.84,20.229],[85.8434,20.2227],[85.8403,20.2144],[85.835,20.214],[85.8332,20.2238],[85.8284,20.2251],[85.8205,20.2141],[85.811,20.2152],[85.8077,20.2064],[85.8146,20.204],[85.8151,20.1894],[85.8219,20.1863],[85.8163,20.1789],[85.807,20.1772],[85.8024,20.1656],[85.805,20.16],[85.8255,20.1593],[85.8363,20.1906],[85.8423,20.1881],[85.8444,20.1751],[85.8541,20.1763],[85.8537,20.192],[85.8416,20.1972],[85.847,20.202],[85.8605,20.2003],[85.8655,20.2262],[85.8825,20.25],[85.8861,20.2652],[85.8805,20.3026],[85.8626,20.3138],[85.8515,20.3305],[85.8448,20.3311],[85.845,20.3442],[85.8322,20.3519],[85.8337,20.3579],[85.8285,20.3649],[85.8176,20.3687],[85.8152,20.3689]]]}},{"type":"Feature","properties":{"ac_name":"G. UDAYAGIRI","ac_no":83,"ac_category":"ST","st_name":"ODISHA"},"geometry":{"type":"Polygon","coordinates":[[[84.1781,20.2248],[84.1789,20.2171],[84.1687,20.2135],[84.1607,20.2175],[84.1659,20.1925],[84.1785,20.176],[84.1798,20.166],[84.1936,20.1596],[84.2045,20.1623],[84.206,20.1522],[84.2168,20.1441],[84.216,20.1308],[84.2037,20.121],[84.2126,20.1157],[84.2128,20.1028],[84.2089,20.0963],[84.1966,20.0917],[84.1904,20.064],[84.1927,20.0552],[84.1846,20.0514],[84.1489,20.0648],[84.1451,20.0508],[84.1403,20.0475],[84.1335,20.0539],[84.1297,20.037],[84.1195,20.0292],[84.1234,20.046],[84.1077,20.0496],[84.1032,20.04],[84.0944,20.0407],[84.0922,20.0453],[84.1,20.0625],[84.088,20.0497],[84.0834,20.0533],[84.0807,20.0409],[84.0741,20.0353],[84.0675,20.0564],[84.0746,20.0791],[84.0817,20.0821],[84.0736,20.0843],[84.0627,20.0777],[84.0673,20.0693],[84.0626,20.0616],[84.0506,20.0629],[84.0352,20.0359],[84.0187,20.0262],[84.0061,20.0391],[84.0018,20.0316],[83.9942,20.0338],[84.0003,20.0697],[83.9809,20.0844],[83.9737,20.0704],[83.9579,20.0751],[83.9519,20.0589],[83.9343,20.0495],[83.9358,20.042],[83.9291,20.0379],[83.9227,20.0231],[83.9034,20.0225],[83.8949,20.0356],[83.8764,20.0321],[83.8598,20.038],[83.8495,20.0276],[83.8345,20.0222],[83.8246,20.0272],[83.7981,20.0156],[83.7988,19.9987],[83.8045,19.9975],[83.8026,19.9914],[83.8381,19.9817],[83.85,19.9824],[83.859,19.9695],[83.8766,19.9702],[83.8764,19.9653],[83.8646,19.9629],[83.8588,19.9527],[83.8595,19.9431],[83.8658,19.9385],[83.8863,19.9427],[83.8978,19.9619],[83.9183,19.9484],[83.9165,19.9329],[83.9393,19.9349],[83.951,19.9414],[83.9884,19.9498],[83.9871,19.9646],[83.9975,19.9691],[84.0002,19.9515],[83.9968,19.9323],[83.9836,19.9269],[83.9813,19.9206],[83.9818,19.9132],[83.9867,19.9101],[83.9864,19.8957],[83.9745,19.8936],[83.9681,19.8851],[83.9712,19.8621],[83.957,19.838],[83.9497,19.8144],[83.959,19.8061],[83.9524,19.7923],[83.9629,19.7888],[83.9666,19.7807],[83.9573,19.7432],[83.9588,19.7249],[83.9488,19.699],[83.93,19.6788],[83.9361,19.6718],[83.9237,19.6636],[83.934,19.6582],[83.94,19.6352],[83.955,19.6361],[83.9636,19.6315],[83.9657,19.6243],[83.9826,19.6219],[84.003,19.6284],[84.0093,19.6185],[84.0264,19.6373],[84.0354,19.6353],[84.043,19.6274],[84.0574,19.6346],[84.0785,19.6284],[84.0834,19.6216],[84.0932,19.6215],[84.0902,19.6333],[84.1075,19.6318],[84.1277,19.6374],[84.1368,19.6292],[84.1403,19.6085],[84.1534,19.5839],[84.1608,19.5825],[84.1664,19.5926],[84.1783,19.5892],[84.1997,19.5948],[84.2076,19.5937],[84.2311,19.5734],[84.2392,19.5761],[84.2331,19.5935],[84.2363,19.6091],[84.2251,19.6241],[84.245,19.6428],[84.2389,19.665],[84.2263,19.6671],[84.2214,19.6769],[84.2173,19.6743],[84.21,19.6832],[84.199,19.6869],[84.2014,19.6927],[84.1892,19.7056],[84.2014,19.7313],[84.1827,19.7367],[84.1564,19.7238],[84.16,19.735],[84.1494,19.7571],[84.1307,19.7801],[84.1593,19.7854],[84.1742,19.7933],[84.1655,19.8054],[84.1713,19.809],[84.1729,19.8216],[84.1889,19.8242],[84.2002,19.8365],[84.1855,19.8607],[84.2448,19.8708],[84.2772,19.8807],[84.3049,19.9072],[84.3271,19.8711],[84.337,19.8706],[84.3441,19.8616],[84.3584,19.8633],[84.3571,19.8595],[84.3702,19.8477],[84.3847,19.8408],[84.4239,19.8353],[84.4322,19.8395],[84.4438,19.8303],[84.4499,19.8347],[84.4435,19.8448],[84.4619,19.8575],[84.4579,19.8726],[84.4615,19.8795],[84.4566,19.9055],[84.4623,19.9142],[84.4635,19.9352],[84.4696,19.941],[84.4632,19.9542],[84.4496,19.9533],[84.4335,19.9605],[84.4194,19.9557],[84.4172,19.9604],[84.4071,19.9587],[84.4057,19.9625],[84.3901,19.9566],[84.3764,19.9656],[84.3563,19.9909],[84.3354,19.9784],[84.3284,19.9807],[84.3225,19.9902],[84.3303,20.0078],[84.3386,20.0087],[84.3575,20.0331],[84.3635,20.0258],[84.3933,20.0411],[84.4135,20.0447],[84.4179,20.0497],[84.4157,20.0627],[84.4046,20.0706],[84.4044,20.0837],[84.4118,20.0864],[84.4179,20.1004],[84.4174,20.1154],[84.4274,20.1208],[84.4313,20.1411],[84.4416,20.1469],[84.436,20.1546],[84.4386,20.1619],[84.4316,20.1793],[84.4378,20.202],[84.4265,20.217],[84.4293,20.2224],[84.4252,20.2375],[84.4154,20.2439],[84.4202,20.2691],[84.4105,20.2863],[84.4145,20.3042],[84.4116,20.3152],[84.416,20.3213],[84.4133,20.3247],[84.3973,20.3083],[84.382,20.3185],[84.3793,20.3347],[84.3739,20.3226],[84.3702,20.3271],[84.3699,20.3137],[84.3646,20.3149],[84.3587,20.3049],[84.3634,20.2927],[84.3683,20.2908],[84.3675,20.2788],[84.3537,20.269],[84.3424,20.2827],[84.3395,20.2717],[84.3285,20.2761],[84.3212,20.2703],[84.3174,20.2778],[84.3065,20.2804],[84.2985,20.291],[84.288,20.2915],[84.2765,20.3042],[84.269,20.3041],[84.2704,20.3101],[84.2566,20.3073],[84.2467,20.3189],[84.2542,20.3339],[84.2502,20.3393],[84.2307,20.3302],[84.2352,20.3198],[84.2235,20.303],[84.2365,20.3051],[84.2408,20.2933],[84.2385,20.289],[84.2299,20.2913],[84.2253,20.2795],[84.2258,20.2745],[84.2326,20.2737],[84.2261,20.2709],[84.2271,20.2661],[84.2363,20.266],[84.2307,20.2514],[84.227,20.263],[84.2232,20.2614],[84.2261,20.2525],[84.223,20.2508],[84.2292,20.2432],[84.2201,20.2428],[84.2228,20.2362],[84.2185,20.2325],[84.2216,20.2312],[84.2111,20.2192],[84.2052,20.2221],[84.2025,20.2185],[84.1847,20.2187],[84.1781,20.2248]]]}},{"type":"Feature","properties":{"ac_name":"BALIKUDA-ERASAMA","ac_no":103,"ac_category":"GEN","st_name":"ODISHA"},"geometry":{"type":"Polygon","coordinates":[[[86.5056,20.2797],[86.5004,20.283],[86.4837,20.2673],[86.474,20.2773],[86.4782,20.2658],[86.4737,20.2577],[86.4659,20.2548],[86.4592,20.2555],[86.4658,20.2651],[86.4597,20.2603],[86.4524,20.2636],[86.45,20.2599],[86.4265,20.2574],[86.4277,20.2409],[86.4165,20.2346],[86.414,20.2381],[86.406,20.2354],[86.3997,20.2235],[86.3866,20.2214],[86.3731,20.2206],[86.366,20.2131],[86.3734,20.2094],[86.3594,20.1982],[86.3553,20.2026],[86.3342,20.2048],[86.3356,20.1952],[86.346,20.1865],[86.3449,20.18],[86.3354,20.179],[86.3214,20.2048],[86.3066,20.2103],[86.2991,20.2224],[86.2862,20.2199],[86.2733,20.2235],[86.2618,20.2136],[86.2526,20.218],[86.2425,20.2181],[86.2346,20.2051],[86.2235,20.2064],[86.2245,20.1895],[86.2118,20.1808],[86.2201,20.1756],[86.2214,20.1694],[86.218,20.172],[86.2124,20.1672],[86.2084,20.158],[86.2147,20.158],[86.2279,20.1684],[86.2265,20.1591],[86.2118,20.146],[86.2215,20.1418],[86.2175,20.1346],[86.2217,20.1295],[86.2436,20.1197],[86.2485,20.0975],[86.2432,20.0879],[86.2555,20.0959],[86.2653,20.0953],[86.255,20.0791],[86.2544,20.0654],[86.2617,20.0626],[86.2593,20.056],[86.2681,20.0571],[86.2686,20.0529],[86.278,20.0541],[86.2694,20.0418],[86.3227,20.0187],[86.3371,19.9864],[86.3459,19.9767],[86.356,19.9728],[86.3878,19.9723],[86.393,19.9825],[86.4088,19.9951],[86.4162,20.018],[86.4334,20.0467],[86.4324,20.0521],[86.4761,20.0974],[86.5204,20.1702],[86.5912,20.2219],[86.6373,20.2448],[86.6096,20.2455],[86.5898,20.2608],[86.5705,20.2514],[86.5532,20.2587],[86.5468,20.2667],[86.5278,20.2558],[86.5234,20.2687],[86.5191,20.2649],[86.5109,20.2688],[86.5056,20.2797]]]}},{"type":"Feature","properties":{"ac_name":"BEGUNIA","ac_no":116,"ac_category":"GEN","st_name":"ODISHA"},"geometry":{"type":"Polygon","coordinates":[[[85.5475,20.3017],[85.525,20.3057],[85.5212,20.2933],[85.51,20.2911],[85.4823,20.298],[85.4593,20.2954],[85.4525,20.2674],[85.445,20.2648],[85.4289,20.2738],[85.4198,20.2731],[85.4061,20.257],[85.3966,20.2604],[85.3935,20.2781],[85.3807,20.2865],[85.3692,20.2767],[85.3476,20.2731],[85.3349,20.273],[85.3329,20.2812],[85.3282,20.2756],[85.3253,20.2546],[85.3409,20.2519],[85.3372,20.2453],[85.3259,20.2448],[85.3227,20.2296],[85.3168,20.2326],[85.3141,20.2299],[85.3135,20.2339],[85.2991,20.2276],[85.2546,20.2266],[85.2549,20.2139],[85.2417,20.2087],[85.2326,20.2123],[85.2253,20.2248],[85.2135,20.212],[85.2105,20.1985],[85.1991,20.1893],[85.203,20.1755],[85.2141,20.1705],[85.2121,20.1606],[85.2045,20.1588],[85.2039,20.1538],[85.2136,20.1415],[85.213,20.1311],[85.2249,20.1283],[85.2405,20.1155],[85.2469,20.1189],[85.2479,20.1233],[85.2486,20.1303],[85.2559,20.1321],[85.2709,20.1485],[85.2878,20.1504],[85.2902,20.155],[85.312,20.155],[85.3134,20.1703],[85.3274,20.1798],[85.3311,20.1816],[85.3318,20.1732],[85.3399,20.1709],[85.3466,20.1873],[85.3613,20.1875],[85.37,20.1783],[85.3697,20.1707],[85.3614,20.1643],[85.3551,20.1436],[85.3765,20.1468],[85.3854,20.1562],[85.391,20.1458],[85.3871,20.1431],[85.3883,20.1357],[85.4073,20.1357],[85.4164,20.1247],[85.4081,20.1167],[85.4006,20.0904],[85.3844,20.0917],[85.3802,20.0706],[85.3877,20.0538],[85.3958,20.0469],[85.3971,20.0377],[85.4063,20.0318],[85.4151,20.0331],[85.4155,20.0247],[85.431,20.0291],[85.4338,20.0382],[85.4436,20.0431],[85.463,20.0363],[85.4809,20.04],[85.4657,20.0634],[85.4684,20.0783],[85.4882,20.0732],[85.5072,20.0837],[85.5162,20.0831],[85.5355,20.0914],[85.5377,20.1035],[85.5182,20.1294],[85.5286,20.1401],[85.5272,20.1496],[85.5179,20.1623],[85.5305,20.1729],[85.5472,20.1517],[85.5651,20.1475],[85.5557,20.1704],[85.5494,20.1763],[85.5536,20.1935],[85.5327,20.2004],[85.5388,20.2059],[85.5401,20.2267],[85.5518,20.2304],[85.5528,20.2353],[85.5416,20.2382],[85.5257,20.2598],[85.5355,20.2684],[85.5371,20.2827],[85.5458,20.2907],[85.5422,20.2993],[85.5475,20.3017]]]}},{"type":"Feature","properties":{"ac_name":"BHANJANAGAR","ac_no":123,"ac_category":"GEN","st_name":"ODISHA"},"geometry":{"type":"Polygon","coordinates":[[[84.666,20.2509],[84.665,20.2437],[84.6513,20.2269],[84.6491,20.2033],[84.6374,20.1969],[84.6339,20.1901],[84.6203,20.1885],[84.5975,20.1758],[84.585,20.1865],[84.5877,20.1714],[84.5582,20.1572],[84.5642,20.1454],[84.5604,20.1384],[84.5255,20.1438],[84.5231,20.1523],[84.5133,20.1503],[84.5092,20.1362],[84.4972,20.1417],[84.4867,20.1407],[84.4555,20.1647],[84.4533,20.1822],[84.4593,20.1883],[84.4462,20.2053],[84.4378,20.202],[84.4316,20.1793],[84.4386,20.1619],[84.436,20.1546],[84.4416,20.1469],[84.4313,20.1411],[84.4274,20.1208],[84.4174,20.1154],[84.4179,20.1004],[84.4118,20.0864],[84.4044,20.0837],[84.4046,20.0706],[84.4157,20.0627],[84.4179,20.0497],[84.4135,20.0447],[84.3933,20.0411],[84.3635,20.0258],[84.3575,20.0331],[84.3386,20.0087],[84.3303,20.0078],[84.3225,19.9902],[84.3284,19.9807],[84.3354,19.9784],[84.3563,19.9909],[84.3764,19.9656],[84.3901,19.9566],[84.4057,19.9625],[84.4071,19.9587],[84.4172,19.9604],[84.4194,19.9557],[84.4335,19.9605],[84.4496,19.9533],[84.4632,19.9542],[84.4696,19.941],[84.4635,19.9352],[84.4623,19.9142],[84.4566,19.9055],[84.4615,19.8795],[84.4747,19.8793],[84.4849,19.8554],[84.5289,19.8368],[84.5303,19.8443],[84.5368,19.8449],[84.5428,19.8683],[84.5478,19.8716],[84.5491,19.8868],[84.5799,19.886],[84.5792,19.8797],[84.5836,19.8791],[84.5844,19.8983],[84.5938,19.9038],[84.5907,19.905],[84.5932,19.9217],[84.6055,19.9357],[84.6146,19.9283],[84.6179,19.9423],[84.6245,19.94],[84.6263,19.9315],[84.6335,19.9311],[84.6364,19.9245],[84.6429,19.9302],[84.6492,19.926],[84.6483,19.9166],[84.6598,19.9133],[84.6546,19.9031],[84.6634,19.8859],[84.6719,19.8837],[84.6722,19.8717],[84.6975,19.8583],[84.6998,19.8736],[84.7068,19.8688],[84.7204,19.8795],[84.7484,19.8775],[84.7559,19.8989],[84.7747,19.9035],[84.782,19.9119],[84.7956,19.9108],[84.7999,19.9198],[84.8138,19.9222],[84.8132,19.9307],[84.8177,19.9358],[84.8284,19.9293],[84.831,19.9421],[84.8524,19.9402],[84.853,19.9464],[84.8564,19.939],[84.8684,19.9443],[84.8803,19.9409],[84.8775,19.9455],[84.8834,19.9487],[84.8802,19.9589],[84.892,19.9519],[84.8948,19.9449],[84.9163,19.9516],[84.9004,19.9931],[84.8836,20.0007],[84.8624,20.0002],[84.8571,20.0299],[84.8419,20.0465],[84.8107,20.0677],[84.7978,20.0922],[84.8066,20.1038],[84.8074,20.1152],[84.8218,20.1201],[84.826,20.1585],[84.8237,20.1798],[84.8318,20.2163],[84.8227,20.2232],[84.7824,20.232],[84.7738,20.2434],[84.7653,20.2462],[84.7583,20.2421],[84.7354,20.2441],[84.7281,20.2588],[84.6967,20.2812],[84.6723,20.2741],[84.666,20.2509]]]}},{"type":"Feature","properties":{"ac_name":"NAYAGARH","ac_no":122,"ac_category":"GEN","st_name":"ODISHA"},"geometry":{"type":"Polygon","coordinates":[[[85.1222,20.2084],[85.1236,20.2176],[85.1186,20.2226],[85.113,20.2071],[85.0995,20.2069],[85.0945,20.2144],[85.0865,20.2054],[85.0761,20.2142],[85.0816,20.2035],[85.079,20.1923],[85.0861,20.1865],[85.0771,20.1863],[85.0819,20.1771],[85.0796,20.1735],[85.0868,20.1675],[85.0938,20.1679],[85.0834,20.1538],[85.0583,20.1624],[85.0564,20.1511],[85.0499,20.1479],[85.061,20.1374],[85.0544,20.1326],[85.0479,20.1344],[85.0421,20.1236],[85.0189,20.1279],[85.0141,20.1385],[84.9988,20.1405],[84.9992,20.1329],[84.9929,20.1308],[84.9873,20.1201],[84.9846,20.1435],[84.9793,20.1444],[84.9685,20.1302],[84.96,20.1351],[84.9635,20.1225],[84.9558,20.1222],[84.9587,20.1141],[84.9678,20.1144],[84.9621,20.1083],[84.9655,20.1037],[84.9557,20.1012],[84.9493,20.0829],[84.9582,20.0702],[84.9189,20.0535],[84.9113,20.0577],[84.9028,20.0562],[84.9057,20.0627],[84.9028,20.0692],[84.896,20.0583],[84.8912,20.0645],[84.8793,20.0598],[84.8752,20.0473],[84.8684,20.0505],[84.865,20.0474],[84.8565,20.0567],[84.8419,20.0465],[84.8571,20.0299],[84.8624,20.0002],[84.8836,20.0007],[84.9004,19.9931],[84.9163,19.9516],[84.9208,19.9409],[84.9064,19.915],[84.9074,19.9086],[84.9276,19.9084],[84.94,19.8973],[84.9757,19.9042],[85.0049,19.8997],[85.019,19.9057],[85.026,19.9012],[85.0499,19.9154],[85.0488,19.9853],[85.0427,19.9917],[85.053,20.0016],[85.0449,20.0155],[85.0475,20.0232],[85.0602,20.0261],[85.0445,20.0316],[85.0353,20.0456],[85.0342,20.0589],[85.0472,20.0576],[85.0322,20.0705],[85.0462,20.0754],[85.0483,20.0871],[85.0636,20.0854],[85.0646,20.0973],[85.0736,20.0994],[85.0794,20.0941],[85.0718,20.089],[85.0832,20.0845],[85.0945,20.0861],[85.0951,20.0806],[85.1037,20.0821],[85.1066,20.0673],[85.1174,20.0748],[85.1206,20.0747],[85.1168,20.0671],[85.1293,20.0642],[85.1384,20.0712],[85.1345,20.0519],[85.1488,20.0584],[85.151,20.0719],[85.1668,20.0781],[85.1719,20.0726],[85.1663,20.0695],[85.1648,20.0572],[85.183,20.058],[85.1868,20.0596],[85.1883,20.0741],[85.2274,20.0767],[85.2387,20.0898],[85.2394,20.1072],[85.2515,20.1084],[85.2469,20.1189],[85.2405,20.1155],[85.2249,20.1283],[85.213,20.1311],[85.2136,20.1415],[85.2039,20.1538],[85.2045,20.1588],[85.2121,20.1606],[85.2141,20.1705],[85.203,20.1755],[85.1991,20.1893],[85.1831,20.189],[85.1756,20.1826],[85.1732,20.1905],[85.1585,20.197],[85.1495,20.1916],[85.1274,20.1957],[85.1222,20.2084]]]}},{"type":"Feature","properties":{"ac_name":"PIPILI","ac_no":110,"ac_category":"GEN","st_name":"ODISHA"},"geometry":{"type":"Polygon","coordinates":[[[85.8605,20.2003],[85.847,20.202],[85.8416,20.1972],[85.8537,20.192],[85.8541,20.1763],[85.8444,20.1751],[85.8423,20.1881],[85.8363,20.1906],[85.8255,20.1593],[85.805,20.16],[85.7969,20.1511],[85.7789,20.1581],[85.7848,20.1642],[85.7812,20.1669],[85.7622,20.1686],[85.7638,20.1528],[85.7555,20.1522],[85.7535,20.1466],[85.7587,20.1453],[85.7573,20.1417],[85.7488,20.1397],[85.7496,20.1458],[85.7453,20.1484],[85.7291,20.1498],[85.7218,20.1421],[85.7257,20.1348],[85.7208,20.1292],[85.7144,20.1367],[85.7207,20.1416],[85.7161,20.146],[85.7068,20.1455],[85.7047,20.1401],[85.7027,20.151],[85.6943,20.1525],[85.6939,20.1568],[85.6898,20.151],[85.6857,20.1528],[85.6804,20.1352],[85.683,20.1282],[85.6758,20.1242],[85.6756,20.1119],[85.6862,20.1042],[85.6853,20.0977],[85.6937,20.0953],[85.6722,20.0883],[85.675,20.0779],[85.681,20.0766],[85.6764,20.0694],[85.6764,20.0641],[85.6891,20.0569],[85.684,20.0437],[85.6923,20.0227],[85.701,20.0174],[85.6786,19.9783],[85.6741,19.9624],[85.6855,19.9577],[85.6896,19.9638],[85.7,19.9453],[85.7106,19.9484],[85.7214,19.9732],[85.739,19.9905],[85.7646,19.9881],[85.7666,19.9838],[85.7762,19.9884],[85.8015,19.9805],[85.8116,19.9872],[85.813,19.9838],[85.8211,19.9874],[85.8249,19.9932],[85.826,19.9845],[85.8364,19.9796],[85.8412,19.9843],[85.8701,19.9808],[85.8756,19.9883],[85.879,19.9995],[85.8724,20.0145],[85.8905,20.0164],[85.8921,20.0226],[85.8803,20.0302],[85.8786,20.0447],[85.8711,20.0568],[85.8763,20.0791],[85.861,20.0938],[85.8591,20.1139],[85.873,20.1218],[85.8734,20.1281],[85.8835,20.129],[85.9055,20.1547],[85.8933,20.1581],[85.8888,20.1811],[85.8732,20.1935],[85.8697,20.1901],[85.8605,20.2003]]]}},{"type":"Feature","properties":{"ac_name":"KHURDA","ac_no":117,"ac_category":"GEN","st_name":"ODISHA"},"geometry":{"type":"Polygon","coordinates":[[[85.6208,20.2039],[85.6049,20.2034],[85.5999,20.1793],[85.5902,20.1772],[85.5865,20.1712],[85.5675,20.1742],[85.5557,20.1704],[85.5651,20.1475],[85.5472,20.1517],[85.5305,20.1729],[85.5179,20.1623],[85.5272,20.1496],[85.5286,20.1401],[85.5182,20.1294],[85.5377,20.1035],[85.5355,20.0914],[85.5162,20.0831],[85.5072,20.0837],[85.4882,20.0732],[85.4684,20.0783],[85.4657,20.0634],[85.4809,20.04],[85.463,20.0363],[85.4436,20.0431],[85.4338,20.0382],[85.431,20.0291],[85.4361,20.0282],[85.4317,20.0149],[85.423,20.0034],[85.4156,20.0036],[85.4149,19.9945],[85.4376,19.9966],[85.4551,19.9728],[85.4356,19.94],[85.4221,19.939],[85.4179,19.9244],[85.4158,19.9284],[85.3999,19.9322],[85.3935,19.941],[85.3833,19.9404],[85.3823,19.9516],[85.3725,19.9505],[85.3601,19.9568],[85.3502,19.9433],[85.3283,19.9303],[85.3281,19.9254],[85.3042,19.9272],[85.2784,19.915],[85.2697,19.9181],[85.2667,19.9132],[85.304,19.8838],[85.2976,19.8611],[85.2989,19.8529],[85.3046,19.8492],[85.325,19.8665],[85.3307,19.8615],[85.337,19.8651],[85.3468,19.8603],[85.3755,19.8586],[85.3775,19.8852],[85.357,19.8935],[85.3702,19.9068],[85.3858,19.8976],[85.3812,19.9099],[85.398,19.9019],[85.3971,19.9082],[85.4064,19.9038],[85.4078,19.916],[85.4258,19.9101],[85.4312,19.9045],[85.4328,19.8889],[85.4395,19.8826],[85.503,19.8848],[85.4999,19.8697],[85.5617,19.8542],[85.5625,19.8634],[85.5676,19.8818],[85.566,19.9002],[85.5699,19.9042],[85.5604,19.9082],[85.5681,19.9169],[85.5311,19.9277],[85.5343,19.939],[85.5273,19.9438],[85.5207,19.9309],[85.5077,19.9273],[85.5063,19.9325],[85.5189,19.9413],[85.5055,19.948],[85.5061,19.9446],[85.4995,19.9463],[85.5036,19.9462],[85.506,19.953],[85.5108,19.9522],[85.5148,19.9703],[85.5267,19.9785],[85.5321,19.9766],[85.5287,19.9714],[85.535,19.9652],[85.5321,19.9587],[85.5476,19.957],[85.5525,19.9626],[85.5505,19.9526],[85.5646,19.9553],[85.5665,19.9721],[85.5551,19.9754],[85.5601,19.9812],[85.5667,19.9781],[85.5687,19.9814],[85.562,19.9955],[85.5663,20.0037],[85.5702,19.9982],[85.5724,20.0072],[85.5667,20.0092],[85.5716,20.0252],[85.5825,20.0214],[85.5803,20.0101],[85.5861,20.007],[85.5884,19.9983],[85.6068,20.0189],[85.6147,20.0196],[85.6063,19.9967],[85.6135,19.9929],[85.6285,20.0246],[85.6196,20.0319],[85.6207,20.0363],[85.6132,20.0386],[85.6196,20.0662],[85.6375,20.0752],[85.6375,20.0823],[85.6437,20.0827],[85.6444,20.0879],[85.6374,20.0916],[85.6328,20.1017],[85.6492,20.0983],[85.651,20.1102],[85.6401,20.1157],[85.6273,20.1384],[85.6446,20.1537],[85.6602,20.1563],[85.661,20.1654],[85.6506,20.1676],[85.6551,20.189],[85.6391,20.1919],[85.6301,20.2037],[85.6208,20.2039]]]}},{"type":"Feature","properties":{"ac_name":"RANPUR","ac_no":119,"ac_category":"GEN","st_name":"ODISHA"},"geometry":{"type":"Polygon","coordinates":[[[85.2479,20.1233],[85.2469,20.1189],[85.2515,20.1084],[85.2394,20.1072],[85.2387,20.0898],[85.2274,20.0767],[85.1883,20.0741],[85.1868,20.0596],[85.183,20.058],[85.1648,20.0572],[85.1663,20.0695],[85.1719,20.0726],[85.1668,20.0781],[85.151,20.0719],[85.1488,20.0584],[85.1345,20.0519],[85.1384,20.0712],[85.1293,20.0642],[85.1168,20.0671],[85.1206,20.0747],[85.1174,20.0748],[85.1066,20.0673],[85.1037,20.0821],[85.0951,20.0806],[85.0945,20.0861],[85.0832,20.0845],[85.0718,20.089],[85.0794,20.0941],[85.0736,20.0994],[85.0646,20.0973],[85.0636,20.0854],[85.0483,20.0871],[85.0462,20.0754],[85.0322,20.0705],[85.0472,20.0576],[85.0342,20.0589],[85.0353,20.0456],[85.0445,20.0316],[85.0602,20.0261],[85.0475,20.0232],[85.0449,20.0155],[85.053,20.0016],[85.0427,19.9917],[85.0488,19.9853],[85.0499,19.9154],[85.0553,19.9139],[85.0934,19.9293],[85.1228,19.9342],[85.1649,19.9039],[85.1817,19.9106],[85.1836,19.9075],[85.223,19.9123],[85.2416,19.9063],[85.2667,19.9132],[85.2697,19.9181],[85.2784,19.915],[85.3042,19.9272],[85.3281,19.9254],[85.3283,19.9303],[85.3502,19.9433],[85.3601,19.9568],[85.3725,19.9505],[85.3823,19.9516],[85.3833,19.9404],[85.3935,19.941],[85.3999,19.9322],[85.4158,19.9284],[85.4179,19.9244],[85.4221,19.939],[85.4356,19.94],[85.4551,19.9728],[85.4376,19.9966],[85.4149,19.9945],[85.4156,20.0036],[85.423,20.0034],[85.4317,20.0149],[85.4361,20.0282],[85.431,20.0291],[85.4155,20.0247],[85.4151,20.0331],[85.4063,20.0318],[85.3971,20.0377],[85.3958,20.0469],[85.3877,20.0538],[85.3802,20.0706],[85.3844,20.0917],[85.4006,20.0904],[85.4081,20.1167],[85.4164,20.1247],[85.4073,20.1357],[85.3883,20.1357],[85.3871,20.1431],[85.391,20.1458],[85.3854,20.1562],[85.3765,20.1468],[85.3551,20.1436],[85.3614,20.1643],[85.3697,20.1707],[85.37,20.1783],[85.3613,20.1875],[85.3466,20.1873],[85.3399,20.1709],[85.3318,20.1732],[85.3311,20.1816],[85.3274,20.1798],[85.3134,20.1703],[85.312,20.155],[85.2902,20.155],[85.2878,20.1504],[85.2709,20.1485],[85.2559,20.1321],[85.2486,20.1303],[85.2479,20.1233]]]}},{"type":"Feature","properties":{"ac_name":"BHAWANIPATNA","ac_no":80,"ac_category":"SC","st_name":"ODISHA"},"geometry":{"type":"Polygon","coordinates":[[[83.2252,20.2049],[83.2036,20.1947],[83.1931,20.1783],[83.1737,20.1715],[83.1523,20.1737],[83.1446,20.1698],[83.1281,20.195],[83.1011,20.1916],[83.0905,20.2001],[83.0853,20.1925],[83.0656,20.1907],[83.0603,20.1859],[83.0512,20.1885],[83.038,20.1821],[83.0339,20.1864],[83.0292,20.1782],[83.0156,20.1717],[82.9905,20.1789],[82.9797,20.1763],[82.9754,20.1806],[82.944,20.1739],[82.944,20.1648],[82.9335,20.1566],[82.9311,20.1453],[82.9212,20.1454],[82.9184,20.1333],[82.9242,20.1236],[82.9318,20.1205],[82.9306,20.1306],[82.9378,20.1339],[82.9595,20.1172],[82.9579,20.1334],[82.9603,20.13],[82.9785,20.1314],[82.9747,20.1439],[82.9877,20.1309],[82.9846,20.1158],[82.9934,20.116],[82.993,20.1084],[83.0422,20.0933],[83.0385,20.0895],[83.0269,20.0896],[83.0223,20.081],[83.0522,20.0844],[83.0749,20.0958],[83.0871,20.0894],[83.0549,20.0596],[83.0539,20.0458],[83.0379,20.0351],[83.0334,20.0191],[83.0201,19.9995],[83.0186,19.9879],[83.0106,19.9789],[83.0104,19.9567],[83.0055,19.952],[83.011,19.9469],[83.0116,19.9379],[83.018,19.9337],[83.0243,19.9355],[83.0222,19.9309],[83.0277,19.9283],[83.0279,19.9199],[83.0384,19.9183],[83.0535,19.9181],[83.0651,19.9114],[83.0703,19.9167],[83.085,19.9159],[83.0889,19.9417],[83.1021,19.936],[83.1105,19.9559],[83.1153,19.944],[83.1237,19.9424],[83.1216,19.9351],[83.1465,19.923],[83.1392,19.9095],[83.1498,19.9029],[83.1512,19.8896],[83.1689,19.896],[83.1731,19.8894],[83.1979,19.8972],[83.2215,19.8864],[83.2267,19.8937],[83.2211,19.9006],[83.2248,19.9051],[83.2226,19.911],[83.2277,19.9135],[83.2223,19.9219],[83.234,19.92],[83.231,19.9311],[83.2441,19.9485],[83.2518,19.9474],[83.2481,19.9577],[83.2541,19.9555],[83.2578,19.9596],[83.2654,19.9474],[83.2683,19.9679],[83.2761,19.9675],[83.2847,19.9582],[83.2925,19.9632],[83.3089,19.9596],[83.3091,19.9684],[83.2893,19.9797],[83.2938,19.9859],[83.2811,19.9885],[83.2742,19.986],[83.277,19.9773],[83.267,19.9785],[83.2529,20.0038],[83.2376,20.0142],[83.2401,20.0194],[83.235,20.0309],[83.2299,20.0307],[83.2292,20.0389],[83.2357,20.0477],[83.2344,20.0564],[83.2532,20.0538],[83.2458,20.0671],[83.2477,20.1],[83.2534,20.1002],[83.2588,20.107],[83.273,20.1005],[83.2763,20.1056],[83.2857,20.105],[83.2991,20.1118],[83.3025,20.1161],[83.299,20.1188],[83.3079,20.1219],[83.309,20.1423],[83.2852,20.1471],[83.2861,20.1354],[83.264,20.1433],[83.2829,20.1757],[83.2603,20.1732],[83.261,20.1776],[83.2392,20.1876],[83.2252,20.2049]]]}},{"type":"Feature","properties":{"ac_name":"JUNAGARH","ac_no":78,"ac_category":"GEN","st_name":"ODISHA"},"geometry":{"type":"Polygon","coordinates":[[[82.944,20.1739],[82.9243,20.1782],[82.9109,20.1678],[82.9095,20.1472],[82.8952,20.149],[82.8833,20.1583],[82.8743,20.1565],[82.8228,20.1651],[82.8161,20.1283],[82.8205,20.1131],[82.8136,20.1014],[82.7874,20.1021],[82.7549,20.0548],[82.744,20.054],[82.7476,20.0427],[82.7435,20.0257],[82.7399,20.0218],[82.7299,20.0238],[82.7122,19.9974],[82.718,19.9895],[82.7146,19.9587],[82.7185,19.9506],[82.7193,19.9632],[82.7255,19.9683],[82.7415,19.9727],[82.7502,19.9803],[82.7573,19.9716],[82.7631,19.9718],[82.7696,19.9824],[82.794,19.9713],[82.8049,19.9609],[82.8068,19.9493],[82.7992,19.9435],[82.8014,19.9338],[82.7935,19.9315],[82.7949,19.9251],[82.7892,19.9318],[82.7824,19.9257],[82.7881,19.917],[82.8331,19.9098],[82.847,19.9219],[82.8724,19.9221],[82.8658,19.9027],[82.8581,19.8989],[82.8518,19.888],[82.8496,19.8455],[82.8386,19.8424],[82.8246,19.8217],[82.8272,19.8095],[82.8236,19.8023],[82.8387,19.8009],[82.8277,19.7856],[82.8281,19.7782],[82.8153,19.7831],[82.8062,19.7813],[82.8088,19.7597],[82.7813,19.7626],[82.7811,19.7535],[82.7884,19.7432],[82.7757,19.7388],[82.777,19.7283],[82.772,19.7204],[82.7873,19.715],[82.7911,19.7266],[82.7881,19.7356],[82.8145,19.7215],[82.8376,19.732],[82.8469,19.7144],[82.8423,19.705],[82.8545,19.694],[82.8676,19.6943],[82.8774,19.683],[82.8933,19.6896],[82.9047,19.684],[82.8997,19.6728],[82.8906,19.6781],[82.8844,19.6763],[82.9043,19.6656],[82.9177,19.659],[82.9356,19.666],[82.9715,19.6997],[82.9723,19.6896],[82.9902,19.6897],[82.9931,19.6812],[83.0262,19.6938],[83.0389,19.7069],[83.0377,19.7384],[83.0616,19.7499],[83.0783,19.7699],[83.0545,19.7821],[83.0535,19.7886],[83.0645,19.7886],[83.0705,19.7966],[83.0626,19.8124],[83.0788,19.817],[83.0792,19.8237],[83.0676,19.8268],[83.0735,19.8269],[83.0766,19.8435],[83.0864,19.8338],[83.0915,19.8367],[83.0832,19.8491],[83.0891,19.8564],[83.0731,19.8603],[83.0594,19.8715],[83.0546,19.8701],[83.0511,19.877],[83.0442,19.8769],[83.0395,19.8902],[83.0435,19.9039],[83.0301,19.9126],[83.0384,19.9183],[83.0279,19.9199],[83.0277,19.9283],[83.0222,19.9309],[83.0243,19.9355],[83.018,19.9337],[83.0116,19.9379],[83.011,19.9469],[83.0055,19.952],[83.0104,19.9567],[83.0106,19.9789],[83.0186,19.9879],[83.0201,19.9995],[83.0334,20.0191],[83.0379,20.0351],[83.0539,20.0458],[83.0549,20.0596],[83.0871,20.0894],[83.0749,20.0958],[83.0522,20.0844],[83.0223,20.081],[83.0269,20.0896],[83.0385,20.0895],[83.0422,20.0933],[82.993,20.1084],[82.9934,20.116],[82.9846,20.1158],[82.9877,20.1309],[82.9747,20.1439],[82.9785,20.1314],[82.9603,20.13],[82.9579,20.1334],[82.9595,20.1172],[82.9378,20.1339],[82.9306,20.1306],[82.9318,20.1205],[82.9242,20.1236],[82.9184,20.1333],[82.9212,20.1454],[82.9311,20.1453],[82.9335,20.1566],[82.944,20.1648],[82.944,20.1739]]]}},{"type":"Feature","properties":{"ac_name":"NIMAPARA","ac_no":106,"ac_category":"GEN","st_name":"ODISHA"},"geometry":{"type":"Polygon","coordinates":[[[85.9978,20.1082],[85.959,20.1217],[85.9522,20.1123],[85.9503,20.1212],[85.9431,20.1198],[85.9433,20.114],[85.9358,20.117],[85.9284,20.1145],[85.9017,20.1278],[85.8971,20.1117],[85.8848,20.1111],[85.873,20.1218],[85.8591,20.1139],[85.861,20.0938],[85.8763,20.0791],[85.8711,20.0568],[85.8786,20.0447],[85.8803,20.0302],[85.8921,20.0226],[85.8905,20.0164],[85.8724,20.0145],[85.879,19.9995],[85.8756,19.9883],[85.8947,19.9897],[85.894,20.0004],[85.9041,19.9994],[85.9073,19.9926],[85.9172,19.9882],[85.9278,19.991],[85.9252,19.9831],[85.9321,19.9833],[85.9279,19.9682],[85.9384,19.9659],[85.9419,19.9494],[85.9607,19.9427],[85.9727,19.9272],[85.9584,19.9347],[85.9469,19.9273],[85.9488,19.9048],[85.9557,19.9019],[85.9543,19.8977],[85.9621,19.896],[85.9562,19.8882],[85.961,19.8842],[85.9647,19.8879],[85.971,19.8807],[85.9848,19.8827],[85.997,19.8965],[86.0216,19.899],[86.0179,19.9073],[86.0267,19.9138],[86.0394,19.9125],[86.0396,19.9208],[86.0484,19.9158],[86.0467,19.9213],[86.0569,19.9206],[86.0597,19.9246],[86.0456,19.9357],[86.0495,19.9454],[86.0386,19.9534],[86.056,19.9541],[86.0621,19.9492],[86.0568,19.9699],[86.0776,20.0043],[86.0819,20.0015],[86.1015,20.0127],[86.1182,20.0153],[86.1267,20.027],[86.1201,20.0364],[86.1223,20.0398],[86.1166,20.0473],[86.1273,20.0569],[86.1241,20.06],[86.1085,20.0668],[86.0964,20.0652],[86.0877,20.0584],[86.0763,20.0731],[86.0759,20.0833],[86.0879,20.0852],[86.0899,20.0903],[86.079,20.1056],[86.0698,20.1085],[86.0566,20.1027],[86.0517,20.1076],[86.0291,20.1078],[86.0212,20.1022],[86.0047,20.1142],[85.9978,20.1082]]]}},{"type":"Feature","properties":{"ac_name":"SATYABADI","ac_no":109,"ac_category":"GEN","st_name":"ODISHA"},"geometry":{"type":"Polygon","coordinates":[[[85.6493,20.098],[85.6492,20.0983],[85.6328,20.1017],[85.6374,20.0916],[85.6444,20.0879],[85.6437,20.0827],[85.6375,20.0823],[85.6375,20.0752],[85.6196,20.0662],[85.6132,20.0386],[85.6207,20.0363],[85.6196,20.0319],[85.6285,20.0246],[85.6135,19.9929],[85.6063,19.9967],[85.6147,20.0196],[85.6068,20.0189],[85.5884,19.9983],[85.5861,20.007],[85.5803,20.0101],[85.5825,20.0214],[85.5716,20.0252],[85.5667,20.0092],[85.5724,20.0072],[85.5702,19.9982],[85.5663,20.0037],[85.562,19.9955],[85.5687,19.9814],[85.5667,19.9781],[85.5601,19.9812],[85.5551,19.9754],[85.5665,19.9721],[85.5646,19.9553],[85.5505,19.9526],[85.5525,19.9626],[85.5476,19.957],[85.5321,19.9587],[85.535,19.9652],[85.5287,19.9714],[85.5321,19.9766],[85.5267,19.9785],[85.5148,19.9703],[85.5108,19.9522],[85.506,19.953],[85.5036,19.9462],[85.4995,19.9463],[85.5061,19.9446],[85.5055,19.948],[85.5189,19.9413],[85.5063,19.9325],[85.5077,19.9273],[85.5207,19.9309],[85.5273,19.9438],[85.5343,19.939],[85.5311,19.9277],[85.5681,19.9169],[85.5604,19.9082],[85.5699,19.9042],[85.566,19.9002],[85.5676,19.8818],[85.5625,19.8634],[85.5776,19.8725],[85.577,19.883],[85.5869,19.8906],[85.5885,19.8988],[85.624,19.8981],[85.6463,19.8911],[85.6724,19.9235],[85.6888,19.9223],[85.6907,19.9107],[85.7016,19.9168],[85.7295,19.915],[85.739,19.9328],[85.7467,19.9304],[85.7475,19.924],[85.7614,19.9294],[85.761,19.9216],[85.7671,19.9174],[85.7789,19.9227],[85.7789,19.9168],[85.7823,19.9191],[85.8064,19.9075],[85.8144,19.9158],[85.8312,19.9155],[85.8502,19.9086],[85.8609,19.93],[85.8744,19.9417],[85.8831,19.9418],[85.8846,19.9365],[85.8944,19.9346],[85.8978,19.9285],[85.9065,19.9334],[85.9156,19.9308],[85.9321,19.9529],[85.9359,19.9537],[85.9386,19.9474],[85.9419,19.9494],[85.9384,19.9659],[85.9279,19.9682],[85.9321,19.9833],[85.9252,19.9831],[85.9278,19.991],[85.9172,19.9882],[85.9073,19.9926],[85.9041,19.9994],[85.894,20.0004],[85.8947,19.9897],[85.8756,19.9883],[85.8701,19.9808],[85.8412,19.9843],[85.8364,19.9796],[85.826,19.9845],[85.8249,19.9932],[85.8211,19.9874],[85.813,19.9838],[85.8116,19.9872],[85.8015,19.9805],[85.7762,19.9884],[85.7666,19.9838],[85.7646,19.9881],[85.739,19.9905],[85.7214,19.9732],[85.7106,19.9484],[85.7,19.9453],[85.6896,19.9638],[85.6855,19.9577],[85.6741,19.9624],[85.6786,19.9783],[85.701,20.0174],[85.6923,20.0227],[85.684,20.0437],[85.6891,20.0569],[85.6764,20.0641],[85.6764,20.0694],[85.6503,20.0663],[85.6493,20.098]]]}},{"type":"Feature","properties":{"ac_name":"KAKATPUR","ac_no":105,"ac_category":"SC","st_name":"ODISHA"},"geometry":{"type":"Polygon","coordinates":[[[86.1223,20.0398],[86.1201,20.0364],[86.1267,20.027],[86.1182,20.0153],[86.1015,20.0127],[86.0819,20.0015],[86.0776,20.0043],[86.0568,19.9699],[86.0621,19.9492],[86.056,19.9541],[86.0386,19.9534],[86.0495,19.9454],[86.0456,19.9357],[86.0597,19.9246],[86.0569,19.9206],[86.0467,19.9213],[86.0484,19.9158],[86.0396,19.9208],[86.0394,19.9125],[86.0267,19.9138],[86.0179,19.9073],[86.0216,19.899],[85.997,19.8965],[85.9848,19.8827],[85.971,19.8807],[85.9647,19.8879],[85.961,19.8842],[85.9631,19.8719],[85.9453,19.8691],[85.9428,19.8642],[85.9461,19.8325],[85.9359,19.8262],[86.0577,19.8504],[86.1928,19.8893],[86.23,19.9022],[86.2188,19.9096],[86.2204,19.926],[86.2258,19.9337],[86.244,19.9235],[86.2392,19.9108],[86.2436,19.9092],[86.3072,19.9413],[86.3881,19.9551],[86.4111,19.9747],[86.3849,19.9593],[86.3727,19.958],[86.3878,19.9723],[86.356,19.9728],[86.3459,19.9767],[86.3371,19.9864],[86.3227,20.0187],[86.2694,20.0418],[86.278,20.0541],[86.2686,20.0529],[86.2533,20.0531],[86.2429,20.0367],[86.2299,20.0429],[86.2207,20.0353],[86.2119,20.0427],[86.205,20.0386],[86.2029,20.0426],[86.207,20.045],[86.2013,20.0472],[86.2006,20.0524],[86.1838,20.0508],[86.1711,20.0488],[86.1684,20.0409],[86.1601,20.0452],[86.1223,20.0398]]]}},{"type":"Feature","properties":{"ac_name":"UMERKOTE","ac_no":73,"ac_category":"ST","st_name":"ODISHA"},"geometry":{"type":"Polygon","coordinates":[[[82.0175,20.0483],[82.0118,20.054],[81.9924,20.0571],[81.9794,20.0806],[81.9471,20.1071],[81.9277,20.0919],[81.8953,20.0482],[81.8794,20.0508],[81.866,20.0283],[81.855,19.9717],[81.8452,19.9517],[81.8571,19.9472],[81.8536,19.9183],[81.8696,19.9023],[81.8886,19.8927],[81.9686,19.8597],[81.9656,19.8364],[81.9863,19.8007],[81.9957,19.7963],[82.0094,19.8042],[82.0487,19.7967],[82.0525,19.7924],[82.0595,19.7964],[82.0647,19.79],[82.0608,19.7657],[82.0645,19.7588],[82.051,19.7473],[82.0505,19.7169],[82.0444,19.7088],[82.0528,19.6761],[82.0749,19.6686],[82.0775,19.6745],[82.0937,19.6782],[82.1047,19.688],[82.1082,19.7031],[82.1121,19.7043],[82.1173,19.7039],[82.113,19.6931],[82.1193,19.7019],[82.1357,19.7062],[82.1636,19.6941],[82.1718,19.7112],[82.1878,19.7036],[82.1876,19.6512],[82.2246,19.6413],[82.2359,19.6513],[82.255,19.6485],[82.251,19.6591],[82.2697,19.6732],[82.2632,19.6867],[82.2795,19.69],[82.279,19.7036],[82.2831,19.7085],[82.2689,19.748],[82.2758,19.7566],[82.2667,19.7634],[82.2634,19.7733],[82.2754,19.7696],[82.2795,19.7632],[82.2912,19.78],[82.2853,19.7831],[82.2881,19.8033],[82.3021,19.8106],[82.312,19.8039],[82.344,19.8359],[82.3324,19.8436],[82.3251,19.8624],[82.3024,19.8899],[82.3006,19.9049],[82.2781,19.9437],[82.2688,19.9764],[82.2382,20.0026],[82.2172,19.997],[82.2105,19.9862],[82.185,19.9836],[82.1715,20.0056],[82.1618,20.0101],[82.1545,20.0078],[82.1372,20.0195],[82.1247,20.0164],[82.107,20.0271],[82.1021,20.0402],[82.0897,20.0384],[82.0858,20.0506],[82.0649,20.0567],[82.0584,20.0421],[82.038,20.0297],[82.04,20.0226],[82.033,20.0156],[82.0211,20.0234],[82.0175,20.0483]]]}},{"type":"Feature","properties":{"ac_name":"LANJIGARH","ac_no":77,"ac_category":"ST","st_name":"ODISHA"},"geometry":{"type":"Polygon","coordinates":[[[83.4446,20.0667],[83.4417,20.081],[83.44,20.0665],[83.4337,20.0641],[83.4319,20.0446],[83.4118,20.0172],[83.412,20.007],[83.4026,19.9975],[83.4014,19.9877],[83.3972,19.9878],[83.3923,20.0023],[83.373,20.0088],[83.3755,20.0125],[83.3697,20.0192],[83.3601,20.0144],[83.3559,19.9974],[83.3457,20.0005],[83.3329,19.9908],[83.3618,19.9599],[83.3633,19.935],[83.3348,19.931],[83.3198,19.9357],[83.3056,19.9295],[83.3047,19.9374],[83.3,19.9394],[83.311,19.9443],[83.3089,19.9596],[83.2925,19.9632],[83.2847,19.9582],[83.2761,19.9675],[83.2683,19.9679],[83.2654,19.9474],[83.2578,19.9596],[83.2541,19.9555],[83.2481,19.9577],[83.2518,19.9474],[83.2441,19.9485],[83.231,19.9311],[83.234,19.92],[83.2223,19.9219],[83.2277,19.9135],[83.2226,19.911],[83.2248,19.9051],[83.2211,19.9006],[83.2267,19.8937],[83.2215,19.8864],[83.1979,19.8972],[83.1731,19.8894],[83.1689,19.896],[83.1512,19.8896],[83.1498,19.9029],[83.1392,19.9095],[83.1465,19.923],[83.1216,19.9351],[83.1237,19.9424],[83.1153,19.944],[83.1105,19.9559],[83.1021,19.936],[83.0889,19.9417],[83.085,19.9159],[83.0703,19.9167],[83.0651,19.9114],[83.0535,19.9181],[83.0384,19.9183],[83.0301,19.9126],[83.0435,19.9039],[83.0395,19.8902],[83.0442,19.8769],[83.0511,19.877],[83.0546,19.8701],[83.0594,19.8715],[83.0731,19.8603],[83.0891,19.8564],[83.0832,19.8491],[83.0915,19.8367],[83.0864,19.8338],[83.0766,19.8435],[83.0735,19.8269],[83.0676,19.8268],[83.0792,19.8237],[83.0788,19.817],[83.0626,19.8124],[83.0705,19.7966],[83.0645,19.7886],[83.0535,19.7886],[83.0545,19.7821],[83.0783,19.7699],[83.0616,19.7499],[83.0377,19.7384],[83.0389,19.7069],[83.0262,19.6938],[82.9931,19.6812],[82.9902,19.6897],[82.9723,19.6896],[82.9715,19.6997],[82.9356,19.666],[82.9177,19.659],[82.9043,19.6656],[82.902,19.6538],[82.91,19.6363],[82.9253,19.6327],[82.9134,19.6219],[82.9142,19.6135],[82.9024,19.6117],[82.9081,19.5993],[82.9234,19.594],[82.9063,19.5779],[82.9078,19.5686],[82.8966,19.5745],[82.875,19.5686],[82.8759,19.5577],[82.8877,19.5601],[82.8864,19.5426],[82.9011,19.5384],[82.8965,19.5349],[82.901,19.5342],[82.9007,19.53],[82.8941,19.5228],[82.8872,19.5249],[82.8847,19.521],[82.8676,19.5196],[82.8634,19.5046],[82.8561,19.5124],[82.84,19.5152],[82.8383,19.5196],[82.8448,19.5221],[82.8433,19.5295],[82.8476,19.5345],[82.844,19.5392],[82.8515,19.5545],[82.8421,19.5556],[82.828,19.5474],[82.7983,19.56],[82.7896,19.579],[82.7959,19.5784],[82.803,19.5862],[82.8065,19.5924],[82.8024,19.5956],[82.7752,19.5905],[82.7809,19.5826],[82.7767,19.5784],[82.7535,19.6019],[82.7416,19.6018],[82.7025,19.5848],[82.6929,19.5853],[82.6836,19.5796],[82.6749,19.5836],[82.6697,19.5812],[82.6513,19.5523],[82.6544,19.5347],[82.6433,19.5191],[82.6458,19.5076],[82.6331,19.4911],[82.6332,19.4818],[82.6405,19.4837],[82.649,19.4775],[82.6497,19.4595],[82.6547,19.4563],[82.6602,19.4571],[82.6605,19.4521],[82.6642,19.444],[82.674,19.4421],[82.6739,19.4344],[82.6825,19.4374],[82.6938,19.4168],[82.7083,19.4193],[82.707,19.4146],[82.7148,19.4091],[82.7143,19.4027],[82.7061,19.4002],[82.7115,19.3912],[82.7071,19.3862],[82.7158,19.3701],[82.7116,19.3682],[82.7141,19.3556],[82.725,19.3543],[82.7256,19.3451],[82.7414,19.3495],[82.7482,19.338],[82.7568,19.3331],[82.7562,19.3266],[82.773,19.3327],[82.7687,19.3348],[82.7704,19.3381],[82.7796,19.3433],[82.7862,19.342],[82.79,19.332],[82.8077,19.3308],[82.8227,19.3223],[82.8473,19.3245],[82.8487,19.3195],[82.8428,19.3165],[82.8532,19.3071],[82.8408,19.3078],[82.8434,19.3005],[82.839,19.301],[82.8312,19.2846],[82.826,19.2822],[82.8302,19.2753],[82.8251,19.2556],[82.8171,19.2564],[82.8037,19.2368],[82.7984,19.2358],[82.8102,19.2295],[82.8218,19.2341],[82.8233,19.2393],[82.8332,19.2337],[82.8367,19.236],[82.8476,19.2245],[82.8455,19.2084],[82.8566,19.2032],[82.8633,19.2065],[82.8719,19.1989],[82.8805,19.1973],[82.8932,19.2076],[82.8829,19.2196],[82.8949,19.2169],[82.9183,19.2382],[82.9025,19.2638],[82.9074,19.2691],[82.9016,19.2839],[82.9119,19.296],[82.9185,19.2995],[82.9304,19.2973],[82.9387,19.3059],[82.938,19.322],[82.9514,19.346],[82.9525,19.3569],[82.9461,19.3627],[82.9567,19.3909],[82.9469,19.4014],[82.9374,19.4036],[82.9353,19.4247],[82.9313,19.4313],[82.9226,19.4331],[82.9213,19.4395],[82.9299,19.4432],[82.9341,19.4511],[82.9384,19.4457],[82.9783,19.4493],[82.9918,19.462],[82.9974,19.4679],[82.9928,19.4846],[82.9988,19.4974],[83.0252,19.508],[83.0281,19.5339],[83.0346,19.538],[83.036,19.5502],[83.0438,19.5564],[83.0696,19.5617],[83.0782,19.5592],[83.0771,19.5543],[83.0864,19.5453],[83.0879,19.5371],[83.1009,19.5374],[83.1018,19.5426],[83.1077,19.5378],[83.1029,19.5242],[83.1089,19.5251],[83.1145,19.5147],[83.1074,19.5087],[83.1216,19.4979],[83.1314,19.5077],[83.1422,19.5006],[83.1594,19.4819],[83.1483,19.4679],[83.1694,19.4272],[83.1852,19.4236],[83.1825,19.4524],[83.1857,19.4638],[83.1911,19.4653],[83.2022,19.4526],[83.2018,19.4394],[83.2136,19.4381],[83.2116,19.4348],[83.2161,19.4312],[83.2191,19.4432],[83.2113,19.4439],[83.2011,19.4602],[83.2084,19.4693],[83.2046,19.4733],[83.2198,19.4894],[83.2193,19.4958],[83.2282,19.5061],[83.2454,19.5046],[83.2453,19.514],[83.2571,19.5279],[83.2484,19.5396],[83.256,19.5473],[83.2636,19.5481],[83.2656,19.5594],[83.253,19.5696],[83.2581,19.577],[83.2691,19.5774],[83.2664,19.6012],[83.278,19.5984],[83.2876,19.589],[83.2877,19.5968],[83.2996,19.5913],[83.3192,19.5922],[83.3585,19.6071],[83.364,19.6049],[83.3656,19.5979],[83.3731,19.5973],[83.3751,19.6079],[83.3698,19.6199],[83.3837,19.6674],[83.4023,19.6827],[83.4166,19.6852],[83.4283,19.6967],[83.4331,19.713],[83.4463,19.7196],[83.4443,19.7316],[83.4521,19.734],[83.4545,19.7411],[83.4544,19.7757],[83.4506,19.7847],[83.4594,19.7964],[83.4369,19.8016],[83.4377,19.8134],[83.4315,19.8256],[83.4392,19.8329],[83.422,19.85],[83.4304,19.8709],[83.4244,19.876],[83.4203,19.8919],[83.4092,19.9003],[83.4132,19.9069],[83.4042,19.9205],[83.4186,19.9343],[83.4232,19.9284],[83.4418,19.9334],[83.4463,19.9733],[83.4729,19.9665],[83.4737,19.9632],[83.4795,19.9657],[83.4949,19.9606],[83.5032,19.9748],[83.5004,19.9937],[83.5243,20.0172],[83.5411,20.021],[83.5469,20.0326],[83.5012,20.0409],[83.4803,20.0601],[83.4638,20.0608],[83.4505,20.0687],[83.4446,20.0667]]]}},{"type":"Feature","properties":{"ac_name":"PURI","ac_no":107,"ac_category":"GEN","st_name":"ODISHA"},"geometry":{"type":"GeometryCollection","geometries":[{"type":"Polygon","coordinates":[[[85.807,19.8916,0],[85.8008,19.8882,0],[85.7965,19.8927,0],[85.807,19.8916,0]]]},{"type":"Polygon","coordinates":[[[85.807,19.8916,0],[85.7977,19.9016,0],[85.8064,19.9075,0],[85.8144,19.9158,0],[85.8312,19.9155,0],[85.8502,19.9086,0],[85.8609,19.93,0],[85.8744,19.9417,0],[85.8831,19.9418,0],[85.8846,19.9365,0],[85.8944,19.9346,0],[85.8978,19.9285,0],[85.9065,19.9334,0],[85.9156,19.9308,0],[85.9321,19.9529,0],[85.9359,19.9537,0],[85.9386,19.9474,0],[85.9419,19.9494,0],[85.9607,19.9427,0],[85.9727,19.9272,0],[85.9584,19.9347,0],[85.9469,19.9273,0],[85.9488,19.9048,0],[85.9557,19.9019,0],[85.9543,19.8977,0],[85.9621,19.896,0],[85.9562,19.8882,0],[85.961,19.8842,0],[85.9631,19.8719,0],[85.9453,19.8691,0],[85.9428,19.8642,0],[85.9461,19.8325,0],[85.9359,19.8262,0],[85.8019,19.7879,0],[85.8002,19.7976,0],[85.7627,19.7946,0],[85.7618,19.7992,0],[85.7772,19.8037,0],[85.7721,19.8079,0],[85.7728,19.8158,0],[85.7563,19.8272,0],[85.7578,19.8404,0],[85.7676,19.8394,0],[85.7731,19.8462,0],[85.7762,19.8424,0],[85.7889,19.8434,0],[85.7956,19.8502,0],[85.8129,19.8768,0],[85.8085,19.885,0],[85.813,19.885,0],[85.8124,19.8911,0],[85.807,19.8916,0]]]}]}},{"type":"Feature","properties":{"ac_name":"POLASARA","ac_no":124,"ac_category":"GEN","st_name":"ODISHA"},"geometry":{"type":"Polygon","coordinates":[[[84.9163,19.9516],[84.8948,19.9449],[84.892,19.9519],[84.8802,19.9589],[84.8834,19.9487],[84.8775,19.9455],[84.8803,19.9409],[84.8684,19.9443],[84.8564,19.939],[84.853,19.9464],[84.8524,19.9402],[84.831,19.9421],[84.8284,19.9293],[84.8177,19.9358],[84.8132,19.9307],[84.8138,19.9222],[84.7999,19.9198],[84.7956,19.9108],[84.782,19.9119],[84.7747,19.9035],[84.7559,19.8989],[84.7484,19.8775],[84.7204,19.8795],[84.7068,19.8688],[84.7081,19.8481],[84.6963,19.8344],[84.69,19.8148],[84.6949,19.8029],[84.6839,19.8023],[84.6781,19.7926],[84.6719,19.7994],[84.6623,19.7913],[84.6549,19.7953],[84.6479,19.793],[84.6531,19.7998],[84.6505,19.8064],[84.6395,19.8025],[84.6454,19.7826],[84.6565,19.771],[84.6709,19.7518],[84.6857,19.7537],[84.6808,19.7282],[84.7031,19.7202],[84.7019,19.7105],[84.708,19.7091],[84.7119,19.6996],[84.7254,19.7028],[84.7325,19.6831],[84.7159,19.6744],[84.7364,19.6749],[84.7424,19.6817],[84.7618,19.6711],[84.7477,19.6682],[84.7432,19.6593],[84.7621,19.658],[84.7713,19.649],[84.783,19.6486],[84.7853,19.643],[84.8011,19.6457],[84.8089,19.6523],[84.8177,19.652],[84.8121,19.6468],[84.8167,19.6357],[84.8256,19.6379],[84.8303,19.6292],[84.8498,19.6259],[84.8479,19.6357],[84.8537,19.6375],[84.8556,19.6447],[84.8679,19.6465],[84.8744,19.6606],[84.8808,19.6608],[84.8787,19.6674],[84.8961,19.6703],[84.9012,19.6954],[84.8937,19.6978],[84.89,19.7082],[84.8957,19.7114],[84.8986,19.7023],[84.9063,19.7159],[84.9099,19.7121],[84.9515,19.7175],[84.9429,19.6977],[84.9615,19.6812],[84.9617,19.6882],[84.9716,19.6962],[84.9638,19.7001],[84.9669,19.7102],[84.9704,19.7092],[84.9746,19.7195],[84.9839,19.7177],[84.9971,19.7243],[85.0056,19.7345],[85.0164,19.7604],[85.0323,19.7819],[85.0372,19.8067],[85.0063,19.8029],[84.999,19.8147],[84.9846,19.8193],[84.9693,19.8545],[84.951,19.8657],[84.9522,19.8684],[84.9353,19.8752],[84.94,19.8973],[84.9276,19.9084],[84.9074,19.9086],[84.9064,19.915],[84.9208,19.9409],[84.9163,19.9516]]]}},{"type":"Feature","properties":{"ac_name":"DHARMGARH","ac_no":79,"ac_category":"GEN","st_name":"ODISHA"},"geometry":{"type":"Polygon","coordinates":[[[82.7185,19.9506],[82.7075,19.9016],[82.714,19.8778],[82.7244,19.8758],[82.7179,19.8531],[82.7113,19.8509],[82.7116,19.8402],[82.7053,19.833],[82.696,19.8307],[82.6515,19.8323],[82.6469,19.8188],[82.6367,19.8132],[82.6265,19.7934],[82.6036,19.7882],[82.6026,19.7817],[82.5945,19.7755],[82.5954,19.7599],[82.6018,19.7476],[82.5851,19.744],[82.5728,19.735],[82.5671,19.7361],[82.5614,19.7265],[82.5671,19.7158],[82.5729,19.7146],[82.5669,19.7076],[82.5662,19.6847],[82.5772,19.6815],[82.554,19.6456],[82.5245,19.6315],[82.5402,19.6181],[82.538,19.6157],[82.5475,19.6126],[82.5412,19.5967],[82.5292,19.585],[82.5348,19.577],[82.5564,19.5815],[82.5573,19.5745],[82.5676,19.5665],[82.566,19.5449],[82.5834,19.5471],[82.5885,19.5409],[82.6157,19.5397],[82.6135,19.5267],[82.6093,19.5269],[82.6065,19.5208],[82.623,19.5193],[82.6256,19.5144],[82.6408,19.5125],[82.6458,19.5076],[82.6433,19.5191],[82.6544,19.5347],[82.6513,19.5523],[82.6697,19.5812],[82.6749,19.5836],[82.6836,19.5796],[82.6929,19.5853],[82.7025,19.5848],[82.7416,19.6018],[82.7535,19.6019],[82.7767,19.5784],[82.7809,19.5826],[82.7752,19.5905],[82.8024,19.5956],[82.8065,19.5924],[82.803,19.5862],[82.7959,19.5784],[82.7896,19.579],[82.7983,19.56],[82.828,19.5474],[82.8421,19.5556],[82.8515,19.5545],[82.844,19.5392],[82.8476,19.5345],[82.8433,19.5295],[82.8448,19.5221],[82.8383,19.5196],[82.84,19.5152],[82.8561,19.5124],[82.8634,19.5046],[82.8676,19.5196],[82.8847,19.521],[82.8872,19.5249],[82.8941,19.5228],[82.9007,19.53],[82.901,19.5342],[82.8965,19.5349],[82.9011,19.5384],[82.8864,19.5426],[82.8877,19.5601],[82.8759,19.5577],[82.875,19.5686],[82.8966,19.5745],[82.9078,19.5686],[82.9063,19.5779],[82.9234,19.594],[82.9081,19.5993],[82.9024,19.6117],[82.9142,19.6135],[82.9134,19.6219],[82.9253,19.6327],[82.91,19.6363],[82.902,19.6538],[82.9043,19.6656],[82.8844,19.6763],[82.8906,19.6781],[82.8997,19.6728],[82.9047,19.684],[82.8933,19.6896],[82.8774,19.683],[82.8676,19.6943],[82.8545,19.694],[82.8423,19.705],[82.8469,19.7144],[82.8376,19.732],[82.8145,19.7215],[82.7881,19.7356],[82.7911,19.7266],[82.7873,19.715],[82.772,19.7204],[82.777,19.7283],[82.7757,19.7388],[82.7884,19.7432],[82.7811,19.7535],[82.7813,19.7626],[82.8088,19.7597],[82.8062,19.7813],[82.8153,19.7831],[82.8281,19.7782],[82.8277,19.7856],[82.8387,19.8009],[82.8236,19.8023],[82.8272,19.8095],[82.8246,19.8217],[82.8386,19.8424],[82.8496,19.8455],[82.8518,19.888],[82.8581,19.8989],[82.8658,19.9027],[82.8724,19.9221],[82.847,19.9219],[82.8331,19.9098],[82.7881,19.917],[82.7824,19.9257],[82.7892,19.9318],[82.7949,19.9251],[82.7935,19.9315],[82.8014,19.9338],[82.7992,19.9435],[82.8068,19.9493],[82.8049,19.9609],[82.794,19.9713],[82.7696,19.9824],[82.7631,19.9718],[82.7573,19.9716],[82.7502,19.9803],[82.7415,19.9727],[82.7255,19.9683],[82.7193,19.9632],[82.7185,19.9506]]]}},{"type":"Feature","properties":{"ac_name":"BISSAM CUTTACK","ac_no":139,"ac_category":"ST","st_name":"ODISHA"},"geometry":{"type":"Polygon","coordinates":[[[83.4949,19.9606],[83.4795,19.9657],[83.4737,19.9632],[83.4729,19.9665],[83.4463,19.9733],[83.4418,19.9334],[83.4232,19.9284],[83.4186,19.9343],[83.4042,19.9205],[83.4132,19.9069],[83.4092,19.9003],[83.4203,19.8919],[83.4244,19.876],[83.4304,19.8709],[83.422,19.85],[83.4392,19.8329],[83.4315,19.8256],[83.4377,19.8134],[83.4369,19.8016],[83.4594,19.7964],[83.4506,19.7847],[83.4544,19.7757],[83.4545,19.7411],[83.4521,19.734],[83.4443,19.7316],[83.4463,19.7196],[83.4331,19.713],[83.4283,19.6967],[83.4166,19.6852],[83.4023,19.6827],[83.3837,19.6674],[83.3698,19.6199],[83.3751,19.6079],[83.3731,19.5973],[83.3656,19.5979],[83.364,19.6049],[83.3585,19.6071],[83.3192,19.5922],[83.2996,19.5913],[83.2877,19.5968],[83.2876,19.589],[83.278,19.5984],[83.2664,19.6012],[83.2691,19.5774],[83.2581,19.577],[83.253,19.5696],[83.2656,19.5594],[83.2636,19.5481],[83.256,19.5473],[83.2484,19.5396],[83.2571,19.5279],[83.2453,19.514],[83.2454,19.5046],[83.2282,19.5061],[83.2193,19.4958],[83.2198,19.4894],[83.2046,19.4733],[83.2084,19.4693],[83.2011,19.4602],[83.2113,19.4439],[83.2191,19.4432],[83.2161,19.4312],[83.2204,19.4247],[83.233,19.42],[83.2475,19.4376],[83.2539,19.4298],[83.268,19.4289],[83.2733,19.3946],[83.2834,19.3923],[83.2892,19.3773],[83.2844,19.3691],[83.2664,19.357],[83.276,19.3321],[83.2675,19.3131],[83.2498,19.3068],[83.248,19.2841],[83.2533,19.2632],[83.2707,19.2588],[83.273,19.2657],[83.2796,19.2636],[83.2826,19.2765],[83.2926,19.282],[83.3006,19.2977],[83.3073,19.283],[83.3248,19.298],[83.3379,19.2922],[83.3362,19.2764],[83.3252,19.2708],[83.3264,19.2679],[83.3463,19.269],[83.3504,19.2777],[83.3658,19.2898],[83.3733,19.2874],[83.3781,19.2787],[83.4087,19.2864],[83.4174,19.2697],[83.4217,19.2847],[83.4327,19.2986],[83.4407,19.2905],[83.4376,19.262],[83.444,19.2534],[83.438,19.2436],[83.4439,19.2423],[83.4554,19.222],[83.4851,19.2139],[83.4843,19.2012],[83.4802,19.2048],[83.478,19.2007],[83.4797,19.1882],[83.494,19.1985],[83.5033,19.1944],[83.5181,19.201],[83.5257,19.1782],[83.5208,19.1679],[83.523,19.1637],[83.5338,19.1633],[83.5391,19.1453],[83.5359,19.1319],[83.5443,19.1276],[83.55,19.1172],[83.5573,19.1187],[83.5607,19.1095],[83.5745,19.1201],[83.5791,19.0962],[83.5862,19.0873],[83.5929,19.0927],[83.6106,19.0961],[83.5978,19.1188],[83.6016,19.1356],[83.6079,19.1397],[83.6159,19.1371],[83.6207,19.1417],[83.6274,19.1505],[83.626,19.1627],[83.6372,19.1536],[83.6419,19.1526],[83.6386,19.1648],[83.6475,19.1775],[83.647,19.1987],[83.6544,19.1923],[83.6524,19.1985],[83.6591,19.2068],[83.641,19.2079],[83.6307,19.2134],[83.6326,19.225],[83.6232,19.2475],[83.6399,19.2487],[83.642,19.2562],[83.6192,19.2672],[83.6106,19.2998],[83.5989,19.2941],[83.5782,19.2925],[83.5763,19.2793],[83.5624,19.2936],[83.5665,19.3119],[83.5926,19.3114],[83.5966,19.3246],[83.6033,19.3261],[83.6037,19.3372],[83.6098,19.3303],[83.6251,19.327],[83.6343,19.3436],[83.6446,19.3465],[83.6398,19.3679],[83.6431,19.3901],[83.628,19.4113],[83.6263,19.4268],[83.6426,19.4296],[83.6363,19.4462],[83.6475,19.4493],[83.6569,19.4421],[83.6609,19.447],[83.6594,19.4592],[83.6788,19.4592],[83.6738,19.4688],[83.6766,19.4765],[83.6836,19.47],[83.6906,19.4733],[83.6769,19.4862],[83.6899,19.4901],[83.6948,19.4859],[83.6983,19.4926],[83.6818,19.5085],[83.6657,19.5021],[83.6709,19.4864],[83.6662,19.4902],[83.6582,19.4785],[83.6505,19.4811],[83.6263,19.5319],[83.6218,19.5334],[83.6237,19.5412],[83.6143,19.5439],[83.5991,19.5725],[83.5865,19.5805],[83.5931,19.594],[83.5841,19.5986],[83.5841,19.6073],[83.5776,19.6151],[83.5831,19.6305],[83.5919,19.638],[83.6012,19.6238],[83.6163,19.6248],[83.6177,19.6325],[83.5979,19.632],[83.6155,19.6433],[83.6119,19.6497],[83.6389,19.643],[83.6314,19.6247],[83.638,19.6177],[83.6548,19.6296],[83.6636,19.6307],[83.6785,19.676],[83.6895,19.6761],[83.6933,19.6802],[83.6894,19.6891],[83.6697,19.6778],[83.6625,19.665],[83.6541,19.6637],[83.6491,19.6576],[83.6351,19.6712],[83.6422,19.7041],[83.6318,19.7168],[83.6321,19.7306],[83.6254,19.7444],[83.608,19.7509],[83.6082,19.7601],[83.621,19.7752],[83.6155,19.8004],[83.62,19.8044],[83.6189,19.8148],[83.607,19.816],[83.5998,19.8345],[83.5975,19.8283],[83.5856,19.8232],[83.5423,19.8438],[83.5346,19.858],[83.5281,19.8545],[83.5269,19.878],[83.5378,19.8967],[83.5538,19.9106],[83.5597,19.9301],[83.5519,19.9309],[83.5338,19.9475],[83.4949,19.9606]]]}},{"type":"Feature","properties":{"ac_name":"BRAHMAGIRI","ac_no":108,"ac_category":"GEN","st_name":"ODISHA"},"geometry":{"type":"Polygon","coordinates":[[[85.8064,19.9075],[85.7823,19.9191],[85.7789,19.9168],[85.7789,19.9227],[85.7671,19.9174],[85.761,19.9216],[85.7614,19.9294],[85.7475,19.924],[85.7467,19.9304],[85.739,19.9328],[85.7295,19.915],[85.7016,19.9168],[85.6907,19.9107],[85.6888,19.9223],[85.6724,19.9235],[85.6463,19.8911],[85.624,19.8981],[85.5885,19.8988],[85.5869,19.8906],[85.577,19.883],[85.5776,19.8725],[85.5625,19.8634],[85.5617,19.8542],[85.4999,19.8697],[85.503,19.8848],[85.4395,19.8826],[85.3864,19.831],[85.36,19.8228],[85.3476,19.801],[85.3434,19.8016],[85.33,19.7854],[85.2862,19.7824],[85.2523,19.7679],[85.248,19.7438],[85.2214,19.742],[85.2032,19.7193],[85.1988,19.7039],[85.2118,19.6954],[85.2085,19.6792],[85.1823,19.6718],[85.1737,19.5581],[85.1348,19.5217],[85.1486,19.4956],[85.1724,19.4673],[85.3073,19.5615],[85.405,19.6163],[85.6791,19.7451],[85.8019,19.7879],[85.8002,19.7976],[85.7627,19.7946],[85.7618,19.7992],[85.7772,19.8037],[85.7721,19.8079],[85.7728,19.8158],[85.7563,19.8272],[85.7578,19.8404],[85.7676,19.8394],[85.7731,19.8462],[85.7762,19.8424],[85.7889,19.8434],[85.7956,19.8502],[85.8129,19.8768],[85.8085,19.885],[85.813,19.885],[85.8124,19.8911],[85.807,19.8916],[85.8008,19.8882],[85.7965,19.8927],[85.807,19.8916],[85.7977,19.9016],[85.8064,19.9075]]]}},{"type":"Feature","properties":{"ac_name":"CHILIKA","ac_no":118,"ac_category":"GEN","st_name":"ODISHA"},"geometry":{"type":"Polygon","coordinates":[[[85.0499,19.9154],[85.026,19.9012],[85.019,19.9057],[85.0049,19.8997],[84.9757,19.9042],[84.94,19.8973],[84.9353,19.8752],[84.9522,19.8684],[84.951,19.8657],[84.9693,19.8545],[84.9846,19.8193],[84.999,19.8147],[85.0063,19.8029],[85.0372,19.8067],[85.0672,19.7964],[85.0768,19.7899],[85.0779,19.7802],[85.0866,19.7681],[85.1256,19.7492],[85.1379,19.7389],[85.1445,19.7271],[85.1437,19.7195],[85.1606,19.7024],[85.162,19.6951],[85.1825,19.6779],[85.1823,19.6718],[85.2085,19.6792],[85.2118,19.6954],[85.1988,19.7039],[85.2032,19.7193],[85.2214,19.742],[85.248,19.7438],[85.2523,19.7679],[85.2862,19.7824],[85.33,19.7854],[85.3434,19.8016],[85.3476,19.801],[85.36,19.8228],[85.3864,19.831],[85.4395,19.8826],[85.4328,19.8889],[85.4312,19.9045],[85.4258,19.9101],[85.4078,19.916],[85.4064,19.9038],[85.3971,19.9082],[85.398,19.9019],[85.3812,19.9099],[85.3858,19.8976],[85.3702,19.9068],[85.357,19.8935],[85.3775,19.8852],[85.3755,19.8586],[85.3468,19.8603],[85.337,19.8651],[85.3307,19.8615],[85.325,19.8665],[85.3046,19.8492],[85.2989,19.8529],[85.2976,19.8611],[85.304,19.8838],[85.2667,19.9132],[85.2416,19.9063],[85.223,19.9123],[85.1836,19.9075],[85.1817,19.9106],[85.1649,19.9039],[85.1228,19.9342],[85.0934,19.9293],[85.0553,19.9139],[85.0499,19.9154]]]}},{"type":"Feature","properties":{"ac_name":"SURADA","ac_no":129,"ac_category":"GEN","st_name":"ODISHA"},"geometry":{"type":"Polygon","coordinates":[[[84.3271,19.8711],[84.3049,19.9072],[84.2772,19.8807],[84.2448,19.8708],[84.1855,19.8607],[84.2002,19.8365],[84.1889,19.8242],[84.1729,19.8216],[84.1713,19.809],[84.1655,19.8054],[84.1742,19.7933],[84.1593,19.7854],[84.1307,19.7801],[84.1494,19.7571],[84.16,19.735],[84.1564,19.7238],[84.1827,19.7367],[84.2014,19.7313],[84.1892,19.7056],[84.2014,19.6927],[84.199,19.6869],[84.21,19.6832],[84.2173,19.6743],[84.2214,19.6769],[84.2263,19.6671],[84.2389,19.665],[84.245,19.6428],[84.2251,19.6241],[84.2363,19.6091],[84.2331,19.5935],[84.2392,19.5761],[84.2493,19.5725],[84.2497,19.5557],[84.2559,19.5543],[84.2586,19.5794],[84.2654,19.5872],[84.265,19.5556],[84.2723,19.5497],[84.2969,19.5663],[84.3191,19.5749],[84.3198,19.5897],[84.3309,19.5998],[84.3362,19.6093],[84.3312,19.6152],[84.3566,19.6156],[84.3914,19.5903],[84.391,19.6183],[84.4004,19.6275],[84.4025,19.6378],[84.4338,19.6252],[84.4367,19.6357],[84.4496,19.6421],[84.4613,19.642],[84.471,19.6318],[84.4953,19.635],[84.4887,19.6516],[84.4924,19.6664],[84.5109,19.6782],[84.5165,19.7017],[84.5221,19.703],[84.5273,19.696],[84.5293,19.6997],[84.5302,19.7069],[84.5244,19.7142],[84.5269,19.7323],[84.5235,19.7339],[84.5272,19.7528],[84.5739,19.7465],[84.5892,19.7528],[84.5936,19.7481],[84.5945,19.7586],[84.601,19.7598],[84.5942,19.7666],[84.6034,19.7679],[84.6245,19.761],[84.6336,19.7747],[84.6407,19.7715],[84.6454,19.7826],[84.6395,19.8025],[84.6505,19.8064],[84.6531,19.7998],[84.6479,19.793],[84.6549,19.7953],[84.6623,19.7913],[84.6719,19.7994],[84.6781,19.7926],[84.6839,19.8023],[84.6949,19.8029],[84.69,19.8148],[84.6963,19.8344],[84.7081,19.8481],[84.7068,19.8688],[84.6998,19.8736],[84.6975,19.8583],[84.6722,19.8717],[84.6719,19.8837],[84.6634,19.8859],[84.6546,19.9031],[84.6598,19.9133],[84.6483,19.9166],[84.6492,19.926],[84.6429,19.9302],[84.6364,19.9245],[84.6335,19.9311],[84.6263,19.9315],[84.6245,19.94],[84.6179,19.9423],[84.6146,19.9283],[84.6055,19.9357],[84.5932,19.9217],[84.5907,19.905],[84.5938,19.9038],[84.5844,19.8983],[84.5836,19.8791],[84.5792,19.8797],[84.5799,19.886],[84.5491,19.8868],[84.5478,19.8716],[84.5428,19.8683],[84.5368,19.8449],[84.5303,19.8443],[84.5289,19.8368],[84.4849,19.8554],[84.4747,19.8793],[84.4615,19.8795],[84.4579,19.8726],[84.4619,19.8575],[84.4435,19.8448],[84.4499,19.8347],[84.4438,19.8303],[84.4322,19.8395],[84.4239,19.8353],[84.3847,19.8408],[84.3702,19.8477],[84.3571,19.8595],[84.3584,19.8633],[84.3441,19.8616],[84.337,19.8706],[84.3271,19.8711]]]}},{"type":"Feature","properties":{"ac_name":"JHARIGAM","ac_no":74,"ac_category":"ST","st_name":"ODISHA"},"geometry":{"type":"Polygon","coordinates":[[[82.344,19.8359],[82.312,19.8039],[82.3021,19.8106],[82.2881,19.8033],[82.2853,19.7831],[82.2912,19.78],[82.2795,19.7632],[82.2754,19.7696],[82.2634,19.7733],[82.2667,19.7634],[82.2758,19.7566],[82.2689,19.748],[82.2831,19.7085],[82.279,19.7036],[82.2795,19.69],[82.2632,19.6867],[82.2697,19.6732],[82.251,19.6591],[82.255,19.6485],[82.2359,19.6513],[82.2246,19.6413],[82.1876,19.6512],[82.1878,19.7036],[82.1718,19.7112],[82.1636,19.6941],[82.1357,19.7062],[82.1193,19.7019],[82.113,19.6931],[82.1173,19.7039],[82.1121,19.7043],[82.1082,19.7031],[82.1047,19.688],[82.0937,19.6782],[82.0775,19.6745],[82.0749,19.6686],[82.0528,19.6761],[82.0556,19.6659],[82.0518,19.6594],[82.0559,19.6542],[82.0523,19.6464],[82.0592,19.6288],[82.0507,19.6166],[82.0516,19.6081],[82.0445,19.6055],[82.0398,19.597],[82.0491,19.5778],[82.0454,19.5596],[82.0505,19.5486],[82.0477,19.5326],[82.0373,19.5274],[82.0315,19.5078],[82.0659,19.5107],[82.0759,19.5238],[82.0999,19.5168],[82.0978,19.4992],[82.1081,19.4945],[82.1027,19.4662],[82.1133,19.4607],[82.1134,19.4485],[82.1259,19.4293],[82.1684,19.4369],[82.168,19.4442],[82.19,19.4606],[82.1907,19.4677],[82.2102,19.4791],[82.215,19.4924],[82.2194,19.4902],[82.2248,19.4939],[82.2303,19.4901],[82.2312,19.4951],[82.2414,19.4884],[82.2463,19.4911],[82.2537,19.5176],[82.2465,19.5201],[82.2454,19.5384],[82.2523,19.542],[82.2571,19.5401],[82.2644,19.5453],[82.2684,19.5426],[82.2658,19.5316],[82.2742,19.5196],[82.2767,19.5242],[82.3009,19.5278],[82.2995,19.5202],[82.3107,19.5131],[82.322,19.4929],[82.3445,19.5031],[82.3478,19.5102],[82.3531,19.5087],[82.3526,19.5143],[82.3789,19.5046],[82.3888,19.5152],[82.3837,19.5274],[82.3935,19.5402],[82.3888,19.5434],[82.3876,19.5618],[82.3803,19.5693],[82.3879,19.5759],[82.4063,19.5756],[82.4089,19.5796],[82.4096,19.576],[82.4277,19.5775],[82.4435,19.5732],[82.4407,19.5585],[82.4593,19.5628],[82.4589,19.5484],[82.4529,19.5475],[82.4753,19.5283],[82.4952,19.5312],[82.4983,19.542],[82.5118,19.5553],[82.5123,19.5804],[82.5194,19.5854],[82.5292,19.585],[82.5412,19.5967],[82.5475,19.6126],[82.538,19.6157],[82.5402,19.6181],[82.5245,19.6315],[82.554,19.6456],[82.5772,19.6815],[82.5662,19.6847],[82.5669,19.7076],[82.5729,19.7146],[82.5671,19.7158],[82.5614,19.7265],[82.5671,19.7361],[82.5728,19.735],[82.5851,19.744],[82.6018,19.7476],[82.5954,19.7599],[82.5945,19.7755],[82.5832,19.7786],[82.5816,19.783],[82.5845,19.8026],[82.5758,19.8079],[82.5793,19.8302],[82.5758,19.8291],[82.5755,19.8339],[82.5839,19.844],[82.5883,19.8434],[82.5872,19.8486],[82.6034,19.8669],[82.5964,19.8731],[82.583,19.8696],[82.5721,19.878],[82.5612,19.8745],[82.5562,19.8809],[82.5487,19.8758],[82.535,19.887],[82.5312,19.8786],[82.5193,19.891],[82.5049,19.8904],[82.5009,19.903],[82.4828,19.9071],[82.4645,19.9005],[82.446,19.9092],[82.4365,19.9041],[82.4182,19.9029],[82.3945,19.8875],[82.3756,19.86],[82.3609,19.863],[82.3649,19.8518],[82.344,19.8359]]]}},{"type":"Feature","properties":{"ac_name":"KABISURYANAGAR","ac_no":125,"ac_category":"GEN","st_name":"ODISHA"},"geometry":{"type":"Polygon","coordinates":[[[85.0372,19.8067],[85.0323,19.7819],[85.0164,19.7604],[85.0056,19.7345],[84.9971,19.7243],[84.9839,19.7177],[84.9746,19.7195],[84.9704,19.7092],[84.9669,19.7102],[84.9638,19.7001],[84.9716,19.6962],[84.9617,19.6882],[84.9615,19.6812],[84.9429,19.6977],[84.9515,19.7175],[84.9099,19.7121],[84.9063,19.7159],[84.8986,19.7023],[84.8957,19.7114],[84.89,19.7082],[84.8937,19.6978],[84.9012,19.6954],[84.8961,19.6703],[84.8787,19.6674],[84.8808,19.6608],[84.8744,19.6606],[84.8679,19.6465],[84.8556,19.6447],[84.8537,19.6375],[84.8479,19.6357],[84.8498,19.6259],[84.8303,19.6292],[84.8256,19.6379],[84.8167,19.6357],[84.8121,19.6468],[84.8177,19.652],[84.8089,19.6523],[84.8011,19.6457],[84.8007,19.637],[84.7944,19.629],[84.7971,19.6193],[84.8056,19.6197],[84.8001,19.6152],[84.8015,19.6109],[84.78,19.6158],[84.7769,19.6123],[84.7812,19.6088],[84.7756,19.6063],[84.7809,19.6002],[84.7617,19.6068],[84.7591,19.6003],[84.7443,19.6043],[84.7442,19.5872],[84.7401,19.5884],[84.7391,19.5819],[84.7439,19.5715],[84.7536,19.5758],[84.751,19.5667],[84.7601,19.557],[84.7382,19.5423],[84.7407,19.5387],[84.7441,19.5363],[84.7501,19.5355],[84.7515,19.5276],[84.7584,19.5263],[84.7633,19.5101],[84.7773,19.5073],[84.7805,19.4921],[84.7974,19.4954],[84.8118,19.4843],[84.8249,19.4919],[84.8256,19.5088],[84.8436,19.5078],[84.8462,19.5245],[84.8482,19.5292],[84.8545,19.5295],[84.8545,19.5342],[84.8646,19.5323],[84.8858,19.5378],[84.8883,19.5456],[84.8806,19.5528],[84.8952,19.5513],[84.8918,19.5558],[84.9043,19.557],[84.905,19.5614],[84.9112,19.5543],[84.9292,19.5477],[84.9448,19.5738],[84.9631,19.5875],[84.9577,19.6007],[84.9626,19.6035],[84.9666,19.622],[84.974,19.6308],[84.9825,19.6253],[84.9894,19.6293],[85.0018,19.6184],[85.0106,19.6167],[85.0169,19.6191],[85.0138,19.6257],[85.027,19.6191],[85.0344,19.6231],[85.0416,19.6207],[85.0489,19.654],[85.0466,19.6668],[85.0514,19.6692],[85.0551,19.6654],[85.0619,19.6731],[85.0606,19.6796],[85.0776,19.6725],[85.0909,19.6742],[85.0918,19.6803],[85.0713,19.6803],[85.0605,19.6892],[85.0798,19.6954],[85.0651,19.7099],[85.0718,19.7144],[85.0747,19.7106],[85.0759,19.7176],[85.0698,19.716],[85.0724,19.7228],[85.0759,19.7193],[85.0842,19.728],[85.0791,19.7332],[85.0855,19.7465],[85.0775,19.7489],[85.0897,19.7554],[85.0852,19.7605],[85.0766,19.7594],[85.0823,19.7684],[85.0724,19.7748],[85.0683,19.7856],[85.0755,19.7877],[85.0672,19.7964],[85.0372,19.8067]]]}},{"type":"Feature","properties":{"ac_name":"KHALIKOTE","ac_no":126,"ac_category":"SC","st_name":"ODISHA"},"geometry":{"type":"Polygon","coordinates":[[[85.0672,19.7964],[85.0755,19.7877],[85.0683,19.7856],[85.0724,19.7748],[85.0823,19.7684],[85.0766,19.7594],[85.0852,19.7605],[85.0897,19.7554],[85.0775,19.7489],[85.0855,19.7465],[85.0791,19.7332],[85.0842,19.728],[85.0759,19.7193],[85.0724,19.7228],[85.0698,19.716],[85.0759,19.7176],[85.0747,19.7106],[85.0718,19.7144],[85.0651,19.7099],[85.0798,19.6954],[85.0605,19.6892],[85.0713,19.6803],[85.0918,19.6803],[85.0909,19.6742],[85.0776,19.6725],[85.0606,19.6796],[85.0619,19.6731],[85.0551,19.6654],[85.0514,19.6692],[85.0466,19.6668],[85.0489,19.654],[85.0416,19.6207],[85.0344,19.6231],[85.027,19.6191],[85.0138,19.6257],[85.0169,19.6191],[85.0106,19.6167],[85.0018,19.6184],[84.9894,19.6293],[84.9825,19.6253],[84.974,19.6308],[84.9666,19.622],[84.9626,19.6035],[84.9577,19.6007],[84.9631,19.5875],[84.9448,19.5738],[84.9292,19.5477],[84.9112,19.5543],[84.905,19.5614],[84.9043,19.557],[84.8918,19.5558],[84.8952,19.5513],[84.8806,19.5528],[84.8883,19.5456],[84.8858,19.5378],[84.8646,19.5323],[84.8545,19.5342],[84.8545,19.5295],[84.8482,19.5292],[84.8462,19.5245],[84.8436,19.5078],[84.8256,19.5088],[84.8249,19.4919],[84.8318,19.4894],[84.8295,19.4658],[84.8363,19.4624],[84.8434,19.4662],[84.8489,19.4862],[84.8591,19.4852],[84.8671,19.4754],[84.8759,19.4754],[84.8693,19.4693],[84.8694,19.4639],[84.8755,19.4624],[84.8607,19.4451],[84.8562,19.4323],[84.8824,19.4112],[84.9026,19.4162],[84.9078,19.4229],[84.9406,19.4111],[84.9426,19.4166],[84.9375,19.4186],[84.9324,19.4361],[84.9371,19.4438],[84.9321,19.452],[84.9412,19.4664],[84.9358,19.4913],[84.9416,19.4995],[84.9505,19.4936],[84.9569,19.4742],[84.9682,19.4679],[84.9736,19.4811],[84.9663,19.4923],[84.9772,19.5109],[85.0152,19.5178],[85.0287,19.5308],[85.0605,19.5341],[85.074,19.5403],[85.0794,19.5374],[85.091,19.5314],[85.0954,19.5133],[85.1003,19.5112],[85.0955,19.5066],[85.0998,19.5018],[85.109,19.4996],[85.1149,19.5053],[85.1139,19.5173],[85.1179,19.5215],[85.1357,19.4949],[85.1423,19.4924],[85.1486,19.4956],[85.1348,19.5217],[85.1737,19.5581],[85.1823,19.6718],[85.1825,19.6779],[85.162,19.6951],[85.1606,19.7024],[85.1437,19.7195],[85.1445,19.7271],[85.1379,19.7389],[85.1256,19.7492],[85.0866,19.7681],[85.0779,19.7802],[85.0768,19.7899],[85.0672,19.7964]]]}},{"type":"Feature","properties":{"ac_name":"ASKA","ac_no":128,"ac_category":"GEN","st_name":"ODISHA"},"geometry":{"type":"GeometryCollection","geometries":[{"type":"Polygon","coordinates":[[[84.7441,19.5363,0],[84.7501,19.5355,0],[84.7515,19.5276,0],[84.7407,19.5332,0],[84.7407,19.5387,0],[84.7441,19.5363,0]]]},{"type":"Polygon","coordinates":[[[84.6565,19.771,0],[84.6709,19.7518,0],[84.6857,19.7537,0],[84.6808,19.7282,0],[84.7031,19.7202,0],[84.7019,19.7105,0],[84.708,19.7091,0],[84.7119,19.6996,0],[84.7254,19.7028,0],[84.7325,19.6831,0],[84.7159,19.6744,0],[84.7364,19.6749,0],[84.7424,19.6817,0],[84.7618,19.6711,0],[84.7477,19.6682,0],[84.7432,19.6593,0],[84.7621,19.658,0],[84.7713,19.649,0],[84.783,19.6486,0],[84.7853,19.643,0],[84.8011,19.6457,0],[84.8007,19.637,0],[84.7944,19.629,0],[84.7971,19.6193,0],[84.8056,19.6197,0],[84.8001,19.6152,0],[84.8015,19.6109,0],[84.78,19.6158,0],[84.7769,19.6123,0],[84.7812,19.6088,0],[84.7756,19.6063,0],[84.7809,19.6002,0],[84.7617,19.6068,0],[84.7591,19.6003,0],[84.7443,19.6043,0],[84.7442,19.5872,0],[84.7401,19.5884,0],[84.7391,19.5819,0],[84.7439,19.5715,0],[84.7536,19.5758,0],[84.751,19.5667,0],[84.7601,19.557,0],[84.7382,19.5423,0],[84.7245,19.5594,0],[84.7143,19.5529,0],[84.709,19.5614,0],[84.7041,19.5561,0],[84.6869,19.563,0],[84.6705,19.5555,0],[84.6711,19.5505,0],[84.6548,19.5527,0],[84.6532,19.5441,0],[84.6471,19.542,0],[84.6513,19.551,0],[84.6382,19.5563,0],[84.6486,19.5719,0],[84.6452,19.5738,0],[84.6476,19.5797,0],[84.6644,19.5783,0],[84.6662,19.5866,0],[84.6598,19.589,0],[84.662,19.5942,0],[84.6552,19.6003,0],[84.6608,19.6091,0],[84.6318,19.6086,0],[84.6249,19.6028,0],[84.6223,19.6078,0],[84.6269,19.6114,0],[84.6135,19.6307,0],[84.613,19.638,0],[84.6051,19.6434,0],[84.6106,19.6517,0],[84.6023,19.6514,0],[84.5921,19.6751,0],[84.6024,19.6742,0],[84.6018,19.6829,0],[84.6166,19.6727,0],[84.6132,19.6695,0],[84.6214,19.6705,0],[84.6235,19.6797,0],[84.6083,19.6984,0],[84.6141,19.71,0],[84.63,19.7005,0],[84.6273,19.7116,0],[84.6364,19.7147,0],[84.6338,19.7279,0],[84.6259,19.7339,0],[84.6307,19.7387,0],[84.6264,19.7473,0],[84.6305,19.7588,0],[84.6245,19.761,0],[84.6336,19.7747,0],[84.6407,19.7715,0],[84.6454,19.7826,0],[84.6565,19.771,0]]]}]}},{"type":"Feature","properties":{"ac_name":"SANAKHEMUNDI","ac_no":130,"ac_category":"GEN","st_name":"ODISHA"},"geometry":{"type":"Polygon","coordinates":[[[84.6034,19.7679],[84.5942,19.7666],[84.601,19.7598],[84.5945,19.7586],[84.5936,19.7481],[84.5892,19.7528],[84.5739,19.7465],[84.5272,19.7528],[84.5235,19.7339],[84.5269,19.7323],[84.5244,19.7142],[84.5302,19.7069],[84.5293,19.6997],[84.5273,19.696],[84.5221,19.703],[84.5165,19.7017],[84.5109,19.6782],[84.4924,19.6664],[84.4887,19.6516],[84.4953,19.635],[84.471,19.6318],[84.4613,19.642],[84.4496,19.6421],[84.4367,19.6357],[84.4338,19.6252],[84.4025,19.6378],[84.4004,19.6275],[84.391,19.6183],[84.3914,19.5903],[84.3566,19.6156],[84.3312,19.6152],[84.3362,19.6093],[84.3309,19.5998],[84.3382,19.5919],[84.3716,19.5865],[84.4013,19.5755],[84.4025,19.5556],[84.3968,19.5481],[84.3835,19.546],[84.387,19.5148],[84.3744,19.4917],[84.3756,19.4839],[84.3855,19.4724],[84.3935,19.4738],[84.3956,19.4704],[84.396,19.4518],[84.4083,19.4488],[84.4012,19.432],[84.3917,19.4286],[84.4006,19.4186],[84.3946,19.4099],[84.4022,19.406],[84.4075,19.4168],[84.4075,19.4072],[84.4154,19.4065],[84.4146,19.4033],[84.4244,19.398],[84.4268,19.3841],[84.4568,19.4012],[84.4604,19.4085],[84.4671,19.4],[84.4678,19.3878],[84.4756,19.3927],[84.4893,19.3895],[84.4882,19.3994],[84.4747,19.4015],[84.47,19.4158],[84.4886,19.4105],[84.4919,19.4044],[84.5025,19.4069],[84.5166,19.3981],[84.5201,19.4008],[84.5178,19.3915],[84.5028,19.3915],[84.5004,19.372],[84.5083,19.3776],[84.5191,19.3746],[84.5258,19.3833],[84.5501,19.386],[84.5533,19.394],[84.5639,19.3998],[84.5842,19.4003],[84.5947,19.3899],[84.6023,19.3969],[84.612,19.3954],[84.617,19.4002],[84.6183,19.3885],[84.6296,19.3845],[84.6613,19.3963],[84.6626,19.4105],[84.6744,19.4172],[84.6805,19.4117],[84.6842,19.4186],[84.6902,19.4165],[84.6919,19.4282],[84.684,19.4284],[84.6749,19.4362],[84.6622,19.4359],[84.6739,19.4438],[84.6775,19.4543],[84.6847,19.4592],[84.6708,19.4629],[84.6773,19.4692],[84.6741,19.4755],[84.6666,19.4729],[84.6697,19.4788],[84.6581,19.4749],[84.6549,19.478],[84.6476,19.4672],[84.6172,19.469],[84.6112,19.4966],[84.6056,19.5042],[84.5948,19.5027],[84.5936,19.5071],[84.5781,19.5112],[84.5799,19.516],[84.566,19.5187],[84.5369,19.5165],[84.5341,19.528],[84.5384,19.5338],[84.552,19.5292],[84.5575,19.5321],[84.5541,19.5407],[84.5374,19.5432],[84.5371,19.5477],[84.5503,19.549],[84.5523,19.5538],[84.5665,19.5507],[84.5685,19.5586],[84.5607,19.5693],[84.5732,19.5767],[84.5757,19.5844],[84.5692,19.5897],[84.5638,19.5884],[84.5561,19.6013],[84.561,19.6012],[84.5697,19.6118],[84.578,19.5999],[84.5844,19.6004],[84.6017,19.5779],[84.6102,19.5713],[84.6153,19.5726],[84.617,19.5655],[84.6374,19.5812],[84.6476,19.5797],[84.6644,19.5783],[84.6662,19.5866],[84.6598,19.589],[84.662,19.5942],[84.6552,19.6003],[84.6608,19.6091],[84.6318,19.6086],[84.6249,19.6028],[84.6223,19.6078],[84.6269,19.6114],[84.6135,19.6307],[84.613,19.638],[84.6051,19.6434],[84.6106,19.6517],[84.6023,19.6514],[84.5921,19.6751],[84.6024,19.6742],[84.6018,19.6829],[84.6166,19.6727],[84.6132,19.6695],[84.6214,19.6705],[84.6235,19.6797],[84.6083,19.6984],[84.6141,19.71],[84.63,19.7005],[84.6273,19.7116],[84.6364,19.7147],[84.6338,19.7279],[84.6259,19.7339],[84.6307,19.7387],[84.6264,19.7473],[84.6305,19.7588],[84.6245,19.761],[84.6034,19.7679]]]}},{"type":"Feature","properties":{"ac_name":"GUNUPUR","ac_no":138,"ac_category":"ST","st_name":"ODISHA"},"geometry":{"type":"Polygon","coordinates":[[[83.8192,19.7132],[83.8142,19.7213],[83.7912,19.7112],[83.7664,19.7165],[83.7631,19.6773],[83.7495,19.6692],[83.7419,19.6552],[83.7291,19.6547],[83.7224,19.6719],[83.7107,19.6761],[83.6951,19.6909],[83.6894,19.6891],[83.6933,19.6802],[83.6895,19.6761],[83.6785,19.676],[83.6636,19.6307],[83.6548,19.6296],[83.638,19.6177],[83.6314,19.6247],[83.6389,19.643],[83.6119,19.6497],[83.6155,19.6433],[83.5979,19.632],[83.6177,19.6325],[83.6163,19.6248],[83.6012,19.6238],[83.5919,19.638],[83.5831,19.6305],[83.5776,19.6151],[83.5841,19.6073],[83.5841,19.5986],[83.5931,19.594],[83.5865,19.5805],[83.5991,19.5725],[83.6143,19.5439],[83.6237,19.5412],[83.6218,19.5334],[83.6263,19.5319],[83.6505,19.4811],[83.6582,19.4785],[83.6662,19.4902],[83.6709,19.4864],[83.6657,19.5021],[83.6818,19.5085],[83.6983,19.4926],[83.6948,19.4859],[83.6899,19.4901],[83.6769,19.4862],[83.6906,19.4733],[83.6836,19.47],[83.6766,19.4765],[83.6738,19.4688],[83.6788,19.4592],[83.6594,19.4592],[83.6609,19.447],[83.6569,19.4421],[83.6475,19.4493],[83.6363,19.4462],[83.6426,19.4296],[83.6263,19.4268],[83.628,19.4113],[83.6431,19.3901],[83.6398,19.3679],[83.6446,19.3465],[83.6343,19.3436],[83.6251,19.327],[83.6098,19.3303],[83.6037,19.3372],[83.6033,19.3261],[83.5966,19.3246],[83.5926,19.3114],[83.5665,19.3119],[83.5624,19.2936],[83.5763,19.2793],[83.5782,19.2925],[83.5989,19.2941],[83.6106,19.2998],[83.6192,19.2672],[83.642,19.2562],[83.6399,19.2487],[83.6232,19.2475],[83.6326,19.225],[83.6307,19.2134],[83.641,19.2079],[83.6591,19.2068],[83.6524,19.1985],[83.6544,19.1923],[83.647,19.1987],[83.6475,19.1775],[83.6386,19.1648],[83.6419,19.1526],[83.6372,19.1536],[83.6316,19.1409],[83.637,19.1315],[83.6549,19.1297],[83.6543,19.1222],[83.6496,19.1233],[83.647,19.1184],[83.6628,19.099],[83.6603,19.0845],[83.6639,19.0761],[83.6735,19.073],[83.6852,19.0586],[83.7006,19.025],[83.73,19.0219],[83.7239,19.0103],[83.7103,19.0072],[83.7094,19.0027],[83.7142,18.993],[83.733,18.9877],[83.7405,18.9501],[83.7538,18.9252],[83.7631,18.9273],[83.7693,18.9144],[83.7782,18.9114],[83.7878,18.9159],[83.7844,18.9336],[83.7762,18.9453],[83.7725,18.9444],[83.7696,18.9548],[83.7589,18.9507],[83.7553,18.9714],[83.7478,18.9744],[83.7451,18.9889],[83.7515,18.9987],[83.7605,19.0029],[83.7629,18.9987],[83.7651,19.0056],[83.7814,19.0083],[83.7775,19.0174],[83.7945,19.0176],[83.7999,19.0291],[83.8072,19.0335],[83.8162,19.0325],[83.8192,19.0205],[83.8322,19.0047],[83.8447,19.0107],[83.8551,19.001],[83.8573,18.9906],[83.8642,18.9897],[83.8754,18.9953],[83.8905,18.9931],[83.8961,19.0071],[83.9081,19.0199],[83.9172,19.0132],[83.9285,19.0151],[83.9502,18.9977],[83.96,18.9992],[83.9755,19.0075],[83.9855,19.0221],[83.9632,19.0431],[83.9643,19.0627],[83.9774,19.0722],[84.0032,19.0699],[84.0099,19.0577],[84.0195,19.0558],[84.0245,19.0597],[84.0319,19.0585],[84.0288,19.0754],[84.0214,19.075],[84.0178,19.0802],[84.0137,19.1296],[84.0202,19.1239],[84.0331,19.1321],[84.0258,19.1424],[84.0103,19.1428],[83.994,19.1499],[83.9888,19.1569],[83.984,19.1646],[83.992,19.1688],[83.988,19.1866],[83.9975,19.193],[83.9797,19.2129],[83.9884,19.2209],[84.0031,19.2696],[84.0112,19.2714],[84.0128,19.2851],[84.0201,19.291],[84.0143,19.3065],[84.016,19.3176],[84.0268,19.3287],[84.0241,19.3377],[84.0287,19.3472],[84.0153,19.3772],[83.998,19.3879],[83.9855,19.38],[83.9682,19.3861],[83.9623,19.396],[83.9473,19.397],[83.9418,19.4201],[83.9633,19.4484],[83.9766,19.4862],[83.9588,19.502],[83.9591,19.5078],[83.9781,19.531],[83.9706,19.5421],[83.9424,19.5493],[83.9395,19.563],[83.9319,19.5725],[83.9345,19.5938],[83.925,19.6275],[83.94,19.6352],[83.934,19.6582],[83.9237,19.6636],[83.9361,19.6718],[83.93,19.6788],[83.9214,19.6763],[83.9163,19.6808],[83.9056,19.6721],[83.8728,19.6718],[83.8535,19.6863],[83.8497,19.7007],[83.8425,19.7025],[83.8449,19.7094],[83.8366,19.7116],[83.8322,19.7072],[83.8192,19.7132]]]}},{"type":"Feature","properties":{"ac_name":"MOHANA","ac_no":136,"ac_category":"ST","st_name":"ODISHA"},"geometry":{"type":"Polygon","coordinates":[[[83.94,19.6352],[83.925,19.6275],[83.9345,19.5938],[83.9319,19.5725],[83.9395,19.563],[83.9424,19.5493],[83.9706,19.5421],[83.9781,19.531],[83.9591,19.5078],[83.9588,19.502],[83.9766,19.4862],[83.9633,19.4484],[83.9418,19.4201],[83.9473,19.397],[83.9623,19.396],[83.9682,19.3861],[83.9855,19.38],[83.998,19.3879],[84.0153,19.3772],[84.0287,19.3472],[84.0241,19.3377],[84.0268,19.3287],[84.016,19.3176],[84.0143,19.3065],[84.0201,19.291],[84.0128,19.2851],[84.0112,19.2714],[84.0031,19.2696],[83.9884,19.2209],[83.9797,19.2129],[83.9975,19.193],[83.988,19.1866],[83.992,19.1688],[83.984,19.1646],[83.9888,19.1569],[83.994,19.1499],[84.0103,19.1428],[84.0258,19.1424],[84.0331,19.1321],[84.0202,19.1239],[84.0137,19.1296],[84.0178,19.0802],[84.0214,19.075],[84.0288,19.0754],[84.0386,19.0751],[84.0414,19.0445],[84.0543,19.0372],[84.0626,19.0401],[84.0652,19.0265],[84.0811,19.0173],[84.0841,18.9994],[84.0749,18.9907],[84.0807,18.964],[84.1005,18.9611],[84.1036,18.9473],[84.1315,18.9436],[84.1146,18.9213],[84.1394,18.924],[84.1413,18.9172],[84.1361,18.9049],[84.1389,18.8916],[84.1578,18.8835],[84.1557,18.8979],[84.1709,18.9016],[84.1728,18.8806],[84.182,18.8757],[84.1854,18.8672],[84.1933,18.8672],[84.2016,18.8825],[84.2082,18.8842],[84.2145,18.8631],[84.2231,18.8603],[84.2335,18.8683],[84.2421,18.8586],[84.2558,18.8624],[84.2536,18.8563],[84.2775,18.8712],[84.2813,18.8802],[84.2949,18.8827],[84.2946,18.8755],[84.3037,18.8725],[84.3263,18.9001],[84.3371,18.8894],[84.3621,18.8612],[84.3665,18.8644],[84.3743,18.8618],[84.3842,18.8745],[84.3724,18.8784],[84.3601,18.8946],[84.3818,18.8817],[84.3813,18.8868],[84.3882,18.8845],[84.3921,18.8766],[84.3984,18.8842],[84.3973,18.891],[84.3851,18.8962],[84.3788,18.9045],[84.3854,18.9006],[84.3937,18.9046],[84.4,18.8956],[84.4191,18.898],[84.4221,18.9057],[84.4163,18.9144],[84.4205,18.918],[84.4292,18.9098],[84.4394,18.9273],[84.4379,18.9327],[84.4276,18.9323],[84.4309,18.936],[84.4252,18.9504],[84.4137,18.9389],[84.401,18.9441],[84.3939,18.9535],[84.4031,18.9586],[84.4042,18.9648],[84.4104,18.9653],[84.4071,18.9728],[84.3891,18.9679],[84.3892,18.9569],[84.3518,18.9684],[84.3588,18.9916],[84.3712,19.0111],[84.3532,19.0095],[84.3604,19.0223],[84.3565,19.0308],[84.3643,19.051],[84.3615,19.0597],[84.3511,19.0678],[84.3581,19.0774],[84.3482,19.0792],[84.3569,19.0895],[84.3666,19.0926],[84.3712,19.105],[84.3596,19.0945],[84.3482,19.0923],[84.3399,19.071],[84.3337,19.0671],[84.3298,19.0715],[84.334,19.0849],[84.3414,19.089],[84.3355,19.1038],[84.3423,19.1132],[84.3408,19.1327],[84.3466,19.1357],[84.3646,19.1234],[84.3741,19.127],[84.3785,19.1404],[84.3897,19.1418],[84.377,19.1474],[84.3741,19.1577],[84.3647,19.1611],[84.3688,19.18],[84.3609,19.1821],[84.3606,19.1904],[84.381,19.1969],[84.3857,19.1936],[84.3951,19.1995],[84.3989,19.2012],[84.3968,19.214],[84.4111,19.2253],[84.4089,19.2389],[84.4257,19.2611],[84.42,19.2778],[84.4277,19.2991],[84.4178,19.3085],[84.4158,19.3278],[84.4194,19.3456],[84.4269,19.356],[84.4399,19.3635],[84.3958,19.3713],[84.3784,19.3846],[84.3878,19.3937],[84.3946,19.4099],[84.4006,19.4186],[84.3917,19.4286],[84.4012,19.432],[84.4083,19.4488],[84.396,19.4518],[84.3956,19.4704],[84.3935,19.4738],[84.3855,19.4724],[84.3756,19.4839],[84.3744,19.4917],[84.387,19.5148],[84.3835,19.546],[84.3968,19.5481],[84.4025,19.5556],[84.4013,19.5755],[84.3716,19.5865],[84.3382,19.5919],[84.3309,19.5998],[84.3198,19.5897],[84.3191,19.5749],[84.2969,19.5663],[84.2723,19.5497],[84.265,19.5556],[84.2654,19.5872],[84.2586,19.5794],[84.2559,19.5543],[84.2497,19.5557],[84.2493,19.5725],[84.2392,19.5761],[84.2311,19.5734],[84.2076,19.5937],[84.1997,19.5948],[84.1783,19.5892],[84.1664,19.5926],[84.1608,19.5825],[84.1534,19.5839],[84.1403,19.6085],[84.1368,19.6292],[84.1277,19.6374],[84.1075,19.6318],[84.0902,19.6333],[84.0932,19.6215],[84.0834,19.6216],[84.0785,19.6284],[84.0574,19.6346],[84.043,19.6274],[84.0354,19.6353],[84.0264,19.6373],[84.0093,19.6185],[84.003,19.6284],[83.9826,19.6219],[83.9657,19.6243],[83.9636,19.6315],[83.955,19.6361],[83.94,19.6352]]]}},{"type":"Feature","properties":{"ac_name":"HINJILI","ac_no":131,"ac_category":"GEN","st_name":"ODISHA"},"geometry":{"type":"Polygon","coordinates":[[[84.578,19.5999],[84.5697,19.6118],[84.561,19.6012],[84.5561,19.6013],[84.5638,19.5884],[84.5692,19.5897],[84.5757,19.5844],[84.5732,19.5767],[84.5607,19.5693],[84.5685,19.5586],[84.5665,19.5507],[84.5523,19.5538],[84.5503,19.549],[84.5371,19.5477],[84.5374,19.5432],[84.5541,19.5407],[84.5575,19.5321],[84.552,19.5292],[84.5384,19.5338],[84.5341,19.528],[84.5369,19.5165],[84.566,19.5187],[84.5799,19.516],[84.5781,19.5112],[84.5936,19.5071],[84.5948,19.5027],[84.6056,19.5042],[84.6112,19.4966],[84.6172,19.469],[84.6476,19.4672],[84.6549,19.478],[84.6581,19.4749],[84.6697,19.4788],[84.6666,19.4729],[84.6741,19.4755],[84.6773,19.4692],[84.6708,19.4629],[84.6847,19.4592],[84.6775,19.4543],[84.6739,19.4438],[84.6622,19.4359],[84.6749,19.4362],[84.684,19.4284],[84.6919,19.4282],[84.6902,19.4165],[84.6943,19.4146],[84.6957,19.4205],[84.708,19.4287],[84.7217,19.4327],[84.7367,19.4157],[84.7402,19.4001],[84.7498,19.4069],[84.772,19.4029],[84.7794,19.3967],[84.7797,19.3803],[84.7944,19.3789],[84.81,19.4038],[84.8223,19.4003],[84.831,19.411],[84.8474,19.415],[84.8718,19.4078],[84.8824,19.4112],[84.8562,19.4323],[84.8607,19.4451],[84.8755,19.4624],[84.8694,19.4639],[84.8693,19.4693],[84.8759,19.4754],[84.8671,19.4754],[84.8591,19.4852],[84.8489,19.4862],[84.8434,19.4662],[84.8363,19.4624],[84.8295,19.4658],[84.8318,19.4894],[84.8249,19.4919],[84.8118,19.4843],[84.7974,19.4954],[84.7805,19.4921],[84.7773,19.5073],[84.7633,19.5101],[84.7584,19.5263],[84.7515,19.5276],[84.7407,19.5332],[84.7407,19.5387],[84.7382,19.5423],[84.7245,19.5594],[84.7143,19.5529],[84.709,19.5614],[84.7041,19.5561],[84.6869,19.563],[84.6705,19.5555],[84.6711,19.5505],[84.6548,19.5527],[84.6532,19.5441],[84.6471,19.542],[84.6513,19.551],[84.6382,19.5563],[84.6486,19.5719],[84.6452,19.5738],[84.6476,19.5797],[84.6374,19.5812],[84.617,19.5655],[84.6153,19.5726],[84.6102,19.5713],[84.6017,19.5779],[84.5844,19.6004],[84.578,19.5999]]]}},{"type":"Feature","properties":{"ac_name":"DABUGAM","ac_no":76,"ac_category":"ST","st_name":"ODISHA"},"geometry":{"type":"Polygon","coordinates":[[[82.5292,19.585],[82.5194,19.5854],[82.5123,19.5804],[82.5118,19.5553],[82.4983,19.542],[82.4952,19.5312],[82.4753,19.5283],[82.4529,19.5475],[82.4589,19.5484],[82.4593,19.5628],[82.4407,19.5585],[82.4435,19.5732],[82.4277,19.5775],[82.4096,19.576],[82.4089,19.5796],[82.4063,19.5756],[82.3879,19.5759],[82.3803,19.5693],[82.3876,19.5618],[82.3888,19.5434],[82.3935,19.5402],[82.3837,19.5274],[82.3888,19.5152],[82.3789,19.5046],[82.3526,19.5143],[82.3531,19.5087],[82.3478,19.5102],[82.3445,19.5031],[82.322,19.4929],[82.3107,19.5131],[82.2995,19.5202],[82.3009,19.5278],[82.2767,19.5242],[82.2742,19.5196],[82.2658,19.5316],[82.2684,19.5426],[82.2644,19.5453],[82.2571,19.5401],[82.2523,19.542],[82.2454,19.5384],[82.2465,19.5201],[82.2537,19.5176],[82.2463,19.4911],[82.2414,19.4884],[82.2312,19.4951],[82.2303,19.4901],[82.2248,19.4939],[82.2194,19.4902],[82.215,19.4924],[82.2102,19.4791],[82.1907,19.4677],[82.19,19.4606],[82.168,19.4442],[82.1684,19.4369],[82.178,19.4367],[82.1896,19.4269],[82.1893,19.4154],[82.1822,19.4096],[82.1842,19.4006],[82.1785,19.3789],[82.1718,19.3727],[82.1533,19.3773],[82.1476,19.3721],[82.1487,19.3529],[82.1788,19.3437],[82.1785,19.3396],[82.1866,19.337],[82.1896,19.327],[82.1947,19.3263],[82.1813,19.3238],[82.1766,19.2994],[82.1659,19.288],[82.1585,19.2674],[82.1581,19.2273],[82.1678,19.2141],[82.1617,19.202],[82.1676,19.1952],[82.1789,19.1919],[82.1766,19.2142],[82.1714,19.2307],[82.1741,19.2392],[82.184,19.2441],[82.195,19.2411],[82.199,19.2513],[82.213,19.2441],[82.2097,19.2505],[82.2216,19.2636],[82.2456,19.2387],[82.2648,19.2413],[82.2594,19.2427],[82.2593,19.25],[82.249,19.2573],[82.266,19.2698],[82.28,19.2699],[82.2813,19.2903],[82.2885,19.3043],[82.2987,19.2937],[82.3084,19.2904],[82.3055,19.2702],[82.311,19.2676],[82.3123,19.2605],[82.3167,19.2775],[82.3213,19.2792],[82.329,19.276],[82.3289,19.2686],[82.3573,19.268],[82.3677,19.2584],[82.3594,19.2532],[82.3696,19.2526],[82.3806,19.2752],[82.3731,19.2814],[82.3744,19.3],[82.3933,19.3269],[82.4049,19.3236],[82.4102,19.3053],[82.4396,19.2975],[82.4402,19.2872],[82.4493,19.2766],[82.4631,19.2779],[82.4703,19.2739],[82.4816,19.2762],[82.4835,19.293],[82.4894,19.3013],[82.4973,19.3031],[82.5001,19.3125],[82.5078,19.3179],[82.517,19.3168],[82.5199,19.3229],[82.5396,19.3174],[82.5446,19.3108],[82.5563,19.3115],[82.5643,19.3202],[82.5731,19.3203],[82.5755,19.327],[82.5681,19.3363],[82.5828,19.338],[82.5849,19.3315],[82.5919,19.3333],[82.5888,19.3402],[82.5946,19.3469],[82.5882,19.3473],[82.5924,19.3501],[82.5835,19.3617],[82.5855,19.365],[82.5947,19.3621],[82.5897,19.3732],[82.5955,19.3727],[82.5984,19.3625],[82.6202,19.3513],[82.6292,19.3561],[82.6248,19.3629],[82.6263,19.3739],[82.6191,19.3753],[82.6176,19.3798],[82.6338,19.4174],[82.6281,19.441],[82.6378,19.4508],[82.6547,19.4563],[82.6497,19.4595],[82.649,19.4775],[82.6405,19.4837],[82.6332,19.4818],[82.6331,19.4911],[82.6458,19.5076],[82.6408,19.5125],[82.6256,19.5144],[82.623,19.5193],[82.6065,19.5208],[82.6093,19.5269],[82.6135,19.5267],[82.6157,19.5397],[82.5885,19.5409],[82.5834,19.5471],[82.566,19.5449],[82.5676,19.5665],[82.5573,19.5745],[82.5564,19.5815],[82.5348,19.577],[82.5292,19.585]]]}},{"type":"Feature","properties":{"ac_name":"CHHATRAPUR","ac_no":127,"ac_category":"SC","st_name":"ODISHA"},"geometry":{"type":"Polygon","coordinates":[[[85.0794,19.5374],[85.074,19.5403],[85.0605,19.5341],[85.0287,19.5308],[85.0152,19.5178],[84.9772,19.5109],[84.9663,19.4923],[84.9736,19.4811],[84.9682,19.4679],[84.9569,19.4742],[84.9505,19.4936],[84.9416,19.4995],[84.9358,19.4913],[84.9412,19.4664],[84.9321,19.452],[84.9371,19.4438],[84.9324,19.4361],[84.9375,19.4186],[84.9426,19.4166],[84.9406,19.4111],[84.9078,19.4229],[84.9026,19.4162],[84.8824,19.4112],[84.8718,19.4078],[84.8578,19.4038],[84.8454,19.3942],[84.8596,19.3857],[84.856,19.3793],[84.8676,19.3762],[84.8715,19.3676],[84.8727,19.3469],[84.863,19.3371],[84.8643,19.3243],[84.8701,19.317],[84.8811,19.3138],[84.8841,19.3037],[84.893,19.3084],[84.9165,19.3038],[84.9051,19.2789],[84.9073,19.2637],[84.9141,19.2614],[84.9835,19.3179],[85.0794,19.375],[85.1048,19.4128],[85.1016,19.4108],[85.1724,19.4673],[85.1486,19.4956],[85.1423,19.4924],[85.1357,19.4949],[85.1179,19.5215],[85.1139,19.5173],[85.1149,19.5053],[85.109,19.4996],[85.0998,19.5018],[85.0955,19.5066],[85.1003,19.5112],[85.0954,19.5133],[85.091,19.5314],[85.0794,19.5374]]]}},{"type":"Feature","properties":{"ac_name":"RAYAGADA","ac_no":140,"ac_category":"ST","st_name":"ODISHA"},"geometry":{"type":"Polygon","coordinates":[[[83.1422,19.5006],[83.1314,19.5077],[83.1216,19.4979],[83.1074,19.5087],[83.1145,19.5147],[83.1089,19.5251],[83.1029,19.5242],[83.1077,19.5378],[83.1018,19.5426],[83.1009,19.5374],[83.0879,19.5371],[83.0864,19.5453],[83.0771,19.5543],[83.0782,19.5592],[83.0696,19.5617],[83.0438,19.5564],[83.036,19.5502],[83.0346,19.538],[83.0281,19.5339],[83.0252,19.508],[82.9988,19.4974],[82.9928,19.4846],[82.9974,19.4679],[82.9918,19.462],[82.9783,19.4493],[82.9384,19.4457],[82.9341,19.4511],[82.9299,19.4432],[82.9213,19.4395],[82.9226,19.4331],[82.9313,19.4313],[82.9353,19.4247],[82.9374,19.4036],[82.9469,19.4014],[82.9567,19.3909],[82.9461,19.3627],[82.9525,19.3569],[82.9514,19.346],[82.938,19.322],[82.9387,19.3059],[82.9304,19.2973],[82.9185,19.2995],[82.9119,19.296],[82.9016,19.2839],[82.9074,19.2691],[82.9025,19.2638],[82.9183,19.2382],[82.8949,19.2169],[82.8829,19.2196],[82.8932,19.2076],[82.8805,19.1973],[82.8719,19.1989],[82.8706,19.1936],[82.8778,19.1836],[82.884,19.1848],[82.8978,19.1737],[82.8977,19.1675],[82.9043,19.1609],[82.9016,19.1561],[82.9199,19.1628],[82.9404,19.1604],[82.9502,19.1544],[82.968,19.1613],[82.9805,19.1722],[82.9789,19.1391],[83.0051,19.121],[83.0099,19.0957],[83.0203,19.0949],[83.0288,19.0863],[83.0291,19.0792],[83.0193,19.0738],[83.022,19.0613],[83.0312,19.0556],[83.0482,19.0561],[83.0653,19.0445],[83.0723,19.0583],[83.0662,19.0629],[83.073,19.0708],[83.074,19.0819],[83.0866,19.0872],[83.0983,19.1095],[83.1073,19.114],[83.1206,19.0903],[83.1297,19.0936],[83.1357,19.1366],[83.1481,19.1358],[83.1503,19.1253],[83.1618,19.1221],[83.1667,19.1386],[83.1817,19.1468],[83.1822,19.1357],[83.1658,19.1219],[83.1681,19.1159],[83.181,19.1111],[83.1998,19.1366],[83.184,19.1468],[83.1893,19.1506],[83.1965,19.1471],[83.2023,19.1494],[83.2048,19.1544],[83.1975,19.1605],[83.1981,19.1689],[83.2197,19.1613],[83.2272,19.1734],[83.248,19.1623],[83.2575,19.1649],[83.2481,19.1485],[83.241,19.1446],[83.2401,19.1342],[83.2447,19.128],[83.225,19.123],[83.2207,19.1381],[83.2053,19.1326],[83.2047,19.1234],[83.1956,19.1195],[83.1793,19.0986],[83.1889,19.0948],[83.1856,19.0814],[83.1954,19.0758],[83.1871,19.0596],[83.1933,19.0519],[83.1845,19.0149],[83.1964,18.9915],[83.1851,18.9609],[83.2008,18.9603],[83.2196,18.9834],[83.2368,18.9896],[83.2342,19.0258],[83.2603,19.0384],[83.2682,19.0557],[83.2674,19.0632],[83.2619,19.0652],[83.2621,19.0694],[83.2589,19.0671],[83.2827,19.1264],[83.2848,19.1157],[83.292,19.1155],[83.299,19.1231],[83.3023,19.114],[83.3087,19.1183],[83.3197,19.1142],[83.3268,19.1001],[83.3408,19.1021],[83.338,19.0839],[83.3448,19.0734],[83.3403,19.0606],[83.3446,19.0528],[83.3589,19.0525],[83.3624,19.048],[83.3469,19.0253],[83.348,19.0169],[83.3674,19.0165],[83.3666,19.0061],[83.3726,19.0023],[83.3843,19.0013],[83.3967,19.0097],[83.4116,19.0006],[83.4152,19.0031],[83.4201,18.9985],[83.4148,18.9894],[83.439,18.9753],[83.4464,18.9664],[83.4439,18.9603],[83.4636,18.9553],[83.4702,18.9685],[83.4685,18.9801],[83.4642,18.9804],[83.4678,18.991],[83.4565,18.9912],[83.45,19.0099],[83.4615,19.0124],[83.4784,19.0076],[83.4833,19.0336],[83.4707,19.043],[83.4692,19.0611],[83.4623,19.0638],[83.4662,19.0799],[83.4783,19.0793],[83.4764,19.0857],[83.4672,19.0877],[83.4679,19.0932],[83.4834,19.0923],[83.4863,19.0876],[83.4808,19.0786],[83.5006,19.0607],[83.5017,19.0659],[83.5117,19.0703],[83.5168,19.0571],[83.5131,19.0484],[83.5193,19.0391],[83.5148,19.0285],[83.5084,19.0356],[83.4968,19.0356],[83.5009,19.0207],[83.5225,19.0121],[83.5345,19.0131],[83.5367,19.0095],[83.5417,19.0415],[83.5516,19.0546],[83.5573,19.0559],[83.549,19.0806],[83.5601,19.0871],[83.5669,19.072],[83.5604,19.0647],[83.5637,19.0583],[83.5749,19.0614],[83.5844,19.0576],[83.5862,19.0873],[83.5791,19.0962],[83.5745,19.1201],[83.5607,19.1095],[83.5573,19.1187],[83.55,19.1172],[83.5443,19.1276],[83.5359,19.1319],[83.5391,19.1453],[83.5338,19.1633],[83.523,19.1637],[83.5208,19.1679],[83.5257,19.1782],[83.5181,19.201],[83.5033,19.1944],[83.494,19.1985],[83.4797,19.1882],[83.478,19.2007],[83.4802,19.2048],[83.4843,19.2012],[83.4851,19.2139],[83.4554,19.222],[83.4439,19.2423],[83.438,19.2436],[83.444,19.2534],[83.4376,19.262],[83.4407,19.2905],[83.4327,19.2986],[83.4217,19.2847],[83.4174,19.2697],[83.4087,19.2864],[83.3781,19.2787],[83.3733,19.2874],[83.3658,19.2898],[83.3504,19.2777],[83.3463,19.269],[83.3264,19.2679],[83.3252,19.2708],[83.3362,19.2764],[83.3379,19.2922],[83.3248,19.298],[83.3073,19.283],[83.3006,19.2977],[83.2926,19.282],[83.2826,19.2765],[83.2796,19.2636],[83.273,19.2657],[83.2707,19.2588],[83.2533,19.2632],[83.248,19.2841],[83.2498,19.3068],[83.2675,19.3131],[83.276,19.3321],[83.2664,19.357],[83.2844,19.3691],[83.2892,19.3773],[83.2834,19.3923],[83.2733,19.3946],[83.268,19.4289],[83.2539,19.4298],[83.2475,19.4376],[83.233,19.42],[83.2204,19.4247],[83.2161,19.4312],[83.2116,19.4348],[83.2136,19.4381],[83.2018,19.4394],[83.2022,19.4526],[83.1911,19.4653],[83.1857,19.4638],[83.1825,19.4524],[83.1852,19.4236],[83.1694,19.4272],[83.1483,19.4679],[83.1594,19.4819],[83.1422,19.5006]]]}},{"type":"Feature","properties":{"ac_name":"DIGAPAHANDI","ac_no":134,"ac_category":"GEN","st_name":"ODISHA"},"geometry":{"type":"Polygon","coordinates":[[[84.5639,19.3998],[84.5533,19.394],[84.5501,19.386],[84.5258,19.3833],[84.5191,19.3746],[84.5083,19.3776],[84.5004,19.372],[84.5028,19.3915],[84.5178,19.3915],[84.5201,19.4008],[84.5166,19.3981],[84.5025,19.4069],[84.4919,19.4044],[84.4886,19.4105],[84.47,19.4158],[84.4747,19.4015],[84.4882,19.3994],[84.4893,19.3895],[84.4756,19.3927],[84.4678,19.3878],[84.4671,19.4],[84.4604,19.4085],[84.4568,19.4012],[84.4268,19.3841],[84.4244,19.398],[84.4146,19.4033],[84.4154,19.4065],[84.4075,19.4072],[84.4075,19.4168],[84.4022,19.406],[84.3946,19.4099],[84.3878,19.3937],[84.3784,19.3846],[84.3958,19.3713],[84.4399,19.3635],[84.4269,19.356],[84.4194,19.3456],[84.4158,19.3278],[84.4178,19.3085],[84.4277,19.2991],[84.42,19.2778],[84.4257,19.2611],[84.4089,19.2389],[84.4111,19.2253],[84.3968,19.214],[84.3989,19.2012],[84.3951,19.1995],[84.3964,19.1856],[84.4068,19.172],[84.4366,19.1861],[84.4616,19.1804],[84.4844,19.1952],[84.4985,19.1975],[84.5018,19.2035],[84.5106,19.2061],[84.506,19.2108],[84.5087,19.2137],[84.503,19.2187],[84.4861,19.208],[84.4837,19.2239],[84.4958,19.2332],[84.4896,19.2372],[84.4842,19.2328],[84.4737,19.2342],[84.4732,19.2466],[84.4649,19.2487],[84.4738,19.2583],[84.4852,19.2598],[84.4953,19.2687],[84.4946,19.2589],[84.4979,19.2534],[84.5293,19.245],[84.528,19.2347],[84.5192,19.2327],[84.5213,19.2235],[84.516,19.2197],[84.5277,19.2179],[84.5307,19.2084],[84.5375,19.2073],[84.5457,19.2078],[84.5433,19.2158],[84.5486,19.2195],[84.5575,19.2179],[84.5486,19.2341],[84.5501,19.2386],[84.5991,19.2642],[84.6204,19.2534],[84.6291,19.2304],[84.6533,19.2201],[84.656,19.2139],[84.6667,19.2118],[84.6847,19.2203],[84.687,19.2173],[84.6998,19.2264],[84.7047,19.2207],[84.7167,19.2225],[84.7254,19.2296],[84.7366,19.236],[84.7312,19.2402],[84.7373,19.2476],[84.7436,19.2473],[84.741,19.2527],[84.7516,19.2633],[84.7495,19.268],[84.7587,19.2621],[84.7623,19.2663],[84.7618,19.2578],[84.7688,19.2553],[84.7728,19.2653],[84.764,19.269],[84.7641,19.2748],[84.7681,19.2793],[84.7707,19.2761],[84.7755,19.286],[84.7747,19.3055],[84.7683,19.3115],[84.765,19.3083],[84.758,19.3117],[84.7494,19.3235],[84.7522,19.3281],[84.7618,19.3289],[84.7687,19.343],[84.7706,19.3368],[84.7742,19.328],[84.7834,19.3271],[84.7838,19.334],[84.7963,19.3476],[84.7971,19.3522],[84.7885,19.3538],[84.7866,19.3624],[84.7906,19.3673],[84.7974,19.3658],[84.7944,19.3789],[84.7797,19.3803],[84.7794,19.3967],[84.772,19.4029],[84.7498,19.4069],[84.7402,19.4001],[84.7367,19.4157],[84.7217,19.4327],[84.708,19.4287],[84.6957,19.4205],[84.6943,19.4146],[84.6902,19.4165],[84.6842,19.4186],[84.6805,19.4117],[84.6744,19.4172],[84.6626,19.4105],[84.6613,19.3963],[84.6296,19.3845],[84.6183,19.3885],[84.617,19.4002],[84.612,19.3954],[84.6023,19.3969],[84.5947,19.3899],[84.5842,19.4003],[84.5639,19.3998]]]}},{"type":"Feature","properties":{"ac_name":"GOPALPUR","ac_no":132,"ac_category":"GEN","st_name":"ODISHA"},"geometry":{"type":"Polygon","coordinates":[[[84.8474,19.415],[84.831,19.411],[84.8223,19.4003],[84.81,19.4038],[84.7944,19.3789],[84.7974,19.3658],[84.7906,19.3673],[84.7866,19.3624],[84.7885,19.3538],[84.7971,19.3522],[84.7963,19.3476],[84.7838,19.334],[84.7834,19.3271],[84.8162,19.3115],[84.8289,19.3137],[84.83,19.3206],[84.8378,19.3189],[84.8427,19.3097],[84.8355,19.3072],[84.8338,19.2989],[84.838,19.2968],[84.8337,19.2849],[84.8223,19.284],[84.8243,19.2887],[84.8157,19.2909],[84.815,19.2859],[84.8222,19.28],[84.8211,19.2637],[84.816,19.2685],[84.8155,19.2803],[84.8038,19.2904],[84.8004,19.2908],[84.7994,19.2772],[84.7847,19.287],[84.7755,19.286],[84.7707,19.2761],[84.7681,19.2793],[84.7641,19.2748],[84.764,19.269],[84.7728,19.2653],[84.7688,19.2553],[84.7618,19.2578],[84.7623,19.2663],[84.7587,19.2621],[84.7495,19.268],[84.7516,19.2633],[84.741,19.2527],[84.7436,19.2473],[84.7373,19.2476],[84.7312,19.2402],[84.7366,19.236],[84.7254,19.2296],[84.7425,19.2246],[84.7438,19.2079],[84.7376,19.1982],[84.7184,19.1961],[84.7155,19.1818],[84.7386,19.1759],[84.7562,19.1768],[84.7545,19.1679],[84.7589,19.1671],[84.7588,19.1569],[84.7655,19.147],[84.7784,19.1481],[84.7862,19.159],[84.7846,19.1687],[84.7931,19.1695],[84.7922,19.1745],[84.8058,19.1687],[84.8109,19.1766],[84.8244,19.1741],[84.8641,19.2171],[84.9141,19.2614],[84.9073,19.2637],[84.9051,19.2789],[84.9165,19.3038],[84.893,19.3084],[84.8841,19.3037],[84.8811,19.3138],[84.8701,19.317],[84.8643,19.3243],[84.863,19.3371],[84.8727,19.3469],[84.8715,19.3676],[84.8676,19.3762],[84.856,19.3793],[84.8596,19.3857],[84.8454,19.3942],[84.8578,19.4038],[84.8718,19.4078],[84.8474,19.415]]]}},{"type":"Feature","properties":{"ac_name":"BERHAMPUR","ac_no":133,"ac_category":"GEN","st_name":"ODISHA"},"geometry":{"type":"Polygon","coordinates":[[[84.7706,19.3368],[84.7687,19.343],[84.7618,19.3289],[84.7522,19.3281],[84.7494,19.3235],[84.758,19.3117],[84.765,19.3083],[84.7683,19.3115],[84.7747,19.3055],[84.7755,19.286],[84.7847,19.287],[84.7994,19.2772],[84.8004,19.2908],[84.8038,19.2904],[84.8155,19.2803],[84.816,19.2685],[84.8211,19.2637],[84.8222,19.28],[84.815,19.2859],[84.8157,19.2909],[84.8243,19.2887],[84.8223,19.284],[84.8337,19.2849],[84.838,19.2968],[84.8338,19.2989],[84.8355,19.3072],[84.8427,19.3097],[84.8378,19.3189],[84.83,19.3206],[84.8289,19.3137],[84.8162,19.3115],[84.7834,19.3271],[84.7742,19.328],[84.7706,19.3368]]]}},{"type":"Feature","properties":{"ac_name":"CHIKITI","ac_no":135,"ac_category":"GEN","st_name":"ODISHA"},"geometry":{"type":"Polygon","coordinates":[[[84.4946,19.2589],[84.4953,19.2687],[84.4852,19.2598],[84.4738,19.2583],[84.4649,19.2487],[84.4732,19.2466],[84.4737,19.2342],[84.4842,19.2328],[84.4896,19.2372],[84.4958,19.2332],[84.4837,19.2239],[84.4861,19.208],[84.503,19.2187],[84.5087,19.2137],[84.506,19.2108],[84.5106,19.2061],[84.5018,19.2035],[84.4985,19.1975],[84.4844,19.1952],[84.4616,19.1804],[84.4366,19.1861],[84.4068,19.172],[84.3964,19.1856],[84.3951,19.1995],[84.3857,19.1936],[84.381,19.1969],[84.3606,19.1904],[84.3609,19.1821],[84.3688,19.18],[84.3647,19.1611],[84.3741,19.1577],[84.377,19.1474],[84.3897,19.1418],[84.3785,19.1404],[84.3741,19.127],[84.3646,19.1234],[84.3466,19.1357],[84.3408,19.1327],[84.3423,19.1132],[84.3355,19.1038],[84.3414,19.089],[84.334,19.0849],[84.3298,19.0715],[84.3337,19.0671],[84.3399,19.071],[84.3482,19.0923],[84.3596,19.0945],[84.3712,19.105],[84.3666,19.0926],[84.3569,19.0895],[84.3482,19.0792],[84.3581,19.0774],[84.3511,19.0678],[84.3615,19.0597],[84.3643,19.051],[84.3565,19.0308],[84.3604,19.0223],[84.3532,19.0095],[84.3712,19.0111],[84.3588,18.9916],[84.3518,18.9684],[84.3892,18.9569],[84.3891,18.9679],[84.4071,18.9728],[84.4104,18.9653],[84.4042,18.9648],[84.4031,18.9586],[84.3939,18.9535],[84.401,18.9441],[84.4137,18.9389],[84.4252,18.9504],[84.4322,18.959],[84.4308,18.9691],[84.443,18.9691],[84.452,18.9777],[84.4436,18.9853],[84.4432,18.9917],[84.4318,18.9948],[84.4325,19.0067],[84.422,19.0129],[84.421,19.0221],[84.4257,19.0194],[84.4245,19.0141],[84.4605,18.9973],[84.4609,18.9935],[84.4661,18.9942],[84.478,18.9909],[84.4826,19.0167],[84.4966,19.0311],[84.5055,19.0323],[84.5166,19.048],[84.5268,19.046],[84.5408,19.0546],[84.5567,19.0563],[84.5734,19.073],[84.5707,19.0692],[84.5764,19.067],[84.5831,19.0736],[84.5833,19.0497],[84.5778,19.0408],[84.5834,19.0424],[84.5827,19.031],[84.5943,19.0222],[84.6011,19.0252],[84.6132,19.0563],[84.6207,19.0562],[84.618,19.0662],[84.6291,19.065],[84.6322,19.0597],[84.6422,19.0667],[84.6539,19.0675],[84.6599,19.0619],[84.6614,19.074],[84.6678,19.0772],[84.665,19.086],[84.6587,19.0929],[84.6364,19.0866],[84.624,19.0898],[84.6256,19.0989],[84.6194,19.1037],[84.6183,19.0995],[84.6097,19.1004],[84.602,19.1278],[84.607,19.1303],[84.6312,19.1263],[84.6442,19.1292],[84.6449,19.1326],[84.6678,19.1296],[84.673,19.1482],[84.6683,19.1551],[84.6708,19.1658],[84.7152,19.156],[84.7112,19.1465],[84.7001,19.1453],[84.7063,19.1397],[84.698,19.127],[84.7034,19.1252],[84.7036,19.1171],[84.7368,19.0957],[84.7647,19.0773],[84.7935,19.1214],[84.8085,19.1542],[84.8244,19.1741],[84.8109,19.1766],[84.8058,19.1687],[84.7922,19.1745],[84.7931,19.1695],[84.7846,19.1687],[84.7862,19.159],[84.7784,19.1481],[84.7655,19.147],[84.7588,19.1569],[84.7589,19.1671],[84.7545,19.1679],[84.7562,19.1768],[84.7386,19.1759],[84.7155,19.1818],[84.7184,19.1961],[84.7376,19.1982],[84.7438,19.2079],[84.7425,19.2246],[84.7254,19.2296],[84.7167,19.2225],[84.7047,19.2207],[84.6998,19.2264],[84.687,19.2173],[84.6847,19.2203],[84.6667,19.2118],[84.656,19.2139],[84.6533,19.2201],[84.6291,19.2304],[84.6204,19.2534],[84.5991,19.2642],[84.5501,19.2386],[84.5486,19.2341],[84.5575,19.2179],[84.5486,19.2195],[84.5433,19.2158],[84.5457,19.2078],[84.5375,19.2073],[84.5307,19.2084],[84.5277,19.2179],[84.516,19.2197],[84.5213,19.2235],[84.5192,19.2327],[84.528,19.2347],[84.5293,19.245],[84.4979,19.2534],[84.4946,19.2589]]]}},{"type":"Feature","properties":{"ac_name":"NABARANGPUR","ac_no":75,"ac_category":"ST","st_name":"ODISHA"},"geometry":{"type":"Polygon","coordinates":[[[82.1789,19.1919],[82.1753,19.1815],[82.182,19.174],[82.1763,19.1712],[82.186,19.1664],[82.1776,19.1556],[82.1745,19.163],[82.1699,19.1603],[82.1808,19.1513],[82.1718,19.1502],[82.17,19.1446],[82.1757,19.1385],[82.1665,19.1357],[82.1705,19.1204],[82.177,19.1185],[82.1825,19.1317],[82.1966,19.1216],[82.2051,19.1243],[82.2087,19.12],[82.2192,19.1147],[82.2261,19.1208],[82.2349,19.1215],[82.2251,19.1354],[82.2297,19.1442],[82.2456,19.1453],[82.2586,19.1393],[82.2626,19.1488],[82.2733,19.1535],[82.28,19.152],[82.2828,19.1566],[82.293,19.1527],[82.2938,19.1618],[82.3024,19.1729],[82.3098,19.1753],[82.3251,19.1739],[82.3309,19.167],[82.3388,19.1662],[82.3471,19.1695],[82.3559,19.1834],[82.3594,19.1776],[82.3667,19.1773],[82.3715,19.1688],[82.3839,19.1754],[82.3941,19.1648],[82.4024,19.1632],[82.4106,19.167],[82.4118,19.1862],[82.4315,19.1721],[82.4408,19.1712],[82.4459,19.1775],[82.4551,19.1755],[82.4612,19.1845],[82.4724,19.1764],[82.4789,19.181],[82.4893,19.1803],[82.4982,19.1871],[82.5174,19.2025],[82.5251,19.1969],[82.5304,19.2036],[82.5493,19.194],[82.5485,19.206],[82.5697,19.1981],[82.5749,19.2113],[82.5792,19.1953],[82.5841,19.1946],[82.5903,19.2027],[82.5911,19.1913],[82.5986,19.1914],[82.6061,19.1805],[82.6166,19.1822],[82.6157,19.1587],[82.6273,19.1503],[82.6313,19.1532],[82.6246,19.1604],[82.6338,19.1615],[82.6392,19.1488],[82.6398,19.1667],[82.6374,19.1752],[82.6433,19.1765],[82.6529,19.1884],[82.667,19.1835],[82.6788,19.1969],[82.6844,19.1867],[82.7014,19.1908],[82.7077,19.1867],[82.7073,19.1792],[82.7251,19.1737],[82.7209,19.1716],[82.7257,19.1655],[82.7225,19.1602],[82.7405,19.1594],[82.7407,19.1728],[82.7461,19.1809],[82.7554,19.1833],[82.7568,19.1746],[82.7723,19.166],[82.7804,19.1661],[82.788,19.1729],[82.7937,19.1695],[82.791,19.1574],[82.7976,19.1517],[82.8034,19.1521],[82.8178,19.1703],[82.8148,19.1574],[82.8233,19.1476],[82.8279,19.1558],[82.8225,19.172],[82.8356,19.1818],[82.8333,19.1891],[82.8412,19.1996],[82.8541,19.1935],[82.8566,19.2032],[82.8455,19.2084],[82.8476,19.2245],[82.8367,19.236],[82.8332,19.2337],[82.8233,19.2393],[82.8218,19.2341],[82.8102,19.2295],[82.7984,19.2358],[82.8037,19.2368],[82.8171,19.2564],[82.8251,19.2556],[82.8302,19.2753],[82.826,19.2822],[82.8312,19.2846],[82.839,19.301],[82.8434,19.3005],[82.8408,19.3078],[82.8532,19.3071],[82.8428,19.3165],[82.8487,19.3195],[82.8473,19.3245],[82.8227,19.3223],[82.8077,19.3308],[82.79,19.332],[82.7862,19.342],[82.7796,19.3433],[82.7704,19.3381],[82.7687,19.3348],[82.773,19.3327],[82.7562,19.3266],[82.7568,19.3331],[82.7482,19.338],[82.7414,19.3495],[82.7256,19.3451],[82.725,19.3543],[82.7141,19.3556],[82.7116,19.3682],[82.7158,19.3701],[82.7071,19.3862],[82.7115,19.3912],[82.7061,19.4002],[82.7143,19.4027],[82.7148,19.4091],[82.707,19.4146],[82.7083,19.4193],[82.6938,19.4168],[82.6825,19.4374],[82.6739,19.4344],[82.674,19.4421],[82.6642,19.444],[82.6605,19.4521],[82.6602,19.4571],[82.6547,19.4563],[82.6378,19.4508],[82.6281,19.441],[82.6338,19.4174],[82.6176,19.3798],[82.6191,19.3753],[82.6263,19.3739],[82.6248,19.3629],[82.6292,19.3561],[82.6202,19.3513],[82.5984,19.3625],[82.5955,19.3727],[82.5897,19.3732],[82.5947,19.3621],[82.5855,19.365],[82.5835,19.3617],[82.5924,19.3501],[82.5882,19.3473],[82.5946,19.3469],[82.5888,19.3402],[82.5919,19.3333],[82.5849,19.3315],[82.5828,19.338],[82.5681,19.3363],[82.5755,19.327],[82.5731,19.3203],[82.5643,19.3202],[82.5563,19.3115],[82.5446,19.3108],[82.5396,19.3174],[82.5199,19.3229],[82.517,19.3168],[82.5078,19.3179],[82.5001,19.3125],[82.4973,19.3031],[82.4894,19.3013],[82.4835,19.293],[82.4816,19.2762],[82.4703,19.2739],[82.4631,19.2779],[82.4493,19.2766],[82.4402,19.2872],[82.4396,19.2975],[82.4102,19.3053],[82.4049,19.3236],[82.3933,19.3269],[82.3744,19.3],[82.3731,19.2814],[82.3806,19.2752],[82.3696,19.2526],[82.3594,19.2532],[82.3677,19.2584],[82.3573,19.268],[82.3289,19.2686],[82.329,19.276],[82.3213,19.2792],[82.3167,19.2775],[82.3123,19.2605],[82.311,19.2676],[82.3055,19.2702],[82.3084,19.2904],[82.2987,19.2937],[82.2885,19.3043],[82.2813,19.2903],[82.28,19.2699],[82.266,19.2698],[82.249,19.2573],[82.2593,19.25],[82.2594,19.2427],[82.2648,19.2413],[82.2456,19.2387],[82.2216,19.2636],[82.2097,19.2505],[82.213,19.2441],[82.199,19.2513],[82.195,19.2411],[82.184,19.2441],[82.1741,19.2392],[82.1714,19.2307],[82.1766,19.2142],[82.1789,19.1919]]]}},{"type":"Feature","properties":{"ac_name":"KOTPAD","ac_no":142,"ac_category":"ST","st_name":"ODISHA"},"geometry":{"type":"Polygon","coordinates":[[[82.4982,19.1871],[82.4893,19.1803],[82.4789,19.181],[82.4724,19.1764],[82.4612,19.1845],[82.4551,19.1755],[82.4459,19.1775],[82.4408,19.1712],[82.4315,19.1721],[82.4118,19.1862],[82.4106,19.167],[82.4024,19.1632],[82.3941,19.1648],[82.3839,19.1754],[82.3715,19.1688],[82.3667,19.1773],[82.3594,19.1776],[82.3559,19.1834],[82.3471,19.1695],[82.3388,19.1662],[82.3309,19.167],[82.3251,19.1739],[82.3098,19.1753],[82.3024,19.1729],[82.2938,19.1618],[82.293,19.1527],[82.2828,19.1566],[82.28,19.152],[82.2733,19.1535],[82.2626,19.1488],[82.2586,19.1393],[82.2456,19.1453],[82.2297,19.1442],[82.2251,19.1354],[82.2349,19.1215],[82.2261,19.1208],[82.2192,19.1147],[82.2087,19.12],[82.203,19.1081],[82.2073,19.1025],[82.2049,19.097],[82.214,19.0997],[82.219,19.0952],[82.2045,19.0752],[82.2056,19.0602],[82.2325,19.0181],[82.246,18.9192],[82.2362,18.9145],[82.2184,18.9227],[82.1762,18.9027],[82.1764,18.8867],[82.1606,18.8787],[82.1675,18.8732],[82.16,18.8614],[82.1675,18.8523],[82.169,18.8363],[82.1603,18.8199],[82.1663,18.8145],[82.1567,18.805],[82.1655,18.8009],[82.1601,18.7954],[82.1608,18.7893],[82.1413,18.7786],[82.1336,18.7806],[82.133,18.7655],[82.1195,18.7699],[82.0915,18.7656],[82.0909,18.7411],[82.1095,18.7287],[82.1287,18.7252],[82.1298,18.7156],[82.1254,18.7088],[82.1421,18.7069],[82.1451,18.695],[82.141,18.6826],[82.1353,18.6809],[82.1454,18.6628],[82.1527,18.6627],[82.16,18.67],[82.1639,18.6497],[82.1708,18.643],[82.1735,18.6454],[82.1758,18.6343],[82.1903,18.634],[82.2001,18.6539],[82.2094,18.6549],[82.2237,18.6713],[82.2326,18.6431],[82.2301,18.6282],[82.2395,18.6235],[82.2407,18.6142],[82.2523,18.616],[82.2518,18.6053],[82.2547,18.6067],[82.2635,18.5913],[82.2813,18.59],[82.2936,18.5838],[82.3163,18.5842],[82.3293,18.6018],[82.3365,18.6029],[82.3605,18.626],[82.3782,18.6172],[82.3919,18.6164],[82.4007,18.6111],[82.4055,18.6001],[82.4074,18.5976],[82.42,18.6081],[82.4309,18.6066],[82.4363,18.6142],[82.4614,18.5966],[82.4685,18.5935],[82.4733,18.5975],[82.4872,18.5882],[82.4926,18.6028],[82.5021,18.601],[82.505,18.6121],[82.4994,18.6177],[82.4691,18.6231],[82.4615,18.6381],[82.4626,18.6467],[82.4563,18.6519],[82.4489,18.6447],[82.4387,18.6449],[82.4359,18.6504],[82.4252,18.6553],[82.4105,18.6541],[82.4041,18.6641],[82.3867,18.6691],[82.3947,18.6726],[82.3971,18.6814],[82.4196,18.7055],[82.4304,18.7015],[82.4317,18.7098],[82.4185,18.7134],[82.4086,18.7323],[82.4016,18.7371],[82.3915,18.7364],[82.3834,18.7442],[82.3602,18.7368],[82.3522,18.7481],[82.3447,18.7479],[82.3527,18.751],[82.3514,18.7614],[82.3408,18.7532],[82.3355,18.755],[82.3394,18.7698],[82.3293,18.769],[82.3286,18.7562],[82.3172,18.7562],[82.3135,18.7615],[82.3246,18.7658],[82.3252,18.7705],[82.3156,18.773],[82.305,18.7655],[82.3054,18.7544],[82.2963,18.7533],[82.2896,18.7597],[82.2909,18.7693],[82.2852,18.7743],[82.2796,18.7715],[82.2795,18.7825],[82.2744,18.787],[82.2778,18.7895],[82.2715,18.7979],[82.2798,18.8012],[82.3111,18.8006],[82.3324,18.7954],[82.3323,18.8023],[82.3357,18.8028],[82.3328,18.8207],[82.34,18.839],[82.377,18.8288],[82.3854,18.8285],[82.3971,18.8355],[82.4084,18.8233],[82.4092,18.8121],[82.395,18.804],[82.395,18.7957],[82.4221,18.7941],[82.4333,18.799],[82.4681,18.7814],[82.4778,18.7894],[82.4914,18.7817],[82.4951,18.7885],[82.5014,18.7892],[82.5013,18.7982],[82.493,18.8008],[82.4957,18.8042],[82.4897,18.8157],[82.4882,18.8412],[82.48,18.8466],[82.4628,18.847],[82.4628,18.8535],[82.4577,18.8572],[82.4615,18.8683],[82.45,18.8887],[82.4572,18.8888],[82.4583,18.8929],[82.4525,18.9031],[82.4543,18.9119],[82.4488,18.9161],[82.4528,18.9208],[82.4471,18.9244],[82.4526,18.9297],[82.4491,18.9533],[82.4555,18.9572],[82.4572,18.9691],[82.4462,18.9873],[82.4409,19.0144],[82.4529,19.0262],[82.4728,19.0282],[82.488,19.0075],[82.4983,19.0117],[82.5139,19.0096],[82.5243,19.0253],[82.5295,19.0125],[82.5385,19.0058],[82.5435,19.0142],[82.5433,19.035],[82.5291,19.0512],[82.5305,19.0627],[82.5396,19.069],[82.5528,19.066],[82.5588,19.0764],[82.5725,19.0688],[82.5838,19.0727],[82.5824,19.0818],[82.5724,19.0899],[82.5783,19.1146],[82.6142,19.1152],[82.6144,19.1075],[82.6217,19.1035],[82.6373,19.1076],[82.644,19.1155],[82.6399,19.1215],[82.6361,19.1195],[82.6392,19.1488],[82.6338,19.1615],[82.6246,19.1604],[82.6313,19.1532],[82.6273,19.1503],[82.6157,19.1587],[82.6166,19.1822],[82.6061,19.1805],[82.5986,19.1914],[82.5911,19.1913],[82.5903,19.2027],[82.5841,19.1946],[82.5792,19.1953],[82.5749,19.2113],[82.5697,19.1981],[82.5485,19.206],[82.5493,19.194],[82.5304,19.2036],[82.5251,19.1969],[82.5174,19.2025],[82.4982,19.1871]]]}},{"type":"Feature","properties":{"ac_name":"LAKSHMIPUR","ac_no":141,"ac_category":"ST","st_name":"ODISHA"},"geometry":{"type":"Polygon","coordinates":[[[82.8566,19.2032],[82.8541,19.1935],[82.8412,19.1996],[82.8333,19.1891],[82.8356,19.1818],[82.8225,19.172],[82.8279,19.1558],[82.8233,19.1476],[82.8148,19.1574],[82.8178,19.1703],[82.8034,19.1521],[82.7976,19.1517],[82.791,19.1574],[82.7937,19.1695],[82.788,19.1729],[82.7804,19.1661],[82.7723,19.166],[82.7568,19.1746],[82.7554,19.1833],[82.7461,19.1809],[82.7407,19.1728],[82.7405,19.1594],[82.7511,19.1325],[82.7485,19.1169],[82.7651,19.1039],[82.7683,19.0965],[82.7652,19.0854],[82.7712,19.0781],[82.7616,19.0736],[82.7589,19.0662],[82.7645,19.0519],[82.7711,19.0493],[82.7714,19.0387],[82.7865,19.0314],[82.7859,19.0266],[82.7651,19.0198],[82.7601,19.0121],[82.7631,18.9999],[82.7389,18.9914],[82.7298,18.9981],[82.7214,18.9897],[82.6956,18.9961],[82.6916,18.9944],[82.6954,18.9836],[82.6918,18.9789],[82.6767,18.9841],[82.6744,18.9773],[82.6918,18.9721],[82.6917,18.9554],[82.7043,18.9513],[82.7069,18.9431],[82.7117,18.9387],[82.7109,18.9325],[82.716,18.9324],[82.7138,18.93],[82.7235,18.9202],[82.7429,18.931],[82.7429,18.9187],[82.7542,18.9101],[82.7458,18.9007],[82.7669,18.8865],[82.7708,18.8923],[82.7769,18.8921],[82.7854,18.9049],[82.7905,18.9009],[82.7967,18.8778],[82.813,18.8682],[82.823,18.8519],[82.8201,18.8252],[82.8119,18.8243],[82.802,18.8312],[82.7969,18.8258],[82.8056,18.8142],[82.8183,18.8134],[82.8082,18.807],[82.8126,18.7891],[82.8334,18.7934],[82.8708,18.78],[82.8748,18.7735],[82.8836,18.771],[82.9016,18.7884],[82.9066,18.7846],[82.9126,18.7885],[82.9153,18.7965],[82.927,18.8001],[82.9315,18.8072],[82.9388,18.8042],[82.9444,18.8068],[82.9588,18.8219],[82.9666,18.8216],[82.9766,18.8287],[82.9876,18.8226],[82.9924,18.8199],[82.9907,18.8114],[82.976,18.792],[82.9837,18.7878],[82.9816,18.7806],[82.9921,18.778],[82.9989,18.7663],[83.0126,18.7619],[83.0203,18.7528],[83.0139,18.7354],[83.0432,18.7366],[83.0586,18.7323],[83.0545,18.7263],[83.075,18.7338],[83.0777,18.7255],[83.0855,18.7275],[83.0917,18.7225],[83.1124,18.7528],[83.1228,18.7585],[83.1211,18.7659],[83.1151,18.7681],[83.139,18.7854],[83.1565,18.7683],[83.1779,18.7709],[83.1932,18.7532],[83.207,18.7513],[83.2114,18.731],[83.2201,18.7477],[83.2281,18.7569],[83.2246,18.7751],[83.2432,18.7683],[83.263,18.7695],[83.2714,18.7648],[83.2812,18.7747],[83.2749,18.782],[83.2818,18.7958],[83.3077,18.8088],[83.33,18.8066],[83.3284,18.8177],[83.3548,18.8326],[83.3693,18.844],[83.3792,18.8309],[83.4056,18.8423],[83.4044,18.8619],[83.4145,18.8735],[83.397,18.8791],[83.3778,18.897],[83.3922,18.9085],[83.3816,18.9141],[83.3698,18.9082],[83.3592,18.9146],[83.3626,18.9157],[83.3526,18.9301],[83.3537,18.9429],[83.3702,18.9423],[83.3709,18.927],[83.3784,18.9249],[83.3873,18.9328],[83.3711,18.9432],[83.3667,18.964],[83.3502,18.9664],[83.3511,18.9463],[83.3445,18.9424],[83.3486,18.9266],[83.3347,18.9249],[83.3254,18.9328],[83.3272,18.9451],[83.3389,18.9473],[83.3396,18.9522],[83.3322,18.9579],[83.3336,18.969],[83.3282,18.9672],[83.3205,18.9721],[83.3104,18.9989],[83.3275,19.0026],[83.3387,18.997],[83.337,19.0063],[83.3429,19.0181],[83.348,19.0169],[83.3469,19.0253],[83.3624,19.048],[83.3589,19.0525],[83.3446,19.0528],[83.3403,19.0606],[83.3448,19.0734],[83.338,19.0839],[83.3408,19.1021],[83.3268,19.1001],[83.3197,19.1142],[83.3087,19.1183],[83.3023,19.114],[83.299,19.1231],[83.292,19.1155],[83.2848,19.1157],[83.2827,19.1264],[83.2589,19.0671],[83.2621,19.0694],[83.2619,19.0652],[83.2674,19.0632],[83.2682,19.0557],[83.2603,19.0384],[83.2342,19.0258],[83.2368,18.9896],[83.2196,18.9834],[83.2008,18.9603],[83.1851,18.9609],[83.1964,18.9915],[83.1845,19.0149],[83.1933,19.0519],[83.1871,19.0596],[83.1954,19.0758],[83.1856,19.0814],[83.1889,19.0948],[83.1793,19.0986],[83.1956,19.1195],[83.2047,19.1234],[83.2053,19.1326],[83.2207,19.1381],[83.225,19.123],[83.2447,19.128],[83.2401,19.1342],[83.241,19.1446],[83.2481,19.1485],[83.2575,19.1649],[83.248,19.1623],[83.2272,19.1734],[83.2197,19.1613],[83.1981,19.1689],[83.1975,19.1605],[83.2048,19.1544],[83.2023,19.1494],[83.1965,19.1471],[83.1893,19.1506],[83.184,19.1468],[83.1998,19.1366],[83.181,19.1111],[83.1681,19.1159],[83.1658,19.1219],[83.1822,19.1357],[83.1817,19.1468],[83.1667,19.1386],[83.1618,19.1221],[83.1503,19.1253],[83.1481,19.1358],[83.1357,19.1366],[83.1297,19.0936],[83.1206,19.0903],[83.1073,19.114],[83.0983,19.1095],[83.0866,19.0872],[83.074,19.0819],[83.073,19.0708],[83.0662,19.0629],[83.0723,19.0583],[83.0653,19.0445],[83.0482,19.0561],[83.0312,19.0556],[83.022,19.0613],[83.0193,19.0738],[83.0291,19.0792],[83.0288,19.0863],[83.0203,19.0949],[83.0099,19.0957],[83.0051,19.121],[82.9789,19.1391],[82.9805,19.1722],[82.968,19.1613],[82.9502,19.1544],[82.9404,19.1604],[82.9199,19.1628],[82.9016,19.1561],[82.9043,19.1609],[82.8977,19.1675],[82.8978,19.1737],[82.884,19.1848],[82.8778,19.1836],[82.8706,19.1936],[82.8719,19.1989],[82.8633,19.2065],[82.8566,19.2032]]]}},{"type":"Feature","properties":{"ac_name":"JEYPORE","ac_no":143,"ac_category":"GEN","st_name":"ODISHA"},"geometry":{"type":"Polygon","coordinates":[[[82.6398,19.1667],[82.6392,19.1488],[82.6361,19.1195],[82.6399,19.1215],[82.644,19.1155],[82.6373,19.1076],[82.6217,19.1035],[82.6144,19.1075],[82.6142,19.1152],[82.5783,19.1146],[82.5724,19.0899],[82.5824,19.0818],[82.5838,19.0727],[82.5725,19.0688],[82.5588,19.0764],[82.5528,19.066],[82.5396,19.069],[82.5305,19.0627],[82.5291,19.0512],[82.5433,19.035],[82.5435,19.0142],[82.5385,19.0058],[82.5295,19.0125],[82.5243,19.0253],[82.5139,19.0096],[82.4983,19.0117],[82.488,19.0075],[82.4728,19.0282],[82.4529,19.0262],[82.4409,19.0144],[82.4462,18.9873],[82.4572,18.9691],[82.4555,18.9572],[82.4491,18.9533],[82.4526,18.9297],[82.4471,18.9244],[82.4528,18.9208],[82.4488,18.9161],[82.4543,18.9119],[82.4525,18.9031],[82.4583,18.8929],[82.4572,18.8888],[82.45,18.8887],[82.4615,18.8683],[82.4577,18.8572],[82.4628,18.8535],[82.4628,18.847],[82.48,18.8466],[82.4882,18.8412],[82.4897,18.8157],[82.4957,18.8042],[82.493,18.8008],[82.5013,18.7982],[82.5014,18.7892],[82.5163,18.7844],[82.5158,18.7763],[82.5229,18.7669],[82.5272,18.773],[82.5645,18.7771],[82.5886,18.8017],[82.5907,18.8217],[82.6177,18.8378],[82.6187,18.8469],[82.6245,18.8432],[82.6285,18.8527],[82.6425,18.8579],[82.6501,18.8893],[82.6598,18.8955],[82.6663,18.909],[82.6705,18.9284],[82.6654,18.9399],[82.6875,18.9462],[82.682,18.9478],[82.6776,18.957],[82.6744,18.9773],[82.6767,18.9841],[82.6918,18.9789],[82.6954,18.9836],[82.6916,18.9944],[82.6956,18.9961],[82.7214,18.9897],[82.7298,18.9981],[82.7389,18.9914],[82.7631,18.9999],[82.7601,19.0121],[82.7651,19.0198],[82.7859,19.0266],[82.7865,19.0314],[82.7714,19.0387],[82.7711,19.0493],[82.7645,19.0519],[82.7589,19.0662],[82.7616,19.0736],[82.7712,19.0781],[82.7652,19.0854],[82.7683,19.0965],[82.7651,19.1039],[82.7485,19.1169],[82.7511,19.1325],[82.7405,19.1594],[82.7225,19.1602],[82.7257,19.1655],[82.7209,19.1716],[82.7251,19.1737],[82.7073,19.1792],[82.7077,19.1867],[82.7014,19.1908],[82.6844,19.1867],[82.6788,19.1969],[82.667,19.1835],[82.6529,19.1884],[82.6433,19.1765],[82.6374,19.1752],[82.6398,19.1667]]]}},{"type":"Feature","properties":{"ac_name":"PARALAKHEMUNDI","ac_no":137,"ac_category":"GEN","st_name":"ODISHA"},"geometry":{"type":"Polygon","coordinates":[[[84.0288,19.0754],[84.0319,19.0585],[84.0245,19.0597],[84.0195,19.0558],[84.0099,19.0577],[84.0032,19.0699],[83.9774,19.0722],[83.9643,19.0627],[83.9632,19.0431],[83.9855,19.0221],[83.9755,19.0075],[83.96,18.9992],[83.9502,18.9977],[83.9285,19.0151],[83.9172,19.0132],[83.9081,19.0199],[83.8961,19.0071],[83.8905,18.9931],[83.8754,18.9953],[83.8642,18.9897],[83.8573,18.9906],[83.8551,19.001],[83.8447,19.0107],[83.8322,19.0047],[83.8192,19.0205],[83.8162,19.0325],[83.8072,19.0335],[83.7999,19.0291],[83.7945,19.0176],[83.7949,19.0043],[83.8089,18.9923],[83.8217,18.9603],[83.819,18.9452],[83.8289,18.9306],[83.8265,18.9163],[83.8403,18.9185],[83.8457,18.9136],[83.8489,18.8999],[83.8436,18.8756],[83.8483,18.8645],[83.8725,18.8476],[83.8905,18.8267],[83.8931,18.8145],[83.8996,18.8244],[83.9158,18.828],[83.9316,18.8159],[83.9423,18.8155],[83.9417,18.8084],[83.9501,18.8052],[83.9655,18.8147],[84.0157,18.8088],[84.0153,18.8171],[84.0252,18.8171],[84.0329,18.8116],[84.0408,18.8156],[84.0456,18.8129],[84.0467,18.8016],[84.0598,18.7992],[84.0599,18.7825],[84.068,18.7823],[84.0764,18.7645],[84.0895,18.764],[84.0894,18.7568],[84.1223,18.768],[84.1374,18.7613],[84.142,18.7643],[84.1403,18.7773],[84.1584,18.7829],[84.1592,18.7879],[84.1697,18.7883],[84.1757,18.7801],[84.1827,18.782],[84.19,18.7778],[84.1953,18.7917],[84.218,18.7902],[84.2144,18.7955],[84.2263,18.7988],[84.2338,18.7948],[84.2407,18.7972],[84.2431,18.7887],[84.2604,18.7831],[84.2865,18.7926],[84.2889,18.804],[84.321,18.787],[84.3274,18.7993],[84.3444,18.8021],[84.3308,18.818],[84.3496,18.8206],[84.3522,18.832],[84.3594,18.8316],[84.3648,18.8395],[84.3469,18.8483],[84.3371,18.8894],[84.3263,18.9001],[84.3037,18.8725],[84.2946,18.8755],[84.2949,18.8827],[84.2813,18.8802],[84.2775,18.8712],[84.2536,18.8563],[84.2558,18.8624],[84.2421,18.8586],[84.2335,18.8683],[84.2231,18.8603],[84.2145,18.8631],[84.2082,18.8842],[84.2016,18.8825],[84.1933,18.8672],[84.1854,18.8672],[84.182,18.8757],[84.1728,18.8806],[84.1709,18.9016],[84.1557,18.8979],[84.1578,18.8835],[84.1389,18.8916],[84.1361,18.9049],[84.1413,18.9172],[84.1394,18.924],[84.1146,18.9213],[84.1315,18.9436],[84.1036,18.9473],[84.1005,18.9611],[84.0807,18.964],[84.0749,18.9907],[84.0841,18.9994],[84.0811,19.0173],[84.0652,19.0265],[84.0626,19.0401],[84.0543,19.0372],[84.0414,19.0445],[84.0386,19.0751],[84.0288,19.0754]]]}},{"type":"Feature","properties":{"ac_name":"KORAPUT","ac_no":144,"ac_category":"SC","st_name":"ODISHA"},"geometry":{"type":"Polygon","coordinates":[[[82.7069,18.9431],[82.7043,18.9513],[82.6917,18.9554],[82.6918,18.9721],[82.6744,18.9773],[82.6776,18.957],[82.682,18.9478],[82.6875,18.9462],[82.6654,18.9399],[82.6705,18.9284],[82.6663,18.909],[82.6598,18.8955],[82.6501,18.8893],[82.6425,18.8579],[82.6285,18.8527],[82.6245,18.8432],[82.6187,18.8469],[82.6177,18.8378],[82.5907,18.8217],[82.5886,18.8017],[82.5645,18.7771],[82.5272,18.773],[82.5229,18.7669],[82.5158,18.7763],[82.5163,18.7844],[82.5014,18.7892],[82.4951,18.7885],[82.4914,18.7817],[82.4778,18.7894],[82.4681,18.7814],[82.4333,18.799],[82.4221,18.7941],[82.395,18.7957],[82.395,18.804],[82.4092,18.8121],[82.4084,18.8233],[82.3971,18.8355],[82.3854,18.8285],[82.377,18.8288],[82.34,18.839],[82.3328,18.8207],[82.3357,18.8028],[82.3323,18.8023],[82.3324,18.7954],[82.3111,18.8006],[82.2798,18.8012],[82.2715,18.7979],[82.2778,18.7895],[82.2744,18.787],[82.2795,18.7825],[82.2796,18.7715],[82.2852,18.7743],[82.2909,18.7693],[82.2896,18.7597],[82.2963,18.7533],[82.3054,18.7544],[82.305,18.7655],[82.3156,18.773],[82.3252,18.7705],[82.3246,18.7658],[82.3135,18.7615],[82.3172,18.7562],[82.3286,18.7562],[82.3293,18.769],[82.3394,18.7698],[82.3355,18.755],[82.3408,18.7532],[82.3514,18.7614],[82.3527,18.751],[82.3447,18.7479],[82.3522,18.7481],[82.3602,18.7368],[82.3834,18.7442],[82.3915,18.7364],[82.4016,18.7371],[82.4086,18.7323],[82.4185,18.7134],[82.4317,18.7098],[82.4304,18.7015],[82.4196,18.7055],[82.3971,18.6814],[82.3947,18.6726],[82.3867,18.6691],[82.4041,18.6641],[82.4105,18.6541],[82.4252,18.6553],[82.4359,18.6504],[82.4387,18.6449],[82.4489,18.6447],[82.4563,18.6519],[82.4626,18.6467],[82.4615,18.6381],[82.4691,18.6231],[82.4994,18.6177],[82.505,18.6121],[82.5021,18.601],[82.4926,18.6028],[82.4872,18.5882],[82.4733,18.5975],[82.4685,18.5935],[82.4614,18.5966],[82.4363,18.6142],[82.4309,18.6066],[82.42,18.6081],[82.4074,18.5976],[82.4055,18.6001],[82.3851,18.5914],[82.3859,18.5842],[82.4138,18.5631],[82.4084,18.5575],[82.4031,18.5256],[82.3888,18.529],[82.3831,18.5184],[82.3893,18.5107],[82.3848,18.4982],[82.3981,18.487],[82.3994,18.4709],[82.4091,18.4694],[82.4374,18.4938],[82.434,18.4986],[82.4449,18.5146],[82.4848,18.5494],[82.4934,18.5432],[82.4817,18.5414],[82.4862,18.5281],[82.5049,18.5135],[82.5135,18.5183],[82.5259,18.5162],[82.5324,18.5107],[82.5269,18.5059],[82.5292,18.5028],[82.5416,18.5029],[82.5476,18.4915],[82.5646,18.4873],[82.5817,18.4849],[82.589,18.4899],[82.6086,18.4832],[82.6156,18.49],[82.6217,18.4897],[82.6175,18.4978],[82.6284,18.522],[82.6217,18.5291],[82.6321,18.5406],[82.6279,18.5884],[82.6225,18.5983],[82.6324,18.5949],[82.6385,18.5864],[82.6686,18.5865],[82.6636,18.5761],[82.6736,18.5736],[82.6858,18.5752],[82.6916,18.5846],[82.7003,18.5887],[82.7072,18.5851],[82.7163,18.5934],[82.7252,18.5923],[82.7271,18.6099],[82.745,18.6136],[82.7397,18.6236],[82.7574,18.6327],[82.7538,18.6515],[82.7574,18.6678],[82.7432,18.6894],[82.7565,18.7167],[82.7516,18.7307],[82.7611,18.7359],[82.7653,18.7543],[82.7852,18.7632],[82.7845,18.7721],[82.8046,18.7799],[82.8126,18.7891],[82.8082,18.807],[82.8183,18.8134],[82.8056,18.8142],[82.7969,18.8258],[82.802,18.8312],[82.8119,18.8243],[82.8201,18.8252],[82.823,18.8519],[82.813,18.8682],[82.7967,18.8778],[82.7905,18.9009],[82.7854,18.9049],[82.7769,18.8921],[82.7708,18.8923],[82.7669,18.8865],[82.7458,18.9007],[82.7542,18.9101],[82.7429,18.9187],[82.7429,18.931],[82.7235,18.9202],[82.7138,18.93],[82.716,18.9324],[82.7109,18.9325],[82.7117,18.9387],[82.7069,18.9431]]]}},{"type":"Feature","properties":{"ac_name":"POTTANGI","ac_no":145,"ac_category":"ST","st_name":"ODISHA"},"geometry":{"type":"Polygon","coordinates":[[[82.9876,18.8226],[82.9766,18.8287],[82.9666,18.8216],[82.9588,18.8219],[82.9444,18.8068],[82.9388,18.8042],[82.9315,18.8072],[82.927,18.8001],[82.9153,18.7965],[82.9126,18.7885],[82.9066,18.7846],[82.9016,18.7884],[82.8836,18.771],[82.8748,18.7735],[82.8708,18.78],[82.8334,18.7934],[82.8126,18.7891],[82.8046,18.7799],[82.7845,18.7721],[82.7852,18.7632],[82.7653,18.7543],[82.7611,18.7359],[82.7516,18.7307],[82.7565,18.7167],[82.7432,18.6894],[82.7574,18.6678],[82.7538,18.6515],[82.7574,18.6327],[82.7397,18.6236],[82.745,18.6136],[82.7271,18.6099],[82.7252,18.5923],[82.7163,18.5934],[82.7072,18.5851],[82.7003,18.5887],[82.6916,18.5846],[82.6858,18.5752],[82.6736,18.5736],[82.6636,18.5761],[82.6686,18.5865],[82.6385,18.5864],[82.6324,18.5949],[82.6225,18.5983],[82.6279,18.5884],[82.6321,18.5406],[82.6217,18.5291],[82.6284,18.522],[82.6175,18.4978],[82.6217,18.4897],[82.6156,18.49],[82.6086,18.4832],[82.589,18.4899],[82.5817,18.4849],[82.5646,18.4873],[82.5476,18.4915],[82.5416,18.5029],[82.5292,18.5028],[82.5266,18.4958],[82.5332,18.4877],[82.5278,18.4807],[82.5342,18.4778],[82.5194,18.4656],[82.5283,18.4642],[82.5274,18.4597],[82.5332,18.4587],[82.5395,18.4436],[82.5444,18.4494],[82.5423,18.4577],[82.5487,18.4531],[82.5548,18.4545],[82.5616,18.447],[82.5505,18.4333],[82.552,18.4286],[82.5414,18.4219],[82.5471,18.4126],[82.5355,18.4062],[82.5409,18.3995],[82.5521,18.3979],[82.5553,18.3937],[82.5624,18.4],[82.571,18.3947],[82.5758,18.3963],[82.5838,18.3868],[82.5886,18.3917],[82.5948,18.3893],[82.5995,18.3798],[82.6052,18.3821],[82.6059,18.3661],[82.6212,18.3597],[82.6145,18.3509],[82.602,18.3523],[82.6112,18.3337],[82.6089,18.3272],[82.5948,18.3289],[82.5884,18.3179],[82.5839,18.3198],[82.5815,18.3164],[82.5851,18.3085],[82.5951,18.3107],[82.5986,18.3042],[82.5878,18.2761],[82.5968,18.2744],[82.5969,18.2648],[82.6138,18.2585],[82.6377,18.2367],[82.6522,18.2499],[82.6471,18.2623],[82.6423,18.2638],[82.6428,18.2716],[82.6485,18.2729],[82.6522,18.2812],[82.6438,18.288],[82.6426,18.3021],[82.6512,18.3019],[82.6574,18.2961],[82.6667,18.2981],[82.6763,18.3066],[82.6844,18.3036],[82.6945,18.3123],[82.7096,18.3133],[82.7167,18.3234],[82.7342,18.3203],[82.7409,18.3227],[82.7383,18.327],[82.7428,18.33],[82.7551,18.3302],[82.7597,18.3397],[82.7648,18.3362],[82.7742,18.3405],[82.7764,18.3493],[82.7905,18.3632],[82.7826,18.3819],[82.7938,18.3861],[82.7914,18.3962],[82.7995,18.4068],[82.7868,18.4108],[82.7821,18.4308],[82.8031,18.4493],[82.8225,18.4478],[82.8238,18.4435],[82.8458,18.4335],[82.8524,18.4192],[82.8564,18.4255],[82.8713,18.4185],[82.895,18.4241],[82.8978,18.4035],[82.8907,18.3905],[82.8942,18.3816],[82.9131,18.3685],[82.9222,18.3755],[82.926,18.3682],[82.9397,18.3609],[82.9537,18.3616],[82.9601,18.3664],[82.9704,18.3601],[82.9831,18.3665],[82.9872,18.3789],[82.992,18.3786],[82.996,18.3851],[83.0057,18.3829],[83.0219,18.3917],[83.043,18.3794],[83.0544,18.38],[83.0758,18.4057],[83.0642,18.4094],[83.0574,18.4194],[83.0652,18.4227],[83.0673,18.4285],[83.0599,18.437],[83.0508,18.4342],[83.0425,18.4243],[83.0377,18.4346],[83.0409,18.4408],[83.0329,18.448],[83.0246,18.4485],[83.0209,18.4563],[83.0551,18.4856],[83.0552,18.4957],[83.075,18.5146],[83.077,18.5262],[83.0935,18.5399],[83.0948,18.5473],[83.0895,18.553],[83.0809,18.5541],[83.0619,18.5421],[83.0451,18.5443],[83.0298,18.5737],[83.04,18.5865],[83.0531,18.5882],[83.0526,18.601],[83.0237,18.5897],[83.0135,18.5944],[83.0152,18.6055],[83.0004,18.608],[82.9992,18.618],[83.0196,18.6352],[83.0131,18.6459],[83.0167,18.6501],[83.058,18.6655],[83.0624,18.6829],[83.075,18.7013],[83.0726,18.7053],[83.0917,18.7225],[83.0855,18.7275],[83.0777,18.7255],[83.075,18.7338],[83.0545,18.7263],[83.0586,18.7323],[83.0432,18.7366],[83.0139,18.7354],[83.0203,18.7528],[83.0126,18.7619],[82.9989,18.7663],[82.9921,18.778],[82.9816,18.7806],[82.9837,18.7878],[82.976,18.792],[82.9907,18.8114],[82.9924,18.8199],[82.9876,18.8226]]]}},{"type":"Feature","properties":{"ac_name":"CHITRAKONDA","ac_no":147,"ac_category":"ST","st_name":"ODISHA"},"geometry":{"type":"Polygon","coordinates":[[[81.9983,18.7073],[81.9677,18.6964],[81.9602,18.6886],[81.9688,18.6737],[81.9539,18.6634],[81.9487,18.6436],[81.9214,18.6428],[81.9004,18.6612],[81.8934,18.657],[81.8976,18.6546],[81.8939,18.6418],[81.8985,18.6358],[81.8945,18.6292],[81.9087,18.6282],[81.9259,18.6206],[81.9414,18.6019],[81.9629,18.5947],[81.9632,18.59],[81.9526,18.5829],[81.9495,18.5721],[81.968,18.5676],[81.9894,18.5422],[82.0102,18.5564],[82.0322,18.5441],[82.0243,18.537],[82.0278,18.5295],[82.0245,18.5257],[82.0016,18.5303],[81.9953,18.5254],[81.9969,18.5202],[82.0052,18.5179],[82.0057,18.5038],[82.0174,18.5025],[82.0152,18.4864],[82.0195,18.4707],[82.0343,18.4764],[82.047,18.4667],[82.0596,18.4507],[82.0543,18.4489],[82.0563,18.4423],[82.0712,18.4459],[82.0723,18.4406],[82.0772,18.4421],[82.0823,18.4371],[82.0921,18.4505],[82.0991,18.4458],[82.1032,18.4268],[82.1158,18.4213],[82.1249,18.4229],[82.1304,18.4099],[82.1348,18.3913],[82.1254,18.3816],[82.1172,18.3786],[82.113,18.3679],[82.0859,18.362],[82.0908,18.3529],[82.0875,18.3415],[82.0795,18.3399],[82.0727,18.3455],[82.0719,18.3595],[82.058,18.366],[82.0448,18.3618],[82.0414,18.348],[82.0278,18.3419],[82.0291,18.3347],[82.0192,18.3335],[82.0071,18.3416],[81.9998,18.3294],[82.0094,18.3131],[82.006,18.2972],[82.0131,18.2939],[82.0122,18.2869],[82.0169,18.2843],[81.9655,18.2699],[81.957,18.2784],[81.9449,18.2736],[81.941,18.2649],[81.9461,18.2536],[81.9421,18.2207],[81.9207,18.2244],[81.9172,18.2391],[81.8992,18.2431],[81.8725,18.2189],[81.8608,18.2175],[81.8413,18.2249],[81.8227,18.2182],[81.8274,18.2098],[81.8154,18.194],[81.8021,18.1935],[81.796,18.182],[81.7828,18.1806],[81.7845,18.1664],[81.8094,18.1622],[81.836,18.1834],[81.8429,18.1559],[81.8467,18.1546],[81.8735,18.159],[81.872,18.1701],[81.8844,18.1865],[81.9104,18.1856],[81.9176,18.18],[81.9384,18.1934],[81.9666,18.1563],[81.9424,18.1329],[81.9304,18.0782],[81.9373,18.0749],[81.9607,18.0791],[81.966,18.0678],[81.9846,18.0671],[81.9881,18.0536],[82.0062,18.0522],[82.0086,18.0577],[82.0329,18.0695],[82.0409,18.0572],[82.0658,18.0564],[82.0766,18.0753],[82.0961,18.0675],[82.102,18.0603],[82.1206,18.0643],[82.1249,18.0597],[82.1335,18.0599],[82.1371,18.044],[82.1467,18.0523],[82.1532,18.0479],[82.1688,18.052],[82.1843,18.0288],[82.1786,18.0204],[82.1878,18.0148],[82.2053,18.0184],[82.2082,18.0105],[82.2222,18.0017],[82.2364,18.0027],[82.2495,17.9934],[82.2642,17.9959],[82.2686,18.001],[82.2734,18.0225],[82.2616,18.0419],[82.2689,18.0452],[82.2726,18.0573],[82.2835,18.0645],[82.2876,18.0627],[82.2914,18.0689],[82.302,18.0692],[82.3043,18.0664],[82.2987,18.0553],[82.3103,18.054],[82.3077,18.0451],[82.3201,18.0448],[82.3194,18.0577],[82.3284,18.059],[82.3366,18.0521],[82.3438,18.058],[82.3503,18.0777],[82.347,18.0983],[82.3385,18.0992],[82.3357,18.1059],[82.3342,18.1269],[82.3421,18.1367],[82.3388,18.147],[82.3413,18.1501],[82.3632,18.1348],[82.3723,18.1482],[82.3533,18.1717],[82.3373,18.1722],[82.3154,18.1841],[82.3108,18.2041],[82.3249,18.2104],[82.337,18.2243],[82.3244,18.2312],[82.3365,18.2408],[82.3325,18.252],[82.34,18.2624],[82.3446,18.2806],[82.3589,18.2815],[82.3659,18.2776],[82.3765,18.2807],[82.3923,18.298],[82.395,18.3157],[82.3889,18.3285],[82.3751,18.3287],[82.3558,18.316],[82.3427,18.3205],[82.3381,18.3281],[82.349,18.3305],[82.3631,18.3443],[82.3698,18.3586],[82.3855,18.3675],[82.386,18.3863],[82.3814,18.3897],[82.3796,18.4038],[82.3642,18.4216],[82.382,18.4326],[82.3866,18.445],[82.396,18.4492],[82.4091,18.4694],[82.3994,18.4709],[82.3981,18.487],[82.3848,18.4982],[82.3893,18.5107],[82.3831,18.5184],[82.3888,18.529],[82.4031,18.5256],[82.4084,18.5575],[82.4138,18.5631],[82.3859,18.5842],[82.3851,18.5914],[82.4055,18.6001],[82.4007,18.6111],[82.3919,18.6164],[82.3782,18.6172],[82.3605,18.626],[82.3365,18.6029],[82.3293,18.6018],[82.3163,18.5842],[82.2936,18.5838],[82.2813,18.59],[82.2635,18.5913],[82.2547,18.6067],[82.2518,18.6053],[82.2523,18.616],[82.2407,18.6142],[82.2395,18.6235],[82.2301,18.6282],[82.2326,18.6431],[82.2237,18.6713],[82.2094,18.6549],[82.2001,18.6539],[82.1903,18.634],[82.1758,18.6343],[82.1735,18.6454],[82.1708,18.643],[82.1639,18.6497],[82.16,18.67],[82.1527,18.6627],[82.1454,18.6628],[82.1353,18.6809],[82.141,18.6826],[82.1451,18.695],[82.1421,18.7069],[82.1254,18.7088],[82.1298,18.7156],[82.1287,18.7252],[82.1095,18.7287],[82.0909,18.7411],[82.0846,18.7206],[82.0718,18.727],[82.0657,18.7272],[82.0619,18.7196],[82.0549,18.7272],[82.0367,18.7274],[81.9983,18.7073]]]}},{"type":"Feature","properties":{"ac_name":"MALKANGIRI","ac_no":146,"ac_category":"ST","st_name":"ODISHA"},"geometry":{"type":"Polygon","coordinates":[[[82.1254,18.3816],[82.1348,18.3913],[82.1304,18.4099],[82.1249,18.4229],[82.1158,18.4213],[82.1032,18.4268],[82.0991,18.4458],[82.0921,18.4505],[82.0823,18.4371],[82.0772,18.4421],[82.0723,18.4406],[82.0712,18.4459],[82.0563,18.4423],[82.0543,18.4489],[82.0596,18.4507],[82.047,18.4667],[82.0343,18.4764],[82.0195,18.4707],[82.0152,18.4864],[82.0174,18.5025],[82.0057,18.5038],[82.0052,18.5179],[81.9969,18.5202],[81.9953,18.5254],[82.0016,18.5303],[82.0245,18.5257],[82.0278,18.5295],[82.0243,18.537],[82.0322,18.5441],[82.0102,18.5564],[81.9894,18.5422],[81.968,18.5676],[81.9495,18.5721],[81.9348,18.5661],[81.9265,18.5665],[81.9205,18.5725],[81.9104,18.5706],[81.9056,18.5641],[81.9085,18.553],[81.9013,18.5484],[81.9088,18.5381],[81.8973,18.535],[81.8893,18.5385],[81.8795,18.5252],[81.8681,18.5249],[81.8567,18.5084],[81.8572,18.4927],[81.7691,18.4182],[81.7503,18.3526],[81.6593,18.3465],[81.6497,18.336],[81.662,18.3211],[81.6505,18.3214],[81.6169,18.3072],[81.598,18.3091],[81.5645,18.2751],[81.5358,18.2686],[81.5256,18.2578],[81.5305,18.2405],[81.5152,18.2127],[81.507,18.1866],[81.5246,18.1644],[81.5256,18.1529],[81.5181,18.1483],[81.513,18.1375],[81.5134,18.1],[81.4802,18.0501],[81.483,18.0268],[81.4775,17.9896],[81.4831,17.9772],[81.4718,17.9601],[81.4595,17.9528],[81.4488,17.9313],[81.4528,17.907],[81.4437,17.8845],[81.4347,17.8809],[81.4075,17.8961],[81.3995,17.8921],[81.3943,17.87],[81.4038,17.8527],[81.3893,17.8301],[81.3918,17.8155],[81.4016,17.821],[81.4156,17.8135],[81.4341,17.832],[81.4442,17.825],[81.4742,17.838],[81.49,17.8127],[81.5184,17.8163],[81.5302,17.8229],[81.5637,17.8257],[81.5743,17.8372],[81.5942,17.8341],[81.6165,17.8221],[81.6223,17.8335],[81.6301,17.8321],[81.6408,17.8402],[81.6619,17.8812],[81.6709,17.8873],[81.6861,17.8853],[81.6996,17.901],[81.7043,17.8777],[81.7096,17.8718],[81.7633,17.9026],[81.7714,17.9125],[81.7901,17.9208],[81.797,17.9373],[81.8099,17.951],[81.8665,17.9633],[81.8934,17.9763],[81.9037,17.9767],[81.9199,17.9912],[81.9366,17.9903],[81.9629,17.9993],[81.9793,18.0143],[81.992,18.02],[81.9944,18.0273],[82.0103,18.0313],[82.0062,18.0522],[81.9881,18.0536],[81.9846,18.0671],[81.966,18.0678],[81.9607,18.0791],[81.9373,18.0749],[81.9304,18.0782],[81.9424,18.1329],[81.9666,18.1563],[81.9384,18.1934],[81.9176,18.18],[81.9104,18.1856],[81.8844,18.1865],[81.872,18.1701],[81.8735,18.159],[81.8467,18.1546],[81.8429,18.1559],[81.836,18.1834],[81.8094,18.1622],[81.7845,18.1664],[81.7828,18.1806],[81.796,18.182],[81.8021,18.1935],[81.8154,18.194],[81.8274,18.2098],[81.8227,18.2182],[81.8413,18.2249],[81.8608,18.2175],[81.8725,18.2189],[81.8992,18.2431],[81.9172,18.2391],[81.9207,18.2244],[81.9421,18.2207],[81.9461,18.2536],[81.941,18.2649],[81.9449,18.2736],[81.957,18.2784],[81.9655,18.2699],[82.0169,18.2843],[82.0122,18.2869],[82.0131,18.2939],[82.006,18.2972],[82.0094,18.3131],[81.9998,18.3294],[82.0071,18.3416],[82.0192,18.3335],[82.0291,18.3347],[82.0278,18.3419],[82.0414,18.348],[82.0448,18.3618],[82.058,18.366],[82.0719,18.3595],[82.0727,18.3455],[82.0795,18.3399],[82.0875,18.3415],[82.0908,18.3529],[82.0859,18.362],[82.113,18.3679],[82.1172,18.3786],[82.1254,18.3816]]]}}]}