{"type":"FeatureCollection","features":[{"type":"Feature","properties":{"ac_name":"SADULSHAHAR","ac_no":1,"ac_category":"GEN","st_name":"RAJASTHAN"},"geometry":{"type":"Polygon","coordinates":[[[73.9727,30.1983],[73.8265,30.0913],[73.8062,30.0677],[73.6954,30.0423],[73.6944,30.0155],[73.6996,30.0129],[73.7003,29.9929],[73.6893,29.9864],[73.6897,29.9729],[73.6827,29.9649],[73.6835,29.9525],[73.6766,29.9433],[73.6805,29.8982],[73.6879,29.8963],[73.6903,29.8779],[73.6555,29.8701],[73.6625,29.8523],[73.6528,29.8477],[73.6474,29.8333],[73.6344,29.8328],[73.6274,29.8262],[73.6417,29.8147],[73.636,29.8127],[73.6368,29.8084],[73.6656,29.8023],[73.6859,29.8091],[73.73,29.8122],[73.732,29.8035],[73.7218,29.7839],[73.7515,29.7865],[73.7499,29.7946],[73.7614,29.7989],[73.7563,29.8123],[73.7664,29.8162],[73.7669,29.824],[73.7821,29.8214],[73.779,29.8565],[73.7842,29.857],[73.7858,29.8677],[73.827,29.8717],[73.8443,29.8682],[73.8519,29.872],[73.8707,29.8633],[73.8893,29.8638],[73.8823,29.8792],[73.8905,29.8787],[73.8883,29.8833],[73.8984,29.8865],[73.9092,29.8973],[73.9035,29.8982],[73.9046,29.9038],[73.8855,29.91],[73.8845,29.9142],[73.8984,29.9176],[73.9021,29.9262],[73.892,29.9286],[73.8839,29.9454],[73.8992,29.9552],[73.9339,29.9548],[73.9539,29.9451],[73.958,29.932],[73.9515,29.9307],[73.9527,29.9262],[73.9731,29.9248],[73.9738,29.9205],[73.9829,29.9197],[73.9856,29.9076],[73.9974,29.8986],[73.9817,29.8955],[73.9825,29.8896],[73.993,29.8885],[73.9948,29.884],[73.9811,29.8727],[73.9712,29.8537],[73.973,29.8503],[73.9978,29.8514],[74.0032,29.8328],[73.9927,29.8299],[73.9927,29.8253],[73.9758,29.8332],[73.9767,29.8272],[74.0198,29.8131],[74.0295,29.8011],[74.019,29.7988],[74.0406,29.7814],[74.0183,29.7834],[74.001,29.7683],[73.9974,29.7517],[74.0011,29.7333],[73.9781,29.7357],[73.936,29.7315],[73.929,29.7412],[73.9111,29.722],[73.9104,29.7039],[73.9167,29.6867],[73.9521,29.6819],[73.967,29.6591],[73.9762,29.654],[74.0227,29.6561],[74.0419,29.6558],[74.0633,29.6543],[74.0653,29.6595],[74.0606,29.6811],[74.0422,29.6994],[74.0501,29.7057],[74.0914,29.7034],[74.1354,29.6873],[74.1473,29.7165],[74.159,29.7302],[74.1795,29.748],[74.2031,29.7532],[74.2646,29.8072],[74.2847,29.8178],[74.2847,29.824],[74.2656,29.8264],[74.265,29.8344],[74.2722,29.843],[74.2691,29.8556],[74.2434,29.8597],[74.2434,29.8649],[74.2611,29.8728],[74.3027,29.8784],[74.3164,29.8882],[74.3488,29.9332],[74.3509,29.9523],[74.0652,29.9684],[73.8941,29.9743],[73.8965,29.9802],[73.8861,29.9961],[73.886,30.0113],[73.9035,30.0491],[73.9292,30.068],[73.9523,30.1043],[73.967,30.1186],[73.9755,30.1205],[73.9698,30.1257],[73.9674,30.1409],[73.9727,30.1983]]]}},{"type":"Feature","properties":{"ac_name":"KARANPUR","ac_no":3,"ac_category":"GEN","st_name":"RAJASTHAN"},"geometry":{"type":"Polygon","coordinates":[[[73.7515,29.7865],[73.7218,29.7839],[73.732,29.8035],[73.73,29.8122],[73.6859,29.8091],[73.6656,29.8023],[73.6368,29.8084],[73.636,29.8127],[73.6417,29.8147],[73.6274,29.8262],[73.6344,29.8328],[73.6474,29.8333],[73.6528,29.8477],[73.6625,29.8523],[73.6555,29.8701],[73.6903,29.8779],[73.6879,29.8963],[73.6805,29.8982],[73.6766,29.9433],[73.6835,29.9525],[73.6827,29.9649],[73.6897,29.9729],[73.6893,29.9864],[73.7003,29.9929],[73.6996,30.0129],[73.6944,30.0155],[73.6954,30.0423],[73.5969,30.0189],[73.3971,29.9458],[73.325,29.7074],[73.3424,29.7121],[73.3482,29.7235],[73.3644,29.7249],[73.3699,29.72],[73.3776,29.7209],[73.3847,29.7364],[73.3964,29.7371],[73.399,29.726],[73.3887,29.7213],[73.3759,29.6987],[73.3955,29.6985],[73.3952,29.6841],[73.4013,29.6833],[73.4384,29.6979],[73.4808,29.733],[73.4841,29.7317],[73.4917,29.7269],[73.492,29.7022],[73.4664,29.6898],[73.4623,29.6838],[73.4517,29.6836],[73.4511,29.6784],[73.4389,29.6792],[73.4435,29.6698],[73.4286,29.6537],[73.4283,29.6464],[73.4666,29.6467],[73.4682,29.6505],[73.4865,29.6555],[73.4809,29.6332],[73.4857,29.6317],[73.482,29.6242],[73.4915,29.6122],[73.492,29.5968],[73.5011,29.6004],[73.5089,29.6213],[73.5236,29.6203],[73.5274,29.6148],[73.5504,29.6136],[73.5531,29.6061],[73.6017,29.6067],[73.6103,29.5883],[73.6225,29.5814],[73.6446,29.5783],[73.6568,29.5716],[73.6778,29.5728],[73.7018,29.5683],[73.7105,29.5578],[73.7064,29.5323],[73.7185,29.5294],[73.7091,29.5127],[73.7028,29.519],[73.6891,29.5189],[73.6737,29.5099],[73.6804,29.4966],[73.7333,29.4843],[73.7628,29.4859],[73.7775,29.4958],[73.7733,29.5091],[73.768,29.511],[73.7694,29.5208],[73.7629,29.5254],[73.762,29.5523],[73.7659,29.569],[73.7771,29.5758],[73.8163,29.5753],[73.8268,29.5829],[73.834,29.6052],[73.8452,29.6057],[73.8666,29.6205],[73.9106,29.6194],[73.9421,29.6361],[74.0227,29.6561],[73.9762,29.654],[73.967,29.6591],[73.9521,29.6819],[73.9167,29.6867],[73.9104,29.7039],[73.9111,29.722],[73.8986,29.7317],[73.8918,29.7316],[73.8634,29.7202],[73.8574,29.7266],[73.8485,29.7258],[73.8463,29.7157],[73.8359,29.7217],[73.8422,29.7347],[73.8239,29.7467],[73.8276,29.7632],[73.8158,29.7704],[73.8173,29.7802],[73.8045,29.7767],[73.7888,29.7819],[73.7878,29.7857],[73.7515,29.7865]]]}},{"type":"Feature","properties":{"ac_name":"GANGANAGAR","ac_no":2,"ac_category":"GEN","st_name":"RAJASTHAN"},"geometry":{"type":"Polygon","coordinates":[[[73.7515,29.7865],[73.7878,29.7857],[73.7888,29.7819],[73.8045,29.7767],[73.8173,29.7802],[73.8158,29.7704],[73.8276,29.7632],[73.8239,29.7467],[73.8422,29.7347],[73.8359,29.7217],[73.8463,29.7157],[73.8485,29.7258],[73.8574,29.7266],[73.8634,29.7202],[73.8918,29.7316],[73.8986,29.7317],[73.9111,29.722],[73.929,29.7412],[73.936,29.7315],[73.9781,29.7357],[74.0011,29.7333],[73.9974,29.7517],[74.001,29.7683],[74.0183,29.7834],[74.0406,29.7814],[74.019,29.7988],[74.0295,29.8011],[74.0198,29.8131],[73.9767,29.8272],[73.9758,29.8332],[73.9927,29.8253],[73.9927,29.8299],[74.0032,29.8328],[73.9978,29.8514],[73.973,29.8503],[73.9712,29.8537],[73.9811,29.8727],[73.9948,29.884],[73.993,29.8885],[73.9825,29.8896],[73.9817,29.8955],[73.9974,29.8986],[73.9856,29.9076],[73.9829,29.9197],[73.9738,29.9205],[73.9731,29.9248],[73.9527,29.9262],[73.9515,29.9307],[73.958,29.932],[73.9539,29.9451],[73.9339,29.9548],[73.8992,29.9552],[73.8839,29.9454],[73.892,29.9286],[73.9021,29.9262],[73.8984,29.9176],[73.8845,29.9142],[73.8855,29.91],[73.9046,29.9038],[73.9035,29.8982],[73.9092,29.8973],[73.8984,29.8865],[73.8883,29.8833],[73.8905,29.8787],[73.8823,29.8792],[73.8893,29.8638],[73.8707,29.8633],[73.8519,29.872],[73.8443,29.8682],[73.827,29.8717],[73.7858,29.8677],[73.7842,29.857],[73.779,29.8565],[73.7821,29.8214],[73.7669,29.824],[73.7664,29.8162],[73.7563,29.8123],[73.7614,29.7989],[73.7499,29.7946],[73.7515,29.7865]]]}},{"type":"Feature","properties":{"ac_name":"SANGARIA","ac_no":7,"ac_category":"GEN","st_name":"RAJASTHAN"},"geometry":{"type":"GeometryCollection","geometries":[{"type":"Polygon","coordinates":[[[74.6948,29.3659,0],[74.7195,29.37,0],[74.7386,29.3544,0],[74.756,29.354,0],[74.7819,29.3579,0],[74.7941,29.3691,0],[74.8041,29.3711,0],[74.7958,29.3529,0],[74.7767,29.3466,0],[74.7701,29.3384,0],[74.746,29.3343,0],[74.7419,29.3267,0],[74.7115,29.3108,0],[74.7031,29.31,0],[74.6997,29.3147,0],[74.6728,29.309,0],[74.6528,29.3115,0],[74.6461,29.3234,0],[74.6511,29.3328,0],[74.6545,29.3329,0],[74.6521,29.3513,0],[74.6582,29.372,0],[74.6948,29.3659,0]]]},{"type":"Polygon","coordinates":[[[74.4962,29.9446,0],[74.5267,29.9428,0],[74.5096,29.9074,0],[74.5206,29.9025,0],[74.5434,29.9015,0],[74.5612,29.8706,0],[74.5405,29.8413,0],[74.5099,29.8338,0],[74.4847,29.8157,0],[74.4738,29.7877,0],[74.4773,29.7452,0],[74.534,29.7404,0],[74.5469,29.7552,0],[74.5688,29.7552,0],[74.5788,29.75,0],[74.5868,29.7668,0],[74.6002,29.7658,0],[74.6026,29.7584,0],[74.6156,29.7515,0],[74.6095,29.7432,0],[74.6098,29.7218,0],[74.5969,29.6833,0],[74.5854,29.6545,0],[74.5913,29.6395,0],[74.5893,29.6318,0],[74.5815,29.6272,0],[74.575,29.5637,0],[74.5899,29.5479,0],[74.6133,29.537,0],[74.6148,29.5312,0],[74.623,29.531,0],[74.6219,29.5222,0],[74.601,29.5011,0],[74.5846,29.4585,0],[74.5732,29.4651,0],[74.5437,29.468,0],[74.5346,29.4477,0],[74.5366,29.4245,0],[74.5664,29.4205,0],[74.5779,29.3885,0],[74.6029,29.3649,0],[74.6073,29.3562,0],[74.5992,29.3275,0],[74.6033,29.3274,0],[74.5921,29.3015,0],[74.546,29.2968,0],[74.5327,29.2957,0],[74.5259,29.2869,0],[74.5041,29.2906,0],[74.4997,29.2993,0],[74.5048,29.3148,0],[74.4707,29.316,0],[74.4625,29.31,0],[74.449,29.311,0],[74.4364,29.325,0],[74.4206,29.3275,0],[74.4272,29.3644,0],[74.4371,29.3711,0],[74.4452,29.3863,0],[74.4382,29.3943,0],[74.4442,29.3966,0],[74.4446,29.415,0],[74.4382,29.4196,0],[74.4256,29.4162,0],[74.4252,29.4588,0],[74.4304,29.4625,0],[74.418,29.4645,0],[74.4147,29.4708,0],[74.4081,29.4723,0],[74.4098,29.4995,0],[74.4111,29.5082,0],[74.4186,29.5125,0],[74.4259,29.5414,0],[74.4452,29.5481,0],[74.4108,29.5666,0],[74.4106,29.5965,0],[74.3991,29.6152,0],[74.3956,29.6361,0],[74.3829,29.6397,0],[74.382,29.6534,0],[74.3773,29.6562,0],[74.3828,29.6664,0],[74.3773,29.668,0],[74.3753,29.6845,0],[74.3697,29.6853,0],[74.3736,29.6943,0],[74.3714,29.7243,0],[74.3509,29.7247,0],[74.3529,29.7302,0],[74.3672,29.7294,0],[74.3657,29.751,0],[74.355,29.7622,0],[74.3549,29.7542,0],[74.3456,29.7413,0],[74.3362,29.7403,0],[74.3371,29.748,0],[74.324,29.7456,0],[74.3233,29.7644,0],[74.3311,29.783,0],[74.3375,29.7905,0],[74.3487,29.7878,0],[74.3512,29.7953,0],[74.2882,29.8136,0],[74.2775,29.8047,0],[74.2646,29.8072,0],[74.2847,29.8178,0],[74.2847,29.824,0],[74.2656,29.8264,0],[74.265,29.8344,0],[74.2722,29.843,0],[74.2691,29.8556,0],[74.2434,29.8597,0],[74.2434,29.8649,0],[74.2611,29.8728,0],[74.3027,29.8784,0],[74.3164,29.8882,0],[74.3488,29.9332,0],[74.3509,29.9523,0],[74.4483,29.9472,0],[74.4962,29.9446,0]]]}]}},{"type":"Feature","properties":{"ac_name":"HANUMANGARH","ac_no":8,"ac_category":"GEN","st_name":"RAJASTHAN"},"geometry":{"type":"Polygon","coordinates":[[[74.2646,29.8072],[74.2031,29.7532],[74.1795,29.748],[74.159,29.7302],[74.1473,29.7165],[74.1354,29.6873],[74.0914,29.7034],[74.0501,29.7057],[74.0422,29.6994],[74.0606,29.6811],[74.0653,29.6595],[74.0633,29.6543],[74.0419,29.6558],[74.0503,29.6419],[74.0469,29.63],[74.0379,29.6236],[74.0413,29.6123],[74.0891,29.6062],[74.0899,29.6136],[74.1144,29.6175],[74.1231,29.6307],[74.1212,29.6348],[74.1467,29.6383],[74.1441,29.6194],[74.164,29.6212],[74.1694,29.633],[74.1806,29.6335],[74.187,29.6311],[74.1873,29.6216],[74.1947,29.6185],[74.1859,29.6147],[74.1704,29.566],[74.1725,29.5583],[74.1909,29.5607],[74.1512,29.521],[74.1378,29.5206],[74.14,29.5007],[74.1104,29.4812],[74.1088,29.4382],[74.1316,29.441],[74.1368,29.4251],[74.1283,29.4008],[74.1171,29.3983],[74.1172,29.3923],[74.1353,29.3945],[74.1634,29.4093],[74.1811,29.4107],[74.207,29.3726],[74.2266,29.3691],[74.2393,29.3395],[74.2781,29.3377],[74.2822,29.3214],[74.2773,29.3041],[74.2939,29.2957],[74.3114,29.3068],[74.3258,29.2938],[74.3299,29.2862],[74.3176,29.2763],[74.34,29.2774],[74.3355,29.2637],[74.3656,29.2702],[74.3816,29.2813],[74.3802,29.3037],[74.3842,29.3121],[74.4148,29.3085],[74.4171,29.3027],[74.4261,29.3001],[74.4246,29.2869],[74.4392,29.2898],[74.4406,29.2755],[74.4557,29.2644],[74.5006,29.2674],[74.5041,29.2906],[74.4997,29.2993],[74.5048,29.3148],[74.4707,29.316],[74.4625,29.31],[74.449,29.311],[74.4364,29.325],[74.4206,29.3275],[74.4272,29.3644],[74.4371,29.3711],[74.4452,29.3863],[74.4382,29.3943],[74.4442,29.3966],[74.4446,29.415],[74.4382,29.4196],[74.4256,29.4162],[74.4252,29.4588],[74.4304,29.4625],[74.418,29.4645],[74.4147,29.4708],[74.4081,29.4723],[74.4098,29.4995],[74.4111,29.5082],[74.4186,29.5125],[74.4259,29.5414],[74.4452,29.5481],[74.4108,29.5666],[74.4106,29.5965],[74.3991,29.6152],[74.3956,29.6361],[74.3829,29.6397],[74.382,29.6534],[74.3773,29.6562],[74.3828,29.6664],[74.3773,29.668],[74.3753,29.6845],[74.3697,29.6853],[74.3736,29.6943],[74.3714,29.7243],[74.3509,29.7247],[74.3529,29.7302],[74.3672,29.7294],[74.3657,29.751],[74.355,29.7622],[74.3549,29.7542],[74.3456,29.7413],[74.3362,29.7403],[74.3371,29.748],[74.324,29.7456],[74.3233,29.7644],[74.3311,29.783],[74.3375,29.7905],[74.3487,29.7878],[74.3512,29.7953],[74.2882,29.8136],[74.2775,29.8047],[74.2646,29.8072]]]}},{"type":"Feature","properties":{"ac_name":"RAISINGHNAGAR","ac_no":5,"ac_category":"SC","st_name":"RAJASTHAN"},"geometry":{"type":"Polygon","coordinates":[[[73.325,29.7074],[73.2822,29.572],[73.0904,29.246],[73.0985,29.2324],[73.1061,29.232],[73.107,29.2208],[73.135,29.2206],[73.1352,29.2144],[73.1405,29.2141],[73.1814,29.2149],[73.2147,29.2217],[73.2268,29.2256],[73.2388,29.2375],[73.26,29.238],[73.2608,29.2414],[73.2707,29.2412],[73.2823,29.231],[73.2869,29.2319],[73.2875,29.2387],[73.3099,29.2433],[73.3162,29.2431],[73.3168,29.2369],[73.3316,29.2362],[73.3352,29.2219],[73.3483,29.2186],[73.3623,29.1856],[73.3942,29.183],[73.4117,29.1581],[73.4187,29.1565],[73.4087,29.1364],[73.3928,29.1322],[73.3796,29.1386],[73.3741,29.1233],[73.3811,29.119],[73.3816,29.0909],[73.4121,29.0875],[73.4107,29.0627],[73.383,29.0649],[73.3748,29.0722],[73.3682,29.0652],[73.3199,29.0658],[73.3215,29.0544],[73.3325,29.0528],[73.3362,29.0398],[73.3574,29.0378],[73.3678,29.0323],[73.3657,29.004],[73.381,29.0089],[73.4462,28.9987],[73.4676,28.9999],[73.4901,29.0104],[73.5197,28.9933],[73.5312,28.9976],[73.5562,29.007],[73.5622,28.9984],[73.5794,29.0029],[73.6008,29.0242],[73.6176,29.0335],[73.5541,29.075],[73.5378,29.0924],[73.5236,29.0947],[73.521,29.1158],[73.5348,29.1173],[73.5524,29.1372],[73.5764,29.1519],[73.5994,29.1522],[73.5885,29.1741],[73.5891,29.1957],[73.6062,29.2111],[73.6245,29.2427],[73.6498,29.2549],[73.6452,29.2615],[73.6289,29.2594],[73.6256,29.2649],[73.6555,29.2868],[73.629,29.289],[73.6235,29.302],[73.6167,29.304],[73.6242,29.3078],[73.6148,29.3298],[73.6082,29.3334],[73.5761,29.3348],[73.5776,29.3227],[73.5529,29.3225],[73.541,29.3824],[73.5468,29.3944],[73.5714,29.3963],[73.5851,29.4033],[73.6431,29.4078],[73.6581,29.4047],[73.6789,29.4147],[73.6768,29.4307],[73.6984,29.4344],[73.6804,29.4966],[73.6737,29.5099],[73.6891,29.5189],[73.7028,29.519],[73.7091,29.5127],[73.7185,29.5294],[73.7064,29.5323],[73.7105,29.5578],[73.7018,29.5683],[73.6778,29.5728],[73.6568,29.5716],[73.6446,29.5783],[73.6225,29.5814],[73.6103,29.5883],[73.6017,29.6067],[73.5531,29.6061],[73.5504,29.6136],[73.5274,29.6148],[73.5236,29.6203],[73.5089,29.6213],[73.5011,29.6004],[73.492,29.5968],[73.4915,29.6122],[73.482,29.6242],[73.4857,29.6317],[73.4809,29.6332],[73.4865,29.6555],[73.4682,29.6505],[73.4666,29.6467],[73.4283,29.6464],[73.4286,29.6537],[73.4435,29.6698],[73.4389,29.6792],[73.4511,29.6784],[73.4517,29.6836],[73.4623,29.6838],[73.4664,29.6898],[73.492,29.7022],[73.4917,29.7269],[73.4841,29.7317],[73.4808,29.733],[73.4384,29.6979],[73.4013,29.6833],[73.3952,29.6841],[73.3955,29.6985],[73.3759,29.6987],[73.3887,29.7213],[73.399,29.726],[73.3964,29.7371],[73.3847,29.7364],[73.3776,29.7209],[73.3699,29.72],[73.3644,29.7249],[73.3482,29.7235],[73.3424,29.7121],[73.325,29.7074]]]}},{"type":"Feature","properties":{"ac_name":"PILIBANGA","ac_no":9,"ac_category":"SC","st_name":"RAJASTHAN"},"geometry":{"type":"Polygon","coordinates":[[[74.0419,29.6558],[74.0227,29.6561],[73.9421,29.6361],[73.9106,29.6194],[73.8666,29.6205],[73.8452,29.6057],[73.834,29.6052],[73.8268,29.5829],[73.8163,29.5753],[73.7771,29.5758],[73.7659,29.569],[73.762,29.5523],[73.7629,29.5254],[73.7694,29.5208],[73.7988,29.5197],[73.8302,29.5296],[73.8303,29.4934],[73.8769,29.4501],[73.8748,29.4128],[73.8487,29.3957],[73.8266,29.3893],[73.8186,29.3808],[73.8186,29.3618],[73.8357,29.3459],[73.8495,29.3172],[73.8679,29.3109],[73.9201,29.3121],[73.9841,29.3058],[74.0395,29.2883],[74.0553,29.2733],[74.0754,29.2658],[74.131,29.2767],[74.1675,29.2738],[74.2067,29.2927],[74.2329,29.2891],[74.2308,29.2697],[74.2211,29.2565],[74.193,29.2405],[74.1688,29.236],[74.1257,29.2435],[74.0976,29.2366],[74.1009,29.2308],[74.1145,29.228],[74.1321,29.2166],[74.1348,29.2045],[74.1276,29.1937],[74.1054,29.1898],[74.1014,29.1783],[74.119,29.1668],[74.1381,29.1634],[74.147,29.1554],[74.153,29.1352],[74.1517,29.1215],[74.145,29.114],[74.1163,29.1113],[74.15,29.0888],[74.1766,29.0602],[74.177,29.0377],[74.2092,29.0431],[74.2085,29.0556],[74.2149,29.0562],[74.2133,29.0692],[74.2179,29.0728],[74.2424,29.0782],[74.2479,29.0652],[74.2655,29.0653],[74.2703,29.0886],[74.2776,29.0892],[74.2713,29.1014],[74.2834,29.1144],[74.3168,29.1188],[74.3243,29.1312],[74.3327,29.1317],[74.3318,29.1195],[74.3492,29.1203],[74.3518,29.1291],[74.3697,29.1385],[74.3645,29.1413],[74.3713,29.1613],[74.3928,29.16],[74.3885,29.1273],[74.3938,29.1235],[74.3817,29.1194],[74.3793,29.1135],[74.3859,29.1072],[74.4109,29.1071],[74.4047,29.0885],[74.3925,29.0783],[74.3817,29.055],[74.4042,29.052],[74.4065,29.0587],[74.4162,29.058],[74.4215,29.0574],[74.4187,29.0527],[74.4318,29.0507],[74.4386,29.06],[74.4536,29.0584],[74.4506,29.0526],[74.4611,29.0498],[74.4894,29.0474],[74.5144,29.0811],[74.5251,29.0889],[74.5292,29.1046],[74.6,29.1417],[74.6246,29.1575],[74.6315,29.1698],[74.6251,29.1891],[74.6251,29.2216],[74.6061,29.2229],[74.6005,29.2406],[74.5858,29.2421],[74.536,29.228],[74.5292,29.2305],[74.5249,29.2408],[74.5137,29.2431],[74.5175,29.2654],[74.5429,29.264],[74.5489,29.2689],[74.546,29.2968],[74.5327,29.2957],[74.5259,29.2869],[74.5041,29.2906],[74.5006,29.2674],[74.4557,29.2644],[74.4406,29.2755],[74.4392,29.2898],[74.4246,29.2869],[74.4261,29.3001],[74.4171,29.3027],[74.4148,29.3085],[74.3842,29.3121],[74.3802,29.3037],[74.3816,29.2813],[74.3656,29.2702],[74.3355,29.2637],[74.34,29.2774],[74.3176,29.2763],[74.3299,29.2862],[74.3258,29.2938],[74.3114,29.3068],[74.2939,29.2957],[74.2773,29.3041],[74.2822,29.3214],[74.2781,29.3377],[74.2393,29.3395],[74.2266,29.3691],[74.207,29.3726],[74.1811,29.4107],[74.1634,29.4093],[74.1353,29.3945],[74.1172,29.3923],[74.1171,29.3983],[74.1283,29.4008],[74.1368,29.4251],[74.1316,29.441],[74.1088,29.4382],[74.1104,29.4812],[74.14,29.5007],[74.1378,29.5206],[74.1512,29.521],[74.1909,29.5607],[74.1725,29.5583],[74.1704,29.566],[74.1859,29.6147],[74.1947,29.6185],[74.1873,29.6216],[74.187,29.6311],[74.1806,29.6335],[74.1694,29.633],[74.164,29.6212],[74.1441,29.6194],[74.1467,29.6383],[74.1212,29.6348],[74.1231,29.6307],[74.1144,29.6175],[74.0899,29.6136],[74.0891,29.6062],[74.0413,29.6123],[74.0379,29.6236],[74.0469,29.63],[74.0503,29.6419],[74.0419,29.6558]]]}},{"type":"Feature","properties":{"ac_name":"SURATGARH","ac_no":4,"ac_category":"GEN","st_name":"RAJASTHAN"},"geometry":{"type":"Polygon","coordinates":[[[73.7694,29.5208],[73.768,29.511],[73.7733,29.5091],[73.7775,29.4958],[73.7628,29.4859],[73.7333,29.4843],[73.6804,29.4966],[73.6984,29.4344],[73.6768,29.4307],[73.6789,29.4147],[73.6581,29.4047],[73.6431,29.4078],[73.5851,29.4033],[73.5714,29.3963],[73.5468,29.3944],[73.541,29.3824],[73.5529,29.3225],[73.5776,29.3227],[73.5761,29.3348],[73.6082,29.3334],[73.6148,29.3298],[73.6242,29.3078],[73.6167,29.304],[73.6235,29.302],[73.629,29.289],[73.6555,29.2868],[73.6256,29.2649],[73.6289,29.2594],[73.6452,29.2615],[73.6498,29.2549],[73.6245,29.2427],[73.6062,29.2111],[73.5891,29.1957],[73.5885,29.1741],[73.5994,29.1522],[73.5764,29.1519],[73.5524,29.1372],[73.5348,29.1173],[73.521,29.1158],[73.5236,29.0947],[73.5378,29.0924],[73.5541,29.075],[73.6176,29.0335],[73.6282,29.0357],[73.6328,29.0264],[73.6654,29.0152],[73.682,29.0199],[73.6903,29.0344],[73.6997,29.0338],[73.7019,29.0234],[73.7124,29.0206],[73.7289,29.024],[73.7395,29.0028],[73.7707,29.0496],[73.7835,29.0485],[73.7835,29.0368],[73.8003,29.0363],[73.8013,29.0208],[73.7959,29.016],[73.7985,29.0039],[73.8087,28.9898],[73.8189,28.9901],[73.8244,28.9857],[73.8309,28.9648],[73.8427,28.9675],[73.8494,28.9572],[73.8524,28.9495],[73.8448,28.9449],[73.8461,28.9361],[73.8784,28.9391],[73.9075,28.9534],[73.9088,28.9592],[73.9679,28.9748],[73.9662,28.959],[73.9577,28.9438],[73.9716,28.9013],[73.9924,28.9105],[74.0152,28.9314],[74.0263,28.9334],[74.0237,28.9519],[74.0181,28.9593],[74.0195,28.9868],[74.0302,28.9992],[74.0278,29.004],[74.0266,29.008],[74.0401,29.0207],[74.0576,29.0322],[74.0746,29.0339],[74.0948,29.0488],[74.0975,29.1039],[74.1079,29.1113],[74.1163,29.1113],[74.145,29.114],[74.1517,29.1215],[74.153,29.1352],[74.147,29.1554],[74.1381,29.1634],[74.119,29.1668],[74.1014,29.1783],[74.1054,29.1898],[74.1276,29.1937],[74.1348,29.2045],[74.1321,29.2166],[74.1145,29.228],[74.1009,29.2308],[74.0976,29.2366],[74.1257,29.2435],[74.1688,29.236],[74.193,29.2405],[74.2211,29.2565],[74.2308,29.2697],[74.2329,29.2891],[74.2067,29.2927],[74.1675,29.2738],[74.131,29.2767],[74.0754,29.2658],[74.0553,29.2733],[74.0395,29.2883],[73.9841,29.3058],[73.9201,29.3121],[73.8679,29.3109],[73.8495,29.3172],[73.8357,29.3459],[73.8186,29.3618],[73.8186,29.3808],[73.8266,29.3893],[73.8487,29.3957],[73.8748,29.4128],[73.8769,29.4501],[73.8303,29.4934],[73.8302,29.5296],[73.7988,29.5197],[73.7694,29.5208]]]}},{"type":"Feature","properties":{"ac_name":"NOHAR","ac_no":10,"ac_category":"GEN","st_name":"RAJASTHAN"},"geometry":{"type":"Polygon","coordinates":[[[74.6033,29.3274],[74.5921,29.3015],[74.546,29.2968],[74.5489,29.2689],[74.5429,29.264],[74.5175,29.2654],[74.5137,29.2431],[74.5249,29.2408],[74.5292,29.2305],[74.536,29.228],[74.5858,29.2421],[74.6005,29.2406],[74.6061,29.2229],[74.6251,29.2216],[74.6251,29.1891],[74.6315,29.1698],[74.6246,29.1575],[74.6,29.1417],[74.5292,29.1046],[74.5251,29.0889],[74.5144,29.0811],[74.4894,29.0474],[74.4611,29.0498],[74.4506,29.0526],[74.4536,29.0584],[74.4386,29.06],[74.4318,29.0507],[74.4187,29.0527],[74.4215,29.0574],[74.4162,29.058],[74.4065,29.0587],[74.4042,29.052],[74.3817,29.055],[74.3925,29.0783],[74.4047,29.0885],[74.4109,29.1071],[74.3859,29.1072],[74.3793,29.1135],[74.3817,29.1194],[74.3938,29.1235],[74.3885,29.1273],[74.3928,29.16],[74.3713,29.1613],[74.3645,29.1413],[74.3697,29.1385],[74.3518,29.1291],[74.3492,29.1203],[74.3318,29.1195],[74.3327,29.1317],[74.3243,29.1312],[74.3168,29.1188],[74.2834,29.1144],[74.2713,29.1014],[74.2776,29.0892],[74.2703,29.0886],[74.2655,29.0653],[74.2479,29.0652],[74.2424,29.0782],[74.2179,29.0728],[74.2133,29.0692],[74.2149,29.0562],[74.2085,29.0556],[74.2092,29.0431],[74.177,29.0377],[74.1766,29.0602],[74.15,29.0888],[74.1163,29.1113],[74.1079,29.1113],[74.0975,29.1039],[74.0948,29.0488],[74.0746,29.0339],[74.0576,29.0322],[74.0401,29.0207],[74.0266,29.008],[74.0278,29.004],[74.0411,29.0099],[74.0408,28.9976],[74.0547,28.9982],[74.0673,28.9691],[74.0734,28.9672],[74.0758,28.9628],[74.0649,28.9429],[74.0672,28.9352],[74.075,28.9396],[74.0829,28.9314],[74.0962,28.9385],[74.1153,28.939],[74.1132,28.9267],[74.1085,28.9238],[74.1166,28.9116],[74.1127,28.8955],[74.1224,28.8973],[74.1237,28.8863],[74.1321,28.8755],[74.1228,28.8629],[74.1188,28.8461],[74.1266,28.8391],[74.1148,28.8326],[74.1064,28.8359],[74.0925,28.8263],[74.0826,28.8091],[74.0723,28.8022],[74.07,28.7907],[74.0591,28.7848],[74.0573,28.7766],[74.0891,28.7877],[74.0955,28.7828],[74.1134,28.7921],[74.136,28.7966],[74.1598,28.7764],[74.1661,28.7776],[74.1721,28.7859],[74.1709,28.7942],[74.1944,28.8084],[74.2112,28.8069],[74.226,28.8117],[74.2335,28.807],[74.2455,28.8118],[74.2518,28.7986],[74.2678,28.7952],[74.3351,28.8381],[74.3622,28.8526],[74.3807,28.8748],[74.4189,28.8844],[74.4379,28.8288],[74.456,28.8285],[74.4704,28.8168],[74.4778,28.815],[74.4836,28.8193],[74.5244,28.8258],[74.5396,28.8235],[74.5425,28.8167],[74.5825,28.8291],[74.5965,28.8116],[74.632,28.8124],[74.6355,28.8362],[74.6845,28.8376],[74.693,28.8331],[74.7005,28.8411],[74.7189,28.846],[74.7213,28.8503],[74.7497,28.8539],[74.7544,28.83],[74.7616,28.8246],[74.799,28.8304],[74.7978,28.8574],[74.7917,28.8583],[74.7873,28.8688],[74.7693,28.8742],[74.7671,28.8913],[74.7798,28.9007],[74.7848,28.9172],[74.8005,28.928],[74.8178,28.9336],[74.8425,28.9347],[74.8613,28.9438],[74.8633,28.9706],[74.8947,28.9991],[74.9056,29.0263],[74.9483,29.0502],[74.9882,29.065],[74.9694,29.0821],[74.9743,29.0917],[74.9848,29.0959],[74.9823,29.1003],[74.95,29.1051],[74.9345,29.1377],[74.9174,29.1586],[74.9036,29.1568],[74.8993,29.1645],[74.8732,29.1628],[74.8671,29.1814],[74.8576,29.186],[74.8841,29.1858],[74.8888,29.1987],[74.881,29.2011],[74.8701,29.2296],[74.9044,29.2309],[74.9101,29.2487],[74.8916,29.2514],[74.8968,29.2613],[74.912,29.2651],[74.9101,29.273],[74.9149,29.2747],[74.9606,29.281],[74.9484,29.3015],[74.961,29.3186],[74.958,29.3282],[74.9399,29.34],[74.9383,29.362],[74.9168,29.3713],[74.9011,29.3844],[74.8776,29.3835],[74.8714,29.3949],[74.8505,29.4036],[74.8203,29.3972],[74.7941,29.3691],[74.8041,29.3711],[74.7958,29.3529],[74.7767,29.3466],[74.7701,29.3384],[74.746,29.3343],[74.7419,29.3267],[74.7115,29.3108],[74.7031,29.31],[74.6997,29.3147],[74.6728,29.309],[74.6528,29.3115],[74.6461,29.3234],[74.6511,29.3328],[74.6033,29.3274]]]}},{"type":"Feature","properties":{"ac_name":"ANUPGARH","ac_no":6,"ac_category":"SC","st_name":"RAJASTHAN"},"geometry":{"type":"Polygon","coordinates":[[[73.3099,29.2433],[73.2875,29.2387],[73.2869,29.2319],[73.2823,29.231],[73.2707,29.2412],[73.2608,29.2414],[73.26,29.238],[73.2388,29.2375],[73.2268,29.2256],[73.2147,29.2217],[73.1814,29.2149],[73.1405,29.2141],[73.1352,29.2144],[73.135,29.2206],[73.107,29.2208],[73.1061,29.232],[73.0985,29.2324],[73.0904,29.246],[73.0046,29.1529],[72.9458,29.0279],[72.733,28.9477],[72.6624,28.9103],[72.6621,28.8938],[72.672,28.8938],[72.687,28.8353],[72.7083,28.8346],[72.7137,28.8172],[72.7346,28.8023],[72.7462,28.7826],[72.7636,28.8012],[72.7803,28.7905],[72.7887,28.7791],[72.8218,28.7771],[72.8965,28.7476],[72.9341,28.727],[72.9615,28.7398],[72.9868,28.7259],[72.9923,28.7161],[73.0065,28.7111],[73.023,28.7346],[73.0382,28.7472],[73.0799,28.7616],[73.106,28.7634],[73.1478,28.7842],[73.1557,28.7941],[73.1511,28.8043],[73.1551,28.8164],[73.1643,28.826],[73.1809,28.8338],[73.2,28.8515],[73.2152,28.8484],[73.2212,28.8514],[73.199,28.874],[73.2205,28.8782],[73.2209,28.8858],[73.2091,28.8944],[73.2088,28.9215],[73.2346,28.9169],[73.2352,28.9266],[73.2426,28.9267],[73.2425,28.9324],[73.2545,28.9404],[73.2668,28.9351],[73.2768,28.9387],[73.274,28.952],[73.2792,28.9661],[73.287,28.9712],[73.2873,28.9674],[73.3041,28.9687],[73.3145,28.9854],[73.3386,29.0036],[73.3657,29.004],[73.3678,29.0323],[73.3574,29.0378],[73.3362,29.0398],[73.3325,29.0528],[73.3215,29.0544],[73.3199,29.0658],[73.3682,29.0652],[73.3748,29.0722],[73.383,29.0649],[73.4107,29.0627],[73.4121,29.0875],[73.3816,29.0909],[73.3811,29.119],[73.3741,29.1233],[73.3796,29.1386],[73.3928,29.1322],[73.4087,29.1364],[73.4187,29.1565],[73.4117,29.1581],[73.3942,29.183],[73.3623,29.1856],[73.3483,29.2186],[73.3352,29.2219],[73.3316,29.2362],[73.3168,29.2369],[73.3162,29.2431],[73.3099,29.2433]]]}},{"type":"Feature","properties":{"ac_name":"BHADRA","ac_no":11,"ac_category":"GEN","st_name":"RAJASTHAN"},"geometry":{"type":"Polygon","coordinates":[[[75.2455,29.2506],[75.2378,29.2301],[75.2123,29.2331],[75.1963,29.2626],[75.1874,29.2685],[75.1719,29.2587],[75.1742,29.2506],[75.1553,29.241],[75.1245,29.24],[75.1201,29.2229],[75.112,29.2232],[75.0755,29.2295],[75.0738,29.2465],[75.0612,29.2635],[75.0603,29.275],[75.0495,29.2856],[75.0182,29.2854],[74.9991,29.2709],[74.9832,29.2806],[74.9606,29.281],[74.9149,29.2747],[74.9101,29.273],[74.912,29.2651],[74.8968,29.2613],[74.8916,29.2514],[74.9101,29.2487],[74.9044,29.2309],[74.8701,29.2296],[74.881,29.2011],[74.8888,29.1987],[74.8841,29.1858],[74.8576,29.186],[74.8671,29.1814],[74.8732,29.1628],[74.8993,29.1645],[74.9036,29.1568],[74.9174,29.1586],[74.9345,29.1377],[74.95,29.1051],[74.9823,29.1003],[74.9848,29.0959],[74.9743,29.0917],[74.9694,29.0821],[74.9882,29.065],[74.9483,29.0502],[74.9056,29.0263],[74.8947,28.9991],[74.8633,28.9706],[74.8613,28.9438],[74.9014,28.9388],[74.8984,28.9323],[74.9055,28.9313],[74.9052,28.9241],[74.9168,28.9113],[74.9163,28.8969],[74.9253,28.8933],[74.9429,28.8939],[74.9475,28.9067],[74.9964,28.9099],[75.0034,28.9305],[75.0357,28.9383],[75.0422,28.928],[75.0447,28.8955],[75.0279,28.8757],[75.0274,28.8525],[75.0329,28.8492],[75.0803,28.8627],[75.0983,28.8735],[75.1227,28.8765],[75.1333,28.8718],[75.1477,28.874],[75.1575,28.8639],[75.1565,28.8548],[75.1673,28.8518],[75.168,28.8443],[75.173,28.8451],[75.1752,28.853],[75.1909,28.8677],[75.1981,28.8679],[75.1986,28.8613],[75.2227,28.8583],[75.2205,28.8654],[75.2305,28.8657],[75.2369,28.8737],[75.2486,28.8888],[75.2403,28.9097],[75.2446,28.931],[75.2529,28.934],[75.251,28.9263],[75.2626,28.9257],[75.2771,28.9307],[75.2808,28.9291],[75.2785,28.9238],[75.2914,28.9216],[75.2926,28.9166],[75.2945,28.9261],[75.2959,28.922],[75.2993,28.9257],[75.3011,28.9495],[75.309,28.9528],[75.3067,28.9595],[75.2954,28.9626],[75.2922,28.9683],[75.2958,28.9825],[75.317,28.9854],[75.3346,28.9814],[75.3525,28.9704],[75.3533,28.9659],[75.3579,28.9666],[75.3576,28.947],[75.3359,28.9393],[75.3313,28.9214],[75.334,28.9144],[75.3428,28.9177],[75.347,28.9128],[75.3628,28.9123],[75.3755,28.9151],[75.381,28.9239],[75.3787,28.9379],[75.4001,28.9405],[75.403,28.9698],[75.4211,28.9814],[75.4229,28.9963],[75.4281,29],[75.4326,28.999],[75.4346,28.991],[75.4422,28.9915],[75.4521,28.9846],[75.4488,28.9711],[75.4541,28.9713],[75.4537,28.9554],[75.4767,28.932],[75.5057,28.9359],[75.5115,28.9421],[75.51,28.9539],[75.5211,28.9629],[75.5275,28.9755],[75.521,29.0046],[75.5071,29.0112],[75.4578,29.0155],[75.4449,29.0092],[75.4424,29.0237],[75.4517,29.0408],[75.4434,29.0484],[75.442,29.0577],[75.3914,29.063],[75.3922,29.0924],[75.3971,29.0975],[75.3922,29.104],[75.4056,29.1196],[75.4019,29.1277],[75.3851,29.1296],[75.3709,29.1416],[75.3787,29.1423],[75.3818,29.169],[75.4064,29.1696],[75.4136,29.1832],[75.4086,29.213],[75.3971,29.2174],[75.3985,29.2231],[75.4031,29.2219],[75.4085,29.2415],[75.4126,29.2421],[75.4103,29.2552],[75.4029,29.2601],[75.3882,29.2608],[75.3717,29.2527],[75.3618,29.2433],[75.3615,29.2289],[75.354,29.2225],[75.33,29.232],[75.328,29.2364],[75.3391,29.2546],[75.3406,29.2805],[75.3357,29.2863],[75.3224,29.2892],[75.3067,29.2744],[75.2857,29.2708],[75.283,29.2493],[75.2455,29.2506]]]}},{"type":"Feature","properties":{"ac_name":"LUNKARANSAR","ac_no":16,"ac_category":"GEN","st_name":"RAJASTHAN"},"geometry":{"type":"Polygon","coordinates":[[[73.5312,28.9976],[73.5132,28.9493],[73.5089,28.9137],[73.4556,28.8885],[73.4514,28.8818],[73.4485,28.8542],[73.4548,28.8503],[73.4536,28.8411],[73.3988,28.8318],[73.3899,28.7507],[73.3721,28.7462],[73.347,28.7212],[73.3538,28.6853],[73.321,28.6474],[73.2767,28.6545],[73.2989,28.6156],[73.3284,28.5391],[73.3694,28.5428],[73.4239,28.509],[73.3753,28.4511],[73.3256,28.4242],[73.3138,28.396],[73.3591,28.3612],[73.3682,28.3469],[73.3648,28.3334],[73.3694,28.3231],[73.3416,28.3023],[73.3556,28.2722],[73.3361,28.2567],[73.3379,28.2452],[73.3771,28.2221],[73.4022,28.2391],[73.4394,28.1874],[73.441,28.1785],[73.4531,28.1695],[73.4543,28.1578],[73.4473,28.1484],[73.4772,28.1358],[73.4536,28.1201],[73.4506,28.1099],[73.4553,28.0986],[73.4497,28.0754],[73.4307,28.068],[73.4197,28.0537],[73.4197,28.043],[73.3977,28.0254],[73.3867,28.0228],[73.3927,28.0111],[73.4032,28.0094],[73.4197,27.9933],[73.4362,27.9861],[73.4602,28.0091],[73.481,28.0034],[73.4881,27.9726],[73.4991,27.9727],[73.512,27.966],[73.499,27.96],[73.4926,27.9485],[73.5049,27.9389],[73.5248,27.941],[73.5445,27.8997],[73.4914,27.8668],[73.4976,27.8552],[73.5011,27.8276],[73.5076,27.824],[73.5194,27.8254],[73.5198,27.8125],[73.5272,27.8084],[73.5994,27.8297],[73.6081,27.8355],[73.6142,27.8562],[73.6475,27.8716],[73.6442,27.8765],[73.6542,27.8874],[73.6545,27.9034],[73.6819,27.9114],[73.6854,27.9185],[73.7149,27.9331],[73.7053,27.9617],[73.7084,27.9706],[73.6941,28.0548],[73.6999,28.0615],[73.678,28.0747],[73.6649,28.0705],[73.6384,28.1124],[73.6505,28.124],[73.6801,28.1311],[73.7082,28.1471],[73.7147,28.164],[73.7257,28.169],[73.7223,28.1779],[73.7264,28.1832],[73.7231,28.1952],[73.7267,28.2144],[73.7356,28.2232],[73.7351,28.2335],[73.7447,28.2418],[73.7395,28.2604],[73.7704,28.2899],[73.7801,28.2884],[73.8078,28.2968],[73.8227,28.3163],[73.8216,28.3276],[73.8306,28.33],[73.8389,28.3279],[73.8442,28.3148],[73.8529,28.3151],[73.8623,28.3046],[73.8748,28.3038],[73.9077,28.289],[73.9396,28.2978],[73.9938,28.3208],[74.0013,28.3164],[74.0308,28.3258],[74.0565,28.3267],[74.0617,28.3311],[74.0439,28.3467],[74.034,28.3729],[74.0279,28.3762],[74.0285,28.3985],[74.0294,28.4038],[74.048,28.4163],[74.0732,28.4188],[74.0792,28.4271],[74.076,28.4305],[74.0695,28.4278],[74.0578,28.4501],[74.0633,28.4596],[74.0588,28.4749],[74.0651,28.4996],[74.0549,28.5261],[74.0762,28.5436],[74.0755,28.5493],[74.0866,28.5578],[74.091,28.5695],[74.1093,28.5851],[74.1085,28.6015],[74.0974,28.6101],[74.0914,28.622],[74.0915,28.6416],[74.0842,28.6464],[74.0805,28.6698],[74.1775,28.7078],[74.1937,28.7096],[74.189,28.725],[74.1818,28.7232],[74.173,28.7375],[74.1398,28.7369],[74.1449,28.7544],[74.1619,28.7635],[74.1598,28.7764],[74.136,28.7966],[74.1134,28.7921],[74.0955,28.7828],[74.0891,28.7877],[74.0573,28.7766],[74.0591,28.7848],[74.07,28.7907],[74.0723,28.8022],[74.0826,28.8091],[74.0925,28.8263],[74.1064,28.8359],[74.1148,28.8326],[74.1266,28.8391],[74.1188,28.8461],[74.1228,28.8629],[74.1321,28.8755],[74.1237,28.8863],[74.1224,28.8973],[74.1127,28.8955],[74.1166,28.9116],[74.1085,28.9238],[74.1132,28.9267],[74.1153,28.939],[74.0962,28.9385],[74.0829,28.9314],[74.075,28.9396],[74.0672,28.9352],[74.0649,28.9429],[74.0758,28.9628],[74.0734,28.9672],[74.0673,28.9691],[74.0547,28.9982],[74.0408,28.9976],[74.0411,29.0099],[74.0278,29.004],[74.0302,28.9992],[74.0195,28.9868],[74.0181,28.9593],[74.0237,28.9519],[74.0263,28.9334],[74.0152,28.9314],[73.9924,28.9105],[73.9716,28.9013],[73.9577,28.9438],[73.9662,28.959],[73.9679,28.9748],[73.9088,28.9592],[73.9075,28.9534],[73.8784,28.9391],[73.8461,28.9361],[73.8448,28.9449],[73.8524,28.9495],[73.8494,28.9572],[73.8427,28.9675],[73.8309,28.9648],[73.8244,28.9857],[73.8189,28.9901],[73.8087,28.9898],[73.7985,29.0039],[73.7959,29.016],[73.8013,29.0208],[73.8003,29.0363],[73.7835,29.0368],[73.7835,29.0485],[73.7707,29.0496],[73.7395,29.0028],[73.7289,29.024],[73.7124,29.0206],[73.7019,29.0234],[73.6997,29.0338],[73.6903,29.0344],[73.682,29.0199],[73.6654,29.0152],[73.6328,29.0264],[73.6282,29.0357],[73.6176,29.0335],[73.6008,29.0242],[73.5794,29.0029],[73.5622,28.9984],[73.5562,29.007],[73.5312,28.9976]]]}},{"type":"Feature","properties":{"ac_name":"KHAJUWALA","ac_no":12,"ac_category":"SC","st_name":"RAJASTHAN"},"geometry":{"type":"Polygon","coordinates":[[[73.3657,29.004],[73.3386,29.0036],[73.3145,28.9854],[73.3041,28.9687],[73.2873,28.9674],[73.287,28.9712],[73.2792,28.9661],[73.274,28.952],[73.2768,28.9387],[73.2668,28.9351],[73.2545,28.9404],[73.2425,28.9324],[73.2426,28.9267],[73.2352,28.9266],[73.2346,28.9169],[73.2088,28.9215],[73.2091,28.8944],[73.2209,28.8858],[73.2205,28.8782],[73.199,28.874],[73.2212,28.8514],[73.2152,28.8484],[73.2,28.8515],[73.1809,28.8338],[73.1643,28.826],[73.1551,28.8164],[73.1511,28.8043],[73.1557,28.7941],[73.1478,28.7842],[73.106,28.7634],[73.0799,28.7616],[73.0382,28.7472],[73.023,28.7346],[73.0065,28.7111],[72.9923,28.7161],[72.9868,28.7259],[72.9615,28.7398],[72.9341,28.727],[72.8965,28.7476],[72.8218,28.7771],[72.7887,28.7791],[72.7803,28.7905],[72.7636,28.8012],[72.7462,28.7826],[72.7346,28.8023],[72.7137,28.8172],[72.7083,28.8346],[72.687,28.8353],[72.672,28.8938],[72.6621,28.8938],[72.6624,28.9103],[72.4793,28.8122],[72.4037,28.7832],[72.3545,28.7331],[72.2993,28.6695],[72.2033,28.3908],[72.2741,28.3821],[72.3684,28.3554],[72.4474,28.3494],[72.4984,28.3505],[72.5319,28.3378],[72.566,28.2969],[72.5863,28.2645],[72.5956,28.2599],[72.5959,28.2442],[72.6057,28.2205],[72.6336,28.1865],[72.6311,28.1676],[72.6415,28.1321],[72.6988,28.1503],[72.7727,28.1294],[72.8276,28.126],[72.8347,28.1298],[72.8439,28.1458],[72.8689,28.1534],[72.9137,28.1453],[72.9832,28.159],[72.9914,28.1375],[72.9942,28.0958],[72.9882,28.0821],[72.9798,28.0756],[72.9774,28.0608],[72.9578,28.0456],[72.9503,28.0331],[72.95,28.0227],[72.9547,28.0181],[72.9684,28.0188],[72.9803,28.0315],[72.995,28.03],[73.0269,28.0368],[73.044,28.029],[73.0592,28.0345],[73.0775,28.0536],[73.0847,28.0552],[73.1262,28.039],[73.123,28.0559],[73.2008,28.0519],[73.2094,28.047],[73.2102,28.0339],[73.2251,28.0314],[73.2292,28.0417],[73.2573,28.0658],[73.2735,28.0408],[73.2898,28.0431],[73.3134,28.0467],[73.3218,28.0566],[73.3276,28.0542],[73.329,28.0391],[73.3357,28.0319],[73.3635,28.0402],[73.3724,28.0182],[73.3759,28.0164],[73.3867,28.0228],[73.3977,28.0254],[73.4197,28.043],[73.4197,28.0537],[73.4307,28.068],[73.4497,28.0754],[73.4553,28.0986],[73.4506,28.1099],[73.4536,28.1201],[73.4772,28.1358],[73.4473,28.1484],[73.4543,28.1578],[73.4531,28.1695],[73.441,28.1785],[73.4394,28.1874],[73.4022,28.2391],[73.3771,28.2221],[73.3379,28.2452],[73.3361,28.2567],[73.3556,28.2722],[73.3416,28.3023],[73.3694,28.3231],[73.3648,28.3334],[73.3682,28.3469],[73.3591,28.3612],[73.3138,28.396],[73.3256,28.4242],[73.3753,28.4511],[73.4239,28.509],[73.3694,28.5428],[73.3284,28.5391],[73.2989,28.6156],[73.2767,28.6545],[73.321,28.6474],[73.3538,28.6853],[73.347,28.7212],[73.3721,28.7462],[73.3899,28.7507],[73.3988,28.8318],[73.4536,28.8411],[73.4548,28.8503],[73.4485,28.8542],[73.4514,28.8818],[73.4556,28.8885],[73.5089,28.9137],[73.5132,28.9493],[73.5312,28.9976],[73.5197,28.9933],[73.4901,29.0104],[73.4676,28.9999],[73.4462,28.9987],[73.381,29.0089],[73.3657,29.004]]]}},{"type":"Feature","properties":{"ac_name":"SADULPUR","ac_no":19,"ac_category":"GEN","st_name":"RAJASTHAN"},"geometry":{"type":"Polygon","coordinates":[[[75.3628,28.9123],[75.347,28.9128],[75.3428,28.9177],[75.334,28.9144],[75.3313,28.9214],[75.3359,28.9393],[75.3576,28.947],[75.3579,28.9666],[75.3533,28.9659],[75.3525,28.9704],[75.3346,28.9814],[75.317,28.9854],[75.2958,28.9825],[75.2922,28.9683],[75.2954,28.9626],[75.3067,28.9595],[75.309,28.9528],[75.3011,28.9495],[75.2993,28.9257],[75.2959,28.922],[75.2945,28.9261],[75.2926,28.9166],[75.2914,28.9216],[75.2785,28.9238],[75.2808,28.9291],[75.2771,28.9307],[75.2626,28.9257],[75.251,28.9263],[75.2529,28.934],[75.2446,28.931],[75.2403,28.9097],[75.2486,28.8888],[75.2369,28.8737],[75.2569,28.8564],[75.2593,28.8427],[75.2871,28.8338],[75.3147,28.8383],[75.331,28.8285],[75.3341,28.8154],[75.311,28.8056],[75.308,28.7952],[75.3079,28.7809],[75.3167,28.769],[75.3226,28.7683],[75.3278,28.7539],[75.3177,28.7374],[75.3251,28.7218],[75.3066,28.7021],[75.3029,28.687],[75.2734,28.6941],[75.2732,28.6583],[75.2896,28.6423],[75.2859,28.6137],[75.3142,28.6049],[75.3126,28.5889],[75.3458,28.5807],[75.3398,28.5603],[75.3122,28.5484],[75.3249,28.5161],[75.3183,28.5022],[75.3066,28.506],[75.3026,28.4995],[75.2852,28.5001],[75.2838,28.4899],[75.2497,28.4698],[75.2445,28.461],[75.2509,28.4641],[75.265,28.4499],[75.2777,28.4518],[75.2899,28.4253],[75.3003,28.428],[75.3039,28.4172],[75.3301,28.395],[75.3327,28.3666],[75.3402,28.3602],[75.3476,28.3623],[75.3527,28.3561],[75.3573,28.3572],[75.3585,28.3479],[75.3718,28.3456],[75.3776,28.3443],[75.3787,28.3386],[75.4078,28.3371],[75.4191,28.3444],[75.4154,28.3642],[75.4428,28.3678],[75.4488,28.3643],[75.4568,28.34],[75.4762,28.3436],[75.4919,28.3412],[75.4924,28.3376],[75.5089,28.3407],[75.5121,28.3695],[75.5285,28.3738],[75.5285,28.3852],[75.5392,28.3845],[75.5422,28.378],[75.5675,28.3804],[75.5683,28.4128],[75.5957,28.4059],[75.6111,28.4081],[75.6117,28.4174],[75.6009,28.4282],[75.5927,28.4302],[75.5856,28.4414],[75.5884,28.4473],[75.603,28.4492],[75.5999,28.4568],[75.6106,28.4862],[75.6081,28.5082],[75.6334,28.5122],[75.665,28.5103],[75.6708,28.5181],[75.6709,28.5314],[75.6658,28.536],[75.6335,28.5444],[75.6257,28.5658],[75.6222,28.6017],[75.5911,28.6056],[75.5863,28.6132],[75.5615,28.6132],[75.5608,28.6361],[75.5549,28.6435],[75.5498,28.6415],[75.5454,28.6593],[75.5414,28.6605],[75.5452,28.683],[75.5398,28.6943],[75.5369,28.7448],[75.5259,28.7539],[75.5169,28.7747],[75.5032,28.7825],[75.5061,28.7924],[75.5112,28.7936],[75.5089,28.8027],[75.5193,28.8127],[75.5202,28.834],[75.5155,28.8342],[75.5153,28.8398],[75.5078,28.8392],[75.5053,28.8513],[75.4984,28.8488],[75.4966,28.8961],[75.4739,28.9223],[75.4767,28.932],[75.4537,28.9554],[75.4541,28.9713],[75.4488,28.9711],[75.4521,28.9846],[75.4422,28.9915],[75.4346,28.991],[75.4326,28.999],[75.4281,29],[75.4229,28.9963],[75.4211,28.9814],[75.403,28.9698],[75.4001,28.9405],[75.3787,28.9379],[75.381,28.9239],[75.3755,28.9151],[75.3628,28.9123]]]}},{"type":"Feature","properties":{"ac_name":"TARANAGAR","ac_no":20,"ac_category":"GEN","st_name":"RAJASTHAN"},"geometry":{"type":"Polygon","coordinates":[[[74.8613,28.9438],[74.8425,28.9347],[74.8178,28.9336],[74.8005,28.928],[74.7848,28.9172],[74.7798,28.9007],[74.7671,28.8913],[74.7693,28.8742],[74.7873,28.8688],[74.7917,28.8583],[74.7978,28.8574],[74.799,28.8304],[74.7616,28.8246],[74.7544,28.83],[74.7497,28.8539],[74.7213,28.8503],[74.7189,28.846],[74.7005,28.8411],[74.693,28.8331],[74.6845,28.8376],[74.6355,28.8362],[74.632,28.8124],[74.5965,28.8116],[74.5825,28.8291],[74.5425,28.8167],[74.5396,28.8235],[74.5244,28.8258],[74.4836,28.8193],[74.4778,28.815],[74.4704,28.8168],[74.488,28.7526],[74.4696,28.706],[74.4843,28.7002],[74.5113,28.7155],[74.5251,28.6893],[74.5734,28.6853],[74.5753,28.6592],[74.5883,28.6347],[74.6418,28.6482],[74.6509,28.6376],[74.6594,28.6396],[74.6585,28.6438],[74.6806,28.6483],[74.7104,28.6489],[74.7195,28.6372],[74.7228,28.5951],[74.7397,28.5804],[74.7436,28.5507],[74.7667,28.4741],[74.7868,28.4846],[74.8346,28.496],[74.8244,28.521],[74.8081,28.5303],[74.8106,28.5333],[74.8402,28.5498],[74.8542,28.5424],[74.8807,28.5458],[74.9067,28.5755],[74.921,28.5837],[74.9332,28.5773],[74.9423,28.5566],[74.9515,28.5558],[74.9696,28.5629],[74.973,28.5583],[74.9634,28.533],[74.9501,28.5194],[74.9544,28.5091],[75.01,28.5303],[75.0246,28.5262],[75.0374,28.5133],[75.0736,28.5154],[75.1049,28.5227],[75.1308,28.4962],[75.1462,28.4898],[75.1538,28.4707],[75.1614,28.4657],[75.241,28.4595],[75.2445,28.461],[75.2497,28.4698],[75.2838,28.4899],[75.2852,28.5001],[75.3026,28.4995],[75.3066,28.506],[75.3183,28.5022],[75.3249,28.5161],[75.3122,28.5484],[75.3398,28.5603],[75.3458,28.5807],[75.3126,28.5889],[75.3142,28.6049],[75.2859,28.6137],[75.2896,28.6423],[75.2732,28.6583],[75.2734,28.6941],[75.3029,28.687],[75.3066,28.7021],[75.3251,28.7218],[75.3177,28.7374],[75.3278,28.7539],[75.3226,28.7683],[75.3167,28.769],[75.3079,28.7809],[75.308,28.7952],[75.311,28.8056],[75.3341,28.8154],[75.331,28.8285],[75.3147,28.8383],[75.2871,28.8338],[75.2593,28.8427],[75.2569,28.8564],[75.2369,28.8737],[75.2305,28.8657],[75.2205,28.8654],[75.2227,28.8583],[75.1986,28.8613],[75.1981,28.8679],[75.1909,28.8677],[75.1752,28.853],[75.173,28.8451],[75.168,28.8443],[75.1673,28.8518],[75.1565,28.8548],[75.1575,28.8639],[75.1477,28.874],[75.1333,28.8718],[75.1227,28.8765],[75.0983,28.8735],[75.0803,28.8627],[75.0329,28.8492],[75.0274,28.8525],[75.0279,28.8757],[75.0447,28.8955],[75.0422,28.928],[75.0357,28.9383],[75.0034,28.9305],[74.9964,28.9099],[74.9475,28.9067],[74.9429,28.8939],[74.9253,28.8933],[74.9163,28.8969],[74.9168,28.9113],[74.9052,28.9241],[74.9055,28.9313],[74.8984,28.9323],[74.9014,28.9388],[74.8613,28.9438]]]}},{"type":"Feature","properties":{"ac_name":"SARDARSHAHAR","ac_no":21,"ac_category":"GEN","st_name":"RAJASTHAN"},"geometry":{"type":"Polygon","coordinates":[[[74.3351,28.8381],[74.2678,28.7952],[74.2518,28.7986],[74.2455,28.8118],[74.2335,28.807],[74.226,28.8117],[74.2112,28.8069],[74.1944,28.8084],[74.1709,28.7942],[74.1721,28.7859],[74.1661,28.7776],[74.1598,28.7764],[74.1619,28.7635],[74.1449,28.7544],[74.1398,28.7369],[74.173,28.7375],[74.1818,28.7232],[74.189,28.725],[74.1937,28.7096],[74.1775,28.7078],[74.0805,28.6698],[74.0842,28.6464],[74.0915,28.6416],[74.0914,28.622],[74.0974,28.6101],[74.1085,28.6015],[74.1093,28.5851],[74.091,28.5695],[74.0866,28.5578],[74.0755,28.5493],[74.0762,28.5436],[74.0549,28.5261],[74.0651,28.4996],[74.0588,28.4749],[74.0633,28.4596],[74.0578,28.4501],[74.0695,28.4278],[74.076,28.4305],[74.0792,28.4271],[74.0732,28.4188],[74.048,28.4163],[74.0294,28.4038],[74.0285,28.3985],[74.0279,28.3762],[74.034,28.3729],[74.0439,28.3467],[74.0617,28.3311],[74.1187,28.3387],[74.1455,28.3321],[74.1579,28.3101],[74.1996,28.312],[74.2105,28.2835],[74.2086,28.2658],[74.2379,28.231],[74.2562,28.2302],[74.2724,28.2359],[74.3077,28.2315],[74.3339,28.2191],[74.3511,28.2043],[74.354,28.1798],[74.3473,28.1639],[74.3542,28.1531],[74.3721,28.1463],[74.4172,28.1046],[74.4295,28.11],[74.426,28.1452],[74.4404,28.146],[74.4659,28.1387],[74.4847,28.1435],[74.478,28.1189],[74.4848,28.1043],[74.5001,28.1034],[74.5098,28.0877],[74.5287,28.0898],[74.547,28.1036],[74.558,28.1028],[74.5624,28.1141],[74.5836,28.1329],[74.6056,28.1406],[74.6133,28.1654],[74.6534,28.1731],[74.6772,28.2115],[74.6706,28.2159],[74.6649,28.2369],[74.6929,28.2862],[74.6863,28.3045],[74.6895,28.3145],[74.721,28.3524],[74.7533,28.3662],[74.7734,28.4091],[74.7702,28.4172],[74.7544,28.4252],[74.7408,28.4252],[74.7197,28.4125],[74.7134,28.417],[74.7123,28.4359],[74.7374,28.4613],[74.7667,28.4741],[74.7436,28.5507],[74.7397,28.5804],[74.7228,28.5951],[74.7195,28.6372],[74.7104,28.6489],[74.6806,28.6483],[74.6585,28.6438],[74.6594,28.6396],[74.6509,28.6376],[74.6418,28.6482],[74.5883,28.6347],[74.5753,28.6592],[74.5734,28.6853],[74.5251,28.6893],[74.5113,28.7155],[74.4843,28.7002],[74.4696,28.706],[74.488,28.7526],[74.4704,28.8168],[74.456,28.8285],[74.4379,28.8288],[74.4189,28.8844],[74.3807,28.8748],[74.3622,28.8526],[74.3351,28.8381]]]}},{"type":"Feature","properties":{"ac_name":"CHURU","ac_no":22,"ac_category":"GEN","st_name":"RAJASTHAN"},"geometry":{"type":"Polygon","coordinates":[[[74.7667,28.4741],[74.7374,28.4613],[74.7123,28.4359],[74.7134,28.417],[74.7197,28.4125],[74.7408,28.4252],[74.7544,28.4252],[74.7702,28.4172],[74.7734,28.4091],[74.7533,28.3662],[74.721,28.3524],[74.6895,28.3145],[74.6863,28.3045],[74.6929,28.2862],[74.6649,28.2369],[74.6706,28.2159],[74.6772,28.2115],[74.6865,28.2111],[74.7114,28.23],[74.7339,28.2237],[74.7589,28.2227],[74.7748,28.2036],[74.8092,28.1827],[74.8087,28.1737],[74.795,28.1715],[74.7818,28.1588],[74.7804,28.1468],[74.7952,28.1448],[74.8324,28.1565],[74.8574,28.1404],[74.8712,28.1463],[74.8839,28.1689],[74.8886,28.1895],[74.9304,28.1961],[74.9398,28.1946],[74.9463,28.1854],[74.9662,28.1951],[75.0032,28.203],[75.0122,28.1934],[75.0251,28.1982],[75.0244,28.2051],[75.0346,28.2215],[75.0493,28.2281],[75.0413,28.2425],[75.0471,28.2488],[75.0456,28.2546],[75.0739,28.2677],[75.0787,28.2639],[75.098,28.2652],[75.1225,28.2882],[75.1453,28.2931],[75.143,28.3052],[75.1532,28.3132],[75.1478,28.3325],[75.1623,28.3383],[75.1638,28.3428],[75.1438,28.3851],[75.1294,28.3899],[75.1263,28.3952],[75.1282,28.406],[75.1502,28.4114],[75.1583,28.4084],[75.1638,28.3803],[75.178,28.3862],[75.1872,28.3818],[75.2252,28.3959],[75.2287,28.4042],[75.2212,28.4047],[75.2181,28.4289],[75.2345,28.4399],[75.232,28.4567],[75.241,28.4595],[75.1614,28.4657],[75.1538,28.4707],[75.1462,28.4898],[75.1308,28.4962],[75.1049,28.5227],[75.0736,28.5154],[75.0374,28.5133],[75.0246,28.5262],[75.01,28.5303],[74.9544,28.5091],[74.9501,28.5194],[74.9634,28.533],[74.973,28.5583],[74.9696,28.5629],[74.9515,28.5558],[74.9423,28.5566],[74.9332,28.5773],[74.921,28.5837],[74.9067,28.5755],[74.8807,28.5458],[74.8542,28.5424],[74.8402,28.5498],[74.8106,28.5333],[74.8081,28.5303],[74.8244,28.521],[74.8346,28.496],[74.7868,28.4846],[74.7667,28.4741]]]}},{"type":"Feature","properties":{"ac_name":"KOLAYAT","ac_no":15,"ac_category":"GEN","st_name":"RAJASTHAN"},"geometry":{"type":"Polygon","coordinates":[[[72.4474,28.3494],[72.3684,28.3554],[72.2741,28.3821],[72.2033,28.3908],[72.1322,28.3129],[72.0043,28.2185],[71.9282,28.1223],[71.8983,27.9615],[71.8918,27.9599],[71.883,27.9381],[71.8876,27.9285],[71.8826,27.8825],[71.8831,27.8763],[71.8919,27.8689],[71.8974,27.872],[71.8998,27.8825],[71.9133,27.8805],[71.9224,27.8671],[71.9331,27.8721],[71.9398,27.8886],[71.9314,27.8912],[71.9629,27.9317],[71.9858,27.9294],[71.9996,27.9485],[72.0244,27.9508],[72.0677,27.9293],[72.0886,27.9037],[72.1428,27.8749],[72.1496,27.8598],[72.138,27.8469],[72.1492,27.8147],[72.1501,27.7805],[72.1164,27.7511],[72.1017,27.7521],[72.0921,27.7404],[72.0973,27.7346],[72.0908,27.7218],[72.1049,27.7083],[72.114,27.7135],[72.1413,27.7136],[72.1865,27.6969],[72.2155,27.6782],[72.2208,27.6604],[72.2458,27.6752],[72.2718,27.7024],[72.2943,27.7096],[72.3378,27.6933],[72.3169,27.6334],[72.2979,27.6003],[72.2769,27.5685],[72.257,27.561],[72.2805,27.5531],[72.2909,27.5473],[72.2842,27.525],[72.2761,27.5171],[72.247,27.5122],[72.2462,27.4987],[72.2506,27.4929],[72.2421,27.4758],[72.2516,27.4628],[72.2643,27.4582],[72.2888,27.4773],[72.2979,27.5002],[72.3239,27.5168],[72.3594,27.4936],[72.3658,27.5305],[72.3814,27.5464],[72.3963,27.5535],[72.4034,27.5465],[72.4139,27.5564],[72.4381,27.5681],[72.4467,27.5887],[72.4632,27.5937],[72.4719,27.5893],[72.5004,27.5871],[72.5419,27.6163],[72.5542,27.6204],[72.5638,27.6089],[72.5867,27.6108],[72.5919,27.6033],[72.5988,27.6079],[72.6172,27.593],[72.6122,27.587],[72.6211,27.5725],[72.6386,27.5625],[72.6472,27.5432],[72.656,27.536],[72.6669,27.546],[72.6691,27.5734],[72.6904,27.6052],[72.7066,27.5877],[72.712,27.5894],[72.7266,27.5504],[72.7613,27.5249],[72.774,27.5399],[72.7668,27.5651],[72.7995,27.5711],[72.8268,27.5847],[72.8394,27.5716],[72.8434,27.5576],[72.8379,27.533],[72.8262,27.5212],[72.8187,27.5224],[72.8135,27.5176],[72.8205,27.5072],[72.8177,27.4778],[72.8247,27.4688],[72.8484,27.4737],[72.8565,27.4795],[72.8738,27.4762],[72.8756,27.4735],[72.8522,27.4454],[72.8719,27.4445],[72.8879,27.4508],[72.889,27.4253],[72.8952,27.4149],[72.9319,27.4485],[72.9409,27.4309],[72.942,27.4031],[72.951,27.4019],[72.9641,27.3884],[72.9711,27.3893],[72.9793,27.3818],[73.032,27.4209],[73.0801,27.4285],[73.0669,27.4582],[73.0235,27.5064],[73.0188,27.5241],[73.0255,27.551],[73.0205,27.5739],[73.0296,27.5855],[73.0477,27.636],[73.0662,27.6323],[73.0753,27.636],[73.1023,27.6631],[73.1104,27.6798],[73.1064,27.7077],[73.1162,27.7334],[73.1401,27.724],[73.146,27.7285],[73.1539,27.727],[73.1624,27.7387],[73.1894,27.7557],[73.2131,27.7499],[73.2248,27.732],[73.2313,27.7316],[73.2468,27.7382],[73.2638,27.7658],[73.2752,27.7702],[73.3005,27.7558],[73.331,27.7505],[73.3569,27.7732],[73.3748,27.7807],[73.3978,27.8105],[73.4166,27.7799],[73.4231,27.7812],[73.4261,27.7892],[73.4417,27.7934],[73.4931,27.8282],[73.5011,27.8276],[73.4976,27.8552],[73.4914,27.8668],[73.5445,27.8997],[73.5248,27.941],[73.5049,27.9389],[73.4926,27.9485],[73.4646,27.9412],[73.4373,27.9221],[73.383,27.9166],[73.3683,27.9196],[73.3058,27.8713],[73.2832,27.8775],[73.2503,27.9003],[73.2491,27.9193],[73.2269,27.9358],[73.2223,27.9631],[73.2014,27.9673],[73.1843,27.9806],[73.1723,27.9796],[73.1636,27.987],[73.1575,27.9832],[73.1466,27.9866],[73.1337,28.0219],[73.1458,28.0394],[73.1262,28.039],[73.0847,28.0552],[73.0775,28.0536],[73.0592,28.0345],[73.044,28.029],[73.0269,28.0368],[72.995,28.03],[72.9803,28.0315],[72.9684,28.0188],[72.9547,28.0181],[72.95,28.0227],[72.9503,28.0331],[72.9578,28.0456],[72.9774,28.0608],[72.9798,28.0756],[72.9882,28.0821],[72.9942,28.0958],[72.9914,28.1375],[72.9832,28.159],[72.9137,28.1453],[72.8689,28.1534],[72.8439,28.1458],[72.8347,28.1298],[72.8276,28.126],[72.7727,28.1294],[72.6988,28.1503],[72.6415,28.1321],[72.6311,28.1676],[72.6336,28.1865],[72.6057,28.2205],[72.5959,28.2442],[72.5956,28.2599],[72.5863,28.2645],[72.566,28.2969],[72.5319,28.3378],[72.4984,28.3505],[72.4474,28.3494]]]}},{"type":"Feature","properties":{"ac_name":"PILANI","ac_no":25,"ac_category":"SC","st_name":"RAJASTHAN"},"geometry":{"type":"Polygon","coordinates":[[[75.6708,28.5181],[75.665,28.5103],[75.6334,28.5122],[75.6081,28.5082],[75.6106,28.4862],[75.5999,28.4568],[75.603,28.4492],[75.5884,28.4473],[75.5856,28.4414],[75.5927,28.4302],[75.6009,28.4282],[75.6117,28.4174],[75.6111,28.4081],[75.5957,28.4059],[75.5683,28.4128],[75.5675,28.3804],[75.5422,28.378],[75.5392,28.3845],[75.5285,28.3852],[75.5285,28.3738],[75.5121,28.3695],[75.5089,28.3407],[75.4924,28.3376],[75.4919,28.3412],[75.4762,28.3436],[75.4568,28.34],[75.4488,28.3643],[75.4428,28.3678],[75.4154,28.3642],[75.4191,28.3444],[75.4078,28.3371],[75.3787,28.3386],[75.3776,28.3443],[75.3718,28.3456],[75.3708,28.3333],[75.3789,28.3102],[75.4034,28.3091],[75.4158,28.2797],[75.3901,28.2687],[75.3876,28.2514],[75.3926,28.2513],[75.4069,28.2571],[75.4173,28.2533],[75.4214,28.233],[75.4326,28.2266],[75.4432,28.228],[75.4608,28.2576],[75.4718,28.2589],[75.4712,28.2487],[75.4528,28.2294],[75.4583,28.219],[75.4571,28.1978],[75.5135,28.2063],[75.5165,28.2026],[75.501,28.1863],[75.505,28.1684],[75.5228,28.165],[75.5376,28.1769],[75.5853,28.1597],[75.5824,28.1575],[75.5919,28.157],[75.6011,28.1693],[75.6211,28.1673],[75.626,28.1898],[75.6501,28.1897],[75.6403,28.2113],[75.6554,28.204],[75.6833,28.2096],[75.6861,28.2192],[75.7088,28.215],[75.7123,28.2313],[75.727,28.2328],[75.7345,28.2535],[75.7261,28.2693],[75.7308,28.2764],[75.7066,28.282],[75.6981,28.2901],[75.7006,28.2948],[75.713,28.2967],[75.7022,28.3012],[75.7037,28.3089],[75.7114,28.3065],[75.7232,28.3129],[75.7508,28.3096],[75.7585,28.3149],[75.7474,28.325],[75.7517,28.3273],[75.7496,28.3517],[75.7652,28.3657],[75.7654,28.385],[75.7787,28.3851],[75.7885,28.4007],[75.7871,28.4036],[75.7768,28.3999],[75.7666,28.4127],[75.7701,28.423],[75.7765,28.4239],[75.7811,28.4329],[75.7887,28.4341],[75.7918,28.4451],[75.7881,28.4538],[75.7356,28.4688],[75.7395,28.4848],[75.7312,28.486],[75.729,28.4907],[75.702,28.4918],[75.6902,28.4998],[75.6842,28.511],[75.6708,28.5181]]]}},{"type":"Feature","properties":{"ac_name":"MANDAWA","ac_no":28,"ac_category":"GEN","st_name":"RAJASTHAN"},"geometry":{"type":"Polygon","coordinates":[[[75.241,28.4595],[75.232,28.4567],[75.2345,28.4399],[75.2181,28.4289],[75.2212,28.4047],[75.2287,28.4042],[75.2252,28.3959],[75.1872,28.3818],[75.178,28.3862],[75.1638,28.3803],[75.1583,28.4084],[75.1502,28.4114],[75.1282,28.406],[75.1263,28.3952],[75.1294,28.3899],[75.1438,28.3851],[75.1638,28.3428],[75.1623,28.3383],[75.1478,28.3325],[75.1532,28.3132],[75.143,28.3052],[75.1453,28.2931],[75.1225,28.2882],[75.098,28.2652],[75.0787,28.2639],[75.0739,28.2677],[75.0456,28.2546],[75.0471,28.2488],[75.0413,28.2425],[75.0493,28.2281],[75.0346,28.2215],[75.0244,28.2051],[75.0315,28.1974],[75.0384,28.1993],[75.0395,28.1951],[75.0474,28.1934],[75.079,28.1967],[75.0841,28.1875],[75.0519,28.1711],[75.053,28.1623],[75.0883,28.164],[75.0919,28.1582],[75.1071,28.1551],[75.1098,28.1473],[75.127,28.1395],[75.1279,28.1251],[75.1076,28.1162],[75.1129,28.1129],[75.1144,28.0919],[75.1004,28.082],[75.0977,28.0728],[75.1057,28.0535],[75.1164,28.0482],[75.1274,28.0282],[75.146,28.0296],[75.1601,27.9956],[75.1577,27.9895],[75.1652,27.9592],[75.193,27.9583],[75.2027,27.9664],[75.2048,27.978],[75.2207,27.9784],[75.2174,28.001],[75.2285,28.0046],[75.2507,28.0019],[75.2545,28.0106],[75.2724,28.0127],[75.2852,28.0238],[75.2845,28.049],[75.3188,28.0555],[75.3153,28.092],[75.3228,28.0947],[75.3225,28.099],[75.3184,28.1104],[75.3097,28.1146],[75.3164,28.128],[75.315,28.1509],[75.3313,28.1623],[75.3499,28.1611],[75.3505,28.1765],[75.3552,28.1787],[75.3667,28.1756],[75.4009,28.1841],[75.4006,28.2106],[75.376,28.2082],[75.3926,28.2513],[75.3876,28.2514],[75.3901,28.2687],[75.4158,28.2797],[75.4034,28.3091],[75.3789,28.3102],[75.3708,28.3333],[75.3718,28.3456],[75.3585,28.3479],[75.3573,28.3572],[75.3527,28.3561],[75.3476,28.3623],[75.3402,28.3602],[75.3327,28.3666],[75.3301,28.395],[75.3039,28.4172],[75.3003,28.428],[75.2899,28.4253],[75.2777,28.4518],[75.265,28.4499],[75.2509,28.4641],[75.2445,28.461],[75.241,28.4595]]]}},{"type":"Feature","properties":{"ac_name":"DUNGARGARH","ac_no":17,"ac_category":"GEN","st_name":"RAJASTHAN"},"geometry":{"type":"Polygon","coordinates":[[[74.0617,28.3311],[74.0565,28.3267],[74.0308,28.3258],[74.0013,28.3164],[73.9938,28.3208],[73.9396,28.2978],[73.9077,28.289],[73.8748,28.3038],[73.8623,28.3046],[73.8529,28.3151],[73.8442,28.3148],[73.8389,28.3279],[73.8306,28.33],[73.8216,28.3276],[73.8227,28.3163],[73.8078,28.2968],[73.7801,28.2884],[73.7704,28.2899],[73.7395,28.2604],[73.7447,28.2418],[73.7351,28.2335],[73.7356,28.2232],[73.7267,28.2144],[73.7231,28.1952],[73.7264,28.1832],[73.7223,28.1779],[73.7257,28.169],[73.7147,28.164],[73.7082,28.1471],[73.6801,28.1311],[73.6505,28.124],[73.6384,28.1124],[73.6649,28.0705],[73.678,28.0747],[73.6999,28.0615],[73.6941,28.0548],[73.7084,27.9706],[73.7053,27.9617],[73.7149,27.9331],[73.7233,27.9315],[73.7266,27.9473],[73.7545,27.9637],[73.7767,27.9656],[73.7752,27.9514],[73.7769,27.9488],[73.7889,27.9576],[73.7836,27.9438],[73.7966,27.9403],[73.7939,27.9332],[73.811,27.9281],[73.8301,27.9151],[73.8412,27.9143],[73.8352,27.9064],[73.836,27.8894],[73.8408,27.8861],[73.8379,27.8781],[73.8442,27.8768],[73.8465,27.8689],[73.853,27.87],[73.8589,27.8549],[73.8558,27.8418],[73.8495,27.8374],[73.867,27.8231],[73.8799,27.787],[73.8679,27.779],[73.8677,27.7739],[73.8679,27.7734],[73.9033,27.771],[73.9454,27.7904],[73.9781,27.7953],[73.9864,27.7928],[74.0075,27.7717],[73.9888,27.769],[73.9798,27.7587],[73.9833,27.7478],[74.0057,27.7518],[73.9967,27.7282],[74.0247,27.7168],[74.0484,27.7206],[74.0735,27.7375],[74.0878,27.7525],[74.0994,27.7747],[74.1143,27.7854],[74.192,27.8],[74.216,27.8119],[74.2233,27.8506],[74.2056,27.8906],[74.2069,27.8981],[74.2321,27.9205],[74.2315,27.9318],[74.2317,27.9693],[74.2429,28.0113],[74.2695,28.019],[74.2879,28.0407],[74.286,28.0787],[74.2971,28.1349],[74.3086,28.15],[74.3392,28.1542],[74.3473,28.1639],[74.354,28.1798],[74.3511,28.2043],[74.3339,28.2191],[74.3077,28.2315],[74.2724,28.2359],[74.2562,28.2302],[74.2379,28.231],[74.2086,28.2658],[74.2105,28.2835],[74.1996,28.312],[74.1579,28.3101],[74.1455,28.3321],[74.1187,28.3387],[74.0617,28.3311]]]}},{"type":"Feature","properties":{"ac_name":"SURAJGARH","ac_no":26,"ac_category":"GEN","st_name":"RAJASTHAN"},"geometry":{"type":"Polygon","coordinates":[[[75.7885,28.4007],[75.7787,28.3851],[75.7654,28.385],[75.7652,28.3657],[75.7496,28.3517],[75.7517,28.3273],[75.7474,28.325],[75.7585,28.3149],[75.7508,28.3096],[75.7232,28.3129],[75.7114,28.3065],[75.7037,28.3089],[75.7022,28.3012],[75.713,28.2967],[75.7006,28.2948],[75.6981,28.2901],[75.7066,28.282],[75.7308,28.2764],[75.7261,28.2693],[75.7345,28.2535],[75.727,28.2328],[75.7123,28.2313],[75.7088,28.215],[75.6861,28.2192],[75.6833,28.2096],[75.6554,28.204],[75.6403,28.2113],[75.6501,28.1897],[75.6568,28.1835],[75.6439,28.1597],[75.6499,28.146],[75.6456,28.1356],[75.6532,28.1216],[75.6522,28.1076],[75.648,28.0932],[75.6338,28.0814],[75.6359,28.0683],[75.7081,28.0892],[75.7238,28.0977],[75.7335,28.0945],[75.7353,28.0823],[75.7403,28.0813],[75.7381,28.0998],[75.723,28.0998],[75.7268,28.114],[75.7444,28.1153],[75.7526,28.1008],[75.7691,28.0749],[75.7918,28.0816],[75.7949,28.0736],[75.8251,28.093],[75.8451,28.0845],[75.873,28.0956],[75.9057,28.0881],[75.9432,28.1003],[75.9459,28.108],[75.9669,28.1136],[75.9765,28.1248],[75.9873,28.125],[75.999,28.1233],[76.0067,28.1525],[76.0166,28.1506],[76.032,28.1679],[76.0705,28.1647],[76.0652,28.1414],[76.0723,28.1375],[76.0922,28.1396],[76.095,28.1463],[76.0957,28.1511],[76.0765,28.1676],[76.0714,28.1935],[76.0478,28.198],[76.0558,28.2197],[76.0377,28.222],[76.0282,28.2323],[76.0156,28.2369],[76.0125,28.2452],[76.0266,28.2754],[75.9868,28.2932],[75.9722,28.3187],[75.9579,28.3135],[75.9571,28.3265],[75.9521,28.3308],[75.9558,28.3338],[75.9327,28.3367],[75.9321,28.3434],[75.928,28.3435],[75.9295,28.3589],[75.9167,28.3671],[75.9179,28.3716],[75.9,28.3717],[75.8955,28.3895],[75.8902,28.3828],[75.8639,28.3852],[75.8643,28.3886],[75.8398,28.3939],[75.8319,28.4054],[75.8207,28.4026],[75.819,28.4094],[75.8104,28.4057],[75.8048,28.4087],[75.7976,28.4002],[75.7885,28.4007]]]}},{"type":"Feature","properties":{"ac_name":"JAISALMER","ac_no":132,"ac_category":"GEN","st_name":"RAJASTHAN"},"geometry":{"type":"Polygon","coordinates":[[[70.8721,27.7054],[70.7595,27.721],[70.7397,27.7417],[70.7318,27.7621],[70.6847,27.8281],[70.6777,27.9217],[70.5986,27.9926],[70.5895,28.0103],[70.5543,28.0262],[70.5057,28.0369],[70.4394,28.0201],[70.3722,28.0117],[70.2962,27.9359],[70.227,27.9012],[70.1977,27.8671],[70.1325,27.8059],[70.0259,27.5627],[69.9337,27.4978],[69.8908,27.4331],[69.863,27.402],[69.7602,27.3208],[69.7023,27.284],[69.6448,27.225],[69.5867,27.1832],[69.5132,27.0097],[69.4979,26.8672],[69.4848,26.8051],[69.5103,26.7434],[69.7225,26.6532],[69.7916,26.5984],[69.8225,26.589],[69.8861,26.5786],[69.9346,26.5813],[70.0563,26.6004],[70.1174,26.5868],[70.1743,26.5512],[70.1847,26.4814],[70.177,26.4238],[70.1854,26.3741],[70.1635,26.2947],[70.1752,26.2513],[70.1683,26.218],[70.1412,26.1558],[70.1461,26.1517],[70.1775,26.154],[70.1994,26.1467],[70.2149,26.1336],[70.2203,26.1194],[70.2472,26.1552],[70.2695,26.1642],[70.271,26.1547],[70.2798,26.1516],[70.29,26.1558],[70.2997,26.1454],[70.3305,26.1508],[70.3502,26.1396],[70.3624,26.1427],[70.4084,26.1984],[70.425,26.1927],[70.4252,26.1874],[70.4316,26.1849],[70.4311,26.175],[70.4617,26.1797],[70.4995,26.1726],[70.5236,26.1789],[70.5577,26.1981],[70.5949,26.2021],[70.6307,26.1962],[70.6561,26.197],[70.6835,26.2121],[70.7049,26.2078],[70.7158,26.2108],[70.7187,26.1935],[70.7095,26.1665],[70.7419,26.1418],[70.7495,26.1465],[70.8679,26.1311],[70.9002,26.1017],[70.9177,26.0755],[70.9416,26.0517],[70.941,26.0292],[70.9585,26.0182],[70.9667,26.0364],[70.9605,26.054],[70.9404,26.0795],[70.9506,26.08],[70.9601,26.0946],[70.9996,26.113],[71.015,26.1163],[71.0243,26.1134],[71.0502,26.1388],[71.0447,26.1455],[71.0394,26.1721],[71.0119,26.1988],[71.0131,26.2121],[71.0078,26.2231],[70.9784,26.2176],[70.9405,26.2243],[70.9393,26.2292],[70.9476,26.2363],[70.9491,26.2444],[70.9976,26.26],[71.0017,26.2736],[71.0136,26.2797],[71.0574,26.2832],[71.0715,26.2935],[71.0607,26.3117],[71.0773,26.3224],[71.0881,26.314],[71.1249,26.3033],[71.1295,26.3083],[71.1307,26.3049],[71.1403,26.3078],[71.1902,26.3858],[71.1821,26.4074],[71.1986,26.4202],[71.2049,26.4325],[71.2132,26.4351],[71.2136,26.4401],[71.2373,26.4557],[71.2833,26.4665],[71.2962,26.4638],[71.3069,26.452],[71.3075,26.4354],[71.3178,26.4315],[71.3275,26.4206],[71.3527,26.4456],[71.4009,26.4703],[71.421,26.4919],[71.4364,26.4966],[71.4472,26.513],[71.4471,26.5257],[71.4568,26.5315],[71.4649,26.548],[71.4512,26.5499],[71.4339,26.5395],[71.4131,26.5841],[71.4001,26.5941],[71.4004,26.6016],[71.4063,26.6067],[71.4151,26.6005],[71.4236,26.601],[71.4429,26.6131],[71.4415,26.6211],[71.4219,26.6266],[71.4192,26.6325],[71.4349,26.6396],[71.4419,26.6381],[71.4488,26.6277],[71.4542,26.628],[71.4634,26.6625],[71.477,26.6654],[71.4804,26.6724],[71.4807,26.6893],[71.4739,26.6998],[71.4088,26.6969],[71.3903,26.699],[71.3865,26.7042],[71.3938,26.7094],[71.3911,26.716],[71.4002,26.7288],[71.4183,26.7219],[71.4446,26.7291],[71.4316,26.775],[71.413,26.8009],[71.4232,26.8322],[71.436,26.848],[71.4682,26.8712],[71.4631,26.8729],[71.4628,26.8783],[71.4734,26.8919],[71.4657,26.9036],[71.4454,26.9091],[71.4428,26.9252],[71.4317,26.9429],[71.4446,26.9451],[71.4996,26.9154],[71.5111,26.9039],[71.517,26.9077],[71.5206,26.9229],[71.539,26.9377],[71.5316,26.944],[71.5225,26.9651],[71.5147,26.9667],[71.5089,26.9622],[71.472,26.9958],[71.4691,27.0058],[71.4928,27.0325],[71.4922,27.0406],[71.4644,27.0654],[71.4848,27.0775],[71.4845,27.1074],[71.4802,27.1133],[71.4927,27.1351],[71.4903,27.1486],[71.5121,27.1703],[71.5333,27.1771],[71.5758,27.1791],[71.5878,27.1975],[71.6321,27.2369],[71.6463,27.2648],[71.6099,27.3099],[71.631,27.3355],[71.6318,27.347],[71.6006,27.3708],[71.587,27.374],[71.5749,27.3922],[71.5454,27.3892],[71.5062,27.3944],[71.47,27.3795],[71.4388,27.3724],[71.4153,27.4214],[71.3935,27.4413],[71.3912,27.4622],[71.4301,27.4893],[71.433,27.5023],[71.4267,27.5331],[71.4056,27.5462],[71.3838,27.5936],[71.3697,27.6084],[71.3975,27.6436],[71.4381,27.7276],[71.4352,27.7389],[71.3422,27.8445],[71.3326,27.8615],[71.2055,27.8352],[70.9997,27.7495],[70.9632,27.7291],[70.9514,27.7287],[70.9063,27.7093],[70.8721,27.7054]]]}},{"type":"Feature","properties":{"ac_name":"RATANGARH","ac_no":23,"ac_category":"GEN","st_name":"RAJASTHAN"},"geometry":{"type":"Polygon","coordinates":[[[74.7339,28.2237],[74.7114,28.23],[74.6865,28.2111],[74.6772,28.2115],[74.6534,28.1731],[74.6133,28.1654],[74.6056,28.1406],[74.5836,28.1329],[74.5624,28.1141],[74.558,28.1028],[74.547,28.1036],[74.5287,28.0898],[74.5098,28.0877],[74.5001,28.1034],[74.4848,28.1043],[74.478,28.1189],[74.4847,28.1435],[74.4659,28.1387],[74.4404,28.146],[74.426,28.1452],[74.4295,28.11],[74.4172,28.1046],[74.3721,28.1463],[74.3542,28.1531],[74.3473,28.1639],[74.3392,28.1542],[74.3086,28.15],[74.2971,28.1349],[74.286,28.0787],[74.2879,28.0407],[74.2695,28.019],[74.2429,28.0113],[74.2317,27.9693],[74.2315,27.9318],[74.2768,27.9339],[74.3069,27.9133],[74.3074,27.8969],[74.3335,27.895],[74.3386,27.8825],[74.3801,27.8727],[74.3958,27.851],[74.3832,27.8422],[74.3826,27.8307],[74.3964,27.8188],[74.3985,27.807],[74.4093,27.8016],[74.3973,27.7889],[74.3925,27.7666],[74.3991,27.7615],[74.426,27.7757],[74.4401,27.7528],[74.4601,27.7541],[74.4692,27.7445],[74.4803,27.7476],[74.4994,27.7278],[74.5058,27.7265],[74.5378,27.7438],[74.5482,27.7433],[74.6144,27.767],[74.6127,27.7822],[74.5855,27.794],[74.588,27.8051],[74.6237,27.8121],[74.6514,27.8287],[74.6703,27.8061],[74.7089,27.8093],[74.7332,27.7852],[74.7695,27.7694],[74.7857,27.7755],[74.7986,27.7924],[74.8174,27.8015],[74.8002,27.834],[74.7956,27.841],[74.779,27.8344],[74.7648,27.859],[74.7449,27.8615],[74.7377,27.8585],[74.7312,27.872],[74.7423,27.8768],[74.731,27.8762],[74.737,27.8914],[74.7762,27.9014],[74.7885,27.9006],[74.7928,27.8947],[74.828,27.9112],[74.8319,27.9246],[74.8222,27.9309],[74.8194,27.9419],[74.804,27.9401],[74.7935,27.952],[74.7839,27.9542],[74.7611,27.9891],[74.7922,28.0032],[74.7928,28.0249],[74.8032,28.0304],[74.8083,28.0578],[74.7879,28.0746],[74.7858,28.0819],[74.7949,28.1152],[74.8036,28.1183],[74.8268,28.1118],[74.8368,28.1227],[74.8583,28.1334],[74.8574,28.1404],[74.8324,28.1565],[74.7952,28.1448],[74.7804,28.1468],[74.7818,28.1588],[74.795,28.1715],[74.8087,28.1737],[74.8092,28.1827],[74.7748,28.2036],[74.7589,28.2227],[74.7339,28.2237]]]}},{"type":"Feature","properties":{"ac_name":"JHUNJHUNU","ac_no":27,"ac_category":"GEN","st_name":"RAJASTHAN"},"geometry":{"type":"Polygon","coordinates":[[[75.4173,28.2533],[75.4069,28.2571],[75.3926,28.2513],[75.376,28.2082],[75.4006,28.2106],[75.4009,28.1841],[75.3667,28.1756],[75.3552,28.1787],[75.3505,28.1765],[75.3499,28.1611],[75.3313,28.1623],[75.315,28.1509],[75.3164,28.128],[75.3097,28.1146],[75.3184,28.1104],[75.3225,28.099],[75.3228,28.0947],[75.3153,28.092],[75.3188,28.0555],[75.3269,28.0153],[75.3436,28.0053],[75.3572,28.0045],[75.3672,27.9987],[75.3794,28.0004],[75.3874,28.0079],[75.3957,27.998],[75.3912,27.9905],[75.393,27.9794],[75.3834,27.9713],[75.371,27.9688],[75.3608,27.9568],[75.3613,27.9451],[75.3762,27.9388],[75.3898,27.9492],[75.4246,27.9524],[75.4383,27.9552],[75.4415,27.9622],[75.4361,27.9792],[75.4246,27.9844],[75.4402,27.9901],[75.452,28.0069],[75.4638,28.005],[75.4642,28.0315],[75.4819,28.0409],[75.4888,28.0509],[75.5241,28.0525],[75.5301,28.0345],[75.576,28.0441],[75.5842,28.0174],[75.5934,28.0093],[75.6015,28.0127],[75.6147,28.0337],[75.6081,28.0745],[75.6125,28.0754],[75.6282,28.0566],[75.6359,28.0683],[75.6338,28.0814],[75.648,28.0932],[75.6522,28.1076],[75.6532,28.1216],[75.6456,28.1356],[75.6499,28.146],[75.6439,28.1597],[75.6568,28.1835],[75.6501,28.1897],[75.626,28.1898],[75.6211,28.1673],[75.6011,28.1693],[75.5919,28.157],[75.5824,28.1575],[75.5853,28.1597],[75.5376,28.1769],[75.5228,28.165],[75.505,28.1684],[75.501,28.1863],[75.5165,28.2026],[75.5135,28.2063],[75.4571,28.1978],[75.4583,28.219],[75.4528,28.2294],[75.4712,28.2487],[75.4718,28.2589],[75.4608,28.2576],[75.4432,28.228],[75.4326,28.2266],[75.4214,28.233],[75.4173,28.2533]]]}},{"type":"Feature","properties":{"ac_name":"FATEHPUR","ac_no":32,"ac_category":"GEN","st_name":"RAJASTHAN"},"geometry":{"type":"Polygon","coordinates":[[[74.9463,28.1854],[74.9398,28.1946],[74.9304,28.1961],[74.8886,28.1895],[74.8839,28.1689],[74.8712,28.1463],[74.8574,28.1404],[74.8583,28.1334],[74.8368,28.1227],[74.8268,28.1118],[74.8036,28.1183],[74.7949,28.1152],[74.7858,28.0819],[74.7879,28.0746],[74.8083,28.0578],[74.8032,28.0304],[74.7928,28.0249],[74.7922,28.0032],[74.7611,27.9891],[74.7839,27.9542],[74.7935,27.952],[74.804,27.9401],[74.8194,27.9419],[74.8222,27.9309],[74.8319,27.9246],[74.828,27.9112],[74.7928,27.8947],[74.7885,27.9006],[74.7762,27.9014],[74.737,27.8914],[74.731,27.8762],[74.7423,27.8768],[74.7312,27.872],[74.7377,27.8585],[74.7449,27.8615],[74.7648,27.859],[74.779,27.8344],[74.7956,27.841],[74.8002,27.834],[74.8141,27.8607],[74.8267,27.8681],[74.865,27.8693],[74.8854,27.8775],[74.8981,27.8777],[74.9301,27.8667],[74.9542,27.868],[74.9868,27.8838],[75.003,27.8945],[75.0159,27.9115],[75.0301,27.9177],[75.0356,27.9151],[75.048,27.9213],[75.0684,27.9158],[75.0857,27.9475],[75.105,27.9517],[75.1432,27.9407],[75.194,27.9559],[75.193,27.9583],[75.1652,27.9592],[75.1577,27.9895],[75.1601,27.9956],[75.146,28.0296],[75.1274,28.0282],[75.1164,28.0482],[75.1057,28.0535],[75.0977,28.0728],[75.1004,28.082],[75.1144,28.0919],[75.1129,28.1129],[75.1076,28.1162],[75.1279,28.1251],[75.127,28.1395],[75.1098,28.1473],[75.1071,28.1551],[75.0919,28.1582],[75.0883,28.164],[75.053,28.1623],[75.0519,28.1711],[75.0841,28.1875],[75.079,28.1967],[75.0474,28.1934],[75.0395,28.1951],[75.0384,28.1993],[75.0315,28.1974],[75.0244,28.2051],[75.0251,28.1982],[75.0122,28.1934],[75.0032,28.203],[74.9662,28.1951],[74.9463,28.1854]]]}},{"type":"Feature","properties":{"ac_name":"BIKANER WEST","ac_no":13,"ac_category":"GEN","st_name":"RAJASTHAN"},"geometry":{"type":"Polygon","coordinates":[[[73.2898,28.0431],[73.2735,28.0408],[73.2573,28.0658],[73.2292,28.0417],[73.2251,28.0314],[73.2102,28.0339],[73.2094,28.047],[73.2008,28.0519],[73.123,28.0559],[73.1262,28.039],[73.1458,28.0394],[73.1337,28.0219],[73.1466,27.9866],[73.1575,27.9832],[73.1636,27.987],[73.1723,27.9796],[73.1843,27.9806],[73.2014,27.9673],[73.2223,27.9631],[73.2269,27.9358],[73.2491,27.9193],[73.2598,27.9305],[73.2635,27.9472],[73.2814,27.9539],[73.2991,27.9956],[73.2944,28.0012],[73.2982,28.0198],[73.2918,28.0153],[73.2898,28.0431]]]}},{"type":"Feature","properties":{"ac_name":"TIJARA","ac_no":59,"ac_category":"GEN","st_name":"RAJASTHAN"},"geometry":{"type":"Polygon","coordinates":[[[76.8523,28.2208],[76.8386,28.2195],[76.8317,28.209],[76.8084,28.2106],[76.8054,28.1973],[76.8136,28.1918],[76.807,28.1863],[76.7966,28.191],[76.7928,28.1834],[76.7954,28.1769],[76.7961,28.1667],[76.8009,28.1633],[76.7954,28.1486],[76.785,28.1507],[76.7772,28.1439],[76.7649,28.1439],[76.7431,28.1214],[76.7395,28.1223],[76.7453,28.1097],[76.7821,28.1058],[76.7923,28.0986],[76.7964,28.0873],[76.8243,28.073],[76.8188,28.0401],[76.8274,28.0341],[76.7905,28.0326],[76.7866,28.0131],[76.7893,28.0015],[76.7749,28.0036],[76.7551,27.9763],[76.7552,27.9666],[76.7467,27.9616],[76.7474,27.9525],[76.7621,27.9461],[76.7605,27.9331],[76.7572,27.9288],[76.7405,27.9272],[76.7404,27.9159],[76.7345,27.9073],[76.7225,27.9157],[76.7135,27.9126],[76.7207,27.895],[76.7121,27.8852],[76.7131,27.8778],[76.742,27.8704],[76.764,27.8903],[76.7846,27.8786],[76.7979,27.8817],[76.8155,27.8766],[76.8167,27.8565],[76.8078,27.8547],[76.8046,27.844],[76.8133,27.8403],[76.8136,27.8355],[76.7948,27.831],[76.7887,27.8173],[76.7914,27.8137],[76.8128,27.8018],[76.8107,27.8275],[76.8293,27.8284],[76.835,27.813],[76.8247,27.8018],[76.8296,27.7963],[76.8373,27.7941],[76.8612,27.8023],[76.9117,27.7956],[76.9178,27.8059],[76.9102,27.8157],[76.9138,27.8334],[76.9343,27.8283],[76.9414,27.8417],[76.9368,27.8954],[76.9499,27.8955],[76.9517,27.9177],[76.9317,27.9202],[76.9301,27.9572],[76.9362,27.9766],[76.9386,27.9832],[76.934,27.9818],[76.9308,27.9942],[76.9398,28.0422],[76.9536,28.0633],[76.9684,28.1387],[76.9479,28.1419],[76.9507,28.1496],[76.9315,28.153],[76.9194,28.1671],[76.906,28.1719],[76.902,28.1813],[76.8918,28.1843],[76.8917,28.1922],[76.9066,28.2],[76.8721,28.2057],[76.8741,28.218],[76.853,28.2206],[76.8523,28.2208]]]}},{"type":"Feature","properties":{"ac_name":"BIKANER EAST","ac_no":14,"ac_category":"GEN","st_name":"RAJASTHAN"},"geometry":{"type":"Polygon","coordinates":[[[73.3357,28.0319],[73.329,28.0391],[73.3276,28.0542],[73.3218,28.0566],[73.3134,28.0467],[73.2898,28.0431],[73.2918,28.0153],[73.2982,28.0198],[73.2944,28.0012],[73.2991,27.9956],[73.2814,27.9539],[73.2635,27.9472],[73.2598,27.9305],[73.2491,27.9193],[73.2503,27.9003],[73.2832,27.8775],[73.3058,27.8713],[73.3683,27.9196],[73.383,27.9166],[73.4373,27.9221],[73.4646,27.9412],[73.4926,27.9485],[73.499,27.96],[73.512,27.966],[73.4991,27.9727],[73.4881,27.9726],[73.481,28.0034],[73.4602,28.0091],[73.4362,27.9861],[73.4197,27.9933],[73.4032,28.0094],[73.3927,28.0111],[73.3867,28.0228],[73.3759,28.0164],[73.3724,28.0182],[73.3635,28.0402],[73.3357,28.0319]]]}},{"type":"Feature","properties":{"ac_name":"BEHROR","ac_no":62,"ac_category":"GEN","st_name":"RAJASTHAN"},"geometry":{"type":"Polygon","coordinates":[[[76.3111,28.1786],[76.3058,28.1758],[76.2934,28.1795],[76.2905,28.1707],[76.2839,28.1716],[76.2821,28.1657],[76.3058,28.1592],[76.2984,28.1491],[76.3104,28.1457],[76.3151,28.1505],[76.3228,28.1478],[76.3314,28.1424],[76.3338,28.1336],[76.361,28.1239],[76.3384,28.1025],[76.3113,28.1081],[76.3023,28.0978],[76.3208,28.0879],[76.3244,28.0906],[76.3326,28.0841],[76.3335,28.0761],[76.3448,28.0695],[76.3576,28.0705],[76.3433,28.0294],[76.331,28.0192],[76.3237,28.0217],[76.3203,28.0159],[76.293,28.0254],[76.2934,28.0487],[76.2586,28.0673],[76.2454,28.0652],[76.2384,28.0508],[76.2196,28.0497],[76.2018,28.0587],[76.1897,28.0548],[76.1807,28.0546],[76.1804,28.0441],[76.1976,28.0302],[76.202,28.0295],[76.2034,28.0382],[76.2171,28.0362],[76.2155,28.027],[76.2044,28.0282],[76.1969,28.0155],[76.1782,28.021],[76.1602,27.9946],[76.1581,27.9876],[76.1678,27.9806],[76.1645,27.9733],[76.1869,27.9649],[76.1692,27.9034],[76.2026,27.8925],[76.2014,27.8782],[76.1956,27.8773],[76.1945,27.8594],[76.2129,27.8462],[76.21,27.8396],[76.2255,27.8331],[76.2387,27.8474],[76.2511,27.8429],[76.2629,27.8322],[76.2561,27.8209],[76.2856,27.8018],[76.3176,27.8077],[76.3304,27.8424],[76.3311,27.8476],[76.3447,27.8531],[76.3332,27.8538],[76.3358,27.8586],[76.3704,27.8607],[76.3878,27.8525],[76.4034,27.8695],[76.3965,27.8887],[76.3861,27.8999],[76.3972,27.927],[76.3757,27.9269],[76.3503,27.9335],[76.3531,27.9538],[76.3429,27.957],[76.3375,27.9663],[76.3249,27.9727],[76.3235,27.9867],[76.3327,27.9925],[76.3392,27.9911],[76.3422,27.9987],[76.3389,28.0052],[76.3728,28.01],[76.3647,28.0338],[76.377,28.0352],[76.3878,28.0649],[76.3865,28.0739],[76.4185,28.0726],[76.4393,28.0866],[76.4419,28.0938],[76.4527,28.0932],[76.4573,28.1054],[76.4639,28.1084],[76.4761,28.1086],[76.4786,28.1009],[76.5,28.1006],[76.5017,28.1188],[76.4877,28.1192],[76.4919,28.1296],[76.4816,28.1284],[76.4726,28.1344],[76.4741,28.1498],[76.4663,28.1512],[76.4589,28.1461],[76.438,28.1484],[76.4329,28.1407],[76.4012,28.1448],[76.3958,28.1365],[76.3847,28.1364],[76.3828,28.1329],[76.3677,28.1358],[76.3568,28.1436],[76.3579,28.1611],[76.3456,28.1695],[76.3328,28.1695],[76.3111,28.1786]]]}},{"type":"Feature","properties":{"ac_name":"POKARAN","ac_no":133,"ac_category":"GEN","st_name":"RAJASTHAN"},"geometry":{"type":"Polygon","coordinates":[[[71.3326,27.8615],[71.3422,27.8445],[71.4352,27.7389],[71.4381,27.7276],[71.3975,27.6436],[71.3697,27.6084],[71.3838,27.5936],[71.4056,27.5462],[71.4267,27.5331],[71.433,27.5023],[71.4301,27.4893],[71.3912,27.4622],[71.3935,27.4413],[71.4153,27.4214],[71.4388,27.3724],[71.47,27.3795],[71.5062,27.3944],[71.5454,27.3892],[71.5749,27.3922],[71.587,27.374],[71.6006,27.3708],[71.6318,27.347],[71.631,27.3355],[71.6099,27.3099],[71.6463,27.2648],[71.6321,27.2369],[71.5878,27.1975],[71.5758,27.1791],[71.5333,27.1771],[71.5121,27.1703],[71.4903,27.1486],[71.4927,27.1351],[71.4802,27.1133],[71.4845,27.1074],[71.4848,27.0775],[71.4644,27.0654],[71.4922,27.0406],[71.4928,27.0325],[71.4691,27.0058],[71.472,26.9958],[71.5089,26.9622],[71.5147,26.9667],[71.5225,26.9651],[71.5316,26.944],[71.539,26.9377],[71.5206,26.9229],[71.517,26.9077],[71.5111,26.9039],[71.4996,26.9154],[71.4446,26.9451],[71.4317,26.9429],[71.4428,26.9252],[71.4454,26.9091],[71.4657,26.9036],[71.4734,26.8919],[71.4628,26.8783],[71.4631,26.8729],[71.4682,26.8712],[71.436,26.848],[71.4232,26.8322],[71.413,26.8009],[71.4316,26.775],[71.4446,26.7291],[71.4183,26.7219],[71.4002,26.7288],[71.3911,26.716],[71.3938,26.7094],[71.3865,26.7042],[71.3903,26.699],[71.4088,26.6969],[71.4739,26.6998],[71.4807,26.6893],[71.4804,26.6724],[71.477,26.6654],[71.4634,26.6625],[71.4542,26.628],[71.4488,26.6277],[71.4419,26.6381],[71.4349,26.6396],[71.4192,26.6325],[71.4219,26.6266],[71.4415,26.6211],[71.4429,26.6131],[71.4236,26.601],[71.4151,26.6005],[71.4063,26.6067],[71.4004,26.6016],[71.4001,26.5941],[71.4131,26.5841],[71.4339,26.5395],[71.4512,26.5499],[71.4649,26.548],[71.4568,26.5315],[71.4471,26.5257],[71.4472,26.513],[71.46,26.504],[71.4682,26.4734],[71.4883,26.4574],[71.5116,26.4705],[71.5203,26.4866],[71.5429,26.4894],[71.5741,26.5056],[71.5914,26.5007],[71.6039,26.4852],[71.6092,26.487],[71.6131,26.481],[71.6211,26.4609],[71.6228,26.4363],[71.6318,26.4295],[71.6232,26.4165],[71.6343,26.4046],[71.6449,26.4038],[71.6587,26.3906],[71.6755,26.3828],[71.6833,26.3814],[71.686,26.3864],[71.7024,26.3916],[71.7168,26.3863],[71.741,26.3728],[71.7595,26.3479],[71.7874,26.346],[71.8025,26.333],[71.8133,26.3333],[71.8175,26.3582],[71.8374,26.374],[71.8592,26.3613],[71.883,26.3391],[71.893,26.2979],[71.9071,26.3],[71.9167,26.2966],[71.9407,26.3151],[71.9496,26.3133],[71.9623,26.3199],[71.982,26.3183],[72.0089,26.3421],[72.0283,26.3506],[72.0464,26.3503],[72.0582,26.3558],[72.0715,26.3504],[72.0761,26.3649],[72.0724,26.3994],[72.0793,26.4289],[72.0773,26.4525],[72.0281,26.5],[72.0616,26.55],[72.0736,26.5578],[72.0768,26.5709],[72.0975,26.6023],[72.0849,26.6234],[72.0592,26.6415],[72.0658,26.6462],[72.0531,26.6639],[72.0386,26.6746],[72.0386,26.6817],[72.0697,26.7198],[72.0752,26.7151],[72.0862,26.7191],[72.0834,26.7369],[72.058,26.7625],[72.0598,26.7829],[72.0447,26.7907],[72.0549,26.8038],[72.0842,26.8083],[72.0982,26.8301],[72.0879,26.8483],[72.0941,26.8576],[72.1018,26.8604],[72.0964,26.8808],[72.1024,26.8875],[72.0993,26.8906],[72.0786,26.9154],[72.0377,26.9359],[72.0497,26.968],[72.0387,27.0139],[72.0425,27.018],[72.0331,27.0236],[72.0391,27.0311],[72.049,27.0311],[72.0513,27.0395],[72.0296,27.0465],[72.0303,27.0548],[72.0267,27.0558],[72.0323,27.0625],[72.0429,27.1047],[72.0327,27.1165],[71.9945,27.1341],[71.9624,27.1414],[71.9545,27.1578],[71.9568,27.1785],[71.9513,27.1858],[71.9277,27.1765],[71.9135,27.1799],[71.913,27.2112],[71.9016,27.2278],[71.9045,27.2544],[71.8855,27.2825],[71.8853,27.2916],[71.8831,27.2888],[71.8615,27.2932],[71.8458,27.3089],[71.8412,27.3046],[71.8353,27.309],[71.8416,27.3156],[71.8247,27.3224],[71.8161,27.3427],[71.8203,27.4012],[71.8072,27.4477],[71.8331,27.4821],[71.844,27.4801],[71.8761,27.4874],[71.8925,27.4767],[71.8898,27.4973],[71.8964,27.506],[71.8966,27.5278],[71.9242,27.5629],[71.9466,27.5594],[71.9586,27.5516],[71.9675,27.5532],[71.9994,27.5712],[72.0465,27.6179],[72.0825,27.5958],[72.0949,27.5915],[72.11,27.5935],[72.116,27.5884],[72.115,27.5833],[72.1221,27.585],[72.128,27.5811],[72.1217,27.5717],[72.1046,27.5607],[72.1145,27.5475],[72.1272,27.546],[72.1441,27.5355],[72.1378,27.5224],[72.1464,27.5157],[72.1531,27.4988],[72.156,27.5008],[72.1602,27.4959],[72.1548,27.4889],[72.1572,27.4766],[72.1753,27.4622],[72.2096,27.4802],[72.2105,27.4926],[72.225,27.4934],[72.2389,27.4811],[72.2438,27.4844],[72.244,27.5241],[72.2485,27.5364],[72.2629,27.5477],[72.2805,27.5531],[72.257,27.561],[72.2769,27.5685],[72.2979,27.6003],[72.3169,27.6334],[72.3378,27.6933],[72.2943,27.7096],[72.2718,27.7024],[72.2458,27.6752],[72.2208,27.6604],[72.2155,27.6782],[72.1865,27.6969],[72.1413,27.7136],[72.114,27.7135],[72.1049,27.7083],[72.0908,27.7218],[72.0973,27.7346],[72.0921,27.7404],[72.1017,27.7521],[72.1164,27.7511],[72.1501,27.7805],[72.1492,27.8147],[72.138,27.8469],[72.1496,27.8598],[72.1428,27.8749],[72.0886,27.9037],[72.0677,27.9293],[72.0244,27.9508],[71.9996,27.9485],[71.9858,27.9294],[71.9629,27.9317],[71.9314,27.8912],[71.9398,27.8886],[71.9331,27.8721],[71.9224,27.8671],[71.9133,27.8805],[71.8998,27.8825],[71.8974,27.872],[71.8919,27.8689],[71.8831,27.8763],[71.8826,27.8825],[71.8876,27.9285],[71.883,27.9381],[71.8918,27.9599],[71.6668,27.878],[71.3831,27.8725],[71.3326,27.8615]]]}},{"type":"Feature","properties":{"ac_name":"KHETRI","ac_no":31,"ac_category":"GEN","st_name":"RAJASTHAN"},"geometry":{"type":"Polygon","coordinates":[[[75.7526,28.1008],[75.7444,28.1153],[75.7268,28.114],[75.723,28.0998],[75.7381,28.0998],[75.7403,28.0813],[75.7353,28.0823],[75.7335,28.0945],[75.7238,28.0977],[75.7081,28.0892],[75.6359,28.0683],[75.6282,28.0566],[75.6125,28.0754],[75.6081,28.0745],[75.6147,28.0337],[75.6015,28.0127],[75.5934,28.0093],[75.5974,28.0017],[75.5934,27.9851],[75.6048,27.964],[75.6296,27.9562],[75.6387,27.931],[75.6829,27.9116],[75.6746,27.8788],[75.6625,27.8617],[75.6601,27.8434],[75.6524,27.8389],[75.6445,27.818],[75.657,27.8141],[75.6687,27.8033],[75.6924,27.8041],[75.7014,27.7966],[75.7107,27.7985],[75.7347,27.7915],[75.7691,27.8316],[75.7928,27.8429],[75.8044,27.8562],[75.8699,27.8881],[75.8967,27.9163],[75.9075,27.9121],[75.9314,27.9304],[75.9481,27.9466],[75.9556,27.9387],[75.973,27.9319],[75.9824,27.9508],[75.9774,27.9541],[75.9815,27.9648],[75.9993,27.9775],[75.9894,27.9821],[75.9854,27.9785],[75.9662,27.9821],[75.9661,27.999],[75.9901,27.995],[75.9954,28.006],[75.9712,28.0161],[75.9733,28.0318],[75.9889,28.033],[75.9955,28.0387],[75.9973,28.0328],[76.0162,28.0301],[76.0172,28.0508],[76.0095,28.0589],[76.0254,28.0546],[76.0413,28.0733],[76.0236,28.0859],[76.007,28.0588],[75.9967,28.0538],[75.9928,28.0464],[75.9852,28.0464],[75.9739,28.0506],[75.9879,28.0659],[75.9831,28.0812],[75.9635,28.0806],[75.9384,28.088],[75.9432,28.1003],[75.9057,28.0881],[75.873,28.0956],[75.8451,28.0845],[75.8251,28.093],[75.7949,28.0736],[75.7918,28.0816],[75.7691,28.0749],[75.7526,28.1008]]]}},{"type":"Feature","properties":{"ac_name":"KISHANGARH BAS","ac_no":60,"ac_category":"GEN","st_name":"RAJASTHAN"},"geometry":{"type":"Polygon","coordinates":[[[76.6909,28.1012],[76.6852,28.0918],[76.6872,28.0875],[76.657,28.0884],[76.6514,28.0617],[76.6578,28.0466],[76.654,28.0349],[76.6632,28.0292],[76.6679,28.0145],[76.6587,28.0085],[76.6557,27.9817],[76.6445,27.9678],[76.6279,27.9624],[76.5963,27.9708],[76.5832,27.9573],[76.5909,27.943],[76.6124,27.9477],[76.6208,27.9448],[76.6139,27.9184],[76.5838,27.8967],[76.5917,27.8845],[76.591,27.8721],[76.5738,27.8695],[76.5648,27.8581],[76.5821,27.8515],[76.5791,27.8393],[76.5843,27.8342],[76.6015,27.8369],[76.6114,27.832],[76.6021,27.8271],[76.5909,27.8294],[76.5884,27.8229],[76.5916,27.7999],[76.6015,27.7971],[76.6084,27.8084],[76.6173,27.8005],[76.611,27.7923],[76.6159,27.7819],[76.5996,27.7707],[76.5958,27.7611],[76.6028,27.7596],[76.6051,27.7629],[76.6159,27.7602],[76.625,27.7502],[76.641,27.7459],[76.633,27.7299],[76.608,27.6947],[76.6,27.6922],[76.619,27.6766],[76.6419,27.6833],[76.6816,27.7216],[76.6946,27.7257],[76.7506,27.7086],[76.7447,27.6891],[76.7583,27.6864],[76.7733,27.6764],[76.7763,27.6822],[76.767,27.6861],[76.7669,27.6911],[76.8147,27.7615],[76.8246,27.7524],[76.829,27.7565],[76.8266,27.7651],[76.8366,27.7634],[76.8472,27.7547],[76.8863,27.7673],[76.9011,27.7664],[76.9061,27.7875],[76.9136,27.7891],[76.9117,27.7956],[76.8612,27.8023],[76.8373,27.7941],[76.8296,27.7963],[76.8247,27.8018],[76.835,27.813],[76.8293,27.8284],[76.8107,27.8275],[76.8128,27.8018],[76.7914,27.8137],[76.7887,27.8173],[76.7948,27.831],[76.8136,27.8355],[76.8133,27.8403],[76.8046,27.844],[76.8078,27.8547],[76.8167,27.8565],[76.8155,27.8766],[76.7979,27.8817],[76.7846,27.8786],[76.764,27.8903],[76.742,27.8704],[76.7131,27.8778],[76.7121,27.8852],[76.7207,27.895],[76.7135,27.9126],[76.7225,27.9157],[76.7345,27.9073],[76.7404,27.9159],[76.7405,27.9272],[76.7572,27.9288],[76.7605,27.9331],[76.7621,27.9461],[76.7474,27.9525],[76.7467,27.9616],[76.7552,27.9666],[76.7551,27.9763],[76.7749,28.0036],[76.7893,28.0015],[76.7866,28.0131],[76.7905,28.0326],[76.8274,28.0341],[76.8188,28.0401],[76.8243,28.073],[76.7964,28.0873],[76.7923,28.0986],[76.7821,28.1058],[76.7453,28.1097],[76.7395,28.1223],[76.7153,28.1278],[76.703,28.1087],[76.6977,28.1114],[76.6909,28.1012]]]}},{"type":"Feature","properties":{"ac_name":"NAWALGARH","ac_no":29,"ac_category":"GEN","st_name":"RAJASTHAN"},"geometry":{"type":"Polygon","coordinates":[[[75.3188,28.0555],[75.2845,28.049],[75.2852,28.0238],[75.2724,28.0127],[75.2545,28.0106],[75.2507,28.0019],[75.2285,28.0046],[75.2174,28.001],[75.2207,27.9784],[75.2048,27.978],[75.2027,27.9664],[75.193,27.9583],[75.194,27.9559],[75.1915,27.9163],[75.1934,27.9118],[75.2032,27.9095],[75.2017,27.8914],[75.21,27.8823],[75.2295,27.8793],[75.2324,27.8697],[75.2445,27.8453],[75.2388,27.8323],[75.2403,27.8146],[75.2695,27.823],[75.2875,27.8196],[75.2896,27.7739],[75.2602,27.7669],[75.2712,27.7547],[75.2864,27.7185],[75.3052,27.7108],[75.322,27.7098],[75.3263,27.6971],[75.3508,27.7017],[75.3775,27.684],[75.3726,27.6782],[75.3709,27.6559],[75.375,27.6431],[75.3951,27.6629],[75.4043,27.6614],[75.4079,27.6528],[75.4158,27.7038],[75.4301,27.7158],[75.4335,27.7325],[75.4473,27.7307],[75.4538,27.7355],[75.4529,27.7389],[75.4361,27.7381],[75.4287,27.743],[75.4489,27.7873],[75.434,27.7991],[75.4326,27.8121],[75.4173,27.8214],[75.3773,27.8238],[75.3704,27.8276],[75.3784,27.8475],[75.3718,27.868],[75.3789,27.8817],[75.417,27.881],[75.4362,27.885],[75.4575,27.9001],[75.4683,27.903],[75.4793,27.8954],[75.4955,27.9077],[75.4866,27.9229],[75.4727,27.9232],[75.4631,27.9299],[75.4398,27.9225],[75.4246,27.9524],[75.3898,27.9492],[75.3762,27.9388],[75.3613,27.9451],[75.3608,27.9568],[75.371,27.9688],[75.3834,27.9713],[75.393,27.9794],[75.3912,27.9905],[75.3957,27.998],[75.3874,28.0079],[75.3794,28.0004],[75.3672,27.9987],[75.3572,28.0045],[75.3436,28.0053],[75.3269,28.0153],[75.3188,28.0555]]]}},{"type":"Feature","properties":{"ac_name":"MUNDAWAR","ac_no":61,"ac_category":"GEN","st_name":"RAJASTHAN"},"geometry":{"type":"Polygon","coordinates":[[[76.4527,28.0932],[76.4419,28.0938],[76.4393,28.0866],[76.4185,28.0726],[76.3865,28.0739],[76.3878,28.0649],[76.377,28.0352],[76.3647,28.0338],[76.3728,28.01],[76.3389,28.0052],[76.3422,27.9987],[76.3392,27.9911],[76.3327,27.9925],[76.3235,27.9867],[76.3249,27.9727],[76.3375,27.9663],[76.3429,27.957],[76.3531,27.9538],[76.3503,27.9335],[76.3757,27.9269],[76.3972,27.927],[76.3861,27.8999],[76.3965,27.8887],[76.4034,27.8695],[76.3878,27.8525],[76.3704,27.8607],[76.3358,27.8586],[76.3332,27.8538],[76.3447,27.8531],[76.3311,27.8476],[76.3304,27.8424],[76.3513,27.8489],[76.3538,27.8455],[76.3564,27.8369],[76.3631,27.8428],[76.3722,27.8389],[76.3656,27.8201],[76.3747,27.8242],[76.3761,27.8368],[76.3992,27.8332],[76.3984,27.8044],[76.4098,27.8008],[76.4379,27.8113],[76.4425,27.8313],[76.4502,27.8311],[76.4641,27.8036],[76.4804,27.7964],[76.477,27.7755],[76.4863,27.7779],[76.501,27.7602],[76.4912,27.7402],[76.4986,27.7358],[76.4996,27.7242],[76.5065,27.7236],[76.5124,27.7166],[76.5102,27.6962],[76.52,27.6935],[76.5271,27.7033],[76.5401,27.7028],[76.563,27.7273],[76.5776,27.7269],[76.6028,27.7596],[76.5958,27.7611],[76.5996,27.7707],[76.6159,27.7819],[76.611,27.7923],[76.6173,27.8005],[76.6084,27.8084],[76.6015,27.7971],[76.5916,27.7999],[76.5884,27.8229],[76.5909,27.8294],[76.6021,27.8271],[76.6114,27.832],[76.6015,27.8369],[76.5843,27.8342],[76.5791,27.8393],[76.5821,27.8515],[76.5648,27.8581],[76.5738,27.8695],[76.591,27.8721],[76.5917,27.8845],[76.5838,27.8967],[76.6139,27.9184],[76.6208,27.9448],[76.6124,27.9477],[76.5909,27.943],[76.5832,27.9573],[76.5963,27.9708],[76.6279,27.9624],[76.6445,27.9678],[76.6557,27.9817],[76.6587,28.0085],[76.6398,28.0025],[76.6064,28.0041],[76.6015,27.9991],[76.5893,27.9973],[76.578,27.9787],[76.5643,27.9776],[76.5613,27.966],[76.5435,27.9639],[76.5365,27.9758],[76.5421,27.9883],[76.5397,28.0007],[76.5456,28.0078],[76.5394,28.0233],[76.5436,28.0341],[76.5298,28.0398],[76.5108,28.0293],[76.5026,28.0314],[76.4966,28.0436],[76.4789,28.0402],[76.4545,28.0424],[76.4619,28.0593],[76.4874,28.0527],[76.496,28.0536],[76.5004,28.0602],[76.4762,28.0794],[76.4672,28.0784],[76.4526,28.0857],[76.4484,28.089],[76.4527,28.0932]]]}},{"type":"Feature","properties":{"ac_name":"UDAIPURWATI","ac_no":30,"ac_category":"GEN","st_name":"RAJASTHAN"},"geometry":{"type":"Polygon","coordinates":[[[75.5934,28.0093],[75.5842,28.0174],[75.576,28.0441],[75.5301,28.0345],[75.5241,28.0525],[75.4888,28.0509],[75.4819,28.0409],[75.4642,28.0315],[75.4638,28.005],[75.452,28.0069],[75.4402,27.9901],[75.4246,27.9844],[75.4361,27.9792],[75.4415,27.9622],[75.4383,27.9552],[75.4246,27.9524],[75.4398,27.9225],[75.4631,27.9299],[75.4727,27.9232],[75.4866,27.9229],[75.4955,27.9077],[75.4793,27.8954],[75.4683,27.903],[75.4575,27.9001],[75.4362,27.885],[75.417,27.881],[75.3789,27.8817],[75.3718,27.868],[75.3784,27.8475],[75.3704,27.8276],[75.3773,27.8238],[75.4173,27.8214],[75.4326,27.8121],[75.434,27.7991],[75.4489,27.7873],[75.4287,27.743],[75.4361,27.7381],[75.4529,27.7389],[75.4538,27.7355],[75.4473,27.7307],[75.4335,27.7325],[75.4301,27.7158],[75.4158,27.7038],[75.4079,27.6528],[75.427,27.6408],[75.4404,27.6571],[75.4531,27.6572],[75.4655,27.6692],[75.4656,27.6799],[75.4753,27.6943],[75.4801,27.6883],[75.4928,27.6871],[75.5087,27.6947],[75.5129,27.692],[75.5394,27.712],[75.5549,27.709],[75.5689,27.6997],[75.5767,27.707],[75.5902,27.7026],[75.5925,27.7109],[75.6185,27.7027],[75.6321,27.7158],[75.6439,27.72],[75.6666,27.7156],[75.659,27.6961],[75.6644,27.6832],[75.6691,27.6838],[75.6675,27.6771],[75.6845,27.6752],[75.6909,27.679],[75.7002,27.7161],[75.7076,27.7191],[75.7199,27.7476],[75.7103,27.7531],[75.7105,27.7585],[75.7225,27.7695],[75.7347,27.7915],[75.7107,27.7985],[75.7014,27.7966],[75.6924,27.8041],[75.6687,27.8033],[75.657,27.8141],[75.6445,27.818],[75.6524,27.8389],[75.6601,27.8434],[75.6625,27.8617],[75.6746,27.8788],[75.6829,27.9116],[75.6387,27.931],[75.6296,27.9562],[75.6048,27.964],[75.5934,27.9851],[75.5974,28.0017],[75.5934,28.0093]]]}},{"type":"Feature","properties":{"ac_name":"DUNGARGARH","ac_no":17,"ac_category":"GEN","st_name":"RAJASTHAN"},"geometry":{"type":"Polygon","coordinates":[[[73.7149,27.9331],[73.6854,27.9185],[73.6819,27.9114],[73.6545,27.9034],[73.6542,27.8874],[73.6442,27.8765],[73.6475,27.8716],[73.6142,27.8562],[73.6081,27.8355],[73.5994,27.8297],[73.5272,27.8084],[73.5198,27.8125],[73.5194,27.8254],[73.5076,27.824],[73.5011,27.8276],[73.4931,27.8282],[73.4417,27.7934],[73.4261,27.7892],[73.445,27.7666],[73.4722,27.75],[73.4734,27.7397],[73.506,27.7303],[73.5324,27.7042],[73.5658,27.6851],[73.5724,27.6935],[73.5875,27.6781],[73.6105,27.6752],[73.6311,27.6968],[73.6607,27.7178],[73.6671,27.7466],[73.676,27.7524],[73.6938,27.7462],[73.7082,27.7526],[73.7392,27.7434],[73.7556,27.7581],[73.8062,27.7633],[73.8185,27.7763],[73.8677,27.7739],[73.8679,27.779],[73.8799,27.787],[73.867,27.8231],[73.8495,27.8374],[73.8558,27.8418],[73.8589,27.8549],[73.853,27.87],[73.8465,27.8689],[73.8442,27.8768],[73.8379,27.8781],[73.8408,27.8861],[73.836,27.8894],[73.8352,27.9064],[73.8412,27.9143],[73.8301,27.9151],[73.811,27.9281],[73.7939,27.9332],[73.7966,27.9403],[73.7836,27.9438],[73.7889,27.9576],[73.7769,27.9488],[73.7752,27.9514],[73.7767,27.9656],[73.7545,27.9637],[73.7266,27.9473],[73.7233,27.9315],[73.7149,27.9331]]]}},{"type":"Feature","properties":{"ac_name":"SUJANGARH","ac_no":24,"ac_category":"SC","st_name":"RAJASTHAN"},"geometry":{"type":"Polygon","coordinates":[[[74.2315,27.9318],[74.2321,27.9205],[74.2069,27.8981],[74.2056,27.8906],[74.2233,27.8506],[74.216,27.8119],[74.192,27.8],[74.1143,27.7854],[74.0994,27.7747],[74.0878,27.7525],[74.0735,27.7375],[74.0484,27.7206],[74.0247,27.7168],[73.9967,27.7282],[74.0057,27.7518],[73.9833,27.7478],[73.9798,27.7587],[73.9888,27.769],[74.0075,27.7717],[73.9864,27.7928],[73.9781,27.7953],[73.9454,27.7904],[73.9033,27.771],[73.8679,27.7734],[73.8697,27.7513],[73.8639,27.7336],[73.875,27.7153],[73.8776,27.6977],[73.8664,27.6866],[73.872,27.663],[73.8581,27.6596],[73.8739,27.647],[73.8883,27.6069],[73.8958,27.6023],[73.8821,27.593],[73.8753,27.5798],[73.8852,27.5592],[73.8849,27.5483],[73.8753,27.5428],[73.8773,27.5389],[73.8915,27.5004],[73.9077,27.4894],[73.9416,27.5006],[73.9564,27.5104],[73.96,27.5054],[73.9716,27.5034],[73.9883,27.5106],[73.9908,27.5045],[74.0022,27.5147],[74.0095,27.5134],[74.0068,27.5192],[74.0297,27.5351],[74.0632,27.5096],[74.0655,27.4979],[74.0788,27.4875],[74.0803,27.4795],[74.1117,27.4742],[74.1196,27.4594],[74.1318,27.4621],[74.1419,27.4526],[74.149,27.4349],[74.1405,27.4265],[74.1452,27.4154],[74.1544,27.4109],[74.1825,27.4243],[74.2032,27.4227],[74.2031,27.4645],[74.2097,27.4688],[74.1919,27.4792],[74.1957,27.4981],[74.2268,27.5222],[74.2384,27.5256],[74.2361,27.5308],[74.2447,27.547],[74.2435,27.5558],[74.2566,27.5632],[74.2544,27.6011],[74.2748,27.6138],[74.279,27.6256],[74.3119,27.6367],[74.31,27.6492],[74.3336,27.6611],[74.3329,27.6733],[74.3425,27.6779],[74.342,27.6813],[74.3536,27.6857],[74.372,27.6828],[74.4034,27.7005],[74.4094,27.6891],[74.4502,27.6942],[74.4631,27.6814],[74.4919,27.6879],[74.4944,27.6667],[74.5041,27.6692],[74.5263,27.676],[74.5385,27.6641],[74.5559,27.6654],[74.5837,27.6913],[74.6089,27.7074],[74.6192,27.6964],[74.6266,27.696],[74.6223,27.688],[74.6056,27.6781],[74.627,27.6484],[74.6646,27.6608],[74.6743,27.6695],[74.6812,27.6684],[74.7,27.6789],[74.7362,27.6775],[74.7468,27.6865],[74.7496,27.7174],[74.7407,27.7185],[74.7388,27.7247],[74.7273,27.7217],[74.7338,27.7559],[74.7441,27.7668],[74.7559,27.7701],[74.7641,27.7659],[74.7695,27.7694],[74.7332,27.7852],[74.7089,27.8093],[74.6703,27.8061],[74.6514,27.8287],[74.6237,27.8121],[74.588,27.8051],[74.5855,27.794],[74.6127,27.7822],[74.6144,27.767],[74.5482,27.7433],[74.5378,27.7438],[74.5058,27.7265],[74.4994,27.7278],[74.4803,27.7476],[74.4692,27.7445],[74.4601,27.7541],[74.4401,27.7528],[74.426,27.7757],[74.3991,27.7615],[74.3925,27.7666],[74.3973,27.7889],[74.4093,27.8016],[74.3985,27.807],[74.3964,27.8188],[74.3826,27.8307],[74.3832,27.8422],[74.3958,27.851],[74.3801,27.8727],[74.3386,27.8825],[74.3335,27.895],[74.3074,27.8969],[74.3069,27.9133],[74.2768,27.9339],[74.2315,27.9318]]]}},{"type":"Feature","properties":{"ac_name":"LACHHMANGARH","ac_no":33,"ac_category":"GEN","st_name":"RAJASTHAN"},"geometry":{"type":"Polygon","coordinates":[[[75.2324,27.8697],[75.2295,27.8793],[75.21,27.8823],[75.2017,27.8914],[75.2032,27.9095],[75.1934,27.9118],[75.1915,27.9163],[75.194,27.9559],[75.1432,27.9407],[75.105,27.9517],[75.0857,27.9475],[75.0684,27.9158],[75.048,27.9213],[75.0356,27.9151],[75.0301,27.9177],[75.0159,27.9115],[75.003,27.8945],[74.9868,27.8838],[74.9542,27.868],[74.9301,27.8667],[74.8981,27.8777],[74.8854,27.8775],[74.865,27.8693],[74.8267,27.8681],[74.8141,27.8607],[74.8002,27.834],[74.8174,27.8015],[74.7986,27.7924],[74.7857,27.7755],[74.7695,27.7694],[74.7641,27.7659],[74.7559,27.7701],[74.7441,27.7668],[74.7338,27.7559],[74.7273,27.7217],[74.7388,27.7247],[74.7407,27.7185],[74.7496,27.7174],[74.7468,27.6865],[74.7362,27.6775],[74.7,27.6789],[74.6812,27.6684],[74.6877,27.6545],[74.7029,27.6531],[74.7124,27.6399],[74.7115,27.6299],[74.7,27.6224],[74.7048,27.5973],[74.7305,27.6093],[74.7414,27.5851],[74.7572,27.5909],[74.7614,27.5653],[74.7187,27.5394],[74.7232,27.5277],[74.7202,27.5018],[74.7304,27.4936],[74.7492,27.4986],[74.7555,27.5219],[74.7688,27.5321],[74.7904,27.5398],[74.8135,27.5307],[74.8409,27.5395],[74.8674,27.5544],[74.8818,27.5823],[74.8974,27.5819],[74.9271,27.5687],[74.9443,27.5725],[74.9478,27.5752],[74.9442,27.582],[74.9191,27.5843],[74.8924,27.5955],[74.9087,27.6079],[74.9513,27.6268],[74.9557,27.6434],[74.9413,27.665],[74.9479,27.6732],[74.9692,27.6811],[74.9751,27.7105],[75.0185,27.7184],[75.0485,27.7343],[75.0561,27.7305],[75.0574,27.7213],[75.0672,27.7141],[75.0867,27.7297],[75.0897,27.765],[75.1195,27.7705],[75.1311,27.7642],[75.143,27.7782],[75.1774,27.7915],[75.2025,27.8034],[75.2134,27.8195],[75.2255,27.8277],[75.2314,27.8109],[75.2403,27.8146],[75.2388,27.8323],[75.2445,27.8453],[75.2324,27.8697]]]}},{"type":"Feature","properties":{"ac_name":"NEEMA KA THANA","ac_no":38,"ac_category":"GEN","st_name":"RAJASTHAN"},"geometry":{"type":"Polygon","coordinates":[[[75.9314,27.9304],[75.9075,27.9121],[75.8967,27.9163],[75.8699,27.8881],[75.8044,27.8562],[75.7928,27.8429],[75.7691,27.8316],[75.7347,27.7915],[75.7225,27.7695],[75.7105,27.7585],[75.7103,27.7531],[75.7199,27.7476],[75.7076,27.7191],[75.7002,27.7161],[75.6909,27.679],[75.6845,27.6752],[75.6675,27.6771],[75.6691,27.6838],[75.6644,27.6832],[75.659,27.6961],[75.6666,27.7156],[75.6439,27.72],[75.6321,27.7158],[75.6185,27.7027],[75.6226,27.6922],[75.6412,27.6851],[75.6451,27.6772],[75.6584,27.6748],[75.6719,27.6632],[75.6614,27.6458],[75.6657,27.6384],[75.6851,27.6456],[75.6955,27.6599],[75.7077,27.6598],[75.7264,27.6421],[75.7261,27.6225],[75.7397,27.6058],[75.7625,27.5966],[75.7696,27.5959],[75.7706,27.6073],[75.79,27.6042],[75.7959,27.5975],[75.818,27.6045],[75.8163,27.6189],[75.8266,27.6173],[75.8476,27.6352],[75.8815,27.6217],[75.8982,27.6485],[75.9293,27.6353],[75.9409,27.6585],[75.9579,27.6607],[75.9804,27.6566],[75.991,27.6921],[76.0105,27.7107],[76.0295,27.7191],[76.0342,27.7375],[76.0489,27.7514],[76.0457,27.7541],[76.053,27.7689],[76.0687,27.7679],[76.0773,27.7889],[76.0775,27.8022],[76.0885,27.8053],[76.0918,27.8278],[76.0749,27.8439],[76.0613,27.8478],[76.0485,27.8346],[76.0413,27.841],[76.0378,27.8375],[76.0095,27.8417],[76.0051,27.8347],[75.9834,27.8442],[75.9709,27.8522],[75.9843,27.8822],[75.9726,27.8914],[75.9866,27.9036],[75.9682,27.914],[75.938,27.9142],[75.9346,27.9185],[75.9398,27.9228],[75.9314,27.9304]]]}},{"type":"Feature","properties":{"ac_name":"NOKHA","ac_no":18,"ac_category":"GEN","st_name":"RAJASTHAN"},"geometry":{"type":"Polygon","coordinates":[[[73.4166,27.7799],[73.3978,27.8105],[73.3748,27.7807],[73.3569,27.7732],[73.331,27.7505],[73.3005,27.7558],[73.2752,27.7702],[73.2638,27.7658],[73.2468,27.7382],[73.2313,27.7316],[73.2248,27.732],[73.2131,27.7499],[73.1894,27.7557],[73.1624,27.7387],[73.1539,27.727],[73.146,27.7285],[73.1401,27.724],[73.1162,27.7334],[73.1064,27.7077],[73.1104,27.6798],[73.1023,27.6631],[73.0753,27.636],[73.0662,27.6323],[73.0477,27.636],[73.0296,27.5855],[73.0205,27.5739],[73.0255,27.551],[73.0188,27.5241],[73.0235,27.5064],[73.0669,27.4582],[73.0801,27.4285],[73.0835,27.4255],[73.0914,27.428],[73.1079,27.4194],[73.1136,27.4082],[73.1251,27.4013],[73.1212,27.3833],[73.1301,27.3647],[73.1259,27.3531],[73.1341,27.3096],[73.165,27.2882],[73.1818,27.2873],[73.1873,27.3148],[73.2195,27.3351],[73.2277,27.3348],[73.2317,27.3239],[73.241,27.3218],[73.2464,27.3117],[73.2389,27.3049],[73.2432,27.3],[73.2396,27.2927],[73.2601,27.2704],[73.2582,27.26],[73.2902,27.2321],[73.3088,27.2001],[73.3263,27.1938],[73.3272,27.1831],[73.3519,27.2095],[73.3359,27.2197],[73.3386,27.2398],[73.3646,27.2662],[73.3761,27.2732],[73.3788,27.2689],[73.4021,27.287],[73.4367,27.307],[73.439,27.3127],[73.4953,27.328],[73.4872,27.3429],[73.4866,27.3578],[73.5217,27.3717],[73.513,27.3862],[73.5028,27.386],[73.4993,27.4118],[73.5036,27.4183],[73.5027,27.4339],[73.5224,27.4454],[73.5174,27.4572],[73.5225,27.4615],[73.5195,27.468],[73.5254,27.4716],[73.5282,27.4838],[73.5469,27.4965],[73.5634,27.4921],[73.5716,27.4844],[73.5762,27.4875],[73.5789,27.4819],[73.5903,27.4867],[73.593,27.4821],[73.6115,27.4888],[73.6138,27.5001],[73.6163,27.5076],[73.6291,27.5174],[73.6162,27.5379],[73.6327,27.5434],[73.6585,27.5654],[73.6651,27.5654],[73.6711,27.5567],[73.6887,27.5464],[73.7045,27.5193],[73.7191,27.5199],[73.7345,27.522],[73.7457,27.5278],[73.7437,27.5321],[73.7586,27.535],[73.7723,27.5278],[73.7909,27.5002],[73.813,27.5001],[73.8309,27.5066],[73.8613,27.5358],[73.8773,27.5389],[73.8753,27.5428],[73.8849,27.5483],[73.8852,27.5592],[73.8753,27.5798],[73.8821,27.593],[73.8958,27.6023],[73.8883,27.6069],[73.8739,27.647],[73.8581,27.6596],[73.872,27.663],[73.8664,27.6866],[73.8776,27.6977],[73.875,27.7153],[73.8639,27.7336],[73.8697,27.7513],[73.8679,27.7734],[73.8677,27.7739],[73.8185,27.7763],[73.8062,27.7633],[73.7556,27.7581],[73.7392,27.7434],[73.7082,27.7526],[73.6938,27.7462],[73.676,27.7524],[73.6671,27.7466],[73.6607,27.7178],[73.6311,27.6968],[73.6105,27.6752],[73.5875,27.6781],[73.5724,27.6935],[73.5658,27.6851],[73.5324,27.7042],[73.506,27.7303],[73.4734,27.7397],[73.4722,27.75],[73.445,27.7666],[73.4261,27.7892],[73.4231,27.7812],[73.4166,27.7799]]]}},{"type":"Feature","properties":{"ac_name":"SIKAR","ac_no":35,"ac_category":"GEN","st_name":"RAJASTHAN"},"geometry":{"type":"Polygon","coordinates":[[[75.2403,27.8146],[75.2314,27.8109],[75.2255,27.8277],[75.2134,27.8195],[75.2025,27.8034],[75.1774,27.7915],[75.1858,27.7716],[75.2182,27.7711],[75.2157,27.7395],[75.2065,27.7276],[75.1939,27.7266],[75.1763,27.711],[75.148,27.714],[75.1651,27.6887],[75.1748,27.6845],[75.1661,27.6788],[75.1718,27.6708],[75.1632,27.666],[75.1549,27.6696],[75.1467,27.6644],[75.1477,27.66],[75.1346,27.6554],[75.1315,27.6577],[75.1229,27.6288],[75.1076,27.6293],[75.0988,27.6439],[75.0923,27.6436],[75.0939,27.6329],[75.0856,27.6154],[75.1048,27.5948],[75.094,27.5835],[75.1165,27.568],[75.1169,27.5509],[75.1394,27.548],[75.1415,27.5525],[75.1544,27.5551],[75.1627,27.5685],[75.1688,27.5675],[75.1801,27.5457],[75.1914,27.556],[75.2061,27.56],[75.2329,27.5426],[75.2358,27.5482],[75.2608,27.5557],[75.262,27.5751],[75.2458,27.5768],[75.2408,27.5851],[75.2427,27.5941],[75.2931,27.6088],[75.3084,27.6074],[75.3238,27.6085],[75.3174,27.5876],[75.3341,27.5719],[75.3575,27.5622],[75.3875,27.564],[75.3744,27.5481],[75.377,27.5348],[75.3881,27.5262],[75.4088,27.5236],[75.4122,27.5171],[75.4257,27.5226],[75.4264,27.5266],[75.4248,27.5319],[75.4081,27.5313],[75.4033,27.5385],[75.4163,27.5665],[75.4248,27.5753],[75.4531,27.583],[75.4634,27.6018],[75.4649,27.6204],[75.4632,27.6349],[75.4507,27.6419],[75.4531,27.6572],[75.4404,27.6571],[75.427,27.6408],[75.4079,27.6528],[75.4043,27.6614],[75.3951,27.6629],[75.375,27.6431],[75.3709,27.6559],[75.3726,27.6782],[75.3775,27.684],[75.3508,27.7017],[75.3263,27.6971],[75.322,27.7098],[75.3052,27.7108],[75.2864,27.7185],[75.2712,27.7547],[75.2602,27.7669],[75.2896,27.7739],[75.2875,27.8196],[75.2695,27.823],[75.2403,27.8146]]]}},{"type":"Feature","properties":{"ac_name":"KOTPUTLI","ac_no":40,"ac_category":"GEN","st_name":"RAJASTHAN"},"geometry":{"type":"Polygon","coordinates":[[[76.2255,27.8331],[76.2182,27.8169],[76.2082,27.8162],[76.2003,27.8208],[76.183,27.7977],[76.1779,27.797],[76.1717,27.7992],[76.1699,27.8071],[76.153,27.815],[76.1534,27.8199],[76.1324,27.8246],[76.1353,27.8392],[76.123,27.8515],[76.1151,27.8506],[76.0894,27.8603],[76.0868,27.8445],[76.0749,27.8439],[76.0918,27.8278],[76.0885,27.8053],[76.0775,27.8022],[76.0773,27.7889],[76.0687,27.7679],[76.053,27.7689],[76.0457,27.7541],[76.0489,27.7514],[76.0342,27.7375],[76.0295,27.7191],[76.0105,27.7107],[75.991,27.6921],[75.9804,27.6566],[75.97,27.641],[75.9584,27.6372],[75.9649,27.6221],[75.9416,27.6192],[75.9484,27.612],[75.95,27.5978],[75.946,27.5912],[75.9539,27.595],[75.9593,27.5919],[75.9638,27.599],[75.9682,27.5913],[75.9442,27.5711],[75.9426,27.5649],[75.9537,27.5622],[75.9511,27.5296],[75.9394,27.4973],[75.9768,27.499],[75.98,27.5165],[75.9946,27.5344],[75.9911,27.5423],[75.9937,27.557],[76.0176,27.5583],[76.0247,27.572],[76.0424,27.5717],[76.048,27.5746],[76.0493,27.5821],[76.0818,27.5844],[76.0855,27.6011],[76.1192,27.6202],[76.1319,27.6241],[76.1398,27.6208],[76.1441,27.6109],[76.1618,27.6064],[76.1751,27.5907],[76.2031,27.5909],[76.2043,27.599],[76.1937,27.6069],[76.1969,27.6211],[76.2066,27.6193],[76.2062,27.6247],[76.2211,27.6249],[76.2283,27.6204],[76.239,27.6226],[76.2473,27.6338],[76.2441,27.6435],[76.2488,27.656],[76.2366,27.6671],[76.2502,27.6694],[76.2415,27.6839],[76.2547,27.691],[76.2494,27.7278],[76.2389,27.7501],[76.2403,27.7592],[76.2588,27.7628],[76.2616,27.7745],[76.269,27.7816],[76.2648,27.7982],[76.2856,27.8018],[76.2561,27.8209],[76.2629,27.8322],[76.2511,27.8429],[76.2387,27.8474],[76.2255,27.8331]]]}},{"type":"Feature","properties":{"ac_name":"BANSUR","ac_no":63,"ac_category":"GEN","st_name":"RAJASTHAN"},"geometry":{"type":"Polygon","coordinates":[[[76.3538,27.8455],[76.3513,27.8489],[76.3304,27.8424],[76.3176,27.8077],[76.2856,27.8018],[76.2648,27.7982],[76.269,27.7816],[76.2616,27.7745],[76.2588,27.7628],[76.2403,27.7592],[76.2389,27.7501],[76.2494,27.7278],[76.2547,27.691],[76.2415,27.6839],[76.2502,27.6694],[76.2366,27.6671],[76.2488,27.656],[76.2441,27.6435],[76.2473,27.6338],[76.239,27.6226],[76.2283,27.6204],[76.2211,27.6249],[76.2062,27.6247],[76.2066,27.6193],[76.1969,27.6211],[76.1937,27.6069],[76.2043,27.599],[76.2031,27.5909],[76.2098,27.5688],[76.2074,27.5533],[76.2128,27.5482],[76.2061,27.5339],[76.2349,27.5238],[76.2277,27.513],[76.2381,27.5064],[76.2484,27.5124],[76.2694,27.5096],[76.2656,27.447],[76.2718,27.4393],[76.2807,27.4468],[76.2766,27.4569],[76.2942,27.4723],[76.3047,27.4746],[76.3096,27.485],[76.3189,27.4874],[76.3246,27.4992],[76.3303,27.4943],[76.3275,27.4642],[76.3478,27.4611],[76.3557,27.4888],[76.3613,27.4873],[76.3669,27.4794],[76.3632,27.4653],[76.3644,27.4573],[76.3695,27.4567],[76.3692,27.4458],[76.3787,27.4489],[76.3962,27.4388],[76.4109,27.4601],[76.4078,27.4642],[76.415,27.5403],[76.4321,27.5521],[76.4345,27.563],[76.4495,27.5763],[76.4399,27.6004],[76.4399,27.6221],[76.4499,27.6309],[76.4561,27.6713],[76.4612,27.6757],[76.4624,27.6476],[76.4743,27.6444],[76.4823,27.6479],[76.5052,27.6803],[76.5027,27.6874],[76.4938,27.6901],[76.4926,27.7086],[76.4996,27.7242],[76.4986,27.7358],[76.4912,27.7402],[76.501,27.7602],[76.4863,27.7779],[76.477,27.7755],[76.4804,27.7964],[76.4641,27.8036],[76.4502,27.8311],[76.4425,27.8313],[76.4379,27.8113],[76.4098,27.8008],[76.3984,27.8044],[76.3992,27.8332],[76.3761,27.8368],[76.3747,27.8242],[76.3656,27.8201],[76.3722,27.8389],[76.3631,27.8428],[76.3564,27.8369],[76.3538,27.8455]]]}},{"type":"Feature","properties":{"ac_name":"DHOD","ac_no":34,"ac_category":"SC","st_name":"RAJASTHAN"},"geometry":{"type":"Polygon","coordinates":[[[75.1774,27.7915],[75.143,27.7782],[75.1311,27.7642],[75.1195,27.7705],[75.0897,27.765],[75.0867,27.7297],[75.0672,27.7141],[75.0574,27.7213],[75.0561,27.7305],[75.0485,27.7343],[75.0185,27.7184],[74.9751,27.7105],[74.9692,27.6811],[74.9479,27.6732],[74.9413,27.665],[74.9557,27.6434],[74.9513,27.6268],[74.9087,27.6079],[74.8924,27.5955],[74.9191,27.5843],[74.9442,27.582],[74.9478,27.5752],[74.9443,27.5725],[74.9271,27.5687],[74.8974,27.5819],[74.8818,27.5823],[74.8674,27.5544],[74.8409,27.5395],[74.8135,27.5307],[74.7904,27.5398],[74.7688,27.5321],[74.7555,27.5219],[74.7492,27.4986],[74.7554,27.4871],[74.7721,27.4937],[74.7863,27.4855],[74.7975,27.4865],[74.8034,27.4755],[74.7987,27.4624],[74.8013,27.4495],[74.852,27.4528],[74.8599,27.4495],[74.8741,27.4108],[74.8601,27.4011],[74.8468,27.3817],[74.8476,27.3766],[74.8615,27.3701],[74.8751,27.3718],[74.8806,27.345],[74.8675,27.3368],[74.8709,27.3288],[74.8771,27.3206],[74.8826,27.3092],[74.8992,27.315],[74.8988,27.3309],[74.94,27.338],[74.9474,27.3496],[75.0073,27.3471],[75.0372,27.3562],[75.0436,27.363],[75.0461,27.3774],[75.0798,27.3856],[75.0994,27.3813],[75.0973,27.4023],[75.1073,27.4069],[75.1165,27.4245],[75.1417,27.416],[75.1467,27.406],[75.1413,27.3907],[75.1489,27.3873],[75.1622,27.3904],[75.1793,27.4068],[75.1859,27.4233],[75.1536,27.4238],[75.1525,27.4281],[75.1776,27.4399],[75.1743,27.445],[75.1774,27.4576],[75.2135,27.4732],[75.218,27.5094],[75.2329,27.5426],[75.2061,27.56],[75.1914,27.556],[75.1801,27.5457],[75.1688,27.5675],[75.1627,27.5685],[75.1544,27.5551],[75.1415,27.5525],[75.1394,27.548],[75.1169,27.5509],[75.1165,27.568],[75.094,27.5835],[75.1048,27.5948],[75.0856,27.6154],[75.0939,27.6329],[75.0923,27.6436],[75.0988,27.6439],[75.1076,27.6293],[75.1229,27.6288],[75.1315,27.6577],[75.1346,27.6554],[75.1477,27.66],[75.1467,27.6644],[75.1549,27.6696],[75.1632,27.666],[75.1718,27.6708],[75.1661,27.6788],[75.1748,27.6845],[75.1651,27.6887],[75.148,27.714],[75.1763,27.711],[75.1939,27.7266],[75.2065,27.7276],[75.2157,27.7395],[75.2182,27.7711],[75.1858,27.7716],[75.1774,27.7915]]]}},{"type":"Feature","properties":{"ac_name":"PHALODI","ac_no":122,"ac_category":"GEN","st_name":"RAJASTHAN"},"geometry":{"type":"Polygon","coordinates":[[[72.2805,27.5531],[72.2629,27.5477],[72.2485,27.5364],[72.244,27.5241],[72.2438,27.4844],[72.2389,27.4811],[72.225,27.4934],[72.2105,27.4926],[72.2096,27.4802],[72.1753,27.4622],[72.1572,27.4766],[72.1548,27.4889],[72.1602,27.4959],[72.156,27.5008],[72.1531,27.4988],[72.1464,27.5157],[72.1378,27.5224],[72.1441,27.5355],[72.1272,27.546],[72.1145,27.5475],[72.1046,27.5607],[72.1217,27.5717],[72.128,27.5811],[72.1221,27.585],[72.115,27.5833],[72.116,27.5884],[72.11,27.5935],[72.0949,27.5915],[72.0825,27.5958],[72.0465,27.6179],[71.9994,27.5712],[71.9675,27.5532],[71.9586,27.5516],[71.9466,27.5594],[71.9242,27.5629],[71.8966,27.5278],[71.8964,27.506],[71.8898,27.4973],[71.8925,27.4767],[71.8761,27.4874],[71.844,27.4801],[71.8331,27.4821],[71.8072,27.4477],[71.8203,27.4012],[71.8161,27.3427],[71.8247,27.3224],[71.8416,27.3156],[71.8353,27.309],[71.8412,27.3046],[71.8458,27.3089],[71.8615,27.2932],[71.8831,27.2888],[71.8853,27.2916],[71.8855,27.2825],[71.9045,27.2544],[71.9016,27.2278],[71.913,27.2112],[71.9135,27.1799],[71.9277,27.1765],[71.9513,27.1858],[71.9568,27.1785],[71.9545,27.1578],[71.9624,27.1414],[71.9945,27.1341],[72.0327,27.1165],[72.0429,27.1047],[72.0323,27.0625],[72.0267,27.0558],[72.0303,27.0548],[72.0296,27.0465],[72.0513,27.0395],[72.049,27.0311],[72.0391,27.0311],[72.0331,27.0236],[72.0425,27.018],[72.0387,27.0139],[72.0497,26.968],[72.0377,26.9359],[72.0786,26.9154],[72.0993,26.8906],[72.15,26.8899],[72.1687,26.8556],[72.1907,26.8659],[72.1941,26.8783],[72.214,26.8851],[72.2379,26.8857],[72.2689,26.9097],[72.2846,26.908],[72.3006,26.8916],[72.324,26.8896],[72.358,26.9158],[72.3713,26.9161],[72.3775,26.9093],[72.3989,26.9249],[72.427,26.9349],[72.4535,26.9255],[72.4643,26.9353],[72.5253,26.9621],[72.5191,26.997],[72.5307,27.0156],[72.5426,27.0275],[72.5812,27.0465],[72.5784,27.0848],[72.5832,27.1097],[72.5669,27.156],[72.5846,27.172],[72.5907,27.1836],[72.596,27.2223],[72.6262,27.2423],[72.6506,27.2496],[72.6699,27.2615],[72.6759,27.2684],[72.6699,27.2843],[72.7104,27.2975],[72.7252,27.3095],[72.7371,27.3018],[72.7587,27.3182],[72.7735,27.3206],[72.7781,27.2933],[72.7865,27.2903],[72.8272,27.2516],[72.8545,27.2417],[72.8425,27.2356],[72.8215,27.2333],[72.8064,27.2186],[72.8044,27.1442],[72.8249,27.1116],[72.8309,27.0932],[72.8451,27.0944],[72.8554,27.077],[72.8915,27.0918],[72.9369,27.1373],[72.9413,27.1682],[72.9216,27.1689],[72.9246,27.2161],[72.9425,27.2119],[72.9623,27.1974],[72.9804,27.2079],[72.9995,27.2077],[73.0297,27.1955],[73.0742,27.2455],[73.0894,27.2426],[73.1097,27.2568],[73.1072,27.2633],[73.1187,27.2752],[73.1153,27.2782],[73.1185,27.2865],[73.1318,27.2971],[73.1273,27.3031],[73.1341,27.3096],[73.1259,27.3531],[73.1301,27.3647],[73.1212,27.3833],[73.1251,27.4013],[73.1136,27.4082],[73.1079,27.4194],[73.0914,27.428],[73.0835,27.4255],[73.0801,27.4285],[73.032,27.4209],[72.9793,27.3818],[72.9711,27.3893],[72.9641,27.3884],[72.951,27.4019],[72.942,27.4031],[72.9409,27.4309],[72.9319,27.4485],[72.8952,27.4149],[72.889,27.4253],[72.8879,27.4508],[72.8719,27.4445],[72.8522,27.4454],[72.8756,27.4735],[72.8738,27.4762],[72.8565,27.4795],[72.8484,27.4737],[72.8247,27.4688],[72.8177,27.4778],[72.8205,27.5072],[72.8135,27.5176],[72.8187,27.5224],[72.8262,27.5212],[72.8379,27.533],[72.8434,27.5576],[72.8394,27.5716],[72.8268,27.5847],[72.7995,27.5711],[72.7668,27.5651],[72.774,27.5399],[72.7613,27.5249],[72.7266,27.5504],[72.712,27.5894],[72.7066,27.5877],[72.6904,27.6052],[72.6691,27.5734],[72.6669,27.546],[72.656,27.536],[72.6472,27.5432],[72.6386,27.5625],[72.6211,27.5725],[72.6122,27.587],[72.6172,27.593],[72.5988,27.6079],[72.5919,27.6033],[72.5867,27.6108],[72.5638,27.6089],[72.5542,27.6204],[72.5419,27.6163],[72.5004,27.5871],[72.4719,27.5893],[72.4632,27.5937],[72.4467,27.5887],[72.4381,27.5681],[72.4139,27.5564],[72.4034,27.5465],[72.3963,27.5535],[72.3814,27.5464],[72.3658,27.5305],[72.3594,27.4936],[72.3239,27.5168],[72.2979,27.5002],[72.2888,27.4773],[72.2643,27.4582],[72.2516,27.4628],[72.2421,27.4758],[72.2506,27.4929],[72.2462,27.4987],[72.247,27.5122],[72.2761,27.5171],[72.2842,27.525],[72.2909,27.5473],[72.2805,27.5531]]]}},{"type":"Feature","properties":{"ac_name":"KAMAN","ac_no":70,"ac_category":"GEN","st_name":"RAJASTHAN"},"geometry":{"type":"Polygon","coordinates":[[[77.1769,27.7854],[77.1694,27.7912],[77.1784,27.8039],[77.185,27.8019],[77.1897,27.8086],[77.1796,27.8167],[77.1672,27.8126],[77.1592,27.8165],[77.1593,27.7891],[77.1561,27.7848],[77.1427,27.7851],[77.1354,27.7755],[77.1315,27.7784],[77.1343,27.786],[77.1203,27.7906],[77.1081,27.786],[77.0813,27.8036],[77.0749,27.8129],[77.0643,27.811],[77.0449,27.8209],[77.0453,27.8129],[77.0351,27.8039],[77.0267,27.7795],[77.0337,27.7769],[77.0357,27.7802],[77.0567,27.7697],[77.0595,27.7604],[77.0759,27.7664],[77.0782,27.7501],[77.086,27.7381],[77.0595,27.7265],[77.0486,27.7315],[77.045,27.7433],[77.0364,27.7487],[77.0339,27.7453],[77.0197,27.7458],[77.0114,27.7311],[76.9999,27.7373],[76.9822,27.6788],[76.9795,27.6537],[76.9782,27.6503],[77.0157,27.6195],[77.0339,27.6149],[77.0621,27.6107],[77.0896,27.5914],[77.1069,27.5975],[77.1143,27.577],[77.1602,27.5585],[77.1701,27.5448],[77.1847,27.5382],[77.2013,27.5564],[77.1946,27.5645],[77.1987,27.5749],[77.225,27.5802],[77.2329,27.57],[77.2652,27.5671],[77.2898,27.5756],[77.3178,27.6059],[77.3528,27.6507],[77.344,27.6629],[77.3411,27.7035],[77.3304,27.7096],[77.3098,27.7067],[77.3048,27.7112],[77.3029,27.7261],[77.3198,27.7354],[77.3075,27.7521],[77.3113,27.7582],[77.307,27.7661],[77.3118,27.7739],[77.3099,27.7876],[77.302,27.7956],[77.286,27.7971],[77.2834,27.8019],[77.2681,27.8157],[77.2523,27.7916],[77.2371,27.7847],[77.2337,27.7872],[77.2386,27.792],[77.2319,27.7969],[77.2226,27.7959],[77.2106,27.8017],[77.213,27.8071],[77.2024,27.8235],[77.1914,27.8093],[77.1983,27.7987],[77.1769,27.7854]]]}},{"type":"Feature","properties":{"ac_name":"LADNUN","ac_no":106,"ac_category":"GEN","st_name":"RAJASTHAN"},"geometry":{"type":"Polygon","coordinates":[[[74.5041,27.6692],[74.4944,27.6667],[74.4919,27.6879],[74.4631,27.6814],[74.4502,27.6942],[74.4094,27.6891],[74.4034,27.7005],[74.372,27.6828],[74.3536,27.6857],[74.342,27.6813],[74.3425,27.6779],[74.3329,27.6733],[74.3336,27.6611],[74.31,27.6492],[74.3119,27.6367],[74.279,27.6256],[74.2748,27.6138],[74.2544,27.6011],[74.2566,27.5632],[74.2435,27.5558],[74.2447,27.547],[74.2361,27.5308],[74.2384,27.5256],[74.2268,27.5222],[74.1957,27.4981],[74.1919,27.4792],[74.2097,27.4688],[74.2568,27.4612],[74.2801,27.4287],[74.2765,27.4243],[74.2141,27.4066],[74.2255,27.3658],[74.2149,27.3355],[74.2457,27.3215],[74.271,27.3247],[74.2795,27.3114],[74.3009,27.3036],[74.3075,27.2862],[74.3332,27.274],[74.3393,27.3006],[74.3742,27.3052],[74.3814,27.311],[74.3521,27.3419],[74.3496,27.3529],[74.354,27.3606],[74.3616,27.366],[74.4161,27.375],[74.4271,27.3857],[74.4225,27.3992],[74.3916,27.4223],[74.3896,27.4389],[74.4436,27.4519],[74.46,27.4667],[74.4878,27.4816],[74.5002,27.4744],[74.5087,27.4788],[74.5246,27.4574],[74.5291,27.4572],[74.5439,27.4706],[74.5331,27.4935],[74.5346,27.5001],[74.5461,27.4964],[74.5597,27.4684],[74.5859,27.4602],[74.6068,27.4501],[74.6022,27.4282],[74.6275,27.4226],[74.6485,27.3997],[74.6639,27.4023],[74.6763,27.399],[74.676,27.3737],[74.6991,27.3968],[74.7126,27.39],[74.7262,27.391],[74.7423,27.3821],[74.7641,27.3969],[74.7646,27.4029],[74.7797,27.4063],[74.7863,27.3808],[74.7976,27.372],[74.782,27.3573],[74.7891,27.3379],[74.8255,27.334],[74.8393,27.3239],[74.8468,27.3315],[74.8709,27.3288],[74.8675,27.3368],[74.8806,27.345],[74.8751,27.3718],[74.8615,27.3701],[74.8476,27.3766],[74.8468,27.3817],[74.8601,27.4011],[74.8741,27.4108],[74.8599,27.4495],[74.852,27.4528],[74.8013,27.4495],[74.7987,27.4624],[74.8034,27.4755],[74.7975,27.4865],[74.7863,27.4855],[74.7721,27.4937],[74.7554,27.4871],[74.7492,27.4986],[74.7304,27.4936],[74.7202,27.5018],[74.7232,27.5277],[74.7187,27.5394],[74.7614,27.5653],[74.7572,27.5909],[74.7414,27.5851],[74.7305,27.6093],[74.7048,27.5973],[74.7,27.6224],[74.7115,27.6299],[74.7124,27.6399],[74.7029,27.6531],[74.6877,27.6545],[74.6812,27.6684],[74.6743,27.6695],[74.6646,27.6608],[74.627,27.6484],[74.6056,27.6781],[74.6223,27.688],[74.6266,27.696],[74.6192,27.6964],[74.6089,27.7074],[74.5837,27.6913],[74.5559,27.6654],[74.5385,27.6641],[74.5263,27.676],[74.5041,27.6692]]]}},{"type":"Feature","properties":{"ac_name":"ALWAR RURAL","ac_no":65,"ac_category":"SC","st_name":"RAJASTHAN"},"geometry":{"type":"Polygon","coordinates":[[[76.633,27.7299],[76.641,27.7459],[76.625,27.7502],[76.6159,27.7602],[76.6051,27.7629],[76.6028,27.7596],[76.5776,27.7269],[76.563,27.7273],[76.5401,27.7028],[76.5271,27.7033],[76.52,27.6935],[76.5102,27.6962],[76.5124,27.7166],[76.5065,27.7236],[76.4996,27.7242],[76.4926,27.7086],[76.4938,27.6901],[76.5027,27.6874],[76.5052,27.6803],[76.4823,27.6479],[76.4743,27.6444],[76.4624,27.6476],[76.4612,27.6757],[76.4561,27.6713],[76.4499,27.6309],[76.4399,27.6221],[76.4399,27.6004],[76.4495,27.5763],[76.4345,27.563],[76.4321,27.5521],[76.415,27.5403],[76.4078,27.4642],[76.4109,27.4601],[76.3962,27.4388],[76.3779,27.4259],[76.3585,27.4297],[76.3546,27.4131],[76.3621,27.4118],[76.372,27.4009],[76.3907,27.4028],[76.4105,27.3907],[76.4198,27.3666],[76.4121,27.3519],[76.4134,27.321],[76.4278,27.325],[76.4369,27.3139],[76.4517,27.3157],[76.5047,27.3363],[76.5223,27.3302],[76.5571,27.332],[76.5605,27.319],[76.5671,27.3176],[76.5782,27.332],[76.5812,27.3148],[76.5895,27.3068],[76.5987,27.3067],[76.6048,27.3094],[76.6153,27.3405],[76.6356,27.3338],[76.6636,27.3587],[76.6805,27.3589],[76.6955,27.368],[76.7054,27.3558],[76.7186,27.3605],[76.7227,27.3663],[76.7353,27.3671],[76.7474,27.376],[76.752,27.3834],[76.7509,27.3958],[76.7611,27.4153],[76.7445,27.4205],[76.7459,27.4288],[76.7477,27.4378],[76.7392,27.4437],[76.7202,27.431],[76.7098,27.4308],[76.7328,27.4631],[76.7142,27.4662],[76.7085,27.473],[76.6942,27.4726],[76.6976,27.4825],[76.7108,27.4857],[76.6899,27.4938],[76.6841,27.502],[76.6653,27.5118],[76.677,27.5285],[76.6747,27.537],[76.683,27.5502],[76.6755,27.5712],[76.6859,27.577],[76.6772,27.5812],[76.6629,27.5778],[76.6591,27.5842],[76.6733,27.5961],[76.6863,27.5825],[76.6852,27.5889],[76.6974,27.6093],[76.6857,27.6146],[76.6976,27.6211],[76.736,27.612],[76.7476,27.6395],[76.7422,27.6539],[76.7497,27.6551],[76.7579,27.6482],[76.767,27.6725],[76.7733,27.6764],[76.7583,27.6864],[76.7447,27.6891],[76.7506,27.7086],[76.6946,27.7257],[76.6816,27.7216],[76.6419,27.6833],[76.619,27.6766],[76.6,27.6922],[76.608,27.6947],[76.633,27.7299]],[[76.5595,27.613],[76.5579,27.6069],[76.563,27.6008],[76.5691,27.6019],[76.5753,27.6114],[76.5906,27.6071],[76.5973,27.6144],[76.6296,27.608],[76.6261,27.5986],[76.6392,27.5773],[76.636,27.5499],[76.6285,27.5449],[76.6523,27.5352],[76.6514,27.5228],[76.6305,27.5246],[76.6309,27.5355],[76.6246,27.5388],[76.6174,27.5349],[76.6123,27.5443],[76.5785,27.5498],[76.5842,27.5812],[76.5813,27.5865],[76.5681,27.5875],[76.5545,27.5666],[76.5381,27.5639],[76.5335,27.5793],[76.5363,27.5873],[76.5296,27.6018],[76.5538,27.6165],[76.5595,27.613]]]}},{"type":"Feature","properties":{"ac_name":"RAMGARH","ac_no":67,"ac_category":"GEN","st_name":"RAJASTHAN"},"geometry":{"type":"Polygon","coordinates":[[[76.9011,27.7664],[76.8863,27.7673],[76.8472,27.7547],[76.8366,27.7634],[76.8266,27.7651],[76.829,27.7565],[76.8246,27.7524],[76.8147,27.7615],[76.7669,27.6911],[76.767,27.6861],[76.7763,27.6822],[76.7733,27.6764],[76.767,27.6725],[76.7579,27.6482],[76.7497,27.6551],[76.7422,27.6539],[76.7476,27.6395],[76.736,27.612],[76.6976,27.6211],[76.6857,27.6146],[76.6974,27.6093],[76.6852,27.5889],[76.6863,27.5825],[76.6733,27.5961],[76.6591,27.5842],[76.6629,27.5778],[76.6772,27.5812],[76.6859,27.577],[76.6755,27.5712],[76.683,27.5502],[76.6747,27.537],[76.677,27.5285],[76.6653,27.5118],[76.6841,27.502],[76.6899,27.4938],[76.7108,27.4857],[76.6976,27.4825],[76.6942,27.4726],[76.7085,27.473],[76.7142,27.4662],[76.7328,27.4631],[76.7098,27.4308],[76.7202,27.431],[76.7392,27.4437],[76.7477,27.4378],[76.7459,27.4288],[76.7533,27.4273],[76.7571,27.4401],[76.7802,27.4289],[76.8163,27.4125],[76.812,27.3994],[76.8177,27.3919],[76.8412,27.3866],[76.8601,27.3999],[76.8685,27.3973],[76.8863,27.4214],[76.8829,27.4311],[76.8866,27.4443],[76.8923,27.4537],[76.9004,27.4618],[76.9059,27.4623],[76.9084,27.4712],[76.913,27.4712],[76.9119,27.4819],[76.9187,27.4808],[76.9235,27.4932],[76.9125,27.4993],[76.8963,27.4915],[76.8807,27.5117],[76.8883,27.5232],[76.8937,27.5233],[76.8973,27.5375],[76.9094,27.531],[76.9247,27.5381],[76.9283,27.5317],[76.9248,27.5249],[76.9086,27.5285],[76.9053,27.5212],[76.9293,27.5172],[76.941,27.4952],[76.9385,27.4878],[76.9685,27.4764],[76.9636,27.4674],[76.971,27.4613],[76.9794,27.4644],[76.9813,27.4591],[77.0185,27.4509],[77.0289,27.4536],[77.0341,27.468],[77.0505,27.4597],[77.0458,27.4522],[77.0366,27.4489],[77.037,27.4448],[77.0486,27.4387],[77.0541,27.4468],[77.0607,27.446],[77.063,27.4528],[77.0565,27.4554],[77.0593,27.4597],[77.0516,27.4673],[77.0556,27.4761],[77.0528,27.4839],[77.0444,27.4841],[77.0369,27.4976],[77.0188,27.5053],[77.0221,27.5167],[77.0356,27.513],[77.0353,27.5257],[77.0407,27.5304],[77.0588,27.5269],[77.0676,27.537],[77.0563,27.5443],[77.0529,27.5408],[77.0427,27.5436],[77.0342,27.551],[77.0348,27.5539],[77.0484,27.55],[77.0497,27.5615],[77.0283,27.5587],[77.0023,27.5698],[76.9998,27.5577],[77.0207,27.5474],[77.0231,27.5415],[76.996,27.5333],[76.9861,27.5385],[76.9839,27.547],[76.9736,27.5516],[76.9672,27.5511],[76.9632,27.5409],[76.9592,27.5424],[76.9559,27.5549],[76.9468,27.5596],[76.9498,27.5624],[76.958,27.5593],[76.9614,27.5758],[76.9514,27.5805],[76.9467,27.5743],[76.9403,27.5767],[76.946,27.586],[76.9355,27.6039],[76.9385,27.6081],[76.9641,27.6048],[76.9668,27.6108],[76.9357,27.616],[76.9427,27.6206],[76.983,27.6195],[76.984,27.6407],[76.9766,27.6433],[76.9782,27.6503],[76.9795,27.6537],[76.9442,27.6735],[76.9338,27.6559],[76.9271,27.6614],[76.9166,27.6526],[76.9113,27.6546],[76.9071,27.6617],[76.9111,27.6683],[76.8985,27.6778],[76.9062,27.6868],[76.8892,27.6977],[76.8908,27.7026],[76.9089,27.6944],[76.925,27.7001],[76.9138,27.7137],[76.8947,27.718],[76.892,27.7292],[76.8937,27.7351],[76.9007,27.7378],[76.9011,27.7664]]]}},{"type":"Feature","properties":{"ac_name":"KHANDELA","ac_no":37,"ac_category":"GEN","st_name":"RAJASTHAN"},"geometry":{"type":"Polygon","coordinates":[[[75.6185,27.7027],[75.5925,27.7109],[75.5902,27.7026],[75.5767,27.707],[75.5689,27.6997],[75.5549,27.709],[75.5394,27.712],[75.5129,27.692],[75.5087,27.6947],[75.4928,27.6871],[75.4801,27.6883],[75.4753,27.6943],[75.4656,27.6799],[75.4655,27.6692],[75.4531,27.6572],[75.4507,27.6419],[75.4632,27.6349],[75.4649,27.6204],[75.4634,27.6018],[75.4531,27.583],[75.4496,27.5386],[75.442,27.5307],[75.4495,27.5245],[75.4485,27.5149],[75.4428,27.5075],[75.4467,27.4983],[75.4561,27.4978],[75.4468,27.49],[75.4586,27.4865],[75.4649,27.4309],[75.4486,27.3986],[75.4616,27.3558],[75.4481,27.3421],[75.4482,27.2901],[75.4559,27.2869],[75.4571,27.2803],[75.4757,27.2822],[75.4974,27.3001],[75.5053,27.3066],[75.5114,27.3236],[75.5276,27.3359],[75.565,27.3392],[75.5763,27.3348],[75.5794,27.3203],[75.5716,27.3033],[75.5777,27.2992],[75.6142,27.3059],[75.6231,27.3215],[75.6166,27.3266],[75.6308,27.3621],[75.6436,27.3639],[75.6503,27.3864],[75.6255,27.386],[75.6153,27.3768],[75.6142,27.3843],[75.6296,27.4196],[75.5917,27.4291],[75.6096,27.4572],[75.5955,27.4478],[75.5932,27.4507],[75.5972,27.4764],[75.5922,27.4838],[75.597,27.4926],[75.6231,27.4943],[75.6293,27.4929],[75.6278,27.4847],[75.6327,27.4819],[75.6471,27.5065],[75.6385,27.5154],[75.6377,27.5345],[75.625,27.5333],[75.625,27.538],[75.6091,27.541],[75.6073,27.5463],[75.6237,27.5489],[75.6257,27.5531],[75.6089,27.5638],[75.6107,27.5805],[75.6232,27.5797],[75.6375,27.5604],[75.6449,27.5677],[75.6524,27.5651],[75.6583,27.5687],[75.6688,27.534],[75.695,27.5297],[75.7037,27.5446],[75.7252,27.5488],[75.7306,27.5448],[75.7482,27.5547],[75.7457,27.5802],[75.7603,27.5811],[75.7625,27.5966],[75.7397,27.6058],[75.7261,27.6225],[75.7264,27.6421],[75.7077,27.6598],[75.6955,27.6599],[75.6851,27.6456],[75.6657,27.6384],[75.6614,27.6458],[75.6719,27.6632],[75.6584,27.6748],[75.6451,27.6772],[75.6412,27.6851],[75.6226,27.6922],[75.6185,27.7027]]]}},{"type":"Feature","properties":{"ac_name":"NAGAUR","ac_no":109,"ac_category":"GEN","st_name":"RAJASTHAN"},"geometry":{"type":"Polygon","coordinates":[[[73.6138,27.5001],[73.6115,27.4888],[73.593,27.4821],[73.5903,27.4867],[73.5789,27.4819],[73.5762,27.4875],[73.5716,27.4844],[73.5634,27.4921],[73.5469,27.4965],[73.5282,27.4838],[73.5254,27.4716],[73.5195,27.468],[73.5225,27.4615],[73.5174,27.4572],[73.5224,27.4454],[73.5027,27.4339],[73.5036,27.4183],[73.4993,27.4118],[73.5028,27.386],[73.513,27.3862],[73.5217,27.3717],[73.4866,27.3578],[73.4872,27.3429],[73.4953,27.328],[73.439,27.3127],[73.4367,27.307],[73.4021,27.287],[73.4107,27.2822],[73.4341,27.2849],[73.4733,27.2769],[73.4849,27.2365],[73.5009,27.2159],[73.5256,27.2073],[73.502,27.1893],[73.495,27.1979],[73.442,27.2023],[73.4437,27.1848],[73.4575,27.1699],[73.4834,27.1657],[73.5053,27.1785],[73.5087,27.1641],[73.5302,27.1329],[73.5213,27.1212],[73.5315,27.1067],[73.5405,27.1025],[73.5281,27.0768],[73.484,27.0811],[73.4764,27.0625],[73.4947,27.0256],[73.5099,27.0254],[73.5298,27.0094],[73.5363,27.0122],[73.5497,27.0058],[73.5565,27.0082],[73.5651,26.9998],[73.5789,27.0003],[73.6089,27.0187],[73.6147,27.0295],[73.6188,27.0723],[73.6423,27.0941],[73.6331,27.1074],[73.64,27.1316],[73.6646,27.1094],[73.6703,27.0886],[73.6759,27.0855],[73.6898,27.0904],[73.7078,27.069],[73.7132,27.0559],[73.7121,27.0426],[73.736,27.0365],[73.7418,26.9964],[73.7531,26.9836],[73.7713,26.9731],[73.7915,26.977],[73.8099,26.9746],[73.8143,26.99],[73.8309,26.9882],[73.8476,26.9956],[73.8554,27.0121],[73.887,27.0143],[73.9028,26.9929],[73.917,26.9937],[73.9366,27.0215],[73.9175,27.0392],[73.9125,27.0554],[73.891,27.0735],[73.8764,27.1547],[73.8786,27.1586],[73.905,27.1656],[73.9233,27.1989],[73.9501,27.1994],[73.9537,27.207],[73.9486,27.2205],[73.9385,27.2271],[73.9234,27.2254],[73.9146,27.2364],[73.8897,27.2324],[73.8771,27.2358],[73.842,27.2333],[73.8187,27.2276],[73.7958,27.2571],[73.7986,27.2678],[73.7909,27.309],[73.7779,27.3252],[73.756,27.3143],[73.7558,27.3246],[73.7481,27.3325],[73.7445,27.3487],[73.7226,27.3546],[73.7057,27.3424],[73.6874,27.3424],[73.6733,27.3658],[73.6837,27.4028],[73.7192,27.4088],[73.7342,27.4236],[73.7524,27.4161],[73.7616,27.4171],[73.7724,27.4254],[73.7841,27.4245],[73.7782,27.4355],[73.7762,27.4618],[73.766,27.459],[73.7401,27.4736],[73.7334,27.4919],[73.7224,27.5025],[73.7191,27.5199],[73.7045,27.5193],[73.6887,27.5464],[73.6711,27.5567],[73.6651,27.5654],[73.6585,27.5654],[73.6327,27.5434],[73.6162,27.5379],[73.6291,27.5174],[73.6163,27.5076],[73.6138,27.5001]]]}},{"type":"Feature","properties":{"ac_name":"SRIMADHOPUR","ac_no":39,"ac_category":"GEN","st_name":"RAJASTHAN"},"geometry":{"type":"Polygon","coordinates":[[[75.9804,27.6566],[75.9579,27.6607],[75.9409,27.6585],[75.9293,27.6353],[75.8982,27.6485],[75.8815,27.6217],[75.8476,27.6352],[75.8266,27.6173],[75.8163,27.6189],[75.818,27.6045],[75.7959,27.5975],[75.79,27.6042],[75.7706,27.6073],[75.7696,27.5959],[75.7625,27.5966],[75.7603,27.5811],[75.7457,27.5802],[75.7482,27.5547],[75.7306,27.5448],[75.7252,27.5488],[75.7037,27.5446],[75.695,27.5297],[75.6688,27.534],[75.6583,27.5687],[75.6524,27.5651],[75.6449,27.5677],[75.6375,27.5604],[75.6232,27.5797],[75.6107,27.5805],[75.6089,27.5638],[75.6257,27.5531],[75.6237,27.5489],[75.6073,27.5463],[75.6091,27.541],[75.625,27.538],[75.625,27.5333],[75.6377,27.5345],[75.6385,27.5154],[75.6471,27.5065],[75.6327,27.4819],[75.6278,27.4847],[75.6293,27.4929],[75.6231,27.4943],[75.597,27.4926],[75.5922,27.4838],[75.5972,27.4764],[75.5932,27.4507],[75.5955,27.4478],[75.6096,27.4572],[75.5917,27.4291],[75.6296,27.4196],[75.6142,27.3843],[75.6153,27.3768],[75.6255,27.386],[75.6503,27.3864],[75.6436,27.3639],[75.6308,27.3621],[75.6166,27.3266],[75.6231,27.3215],[75.629,27.3341],[75.6614,27.3308],[75.6661,27.3352],[75.6663,27.3482],[75.6664,27.3589],[75.6858,27.3668],[75.7238,27.3611],[75.7268,27.3674],[75.7211,27.3775],[75.7299,27.3812],[75.7324,27.3914],[75.7414,27.3999],[75.7766,27.3983],[75.7818,27.3903],[75.7791,27.38],[75.7984,27.3756],[75.8133,27.4008],[75.8204,27.3879],[75.8266,27.3865],[75.838,27.3858],[75.848,27.3995],[75.8567,27.3969],[75.8618,27.3875],[75.8762,27.3878],[75.8841,27.3972],[75.8715,27.4129],[75.8891,27.4532],[75.9204,27.4516],[75.9215,27.4592],[75.9284,27.4628],[75.9378,27.4601],[75.944,27.4697],[75.9532,27.4677],[75.9538,27.4716],[75.964,27.4704],[75.9645,27.4651],[75.97,27.4718],[75.9868,27.4685],[75.9848,27.4962],[75.9768,27.499],[75.9394,27.4973],[75.9511,27.5296],[75.9537,27.5622],[75.9426,27.5649],[75.9442,27.5711],[75.9682,27.5913],[75.9638,27.599],[75.9593,27.5919],[75.9539,27.595],[75.946,27.5912],[75.95,27.5978],[75.9484,27.612],[75.9416,27.6192],[75.9649,27.6221],[75.9584,27.6372],[75.97,27.641],[75.9804,27.6566]]]}},{"type":"Feature","properties":{"ac_name":"DANTA RAMGARH","ac_no":36,"ac_category":"GEN","st_name":"RAJASTHAN"},"geometry":{"type":"Polygon","coordinates":[[[75.3084,27.6074],[75.2931,27.6088],[75.2427,27.5941],[75.2408,27.5851],[75.2458,27.5768],[75.262,27.5751],[75.2608,27.5557],[75.2358,27.5482],[75.2329,27.5426],[75.218,27.5094],[75.2135,27.4732],[75.1774,27.4576],[75.1743,27.445],[75.1776,27.4399],[75.1525,27.4281],[75.1536,27.4238],[75.1859,27.4233],[75.1793,27.4068],[75.1622,27.3904],[75.1489,27.3873],[75.1413,27.3907],[75.1467,27.406],[75.1417,27.416],[75.1165,27.4245],[75.1073,27.4069],[75.0973,27.4023],[75.0994,27.3813],[75.114,27.3773],[75.1173,27.3706],[75.1135,27.3453],[75.1065,27.3411],[75.1069,27.3355],[75.1211,27.3361],[75.139,27.3209],[75.1604,27.3179],[75.1649,27.3049],[75.1558,27.2781],[75.133,27.2807],[75.0999,27.2437],[75.0863,27.2434],[75.0693,27.216],[75.1118,27.2171],[75.1211,27.2117],[75.1245,27.2087],[75.1191,27.2027],[75.1222,27.1947],[75.1161,27.1787],[75.1223,27.1792],[75.1276,27.1665],[75.1767,27.1558],[75.1791,27.1523],[75.1701,27.1454],[75.1708,27.1391],[75.1926,27.1381],[75.197,27.1261],[75.2286,27.1308],[75.2327,27.13],[75.2333,27.1237],[75.2674,27.1297],[75.2832,27.1214],[75.2973,27.1261],[75.2977,27.1399],[75.316,27.1438],[75.3134,27.185],[75.3215,27.2069],[75.3257,27.2055],[75.331,27.2111],[75.3469,27.2099],[75.3547,27.2228],[75.39,27.2288],[75.3878,27.2668],[75.3933,27.2785],[75.3795,27.2821],[75.3797,27.2884],[75.4269,27.2855],[75.4311,27.2913],[75.4482,27.2901],[75.4481,27.3421],[75.4616,27.3558],[75.4486,27.3986],[75.4649,27.4309],[75.4586,27.4865],[75.4468,27.49],[75.4561,27.4978],[75.4467,27.4983],[75.4428,27.5075],[75.4485,27.5149],[75.4495,27.5245],[75.442,27.5307],[75.4496,27.5386],[75.4531,27.583],[75.4248,27.5753],[75.4163,27.5665],[75.4033,27.5385],[75.4081,27.5313],[75.4248,27.5319],[75.4264,27.5266],[75.4257,27.5226],[75.4122,27.5171],[75.4088,27.5236],[75.3881,27.5262],[75.377,27.5348],[75.3744,27.5481],[75.3875,27.564],[75.3575,27.5622],[75.3341,27.5719],[75.3174,27.5876],[75.3238,27.6085],[75.3084,27.6074]]]}},{"type":"Feature","properties":{"ac_name":"JAYAL","ac_no":108,"ac_category":"SC","st_name":"RAJASTHAN"},"geometry":{"type":"Polygon","coordinates":[[[73.813,27.5001],[73.7909,27.5002],[73.7723,27.5278],[73.7586,27.535],[73.7437,27.5321],[73.7457,27.5278],[73.7345,27.522],[73.7191,27.5199],[73.7224,27.5025],[73.7334,27.4919],[73.7401,27.4736],[73.766,27.459],[73.7762,27.4618],[73.7782,27.4355],[73.7841,27.4245],[73.7724,27.4254],[73.7616,27.4171],[73.7524,27.4161],[73.7342,27.4236],[73.7192,27.4088],[73.6837,27.4028],[73.6733,27.3658],[73.6874,27.3424],[73.7057,27.3424],[73.7226,27.3546],[73.7445,27.3487],[73.7481,27.3325],[73.7558,27.3246],[73.756,27.3143],[73.7779,27.3252],[73.7909,27.309],[73.7986,27.2678],[73.7958,27.2571],[73.8187,27.2276],[73.842,27.2333],[73.8771,27.2358],[73.8897,27.2324],[73.9146,27.2364],[73.9234,27.2254],[73.9385,27.2271],[73.9486,27.2205],[73.9537,27.207],[73.9501,27.1994],[73.9233,27.1989],[73.905,27.1656],[73.8786,27.1586],[73.8764,27.1547],[73.891,27.0735],[73.9125,27.0554],[73.9175,27.0392],[73.9366,27.0215],[73.9598,27.0053],[73.9845,27.0176],[74.0132,27.0111],[74.041,26.9525],[74.0582,26.9491],[74.0853,26.9551],[74.0928,26.9518],[74.1006,26.9354],[74.106,26.9339],[74.1084,26.9543],[74.1217,26.9785],[74.1568,27.0036],[74.1573,27.0282],[74.1858,27.0251],[74.2147,27.0458],[74.2474,27.0543],[74.2641,27.0706],[74.2902,27.0846],[74.2997,27.0838],[74.3052,27.0725],[74.3163,27.0687],[74.3458,27.0752],[74.3559,27.0819],[74.3675,27.1124],[74.3433,27.1411],[74.344,27.1632],[74.3275,27.2001],[74.3428,27.2122],[74.3481,27.2226],[74.3332,27.274],[74.3075,27.2862],[74.3009,27.3036],[74.2795,27.3114],[74.271,27.3247],[74.2457,27.3215],[74.2149,27.3355],[74.2255,27.3658],[74.2141,27.4066],[74.2765,27.4243],[74.2801,27.4287],[74.2568,27.4612],[74.2097,27.4688],[74.2031,27.4645],[74.2032,27.4227],[74.1825,27.4243],[74.1544,27.4109],[74.1452,27.4154],[74.1405,27.4265],[74.149,27.4349],[74.1419,27.4526],[74.1318,27.4621],[74.1196,27.4594],[74.1117,27.4742],[74.0803,27.4795],[74.0788,27.4875],[74.0655,27.4979],[74.0632,27.5096],[74.0297,27.5351],[74.0068,27.5192],[74.0095,27.5134],[74.0022,27.5147],[73.9908,27.5045],[73.9883,27.5106],[73.9716,27.5034],[73.96,27.5054],[73.9564,27.5104],[73.9416,27.5006],[73.9077,27.4894],[73.8915,27.5004],[73.8773,27.5389],[73.8613,27.5358],[73.8309,27.5066],[73.813,27.5001]]]}},{"type":"Feature","properties":{"ac_name":"VIRATNAGAR","ac_no":41,"ac_category":"GEN","st_name":"RAJASTHAN"},"geometry":{"type":"Polygon","coordinates":[[[76.2031,27.5909],[76.1751,27.5907],[76.1618,27.6064],[76.1441,27.6109],[76.1398,27.6208],[76.1319,27.6241],[76.1192,27.6202],[76.0855,27.6011],[76.0818,27.5844],[76.0493,27.5821],[76.048,27.5746],[76.0424,27.5717],[76.0247,27.572],[76.0176,27.5583],[75.9937,27.557],[75.9911,27.5423],[75.9946,27.5344],[75.98,27.5165],[75.9768,27.499],[75.9848,27.4962],[75.9868,27.4685],[75.97,27.4718],[75.9645,27.4651],[75.964,27.4704],[75.9538,27.4716],[75.9532,27.4677],[75.944,27.4697],[75.9378,27.4601],[75.9284,27.4628],[75.9215,27.4592],[75.9204,27.4516],[75.8891,27.4532],[75.8715,27.4129],[75.8846,27.4074],[75.9183,27.4033],[75.9264,27.4062],[75.9312,27.419],[75.9733,27.415],[75.9978,27.4178],[75.996,27.4248],[76.0079,27.4165],[76.0669,27.3999],[76.0644,27.3901],[76.0461,27.3815],[76.0446,27.3602],[76.0575,27.3427],[76.0621,27.3108],[76.0791,27.2913],[76.0992,27.2761],[76.1056,27.2582],[76.1184,27.2624],[76.1248,27.2554],[76.1309,27.2607],[76.1341,27.281],[76.144,27.28],[76.1504,27.3114],[76.1689,27.3099],[76.1757,27.3383],[76.1797,27.3371],[76.198,27.3609],[76.1936,27.3742],[76.2013,27.3759],[76.2145,27.4033],[76.224,27.403],[76.2276,27.4172],[76.2209,27.4391],[76.2255,27.4474],[76.2225,27.4527],[76.2142,27.454],[76.2181,27.4599],[76.2203,27.4556],[76.2277,27.4587],[76.2313,27.4691],[76.2251,27.472],[76.2342,27.4711],[76.2393,27.4756],[76.2433,27.49],[76.2381,27.5064],[76.2277,27.513],[76.2349,27.5238],[76.2061,27.5339],[76.2128,27.5482],[76.2074,27.5533],[76.2098,27.5688],[76.2031,27.5909]]]}},{"type":"Feature","properties":{"ac_name":"NAGAR","ac_no":71,"ac_category":"GEN","st_name":"RAJASTHAN"},"geometry":{"type":"Polygon","coordinates":[[[77.0339,27.6149],[77.0157,27.6195],[76.9782,27.6503],[76.9766,27.6433],[76.984,27.6407],[76.983,27.6195],[76.9427,27.6206],[76.9357,27.616],[76.9668,27.6108],[76.9641,27.6048],[76.9385,27.6081],[76.9355,27.6039],[76.946,27.586],[76.9403,27.5767],[76.9467,27.5743],[76.9514,27.5805],[76.9614,27.5758],[76.958,27.5593],[76.9498,27.5624],[76.9468,27.5596],[76.9559,27.5549],[76.9592,27.5424],[76.9632,27.5409],[76.9672,27.5511],[76.9736,27.5516],[76.9839,27.547],[76.9861,27.5385],[76.996,27.5333],[77.0231,27.5415],[77.0207,27.5474],[76.9998,27.5577],[77.0023,27.5698],[77.0283,27.5587],[77.0497,27.5615],[77.0484,27.55],[77.0348,27.5539],[77.0342,27.551],[77.0427,27.5436],[77.0529,27.5408],[77.0563,27.5443],[77.0676,27.537],[77.0588,27.5269],[77.0407,27.5304],[77.0353,27.5257],[77.0356,27.513],[77.0221,27.5167],[77.0188,27.5053],[77.0369,27.4976],[77.0444,27.4841],[77.0528,27.4839],[77.0556,27.4761],[77.0516,27.4673],[77.0593,27.4597],[77.0565,27.4554],[77.063,27.4528],[77.0607,27.446],[77.0541,27.4468],[77.0486,27.4387],[77.037,27.4448],[77.0366,27.4489],[77.0458,27.4522],[77.0505,27.4597],[77.0341,27.468],[77.0289,27.4536],[77.0185,27.4509],[76.9813,27.4591],[76.9794,27.4644],[76.971,27.4613],[76.9636,27.4674],[76.9685,27.4764],[76.9385,27.4878],[76.941,27.4952],[76.9293,27.5172],[76.9053,27.5212],[76.9086,27.5285],[76.9248,27.5249],[76.9283,27.5317],[76.9247,27.5381],[76.9094,27.531],[76.8973,27.5375],[76.8937,27.5233],[76.8883,27.5232],[76.8807,27.5117],[76.8963,27.4915],[76.9125,27.4993],[76.9235,27.4932],[76.9187,27.4808],[76.9119,27.4819],[76.913,27.4712],[76.9084,27.4712],[76.9059,27.4623],[76.9004,27.4618],[76.8974,27.4584],[76.9091,27.4581],[76.911,27.4631],[76.9181,27.4648],[76.9225,27.458],[76.9443,27.4473],[76.9474,27.4355],[76.9586,27.4312],[76.9575,27.4204],[76.9617,27.4181],[76.9697,27.424],[76.9784,27.4178],[76.9804,27.4258],[76.9891,27.4285],[77.0026,27.4226],[77.0089,27.4168],[77.0052,27.4065],[77.0102,27.4034],[77.0091,27.3967],[77.0209,27.3924],[77.0253,27.4033],[77.0333,27.4023],[77.028,27.3894],[77.0446,27.3821],[77.0493,27.3865],[77.0632,27.3822],[77.0708,27.3951],[77.1007,27.3773],[77.106,27.3643],[77.1244,27.3566],[77.153,27.3492],[77.1924,27.3607],[77.2085,27.3544],[77.2206,27.357],[77.236,27.3767],[77.2477,27.3809],[77.2497,27.3869],[77.2428,27.3932],[77.2576,27.4118],[77.2405,27.4189],[77.2517,27.4278],[77.2574,27.4304],[77.2854,27.4201],[77.2978,27.4363],[77.3091,27.4396],[77.3337,27.4303],[77.3346,27.4457],[77.3261,27.4548],[77.314,27.4575],[77.3131,27.471],[77.3019,27.4814],[77.3003,27.4888],[77.3094,27.5014],[77.306,27.5041],[77.3172,27.5316],[77.3389,27.5499],[77.3376,27.5712],[77.345,27.5724],[77.3571,27.5869],[77.3549,27.5923],[77.3437,27.5971],[77.335,27.591],[77.3178,27.6059],[77.2898,27.5756],[77.2652,27.5671],[77.2329,27.57],[77.225,27.5802],[77.1987,27.5749],[77.1946,27.5645],[77.2013,27.5564],[77.1847,27.5382],[77.1701,27.5448],[77.1602,27.5585],[77.1143,27.577],[77.1069,27.5975],[77.0896,27.5914],[77.0621,27.6107],[77.0339,27.6149]]]}},{"type":"Feature","properties":{"ac_name":"ALWAR URBAN","ac_no":66,"ac_category":"GEN","st_name":"RAJASTHAN"},"geometry":{"type":"Polygon","coordinates":[[[76.5595,27.613],[76.5538,27.6165],[76.5296,27.6018],[76.5363,27.5873],[76.5335,27.5793],[76.5381,27.5639],[76.5545,27.5666],[76.5681,27.5875],[76.5813,27.5865],[76.5842,27.5812],[76.5785,27.5498],[76.6123,27.5443],[76.6174,27.5349],[76.6246,27.5388],[76.6309,27.5355],[76.6305,27.5246],[76.6514,27.5228],[76.6523,27.5352],[76.6285,27.5449],[76.636,27.5499],[76.6392,27.5773],[76.6261,27.5986],[76.6296,27.608],[76.5973,27.6144],[76.5906,27.6071],[76.5753,27.6114],[76.5691,27.6019],[76.563,27.6008],[76.5579,27.6069],[76.5595,27.613]]]}},{"type":"Feature","properties":{"ac_name":"DEEDWANA","ac_no":107,"ac_category":"GEN","st_name":"RAJASTHAN"},"geometry":{"type":"Polygon","coordinates":[[[74.5859,27.4602],[74.5597,27.4684],[74.5461,27.4964],[74.5346,27.5001],[74.5331,27.4935],[74.5439,27.4706],[74.5291,27.4572],[74.5246,27.4574],[74.5087,27.4788],[74.5002,27.4744],[74.4878,27.4816],[74.46,27.4667],[74.4436,27.4519],[74.3896,27.4389],[74.3916,27.4223],[74.4225,27.3992],[74.4271,27.3857],[74.4161,27.375],[74.3616,27.366],[74.354,27.3606],[74.3496,27.3529],[74.3521,27.3419],[74.3814,27.311],[74.3742,27.3052],[74.3393,27.3006],[74.3332,27.274],[74.3481,27.2226],[74.3428,27.2122],[74.3275,27.2001],[74.344,27.1632],[74.3433,27.1411],[74.3675,27.1124],[74.3559,27.0819],[74.3703,27.0665],[74.3788,27.0741],[74.4036,27.081],[74.4011,27.1079],[74.4181,27.1105],[74.4049,27.1286],[74.4126,27.1387],[74.4243,27.1433],[74.4388,27.1335],[74.4624,27.1495],[74.4916,27.1415],[74.5025,27.1505],[74.5333,27.1529],[74.5452,27.1622],[74.5723,27.1671],[74.5911,27.1797],[74.5966,27.1904],[74.6089,27.1936],[74.6222,27.2041],[74.648,27.2057],[74.6745,27.2158],[74.6761,27.2366],[74.6879,27.2452],[74.7134,27.2457],[74.7227,27.2328],[74.7185,27.2132],[74.7335,27.1876],[74.749,27.1806],[74.7615,27.1815],[74.7762,27.1912],[74.7781,27.215],[74.8023,27.2261],[74.8294,27.2461],[74.837,27.26],[74.8567,27.2765],[74.8567,27.3007],[74.8771,27.3206],[74.8709,27.3288],[74.8468,27.3315],[74.8393,27.3239],[74.8255,27.334],[74.7891,27.3379],[74.782,27.3573],[74.7976,27.372],[74.7863,27.3808],[74.7797,27.4063],[74.7646,27.4029],[74.7641,27.3969],[74.7423,27.3821],[74.7262,27.391],[74.7126,27.39],[74.6991,27.3968],[74.676,27.3737],[74.6763,27.399],[74.6639,27.4023],[74.6485,27.3997],[74.6275,27.4226],[74.6022,27.4282],[74.6068,27.4501],[74.5859,27.4602]]]}},{"type":"Feature","properties":{"ac_name":"DEEG-KUMHER","ac_no":72,"ac_category":"GEN","st_name":"RAJASTHAN"},"geometry":{"type":"Polygon","coordinates":[[[77.3389,27.5499],[77.3172,27.5316],[77.306,27.5041],[77.3094,27.5014],[77.3003,27.4888],[77.3019,27.4814],[77.3131,27.471],[77.314,27.4575],[77.3261,27.4548],[77.3346,27.4457],[77.3337,27.4303],[77.3091,27.4396],[77.2978,27.4363],[77.2854,27.4201],[77.2574,27.4304],[77.2517,27.4278],[77.2405,27.4189],[77.2576,27.4118],[77.2428,27.3932],[77.2497,27.3869],[77.2477,27.3809],[77.236,27.3767],[77.2206,27.357],[77.2085,27.3544],[77.2095,27.3459],[77.2009,27.3308],[77.2072,27.3195],[77.2016,27.2995],[77.2136,27.2887],[77.2077,27.2682],[77.2202,27.2628],[77.2265,27.2787],[77.2337,27.2828],[77.2573,27.277],[77.2719,27.2612],[77.257,27.2404],[77.2568,27.2298],[77.2858,27.2181],[77.29,27.2117],[77.2874,27.1969],[77.2995,27.1913],[77.3136,27.1942],[77.3251,27.1874],[77.3379,27.1875],[77.3416,27.1922],[77.3357,27.1984],[77.3456,27.2155],[77.4048,27.2115],[77.4147,27.2398],[77.4295,27.2591],[77.4333,27.2616],[77.4455,27.2554],[77.453,27.2732],[77.4784,27.2763],[77.4888,27.2673],[77.5018,27.2694],[77.5157,27.2608],[77.5236,27.2864],[77.5124,27.2966],[77.4952,27.2959],[77.4899,27.301],[77.4898,27.3118],[77.4962,27.3218],[77.5183,27.3208],[77.5232,27.3272],[77.5301,27.322],[77.5357,27.3206],[77.5476,27.3267],[77.5434,27.3128],[77.5522,27.3082],[77.5511,27.2998],[77.5596,27.2932],[77.5842,27.3131],[77.591,27.309],[77.5957,27.293],[77.6028,27.2922],[77.6004,27.3004],[77.6079,27.3004],[77.6222,27.3133],[77.6223,27.3363],[77.6163,27.3402],[77.6126,27.3315],[77.6012,27.334],[77.5913,27.3303],[77.5838,27.3207],[77.5774,27.3231],[77.5774,27.3276],[77.5478,27.3367],[77.5455,27.3495],[77.5332,27.35],[77.5235,27.3565],[77.5073,27.3767],[77.4845,27.3835],[77.4727,27.3771],[77.4704,27.383],[77.4395,27.3909],[77.4387,27.4082],[77.4209,27.4213],[77.4263,27.4446],[77.4361,27.446],[77.4381,27.456],[77.4255,27.4668],[77.422,27.4612],[77.4192,27.4698],[77.4024,27.4757],[77.4016,27.4965],[77.3864,27.5135],[77.3737,27.5119],[77.3403,27.5262],[77.3398,27.5385],[77.3461,27.539],[77.3494,27.5447],[77.3389,27.5499]]]}},{"type":"Feature","properties":{"ac_name":"THANAGAZI","ac_no":64,"ac_category":"GEN","st_name":"RAJASTHAN"},"geometry":{"type":"Polygon","coordinates":[[[76.2381,27.5064],[76.2433,27.49],[76.2393,27.4756],[76.2342,27.4711],[76.2251,27.472],[76.2313,27.4691],[76.2277,27.4587],[76.2203,27.4556],[76.2181,27.4599],[76.2142,27.454],[76.2225,27.4527],[76.2255,27.4474],[76.2209,27.4391],[76.2276,27.4172],[76.224,27.403],[76.2145,27.4033],[76.2013,27.3759],[76.1936,27.3742],[76.198,27.3609],[76.1797,27.3371],[76.1757,27.3383],[76.1689,27.3099],[76.1504,27.3114],[76.144,27.28],[76.1341,27.281],[76.1309,27.2607],[76.1248,27.2554],[76.1167,27.2483],[76.1146,27.2282],[76.1329,27.2228],[76.1194,27.1937],[76.131,27.1958],[76.1428,27.2196],[76.154,27.2163],[76.1488,27.1806],[76.1628,27.1788],[76.1775,27.1828],[76.1803,27.1421],[76.1736,27.1285],[76.1851,27.1176],[76.1988,27.1143],[76.2142,27.1379],[76.2361,27.1464],[76.2515,27.1755],[76.2654,27.1823],[76.2713,27.178],[76.2748,27.1611],[76.2832,27.1493],[76.2761,27.0711],[76.282,27.0635],[76.3159,27.0599],[76.3276,27.0542],[76.3294,27.059],[76.342,27.0588],[76.3522,27.0539],[76.3749,27.0754],[76.3822,27.0766],[76.3851,27.082],[76.3928,27.0795],[76.3898,27.0825],[76.3949,27.0866],[76.4004,27.1241],[76.4267,27.1279],[76.433,27.0902],[76.4555,27.0756],[76.4628,27.079],[76.4646,27.0871],[76.4864,27.112],[76.5119,27.1147],[76.5211,27.125],[76.5378,27.1269],[76.54,27.1315],[76.5477,27.1253],[76.5535,27.1387],[76.5452,27.1487],[76.5552,27.1722],[76.5677,27.1681],[76.5684,27.1753],[76.6086,27.1769],[76.6471,27.1636],[76.6635,27.1832],[76.6284,27.1962],[76.6338,27.1999],[76.6329,27.2147],[76.6242,27.219],[76.6273,27.2254],[76.6131,27.2448],[76.6214,27.2417],[76.6273,27.2512],[76.6005,27.2678],[76.6093,27.2726],[76.6187,27.2877],[76.6087,27.2937],[76.6053,27.2878],[76.5987,27.2896],[76.5987,27.3067],[76.5895,27.3068],[76.5812,27.3148],[76.5782,27.332],[76.5671,27.3176],[76.5605,27.319],[76.5571,27.332],[76.5223,27.3302],[76.5047,27.3363],[76.4517,27.3157],[76.4369,27.3139],[76.4278,27.325],[76.4134,27.321],[76.4121,27.3519],[76.4198,27.3666],[76.4105,27.3907],[76.3907,27.4028],[76.372,27.4009],[76.3621,27.4118],[76.3546,27.4131],[76.3585,27.4297],[76.3779,27.4259],[76.3962,27.4388],[76.3787,27.4489],[76.3692,27.4458],[76.3695,27.4567],[76.3644,27.4573],[76.3632,27.4653],[76.3669,27.4794],[76.3613,27.4873],[76.3557,27.4888],[76.3478,27.4611],[76.3275,27.4642],[76.3303,27.4943],[76.3246,27.4992],[76.3189,27.4874],[76.3096,27.485],[76.3047,27.4746],[76.2942,27.4723],[76.2766,27.4569],[76.2807,27.4468],[76.2718,27.4393],[76.2656,27.447],[76.2694,27.5096],[76.2484,27.5124],[76.2381,27.5064]]]}},{"type":"Feature","properties":{"ac_name":"LOHAWAT","ac_no":123,"ac_category":"GEN","st_name":"RAJASTHAN"},"geometry":{"type":"Polygon","coordinates":[[[73.0894,27.2426],[73.0742,27.2455],[73.0297,27.1955],[72.9995,27.2077],[72.9804,27.2079],[72.9623,27.1974],[72.9425,27.2119],[72.9246,27.2161],[72.9216,27.1689],[72.9413,27.1682],[72.9369,27.1373],[72.8915,27.0918],[72.8554,27.077],[72.8451,27.0944],[72.8309,27.0932],[72.8249,27.1116],[72.8044,27.1442],[72.8064,27.2186],[72.8215,27.2333],[72.8425,27.2356],[72.8545,27.2417],[72.8272,27.2516],[72.7865,27.2903],[72.7781,27.2933],[72.7735,27.3206],[72.7587,27.3182],[72.7371,27.3018],[72.7252,27.3095],[72.7104,27.2975],[72.6699,27.2843],[72.6759,27.2684],[72.6699,27.2615],[72.6506,27.2496],[72.6262,27.2423],[72.596,27.2223],[72.5907,27.1836],[72.5846,27.172],[72.5669,27.156],[72.5832,27.1097],[72.5784,27.0848],[72.5812,27.0465],[72.5426,27.0275],[72.5307,27.0156],[72.5191,26.997],[72.5253,26.9621],[72.4643,26.9353],[72.4535,26.9255],[72.427,26.9349],[72.3989,26.9249],[72.3775,26.9093],[72.3713,26.9161],[72.358,26.9158],[72.324,26.8896],[72.3006,26.8916],[72.2846,26.908],[72.2689,26.9097],[72.2379,26.8857],[72.214,26.8851],[72.1941,26.8783],[72.1907,26.8659],[72.1687,26.8556],[72.15,26.8899],[72.0993,26.8906],[72.1024,26.8875],[72.0964,26.8808],[72.1018,26.8604],[72.0941,26.8576],[72.0879,26.8483],[72.0982,26.8301],[72.0842,26.8083],[72.0549,26.8038],[72.0447,26.7907],[72.0598,26.7829],[72.058,26.7625],[72.0834,26.7369],[72.0862,26.7191],[72.0752,26.7151],[72.0697,26.7198],[72.0386,26.6817],[72.0386,26.6746],[72.0531,26.6639],[72.0658,26.6462],[72.0592,26.6415],[72.0849,26.6234],[72.1338,26.6308],[72.1409,26.617],[72.159,26.6037],[72.1956,26.5908],[72.2035,26.5825],[72.2018,26.5465],[72.2174,26.5443],[72.2306,26.5558],[72.2627,26.5577],[72.2563,26.5689],[72.2666,26.5766],[72.2909,26.5642],[72.329,26.5656],[72.375,26.6069],[72.3628,26.6157],[72.3707,26.6284],[72.362,26.6357],[72.3758,26.6553],[72.3654,26.6706],[72.3478,26.6797],[72.334,26.6791],[72.327,26.6884],[72.3469,26.6893],[72.3653,26.7244],[72.3875,26.7305],[72.406,26.8035],[72.4226,26.8033],[72.4304,26.7985],[72.4724,26.8065],[72.4889,26.8017],[72.5325,26.8306],[72.5294,26.8395],[72.536,26.8652],[72.5601,26.8953],[72.5899,26.9073],[72.6725,26.9017],[72.6816,26.8902],[72.693,26.8581],[72.7325,26.8619],[72.734,26.82],[72.7671,26.7842],[72.7549,26.7505],[72.8077,26.7224],[72.8155,26.7267],[72.8226,26.7006],[72.833,26.6921],[72.8539,26.7118],[72.8686,26.7111],[72.8703,26.7272],[72.863,26.7301],[72.8739,26.7704],[72.8966,26.7995],[72.9097,26.7976],[72.941,26.8441],[72.9623,26.8409],[72.9777,26.8288],[73.0211,26.8452],[73.0351,26.8563],[73.0189,26.876],[73.055,26.8975],[73.0797,26.8911],[73.0921,26.8984],[73.1206,26.9454],[73.1081,26.9695],[73.1079,26.9796],[73.1198,26.9896],[73.1191,26.9963],[73.1085,27.007],[73.1084,27.0227],[73.1382,27.0502],[73.1314,27.0573],[73.1204,27.0913],[73.1029,27.1065],[73.0988,27.1176],[73.1133,27.1321],[73.1169,27.1473],[73.1083,27.2007],[73.0991,27.227],[73.0858,27.2395],[73.0894,27.2426]]]}},{"type":"Feature","properties":{"ac_name":"KHINWSAR","ac_no":110,"ac_category":"GEN","st_name":"RAJASTHAN"},"geometry":{"type":"Polygon","coordinates":[[[73.1341,27.3096],[73.1273,27.3031],[73.1318,27.2971],[73.1185,27.2865],[73.1153,27.2782],[73.1187,27.2752],[73.1072,27.2633],[73.1097,27.2568],[73.0894,27.2426],[73.0858,27.2395],[73.0991,27.227],[73.1083,27.2007],[73.1169,27.1473],[73.1133,27.1321],[73.0988,27.1176],[73.1029,27.1065],[73.1204,27.0913],[73.1314,27.0573],[73.1382,27.0502],[73.1084,27.0227],[73.1085,27.007],[73.1191,26.9963],[73.1198,26.9896],[73.1079,26.9796],[73.1081,26.9695],[73.1206,26.9454],[73.1218,26.9412],[73.1269,26.9428],[73.1472,26.9318],[73.1537,26.924],[73.1693,26.9324],[73.1754,26.9248],[73.1759,26.9028],[73.1837,26.8831],[73.2028,26.8792],[73.2042,26.8686],[73.2104,26.8699],[73.2151,26.8654],[73.2345,26.8686],[73.2384,26.8606],[73.251,26.8645],[73.2661,26.8594],[73.2789,26.8632],[73.2866,26.8727],[73.2914,26.8733],[73.3015,26.8629],[73.3111,26.8635],[73.3237,26.8534],[73.3489,26.8633],[73.355,26.87],[73.3865,26.8679],[73.4044,26.8843],[73.4294,26.8884],[73.4416,26.8862],[73.4467,26.8736],[73.4742,26.878],[73.4984,26.8876],[73.5134,26.8827],[73.5337,26.8568],[73.5773,26.865],[73.5808,26.861],[73.5927,26.8641],[73.5957,26.8521],[73.6032,26.8506],[73.6044,26.8452],[73.6163,26.8388],[73.6204,26.8457],[73.6304,26.8437],[73.6363,26.8067],[73.6571,26.8068],[73.6629,26.7967],[73.6626,26.7787],[73.6788,26.7546],[73.6723,26.7518],[73.6589,26.722],[73.6512,26.7152],[73.6555,26.6939],[73.6728,26.6813],[73.6729,26.6761],[73.7008,26.6511],[73.713,26.6525],[73.7398,26.6684],[73.7569,26.6715],[73.7646,26.669],[73.768,26.6621],[73.7861,26.6588],[73.8438,26.6602],[73.8747,26.6698],[73.878,26.6719],[73.8689,26.709],[73.8754,26.7192],[73.8775,26.7367],[73.8888,26.7409],[73.8952,26.7524],[73.892,26.7641],[73.8768,26.7708],[73.9006,26.7864],[73.9062,26.8016],[73.9009,26.8177],[73.9168,26.8245],[73.9195,26.832],[73.9082,26.8589],[73.8899,26.8615],[73.8836,26.8791],[73.8861,26.889],[73.9021,26.8889],[73.908,26.9083],[73.9432,26.9382],[73.9545,26.9382],[73.9903,26.9135],[74.0068,26.9304],[74.041,26.9525],[74.0132,27.0111],[73.9845,27.0176],[73.9598,27.0053],[73.9366,27.0215],[73.917,26.9937],[73.9028,26.9929],[73.887,27.0143],[73.8554,27.0121],[73.8476,26.9956],[73.8309,26.9882],[73.8143,26.99],[73.8099,26.9746],[73.7915,26.977],[73.7713,26.9731],[73.7531,26.9836],[73.7418,26.9964],[73.736,27.0365],[73.7121,27.0426],[73.7132,27.0559],[73.7078,27.069],[73.6898,27.0904],[73.6759,27.0855],[73.6703,27.0886],[73.6646,27.1094],[73.64,27.1316],[73.6331,27.1074],[73.6423,27.0941],[73.6188,27.0723],[73.6147,27.0295],[73.6089,27.0187],[73.5789,27.0003],[73.5651,26.9998],[73.5565,27.0082],[73.5497,27.0058],[73.5363,27.0122],[73.5298,27.0094],[73.5099,27.0254],[73.4947,27.0256],[73.4764,27.0625],[73.484,27.0811],[73.5281,27.0768],[73.5405,27.1025],[73.5315,27.1067],[73.5213,27.1212],[73.5302,27.1329],[73.5087,27.1641],[73.5053,27.1785],[73.4834,27.1657],[73.4575,27.1699],[73.4437,27.1848],[73.442,27.2023],[73.495,27.1979],[73.502,27.1893],[73.5256,27.2073],[73.5009,27.2159],[73.4849,27.2365],[73.4733,27.2769],[73.4341,27.2849],[73.4107,27.2822],[73.4021,27.287],[73.3788,27.2689],[73.3761,27.2732],[73.3646,27.2662],[73.3386,27.2398],[73.3359,27.2197],[73.3519,27.2095],[73.3272,27.1831],[73.3263,27.1938],[73.3088,27.2001],[73.2902,27.2321],[73.2582,27.26],[73.2601,27.2704],[73.2396,27.2927],[73.2432,27.3],[73.2389,27.3049],[73.2464,27.3117],[73.241,27.3218],[73.2317,27.3239],[73.2277,27.3348],[73.2195,27.3351],[73.1873,27.3148],[73.1818,27.2873],[73.165,27.2882],[73.1341,27.3096]]]}},{"type":"Feature","properties":{"ac_name":"KATHUMAR","ac_no":69,"ac_category":"SC","st_name":"RAJASTHAN"},"geometry":{"type":"Polygon","coordinates":[[[76.9004,27.4618],[76.8923,27.4537],[76.8866,27.4443],[76.8829,27.4311],[76.8863,27.4214],[76.9022,27.4129],[76.885,27.3703],[76.8916,27.3643],[76.8868,27.3553],[76.8708,27.358],[76.8654,27.3534],[76.8763,27.3405],[76.8688,27.3363],[76.868,27.3297],[76.8763,27.3251],[76.8685,27.3108],[76.8767,27.2798],[76.8682,27.2297],[76.8881,27.2219],[76.8942,27.2311],[76.902,27.228],[76.8993,27.2238],[76.9037,27.218],[76.8993,27.2133],[76.9051,27.2102],[76.9048,27.1879],[76.9106,27.1811],[76.9087,27.1754],[76.8972,27.1758],[76.8956,27.1608],[76.9184,27.1507],[76.9152,27.1414],[76.9269,27.1366],[76.9437,27.1388],[76.9451,27.1468],[76.9604,27.1441],[76.9567,27.1578],[76.9672,27.1827],[76.9955,27.1736],[77.0255,27.176],[77.0242,27.1667],[77.054,27.1578],[77.0618,27.1573],[77.0749,27.1662],[77.0943,27.1622],[77.0972,27.1677],[77.1008,27.1719],[77.0805,27.1794],[77.0903,27.194],[77.0847,27.2012],[77.0422,27.222],[77.0495,27.2385],[77.0762,27.2332],[77.0913,27.2505],[77.1039,27.2458],[77.11,27.2544],[77.1203,27.2554],[77.1263,27.2654],[77.1316,27.2951],[77.1421,27.3037],[77.1467,27.3203],[77.1642,27.3166],[77.1732,27.3254],[77.2009,27.3308],[77.2095,27.3459],[77.2085,27.3544],[77.1924,27.3607],[77.153,27.3492],[77.1244,27.3566],[77.106,27.3643],[77.1007,27.3773],[77.0708,27.3951],[77.0632,27.3822],[77.0493,27.3865],[77.0446,27.3821],[77.028,27.3894],[77.0333,27.4023],[77.0253,27.4033],[77.0209,27.3924],[77.0091,27.3967],[77.0102,27.4034],[77.0052,27.4065],[77.0089,27.4168],[77.0026,27.4226],[76.9891,27.4285],[76.9804,27.4258],[76.9784,27.4178],[76.9697,27.424],[76.9617,27.4181],[76.9575,27.4204],[76.9586,27.4312],[76.9474,27.4355],[76.9443,27.4473],[76.9225,27.458],[76.9181,27.4648],[76.911,27.4631],[76.9091,27.4581],[76.8974,27.4584],[76.9004,27.4618]]]}},{"type":"Feature","properties":{"ac_name":"SHAHPURA","ac_no":42,"ac_category":"GEN","st_name":"RAJASTHAN"},"geometry":{"type":"Polygon","coordinates":[[[76.0079,27.4165],[75.996,27.4248],[75.9978,27.4178],[75.9733,27.415],[75.9312,27.419],[75.9264,27.4062],[75.9183,27.4033],[75.8846,27.4074],[75.8715,27.4129],[75.8841,27.3972],[75.8762,27.3878],[75.8618,27.3875],[75.8567,27.3969],[75.848,27.3995],[75.838,27.3858],[75.8266,27.3865],[75.8204,27.3879],[75.8133,27.4008],[75.7984,27.3756],[75.7791,27.38],[75.7818,27.3903],[75.7766,27.3983],[75.7414,27.3999],[75.7324,27.3914],[75.7299,27.3812],[75.7211,27.3775],[75.7268,27.3674],[75.7238,27.3611],[75.6858,27.3668],[75.6664,27.3589],[75.6663,27.3482],[75.6747,27.3475],[75.6787,27.3389],[75.6791,27.3168],[75.6924,27.3172],[75.6967,27.3054],[75.7067,27.3038],[75.6937,27.2827],[75.7396,27.2738],[75.7332,27.2567],[75.7382,27.2527],[75.7413,27.2375],[75.7499,27.2377],[75.7545,27.2271],[75.7482,27.2018],[75.7695,27.2082],[75.783,27.2317],[75.8144,27.2347],[75.8357,27.2523],[75.8551,27.2524],[75.8723,27.2746],[75.894,27.2882],[75.9299,27.2866],[75.9449,27.299],[75.9792,27.2894],[75.9985,27.2951],[76.031,27.29],[76.0504,27.279],[76.0658,27.2909],[76.0791,27.2913],[76.0621,27.3108],[76.0575,27.3427],[76.0446,27.3602],[76.0461,27.3815],[76.0644,27.3901],[76.0669,27.3999],[76.0079,27.4165]]]}},{"type":"Feature","properties":{"ac_name":"NAWAN","ac_no":115,"ac_category":"GEN","st_name":"RAJASTHAN"},"geometry":{"type":"Polygon","coordinates":[[[74.8826,27.3092],[74.8771,27.3206],[74.8567,27.3007],[74.8567,27.2765],[74.837,27.26],[74.8294,27.2461],[74.8539,27.2096],[74.8655,27.1771],[74.8593,27.1647],[74.8454,27.158],[74.844,27.1225],[74.8613,27.1279],[74.8767,27.1252],[74.8949,27.1415],[74.9038,27.1436],[74.959,27.1452],[74.9774,27.1129],[74.9898,27.1295],[75.0026,27.1083],[75.0203,27.1058],[75.0093,27.0795],[75.0226,27.0831],[75.0333,27.0709],[75.0346,27.0606],[75.0284,27.0563],[74.9714,27.0571],[74.961,27.0349],[74.9633,27.0241],[74.9438,27.0203],[74.927,27.0015],[74.9219,27.0042],[74.9229,27.0127],[74.9366,27.0322],[74.9137,27.0411],[74.9115,26.9977],[74.898,26.9769],[74.9093,26.9759],[74.9105,26.9665],[74.9179,26.964],[74.9594,26.9608],[74.9641,26.947],[74.976,26.9479],[74.9808,26.9436],[74.9717,26.898],[74.9758,26.8908],[75.0113,26.8948],[75.0107,26.9461],[75.1621,26.9328],[75.1644,26.96],[75.1593,26.9721],[75.2011,26.9749],[75.202,27.008],[75.2149,27.0083],[75.2235,27.0145],[75.2404,27.0136],[75.2549,27.031],[75.256,27.0354],[75.2413,27.0374],[75.2393,27.0479],[75.2198,27.0522],[75.2189,27.0803],[75.2753,27.0878],[75.3176,27.0857],[75.3312,27.0919],[75.3457,27.0835],[75.3641,27.0834],[75.3617,27.1085],[75.3464,27.1058],[75.3434,27.1137],[75.3375,27.114],[75.3384,27.1345],[75.3285,27.1355],[75.3284,27.1431],[75.316,27.1438],[75.2977,27.1399],[75.2973,27.1261],[75.2832,27.1214],[75.2674,27.1297],[75.2333,27.1237],[75.2327,27.13],[75.2286,27.1308],[75.197,27.1261],[75.1926,27.1381],[75.1708,27.1391],[75.1701,27.1454],[75.1791,27.1523],[75.1767,27.1558],[75.1276,27.1665],[75.1223,27.1792],[75.1161,27.1787],[75.1222,27.1947],[75.1191,27.2027],[75.1245,27.2087],[75.1211,27.2117],[75.1118,27.2171],[75.0693,27.216],[75.0863,27.2434],[75.0999,27.2437],[75.133,27.2807],[75.1558,27.2781],[75.1649,27.3049],[75.1604,27.3179],[75.139,27.3209],[75.1211,27.3361],[75.1069,27.3355],[75.1065,27.3411],[75.1135,27.3453],[75.1173,27.3706],[75.114,27.3773],[75.0994,27.3813],[75.0798,27.3856],[75.0461,27.3774],[75.0436,27.363],[75.0372,27.3562],[75.0073,27.3471],[74.9474,27.3496],[74.94,27.338],[74.8988,27.3309],[74.8992,27.315],[74.8826,27.3092]]]}},{"type":"Feature","properties":{"ac_name":"RAJGARH-LAXMANGARH","ac_no":68,"ac_category":"ST","st_name":"RAJASTHAN"},"geometry":{"type":"GeometryCollection","geometries":[{"type":"Polygon","coordinates":[[[76.8623,27.1528,0],[76.8914,27.1392,0],[76.8726,27.1294,0],[76.8574,27.1471,0],[76.8481,27.1342,0],[76.8375,27.1375,0],[76.8506,27.1527,0],[76.8609,27.1539,0],[76.8623,27.1528,0]]]},{"type":"Polygon","coordinates":[[[76.7802,27.4289,0],[76.8163,27.4125,0],[76.812,27.3994,0],[76.8177,27.3919,0],[76.8412,27.3866,0],[76.8601,27.3999,0],[76.8685,27.3973,0],[76.8863,27.4214,0],[76.9022,27.4129,0],[76.885,27.3703,0],[76.8916,27.3643,0],[76.8868,27.3553,0],[76.8708,27.358,0],[76.8654,27.3534,0],[76.8763,27.3405,0],[76.8688,27.3363,0],[76.868,27.3297,0],[76.8763,27.3251,0],[76.8685,27.3108,0],[76.8767,27.2798,0],[76.8682,27.2297,0],[76.8567,27.2082,0],[76.8463,27.2107,0],[76.8426,27.2074,0],[76.8436,27.1934,0],[76.8511,27.1903,0],[76.8451,27.1699,0],[76.8399,27.1628,0],[76.8273,27.1626,0],[76.8283,27.142,0],[76.8237,27.132,0],[76.829,27.1179,0],[76.8395,27.1193,0],[76.8299,27.0751,0],[76.8108,27.0808,0],[76.8019,27.1042,0],[76.8122,27.1233,0],[76.8001,27.1258,0],[76.7926,27.1381,0],[76.7846,27.1125,0],[76.765,27.1139,0],[76.7594,27.1064,0],[76.7492,27.107,0],[76.721,27.1071,0],[76.6977,27.1151,0],[76.6765,27.113,0],[76.6717,27.1107,0],[76.6657,27.0918,0],[76.6529,27.0969,0],[76.6355,27.0919,0],[76.6294,27.0989,0],[76.6328,27.1033,0],[76.6221,27.1076,0],[76.6281,27.1236,0],[76.6179,27.1269,0],[76.624,27.1411,0],[76.6471,27.1636,0],[76.6635,27.1832,0],[76.6284,27.1962,0],[76.6338,27.1999,0],[76.6329,27.2147,0],[76.6242,27.219,0],[76.6273,27.2254,0],[76.6131,27.2448,0],[76.6214,27.2417,0],[76.6273,27.2512,0],[76.6005,27.2678,0],[76.6093,27.2726,0],[76.6187,27.2877,0],[76.6087,27.2937,0],[76.6053,27.2878,0],[76.5987,27.2896,0],[76.5987,27.3067,0],[76.6048,27.3094,0],[76.6153,27.3405,0],[76.6356,27.3338,0],[76.6636,27.3587,0],[76.6805,27.3589,0],[76.6955,27.368,0],[76.7054,27.3558,0],[76.7186,27.3605,0],[76.7227,27.3663,0],[76.7353,27.3671,0],[76.7474,27.376,0],[76.752,27.3834,0],[76.7509,27.3958,0],[76.7611,27.4153,0],[76.7445,27.4205,0],[76.7459,27.4288,0],[76.7533,27.4273,0],[76.7571,27.4401,0],[76.7802,27.4289,0]]]}]}},{"type":"Feature","properties":{"ac_name":"CHOMU","ac_no":43,"ac_category":"GEN","st_name":"RAJASTHAN"},"geometry":{"type":"Polygon","coordinates":[[[75.6231,27.3215],[75.6142,27.3059],[75.5777,27.2992],[75.5716,27.3033],[75.5794,27.3203],[75.5763,27.3348],[75.565,27.3392],[75.5276,27.3359],[75.5114,27.3236],[75.5053,27.3066],[75.4974,27.3001],[75.4984,27.282],[75.4869,27.2595],[75.4895,27.2506],[75.5104,27.245],[75.5094,27.2197],[75.5021,27.2037],[75.5028,27.1791],[75.5074,27.172],[75.5203,27.1736],[75.5213,27.152],[75.5375,27.1518],[75.5446,27.1605],[75.5584,27.1626],[75.5688,27.1617],[75.5766,27.1544],[75.5813,27.1635],[75.5821,27.1879],[75.5893,27.1907],[75.5925,27.1998],[75.6035,27.2012],[75.6109,27.1978],[75.6155,27.1789],[75.6201,27.1831],[75.641,27.1859],[75.646,27.1963],[75.654,27.1851],[75.6693,27.1887],[75.7144,27.1792],[75.7128,27.1631],[75.7214,27.1569],[75.7258,27.1456],[75.7744,27.1453],[75.7914,27.1585],[75.8228,27.1522],[75.8379,27.1724],[75.8768,27.1915],[75.8753,27.2101],[75.8684,27.2213],[75.8788,27.2516],[75.8707,27.2573],[75.8723,27.2746],[75.8551,27.2524],[75.8357,27.2523],[75.8144,27.2347],[75.783,27.2317],[75.7695,27.2082],[75.7482,27.2018],[75.7545,27.2271],[75.7499,27.2377],[75.7413,27.2375],[75.7382,27.2527],[75.7332,27.2567],[75.7396,27.2738],[75.6937,27.2827],[75.7067,27.3038],[75.6967,27.3054],[75.6924,27.3172],[75.6791,27.3168],[75.6787,27.3389],[75.6747,27.3475],[75.6663,27.3482],[75.6661,27.3352],[75.6614,27.3308],[75.629,27.3341],[75.6231,27.3215]]]}},{"type":"Feature","properties":{"ac_name":"PHULERA","ac_no":44,"ac_category":"GEN","st_name":"RAJASTHAN"},"geometry":{"type":"Polygon","coordinates":[[[75.4482,27.2901],[75.4311,27.2913],[75.4269,27.2855],[75.3797,27.2884],[75.3795,27.2821],[75.3933,27.2785],[75.3878,27.2668],[75.39,27.2288],[75.3547,27.2228],[75.3469,27.2099],[75.331,27.2111],[75.3257,27.2055],[75.3215,27.2069],[75.3134,27.185],[75.316,27.1438],[75.3284,27.1431],[75.3285,27.1355],[75.3384,27.1345],[75.3375,27.114],[75.3434,27.1137],[75.3464,27.1058],[75.3617,27.1085],[75.3641,27.0834],[75.3457,27.0835],[75.3312,27.0919],[75.3176,27.0857],[75.2753,27.0878],[75.2189,27.0803],[75.2198,27.0522],[75.2393,27.0479],[75.2413,27.0374],[75.256,27.0354],[75.2549,27.031],[75.2404,27.0136],[75.2235,27.0145],[75.2149,27.0083],[75.202,27.008],[75.2011,26.9749],[75.1593,26.9721],[75.1644,26.96],[75.1621,26.9328],[75.0107,26.9461],[75.0113,26.8948],[74.9758,26.8908],[74.967,26.8754],[74.96,26.8735],[74.9547,26.8655],[74.9561,26.8511],[74.9348,26.8425],[74.9554,26.8335],[74.9881,26.8395],[74.9979,26.8166],[75.0134,26.8149],[75.0231,26.7979],[75.0311,26.7962],[75.0479,26.7997],[75.0499,26.8099],[75.0426,26.815],[75.0618,26.8306],[75.086,26.8312],[75.1306,26.8078],[75.1374,26.7995],[75.1386,26.7807],[75.1459,26.7707],[75.1609,26.7607],[75.174,26.7388],[75.1849,26.7384],[75.1958,26.7519],[75.2102,26.7445],[75.2273,26.7623],[75.2463,26.7498],[75.2548,26.7529],[75.2724,26.7652],[75.2901,26.8059],[75.3027,26.7979],[75.2991,26.7806],[75.3111,26.7797],[75.3271,26.8249],[75.3305,26.8498],[75.3613,26.8452],[75.3776,26.848],[75.3791,26.8619],[75.3669,26.8724],[75.3685,26.8783],[75.3572,26.8813],[75.3542,26.9013],[75.3446,26.9045],[75.3433,26.9103],[75.3259,26.914],[75.3183,26.9294],[75.3255,26.9295],[75.3299,26.9456],[75.3359,26.95],[75.3298,26.9616],[75.3356,26.9787],[75.3342,26.9875],[75.3288,26.9866],[75.3295,26.9938],[75.3397,26.9942],[75.3399,27.0142],[75.3544,27.0105],[75.3546,27.025],[75.3707,27.032],[75.3687,27.0402],[75.3839,27.0544],[75.3936,27.054],[75.3974,27.0661],[75.4064,27.0689],[75.4119,27.0918],[75.4184,27.0907],[75.4269,27.0807],[75.4555,27.0795],[75.4528,27.0939],[75.4419,27.096],[75.4398,27.1084],[75.4318,27.1154],[75.4593,27.1478],[75.4624,27.1692],[75.454,27.1753],[75.4313,27.1777],[75.4569,27.1846],[75.4789,27.1847],[75.4782,27.1728],[75.4856,27.1692],[75.4849,27.1432],[75.4961,27.1437],[75.4934,27.1343],[75.5147,27.1279],[75.5213,27.152],[75.5203,27.1736],[75.5074,27.172],[75.5028,27.1791],[75.5021,27.2037],[75.5094,27.2197],[75.5104,27.245],[75.4895,27.2506],[75.4869,27.2595],[75.4984,27.282],[75.4974,27.3001],[75.4757,27.2822],[75.4571,27.2803],[75.4559,27.2869],[75.4482,27.2901]]]}},{"type":"Feature","properties":{"ac_name":"MAKRANA","ac_no":113,"ac_category":"GEN","st_name":"RAJASTHAN"},"geometry":{"type":"Polygon","coordinates":[[[74.7615,27.1815],[74.749,27.1806],[74.7335,27.1876],[74.7185,27.2132],[74.7227,27.2328],[74.7134,27.2457],[74.6879,27.2452],[74.6761,27.2366],[74.6745,27.2158],[74.648,27.2057],[74.6222,27.2041],[74.6089,27.1936],[74.5966,27.1904],[74.5911,27.1797],[74.5723,27.1671],[74.5452,27.1622],[74.5333,27.1529],[74.5025,27.1505],[74.4916,27.1415],[74.4624,27.1495],[74.4388,27.1335],[74.4243,27.1433],[74.4126,27.1387],[74.4049,27.1286],[74.4181,27.1105],[74.4011,27.1079],[74.4036,27.081],[74.3788,27.0741],[74.3703,27.0665],[74.3773,27.0476],[74.3711,27.0235],[74.3767,26.993],[74.3677,26.9714],[74.3856,26.9297],[74.3888,26.9],[74.4116,26.8764],[74.4026,26.854],[74.422,26.8411],[74.4585,26.8516],[74.4637,26.8659],[74.4807,26.8755],[74.4907,26.8722],[74.5078,26.8864],[74.5214,26.8881],[74.5314,26.8825],[74.5465,26.8892],[74.5544,26.9168],[74.5674,26.9082],[74.5741,26.8879],[74.5782,26.8865],[74.6239,26.9005],[74.6562,26.9175],[74.6685,26.9178],[74.6687,26.9271],[74.6807,26.9305],[74.6954,26.9439],[74.6647,26.973],[74.6776,26.9918],[74.6748,26.9979],[74.7002,27.0052],[74.7246,26.9988],[74.7309,27.0187],[74.7757,27.0262],[74.773,27.043],[74.7901,27.0474],[74.7891,27.0574],[74.8169,27.0708],[74.8264,27.0834],[74.8238,27.0928],[74.8107,27.0986],[74.8029,27.1101],[74.8044,27.1228],[74.8167,27.1386],[74.8148,27.1453],[74.8042,27.1501],[74.7765,27.148],[74.7615,27.1815]]]}},{"type":"Feature","properties":{"ac_name":"AMBER","ac_no":47,"ac_category":"GEN","st_name":"RAJASTHAN"},"geometry":{"type":"Polygon","coordinates":[[[75.9792,27.2894],[75.9449,27.299],[75.9299,27.2866],[75.894,27.2882],[75.8723,27.2746],[75.8707,27.2573],[75.8788,27.2516],[75.8684,27.2213],[75.8753,27.2101],[75.8768,27.1915],[75.8379,27.1724],[75.8228,27.1522],[75.7914,27.1585],[75.7744,27.1453],[75.7258,27.1456],[75.7214,27.1569],[75.7128,27.1631],[75.7144,27.1792],[75.6693,27.1887],[75.654,27.1851],[75.646,27.1963],[75.641,27.1859],[75.6201,27.1831],[75.6155,27.1789],[75.6109,27.1978],[75.6035,27.2012],[75.5925,27.1998],[75.5893,27.1907],[75.5821,27.1879],[75.5813,27.1635],[75.5766,27.1544],[75.5688,27.1617],[75.5584,27.1626],[75.5446,27.1605],[75.5375,27.1518],[75.5213,27.152],[75.5147,27.1279],[75.5291,27.0726],[75.5316,27.0344],[75.5529,27.015],[75.5702,27.0197],[75.5738,27.0128],[75.6093,27.0135],[75.6264,27.0265],[75.6602,27.0325],[75.6839,27.0294],[75.7098,27.0362],[75.717,27.022],[75.7272,27.0268],[75.7351,27.0241],[75.7394,27.0036],[75.7606,27.001],[75.7692,27.0099],[75.7744,26.9919],[75.7791,26.9905],[75.7791,27.0006],[75.7928,27.0086],[75.7981,27.0042],[75.803,26.9834],[75.8172,26.9796],[75.8433,26.9766],[75.8705,26.9797],[75.876,26.9849],[75.8977,26.9728],[75.9051,26.9727],[75.9091,26.964],[75.9256,26.9635],[75.913,26.9715],[75.9154,26.9818],[75.9379,26.993],[75.9151,27.0042],[75.9212,27.0233],[75.9113,27.0298],[75.9089,27.0399],[75.9246,27.0534],[75.9383,27.0447],[75.9466,27.0528],[75.9549,27.0384],[75.9675,27.0396],[75.9729,27.0494],[75.9731,27.0778],[75.9565,27.1057],[75.9619,27.1121],[75.9763,27.1126],[75.976,27.1256],[75.9919,27.1272],[76.0133,27.1503],[76.0112,27.1663],[75.9858,27.1854],[75.9944,27.2107],[76.0077,27.2204],[76.007,27.2241],[75.996,27.2249],[75.9983,27.2381],[76.0091,27.2449],[76.0175,27.2641],[75.9985,27.2951],[75.9792,27.2894]]]}},{"type":"Feature","properties":{"ac_name":"JAMWA RAMGARH","ac_no":48,"ac_category":"ST","st_name":"RAJASTHAN"},"geometry":{"type":"Polygon","coordinates":[[[75.9985,27.2951],[76.0175,27.2641],[76.0091,27.2449],[75.9983,27.2381],[75.996,27.2249],[76.007,27.2241],[76.0077,27.2204],[75.9944,27.2107],[75.9858,27.1854],[76.0112,27.1663],[76.0133,27.1503],[75.9919,27.1272],[75.976,27.1256],[75.9763,27.1126],[75.9619,27.1121],[75.9565,27.1057],[75.9731,27.0778],[75.9729,27.0494],[75.9675,27.0396],[75.9549,27.0384],[75.9466,27.0528],[75.9383,27.0447],[75.9246,27.0534],[75.9089,27.0399],[75.9113,27.0298],[75.9212,27.0233],[75.9151,27.0042],[75.9379,26.993],[75.9154,26.9818],[75.913,26.9715],[75.9256,26.9635],[75.9351,26.9637],[75.9427,26.9513],[75.9567,26.9604],[75.9699,26.9606],[75.9861,26.9382],[76.0155,26.9315],[76.0334,26.9343],[76.065,26.9057],[76.0802,26.906],[76.1016,26.8932],[76.1436,26.894],[76.148,26.8894],[76.141,26.8774],[76.171,26.8755],[76.1862,26.8794],[76.1874,26.889],[76.1842,26.8992],[76.1876,26.9094],[76.1689,26.9171],[76.175,26.9756],[76.2016,26.9804],[76.2185,26.9982],[76.2291,27.0007],[76.2398,27.0181],[76.2536,27.0182],[76.2599,27.0301],[76.2773,27.0414],[76.282,27.0635],[76.2761,27.0711],[76.2832,27.1493],[76.2748,27.1611],[76.2713,27.178],[76.2654,27.1823],[76.2515,27.1755],[76.2361,27.1464],[76.2142,27.1379],[76.1988,27.1143],[76.1851,27.1176],[76.1736,27.1285],[76.1803,27.1421],[76.1775,27.1828],[76.1628,27.1788],[76.1488,27.1806],[76.154,27.2163],[76.1428,27.2196],[76.131,27.1958],[76.1194,27.1937],[76.1329,27.2228],[76.1146,27.2282],[76.1167,27.2483],[76.1248,27.2554],[76.1184,27.2624],[76.1056,27.2582],[76.0992,27.2761],[76.0791,27.2913],[76.0658,27.2909],[76.0504,27.279],[76.031,27.29],[75.9985,27.2951]]]}},{"type":"Feature","properties":{"ac_name":"PARBATSAR","ac_no":114,"ac_category":"GEN","st_name":"RAJASTHAN"},"geometry":{"type":"Polygon","coordinates":[[[74.8294,27.2461],[74.8023,27.2261],[74.7781,27.215],[74.7762,27.1912],[74.7615,27.1815],[74.7765,27.148],[74.8042,27.1501],[74.8148,27.1453],[74.8167,27.1386],[74.8044,27.1228],[74.8029,27.1101],[74.8107,27.0986],[74.8238,27.0928],[74.8264,27.0834],[74.8169,27.0708],[74.7891,27.0574],[74.7901,27.0474],[74.773,27.043],[74.7757,27.0262],[74.7309,27.0187],[74.7246,26.9988],[74.7002,27.0052],[74.6748,26.9979],[74.6776,26.9918],[74.6647,26.973],[74.6954,26.9439],[74.6807,26.9305],[74.6687,26.9271],[74.6685,26.9178],[74.6562,26.9175],[74.6239,26.9005],[74.5782,26.8865],[74.5741,26.8879],[74.5674,26.9082],[74.5544,26.9168],[74.5465,26.8892],[74.5314,26.8825],[74.5214,26.8881],[74.5078,26.8864],[74.4907,26.8722],[74.4807,26.8755],[74.4637,26.8659],[74.4585,26.8516],[74.422,26.8411],[74.4215,26.8273],[74.4068,26.8138],[74.4256,26.787],[74.4392,26.7869],[74.461,26.7548],[74.4766,26.7658],[74.4809,26.751],[74.4873,26.7484],[74.5085,26.7625],[74.5242,26.7348],[74.5217,26.7046],[74.5309,26.6755],[74.5181,26.6684],[74.5167,26.6628],[74.5297,26.6409],[74.5096,26.6266],[74.5004,26.6027],[74.4968,26.5715],[74.5002,26.5606],[74.5169,26.5583],[74.5291,26.5502],[74.5887,26.6286],[74.6133,26.604],[74.5996,26.5834],[74.6153,26.5678],[74.6261,26.5721],[74.647,26.5926],[74.6555,26.5866],[74.6712,26.5953],[74.6738,26.6089],[74.6852,26.6214],[74.6935,26.6469],[74.7144,26.6664],[74.722,26.7001],[74.7114,26.7057],[74.6633,26.7126],[74.6831,26.736],[74.6821,26.7469],[74.698,26.7634],[74.6952,26.7709],[74.7118,26.7758],[74.7201,26.7708],[74.7492,26.7711],[74.7512,26.7852],[74.759,26.7912],[74.7759,26.79],[74.78,26.7981],[74.7759,26.8025],[74.7758,26.8192],[74.7656,26.8286],[74.7719,26.8395],[74.7695,26.8495],[74.7993,26.8536],[74.8136,26.8667],[74.8192,26.8811],[74.816,26.8849],[74.8279,26.9045],[74.8237,26.9122],[74.8262,26.9274],[74.8337,26.9328],[74.8393,26.9557],[74.8537,26.9786],[74.8705,26.9743],[74.898,26.9769],[74.9115,26.9977],[74.9137,27.0411],[74.9366,27.0322],[74.9229,27.0127],[74.9219,27.0042],[74.927,27.0015],[74.9438,27.0203],[74.9633,27.0241],[74.961,27.0349],[74.9714,27.0571],[75.0284,27.0563],[75.0346,27.0606],[75.0333,27.0709],[75.0226,27.0831],[75.0093,27.0795],[75.0203,27.1058],[75.0026,27.1083],[74.9898,27.1295],[74.9774,27.1129],[74.959,27.1452],[74.9038,27.1436],[74.8949,27.1415],[74.8767,27.1252],[74.8613,27.1279],[74.844,27.1225],[74.8454,27.158],[74.8593,27.1647],[74.8655,27.1771],[74.8539,27.2096],[74.8294,27.2461]]]}},{"type":"Feature","properties":{"ac_name":"NADBAI","ac_no":74,"ac_category":"GEN","st_name":"RAJASTHAN"},"geometry":{"type":"Polygon","coordinates":[[[77.2009,27.3308],[77.1732,27.3254],[77.1642,27.3166],[77.1467,27.3203],[77.1421,27.3037],[77.1316,27.2951],[77.1263,27.2654],[77.1203,27.2554],[77.11,27.2544],[77.1039,27.2458],[77.0913,27.2505],[77.0762,27.2332],[77.0495,27.2385],[77.0422,27.222],[77.0847,27.2012],[77.0903,27.194],[77.0805,27.1794],[77.1008,27.1719],[77.0972,27.1677],[77.1201,27.1493],[77.1326,27.1609],[77.1434,27.1609],[77.1475,27.1383],[77.1728,27.1383],[77.2095,27.1252],[77.2198,27.129],[77.2267,27.1179],[77.2523,27.1167],[77.2592,27.1072],[77.2561,27.0865],[77.2633,27.0784],[77.274,27.0772],[77.2876,27.0878],[77.2949,27.0849],[77.2791,27.0674],[77.2828,27.0563],[77.2973,27.0472],[77.3115,27.0539],[77.3228,27.0514],[77.3357,27.0416],[77.3538,27.0373],[77.3426,27.0321],[77.3482,27.0257],[77.3871,27.0232],[77.392,27.0085],[77.4013,27.0048],[77.4059,26.9965],[77.4143,26.9993],[77.4261,26.9949],[77.4449,27.0116],[77.4688,27.011],[77.4766,27.0175],[77.4842,27.0148],[77.4957,27.018],[77.5056,27.0299],[77.5152,27.0311],[77.5191,27.039],[77.5334,27.0278],[77.5513,27.0268],[77.5644,27.0333],[77.5772,27.0682],[77.5538,27.0752],[77.545,27.0712],[77.5414,27.0623],[77.524,27.064],[77.5185,27.0662],[77.5275,27.0825],[77.5241,27.089],[77.5082,27.0891],[77.5062,27.0926],[77.5212,27.1043],[77.538,27.0983],[77.5397,27.1063],[77.544,27.1038],[77.5502,27.1105],[77.5612,27.1093],[77.58,27.1189],[77.5975,27.1175],[77.6047,27.1234],[77.5976,27.1406],[77.6131,27.1503],[77.6099,27.1628],[77.6186,27.1725],[77.615,27.1791],[77.6018,27.1663],[77.5934,27.1698],[77.5799,27.1611],[77.5645,27.1637],[77.5704,27.1733],[77.5609,27.1779],[77.5502,27.1715],[77.5416,27.1724],[77.5397,27.1809],[77.5281,27.188],[77.5279,27.1988],[77.5208,27.204],[77.488,27.1951],[77.4602,27.1998],[77.4507,27.1704],[77.4326,27.1655],[77.4408,27.1827],[77.4228,27.1917],[77.4119,27.1902],[77.4166,27.2022],[77.4246,27.2051],[77.43,27.2022],[77.4436,27.2116],[77.4571,27.2068],[77.4728,27.2306],[77.4922,27.238],[77.4964,27.2492],[77.5079,27.2491],[77.5207,27.2551],[77.5157,27.2608],[77.5018,27.2694],[77.4888,27.2673],[77.4784,27.2763],[77.453,27.2732],[77.4455,27.2554],[77.4333,27.2616],[77.4295,27.2591],[77.4147,27.2398],[77.4048,27.2115],[77.3456,27.2155],[77.3357,27.1984],[77.3416,27.1922],[77.3379,27.1875],[77.3251,27.1874],[77.3136,27.1942],[77.2995,27.1913],[77.2874,27.1969],[77.29,27.2117],[77.2858,27.2181],[77.2568,27.2298],[77.257,27.2404],[77.2719,27.2612],[77.2573,27.277],[77.2337,27.2828],[77.2265,27.2787],[77.2202,27.2628],[77.2077,27.2682],[77.2136,27.2887],[77.2016,27.2995],[77.2072,27.3195],[77.2009,27.3308]]]}},{"type":"Feature","properties":{"ac_name":"BHARATPUR","ac_no":73,"ac_category":"GEN","st_name":"RAJASTHAN"},"geometry":{"type":"Polygon","coordinates":[[[77.5301,27.322],[77.5232,27.3272],[77.5183,27.3208],[77.4962,27.3218],[77.4898,27.3118],[77.4899,27.301],[77.4952,27.2959],[77.5124,27.2966],[77.5236,27.2864],[77.5157,27.2608],[77.5207,27.2551],[77.5079,27.2491],[77.4964,27.2492],[77.4922,27.238],[77.4728,27.2306],[77.4571,27.2068],[77.4436,27.2116],[77.43,27.2022],[77.4246,27.2051],[77.4166,27.2022],[77.4119,27.1902],[77.4228,27.1917],[77.4408,27.1827],[77.4326,27.1655],[77.4507,27.1704],[77.4602,27.1998],[77.488,27.1951],[77.5208,27.204],[77.5279,27.1988],[77.5281,27.188],[77.5397,27.1809],[77.5416,27.1724],[77.5502,27.1715],[77.5609,27.1779],[77.5704,27.1733],[77.5645,27.1637],[77.5799,27.1611],[77.5934,27.1698],[77.6018,27.1663],[77.615,27.1791],[77.6186,27.1725],[77.6434,27.1643],[77.6708,27.1781],[77.681,27.1941],[77.6657,27.2086],[77.6463,27.2105],[77.6529,27.2352],[77.6431,27.2347],[77.6461,27.2424],[77.6308,27.2595],[77.6211,27.2552],[77.6165,27.2579],[77.6132,27.2655],[77.6183,27.2696],[77.6218,27.275],[77.6146,27.2786],[77.6168,27.2863],[77.6028,27.2922],[77.5957,27.293],[77.591,27.309],[77.5842,27.3131],[77.5596,27.2932],[77.5511,27.2998],[77.5522,27.3082],[77.5434,27.3128],[77.5476,27.3267],[77.5357,27.3206],[77.5301,27.322]]]}},{"type":"Feature","properties":{"ac_name":"JHOTWARA","ac_no":46,"ac_category":"GEN","st_name":"RAJASTHAN"},"geometry":{"type":"GeometryCollection","geometries":[{"type":"Polygon","coordinates":[[[75.8977,26.9728,0],[75.9051,26.9727,0],[75.9091,26.964,0],[75.9256,26.9635,0],[75.9351,26.9637,0],[75.9427,26.9513,0],[75.9382,26.9304,0],[75.9473,26.894,0],[75.9269,26.8902,0],[75.9173,26.8927,0],[75.9173,26.8991,0],[75.9094,26.9013,0],[75.9101,26.9199,0],[75.9016,26.927,0],[75.878,26.9299,0],[75.8663,26.9409,0],[75.8593,26.9711,0],[75.8433,26.9766,0],[75.8705,26.9797,0],[75.876,26.9849,0],[75.8977,26.9728,0]]]},{"type":"Polygon","coordinates":[[[75.4569,27.1846,0],[75.4789,27.1847,0],[75.4782,27.1728,0],[75.4856,27.1692,0],[75.4849,27.1432,0],[75.4961,27.1437,0],[75.4934,27.1343,0],[75.5147,27.1279,0],[75.5291,27.0726,0],[75.5316,27.0344,0],[75.5529,27.015,0],[75.5702,27.0197,0],[75.5738,27.0128,0],[75.6093,27.0135,0],[75.6264,27.0265,0],[75.6602,27.0325,0],[75.6839,27.0294,0],[75.7098,27.0362,0],[75.717,27.022,0],[75.7272,27.0268,0],[75.7351,27.0241,0],[75.7394,27.0036,0],[75.7606,27.001,0],[75.759,26.9797,0],[75.7663,26.9764,0],[75.7594,26.9581,0],[75.7721,26.9574,0],[75.7878,26.9523,0],[75.7864,26.9472,0],[75.7732,26.9446,0],[75.7718,26.9368,0],[75.7329,26.9418,0],[75.7343,26.9127,0],[75.7468,26.9117,0],[75.754,26.8933,0],[75.7479,26.89,0],[75.7272,26.8854,0],[75.7219,26.8891,0],[75.7204,26.8991,0],[75.707,26.906,0],[75.6838,26.9073,0],[75.6818,26.8952,0],[75.6693,26.8838,0],[75.6576,26.8814,0],[75.6522,26.8855,0],[75.6428,26.8787,0],[75.6271,26.878,0],[75.6233,26.8882,0],[75.6118,26.8842,0],[75.5849,26.8885,0],[75.5767,26.8678,0],[75.5559,26.866,0],[75.545,26.8693,0],[75.5425,26.8766,0],[75.5376,26.8707,0],[75.5103,26.881,0],[75.5141,26.8953,0],[75.5114,26.9113,0],[75.4658,26.9191,0],[75.4349,26.9136,0],[75.391,26.9208,0],[75.3819,26.9086,0],[75.3831,26.8929,0],[75.3685,26.8783,0],[75.3572,26.8813,0],[75.3542,26.9013,0],[75.3446,26.9045,0],[75.3433,26.9103,0],[75.3259,26.914,0],[75.3183,26.9294,0],[75.3255,26.9295,0],[75.3299,26.9456,0],[75.3359,26.95,0],[75.3298,26.9616,0],[75.3356,26.9787,0],[75.3342,26.9875,0],[75.3288,26.9866,0],[75.3295,26.9938,0],[75.3397,26.9942,0],[75.3399,27.0142,0],[75.3544,27.0105,0],[75.3546,27.025,0],[75.3707,27.032,0],[75.3687,27.0402,0],[75.3839,27.0544,0],[75.3936,27.054,0],[75.3974,27.0661,0],[75.4064,27.0689,0],[75.4119,27.0918,0],[75.4184,27.0907,0],[75.4269,27.0807,0],[75.4555,27.0795,0],[75.4528,27.0939,0],[75.4419,27.096,0],[75.4398,27.1084,0],[75.4318,27.1154,0],[75.4593,27.1478,0],[75.4624,27.1692,0],[75.454,27.1753,0],[75.4313,27.1777,0],[75.4569,27.1846,0]]]}]}},{"type":"Feature","properties":{"ac_name":"MAHUWA","ac_no":86,"ac_category":"GEN","st_name":"RAJASTHAN"},"geometry":{"type":"Polygon","coordinates":[[[76.8993,27.2238],[76.902,27.228],[76.8942,27.2311],[76.8881,27.2219],[76.8682,27.2297],[76.8567,27.2082],[76.8463,27.2107],[76.8426,27.2074],[76.8436,27.1934],[76.8511,27.1903],[76.8451,27.1699],[76.8399,27.1628],[76.8273,27.1626],[76.8283,27.142],[76.8237,27.132],[76.829,27.1179],[76.8395,27.1193],[76.8299,27.0751],[76.8108,27.0808],[76.8019,27.1042],[76.8122,27.1233],[76.8001,27.1258],[76.7926,27.1381],[76.7846,27.1125],[76.765,27.1139],[76.7594,27.1064],[76.7492,27.107],[76.7478,27.0891],[76.733,27.0895],[76.729,27.0577],[76.7227,27.0545],[76.7172,27.032],[76.722,27.0322],[76.7197,27.0028],[76.7262,27.0012],[76.7261,26.9919],[76.7412,26.9858],[76.7445,26.9783],[76.7597,26.9812],[76.7734,26.9815],[76.7958,26.9728],[76.8057,26.9671],[76.7998,26.9575],[76.8194,26.966],[76.8479,26.9644],[76.8998,26.9433],[76.9418,26.9104],[76.946,26.8603],[76.9369,26.8353],[76.9377,26.8223],[76.944,26.8175],[76.9637,26.8149],[77.0113,26.836],[77.0483,26.8452],[77.0749,26.8603],[77.0594,26.8885],[77.0593,26.9142],[77.0408,26.9085],[77.029,26.924],[77.0169,26.9266],[77.0127,26.9319],[77.0242,26.9416],[77.0168,26.9756],[77.0063,26.9743],[77.0058,27.0042],[76.9793,27.0293],[76.9842,27.038],[77.0105,27.034],[77.0115,27.0424],[76.9937,27.0489],[76.9946,27.0615],[76.9698,27.0707],[76.971,27.0817],[76.9875,27.0896],[76.9812,27.1042],[76.9901,27.104],[76.9927,27.1107],[76.9708,27.1268],[76.9597,27.1252],[76.9604,27.1441],[76.9451,27.1468],[76.9437,27.1388],[76.9269,27.1366],[76.9152,27.1414],[76.9184,27.1507],[76.8956,27.1608],[76.8972,27.1758],[76.9087,27.1754],[76.9106,27.1811],[76.9048,27.1879],[76.9051,27.2102],[76.8993,27.2133],[76.9037,27.218],[76.8993,27.2238]],[[76.8609,27.1539],[76.8623,27.1528],[76.8914,27.1392],[76.8726,27.1294],[76.8574,27.1471],[76.8481,27.1342],[76.8375,27.1375],[76.8506,27.1527],[76.8609,27.1539]]]}},{"type":"Feature","properties":{"ac_name":"DEGANA","ac_no":112,"ac_category":"GEN","st_name":"RAJASTHAN"},"geometry":{"type":"Polygon","coordinates":[[[74.3163,27.0687],[74.3052,27.0725],[74.2997,27.0838],[74.2902,27.0846],[74.2641,27.0706],[74.2474,27.0543],[74.2147,27.0458],[74.1858,27.0251],[74.1573,27.0282],[74.1568,27.0036],[74.1217,26.9785],[74.1084,26.9543],[74.106,26.9339],[74.1006,26.9354],[74.0928,26.9518],[74.0853,26.9551],[74.0582,26.9491],[74.041,26.9525],[74.0068,26.9304],[73.9903,26.9135],[73.9545,26.9382],[73.9432,26.9382],[73.908,26.9083],[73.9021,26.8889],[73.8861,26.889],[73.8836,26.8791],[73.8899,26.8615],[73.9082,26.8589],[73.9195,26.832],[73.9482,26.8476],[73.9639,26.8437],[73.9777,26.8454],[73.9937,26.8189],[73.9973,26.8042],[74.0169,26.8065],[74.0351,26.7972],[74.0544,26.7962],[74.0651,26.8058],[74.0747,26.8275],[74.0793,26.8284],[74.0957,26.806],[74.1208,26.8043],[74.1466,26.7754],[74.1492,26.7495],[74.1657,26.7361],[74.1662,26.7115],[74.2299,26.7092],[74.238,26.7053],[74.2412,26.6927],[74.2296,26.6581],[74.2294,26.6363],[74.2562,26.6304],[74.2725,26.6344],[74.3031,26.633],[74.3243,26.6157],[74.3446,26.6165],[74.3442,26.6122],[74.3293,26.6047],[74.3014,26.6077],[74.2741,26.6023],[74.2869,26.5759],[74.2894,26.5513],[74.2568,26.5336],[74.2603,26.5252],[74.2876,26.52],[74.284,26.4945],[74.3078,26.4796],[74.3159,26.4564],[74.3225,26.4433],[74.3326,26.4414],[74.3497,26.4528],[74.3535,26.4689],[74.3693,26.477],[74.3752,26.4877],[74.3987,26.4868],[74.4026,26.4896],[74.4314,26.4865],[74.4317,26.4946],[74.4408,26.5031],[74.4648,26.4875],[74.4813,26.498],[74.5291,26.5502],[74.5169,26.5583],[74.5002,26.5606],[74.4968,26.5715],[74.5004,26.6027],[74.5096,26.6266],[74.5297,26.6409],[74.5167,26.6628],[74.5181,26.6684],[74.5309,26.6755],[74.5217,26.7046],[74.5242,26.7348],[74.5085,26.7625],[74.4873,26.7484],[74.4809,26.751],[74.4766,26.7658],[74.461,26.7548],[74.4392,26.7869],[74.4256,26.787],[74.4068,26.8138],[74.4215,26.8273],[74.422,26.8411],[74.4026,26.854],[74.4116,26.8764],[74.3888,26.9],[74.3856,26.9297],[74.3677,26.9714],[74.3767,26.993],[74.3711,27.0235],[74.3773,27.0476],[74.3703,27.0665],[74.3559,27.0819],[74.3458,27.0752],[74.3163,27.0687]]]}},{"type":"Feature","properties":{"ac_name":"BANDIKUI","ac_no":85,"ac_category":"GEN","st_name":"RAJASTHAN"},"geometry":{"type":"Polygon","coordinates":[[[76.5452,27.1487],[76.5535,27.1387],[76.5477,27.1253],[76.54,27.1315],[76.5378,27.1269],[76.5211,27.125],[76.5119,27.1147],[76.4864,27.112],[76.4646,27.0871],[76.4628,27.079],[76.4555,27.0756],[76.433,27.0902],[76.4267,27.1279],[76.4004,27.1241],[76.3949,27.0866],[76.3898,27.0825],[76.3928,27.0795],[76.3851,27.082],[76.3822,27.0766],[76.3749,27.0754],[76.394,27.0633],[76.3997,27.0543],[76.418,27.0512],[76.4289,27.0417],[76.439,27.0417],[76.4619,27.0114],[76.463,26.9937],[76.4538,26.9949],[76.4603,26.9714],[76.4776,26.9597],[76.498,26.9478],[76.5566,26.944],[76.5648,26.9577],[76.6084,26.9664],[76.6202,26.9649],[76.6399,26.9536],[76.6948,26.9554],[76.7224,26.962],[76.7445,26.9783],[76.7412,26.9858],[76.7261,26.9919],[76.7262,27.0012],[76.7197,27.0028],[76.722,27.0322],[76.7172,27.032],[76.7227,27.0545],[76.729,27.0577],[76.733,27.0895],[76.7478,27.0891],[76.7492,27.107],[76.721,27.1071],[76.6977,27.1151],[76.6765,27.113],[76.6717,27.1107],[76.6657,27.0918],[76.6529,27.0969],[76.6355,27.0919],[76.6294,27.0989],[76.6328,27.1033],[76.6221,27.1076],[76.6281,27.1236],[76.6179,27.1269],[76.624,27.1411],[76.6471,27.1636],[76.6086,27.1769],[76.5684,27.1753],[76.5677,27.1681],[76.5552,27.1722],[76.5452,27.1487]]]}},{"type":"Feature","properties":{"ac_name":"WEIR","ac_no":75,"ac_category":"SC","st_name":"RAJASTHAN"},"geometry":{"type":"Polygon","coordinates":[[[77.0972,27.1677],[77.0943,27.1622],[77.0749,27.1662],[77.0618,27.1573],[77.054,27.1578],[77.0242,27.1667],[77.0255,27.176],[76.9955,27.1736],[76.9672,27.1827],[76.9567,27.1578],[76.9604,27.1441],[76.9597,27.1252],[76.9708,27.1268],[76.9927,27.1107],[76.9901,27.104],[76.9812,27.1042],[76.9875,27.0896],[76.971,27.0817],[76.9698,27.0707],[76.9946,27.0615],[76.9937,27.0489],[77.0115,27.0424],[77.0105,27.034],[76.9842,27.038],[76.9793,27.0293],[77.0058,27.0042],[77.0063,26.9743],[77.0168,26.9756],[77.0242,26.9416],[77.0127,26.9319],[77.0169,26.9266],[77.029,26.924],[77.0408,26.9085],[77.0593,26.9142],[77.0594,26.8885],[77.0749,26.8603],[77.0975,26.8626],[77.1036,26.8741],[77.1162,26.854],[77.1333,26.842],[77.136,26.8353],[77.1526,26.8301],[77.1572,26.8231],[77.1672,26.8331],[77.1723,26.8235],[77.1791,26.8525],[77.1914,26.8542],[77.1895,26.8418],[77.1991,26.8336],[77.215,26.8509],[77.2059,26.854],[77.2094,26.8682],[77.2301,26.8843],[77.2273,26.9095],[77.2203,26.914],[77.2195,26.9331],[77.2364,26.9425],[77.2562,26.9466],[77.2537,26.9539],[77.2311,26.9642],[77.2393,27.0013],[77.2506,27.0087],[77.2778,27.002],[77.2792,26.9734],[77.2937,26.9691],[77.2969,26.9773],[77.313,26.9878],[77.3123,26.9974],[77.3365,27.0319],[77.3426,27.0321],[77.3538,27.0373],[77.3357,27.0416],[77.3228,27.0514],[77.3115,27.0539],[77.2973,27.0472],[77.2828,27.0563],[77.2791,27.0674],[77.2949,27.0849],[77.2876,27.0878],[77.274,27.0772],[77.2633,27.0784],[77.2561,27.0865],[77.2592,27.1072],[77.2523,27.1167],[77.2267,27.1179],[77.2198,27.129],[77.2095,27.1252],[77.1728,27.1383],[77.1475,27.1383],[77.1434,27.1609],[77.1326,27.1609],[77.1201,27.1493],[77.0972,27.1677]]]}},{"type":"Feature","properties":{"ac_name":"OSIAN","ac_no":125,"ac_category":"GEN","st_name":"RAJASTHAN"},"geometry":{"type":"Polygon","coordinates":[[[73.1206,26.9454],[73.0921,26.8984],[73.0797,26.8911],[73.055,26.8975],[73.0189,26.876],[73.0351,26.8563],[73.0211,26.8452],[72.9777,26.8288],[72.9623,26.8409],[72.941,26.8441],[72.9097,26.7976],[72.8966,26.7995],[72.8739,26.7704],[72.863,26.7301],[72.8703,26.7272],[72.8686,26.7111],[72.8539,26.7118],[72.833,26.6921],[72.8226,26.7006],[72.8155,26.7267],[72.8077,26.7224],[72.7549,26.7505],[72.7671,26.7842],[72.734,26.82],[72.7325,26.8619],[72.693,26.8581],[72.6816,26.8902],[72.6725,26.9017],[72.5899,26.9073],[72.5601,26.8953],[72.536,26.8652],[72.5294,26.8395],[72.5325,26.8306],[72.5473,26.825],[72.5694,26.8276],[72.5955,26.8233],[72.6276,26.7913],[72.6304,26.7587],[72.6201,26.7386],[72.6237,26.7297],[72.6178,26.7111],[72.6477,26.6727],[72.6671,26.6295],[72.6582,26.6087],[72.6555,26.5799],[72.6654,26.5685],[72.7054,26.5633],[72.7212,26.5501],[72.7269,26.5324],[72.7446,26.5278],[72.7349,26.507],[72.7374,26.4907],[72.7465,26.4796],[72.7391,26.4643],[72.7473,26.4531],[72.7473,26.4184],[72.7666,26.3973],[72.7773,26.4232],[72.786,26.4178],[72.7885,26.3979],[72.7948,26.3922],[72.8084,26.4067],[72.8159,26.4272],[72.8367,26.4466],[72.8781,26.4497],[72.9058,26.4648],[72.9171,26.4558],[72.9377,26.4619],[72.9508,26.4545],[72.9692,26.4593],[72.9884,26.4476],[72.9994,26.4531],[73.0219,26.4443],[73.0715,26.4734],[73.1099,26.4846],[73.1311,26.4756],[73.1391,26.4593],[73.1613,26.5194],[73.1311,26.5539],[73.1263,26.5857],[73.1436,26.5972],[73.1555,26.6308],[73.1845,26.6678],[73.2426,26.6947],[73.2317,26.7228],[73.2331,26.7358],[73.2431,26.7578],[73.2658,26.7877],[73.2867,26.7972],[73.2906,26.8159],[73.2804,26.8465],[73.2866,26.8727],[73.2789,26.8632],[73.2661,26.8594],[73.251,26.8645],[73.2384,26.8606],[73.2345,26.8686],[73.2151,26.8654],[73.2104,26.8699],[73.2042,26.8686],[73.2028,26.8792],[73.1837,26.8831],[73.1759,26.9028],[73.1754,26.9248],[73.1693,26.9324],[73.1537,26.924],[73.1472,26.9318],[73.1269,26.9428],[73.1218,26.9412],[73.1206,26.9454]]]}},{"type":"Feature","properties":{"ac_name":"DAUSA","ac_no":88,"ac_category":"GEN","st_name":"RAJASTHAN"},"geometry":{"type":"Polygon","coordinates":[[[76.282,27.0635],[76.2773,27.0414],[76.2599,27.0301],[76.2536,27.0182],[76.2398,27.0181],[76.2291,27.0007],[76.2226,26.9547],[76.2486,26.9462],[76.2472,26.9411],[76.2337,26.945],[76.2293,26.9337],[76.2393,26.9323],[76.2374,26.9257],[76.2284,26.9159],[76.2199,26.919],[76.2189,26.9073],[76.2241,26.9049],[76.2227,26.8959],[76.2373,26.8941],[76.2354,26.8803],[76.2476,26.874],[76.2626,26.8734],[76.2628,26.8665],[76.2534,26.8632],[76.2478,26.8663],[76.2408,26.8445],[76.2489,26.8344],[76.2624,26.8303],[76.2488,26.8133],[76.2552,26.803],[76.2493,26.7968],[76.2433,26.8017],[76.2383,26.7989],[76.2316,26.8017],[76.2293,26.8089],[76.2191,26.8031],[76.2199,26.8],[76.2044,26.801],[76.2053,26.7906],[76.1982,26.7831],[76.1929,26.7838],[76.1973,26.7787],[76.1937,26.7675],[76.1818,26.7655],[76.1805,26.7561],[76.1886,26.763],[76.2046,26.7477],[76.23,26.7439],[76.2582,26.7485],[76.2672,26.7612],[76.2768,26.764],[76.31,26.7554],[76.3264,26.7706],[76.3414,26.7724],[76.3465,26.7648],[76.3427,26.7564],[76.3556,26.7521],[76.3647,26.7549],[76.3641,26.7462],[76.3866,26.7348],[76.3935,26.7386],[76.3988,26.7364],[76.4191,26.6993],[76.4312,26.6987],[76.4551,26.7081],[76.4659,26.7009],[76.4774,26.716],[76.4717,26.7428],[76.4627,26.747],[76.449,26.7426],[76.4495,26.7335],[76.4364,26.7181],[76.4331,26.7215],[76.4324,26.7418],[76.4155,26.7484],[76.4126,26.7699],[76.3958,26.7953],[76.3892,26.7951],[76.3908,26.7999],[76.3778,26.8197],[76.3676,26.8248],[76.3686,26.832],[76.3767,26.8386],[76.3743,26.8494],[76.3656,26.8577],[76.3893,26.8592],[76.3931,26.8714],[76.4014,26.8728],[76.4045,26.8958],[76.3983,26.896],[76.3946,26.9151],[76.4241,26.9307],[76.4248,26.9373],[76.4492,26.9361],[76.4544,26.968],[76.4776,26.9597],[76.4603,26.9714],[76.4538,26.9949],[76.463,26.9937],[76.4619,27.0114],[76.439,27.0417],[76.4289,27.0417],[76.418,27.0512],[76.3997,27.0543],[76.394,27.0633],[76.3749,27.0754],[76.3522,27.0539],[76.342,27.0588],[76.3294,27.059],[76.3276,27.0542],[76.3159,27.0599],[76.282,27.0635]]]}},{"type":"Feature","properties":{"ac_name":"PUSHKAR","ac_no":99,"ac_category":"GEN","st_name":"RAJASTHAN"},"geometry":{"type":"Polygon","coordinates":[[[74.9758,26.8908],[74.9717,26.898],[74.9808,26.9436],[74.976,26.9479],[74.9641,26.947],[74.9594,26.9608],[74.9179,26.964],[74.9105,26.9665],[74.9093,26.9759],[74.898,26.9769],[74.8705,26.9743],[74.8537,26.9786],[74.8393,26.9557],[74.8337,26.9328],[74.8262,26.9274],[74.8237,26.9122],[74.8279,26.9045],[74.816,26.8849],[74.8192,26.8811],[74.8136,26.8667],[74.7993,26.8536],[74.7695,26.8495],[74.7719,26.8395],[74.7656,26.8286],[74.7758,26.8192],[74.7759,26.8025],[74.78,26.7981],[74.7759,26.79],[74.759,26.7912],[74.7512,26.7852],[74.7492,26.7711],[74.7201,26.7708],[74.7118,26.7758],[74.6952,26.7709],[74.698,26.7634],[74.6821,26.7469],[74.6831,26.736],[74.6633,26.7126],[74.7114,26.7057],[74.722,26.7001],[74.7144,26.6664],[74.6935,26.6469],[74.6852,26.6214],[74.6738,26.6089],[74.6712,26.5953],[74.6555,26.5866],[74.647,26.5926],[74.6261,26.5721],[74.6153,26.5678],[74.5996,26.5834],[74.6133,26.604],[74.5887,26.6286],[74.5291,26.5502],[74.4813,26.498],[74.4648,26.4875],[74.4408,26.5031],[74.4317,26.4946],[74.4314,26.4865],[74.4026,26.4896],[74.3987,26.4868],[74.3917,26.4713],[74.3975,26.4604],[74.4113,26.4557],[74.4328,26.4633],[74.4406,26.4591],[74.4435,26.4459],[74.4562,26.4468],[74.5038,26.465],[74.5221,26.4651],[74.5283,26.4597],[74.5374,26.444],[74.5216,26.4274],[74.5286,26.4014],[74.5221,26.3948],[74.4871,26.3925],[74.4875,26.3729],[74.5042,26.3712],[74.5046,26.3637],[74.5439,26.3491],[74.5474,26.3358],[74.5537,26.3322],[74.5537,26.3228],[74.5908,26.3223],[74.5948,26.3033],[74.6194,26.3127],[74.6216,26.3236],[74.6306,26.3189],[74.6388,26.3208],[74.6533,26.3111],[74.6545,26.3148],[74.6616,26.3148],[74.67,26.3047],[74.6938,26.3026],[74.6978,26.304],[74.7004,26.3204],[74.738,26.3452],[74.7515,26.3892],[74.7503,26.4049],[74.7393,26.4042],[74.7222,26.4138],[74.7282,26.4467],[74.7437,26.4544],[74.7583,26.4705],[74.7796,26.4672],[74.8002,26.4902],[74.8144,26.4902],[74.8255,26.5068],[74.8213,26.5183],[74.8107,26.5273],[74.8084,26.5457],[74.7982,26.5586],[74.8,26.5861],[74.8252,26.6008],[74.8377,26.6211],[74.8141,26.6269],[74.8158,26.6359],[74.7969,26.634],[74.7812,26.6188],[74.7551,26.6055],[74.7563,26.623],[74.7399,26.6221],[74.7464,26.6402],[74.7341,26.6372],[74.7397,26.6588],[74.7474,26.6831],[74.7812,26.6923],[74.7833,26.6698],[74.8056,26.6777],[74.8154,26.6721],[74.8271,26.6733],[74.8331,26.6921],[74.8186,26.6907],[74.8189,26.6975],[74.8141,26.7003],[74.7917,26.7051],[74.8034,26.7176],[74.84,26.714],[74.8481,26.7377],[74.8622,26.751],[74.8719,26.7532],[74.8729,26.7602],[74.8913,26.7746],[74.8921,26.823],[74.9192,26.8283],[74.9147,26.8375],[74.9348,26.8425],[74.9561,26.8511],[74.9547,26.8655],[74.96,26.8735],[74.967,26.8754],[74.9758,26.8908]],[[74.6948,26.4517],[74.6627,26.4204],[74.668,26.4052],[74.6888,26.3897],[74.6802,26.3685],[74.6698,26.3567],[74.663,26.358],[74.6474,26.341],[74.6083,26.335],[74.5939,26.36],[74.5994,26.3753],[74.5927,26.3853],[74.6017,26.3859],[74.6285,26.401],[74.6174,26.4178],[74.5985,26.4199],[74.6126,26.4322],[74.6146,26.4466],[74.5892,26.4631],[74.5825,26.4729],[74.6029,26.4862],[74.6071,26.4952],[74.622,26.4988],[74.626,26.5213],[74.6369,26.5162],[74.637,26.5042],[74.6595,26.4979],[74.6605,26.4852],[74.6721,26.4808],[74.6751,26.4683],[74.6862,26.4639],[74.6948,26.4517]]]}},{"type":"Feature","properties":{"ac_name":"VIDHYADHAR NAGAR","ac_no":50,"ac_category":"GEN","st_name":"RAJASTHAN"},"geometry":{"type":"Polygon","coordinates":[[[75.7721,26.9574],[75.7875,26.9646],[75.788,26.9601],[75.8011,26.9532],[75.8032,26.9606],[75.7978,26.9621],[75.8116,26.9676],[75.8172,26.9796],[75.803,26.9834],[75.7981,27.0042],[75.7928,27.0086],[75.7791,27.0006],[75.7791,26.9905],[75.7744,26.9919],[75.7692,27.0099],[75.7606,27.001],[75.759,26.9797],[75.7663,26.9764],[75.7594,26.9581],[75.7721,26.9574]]]}},{"type":"Feature","properties":{"ac_name":"BHOPALGARH","ac_no":126,"ac_category":"SC","st_name":"RAJASTHAN"},"geometry":{"type":"Polygon","coordinates":[[[73.6729,26.6761],[73.6728,26.6813],[73.6555,26.6939],[73.6512,26.7152],[73.6589,26.722],[73.6723,26.7518],[73.6788,26.7546],[73.6626,26.7787],[73.6629,26.7967],[73.6571,26.8068],[73.6363,26.8067],[73.6304,26.8437],[73.6204,26.8457],[73.6163,26.8388],[73.6044,26.8452],[73.6032,26.8506],[73.5957,26.8521],[73.5927,26.8641],[73.5808,26.861],[73.5773,26.865],[73.5337,26.8568],[73.5134,26.8827],[73.4984,26.8876],[73.4742,26.878],[73.4467,26.8736],[73.4416,26.8862],[73.4294,26.8884],[73.4044,26.8843],[73.3865,26.8679],[73.355,26.87],[73.3489,26.8633],[73.3237,26.8534],[73.3111,26.8635],[73.3015,26.8629],[73.2914,26.8733],[73.2866,26.8727],[73.2804,26.8465],[73.2906,26.8159],[73.2867,26.7972],[73.2658,26.7877],[73.2431,26.7578],[73.2331,26.7358],[73.2317,26.7228],[73.2426,26.6947],[73.1845,26.6678],[73.1555,26.6308],[73.1436,26.5972],[73.1263,26.5857],[73.1311,26.5539],[73.1613,26.5194],[73.1391,26.4593],[73.1539,26.4569],[73.1427,26.4307],[73.1201,26.4342],[73.0923,26.3977],[73.0919,26.3896],[73.1151,26.3851],[73.1212,26.3798],[73.1436,26.3828],[73.1595,26.3921],[73.1627,26.3833],[73.1357,26.3591],[73.1573,26.3605],[73.1604,26.3676],[73.1692,26.3662],[73.1685,26.3562],[73.1573,26.3605],[73.1667,26.3428],[73.1912,26.3395],[73.193,26.3316],[73.1864,26.3289],[73.1873,26.3145],[73.2019,26.2991],[73.2236,26.31],[73.2308,26.3348],[73.2459,26.336],[73.2518,26.3514],[73.2805,26.35],[73.2991,26.3176],[73.3248,26.3181],[73.3386,26.3051],[73.3612,26.3009],[73.3693,26.3061],[73.3958,26.3527],[73.4273,26.3833],[73.4387,26.4042],[73.4923,26.4397],[73.5327,26.4487],[73.552,26.4327],[73.6033,26.4323],[73.6481,26.4527],[73.6778,26.4353],[73.6801,26.4403],[73.666,26.465],[73.6677,26.4736],[73.6969,26.4737],[73.7316,26.4642],[73.7827,26.4899],[73.7961,26.5035],[73.7827,26.5123],[73.7787,26.5227],[73.7654,26.5295],[73.7675,26.536],[73.7209,26.539],[73.7197,26.5526],[73.7075,26.5724],[73.7009,26.574],[73.6977,26.593],[73.701,26.6015],[73.6913,26.6092],[73.6912,26.6229],[73.6819,26.6325],[73.6818,26.6416],[73.6782,26.6471],[73.6595,26.65],[73.6729,26.6761]]]}},{"type":"Feature","properties":{"ac_name":"SHERGARH","ac_no":124,"ac_category":"GEN","st_name":"RAJASTHAN"},"geometry":{"type":"Polygon","coordinates":[[[72.5473,26.825],[72.5325,26.8306],[72.4889,26.8017],[72.4724,26.8065],[72.4304,26.7985],[72.4226,26.8033],[72.406,26.8035],[72.3875,26.7305],[72.3653,26.7244],[72.3469,26.6893],[72.327,26.6884],[72.334,26.6791],[72.3478,26.6797],[72.3654,26.6706],[72.3758,26.6553],[72.362,26.6357],[72.3707,26.6284],[72.3628,26.6157],[72.375,26.6069],[72.329,26.5656],[72.2909,26.5642],[72.2666,26.5766],[72.2563,26.5689],[72.2627,26.5577],[72.2306,26.5558],[72.2174,26.5443],[72.2018,26.5465],[72.2035,26.5825],[72.1956,26.5908],[72.159,26.6037],[72.1409,26.617],[72.1338,26.6308],[72.0849,26.6234],[72.0975,26.6023],[72.0768,26.5709],[72.0736,26.5578],[72.0616,26.55],[72.0281,26.5],[72.0773,26.4525],[72.0793,26.4289],[72.0724,26.3994],[72.0761,26.3649],[72.0715,26.3504],[72.1077,26.3164],[72.1141,26.3217],[72.1207,26.3144],[72.1403,26.3257],[72.1352,26.3179],[72.1529,26.3117],[72.1614,26.2991],[72.1635,26.2902],[72.1589,26.2818],[72.1921,26.2658],[72.205,26.2551],[72.2112,26.2347],[72.2433,26.2196],[72.2684,26.1984],[72.2832,26.2142],[72.2933,26.2188],[72.3018,26.2153],[72.3413,26.2446],[72.3733,26.2254],[72.406,26.2364],[72.4111,26.2378],[72.4169,26.2502],[72.426,26.2598],[72.4235,26.2694],[72.415,26.2761],[72.4265,26.2895],[72.4393,26.2951],[72.4531,26.2944],[72.4584,26.3005],[72.4713,26.3032],[72.4927,26.2963],[72.5051,26.2803],[72.5233,26.288],[72.5237,26.2794],[72.5423,26.2732],[72.5491,26.2654],[72.5605,26.2707],[72.5662,26.2673],[72.5805,26.271],[72.5951,26.2791],[72.6338,26.2291],[72.6391,26.2291],[72.6629,26.2037],[72.6792,26.1978],[72.6844,26.1877],[72.7001,26.2039],[72.6996,26.2192],[72.7154,26.2538],[72.7409,26.2536],[72.7441,26.2824],[72.7196,26.3034],[72.7328,26.3057],[72.7353,26.3228],[72.7681,26.33],[72.7748,26.3358],[72.7709,26.3491],[72.753,26.3615],[72.7669,26.3885],[72.7666,26.3973],[72.7473,26.4184],[72.7473,26.4531],[72.7391,26.4643],[72.7465,26.4796],[72.7374,26.4907],[72.7349,26.507],[72.7446,26.5278],[72.7269,26.5324],[72.7212,26.5501],[72.7054,26.5633],[72.6654,26.5685],[72.6555,26.5799],[72.6582,26.6087],[72.6671,26.6295],[72.6477,26.6727],[72.6178,26.7111],[72.6237,26.7297],[72.6201,26.7386],[72.6304,26.7587],[72.6276,26.7913],[72.5955,26.8233],[72.5694,26.8276],[72.5473,26.825]]]}},{"type":"Feature","properties":{"ac_name":"BASSI","ac_no":57,"ac_category":"ST","st_name":"RAJASTHAN"},"geometry":{"type":"Polygon","coordinates":[[[76.2291,27.0007],[76.2185,26.9982],[76.2016,26.9804],[76.175,26.9756],[76.1689,26.9171],[76.1876,26.9094],[76.1842,26.8992],[76.1874,26.889],[76.1862,26.8794],[76.171,26.8755],[76.141,26.8774],[76.148,26.8894],[76.1436,26.894],[76.1016,26.8932],[76.0802,26.906],[76.065,26.9057],[76.0334,26.9343],[76.0155,26.9315],[75.9861,26.9382],[75.9699,26.9606],[75.9567,26.9604],[75.9427,26.9513],[75.9382,26.9304],[75.9473,26.894],[75.9469,26.8784],[75.9297,26.8701],[75.9236,26.8546],[75.929,26.8362],[75.9439,26.8204],[75.9376,26.7703],[75.9423,26.7663],[75.9532,26.7715],[75.9692,26.7712],[75.9585,26.7335],[75.9677,26.7296],[75.9768,26.7368],[75.9831,26.7174],[76.0025,26.711],[76.0185,26.7207],[76.0296,26.7208],[76.0426,26.7148],[76.049,26.6947],[76.0655,26.6852],[76.0861,26.6827],[76.0931,26.6913],[76.0985,26.6912],[76.0952,26.6755],[76.0826,26.678],[76.0974,26.6608],[76.1274,26.6602],[76.1434,26.6655],[76.1376,26.6446],[76.1408,26.6423],[76.1482,26.6467],[76.1439,26.6372],[76.1629,26.6481],[76.1546,26.6593],[76.159,26.6632],[76.1528,26.6771],[76.1563,26.6823],[76.1517,26.6913],[76.1449,26.6917],[76.1465,26.7016],[76.1558,26.7127],[76.1694,26.7165],[76.1753,26.7004],[76.1709,26.6884],[76.1794,26.6873],[76.1913,26.7032],[76.1907,26.7113],[76.1942,26.7087],[76.2,26.7146],[76.2041,26.7126],[76.2098,26.7213],[76.1818,26.7271],[76.1981,26.7344],[76.1876,26.7416],[76.1931,26.7524],[76.1849,26.7491],[76.1805,26.7561],[76.1818,26.7655],[76.1937,26.7675],[76.1973,26.7787],[76.1929,26.7838],[76.1982,26.7831],[76.2053,26.7906],[76.2044,26.801],[76.2199,26.8],[76.2191,26.8031],[76.2293,26.8089],[76.2316,26.8017],[76.2383,26.7989],[76.2433,26.8017],[76.2493,26.7968],[76.2552,26.803],[76.2488,26.8133],[76.2624,26.8303],[76.2489,26.8344],[76.2408,26.8445],[76.2478,26.8663],[76.2534,26.8632],[76.2628,26.8665],[76.2626,26.8734],[76.2476,26.874],[76.2354,26.8803],[76.2373,26.8941],[76.2227,26.8959],[76.2241,26.9049],[76.2189,26.9073],[76.2199,26.919],[76.2284,26.9159],[76.2374,26.9257],[76.2393,26.9323],[76.2293,26.9337],[76.2337,26.945],[76.2472,26.9411],[76.2486,26.9462],[76.2226,26.9547],[76.2291,27.0007]]]}},{"type":"Feature","properties":{"ac_name":"BAYANA","ac_no":76,"ac_category":"SC","st_name":"RAJASTHAN"},"geometry":{"type":"Polygon","coordinates":[[[77.3426,27.0321],[77.3365,27.0319],[77.3123,26.9974],[77.313,26.9878],[77.2969,26.9773],[77.2937,26.9691],[77.2792,26.9734],[77.2778,27.002],[77.2506,27.0087],[77.2393,27.0013],[77.2311,26.9642],[77.2537,26.9539],[77.2562,26.9466],[77.2364,26.9425],[77.2195,26.9331],[77.2203,26.914],[77.2273,26.9095],[77.2301,26.8843],[77.2094,26.8682],[77.2059,26.854],[77.215,26.8509],[77.1991,26.8336],[77.1895,26.8418],[77.1914,26.8542],[77.1791,26.8525],[77.1723,26.8235],[77.1864,26.8223],[77.2084,26.8114],[77.1961,26.7972],[77.1985,26.7857],[77.2053,26.7794],[77.217,26.7868],[77.2554,26.8208],[77.2774,26.8041],[77.293,26.7803],[77.3139,26.7887],[77.322,26.798],[77.3331,26.8003],[77.3367,26.8079],[77.3456,26.8021],[77.351,26.805],[77.3581,26.7963],[77.3502,26.7876],[77.3472,26.7746],[77.3375,26.7669],[77.3504,26.7557],[77.346,26.7125],[77.3828,26.7058],[77.3918,26.713],[77.4213,26.7206],[77.4461,26.7402],[77.4549,26.742],[77.4585,26.7526],[77.4703,26.7644],[77.4666,26.7738],[77.4549,26.7776],[77.4419,26.7685],[77.4329,26.7677],[77.446,26.8147],[77.4224,26.8403],[77.4311,26.849],[77.4271,26.8633],[77.4401,26.8639],[77.4484,26.875],[77.459,26.8725],[77.4603,26.8855],[77.4899,26.9003],[77.5535,26.9199],[77.5832,26.9242],[77.5924,26.9402],[77.6022,26.9333],[77.6608,26.971],[77.6723,26.96],[77.6767,26.9733],[77.6988,26.9748],[77.723,26.9879],[77.7295,26.9829],[77.7436,26.9834],[77.7457,26.9951],[77.752,26.9926],[77.7576,26.9959],[77.7496,27.0014],[77.762,26.9991],[77.7628,27.0032],[77.7567,27.0103],[77.7592,27.0179],[77.7497,27.0213],[77.7511,27.029],[77.7375,27.0295],[77.7293,27.008],[77.7301,26.994],[77.712,26.9971],[77.7055,27.0034],[77.7057,27.0147],[77.6898,27.0266],[77.6936,27.04],[77.6801,27.0466],[77.6675,27.0184],[77.6431,27.0257],[77.6309,27.0102],[77.6286,27.0187],[77.622,27.0222],[77.5976,27.0244],[77.5968,27.0324],[77.5796,27.0374],[77.5633,27.0288],[77.5644,27.0333],[77.5513,27.0268],[77.5334,27.0278],[77.5191,27.039],[77.5152,27.0311],[77.5056,27.0299],[77.4957,27.018],[77.4842,27.0148],[77.4766,27.0175],[77.4688,27.011],[77.4449,27.0116],[77.4261,26.9949],[77.4143,26.9993],[77.4059,26.9965],[77.4013,27.0048],[77.392,27.0085],[77.3871,27.0232],[77.3482,27.0257],[77.3426,27.0321]]]}},{"type":"Feature","properties":{"ac_name":"SIKRAI","ac_no":87,"ac_category":"SC","st_name":"RAJASTHAN"},"geometry":{"type":"Polygon","coordinates":[[[76.7597,26.9812],[76.7445,26.9783],[76.7224,26.962],[76.6948,26.9554],[76.6399,26.9536],[76.6202,26.9649],[76.6084,26.9664],[76.5648,26.9577],[76.5566,26.944],[76.498,26.9478],[76.4776,26.9597],[76.4544,26.968],[76.4492,26.9361],[76.4248,26.9373],[76.4241,26.9307],[76.3946,26.9151],[76.3983,26.896],[76.4045,26.8958],[76.4014,26.8728],[76.3931,26.8714],[76.3893,26.8592],[76.3656,26.8577],[76.3743,26.8494],[76.3767,26.8386],[76.3686,26.832],[76.3676,26.8248],[76.3778,26.8197],[76.3908,26.7999],[76.3892,26.7951],[76.3958,26.7953],[76.4126,26.7699],[76.4155,26.7484],[76.4324,26.7418],[76.4331,26.7215],[76.4364,26.7181],[76.4495,26.7335],[76.449,26.7426],[76.4627,26.747],[76.4717,26.7428],[76.4774,26.716],[76.4837,26.7215],[76.4934,26.7467],[76.5367,26.782],[76.5433,26.773],[76.5542,26.7772],[76.5724,26.7753],[76.5796,26.7863],[76.6053,26.778],[76.6779,26.8397],[76.718,26.8639],[76.7536,26.8767],[76.771,26.8901],[76.7751,26.8941],[76.7666,26.9077],[76.7822,26.9159],[76.793,26.9332],[76.7958,26.9728],[76.7734,26.9815],[76.7597,26.9812]]]}},{"type":"Feature","properties":{"ac_name":"DUDU","ac_no":45,"ac_category":"SC","st_name":"RAJASTHAN"},"geometry":{"type":"Polygon","coordinates":[[[75.3685,26.8783],[75.3669,26.8724],[75.3791,26.8619],[75.3776,26.848],[75.3613,26.8452],[75.3305,26.8498],[75.3271,26.8249],[75.3111,26.7797],[75.2991,26.7806],[75.3027,26.7979],[75.2901,26.8059],[75.2724,26.7652],[75.2548,26.7529],[75.2463,26.7498],[75.2273,26.7623],[75.2102,26.7445],[75.1958,26.7519],[75.1849,26.7384],[75.174,26.7388],[75.1609,26.7607],[75.1459,26.7707],[75.1386,26.7807],[75.1374,26.7995],[75.1306,26.8078],[75.086,26.8312],[75.0618,26.8306],[75.0426,26.815],[75.0499,26.8099],[75.0479,26.7997],[75.0311,26.7962],[75.0231,26.7979],[75.0134,26.8149],[74.9979,26.8166],[74.9881,26.8395],[74.9554,26.8335],[74.9348,26.8425],[74.9147,26.8375],[74.9192,26.8283],[74.9251,26.8156],[74.9254,26.7925],[74.9312,26.7934],[74.933,26.7812],[74.9381,26.7803],[74.9383,26.7496],[74.9469,26.7489],[74.9576,26.7578],[74.9834,26.763],[74.9833,26.7663],[74.9974,26.7535],[75.0085,26.7526],[75.0005,26.7318],[74.9422,26.7337],[74.9425,26.7243],[74.9643,26.7216],[74.9687,26.712],[74.9613,26.6973],[74.967,26.6805],[74.9779,26.6751],[74.9995,26.6899],[75.0111,26.6895],[75.0201,26.6641],[75.039,26.6641],[75.0431,26.659],[75.0654,26.6542],[75.0681,26.6446],[75.0607,26.6237],[75.0682,26.613],[75.0817,26.6112],[75.0792,26.5893],[75.0691,26.5852],[75.0648,26.577],[75.0619,26.5552],[75.0745,26.5458],[75.0959,26.5594],[75.1161,26.5547],[75.1225,26.546],[75.1141,26.5224],[75.15,26.5029],[75.1444,26.4724],[75.1521,26.4686],[75.1609,26.4734],[75.1603,26.4622],[75.1688,26.4627],[75.1773,26.4788],[75.1881,26.4875],[75.1994,26.4809],[75.1953,26.4991],[75.2031,26.5169],[75.2208,26.5191],[75.2512,26.531],[75.2516,26.545],[75.2702,26.5492],[75.27,26.5538],[75.2869,26.5642],[75.2918,26.5562],[75.3292,26.5607],[75.3354,26.5488],[75.3337,26.5373],[75.3381,26.534],[75.3344,26.5221],[75.3444,26.5187],[75.3434,26.5059],[75.3491,26.4971],[75.3665,26.4883],[75.3779,26.4903],[75.3868,26.4813],[75.4106,26.4828],[75.4085,26.4954],[75.4136,26.487],[75.4336,26.4822],[75.4397,26.4898],[75.455,26.4958],[75.4806,26.4825],[75.502,26.4828],[75.5001,26.4792],[75.5118,26.4708],[75.5111,26.4656],[75.5213,26.4632],[75.5504,26.4868],[75.5729,26.4762],[75.5694,26.4486],[75.5737,26.4465],[75.5857,26.4485],[75.6144,26.4403],[75.6262,26.4448],[75.6457,26.4426],[75.6495,26.4498],[75.6517,26.4594],[75.6475,26.4651],[75.6628,26.4859],[75.6506,26.485],[75.6259,26.4929],[75.6384,26.5139],[75.6157,26.5213],[75.6314,26.5515],[75.6328,26.5842],[75.6233,26.5986],[75.6133,26.5989],[75.6036,26.6253],[75.6116,26.6231],[75.6161,26.6381],[75.628,26.6467],[75.6234,26.6828],[75.591,26.6853],[75.5618,26.6679],[75.551,26.6728],[75.564,26.6767],[75.5725,26.6929],[75.5649,26.6952],[75.5619,26.706],[75.5813,26.7176],[75.583,26.7283],[75.5742,26.7374],[75.582,26.761],[75.5529,26.7632],[75.5516,26.7495],[75.5452,26.7445],[75.5357,26.7445],[75.5257,26.7649],[75.5135,26.7658],[75.5065,26.7724],[75.496,26.7675],[75.4904,26.7703],[75.4911,26.7848],[75.4813,26.7982],[75.495,26.8007],[75.4931,26.8146],[75.5049,26.8197],[75.4977,26.8267],[75.4937,26.8462],[75.5103,26.881],[75.5141,26.8953],[75.5114,26.9113],[75.4658,26.9191],[75.4349,26.9136],[75.391,26.9208],[75.3819,26.9086],[75.3831,26.8929],[75.3685,26.8783]]]}},{"type":"Feature","properties":{"ac_name":"TODABHIM","ac_no":81,"ac_category":"ST","st_name":"RAJASTHAN"},"geometry":{"type":"Polygon","coordinates":[[[76.7998,26.9575],[76.8057,26.9671],[76.7958,26.9728],[76.793,26.9332],[76.7822,26.9159],[76.7666,26.9077],[76.7751,26.8941],[76.771,26.8901],[76.7536,26.8767],[76.718,26.8639],[76.6779,26.8397],[76.6053,26.778],[76.5796,26.7863],[76.5724,26.7753],[76.5542,26.7772],[76.5433,26.773],[76.5367,26.782],[76.4934,26.7467],[76.4837,26.7215],[76.4774,26.716],[76.4659,26.7009],[76.4526,26.6872],[76.4633,26.6776],[76.4632,26.67],[76.5637,26.6104],[76.5777,26.6071],[76.6192,26.6143],[76.6315,26.6054],[76.649,26.5644],[76.6789,26.563],[76.6978,26.5447],[76.7086,26.533],[76.7238,26.5288],[76.7369,26.5325],[76.7613,26.554],[76.8177,26.5891],[76.8502,26.6036],[76.8604,26.6014],[76.864,26.6035],[76.8474,26.6423],[76.8508,26.6465],[76.8703,26.6438],[76.8857,26.6501],[76.9054,26.6681],[76.9082,26.7207],[76.9174,26.7289],[76.9404,26.7309],[76.942,26.7633],[76.9368,26.7666],[76.9278,26.8033],[76.9178,26.8082],[76.9024,26.8069],[76.9014,26.7961],[76.8861,26.795],[76.879,26.7841],[76.8488,26.8104],[76.8677,26.8267],[76.8652,26.8311],[76.881,26.8402],[76.9114,26.8213],[76.9212,26.8319],[76.9093,26.8549],[76.9277,26.8638],[76.946,26.8603],[76.9418,26.9104],[76.8998,26.9433],[76.8479,26.9644],[76.8194,26.966],[76.7998,26.9575]]]}},{"type":"Feature","properties":{"ac_name":"MERTA","ac_no":111,"ac_category":"SC","st_name":"RAJASTHAN"},"geometry":{"type":"Polygon","coordinates":[[[73.9639,26.8437],[73.9482,26.8476],[73.9195,26.832],[73.9168,26.8245],[73.9009,26.8177],[73.9062,26.8016],[73.9006,26.7864],[73.8768,26.7708],[73.892,26.7641],[73.8952,26.7524],[73.8888,26.7409],[73.8775,26.7367],[73.8754,26.7192],[73.8689,26.709],[73.878,26.6719],[73.8747,26.6698],[73.8438,26.6602],[73.7861,26.6588],[73.768,26.6621],[73.7646,26.669],[73.7569,26.6715],[73.7398,26.6684],[73.713,26.6525],[73.7008,26.6511],[73.6729,26.6761],[73.6595,26.65],[73.6782,26.6471],[73.6818,26.6416],[73.6819,26.6325],[73.6912,26.6229],[73.6913,26.6092],[73.701,26.6015],[73.6977,26.593],[73.7009,26.574],[73.7075,26.5724],[73.7197,26.5526],[73.7209,26.539],[73.7675,26.536],[73.7654,26.5295],[73.7787,26.5227],[73.7827,26.5123],[73.7961,26.5035],[73.8103,26.5035],[73.8188,26.4918],[73.8347,26.4829],[73.836,26.4737],[73.8548,26.466],[73.8568,26.4457],[73.8711,26.4289],[73.8954,26.4243],[73.9121,26.4286],[73.9152,26.425],[73.9535,26.4192],[73.962,26.4225],[73.9699,26.4347],[73.9841,26.4232],[74.0276,26.4264],[74.0306,26.4158],[74.0391,26.4121],[74.061,26.4243],[74.0866,26.416],[74.1023,26.416],[74.1008,26.4459],[74.118,26.4565],[74.1223,26.457],[74.1368,26.437],[74.1397,26.4302],[74.1576,26.4244],[74.1603,26.4106],[74.1725,26.4154],[74.1726,26.4234],[74.192,26.4265],[74.1896,26.4379],[74.211,26.4457],[74.2177,26.444],[74.236,26.4618],[74.2641,26.4534],[74.2758,26.4581],[74.2915,26.4467],[74.2998,26.4533],[74.3159,26.4564],[74.3078,26.4796],[74.284,26.4945],[74.2876,26.52],[74.2603,26.5252],[74.2568,26.5336],[74.2894,26.5513],[74.2869,26.5759],[74.2741,26.6023],[74.3014,26.6077],[74.3293,26.6047],[74.3442,26.6122],[74.3446,26.6165],[74.3243,26.6157],[74.3031,26.633],[74.2725,26.6344],[74.2562,26.6304],[74.2294,26.6363],[74.2296,26.6581],[74.2412,26.6927],[74.238,26.7053],[74.2299,26.7092],[74.1662,26.7115],[74.1657,26.7361],[74.1492,26.7495],[74.1466,26.7754],[74.1208,26.8043],[74.0957,26.806],[74.0793,26.8284],[74.0747,26.8275],[74.0651,26.8058],[74.0544,26.7962],[74.0351,26.7972],[74.0169,26.8065],[73.9973,26.8042],[73.9937,26.8189],[73.9777,26.8454],[73.9639,26.8437]]]}},{"type":"Feature","properties":{"ac_name":"BAGRU","ac_no":56,"ac_category":"SC","st_name":"RAJASTHAN"},"geometry":{"type":"Polygon","coordinates":[[[75.8365,26.9259],[75.8309,26.9296],[75.8217,26.9246],[75.822,26.9153],[75.7986,26.9114],[75.8,26.9024],[75.8204,26.8981],[75.8096,26.8929],[75.7991,26.8791],[75.7896,26.8828],[75.7924,26.8981],[75.772,26.898],[75.764,26.8911],[75.7604,26.8782],[75.7541,26.88],[75.7479,26.89],[75.7272,26.8854],[75.7219,26.8891],[75.7204,26.8991],[75.707,26.906],[75.6838,26.9073],[75.6818,26.8952],[75.6693,26.8838],[75.6576,26.8814],[75.6522,26.8855],[75.6428,26.8787],[75.6271,26.878],[75.6233,26.8882],[75.6118,26.8842],[75.5849,26.8885],[75.5767,26.8678],[75.5559,26.866],[75.545,26.8693],[75.5425,26.8766],[75.5376,26.8707],[75.5103,26.881],[75.4937,26.8462],[75.4977,26.8267],[75.5049,26.8197],[75.4931,26.8146],[75.495,26.8007],[75.4813,26.7982],[75.4911,26.7848],[75.4904,26.7703],[75.496,26.7675],[75.5065,26.7724],[75.5135,26.7658],[75.5257,26.7649],[75.5357,26.7445],[75.5452,26.7445],[75.5516,26.7495],[75.5529,26.7632],[75.582,26.761],[75.5892,26.7591],[75.5993,26.759],[75.6334,26.7431],[75.6383,26.744],[75.6411,26.7516],[75.6472,26.7512],[75.6612,26.74],[75.6621,26.7326],[75.6822,26.7307],[75.7084,26.719],[75.7175,26.7226],[75.7248,26.7478],[75.7405,26.7491],[75.7476,26.7384],[75.7754,26.7331],[75.7745,26.7256],[75.761,26.7155],[75.7577,26.7008],[75.7761,26.6885],[75.7856,26.6737],[75.7978,26.6728],[75.8032,26.6743],[75.8072,26.6919],[75.8243,26.687],[75.831,26.6889],[75.8372,26.7005],[75.8477,26.7035],[75.8597,26.7208],[75.8703,26.7242],[75.8769,26.7189],[75.8861,26.7186],[75.8838,26.7388],[75.9022,26.7371],[75.8989,26.7522],[75.8825,26.7534],[75.8897,26.7664],[75.9198,26.7672],[75.9202,26.7561],[75.9114,26.7407],[75.9148,26.7375],[75.9214,26.744],[75.9262,26.7627],[75.9376,26.7703],[75.9439,26.8204],[75.929,26.8362],[75.9236,26.8546],[75.9297,26.8701],[75.9469,26.8784],[75.9473,26.894],[75.9269,26.8902],[75.9173,26.8927],[75.9173,26.8991],[75.9094,26.9013],[75.9101,26.9199],[75.9016,26.927],[75.878,26.9299],[75.8365,26.9259]]]}},{"type":"Feature","properties":{"ac_name":"RAJAKHERA","ac_no":80,"ac_category":"GEN","st_name":"RAJASTHAN"},"geometry":{"type":"Polygon","coordinates":[[[78.2643,26.9274],[78.2547,26.9354],[78.2551,26.9271],[78.2392,26.9263],[78.2378,26.9371],[78.2299,26.9383],[78.2245,26.9473],[78.21,26.9316],[78.1966,26.9416],[78.1814,26.9401],[78.172,26.9473],[78.1563,26.9435],[78.1473,26.9497],[78.1251,26.9493],[78.1119,26.9394],[78.1218,26.9352],[78.121,26.9221],[78.1049,26.9265],[78.1014,26.9175],[78.1114,26.8988],[78.1072,26.8967],[78.1027,26.9042],[78.0957,26.9044],[78.0948,26.8933],[78.0669,26.9101],[78.0641,26.906],[78.0479,26.9092],[78.0511,26.8705],[78.056,26.8686],[78.0443,26.87],[78.0264,26.8498],[78.0213,26.8575],[78.0359,26.8703],[78.0246,26.8726],[78.0303,26.8862],[78.0235,26.8912],[78.0222,26.8997],[78.0147,26.9026],[78.0012,26.9027],[77.9873,26.8895],[77.9728,26.8962],[77.9723,26.9058],[77.9474,26.8935],[77.9383,26.9071],[77.9264,26.9103],[77.9151,26.9073],[77.9152,26.9145],[77.9049,26.9178],[77.9086,26.8903],[77.904,26.8833],[77.8923,26.8877],[77.8826,26.8518],[77.8711,26.8485],[77.8718,26.8392],[77.8611,26.8323],[77.8625,26.8146],[77.8528,26.8026],[77.8713,26.778],[77.8883,26.7681],[77.9125,26.774],[77.9137,26.7636],[77.9297,26.761],[77.9357,26.7539],[77.9496,26.7588],[77.946,26.7718],[77.9603,26.7801],[77.9751,26.7777],[77.9845,26.7811],[77.9876,26.7704],[77.9974,26.7685],[78.0022,26.775],[78.004,26.7579],[77.9872,26.7465],[77.9997,26.7458],[77.9894,26.7121],[78.002,26.6947],[78.0562,26.6836],[78.0759,26.6702],[78.0957,26.6803],[78.0924,26.7189],[78.1012,26.7368],[78.1237,26.7474],[78.1199,26.7553],[78.1026,26.7641],[78.1015,26.7798],[78.1064,26.7903],[78.1161,26.7965],[78.1254,26.7966],[78.156,26.7839],[78.1857,26.7856],[78.1864,26.7965],[78.1681,26.8137],[78.1693,26.8213],[78.1787,26.8259],[78.2022,26.8218],[78.223,26.8307],[78.2187,26.8344],[78.2203,26.8436],[78.213,26.846],[78.1967,26.8806],[78.2032,26.8808],[78.2085,26.8688],[78.2327,26.8742],[78.237,26.889],[78.2582,26.8962],[78.2706,26.9145],[78.2717,26.9214],[78.2643,26.9274]]]}},{"type":"Feature","properties":{"ac_name":"BARI","ac_no":78,"ac_category":"GEN","st_name":"RAJASTHAN"},"geometry":{"type":"Polygon","coordinates":[[[77.8788,26.9007],[77.85,26.9127],[77.8191,26.9183],[77.8103,26.9243],[77.7984,26.9159],[77.7921,26.9173],[77.779,26.9267],[77.7798,26.9302],[77.7595,26.9327],[77.7527,26.9172],[77.7454,26.9212],[77.7326,26.9205],[77.725,26.9103],[77.7178,26.8975],[77.727,26.8903],[77.7227,26.8745],[77.7069,26.8771],[77.7008,26.8679],[77.6867,26.8753],[77.6766,26.8686],[77.675,26.8577],[77.6873,26.8329],[77.6894,26.8023],[77.6854,26.7808],[77.6692,26.7771],[77.6337,26.7567],[77.6244,26.7432],[77.586,26.7199],[77.5555,26.7087],[77.5151,26.7024],[77.4894,26.6784],[77.5185,26.6558],[77.5163,26.6461],[77.5523,26.6407],[77.572,26.6423],[77.5812,26.6591],[77.5906,26.6585],[77.5955,26.6327],[77.626,26.6221],[77.6367,26.5766],[77.6236,26.5649],[77.6156,26.5614],[77.6024,26.5638],[77.5919,26.5536],[77.5945,26.568],[77.5721,26.5705],[77.5662,26.5465],[77.5738,26.536],[77.5733,26.5263],[77.5511,26.4755],[77.5321,26.4478],[77.5363,26.4112],[77.5458,26.4151],[77.5601,26.4361],[77.5733,26.4369],[77.5885,26.4461],[77.6136,26.4526],[77.6322,26.4778],[77.671,26.5002],[77.723,26.5002],[77.7302,26.5071],[77.7398,26.5377],[77.7549,26.5387],[77.7835,26.5519],[77.811,26.5471],[77.8245,26.5509],[77.8329,26.5618],[77.8359,26.5764],[77.8269,26.5935],[77.8328,26.5997],[77.8249,26.6002],[77.7999,26.6166],[77.7827,26.6122],[77.7712,26.6266],[77.7576,26.6287],[77.7455,26.6493],[77.7504,26.6582],[77.75,26.68],[77.7737,26.7286],[77.7757,26.7448],[77.7652,26.7739],[77.7711,26.782],[77.781,26.7801],[77.7954,26.8134],[77.7886,26.8162],[77.7921,26.8412],[77.8103,26.8363],[77.8264,26.8513],[77.8269,26.8595],[77.8171,26.8688],[77.8235,26.8787],[77.8608,26.8779],[77.8788,26.9007]]]}},{"type":"Feature","properties":{"ac_name":"KISHANGARH","ac_no":98,"ac_category":"GEN","st_name":"RAJASTHAN"},"geometry":{"type":"Polygon","coordinates":[[[74.9995,26.6899],[74.9779,26.6751],[74.967,26.6805],[74.9613,26.6973],[74.9687,26.712],[74.9643,26.7216],[74.9425,26.7243],[74.9422,26.7337],[75.0005,26.7318],[75.0085,26.7526],[74.9974,26.7535],[74.9833,26.7663],[74.9834,26.763],[74.9576,26.7578],[74.9469,26.7489],[74.9383,26.7496],[74.9381,26.7803],[74.933,26.7812],[74.9312,26.7934],[74.9254,26.7925],[74.9251,26.8156],[74.9192,26.8283],[74.8921,26.823],[74.8913,26.7746],[74.8729,26.7602],[74.8719,26.7532],[74.8622,26.751],[74.8481,26.7377],[74.84,26.714],[74.8034,26.7176],[74.7917,26.7051],[74.8141,26.7003],[74.8189,26.6975],[74.8186,26.6907],[74.8331,26.6921],[74.8271,26.6733],[74.8154,26.6721],[74.8056,26.6777],[74.7833,26.6698],[74.7812,26.6923],[74.7474,26.6831],[74.7397,26.6588],[74.7341,26.6372],[74.7464,26.6402],[74.7399,26.6221],[74.7563,26.623],[74.7551,26.6055],[74.7812,26.6188],[74.7969,26.634],[74.8158,26.6359],[74.8141,26.6269],[74.8377,26.6211],[74.8252,26.6008],[74.8,26.5861],[74.7982,26.5586],[74.8084,26.5457],[74.8107,26.5273],[74.8213,26.5183],[74.8255,26.5068],[74.8144,26.4902],[74.808,26.4683],[74.8155,26.4522],[74.8239,26.446],[74.8444,26.4361],[74.8709,26.4387],[74.8953,26.4108],[74.907,26.4095],[74.9308,26.4155],[74.9389,26.3915],[74.9327,26.3699],[74.9286,26.358],[74.9065,26.3315],[74.9286,26.318],[74.9365,26.3195],[74.9547,26.3369],[74.974,26.3341],[74.9826,26.3278],[74.964,26.3006],[74.9574,26.2503],[74.946,26.2447],[74.9024,26.2467],[74.8715,26.2297],[74.8907,26.2193],[74.928,26.2152],[74.9386,26.1965],[74.9558,26.1829],[74.9726,26.1982],[74.9939,26.1834],[75.0085,26.18],[75.0167,26.1654],[75.0613,26.1595],[75.0753,26.1846],[75.1023,26.1877],[75.1105,26.1806],[75.1236,26.1783],[75.1286,26.1649],[75.1575,26.1816],[75.1614,26.187],[75.1574,26.189],[75.153,26.2209],[75.1416,26.2272],[75.1408,26.2443],[75.1168,26.2532],[75.119,26.269],[75.1132,26.2758],[75.1125,26.2881],[75.1273,26.2932],[75.1335,26.3059],[75.1353,26.317],[75.1297,26.3241],[75.1248,26.3533],[75.134,26.3641],[75.1415,26.3644],[75.1435,26.3705],[75.1435,26.3744],[75.1349,26.3782],[75.128,26.4011],[75.1319,26.4092],[75.1615,26.4124],[75.1676,26.4165],[75.1641,26.4222],[75.1747,26.4445],[75.1688,26.4627],[75.1603,26.4622],[75.1609,26.4734],[75.1521,26.4686],[75.1444,26.4724],[75.15,26.5029],[75.1141,26.5224],[75.1225,26.546],[75.1161,26.5547],[75.0959,26.5594],[75.0745,26.5458],[75.0619,26.5552],[75.0648,26.577],[75.0691,26.5852],[75.0792,26.5893],[75.0817,26.6112],[75.0682,26.613],[75.0607,26.6237],[75.0681,26.6446],[75.0654,26.6542],[75.0431,26.659],[75.039,26.6641],[75.0201,26.6641],[75.0111,26.6895],[74.9995,26.6899]]]}},{"type":"Feature","properties":{"ac_name":"DHOLPUR","ac_no":79,"ac_category":"GEN","st_name":"RAJASTHAN"},"geometry":{"type":"Polygon","coordinates":[[[77.8923,26.8877],[77.8836,26.8907],[77.8788,26.9007],[77.8608,26.8779],[77.8235,26.8787],[77.8171,26.8688],[77.8269,26.8595],[77.8264,26.8513],[77.8103,26.8363],[77.7921,26.8412],[77.7886,26.8162],[77.7954,26.8134],[77.781,26.7801],[77.7711,26.782],[77.7652,26.7739],[77.7757,26.7448],[77.7737,26.7286],[77.75,26.68],[77.7504,26.6582],[77.7455,26.6493],[77.7576,26.6287],[77.7712,26.6266],[77.7827,26.6122],[77.7999,26.6166],[77.8249,26.6002],[77.8328,26.5997],[77.8357,26.606],[77.8478,26.6118],[77.8956,26.6157],[77.9011,26.6572],[77.9137,26.6609],[77.9427,26.6581],[77.979,26.6705],[78.002,26.6947],[77.9894,26.7121],[77.9997,26.7458],[77.9872,26.7465],[78.004,26.7579],[78.0022,26.775],[77.9974,26.7685],[77.9876,26.7704],[77.9845,26.7811],[77.9751,26.7777],[77.9603,26.7801],[77.946,26.7718],[77.9496,26.7588],[77.9357,26.7539],[77.9297,26.761],[77.9137,26.7636],[77.9125,26.774],[77.8883,26.7681],[77.8713,26.778],[77.8528,26.8026],[77.8625,26.8146],[77.8611,26.8323],[77.8718,26.8392],[77.8711,26.8485],[77.8826,26.8518],[77.8923,26.8877]]]}},{"type":"Feature","properties":{"ac_name":"HINDAUN","ac_no":82,"ac_category":"SC","st_name":"RAJASTHAN"},"geometry":{"type":"Polygon","coordinates":[[[77.0749,26.8603],[77.0483,26.8452],[77.0113,26.836],[76.9637,26.8149],[76.944,26.8175],[76.9377,26.8223],[76.9369,26.8353],[76.946,26.8603],[76.9277,26.8638],[76.9093,26.8549],[76.9212,26.8319],[76.9114,26.8213],[76.881,26.8402],[76.8652,26.8311],[76.8677,26.8267],[76.8488,26.8104],[76.879,26.7841],[76.8861,26.795],[76.9014,26.7961],[76.9024,26.8069],[76.9178,26.8082],[76.9278,26.8033],[76.9368,26.7666],[76.942,26.7633],[76.9404,26.7309],[76.9174,26.7289],[76.9082,26.7207],[76.9054,26.6681],[76.8857,26.6501],[76.8703,26.6438],[76.8508,26.6465],[76.8474,26.6423],[76.864,26.6035],[76.8604,26.6014],[76.8861,26.5792],[76.924,26.5971],[76.9464,26.6153],[76.9495,26.6244],[76.9425,26.6256],[76.9426,26.6307],[76.9558,26.6571],[76.9648,26.663],[77.0113,26.7249],[77.0481,26.7155],[77.0414,26.6974],[77.044,26.6778],[77.0484,26.6757],[77.069,26.6949],[77.0692,26.7111],[77.062,26.7219],[77.0754,26.7218],[77.0794,26.709],[77.0895,26.7221],[77.0811,26.7287],[77.0859,26.7376],[77.1024,26.7324],[77.114,26.7365],[77.1148,26.7504],[77.1036,26.7508],[77.1036,26.7628],[77.1138,26.7725],[77.1015,26.8009],[77.1176,26.8048],[77.12,26.7954],[77.1398,26.7864],[77.1471,26.7919],[77.1541,26.7911],[77.1563,26.7797],[77.1677,26.7724],[77.1675,26.7683],[77.209,26.7599],[77.217,26.7868],[77.2053,26.7794],[77.1985,26.7857],[77.1961,26.7972],[77.2084,26.8114],[77.1864,26.8223],[77.1723,26.8235],[77.1672,26.8331],[77.1572,26.8231],[77.1526,26.8301],[77.136,26.8353],[77.1333,26.842],[77.1162,26.854],[77.1036,26.8741],[77.0975,26.8626],[77.0749,26.8603]]]}},{"type":"Feature","properties":{"ac_name":"BASERI","ac_no":77,"ac_category":"SC","st_name":"RAJASTHAN"},"geometry":{"type":"Polygon","coordinates":[[[77.675,26.8577],[77.6297,26.8416],[77.6206,26.8429],[77.6183,26.8322],[77.608,26.8278],[77.6083,26.8392],[77.5926,26.828],[77.5782,26.8272],[77.5746,26.8209],[77.5575,26.8176],[77.5423,26.8224],[77.5231,26.8199],[77.5169,26.826],[77.5205,26.8414],[77.5014,26.8441],[77.5006,26.8163],[77.4875,26.7878],[77.4891,26.7787],[77.5024,26.769],[77.485,26.7478],[77.4549,26.742],[77.4461,26.7402],[77.4213,26.7206],[77.3918,26.713],[77.3828,26.7058],[77.346,26.7125],[77.3459,26.6913],[77.3718,26.6562],[77.3515,26.656],[77.3457,26.6415],[77.3573,26.6319],[77.3595,26.6373],[77.394,26.6339],[77.3907,26.6183],[77.385,26.6154],[77.376,26.6185],[77.3552,26.5921],[77.3457,26.5924],[77.315,26.5802],[77.2892,26.5614],[77.2893,26.5546],[77.2824,26.5568],[77.2667,26.5507],[77.2556,26.5549],[77.2415,26.5472],[77.2271,26.5283],[77.2392,26.4978],[77.2343,26.4954],[77.2426,26.4806],[77.2377,26.4704],[77.2434,26.4744],[77.2507,26.4681],[77.249,26.4444],[77.2554,26.4314],[77.2615,26.4281],[77.275,26.431],[77.2819,26.4372],[77.2943,26.4349],[77.3064,26.4392],[77.3315,26.432],[77.3292,26.4258],[77.3434,26.4242],[77.3464,26.4131],[77.3387,26.3961],[77.3552,26.3969],[77.3571,26.3786],[77.3701,26.3774],[77.376,26.3653],[77.3908,26.3566],[77.4122,26.3633],[77.4434,26.3613],[77.4484,26.3682],[77.435,26.3939],[77.4367,26.4029],[77.4598,26.4037],[77.4869,26.4109],[77.5046,26.4084],[77.5237,26.4072],[77.5363,26.4112],[77.5321,26.4478],[77.5511,26.4755],[77.5733,26.5263],[77.5738,26.536],[77.5662,26.5465],[77.5721,26.5705],[77.5945,26.568],[77.5919,26.5536],[77.6024,26.5638],[77.6156,26.5614],[77.6236,26.5649],[77.6367,26.5766],[77.626,26.6221],[77.5955,26.6327],[77.5906,26.6585],[77.5812,26.6591],[77.572,26.6423],[77.5523,26.6407],[77.5163,26.6461],[77.5185,26.6558],[77.4894,26.6784],[77.5151,26.7024],[77.5555,26.7087],[77.586,26.7199],[77.6244,26.7432],[77.6337,26.7567],[77.6692,26.7771],[77.6854,26.7808],[77.6894,26.8023],[77.6873,26.8329],[77.675,26.8577]]]}},{"type":"Feature","properties":{"ac_name":"KARAULI","ac_no":83,"ac_category":"GEN","st_name":"RAJASTHAN"},"geometry":{"type":"Polygon","coordinates":[[[77.217,26.7868],[77.209,26.7599],[77.1675,26.7683],[77.1677,26.7724],[77.1563,26.7797],[77.1541,26.7911],[77.1471,26.7919],[77.1398,26.7864],[77.12,26.7954],[77.1176,26.8048],[77.1015,26.8009],[77.1138,26.7725],[77.1036,26.7628],[77.1036,26.7508],[77.1148,26.7504],[77.114,26.7365],[77.1024,26.7324],[77.0859,26.7376],[77.0811,26.7287],[77.0895,26.7221],[77.0794,26.709],[77.0754,26.7218],[77.062,26.7219],[77.0692,26.7111],[77.069,26.6949],[77.0484,26.6757],[77.044,26.6778],[77.0414,26.6974],[77.0481,26.7155],[77.0113,26.7249],[76.9648,26.663],[76.9558,26.6571],[76.9426,26.6307],[76.9425,26.6256],[76.9495,26.6244],[76.9464,26.6153],[76.924,26.5971],[76.8861,26.5792],[76.9074,26.5643],[76.907,26.5396],[76.9052,26.5243],[76.8938,26.5193],[76.8995,26.5094],[76.9069,26.5015],[76.9362,26.5009],[76.9425,26.4928],[76.9592,26.4757],[76.9645,26.4771],[76.9623,26.4615],[76.9765,26.4609],[76.9622,26.4448],[76.9655,26.4396],[76.9569,26.4166],[76.9616,26.4048],[76.9479,26.3789],[76.9569,26.3864],[76.9824,26.3474],[76.9949,26.3674],[77.011,26.3612],[77.0367,26.3796],[77.0491,26.375],[77.0653,26.3587],[77.0727,26.3577],[77.0765,26.3658],[77.0822,26.3659],[77.083,26.3983],[77.0997,26.4184],[77.1142,26.4188],[77.1235,26.4307],[77.1148,26.4364],[77.1249,26.4492],[77.1515,26.4632],[77.1493,26.4705],[77.1372,26.4786],[77.1518,26.4895],[77.1874,26.5001],[77.2326,26.5054],[77.2392,26.4978],[77.2271,26.5283],[77.2415,26.5472],[77.2556,26.5549],[77.2667,26.5507],[77.2824,26.5568],[77.2893,26.5546],[77.2892,26.5614],[77.315,26.5802],[77.3457,26.5924],[77.3552,26.5921],[77.376,26.6185],[77.385,26.6154],[77.3907,26.6183],[77.394,26.6339],[77.3595,26.6373],[77.3573,26.6319],[77.3457,26.6415],[77.3515,26.656],[77.3718,26.6562],[77.3459,26.6913],[77.346,26.7125],[77.3504,26.7557],[77.3375,26.7669],[77.3472,26.7746],[77.3502,26.7876],[77.3581,26.7963],[77.351,26.805],[77.3456,26.8021],[77.3367,26.8079],[77.3331,26.8003],[77.322,26.798],[77.3139,26.7887],[77.293,26.7803],[77.2774,26.8041],[77.2554,26.8208],[77.217,26.7868]]]}},{"type":"Feature","properties":{"ac_name":"CHAKSU","ac_no":58,"ac_category":"SC","st_name":"RAJASTHAN"},"geometry":{"type":"Polygon","coordinates":[[[75.5892,26.7591],[75.582,26.761],[75.5742,26.7374],[75.583,26.7283],[75.5813,26.7176],[75.5619,26.706],[75.5649,26.6952],[75.5725,26.6929],[75.564,26.6767],[75.551,26.6728],[75.5618,26.6679],[75.591,26.6853],[75.6234,26.6828],[75.628,26.6467],[75.6161,26.6381],[75.6116,26.6231],[75.6036,26.6253],[75.6133,26.5989],[75.6233,26.5986],[75.6328,26.5842],[75.6314,26.5515],[75.6157,26.5213],[75.6384,26.5139],[75.6259,26.4929],[75.6506,26.485],[75.6628,26.4859],[75.6475,26.4651],[75.6517,26.4594],[75.6521,26.4659],[75.6577,26.4611],[75.6815,26.4602],[75.6828,26.4532],[75.6948,26.4472],[75.7096,26.4464],[75.7271,26.4667],[75.7406,26.447],[75.748,26.4605],[75.7469,26.4695],[75.7686,26.4665],[75.7709,26.4718],[75.7683,26.4808],[75.7737,26.4884],[75.7648,26.4966],[75.7691,26.4984],[75.7609,26.5073],[75.76,26.5176],[75.7792,26.5246],[75.7758,26.532],[75.7698,26.531],[75.7723,26.5431],[75.7956,26.5471],[75.7965,26.5507],[75.8046,26.542],[75.8028,26.5349],[75.7946,26.5299],[75.8246,26.5169],[75.8444,26.5133],[75.8556,26.5218],[75.8608,26.5178],[75.8813,26.519],[75.8811,26.5152],[75.8931,26.51],[75.9028,26.5086],[75.9062,26.5128],[75.9282,26.5086],[75.9375,26.4949],[75.9556,26.4924],[75.9612,26.4858],[75.973,26.507],[75.9836,26.5048],[75.9847,26.5094],[75.9959,26.5016],[76.009,26.5003],[76.0137,26.5108],[76.0184,26.5074],[76.0226,26.511],[76.0251,26.5211],[76.0296,26.5209],[76.0314,26.5146],[76.0634,26.5091],[76.0705,26.5279],[76.0832,26.5227],[76.1001,26.5387],[76.1201,26.5289],[76.1326,26.5319],[76.1495,26.5187],[76.1553,26.5235],[76.1561,26.5629],[76.1619,26.5652],[76.1564,26.5748],[76.1622,26.5776],[76.1701,26.6048],[76.1771,26.6022],[76.1831,26.6119],[76.1766,26.6179],[76.1795,26.6317],[76.1643,26.6398],[76.1629,26.6481],[76.1439,26.6372],[76.1482,26.6467],[76.1408,26.6423],[76.1376,26.6446],[76.1434,26.6655],[76.1274,26.6602],[76.0974,26.6608],[76.0826,26.678],[76.0952,26.6755],[76.0985,26.6912],[76.0931,26.6913],[76.0861,26.6827],[76.0655,26.6852],[76.049,26.6947],[76.0426,26.7148],[76.0296,26.7208],[76.0185,26.7207],[76.0025,26.711],[75.9831,26.7174],[75.9768,26.7368],[75.9677,26.7296],[75.9585,26.7335],[75.9692,26.7712],[75.9532,26.7715],[75.9423,26.7663],[75.9376,26.7703],[75.9262,26.7627],[75.9214,26.744],[75.9148,26.7375],[75.9114,26.7407],[75.9202,26.7561],[75.9198,26.7672],[75.8897,26.7664],[75.8825,26.7534],[75.8989,26.7522],[75.9022,26.7371],[75.8838,26.7388],[75.8861,26.7186],[75.8769,26.7189],[75.8703,26.7242],[75.8597,26.7208],[75.8477,26.7035],[75.8372,26.7005],[75.831,26.6889],[75.8243,26.687],[75.8072,26.6919],[75.8032,26.6743],[75.7978,26.6728],[75.7856,26.6737],[75.7761,26.6885],[75.7577,26.7008],[75.761,26.7155],[75.7745,26.7256],[75.7754,26.7331],[75.7476,26.7384],[75.7405,26.7491],[75.7248,26.7478],[75.7175,26.7226],[75.7084,26.719],[75.6822,26.7307],[75.6621,26.7326],[75.6612,26.74],[75.6472,26.7512],[75.6411,26.7516],[75.6383,26.744],[75.6334,26.7431],[75.5993,26.759],[75.5892,26.7591]]]}},{"type":"Feature","properties":{"ac_name":"LALSOT","ac_no":89,"ac_category":"ST","st_name":"RAJASTHAN"},"geometry":{"type":"Polygon","coordinates":[[[76.1805,26.7561],[76.1849,26.7491],[76.1931,26.7524],[76.1876,26.7416],[76.1981,26.7344],[76.1818,26.7271],[76.2098,26.7213],[76.2041,26.7126],[76.2,26.7146],[76.1942,26.7087],[76.1907,26.7113],[76.1913,26.7032],[76.1794,26.6873],[76.1709,26.6884],[76.1753,26.7004],[76.1694,26.7165],[76.1558,26.7127],[76.1465,26.7016],[76.1449,26.6917],[76.1517,26.6913],[76.1563,26.6823],[76.1528,26.6771],[76.159,26.6632],[76.1546,26.6593],[76.1629,26.6481],[76.1643,26.6398],[76.1795,26.6317],[76.1766,26.6179],[76.1831,26.6119],[76.1771,26.6022],[76.1701,26.6048],[76.1622,26.5776],[76.1564,26.5748],[76.1619,26.5652],[76.1561,26.5629],[76.1553,26.5235],[76.1495,26.5187],[76.1511,26.5063],[76.167,26.4963],[76.1714,26.4861],[76.2027,26.476],[76.2185,26.4638],[76.2298,26.466],[76.2403,26.4621],[76.2458,26.4412],[76.269,26.4497],[76.2788,26.4479],[76.2915,26.4556],[76.3232,26.4561],[76.3394,26.4366],[76.3412,26.4098],[76.365,26.4021],[76.4036,26.3784],[76.4135,26.3979],[76.4119,26.4156],[76.4215,26.42],[76.4265,26.4346],[76.4424,26.4432],[76.4486,26.4714],[76.4545,26.4783],[76.4652,26.4757],[76.4792,26.5002],[76.4764,26.5176],[76.4626,26.5215],[76.4591,26.5469],[76.4498,26.5569],[76.441,26.5579],[76.4224,26.541],[76.4107,26.5428],[76.4141,26.5511],[76.4015,26.5561],[76.419,26.6066],[76.4346,26.6249],[76.4551,26.6645],[76.4632,26.67],[76.4633,26.6776],[76.4526,26.6872],[76.4659,26.7009],[76.4551,26.7081],[76.4312,26.6987],[76.4191,26.6993],[76.3988,26.7364],[76.3935,26.7386],[76.3866,26.7348],[76.3641,26.7462],[76.3647,26.7549],[76.3556,26.7521],[76.3427,26.7564],[76.3465,26.7648],[76.3414,26.7724],[76.3264,26.7706],[76.31,26.7554],[76.2768,26.764],[76.2672,26.7612],[76.2582,26.7485],[76.23,26.7439],[76.2046,26.7477],[76.1886,26.763],[76.1805,26.7561]]]}},{"type":"Feature","properties":{"ac_name":"SHEO","ac_no":134,"ac_category":"GEN","st_name":"RAJASTHAN"},"geometry":{"type":"Polygon","coordinates":[[[71.4472,26.513],[71.4364,26.4966],[71.421,26.4919],[71.4009,26.4703],[71.3527,26.4456],[71.3275,26.4206],[71.3178,26.4315],[71.3075,26.4354],[71.3069,26.452],[71.2962,26.4638],[71.2833,26.4665],[71.2373,26.4557],[71.2136,26.4401],[71.2132,26.4351],[71.2049,26.4325],[71.1986,26.4202],[71.1821,26.4074],[71.1902,26.3858],[71.1403,26.3078],[71.1307,26.3049],[71.1295,26.3083],[71.1249,26.3033],[71.0881,26.314],[71.0773,26.3224],[71.0607,26.3117],[71.0715,26.2935],[71.0574,26.2832],[71.0136,26.2797],[71.0017,26.2736],[70.9976,26.26],[70.9491,26.2444],[70.9476,26.2363],[70.9393,26.2292],[70.9405,26.2243],[70.9784,26.2176],[71.0078,26.2231],[71.0131,26.2121],[71.0119,26.1988],[71.0394,26.1721],[71.0447,26.1455],[71.0502,26.1388],[71.0243,26.1134],[71.015,26.1163],[70.9996,26.113],[70.9601,26.0946],[70.9506,26.08],[70.9404,26.0795],[70.9605,26.054],[70.9667,26.0364],[70.9585,26.0182],[70.941,26.0292],[70.9416,26.0517],[70.9177,26.0755],[70.9002,26.1017],[70.8679,26.1311],[70.7495,26.1465],[70.7419,26.1418],[70.7095,26.1665],[70.7187,26.1935],[70.7158,26.2108],[70.7049,26.2078],[70.6835,26.2121],[70.6561,26.197],[70.6307,26.1962],[70.5949,26.2021],[70.5577,26.1981],[70.5236,26.1789],[70.4995,26.1726],[70.4617,26.1797],[70.4311,26.175],[70.4316,26.1849],[70.4252,26.1874],[70.425,26.1927],[70.4084,26.1984],[70.3624,26.1427],[70.3502,26.1396],[70.3305,26.1508],[70.2997,26.1454],[70.29,26.1558],[70.2798,26.1516],[70.271,26.1547],[70.2695,26.1642],[70.2472,26.1552],[70.2203,26.1194],[70.2149,26.1336],[70.1994,26.1467],[70.1775,26.154],[70.1461,26.1517],[70.1412,26.1558],[70.0834,26.0832],[70.0995,25.9383],[70.1738,25.8293],[70.1971,25.8157],[70.2225,25.7934],[70.2514,25.7557],[70.2684,25.7135],[70.3586,25.6802],[70.3868,25.674],[70.4506,25.6822],[70.5299,25.683],[70.6088,25.7148],[70.6472,25.7124],[70.6599,25.7023],[70.6743,25.6756],[70.6676,25.5313],[70.6789,25.5253],[70.6714,25.4614],[70.6719,25.4199],[70.6647,25.3966],[70.7369,25.332],[70.7517,25.2776],[70.7846,25.2456],[70.828,25.2702],[70.8106,25.2839],[70.8385,25.2984],[70.8593,25.3178],[70.8698,25.2859],[70.8984,25.2879],[70.9034,25.3215],[70.9349,25.3608],[70.9424,25.3682],[70.9933,25.3906],[71.0012,25.3963],[71.0173,25.4271],[71.044,25.4388],[71.0489,25.4764],[71.0573,25.4846],[71.0579,25.4971],[71.0558,25.5062],[71.0314,25.526],[71.0373,25.5326],[71.0775,25.56],[71.0938,25.5546],[71.1246,25.5687],[71.1783,25.6213],[71.1891,25.6233],[71.1978,25.6179],[71.2043,25.6742],[71.1686,25.7054],[71.1821,25.7297],[71.2115,25.7384],[71.215,25.7661],[71.2308,25.7901],[71.2286,25.8036],[71.2226,25.8144],[71.1481,25.8155],[71.1147,25.8496],[71.0725,25.8806],[71.0325,25.8756],[71.0424,25.8978],[71.0339,25.9221],[71.0092,25.9482],[71.0164,25.9713],[71.0394,26.0028],[71.0665,26.0226],[71.0876,26.0305],[71.1011,26.0307],[71.1482,26.0122],[71.2424,25.9948],[71.2794,25.9933],[71.3314,26.0292],[71.362,26.0361],[71.4756,26.0791],[71.5207,26.1145],[71.575,26.1767],[71.6045,26.2011],[71.6201,26.2243],[71.6484,26.2478],[71.6677,26.2736],[71.728,26.2852],[71.7366,26.2955],[71.7444,26.3288],[71.7595,26.3479],[71.741,26.3728],[71.7168,26.3863],[71.7024,26.3916],[71.686,26.3864],[71.6833,26.3814],[71.6755,26.3828],[71.6587,26.3906],[71.6449,26.4038],[71.6343,26.4046],[71.6232,26.4165],[71.6318,26.4295],[71.6228,26.4363],[71.6211,26.4609],[71.6131,26.481],[71.6092,26.487],[71.6039,26.4852],[71.5914,26.5007],[71.5741,26.5056],[71.5429,26.4894],[71.5203,26.4866],[71.5116,26.4705],[71.4883,26.4574],[71.4682,26.4734],[71.46,26.504],[71.4472,26.513]]]}},{"type":"Feature","properties":{"ac_name":"BAMANWAS","ac_no":91,"ac_category":"ST","st_name":"RAJASTHAN"},"geometry":{"type":"Polygon","coordinates":[[[76.4632,26.67],[76.4551,26.6645],[76.4346,26.6249],[76.419,26.6066],[76.4015,26.5561],[76.4141,26.5511],[76.4107,26.5428],[76.4224,26.541],[76.441,26.5579],[76.4498,26.5569],[76.4591,26.5469],[76.4626,26.5215],[76.4764,26.5176],[76.4792,26.5002],[76.4652,26.4757],[76.4545,26.4783],[76.4486,26.4714],[76.4424,26.4432],[76.4265,26.4346],[76.4215,26.42],[76.4119,26.4156],[76.4135,26.3979],[76.4036,26.3784],[76.365,26.4021],[76.3412,26.4098],[76.3394,26.4366],[76.3232,26.4561],[76.2915,26.4556],[76.2788,26.4479],[76.269,26.4497],[76.2458,26.4412],[76.2403,26.4621],[76.2298,26.466],[76.2185,26.4638],[76.2027,26.476],[76.1714,26.4861],[76.1516,26.4669],[76.1414,26.4696],[76.1325,26.4595],[76.1385,26.4474],[76.1531,26.4421],[76.151,26.4283],[76.1409,26.4199],[76.1477,26.4166],[76.1467,26.4092],[76.1291,26.3722],[76.1289,26.3678],[76.1409,26.3583],[76.1365,26.3498],[76.1279,26.3497],[76.1227,26.3432],[76.1252,26.3347],[76.1403,26.3254],[76.1351,26.3198],[76.1443,26.3115],[76.1376,26.2964],[76.123,26.2904],[76.1214,26.2793],[76.1106,26.2757],[76.1111,26.2608],[76.1196,26.2575],[76.1201,26.2526],[76.1046,26.2475],[76.1008,26.2405],[76.1505,26.2101],[76.158,26.185],[76.2275,26.1826],[76.2767,26.191],[76.3006,26.1897],[76.3022,26.217],[76.292,26.22],[76.2943,26.2314],[76.3009,26.232],[76.3016,26.2524],[76.3419,26.2745],[76.3629,26.2664],[76.3713,26.2841],[76.382,26.2814],[76.3863,26.2935],[76.3949,26.3013],[76.3771,26.3078],[76.3773,26.3235],[76.3943,26.32],[76.4075,26.3287],[76.412,26.3482],[76.4174,26.3474],[76.4148,26.3709],[76.4621,26.349],[76.4901,26.3255],[76.5257,26.3069],[76.522,26.2795],[76.5437,26.2633],[76.5613,26.2328],[76.5722,26.2339],[76.5874,26.2496],[76.5813,26.2707],[76.5923,26.2684],[76.5977,26.2734],[76.6053,26.2724],[76.6115,26.2578],[76.6235,26.251],[76.6368,26.2726],[76.6192,26.2924],[76.6132,26.3122],[76.6252,26.3503],[76.621,26.3725],[76.6257,26.3913],[76.6327,26.3934],[76.6618,26.3844],[76.6675,26.3912],[76.638,26.4238],[76.6373,26.4322],[76.6527,26.4619],[76.6425,26.4951],[76.6497,26.4964],[76.6899,26.485],[76.6679,26.5193],[76.673,26.525],[76.6976,26.5212],[76.7003,26.5284],[76.6943,26.5442],[76.6978,26.5447],[76.6789,26.563],[76.649,26.5644],[76.6315,26.6054],[76.6192,26.6143],[76.5777,26.6071],[76.5637,26.6104],[76.4632,26.67]]]}},{"type":"Feature","properties":{"ac_name":"LUNI","ac_no":130,"ac_category":"GEN","st_name":"RAJASTHAN"},"geometry":{"type":"GeometryCollection","geometries":[{"type":"Polygon","coordinates":[[[73.1573,26.3605,0],[73.1604,26.3676,0],[73.1692,26.3662,0],[73.1685,26.3562,0],[73.1573,26.3605,0]]]},{"type":"Polygon","coordinates":[[[73.1573,26.3605,0],[73.1667,26.3428,0],[73.1912,26.3395,0],[73.193,26.3316,0],[73.1864,26.3289,0],[73.1873,26.3145,0],[73.2019,26.2991,0],[73.2027,26.2955,0],[73.1856,26.2854,0],[73.1864,26.2656,0],[73.1629,26.2471,0],[73.1592,26.2358,0],[73.151,26.2292,0],[73.1381,26.2446,0],[73.1323,26.2376,0],[73.1296,26.2088,0],[73.1256,26.2053,0],[73.1318,26.1878,0],[73.1494,26.2041,0],[73.1567,26.1995,0],[73.1639,26.1827,0],[73.1708,26.1818,0],[73.1892,26.1506,0],[73.2007,26.156,0],[73.2189,26.145,0],[73.241,26.1453,0],[73.2523,26.1411,0],[73.2794,26.147,0],[73.283,26.1233,0],[73.2418,26.1024,0],[73.2438,26.0741,0],[73.2392,26.0831,0],[73.2237,26.0714,0],[73.2218,26.0753,0],[73.2031,26.0742,0],[73.1919,26.0818,0],[73.194,26.0686,0],[73.1779,26.0538,0],[73.1851,26.0334,0],[73.1626,26.0315,0],[73.1367,26.0457,0],[73.1147,26.0286,0],[73.0997,26.0272,0],[73.0831,26.0182,0],[73.0525,26.0142,0],[73.0492,26.011,0],[73.0525,25.9834,0],[73.0437,25.9652,0],[73.0254,25.953,0],[72.9968,25.9539,0],[72.9989,25.949,0],[72.9925,25.9393,0],[72.9729,25.933,0],[72.9732,25.9168,0],[72.9586,25.9004,0],[72.9346,25.9031,0],[72.9193,25.8941,0],[72.8793,25.8926,0],[72.8731,25.8887,0],[72.8675,25.8986,0],[72.8591,25.8986,0],[72.8541,25.892,0],[72.842,25.8897,0],[72.8432,25.8763,0],[72.8347,25.8633,0],[72.8084,25.8519,0],[72.7809,25.8834,0],[72.7532,25.8802,0],[72.7538,25.8963,0],[72.7418,25.9002,0],[72.7371,25.9107,0],[72.7342,25.909,0],[72.727,25.9202,0],[72.7053,25.9349,0],[72.6922,25.9316,0],[72.6883,25.9408,0],[72.6831,25.9392,0],[72.6692,25.9526,0],[72.6528,25.959,0],[72.632,25.9586,0],[72.6321,25.9649,0],[72.6189,25.9784,0],[72.6208,25.9872,0],[72.6103,26.0002,0],[72.644,26.0114,0],[72.649,26.0179,0],[72.6939,26.0375,0],[72.6846,26.0538,0],[72.6897,26.0641,0],[72.6864,26.0692,0],[72.6753,26.0689,0],[72.6852,26.0847,0],[72.6838,26.0961,0],[72.6972,26.1066,0],[72.6934,26.1135,0],[72.699,26.1168,0],[72.6852,26.138,0],[72.6891,26.1414,0],[72.6791,26.1729,0],[72.6902,26.1851,0],[72.6844,26.1877,0],[72.7001,26.2039,0],[72.6996,26.2192,0],[72.7154,26.2538,0],[72.7409,26.2536,0],[72.7441,26.2824,0],[72.7196,26.3034,0],[72.7328,26.3057,0],[72.7353,26.3228,0],[72.7681,26.33,0],[72.7748,26.3358,0],[72.7709,26.3491,0],[72.753,26.3615,0],[72.7669,26.3885,0],[72.7666,26.3973,0],[72.7773,26.4232,0],[72.786,26.4178,0],[72.7885,26.3979,0],[72.7948,26.3922,0],[72.8084,26.4067,0],[72.8159,26.4272,0],[72.8367,26.4466,0],[72.8781,26.4497,0],[72.9058,26.4648,0],[72.9171,26.4558,0],[72.9377,26.4619,0],[72.9508,26.4545,0],[72.9692,26.4593,0],[72.9884,26.4476,0],[72.9994,26.4531,0],[73.0219,26.4443,0],[73.0715,26.4734,0],[73.1099,26.4846,0],[73.1311,26.4756,0],[73.1391,26.4593,0],[73.1539,26.4569,0],[73.1427,26.4307,0],[73.1201,26.4342,0],[73.0923,26.3977,0],[73.0919,26.3896,0],[73.1151,26.3851,0],[73.1212,26.3798,0],[73.1436,26.3828,0],[73.1595,26.3921,0],[73.1627,26.3833,0],[73.1357,26.3591,0],[73.1573,26.3605,0]],[[73.0884,26.3726,0],[73.082,26.3781,0],[73.0747,26.3667,0],[73.0563,26.3723,0],[73.0479,26.3779,0],[73.0429,26.3742,0],[73.0189,26.3276,0],[72.9855,26.3433,0],[72.9742,26.3398,0],[72.9715,26.3272,0],[72.9894,26.3108,0],[72.9567,26.264,0],[72.9685,26.2294,0],[73.0137,26.207,0],[73.032,26.2068,0],[73.0426,26.2153,0],[73.0605,26.2027,0],[73.0664,26.2056,0],[73.0693,26.2204,0],[73.0865,26.2277,0],[73.0886,26.2373,0],[73.1085,26.2486,0],[73.0995,26.2921,0],[73.1221,26.306,0],[73.1104,26.3238,0],[73.0983,26.3224,0],[73.0958,26.3257,0],[73.0877,26.3489,0],[73.0975,26.3629,0],[73.0884,26.3726,0]]]}]}},{"type":"Feature","properties":{"ac_name":"BILARA","ac_no":131,"ac_category":"SC","st_name":"RAJASTHAN"},"geometry":{"type":"Polygon","coordinates":[[[73.7961,26.5035],[73.7827,26.4899],[73.7316,26.4642],[73.6969,26.4737],[73.6677,26.4736],[73.666,26.465],[73.6801,26.4403],[73.6778,26.4353],[73.6481,26.4527],[73.6033,26.4323],[73.552,26.4327],[73.5327,26.4487],[73.4923,26.4397],[73.4387,26.4042],[73.4273,26.3833],[73.3958,26.3527],[73.3693,26.3061],[73.3612,26.3009],[73.3386,26.3051],[73.3248,26.3181],[73.2991,26.3176],[73.2805,26.35],[73.2518,26.3514],[73.2459,26.336],[73.2308,26.3348],[73.2236,26.31],[73.2019,26.2991],[73.2027,26.2955],[73.1856,26.2854],[73.1864,26.2656],[73.1629,26.2471],[73.1592,26.2358],[73.151,26.2292],[73.1381,26.2446],[73.1323,26.2376],[73.1296,26.2088],[73.1256,26.2053],[73.1318,26.1878],[73.1494,26.2041],[73.1567,26.1995],[73.1639,26.1827],[73.1708,26.1818],[73.1892,26.1506],[73.2007,26.156],[73.2189,26.145],[73.241,26.1453],[73.2523,26.1411],[73.2794,26.147],[73.283,26.1233],[73.2418,26.1024],[73.2438,26.0741],[73.2477,26.0688],[73.2585,26.0694],[73.2501,26.0648],[73.2552,26.0544],[73.266,26.0562],[73.2745,26.0491],[73.2718,26.0447],[73.2752,26.0412],[73.2901,26.0337],[73.3084,26.03],[73.3081,26.0137],[73.3203,26.0106],[73.3233,26.0129],[73.3157,26.0359],[73.3279,26.0422],[73.329,26.0536],[73.3474,26.0635],[73.3585,26.062],[73.3569,26.0747],[73.3636,26.078],[73.3484,26.0872],[73.3411,26.1154],[73.3564,26.1282],[73.3758,26.1368],[73.3752,26.1525],[73.3871,26.1523],[73.3891,26.1571],[73.4021,26.1603],[73.4039,26.1329],[73.4092,26.1233],[73.4316,26.1294],[73.4451,26.1099],[73.4502,26.1111],[73.4485,26.1077],[73.4538,26.1061],[73.4638,26.0837],[73.4835,26.0802],[73.4968,26.0846],[73.5074,26.0659],[73.5268,26.0611],[73.5221,26.1004],[73.5443,26.1067],[73.5585,26.103],[73.5782,26.112],[73.5744,26.1276],[73.587,26.1223],[73.6003,26.1272],[73.6052,26.1252],[73.6284,26.1447],[73.6507,26.1237],[73.6478,26.0796],[73.6431,26.0775],[73.6536,26.0771],[73.6559,26.0691],[73.6945,26.0646],[73.7084,26.0916],[73.7324,26.1107],[73.7382,26.111],[73.751,26.099],[73.7525,26.0904],[73.7585,26.0898],[73.7603,26.0948],[73.7678,26.0966],[73.8,26.092],[73.8068,26.1033],[73.8111,26.1106],[73.8058,26.1176],[73.8063,26.1281],[73.792,26.1463],[73.7839,26.1481],[73.784,26.1629],[73.7879,26.1633],[73.7987,26.201],[73.8047,26.2001],[73.7865,26.2339],[73.7903,26.2357],[73.7906,26.2474],[73.8081,26.2631],[73.8043,26.2753],[73.8107,26.2861],[73.8082,26.2978],[73.8003,26.2975],[73.8022,26.3114],[73.7946,26.311],[73.7863,26.3178],[73.8081,26.3125],[73.8118,26.3338],[73.8067,26.3382],[73.8113,26.3558],[73.8494,26.3749],[73.8408,26.3798],[73.8444,26.4061],[73.8628,26.4137],[73.8619,26.4188],[73.8711,26.4289],[73.8568,26.4457],[73.8548,26.466],[73.836,26.4737],[73.8347,26.4829],[73.8188,26.4918],[73.8103,26.5035],[73.7961,26.5035]]]}},{"type":"Feature","properties":{"ac_name":"MALPURA","ac_no":94,"ac_category":"GEN","st_name":"RAJASTHAN"},"geometry":{"type":"Polygon","coordinates":[[[75.1688,26.4627],[75.1747,26.4445],[75.1641,26.4222],[75.1676,26.4165],[75.1615,26.4124],[75.1319,26.4092],[75.128,26.4011],[75.1349,26.3782],[75.1435,26.3744],[75.1435,26.3705],[75.1415,26.3644],[75.134,26.3641],[75.1248,26.3533],[75.1297,26.3241],[75.1353,26.317],[75.1335,26.3059],[75.1273,26.2932],[75.1125,26.2881],[75.1132,26.2758],[75.119,26.269],[75.1168,26.2532],[75.1408,26.2443],[75.1416,26.2272],[75.153,26.2209],[75.1574,26.189],[75.1614,26.187],[75.1575,26.1816],[75.1674,26.1726],[75.1838,26.1668],[75.1863,26.1453],[75.1813,26.117],[75.1884,26.1105],[75.2174,26.108],[75.241,26.088],[75.2428,26.0794],[75.2625,26.0996],[75.273,26.1349],[75.2979,26.1477],[75.3324,26.1352],[75.336,26.1315],[75.3292,26.1051],[75.3069,26.0838],[75.3038,26.0707],[75.3065,26.0629],[75.3289,26.0554],[75.3423,26.0375],[75.3453,26.0244],[75.3703,26.0281],[75.3935,26.0221],[75.4266,25.9922],[75.451,26.0198],[75.4961,26.0435],[75.5096,26.0428],[75.5112,26.05],[75.5304,26.0602],[75.5323,26.0749],[75.5399,26.075],[75.5419,26.0843],[75.508,26.0949],[75.513,26.1034],[75.5249,26.1003],[75.5304,26.0939],[75.5484,26.1125],[75.5687,26.1172],[75.5671,26.1626],[75.5525,26.1653],[75.5536,26.1711],[75.5368,26.1797],[75.5594,26.2058],[75.5703,26.2262],[75.5898,26.2245],[75.6103,26.2122],[75.6259,26.2148],[75.6434,26.2313],[75.6473,26.2644],[75.6197,26.2772],[75.6099,26.3006],[75.6088,26.3182],[75.618,26.3313],[75.6394,26.3466],[75.6251,26.3678],[75.6468,26.3853],[75.6533,26.3976],[75.647,26.4362],[75.6495,26.4498],[75.6457,26.4426],[75.6262,26.4448],[75.6144,26.4403],[75.5857,26.4485],[75.5737,26.4465],[75.5694,26.4486],[75.5729,26.4762],[75.5504,26.4868],[75.5213,26.4632],[75.5111,26.4656],[75.5118,26.4708],[75.5001,26.4792],[75.502,26.4828],[75.4806,26.4825],[75.455,26.4958],[75.4397,26.4898],[75.4336,26.4822],[75.4136,26.487],[75.4085,26.4954],[75.4106,26.4828],[75.3868,26.4813],[75.3779,26.4903],[75.3665,26.4883],[75.3491,26.4971],[75.3434,26.5059],[75.3444,26.5187],[75.3344,26.5221],[75.3381,26.534],[75.3337,26.5373],[75.3354,26.5488],[75.3292,26.5607],[75.2918,26.5562],[75.2869,26.5642],[75.27,26.5538],[75.2702,26.5492],[75.2516,26.545],[75.2512,26.531],[75.2208,26.5191],[75.2031,26.5169],[75.1953,26.4991],[75.1994,26.4809],[75.1881,26.4875],[75.1773,26.4788],[75.1688,26.4627]]]}},{"type":"Feature","properties":{"ac_name":"BAYTOO","ac_no":136,"ac_category":"GEN","st_name":"RAJASTHAN"},"geometry":{"type":"Polygon","coordinates":[[[72.0715,26.3504],[72.0582,26.3558],[72.0464,26.3503],[72.0283,26.3506],[72.0089,26.3421],[71.982,26.3183],[71.9623,26.3199],[71.9496,26.3133],[71.9407,26.3151],[71.9167,26.2966],[71.9071,26.3],[71.893,26.2979],[71.883,26.3391],[71.8592,26.3613],[71.8374,26.374],[71.8175,26.3582],[71.8133,26.3333],[71.8025,26.333],[71.7874,26.346],[71.7595,26.3479],[71.7444,26.3288],[71.7366,26.2955],[71.728,26.2852],[71.6677,26.2736],[71.6484,26.2478],[71.6201,26.2243],[71.6045,26.2011],[71.575,26.1767],[71.5207,26.1145],[71.4756,26.0791],[71.4877,26.0301],[71.4303,25.9956],[71.4168,25.9544],[71.4221,25.9247],[71.4909,25.9181],[71.5169,25.8886],[71.5443,25.8803],[71.5754,25.8908],[71.5944,25.9094],[71.6013,25.8979],[71.6039,25.8705],[71.562,25.8424],[71.5463,25.8365],[71.5491,25.8199],[71.5947,25.8204],[71.6409,25.7921],[71.6552,25.7975],[71.7082,25.7604],[71.7121,25.7541],[71.7104,25.7375],[71.6845,25.6904],[71.7788,25.6707],[71.7759,25.6376],[71.7991,25.6288],[71.8088,25.6294],[71.8198,25.6461],[71.8479,25.6605],[71.8457,25.6796],[71.8542,25.6969],[71.8484,25.7018],[71.8453,25.7198],[71.8226,25.7162],[71.8278,25.7335],[71.8334,25.7404],[71.8587,25.7447],[71.8734,25.753],[71.8839,25.7685],[71.8973,25.7753],[71.9484,25.8265],[71.9533,25.857],[71.9264,25.8512],[71.9067,25.8678],[71.8995,25.8674],[71.8882,25.882],[71.8583,25.8897],[71.8532,25.8951],[71.8552,25.9066],[71.8651,25.9205],[71.8547,25.9439],[71.8963,25.9683],[71.9122,25.9693],[71.9307,25.9901],[71.939,25.9857],[71.9374,25.9743],[71.9439,25.9659],[71.965,25.9771],[71.9872,25.9758],[72.0209,25.9461],[72.037,25.96],[72.0342,25.9637],[72.0383,25.9717],[72.0306,25.9864],[72.0375,25.9999],[72.0579,25.9929],[72.0796,25.974],[72.0845,25.9996],[72.107,25.9759],[72.1132,25.9779],[72.1336,26.0034],[72.1505,25.9773],[72.1383,25.959],[72.158,25.9102],[72.186,25.9247],[72.2002,25.9385],[72.2125,25.9347],[72.2184,25.9375],[72.2306,25.9555],[72.2302,25.9666],[72.2398,25.9657],[72.2452,25.9698],[72.2521,25.9565],[72.2674,25.9756],[72.2694,25.992],[72.2848,26.0021],[72.3093,26.0396],[72.344,26.028],[72.3439,26.0156],[72.3615,26.0185],[72.3622,26.0115],[72.4091,26.0069],[72.4593,26.0186],[72.4351,26.0249],[72.4245,26.0365],[72.419,26.0566],[72.4456,26.0429],[72.4651,26.0237],[72.4901,26.0418],[72.4959,26.0811],[72.485,26.1134],[72.4766,26.1246],[72.4775,26.1327],[72.4549,26.1277],[72.4417,26.1372],[72.4435,26.1556],[72.4827,26.1635],[72.4662,26.1723],[72.4527,26.1688],[72.4232,26.1952],[72.406,26.2364],[72.3733,26.2254],[72.3413,26.2446],[72.3018,26.2153],[72.2933,26.2188],[72.2832,26.2142],[72.2684,26.1984],[72.2433,26.2196],[72.2112,26.2347],[72.205,26.2551],[72.1921,26.2658],[72.1589,26.2818],[72.1635,26.2902],[72.1614,26.2991],[72.1529,26.3117],[72.1352,26.3179],[72.1403,26.3257],[72.1207,26.3144],[72.1141,26.3217],[72.1077,26.3164],[72.0715,26.3504]]]}},{"type":"Feature","properties":{"ac_name":"AJMER NORTH","ac_no":100,"ac_category":"GEN","st_name":"RAJASTHAN"},"geometry":{"type":"Polygon","coordinates":[[[74.6948,26.4517],[74.6862,26.4639],[74.6751,26.4683],[74.6721,26.4808],[74.6605,26.4852],[74.6595,26.4979],[74.637,26.5042],[74.6369,26.5162],[74.626,26.5213],[74.622,26.4988],[74.6071,26.4952],[74.6029,26.4862],[74.5825,26.4729],[74.5892,26.4631],[74.6146,26.4466],[74.6126,26.4322],[74.5985,26.4199],[74.6174,26.4178],[74.6438,26.4428],[74.6442,26.4549],[74.6515,26.4597],[74.6619,26.4485],[74.6766,26.4545],[74.6948,26.4517]]]}},{"type":"Feature","properties":{"ac_name":"NASIRABAD","ac_no":102,"ac_category":"GEN","st_name":"RAJASTHAN"},"geometry":{"type":"Polygon","coordinates":[[[74.3159,26.4564],[74.2998,26.4533],[74.2915,26.4467],[74.2882,26.4099],[74.293,26.3911],[74.305,26.3829],[74.3044,26.3273],[74.2708,26.3079],[74.2521,26.2856],[74.2649,26.2757],[74.2733,26.26],[74.3032,26.2503],[74.328,26.2631],[74.3609,26.2903],[74.3872,26.278],[74.3985,26.2652],[74.3752,26.2527],[74.3689,26.2407],[74.3686,26.2289],[74.3751,26.2264],[74.3738,26.2064],[74.3934,26.2087],[74.414,26.2254],[74.4273,26.2242],[74.4356,26.2307],[74.4518,26.2262],[74.4716,26.2239],[74.467,26.2136],[74.4705,26.2037],[74.4813,26.193],[74.4933,26.1912],[74.5053,26.183],[74.5714,26.2177],[74.5887,26.2335],[74.6197,26.1933],[74.657,26.1796],[74.6597,26.1563],[74.6658,26.1524],[74.7108,26.1567],[74.716,26.173],[74.7402,26.187],[74.7506,26.1998],[74.7756,26.1957],[74.8276,26.1892],[74.8465,26.2065],[74.8316,26.2155],[74.8307,26.2269],[74.8715,26.2297],[74.9024,26.2467],[74.946,26.2447],[74.9574,26.2503],[74.964,26.3006],[74.9826,26.3278],[74.974,26.3341],[74.9547,26.3369],[74.9365,26.3195],[74.9286,26.318],[74.9065,26.3315],[74.9286,26.358],[74.9327,26.3699],[74.9389,26.3915],[74.9308,26.4155],[74.907,26.4095],[74.8953,26.4108],[74.8709,26.4387],[74.8444,26.4361],[74.8239,26.446],[74.8155,26.4522],[74.808,26.4683],[74.8144,26.4902],[74.8002,26.4902],[74.7796,26.4672],[74.7583,26.4705],[74.7437,26.4544],[74.7282,26.4467],[74.7222,26.4138],[74.7393,26.4042],[74.7503,26.4049],[74.7515,26.3892],[74.738,26.3452],[74.7004,26.3204],[74.6978,26.304],[74.6938,26.3026],[74.67,26.3047],[74.6616,26.3148],[74.6545,26.3148],[74.6533,26.3111],[74.6388,26.3208],[74.6306,26.3189],[74.6216,26.3236],[74.6194,26.3127],[74.5948,26.3033],[74.5908,26.3223],[74.5537,26.3228],[74.5537,26.3322],[74.5474,26.3358],[74.5439,26.3491],[74.5046,26.3637],[74.5042,26.3712],[74.4875,26.3729],[74.4871,26.3925],[74.5221,26.3948],[74.5286,26.4014],[74.5216,26.4274],[74.5374,26.444],[74.5283,26.4597],[74.5221,26.4651],[74.5038,26.465],[74.4562,26.4468],[74.4435,26.4459],[74.4406,26.4591],[74.4328,26.4633],[74.4113,26.4557],[74.3975,26.4604],[74.3917,26.4713],[74.3987,26.4868],[74.3752,26.4877],[74.3693,26.477],[74.3535,26.4689],[74.3497,26.4528],[74.3326,26.4414],[74.3225,26.4433],[74.3159,26.4564]]]}},{"type":"Feature","properties":{"ac_name":"NIWAI","ac_no":95,"ac_category":"SC","st_name":"RAJASTHAN"},"geometry":{"type":"Polygon","coordinates":[[[76.009,26.5003],[75.9959,26.5016],[75.9847,26.5094],[75.9836,26.5048],[75.973,26.507],[75.9612,26.4858],[75.9556,26.4924],[75.9375,26.4949],[75.9282,26.5086],[75.9062,26.5128],[75.9028,26.5086],[75.8931,26.51],[75.8811,26.5152],[75.8813,26.519],[75.8608,26.5178],[75.8556,26.5218],[75.8444,26.5133],[75.8246,26.5169],[75.7946,26.5299],[75.8028,26.5349],[75.8046,26.542],[75.7965,26.5507],[75.7956,26.5471],[75.7723,26.5431],[75.7698,26.531],[75.7758,26.532],[75.7792,26.5246],[75.76,26.5176],[75.7609,26.5073],[75.7691,26.4984],[75.7648,26.4966],[75.7737,26.4884],[75.7683,26.4808],[75.7709,26.4718],[75.7686,26.4665],[75.7469,26.4695],[75.748,26.4605],[75.7406,26.447],[75.7271,26.4667],[75.7096,26.4464],[75.6948,26.4472],[75.6828,26.4532],[75.6815,26.4602],[75.6577,26.4611],[75.6521,26.4659],[75.6517,26.4594],[75.6495,26.4498],[75.647,26.4362],[75.6533,26.3976],[75.6468,26.3853],[75.6251,26.3678],[75.6394,26.3466],[75.618,26.3313],[75.6088,26.3182],[75.6099,26.3006],[75.6197,26.2772],[75.6473,26.2644],[75.6434,26.2313],[75.6259,26.2148],[75.6338,26.1877],[75.671,26.1764],[75.675,26.1542],[75.6913,26.1414],[75.7026,26.1663],[75.7152,26.1773],[75.7504,26.1857],[75.7739,26.1968],[75.8211,26.2315],[75.8402,26.229],[75.8599,26.2101],[75.8856,26.2],[75.8886,26.2086],[75.8711,26.2266],[75.8764,26.2322],[75.8964,26.2296],[75.8976,26.2505],[75.9035,26.2582],[75.8748,26.2598],[75.8683,26.2762],[75.9032,26.306],[75.9251,26.2907],[75.9223,26.2633],[75.9303,26.2582],[75.9481,26.2724],[75.9531,26.2925],[75.9633,26.304],[75.9802,26.3003],[76,26.2803],[75.9896,26.237],[75.9782,26.2318],[75.9404,26.2446],[75.9317,26.2431],[75.9272,26.2371],[75.9377,26.2212],[75.9366,26.2091],[75.9422,26.2007],[75.9591,26.1945],[75.9812,26.1958],[75.9828,26.2111],[75.9873,26.2111],[75.99,26.2216],[76.0282,26.2233],[76.0255,26.2501],[76.0426,26.2524],[76.0588,26.2438],[76.1008,26.2405],[76.1046,26.2475],[76.1201,26.2526],[76.1196,26.2575],[76.1111,26.2608],[76.1106,26.2757],[76.1214,26.2793],[76.123,26.2904],[76.1376,26.2964],[76.1443,26.3115],[76.1351,26.3198],[76.1403,26.3254],[76.1252,26.3347],[76.1227,26.3432],[76.1279,26.3497],[76.1365,26.3498],[76.1409,26.3583],[76.1289,26.3678],[76.1291,26.3722],[76.1467,26.4092],[76.1477,26.4166],[76.1409,26.4199],[76.151,26.4283],[76.1531,26.4421],[76.1385,26.4474],[76.1325,26.4595],[76.1414,26.4696],[76.1516,26.4669],[76.1714,26.4861],[76.167,26.4963],[76.1511,26.5063],[76.1495,26.5187],[76.1326,26.5319],[76.1201,26.5289],[76.1001,26.5387],[76.0832,26.5227],[76.0705,26.5279],[76.0634,26.5091],[76.0314,26.5146],[76.0296,26.5209],[76.0251,26.5211],[76.0226,26.511],[76.0184,26.5074],[76.0137,26.5108],[76.009,26.5003]]]}},{"type":"Feature","properties":{"ac_name":"JAITARAN","ac_no":116,"ac_category":"GEN","st_name":"RAJASTHAN"},"geometry":{"type":"Polygon","coordinates":[[[74.1368,26.437],[74.1223,26.457],[74.118,26.4565],[74.1008,26.4459],[74.1023,26.416],[74.0866,26.416],[74.061,26.4243],[74.0391,26.4121],[74.0306,26.4158],[74.0276,26.4264],[73.9841,26.4232],[73.9699,26.4347],[73.962,26.4225],[73.9535,26.4192],[73.9152,26.425],[73.9121,26.4286],[73.8954,26.4243],[73.8711,26.4289],[73.8619,26.4188],[73.8628,26.4137],[73.8444,26.4061],[73.8408,26.3798],[73.8494,26.3749],[73.8113,26.3558],[73.8067,26.3382],[73.8118,26.3338],[73.8081,26.3125],[73.7863,26.3178],[73.7946,26.311],[73.8022,26.3114],[73.8003,26.2975],[73.8082,26.2978],[73.8107,26.2861],[73.8043,26.2753],[73.8081,26.2631],[73.7906,26.2474],[73.7903,26.2357],[73.7865,26.2339],[73.8047,26.2001],[73.7987,26.201],[73.7879,26.1633],[73.784,26.1629],[73.7839,26.1481],[73.792,26.1463],[73.8063,26.1281],[73.8058,26.1176],[73.8111,26.1106],[73.8068,26.1033],[73.8451,26.1044],[73.8616,26.1211],[73.8793,26.1262],[73.8957,26.1059],[73.9026,26.1054],[73.9479,26.1226],[73.9647,26.1239],[73.9721,26.1335],[73.9796,26.1347],[73.9883,26.1345],[74.0161,26.1139],[74.0584,26.1002],[74.0595,26.1288],[74.0919,26.1545],[74.1111,26.1449],[74.1005,26.1224],[74.108,26.1113],[74.1066,26.0975],[74.0778,26.0771],[74.0728,26.054],[74.0466,26.0309],[74.0527,25.9896],[74.0658,25.9894],[74.0699,25.9842],[74.0676,25.9754],[74.0563,25.9653],[74.0503,25.9631],[74.0303,25.9694],[74.0147,26.0025],[73.9751,25.9906],[73.9676,25.9938],[73.9641,26.0068],[73.9399,26.0074],[73.932,25.9979],[73.9415,25.9787],[73.9723,25.9889],[73.9756,25.9707],[73.9964,25.9602],[73.9982,25.9515],[74.0529,25.9252],[74.0587,25.9111],[74.0566,25.8888],[74.0012,25.8647],[74.055,25.8285],[74.054,25.8329],[74.0858,25.8496],[74.0946,25.8494],[74.1169,25.8652],[74.1164,25.8804],[74.1391,25.8892],[74.1404,25.8975],[74.1576,25.9153],[74.162,25.9266],[74.1459,25.9418],[74.157,25.9574],[74.1336,25.9557],[74.1265,25.9604],[74.1584,25.9966],[74.165,25.999],[74.1714,26.0112],[74.1557,26.026],[74.1533,26.0409],[74.1633,26.0682],[74.1771,26.0629],[74.1764,26.0417],[74.1816,26.0321],[74.1932,26.0355],[74.2068,26.0488],[74.2183,26.0413],[74.2315,26.0545],[74.2447,26.0535],[74.2376,26.0669],[74.2489,26.0856],[74.2572,26.0893],[74.2662,26.1027],[74.2721,26.102],[74.2864,26.1213],[74.2953,26.1233],[74.302,26.1333],[74.2848,26.1523],[74.2729,26.1588],[74.2729,26.1738],[74.2898,26.1696],[74.3004,26.1852],[74.3171,26.1811],[74.325,26.1897],[74.3405,26.1961],[74.3472,26.1946],[74.3672,26.191],[74.3694,26.1948],[74.3738,26.2064],[74.3751,26.2264],[74.3686,26.2289],[74.3689,26.2407],[74.3752,26.2527],[74.3985,26.2652],[74.3872,26.278],[74.3609,26.2903],[74.328,26.2631],[74.3032,26.2503],[74.2733,26.26],[74.2649,26.2757],[74.2521,26.2856],[74.2708,26.3079],[74.3044,26.3273],[74.305,26.3829],[74.293,26.3911],[74.2882,26.4099],[74.2915,26.4467],[74.2758,26.4581],[74.2641,26.4534],[74.236,26.4618],[74.2177,26.444],[74.211,26.4457],[74.1896,26.4379],[74.192,26.4265],[74.1726,26.4234],[74.1725,26.4154],[74.1603,26.4106],[74.1576,26.4244],[74.1397,26.4302],[74.1368,26.437]]]}},{"type":"Feature","properties":{"ac_name":"SOORSAGAR","ac_no":129,"ac_category":"GEN","st_name":"RAJASTHAN"},"geometry":{"type":"Polygon","coordinates":[[[73.0396,26.286],[73.0359,26.303],[73.0397,26.3256],[73.0563,26.3723],[73.0479,26.3779],[73.0429,26.3742],[73.0189,26.3276],[72.9855,26.3433],[72.9742,26.3398],[72.9715,26.3272],[72.9894,26.3108],[72.9567,26.264],[72.9685,26.2294],[73.0137,26.207],[73.032,26.2068],[73.0338,26.2377],[73.0148,26.2413],[73.0212,26.252],[73.017,26.2538],[73.0247,26.2573],[73.0314,26.2677],[73.0329,26.282],[73.0396,26.286]]]}},{"type":"Feature","properties":{"ac_name":"SARDARPURA","ac_no":127,"ac_category":"GEN","st_name":"RAJASTHAN"},"geometry":{"type":"Polygon","coordinates":[[[73.0884,26.3726],[73.082,26.3781],[73.0747,26.3667],[73.0563,26.3723],[73.0397,26.3256],[73.0359,26.303],[73.0396,26.286],[73.0398,26.2793],[73.0492,26.2821],[73.0408,26.2678],[73.0588,26.274],[73.0511,26.2581],[73.0547,26.2476],[73.0726,26.2541],[73.0886,26.2373],[73.1085,26.2486],[73.0995,26.2921],[73.1221,26.306],[73.1104,26.3238],[73.0983,26.3224],[73.0958,26.3257],[73.0877,26.3489],[73.0975,26.3629],[73.0884,26.3726]]]}},{"type":"Feature","properties":{"ac_name":"AJMER SOUTH","ac_no":101,"ac_category":"SC","st_name":"RAJASTHAN"},"geometry":{"type":"Polygon","coordinates":[[[74.6174,26.4178],[74.6285,26.401],[74.6017,26.3859],[74.5927,26.3853],[74.5994,26.3753],[74.5939,26.36],[74.6083,26.335],[74.6474,26.341],[74.663,26.358],[74.6698,26.3567],[74.6802,26.3685],[74.6888,26.3897],[74.668,26.4052],[74.6627,26.4204],[74.6948,26.4517],[74.6766,26.4545],[74.6619,26.4485],[74.6515,26.4597],[74.6442,26.4549],[74.6438,26.4428],[74.6174,26.4178]]]}},{"type":"Feature","properties":{"ac_name":"GANGAPUR","ac_no":90,"ac_category":"GEN","st_name":"RAJASTHAN"},"geometry":{"type":"Polygon","coordinates":[[[76.907,26.5396],[76.9074,26.5643],[76.8861,26.5792],[76.8604,26.6014],[76.8502,26.6036],[76.8177,26.5891],[76.7613,26.554],[76.7369,26.5325],[76.7238,26.5288],[76.7086,26.533],[76.6978,26.5447],[76.6943,26.5442],[76.7003,26.5284],[76.6976,26.5212],[76.673,26.525],[76.6679,26.5193],[76.6899,26.485],[76.6497,26.4964],[76.6425,26.4951],[76.6527,26.4619],[76.6373,26.4322],[76.638,26.4238],[76.6675,26.3912],[76.6618,26.3844],[76.6327,26.3934],[76.6257,26.3913],[76.621,26.3725],[76.6252,26.3503],[76.6132,26.3122],[76.6192,26.2924],[76.6368,26.2726],[76.6516,26.2848],[76.706,26.3027],[76.7435,26.3202],[76.8154,26.384],[76.8606,26.4101],[76.8692,26.4319],[76.9356,26.4751],[76.9418,26.4826],[76.9425,26.4928],[76.9362,26.5009],[76.9069,26.5015],[76.8995,26.5094],[76.8938,26.5193],[76.9052,26.5243],[76.907,26.5396]]]}},{"type":"Feature","properties":{"ac_name":"PACHPADRA","ac_no":137,"ac_category":"GEN","st_name":"RAJASTHAN"},"geometry":{"type":"Polygon","coordinates":[[[72.4169,26.2502],[72.4111,26.2378],[72.406,26.2364],[72.4232,26.1952],[72.4527,26.1688],[72.4662,26.1723],[72.4827,26.1635],[72.4435,26.1556],[72.4417,26.1372],[72.4549,26.1277],[72.4775,26.1327],[72.4766,26.1246],[72.485,26.1134],[72.4959,26.0811],[72.4901,26.0418],[72.4651,26.0237],[72.4456,26.0429],[72.419,26.0566],[72.4245,26.0365],[72.4351,26.0249],[72.4593,26.0186],[72.4091,26.0069],[72.3622,26.0115],[72.3615,26.0185],[72.3439,26.0156],[72.344,26.028],[72.3093,26.0396],[72.2848,26.0021],[72.2694,25.992],[72.2674,25.9756],[72.2521,25.9565],[72.2452,25.9698],[72.2398,25.9657],[72.2302,25.9666],[72.2306,25.9555],[72.2184,25.9375],[72.2125,25.9347],[72.2002,25.9385],[72.186,25.9247],[72.158,25.9102],[72.1383,25.959],[72.1505,25.9773],[72.1336,26.0034],[72.1132,25.9779],[72.107,25.9759],[72.0845,25.9996],[72.0796,25.974],[72.0579,25.9929],[72.0375,25.9999],[72.0306,25.9864],[72.0383,25.9717],[72.0342,25.9637],[72.037,25.96],[72.0209,25.9461],[71.9872,25.9758],[71.965,25.9771],[71.9439,25.9659],[71.9374,25.9743],[71.939,25.9857],[71.9307,25.9901],[71.9122,25.9693],[71.8963,25.9683],[71.8547,25.9439],[71.8651,25.9205],[71.8552,25.9066],[71.8532,25.8951],[71.8583,25.8897],[71.8882,25.882],[71.8995,25.8674],[71.9067,25.8678],[71.9264,25.8512],[71.9533,25.857],[71.9484,25.8265],[71.9727,25.8167],[71.9695,25.8024],[71.9792,25.8012],[71.9921,25.7844],[72.0049,25.7627],[72.0041,25.7503],[72.0185,25.7452],[72.0121,25.7268],[72.0365,25.7091],[72.0425,25.7139],[72.0492,25.7128],[72.0636,25.6952],[72.0855,25.6904],[72.0909,25.6801],[72.1169,25.6827],[72.1282,25.6686],[72.141,25.6356],[72.1575,25.6185],[72.1753,25.6146],[72.2003,25.6198],[72.2244,25.6341],[72.2288,25.6505],[72.2222,25.7068],[72.2419,25.731],[72.2622,25.7394],[72.2961,25.7203],[72.3107,25.7228],[72.3667,25.762],[72.3719,25.7709],[72.3726,25.7949],[72.4039,25.7997],[72.4401,25.8132],[72.443,25.8515],[72.4529,25.86],[72.4717,25.8647],[72.5007,25.8862],[72.5131,25.9221],[72.52,25.9221],[72.5291,25.8978],[72.5381,25.896],[72.5504,25.9059],[72.5828,25.9191],[72.5982,25.9466],[72.632,25.9586],[72.6321,25.9649],[72.6189,25.9784],[72.6208,25.9872],[72.6103,26.0002],[72.644,26.0114],[72.649,26.0179],[72.6939,26.0375],[72.6846,26.0538],[72.6897,26.0641],[72.6864,26.0692],[72.6753,26.0689],[72.6852,26.0847],[72.6838,26.0961],[72.6972,26.1066],[72.6934,26.1135],[72.699,26.1168],[72.6852,26.138],[72.6891,26.1414],[72.6791,26.1729],[72.6902,26.1851],[72.6844,26.1877],[72.6792,26.1978],[72.6629,26.2037],[72.6391,26.2291],[72.6338,26.2291],[72.5951,26.2791],[72.5805,26.271],[72.5662,26.2673],[72.5605,26.2707],[72.5491,26.2654],[72.5423,26.2732],[72.5237,26.2794],[72.5233,26.288],[72.5051,26.2803],[72.4927,26.2963],[72.4713,26.3032],[72.4584,26.3005],[72.4531,26.2944],[72.4393,26.2951],[72.4265,26.2895],[72.415,26.2761],[72.4235,26.2694],[72.426,26.2598],[72.4169,26.2502]]]}},{"type":"Feature","properties":{"ac_name":"SAPOTRA","ac_no":84,"ac_category":"ST","st_name":"RAJASTHAN"},"geometry":{"type":"Polygon","coordinates":[[[77.2392,26.4978],[77.2326,26.5054],[77.1874,26.5001],[77.1518,26.4895],[77.1372,26.4786],[77.1493,26.4705],[77.1515,26.4632],[77.1249,26.4492],[77.1148,26.4364],[77.1235,26.4307],[77.1142,26.4188],[77.0997,26.4184],[77.083,26.3983],[77.0822,26.3659],[77.0765,26.3658],[77.0727,26.3577],[77.0653,26.3587],[77.0491,26.375],[77.0367,26.3796],[77.011,26.3612],[76.9949,26.3674],[76.9824,26.3474],[76.9569,26.3864],[76.9479,26.3789],[76.9616,26.4048],[76.9569,26.4166],[76.9655,26.4396],[76.9622,26.4448],[76.9765,26.4609],[76.9623,26.4615],[76.9645,26.4771],[76.9592,26.4757],[76.9425,26.4928],[76.9418,26.4826],[76.9356,26.4751],[76.8692,26.4319],[76.8606,26.4101],[76.8154,26.384],[76.7435,26.3202],[76.706,26.3027],[76.6516,26.2848],[76.6368,26.2726],[76.6235,26.251],[76.6185,26.2175],[76.6262,26.1993],[76.6248,26.187],[76.6553,26.1831],[76.6671,26.1668],[76.6742,26.1659],[76.6886,26.1805],[76.7018,26.1808],[76.7252,26.1621],[76.7241,26.1554],[76.739,26.1559],[76.7713,26.1096],[76.7946,26.1029],[76.8093,26.069],[76.8291,26.0696],[76.8525,26.0439],[76.8927,26.0704],[76.9108,26.1073],[76.9292,26.1149],[76.9516,26.1162],[76.9988,26.1299],[77.0078,26.1526],[77.0279,26.1702],[77.0444,26.1763],[77.0971,26.1832],[77.1121,26.2021],[77.1146,26.2175],[77.1397,26.234],[77.1677,26.2322],[77.1756,26.2387],[77.1993,26.2297],[77.212,26.2332],[77.2169,26.24],[77.2708,26.2672],[77.2976,26.2903],[77.3166,26.3115],[77.3147,26.3188],[77.3303,26.3436],[77.3351,26.3412],[77.3421,26.3519],[77.376,26.3653],[77.3701,26.3774],[77.3571,26.3786],[77.3552,26.3969],[77.3387,26.3961],[77.3464,26.4131],[77.3434,26.4242],[77.3292,26.4258],[77.3315,26.432],[77.3064,26.4392],[77.2943,26.4349],[77.2819,26.4372],[77.275,26.431],[77.2615,26.4281],[77.2554,26.4314],[77.249,26.4444],[77.2507,26.4681],[77.2434,26.4744],[77.2377,26.4704],[77.2426,26.4806],[77.2343,26.4954],[77.2392,26.4978]]]}},{"type":"Feature","properties":{"ac_name":"JODHPUR","ac_no":128,"ac_category":"GEN","st_name":"RAJASTHAN"},"geometry":{"type":"Polygon","coordinates":[[[73.0886,26.2373],[73.0726,26.2541],[73.0547,26.2476],[73.0511,26.2581],[73.0588,26.274],[73.0408,26.2678],[73.0492,26.2821],[73.0398,26.2793],[73.0396,26.286],[73.0329,26.282],[73.0314,26.2677],[73.0247,26.2573],[73.017,26.2538],[73.0212,26.252],[73.0148,26.2413],[73.0338,26.2377],[73.032,26.2068],[73.0426,26.2153],[73.0605,26.2027],[73.0664,26.2056],[73.0693,26.2204],[73.0865,26.2277],[73.0886,26.2373]]]}},{"type":"Feature","properties":{"ac_name":"SAWAI MADHOPUR","ac_no":92,"ac_category":"GEN","st_name":"RAJASTHAN"},"geometry":{"type":"Polygon","coordinates":[[[76.4621,26.349],[76.4148,26.3709],[76.4174,26.3474],[76.412,26.3482],[76.4075,26.3287],[76.3943,26.32],[76.3773,26.3235],[76.3771,26.3078],[76.3949,26.3013],[76.3863,26.2935],[76.382,26.2814],[76.3713,26.2841],[76.3629,26.2664],[76.3419,26.2745],[76.3016,26.2524],[76.3009,26.232],[76.2943,26.2314],[76.292,26.22],[76.3022,26.217],[76.3006,26.1897],[76.2767,26.191],[76.278,26.1719],[76.2659,26.1616],[76.2789,26.1571],[76.2884,26.1232],[76.3129,26.1162],[76.3022,26.0825],[76.3216,26.0786],[76.3241,26.0712],[76.3408,26.0625],[76.3476,26.0676],[76.3815,26.0566],[76.3801,26.0416],[76.3604,26.047],[76.3468,26.0039],[76.38,25.9797],[76.3481,25.9146],[76.3481,25.9118],[76.3707,25.9118],[76.3742,25.9037],[76.3866,25.9109],[76.3875,25.9257],[76.3983,25.9262],[76.4036,25.9213],[76.4257,25.9238],[76.4295,25.9346],[76.4475,25.9341],[76.465,25.9415],[76.5014,25.9687],[76.5057,25.9815],[76.5372,26.0132],[76.5122,26.0402],[76.513,26.0492],[76.5578,26.0882],[76.5664,26.126],[76.5734,26.1356],[76.5883,26.1463],[76.6142,26.1476],[76.6075,26.159],[76.6248,26.187],[76.6262,26.1993],[76.6185,26.2175],[76.6235,26.251],[76.6115,26.2578],[76.6053,26.2724],[76.5977,26.2734],[76.5923,26.2684],[76.5813,26.2707],[76.5874,26.2496],[76.5722,26.2339],[76.5613,26.2328],[76.5437,26.2633],[76.522,26.2795],[76.5257,26.3069],[76.4901,26.3255],[76.4621,26.349]]]}},{"type":"Feature","properties":{"ac_name":"BARMER","ac_no":135,"ac_category":"GEN","st_name":"RAJASTHAN"},"geometry":{"type":"Polygon","coordinates":[[[71.4756,26.0791],[71.362,26.0361],[71.3314,26.0292],[71.2794,25.9933],[71.2424,25.9948],[71.1482,26.0122],[71.1011,26.0307],[71.0876,26.0305],[71.0665,26.0226],[71.0394,26.0028],[71.0164,25.9713],[71.0092,25.9482],[71.0339,25.9221],[71.0424,25.8978],[71.0325,25.8756],[71.0725,25.8806],[71.1147,25.8496],[71.1481,25.8155],[71.2226,25.8144],[71.2286,25.8036],[71.2308,25.7901],[71.215,25.7661],[71.2115,25.7384],[71.1821,25.7297],[71.1686,25.7054],[71.2043,25.6742],[71.1978,25.6179],[71.2175,25.6021],[71.2348,25.6085],[71.2474,25.6041],[71.2575,25.6092],[71.2641,25.6063],[71.3259,25.5349],[71.3469,25.4991],[71.3401,25.486],[71.3241,25.4741],[71.321,25.462],[71.3549,25.4303],[71.365,25.4148],[71.4001,25.4257],[71.4115,25.4486],[71.4471,25.451],[71.4648,25.4477],[71.5066,25.4536],[71.5191,25.5112],[71.5536,25.5204],[71.586,25.5541],[71.6232,25.5553],[71.634,25.5415],[71.6642,25.5509],[71.6816,25.5727],[71.7043,25.5812],[71.6841,25.6172],[71.7282,25.6235],[71.7555,25.6232],[71.7759,25.6376],[71.7788,25.6707],[71.6845,25.6904],[71.7104,25.7375],[71.7121,25.7541],[71.7082,25.7604],[71.6552,25.7975],[71.6409,25.7921],[71.5947,25.8204],[71.5491,25.8199],[71.5463,25.8365],[71.562,25.8424],[71.6039,25.8705],[71.6013,25.8979],[71.5944,25.9094],[71.5754,25.8908],[71.5443,25.8803],[71.5169,25.8886],[71.4909,25.9181],[71.4221,25.9247],[71.4168,25.9544],[71.4303,25.9956],[71.4877,26.0301],[71.4756,26.0791]]]}},{"type":"Feature","properties":{"ac_name":"TONK","ac_no":96,"ac_category":"GEN","st_name":"RAJASTHAN"},"geometry":{"type":"Polygon","coordinates":[[[75.9812,26.1958],[75.9591,26.1945],[75.9422,26.2007],[75.9366,26.2091],[75.9377,26.2212],[75.9272,26.2371],[75.9317,26.2431],[75.9404,26.2446],[75.9782,26.2318],[75.9896,26.237],[76,26.2803],[75.9802,26.3003],[75.9633,26.304],[75.9531,26.2925],[75.9481,26.2724],[75.9303,26.2582],[75.9223,26.2633],[75.9251,26.2907],[75.9032,26.306],[75.8683,26.2762],[75.8748,26.2598],[75.9035,26.2582],[75.8976,26.2505],[75.8964,26.2296],[75.8764,26.2322],[75.8711,26.2266],[75.8886,26.2086],[75.8856,26.2],[75.8599,26.2101],[75.8402,26.229],[75.8211,26.2315],[75.7739,26.1968],[75.7504,26.1857],[75.7152,26.1773],[75.7026,26.1663],[75.6913,26.1414],[75.675,26.1542],[75.671,26.1764],[75.6338,26.1877],[75.6259,26.2148],[75.6103,26.2122],[75.5898,26.2245],[75.5703,26.2262],[75.5594,26.2058],[75.5368,26.1797],[75.5536,26.1711],[75.5525,26.1653],[75.5671,26.1626],[75.5687,26.1172],[75.5484,26.1125],[75.5304,26.0939],[75.5249,26.1003],[75.513,26.1034],[75.508,26.0949],[75.5419,26.0843],[75.5399,26.075],[75.5323,26.0749],[75.5304,26.0602],[75.5112,26.05],[75.5096,26.0428],[75.4961,26.0435],[75.451,26.0198],[75.4266,25.9922],[75.4349,25.9743],[75.4482,25.9631],[75.486,25.9111],[75.5075,25.902],[75.5451,25.908],[75.5621,25.9215],[75.5676,25.939],[75.5539,25.9888],[75.555,26.0034],[75.5589,26.0089],[75.5882,26.0219],[75.6093,26.0212],[75.6562,26.0099],[75.6801,26.0166],[75.6817,26.0084],[75.6656,25.9969],[75.6649,25.99],[75.6746,25.9877],[75.6956,25.9983],[75.708,25.9994],[75.7086,25.9923],[75.6954,25.9737],[75.7008,25.9622],[75.7262,25.9639],[75.7527,25.9854],[75.7584,25.9855],[75.7627,25.9798],[75.7556,25.9614],[75.7736,25.9554],[75.7796,25.9634],[75.7849,25.9631],[75.7991,25.943],[75.8077,25.9424],[75.8252,25.9469],[75.8182,25.9648],[75.8235,25.9821],[75.8553,26.0095],[75.8862,26.012],[75.9266,25.986],[75.9364,25.9865],[75.9329,26.0104],[75.908,26.0291],[75.8987,26.0594],[75.9102,26.0738],[75.9463,26.0796],[75.9554,26.1103],[75.9626,26.1192],[75.995,26.1289],[75.9995,26.1558],[75.9936,26.1612],[76.0015,26.1617],[75.9982,26.1717],[76.0042,26.186],[75.9956,26.1945],[75.9812,26.1958]]]}},{"type":"Feature","properties":{"ac_name":"MASUDA","ac_no":104,"ac_category":"GEN","st_name":"RAJASTHAN"},"geometry":{"type":"Polygon","coordinates":[[[74.4518,26.2262],[74.4356,26.2307],[74.4273,26.2242],[74.414,26.2254],[74.3934,26.2087],[74.3738,26.2064],[74.3694,26.1948],[74.3664,26.1727],[74.3729,26.1634],[74.3842,26.1549],[74.3985,26.1532],[74.4177,26.1368],[74.4101,26.1298],[74.4054,26.1158],[74.4062,26.1059],[74.4155,26.0998],[74.4034,26.088],[74.3964,26.0902],[74.3883,26.1039],[74.3809,26.1039],[74.3746,26.0981],[74.3578,26.0674],[74.3505,26.0234],[74.3571,26.0165],[74.3623,26.0187],[74.3866,26.005],[74.3851,25.9924],[74.3912,25.9879],[74.3868,25.9749],[74.3892,25.9637],[74.4083,25.9505],[74.4137,25.9378],[74.4241,25.9354],[74.4236,25.9312],[74.4378,25.9259],[74.4531,25.9316],[74.4766,25.9261],[74.484,25.9281],[74.5247,25.9115],[74.5253,25.9024],[74.5315,25.9032],[74.5327,25.895],[74.5333,25.8836],[74.5254,25.8669],[74.5286,25.8658],[74.5431,25.8772],[74.5617,25.8805],[74.5696,25.8764],[74.5752,25.8886],[74.5572,25.9024],[74.5595,25.9136],[74.5659,25.9146],[74.5922,25.9088],[74.5932,25.9158],[74.6031,25.9154],[74.6152,25.9131],[74.6129,25.9054],[74.6231,25.9052],[74.6589,25.9172],[74.7152,25.9211],[74.7662,25.8956],[74.7695,25.8867],[74.7797,25.8825],[74.7888,25.8766],[74.8131,25.8718],[74.854,25.8799],[74.8888,25.8725],[74.9022,25.8815],[74.9253,25.8774],[74.9422,25.8623],[74.9823,25.8635],[74.9865,25.8506],[74.9955,25.862],[74.9997,25.8805],[74.9846,25.8979],[74.9788,25.9178],[74.9676,25.9336],[75.007,25.9557],[75.0049,25.9754],[74.9639,25.9802],[74.9539,25.9947],[74.9555,26.008],[74.9426,26.0251],[74.9147,26.0351],[74.9165,26.0396],[74.897,26.0555],[74.8762,26.05],[74.8815,26.0645],[74.8686,26.079],[74.8671,26.0931],[74.8571,26.106],[74.8192,26.0998],[74.7851,26.1152],[74.7935,26.1414],[74.7734,26.1628],[74.7756,26.1957],[74.7506,26.1998],[74.7402,26.187],[74.716,26.173],[74.7108,26.1567],[74.6658,26.1524],[74.6597,26.1563],[74.657,26.1796],[74.6197,26.1933],[74.5887,26.2335],[74.5714,26.2177],[74.5053,26.183],[74.4933,26.1912],[74.4813,26.193],[74.4705,26.2037],[74.467,26.2136],[74.4716,26.2239],[74.4518,26.2262]]]}},{"type":"Feature","properties":{"ac_name":"SOJAT","ac_no":117,"ac_category":"SC","st_name":"RAJASTHAN"},"geometry":{"type":"Polygon","coordinates":[[[73.4092,26.1233],[73.4039,26.1329],[73.4021,26.1603],[73.3891,26.1571],[73.3871,26.1523],[73.3752,26.1525],[73.3758,26.1368],[73.3564,26.1282],[73.3411,26.1154],[73.3484,26.0872],[73.3636,26.078],[73.3569,26.0747],[73.3585,26.062],[73.3474,26.0635],[73.329,26.0536],[73.3279,26.0422],[73.3157,26.0359],[73.3233,26.0129],[73.3203,26.0106],[73.3351,25.9897],[73.3573,25.9866],[73.3735,25.9744],[73.379,25.9404],[73.389,25.9301],[73.4187,25.9293],[73.4281,25.9252],[73.4368,25.9065],[73.4602,25.9003],[73.47,25.8827],[73.4702,25.8709],[73.4601,25.858],[73.4611,25.8506],[73.4787,25.8455],[73.4788,25.8497],[73.4858,25.8507],[73.5168,25.8791],[73.5394,25.8807],[73.5462,25.8757],[73.5566,25.8499],[73.59,25.8508],[73.6043,25.8462],[73.6127,25.8273],[73.6097,25.8016],[73.6217,25.799],[73.6353,25.8043],[73.6886,25.8094],[73.704,25.8253],[73.7189,25.8262],[73.7194,25.8411],[73.7353,25.8578],[73.7514,25.845],[73.7657,25.8458],[73.7719,25.8516],[73.7667,25.8824],[73.7681,25.8882],[73.7734,25.8887],[73.7758,25.8847],[73.7998,25.8828],[73.8113,25.8711],[73.8171,25.8408],[73.8144,25.8163],[73.8657,25.7953],[73.8876,25.7953],[73.9056,25.8091],[73.9197,25.7892],[73.9249,25.7898],[73.9452,25.8038],[73.9419,25.8256],[73.95,25.8368],[73.9541,25.84],[73.9694,25.8331],[73.9785,25.8515],[73.9978,25.8654],[74.0012,25.8647],[74.0566,25.8888],[74.0587,25.9111],[74.0529,25.9252],[73.9982,25.9515],[73.9964,25.9602],[73.9756,25.9707],[73.9723,25.9889],[73.9415,25.9787],[73.932,25.9979],[73.9399,26.0074],[73.9641,26.0068],[73.9676,25.9938],[73.9751,25.9906],[74.0147,26.0025],[74.0303,25.9694],[74.0503,25.9631],[74.0563,25.9653],[74.0676,25.9754],[74.0699,25.9842],[74.0658,25.9894],[74.0527,25.9896],[74.0466,26.0309],[74.0728,26.054],[74.0778,26.0771],[74.1066,26.0975],[74.108,26.1113],[74.1005,26.1224],[74.1111,26.1449],[74.0919,26.1545],[74.0595,26.1288],[74.0584,26.1002],[74.0161,26.1139],[73.9883,26.1345],[73.9796,26.1347],[73.9721,26.1335],[73.9647,26.1239],[73.9479,26.1226],[73.9026,26.1054],[73.8957,26.1059],[73.8793,26.1262],[73.8616,26.1211],[73.8451,26.1044],[73.8068,26.1033],[73.8,26.092],[73.7678,26.0966],[73.7603,26.0948],[73.7585,26.0898],[73.7525,26.0904],[73.751,26.099],[73.7382,26.111],[73.7324,26.1107],[73.7084,26.0916],[73.6945,26.0646],[73.6559,26.0691],[73.6536,26.0771],[73.6431,26.0775],[73.6478,26.0796],[73.6507,26.1237],[73.6284,26.1447],[73.6052,26.1252],[73.6003,26.1272],[73.587,26.1223],[73.5744,26.1276],[73.5782,26.112],[73.5585,26.103],[73.5443,26.1067],[73.5221,26.1004],[73.5268,26.0611],[73.5074,26.0659],[73.4968,26.0846],[73.4835,26.0802],[73.4638,26.0837],[73.4538,26.1061],[73.4485,26.1077],[73.4502,26.1111],[73.4451,26.1099],[73.4316,26.1294],[73.4092,26.1233]]]}},{"type":"Feature","properties":{"ac_name":"KEKRI","ac_no":105,"ac_category":"GEN","st_name":"RAJASTHAN"},"geometry":{"type":"Polygon","coordinates":[[[74.8715,26.2297],[74.8307,26.2269],[74.8316,26.2155],[74.8465,26.2065],[74.8276,26.1892],[74.7756,26.1957],[74.7734,26.1628],[74.7935,26.1414],[74.7851,26.1152],[74.8192,26.0998],[74.8571,26.106],[74.8671,26.0931],[74.8686,26.079],[74.8815,26.0645],[74.8762,26.05],[74.897,26.0555],[74.9165,26.0396],[74.9147,26.0351],[74.9426,26.0251],[74.9555,26.008],[74.9539,25.9947],[74.9639,25.9802],[75.0049,25.9754],[75.007,25.9557],[74.9676,25.9336],[74.9788,25.9178],[74.9846,25.8979],[74.9997,25.8805],[74.9955,25.862],[74.9865,25.8506],[74.9955,25.8431],[75.0171,25.8594],[75.0412,25.8464],[75.037,25.8317],[75.03,25.8298],[75.0106,25.81],[75.0355,25.7872],[75.065,25.7802],[75.0748,25.7825],[75.0774,25.7745],[75.066,25.7577],[75.0709,25.7548],[75.0656,25.7404],[75.0889,25.7229],[75.0842,25.716],[75.0848,25.7042],[75.1081,25.6974],[75.1158,25.7071],[75.1301,25.7047],[75.138,25.7041],[75.1448,25.7204],[75.1592,25.7241],[75.1767,25.711],[75.1937,25.7078],[75.2115,25.6907],[75.2508,25.6851],[75.2602,25.7034],[75.275,25.7004],[75.2753,25.7239],[75.3154,25.7663],[75.3366,25.7996],[75.3337,25.8166],[75.3417,25.8273],[75.3524,25.8316],[75.3278,25.8364],[75.3103,25.8579],[75.2956,25.8534],[75.2775,25.8597],[75.2645,25.8545],[75.2656,25.8849],[75.2444,25.8984],[75.2439,25.9131],[75.2507,25.9407],[75.2546,25.9394],[75.2705,25.9508],[75.2998,25.9454],[75.3088,25.958],[75.307,25.9682],[75.2984,25.9782],[75.3031,25.9876],[75.3265,26.0015],[75.3458,26.0028],[75.3522,26.0169],[75.3453,26.0244],[75.3423,26.0375],[75.3289,26.0554],[75.3065,26.0629],[75.3038,26.0707],[75.3069,26.0838],[75.3292,26.1051],[75.336,26.1315],[75.3324,26.1352],[75.2979,26.1477],[75.273,26.1349],[75.2625,26.0996],[75.2428,26.0794],[75.241,26.088],[75.2174,26.108],[75.1884,26.1105],[75.1813,26.117],[75.1863,26.1453],[75.1838,26.1668],[75.1674,26.1726],[75.1575,26.1816],[75.1286,26.1649],[75.1236,26.1783],[75.1105,26.1806],[75.1023,26.1877],[75.0753,26.1846],[75.0613,26.1595],[75.0167,26.1654],[75.0085,26.18],[74.9939,26.1834],[74.9726,26.1982],[74.9558,26.1829],[74.9386,26.1965],[74.928,26.2152],[74.8907,26.2193],[74.8715,26.2297]]]}},{"type":"Feature","properties":{"ac_name":"BEAWAR","ac_no":103,"ac_category":"GEN","st_name":"RAJASTHAN"},"geometry":{"type":"GeometryCollection","geometries":[{"type":"Polygon","coordinates":[[[73.9978,25.8654,0],[74.0012,25.8647,0],[74.055,25.8285,0],[74.0665,25.8067,0],[74.0956,25.7825,0],[74.0928,25.7667,0],[74.0856,25.768,0],[74.0613,25.7556,0],[74.0546,25.7566,0],[74.0478,25.7499,0],[74.0215,25.7476,0],[74.009,25.7424,0],[74.0007,25.729,0],[73.9778,25.7115,0],[73.9872,25.7065,0],[74.0127,25.7055,0],[74.0149,25.7021,0],[73.9896,25.6821,0],[73.9869,25.6662,0],[73.9786,25.6681,0],[73.951,25.6475,0],[73.9449,25.6495,0],[73.9467,25.6551,0],[73.9394,25.6665,0],[73.9293,25.6714,0],[73.9331,25.6777,0],[73.9093,25.6845,0],[73.9159,25.6969,0],[73.9077,25.7405,0],[73.9258,25.7657,0],[73.9317,25.7673,0],[73.93,25.7835,0],[73.9249,25.7898,0],[73.9452,25.8038,0],[73.9419,25.8256,0],[73.95,25.8368,0],[73.9541,25.84,0],[73.9694,25.8331,0],[73.9785,25.8515,0],[73.9978,25.8654,0]]]},{"type":"Polygon","coordinates":[[[74.3472,26.1946,0],[74.3672,26.191,0],[74.3694,26.1948,0],[74.3664,26.1727,0],[74.3729,26.1634,0],[74.3842,26.1549,0],[74.3985,26.1532,0],[74.4177,26.1368,0],[74.4101,26.1298,0],[74.4054,26.1158,0],[74.4062,26.1059,0],[74.4155,26.0998,0],[74.4034,26.088,0],[74.3964,26.0902,0],[74.3883,26.1039,0],[74.3809,26.1039,0],[74.3746,26.0981,0],[74.3578,26.0674,0],[74.3505,26.0234,0],[74.3452,26.0218,0],[74.3444,26.0155,0],[74.3361,26.019,0],[74.3172,26.0089,0],[74.321,25.9986,0],[74.3002,25.9889,0],[74.2921,25.9798,0],[74.2944,25.9701,0],[74.287,25.9679,0],[74.2831,25.961,0],[74.2892,25.9602,0],[74.2926,25.9264,0],[74.3017,25.9246,0],[74.2971,25.9114,0],[74.2891,25.9107,0],[74.2833,25.9389,0],[74.2741,25.9408,0],[74.2758,25.9495,0],[74.2694,25.948,0],[74.2675,25.9435,0],[74.2716,25.9421,0],[74.2663,25.9342,0],[74.2556,25.9366,0],[74.25,25.9333,0],[74.2475,25.9389,0],[74.2425,25.9341,0],[74.2296,25.933,0],[74.2323,25.9166,0],[74.2381,25.9087,0],[74.2448,25.9095,0],[74.2482,25.8915,0],[74.2663,25.8735,0],[74.2557,25.8697,0],[74.2241,25.8957,0],[74.2114,25.8909,0],[74.2051,25.8718,0],[74.1947,25.8617,0],[74.1945,25.8539,0],[74.1838,25.8492,0],[74.173,25.8482,0],[74.1481,25.8569,0],[74.1169,25.8652,0],[74.1164,25.8804,0],[74.1391,25.8892,0],[74.1404,25.8975,0],[74.1576,25.9153,0],[74.162,25.9266,0],[74.1459,25.9418,0],[74.157,25.9574,0],[74.1336,25.9557,0],[74.1265,25.9604,0],[74.1584,25.9966,0],[74.165,25.999,0],[74.1714,26.0112,0],[74.1557,26.026,0],[74.1533,26.0409,0],[74.1633,26.0682,0],[74.1771,26.0629,0],[74.1764,26.0417,0],[74.1816,26.0321,0],[74.1932,26.0355,0],[74.2068,26.0488,0],[74.2183,26.0413,0],[74.2315,26.0545,0],[74.2447,26.0535,0],[74.2376,26.0669,0],[74.2489,26.0856,0],[74.2572,26.0893,0],[74.2662,26.1027,0],[74.2721,26.102,0],[74.2864,26.1213,0],[74.2953,26.1233,0],[74.302,26.1333,0],[74.2848,26.1523,0],[74.2729,26.1588,0],[74.2729,26.1738,0],[74.2898,26.1696,0],[74.3004,26.1852,0],[74.3171,26.1811,0],[74.325,26.1897,0],[74.3405,26.1961,0],[74.3472,26.1946,0]]]}]}},{"type":"Feature","properties":{"ac_name":"KHANDAR","ac_no":93,"ac_category":"SC","st_name":"RAJASTHAN"},"geometry":{"type":"Polygon","coordinates":[[[76.0255,26.2501],[76.0282,26.2233],[75.99,26.2216],[75.9873,26.2111],[75.9828,26.2111],[75.9812,26.1958],[75.9956,26.1945],[76.0042,26.186],[75.9982,26.1717],[76.0015,26.1617],[75.9936,26.1612],[75.9995,26.1558],[75.995,26.1289],[75.9938,26.1168],[76.0284,26.1087],[76.0398,26.115],[76.0552,26.1137],[76.064,26.1308],[76.0805,26.1177],[76.078,26.108],[76.0881,26.1035],[76.0793,26.0692],[76.0833,26.0678],[76.0831,26.0613],[76.0878,26.0583],[76.1059,26.0604],[76.1077,26.0478],[76.1007,26.0424],[76.0894,26.0449],[76.0894,26.0369],[76.0857,26.0367],[76.0898,26.0339],[76.0803,26.0284],[76.0805,26.0192],[76.0688,26.0137],[76.0671,26.0043],[76.0626,26.0052],[76.0625,26.0017],[76.0681,26.0009],[76.0625,25.9923],[76.0821,25.9865],[76.0919,26.0017],[76.1109,25.9923],[76.1193,25.9809],[76.118,25.9762],[76.1312,25.9731],[76.1288,25.9654],[76.1356,25.9639],[76.1519,25.9892],[76.1719,25.9861],[76.1811,26.0155],[76.1866,26.0148],[76.187,26.0104],[76.2169,26.011],[76.2235,26.0153],[76.226,26.0281],[76.2409,26.0217],[76.2346,25.9822],[76.2448,25.9805],[76.2462,25.9676],[76.2356,25.9329],[76.2429,25.9278],[76.2386,25.9145],[76.2088,25.9157],[76.2073,25.9012],[76.2138,25.8866],[76.2103,25.861],[76.2411,25.8469],[76.2435,25.8374],[76.2495,25.836],[76.2609,25.8222],[76.2682,25.8211],[76.2797,25.8363],[76.2878,25.8326],[76.2909,25.8211],[76.3068,25.8255],[76.3183,25.8184],[76.3118,25.8115],[76.3218,25.7792],[76.3319,25.7717],[76.3353,25.759],[76.3561,25.741],[76.3685,25.7518],[76.3943,25.7562],[76.4055,25.7689],[76.4308,25.7694],[76.4416,25.7742],[76.4774,25.8153],[76.4734,25.8337],[76.4792,25.842],[76.4911,25.8452],[76.5085,25.8384],[76.5293,25.8432],[76.5471,25.8386],[76.5665,25.8489],[76.5896,25.8752],[76.621,25.869],[76.6297,25.8972],[76.6414,25.908],[76.6736,25.9101],[76.7117,25.8998],[76.7397,25.9097],[76.758,25.9227],[76.7471,25.9331],[76.7465,25.9395],[76.7786,25.9384],[76.7907,25.9431],[76.8077,25.966],[76.8078,25.9724],[76.802,25.977],[76.8056,25.9882],[76.8152,25.999],[76.8364,26.0071],[76.8583,26.0161],[76.8617,26.0254],[76.8525,26.0439],[76.8291,26.0696],[76.8093,26.069],[76.7946,26.1029],[76.7713,26.1096],[76.739,26.1559],[76.7241,26.1554],[76.7252,26.1621],[76.7018,26.1808],[76.6886,26.1805],[76.6742,26.1659],[76.6671,26.1668],[76.6553,26.1831],[76.6248,26.187],[76.6075,26.159],[76.6142,26.1476],[76.5883,26.1463],[76.5734,26.1356],[76.5664,26.126],[76.5578,26.0882],[76.513,26.0492],[76.5122,26.0402],[76.5372,26.0132],[76.5057,25.9815],[76.5014,25.9687],[76.465,25.9415],[76.4475,25.9341],[76.4295,25.9346],[76.4257,25.9238],[76.4036,25.9213],[76.3983,25.9262],[76.3875,25.9257],[76.3866,25.9109],[76.3742,25.9037],[76.3707,25.9118],[76.3481,25.9118],[76.3481,25.9146],[76.38,25.9797],[76.3468,26.0039],[76.3604,26.047],[76.3801,26.0416],[76.3815,26.0566],[76.3476,26.0676],[76.3408,26.0625],[76.3241,26.0712],[76.3216,26.0786],[76.3022,26.0825],[76.3129,26.1162],[76.2884,26.1232],[76.2789,26.1571],[76.2659,26.1616],[76.278,26.1719],[76.2767,26.191],[76.2275,26.1826],[76.158,26.185],[76.1505,26.2101],[76.1008,26.2405],[76.0588,26.2438],[76.0426,26.2524],[76.0255,26.2501]]]}},{"type":"Feature","properties":{"ac_name":"PALI","ac_no":118,"ac_category":"GEN","st_name":"RAJASTHAN"},"geometry":{"type":"Polygon","coordinates":[[[73.2901,26.0337],[73.2752,26.0412],[73.2718,26.0447],[73.2745,26.0491],[73.266,26.0562],[73.2552,26.0544],[73.2501,26.0648],[73.2585,26.0694],[73.2477,26.0688],[73.2438,26.0741],[73.2392,26.0831],[73.2237,26.0714],[73.2218,26.0753],[73.2031,26.0742],[73.1919,26.0818],[73.194,26.0686],[73.1779,26.0538],[73.1851,26.0334],[73.1626,26.0315],[73.1367,26.0457],[73.1147,26.0286],[73.0997,26.0272],[73.0831,26.0182],[73.0525,26.0142],[73.0492,26.011],[73.0525,25.9834],[73.0437,25.9652],[73.0254,25.953],[72.9968,25.9539],[72.9989,25.949],[72.9925,25.9393],[72.9729,25.933],[72.9732,25.9168],[72.9586,25.9004],[72.9346,25.9031],[72.9193,25.8941],[72.8793,25.8926],[72.8731,25.8887],[72.8675,25.8986],[72.8591,25.8986],[72.8541,25.892],[72.842,25.8897],[72.8432,25.8763],[72.8347,25.8633],[72.8371,25.8533],[72.849,25.839],[72.8373,25.8177],[72.825,25.8165],[72.8013,25.8305],[72.7925,25.8128],[72.7815,25.8097],[72.7779,25.802],[72.7982,25.7931],[72.8047,25.7783],[72.8218,25.7674],[72.8314,25.7659],[72.842,25.7562],[72.871,25.7504],[72.8747,25.737],[72.8781,25.7401],[72.8905,25.7364],[72.8908,25.7238],[72.8992,25.7098],[72.8867,25.6989],[72.8925,25.6895],[72.9316,25.6854],[72.9193,25.6665],[72.9315,25.6478],[72.9379,25.6477],[72.9356,25.636],[72.9711,25.6247],[72.9797,25.6046],[72.9879,25.605],[73.0118,25.5895],[73.0125,25.5851],[73.0343,25.5747],[73.0423,25.6063],[73.0393,25.6297],[73.0233,25.6605],[73.0644,25.6778],[73.069,25.6862],[73.0672,25.7],[73.0736,25.705],[73.0941,25.7001],[73.1162,25.716],[73.1248,25.7175],[73.1464,25.7514],[73.1485,25.7582],[73.1395,25.7636],[73.1398,25.7743],[73.1463,25.7834],[73.1571,25.7878],[73.1599,25.8141],[73.1903,25.8036],[73.1805,25.781],[73.1933,25.7712],[73.1979,25.771],[73.2025,25.7914],[73.216,25.8084],[73.244,25.8147],[73.272,25.8129],[73.288,25.7943],[73.2898,25.7739],[73.3119,25.7398],[73.3234,25.7356],[73.3388,25.7389],[73.3473,25.7363],[73.3347,25.766],[73.3616,25.7608],[73.3772,25.7492],[73.3859,25.7658],[73.4159,25.7963],[73.4164,25.8023],[73.4049,25.8135],[73.4077,25.8293],[73.3942,25.8265],[73.3309,25.8304],[73.3305,25.8418],[73.3364,25.8646],[73.3598,25.8642],[73.3792,25.8722],[73.3832,25.9005],[73.3779,25.9237],[73.389,25.9301],[73.379,25.9404],[73.3735,25.9744],[73.3573,25.9866],[73.3351,25.9897],[73.3203,26.0106],[73.3081,26.0137],[73.3084,26.03],[73.2901,26.0337]]]}},{"type":"Feature","properties":{"ac_name":"DEOLI-UNIARA","ac_no":97,"ac_category":"GEN","st_name":"RAJASTHAN"},"geometry":{"type":"Polygon","coordinates":[[[76.0284,26.1087],[75.9938,26.1168],[75.995,26.1289],[75.9626,26.1192],[75.9554,26.1103],[75.9463,26.0796],[75.9102,26.0738],[75.8987,26.0594],[75.908,26.0291],[75.9329,26.0104],[75.9364,25.9865],[75.9266,25.986],[75.8862,26.012],[75.8553,26.0095],[75.8235,25.9821],[75.8182,25.9648],[75.8252,25.9469],[75.8077,25.9424],[75.7991,25.943],[75.7849,25.9631],[75.7796,25.9634],[75.7736,25.9554],[75.7556,25.9614],[75.7627,25.9798],[75.7584,25.9855],[75.7527,25.9854],[75.7262,25.9639],[75.7008,25.9622],[75.6954,25.9737],[75.7086,25.9923],[75.708,25.9994],[75.6956,25.9983],[75.6746,25.9877],[75.6649,25.99],[75.6656,25.9969],[75.6817,26.0084],[75.6801,26.0166],[75.6562,26.0099],[75.6093,26.0212],[75.5882,26.0219],[75.5589,26.0089],[75.555,26.0034],[75.5539,25.9888],[75.5676,25.939],[75.5621,25.9215],[75.5451,25.908],[75.5075,25.902],[75.486,25.9111],[75.4482,25.9631],[75.4349,25.9743],[75.4266,25.9922],[75.3935,26.0221],[75.3703,26.0281],[75.3453,26.0244],[75.3522,26.0169],[75.3458,26.0028],[75.3265,26.0015],[75.3031,25.9876],[75.2984,25.9782],[75.307,25.9682],[75.3088,25.958],[75.2998,25.9454],[75.2705,25.9508],[75.2546,25.9394],[75.2507,25.9407],[75.2439,25.9131],[75.2444,25.8984],[75.2656,25.8849],[75.2645,25.8545],[75.2775,25.8597],[75.2956,25.8534],[75.3103,25.8579],[75.3278,25.8364],[75.3524,25.8316],[75.3417,25.8273],[75.3337,25.8166],[75.3366,25.7996],[75.3154,25.7663],[75.3309,25.7589],[75.3375,25.7621],[75.3532,25.7579],[75.3721,25.7604],[75.3841,25.7558],[75.3876,25.7653],[75.4008,25.775],[75.4152,25.7669],[75.4257,25.747],[75.4382,25.7468],[75.4608,25.7207],[75.4741,25.7311],[75.4732,25.737],[75.4858,25.7328],[75.5077,25.7395],[75.5103,25.7472],[75.5165,25.7495],[75.5316,25.7144],[75.5602,25.6985],[75.5748,25.7112],[75.5938,25.7126],[75.5863,25.7054],[75.5864,25.6958],[75.5921,25.6877],[75.616,25.6803],[75.6359,25.7001],[75.6271,25.7052],[75.6289,25.7109],[75.6404,25.7175],[75.6515,25.7341],[75.6547,25.7534],[75.6588,25.7493],[75.6673,25.7509],[75.6917,25.7614],[75.7012,25.7537],[75.7192,25.7619],[75.7419,25.7541],[75.7537,25.7573],[75.759,25.7726],[75.7535,25.7856],[75.7614,25.797],[75.7675,25.7986],[75.7663,25.8204],[75.7762,25.827],[75.7881,25.8206],[75.7922,25.8139],[75.7904,25.8027],[75.7958,25.7999],[75.8143,25.8106],[75.8076,25.8302],[75.8188,25.8544],[75.8455,25.8576],[75.8501,25.8693],[75.8621,25.8758],[75.8689,25.8749],[75.8736,25.8627],[75.8932,25.8491],[75.8821,25.8343],[75.8813,25.8199],[75.9034,25.8176],[75.9082,25.823],[75.9178,25.8222],[75.9252,25.8269],[75.9298,25.8355],[75.9297,25.8717],[75.951,25.8741],[75.9529,25.8701],[75.9592,25.8705],[75.9588,25.8668],[75.9635,25.8703],[75.9677,25.8674],[75.971,25.8731],[76.0078,25.8809],[76.011,25.8662],[76.0357,25.8612],[76.0414,25.8651],[76.0443,25.8606],[76.0522,25.8632],[76.0541,25.8571],[76.0481,25.8436],[76.0527,25.8341],[76.0444,25.8129],[76.0604,25.8043],[76.0844,25.8097],[76.1048,25.8049],[76.1064,25.7871],[76.139,25.7831],[76.1502,25.7712],[76.1492,25.7626],[76.1604,25.7597],[76.1565,25.7771],[76.163,25.7907],[76.1616,25.808],[76.1816,25.8232],[76.1883,25.8418],[76.2071,25.8381],[76.2137,25.8306],[76.2171,25.8097],[76.2427,25.7926],[76.2561,25.7981],[76.2595,25.8062],[76.2679,25.805],[76.2862,25.7829],[76.2906,25.7983],[76.306,25.8038],[76.3118,25.8115],[76.3183,25.8184],[76.3068,25.8255],[76.2909,25.8211],[76.2878,25.8326],[76.2797,25.8363],[76.2682,25.8211],[76.2609,25.8222],[76.2495,25.836],[76.2435,25.8374],[76.2411,25.8469],[76.2103,25.861],[76.2138,25.8866],[76.2073,25.9012],[76.2088,25.9157],[76.2386,25.9145],[76.2429,25.9278],[76.2356,25.9329],[76.2462,25.9676],[76.2448,25.9805],[76.2346,25.9822],[76.2409,26.0217],[76.226,26.0281],[76.2235,26.0153],[76.2169,26.011],[76.187,26.0104],[76.1866,26.0148],[76.1811,26.0155],[76.1719,25.9861],[76.1519,25.9892],[76.1356,25.9639],[76.1288,25.9654],[76.1312,25.9731],[76.118,25.9762],[76.1193,25.9809],[76.1109,25.9923],[76.0919,26.0017],[76.0821,25.9865],[76.0625,25.9923],[76.0681,26.0009],[76.0625,26.0017],[76.0626,26.0052],[76.0671,26.0043],[76.0688,26.0137],[76.0805,26.0192],[76.0803,26.0284],[76.0898,26.0339],[76.0857,26.0367],[76.0894,26.0369],[76.0894,26.0449],[76.1007,26.0424],[76.1077,26.0478],[76.1059,26.0604],[76.0878,26.0583],[76.0831,26.0613],[76.0833,26.0678],[76.0793,26.0692],[76.0881,26.1035],[76.078,26.108],[76.0805,26.1177],[76.064,26.1308],[76.0552,26.1137],[76.0398,26.115],[76.0284,26.1087]]]}},{"type":"Feature","properties":{"ac_name":"SIWANA","ac_no":138,"ac_category":"GEN","st_name":"RAJASTHAN"},"geometry":{"type":"Polygon","coordinates":[[[72.632,25.9586],[72.5982,25.9466],[72.5828,25.9191],[72.5504,25.9059],[72.5381,25.896],[72.5291,25.8978],[72.52,25.9221],[72.5131,25.9221],[72.5007,25.8862],[72.4717,25.8647],[72.4529,25.86],[72.443,25.8515],[72.4401,25.8132],[72.4039,25.7997],[72.3726,25.7949],[72.3719,25.7709],[72.3667,25.762],[72.3107,25.7228],[72.2961,25.7203],[72.2622,25.7394],[72.2419,25.731],[72.2222,25.7068],[72.2288,25.6505],[72.2244,25.6341],[72.2003,25.6198],[72.1753,25.6146],[72.1575,25.6185],[72.141,25.6356],[72.1282,25.6686],[72.1169,25.6827],[72.0909,25.6801],[72.0855,25.6904],[72.0636,25.6952],[72.0492,25.7128],[72.0425,25.7139],[72.0365,25.7091],[72.0121,25.7268],[72.0185,25.7452],[72.0041,25.7503],[72.0049,25.7627],[71.9921,25.7844],[71.9792,25.8012],[71.9695,25.8024],[71.9727,25.8167],[71.9484,25.8265],[71.8973,25.7753],[71.8839,25.7685],[71.8734,25.753],[71.8587,25.7447],[71.8334,25.7404],[71.8278,25.7335],[71.8226,25.7162],[71.8453,25.7198],[71.8484,25.7018],[71.8542,25.6969],[71.8457,25.6796],[71.8479,25.6605],[71.8198,25.6461],[71.8088,25.6294],[71.7991,25.6288],[71.7759,25.6376],[71.7555,25.6232],[71.7282,25.6235],[71.7763,25.5967],[71.7821,25.5813],[71.7937,25.5708],[71.7842,25.5618],[71.8025,25.5459],[71.8117,25.5473],[71.8279,25.5211],[71.8239,25.5111],[71.8349,25.5079],[71.8709,25.5178],[71.8944,25.4931],[71.9167,25.5163],[71.944,25.4932],[71.999,25.459],[72.0041,25.4463],[72.0339,25.4744],[72.0559,25.4819],[72.0906,25.4629],[72.091,25.4496],[72.1071,25.4199],[72.1219,25.4292],[72.1487,25.4356],[72.1561,25.4315],[72.1617,25.4356],[72.1706,25.4268],[72.1882,25.4237],[72.219,25.4032],[72.2509,25.4153],[72.263,25.4073],[72.2691,25.4102],[72.2854,25.4003],[72.2979,25.3858],[72.3033,25.3878],[72.3075,25.3833],[72.3286,25.3938],[72.3332,25.4323],[72.342,25.4464],[72.3536,25.4436],[72.3557,25.4589],[72.3666,25.4477],[72.3805,25.4465],[72.382,25.4425],[72.4045,25.4433],[72.4215,25.439],[72.4512,25.4585],[72.4631,25.4561],[72.4825,25.4723],[72.4847,25.4838],[72.5052,25.4899],[72.5024,25.4946],[72.5083,25.5066],[72.5222,25.5042],[72.5364,25.5211],[72.5591,25.5304],[72.5463,25.5494],[72.5496,25.5645],[72.5907,25.6085],[72.6065,25.609],[72.6214,25.601],[72.6282,25.6116],[72.6353,25.6077],[72.6602,25.6077],[72.6767,25.6132],[72.7037,25.6007],[72.7194,25.6086],[72.7168,25.6356],[72.7072,25.6442],[72.6988,25.6443],[72.699,25.6569],[72.6865,25.6698],[72.6943,25.6765],[72.704,25.6773],[72.7158,25.69],[72.7211,25.6875],[72.7495,25.7214],[72.7588,25.7246],[72.7556,25.7403],[72.7239,25.7527],[72.7216,25.7617],[72.727,25.7757],[72.7357,25.7765],[72.7517,25.7867],[72.7577,25.8097],[72.7779,25.802],[72.7815,25.8097],[72.7925,25.8128],[72.8013,25.8305],[72.825,25.8165],[72.8373,25.8177],[72.849,25.839],[72.8371,25.8533],[72.8347,25.8633],[72.8084,25.8519],[72.7809,25.8834],[72.7532,25.8802],[72.7538,25.8963],[72.7418,25.9002],[72.7371,25.9107],[72.7342,25.909],[72.727,25.9202],[72.7053,25.9349],[72.6922,25.9316],[72.6883,25.9408],[72.6831,25.9392],[72.6692,25.9526],[72.6528,25.959],[72.632,25.9586]]]}},{"type":"Feature","properties":{"ac_name":"SUMERPUR","ac_no":121,"ac_category":"GEN","st_name":"RAJASTHAN"},"geometry":{"type":"Polygon","coordinates":[[[73.389,25.9301],[73.3779,25.9237],[73.3832,25.9005],[73.3792,25.8722],[73.3598,25.8642],[73.3364,25.8646],[73.3305,25.8418],[73.3309,25.8304],[73.3942,25.8265],[73.4077,25.8293],[73.4049,25.8135],[73.4164,25.8023],[73.4159,25.7963],[73.3859,25.7658],[73.3772,25.7492],[73.3616,25.7608],[73.3347,25.766],[73.3473,25.7363],[73.3388,25.7389],[73.3234,25.7356],[73.3119,25.7398],[73.2898,25.7739],[73.288,25.7943],[73.272,25.8129],[73.244,25.8147],[73.216,25.8084],[73.2025,25.7914],[73.1979,25.771],[73.1933,25.7712],[73.1805,25.781],[73.1903,25.8036],[73.1599,25.8141],[73.1571,25.7878],[73.1463,25.7834],[73.1398,25.7743],[73.1395,25.7636],[73.1485,25.7582],[73.1464,25.7514],[73.1248,25.7175],[73.1162,25.716],[73.0941,25.7001],[73.0736,25.705],[73.0672,25.7],[73.069,25.6862],[73.0644,25.6778],[73.0233,25.6605],[73.0393,25.6297],[73.0423,25.6063],[73.0343,25.5747],[73.041,25.5632],[73.0545,25.5547],[73.0508,25.5082],[73.0656,25.4934],[73.0828,25.4911],[73.0912,25.4671],[73.0533,25.4446],[73.0621,25.4372],[73.0585,25.4237],[73.0335,25.3904],[73.0181,25.3805],[73.0024,25.3924],[72.9981,25.3911],[73.0026,25.3864],[72.9898,25.3766],[73.004,25.3686],[73.008,25.357],[72.9926,25.3482],[72.9751,25.3709],[72.9565,25.3743],[72.9366,25.3599],[72.9737,25.3335],[72.9977,25.2778],[72.9857,25.2493],[72.9647,25.2433],[72.9362,25.2432],[72.9429,25.2183],[72.9549,25.2156],[72.9677,25.2255],[72.9759,25.2175],[72.9736,25.1936],[72.9587,25.1936],[72.955,25.1895],[72.9576,25.1819],[72.9425,25.1859],[72.9481,25.1773],[72.9455,25.166],[72.95,25.1423],[72.9703,25.142],[72.9794,25.137],[72.9854,25.1486],[72.9958,25.1461],[72.9966,25.1038],[73.0221,25.0892],[73.0481,25.1055],[73.038,25.1426],[73.0421,25.1617],[73.0534,25.1597],[73.0983,25.1208],[73.1039,25.1204],[73.1102,25.1102],[73.1176,25.1078],[73.122,25.1143],[73.1354,25.0981],[73.13,25.0871],[73.1312,25.0765],[73.1634,25.0671],[73.182,25.0771],[73.1644,25.1314],[73.1741,25.1681],[73.1863,25.1708],[73.1955,25.1886],[73.1927,25.1958],[73.1797,25.1998],[73.2036,25.2114],[73.1928,25.2355],[73.211,25.2567],[73.2231,25.2596],[73.2241,25.2795],[73.2398,25.272],[73.251,25.2769],[73.249,25.3084],[73.2553,25.308],[73.263,25.2978],[73.2685,25.2994],[73.2701,25.3088],[73.2608,25.3421],[73.2658,25.3453],[73.261,25.384],[73.2787,25.3982],[73.2885,25.4007],[73.3115,25.3936],[73.3248,25.3969],[73.3446,25.4165],[73.3412,25.4478],[73.3633,25.4468],[73.3708,25.4502],[73.3637,25.4819],[73.371,25.5018],[73.3777,25.5069],[73.4041,25.5107],[73.4361,25.5274],[73.4589,25.5274],[73.4819,25.5447],[73.4877,25.5598],[73.4776,25.6098],[73.489,25.6343],[73.4886,25.6589],[73.5023,25.6814],[73.524,25.6956],[73.5343,25.7262],[73.5242,25.7436],[73.532,25.76],[73.5246,25.7888],[73.5,25.8001],[73.4939,25.8097],[73.4705,25.8118],[73.4787,25.8455],[73.4611,25.8506],[73.4601,25.858],[73.4702,25.8709],[73.47,25.8827],[73.4602,25.9003],[73.4368,25.9065],[73.4281,25.9252],[73.4187,25.9293],[73.389,25.9301]]]}},{"type":"Feature","properties":{"ac_name":"ASIND","ac_no":177,"ac_category":"GEN","st_name":"RAJASTHAN"},"geometry":{"type":"Polygon","coordinates":[[[74.2663,25.8735],[74.2557,25.8697],[74.2304,25.8442],[74.2198,25.8446],[74.2125,25.8562],[74.2113,25.8528],[74.1945,25.8539],[74.1838,25.8492],[74.1701,25.8124],[74.1938,25.8204],[74.1958,25.8138],[74.2129,25.8073],[74.1982,25.8005],[74.2064,25.774],[74.1874,25.7639],[74.1947,25.7396],[74.1826,25.7393],[74.1706,25.7322],[74.1935,25.7121],[74.2171,25.7342],[74.2518,25.7429],[74.2551,25.7356],[74.2548,25.7066],[74.2104,25.6955],[74.1988,25.6811],[74.2277,25.6626],[74.2297,25.6562],[74.2223,25.6405],[74.2313,25.6223],[74.2646,25.6124],[74.2527,25.5783],[74.2743,25.5925],[74.2825,25.5919],[74.2888,25.5846],[74.2997,25.5489],[74.3249,25.5559],[74.3419,25.5481],[74.3649,25.5452],[74.3933,25.5294],[74.3975,25.532],[74.3926,25.5455],[74.3969,25.5642],[74.3821,25.58],[74.3843,25.5943],[74.4047,25.6132],[74.4426,25.6085],[74.4654,25.6138],[74.4862,25.5968],[74.4874,25.5809],[74.495,25.5705],[74.5065,25.5608],[74.5165,25.5597],[74.5277,25.5483],[74.5346,25.5314],[74.5441,25.5267],[74.5578,25.5279],[74.5433,25.5531],[74.5353,25.5984],[74.5474,25.5942],[74.5984,25.6031],[74.5995,25.6193],[74.6105,25.6296],[74.6172,25.6549],[74.6449,25.6803],[74.6496,25.7034],[74.6793,25.7217],[74.6869,25.7537],[74.7076,25.7575],[74.7144,25.753],[74.7255,25.7542],[74.746,25.7692],[74.7638,25.7507],[74.7843,25.7401],[74.7979,25.7928],[74.7853,25.8184],[74.784,25.8308],[74.7516,25.8505],[74.7693,25.8825],[74.7797,25.8825],[74.7695,25.8867],[74.7662,25.8956],[74.7152,25.9211],[74.6589,25.9172],[74.6231,25.9052],[74.6129,25.9054],[74.6152,25.9131],[74.6031,25.9154],[74.5932,25.9158],[74.5922,25.9088],[74.5659,25.9146],[74.5595,25.9136],[74.5572,25.9024],[74.5752,25.8886],[74.5696,25.8764],[74.5617,25.8805],[74.5431,25.8772],[74.5286,25.8658],[74.5254,25.8669],[74.5333,25.8836],[74.5327,25.895],[74.5315,25.9032],[74.5253,25.9024],[74.5247,25.9115],[74.484,25.9281],[74.4766,25.9261],[74.4531,25.9316],[74.4378,25.9259],[74.4236,25.9312],[74.4241,25.9354],[74.4137,25.9378],[74.4083,25.9505],[74.3892,25.9637],[74.3664,25.9509],[74.3538,25.9508],[74.3438,25.9402],[74.3348,25.941],[74.3288,25.9368],[74.3299,25.9226],[74.3471,25.9196],[74.3482,25.9068],[74.3439,25.9009],[74.3164,25.8868],[74.307,25.8964],[74.2892,25.887],[74.2806,25.8771],[74.2663,25.8735]]]}},{"type":"Feature","properties":{"ac_name":"MARWAR JUNCTION","ac_no":119,"ac_category":"GEN","st_name":"RAJASTHAN"},"geometry":{"type":"Polygon","coordinates":[[[73.4787,25.8455],[73.4705,25.8118],[73.4939,25.8097],[73.5,25.8001],[73.5246,25.7888],[73.532,25.76],[73.5242,25.7436],[73.5343,25.7262],[73.524,25.6956],[73.5023,25.6814],[73.4886,25.6589],[73.489,25.6343],[73.4776,25.6098],[73.4877,25.5598],[73.4819,25.5447],[73.4589,25.5274],[73.4361,25.5274],[73.4041,25.5107],[73.3777,25.5069],[73.371,25.5018],[73.3637,25.4819],[73.3708,25.4502],[73.3633,25.4468],[73.3412,25.4478],[73.3446,25.4165],[73.3248,25.3969],[73.3115,25.3936],[73.2885,25.4007],[73.2787,25.3982],[73.261,25.384],[73.2658,25.3453],[73.2933,25.3284],[73.3039,25.3274],[73.3318,25.3351],[73.3537,25.3288],[73.388,25.3584],[73.3987,25.3857],[73.3901,25.3929],[73.3923,25.4006],[73.4002,25.4021],[73.4096,25.3943],[73.4278,25.4031],[73.4484,25.4228],[73.4518,25.4447],[73.4606,25.4521],[73.4685,25.4375],[73.4873,25.4229],[73.4931,25.4016],[73.4882,25.4036],[73.4815,25.3997],[73.4782,25.3819],[73.4914,25.3721],[73.5123,25.3708],[73.5158,25.367],[73.5254,25.3707],[73.5324,25.3649],[73.5408,25.3703],[73.5494,25.3694],[73.5612,25.3557],[73.5915,25.3711],[73.6321,25.3569],[73.6447,25.3626],[73.6668,25.3434],[73.6986,25.3598],[73.7099,25.381],[73.725,25.3781],[73.7342,25.3822],[73.7512,25.4065],[73.7539,25.4375],[73.7706,25.4608],[73.7757,25.4773],[73.7966,25.4944],[73.8065,25.5103],[73.8125,25.536],[73.8334,25.5754],[73.8275,25.5809],[73.8589,25.6266],[73.864,25.6495],[73.8851,25.6674],[73.8935,25.6665],[73.9028,25.6719],[73.9093,25.6845],[73.9159,25.6969],[73.9077,25.7405],[73.9258,25.7657],[73.9317,25.7673],[73.93,25.7835],[73.9249,25.7898],[73.9197,25.7892],[73.9056,25.8091],[73.8876,25.7953],[73.8657,25.7953],[73.8144,25.8163],[73.8171,25.8408],[73.8113,25.8711],[73.7998,25.8828],[73.7758,25.8847],[73.7734,25.8887],[73.7681,25.8882],[73.7667,25.8824],[73.7719,25.8516],[73.7657,25.8458],[73.7514,25.845],[73.7353,25.8578],[73.7194,25.8411],[73.7189,25.8262],[73.704,25.8253],[73.6886,25.8094],[73.6353,25.8043],[73.6217,25.799],[73.6097,25.8016],[73.6127,25.8273],[73.6043,25.8462],[73.59,25.8508],[73.5566,25.8499],[73.5462,25.8757],[73.5394,25.8807],[73.5168,25.8791],[73.4858,25.8507],[73.4788,25.8497],[73.4787,25.8455]]]}},{"type":"Feature","properties":{"ac_name":"AHORE","ac_no":141,"ac_category":"GEN","st_name":"RAJASTHAN"},"geometry":{"type":"Polygon","coordinates":[[[72.7779,25.802],[72.7577,25.8097],[72.7517,25.7867],[72.7357,25.7765],[72.727,25.7757],[72.7216,25.7617],[72.7239,25.7527],[72.7556,25.7403],[72.7588,25.7246],[72.7495,25.7214],[72.7211,25.6875],[72.7158,25.69],[72.704,25.6773],[72.6943,25.6765],[72.6865,25.6698],[72.699,25.6569],[72.6988,25.6443],[72.7072,25.6442],[72.7168,25.6356],[72.7194,25.6086],[72.7037,25.6007],[72.6767,25.6132],[72.6602,25.6077],[72.6353,25.6077],[72.6282,25.6116],[72.6214,25.601],[72.6065,25.609],[72.5907,25.6085],[72.5496,25.5645],[72.5463,25.5494],[72.5591,25.5304],[72.5761,25.4876],[72.6214,25.4481],[72.6282,25.4155],[72.6583,25.4058],[72.6714,25.3944],[72.6778,25.3796],[72.6642,25.3722],[72.6623,25.3657],[72.6779,25.3457],[72.6908,25.3149],[72.721,25.2997],[72.6994,25.277],[72.6949,25.2631],[72.7132,25.2493],[72.7129,25.2425],[72.6696,25.2314],[72.6453,25.2186],[72.6158,25.216],[72.603,25.2307],[72.5917,25.2317],[72.5688,25.2192],[72.5394,25.2107],[72.5575,25.2032],[72.5675,25.1728],[72.5534,25.1547],[72.5318,25.1482],[72.5135,25.1359],[72.5422,25.1167],[72.546,25.1036],[72.5589,25.0896],[72.5877,25.0808],[72.5924,25.0732],[72.5924,25.0554],[72.6272,25.0373],[72.6381,25.0157],[72.6486,25.0155],[72.6483,25.0239],[72.6564,25.0267],[72.6562,25.0388],[72.6648,25.047],[72.6884,25.0462],[72.6909,25.0756],[72.7038,25.0808],[72.7113,25.1073],[72.739,25.1267],[72.7465,25.159],[72.7682,25.1834],[72.7802,25.1884],[72.7799,25.2229],[72.8024,25.2558],[72.8118,25.2561],[72.8203,25.2798],[72.8287,25.2846],[72.8438,25.2729],[72.8513,25.2735],[72.8711,25.2497],[72.8914,25.2447],[72.8996,25.2522],[72.9091,25.2502],[72.9166,25.256],[72.9213,25.246],[72.9362,25.2432],[72.9647,25.2433],[72.9857,25.2493],[72.9977,25.2778],[72.9737,25.3335],[72.9366,25.3599],[72.9565,25.3743],[72.9751,25.3709],[72.9926,25.3482],[73.008,25.357],[73.004,25.3686],[72.9898,25.3766],[73.0026,25.3864],[72.9981,25.3911],[73.0024,25.3924],[73.0181,25.3805],[73.0335,25.3904],[73.0585,25.4237],[73.0621,25.4372],[73.0533,25.4446],[73.0912,25.4671],[73.0828,25.4911],[73.0656,25.4934],[73.0508,25.5082],[73.0545,25.5547],[73.041,25.5632],[73.0343,25.5747],[73.0125,25.5851],[73.0118,25.5895],[72.9879,25.605],[72.9797,25.6046],[72.9711,25.6247],[72.9356,25.636],[72.9379,25.6477],[72.9315,25.6478],[72.9193,25.6665],[72.9316,25.6854],[72.8925,25.6895],[72.8867,25.6989],[72.8992,25.7098],[72.8908,25.7238],[72.8905,25.7364],[72.8781,25.7401],[72.8747,25.737],[72.871,25.7504],[72.842,25.7562],[72.8314,25.7659],[72.8218,25.7674],[72.8047,25.7783],[72.7982,25.7931],[72.7779,25.802]]]}},{"type":"Feature","properties":{"ac_name":"BHIM","ac_no":173,"ac_category":"GEN","st_name":"RAJASTHAN"},"geometry":{"type":"GeometryCollection","geometries":[{"type":"Polygon","coordinates":[[[74.1481,25.8569,0],[74.173,25.8482,0],[74.1838,25.8492,0],[74.1701,25.8124,0],[74.1938,25.8204,0],[74.1958,25.8138,0],[74.2129,25.8073,0],[74.1982,25.8005,0],[74.2064,25.774,0],[74.1874,25.7639,0],[74.1947,25.7396,0],[74.1826,25.7393,0],[74.1706,25.7322,0],[74.1641,25.7299,0],[74.1544,25.7334,0],[74.1334,25.7241,0],[74.1074,25.7219,0],[74.0839,25.7021,0],[74.0768,25.6782,0],[74.0908,25.6732,0],[74.1071,25.6574,0],[74.1166,25.6583,0],[74.1277,25.6471,0],[74.1166,25.6371,0],[74.1139,25.6271,0],[74.1201,25.6068,0],[74.1091,25.6031,0],[74.1039,25.5918,0],[74.0899,25.5959,0],[74.0834,25.5831,0],[74.059,25.5781,0],[74.0551,25.5659,0],[74.0848,25.5572,0],[74.0782,25.5382,0],[74.0812,25.5311,0],[74.0847,25.5232,0],[74.1044,25.5132,0],[74.0844,25.4997,0],[74.0879,25.4951,0],[74.0947,25.4965,0],[74.0934,25.4913,0],[74.0774,25.4942,0],[74.0639,25.4894,0],[74.0437,25.4997,0],[74.0355,25.4904,0],[74.0394,25.4888,0],[74.0373,25.4757,0],[74.0537,25.4622,0],[74.0393,25.46,0],[74.0311,25.4645,0],[74.0169,25.4368,0],[74.0263,25.4343,0],[74.044,25.4401,0],[74.0596,25.4397,0],[74.0651,25.4322,0],[74.058,25.4183,0],[74.077,25.4115,0],[74.0757,25.4059,0],[74.0556,25.4027,0],[74.0503,25.3956,0],[74.04,25.3985,0],[74.031,25.3861,0],[74.0247,25.3917,0],[74.0161,25.408,0],[74.0051,25.4117,0],[73.9979,25.4199,0],[73.9896,25.4176,0],[73.9848,25.407,0],[73.994,25.3966,0],[73.9832,25.3773,0],[73.9929,25.3545,0],[73.9806,25.3375,0],[73.9609,25.3339,0],[73.936,25.3382,0],[73.9443,25.3549,0],[73.9252,25.3429,0],[73.9138,25.3494,0],[73.9149,25.3603,0],[73.9383,25.3716,0],[73.9434,25.3782,0],[73.944,25.386,0],[73.9338,25.3962,0],[73.9143,25.3877,0],[73.9037,25.3537,0],[73.8905,25.3416,0],[73.8764,25.3467,0],[73.8644,25.3572,0],[73.8748,25.3676,0],[73.8988,25.3712,0],[73.9008,25.3961,0],[73.8891,25.3957,0],[73.882,25.3807,0],[73.8511,25.3991,0],[73.8478,25.3821,0],[73.8558,25.3652,0],[73.8362,25.3484,0],[73.8246,25.3519,0],[73.8138,25.3396,0],[73.7732,25.34,0],[73.7715,25.3712,0],[73.7342,25.3822,0],[73.7512,25.4065,0],[73.7539,25.4375,0],[73.7706,25.4608,0],[73.7757,25.4773,0],[73.7966,25.4944,0],[73.8065,25.5103,0],[73.8125,25.536,0],[73.8334,25.5754,0],[73.8275,25.5809,0],[73.8589,25.6266,0],[73.864,25.6495,0],[73.8851,25.6674,0],[73.8935,25.6665,0],[73.9028,25.6719,0],[73.9093,25.6845,0],[73.9331,25.6777,0],[73.9293,25.6714,0],[73.9394,25.6665,0],[73.9467,25.6551,0],[73.9449,25.6495,0],[73.951,25.6475,0],[73.9786,25.6681,0],[73.9869,25.6662,0],[73.9896,25.6821,0],[74.0149,25.7021,0],[74.0127,25.7055,0],[73.9872,25.7065,0],[73.9778,25.7115,0],[74.0007,25.729,0],[74.009,25.7424,0],[74.0215,25.7476,0],[74.0478,25.7499,0],[74.0546,25.7566,0],[74.0613,25.7556,0],[74.0856,25.768,0],[74.0928,25.7667,0],[74.0956,25.7825,0],[74.0665,25.8067,0],[74.055,25.8285,0],[74.054,25.8329,0],[74.0858,25.8496,0],[74.0946,25.8494,0],[74.1169,25.8652,0],[74.1481,25.8569,0]]]},{"type":"Polygon","coordinates":[[[74.2241,25.8957,0],[74.2557,25.8697,0],[74.2304,25.8442,0],[74.2198,25.8446,0],[74.2125,25.8562,0],[74.2113,25.8528,0],[74.1945,25.8539,0],[74.1947,25.8617,0],[74.2051,25.8718,0],[74.2114,25.8909,0],[74.2241,25.8957,0]]]},{"type":"Polygon","coordinates":[[[74.3571,26.0165,0],[74.3623,26.0187,0],[74.3866,26.005,0],[74.3851,25.9924,0],[74.3912,25.9879,0],[74.3868,25.9749,0],[74.3892,25.9637,0],[74.3664,25.9509,0],[74.3538,25.9508,0],[74.3438,25.9402,0],[74.3348,25.941,0],[74.3288,25.9368,0],[74.3299,25.9226,0],[74.3471,25.9196,0],[74.3482,25.9068,0],[74.3439,25.9009,0],[74.3164,25.8868,0],[74.307,25.8964,0],[74.2892,25.887,0],[74.2806,25.8771,0],[74.2663,25.8735,0],[74.2482,25.8915,0],[74.2448,25.9095,0],[74.2381,25.9087,0],[74.2323,25.9166,0],[74.2296,25.933,0],[74.2425,25.9341,0],[74.2475,25.9389,0],[74.25,25.9333,0],[74.2556,25.9366,0],[74.2663,25.9342,0],[74.2716,25.9421,0],[74.2675,25.9435,0],[74.2694,25.948,0],[74.2758,25.9495,0],[74.2741,25.9408,0],[74.2833,25.9389,0],[74.2891,25.9107,0],[74.2971,25.9114,0],[74.3017,25.9246,0],[74.2926,25.9264,0],[74.2892,25.9602,0],[74.2831,25.961,0],[74.287,25.9679,0],[74.2944,25.9701,0],[74.2921,25.9798,0],[74.3002,25.9889,0],[74.321,25.9986,0],[74.3172,26.0089,0],[74.3361,26.019,0],[74.3444,26.0155,0],[74.3452,26.0218,0],[74.3505,26.0234,0],[74.3571,26.0165,0]]]}]}},{"type":"Feature","properties":{"ac_name":"SHAHPURA","ac_no":181,"ac_category":"SC","st_name":"RAJASTHAN"},"geometry":{"type":"Polygon","coordinates":[[[74.7797,25.8825],[74.7693,25.8825],[74.7516,25.8505],[74.784,25.8308],[74.7853,25.8184],[74.7979,25.7928],[74.7843,25.7401],[74.7638,25.7507],[74.746,25.7692],[74.7255,25.7542],[74.7144,25.753],[74.7076,25.7575],[74.6869,25.7537],[74.6793,25.7217],[74.6496,25.7034],[74.6449,25.6803],[74.6172,25.6549],[74.6105,25.6296],[74.5995,25.6193],[74.5984,25.6031],[74.5474,25.5942],[74.5353,25.5984],[74.5433,25.5531],[74.5578,25.5279],[74.595,25.5347],[74.6102,25.528],[74.6129,25.5183],[74.6042,25.4991],[74.6146,25.4776],[74.6169,25.4571],[74.629,25.4442],[74.6297,25.4341],[74.6409,25.4281],[74.6699,25.4219],[74.6844,25.4293],[74.7065,25.4271],[74.7163,25.4341],[74.7261,25.4321],[74.74,25.4545],[74.7536,25.4656],[74.7622,25.4839],[74.7983,25.5017],[74.806,25.4911],[74.8316,25.4825],[74.8294,25.459],[74.8378,25.4453],[74.8596,25.4502],[74.8829,25.4431],[74.9002,25.4599],[74.9212,25.4539],[74.936,25.463],[74.9416,25.4738],[74.9357,25.4858],[74.9349,25.5126],[74.9444,25.5251],[74.9463,25.5392],[74.9546,25.5452],[74.991,25.5463],[74.9879,25.5607],[74.9944,25.5827],[75.0324,25.5954],[75.0543,25.5956],[75.0699,25.64],[75.083,25.6477],[75.0935,25.6623],[75.1186,25.6671],[75.1232,25.6975],[75.1301,25.7047],[75.1158,25.7071],[75.1081,25.6974],[75.0848,25.7042],[75.0842,25.716],[75.0889,25.7229],[75.0656,25.7404],[75.0709,25.7548],[75.066,25.7577],[75.0774,25.7745],[75.0748,25.7825],[75.065,25.7802],[75.0355,25.7872],[75.0106,25.81],[75.03,25.8298],[75.037,25.8317],[75.0412,25.8464],[75.0171,25.8594],[74.9955,25.8431],[74.9865,25.8506],[74.9823,25.8635],[74.9422,25.8623],[74.9253,25.8774],[74.9022,25.8815],[74.8888,25.8725],[74.854,25.8799],[74.8131,25.8718],[74.7888,25.8766],[74.7797,25.8825]]]}},{"type":"Feature","properties":{"ac_name":"CHOHTAN","ac_no":140,"ac_category":"SC","st_name":"RAJASTHAN"},"geometry":{"type":"Polygon","coordinates":[[[71.365,25.4148],[71.3549,25.4303],[71.321,25.462],[71.3241,25.4741],[71.3401,25.486],[71.3469,25.4991],[71.3259,25.5349],[71.2641,25.6063],[71.2575,25.6092],[71.2474,25.6041],[71.2348,25.6085],[71.2175,25.6021],[71.1978,25.6179],[71.1891,25.6233],[71.1783,25.6213],[71.1246,25.5687],[71.0938,25.5546],[71.0775,25.56],[71.0373,25.5326],[71.0314,25.526],[71.0558,25.5062],[71.0579,25.4971],[71.0573,25.4846],[71.0489,25.4764],[71.044,25.4388],[71.0173,25.4271],[71.0012,25.3963],[70.9933,25.3906],[70.9424,25.3682],[70.9349,25.3608],[70.9034,25.3215],[70.8984,25.2879],[70.8698,25.2859],[70.8593,25.3178],[70.8385,25.2984],[70.8106,25.2839],[70.828,25.2702],[70.7846,25.2456],[70.8884,25.148],[70.9153,25.0139],[70.9377,24.9383],[71.0266,24.8087],[71.0667,24.7153],[71.0977,24.6863],[71.1146,24.6728],[71.189,24.6473],[71.2107,24.6959],[71.2411,24.7189],[71.2655,24.7459],[71.2573,24.7556],[71.2438,24.8012],[71.2545,24.7949],[71.2637,24.8052],[71.2866,24.8168],[71.2845,24.8252],[71.2889,24.8273],[71.3035,24.8221],[71.3277,24.8455],[71.3271,24.8683],[71.3056,24.888],[71.3171,24.904],[71.3291,24.8958],[71.3465,24.9117],[71.3395,24.9267],[71.3428,24.9435],[71.3484,24.942],[71.3789,24.9605],[71.3872,24.9748],[71.4139,24.9699],[71.4212,24.9766],[71.4363,24.9783],[71.4659,24.9968],[71.475,24.9978],[71.4837,24.9879],[71.4903,24.9919],[71.4902,25.0052],[71.5033,25.0088],[71.48,25.0329],[71.4581,25.0468],[71.4372,25.0885],[71.4199,25.1023],[71.2743,25.1547],[71.2642,25.1552],[71.2543,25.1402],[71.2474,25.1387],[71.2433,25.1508],[71.2326,25.1498],[71.2234,25.158],[71.2577,25.2053],[71.2651,25.2308],[71.2799,25.2451],[71.2567,25.2767],[71.318,25.2783],[71.3423,25.2869],[71.3438,25.3057],[71.3221,25.3252],[71.2981,25.3744],[71.304,25.3766],[71.3184,25.3717],[71.3297,25.3497],[71.346,25.3477],[71.3546,25.359],[71.3559,25.3737],[71.3713,25.3967],[71.3701,25.4098],[71.365,25.4148]]]}},{"type":"Feature","properties":{"ac_name":"HINDOLI","ac_no":184,"ac_category":"GEN","st_name":"RAJASTHAN"},"geometry":{"type":"Polygon","coordinates":[[[75.7958,25.7999],[75.7904,25.8027],[75.7922,25.8139],[75.7881,25.8206],[75.7762,25.827],[75.7663,25.8204],[75.7675,25.7986],[75.7614,25.797],[75.7535,25.7856],[75.759,25.7726],[75.7537,25.7573],[75.7419,25.7541],[75.7192,25.7619],[75.7012,25.7537],[75.6917,25.7614],[75.6673,25.7509],[75.6588,25.7493],[75.6547,25.7534],[75.6515,25.7341],[75.6404,25.7175],[75.6289,25.7109],[75.6271,25.7052],[75.6359,25.7001],[75.616,25.6803],[75.5921,25.6877],[75.5864,25.6958],[75.5863,25.7054],[75.5938,25.7126],[75.5748,25.7112],[75.5602,25.6985],[75.5316,25.7144],[75.5165,25.7495],[75.5103,25.7472],[75.5077,25.7395],[75.4858,25.7328],[75.4732,25.737],[75.4741,25.7311],[75.4608,25.7207],[75.4541,25.7102],[75.4219,25.6886],[75.4355,25.6554],[75.4293,25.6353],[75.4307,25.6223],[75.4098,25.5898],[75.3978,25.5766],[75.3838,25.5731],[75.3811,25.5582],[75.3583,25.5382],[75.363,25.5239],[75.3604,25.5163],[75.3681,25.5045],[75.3616,25.4968],[75.3615,25.4814],[75.3419,25.4646],[75.3232,25.4563],[75.3176,25.4399],[75.3021,25.4207],[75.2843,25.4354],[75.2607,25.4215],[75.2634,25.403],[75.2746,25.3981],[75.2852,25.4035],[75.2849,25.3927],[75.2968,25.3821],[75.3225,25.3611],[75.3348,25.3292],[75.3416,25.3231],[75.3649,25.3182],[75.4024,25.2896],[75.4171,25.3138],[75.4333,25.3255],[75.4612,25.3778],[75.4852,25.3942],[75.4996,25.4109],[75.5136,25.4108],[75.548,25.4212],[75.5927,25.4214],[75.6025,25.4273],[75.6181,25.4504],[75.6425,25.4612],[75.6708,25.4567],[75.6733,25.439],[75.6784,25.4364],[75.7212,25.4611],[75.7783,25.4824],[75.7724,25.4996],[75.7596,25.508],[75.7589,25.5179],[75.7638,25.5229],[75.7993,25.5187],[75.8037,25.5226],[75.7998,25.5341],[75.8562,25.5345],[75.8493,25.5691],[75.8647,25.573],[75.8675,25.5891],[75.8852,25.5905],[75.9278,25.5841],[75.9302,25.5935],[75.9435,25.6088],[75.9394,25.6093],[75.9327,25.6264],[75.9228,25.6269],[75.9161,25.6519],[75.9086,25.6579],[75.9088,25.6661],[75.9177,25.6688],[75.9197,25.6765],[75.9389,25.6816],[75.9465,25.6765],[75.9523,25.6859],[75.9692,25.683],[75.9782,25.6955],[75.9833,25.6871],[75.9933,25.6829],[75.9986,25.6724],[76.0065,25.673],[76.014,25.6844],[76.0404,25.6783],[76.054,25.6909],[76.0527,25.707],[76.0153,25.7158],[76.0172,25.732],[75.9994,25.753],[75.9818,25.7497],[75.9797,25.7604],[75.9431,25.757],[75.9451,25.7894],[75.9706,25.8109],[75.966,25.8229],[75.9298,25.8355],[75.9252,25.8269],[75.9178,25.8222],[75.9082,25.823],[75.9034,25.8176],[75.8813,25.8199],[75.8821,25.8343],[75.8932,25.8491],[75.8736,25.8627],[75.8689,25.8749],[75.8621,25.8758],[75.8501,25.8693],[75.8455,25.8576],[75.8188,25.8544],[75.8076,25.8302],[75.8143,25.8106],[75.7958,25.7999]]]}},{"type":"Feature","properties":{"ac_name":"KESHORAIPATAN","ac_no":185,"ac_category":"SC","st_name":"RAJASTHAN"},"geometry":{"type":"Polygon","coordinates":[[[75.9298,25.8355],[75.966,25.8229],[75.9706,25.8109],[75.9451,25.7894],[75.9431,25.757],[75.9797,25.7604],[75.9818,25.7497],[75.9994,25.753],[76.0172,25.732],[76.0153,25.7158],[76.0527,25.707],[76.054,25.6909],[76.0404,25.6783],[76.014,25.6844],[76.0065,25.673],[75.9986,25.6724],[75.9933,25.6829],[75.9833,25.6871],[75.9782,25.6955],[75.9692,25.683],[75.9523,25.6859],[75.9465,25.6765],[75.9389,25.6816],[75.9197,25.6765],[75.9177,25.6688],[75.9088,25.6661],[75.9086,25.6579],[75.9161,25.6519],[75.9228,25.6269],[75.9327,25.6264],[75.9394,25.6093],[75.9435,25.6088],[75.9302,25.5935],[75.9278,25.5841],[75.8852,25.5905],[75.8675,25.5891],[75.8647,25.573],[75.8493,25.5691],[75.8562,25.5345],[75.8646,25.5176],[75.8834,25.5148],[75.8917,25.4944],[75.8897,25.4814],[75.9024,25.4731],[75.9076,25.4601],[75.918,25.4601],[75.9359,25.4699],[75.9614,25.4659],[75.939,25.444],[75.9449,25.4311],[75.9254,25.4075],[75.9096,25.4042],[75.893,25.4115],[75.8917,25.4041],[75.8847,25.4033],[75.8819,25.3916],[75.8764,25.3904],[75.8591,25.4017],[75.8503,25.399],[75.8434,25.3895],[75.8446,25.3745],[75.8576,25.3719],[75.8862,25.3461],[75.8884,25.3363],[75.8811,25.3192],[75.8789,25.2918],[75.9064,25.2688],[75.932,25.2861],[75.9416,25.2863],[75.9496,25.2714],[75.9716,25.2524],[75.9866,25.231],[75.9958,25.2369],[76.0038,25.2613],[76.0242,25.2693],[76.0335,25.2796],[76.0202,25.3076],[76.0217,25.3135],[76.0401,25.3259],[76.0482,25.3208],[76.0612,25.3266],[76.0685,25.3341],[76.0661,25.3489],[76.0845,25.352],[76.108,25.331],[76.1304,25.348],[76.1452,25.3388],[76.1557,25.3468],[76.1526,25.3649],[76.1352,25.3734],[76.1496,25.3812],[76.1528,25.3891],[76.1472,25.3963],[76.1353,25.3983],[76.1326,25.4044],[76.1384,25.4107],[76.1563,25.4165],[76.1629,25.4256],[76.1591,25.4371],[76.1739,25.4426],[76.1807,25.4679],[76.1813,25.4961],[76.1909,25.5012],[76.2057,25.4866],[76.2359,25.5066],[76.267,25.5111],[76.2868,25.5458],[76.2834,25.5724],[76.2947,25.5873],[76.288,25.6062],[76.2899,25.6303],[76.2957,25.6357],[76.3139,25.6391],[76.318,25.648],[76.3135,25.6595],[76.297,25.668],[76.2913,25.6886],[76.296,25.6982],[76.2916,25.7001],[76.2744,25.6899],[76.2668,25.6774],[76.2504,25.6696],[76.2406,25.6783],[76.2356,25.6916],[76.1987,25.6982],[76.1721,25.7135],[76.1708,25.7206],[76.151,25.7266],[76.1484,25.7416],[76.1396,25.7439],[76.1492,25.7626],[76.1502,25.7712],[76.139,25.7831],[76.1064,25.7871],[76.1048,25.8049],[76.0844,25.8097],[76.0604,25.8043],[76.0444,25.8129],[76.0527,25.8341],[76.0481,25.8436],[76.0541,25.8571],[76.0522,25.8632],[76.0443,25.8606],[76.0414,25.8651],[76.0357,25.8612],[76.011,25.8662],[76.0078,25.8809],[75.971,25.8731],[75.9677,25.8674],[75.9635,25.8703],[75.9588,25.8668],[75.9592,25.8705],[75.9529,25.8701],[75.951,25.8741],[75.9297,25.8717],[75.9298,25.8355]]]}},{"type":"Feature","properties":{"ac_name":"GUDHA MALANI","ac_no":139,"ac_category":"GEN","st_name":"RAJASTHAN"},"geometry":{"type":"Polygon","coordinates":[[[71.7282,25.6235],[71.6841,25.6172],[71.7043,25.5812],[71.6816,25.5727],[71.6642,25.5509],[71.634,25.5415],[71.6232,25.5553],[71.586,25.5541],[71.5536,25.5204],[71.5191,25.5112],[71.5066,25.4536],[71.4648,25.4477],[71.4471,25.451],[71.4115,25.4486],[71.4001,25.4257],[71.365,25.4148],[71.3701,25.4098],[71.3713,25.3967],[71.3559,25.3737],[71.3546,25.359],[71.346,25.3477],[71.3297,25.3497],[71.3184,25.3717],[71.304,25.3766],[71.2981,25.3744],[71.3221,25.3252],[71.3438,25.3057],[71.3423,25.2869],[71.318,25.2783],[71.2567,25.2767],[71.2799,25.2451],[71.2651,25.2308],[71.2577,25.2053],[71.2234,25.158],[71.2326,25.1498],[71.2433,25.1508],[71.2474,25.1387],[71.2543,25.1402],[71.2642,25.1552],[71.2743,25.1547],[71.4199,25.1023],[71.4372,25.0885],[71.4581,25.0468],[71.48,25.0329],[71.5033,25.0088],[71.5144,25.0087],[71.5256,24.9991],[71.5253,24.9832],[71.5323,24.9721],[71.557,24.9835],[71.5671,25.0017],[71.5914,25.025],[71.6342,25.0341],[71.6521,25.0216],[71.6657,25.0002],[71.6828,24.987],[71.7136,25.0215],[71.727,25.026],[71.7281,25.0484],[71.7376,25.0602],[71.7381,25.0677],[71.7676,25.0741],[71.7757,25.0658],[71.7858,25.0654],[71.7971,25.052],[71.8015,25.0542],[71.8048,25.0688],[71.791,25.0781],[71.8052,25.0971],[71.8002,25.1038],[71.8033,25.1122],[71.8176,25.1204],[71.8225,25.1196],[71.8347,25.1405],[71.8469,25.2009],[71.8779,25.2198],[71.8993,25.2437],[71.8858,25.2557],[71.9332,25.2797],[71.9353,25.2948],[71.9471,25.3161],[71.9231,25.3301],[71.9169,25.3458],[71.9673,25.3931],[71.9758,25.4055],[71.976,25.416],[71.9795,25.4273],[72.0041,25.4463],[71.999,25.459],[71.944,25.4932],[71.9167,25.5163],[71.8944,25.4931],[71.8709,25.5178],[71.8349,25.5079],[71.8239,25.5111],[71.8279,25.5211],[71.8117,25.5473],[71.8025,25.5459],[71.7842,25.5618],[71.7937,25.5708],[71.7821,25.5813],[71.7763,25.5967],[71.7282,25.6235]]]}},{"type":"Feature","properties":{"ac_name":"PIPALDA","ac_no":187,"ac_category":"GEN","st_name":"RAJASTHAN"},"geometry":{"type":"Polygon","coordinates":[[[76.5665,25.8489],[76.5471,25.8386],[76.5293,25.8432],[76.5085,25.8384],[76.4911,25.8452],[76.4792,25.842],[76.4734,25.8337],[76.4774,25.8153],[76.4416,25.7742],[76.4308,25.7694],[76.4055,25.7689],[76.3943,25.7562],[76.3685,25.7518],[76.3561,25.741],[76.3353,25.759],[76.3319,25.7717],[76.3218,25.7792],[76.3118,25.8115],[76.306,25.8038],[76.2906,25.7983],[76.2862,25.7829],[76.2679,25.805],[76.2595,25.8062],[76.2561,25.7981],[76.2427,25.7926],[76.2171,25.8097],[76.2137,25.8306],[76.2071,25.8381],[76.1883,25.8418],[76.1816,25.8232],[76.1616,25.808],[76.163,25.7907],[76.1565,25.7771],[76.1604,25.7597],[76.1492,25.7626],[76.1396,25.7439],[76.1484,25.7416],[76.151,25.7266],[76.1708,25.7206],[76.1721,25.7135],[76.1987,25.6982],[76.2356,25.6916],[76.2406,25.6783],[76.2504,25.6696],[76.2668,25.6774],[76.2744,25.6899],[76.2916,25.7001],[76.296,25.6982],[76.2913,25.6886],[76.297,25.668],[76.3135,25.6595],[76.318,25.648],[76.3139,25.6391],[76.2957,25.6357],[76.2899,25.6303],[76.288,25.6062],[76.2947,25.5873],[76.2834,25.5724],[76.2868,25.5458],[76.267,25.5111],[76.2359,25.5066],[76.2057,25.4866],[76.1909,25.5012],[76.1813,25.4961],[76.1807,25.4679],[76.1739,25.4426],[76.1591,25.4371],[76.1629,25.4256],[76.1563,25.4165],[76.1384,25.4107],[76.1326,25.4044],[76.1353,25.3983],[76.1472,25.3963],[76.1528,25.3891],[76.1496,25.3812],[76.1352,25.3734],[76.1526,25.3649],[76.1557,25.3468],[76.1452,25.3388],[76.1304,25.348],[76.1379,25.3193],[76.1422,25.3166],[76.1394,25.2941],[76.1504,25.2862],[76.1292,25.2818],[76.1221,25.2755],[76.125,25.2571],[76.1199,25.2487],[76.1314,25.2431],[76.1321,25.2259],[76.1395,25.2184],[76.1638,25.2131],[76.1653,25.2438],[76.1565,25.2481],[76.1665,25.2611],[76.1847,25.2726],[76.2034,25.2609],[76.203,25.255],[76.2161,25.2404],[76.2248,25.2391],[76.2252,25.2431],[76.2481,25.2398],[76.2771,25.2435],[76.2852,25.2495],[76.2872,25.27],[76.3018,25.2935],[76.3028,25.3299],[76.3159,25.3489],[76.3227,25.3817],[76.3325,25.3845],[76.3435,25.3788],[76.3545,25.392],[76.3659,25.3952],[76.3778,25.3843],[76.3867,25.3932],[76.4036,25.3924],[76.4116,25.3842],[76.4378,25.3847],[76.4371,25.4028],[76.4416,25.4078],[76.4731,25.4102],[76.4854,25.4175],[76.49,25.4151],[76.4911,25.4294],[76.4989,25.4291],[76.5089,25.4286],[76.5105,25.4196],[76.5202,25.4156],[76.5323,25.4245],[76.5351,25.4187],[76.5594,25.4193],[76.5749,25.4083],[76.5697,25.4393],[76.5553,25.4533],[76.5553,25.483],[76.5374,25.5034],[76.534,25.5141],[76.517,25.5268],[76.5189,25.5493],[76.5033,25.582],[76.5116,25.6041],[76.5103,25.6306],[76.4961,25.6474],[76.5045,25.6733],[76.4809,25.6827],[76.472,25.7036],[76.4773,25.7149],[76.5012,25.7295],[76.5246,25.7303],[76.5153,25.7737],[76.5196,25.7915],[76.5343,25.8181],[76.5555,25.8331],[76.5665,25.8489]]]}},{"type":"Feature","properties":{"ac_name":"MANDAL","ac_no":178,"ac_category":"GEN","st_name":"RAJASTHAN"},"geometry":{"type":"Polygon","coordinates":[[[74.2551,25.7356],[74.2518,25.7429],[74.2171,25.7342],[74.1935,25.7121],[74.1706,25.7322],[74.1641,25.7299],[74.1544,25.7334],[74.1334,25.7241],[74.1074,25.7219],[74.0839,25.7021],[74.0768,25.6782],[74.0908,25.6732],[74.1071,25.6574],[74.1166,25.6583],[74.1277,25.6471],[74.1166,25.6371],[74.1139,25.6271],[74.1201,25.6068],[74.1091,25.6031],[74.1039,25.5918],[74.0899,25.5959],[74.0834,25.5831],[74.059,25.5781],[74.0551,25.5659],[74.0848,25.5572],[74.0782,25.5382],[74.0812,25.5311],[74.0847,25.5232],[74.1044,25.5132],[74.0844,25.4997],[74.0879,25.4951],[74.0947,25.4965],[74.0934,25.4913],[74.0774,25.4942],[74.0639,25.4894],[74.0437,25.4997],[74.0355,25.4904],[74.0394,25.4888],[74.0373,25.4757],[74.0537,25.4622],[74.0393,25.46],[74.0311,25.4645],[74.0169,25.4368],[74.0263,25.4343],[74.044,25.4401],[74.0596,25.4397],[74.0651,25.4322],[74.0745,25.4331],[74.0838,25.4284],[74.0933,25.4429],[74.1012,25.4455],[74.1079,25.4384],[74.1079,25.4272],[74.1175,25.4237],[74.1156,25.4423],[74.0961,25.4732],[74.1103,25.4873],[74.1248,25.4829],[74.1497,25.4565],[74.1646,25.4626],[74.174,25.4826],[74.1944,25.4937],[74.2204,25.485],[74.2197,25.4595],[74.2576,25.4399],[74.3158,25.4503],[74.3185,25.4254],[74.3421,25.406],[74.3275,25.3671],[74.3354,25.3559],[74.359,25.3521],[74.3694,25.3944],[74.3772,25.4003],[74.3833,25.3991],[74.3769,25.3619],[74.3598,25.326],[74.3675,25.3076],[74.3827,25.313],[74.3904,25.3067],[74.4105,25.3158],[74.4208,25.3101],[74.4282,25.3113],[74.4373,25.3174],[74.433,25.3256],[74.4368,25.3318],[74.4586,25.3292],[74.4705,25.3459],[74.482,25.346],[74.4971,25.3389],[74.5049,25.3488],[74.5256,25.359],[74.5319,25.3767],[74.5486,25.3908],[74.5608,25.3719],[74.5669,25.3693],[74.5689,25.3486],[74.591,25.3358],[74.6105,25.3426],[74.6099,25.3723],[74.6406,25.3789],[74.6585,25.3718],[74.6726,25.3934],[74.6904,25.407],[74.7057,25.4065],[74.729,25.3981],[74.7297,25.3874],[74.7165,25.377],[74.6897,25.3767],[74.6824,25.359],[74.6778,25.326],[74.6678,25.3066],[74.6583,25.3018],[74.5838,25.303],[74.5751,25.2959],[74.5692,25.2771],[74.5796,25.2712],[74.5935,25.2715],[74.5963,25.2607],[74.6066,25.2563],[74.6107,25.2606],[74.6241,25.2367],[74.6292,25.2157],[74.6339,25.2182],[74.647,25.2126],[74.6635,25.2203],[74.6662,25.2132],[74.6573,25.2075],[74.6631,25.1928],[74.6558,25.1812],[74.6728,25.1813],[74.6818,25.1762],[74.6844,25.1813],[74.6919,25.1776],[74.7053,25.2019],[74.7219,25.2068],[74.7284,25.1856],[74.7209,25.1834],[74.7149,25.1746],[74.7268,25.1702],[74.7342,25.1768],[74.7408,25.1752],[74.7475,25.1833],[74.747,25.2095],[74.754,25.2153],[74.7514,25.2169],[74.8066,25.2367],[74.8097,25.2522],[74.7981,25.2613],[74.7867,25.2701],[74.8003,25.2921],[74.8004,25.3047],[74.7976,25.3094],[74.7777,25.3161],[74.7711,25.3326],[74.797,25.3516],[74.8016,25.3804],[74.7926,25.3953],[74.7943,25.4048],[74.8378,25.4453],[74.8294,25.459],[74.8316,25.4825],[74.806,25.4911],[74.7983,25.5017],[74.7622,25.4839],[74.7536,25.4656],[74.74,25.4545],[74.7261,25.4321],[74.7163,25.4341],[74.7065,25.4271],[74.6844,25.4293],[74.6699,25.4219],[74.6409,25.4281],[74.6297,25.4341],[74.629,25.4442],[74.6169,25.4571],[74.6146,25.4776],[74.6042,25.4991],[74.6129,25.5183],[74.6102,25.528],[74.595,25.5347],[74.5578,25.5279],[74.5441,25.5267],[74.5346,25.5314],[74.5277,25.5483],[74.5165,25.5597],[74.5065,25.5608],[74.495,25.5705],[74.4874,25.5809],[74.4862,25.5968],[74.4654,25.6138],[74.4426,25.6085],[74.4047,25.6132],[74.3843,25.5943],[74.3821,25.58],[74.3969,25.5642],[74.3926,25.5455],[74.3975,25.532],[74.3933,25.5294],[74.3649,25.5452],[74.3419,25.5481],[74.3249,25.5559],[74.2997,25.5489],[74.2888,25.5846],[74.2825,25.5919],[74.2743,25.5925],[74.2527,25.5783],[74.2646,25.6124],[74.2313,25.6223],[74.2223,25.6405],[74.2297,25.6562],[74.2277,25.6626],[74.1988,25.6811],[74.2104,25.6955],[74.2548,25.7066],[74.2551,25.7356]]]}},{"type":"Feature","properties":{"ac_name":"JAHAZPUR","ac_no":182,"ac_category":"GEN","st_name":"RAJASTHAN"},"geometry":{"type":"Polygon","coordinates":[[[75.3154,25.7663],[75.2753,25.7239],[75.275,25.7004],[75.2602,25.7034],[75.2508,25.6851],[75.2115,25.6907],[75.1937,25.7078],[75.1767,25.711],[75.1592,25.7241],[75.1448,25.7204],[75.138,25.7041],[75.1301,25.7047],[75.1232,25.6975],[75.1186,25.6671],[75.0935,25.6623],[75.083,25.6477],[75.0699,25.64],[75.0543,25.5956],[75.0324,25.5954],[74.9944,25.5827],[74.9879,25.5607],[74.991,25.5463],[74.9546,25.5452],[74.9463,25.5392],[74.9444,25.5251],[74.9349,25.5126],[74.9357,25.4858],[74.9416,25.4738],[74.936,25.463],[74.9212,25.4539],[74.9002,25.4599],[74.8829,25.4431],[74.8596,25.4502],[74.8378,25.4453],[74.7943,25.4048],[74.7926,25.3953],[74.8016,25.3804],[74.797,25.3516],[74.7711,25.3326],[74.7777,25.3161],[74.7976,25.3094],[74.8004,25.3047],[74.8003,25.2921],[74.7867,25.2701],[74.7981,25.2613],[74.8054,25.2664],[74.828,25.2568],[74.8544,25.2648],[74.8499,25.2772],[74.8357,25.276],[74.8492,25.299],[74.8636,25.2847],[74.8684,25.2653],[74.8892,25.2651],[74.8946,25.2578],[74.9009,25.273],[74.9044,25.3049],[74.9177,25.309],[74.9258,25.3239],[74.9273,25.3321],[74.909,25.3329],[74.9087,25.3398],[74.9197,25.3572],[74.9189,25.371],[74.9279,25.3984],[74.961,25.3904],[74.9729,25.4014],[74.9916,25.3977],[75.0063,25.4087],[75.0028,25.4199],[75.0086,25.422],[75.0323,25.4118],[75.0404,25.4442],[75.0503,25.4446],[75.0618,25.4534],[75.0886,25.4632],[75.1164,25.4958],[75.1236,25.4664],[75.1117,25.448],[75.1191,25.4283],[75.1499,25.4295],[75.1716,25.4103],[75.1997,25.415],[75.2046,25.405],[75.2108,25.4039],[75.2322,25.4153],[75.2237,25.3925],[75.2157,25.3833],[75.1976,25.374],[75.1992,25.369],[75.2589,25.3665],[75.2886,25.3738],[75.2968,25.3821],[75.2849,25.3927],[75.2852,25.4035],[75.2746,25.3981],[75.2634,25.403],[75.2607,25.4215],[75.2843,25.4354],[75.3021,25.4207],[75.3176,25.4399],[75.3232,25.4563],[75.3419,25.4646],[75.3615,25.4814],[75.3616,25.4968],[75.3681,25.5045],[75.3604,25.5163],[75.363,25.5239],[75.3583,25.5382],[75.3811,25.5582],[75.3838,25.5731],[75.3978,25.5766],[75.4098,25.5898],[75.4307,25.6223],[75.4293,25.6353],[75.4355,25.6554],[75.4219,25.6886],[75.4541,25.7102],[75.4608,25.7207],[75.4382,25.7468],[75.4257,25.747],[75.4152,25.7669],[75.4008,25.775],[75.3876,25.7653],[75.3841,25.7558],[75.3721,25.7604],[75.3532,25.7579],[75.3375,25.7621],[75.3309,25.7589],[75.3154,25.7663]]]}},{"type":"Feature","properties":{"ac_name":"JALORE","ac_no":142,"ac_category":"SC","st_name":"RAJASTHAN"},"geometry":{"type":"Polygon","coordinates":[[[72.5591,25.5304],[72.5364,25.5211],[72.5222,25.5042],[72.5083,25.5066],[72.5024,25.4946],[72.5052,25.4899],[72.4847,25.4838],[72.4825,25.4723],[72.4631,25.4561],[72.4512,25.4585],[72.4215,25.439],[72.4045,25.4433],[72.382,25.4425],[72.3805,25.4465],[72.3666,25.4477],[72.3557,25.4589],[72.3536,25.4436],[72.342,25.4464],[72.3332,25.4323],[72.3286,25.3938],[72.3075,25.3833],[72.3033,25.3878],[72.2979,25.3858],[72.2854,25.4003],[72.2691,25.4102],[72.263,25.4073],[72.2509,25.4153],[72.219,25.4032],[72.1882,25.4237],[72.1706,25.4268],[72.1617,25.4356],[72.1561,25.4315],[72.1487,25.4356],[72.1219,25.4292],[72.1071,25.4199],[72.091,25.4496],[72.0906,25.4629],[72.0559,25.4819],[72.0339,25.4744],[72.0041,25.4463],[71.9795,25.4273],[71.976,25.416],[71.9969,25.4066],[72.0463,25.3491],[72.029,25.3257],[72.039,25.3034],[72.0402,25.2675],[72.0107,25.2321],[72.0121,25.2071],[71.9987,25.1849],[72.0003,25.1745],[72.0124,25.1737],[72.0431,25.1854],[72.0698,25.169],[72.0856,25.1745],[72.1088,25.1533],[72.1086,25.132],[72.1184,25.125],[72.1393,25.1282],[72.1625,25.146],[72.1692,25.156],[72.172,25.1743],[72.1772,25.1776],[72.2017,25.1757],[72.2113,25.182],[72.2273,25.1834],[72.2475,25.1613],[72.2595,25.1613],[72.2716,25.1676],[72.2909,25.1667],[72.3118,25.1767],[72.3409,25.2012],[72.3436,25.2127],[72.3395,25.2275],[72.3516,25.226],[72.3679,25.2348],[72.3599,25.2627],[72.3718,25.2757],[72.3946,25.2836],[72.4126,25.2736],[72.4194,25.2505],[72.4322,25.234],[72.4499,25.2283],[72.4432,25.1924],[72.4594,25.175],[72.4727,25.1416],[72.4861,25.1357],[72.5135,25.1359],[72.5318,25.1482],[72.5534,25.1547],[72.5675,25.1728],[72.5575,25.2032],[72.5394,25.2107],[72.5688,25.2192],[72.5917,25.2317],[72.603,25.2307],[72.6158,25.216],[72.6453,25.2186],[72.6696,25.2314],[72.7129,25.2425],[72.7132,25.2493],[72.6949,25.2631],[72.6994,25.277],[72.721,25.2997],[72.6908,25.3149],[72.6779,25.3457],[72.6623,25.3657],[72.6642,25.3722],[72.6778,25.3796],[72.6714,25.3944],[72.6583,25.4058],[72.6282,25.4155],[72.6214,25.4481],[72.5761,25.4876],[72.5591,25.5304]]]}},{"type":"Feature","properties":{"ac_name":"BHINMAL","ac_no":143,"ac_category":"GEN","st_name":"RAJASTHAN"},"geometry":{"type":"Polygon","coordinates":[[[71.976,25.416],[71.9758,25.4055],[71.9673,25.3931],[71.9169,25.3458],[71.9231,25.3301],[71.9471,25.3161],[71.9353,25.2948],[71.9332,25.2797],[71.8858,25.2557],[71.8993,25.2437],[71.8779,25.2198],[71.8469,25.2009],[71.8347,25.1405],[71.8225,25.1196],[71.8176,25.1204],[71.8239,25.0847],[71.8476,25.0586],[71.8813,25.0756],[71.8921,25.076],[71.9039,25.0681],[71.9113,25.0561],[71.9118,25.0424],[71.9216,25.0341],[71.9149,25.0146],[71.916,25.0009],[71.9306,24.9884],[71.9499,24.9822],[71.9649,24.9452],[71.989,24.9487],[72.0105,24.9377],[72.0304,24.9414],[72.0448,24.938],[72.0913,24.9394],[72.1653,24.9669],[72.1904,24.9541],[72.2443,24.9466],[72.2697,24.9156],[72.3002,24.9003],[72.3102,24.8881],[72.3224,24.8999],[72.3256,24.9147],[72.3107,24.919],[72.3143,24.9462],[72.3237,24.9497],[72.3327,24.9617],[72.3155,24.974],[72.3191,24.9975],[72.2969,25.0206],[72.3267,25.0381],[72.3625,25.0029],[72.3773,25.0208],[72.4065,25.0139],[72.413,25.0285],[72.426,25.0204],[72.4338,25.0254],[72.4541,25.0051],[72.4635,25.0031],[72.4762,24.9853],[72.4616,24.9621],[72.4433,24.9466],[72.4538,24.9317],[72.4717,24.9252],[72.497,24.9072],[72.4961,24.9163],[72.5169,24.9351],[72.5265,24.9299],[72.5674,24.9349],[72.5859,24.9563],[72.611,24.9744],[72.6144,24.9854],[72.6218,24.9869],[72.6342,25],[72.6381,25.0157],[72.6272,25.0373],[72.5924,25.0554],[72.5924,25.0732],[72.5877,25.0808],[72.5589,25.0896],[72.546,25.1036],[72.5422,25.1167],[72.5135,25.1359],[72.4861,25.1357],[72.4727,25.1416],[72.4594,25.175],[72.4432,25.1924],[72.4499,25.2283],[72.4322,25.234],[72.4194,25.2505],[72.4126,25.2736],[72.3946,25.2836],[72.3718,25.2757],[72.3599,25.2627],[72.3679,25.2348],[72.3516,25.226],[72.3395,25.2275],[72.3436,25.2127],[72.3409,25.2012],[72.3118,25.1767],[72.2909,25.1667],[72.2716,25.1676],[72.2595,25.1613],[72.2475,25.1613],[72.2273,25.1834],[72.2113,25.182],[72.2017,25.1757],[72.1772,25.1776],[72.172,25.1743],[72.1692,25.156],[72.1625,25.146],[72.1393,25.1282],[72.1184,25.125],[72.1086,25.132],[72.1088,25.1533],[72.0856,25.1745],[72.0698,25.169],[72.0431,25.1854],[72.0124,25.1737],[72.0003,25.1745],[71.9987,25.1849],[72.0121,25.2071],[72.0107,25.2321],[72.0402,25.2675],[72.039,25.3034],[72.029,25.3257],[72.0463,25.3491],[71.9969,25.4066],[71.976,25.416]]]}},{"type":"Feature","properties":{"ac_name":"SAHARA","ac_no":179,"ac_category":"GEN","st_name":"RAJASTHAN"},"geometry":{"type":"Polygon","coordinates":[[[74.2204,25.485],[74.1944,25.4937],[74.174,25.4826],[74.1646,25.4626],[74.1497,25.4565],[74.1248,25.4829],[74.1103,25.4873],[74.0961,25.4732],[74.1156,25.4423],[74.1175,25.4237],[74.1079,25.4272],[74.1079,25.4384],[74.1012,25.4455],[74.0933,25.4429],[74.0838,25.4284],[74.0745,25.4331],[74.0651,25.4322],[74.058,25.4183],[74.077,25.4115],[74.0757,25.4059],[74.0556,25.4027],[74.0503,25.3956],[74.04,25.3985],[74.031,25.3861],[74.0247,25.3917],[74.0129,25.3885],[74.0138,25.3786],[74.0215,25.3753],[74.0265,25.3661],[74.0235,25.3522],[74.0275,25.3412],[74.0369,25.3308],[74.0483,25.329],[74.0511,25.324],[74.0681,25.3202],[74.0748,25.3262],[74.0849,25.3145],[74.0791,25.3106],[74.0845,25.3092],[74.0772,25.3005],[74.0448,25.3007],[74.0367,25.3125],[74.024,25.3154],[74.0225,25.3089],[74.0368,25.302],[74.0356,25.29],[74.0289,25.2849],[74.0288,25.2712],[74.0427,25.258],[74.0471,25.2379],[74.0508,25.236],[74.0598,25.2437],[74.0696,25.2431],[74.0931,25.2345],[74.1128,25.2468],[74.1242,25.2425],[74.1038,25.2028],[74.101,25.1845],[74.0906,25.1843],[74.084,25.1768],[74.0757,25.1792],[74.0579,25.1468],[74.0635,25.1393],[74.08,25.1504],[74.0945,25.1505],[74.0932,25.1416],[74.0993,25.1368],[74.1103,25.1338],[74.1134,25.1403],[74.132,25.1291],[74.1471,25.1294],[74.1544,25.123],[74.1661,25.1266],[74.1798,25.1129],[74.1795,25.1024],[74.1894,25.0989],[74.1894,25.0938],[74.1846,25.0949],[74.182,25.0898],[74.1888,25.0881],[74.1881,25.0595],[74.193,25.0542],[74.2009,25.0552],[74.212,25.0487],[74.2255,25.0505],[74.2188,25.0574],[74.2282,25.0689],[74.2452,25.0704],[74.26,25.0636],[74.2628,25.0679],[74.2754,25.0665],[74.284,25.1004],[74.2983,25.098],[74.3252,25.1236],[74.3459,25.1211],[74.3482,25.142],[74.3596,25.157],[74.366,25.1591],[74.3787,25.1538],[74.3876,25.1781],[74.3738,25.1877],[74.374,25.1919],[74.3892,25.1924],[74.3977,25.2038],[74.4029,25.2003],[74.3986,25.1881],[74.4089,25.1848],[74.4095,25.1957],[74.4158,25.2028],[74.4312,25.1805],[74.4492,25.1775],[74.4494,25.1701],[74.4618,25.1662],[74.4914,25.2017],[74.4992,25.2049],[74.5105,25.2025],[74.5094,25.1827],[74.5545,25.1772],[74.5438,25.1677],[74.5495,25.1555],[74.5374,25.1467],[74.564,25.1318],[74.5781,25.1487],[74.5962,25.1478],[74.6143,25.1413],[74.6558,25.1812],[74.6631,25.1928],[74.6573,25.2075],[74.6662,25.2132],[74.6635,25.2203],[74.647,25.2126],[74.6339,25.2182],[74.6292,25.2157],[74.6241,25.2367],[74.6107,25.2606],[74.6066,25.2563],[74.5963,25.2607],[74.5935,25.2715],[74.5796,25.2712],[74.5692,25.2771],[74.5481,25.2638],[74.5327,25.2616],[74.5191,25.2758],[74.5207,25.2925],[74.5045,25.299],[74.5203,25.3231],[74.5373,25.3224],[74.5486,25.3354],[74.5594,25.3385],[74.5851,25.3278],[74.591,25.3358],[74.5689,25.3486],[74.5669,25.3693],[74.5608,25.3719],[74.5486,25.3908],[74.5319,25.3767],[74.5256,25.359],[74.5049,25.3488],[74.4971,25.3389],[74.482,25.346],[74.4705,25.3459],[74.4586,25.3292],[74.4368,25.3318],[74.433,25.3256],[74.4373,25.3174],[74.4282,25.3113],[74.4208,25.3101],[74.4105,25.3158],[74.3904,25.3067],[74.3827,25.313],[74.3675,25.3076],[74.3598,25.326],[74.3769,25.3619],[74.3833,25.3991],[74.3772,25.4003],[74.3694,25.3944],[74.359,25.3521],[74.3354,25.3559],[74.3275,25.3671],[74.3421,25.406],[74.3185,25.4254],[74.3158,25.4503],[74.2576,25.4399],[74.2197,25.4595],[74.2204,25.485]]]}},{"type":"Feature","properties":{"ac_name":"BALI","ac_no":120,"ac_category":"GEN","st_name":"RAJASTHAN"},"geometry":{"type":"Polygon","coordinates":[[[73.2658,25.3453],[73.2608,25.3421],[73.2701,25.3088],[73.2685,25.2994],[73.263,25.2978],[73.2553,25.308],[73.249,25.3084],[73.251,25.2769],[73.2398,25.272],[73.2241,25.2795],[73.2231,25.2596],[73.211,25.2567],[73.1928,25.2355],[73.2036,25.2114],[73.1797,25.1998],[73.1927,25.1958],[73.1955,25.1886],[73.1863,25.1708],[73.1741,25.1681],[73.1644,25.1314],[73.182,25.0771],[73.1634,25.0671],[73.1312,25.0765],[73.1294,25.065],[73.1086,25.039],[73.0789,25.0268],[73.0536,25.0085],[73.0387,24.9721],[73.0269,24.9653],[73.013,24.9683],[72.9963,24.9617],[72.9943,24.9488],[72.9987,24.9383],[72.9922,24.9235],[73.0429,24.8867],[73.056,24.8865],[73.079,24.8609],[73.1051,24.8585],[73.1119,24.8457],[73.1265,24.8375],[73.1332,24.8467],[73.1483,24.8459],[73.1676,24.8228],[73.1715,24.7797],[73.1462,24.7482],[73.1595,24.7525],[73.1706,24.7634],[73.1828,24.7668],[73.2098,24.7848],[73.2339,24.7844],[73.2401,24.796],[73.2408,24.8243],[73.2697,24.8535],[73.2721,24.8742],[73.2809,24.8732],[73.2833,24.8779],[73.2924,24.8698],[73.3096,24.8859],[73.3087,24.8923],[73.3162,24.8962],[73.3195,24.9051],[73.3313,24.9058],[73.337,24.9317],[73.343,24.9357],[73.3471,24.9483],[73.3442,24.9512],[73.3503,24.9595],[73.3372,24.9647],[73.3305,24.9732],[73.3389,24.9856],[73.3471,24.9862],[73.344,25.0003],[73.3443,25.0107],[73.3547,25.0124],[73.3512,25.0186],[73.3721,25.0332],[73.3867,25.0542],[73.3895,25.0665],[73.4074,25.0808],[73.4101,25.088],[73.4556,25.0906],[73.4737,25.1038],[73.4877,25.1047],[73.4892,25.1162],[73.5007,25.118],[73.4971,25.1232],[73.5017,25.129],[73.5428,25.1569],[73.5474,25.1538],[73.5559,25.1668],[73.5636,25.1667],[73.5732,25.1865],[73.5901,25.1889],[73.5947,25.1932],[73.5938,25.2018],[73.6015,25.2058],[73.6095,25.2511],[73.6143,25.2504],[73.6217,25.2574],[73.61,25.2866],[73.6383,25.3136],[73.6424,25.3151],[73.6489,25.3076],[73.6466,25.3231],[73.6625,25.3328],[73.6668,25.3434],[73.6447,25.3626],[73.6321,25.3569],[73.5915,25.3711],[73.5612,25.3557],[73.5494,25.3694],[73.5408,25.3703],[73.5324,25.3649],[73.5254,25.3707],[73.5158,25.367],[73.5123,25.3708],[73.4914,25.3721],[73.4782,25.3819],[73.4815,25.3997],[73.4882,25.4036],[73.4931,25.4016],[73.4873,25.4229],[73.4685,25.4375],[73.4606,25.4521],[73.4518,25.4447],[73.4484,25.4228],[73.4278,25.4031],[73.4096,25.3943],[73.4002,25.4021],[73.3923,25.4006],[73.3901,25.3929],[73.3987,25.3857],[73.388,25.3584],[73.3537,25.3288],[73.3318,25.3351],[73.3039,25.3274],[73.2933,25.3284],[73.2658,25.3453]]]}},{"type":"Feature","properties":{"ac_name":"BUNDI","ac_no":186,"ac_category":"GEN","st_name":"RAJASTHAN"},"geometry":{"type":"Polygon","coordinates":[[[75.4024,25.2896],[75.41,25.2829],[75.4198,25.2835],[75.4387,25.2738],[75.4458,25.2613],[75.4445,25.2477],[75.4515,25.241],[75.445,25.2262],[75.4525,25.207],[75.4509,25.173],[75.4448,25.1615],[75.4474,25.1538],[75.4415,25.1409],[75.4144,25.125],[75.4025,25.1024],[75.4167,25.0942],[75.4201,25.0824],[75.4347,25.0747],[75.4369,25.06],[75.4452,25.059],[75.4424,25.0489],[75.4503,25.0486],[75.4462,25.0231],[75.491,25.0188],[75.4962,25.0228],[75.5182,25.016],[75.5284,25.0193],[75.5357,25.0142],[75.5555,25.0151],[75.5841,25.0239],[75.6104,25.0154],[75.6094,25.0078],[75.6165,24.9945],[75.627,25.0004],[75.6491,25.0286],[75.6767,25.0355],[75.6897,25.0531],[75.7155,25.0699],[75.7312,25.0978],[75.7426,25.1083],[75.7439,25.1182],[75.728,25.1174],[75.7111,25.1245],[75.7117,25.1317],[75.7333,25.1486],[75.7241,25.1757],[75.7544,25.194],[75.7681,25.2082],[75.7784,25.2283],[75.7822,25.2656],[75.7903,25.2669],[75.7985,25.2586],[75.8091,25.2573],[75.8165,25.245],[75.8027,25.242],[75.8039,25.2368],[75.8151,25.2307],[75.8305,25.2295],[75.8567,25.2347],[75.8663,25.2321],[75.8748,25.2408],[75.8898,25.2436],[75.8967,25.2485],[75.9064,25.2688],[75.8789,25.2918],[75.8811,25.3192],[75.8884,25.3363],[75.8862,25.3461],[75.8576,25.3719],[75.8446,25.3745],[75.8434,25.3895],[75.8503,25.399],[75.8591,25.4017],[75.8764,25.3904],[75.8819,25.3916],[75.8847,25.4033],[75.8917,25.4041],[75.893,25.4115],[75.9096,25.4042],[75.9254,25.4075],[75.9449,25.4311],[75.939,25.444],[75.9614,25.4659],[75.9359,25.4699],[75.918,25.4601],[75.9076,25.4601],[75.9024,25.4731],[75.8897,25.4814],[75.8917,25.4944],[75.8834,25.5148],[75.8646,25.5176],[75.8562,25.5345],[75.7998,25.5341],[75.8037,25.5226],[75.7993,25.5187],[75.7638,25.5229],[75.7589,25.5179],[75.7596,25.508],[75.7724,25.4996],[75.7783,25.4824],[75.7212,25.4611],[75.6784,25.4364],[75.6733,25.439],[75.6708,25.4567],[75.6425,25.4612],[75.6181,25.4504],[75.6025,25.4273],[75.5927,25.4214],[75.548,25.4212],[75.5136,25.4108],[75.4996,25.4109],[75.4852,25.3942],[75.4612,25.3778],[75.4333,25.3255],[75.4171,25.3138],[75.4024,25.2896]]]}},{"type":"Feature","properties":{"ac_name":"MANDALGARH","ac_no":183,"ac_category":"GEN","st_name":"RAJASTHAN"},"geometry":{"type":"Polygon","coordinates":[[[75.1117,25.448],[75.1236,25.4664],[75.1164,25.4958],[75.0886,25.4632],[75.0618,25.4534],[75.0503,25.4446],[75.0404,25.4442],[75.0323,25.4118],[75.0086,25.422],[75.0028,25.4199],[75.0063,25.4087],[74.9916,25.3977],[74.9729,25.4014],[74.961,25.3904],[74.9279,25.3984],[74.9189,25.371],[74.9197,25.3572],[74.9087,25.3398],[74.909,25.3329],[74.9273,25.3321],[74.9258,25.3239],[74.9177,25.309],[74.9044,25.3049],[74.9009,25.273],[74.8946,25.2578],[74.8892,25.2651],[74.8684,25.2653],[74.8636,25.2847],[74.8492,25.299],[74.8357,25.276],[74.8499,25.2772],[74.8544,25.2648],[74.828,25.2568],[74.8054,25.2664],[74.7981,25.2613],[74.8097,25.2522],[74.8066,25.2367],[74.7514,25.2169],[74.754,25.2153],[74.7782,25.2052],[74.7871,25.192],[74.7867,25.1775],[74.787,25.1738],[74.8,25.1687],[74.7955,25.1526],[74.8251,25.1505],[74.8383,25.1441],[74.8565,25.1684],[74.8441,25.1757],[74.8475,25.188],[74.8591,25.1825],[74.8571,25.1784],[74.8628,25.1737],[74.892,25.1857],[74.9096,25.1756],[74.8932,25.1418],[74.9178,25.1427],[74.9308,25.1233],[74.9407,25.1512],[74.9444,25.142],[74.9511,25.1454],[74.9614,25.1393],[74.9659,25.1176],[74.9741,25.1042],[74.9958,25.1142],[75.0043,25.1294],[75.0126,25.1291],[75.0208,25.1364],[75.0276,25.1364],[75.0304,25.1239],[75.0629,25.1145],[75.0799,25.1249],[75.1231,25.1243],[75.127,25.118],[75.1212,25.1088],[75.1255,25.1041],[75.1511,25.1052],[75.1863,25.092],[75.204,25.09],[75.189,25.0524],[75.1924,25.0335],[75.2052,25.0388],[75.2261,25.0337],[75.2504,25.0358],[75.2678,25.0422],[75.2861,25.0375],[75.3022,25.0417],[75.333,25.0414],[75.3497,25.0339],[75.3448,25.0293],[75.3513,25.019],[75.3511,25.0137],[75.3605,25.0139],[75.3957,25.0218],[75.4462,25.0231],[75.4503,25.0486],[75.4424,25.0489],[75.4452,25.059],[75.4369,25.06],[75.4347,25.0747],[75.4201,25.0824],[75.4167,25.0942],[75.4025,25.1024],[75.4144,25.125],[75.4415,25.1409],[75.4474,25.1538],[75.4448,25.1615],[75.4509,25.173],[75.4525,25.207],[75.445,25.2262],[75.4515,25.241],[75.4445,25.2477],[75.4458,25.2613],[75.4387,25.2738],[75.4198,25.2835],[75.41,25.2829],[75.4024,25.2896],[75.3649,25.3182],[75.3416,25.3231],[75.3348,25.3292],[75.3225,25.3611],[75.2968,25.3821],[75.2886,25.3738],[75.2589,25.3665],[75.1992,25.369],[75.1976,25.374],[75.2157,25.3833],[75.2237,25.3925],[75.2322,25.4153],[75.2108,25.4039],[75.2046,25.405],[75.1997,25.415],[75.1716,25.4103],[75.1499,25.4295],[75.1191,25.4283],[75.1117,25.448]]]}},{"type":"Feature","properties":{"ac_name":"KUMBHALGARH","ac_no":174,"ac_category":"GEN","st_name":"RAJASTHAN"},"geometry":{"type":"Polygon","coordinates":[[[73.6668,25.3434],[73.6625,25.3328],[73.6466,25.3231],[73.6489,25.3076],[73.6424,25.3151],[73.6383,25.3136],[73.61,25.2866],[73.6217,25.2574],[73.6143,25.2504],[73.6095,25.2511],[73.6015,25.2058],[73.5938,25.2018],[73.5947,25.1932],[73.5901,25.1889],[73.5732,25.1865],[73.5636,25.1667],[73.5559,25.1668],[73.5474,25.1538],[73.5428,25.1569],[73.5017,25.129],[73.4971,25.1232],[73.5007,25.118],[73.4892,25.1162],[73.4877,25.1047],[73.5048,25.0944],[73.5002,25.0872],[73.5054,25.0776],[73.4945,25.0525],[73.4728,25.0263],[73.4823,25.0175],[73.4801,25.0105],[73.4836,25.0085],[73.4915,25.007],[73.5062,25.023],[73.5318,25.0118],[73.5085,24.974],[73.525,24.9686],[73.534,24.9533],[73.536,24.9228],[73.5643,24.9331],[73.576,24.9571],[73.5979,24.9745],[73.6104,24.9776],[73.6184,24.9937],[73.6124,25.0043],[73.6301,25.0207],[73.6351,25.0327],[73.6655,25.0336],[73.6783,25.0252],[73.6924,25.0234],[73.6991,25.0283],[73.697,25.0386],[73.7074,25.0596],[73.7178,25.0568],[73.7228,25.025],[73.735,25.0304],[73.74,25.0497],[73.7208,25.0628],[73.7307,25.0801],[73.7227,25.0881],[73.7325,25.1111],[73.7504,25.124],[73.7331,25.1344],[73.7318,25.1409],[73.746,25.1508],[73.769,25.1413],[73.7748,25.128],[73.7795,25.1314],[73.7844,25.1399],[73.7846,25.1638],[73.7969,25.1765],[73.7892,25.1971],[73.796,25.2069],[73.8462,25.2063],[73.8518,25.2026],[73.8678,25.2134],[73.8731,25.211],[73.8727,25.2054],[73.8646,25.1714],[73.8727,25.159],[73.8876,25.1635],[73.9108,25.1555],[73.9513,25.178],[73.9652,25.1781],[73.9688,25.1517],[73.9636,25.1375],[73.9751,25.1226],[73.9911,25.1311],[74.0058,25.1625],[74.0218,25.1582],[74.0343,25.1474],[74.0579,25.1468],[74.0757,25.1792],[74.084,25.1768],[74.0906,25.1843],[74.101,25.1845],[74.1038,25.2028],[74.1242,25.2425],[74.1128,25.2468],[74.0931,25.2345],[74.0696,25.2431],[74.0598,25.2437],[74.0508,25.236],[74.0471,25.2379],[74.0427,25.258],[74.0288,25.2712],[74.0289,25.2849],[74.0356,25.29],[74.0368,25.302],[74.0225,25.3089],[74.024,25.3154],[74.0367,25.3125],[74.0448,25.3007],[74.0772,25.3005],[74.0845,25.3092],[74.0791,25.3106],[74.0849,25.3145],[74.0748,25.3262],[74.0681,25.3202],[74.0511,25.324],[74.0483,25.329],[74.0369,25.3308],[74.0275,25.3412],[74.0235,25.3522],[74.0265,25.3661],[74.0215,25.3753],[74.0138,25.3786],[74.0129,25.3885],[74.0247,25.3917],[74.0161,25.408],[74.0051,25.4117],[73.9979,25.4199],[73.9896,25.4176],[73.9848,25.407],[73.994,25.3966],[73.9832,25.3773],[73.9929,25.3545],[73.9806,25.3375],[73.9609,25.3339],[73.936,25.3382],[73.9443,25.3549],[73.9252,25.3429],[73.9138,25.3494],[73.9149,25.3603],[73.9383,25.3716],[73.9434,25.3782],[73.944,25.386],[73.9338,25.3962],[73.9143,25.3877],[73.9037,25.3537],[73.8905,25.3416],[73.8764,25.3467],[73.8644,25.3572],[73.8748,25.3676],[73.8988,25.3712],[73.9008,25.3961],[73.8891,25.3957],[73.882,25.3807],[73.8511,25.3991],[73.8478,25.3821],[73.8558,25.3652],[73.8362,25.3484],[73.8246,25.3519],[73.8138,25.3396],[73.7732,25.34],[73.7715,25.3712],[73.7342,25.3822],[73.725,25.3781],[73.7099,25.381],[73.6986,25.3598],[73.6668,25.3434]]]}},{"type":"Feature","properties":{"ac_name":"BHILWARA","ac_no":180,"ac_category":"GEN","st_name":"RAJASTHAN"},"geometry":{"type":"Polygon","coordinates":[[[74.7057,25.4065],[74.6904,25.407],[74.6726,25.3934],[74.6585,25.3718],[74.6406,25.3789],[74.6099,25.3723],[74.6105,25.3426],[74.591,25.3358],[74.5851,25.3278],[74.5594,25.3385],[74.5486,25.3354],[74.5373,25.3224],[74.5203,25.3231],[74.5045,25.299],[74.5207,25.2925],[74.5191,25.2758],[74.5327,25.2616],[74.5481,25.2638],[74.5692,25.2771],[74.5751,25.2959],[74.5838,25.303],[74.6583,25.3018],[74.6678,25.3066],[74.6778,25.326],[74.6824,25.359],[74.6897,25.3767],[74.7165,25.377],[74.7297,25.3874],[74.729,25.3981],[74.7057,25.4065]]]}},{"type":"Feature","properties":{"ac_name":"SIROHI","ac_no":146,"ac_category":"GEN","st_name":"RAJASTHAN"},"geometry":{"type":"Polygon","coordinates":[[[72.9091,25.2502],[72.8996,25.2522],[72.8914,25.2447],[72.8711,25.2497],[72.8513,25.2735],[72.8438,25.2729],[72.8287,25.2846],[72.8203,25.2798],[72.8118,25.2561],[72.8024,25.2558],[72.7799,25.2229],[72.7802,25.1884],[72.7682,25.1834],[72.7465,25.159],[72.739,25.1267],[72.7113,25.1073],[72.7038,25.0808],[72.6909,25.0756],[72.6884,25.0462],[72.6648,25.047],[72.6562,25.0388],[72.6564,25.0267],[72.6483,25.0239],[72.6486,25.0155],[72.6381,25.0157],[72.6342,25],[72.6218,24.9869],[72.6144,24.9854],[72.611,24.9744],[72.5859,24.9563],[72.5674,24.9349],[72.5265,24.9299],[72.5169,24.9351],[72.4961,24.9163],[72.497,24.9072],[72.4922,24.9066],[72.5002,24.8999],[72.5034,24.8805],[72.4791,24.8707],[72.4911,24.8482],[72.4976,24.8188],[72.4896,24.8141],[72.4883,24.8067],[72.4932,24.7648],[72.4901,24.758],[72.4775,24.7529],[72.5079,24.747],[72.523,24.7483],[72.5833,24.7296],[72.5971,24.7336],[72.609,24.7211],[72.6386,24.738],[72.6709,24.7372],[72.7032,24.7263],[72.7117,24.7078],[72.7275,24.696],[72.7548,24.6868],[72.786,24.6976],[72.7874,24.718],[72.8075,24.7463],[72.8114,24.7453],[72.8119,24.7274],[72.8196,24.7284],[72.8428,24.7798],[72.8555,24.7802],[72.8671,24.7626],[72.8963,24.7723],[72.9126,24.8094],[72.9158,24.833],[72.9288,24.8535],[72.9286,24.8947],[72.9361,24.9134],[72.9613,24.9264],[72.9922,24.9235],[72.9987,24.9383],[72.9943,24.9488],[72.9963,24.9617],[73.013,24.9683],[73.0269,24.9653],[73.0387,24.9721],[73.0536,25.0085],[73.0789,25.0268],[73.1086,25.039],[73.1294,25.065],[73.1312,25.0765],[73.13,25.0871],[73.1354,25.0981],[73.122,25.1143],[73.1176,25.1078],[73.1102,25.1102],[73.1039,25.1204],[73.0983,25.1208],[73.0534,25.1597],[73.0421,25.1617],[73.038,25.1426],[73.0481,25.1055],[73.0221,25.0892],[72.9966,25.1038],[72.9958,25.1461],[72.9854,25.1486],[72.9794,25.137],[72.9703,25.142],[72.95,25.1423],[72.9455,25.166],[72.9481,25.1773],[72.9425,25.1859],[72.9576,25.1819],[72.955,25.1895],[72.9587,25.1936],[72.9736,25.1936],[72.9759,25.2175],[72.9677,25.2255],[72.9549,25.2156],[72.9429,25.2183],[72.9362,25.2432],[72.9213,25.246],[72.9166,25.256],[72.9091,25.2502]]]}},{"type":"Feature","properties":{"ac_name":"ANTA","ac_no":193,"ac_category":"GEN","st_name":"RAJASTHAN"},"geometry":{"type":"Polygon","coordinates":[[[76.4989,25.4291],[76.4911,25.4294],[76.49,25.4151],[76.4854,25.4175],[76.4731,25.4102],[76.4416,25.4078],[76.4371,25.4028],[76.4378,25.3847],[76.4116,25.3842],[76.4036,25.3924],[76.3867,25.3932],[76.3778,25.3843],[76.3659,25.3952],[76.3545,25.392],[76.3435,25.3788],[76.3325,25.3845],[76.3227,25.3817],[76.3159,25.3489],[76.3028,25.3299],[76.3018,25.2935],[76.2872,25.27],[76.2852,25.2495],[76.2771,25.2435],[76.2481,25.2398],[76.2437,25.2289],[76.2477,25.2112],[76.2435,25.1964],[76.2481,25.1846],[76.2352,25.1829],[76.2338,25.1625],[76.2093,25.1565],[76.2018,25.1436],[76.2026,25.1311],[76.1974,25.1262],[76.2108,25.1088],[76.2256,25.0669],[76.2438,25.0404],[76.2607,25.0248],[76.2954,24.9647],[76.3146,24.9583],[76.3477,24.9879],[76.37,24.9814],[76.3907,24.9849],[76.394,24.9842],[76.3895,24.968],[76.3986,24.9661],[76.4046,24.9815],[76.4096,24.9797],[76.441,24.9568],[76.4477,24.9421],[76.4426,24.9394],[76.4442,24.9328],[76.4686,24.9327],[76.4845,24.9442],[76.4911,24.9625],[76.5025,24.9717],[76.5148,24.9934],[76.5479,24.9959],[76.5532,25.0194],[76.5469,25.0243],[76.5325,25.0258],[76.5429,25.0361],[76.5602,25.0379],[76.5631,25.0559],[76.5324,25.0588],[76.5352,25.0617],[76.5275,25.0769],[76.5191,25.0712],[76.5161,25.0758],[76.498,25.0764],[76.4885,25.0733],[76.4857,25.0625],[76.4733,25.0675],[76.4627,25.0631],[76.4642,25.0555],[76.4737,25.0544],[76.4751,25.0398],[76.4702,25.0275],[76.4552,25.0441],[76.4602,25.0529],[76.4459,25.0603],[76.4363,25.0735],[76.4203,25.0801],[76.4205,25.0893],[76.4102,25.0907],[76.4096,25.0634],[76.3846,25.0688],[76.3918,25.0769],[76.3923,25.0992],[76.4017,25.1249],[76.4516,25.1213],[76.4612,25.1293],[76.4538,25.1422],[76.4647,25.1421],[76.4826,25.1506],[76.4711,25.1606],[76.5036,25.157],[76.5056,25.1684],[76.5264,25.1673],[76.5283,25.1614],[76.5502,25.1534],[76.5566,25.1404],[76.573,25.1489],[76.6014,25.1514],[76.6126,25.1494],[76.6215,25.1389],[76.6321,25.1766],[76.6215,25.2179],[76.6151,25.2278],[76.5882,25.2381],[76.5743,25.2506],[76.5842,25.2829],[76.5768,25.3103],[76.5897,25.3878],[76.6143,25.3836],[76.6091,25.3905],[76.5983,25.3926],[76.5984,25.4048],[76.5865,25.4331],[76.5697,25.4393],[76.5749,25.4083],[76.5594,25.4193],[76.5351,25.4187],[76.5323,25.4245],[76.5202,25.4156],[76.5105,25.4196],[76.5089,25.4286],[76.4989,25.4291]]]}},{"type":"Feature","properties":{"ac_name":"KISHANGANJ","ac_no":194,"ac_category":"GEN","st_name":"RAJASTHAN"},"geometry":{"type":"Polygon","coordinates":[[[76.6492,25.3692],[76.6398,25.3835],[76.6235,25.3768],[76.6143,25.3836],[76.5897,25.3878],[76.5768,25.3103],[76.5842,25.2829],[76.5743,25.2506],[76.5882,25.2381],[76.6151,25.2278],[76.6215,25.2179],[76.6321,25.1766],[76.6215,25.1389],[76.6185,25.1052],[76.6308,25.0227],[76.6708,24.9546],[76.6823,24.9181],[76.7054,24.8935],[76.7232,24.8885],[76.8166,24.829],[76.8315,24.8375],[76.8928,24.8377],[76.9275,24.8472],[76.9493,24.8691],[76.9336,24.8744],[76.9329,24.8813],[76.9225,24.8801],[76.9125,24.8882],[76.922,24.9147],[76.9094,24.9209],[76.8902,24.9196],[76.8893,24.9338],[76.8624,24.9608],[76.8672,24.9903],[76.8568,25.0022],[76.8761,25.0067],[76.8762,25.0411],[76.9456,25.0465],[76.962,25.0561],[76.968,25.0507],[76.9746,25.0661],[76.9999,25.0747],[77.0241,25.0659],[77.0375,25.0686],[77.0428,25.0634],[77.0845,25.0542],[77.0956,25.0653],[77.1223,25.0666],[77.1335,25.0851],[77.1479,25.0952],[77.1493,25.086],[77.1668,25.0844],[77.1713,25.0975],[77.1684,25.1031],[77.1742,25.1117],[77.1842,25.108],[77.2036,25.1139],[77.237,25.1066],[77.2702,25.116],[77.2889,25.1059],[77.2983,25.0857],[77.3108,25.0799],[77.3406,25.0955],[77.3574,25.0934],[77.3753,25.1043],[77.3757,25.1104],[77.3941,25.1198],[77.4022,25.1091],[77.4063,25.1115],[77.4017,25.1211],[77.3901,25.1244],[77.3959,25.1372],[77.3929,25.1592],[77.4,25.1661],[77.4002,25.1838],[77.4218,25.1833],[77.4263,25.1878],[77.4183,25.198],[77.4115,25.2236],[77.3992,25.2262],[77.3821,25.2455],[77.3702,25.2459],[77.3661,25.2596],[77.3552,25.2636],[77.3624,25.2771],[77.3741,25.2747],[77.3809,25.2925],[77.3795,25.3115],[77.3689,25.3282],[77.3528,25.3204],[77.3422,25.3216],[77.3504,25.3298],[77.3616,25.3588],[77.3666,25.3601],[77.3592,25.3693],[77.3518,25.3695],[77.3501,25.3804],[77.3577,25.3986],[77.3669,25.4012],[77.3711,25.4084],[77.3612,25.4189],[77.3497,25.4159],[77.3314,25.4274],[77.3149,25.4315],[77.2926,25.4236],[77.267,25.3958],[77.251,25.3879],[77.2481,25.3803],[77.234,25.3783],[77.2279,25.3683],[77.2242,25.3352],[77.2291,25.3375],[77.2339,25.3337],[77.2257,25.3302],[77.2226,25.3191],[77.2151,25.32],[77.2196,25.3247],[77.2176,25.3292],[77.2054,25.3262],[77.2091,25.3062],[77.1792,25.3118],[77.1644,25.3083],[77.1441,25.3205],[77.1344,25.3209],[77.1247,25.3303],[77.0827,25.3358],[77.0689,25.318],[77.0561,25.3168],[77.0458,25.3215],[77.0315,25.2945],[76.9736,25.3002],[76.9606,25.2972],[76.9576,25.2841],[76.9302,25.2827],[76.9233,25.2852],[76.9293,25.3029],[76.9011,25.3236],[76.8816,25.324],[76.8532,25.3324],[76.84,25.3262],[76.8201,25.3263],[76.7768,25.3156],[76.7288,25.3289],[76.7004,25.3514],[76.6696,25.349],[76.6608,25.3648],[76.6562,25.3613],[76.6492,25.3692]]]}},{"type":"Feature","properties":{"ac_name":"SANGOD","ac_no":188,"ac_category":"GEN","st_name":"RAJASTHAN"},"geometry":{"type":"Polygon","coordinates":[[[76.1304,25.348],[76.108,25.331],[76.0845,25.352],[76.0661,25.3489],[76.0685,25.3341],[76.0612,25.3266],[76.0482,25.3208],[76.0401,25.3259],[76.0217,25.3135],[76.0202,25.3076],[76.0335,25.2796],[76.0242,25.2693],[76.0038,25.2613],[76.0091,25.2487],[76.027,25.2353],[76.0314,25.222],[76.0095,25.2077],[76.0036,25.1922],[76.0134,25.176],[76.0407,25.154],[76.0443,25.1304],[76.073,25.1016],[76.0748,25.0865],[76.0664,25.0829],[76.0747,25.0616],[76.0694,25.0464],[76.0941,24.9973],[76.0908,24.9836],[76.0798,24.9703],[76.0632,24.98],[76.0344,24.9794],[76.0352,24.9757],[76.0614,24.9691],[76.0702,24.9504],[76.0669,24.9469],[76.0401,24.9532],[76.0343,24.9426],[76.0506,24.9142],[76.0641,24.9073],[76.0649,24.9024],[76.061,24.8976],[76.0407,24.8925],[76.029,24.8818],[76.0213,24.8524],[76.0254,24.8169],[76.0304,24.8066],[76.0513,24.8102],[76.1016,24.7727],[76.1271,24.7462],[76.1129,24.7288],[76.1164,24.7206],[76.0997,24.7042],[76.1041,24.6999],[76.1033,24.6903],[76.1072,24.6835],[76.1267,24.6725],[76.1511,24.6443],[76.1794,24.6246],[76.1933,24.6221],[76.1816,24.6321],[76.179,24.6594],[76.1988,24.6855],[76.1934,24.6971],[76.1979,24.741],[76.2189,24.7798],[76.2269,24.8116],[76.2207,24.829],[76.2489,24.8273],[76.2531,24.827],[76.2512,24.8398],[76.2688,24.8421],[76.2652,24.8098],[76.2813,24.8067],[76.291,24.818],[76.2867,24.8341],[76.3049,24.8336],[76.3015,24.8364],[76.3043,24.8402],[76.313,24.8365],[76.3156,24.8478],[76.3274,24.8472],[76.3317,24.8635],[76.3594,24.8705],[76.3769,24.8602],[76.3772,24.8535],[76.3985,24.8347],[76.4052,24.8425],[76.4188,24.8389],[76.4183,24.8294],[76.4428,24.8308],[76.4406,24.7824],[76.4955,24.8257],[76.5415,24.806],[76.5558,24.8043],[76.5721,24.8171],[76.5744,24.8586],[76.5113,24.9018],[76.4861,24.8998],[76.4686,24.9327],[76.4442,24.9328],[76.4426,24.9394],[76.4477,24.9421],[76.441,24.9568],[76.4096,24.9797],[76.4046,24.9815],[76.3986,24.9661],[76.3895,24.968],[76.394,24.9842],[76.3907,24.9849],[76.37,24.9814],[76.3477,24.9879],[76.3146,24.9583],[76.2954,24.9647],[76.2607,25.0248],[76.2438,25.0404],[76.2256,25.0669],[76.2108,25.1088],[76.1974,25.1262],[76.2026,25.1311],[76.2018,25.1436],[76.2093,25.1565],[76.2338,25.1625],[76.2352,25.1829],[76.2481,25.1846],[76.2435,25.1964],[76.2477,25.2112],[76.2437,25.2289],[76.2481,25.2398],[76.2252,25.2431],[76.2248,25.2391],[76.2161,25.2404],[76.203,25.255],[76.2034,25.2609],[76.1847,25.2726],[76.1665,25.2611],[76.1565,25.2481],[76.1653,25.2438],[76.1638,25.2131],[76.1395,25.2184],[76.1321,25.2259],[76.1314,25.2431],[76.1199,25.2487],[76.125,25.2571],[76.1221,25.2755],[76.1292,25.2818],[76.1504,25.2862],[76.1394,25.2941],[76.1422,25.3166],[76.1379,25.3193],[76.1304,25.348]]]}},{"type":"Feature","properties":{"ac_name":"SANCHORE","ac_no":144,"ac_category":"GEN","st_name":"RAJASTHAN"},"geometry":{"type":"Polygon","coordinates":[[[71.8176,25.1204],[71.8033,25.1122],[71.8002,25.1038],[71.8052,25.0971],[71.791,25.0781],[71.8048,25.0688],[71.8015,25.0542],[71.7971,25.052],[71.7858,25.0654],[71.7757,25.0658],[71.7676,25.0741],[71.7381,25.0677],[71.7376,25.0602],[71.7281,25.0484],[71.727,25.026],[71.7136,25.0215],[71.6828,24.987],[71.6657,25.0002],[71.6521,25.0216],[71.6342,25.0341],[71.5914,25.025],[71.5671,25.0017],[71.557,24.9835],[71.5323,24.9721],[71.5253,24.9832],[71.5256,24.9991],[71.5144,25.0087],[71.5033,25.0088],[71.4902,25.0052],[71.4903,24.9919],[71.4837,24.9879],[71.475,24.9978],[71.4659,24.9968],[71.4363,24.9783],[71.4212,24.9766],[71.4139,24.9699],[71.3872,24.9748],[71.3789,24.9605],[71.3484,24.942],[71.3428,24.9435],[71.3395,24.9267],[71.3465,24.9117],[71.3291,24.8958],[71.3171,24.904],[71.3056,24.888],[71.3271,24.8683],[71.3277,24.8455],[71.3035,24.8221],[71.2889,24.8273],[71.2845,24.8252],[71.2866,24.8168],[71.2637,24.8052],[71.2545,24.7949],[71.2438,24.8012],[71.2573,24.7556],[71.2655,24.7459],[71.2411,24.7189],[71.2107,24.6959],[71.189,24.6473],[71.2875,24.616],[71.3042,24.6282],[71.3134,24.6478],[71.348,24.6608],[71.3586,24.6308],[71.3774,24.6256],[71.3828,24.6333],[71.3917,24.6311],[71.3978,24.6401],[71.4229,24.6476],[71.4275,24.6557],[71.4482,24.6681],[71.4614,24.666],[71.4778,24.6796],[71.5099,24.6799],[71.5289,24.6846],[71.5418,24.6756],[71.573,24.6833],[71.5898,24.667],[71.6076,24.6764],[71.6193,24.6673],[71.6242,24.6696],[71.6289,24.6598],[71.6388,24.6594],[71.6439,24.6438],[71.6554,24.6391],[71.7064,24.6612],[71.7356,24.6599],[71.7727,24.6757],[71.7915,24.6772],[71.803,24.6715],[71.8104,24.6559],[71.8024,24.6305],[71.8066,24.625],[71.8193,24.6199],[71.8319,24.6233],[71.8489,24.6113],[71.8522,24.6092],[71.8556,24.622],[71.8654,24.6306],[71.8573,24.6608],[71.8663,24.6756],[71.8665,24.6758],[71.8596,24.7139],[71.875,24.7239],[71.8707,24.7326],[71.8745,24.743],[71.8872,24.7525],[71.8759,24.7497],[71.8604,24.754],[71.8515,24.7749],[71.8795,24.7928],[71.9292,24.8476],[71.9416,24.8401],[71.9472,24.8418],[71.9758,24.8633],[71.9629,24.8733],[71.9581,24.8858],[71.976,24.9153],[71.9742,24.9337],[71.9649,24.9452],[71.9499,24.9822],[71.9306,24.9884],[71.916,25.0009],[71.9149,25.0146],[71.9216,25.0341],[71.9118,25.0424],[71.9113,25.0561],[71.9039,25.0681],[71.8921,25.076],[71.8813,25.0756],[71.8476,25.0586],[71.8239,25.0847],[71.8176,25.1204]]]}},{"type":"Feature","properties":{"ac_name":"RAJSAMAND","ac_no":175,"ac_category":"GEN","st_name":"RAJASTHAN"},"geometry":{"type":"Polygon","coordinates":[[[73.8727,25.2054],[73.8731,25.211],[73.8678,25.2134],[73.8518,25.2026],[73.8462,25.2063],[73.796,25.2069],[73.7892,25.1971],[73.7969,25.1765],[73.7846,25.1638],[73.7844,25.1399],[73.7795,25.1314],[73.7748,25.128],[73.769,25.1413],[73.746,25.1508],[73.7318,25.1409],[73.7331,25.1344],[73.7504,25.124],[73.7325,25.1111],[73.7227,25.0881],[73.7307,25.0801],[73.7208,25.0628],[73.74,25.0497],[73.735,25.0304],[73.78,24.9936],[73.7859,24.9682],[73.8012,24.969],[73.8146,24.9575],[73.8247,24.9264],[73.8298,24.9268],[73.8385,24.9409],[73.8663,24.9349],[73.8686,24.9392],[73.8621,24.9533],[73.869,24.9612],[73.8648,24.9682],[73.877,24.9802],[73.8946,24.9807],[73.9078,24.9746],[73.9277,24.9831],[73.9402,24.9722],[73.9605,24.969],[73.9606,24.9634],[73.9524,24.9562],[73.9589,24.9454],[73.9577,24.9255],[73.9624,24.92],[73.9717,24.9277],[73.9924,24.9214],[74.0023,24.9236],[74.007,24.9364],[73.9909,24.9504],[73.991,24.9607],[74.0052,24.975],[74.0223,24.9705],[74.017,24.9819],[73.9885,25.0026],[73.9853,25.0159],[74.0133,25.0217],[74.0317,25.0034],[74.0699,25.0003],[74.0863,24.9922],[74.0956,25.0172],[74.1215,25.0322],[74.1302,25.0134],[74.1386,25.0176],[74.1426,24.9384],[74.1313,24.8894],[74.1325,24.8831],[74.1432,24.8811],[74.1528,24.8982],[74.1574,24.8982],[74.1584,24.9148],[74.1709,24.9166],[74.179,24.9244],[74.1829,24.9413],[74.1945,24.9506],[74.1983,24.9636],[74.1962,24.9863],[74.2021,24.9835],[74.2213,24.9899],[74.2217,24.9946],[74.2362,24.9922],[74.2372,24.9952],[74.2614,24.982],[74.2687,24.9939],[74.2787,24.9922],[74.2912,25.0012],[74.3038,24.993],[74.3156,25.0112],[74.3122,25.0147],[74.3165,25.0252],[74.3206,25.0255],[74.3154,25.0354],[74.2949,25.0374],[74.2974,25.0445],[74.276,25.0626],[74.2687,25.0578],[74.26,25.0636],[74.2452,25.0704],[74.2282,25.0689],[74.2188,25.0574],[74.2255,25.0505],[74.212,25.0487],[74.2009,25.0552],[74.193,25.0542],[74.1881,25.0595],[74.1888,25.0881],[74.182,25.0898],[74.1846,25.0949],[74.1894,25.0938],[74.1894,25.0989],[74.1795,25.1024],[74.1798,25.1129],[74.1661,25.1266],[74.1544,25.123],[74.1471,25.1294],[74.132,25.1291],[74.1134,25.1403],[74.1103,25.1338],[74.0993,25.1368],[74.0932,25.1416],[74.0945,25.1505],[74.08,25.1504],[74.0635,25.1393],[74.0579,25.1468],[74.0343,25.1474],[74.0218,25.1582],[74.0058,25.1625],[73.9911,25.1311],[73.9751,25.1226],[73.9636,25.1375],[73.9688,25.1517],[73.9652,25.1781],[73.9513,25.178],[73.9108,25.1555],[73.8876,25.1635],[73.8727,25.159],[73.8646,25.1714],[73.8727,25.2054]]]}},{"type":"Feature","properties":{"ac_name":"LADPURA","ac_no":191,"ac_category":"GEN","st_name":"RAJASTHAN"},"geometry":{"type":"Polygon","coordinates":[[[75.9064,25.2688],[75.9205,25.2565],[75.9367,25.2533],[75.9349,25.2474],[75.907,25.237],[75.9076,25.2329],[75.9227,25.2325],[75.9224,25.228],[75.9293,25.2273],[75.9203,25.2136],[75.9083,25.2177],[75.9057,25.215],[75.9055,25.2075],[75.9151,25.2071],[75.9228,25.201],[75.902,25.1959],[75.8827,25.1983],[75.8688,25.1891],[75.868,25.1829],[75.8813,25.179],[75.8822,25.1668],[75.871,25.164],[75.8745,25.1452],[75.8678,25.1509],[75.8605,25.1479],[75.8508,25.1288],[75.82,25.1018],[75.8381,25.1008],[75.8421,25.0966],[75.8288,25.0767],[75.8333,25.0659],[75.8312,25.0552],[75.8226,25.0357],[75.8137,25.0382],[75.7786,24.9886],[75.8197,24.9895],[75.82,24.97],[75.8153,24.9596],[75.8286,24.9582],[75.832,24.9422],[75.8483,24.9503],[75.8596,24.9657],[75.8774,24.9568],[75.9007,24.9621],[75.9069,24.9509],[75.9137,24.9508],[75.9209,24.9527],[75.9315,24.9666],[75.9421,24.9624],[75.9405,24.9485],[75.9262,24.9528],[75.926,24.9351],[75.9461,24.9314],[75.9534,24.9214],[75.9661,24.9293],[76.0008,24.9294],[76.0151,24.9388],[76.0343,24.9426],[76.0401,24.9532],[76.0669,24.9469],[76.0702,24.9504],[76.0614,24.9691],[76.0352,24.9757],[76.0344,24.9794],[76.0632,24.98],[76.0798,24.9703],[76.0908,24.9836],[76.0941,24.9973],[76.0694,25.0464],[76.0747,25.0616],[76.0664,25.0829],[76.0748,25.0865],[76.073,25.1016],[76.0443,25.1304],[76.0407,25.154],[76.0134,25.176],[76.0036,25.1922],[76.0095,25.2077],[76.0314,25.222],[76.027,25.2353],[76.0091,25.2487],[76.0038,25.2613],[75.9958,25.2369],[75.9866,25.231],[75.9716,25.2524],[75.9496,25.2714],[75.9416,25.2863],[75.932,25.2861],[75.9064,25.2688]]]}},{"type":"Feature","properties":{"ac_name":"KOTA NORTH","ac_no":189,"ac_category":"GEN","st_name":"RAJASTHAN"},"geometry":{"type":"Polygon","coordinates":[[[75.9064,25.2688],[75.8967,25.2485],[75.8898,25.2436],[75.8748,25.2408],[75.8663,25.2321],[75.8567,25.2347],[75.8305,25.2295],[75.8151,25.2307],[75.8039,25.2368],[75.8027,25.242],[75.8165,25.245],[75.8091,25.2573],[75.7985,25.2586],[75.7903,25.2669],[75.7822,25.2656],[75.7784,25.2283],[75.7681,25.2082],[75.7544,25.194],[75.7731,25.1826],[75.7892,25.1815],[75.7911,25.1728],[75.7778,25.1566],[75.7548,25.1403],[75.7333,25.1486],[75.7117,25.1317],[75.7111,25.1245],[75.728,25.1174],[75.7439,25.1182],[75.7828,25.1435],[75.8187,25.1547],[75.8303,25.1632],[75.843,25.1835],[75.8688,25.1891],[75.8827,25.1983],[75.902,25.1959],[75.9228,25.201],[75.9151,25.2071],[75.9055,25.2075],[75.9057,25.215],[75.9083,25.2177],[75.9203,25.2136],[75.9293,25.2273],[75.9224,25.228],[75.9227,25.2325],[75.9076,25.2329],[75.907,25.237],[75.9349,25.2474],[75.9367,25.2533],[75.9205,25.2565],[75.9064,25.2688]]]}},{"type":"Feature","properties":{"ac_name":"KAPASAN","ac_no":167,"ac_category":"SC","st_name":"RAJASTHAN"},"geometry":{"type":"Polygon","coordinates":[[[74.4618,25.1662],[74.4494,25.1701],[74.4492,25.1775],[74.4312,25.1805],[74.4158,25.2028],[74.4095,25.1957],[74.4089,25.1848],[74.3986,25.1881],[74.4029,25.2003],[74.3977,25.2038],[74.3892,25.1924],[74.374,25.1919],[74.3738,25.1877],[74.3876,25.1781],[74.3787,25.1538],[74.366,25.1591],[74.3596,25.157],[74.3482,25.142],[74.3459,25.1211],[74.3252,25.1236],[74.2983,25.098],[74.284,25.1004],[74.2754,25.0665],[74.2628,25.0679],[74.26,25.0636],[74.2687,25.0578],[74.276,25.0626],[74.2974,25.0445],[74.2949,25.0374],[74.3154,25.0354],[74.3206,25.0255],[74.3165,25.0252],[74.3122,25.0147],[74.3156,25.0112],[74.3038,24.993],[74.2912,25.0012],[74.2787,24.9922],[74.2687,24.9939],[74.2614,24.982],[74.2372,24.9952],[74.2362,24.9922],[74.2217,24.9946],[74.2213,24.9899],[74.2021,24.9835],[74.1962,24.9863],[74.1983,24.9636],[74.1945,24.9506],[74.1829,24.9413],[74.179,24.9244],[74.1709,24.9166],[74.1584,24.9148],[74.1574,24.8982],[74.1528,24.8982],[74.1432,24.8811],[74.1374,24.8583],[74.1133,24.8642],[74.1058,24.8615],[74.1124,24.8503],[74.1165,24.8508],[74.1297,24.846],[74.1083,24.8062],[74.1138,24.7895],[74.106,24.7819],[74.1058,24.7733],[74.1099,24.7598],[74.1181,24.7547],[74.1153,24.7345],[74.1253,24.729],[74.1283,24.7321],[74.1349,24.7221],[74.1435,24.7211],[74.1487,24.7258],[74.1721,24.7079],[74.1729,24.6925],[74.1684,24.686],[74.1554,24.6847],[74.153,24.6677],[74.1558,24.6679],[74.1767,24.6667],[74.1823,24.6562],[74.1885,24.6643],[74.1987,24.6635],[74.2031,24.6547],[74.2223,24.6592],[74.2195,24.6639],[74.2366,24.6999],[74.2601,24.6885],[74.2686,24.6927],[74.2757,24.7062],[74.2744,24.7206],[74.281,24.726],[74.289,24.7212],[74.2985,24.6965],[74.3087,24.6975],[74.3175,24.7054],[74.3265,24.7006],[74.3217,24.6868],[74.3081,24.6733],[74.3169,24.6609],[74.3369,24.6579],[74.3597,24.6726],[74.3711,24.6748],[74.3806,24.668],[74.3858,24.6516],[74.3907,24.6531],[74.4046,24.6632],[74.404,24.6718],[74.418,24.6898],[74.4412,24.6894],[74.4564,24.7044],[74.4556,24.7133],[74.4671,24.7291],[74.4586,24.7398],[74.4569,24.753],[74.4615,24.7546],[74.4625,24.7704],[74.475,24.771],[74.4756,24.7818],[74.4898,24.7963],[74.5038,24.7967],[74.5094,24.8046],[74.497,24.8156],[74.5303,24.8239],[74.5228,24.8319],[74.5101,24.8277],[74.4881,24.831],[74.4853,24.8609],[74.471,24.862],[74.4597,24.8574],[74.4494,24.8637],[74.4585,24.9106],[74.4675,24.9146],[74.4841,24.9109],[74.4967,24.9143],[74.4828,24.9333],[74.4779,24.9482],[74.4795,24.9592],[74.496,24.9627],[74.4908,24.9829],[74.4935,25.0035],[74.4789,25.0142],[74.4729,25.0253],[74.4816,25.0486],[74.4801,25.0701],[74.4963,25.0747],[74.5076,25.0868],[74.5105,25.0966],[74.5255,25.1125],[74.5374,25.1467],[74.5495,25.1555],[74.5438,25.1677],[74.5545,25.1772],[74.5094,25.1827],[74.5105,25.2025],[74.4992,25.2049],[74.4914,25.2017],[74.4618,25.1662]]]}},{"type":"Feature","properties":{"ac_name":"RANIWARA","ac_no":145,"ac_category":"GEN","st_name":"RAJASTHAN"},"geometry":{"type":"Polygon","coordinates":[[[72.497,24.9072],[72.4717,24.9252],[72.4538,24.9317],[72.4433,24.9466],[72.4616,24.9621],[72.4762,24.9853],[72.4635,25.0031],[72.4541,25.0051],[72.4338,25.0254],[72.426,25.0204],[72.413,25.0285],[72.4065,25.0139],[72.3773,25.0208],[72.3625,25.0029],[72.3267,25.0381],[72.2969,25.0206],[72.3191,24.9975],[72.3155,24.974],[72.3327,24.9617],[72.3237,24.9497],[72.3143,24.9462],[72.3107,24.919],[72.3256,24.9147],[72.3224,24.8999],[72.3102,24.8881],[72.3002,24.9003],[72.2697,24.9156],[72.2443,24.9466],[72.1904,24.9541],[72.1653,24.9669],[72.0913,24.9394],[72.0448,24.938],[72.0304,24.9414],[72.0105,24.9377],[71.989,24.9487],[71.9649,24.9452],[71.9742,24.9337],[71.976,24.9153],[71.9581,24.8858],[71.9629,24.8733],[71.9758,24.8633],[71.9472,24.8418],[71.9416,24.8401],[71.9292,24.8476],[71.8795,24.7928],[71.8515,24.7749],[71.8604,24.754],[71.8759,24.7497],[71.8872,24.7525],[71.8745,24.743],[71.8707,24.7326],[71.875,24.7239],[71.8596,24.7139],[71.8665,24.6758],[71.8671,24.6764],[71.8766,24.6815],[71.8882,24.672],[71.9028,24.6772],[71.9145,24.6745],[71.9202,24.6708],[71.9203,24.664],[71.9117,24.6585],[71.9155,24.6494],[71.9255,24.6359],[71.9399,24.6337],[71.9462,24.641],[71.9643,24.6457],[71.9774,24.6568],[71.9883,24.6574],[71.9828,24.6729],[71.9839,24.6858],[71.9938,24.6949],[72.0012,24.6948],[72.0015,24.6882],[72.0127,24.6905],[72.0581,24.7123],[72.085,24.7063],[72.0927,24.6817],[72.0862,24.6786],[72.0898,24.6586],[72.1087,24.6465],[72.1148,24.6482],[72.1245,24.6385],[72.1502,24.6435],[72.1604,24.6349],[72.1648,24.621],[72.1919,24.6199],[72.1967,24.6145],[72.1947,24.6228],[72.2167,24.6267],[72.2317,24.6405],[72.2546,24.6249],[72.2718,24.6373],[72.2744,24.6278],[72.2892,24.6196],[72.2975,24.6246],[72.3049,24.6175],[72.3202,24.6176],[72.3351,24.6329],[72.3303,24.6414],[72.316,24.6504],[72.312,24.6646],[72.3119,24.6743],[72.3299,24.7114],[72.344,24.7232],[72.3732,24.7652],[72.3906,24.7675],[72.4002,24.7753],[72.4129,24.757],[72.4402,24.7549],[72.4474,24.7598],[72.4775,24.7529],[72.4901,24.758],[72.4932,24.7648],[72.4883,24.8067],[72.4896,24.8141],[72.4976,24.8188],[72.4911,24.8482],[72.4791,24.8707],[72.5034,24.8805],[72.5002,24.8999],[72.4922,24.9066],[72.497,24.9072]]]}},{"type":"Feature","properties":{"ac_name":"GOGUNDA","ac_no":149,"ac_category":"ST","st_name":"RAJASTHAN"},"geometry":{"type":"Polygon","coordinates":[[[73.344,25.0003],[73.3471,24.9862],[73.3389,24.9856],[73.3305,24.9732],[73.3372,24.9647],[73.3503,24.9595],[73.3442,24.9512],[73.3471,24.9483],[73.343,24.9357],[73.337,24.9317],[73.3313,24.9058],[73.3195,24.9051],[73.3162,24.8962],[73.3087,24.8923],[73.3096,24.8859],[73.2924,24.8698],[73.2833,24.8779],[73.2809,24.8732],[73.2721,24.8742],[73.2697,24.8535],[73.2408,24.8243],[73.2401,24.796],[73.2339,24.7844],[73.2098,24.7848],[73.1828,24.7668],[73.1706,24.7634],[73.1595,24.7525],[73.1462,24.7482],[73.1492,24.7196],[73.1921,24.7158],[73.1842,24.7064],[73.2031,24.6887],[73.2017,24.6723],[73.2133,24.66],[73.2176,24.6403],[73.1943,24.6211],[73.2183,24.6058],[73.2308,24.6103],[73.2428,24.6404],[73.2486,24.6409],[73.271,24.6383],[73.2892,24.6127],[73.298,24.6141],[73.298,24.6072],[73.3112,24.619],[73.3456,24.593],[73.3604,24.591],[73.3672,24.5828],[73.3937,24.5743],[73.4009,24.5756],[73.4117,24.5894],[73.4473,24.5717],[73.4787,24.5691],[73.4843,24.5706],[73.495,24.59],[73.5162,24.5934],[73.522,24.5994],[73.5477,24.5953],[73.5518,24.6125],[73.5656,24.6119],[73.5723,24.6184],[73.5681,24.6698],[73.5736,24.6746],[73.592,24.6768],[73.6028,24.7013],[73.6214,24.6993],[73.6232,24.6726],[73.6349,24.6889],[73.6629,24.6857],[73.6699,24.7045],[73.6876,24.6998],[73.6888,24.693],[73.698,24.7086],[73.6953,24.7331],[73.7153,24.7523],[73.7204,24.752],[73.7213,24.7733],[73.7021,24.7893],[73.6905,24.7901],[73.6109,24.7749],[73.5943,24.7916],[73.5633,24.913],[73.544,24.9109],[73.536,24.9228],[73.534,24.9533],[73.525,24.9686],[73.5085,24.974],[73.5318,25.0118],[73.5062,25.023],[73.4915,25.007],[73.4836,25.0085],[73.4801,25.0105],[73.4823,25.0175],[73.4728,25.0263],[73.4945,25.0525],[73.5054,25.0776],[73.5002,25.0872],[73.5048,25.0944],[73.4877,25.1047],[73.4737,25.1038],[73.4556,25.0906],[73.4101,25.088],[73.4074,25.0808],[73.3895,25.0665],[73.3867,25.0542],[73.3721,25.0332],[73.3512,25.0186],[73.3547,25.0124],[73.3443,25.0107],[73.344,25.0003]]]}},{"type":"Feature","properties":{"ac_name":"KOTA SOUTH","ac_no":190,"ac_category":"GEN","st_name":"RAJASTHAN"},"geometry":{"type":"Polygon","coordinates":[[[75.8187,25.1547],[75.8498,25.1586],[75.8554,25.1677],[75.8652,25.1603],[75.8678,25.1509],[75.8745,25.1452],[75.871,25.164],[75.8822,25.1668],[75.8813,25.179],[75.868,25.1829],[75.8688,25.1891],[75.843,25.1835],[75.8303,25.1632],[75.8187,25.1547]]]}},{"type":"Feature","properties":{"ac_name":"RAMGANJ MANDI","ac_no":192,"ac_category":"SC","st_name":"RAJASTHAN"},"geometry":{"type":"GeometryCollection","geometries":[{"type":"Polygon","coordinates":[[[75.8652,25.1603,0],[75.8678,25.1509,0],[75.8605,25.1479,0],[75.8508,25.1288,0],[75.82,25.1018,0],[75.8381,25.1008,0],[75.8421,25.0966,0],[75.8288,25.0767,0],[75.8333,25.0659,0],[75.8312,25.0552,0],[75.8226,25.0357,0],[75.8137,25.0382,0],[75.7786,24.9886,0],[75.8197,24.9895,0],[75.82,24.97,0],[75.8153,24.9596,0],[75.8286,24.9582,0],[75.832,24.9422,0],[75.8483,24.9503,0],[75.8596,24.9657,0],[75.8774,24.9568,0],[75.9007,24.9621,0],[75.9069,24.9509,0],[75.9137,24.9508,0],[75.9209,24.9527,0],[75.9315,24.9666,0],[75.9421,24.9624,0],[75.9405,24.9485,0],[75.9262,24.9528,0],[75.926,24.9351,0],[75.9461,24.9314,0],[75.9534,24.9214,0],[75.9661,24.9293,0],[76.0008,24.9294,0],[76.0151,24.9388,0],[76.0343,24.9426,0],[76.0506,24.9142,0],[76.0641,24.9073,0],[76.0649,24.9024,0],[76.061,24.8976,0],[76.0407,24.8925,0],[76.029,24.8818,0],[76.0213,24.8524,0],[76.0254,24.8169,0],[76.0304,24.8066,0],[76.0513,24.8102,0],[76.1016,24.7727,0],[76.1271,24.7462,0],[76.1129,24.7288,0],[76.1164,24.7206,0],[76.0997,24.7042,0],[76.1041,24.6999,0],[76.1033,24.6903,0],[76.0621,24.6695,0],[76.0626,24.6465,0],[76.055,24.6341,0],[76.0552,24.6189,0],[76.0749,24.575,0],[76.0574,24.5636,0],[76.0454,24.5704,0],[76.0427,24.5622,0],[76.0342,24.562,0],[76.027,24.5506,0],[76.0122,24.557,0],[76.0041,24.5547,0],[75.9919,24.5599,0],[75.9868,24.556,0],[75.961,24.5629,0],[75.9531,24.5429,0],[75.9356,24.552,0],[75.9206,24.5485,0],[75.9178,24.5396,0],[75.9035,24.5478,0],[75.9059,24.5618,0],[75.9125,24.5618,0],[75.9148,24.5725,0],[75.8789,24.5828,0],[75.8726,24.5901,0],[75.8712,24.607,0],[75.8485,24.6106,0],[75.8415,24.6058,0],[75.8376,24.5949,0],[75.8329,24.5955,0],[75.8365,24.6058,0],[75.8312,24.6049,0],[75.8236,24.6134,0],[75.8274,24.6201,0],[75.8431,24.6241,0],[75.8469,24.632,0],[75.841,24.6338,0],[75.8407,24.6384,0],[75.848,24.6489,0],[75.8467,24.6637,0],[75.8378,24.6686,0],[75.8257,24.6678,0],[75.8331,24.687,0],[75.8368,24.7256,0],[75.8026,24.7562,0],[75.7848,24.7617,0],[75.8008,24.79,0],[75.8037,24.8181,0],[75.8095,24.8237,0],[75.8155,24.8634,0],[75.812,24.8703,0],[75.7659,24.8771,0],[75.749,24.8854,0],[75.6913,24.9287,0],[75.6739,24.937,0],[75.6509,24.9635,0],[75.6482,24.9771,0],[75.6188,24.9886,0],[75.6165,24.9945,0],[75.627,25.0004,0],[75.6491,25.0286,0],[75.6767,25.0355,0],[75.6897,25.0531,0],[75.7155,25.0699,0],[75.7312,25.0978,0],[75.7426,25.1083,0],[75.7439,25.1182,0],[75.7828,25.1435,0],[75.8187,25.1547,0],[75.8498,25.1586,0],[75.8554,25.1677,0],[75.8652,25.1603,0]]]},{"type":"Polygon","coordinates":[[[75.7544,25.194,0],[75.7731,25.1826,0],[75.7892,25.1815,0],[75.7911,25.1728,0],[75.7778,25.1566,0],[75.7548,25.1403,0],[75.7333,25.1486,0],[75.7241,25.1757,0],[75.7544,25.194,0]]]}]}},{"type":"Feature","properties":{"ac_name":"NATHDWARA","ac_no":176,"ac_category":"GEN","st_name":"RAJASTHAN"},"geometry":{"type":"Polygon","coordinates":[[[73.7228,25.025],[73.7178,25.0568],[73.7074,25.0596],[73.697,25.0386],[73.6991,25.0283],[73.6924,25.0234],[73.6783,25.0252],[73.6655,25.0336],[73.6351,25.0327],[73.6301,25.0207],[73.6124,25.0043],[73.6184,24.9937],[73.6104,24.9776],[73.5979,24.9745],[73.576,24.9571],[73.5643,24.9331],[73.536,24.9228],[73.544,24.9109],[73.5633,24.913],[73.5943,24.7916],[73.6109,24.7749],[73.6905,24.7901],[73.7021,24.7893],[73.7213,24.7733],[73.7557,24.7389],[73.7828,24.7354],[73.7905,24.7435],[73.8092,24.7494],[73.8005,24.7532],[73.7906,24.7463],[73.7792,24.7561],[73.7841,24.7727],[73.7761,24.7798],[73.7831,24.7863],[73.7859,24.803],[73.7925,24.8048],[73.808,24.799],[73.8118,24.8028],[73.803,24.8168],[73.8217,24.8231],[73.8232,24.8408],[73.8124,24.8467],[73.8093,24.8584],[73.7973,24.8646],[73.8248,24.8927],[73.8361,24.8956],[73.8394,24.9072],[73.8754,24.8929],[73.897,24.8754],[73.906,24.8783],[73.9135,24.8921],[73.9222,24.8886],[73.9258,24.8814],[73.9392,24.8472],[73.9522,24.8461],[74.001,24.8925],[74.0175,24.8721],[74.0292,24.8429],[74.0447,24.8331],[74.1165,24.8508],[74.1124,24.8503],[74.1058,24.8615],[74.1133,24.8642],[74.1374,24.8583],[74.1432,24.8811],[74.1325,24.8831],[74.1313,24.8894],[74.1426,24.9384],[74.1386,25.0176],[74.1302,25.0134],[74.1215,25.0322],[74.0956,25.0172],[74.0863,24.9922],[74.0699,25.0003],[74.0317,25.0034],[74.0133,25.0217],[73.9853,25.0159],[73.9885,25.0026],[74.017,24.9819],[74.0223,24.9705],[74.0052,24.975],[73.991,24.9607],[73.9909,24.9504],[74.007,24.9364],[74.0023,24.9236],[73.9924,24.9214],[73.9717,24.9277],[73.9624,24.92],[73.9577,24.9255],[73.9589,24.9454],[73.9524,24.9562],[73.9606,24.9634],[73.9605,24.969],[73.9402,24.9722],[73.9277,24.9831],[73.9078,24.9746],[73.8946,24.9807],[73.877,24.9802],[73.8648,24.9682],[73.869,24.9612],[73.8621,24.9533],[73.8686,24.9392],[73.8663,24.9349],[73.8385,24.9409],[73.8298,24.9268],[73.8247,24.9264],[73.8146,24.9575],[73.8012,24.969],[73.7859,24.9682],[73.78,24.9936],[73.735,25.0304],[73.7228,25.025]]]}},{"type":"Feature","properties":{"ac_name":"BARAN?ATRU","ac_no":195,"ac_category":"SC","st_name":"RAJASTHAN"},"geometry":{"type":"Polygon","coordinates":[[[76.6215,25.1389],[76.6126,25.1494],[76.6014,25.1514],[76.573,25.1489],[76.5566,25.1404],[76.5502,25.1534],[76.5283,25.1614],[76.5264,25.1673],[76.5056,25.1684],[76.5036,25.157],[76.4711,25.1606],[76.4826,25.1506],[76.4647,25.1421],[76.4538,25.1422],[76.4612,25.1293],[76.4516,25.1213],[76.4017,25.1249],[76.3923,25.0992],[76.3918,25.0769],[76.3846,25.0688],[76.4096,25.0634],[76.4102,25.0907],[76.4205,25.0893],[76.4203,25.0801],[76.4363,25.0735],[76.4459,25.0603],[76.4602,25.0529],[76.4552,25.0441],[76.4702,25.0275],[76.4751,25.0398],[76.4737,25.0544],[76.4642,25.0555],[76.4627,25.0631],[76.4733,25.0675],[76.4857,25.0625],[76.4885,25.0733],[76.498,25.0764],[76.5161,25.0758],[76.5191,25.0712],[76.5275,25.0769],[76.5352,25.0617],[76.5324,25.0588],[76.5631,25.0559],[76.5602,25.0379],[76.5429,25.0361],[76.5325,25.0258],[76.5469,25.0243],[76.5532,25.0194],[76.5479,24.9959],[76.5148,24.9934],[76.5025,24.9717],[76.4911,24.9625],[76.4845,24.9442],[76.4686,24.9327],[76.4861,24.8998],[76.5113,24.9018],[76.5744,24.8586],[76.5721,24.8171],[76.5558,24.8043],[76.5415,24.806],[76.4955,24.8257],[76.4406,24.7824],[76.4451,24.745],[76.4569,24.7282],[76.4595,24.707],[76.4708,24.6842],[76.4764,24.659],[76.4845,24.6586],[76.4891,24.6492],[76.5288,24.66],[76.5177,24.6172],[76.5209,24.603],[76.5221,24.6002],[76.5563,24.6617],[76.5773,24.6841],[76.59,24.6847],[76.6136,24.6736],[76.6429,24.6692],[76.6764,24.6802],[76.6967,24.7],[76.7014,24.6998],[76.7031,24.6871],[76.7104,24.6853],[76.724,24.6893],[76.7422,24.7101],[76.7529,24.7103],[76.7587,24.7027],[76.7638,24.705],[76.77,24.7422],[76.7658,24.7845],[76.7342,24.8557],[76.7057,24.886],[76.7054,24.8935],[76.6823,24.9181],[76.6708,24.9546],[76.6308,25.0227],[76.6185,25.1052],[76.6215,25.1389]]]}},{"type":"Feature","properties":{"ac_name":"CHITTORGARH","ac_no":169,"ac_category":"GEN","st_name":"RAJASTHAN"},"geometry":{"type":"Polygon","coordinates":[[[74.8409,24.967],[74.8266,24.9937],[74.8272,25.0359],[74.8171,25.0452],[74.803,25.0493],[74.7958,25.0705],[74.7711,25.0908],[74.7336,25.0618],[74.7061,25.029],[74.7003,25.0155],[74.7024,24.9889],[74.6924,24.9854],[74.6855,24.9903],[74.6609,24.9862],[74.6559,24.9819],[74.6523,24.963],[74.6671,24.9605],[74.6679,24.9571],[74.6621,24.9459],[74.634,24.9252],[74.63,24.9328],[74.6204,24.9271],[74.6155,24.9308],[74.6161,24.9466],[74.627,24.9672],[74.6214,24.9764],[74.6095,24.9834],[74.6007,24.9836],[74.5709,24.9624],[74.5456,24.965],[74.5281,24.9725],[74.5214,24.9594],[74.496,24.9627],[74.4795,24.9592],[74.4779,24.9482],[74.4828,24.9333],[74.4967,24.9143],[74.4841,24.9109],[74.4675,24.9146],[74.4585,24.9106],[74.4494,24.8637],[74.4597,24.8574],[74.471,24.862],[74.4853,24.8609],[74.4881,24.831],[74.5101,24.8277],[74.5228,24.8319],[74.5303,24.8239],[74.497,24.8156],[74.5094,24.8046],[74.5038,24.7967],[74.4898,24.7963],[74.4756,24.7818],[74.475,24.771],[74.4625,24.7704],[74.4615,24.7546],[74.4569,24.753],[74.4586,24.7398],[74.4827,24.7546],[74.4812,24.7475],[74.4886,24.7478],[74.49,24.7412],[74.4985,24.7428],[74.5044,24.7339],[74.5292,24.7345],[74.5401,24.7227],[74.5496,24.7499],[74.5811,24.7362],[74.5879,24.7251],[74.6107,24.7161],[74.6208,24.7182],[74.6257,24.7271],[74.6178,24.7393],[74.6346,24.7747],[74.6541,24.7684],[74.6777,24.7762],[74.6988,24.764],[74.7342,24.7706],[74.7447,24.7616],[74.7803,24.7458],[74.7804,24.7304],[74.784,24.7272],[74.8049,24.7348],[74.7989,24.7705],[74.7998,24.7791],[74.8087,24.7807],[74.8088,24.7802],[74.838,24.7972],[74.838,24.7973],[74.8611,24.8049],[74.8584,24.8409],[74.8507,24.8505],[74.8407,24.885],[74.8313,24.8863],[74.8256,24.8996],[74.8265,24.9335],[74.8338,24.9436],[74.8334,24.9597],[74.8409,24.967]]]}},{"type":"Feature","properties":{"ac_name":"PINDWARA ABU","ac_no":147,"ac_category":"ST","st_name":"RAJASTHAN"},"geometry":{"type":"Polygon","coordinates":[[[72.973,24.4241],[72.973,24.4242],[72.9813,24.4362],[72.9742,24.4407],[72.975,24.4493],[72.9682,24.4513],[72.9918,24.4783],[73.0021,24.4828],[73.0134,24.491],[73.0216,24.5188],[73.0496,24.5418],[73.048,24.5521],[73.0558,24.5535],[73.0703,24.5845],[73.0885,24.6065],[73.0883,24.6323],[73.1055,24.6444],[73.1088,24.6569],[73.1139,24.6569],[73.1238,24.6678],[73.1345,24.6685],[73.1424,24.6795],[73.1384,24.6835],[73.1457,24.6894],[73.1492,24.7196],[73.1462,24.7482],[73.1715,24.7797],[73.1676,24.8228],[73.1483,24.8459],[73.1332,24.8467],[73.1265,24.8375],[73.1119,24.8457],[73.1051,24.8585],[73.079,24.8609],[73.056,24.8865],[73.0429,24.8867],[72.9922,24.9235],[72.9613,24.9264],[72.9361,24.9134],[72.9286,24.8947],[72.9288,24.8535],[72.9158,24.833],[72.9126,24.8094],[72.8963,24.7723],[72.8671,24.7626],[72.8555,24.7802],[72.8428,24.7798],[72.8196,24.7284],[72.8119,24.7274],[72.8114,24.7453],[72.8075,24.7463],[72.7874,24.718],[72.786,24.6976],[72.7548,24.6868],[72.7148,24.6283],[72.6932,24.6256],[72.6707,24.6024],[72.6242,24.5459],[72.6073,24.5122],[72.6333,24.5117],[72.6458,24.5192],[72.6807,24.5554],[72.7207,24.5594],[72.7499,24.5682],[72.7748,24.5671],[72.7766,24.5363],[72.7859,24.5179],[72.8024,24.5177],[72.8113,24.5251],[72.8233,24.4982],[72.8383,24.484],[72.8106,24.4597],[72.8129,24.4541],[72.8269,24.4501],[72.8291,24.4271],[72.8778,24.4177],[72.9172,24.4201],[72.9468,24.444],[72.9662,24.4365],[72.973,24.4241]]]}},{"type":"Feature","properties":{"ac_name":"BEGUN","ac_no":168,"ac_category":"GEN","st_name":"RAJASTHAN"},"geometry":{"type":"GeometryCollection","geometries":[{"type":"Polygon","coordinates":[[[75.3957,25.0218,0],[75.4462,25.0231,0],[75.491,25.0188,0],[75.4962,25.0228,0],[75.5182,25.016,0],[75.5284,25.0193,0],[75.5357,25.0142,0],[75.5555,25.0151,0],[75.5841,25.0239,0],[75.6104,25.0154,0],[75.6094,25.0078,0],[75.6165,24.9945,0],[75.6188,24.9886,0],[75.6482,24.9771,0],[75.6509,24.9635,0],[75.6739,24.937,0],[75.6913,24.9287,0],[75.749,24.8854,0],[75.7659,24.8771,0],[75.812,24.8703,0],[75.8155,24.8634,0],[75.8095,24.8237,0],[75.8037,24.8181,0],[75.8008,24.79,0],[75.7848,24.7617,0],[75.7698,24.7584,0],[75.757,24.7615,0],[75.7401,24.755,0],[75.6833,24.7241,0],[75.6463,24.6851,0],[75.6113,24.6808,0],[75.5828,24.7131,0],[75.5754,24.7124,0],[75.5754,24.7077,0],[75.5484,24.7034,0],[75.534,24.712,0],[75.508,24.7005,0],[75.4894,24.6866,0],[75.4575,24.6804,0],[75.3715,24.6921,0],[75.3705,24.6922,0],[75.3486,24.7007,0],[75.2833,24.709,0],[75.2653,24.7174,0],[75.2419,24.7133,0],[75.2281,24.7173,0],[75.2198,24.7029,0],[75.2194,24.7028,0],[75.1977,24.7427,0],[75.1878,24.7435,0],[75.1843,24.7486,0],[75.1902,24.7533,0],[75.1929,24.7733,0],[75.2049,24.7694,0],[75.2077,24.771,0],[75.2018,24.7717,0],[75.2072,24.7804,0],[75.2047,24.7852,0],[75.2073,24.7922,0],[75.2131,24.8001,0],[75.2185,24.8049,0],[75.2445,24.8048,0],[75.2526,24.8134,0],[75.2541,24.8237,0],[75.2484,24.8302,0],[75.2253,24.8339,0],[75.2243,24.8436,0],[75.2088,24.8544,0],[75.2083,24.8609,0],[75.2007,24.8677,0],[75.208,24.8942,0],[75.2208,24.887,0],[75.2217,24.8739,0],[75.2397,24.8869,0],[75.2513,24.881,0],[75.247,24.8623,0],[75.2246,24.8437,0],[75.2506,24.8455,0],[75.2765,24.8409,0],[75.2901,24.8336,0],[75.298,24.8069,0],[75.3063,24.8014,0],[75.3165,24.8035,0],[75.3293,24.8194,0],[75.3465,24.822,0],[75.4044,24.8453,0],[75.4184,24.8539,0],[75.4256,24.8686,0],[75.4256,24.8843,0],[75.4149,24.8858,0],[75.3736,24.8677,0],[75.3507,24.8734,0],[75.323,24.8734,0],[75.3181,24.8603,0],[75.3085,24.856,0],[75.2948,24.8575,0],[75.2902,24.8661,0],[75.2742,24.8746,0],[75.2631,24.8752,0],[75.2677,24.8998,0],[75.2725,24.904,0],[75.2774,24.8993,0],[75.2851,24.9082,0],[75.2941,24.9078,0],[75.2877,24.9235,0],[75.2775,24.9248,0],[75.2792,24.9342,0],[75.2727,24.9358,0],[75.2666,24.9486,0],[75.2774,24.9648,0],[75.285,24.9647,0],[75.2819,24.9533,0],[75.2884,24.9515,0],[75.2901,24.9375,0],[75.3048,24.9286,0],[75.3008,24.9233,0],[75.3085,24.9163,0],[75.3143,24.8858,0],[75.337,24.9551,0],[75.3315,24.9577,0],[75.3275,24.9707,0],[75.3137,24.9795,0],[75.3116,24.9949,0],[75.3215,25.0105,0],[75.338,25.0185,0],[75.3513,25.019,0],[75.3511,25.0137,0],[75.3605,25.0139,0],[75.3957,25.0218,0]]]},{"type":"Polygon","coordinates":[[[74.7867,25.1775,0],[74.787,25.1738,0],[74.8,25.1687,0],[74.7955,25.1526,0],[74.8251,25.1505,0],[74.8383,25.1441,0],[74.8565,25.1684,0],[74.8441,25.1757,0],[74.8475,25.188,0],[74.8591,25.1825,0],[74.8571,25.1784,0],[74.8628,25.1737,0],[74.892,25.1857,0],[74.9096,25.1756,0],[74.8932,25.1418,0],[74.9178,25.1427,0],[74.9308,25.1233,0],[74.9407,25.1512,0],[74.9444,25.142,0],[74.9511,25.1454,0],[74.9614,25.1393,0],[74.9659,25.1176,0],[74.9741,25.1042,0],[74.9958,25.1142,0],[75.0043,25.1294,0],[75.0126,25.1291,0],[75.0208,25.1364,0],[75.0276,25.1364,0],[75.0304,25.1239,0],[75.0629,25.1145,0],[75.0799,25.1249,0],[75.1231,25.1243,0],[75.127,25.118,0],[75.1212,25.1088,0],[75.1255,25.1041,0],[75.1511,25.1052,0],[75.1863,25.092,0],[75.204,25.09,0],[75.189,25.0524,0],[75.1924,25.0335,0],[75.1721,25.0476,0],[75.1657,25.0475,0],[75.165,25.0397,0],[75.155,25.0371,0],[75.152,25.0215,0],[75.1619,25.0174,0],[75.1662,25.0027,0],[75.159,25.0013,0],[75.1517,24.989,0],[75.1419,24.9897,0],[75.1324,24.9837,0],[75.13,24.979,0],[75.1411,24.9779,0],[75.1289,24.9687,0],[75.1137,24.9666,0],[75.1194,24.9101,0],[75.1133,24.8999,0],[75.1173,24.8952,0],[75.1168,24.8778,0],[75.0871,24.8707,0],[75.088,24.8788,0],[75.0771,24.8805,0],[75.0658,24.8682,0],[75.0553,24.8719,0],[75.0593,24.8627,0],[75.0487,24.8504,0],[75.0338,24.8445,0],[75.0094,24.8564,0],[74.9937,24.853,0],[74.985,24.8534,0],[74.981,24.8584,0],[74.9587,24.858,0],[74.9481,24.8645,0],[74.9525,24.8805,0],[74.9324,24.8811,0],[74.9318,24.8753,0],[74.9239,24.878,0],[74.9104,24.8941,0],[74.9162,24.9071,0],[74.9025,24.9298,0],[74.8916,24.9297,0],[74.8877,24.9373,0],[74.8807,24.9373,0],[74.8794,24.93,0],[74.8697,24.9248,0],[74.8592,24.9623,0],[74.8409,24.967,0],[74.8266,24.9937,0],[74.8272,25.0359,0],[74.8171,25.0452,0],[74.803,25.0493,0],[74.7958,25.0705,0],[74.7711,25.0908,0],[74.7336,25.0618,0],[74.7061,25.029,0],[74.7003,25.0155,0],[74.7024,24.9889,0],[74.6924,24.9854,0],[74.6855,24.9903,0],[74.6609,24.9862,0],[74.6559,24.9819,0],[74.6523,24.963,0],[74.6671,24.9605,0],[74.6679,24.9571,0],[74.6621,24.9459,0],[74.634,24.9252,0],[74.63,24.9328,0],[74.6204,24.9271,0],[74.6155,24.9308,0],[74.6161,24.9466,0],[74.627,24.9672,0],[74.6214,24.9764,0],[74.6095,24.9834,0],[74.6007,24.9836,0],[74.5709,24.9624,0],[74.5456,24.965,0],[74.5281,24.9725,0],[74.5214,24.9594,0],[74.496,24.9627,0],[74.4908,24.9829,0],[74.4935,25.0035,0],[74.4789,25.0142,0],[74.4729,25.0253,0],[74.4816,25.0486,0],[74.4801,25.0701,0],[74.4963,25.0747,0],[74.5076,25.0868,0],[74.5105,25.0966,0],[74.5255,25.1125,0],[74.5374,25.1467,0],[74.564,25.1318,0],[74.5781,25.1487,0],[74.5962,25.1478,0],[74.6143,25.1413,0],[74.6558,25.1812,0],[74.6728,25.1813,0],[74.6818,25.1762,0],[74.6844,25.1813,0],[74.6919,25.1776,0],[74.7053,25.2019,0],[74.7219,25.2068,0],[74.7284,25.1856,0],[74.7209,25.1834,0],[74.7149,25.1746,0],[74.7268,25.1702,0],[74.7342,25.1768,0],[74.7408,25.1752,0],[74.7475,25.1833,0],[74.747,25.2095,0],[74.754,25.2153,0],[74.7782,25.2052,0],[74.7871,25.192,0],[74.7867,25.1775,0]]]}]}},{"type":"Feature","properties":{"ac_name":"MAVLI","ac_no":154,"ac_category":"GEN","st_name":"RAJASTHAN"},"geometry":{"type":"Polygon","coordinates":[[[73.9258,24.8814],[73.9222,24.8886],[73.9135,24.8921],[73.906,24.8783],[73.897,24.8754],[73.8754,24.8929],[73.8394,24.9072],[73.8361,24.8956],[73.8248,24.8927],[73.7973,24.8646],[73.8093,24.8584],[73.8124,24.8467],[73.8232,24.8408],[73.8217,24.8231],[73.803,24.8168],[73.8118,24.8028],[73.808,24.799],[73.7925,24.8048],[73.7859,24.803],[73.7831,24.7863],[73.7761,24.7798],[73.7841,24.7727],[73.7792,24.7561],[73.7906,24.7463],[73.8005,24.7532],[73.8092,24.7494],[73.7905,24.7435],[73.7828,24.7354],[73.7557,24.7389],[73.7213,24.7733],[73.7204,24.752],[73.7153,24.7523],[73.6953,24.7331],[73.698,24.7086],[73.7004,24.694],[73.7058,24.694],[73.7107,24.686],[73.7175,24.6878],[73.7298,24.7034],[73.7381,24.6899],[73.7367,24.6823],[73.7572,24.6784],[73.7635,24.6411],[73.7657,24.6404],[73.7848,24.6422],[73.7926,24.6452],[73.7945,24.651],[73.8134,24.6489],[73.8085,24.6438],[73.8147,24.6278],[73.8306,24.6336],[73.8367,24.6292],[73.8129,24.6209],[73.8066,24.6264],[73.7958,24.6201],[73.7955,24.6124],[73.792,24.6099],[73.7841,24.6143],[73.7787,24.6075],[73.8135,24.6107],[73.8194,24.609],[73.8161,24.6048],[73.8268,24.5945],[73.817,24.5702],[73.8163,24.5412],[73.8294,24.5404],[73.8374,24.5339],[73.8377,24.5135],[73.8525,24.5147],[73.8524,24.5321],[73.8628,24.5373],[73.8769,24.5364],[73.9027,24.5241],[73.8973,24.5145],[73.9056,24.5153],[73.9108,24.5084],[73.9287,24.5214],[73.9109,24.5287],[73.8975,24.5549],[73.8764,24.5798],[73.8887,24.601],[73.8881,24.6308],[73.8939,24.6379],[73.8954,24.652],[73.9101,24.6406],[73.9309,24.6517],[73.9245,24.6611],[73.9375,24.6672],[73.9397,24.696],[73.9531,24.7012],[73.9576,24.7447],[73.9836,24.7372],[73.9923,24.7392],[74.01,24.7239],[74.0272,24.7254],[74.0392,24.7108],[74.0494,24.7114],[74.062,24.7245],[74.0751,24.7233],[74.0771,24.7145],[74.0713,24.7037],[74.0837,24.6963],[74.0887,24.6985],[74.0918,24.7145],[74.1002,24.7173],[74.1092,24.7042],[74.1051,24.6845],[74.1143,24.6816],[74.1241,24.6707],[74.153,24.6677],[74.1554,24.6847],[74.1684,24.686],[74.1729,24.6925],[74.1721,24.7079],[74.1487,24.7258],[74.1435,24.7211],[74.1349,24.7221],[74.1283,24.7321],[74.1253,24.729],[74.1153,24.7345],[74.1181,24.7547],[74.1099,24.7598],[74.1058,24.7733],[74.106,24.7819],[74.1138,24.7895],[74.1083,24.8062],[74.1297,24.846],[74.1165,24.8508],[74.0447,24.8331],[74.0292,24.8429],[74.0175,24.8721],[74.001,24.8925],[73.9522,24.8461],[73.9392,24.8472],[73.9258,24.8814]]]}},{"type":"Feature","properties":{"ac_name":"REODAR","ac_no":148,"ac_category":"SC","st_name":"RAJASTHAN"},"geometry":{"type":"Polygon","coordinates":[[[72.4129,24.757],[72.4002,24.7753],[72.3906,24.7675],[72.3732,24.7652],[72.344,24.7232],[72.3299,24.7114],[72.3119,24.6743],[72.312,24.6646],[72.316,24.6504],[72.3303,24.6414],[72.3351,24.6329],[72.3478,24.6274],[72.3376,24.5995],[72.3137,24.5939],[72.2974,24.6088],[72.2897,24.6037],[72.2763,24.6074],[72.2643,24.6043],[72.2642,24.5998],[72.2465,24.5876],[72.2473,24.584],[72.2649,24.56],[72.2856,24.5652],[72.2894,24.5479],[72.2953,24.5465],[72.3287,24.5522],[72.3308,24.5691],[72.3407,24.563],[72.3537,24.5635],[72.361,24.5475],[72.3699,24.5435],[72.368,24.5374],[72.3797,24.5122],[72.3886,24.5074],[72.4165,24.5208],[72.4414,24.5147],[72.4427,24.5037],[72.4304,24.4793],[72.434,24.4597],[72.4514,24.4424],[72.4575,24.4155],[72.5004,24.417],[72.4931,24.4589],[72.5045,24.4582],[72.5048,24.4715],[72.5199,24.5003],[72.5341,24.5036],[72.539,24.5194],[72.5762,24.4784],[72.6554,24.4622],[72.6836,24.4635],[72.6875,24.4521],[72.6797,24.443],[72.6889,24.4121],[72.7243,24.3673],[72.7327,24.3633],[72.7714,24.3683],[72.8055,24.3629],[72.8153,24.3703],[72.8498,24.3722],[72.8909,24.3571],[72.911,24.3372],[72.9596,24.361],[72.9774,24.3778],[72.964,24.3891],[72.954,24.3913],[72.9492,24.399],[72.9669,24.4108],[72.9729,24.424],[72.973,24.4241],[72.9662,24.4365],[72.9468,24.444],[72.9172,24.4201],[72.8778,24.4177],[72.8291,24.4271],[72.8269,24.4501],[72.8129,24.4541],[72.8106,24.4597],[72.8383,24.484],[72.8233,24.4982],[72.8113,24.5251],[72.8024,24.5177],[72.7859,24.5179],[72.7766,24.5363],[72.7748,24.5671],[72.7499,24.5682],[72.7207,24.5594],[72.6807,24.5554],[72.6458,24.5192],[72.6333,24.5117],[72.6073,24.5122],[72.6242,24.5459],[72.6707,24.6024],[72.6932,24.6256],[72.7148,24.6283],[72.7548,24.6868],[72.7275,24.696],[72.7117,24.7078],[72.7032,24.7263],[72.6709,24.7372],[72.6386,24.738],[72.609,24.7211],[72.5971,24.7336],[72.5833,24.7296],[72.523,24.7483],[72.5079,24.747],[72.4775,24.7529],[72.4474,24.7598],[72.4402,24.7549],[72.4129,24.757]]]}},{"type":"Feature","properties":{"ac_name":"CHHABRA","ac_no":196,"ac_category":"GEN","st_name":"RAJASTHAN"},"geometry":{"type":"Polygon","coordinates":[[[76.7054,24.8935],[76.7057,24.886],[76.7342,24.8557],[76.7658,24.7845],[76.77,24.7422],[76.7638,24.705],[76.7587,24.7027],[76.7529,24.7103],[76.7422,24.7101],[76.724,24.6893],[76.7104,24.6853],[76.7031,24.6871],[76.7014,24.6998],[76.6967,24.7],[76.6764,24.6802],[76.6429,24.6692],[76.6136,24.6736],[76.59,24.6847],[76.5773,24.6841],[76.5563,24.6617],[76.5221,24.6002],[76.5209,24.603],[76.5187,24.5788],[76.5307,24.5717],[76.5358,24.5621],[76.5353,24.5101],[76.5462,24.4979],[76.5796,24.4905],[76.5768,24.4717],[76.5738,24.464],[76.5944,24.4533],[76.606,24.4257],[76.6288,24.4117],[76.6509,24.4165],[76.6743,24.4389],[76.6964,24.4263],[76.6996,24.4144],[76.712,24.4031],[76.7146,24.4138],[76.7194,24.4124],[76.7226,24.4166],[76.7257,24.4132],[76.7299,24.4215],[76.7371,24.4229],[76.7604,24.4473],[76.7751,24.4429],[76.7786,24.4363],[76.7918,24.4394],[76.7978,24.4336],[76.8109,24.4329],[76.8162,24.4268],[76.8176,24.4345],[76.8449,24.4363],[76.8415,24.4456],[76.8455,24.4509],[76.8517,24.45],[76.853,24.4662],[76.8468,24.4857],[76.8355,24.4887],[76.8178,24.5347],[76.8497,24.5533],[76.8751,24.548],[76.8757,24.5341],[76.8822,24.5273],[76.8915,24.5287],[76.9026,24.5498],[76.9154,24.5455],[76.921,24.5318],[76.9169,24.4828],[76.9249,24.4746],[76.9394,24.4715],[76.9428,24.4652],[76.9504,24.4654],[76.951,24.4617],[76.9774,24.4615],[76.9839,24.4728],[77.0087,24.477],[77.0087,24.4821],[77.0139,24.4837],[77.0122,24.4901],[77.0301,24.4974],[77.0293,24.5168],[77.0368,24.528],[77.0545,24.5264],[77.0574,24.537],[77.0709,24.568],[77.065,24.5952],[77.0685,24.607],[77.0665,24.6347],[77.0654,24.6414],[77.0431,24.68],[77.0413,24.6992],[77.0346,24.7082],[77.0268,24.7142],[77.0121,24.7123],[77.0016,24.7162],[76.9619,24.7571],[76.9481,24.7593],[76.9318,24.7483],[76.9118,24.7451],[76.8665,24.7456],[76.8487,24.7504],[76.8469,24.7689],[76.8029,24.8092],[76.8007,24.8244],[76.8166,24.829],[76.7232,24.8885],[76.7054,24.8935]]]}},{"type":"Feature","properties":{"ac_name":"KHANPUR","ac_no":199,"ac_category":"GEN","st_name":"RAJASTHAN"},"geometry":{"type":"Polygon","coordinates":[[[76.2489,24.8273],[76.2207,24.829],[76.2269,24.8116],[76.2189,24.7798],[76.1979,24.741],[76.1934,24.6971],[76.1988,24.6855],[76.179,24.6594],[76.1816,24.6321],[76.1963,24.6431],[76.2042,24.6399],[76.1952,24.6201],[76.2028,24.6172],[76.1931,24.6039],[76.2031,24.5953],[76.1998,24.588],[76.2078,24.567],[76.1991,24.5603],[76.206,24.5555],[76.1974,24.5425],[76.2,24.5375],[76.217,24.536],[76.2298,24.5256],[76.2169,24.5162],[76.2383,24.4941],[76.2325,24.485],[76.2409,24.4668],[76.2461,24.4717],[76.2522,24.4641],[76.2468,24.4513],[76.2609,24.4429],[76.27,24.456],[76.2873,24.4505],[76.285,24.4128],[76.278,24.4085],[76.2664,24.4094],[76.2817,24.3965],[76.2477,24.3917],[76.2461,24.3876],[76.2564,24.3818],[76.244,24.3715],[76.2536,24.3598],[76.2379,24.358],[76.2333,24.3345],[76.212,24.3277],[76.2028,24.3048],[76.2045,24.2985],[76.1944,24.273],[76.2021,24.2688],[76.2064,24.23],[76.2033,24.2201],[76.212,24.2113],[76.242,24.2188],[76.2823,24.2073],[76.2874,24.2298],[76.3211,24.2453],[76.3572,24.2397],[76.3634,24.2327],[76.3837,24.2713],[76.3895,24.3027],[76.4208,24.3848],[76.4231,24.4109],[76.4154,24.4027],[76.4082,24.4053],[76.4139,24.4216],[76.3968,24.4112],[76.379,24.4111],[76.375,24.4062],[76.3604,24.4198],[76.355,24.4185],[76.3563,24.4238],[76.3488,24.4226],[76.3483,24.4355],[76.3288,24.4315],[76.3317,24.4462],[76.3389,24.4479],[76.341,24.4531],[76.3261,24.4589],[76.3264,24.4694],[76.3276,24.4736],[76.3402,24.4725],[76.3402,24.4811],[76.3509,24.4862],[76.3453,24.5002],[76.3509,24.5387],[76.3581,24.5419],[76.3599,24.5586],[76.3935,24.5454],[76.431,24.5422],[76.4515,24.5469],[76.4766,24.5399],[76.4803,24.5313],[76.5439,24.4847],[76.5768,24.4717],[76.5796,24.4905],[76.5462,24.4979],[76.5353,24.5101],[76.5358,24.5621],[76.5307,24.5717],[76.5187,24.5788],[76.5209,24.603],[76.5177,24.6172],[76.5288,24.66],[76.4891,24.6492],[76.4845,24.6586],[76.4764,24.659],[76.4708,24.6842],[76.4595,24.707],[76.4569,24.7282],[76.4451,24.745],[76.4406,24.7824],[76.4428,24.8308],[76.4183,24.8294],[76.4188,24.8389],[76.4052,24.8425],[76.3985,24.8347],[76.3772,24.8535],[76.3769,24.8602],[76.3594,24.8705],[76.3317,24.8635],[76.3274,24.8472],[76.3156,24.8478],[76.313,24.8365],[76.3043,24.8402],[76.3015,24.8364],[76.3049,24.8336],[76.2867,24.8341],[76.291,24.818],[76.2813,24.8067],[76.2652,24.8098],[76.2688,24.8421],[76.2512,24.8398],[76.2531,24.827],[76.2489,24.8273]]]}},{"type":"Feature","properties":{"ac_name":"JHADOL","ac_no":150,"ac_category":"ST","st_name":"RAJASTHAN"},"geometry":{"type":"Polygon","coordinates":[[[73.1492,24.7196],[73.1457,24.6894],[73.1384,24.6835],[73.1424,24.6795],[73.1345,24.6685],[73.1238,24.6678],[73.1139,24.6569],[73.1088,24.6569],[73.1055,24.6444],[73.0883,24.6323],[73.0885,24.6065],[73.0703,24.5845],[73.0558,24.5535],[73.048,24.5521],[73.0496,24.5418],[73.0216,24.5188],[73.0134,24.491],[73.0021,24.4828],[73.007,24.4755],[73.0031,24.4666],[73.0343,24.4643],[73.0476,24.4682],[73.0488,24.474],[73.0721,24.4864],[73.0808,24.4968],[73.087,24.4976],[73.0953,24.488],[73.0905,24.4756],[73.1003,24.467],[73.1026,24.4558],[73.0982,24.4477],[73.1021,24.4318],[73.0743,24.3973],[73.0883,24.3863],[73.0989,24.3911],[73.1128,24.372],[73.1335,24.3664],[73.152,24.354],[73.1722,24.3556],[73.1982,24.3767],[73.2191,24.3642],[73.206,24.3511],[73.1984,24.3319],[73.1879,24.3337],[73.1817,24.3434],[73.1763,24.338],[73.1685,24.3002],[73.1352,24.3082],[73.125,24.2726],[73.1069,24.2639],[73.088,24.2347],[73.0979,24.2307],[73.0986,24.226],[73.0777,24.2184],[73.0793,24.2052],[73.0657,24.1935],[73.074,24.1804],[73.0984,24.1603],[73.1037,24.1436],[73.1108,24.1419],[73.1256,24.1247],[73.1388,24.1219],[73.1567,24.1104],[73.1592,24.0982],[73.2138,24.0779],[73.2026,24.0507],[73.1936,24.0407],[73.2294,24.0222],[73.23,24.0157],[73.2429,24.0021],[73.2493,24.0029],[73.262,24.0183],[73.2826,24.0187],[73.2975,24.0437],[73.3138,24.05],[73.3265,24.0769],[73.3222,24.0967],[73.327,24.1091],[73.3599,24.1047],[73.361,24.1043],[73.3679,24.128],[73.3819,24.1337],[73.3956,24.1696],[73.4131,24.1813],[73.4698,24.1724],[73.5149,24.1874],[73.5318,24.2083],[73.537,24.2367],[73.5548,24.257],[73.5624,24.2583],[73.5809,24.2421],[73.5937,24.2429],[73.608,24.252],[73.6166,24.2628],[73.6153,24.3212],[73.622,24.3304],[73.6327,24.3277],[73.6406,24.3359],[73.6485,24.3889],[73.631,24.3846],[73.6192,24.3897],[73.607,24.4193],[73.5836,24.4302],[73.5715,24.4484],[73.5741,24.511],[73.5654,24.543],[73.5515,24.5548],[73.5533,24.5716],[73.5477,24.5953],[73.522,24.5994],[73.5162,24.5934],[73.495,24.59],[73.4843,24.5706],[73.4787,24.5691],[73.4473,24.5717],[73.4117,24.5894],[73.4009,24.5756],[73.3937,24.5743],[73.3672,24.5828],[73.3604,24.591],[73.3456,24.593],[73.3112,24.619],[73.298,24.6072],[73.298,24.6141],[73.2892,24.6127],[73.271,24.6383],[73.2486,24.6409],[73.2428,24.6404],[73.2308,24.6103],[73.2183,24.6058],[73.1943,24.6211],[73.2176,24.6403],[73.2133,24.66],[73.2017,24.6723],[73.2031,24.6887],[73.1842,24.7064],[73.1921,24.7158],[73.1492,24.7196]]]}},{"type":"Feature","properties":{"ac_name":"VALLABHNAGAR","ac_no":155,"ac_category":"GEN","st_name":"RAJASTHAN"},"geometry":{"type":"Polygon","coordinates":[[[74.1558,24.6679],[74.153,24.6677],[74.1241,24.6707],[74.1143,24.6816],[74.1051,24.6845],[74.1092,24.7042],[74.1002,24.7173],[74.0918,24.7145],[74.0887,24.6985],[74.0837,24.6963],[74.0713,24.7037],[74.0771,24.7145],[74.0751,24.7233],[74.062,24.7245],[74.0494,24.7114],[74.0392,24.7108],[74.0272,24.7254],[74.01,24.7239],[73.9923,24.7392],[73.9836,24.7372],[73.9576,24.7447],[73.9531,24.7012],[73.9397,24.696],[73.9375,24.6672],[73.9245,24.6611],[73.9309,24.6517],[73.9101,24.6406],[73.8954,24.652],[73.8939,24.6379],[73.8881,24.6308],[73.8887,24.601],[73.8764,24.5798],[73.8975,24.5549],[73.9109,24.5287],[73.9287,24.5214],[73.9108,24.5084],[73.9056,24.5153],[73.8973,24.5145],[73.8955,24.5082],[73.9122,24.4989],[73.9127,24.4884],[73.8994,24.4873],[73.8929,24.4809],[73.8921,24.4592],[73.8694,24.4598],[73.8547,24.4459],[73.868,24.4146],[73.8922,24.3902],[73.9021,24.3976],[73.9337,24.4003],[73.947,24.3909],[73.9659,24.3634],[73.9801,24.3864],[73.9971,24.3862],[74.0017,24.3997],[74.0271,24.3933],[74.0411,24.4011],[74.0481,24.3909],[74.0563,24.3875],[74.0693,24.3995],[74.0819,24.4016],[74.1084,24.42],[74.1233,24.4217],[74.1314,24.416],[74.1282,24.3967],[74.1339,24.384],[74.1523,24.3923],[74.153,24.4032],[74.1626,24.419],[74.1734,24.4114],[74.1821,24.4174],[74.2163,24.4245],[74.2288,24.4101],[74.2589,24.3937],[74.2788,24.3952],[74.3017,24.3856],[74.3129,24.3753],[74.3105,24.3611],[74.3436,24.3531],[74.344,24.3685],[74.3666,24.372],[74.3614,24.4017],[74.3351,24.4184],[74.3305,24.4092],[74.3094,24.4066],[74.3075,24.4208],[74.3145,24.4319],[74.3096,24.4419],[74.3187,24.4441],[74.3218,24.4534],[74.3294,24.4566],[74.3288,24.465],[74.3427,24.4775],[74.3409,24.4833],[74.3207,24.4843],[74.3143,24.4652],[74.3042,24.4611],[74.2914,24.4634],[74.2834,24.4762],[74.2685,24.4541],[74.2635,24.4609],[74.2681,24.4769],[74.2561,24.481],[74.2518,24.4654],[74.2609,24.4656],[74.2611,24.4533],[74.257,24.4508],[74.2505,24.4552],[74.2468,24.4388],[74.231,24.4283],[74.2241,24.4283],[74.1994,24.4473],[74.206,24.4542],[74.2074,24.4651],[74.2158,24.4685],[74.2194,24.4816],[74.2314,24.4809],[74.2397,24.4883],[74.239,24.5031],[74.2473,24.4998],[74.2544,24.5061],[74.2504,24.5061],[74.2501,24.5152],[74.2696,24.5156],[74.2743,24.5321],[74.2726,24.539],[74.2625,24.5458],[74.2658,24.5686],[74.2712,24.5763],[74.2443,24.5847],[74.2363,24.5998],[74.2186,24.5914],[74.2133,24.5966],[74.2149,24.6148],[74.239,24.6125],[74.2508,24.6167],[74.2431,24.6275],[74.2417,24.6407],[74.2251,24.6489],[74.2126,24.6299],[74.2131,24.616],[74.1967,24.6143],[74.1958,24.6334],[74.2066,24.6432],[74.2031,24.6547],[74.1987,24.6635],[74.1885,24.6643],[74.1823,24.6562],[74.1767,24.6667],[74.1558,24.6679]]]}},{"type":"Feature","properties":{"ac_name":"NIMBAHERA","ac_no":170,"ac_category":"GEN","st_name":"RAJASTHAN"},"geometry":{"type":"GeometryCollection","geometries":[{"type":"Polygon","coordinates":[[[74.6541,24.7684,0],[74.6777,24.7762,0],[74.6988,24.764,0],[74.7342,24.7706,0],[74.7447,24.7616,0],[74.7803,24.7458,0],[74.7804,24.7304,0],[74.788,24.7033,0],[74.7725,24.6609,0],[74.784,24.657,0],[74.7909,24.6594,0],[74.7911,24.6646,0],[74.8115,24.6659,0],[74.8163,24.6573,0],[74.8144,24.6491,0],[74.8069,24.6477,0],[74.8038,24.6337,0],[74.7945,24.6328,0],[74.7921,24.6204,0],[74.7806,24.6152,0],[74.7874,24.5853,0],[74.771,24.5787,0],[74.7585,24.576,0],[74.7542,24.5789,0],[74.7535,24.5749,0],[74.7436,24.5716,0],[74.7484,24.562,0],[74.7565,24.5342,0],[74.7443,24.5319,0],[74.7445,24.5133,0],[74.7246,24.5131,0],[74.7168,24.507,0],[74.7096,24.4863,0],[74.7274,24.4885,0],[74.7433,24.4745,0],[74.7443,24.4685,0],[74.7656,24.4666,0],[74.7771,24.4605,0],[74.7863,24.472,0],[74.8152,24.4683,0],[74.8217,24.4532,0],[74.8139,24.4369,0],[74.8301,24.4352,0],[74.8336,24.4429,0],[74.8413,24.441,0],[74.8512,24.4455,0],[74.8553,24.4405,0],[74.8551,24.4243,0],[74.8254,24.3999,0],[74.8229,24.3799,0],[74.808,24.3815,0],[74.8017,24.3582,0],[74.7811,24.3383,0],[74.7812,24.2893,0],[74.7742,24.2776,0],[74.7568,24.2642,0],[74.7455,24.2633,0],[74.733,24.256,0],[74.688,24.2647,0],[74.6697,24.255,0],[74.6431,24.2564,0],[74.625,24.2449,0],[74.5932,24.2554,0],[74.5831,24.2729,0],[74.5697,24.2851,0],[74.5517,24.294,0],[74.5345,24.2947,0],[74.5098,24.3035,0],[74.5106,24.318,0],[74.5194,24.3322,0],[74.5104,24.3451,0],[74.5134,24.3714,0],[74.498,24.4154,0],[74.5083,24.4299,0],[74.5403,24.4516,0],[74.5474,24.4775,0],[74.5378,24.5212,0],[74.5207,24.541,0],[74.5397,24.5599,0],[74.5167,24.5642,0],[74.51,24.5745,0],[74.5268,24.5785,0],[74.5517,24.5709,0],[74.5636,24.5754,0],[74.5656,24.5817,0],[74.5641,24.6021,0],[74.5527,24.6187,0],[74.5497,24.6394,0],[74.5322,24.6579,0],[74.549,24.6837,0],[74.5401,24.7227,0],[74.5496,24.7499,0],[74.5811,24.7362,0],[74.5879,24.7251,0],[74.6107,24.7161,0],[74.6208,24.7182,0],[74.6257,24.7271,0],[74.6178,24.7393,0],[74.6346,24.7747,0],[74.6541,24.7684,0]]]},{"type":"Polygon","coordinates":[[[74.9077,24.7787,0],[74.9142,24.7691,0],[74.9363,24.7783,0],[74.9483,24.7719,0],[74.969,24.7705,0],[74.9729,24.7634,0],[75.002,24.7745,0],[75.007,24.7711,0],[75.016,24.7322,0],[74.993,24.7313,0],[74.9929,24.6926,0],[75.0015,24.6903,0],[75.0001,24.6842,0],[74.9607,24.6782,0],[74.9646,24.6706,0],[74.9605,24.6656,0],[74.962,24.6559,0],[74.9584,24.661,0],[74.9519,24.647,0],[74.943,24.6468,0],[74.9442,24.6373,0],[74.9413,24.6403,0],[74.93,24.6352,0],[74.9145,24.6365,0],[74.906,24.6406,0],[74.9027,24.6321,0],[74.8951,24.6437,0],[74.8901,24.6332,0],[74.88,24.6451,0],[74.8768,24.6427,0],[74.8652,24.6697,0],[74.8578,24.6742,0],[74.8597,24.6821,0],[74.8529,24.6837,0],[74.8523,24.6774,0],[74.8511,24.6839,0],[74.8554,24.6872,0],[74.8505,24.6872,0],[74.8487,24.6988,0],[74.8444,24.6979,0],[74.8369,24.7061,0],[74.8307,24.7272,0],[74.8173,24.7476,0],[74.8097,24.777,0],[74.8088,24.7802,0],[74.838,24.7972,0],[74.8379,24.7971,0],[74.8493,24.7758,0],[74.8605,24.7793,0],[74.8606,24.7986,0],[74.8794,24.7973,0],[74.8803,24.7899,0],[74.9077,24.7787,0]]]}]}},{"type":"Feature","properties":{"ac_name":"BARI SADRI","ac_no":171,"ac_category":"GEN","st_name":"RAJASTHAN"},"geometry":{"type":"Polygon","coordinates":[[[74.4812,24.7475],[74.4827,24.7546],[74.4586,24.7398],[74.4671,24.7291],[74.4556,24.7133],[74.4564,24.7044],[74.4412,24.6894],[74.418,24.6898],[74.404,24.6718],[74.4046,24.6632],[74.3907,24.6531],[74.3858,24.6516],[74.3806,24.668],[74.3711,24.6748],[74.3597,24.6726],[74.3369,24.6579],[74.3169,24.6609],[74.3081,24.6733],[74.3217,24.6868],[74.3265,24.7006],[74.3175,24.7054],[74.3087,24.6975],[74.2985,24.6965],[74.289,24.7212],[74.281,24.726],[74.2744,24.7206],[74.2757,24.7062],[74.2686,24.6927],[74.2601,24.6885],[74.2366,24.6999],[74.2195,24.6639],[74.2223,24.6592],[74.2031,24.6547],[74.2066,24.6432],[74.1958,24.6334],[74.1967,24.6143],[74.2131,24.616],[74.2126,24.6299],[74.2251,24.6489],[74.2417,24.6407],[74.2431,24.6275],[74.2508,24.6167],[74.239,24.6125],[74.2149,24.6148],[74.2133,24.5966],[74.2186,24.5914],[74.2363,24.5998],[74.2443,24.5847],[74.2712,24.5763],[74.2658,24.5686],[74.2625,24.5458],[74.2726,24.539],[74.2743,24.5321],[74.2696,24.5156],[74.2501,24.5152],[74.2504,24.5061],[74.2544,24.5061],[74.2473,24.4998],[74.239,24.5031],[74.2397,24.4883],[74.2314,24.4809],[74.2194,24.4816],[74.2158,24.4685],[74.2074,24.4651],[74.206,24.4542],[74.1994,24.4473],[74.2241,24.4283],[74.231,24.4283],[74.2468,24.4388],[74.2505,24.4552],[74.257,24.4508],[74.2611,24.4533],[74.2609,24.4656],[74.2518,24.4654],[74.2561,24.481],[74.2681,24.4769],[74.2635,24.4609],[74.2685,24.4541],[74.2834,24.4762],[74.2914,24.4634],[74.3042,24.4611],[74.3143,24.4652],[74.3207,24.4843],[74.3409,24.4833],[74.3427,24.4775],[74.3288,24.465],[74.3294,24.4566],[74.3218,24.4534],[74.3187,24.4441],[74.3096,24.4419],[74.3145,24.4319],[74.3075,24.4208],[74.3094,24.4066],[74.3305,24.4092],[74.3351,24.4184],[74.3614,24.4017],[74.3666,24.372],[74.344,24.3685],[74.3436,24.3531],[74.3343,24.3437],[74.3508,24.347],[74.3443,24.3357],[74.3543,24.3386],[74.3554,24.3494],[74.3626,24.3449],[74.3561,24.3375],[74.3622,24.3272],[74.3615,24.3176],[74.3691,24.2994],[74.3785,24.2986],[74.3723,24.2967],[74.368,24.2836],[74.3799,24.2808],[74.4189,24.2889],[74.4281,24.2865],[74.4302,24.2521],[74.4536,24.2318],[74.4584,24.2195],[74.4764,24.2189],[74.4785,24.2261],[74.4848,24.2261],[74.4957,24.1877],[74.4943,24.1725],[74.53,24.1549],[74.5564,24.1205],[74.5586,24.0995],[74.5517,24.0835],[74.5504,24.0615],[74.5346,24.0548],[74.5459,24.0324],[74.5411,24.0232],[74.5335,24.0238],[74.5277,24.0182],[74.5307,24.0053],[74.5269,23.9922],[74.511,23.9841],[74.5074,23.9768],[74.515,23.9569],[74.5223,23.955],[74.5264,23.9465],[74.5557,23.9541],[74.574,23.9511],[74.5871,23.954],[74.5893,23.9655],[74.608,23.9756],[74.6137,23.9935],[74.6094,24.005],[74.6243,24.0028],[74.637,24.0065],[74.6426,23.9984],[74.6585,24.0084],[74.6622,24.0169],[74.68,24.0257],[74.695,24.02],[74.7034,24.0437],[74.7188,24.0468],[74.7174,24.0515],[74.738,24.0607],[74.7543,24.0749],[74.7609,24.0972],[74.7795,24.0927],[74.7844,24.1067],[74.777,24.1142],[74.7665,24.1101],[74.7478,24.1284],[74.7541,24.1366],[74.7544,24.1512],[74.7861,24.1532],[74.7937,24.1431],[74.8219,24.1512],[74.8268,24.148],[74.8399,24.1553],[74.8353,24.1699],[74.8086,24.1685],[74.8122,24.1848],[74.8226,24.1867],[74.8236,24.202],[74.8603,24.2088],[74.8674,24.208],[74.8685,24.2033],[74.8738,24.2067],[74.875,24.2256],[74.8843,24.2247],[74.8896,24.2286],[74.868,24.2428],[74.8505,24.2365],[74.812,24.2441],[74.7758,24.2386],[74.7548,24.2424],[74.7483,24.2564],[74.7568,24.2642],[74.7455,24.2633],[74.733,24.256],[74.688,24.2647],[74.6697,24.255],[74.6431,24.2564],[74.625,24.2449],[74.5932,24.2554],[74.5831,24.2729],[74.5697,24.2851],[74.5517,24.294],[74.5345,24.2947],[74.5098,24.3035],[74.5106,24.318],[74.5194,24.3322],[74.5104,24.3451],[74.5134,24.3714],[74.498,24.4154],[74.5083,24.4299],[74.5403,24.4516],[74.5474,24.4775],[74.5378,24.5212],[74.5207,24.541],[74.5397,24.5599],[74.5167,24.5642],[74.51,24.5745],[74.5268,24.5785],[74.5517,24.5709],[74.5636,24.5754],[74.5656,24.5817],[74.5641,24.6021],[74.5527,24.6187],[74.5497,24.6394],[74.5322,24.6579],[74.549,24.6837],[74.5401,24.7227],[74.5292,24.7345],[74.5044,24.7339],[74.4985,24.7428],[74.49,24.7412],[74.4886,24.7478],[74.4812,24.7475]]]}},{"type":"Feature","properties":{"ac_name":"UDAIPUR RURAL","ac_no":152,"ac_category":"ST","st_name":"RAJASTHAN"},"geometry":{"type":"GeometryCollection","geometries":[{"type":"Polygon","coordinates":[[[73.8135,24.6107,0],[73.8194,24.609,0],[73.8161,24.6048,0],[73.8268,24.5945,0],[73.817,24.5702,0],[73.8163,24.5412,0],[73.8294,24.5404,0],[73.8374,24.5339,0],[73.8377,24.5135,0],[73.8525,24.5147,0],[73.8524,24.5321,0],[73.8628,24.5373,0],[73.8769,24.5364,0],[73.9027,24.5241,0],[73.8973,24.5145,0],[73.8955,24.5082,0],[73.9122,24.4989,0],[73.9127,24.4884,0],[73.8994,24.4873,0],[73.8929,24.4809,0],[73.8921,24.4592,0],[73.8694,24.4598,0],[73.8547,24.4459,0],[73.8287,24.4432,0],[73.7824,24.4867,0],[73.7714,24.5031,0],[73.7397,24.5113,0],[73.7321,24.5251,0],[73.7341,24.5349,0],[73.7276,24.5396,0],[73.7361,24.5457,0],[73.7319,24.5662,0],[73.7352,24.5788,0],[73.7525,24.5974,0],[73.7624,24.6007,0],[73.7746,24.5974,0],[73.7787,24.6075,0],[73.8135,24.6107,0]]]},{"type":"Polygon","coordinates":[[[73.7945,24.651,0],[73.8134,24.6489,0],[73.8085,24.6438,0],[73.8147,24.6278,0],[73.8306,24.6336,0],[73.8367,24.6292,0],[73.8129,24.6209,0],[73.8066,24.6264,0],[73.7958,24.6201,0],[73.7628,24.6141,0],[73.769,24.6321,0],[73.7657,24.6404,0],[73.7848,24.6422,0],[73.7926,24.6452,0],[73.7945,24.651,0]]]},{"type":"Polygon","coordinates":[[[73.7058,24.694,0],[73.7107,24.686,0],[73.7175,24.6878,0],[73.7298,24.7034,0],[73.7381,24.6899,0],[73.7367,24.6823,0],[73.7572,24.6784,0],[73.7635,24.6411,0],[73.7503,24.6296,0],[73.728,24.6319,0],[73.72,24.6434,0],[73.719,24.666,0],[73.7143,24.6625,0],[73.7082,24.665,0],[73.7107,24.6749,0],[73.6973,24.6667,0],[73.6911,24.6455,0],[73.7058,24.6363,0],[73.7101,24.6266,0],[73.697,24.6242,0],[73.6874,24.6328,0],[73.6714,24.6176,0],[73.6566,24.6254,0],[73.6677,24.6147,0],[73.6631,24.6064,0],[73.6748,24.6002,0],[73.6817,24.5789,0],[73.6943,24.5771,0],[73.6803,24.5738,0],[73.678,24.5659,0],[73.6869,24.5598,0],[73.6955,24.5649,0],[73.7053,24.5634,0],[73.7041,24.5505,0],[73.7128,24.5522,0],[73.718,24.548,0],[73.7067,24.5452,0],[73.7012,24.5379,0],[73.7193,24.5271,0],[73.7222,24.5148,0],[73.7185,24.4886,0],[73.7238,24.4812,0],[73.7289,24.4463,0],[73.7242,24.4253,0],[73.7346,24.4038,0],[73.7342,24.3907,0],[73.7493,24.3951,0],[73.7533,24.3884,0],[73.7536,24.3686,0],[73.7608,24.3479,0],[73.7583,24.3174,0],[73.7647,24.291,0],[73.7348,24.294,0],[73.7326,24.2631,0],[73.7035,24.2567,0],[73.6882,24.2182,0],[73.6632,24.1975,0],[73.64,24.1911,0],[73.608,24.252,0],[73.6166,24.2628,0],[73.6153,24.3212,0],[73.622,24.3304,0],[73.6327,24.3277,0],[73.6406,24.3359,0],[73.6485,24.3889,0],[73.631,24.3846,0],[73.6192,24.3897,0],[73.607,24.4193,0],[73.5836,24.4302,0],[73.5715,24.4484,0],[73.5741,24.511,0],[73.5654,24.543,0],[73.5515,24.5548,0],[73.5533,24.5716,0],[73.5477,24.5953,0],[73.5518,24.6125,0],[73.5656,24.6119,0],[73.5723,24.6184,0],[73.5681,24.6698,0],[73.5736,24.6746,0],[73.592,24.6768,0],[73.6028,24.7013,0],[73.6214,24.6993,0],[73.6232,24.6726,0],[73.6349,24.6889,0],[73.6629,24.6857,0],[73.6699,24.7045,0],[73.6876,24.6998,0],[73.6888,24.693,0],[73.698,24.7086,0],[73.7004,24.694,0],[73.7058,24.694,0]]]}]}},{"type":"Feature","properties":{"ac_name":"UDAIPUR","ac_no":153,"ac_category":"GEN","st_name":"RAJASTHAN"},"geometry":{"type":"Polygon","coordinates":[[[73.7657,24.6404],[73.7635,24.6411],[73.7503,24.6296],[73.728,24.6319],[73.72,24.6434],[73.719,24.666],[73.7143,24.6625],[73.7082,24.665],[73.7107,24.6749],[73.6973,24.6667],[73.6911,24.6455],[73.7058,24.6363],[73.7101,24.6266],[73.697,24.6242],[73.6874,24.6328],[73.6714,24.6176],[73.6566,24.6254],[73.6677,24.6147],[73.6631,24.6064],[73.6748,24.6002],[73.6817,24.5789],[73.6943,24.5771],[73.6803,24.5738],[73.678,24.5659],[73.6869,24.5598],[73.6955,24.5649],[73.7053,24.5634],[73.7041,24.5505],[73.7128,24.5522],[73.718,24.548],[73.7067,24.5452],[73.7012,24.5379],[73.7193,24.5271],[73.7222,24.5148],[73.7185,24.4886],[73.7238,24.4812],[73.7365,24.4751],[73.7416,24.483],[73.7397,24.5113],[73.7321,24.5251],[73.7341,24.5349],[73.7276,24.5396],[73.7361,24.5457],[73.7319,24.5662],[73.7352,24.5788],[73.7525,24.5974],[73.7624,24.6007],[73.7746,24.5974],[73.7787,24.6075],[73.7841,24.6143],[73.792,24.6099],[73.7955,24.6124],[73.7958,24.6201],[73.7628,24.6141],[73.769,24.6321],[73.7657,24.6404]]]}},{"type":"Feature","properties":{"ac_name":"JHALRAPATAN","ac_no":198,"ac_category":"GEN","st_name":"RAJASTHAN"},"geometry":{"type":"Polygon","coordinates":[[[76.1033,24.6903],[76.0621,24.6695],[76.0626,24.6465],[76.055,24.6341],[76.0552,24.6189],[76.0749,24.575],[76.0574,24.5636],[76.0662,24.559],[76.0651,24.5476],[76.0551,24.5439],[76.0451,24.5321],[76.0097,24.4759],[76.0039,24.4453],[75.9918,24.4233],[75.9304,24.3769],[75.8894,24.2552],[75.866,24.2252],[75.8562,24.1974],[75.8571,24.1758],[75.8871,24.1695],[75.8915,24.1593],[75.89,24.1418],[75.9152,24.1357],[75.9244,24.1187],[75.9387,24.1153],[75.9576,24.0868],[75.9654,24.068],[75.9715,24.0201],[75.997,24.0177],[76.0099,24.0245],[76.0215,24.0347],[76.0229,24.0482],[76.0427,24.066],[76.0555,24.0655],[76.0731,24.0767],[76.0761,24.0709],[76.1012,24.0872],[76.1218,24.0847],[76.1267,24.0886],[76.121,24.1081],[76.1311,24.1156],[76.1227,24.1374],[76.1247,24.1581],[76.1138,24.1668],[76.1178,24.1945],[76.1454,24.2233],[76.1482,24.2317],[76.143,24.2557],[76.139,24.2561],[76.1413,24.2668],[76.1366,24.2706],[76.1429,24.2827],[76.1625,24.2847],[76.1687,24.2969],[76.1648,24.3073],[76.1742,24.3072],[76.1852,24.3291],[76.2028,24.3048],[76.212,24.3277],[76.2333,24.3345],[76.2379,24.358],[76.2536,24.3598],[76.244,24.3715],[76.2564,24.3818],[76.2461,24.3876],[76.2477,24.3917],[76.2817,24.3965],[76.2664,24.4094],[76.278,24.4085],[76.285,24.4128],[76.2873,24.4505],[76.27,24.456],[76.2609,24.4429],[76.2468,24.4513],[76.2522,24.4641],[76.2461,24.4717],[76.2409,24.4668],[76.2325,24.485],[76.2383,24.4941],[76.2169,24.5162],[76.2298,24.5256],[76.217,24.536],[76.2,24.5375],[76.1974,24.5425],[76.206,24.5555],[76.1991,24.5603],[76.2078,24.567],[76.1998,24.588],[76.2031,24.5953],[76.1931,24.6039],[76.2028,24.6172],[76.1952,24.6201],[76.2042,24.6399],[76.1963,24.6431],[76.1816,24.6321],[76.1933,24.6221],[76.1794,24.6246],[76.1511,24.6443],[76.1267,24.6725],[76.1072,24.6835],[76.1033,24.6903]]]}},{"type":"Feature","properties":{"ac_name":"SALUMBER","ac_no":156,"ac_category":"ST","st_name":"RAJASTHAN"},"geometry":{"type":"Polygon","coordinates":[[[73.7397,24.5113],[73.7416,24.483],[73.7365,24.4751],[73.7238,24.4812],[73.7289,24.4463],[73.7242,24.4253],[73.7346,24.4038],[73.7342,24.3907],[73.7493,24.3951],[73.7533,24.3884],[73.7536,24.3686],[73.7608,24.3479],[73.7583,24.3174],[73.7647,24.291],[73.7348,24.294],[73.7326,24.2631],[73.7035,24.2567],[73.6882,24.2182],[73.7138,24.2187],[73.7354,24.1815],[73.7493,24.184],[73.7553,24.1767],[73.7595,24.1648],[73.7558,24.1437],[73.7694,24.1071],[73.7774,24.0999],[73.7608,24.082],[73.7731,24.0682],[73.7833,24.0641],[73.7849,24.0554],[73.8013,24.0594],[73.8175,24.0796],[73.806,24.0909],[73.8108,24.1012],[73.8416,24.113],[73.8566,24.0946],[73.8627,24.0952],[73.8608,24.0989],[73.8645,24.1009],[73.8743,24.1006],[73.8776,24.1089],[73.8808,24.1078],[73.8869,24.099],[73.878,24.0833],[73.905,24.0706],[73.9003,24.0646],[73.8873,24.0618],[73.877,24.0394],[73.8563,24.0465],[73.8618,24.0213],[73.8708,24.0066],[73.8787,24.0068],[73.889,23.9796],[73.8708,23.9592],[73.9183,23.9854],[73.9407,23.9761],[73.9729,23.9794],[73.9967,23.9683],[74.0411,23.9801],[74.0677,23.9669],[74.0771,23.9684],[74.0783,24.0131],[74.0663,24.0367],[74.0789,24.0442],[74.0916,24.0433],[74.1015,24.0587],[74.0911,24.075],[74.0886,24.0919],[74.1055,24.0942],[74.098,24.1095],[74.0732,24.0953],[74.0739,24.1109],[74.0647,24.1186],[74.067,24.1264],[74.0881,24.1206],[74.0959,24.1389],[74.0795,24.1541],[74.0923,24.1633],[74.0886,24.1684],[74.0963,24.1734],[74.0942,24.1883],[74.1127,24.1894],[74.1111,24.2138],[74.1002,24.2103],[74.101,24.2186],[74.111,24.2447],[74.1397,24.269],[74.1057,24.2852],[74.096,24.2995],[74.1245,24.3093],[74.1308,24.3204],[74.1483,24.3226],[74.1493,24.3383],[74.1476,24.3442],[74.1178,24.3616],[74.1222,24.3743],[74.1045,24.385],[74.0937,24.3984],[74.0819,24.4016],[74.0693,24.3995],[74.0563,24.3875],[74.0481,24.3909],[74.0411,24.4011],[74.0271,24.3933],[74.0017,24.3997],[73.9971,24.3862],[73.9801,24.3864],[73.9659,24.3634],[73.947,24.3909],[73.9337,24.4003],[73.9021,24.3976],[73.8922,24.3902],[73.868,24.4146],[73.8547,24.4459],[73.8287,24.4432],[73.7824,24.4867],[73.7714,24.5031],[73.7397,24.5113]]]}},{"type":"Feature","properties":{"ac_name":"DAG","ac_no":197,"ac_category":"SC","st_name":"RAJASTHAN"},"geometry":{"type":"Polygon","coordinates":[[[75.9178,24.5396],[75.9233,24.5353],[75.9228,24.5233],[75.9126,24.5137],[75.9052,24.5132],[75.9001,24.5192],[75.8864,24.5171],[75.8885,24.5066],[75.9032,24.504],[75.904,24.4968],[75.9115,24.4914],[75.9054,24.472],[75.909,24.455],[75.9025,24.4535],[75.8999,24.442],[75.8574,24.4185],[75.836,24.4147],[75.8249,24.4271],[75.8098,24.4342],[75.8135,24.4619],[75.7891,24.4714],[75.7849,24.4522],[75.7736,24.4497],[75.774,24.4418],[75.7494,24.4245],[75.7559,24.4204],[75.7553,24.4065],[75.7428,24.3977],[75.7279,24.3964],[75.7293,24.378],[75.7379,24.3823],[75.739,24.3782],[75.7375,24.3535],[75.7432,24.3516],[75.7399,24.3321],[75.7573,24.3195],[75.7669,24.2979],[75.7855,24.2967],[75.8017,24.3022],[75.8106,24.2962],[75.8118,24.2857],[75.8182,24.2805],[75.8115,24.275],[75.8115,24.2579],[75.8192,24.2568],[75.8134,24.2453],[75.8179,24.2385],[75.83,24.2336],[75.8155,24.2258],[75.8092,24.2295],[75.8072,24.2176],[75.7948,24.2146],[75.7926,24.2102],[75.7773,24.2098],[75.7721,24.2006],[75.7738,24.1815],[75.7647,24.1754],[75.7507,24.1435],[75.7615,24.1316],[75.764,24.1211],[75.7698,24.1157],[75.7738,24.119],[75.7817,24.1169],[75.7839,24.1071],[75.7908,24.1054],[75.7876,24.0991],[75.7928,24.0918],[75.8054,24.0995],[75.8164,24.0855],[75.8356,24.092],[75.8367,24.057],[75.7816,24.0426],[75.7829,24.022],[75.7751,24.0169],[75.7733,24.0077],[75.7625,24.0099],[75.7685,24.0004],[75.749,24.0004],[75.749,23.9918],[75.7423,23.9924],[75.7411,23.9769],[75.7304,23.9766],[75.7291,23.9699],[75.7173,23.9667],[75.7017,23.9664],[75.6987,23.9876],[75.6871,23.9885],[75.6876,24.0047],[75.6782,24.0069],[75.6713,24.0179],[75.64,23.9978],[75.6071,23.9924],[75.604,23.9953],[75.5955,23.9899],[75.5954,23.9944],[75.5817,23.9912],[75.5794,23.9983],[75.5756,23.9941],[75.5666,24.0069],[75.5404,24.0084],[75.5213,24.0246],[75.4709,23.9784],[75.4594,23.9194],[75.465,23.9121],[75.4918,23.9065],[75.5052,23.8876],[75.5221,23.8847],[75.5638,23.8568],[75.5661,23.8441],[75.5765,23.8423],[75.5795,23.8363],[75.5749,23.8284],[75.5611,23.8317],[75.5592,23.8178],[75.5665,23.8093],[75.5886,23.8097],[75.5839,23.7948],[75.6145,23.8008],[75.6282,23.7953],[75.6543,23.7983],[75.6598,23.7842],[75.6754,23.7818],[75.6866,23.7558],[75.6929,23.7761],[75.7017,23.786],[75.6901,23.8132],[75.6925,23.8162],[75.707,23.811],[75.7214,23.8117],[75.7207,23.8182],[75.7263,23.8208],[75.7189,23.8407],[75.7258,23.842],[75.7363,23.8567],[75.7337,23.8613],[75.7104,23.8625],[75.7089,23.869],[75.7014,23.8728],[75.7061,23.8993],[75.7149,23.8933],[75.7191,23.8973],[75.727,23.8936],[75.7352,23.8982],[75.7402,23.8893],[75.7527,23.8873],[75.7645,23.8755],[75.7617,23.8657],[75.7651,23.8509],[75.7734,23.8481],[75.7833,23.8492],[75.7938,23.867],[75.8174,23.8678],[75.8326,23.8799],[75.8407,23.8746],[75.8448,23.8761],[75.8448,23.8839],[75.853,23.8874],[75.8706,23.8904],[75.8764,23.88],[75.8837,23.8787],[75.8948,23.8893],[75.9134,23.8923],[75.9238,23.8984],[75.9375,23.8966],[75.9447,23.9089],[75.953,23.9117],[75.9553,23.9208],[75.9819,23.9296],[75.98,23.9359],[75.9876,23.9417],[75.9847,23.9747],[75.9676,23.9909],[75.9622,24.0133],[75.9635,24.0186],[75.9715,24.0201],[75.9654,24.068],[75.9576,24.0868],[75.9387,24.1153],[75.9244,24.1187],[75.9152,24.1357],[75.89,24.1418],[75.8915,24.1593],[75.8871,24.1695],[75.8571,24.1758],[75.8562,24.1974],[75.866,24.2252],[75.8894,24.2552],[75.9304,24.3769],[75.9918,24.4233],[76.0039,24.4453],[76.0097,24.4759],[76.0451,24.5321],[76.0551,24.5439],[76.0651,24.5476],[76.0662,24.559],[76.0574,24.5636],[76.0454,24.5704],[76.0427,24.5622],[76.0342,24.562],[76.027,24.5506],[76.0122,24.557],[76.0041,24.5547],[75.9919,24.5599],[75.9868,24.556],[75.961,24.5629],[75.9531,24.5429],[75.9356,24.552],[75.9206,24.5485],[75.9178,24.5396]]]}},{"type":"Feature","properties":{"ac_name":"MANOHAR THANA","ac_no":200,"ac_category":"GEN","st_name":"RAJASTHAN"},"geometry":{"type":"Polygon","coordinates":[[[76.5768,24.4717],[76.5439,24.4847],[76.4803,24.5313],[76.4766,24.5399],[76.4515,24.5469],[76.431,24.5422],[76.3935,24.5454],[76.3599,24.5586],[76.3581,24.5419],[76.3509,24.5387],[76.3453,24.5002],[76.3509,24.4862],[76.3402,24.4811],[76.3402,24.4725],[76.3276,24.4736],[76.3264,24.4694],[76.3261,24.4589],[76.341,24.4531],[76.3389,24.4479],[76.3317,24.4462],[76.3288,24.4315],[76.3483,24.4355],[76.3488,24.4226],[76.3563,24.4238],[76.355,24.4185],[76.3604,24.4198],[76.375,24.4062],[76.379,24.4111],[76.3968,24.4112],[76.4139,24.4216],[76.4082,24.4053],[76.4154,24.4027],[76.4231,24.4109],[76.4208,24.3848],[76.3895,24.3027],[76.3837,24.2713],[76.3634,24.2327],[76.3819,24.221],[76.4016,24.2152],[76.4111,24.2006],[76.4206,24.2086],[76.4164,24.2109],[76.4162,24.2206],[76.4302,24.2213],[76.4506,24.2093],[76.4569,24.214],[76.4631,24.2235],[76.4705,24.2261],[76.4805,24.208],[76.5041,24.2036],[76.5126,24.1674],[76.5229,24.1568],[76.5525,24.1633],[76.5699,24.178],[76.5709,24.1744],[76.5757,24.176],[76.5765,24.1822],[76.5645,24.191],[76.5669,24.2037],[76.5954,24.224],[76.5838,24.2429],[76.5962,24.2437],[76.611,24.2383],[76.6179,24.2588],[76.6372,24.2582],[76.6364,24.2642],[76.6422,24.2693],[76.6636,24.2619],[76.6777,24.2666],[76.681,24.2749],[76.6924,24.2802],[76.6927,24.2864],[76.6938,24.262],[76.7026,24.2426],[76.6849,24.2191],[76.6759,24.1908],[76.692,24.1802],[76.6983,24.1684],[76.7188,24.1585],[76.7259,24.1604],[76.7259,24.1678],[76.7587,24.1676],[76.7599,24.1601],[76.77,24.1604],[76.7901,24.1227],[76.8015,24.1166],[76.812,24.1227],[76.833,24.122],[76.8548,24.1357],[76.8788,24.1356],[76.8789,24.1306],[76.9006,24.1274],[76.9157,24.1734],[76.9159,24.1873],[76.9349,24.1833],[76.947,24.201],[76.9456,24.2058],[76.9222,24.2113],[76.9226,24.2254],[76.9153,24.2291],[76.9121,24.2376],[76.9048,24.2363],[76.8868,24.2456],[76.8876,24.2521],[76.8631,24.2734],[76.8567,24.3037],[76.841,24.3228],[76.8323,24.3576],[76.8511,24.3703],[76.8453,24.3756],[76.8508,24.3828],[76.849,24.3896],[76.8378,24.4071],[76.8504,24.4238],[76.8449,24.4363],[76.8176,24.4345],[76.8162,24.4268],[76.8109,24.4329],[76.7978,24.4336],[76.7918,24.4394],[76.7786,24.4363],[76.7751,24.4429],[76.7604,24.4473],[76.7371,24.4229],[76.7299,24.4215],[76.7257,24.4132],[76.7226,24.4166],[76.7194,24.4124],[76.7146,24.4138],[76.712,24.4031],[76.6996,24.4144],[76.6964,24.4263],[76.6743,24.4389],[76.6509,24.4165],[76.6288,24.4117],[76.606,24.4257],[76.5944,24.4533],[76.5738,24.464],[76.5768,24.4717]]]}},{"type":"Feature","properties":{"ac_name":"DHARIAWAD","ac_no":157,"ac_category":"ST","st_name":"RAJASTHAN"},"geometry":{"type":"Polygon","coordinates":[[[74.0819,24.4016],[74.0937,24.3984],[74.1045,24.385],[74.1222,24.3743],[74.1178,24.3616],[74.1476,24.3442],[74.1493,24.3383],[74.1483,24.3226],[74.1308,24.3204],[74.1245,24.3093],[74.096,24.2995],[74.1057,24.2852],[74.1397,24.269],[74.111,24.2447],[74.101,24.2186],[74.1002,24.2103],[74.1111,24.2138],[74.1127,24.1894],[74.0942,24.1883],[74.0963,24.1734],[74.0886,24.1684],[74.0923,24.1633],[74.0795,24.1541],[74.0959,24.1389],[74.0881,24.1206],[74.067,24.1264],[74.0647,24.1186],[74.0739,24.1109],[74.0732,24.0953],[74.098,24.1095],[74.1055,24.0942],[74.0886,24.0919],[74.0911,24.075],[74.1015,24.0587],[74.0916,24.0433],[74.0789,24.0442],[74.0663,24.0367],[74.0783,24.0131],[74.0771,23.9684],[74.093,23.9894],[74.1149,23.9886],[74.144,24.0086],[74.154,24.0108],[74.1609,24.0051],[74.1641,23.9726],[74.1972,23.9557],[74.219,23.9072],[74.2683,23.9352],[74.274,23.9559],[74.2835,23.9578],[74.2944,23.9535],[74.2998,23.9627],[74.3168,23.9409],[74.3323,23.9395],[74.3382,23.9348],[74.3564,23.933],[74.3636,23.9363],[74.3806,23.905],[74.4,23.9019],[74.4143,23.909],[74.4321,23.9051],[74.4478,23.92],[74.4765,23.9249],[74.4838,23.9206],[74.4922,23.8973],[74.5225,23.8816],[74.5239,23.8672],[74.5386,23.8702],[74.5495,23.8792],[74.5503,23.8892],[74.5393,23.892],[74.5264,23.9465],[74.5223,23.955],[74.515,23.9569],[74.5074,23.9768],[74.511,23.9841],[74.5269,23.9922],[74.5307,24.0053],[74.5277,24.0182],[74.5335,24.0238],[74.5411,24.0232],[74.5459,24.0324],[74.5346,24.0548],[74.5504,24.0615],[74.5517,24.0835],[74.5586,24.0995],[74.5564,24.1205],[74.53,24.1549],[74.4943,24.1725],[74.4957,24.1877],[74.4848,24.2261],[74.4785,24.2261],[74.4764,24.2189],[74.4584,24.2195],[74.4536,24.2318],[74.4302,24.2521],[74.4281,24.2865],[74.4189,24.2889],[74.3799,24.2808],[74.368,24.2836],[74.3723,24.2967],[74.3785,24.2986],[74.3691,24.2994],[74.3615,24.3176],[74.3622,24.3272],[74.3561,24.3375],[74.3626,24.3449],[74.3554,24.3494],[74.3543,24.3386],[74.3443,24.3357],[74.3508,24.347],[74.3343,24.3437],[74.3436,24.3531],[74.3105,24.3611],[74.3129,24.3753],[74.3017,24.3856],[74.2788,24.3952],[74.2589,24.3937],[74.2288,24.4101],[74.2163,24.4245],[74.1821,24.4174],[74.1734,24.4114],[74.1626,24.419],[74.153,24.4032],[74.1523,24.3923],[74.1339,24.384],[74.1282,24.3967],[74.1314,24.416],[74.1233,24.4217],[74.1084,24.42],[74.0819,24.4016]]]}},{"type":"Feature","properties":{"ac_name":"KHERWARA","ac_no":151,"ac_category":"ST","st_name":"RAJASTHAN"},"geometry":{"type":"Polygon","coordinates":[[[73.6882,24.2182],[73.6632,24.1975],[73.64,24.1911],[73.608,24.252],[73.5937,24.2429],[73.5809,24.2421],[73.5624,24.2583],[73.5548,24.257],[73.537,24.2367],[73.5318,24.2083],[73.5149,24.1874],[73.4698,24.1724],[73.4131,24.1813],[73.3956,24.1696],[73.3819,24.1337],[73.3679,24.128],[73.361,24.1043],[73.3616,24.104],[73.3608,24.081],[73.3857,24.0652],[73.4047,24.0409],[73.3986,24.0368],[73.4082,24.0077],[73.4042,23.994],[73.3979,23.9894],[73.4048,23.9906],[73.4151,23.9854],[73.4134,23.9387],[73.4209,23.9307],[73.4202,23.9248],[73.4091,23.9215],[73.4065,23.9163],[73.3889,23.9167],[73.3783,23.9037],[73.3538,23.8528],[73.3675,23.8396],[73.3649,23.8237],[73.368,23.8222],[73.3626,23.8126],[73.3742,23.8137],[73.3791,23.8072],[73.3817,23.8121],[73.402,23.8026],[73.4116,23.8081],[73.4152,23.8259],[73.4226,23.8274],[73.4313,23.8372],[73.4637,23.8398],[73.4698,23.8469],[73.4715,23.8693],[73.4823,23.8696],[73.4979,23.9084],[73.5148,23.9298],[73.5453,23.9348],[73.5731,23.9622],[73.5767,23.9577],[73.5874,23.965],[73.5978,23.9633],[73.6116,23.9626],[73.6366,23.9461],[73.6512,23.9429],[73.6635,23.9501],[73.6713,23.9397],[73.6933,23.9571],[73.7059,23.9502],[73.7294,23.946],[73.7352,23.9397],[73.7518,23.9481],[73.77,23.9355],[73.7814,23.9405],[73.7874,23.9478],[73.8058,23.9441],[73.8104,23.9352],[73.8201,23.9407],[73.8348,23.934],[73.8543,23.9354],[73.8708,23.9592],[73.889,23.9796],[73.8787,24.0068],[73.8708,24.0066],[73.8618,24.0213],[73.8563,24.0465],[73.877,24.0394],[73.8873,24.0618],[73.9003,24.0646],[73.905,24.0706],[73.878,24.0833],[73.8869,24.099],[73.8808,24.1078],[73.8776,24.1089],[73.8743,24.1006],[73.8645,24.1009],[73.8608,24.0989],[73.8627,24.0952],[73.8566,24.0946],[73.8416,24.113],[73.8108,24.1012],[73.806,24.0909],[73.8175,24.0796],[73.8013,24.0594],[73.7849,24.0554],[73.7833,24.0641],[73.7731,24.0682],[73.7608,24.082],[73.7774,24.0999],[73.7694,24.1071],[73.7558,24.1437],[73.7595,24.1648],[73.7553,24.1767],[73.7493,24.184],[73.7354,24.1815],[73.7138,24.2187],[73.6882,24.2182]]]}},{"type":"Feature","properties":{"ac_name":"PRATAPGARH","ac_no":172,"ac_category":"ST","st_name":"RAJASTHAN"},"geometry":{"type":"Polygon","coordinates":[[[74.9099,24.2098],[74.898,24.214],[74.8968,24.2269],[74.8896,24.2286],[74.8843,24.2247],[74.875,24.2256],[74.8738,24.2067],[74.8685,24.2033],[74.8674,24.208],[74.8603,24.2088],[74.8236,24.202],[74.8226,24.1867],[74.8122,24.1848],[74.8086,24.1685],[74.8353,24.1699],[74.8399,24.1553],[74.8268,24.148],[74.8219,24.1512],[74.7937,24.1431],[74.7861,24.1532],[74.7544,24.1512],[74.7541,24.1366],[74.7478,24.1284],[74.7665,24.1101],[74.777,24.1142],[74.7844,24.1067],[74.7795,24.0927],[74.7609,24.0972],[74.7543,24.0749],[74.738,24.0607],[74.7174,24.0515],[74.7188,24.0468],[74.7034,24.0437],[74.695,24.02],[74.68,24.0257],[74.6622,24.0169],[74.6585,24.0084],[74.6426,23.9984],[74.637,24.0065],[74.6243,24.0028],[74.6094,24.005],[74.6137,23.9935],[74.608,23.9756],[74.5893,23.9655],[74.5871,23.954],[74.574,23.9511],[74.5557,23.9541],[74.5264,23.9465],[74.5393,23.892],[74.5503,23.8892],[74.5495,23.8792],[74.5532,23.8716],[74.5727,23.8678],[74.6317,23.8748],[74.6435,23.8843],[74.6567,23.8804],[74.6655,23.8887],[74.6873,23.8889],[74.7006,23.8761],[74.6984,23.8712],[74.7244,23.8572],[74.7277,23.8593],[74.731,23.8542],[74.7458,23.8519],[74.7534,23.8426],[74.7629,23.8423],[74.782,23.8226],[74.7873,23.8016],[74.7804,23.788],[74.7732,23.7864],[74.7757,23.7759],[74.7561,23.7528],[74.7545,23.7466],[74.7604,23.7384],[74.7543,23.7304],[74.7546,23.7225],[74.7502,23.7156],[74.7423,23.7196],[74.7415,23.7141],[74.6994,23.7103],[74.6906,23.6546],[74.6973,23.6376],[74.7172,23.617],[74.7236,23.6142],[74.7341,23.6176],[74.7679,23.595],[74.7706,23.5842],[74.763,23.5713],[74.7711,23.5425],[74.7941,23.5508],[74.8028,23.5326],[74.8108,23.541],[74.8239,23.5424],[74.8291,23.5505],[74.8472,23.5517],[74.8568,23.5737],[74.8733,23.5769],[74.8699,23.5916],[74.88,23.595],[74.8822,23.6059],[74.8938,23.6094],[74.9029,23.6246],[74.9153,23.6179],[74.9365,23.6283],[74.936,23.6392],[74.928,23.6414],[74.9239,23.6505],[74.9217,23.6662],[74.908,23.6707],[74.8996,23.6837],[74.9215,23.6944],[74.9201,23.719],[74.9244,23.7182],[74.9284,23.7277],[74.9363,23.7294],[74.9246,23.756],[74.9341,23.7577],[74.94,23.7644],[74.9242,23.7963],[74.9036,23.7946],[74.9114,23.8266],[74.9087,23.8343],[74.9135,23.8425],[74.9032,23.853],[74.9025,23.8725],[74.908,23.8815],[74.9108,23.9072],[74.9205,23.9187],[74.9163,23.9314],[74.9278,23.9386],[74.9305,23.9568],[74.9591,23.9721],[74.9646,24.0051],[74.9821,24.0256],[74.9739,24.0396],[74.9609,24.0387],[74.9599,24.0457],[74.9392,24.0535],[74.9406,24.0692],[74.9207,24.0772],[74.9177,24.0979],[74.9033,24.1087],[74.9059,24.1155],[74.9079,24.1209],[74.9012,24.1269],[74.8959,24.1576],[74.8798,24.1734],[74.8843,24.1821],[74.9014,24.1935],[74.9099,24.2098]]]}},{"type":"Feature","properties":{"ac_name":"ASPUR","ac_no":159,"ac_category":"ST","st_name":"RAJASTHAN"},"geometry":{"type":"Polygon","coordinates":[[[74.0771,23.9684],[74.0677,23.9669],[74.0411,23.9801],[73.9967,23.9683],[73.9729,23.9794],[73.9407,23.9761],[73.9183,23.9854],[73.8708,23.9592],[73.8543,23.9354],[73.8348,23.934],[73.8201,23.9407],[73.8104,23.9352],[73.8058,23.9441],[73.7874,23.9478],[73.7814,23.9405],[73.7799,23.9333],[73.764,23.9203],[73.7646,23.9066],[73.7837,23.9123],[73.8047,23.8961],[73.8252,23.9035],[73.8378,23.8945],[73.8265,23.8492],[73.8155,23.8495],[73.8143,23.871],[73.8091,23.863],[73.7957,23.8567],[73.7848,23.8595],[73.7919,23.8688],[73.769,23.8604],[73.7447,23.8976],[73.7073,23.8957],[73.7094,23.8854],[73.7504,23.8672],[73.7577,23.8571],[73.7426,23.8365],[73.7413,23.8207],[73.7209,23.8031],[73.7186,23.8077],[73.7297,23.8332],[73.7203,23.8429],[73.7334,23.8532],[73.7327,23.8594],[73.7193,23.8707],[73.7052,23.8699],[73.6937,23.875],[73.6838,23.8575],[73.6879,23.8454],[73.6989,23.8414],[73.7054,23.8289],[73.6985,23.7937],[73.6894,23.7787],[73.7044,23.7715],[73.7116,23.7801],[73.7151,23.7771],[73.7667,23.7363],[73.7807,23.7374],[73.7978,23.7506],[73.8316,23.7171],[73.8419,23.7172],[73.8523,23.738],[73.8487,23.7618],[73.86,23.7662],[73.884,23.8043],[73.8979,23.806],[73.9113,23.793],[73.9307,23.789],[73.9511,23.7955],[73.9534,23.8031],[73.9742,23.7951],[73.9908,23.8043],[74.0074,23.7881],[74.037,23.7844],[74.0511,23.792],[74.1092,23.8039],[74.1332,23.7909],[74.1358,23.7676],[74.1513,23.7885],[74.1754,23.7952],[74.1952,23.7979],[74.2154,23.8114],[74.2357,23.8155],[74.2856,23.8406],[74.2974,23.8552],[74.3155,23.8577],[74.3374,23.8791],[74.3559,23.8844],[74.3562,23.9007],[74.3747,23.8999],[74.3806,23.905],[74.3636,23.9363],[74.3564,23.933],[74.3382,23.9348],[74.3323,23.9395],[74.3168,23.9409],[74.2998,23.9627],[74.2944,23.9535],[74.2835,23.9578],[74.274,23.9559],[74.2683,23.9352],[74.219,23.9072],[74.1972,23.9557],[74.1641,23.9726],[74.1609,24.0051],[74.154,24.0108],[74.144,24.0086],[74.1149,23.9886],[74.093,23.9894],[74.0771,23.9684]]]}},{"type":"Feature","properties":{"ac_name":"DUNGARPUR","ac_no":158,"ac_category":"ST","st_name":"RAJASTHAN"},"geometry":{"type":"Polygon","coordinates":[[[73.5911,23.6539],[73.5842,23.6965],[73.6148,23.7032],[73.647,23.6852],[73.6795,23.6974],[73.6588,23.7208],[73.6745,23.748],[73.6863,23.747],[73.6979,23.7267],[73.7049,23.725],[73.7253,23.744],[73.7085,23.7584],[73.6832,23.7713],[73.6894,23.7787],[73.6985,23.7937],[73.7054,23.8289],[73.6989,23.8414],[73.6879,23.8454],[73.6838,23.8575],[73.6937,23.875],[73.7052,23.8699],[73.7193,23.8707],[73.7327,23.8594],[73.7334,23.8532],[73.7203,23.8429],[73.7297,23.8332],[73.7186,23.8077],[73.7209,23.8031],[73.7413,23.8207],[73.7426,23.8365],[73.7577,23.8571],[73.7504,23.8672],[73.7094,23.8854],[73.7073,23.8957],[73.7447,23.8976],[73.769,23.8604],[73.7919,23.8688],[73.7848,23.8595],[73.7957,23.8567],[73.8091,23.863],[73.8143,23.871],[73.8155,23.8495],[73.8265,23.8492],[73.8378,23.8945],[73.8252,23.9035],[73.8047,23.8961],[73.7837,23.9123],[73.7646,23.9066],[73.764,23.9203],[73.7799,23.9333],[73.7814,23.9405],[73.77,23.9355],[73.7518,23.9481],[73.7352,23.9397],[73.7294,23.946],[73.7059,23.9502],[73.6933,23.9571],[73.6713,23.9397],[73.6635,23.9501],[73.6512,23.9429],[73.6366,23.9461],[73.6116,23.9626],[73.5978,23.9633],[73.5874,23.965],[73.5767,23.9577],[73.5731,23.9622],[73.5453,23.9348],[73.5148,23.9298],[73.4979,23.9084],[73.4823,23.8696],[73.4715,23.8693],[73.4698,23.8469],[73.4637,23.8398],[73.4313,23.8372],[73.4226,23.8274],[73.4152,23.8259],[73.4116,23.8081],[73.402,23.8026],[73.3817,23.8121],[73.3791,23.8072],[73.3742,23.8137],[73.3626,23.8126],[73.3517,23.7914],[73.3634,23.7819],[73.3713,23.7705],[73.3701,23.7653],[73.3826,23.768],[73.3868,23.7771],[73.4004,23.785],[73.4123,23.7797],[73.4185,23.7763],[73.4167,23.77],[73.425,23.7611],[73.4479,23.7529],[73.4491,23.7348],[73.4568,23.7334],[73.471,23.7204],[73.4736,23.7054],[73.5071,23.703],[73.504,23.6566],[73.4969,23.6493],[73.5089,23.6441],[73.494,23.6322],[73.5037,23.6244],[73.5036,23.6182],[73.5236,23.6069],[73.5331,23.6192],[73.5491,23.6284],[73.5683,23.6527],[73.589,23.6539],[73.5911,23.6539]]]}},{"type":"Feature","properties":{"ac_name":"GHATOL","ac_no":162,"ac_category":"ST","st_name":"RAJASTHAN"},"geometry":{"type":"Polygon","coordinates":[[[74.5495,23.8792],[74.5386,23.8702],[74.5239,23.8672],[74.5225,23.8816],[74.4922,23.8973],[74.4838,23.9206],[74.4765,23.9249],[74.4478,23.92],[74.4321,23.9051],[74.4143,23.909],[74.4,23.9019],[74.3806,23.905],[74.3747,23.8999],[74.3562,23.9007],[74.3559,23.8844],[74.3374,23.8791],[74.3155,23.8577],[74.2974,23.8552],[74.2856,23.8406],[74.2357,23.8155],[74.2154,23.8114],[74.1952,23.7979],[74.1754,23.7952],[74.1742,23.7865],[74.1913,23.7734],[74.206,23.7683],[74.2352,23.7448],[74.2486,23.7213],[74.2632,23.7169],[74.2888,23.6891],[74.3186,23.6986],[74.3281,23.6974],[74.3402,23.6301],[74.3947,23.5878],[74.4029,23.5905],[74.4093,23.6111],[74.4218,23.6221],[74.4331,23.6236],[74.4629,23.6153],[74.4783,23.6317],[74.4894,23.6245],[74.5045,23.6276],[74.539,23.6185],[74.5554,23.6207],[74.5713,23.6293],[74.5886,23.6261],[74.6218,23.646],[74.6477,23.6421],[74.666,23.6668],[74.6906,23.6546],[74.6994,23.7103],[74.7415,23.7141],[74.7423,23.7196],[74.7502,23.7156],[74.7546,23.7225],[74.7543,23.7304],[74.7604,23.7384],[74.7545,23.7466],[74.7561,23.7528],[74.7757,23.7759],[74.7732,23.7864],[74.7804,23.788],[74.7873,23.8016],[74.782,23.8226],[74.7629,23.8423],[74.7534,23.8426],[74.7458,23.8519],[74.731,23.8542],[74.7277,23.8593],[74.7244,23.8572],[74.6984,23.8712],[74.7006,23.8761],[74.6873,23.8889],[74.6655,23.8887],[74.6567,23.8804],[74.6435,23.8843],[74.6317,23.8748],[74.5727,23.8678],[74.5532,23.8716],[74.5495,23.8792]]]}},{"type":"Feature","properties":{"ac_name":"SAGWARA","ac_no":160,"ac_category":"ST","st_name":"RAJASTHAN"},"geometry":{"type":"Polygon","coordinates":[[[73.8979,23.806],[73.884,23.8043],[73.86,23.7662],[73.8487,23.7618],[73.8523,23.738],[73.8419,23.7172],[73.8472,23.7071],[73.8475,23.674],[73.8977,23.5981],[73.9034,23.5558],[73.8869,23.5452],[73.8841,23.5357],[73.9072,23.4792],[73.9244,23.465],[73.9625,23.4624],[73.9683,23.4466],[73.963,23.433],[73.9674,23.417],[73.9844,23.4232],[73.9953,23.4197],[74.0129,23.4452],[74.0103,23.4683],[74.017,23.4809],[74.0314,23.5486],[74.0606,23.5673],[74.0662,23.5945],[74.0731,23.6032],[74.1074,23.6052],[74.1169,23.6112],[74.1282,23.6438],[74.1266,23.6775],[74.1336,23.6924],[74.1186,23.7225],[74.1297,23.7368],[74.1358,23.7676],[74.1332,23.7909],[74.1092,23.8039],[74.0511,23.792],[74.037,23.7844],[74.0074,23.7881],[73.9908,23.8043],[73.9742,23.7951],[73.9534,23.8031],[73.9511,23.7955],[73.9307,23.789],[73.9113,23.793],[73.8979,23.806]]]}},{"type":"Feature","properties":{"ac_name":"CHORASI","ac_no":161,"ac_category":"ST","st_name":"RAJASTHAN"},"geometry":{"type":"Polygon","coordinates":[[[73.7151,23.7771],[73.7116,23.7801],[73.7044,23.7715],[73.6894,23.7787],[73.6832,23.7713],[73.7085,23.7584],[73.7253,23.744],[73.7049,23.725],[73.6979,23.7267],[73.6863,23.747],[73.6745,23.748],[73.6588,23.7208],[73.6795,23.6974],[73.647,23.6852],[73.6148,23.7032],[73.5842,23.6965],[73.5911,23.6539],[73.5939,23.6538],[73.6156,23.6518],[73.6404,23.6282],[73.6554,23.6209],[73.6433,23.5936],[73.6475,23.5745],[73.6442,23.5715],[73.6495,23.5678],[73.6371,23.5652],[73.6331,23.529],[73.6508,23.5179],[73.6562,23.5065],[73.6497,23.4964],[73.6402,23.4955],[73.6401,23.4818],[73.6274,23.4485],[73.6363,23.4487],[73.6473,23.4363],[73.6736,23.4538],[73.6975,23.4565],[73.7068,23.4456],[73.7052,23.438],[73.7117,23.4351],[73.708,23.4223],[73.7207,23.4104],[73.7213,23.4106],[73.7288,23.423],[73.75,23.4407],[73.7555,23.4542],[73.7672,23.4529],[73.7727,23.4379],[73.7863,23.4301],[73.8023,23.4373],[73.8188,23.4385],[73.8284,23.4476],[73.8331,23.4352],[73.8302,23.4262],[73.8636,23.3894],[73.8618,23.3836],[73.8692,23.3819],[73.8677,23.378],[73.8732,23.3791],[73.8759,23.3615],[73.8924,23.3509],[73.8897,23.3362],[73.8936,23.333],[73.9355,23.3394],[73.9394,23.3446],[73.9375,23.3668],[73.9575,23.3793],[73.9776,23.396],[73.9822,23.4127],[73.9953,23.4197],[73.9844,23.4232],[73.9674,23.417],[73.963,23.433],[73.9683,23.4466],[73.9625,23.4624],[73.9244,23.465],[73.9072,23.4792],[73.8841,23.5357],[73.8869,23.5452],[73.9034,23.5558],[73.8977,23.5981],[73.8475,23.674],[73.8472,23.7071],[73.8419,23.7172],[73.8316,23.7171],[73.7978,23.7506],[73.7807,23.7374],[73.7667,23.7363],[73.7151,23.7771]]]}},{"type":"Feature","properties":{"ac_name":"GARHI","ac_no":163,"ac_category":"ST","st_name":"RAJASTHAN"},"geometry":{"type":"GeometryCollection","geometries":[{"type":"Polygon","coordinates":[[[74.3947,23.5878,0],[74.4029,23.5905,0],[74.4093,23.6111,0],[74.4218,23.6221,0],[74.4331,23.6236,0],[74.4629,23.6153,0],[74.4637,23.6104,0],[74.4484,23.6039,0],[74.4411,23.6095,0],[74.4305,23.6093,0],[74.4347,23.5989,0],[74.4428,23.6002,0],[74.4534,23.5799,0],[74.4432,23.5842,0],[74.4277,23.5821,0],[74.3947,23.5878,0]]]},{"type":"Polygon","coordinates":[[[74.3947,23.5878,0],[74.3944,23.5773,0],[74.3876,23.5757,0],[74.3816,23.5637,0],[74.3841,23.5567,0],[74.4028,23.5538,0],[74.4058,23.5479,0],[74.3734,23.5407,0],[74.3713,23.5455,0],[74.3596,23.5276,0],[74.3122,23.5096,0],[74.2813,23.4937,0],[74.2707,23.4749,0],[74.2448,23.467,0],[74.2167,23.4352,0],[74.1696,23.4564,0],[74.1289,23.4601,0],[74.0734,23.4302,0],[74.0192,23.4162,0],[73.9822,23.4127,0],[73.9953,23.4197,0],[74.0129,23.4452,0],[74.0103,23.4683,0],[74.017,23.4809,0],[74.0314,23.5486,0],[74.0606,23.5673,0],[74.0662,23.5945,0],[74.0731,23.6032,0],[74.1074,23.6052,0],[74.1169,23.6112,0],[74.1282,23.6438,0],[74.1266,23.6775,0],[74.1336,23.6924,0],[74.1186,23.7225,0],[74.1297,23.7368,0],[74.1358,23.7676,0],[74.1513,23.7885,0],[74.1754,23.7952,0],[74.1742,23.7865,0],[74.1913,23.7734,0],[74.206,23.7683,0],[74.2352,23.7448,0],[74.2486,23.7213,0],[74.2632,23.7169,0],[74.2888,23.6891,0],[74.3186,23.6986,0],[74.3281,23.6974,0],[74.3402,23.6301,0],[74.3947,23.5878,0]]]}]}},{"type":"Feature","properties":{"ac_name":"BANSWARA","ac_no":164,"ac_category":"ST","st_name":"RAJASTHAN"},"geometry":{"type":"Polygon","coordinates":[[[74.4629,23.6153],[74.4637,23.6104],[74.4484,23.6039],[74.4411,23.6095],[74.4305,23.6093],[74.4347,23.5989],[74.4428,23.6002],[74.4534,23.5799],[74.4432,23.5842],[74.4277,23.5821],[74.3947,23.5878],[74.3944,23.5773],[74.3876,23.5757],[74.3816,23.5637],[74.3841,23.5567],[74.4028,23.5538],[74.4058,23.5479],[74.3734,23.5407],[74.3713,23.5455],[74.3596,23.5276],[74.3122,23.5096],[74.3438,23.4903],[74.3408,23.4775],[74.3378,23.461],[74.3577,23.4336],[74.382,23.429],[74.3941,23.4181],[74.4073,23.4188],[74.4143,23.4062],[74.4472,23.407],[74.4379,23.379],[74.4113,23.3542],[74.4132,23.337],[74.4238,23.324],[74.4698,23.3386],[74.5136,23.344],[74.5309,23.3381],[74.5301,23.3307],[74.5399,23.3352],[74.5398,23.3619],[74.547,23.3648],[74.5574,23.3618],[74.5591,23.3712],[74.5689,23.3762],[74.5665,23.386],[74.5731,23.3963],[74.5723,23.4206],[74.5873,23.4264],[74.5943,23.4239],[74.5992,23.4286],[74.5991,23.4365],[74.6099,23.4513],[74.6037,23.4571],[74.613,23.462],[74.632,23.4612],[74.6328,23.4694],[74.6387,23.4634],[74.6519,23.462],[74.6665,23.4779],[74.6658,23.4823],[74.6811,23.4847],[74.6802,23.4945],[74.7033,23.5049],[74.7185,23.5032],[74.7284,23.4962],[74.739,23.5136],[74.735,23.5204],[74.7618,23.521],[74.7709,23.5423],[74.7711,23.5425],[74.763,23.5713],[74.7706,23.5842],[74.7679,23.595],[74.7341,23.6176],[74.7236,23.6142],[74.7172,23.617],[74.6973,23.6376],[74.6906,23.6546],[74.666,23.6668],[74.6477,23.6421],[74.6218,23.646],[74.5886,23.6261],[74.5713,23.6293],[74.5554,23.6207],[74.539,23.6185],[74.5045,23.6276],[74.4894,23.6245],[74.4783,23.6317],[74.4629,23.6153]]]}},{"type":"Feature","properties":{"ac_name":"BAGIDORA","ac_no":165,"ac_category":"ST","st_name":"RAJASTHAN"},"geometry":{"type":"Polygon","coordinates":[[[74.2414,23.1815],[74.259,23.1889],[74.2467,23.2069],[74.2467,23.2344],[74.2387,23.2554],[74.2412,23.2935],[74.2566,23.3047],[74.252,23.3248],[74.2663,23.3223],[74.2775,23.3277],[74.2929,23.3264],[74.3077,23.3315],[74.3821,23.3349],[74.391,23.3313],[74.4132,23.337],[74.4113,23.3542],[74.4379,23.379],[74.4472,23.407],[74.4143,23.4062],[74.4073,23.4188],[74.3941,23.4181],[74.382,23.429],[74.3577,23.4336],[74.3378,23.461],[74.3408,23.4775],[74.3438,23.4903],[74.3122,23.5096],[74.2813,23.4937],[74.2707,23.4749],[74.2448,23.467],[74.2167,23.4352],[74.1696,23.4564],[74.1289,23.4601],[74.0734,23.4302],[74.0192,23.4162],[73.9822,23.4127],[73.9776,23.396],[73.9575,23.3793],[73.9614,23.3725],[73.9753,23.3715],[73.9802,23.3622],[73.9811,23.3382],[73.9992,23.3356],[74.0287,23.3316],[74.0248,23.321],[74.0331,23.3059],[74.0449,23.3087],[74.0382,23.2934],[74.086,23.298],[74.1006,23.2937],[74.1092,23.2743],[74.1327,23.2661],[74.1301,23.2438],[74.1343,23.2229],[74.1285,23.2165],[74.1299,23.2111],[74.1192,23.2041],[74.1165,23.1847],[74.1208,23.1771],[74.1411,23.1731],[74.153,23.1522],[74.1544,23.1564],[74.1661,23.1558],[74.1787,23.1474],[74.1852,23.1566],[74.1828,23.1674],[74.1883,23.1781],[74.2052,23.1898],[74.2316,23.1774],[74.2411,23.1826],[74.2414,23.1815]]]}},{"type":"Feature","properties":{"ac_name":"KUSHALGARH","ac_no":166,"ac_category":"ST","st_name":"RAJASTHAN"},"geometry":{"type":"Polygon","coordinates":[[[74.3189,23.0586],[74.3416,23.0678],[74.3559,23.0797],[74.3563,23.0886],[74.3862,23.1114],[74.4063,23.1119],[74.4216,23.1043],[74.4323,23.1048],[74.4407,23.0906],[74.4638,23.0817],[74.4892,23.0876],[74.5059,23.0851],[74.5105,23.0946],[74.5281,23.0977],[74.5449,23.1091],[74.5392,23.1293],[74.569,23.1326],[74.5854,23.1399],[74.5962,23.1378],[74.6076,23.1433],[74.6181,23.1504],[74.6246,23.1617],[74.6491,23.1752],[74.6712,23.1999],[74.6814,23.1938],[74.7151,23.1907],[74.7434,23.2105],[74.7407,23.2182],[74.7488,23.2255],[74.7412,23.2264],[74.7264,23.2149],[74.7154,23.2189],[74.7021,23.2143],[74.6918,23.219],[74.6914,23.2253],[74.715,23.2363],[74.7125,23.2504],[74.6986,23.2573],[74.6997,23.2687],[74.6919,23.2657],[74.6767,23.2737],[74.6473,23.2553],[74.6381,23.2554],[74.6268,23.2587],[74.6247,23.2738],[74.6175,23.2791],[74.6075,23.2824],[74.5988,23.2769],[74.5857,23.2777],[74.5733,23.2896],[74.5743,23.2951],[74.5635,23.2931],[74.5576,23.2792],[74.5466,23.2771],[74.5397,23.2999],[74.5343,23.3006],[74.5276,23.3112],[74.5299,23.3206],[74.5143,23.3163],[74.5137,23.3279],[74.5301,23.3307],[74.5309,23.3381],[74.5136,23.344],[74.4698,23.3386],[74.4238,23.324],[74.4132,23.337],[74.391,23.3313],[74.3821,23.3349],[74.3077,23.3315],[74.2929,23.3264],[74.2775,23.3277],[74.2663,23.3223],[74.252,23.3248],[74.2566,23.3047],[74.2412,23.2935],[74.2387,23.2554],[74.2467,23.2344],[74.2467,23.2069],[74.259,23.1889],[74.2414,23.1815],[74.2418,23.1805],[74.2469,23.1718],[74.2675,23.1583],[74.2744,23.1307],[74.2871,23.117],[74.2771,23.0993],[74.2789,23.0921],[74.3073,23.0777],[74.3189,23.0587],[74.3189,23.0586]]]}},{"type":"Feature","properties":{"ac_name":"SANGANER","ac_no":55,"ac_category":"GEN","st_name":"RAJASTHAN"},"geometry":{"type":"Polygon","coordinates":[[[75.7986,26.9114],[75.7993,26.9181],[75.7944,26.9202],[75.7976,26.932],[75.7881,26.9355],[75.7851,26.9328],[75.7791,26.9306],[75.7788,26.936],[75.7718,26.9368],[75.7329,26.9418],[75.7343,26.9127],[75.7468,26.9117],[75.754,26.8933],[75.7479,26.89],[75.7541,26.88],[75.7604,26.8782],[75.764,26.8911],[75.772,26.898],[75.7924,26.8981],[75.7896,26.8828],[75.7991,26.8791],[75.8096,26.8929],[75.8204,26.8981],[75.8,26.9024],[75.7986,26.9114]]]}},{"type":"Feature","properties":{"ac_name":"MALVIYA NAGAR","ac_no":54,"ac_category":"GEN","st_name":"RAJASTHAN"},"geometry":{"type":"Polygon","coordinates":[[[75.8309,26.9296],[75.8268,26.932],[75.8354,26.9357],[75.8231,26.9388],[75.8283,26.9457],[75.8174,26.9475],[75.8097,26.9403],[75.7993,26.9437],[75.7862,26.9413],[75.7851,26.9328],[75.7881,26.9355],[75.7976,26.932],[75.7944,26.9202],[75.7993,26.9181],[75.7986,26.9114],[75.822,26.9153],[75.8217,26.9246],[75.8309,26.9296]]]}},{"type":"Feature","properties":{"ac_name":"KISHAN POLE","ac_no":52,"ac_category":"GEN","st_name":"RAJASTHAN"},"geometry":{"type":"Polygon","coordinates":[[[75.8283,26.9457],[75.8419,26.9456],[75.8359,26.9507],[75.8221,26.9511],[75.8249,26.9553],[75.8139,26.9587],[75.8086,26.9573],[75.8171,26.9526],[75.8075,26.9511],[75.8174,26.9475],[75.8283,26.9457]]]}},{"type":"Feature","properties":{"ac_name":"ADARSH NAGAR","ac_no":53,"ac_category":"GEN","st_name":"RAJASTHAN"},"geometry":{"type":"Polygon","coordinates":[[[75.8419,26.9456],[75.8283,26.9457],[75.8231,26.9388],[75.8354,26.9357],[75.8268,26.932],[75.8309,26.9296],[75.8365,26.9259],[75.878,26.9299],[75.8663,26.9409],[75.8419,26.9456]]]}},{"type":"Feature","properties":{"ac_name":"HAWA MAHAL","ac_no":49,"ac_category":"GEN","st_name":"RAJASTHAN"},"geometry":{"type":"Polygon","coordinates":[[[75.8139,26.9587],[75.8249,26.9553],[75.8221,26.9511],[75.8359,26.9507],[75.8419,26.9456],[75.8663,26.9409],[75.8593,26.9711],[75.8433,26.9766],[75.8172,26.9796],[75.8116,26.9676],[75.8163,26.9632],[75.8139,26.9587]]]}},{"type":"Feature","properties":{"ac_name":"CIVIL LINES","ac_no":51,"ac_category":"GEN","st_name":"RAJASTHAN"},"geometry":{"type":"Polygon","coordinates":[[[75.8116,26.9676],[75.7978,26.9621],[75.8032,26.9606],[75.8011,26.9532],[75.788,26.9601],[75.7875,26.9646],[75.7721,26.9574],[75.7878,26.9523],[75.7864,26.9472],[75.7732,26.9446],[75.7718,26.9368],[75.7788,26.936],[75.7791,26.9306],[75.7851,26.9328],[75.7862,26.9413],[75.7993,26.9437],[75.8097,26.9403],[75.8174,26.9475],[75.8075,26.9511],[75.8171,26.9526],[75.8086,26.9573],[75.8139,26.9587],[75.8163,26.9632],[75.8116,26.9676]]]}}]}