{"type":"FeatureCollection","features":[{"type":"Feature","properties":{"ac_name":"GANGOTRI","ac_no":3,"ac_category":"GEN","st_name":"UTTARAKHAND"},"geometry":{"type":"Polygon","coordinates":[[[78.647715994061,31.21408416030831],[78.63147740642448,31.19527492419219],[78.59588606533268,31.17174207993966],[78.58669297670691,31.15204101231763],[78.5907489205434,31.13544492452186],[78.56871568919229,31.1171551620897],[78.56536581001436,31.1024341934889],[78.58356518922939,31.09596785804209],[78.58335911862898,31.08196268903388],[78.60119062674289,31.05512319879046],[78.59799463010991,31.04320034352747],[78.58417613414849,31.025891746099],[78.56972244450493,31.01904871893406],[78.56620371601164,31.00897797071718],[78.57777774471876,30.98409168159672],[78.58642153821873,30.98169715571913],[78.5809059933148,30.97143799899564],[78.58807987829368,30.96285944728562],[78.58569955304726,30.94773133587774],[78.56700294925825,30.94666821724669],[78.55488554157931,30.93071528442126],[78.52592450232089,30.92208254721358],[78.50938285508236,30.90300074153947],[78.46253701388008,30.8965668066433],[78.45639290566811,30.89041400173052],[78.43970615804146,30.8868264703868],[78.41739195134494,30.89232601201842],[78.40205349234216,30.88597587018899],[78.38616022213485,30.87282694543204],[78.38766698134168,30.85077371174403],[78.35400437367743,30.83235214760488],[78.34027920334087,30.83175708743531],[78.33555916983599,30.81137354041978],[78.32830861797324,30.81276824675062],[78.30807589024845,30.8052422798524],[78.31008365851247,30.79322965251507],[78.2978245781687,30.77908427567784],[78.30067879000138,30.75012879483277],[78.31382106077187,30.74224366820489],[78.3169597931078,30.73287060378035],[78.34138282961855,30.72832393513959],[78.34059821537646,30.72047037750581],[78.32597769851046,30.70637445570087],[78.3520753800763,30.70098420434653],[78.35409007539319,30.69184492558793],[78.34741040660765,30.67943545581037],[78.35578468884252,30.67303144269499],[78.35168292840885,30.66008748837167],[78.35997958910487,30.65286785766329],[78.38146022075007,30.65269308386138],[78.37094407495378,30.64241917033438],[78.38978274761693,30.64336345921799],[78.40275024721302,30.63337503576414],[78.42592353438147,30.63153641078073],[78.42498234577003,30.62471104807379],[78.40971584907649,30.62569812306292],[78.42753016052437,30.61355659607138],[78.46270083238778,30.61705525016677],[78.47298789551806,30.62452192034691],[78.47666327753664,30.62273466336094],[78.48054510962383,30.62472659193373],[78.49025632716143,30.61958934834307],[78.51310687326577,30.59490359468182],[78.49945602053944,30.58059107913254],[78.49793397262897,30.53111073131844],[78.51846859188271,30.52783086188436],[78.52983056589878,30.53138071612656],[78.53941889722556,30.52730436937868],[78.54652292142654,30.5331392447646],[78.54391475281986,30.55157482118738],[78.54962773748782,30.5737283839857],[78.55957114514177,30.58897992496842],[78.57732956579653,30.60207319090303],[78.57345475968029,30.60661432460598],[78.58435000445702,30.62213449690399],[78.59681946155057,30.6296411484378],[78.59977293258042,30.67188033657168],[78.58487483409812,30.68074622254157],[78.58940486643925,30.68850607697409],[78.60147551990225,30.6914221702535],[78.6097602041766,30.68582614716077],[78.62023092000695,30.69091448258378],[78.63624154002615,30.68430521770418],[78.65586270521672,30.68952053370392],[78.66061440053228,30.70725233549037],[78.69859872660686,30.71440910750058],[78.71967488817158,30.73379964973603],[78.74016170565864,30.71585576298057],[78.75221711107821,30.71094737607108],[78.75831389748514,30.71854338040431],[78.77012620981678,30.72198062114556],[78.80507164063103,30.72482129391898],[78.80750400150363,30.71964006193646],[78.83604485628946,30.73903079895835],[78.84899833391628,30.73828121214373],[78.85456282029571,30.75181534877632],[78.84963999893249,30.77876884701966],[78.85602274222656,30.79577538316038],[78.85399493569815,30.80645934398246],[78.86267145269665,30.81607941591821],[78.85050792025515,30.83622798213047],[78.84937378740553,30.84720905732842],[78.86862753886396,30.86269052104888],[78.87236967736494,30.87548175321028],[78.88254577691697,30.87787772968087],[78.8959276610876,30.8710263881232],[78.92521394970494,30.87822801516742],[78.92609428415498,30.87367299992019],[78.93915219990217,30.86873932205306],[78.94563229629873,30.85384843011217],[78.97631075320028,30.85333956331567],[78.99961723522716,30.86151791813403],[79.01432114977757,30.84876880523236],[79.0166355188169,30.82003650336238],[79.03172792911154,30.80659069909178],[79.06564799842194,30.80005370110557],[79.08995294400938,30.77632302890842],[79.1255772420266,30.77092746239437],[79.12957643226083,30.75613343095669],[79.13842489304147,30.74969940006452],[79.165685723163,30.75688396700297],[79.1875672890586,30.74896717823651],[79.19857034471899,30.73510472384876],[79.21568651030496,30.73955285613667],[79.24764144420702,30.7329622123355],[79.25783315334766,30.72375975350599],[79.27747435409164,30.72604202640779],[79.28923309122952,30.75176750917558],[79.26809547773877,30.76511874624294],[79.25986876810035,30.77944035304957],[79.25329871002887,30.7808212114219],[79.23943169627042,30.79653529307235],[79.23839671551424,30.80436721020244],[79.22896685287898,30.80804631447113],[79.22406749613354,30.81960780151252],[79.24217388643827,30.82774335327824],[79.2400578876815,30.84116498485895],[79.25074571940564,30.8483696666518],[79.26030415908869,30.86962759382142],[79.2758053523357,30.8785639886398],[79.26916381663749,30.90551486300728],[79.27084729295326,30.91167118873353],[79.28218414875285,30.91720978481454],[79.28338310608666,30.93512033442224],[79.26291613168463,30.95440363499378],[79.29485718398969,30.97077005588782],[79.32141313116801,30.9631260848184],[79.32793089082573,30.97073213017034],[79.3225931163599,30.9850608978817],[79.32934703807052,30.99704409030694],[79.31001557040823,31.00932078440374],[79.31189964599562,31.01758531117016],[79.32938079082949,31.02820742211569],[79.35956720086243,31.03452275991437],[79.37616577670521,31.04886831086687],[79.38805149703946,31.06715565496453],[79.4061199964515,31.0743220934874],[79.39569196276622,31.11288298091058],[79.33894355591568,31.12436397839808],[79.33278007706666,31.13358570844469],[79.3225382605718,31.13462338780618],[79.2988079332124,31.1646811540899],[79.29603127489766,31.17548760277295],[79.30238804733736,31.19022521673212],[79.28682541209697,31.22536266754453],[79.27682063799297,31.23993041470316],[79.25735919076254,31.24156787167112],[79.24793584847667,31.24868301738926],[79.2478582950522,31.26383214295944],[79.26182171323151,31.27999829193839],[79.26313269830554,31.28920879601605],[79.23562951137141,31.31407442473116],[79.23582705315913,31.33199712263296],[79.20241358815554,31.35472523329304],[79.17773338147536,31.39366761231251],[79.16292028462207,31.40591888689001],[79.14321650046719,31.43352426124534],[79.0905666830857,31.45307738338174],[79.07115989874632,31.46709808806456],[79.06223517100035,31.46521486892295],[79.05132801491844,31.452197465218],[79.04846952168361,31.42282025437503],[79.02105310524304,31.39542128141037],[79.00383846476558,31.35662015823596],[78.95107252501123,31.33727282960621],[78.93945998270424,31.32653419511697],[78.93882998877623,31.30145055297865],[78.92998438244865,31.28192871614994],[78.93061179139531,31.26138305847314],[78.92081648829794,31.25394204208608],[78.91592721399208,31.24878977426482],[78.92219263581103,31.22540975024736],[78.92996928224613,31.2164564344717],[78.9479406832992,31.21663706921901],[78.94404088226155,31.20653175169133],[78.95794210785563,31.18654660169282],[78.98487501522862,31.17488467344932],[78.99048355566339,31.16171164587489],[78.98794309772002,31.14317611627849],[79.0008470645614,31.1352409353614],[79.0104318461966,31.11079862826278],[78.9733658267013,31.10845579705664],[78.95183701027123,31.09801411754162],[78.93261879069269,31.10068816125559],[78.9266274128424,31.10920734481812],[78.91985628817665,31.11058860976404],[78.9132012078121,31.10787511722023],[78.90895017528821,31.09889389507283],[78.89060840966813,31.09697611611992],[78.87706400779899,31.10451915653481],[78.86476469117846,31.12041731699396],[78.84793651857953,31.12517201001182],[78.83810839170431,31.138360533374],[78.8310621931779,31.14077113583493],[78.82287195780368,31.15791284321206],[78.8248180709371,31.1637469221864],[78.81079148160168,31.1720226321278],[78.81036744037246,31.18036626993933],[78.81720760920525,31.1895881121513],[78.8127912519405,31.19708707803216],[78.80439387205215,31.19839295475146],[78.76551749527609,31.18590790662765],[78.70297479593862,31.18928392974878],[78.68387024494716,31.19839088861816],[78.67148022324876,31.19722682856239],[78.65821009457228,31.18525268561706],[78.65993538273213,31.19141257754526],[78.64887195365593,31.20296567528324],[78.647715994061,31.21408416030831]]]}},{"type":"Feature","properties":{"ac_name":"PUROLA","ac_no":1,"ac_category":"SC","st_name":"UTTARAKHAND"},"geometry":{"type":"Polygon","coordinates":[[[78.31112276156895,31.28299266871743],[78.30677980620632,31.2602156787866],[78.29172604149736,31.25988034442154],[78.28285356721113,31.26596992839325],[78.26011758236783,31.23953906961697],[78.24965645086354,31.24024009029759],[78.2506655425554,31.23338347106796],[78.2458804719597,31.22999487881656],[78.22040196424746,31.23397058994882],[78.21458914688952,31.22131108612794],[78.20039522604506,31.21721045915006],[78.1872018133993,31.22706540298585],[78.16049826292131,31.22553360275796],[78.14763883334388,31.21057460528754],[78.1330744154801,31.20832823845887],[78.12886244608434,31.20105396297463],[78.1041606854353,31.18564356601364],[78.0655848739144,31.18730708569831],[78.04272505512469,31.17868182703614],[78.02953711500987,31.16392484989015],[78.03022233861431,31.15079048671253],[78.02137227169901,31.15101842934255],[78.00095937640661,31.16201742538081],[77.98412920078918,31.15686955980866],[77.96724796428353,31.17330749141718],[77.95896417653337,31.17086660103858],[77.95133475269135,31.16080923865294],[77.94408093622188,31.16180513054127],[77.92504068425575,31.15050911587021],[77.90778461045714,31.15425555517565],[77.89918748259707,31.15051861145294],[77.90073558668499,31.1423746810471],[77.88918732115386,31.13284993003177],[77.88935414132399,31.11952373892267],[77.8631663951622,31.10810786551119],[77.86351021619262,31.09383567889702],[77.851480558865,31.07359725145196],[77.83714578318761,31.07203453635082],[77.82449059227086,31.05544124100186],[77.81119468137481,31.05918782323486],[77.81690062513981,31.05598926016166],[77.81562663421367,31.05033356268199],[77.82957956023589,31.02868092637353],[77.81163676617128,31.03191412443266],[77.80716730854012,31.01728076642247],[77.80978414862174,31.01090226297083],[77.82477352578762,31.00944093726845],[77.82219476950632,31.00376731544199],[77.83084740045635,30.99395078908819],[77.82279359427316,30.98644978354884],[77.8239630618012,30.98026881650941],[77.81337455139553,30.96270057895193],[77.82073415907512,30.95736057951518],[77.83370284521688,30.95791103889228],[77.83577173143546,30.9507431941999],[77.82813354774106,30.9489931924505],[77.80838516138574,30.95544115329373],[77.78885801537663,30.97019067148289],[77.77157725864446,30.97030383759008],[77.75056383493009,30.95576966609926],[77.75454273232653,30.93208208314881],[77.76510116381208,30.92904252555926],[77.76147216430766,30.92015367831857],[77.77928978992497,30.91620290465125],[77.80416342757776,30.92188414187482],[77.81698835096657,30.93572577064257],[77.83990612078672,30.93366204825067],[77.86075567374678,30.95354295195852],[77.86299981875776,30.95653870690141],[77.87023978544877,30.9442399631489],[77.87962980293194,30.94871311525805],[77.8843520419783,30.94556208774643],[77.8967630562358,30.95556338056293],[77.9006544107425,30.95241390075685],[77.90840480511005,30.95617505348145],[77.92733827305905,30.97219390150481],[77.9686764493585,30.97770127425586],[77.99004297878496,30.96349455001517],[77.98671825007047,30.95930500182142],[78.00053239936052,30.95198272335287],[78.01842773831471,30.92554477208064],[78.015963813592,30.90884361542624],[77.9788146069016,30.90049710702849],[77.97380356951447,30.88943876982231],[77.98442225986214,30.87923568532547],[77.9838958907715,30.86736238022021],[77.99120413251231,30.85943626477471],[77.9912043573893,30.8404080013753],[78.00086653015043,30.8242656760348],[78.02625422497788,30.8056690687359],[78.02351752543535,30.78961919171853],[78.0650353055748,30.75869727983114],[78.06827508681603,30.74377991036936],[78.07917704016478,30.74051057986974],[78.07786904750836,30.73001112110131],[78.08389558817439,30.71913949113629],[78.07921835071579,30.70976029782981],[78.07208643236544,30.70707304916704],[78.07368092221637,30.69842253767189],[78.06132672704646,30.6657865637816],[78.0472524775476,30.66131666138753],[78.03196478320677,30.64512334309386],[78.02030007318898,30.65363615540783],[78.01038162617274,30.65131408082375],[78.01354316755722,30.6281222332434],[78.0081262998899,30.6202952693784],[78.01243263177258,30.61655935382234],[78.0421244188518,30.6015888421333],[78.05018451475121,30.60212514241257],[78.07512017122752,30.60727828660328],[78.06546634122071,30.62266236809005],[78.08660176629692,30.63390049028646],[78.11482771675298,30.63411486299529],[78.12554833875092,30.6404737444496],[78.13749419740931,30.63260670487064],[78.1557276316724,30.6331821888287],[78.17400361427129,30.69533496969588],[78.22090909888867,30.71346657322284],[78.22986269985975,30.73458244441306],[78.22530577431841,30.74673787131662],[78.22940196196096,30.76046156494328],[78.22506931795628,30.76143496973263],[78.17205630937747,30.74902110155933],[78.15238144601766,30.7516990717186],[78.14756794918648,30.76722005747971],[78.14058765671498,30.76894188887998],[78.14687459413,30.78530940382336],[78.1385894657496,30.78976197219735],[78.1531407263209,30.79866493447433],[78.1400305564472,30.8075057438962],[78.11999933052104,30.80419351558947],[78.14421837433045,30.82239920062879],[78.14527898243783,30.82909837157656],[78.13598634816609,30.83005257082841],[78.13595344650044,30.83737446014848],[78.13077560227786,30.83988296023425],[78.13096473800196,30.83689308295518],[78.10604981978067,30.83146046468932],[78.09638040711992,30.85055916384318],[78.101905547856,30.85570682012875],[78.10638048818494,30.84985249805284],[78.11591513838029,30.85260577899608],[78.12471565578092,30.87034172148447],[78.12736639804541,30.85541538652244],[78.13900939982278,30.86099680019527],[78.14643749358034,30.88656403856842],[78.14312833243426,30.89629685930894],[78.15365430850267,30.90443075884118],[78.15051475943658,30.8601745834279],[78.1940029081699,30.83928011713788],[78.20204848212796,30.84088365441908],[78.20441139709604,30.85006533620408],[78.18523917884104,30.85415646743959],[78.19303252772293,30.85691013511606],[78.18014049779863,30.88477318050335],[78.19596331609208,30.89022625447633],[78.18854322605655,30.90939368333491],[78.15511608038445,30.91376419018582],[78.15597827076462,30.91685823003254],[78.17418428324774,30.92537645892638],[78.18483971369707,30.94163306740332],[78.19451498290773,30.93177033663027],[78.21560783448975,30.92712023846433],[78.20725326052023,30.92042290261109],[78.21803105730592,30.91152710835548],[78.23103104505162,30.91976995129438],[78.22857908825787,30.92443799903404],[78.21761337047127,30.92706622168501],[78.24976169975389,30.92888766950545],[78.26029739506542,30.92334511770471],[78.25909964684843,30.93449767851568],[78.28890140640519,30.9775516576683],[78.31973069439476,30.99532692576138],[78.32131108692893,31.00255653505635],[78.33422442404036,31.010878408643],[78.34518991202515,31.01281793728865],[78.35243394183641,31.00912143610422],[78.36412943263011,31.01553925121951],[78.3661443185548,31.02933425569917],[78.37760690047999,31.03644869010208],[78.38637433888219,31.03600119869146],[78.4024563028073,31.04877895654404],[78.4460568262124,31.03856940099722],[78.46598524910365,31.04090290061861],[78.47169921689014,31.03545849035837],[78.48985730805896,31.03442253155301],[78.50089121281735,31.02522399323534],[78.50024833398567,31.01410616151012],[78.50543591520514,31.01022882818064],[78.56620371601164,31.00897797071718],[78.56972244450493,31.01904871893406],[78.58417613414849,31.025891746099],[78.59799463010991,31.04320034352747],[78.60119062674289,31.05512319879046],[78.58335911862898,31.08196268903388],[78.58356518922939,31.09596785804209],[78.56536581001436,31.1024341934889],[78.56871568919229,31.1171551620897],[78.5907489205434,31.13544492452186],[78.58669297670691,31.15204101231763],[78.59588606533268,31.17174207993966],[78.63147740642448,31.19527492419219],[78.647715994061,31.21408416030831],[78.62919524418574,31.21723177532583],[78.62235765296904,31.22483297083235],[78.6046711502572,31.2289190761791],[78.57762948207942,31.22498861669248],[78.55146508024303,31.20014982348467],[78.50739539389167,31.19613089157793],[78.48441455877354,31.19905760612218],[78.479898642897,31.2140918936989],[78.46172711149285,31.23642035627991],[78.44380347777393,31.24447702426032],[78.43657503995348,31.25434342516687],[78.41553661285663,31.24011914223424],[78.40679538981877,31.2426794779149],[78.40314407084375,31.24857062310356],[78.40723559997025,31.25643403641621],[78.39741219932785,31.26683938545076],[78.39632824203201,31.27518666198515],[78.38637783100121,31.27170497810064],[78.38246015062626,31.28324304631547],[78.37013114093793,31.2862946957908],[78.35175812324866,31.28060286687581],[78.33987702037072,31.28248496909367],[78.33213137719743,31.27754797556211],[78.31112276156895,31.28299266871743]]]}},{"type":"Feature","properties":{"ac_name":"BADRINATH","ac_no":4,"ac_category":"GEN","st_name":"UTTARAKHAND"},"geometry":{"type":"Polygon","coordinates":[[[79.4061199964515,31.0743220934874],[79.38805149703946,31.06715565496453],[79.37616577670521,31.04886831086687],[79.35956720086243,31.03452275991437],[79.32938079082949,31.02820742211569],[79.31189964599562,31.01758531117016],[79.31001557040823,31.00932078440374],[79.32934703807052,30.99704409030694],[79.3225931163599,30.9850608978817],[79.32793089082573,30.97073213017034],[79.32141313116801,30.9631260848184],[79.29485718398969,30.97077005588782],[79.26291613168463,30.95440363499378],[79.28338310608666,30.93512033442224],[79.28218414875285,30.91720978481454],[79.27084729295326,30.91167118873353],[79.26916381663749,30.90551486300728],[79.2758053523357,30.8785639886398],[79.26030415908869,30.86962759382142],[79.25074571940564,30.8483696666518],[79.2400578876815,30.84116498485895],[79.24217388643827,30.82774335327824],[79.22406749613354,30.81960780151252],[79.22896685287898,30.80804631447113],[79.23839671551424,30.80436721020244],[79.23943169627042,30.79653529307235],[79.25329871002887,30.7808212114219],[79.25986876810035,30.77944035304957],[79.26809547773877,30.76511874624294],[79.28923309122952,30.75176750917558],[79.27747435409164,30.72604202640779],[79.29867749578155,30.7165316858317],[79.30674069279803,30.67454216455628],[79.35019957457604,30.65142553102293],[79.35571541865345,30.62750862571719],[79.34885256421119,30.62656768355448],[79.34798206638389,30.61157726396177],[79.33865249828237,30.59820069178321],[79.30625316182264,30.593038607837],[79.29586769340135,30.56228943058063],[79.26658369913437,30.56782563888836],[79.25088423080172,30.561905737932],[79.24405909007129,30.53875432465361],[79.22831215267198,30.5243300395761],[79.22229471708354,30.49130755063398],[79.19598519899637,30.47984702144015],[79.1665613815109,30.44624437960497],[79.17506341074153,30.42151497152647],[79.16481249227407,30.40875544390011],[79.16192137964575,30.38433293837563],[79.14856902621901,30.37886878073731],[79.1403149328913,30.38057527042824],[79.16016557392895,30.35568600054507],[79.17700353590678,30.32361005776598],[79.19253554621334,30.31468877189248],[79.22329272246176,30.32617812429808],[79.27263189681372,30.36350533814168],[79.28322480502943,30.36198671570226],[79.29386644924568,30.36747935948559],[79.2992046530477,30.37893625660626],[79.30031999995587,30.37541161465927],[79.31098284822268,30.37793161198988],[79.3093812592745,30.36410248524974],[79.3239679186285,30.36520993842033],[79.32836540721844,30.35826206624682],[79.3518518955532,30.35992700903294],[79.4174896704081,30.34600869073843],[79.53619738435629,30.33539718002887],[79.62814412577032,30.33072023347119],[79.68128178313168,30.33966745515174],[79.74893323521026,30.3413421319438],[79.75726146515042,30.30636871197995],[79.76828976318622,30.3031669902071],[79.77529833693708,30.29308745768863],[79.78354296392786,30.29373984676023],[79.79761272295855,30.28114460237767],[79.83934332686312,30.2875859814502],[79.85591922326424,30.28153936691637],[79.87166463747346,30.26794680930411],[79.89845381910268,30.27493776433849],[79.93286848367264,30.29592836464465],[79.94572869064024,30.29452112696204],[79.95276181855728,30.28851510998901],[79.97389842878118,30.29367743524605],[79.99166585134054,30.31383999126074],[79.99113528526269,30.32528410761994],[80.00183572884175,30.35233298409015],[79.99550796887581,30.36146004420242],[80.01214219728952,30.36937227104592],[80.0364799615827,30.4033868471274],[80.03191203596701,30.41654215396648],[80.03536039135365,30.44028887684125],[80.02705909826642,30.44409405561584],[80.01266283660726,30.46507184977434],[80.01936265422879,30.47806083181895],[79.99516383984758,30.53793292180425],[80.00693125454376,30.54918449921899],[80.02497333177213,30.58476166412033],[80.03876616286199,30.5913849934289],[80.04079459281542,30.60131104246892],[80.02853395922172,30.61409828724959],[80.03372241489306,30.6211677011397],[80.03017220524124,30.62713529267077],[80.0330399617253,30.63472925518074],[80.02035139824368,30.64034136776782],[80.01516620951406,30.66161420541109],[79.98645053137275,30.68564840429296],[79.97908832677066,30.70518261005725],[79.99817943301177,30.7195954119684],[80.03012740566462,30.73252834773712],[80.10225300732834,30.72227734389361],[80.10188180422477,30.73379326204492],[80.08777008524062,30.76298030339426],[80.08864654822348,30.77132855287482],[80.10002715624726,30.78621647772082],[80.08748373627252,30.79407396557909],[80.08295262675509,30.81370276639705],[80.06382527170108,30.82719597271423],[80.05760602414071,30.83837242297016],[80.03159937768257,30.84088527488821],[80.01004144964723,30.86069653067597],[79.97338617411853,30.87996347729158],[79.95522459598612,30.88638785609178],[79.92861033281702,30.8866071133717],[79.9111479926269,30.91614692549138],[79.89361303003365,30.91967493052398],[79.88834107761593,30.92483943689156],[79.87748601694221,30.96047595487265],[79.86574308600264,30.97465861502359],[79.84401364595139,30.97841144047516],[79.8186719441449,30.97219482105122],[79.77404145516402,30.98755356077125],[79.7558776970931,31.00123146931287],[79.74623804506516,30.99642404363841],[79.73849701693865,30.98531928271113],[79.71845793403662,30.97782280316906],[79.66762971418794,30.98018689025775],[79.6630680761922,30.96501205024942],[79.62936310722118,30.95622376060631],[79.60081723118854,30.93751622227228],[79.58933164025544,30.94880979715293],[79.56720411011507,30.95329642114256],[79.54474090683216,30.96853635936647],[79.55135594760675,30.98574504933207],[79.53304090941758,30.98788928943073],[79.53615669425156,31.00258428586781],[79.518567694061,31.01826679403745],[79.51498956797144,31.03361493174428],[79.47961564510345,31.0358421317081],[79.42677655173414,31.03203357783047],[79.42217654644917,31.06745739581103],[79.41551549081727,31.07439777870137],[79.4061199964515,31.0743220934874]]]}},{"type":"Feature","properties":{"ac_name":"YAMUNOTRI","ac_no":2,"ac_category":"GEN","st_name":"UTTARAKHAND"},"geometry":{"type":"Polygon","coordinates":[[[78.56620371601164,31.00897797071718],[78.50543591520514,31.01022882818064],[78.50024833398567,31.01410616151012],[78.50089121281735,31.02522399323534],[78.48985730805896,31.03442253155301],[78.47169921689014,31.03545849035837],[78.46598524910365,31.04090290061861],[78.4460568262124,31.03856940099722],[78.4024563028073,31.04877895654404],[78.38637433888219,31.03600119869146],[78.37760690047999,31.03644869010208],[78.3661443185548,31.02933425569917],[78.36412943263011,31.01553925121951],[78.35243394183641,31.00912143610422],[78.34518991202515,31.01281793728865],[78.33422442404036,31.010878408643],[78.32131108692893,31.00255653505635],[78.31973069439476,30.99532692576138],[78.28890140640519,30.9775516576683],[78.25909964684843,30.93449767851568],[78.26029739506542,30.92334511770471],[78.24976169975389,30.92888766950545],[78.21761337047127,30.92706622168501],[78.22857908825787,30.92443799903404],[78.23103104505162,30.91976995129438],[78.21803105730592,30.91152710835548],[78.20725326052023,30.92042290261109],[78.21560783448975,30.92712023846433],[78.19451498290773,30.93177033663027],[78.18483971369707,30.94163306740332],[78.17418428324774,30.92537645892638],[78.15597827076462,30.91685823003254],[78.15511608038445,30.91376419018582],[78.18854322605655,30.90939368333491],[78.19596331609208,30.89022625447633],[78.18014049779863,30.88477318050335],[78.19303252772293,30.85691013511606],[78.18523917884104,30.85415646743959],[78.20441139709604,30.85006533620408],[78.20204848212796,30.84088365441908],[78.1940029081699,30.83928011713788],[78.15051475943658,30.8601745834279],[78.15365430850267,30.90443075884118],[78.14312833243426,30.89629685930894],[78.14643749358034,30.88656403856842],[78.13900939982278,30.86099680019527],[78.12736639804541,30.85541538652244],[78.12471565578092,30.87034172148447],[78.11591513838029,30.85260577899608],[78.10638048818494,30.84985249805284],[78.101905547856,30.85570682012875],[78.09638040711992,30.85055916384318],[78.10604981978067,30.83146046468932],[78.13096473800196,30.83689308295518],[78.13077560227786,30.83988296023425],[78.13595344650044,30.83737446014848],[78.13598634816609,30.83005257082841],[78.14527898243783,30.82909837157656],[78.14421837433045,30.82239920062879],[78.11999933052104,30.80419351558947],[78.1400305564472,30.8075057438962],[78.1531407263209,30.79866493447433],[78.1385894657496,30.78976197219735],[78.14687459413,30.78530940382336],[78.14058765671498,30.76894188887998],[78.14756794918648,30.76722005747971],[78.15238144601766,30.7516990717186],[78.17205630937747,30.74902110155933],[78.22506931795628,30.76143496973263],[78.22940196196096,30.76046156494328],[78.22530577431841,30.74673787131662],[78.22986269985975,30.73458244441306],[78.22090909888867,30.71346657322284],[78.17400361427129,30.69533496969588],[78.1557276316724,30.6331821888287],[78.16285185866433,30.62667777101334],[78.1707241460932,30.60399777964269],[78.16432357791018,30.60036895174103],[78.16472329557706,30.58808817328939],[78.18401337569047,30.58613063485232],[78.2051966120302,30.57781150160376],[78.23620404679167,30.58699182053856],[78.24872170606808,30.61145379184848],[78.258606477447,30.60711325628302],[78.2683611101468,30.61355505323395],[78.27783134258125,30.61208544186813],[78.30153235695926,30.58706128481169],[78.29288881435254,30.58205185164255],[78.28841197560448,30.57250464060388],[78.30182708377966,30.56450743429242],[78.28633408546249,30.5636837632217],[78.28692574722676,30.55314557148974],[78.31044091278393,30.55790399861844],[78.31301179919782,30.56327121514721],[78.30357671665737,30.57212767771967],[78.31739704313121,30.57397905949979],[78.32781395798949,30.55897581387742],[78.33947069019574,30.56353955301326],[78.33923366644589,30.55243641140519],[78.34515177388903,30.55088055652031],[78.34273944997119,30.54586696450122],[78.34944613484711,30.53365779769776],[78.35704190767254,30.53419377749626],[78.35472022897397,30.53011698924381],[78.36006693321343,30.52245221413766],[78.38680612027647,30.51086182451382],[78.39358686646115,30.50606400946955],[78.39202691592483,30.49878850441966],[78.40434688653673,30.49112100398594],[78.40580353871069,30.47034383670755],[78.41463822023725,30.46801314576508],[78.41047287741712,30.47415912402362],[78.41609530615455,30.48991985403237],[78.42360854410202,30.49426580305865],[78.42480472149204,30.51649223162796],[78.44216576046443,30.52399467723474],[78.4434376367311,30.53487853011333],[78.44895561940517,30.5349259562204],[78.45356531976581,30.54269185911694],[78.45045168570441,30.56316704990786],[78.43678719652998,30.57245745236051],[78.44178940577982,30.6052061685143],[78.44778983748888,30.61418731661247],[78.46908587629751,30.61425073810249],[78.47666327753664,30.62273466336094],[78.47298789551806,30.62452192034691],[78.46270083238778,30.61705525016677],[78.42753016052437,30.61355659607138],[78.40971584907649,30.62569812306292],[78.42498234577003,30.62471104807379],[78.42592353438147,30.63153641078073],[78.40275024721302,30.63337503576414],[78.38978274761693,30.64336345921799],[78.37094407495378,30.64241917033438],[78.38146022075007,30.65269308386138],[78.35997958910487,30.65286785766329],[78.35168292840885,30.66008748837167],[78.35578468884252,30.67303144269499],[78.34741040660765,30.67943545581037],[78.35409007539319,30.69184492558793],[78.3520753800763,30.70098420434653],[78.32597769851046,30.70637445570087],[78.34059821537646,30.72047037750581],[78.34138282961855,30.72832393513959],[78.3169597931078,30.73287060378035],[78.31382106077187,30.74224366820489],[78.30067879000138,30.75012879483277],[78.2978245781687,30.77908427567784],[78.31008365851247,30.79322965251507],[78.30807589024845,30.8052422798524],[78.32830861797324,30.81276824675062],[78.33555916983599,30.81137354041978],[78.34027920334087,30.83175708743531],[78.35400437367743,30.83235214760488],[78.38766698134168,30.85077371174403],[78.38616022213485,30.87282694543204],[78.40205349234216,30.88597587018899],[78.41739195134494,30.89232601201842],[78.43970615804146,30.8868264703868],[78.45639290566811,30.89041400173052],[78.46253701388008,30.8965668066433],[78.50938285508236,30.90300074153947],[78.52592450232089,30.92208254721358],[78.55488554157931,30.93071528442126],[78.56700294925825,30.94666821724669],[78.58569955304726,30.94773133587774],[78.58807987829368,30.96285944728562],[78.5809059933148,30.97143799899564],[78.58642153821873,30.98169715571913],[78.57777774471876,30.98409168159672],[78.56620371601164,31.00897797071718]]]}},{"type":"Feature","properties":{"ac_name":"CHAKRATA","ac_no":15,"ac_category":"ST","st_name":"UTTARAKHAND"},"geometry":{"type":"Polygon","coordinates":[[[77.86075567374678,30.95354295195852],[77.83990612078672,30.93366204825067],[77.81698835096657,30.93572577064257],[77.80416342757776,30.92188414187482],[77.8117059566128,30.91997442737353],[77.81497567568447,30.90891571833829],[77.8011269376288,30.88773589026556],[77.798577256348,30.8698781588659],[77.80592639707436,30.86020925183433],[77.80568723904896,30.85244863474843],[77.77965011096627,30.86165835336467],[77.77315096702878,30.87628614385108],[77.76046326406437,30.87734577737809],[77.75516309605013,30.85919831789914],[77.74400423716897,30.84700279420876],[77.75711470416036,30.82498859258605],[77.74843881628746,30.82156700889029],[77.73443291204848,30.80362331788591],[77.7212821227741,30.77589256635165],[77.70383563222258,30.76506638155162],[77.70909543177835,30.75264393413162],[77.70278167211522,30.74618557544556],[77.70579511275389,30.74223474296657],[77.72129604955497,30.74270405834782],[77.72775012655983,30.73475567638245],[77.73384489693458,30.73582464900849],[77.7359588646264,30.72467313675115],[77.74605020272108,30.72008163138948],[77.74645558576299,30.71362839804353],[77.7556246121421,30.70738987564251],[77.7525579941164,30.69641777611875],[77.74688986328964,30.69382272384715],[77.74731035398274,30.68019685619375],[77.77314725711985,30.66889340861651],[77.78062311343912,30.66026907297528],[77.78944898188357,30.66241012303209],[77.79244739185472,30.65825330650957],[77.781287061774,30.64667363898873],[77.79044178713401,30.63407223866389],[77.78599420900544,30.62436819147345],[77.79590306199162,30.61339432140464],[77.77137813734704,30.61676758748887],[77.76892169041746,30.59581752854513],[77.75661016962444,30.60443761670393],[77.74288788083499,30.60120422670907],[77.74753200079665,30.59807802013883],[77.74240532965308,30.59240630924774],[77.7562811324823,30.58593054073884],[77.77303357683155,30.55804608668516],[77.78281323245861,30.5598838260726],[77.79374507057156,30.55325278173696],[77.81775155794725,30.56094113541962],[77.82775227439068,30.53118705079458],[77.81997952315034,30.52473361605156],[77.81777187736209,30.50668967379093],[77.87946122019692,30.51360660634552],[77.88536990497951,30.52627540835025],[77.90232175845358,30.53402225658833],[77.90653256911102,30.53247115492078],[77.9051787355754,30.52230672778249],[77.91456491147665,30.51410372806209],[77.93696470650684,30.51183056428424],[77.94777062928331,30.5114967535345],[77.94687087563656,30.51636817664747],[77.951401594229,30.51818621123181],[77.96778809985311,30.50961941919036],[77.9757445833296,30.51358576201239],[77.98027606636128,30.50862113387259],[77.9883228420253,30.51506914070026],[77.97877282276514,30.51770417000448],[77.97591908078526,30.52505990212204],[77.98634058101761,30.52608770701732],[77.982403785371,30.53078130531785],[77.97562151679915,30.5291165084565],[77.97466118462184,30.53677258811438],[77.98306741700499,30.53977116790733],[77.98460040756073,30.55115245300618],[77.98075594519067,30.55554178945533],[78.00011182400335,30.56010535827097],[78.0041250076034,30.56614170860705],[78.00908831255883,30.59020105716564],[78.01420664073808,30.59189195912865],[78.0100572725459,30.59945530165639],[78.01243263177258,30.61655935382234],[78.0081262998899,30.6202952693784],[78.01354316755722,30.6281222332434],[78.01038162617274,30.65131408082375],[78.02030007318898,30.65363615540783],[78.03196478320677,30.64512334309386],[78.0472524775476,30.66131666138753],[78.06132672704646,30.6657865637816],[78.07368092221637,30.69842253767189],[78.07208643236544,30.70707304916704],[78.07921835071579,30.70976029782981],[78.08389558817439,30.71913949113629],[78.07786904750836,30.73001112110131],[78.07917704016478,30.74051057986974],[78.06827508681603,30.74377991036936],[78.0650353055748,30.75869727983114],[78.02351752543535,30.78961919171853],[78.02625422497788,30.8056690687359],[78.00086653015043,30.8242656760348],[77.9912043573893,30.8404080013753],[77.99120413251231,30.85943626477471],[77.9838958907715,30.86736238022021],[77.98442225986214,30.87923568532547],[77.97380356951447,30.88943876982231],[77.9788146069016,30.90049710702849],[78.015963813592,30.90884361542624],[78.01842773831471,30.92554477208064],[78.00053239936052,30.95198272335287],[77.98671825007047,30.95930500182142],[77.99004297878496,30.96349455001517],[77.9686764493585,30.97770127425586],[77.92733827305905,30.97219390150481],[77.90840480511005,30.95617505348145],[77.9006544107425,30.95241390075685],[77.8967630562358,30.95556338056293],[77.8843520419783,30.94556208774643],[77.87962980293194,30.94871311525805],[77.87023978544877,30.9442399631489],[77.86299981875776,30.95653870690141],[77.86075567374678,30.95354295195852]]]}},{"type":"Feature","properties":{"ac_name":"GHANSHALI","ac_no":9,"ac_category":"SC","st_name":"UTTARAKHAND"},"geometry":{"type":"Polygon","coordinates":[[[79.03172792911154,30.80659069909178],[79.0166355188169,30.82003650336238],[79.01432114977757,30.84876880523236],[78.99961723522716,30.86151791813403],[78.97631075320028,30.85333956331567],[78.94563229629873,30.85384843011217],[78.93915219990217,30.86873932205306],[78.92609428415498,30.87367299992019],[78.92521394970494,30.87822801516742],[78.8959276610876,30.8710263881232],[78.88254577691697,30.87787772968087],[78.87236967736494,30.87548175321028],[78.86862753886396,30.86269052104888],[78.84937378740553,30.84720905732842],[78.85050792025515,30.83622798213047],[78.86267145269665,30.81607941591821],[78.85399493569815,30.80645934398246],[78.85602274222656,30.79577538316038],[78.84963999893249,30.77876884701966],[78.85456282029571,30.75181534877632],[78.84899833391628,30.73828121214373],[78.83604485628946,30.73903079895835],[78.80750400150363,30.71964006193646],[78.80507164063103,30.72482129391898],[78.77012620981678,30.72198062114556],[78.75831389748514,30.71854338040431],[78.75221711107821,30.71094737607108],[78.74016170565864,30.71585576298057],[78.71967488817158,30.73379964973603],[78.69859872660686,30.71440910750058],[78.66061440053228,30.70725233549037],[78.65586270521672,30.68952053370392],[78.63624154002615,30.68430521770418],[78.62023092000695,30.69091448258378],[78.6097602041766,30.68582614716077],[78.60147551990225,30.6914221702535],[78.58940486643925,30.68850607697409],[78.58487483409812,30.68074622254157],[78.59977293258042,30.67188033657168],[78.59681946155057,30.6296411484378],[78.58435000445702,30.62213449690399],[78.57345475968029,30.60661432460598],[78.57732956579653,30.60207319090303],[78.55957114514177,30.58897992496842],[78.54962773748782,30.5737283839857],[78.54391475281986,30.55157482118738],[78.54652292142654,30.5331392447646],[78.53941889722556,30.52730436937868],[78.55588200852128,30.50042422425775],[78.55084672976659,30.47869307381519],[78.58067745234659,30.46762274481545],[78.60971970873592,30.43824146999653],[78.61188120675182,30.41449234165003],[78.58465199925068,30.39447476415126],[78.61980731789518,30.36926935817861],[78.60561263656118,30.35511173979736],[78.61686490763216,30.34213632740782],[78.62929606225669,30.35188539746014],[78.64983494588913,30.34431992692948],[78.66022463152514,30.34591493874813],[78.66985032410628,30.36911914033612],[78.69414436177425,30.37989180357508],[78.71423266246615,30.37615703784903],[78.72029753453303,30.36769056441569],[78.78969274164223,30.35190130215359],[78.80776233704954,30.35072355443498],[78.83836954047965,30.35704485178877],[78.83579977243738,30.39265103062327],[78.81483429352525,30.40145836049785],[78.84513292020793,30.43166103632295],[78.84347677313694,30.45057101994414],[78.8477206054468,30.45919275592381],[78.822674035989,30.48524795646658],[78.83214799319992,30.48438148595634],[78.83836331667699,30.49128366457466],[78.85069930147858,30.49160765083325],[78.86570652796817,30.50742740591526],[78.86889213021148,30.51843812746265],[78.86232418230819,30.52846077969403],[78.8585138788768,30.55084000448042],[78.86608728605269,30.56046502635388],[78.86279673395242,30.56597052002231],[78.87296551497623,30.5788097210754],[78.88940807824751,30.5860073990893],[78.89144635220745,30.59437061047378],[78.88652019974035,30.60352596947373],[78.9024125086042,30.61522855048807],[78.90493628333179,30.62309759817027],[78.9102731684616,30.62986148062576],[78.90592793345972,30.65411595870311],[78.91250994152655,30.67603609172091],[78.91071030901436,30.68972510596751],[78.92403614819979,30.71486370371896],[78.94479342051636,30.72144700062806],[78.95208160304962,30.73311908263563],[78.96104732121216,30.73512073915147],[78.97294826484101,30.73054299391061],[78.99504229666013,30.73347820212199],[78.99631674124598,30.74430369888672],[79.01677405900584,30.75306675256118],[79.0250582057091,30.76730636811245],[79.02190442846617,30.78204005006715],[79.03172792911154,30.80659069909178]]]}},{"type":"Feature","properties":{"ac_name":"KEDARNATH","ac_no":7,"ac_category":"GEN","st_name":"UTTARAKHAND"},"geometry":{"type":"Polygon","coordinates":[[[79.03172792911154,30.80659069909178],[79.02190442846617,30.78204005006715],[79.0250582057091,30.76730636811245],[79.01677405900584,30.75306675256118],[78.99631674124598,30.74430369888672],[78.99504229666013,30.73347820212199],[78.97294826484101,30.73054299391061],[78.96104732121216,30.73512073915147],[78.95208160304962,30.73311908263563],[78.94479342051636,30.72144700062806],[78.92403614819979,30.71486370371896],[78.91071030901436,30.68972510596751],[78.91250994152655,30.67603609172091],[78.90592793345972,30.65411595870311],[78.9102731684616,30.62986148062576],[78.90493628333179,30.62309759817027],[78.91964678718793,30.613732245136],[78.92722762240983,30.59648046380867],[78.93494470998192,30.59257701498547],[78.94116199040562,30.58121870517503],[78.949548743109,30.57477007012215],[78.96015533397043,30.57568606556272],[78.97122979178286,30.5695218139136],[78.97933930481344,30.53733987517267],[78.99444107804376,30.54057441598665],[79.0035166261755,30.53078735515997],[78.99442090724307,30.50604082086545],[79.00856067739167,30.49427571397908],[79.00956837260765,30.47480357475026],[79.016219812971,30.46873195327741],[79.01570419810311,30.44714164065256],[79.03181163508273,30.44070986784707],[79.03113001243405,30.41423050770656],[79.02143844931504,30.41079577116737],[79.01492522777474,30.40185958375987],[79.00184330008567,30.4058064037149],[78.99863145672279,30.38556913273047],[79.00828447966555,30.36651716982031],[78.99709568966587,30.35006088593888],[78.98318218187711,30.34582269698376],[78.9782107896333,30.33522051104791],[78.97866035818653,30.3301488294874],[78.98692124187704,30.32545549531661],[78.98338653575118,30.32248853187546],[78.98687577080827,30.30827062951256],[78.99683173190573,30.30883472320475],[79.00382558463124,30.29962871328842],[79.04241835089876,30.31107806981473],[79.05627653195981,30.3014438595438],[79.09046308195921,30.29900587052623],[79.03729650721853,30.24645524228203],[79.035168001139,30.22245851434096],[79.04399746567033,30.21465259475324],[79.077864577347,30.21929587393141],[79.07938084422547,30.22725591569922],[79.1045394214869,30.25757300521022],[79.10387315412763,30.27658958431939],[79.11378665699254,30.28962980948792],[79.13856054182597,30.28775021327675],[79.14683948823945,30.29419504189577],[79.16727704849822,30.29475892208217],[79.14530776194627,30.30241729338975],[79.14947157509432,30.3249326751153],[79.15539375342487,30.32185413822199],[79.1571179548513,30.33173795612579],[79.1394540477138,30.34060434222443],[79.13422036537895,30.3501778157788],[79.12432625302186,30.34811223479257],[79.10440478038348,30.3766196873008],[79.11489078664135,30.38463120358457],[79.1403149328913,30.38057527042824],[79.14856902621901,30.37886878073731],[79.16192137964575,30.38433293837563],[79.16481249227407,30.40875544390011],[79.17506341074153,30.42151497152647],[79.1665613815109,30.44624437960497],[79.19598519899637,30.47984702144015],[79.22229471708354,30.49130755063398],[79.22831215267198,30.5243300395761],[79.24405909007129,30.53875432465361],[79.25088423080172,30.561905737932],[79.26658369913437,30.56782563888836],[79.29586769340135,30.56228943058063],[79.30625316182264,30.593038607837],[79.33865249828237,30.59820069178321],[79.34798206638389,30.61157726396177],[79.34885256421119,30.62656768355448],[79.35571541865345,30.62750862571719],[79.35019957457604,30.65142553102293],[79.30674069279803,30.67454216455628],[79.29867749578155,30.7165316858317],[79.27747435409164,30.72604202640779],[79.25783315334766,30.72375975350599],[79.24764144420702,30.7329622123355],[79.21568651030496,30.73955285613667],[79.19857034471899,30.73510472384876],[79.1875672890586,30.74896717823651],[79.165685723163,30.75688396700297],[79.13842489304147,30.74969940006452],[79.12957643226083,30.75613343095669],[79.1255772420266,30.77092746239437],[79.08995294400938,30.77632302890842],[79.06564799842194,30.80005370110557],[79.03172792911154,30.80659069909178]]]}},{"type":"Feature","properties":{"ac_name":"DHARCHULA","ac_no":42,"ac_category":"GEN","st_name":"UTTARAKHAND"},"geometry":{"type":"Polygon","coordinates":[[[80.10002715624726,30.78621647772082],[80.08864654822348,30.77132855287482],[80.08777008524062,30.76298030339426],[80.10188180422477,30.73379326204492],[80.10225300732834,30.72227734389361],[80.03012740566462,30.73252834773712],[79.99817943301177,30.7195954119684],[79.97908832677066,30.70518261005725],[79.98645053137275,30.68564840429296],[80.01516620951406,30.66161420541109],[80.02035139824368,30.64034136776782],[80.0330399617253,30.63472925518074],[80.03017220524124,30.62713529267077],[80.03372241489306,30.6211677011397],[80.02853395922172,30.61409828724959],[80.04079459281542,30.60131104246892],[80.03876616286199,30.5913849934289],[80.02497333177213,30.58476166412033],[80.00693125454376,30.54918449921899],[79.99516383984758,30.53793292180425],[80.01936265422879,30.47806083181895],[80.01266283660726,30.46507184977434],[80.02705909826642,30.44409405561584],[80.03536039135365,30.44028887684125],[80.03191203596701,30.41654215396648],[80.0364799615827,30.4033868471274],[80.01214219728952,30.36937227104592],[79.99550796887581,30.36146004420242],[80.00183572884175,30.35233298409015],[79.99113528526269,30.32528410761994],[79.99166585134054,30.31383999126074],[79.99848185793454,30.31643885467676],[80.02550137838656,30.31286304200218],[80.04148231712183,30.29061411103614],[80.06822022832277,30.28106990055089],[80.06136221016251,30.269355788368],[80.07268380332891,30.26284684311625],[80.07297344321539,30.24487751371727],[80.07773366152566,30.23814575583806],[80.09296786180215,30.22650257855223],[80.11692074741241,30.22584513536837],[80.10811008224599,30.19907495853389],[80.11133010265684,30.19144099351749],[80.10374708688397,30.16635223963725],[80.10451709164566,30.14865475351131],[80.08251004737079,30.11144613667413],[80.084814455463,30.09620975376299],[80.0802218649993,30.08380731526042],[80.08492048065567,30.06300164475295],[80.06746005524116,30.01952468198455],[80.0728532093668,30.00952422876989],[80.07089350259513,30.00052015672839],[80.09011662970137,29.97107607768494],[80.14257057599923,29.93884477136051],[80.15960477674167,29.9064605493956],[80.1468814634959,29.89906461977268],[80.14634886774775,29.88450911835744],[80.13900552347415,29.87945276767318],[80.15886923625784,29.85148392533874],[80.1580252837436,29.83888228928081],[80.16220388341684,29.83614968721561],[80.1700155728995,29.84295665572196],[80.19859151945589,29.84711299017415],[80.19989763342491,29.85309512211548],[80.21293216882995,29.85748211766294],[80.21403478394028,29.87309233348049],[80.22531743508061,29.87080505971033],[80.2263872362755,29.85335160541472],[80.24965085543786,29.85029216882734],[80.25828016588349,29.87324142891159],[80.29063854556897,29.86570928013845],[80.31315953529146,29.86611538090252],[80.32145428624526,29.8496518426968],[80.33717679419637,29.83967560515158],[80.34659922835155,29.81918734521349],[80.35569381930421,29.81120252451405],[80.35709409635022,29.7979237493602],[80.34902258508889,29.77895043417611],[80.34967962096349,29.75276955485051],[80.36851501829702,29.73180049768697],[80.37238128635425,29.74896541320207],[80.38556353100545,29.74850742122354],[80.39177936772444,29.75691823584544],[80.40054265667389,29.75980882921704],[80.40842381130157,29.78974679126333],[80.43097083685012,29.79844375708489],[80.43650744030269,29.80530761364344],[80.45243973351558,29.79778146880988],[80.46871839477082,29.80114959176473],[80.48814077081485,29.79367813826066],[80.49483724266385,29.79616182871911],[80.50640274923406,29.8204132133293],[80.52379158987506,29.83025466291428],[80.54058278717324,29.84833050530152],[80.55300918708603,29.85327254063055],[80.55921327791647,29.86231557901857],[80.56076046225506,29.87634351838194],[80.57267345394696,29.89482603133746],[80.57086368183774,29.92308546441287],[80.5986911318056,29.9535657488412],[80.62861626924203,29.96392448069794],[80.64498129077658,29.9590297953067],[80.67989355880093,29.96066151560573],[80.7194213137971,29.99942767288802],[80.73355299324366,29.99714634764898],[80.74263565888634,30.00208252944977],[80.76759348282756,30.05534824727698],[80.78758025003924,30.06637674782585],[80.80943608013938,30.0944863399114],[80.83979566136678,30.10123829244361],[80.84970380703932,30.11701754262699],[80.87308807614355,30.13050721216203],[80.87597403474794,30.1438383706507],[80.86621206605803,30.17193714258091],[80.88129860614812,30.18424532571585],[80.90113150320424,30.21603676858746],[80.91100941682176,30.21849498214855],[80.91616595577095,30.21531037203769],[80.9200372754873,30.20738419727164],[80.91867664627165,30.18603569545402],[80.93498198264768,30.17658607317983],[80.95655717246473,30.18441836942192],[80.96900327905662,30.18301870445447],[80.9786322083153,30.19087206317474],[80.99158517412624,30.18677811564892],[81.04124833693291,30.19853941931389],[81.03126273355397,30.22837639160882],[81.03225004719089,30.24736035604079],[81.02363987815646,30.25720325557383],[81.00673284506364,30.26487108185177],[80.92941501221874,30.28235889170659],[80.82402139647148,30.31434561513942],[80.78877152379344,30.33750926934662],[80.76953947999021,30.37367521198298],[80.7503468294872,30.39249652304707],[80.71269589822785,30.41268938017907],[80.67886448896648,30.43774873159378],[80.65113546971797,30.44474922570897],[80.59718222163544,30.48156384988818],[80.57936267262257,30.48293550235711],[80.56854356193583,30.46148348723287],[80.54799600879723,30.45833265938326],[80.53940714100365,30.44863018185907],[80.51859216865618,30.46308557505119],[80.50268611121969,30.48344911773506],[80.46987595998513,30.4882004679027],[80.43653538855926,30.49995977462836],[80.41358414610166,30.52547087753865],[80.39434263699522,30.51780568023909],[80.38131461618691,30.52116790787669],[80.32864263126885,30.54826616818956],[80.32025040712864,30.56112075462305],[80.29108192770828,30.5687746950533],[80.28071037472438,30.56805767593902],[80.27363108755573,30.56083144032041],[80.26846060823222,30.56946308932383],[80.25330660318168,30.55968456649609],[80.2473163444339,30.56215394536288],[80.22405068378265,30.57660158860098],[80.2190633677197,30.59554622502958],[80.2256689703633,30.60774488107509],[80.2127216526036,30.61317289173403],[80.21167523532264,30.61743570390757],[80.22216340179996,30.63939664757811],[80.19375024893057,30.66417488914609],[80.1988204979142,30.67662982209892],[80.23305200302424,30.69157765619848],[80.2368925902732,30.70898957835025],[80.25065435664766,30.73204829576091],[80.2414667750242,30.75237842255662],[80.2312555782546,30.76140302825283],[80.22059604846179,30.75187785828278],[80.20386415200579,30.75815974471211],[80.19827959285263,30.78099234769739],[80.18096040339721,30.80152832890548],[80.17074058001737,30.80711829578846],[80.15299624144802,30.80552535285598],[80.15175560029498,30.7910676904855],[80.13871497638732,30.78786844071738],[80.12127105208485,30.7733634605935],[80.10002715624726,30.78621647772082]]]}},{"type":"Feature","properties":{"ac_name":"DHANOLTI","ac_no":14,"ac_category":"GEN","st_name":"UTTARAKHAND"},"geometry":{"type":"Polygon","coordinates":[[[78.1557276316724,30.6331821888287],[78.13749419740931,30.63260670487064],[78.12554833875092,30.6404737444496],[78.11482771675298,30.63411486299529],[78.08660176629692,30.63390049028646],[78.06546634122071,30.62266236809005],[78.07512017122752,30.60727828660328],[78.05018451475121,30.60212514241257],[78.0421244188518,30.6015888421333],[78.01243263177258,30.61655935382234],[78.0100572725459,30.59945530165639],[78.01420664073808,30.59189195912865],[78.00908831255883,30.59020105716564],[78.0041250076034,30.56614170860705],[78.00011182400335,30.56010535827097],[77.98075594519067,30.55554178945533],[77.98460040756073,30.55115245300618],[77.98306741700499,30.53977116790733],[77.97466118462184,30.53677258811438],[77.97562151679915,30.5291165084565],[77.982403785371,30.53078130531785],[77.98634058101761,30.52608770701732],[77.97591908078526,30.52505990212204],[77.97877282276514,30.51770417000448],[77.9883228420253,30.51506914070026],[77.98027606636128,30.50862113387259],[77.9757445833296,30.51358576201239],[77.96778809985311,30.50961941919036],[77.951401594229,30.51818621123181],[77.94687087563656,30.51636817664747],[77.94777062928331,30.5114967535345],[77.93696470650684,30.51183056428424],[77.94011197884527,30.50214188829241],[77.97385101755212,30.48245599283724],[77.98480657104965,30.467907132184],[77.99565517864856,30.46574475690935],[78.00005592829694,30.4798637454482],[78.00818815822649,30.48335078067186],[78.02147700015318,30.48019740374489],[78.02147720141153,30.47545640634259],[78.03082209541473,30.47307203338007],[78.03626150835971,30.46554909320457],[78.03937349682201,30.48247913654333],[78.06986327036876,30.47634772413527],[78.06974205676161,30.46999221272327],[78.080963918536,30.4665553689123],[78.08016990912799,30.47340545521192],[78.10435926340568,30.47853818428216],[78.10663300698478,30.47092575341288],[78.12294982768923,30.46860238073256],[78.1402366126754,30.45603191727495],[78.15030561062859,30.45758288319202],[78.1636549808344,30.44590625409978],[78.18140688504188,30.44951333432361],[78.19654987213147,30.44712069285222],[78.21710782597489,30.43897087650547],[78.22910796885267,30.4265850716879],[78.23898620355513,30.42310600669833],[78.23408928608514,30.41210603892072],[78.2252710977714,30.40589331143736],[78.19905166360928,30.39855356152487],[78.17480898735772,30.38187525357129],[78.16264874431597,30.38198618902676],[78.15358024758227,30.37318408824151],[78.14373151005496,30.36721392107793],[78.13374553863396,30.34319937547036],[78.1430602109896,30.32521525205459],[78.1768051987269,30.30474551406048],[78.19443720913365,30.30169563188327],[78.1993955354249,30.29398209315046],[78.2090149627141,30.29237088189697],[78.21365290416641,30.3087422444542],[78.22243420514509,30.30707869392245],[78.2368290333244,30.29897986437003],[78.23685218259894,30.28731348862439],[78.2567165103884,30.28505407363434],[78.26764783301272,30.30217275080587],[78.28452884432026,30.29187216302706],[78.2838352463883,30.28747033025342],[78.30015640726927,30.28959269941392],[78.30501505594013,30.30185032850847],[78.31419862690704,30.30212093244632],[78.32641387181472,30.31042172675574],[78.31413905066555,30.33599517629789],[78.33515915972586,30.36830928415954],[78.31784291586418,30.3854945330777],[78.30915547130914,30.41663622511894],[78.29492258865017,30.42584063419677],[78.29886671980437,30.43078608974719],[78.31433314777348,30.43197663492278],[78.32004501511126,30.44867485659384],[78.33487627413706,30.4661770209447],[78.34814392298719,30.47014897612366],[78.34409301738835,30.48178401657341],[78.35566192659066,30.48367123034501],[78.35140924772166,30.48926503405773],[78.35553738256851,30.50277230781776],[78.3633814818623,30.50735463853119],[78.37947744529626,30.50412995517618],[78.38680612027647,30.51086182451382],[78.36006693321343,30.52245221413766],[78.35472022897397,30.53011698924381],[78.35704190767254,30.53419377749626],[78.34944613484711,30.53365779769776],[78.34273944997119,30.54586696450122],[78.34515177388903,30.55088055652031],[78.33923366644589,30.55243641140519],[78.33947069019574,30.56353955301326],[78.32781395798949,30.55897581387742],[78.31739704313121,30.57397905949979],[78.30357671665737,30.57212767771967],[78.31301179919782,30.56327121514721],[78.31044091278393,30.55790399861844],[78.28692574722676,30.55314557148974],[78.28633408546249,30.5636837632217],[78.30182708377966,30.56450743429242],[78.28841197560448,30.57250464060388],[78.29288881435254,30.58205185164255],[78.30153235695926,30.58706128481169],[78.27783134258125,30.61208544186813],[78.2683611101468,30.61355505323395],[78.258606477447,30.60711325628302],[78.24872170606808,30.61145379184848],[78.23620404679167,30.58699182053856],[78.2051966120302,30.57781150160376],[78.18401337569047,30.58613063485232],[78.16472329557706,30.58808817328939],[78.16432357791018,30.60036895174103],[78.1707241460932,30.60399777964269],[78.16285185866433,30.62667777101334],[78.1557276316724,30.6331821888287]]]}},{"type":"Feature","properties":{"ac_name":"PRATAPNAGAR","ac_no":12,"ac_category":"GEN","st_name":"UTTARAKHAND"},"geometry":{"type":"Polygon","coordinates":[[[78.53941889722556,30.52730436937868],[78.52983056589878,30.53138071612656],[78.51846859188271,30.52783086188436],[78.49793397262897,30.53111073131844],[78.49945602053944,30.58059107913254],[78.51310687326577,30.59490359468182],[78.49025632716143,30.61958934834307],[78.48054510962383,30.62472659193373],[78.47666327753664,30.62273466336094],[78.46908587629751,30.61425073810249],[78.44778983748888,30.61418731661247],[78.44178940577982,30.6052061685143],[78.43678719652998,30.57245745236051],[78.45045168570441,30.56316704990786],[78.45356531976581,30.54269185911694],[78.44895561940517,30.5349259562204],[78.4434376367311,30.53487853011333],[78.44216576046443,30.52399467723474],[78.42480472149204,30.51649223162796],[78.42360854410202,30.49426580305865],[78.41609530615455,30.48991985403237],[78.41047287741712,30.47415912402362],[78.41463822023725,30.46801314576508],[78.40580353871069,30.47034383670755],[78.40434688653673,30.49112100398594],[78.39202691592483,30.49878850441966],[78.39358686646115,30.50606400946955],[78.38680612027647,30.51086182451382],[78.37947744529626,30.50412995517618],[78.3633814818623,30.50735463853119],[78.35553738256851,30.50277230781776],[78.35140924772166,30.48926503405773],[78.35566192659066,30.48367123034501],[78.34409301738835,30.48178401657341],[78.34814392298719,30.47014897612366],[78.33487627413706,30.4661770209447],[78.32004501511126,30.44867485659384],[78.31433314777348,30.43197663492278],[78.29886671980437,30.43078608974719],[78.29492258865017,30.42584063419677],[78.30915547130914,30.41663622511894],[78.36662426848729,30.42227291342236],[78.37263187997823,30.41841113602269],[78.38455634409785,30.4132681052772],[78.38582174851727,30.40607218558717],[78.3997330034362,30.40871065005799],[78.40403879147571,30.41842582054892],[78.41185320066128,30.42129155510554],[78.42206989495746,30.41915540584257],[78.42647680089775,30.42283003427335],[78.45616375479592,30.41715259735101],[78.46601380484603,30.4054522286137],[78.46779337313346,30.38847070313561],[78.47225090889062,30.39163333044114],[78.47670495221726,30.38582941997983],[78.4829522486024,30.39543408183038],[78.49569770805911,30.38187831398159],[78.50405261083802,30.38961874707402],[78.516674847208,30.3929922414425],[78.51611057385702,30.38892224121631],[78.52780289774996,30.38392133366765],[78.5358148758968,30.3877891490755],[78.53997660448663,30.3823705103071],[78.56062971532845,30.38448269253444],[78.56721175618222,30.39854439975152],[78.58465199925068,30.39447476415126],[78.61188120675182,30.41449234165003],[78.60971970873592,30.43824146999653],[78.58067745234659,30.46762274481545],[78.55084672976659,30.47869307381519],[78.55588200852128,30.50042422425775],[78.53941889722556,30.52730436937868]]]}},{"type":"Feature","properties":{"ac_name":"RUDRAPRAYAG","ac_no":8,"ac_category":"GEN","st_name":"UTTARAKHAND"},"geometry":{"type":"Polygon","coordinates":[[[78.91964678718793,30.613732245136],[78.90493628333179,30.62309759817027],[78.9024125086042,30.61522855048807],[78.88652019974035,30.60352596947373],[78.89144635220745,30.59437061047378],[78.88940807824751,30.5860073990893],[78.87296551497623,30.5788097210754],[78.86279673395242,30.56597052002231],[78.86608728605269,30.56046502635388],[78.8585138788768,30.55084000448042],[78.86232418230819,30.52846077969403],[78.86889213021148,30.51843812746265],[78.86570652796817,30.50742740591526],[78.85069930147858,30.49160765083325],[78.83836331667699,30.49128366457466],[78.83214799319992,30.48438148595634],[78.822674035989,30.48524795646658],[78.8477206054468,30.45919275592381],[78.84347677313694,30.45057101994414],[78.84513292020793,30.43166103632295],[78.81483429352525,30.40145836049785],[78.83579977243738,30.39265103062327],[78.83836954047965,30.35704485178877],[78.8478573183829,30.35525178549159],[78.85890849430218,30.34600565211915],[78.85481060603595,30.33326727985693],[78.86617519437442,30.32393031419777],[78.85824119980914,30.31582726260441],[78.85924013573674,30.29910317217081],[78.88280755912653,30.26854097996009],[78.8924400943609,30.26339572870401],[78.89397685123727,30.25251558957828],[78.90292106189447,30.24333179780832],[78.90466258496384,30.23737383150552],[78.89696442361155,30.23416245772239],[78.91013890271823,30.2291453355933],[78.91574604805079,30.20347488503519],[78.89303690289363,30.20376387177391],[78.89123676238042,30.19860437866007],[78.8984273808319,30.192453041421],[78.88878996908741,30.18823412037576],[78.90262377610024,30.18251861391579],[78.90525001613162,30.16537480972207],[78.99001222144004,30.18370780858218],[79.0159960699937,30.1969013174676],[79.02530852164963,30.19746812100956],[79.04399746567033,30.21465259475324],[79.035168001139,30.22245851434096],[79.03729650721853,30.24645524228203],[79.09046308195921,30.29900587052623],[79.05627653195981,30.3014438595438],[79.04241835089876,30.31107806981473],[79.00382558463124,30.29962871328842],[78.99683173190573,30.30883472320475],[78.98687577080827,30.30827062951256],[78.98338653575118,30.32248853187546],[78.98692124187704,30.32545549531661],[78.97866035818653,30.3301488294874],[78.9782107896333,30.33522051104791],[78.98318218187711,30.34582269698376],[78.99709568966587,30.35006088593888],[79.00828447966555,30.36651716982031],[78.99863145672279,30.38556913273047],[79.00184330008567,30.4058064037149],[79.01492522777474,30.40185958375987],[79.02143844931504,30.41079577116737],[79.03113001243405,30.41423050770656],[79.03181163508273,30.44070986784707],[79.01570419810311,30.44714164065256],[79.016219812971,30.46873195327741],[79.00956837260765,30.47480357475026],[79.00856067739167,30.49427571397908],[78.99442090724307,30.50604082086545],[79.0035166261755,30.53078735515997],[78.99444107804376,30.54057441598665],[78.97933930481344,30.53733987517267],[78.97122979178286,30.5695218139136],[78.96015533397043,30.57568606556272],[78.949548743109,30.57477007012215],[78.94116199040562,30.58121870517503],[78.93494470998192,30.59257701498547],[78.92722762240983,30.59648046380867],[78.91964678718793,30.613732245136]]]}},{"type":"Feature","properties":{"ac_name":"VIKASNAGAR","ac_no":16,"ac_category":"GEN","st_name":"UTTARAKHAND"},"geometry":{"type":"Polygon","coordinates":[[[77.93696470650684,30.51183056428424],[77.91456491147665,30.51410372806209],[77.9051787355754,30.52230672778249],[77.90653256911102,30.53247115492078],[77.90232175845358,30.53402225658833],[77.88536990497951,30.52627540835025],[77.87946122019692,30.51360660634552],[77.81777187736209,30.50668967379093],[77.78173903409254,30.50024984972437],[77.73280975955069,30.47290101582119],[77.72013951615637,30.4724650227206],[77.69045728430558,30.44802805159507],[77.67110450011941,30.44420546214328],[77.65243009829501,30.44807365206948],[77.64575498985012,30.43266367294687],[77.64106332079224,30.43179252745928],[77.64328776801496,30.41847924278081],[77.67836845742809,30.42480064282135],[77.70064452945655,30.42164892672688],[77.69682419782794,30.4103559310421],[77.73940399695877,30.40143184117489],[77.75519569586264,30.38925837095561],[77.77365503189645,30.40308804614814],[77.7919678363341,30.38898977862833],[77.79913580123784,30.3930668960092],[77.81324584439791,30.38992612474749],[77.81613045332521,30.3979526789498],[77.82898714479657,30.40517681647548],[77.83756358565722,30.42819819796764],[77.86189211418368,30.44033073549597],[77.9001817232432,30.44338401219677],[77.92648987121366,30.47845523967586],[77.95596430336823,30.47397689465141],[77.98114587858478,30.46174960240787],[77.9731208632781,30.46959313584145],[77.97385101755212,30.48245599283724],[77.94011197884527,30.50214188829241],[77.93696470650684,30.51183056428424]]]}},{"type":"Feature","properties":{"ac_name":"MUSSOORIE","ac_no":22,"ac_category":"GEN","st_name":"UTTARAKHAND"},"geometry":{"type":"Polygon","coordinates":[[[77.97385101755212,30.48245599283724],[77.9731208632781,30.46959313584145],[77.98114587858478,30.46174960240787],[77.99192004258731,30.44866285493046],[78.00449987905118,30.44437760737906],[78.01071799415836,30.41328072390353],[78.02468253930658,30.4037601162907],[78.0281369024186,30.39555676224963],[78.01977752979175,30.37824319184357],[78.01359285226754,30.37952049413836],[78.0033215366059,30.37303063720714],[78.00497318312085,30.35183884869343],[77.9981424681625,30.35536795730471],[77.99542720210198,30.34481939372403],[77.98467073885375,30.34518707293323],[77.97358028086225,30.33652733399627],[77.95543240084798,30.34040475811948],[77.94894896035598,30.31363505840965],[77.98340247183204,30.3240613946633],[77.9975396240857,30.3383592413802],[78.00385758246094,30.33915515609279],[78.0102869833251,30.35418061230872],[78.01994381001052,30.35760276930655],[78.03378577983369,30.3656058221769],[78.03275271661698,30.37179974424432],[78.04701902440968,30.37332518482309],[78.0468473395398,30.37838541330833],[78.05330596286468,30.38073516227257],[78.06057954041877,30.37855221758888],[78.05885145114289,30.37085536996057],[78.08286537103919,30.35901187869087],[78.09437317810763,30.36015340178816],[78.10835635737246,30.38692906805028],[78.12174470671125,30.37918311321601],[78.12467731808812,30.39488243689899],[78.13286455373961,30.38494238427925],[78.14770154482737,30.37974149700148],[78.15358024758227,30.37318408824151],[78.16264874431597,30.38198618902676],[78.17480898735772,30.38187525357129],[78.19905166360928,30.39855356152487],[78.2252710977714,30.40589331143736],[78.23408928608514,30.41210603892072],[78.23898620355513,30.42310600669833],[78.22910796885267,30.4265850716879],[78.21710782597489,30.43897087650547],[78.19654987213147,30.44712069285222],[78.18140688504188,30.44951333432361],[78.1636549808344,30.44590625409978],[78.15030561062859,30.45758288319202],[78.1402366126754,30.45603191727495],[78.12294982768923,30.46860238073256],[78.10663300698478,30.47092575341288],[78.10435926340568,30.47853818428216],[78.08016990912799,30.47340545521192],[78.080963918536,30.4665553689123],[78.06974205676161,30.46999221272327],[78.06986327036876,30.47634772413527],[78.03937349682201,30.48247913654333],[78.03626150835971,30.46554909320457],[78.03082209541473,30.47307203338007],[78.02147720141153,30.47545640634259],[78.02147700015318,30.48019740374489],[78.00818815822649,30.48335078067186],[78.00005592829694,30.4798637454482],[77.99565517864856,30.46574475690935],[77.98480657104965,30.467907132184],[77.97385101755212,30.48245599283724]]]}},{"type":"Feature","properties":{"ac_name":"SAHASPUR","ac_no":17,"ac_category":"GEN","st_name":"UTTARAKHAND"},"geometry":{"type":"Polygon","coordinates":[[[77.98114587858478,30.46174960240787],[77.95596430336823,30.47397689465141],[77.92648987121366,30.47845523967586],[77.9001817232432,30.44338401219677],[77.86189211418368,30.44033073549597],[77.83756358565722,30.42819819796764],[77.82898714479657,30.40517681647548],[77.81613045332521,30.3979526789498],[77.81324584439791,30.38992612474749],[77.79913580123784,30.3930668960092],[77.7919678363341,30.38898977862833],[77.77365503189645,30.40308804614814],[77.75519569586264,30.38925837095561],[77.73940399695877,30.40143184117489],[77.69682419782794,30.4103559310421],[77.70064452945655,30.42164892672688],[77.67836845742809,30.42480064282135],[77.64328776801496,30.41847924278081],[77.64106332079224,30.43179252745928],[77.62215194890892,30.43427230557261],[77.59388128523574,30.42610485553427],[77.57362082196242,30.41259462870382],[77.57729315022928,30.39769752270421],[77.5900373447136,30.40609255532057],[77.60221272047133,30.39956774614637],[77.60277635591652,30.40288700384869],[77.62306875319497,30.40509965207807],[77.62991157873569,30.39775906659709],[77.64771507140914,30.40455237813192],[77.65754073273472,30.40044134468289],[77.66019631151185,30.39032823711926],[77.67668906276036,30.38755783773002],[77.67874132159372,30.37543651546058],[77.686148319658,30.37949091799452],[77.68960312680623,30.37687535670353],[77.70978850647063,30.34180442402419],[77.72172666427998,30.3304981839632],[77.76237896139335,30.31768835891348],[77.83913667435546,30.27451517409273],[77.84485077241317,30.27671536593142],[77.84742941687246,30.27135205150118],[77.85843655206617,30.27177525756536],[77.87901779037117,30.26198496918752],[77.88596801646372,30.26750162410639],[77.89542672343758,30.26541993326016],[77.93695666010254,30.24909320842522],[77.94266434949047,30.23966916549519],[77.94703872548787,30.24112567067748],[77.9496549192682,30.25391636529873],[77.94314095029736,30.27088329049558],[77.94447690231233,30.2943918862876],[77.95115447617573,30.30076285707424],[77.9526368820039,30.2978978523493],[77.98303206902276,30.31243566378594],[77.9954799431237,30.309667631752],[77.98340247183204,30.3240613946633],[77.94894896035598,30.31363505840965],[77.95543240084798,30.34040475811948],[77.97358028086225,30.33652733399627],[77.98467073885375,30.34518707293323],[77.99542720210198,30.34481939372403],[77.9981424681625,30.35536795730471],[78.00497318312085,30.35183884869343],[78.0033215366059,30.37303063720714],[78.01359285226754,30.37952049413836],[78.01977752979175,30.37824319184357],[78.0281369024186,30.39555676224963],[78.02468253930658,30.4037601162907],[78.01071799415836,30.41328072390353],[78.00449987905118,30.44437760737906],[77.99192004258731,30.44866285493046],[77.98114587858478,30.46174960240787]]]}},{"type":"Feature","properties":{"ac_name":"TEHRI","ac_no":13,"ac_category":"GEN","st_name":"UTTARAKHAND"},"geometry":{"type":"Polygon","coordinates":[[[78.37263187997823,30.41841113602269],[78.36662426848729,30.42227291342236],[78.30915547130914,30.41663622511894],[78.31784291586418,30.3854945330777],[78.33515915972586,30.36830928415954],[78.31413905066555,30.33599517629789],[78.32641387181472,30.31042172675574],[78.36407316506329,30.30273852330753],[78.37015205530678,30.30732895394177],[78.38838387847365,30.30927005818504],[78.40480960846949,30.30462715626468],[78.41773121343529,30.28562049507134],[78.44311586001464,30.28908537509265],[78.45005013729214,30.28434833949761],[78.45601248063412,30.28912749885307],[78.45668072931724,30.29893575797719],[78.4667890682854,30.30080253753666],[78.47383461445396,30.31142829176248],[78.4746209129343,30.3255119873502],[78.47985749811733,30.32616982662172],[78.48416776720077,30.30497346079616],[78.50593400716502,30.30757924500477],[78.51275996764525,30.31300797211918],[78.52970931085704,30.30693244054289],[78.54506823720057,30.31464562782625],[78.5596410191019,30.30953162255264],[78.56710766737258,30.31137719345425],[78.57145250693875,30.30412473292167],[78.57594417884317,30.30798091677013],[78.59263220025115,30.29846806347148],[78.6024346958829,30.31628662462193],[78.59120445872674,30.32717927201101],[78.6055601820096,30.3295287614466],[78.61686490763216,30.34213632740782],[78.60561263656118,30.35511173979736],[78.61980731789518,30.36926935817861],[78.58465199925068,30.39447476415126],[78.56721175618222,30.39854439975152],[78.56062971532845,30.38448269253444],[78.53997660448663,30.3823705103071],[78.5358148758968,30.3877891490755],[78.52780289774996,30.38392133366765],[78.51611057385702,30.38892224121631],[78.516674847208,30.3929922414425],[78.50405261083802,30.38961874707402],[78.49569770805911,30.38187831398159],[78.4829522486024,30.39543408183038],[78.47670495221726,30.38582941997983],[78.47225090889062,30.39163333044114],[78.46779337313346,30.38847070313561],[78.46601380484603,30.4054522286137],[78.45616375479592,30.41715259735101],[78.42647680089775,30.42283003427335],[78.42206989495746,30.41915540584257],[78.41185320066128,30.42129155510554],[78.40403879147571,30.41842582054892],[78.3997330034362,30.40871065005799],[78.38582174851727,30.40607218558717],[78.38455634409785,30.4132681052772],[78.37263187997823,30.41841113602269]]]}},{"type":"Feature","properties":{"ac_name":"RAIPUR","ac_no":19,"ac_category":"GEN","st_name":"UTTARAKHAND"},"geometry":{"type":"Polygon","coordinates":[[[78.14770154482737,30.37974149700148],[78.13286455373961,30.38494238427925],[78.12467731808812,30.39488243689899],[78.12174470671125,30.37918311321601],[78.10835635737246,30.38692906805028],[78.09437317810763,30.36015340178816],[78.08286537103919,30.35901187869087],[78.07009999392574,30.35004666685548],[78.06252244111228,30.3348471425321],[78.06921849093007,30.32852458338927],[78.06257976433626,30.31417028315275],[78.07132074001574,30.31343543225098],[78.0684760206249,30.29715806172382],[78.07510799424863,30.2943160660223],[78.06598372982302,30.27556017518477],[78.07522086764654,30.27138850580037],[78.08531075169732,30.25784208911418],[78.08835090034145,30.2620822791311],[78.09582488685005,30.25767014916125],[78.10015273237582,30.25908927368491],[78.09312766410498,30.26949042509142],[78.1069906869595,30.29304895102001],[78.1033154083453,30.30174650034139],[78.11444748769821,30.30633537986034],[78.12122482029886,30.29303769992762],[78.14701985238496,30.30103395483513],[78.15821980058192,30.28619543680922],[78.17219978085329,30.29132583781702],[78.1768051987269,30.30474551406048],[78.1430602109896,30.32521525205459],[78.13374553863396,30.34319937547036],[78.14373151005496,30.36721392107793],[78.15358024758227,30.37318408824151],[78.14770154482737,30.37974149700148]]]}},{"type":"Feature","properties":{"ac_name":"RAJPUR ROAD (SC","ac_no":20,"ac_category":"GEN","st_name":"UTTARAKHAND"},"geometry":{"type":"Polygon","coordinates":[[[78.05330596286468,30.38073516227257],[78.0468473395398,30.37838541330833],[78.04701902440968,30.37332518482309],[78.03275271661698,30.37179974424432],[78.03378577983369,30.3656058221769],[78.01994381001052,30.35760276930655],[78.01687809740305,30.323942005531],[78.03139278392219,30.31212316905969],[78.04199954089604,30.30911904640011],[78.05112302972653,30.31778845150257],[78.06257976433626,30.31417028315275],[78.06921849093007,30.32852458338927],[78.06252244111228,30.3348471425321],[78.07009999392574,30.35004666685548],[78.08286537103919,30.35901187869087],[78.05885145114289,30.37085536996057],[78.06057954041877,30.37855221758888],[78.05330596286468,30.38073516227257]]]}},{"type":"Feature","properties":{"ac_name":"DEOPRAYAG","ac_no":10,"ac_category":"GEN","st_name":"UTTARAKHAND"},"geometry":{"type":"Polygon","coordinates":[[[78.78969274164223,30.35190130215359],[78.72029753453303,30.36769056441569],[78.71423266246615,30.37615703784903],[78.69414436177425,30.37989180357508],[78.66985032410628,30.36911914033612],[78.66022463152514,30.34591493874813],[78.64983494588913,30.34431992692948],[78.62929606225669,30.35188539746014],[78.61686490763216,30.34213632740782],[78.6055601820096,30.3295287614466],[78.59120445872674,30.32717927201101],[78.6024346958829,30.31628662462193],[78.59263220025115,30.29846806347148],[78.57594417884317,30.30798091677013],[78.57145250693875,30.30412473292167],[78.56710766737258,30.31137719345425],[78.5596410191019,30.30953162255264],[78.54506823720057,30.31464562782625],[78.52970931085704,30.30693244054289],[78.51275996764525,30.31300797211918],[78.50593400716502,30.30757924500477],[78.48416776720077,30.30497346079616],[78.4798126217166,30.29666102084803],[78.48976340591939,30.29190548695677],[78.49135828585159,30.2860495826456],[78.48338104599883,30.28225934813119],[78.48956081470267,30.27487223848244],[78.48750804935747,30.26810023491051],[78.50031452844554,30.26159223013444],[78.50548362037415,30.24787993715885],[78.5152637695028,30.24625633945882],[78.5171568654085,30.25160016497925],[78.52782833783021,30.23602685560194],[78.54632288212925,30.23078234466723],[78.55342189488888,30.2207748718433],[78.5524253117957,30.20119070535458],[78.57372646738845,30.18955751291886],[78.58028119648897,30.17577881217057],[78.59350040171742,30.16525719435649],[78.597434945555,30.14865675598423],[78.60480027704558,30.14546955996544],[78.61606867909852,30.15116046505878],[78.61970864825572,30.17803776707804],[78.64373479418823,30.1934466164502],[78.64531495263982,30.20706646963792],[78.6602923473802,30.20530601000402],[78.66910138164485,30.2117260933051],[78.67843035674603,30.21202499010956],[78.6803695219998,30.23789502745695],[78.70718627130127,30.23151500561779],[78.71813489553736,30.23594473170553],[78.72675372447456,30.22643648974442],[78.75250734950095,30.21487509358209],[78.76282407569904,30.21631863427702],[78.76677547930316,30.2262721714978],[78.78702085950854,30.22923815537526],[78.79925767485408,30.21965820501989],[78.80791514087247,30.21948128840255],[78.80880747724825,30.22772232839547],[78.82189029264649,30.22909068149683],[78.81915131471538,30.23887243779745],[78.8265666404066,30.24378559215564],[78.8448897753436,30.23617380810821],[78.84711043985318,30.24677944996991],[78.8606125492643,30.24380797458596],[78.87602100680647,30.25376909847454],[78.87908627154773,30.26107222277413],[78.89397685123727,30.25251558957828],[78.8924400943609,30.26339572870401],[78.88280755912653,30.26854097996009],[78.85924013573674,30.29910317217081],[78.85824119980914,30.31582726260441],[78.86617519437442,30.32393031419777],[78.85481060603595,30.33326727985693],[78.85890849430218,30.34600565211915],[78.8478573183829,30.35525178549159],[78.83836954047965,30.35704485178877],[78.80776233704954,30.35072355443498],[78.78969274164223,30.35190130215359]]]}},{"type":"Feature","properties":{"ac_name":"KARNPRAYAG","ac_no":6,"ac_category":"GEN","st_name":"UTTARAKHAND"},"geometry":{"type":"Polygon","coordinates":[[[79.28322480502943,30.36198671570226],[79.27263189681372,30.36350533814168],[79.22329272246176,30.32617812429808],[79.19253554621334,30.31468877189248],[79.17700353590678,30.32361005776598],[79.16016557392895,30.35568600054507],[79.1403149328913,30.38057527042824],[79.11489078664135,30.38463120358457],[79.10440478038348,30.3766196873008],[79.12432625302186,30.34811223479257],[79.13422036537895,30.3501778157788],[79.1394540477138,30.34060434222443],[79.1571179548513,30.33173795612579],[79.15539375342487,30.32185413822199],[79.14947157509432,30.3249326751153],[79.14530776194627,30.30241729338975],[79.16727704849822,30.29475892208217],[79.14683948823945,30.29419504189577],[79.13856054182597,30.28775021327675],[79.11378665699254,30.28962980948792],[79.10387315412763,30.27658958431939],[79.1045394214869,30.25757300521022],[79.07938084422547,30.22725591569922],[79.077864577347,30.21929587393141],[79.10154928198398,30.2104687336951],[79.09507419345034,30.20567401330222],[79.09788727866423,30.1962408502121],[79.12266963947623,30.17954694025271],[79.1267370572344,30.18086777209097],[79.12582483434386,30.16949455484591],[79.13883113909681,30.16673106015944],[79.1440223470049,30.15873576415775],[79.13291527817522,30.1430378198159],[79.13438618480332,30.11807653318124],[79.15172090037218,30.11193002917346],[79.15423193543491,30.09868278521187],[79.16035014783124,30.09290948683566],[79.17284263248678,30.09623657058484],[79.19345107243123,30.08393924005466],[79.20280854338806,30.06305697423127],[79.1933051071356,30.05873383413485],[79.18864753707304,30.03754589437595],[79.20228970471491,30.03538493282483],[79.21744260142346,30.02241462528563],[79.21594887162273,30.01126625790524],[79.22371646468996,29.9907711495814],[79.21883391600653,29.98558774996447],[79.22512666083425,29.97926245610758],[79.24540841517853,29.97156049707357],[79.24954610894362,29.96474895635638],[79.25161949277243,29.96098627585004],[79.27287686783556,29.96059575598864],[79.28546444236521,29.95136755447705],[79.28353780948991,29.92559274953549],[79.31020180648483,29.93110897992072],[79.31829126048824,29.92707914176415],[79.32559015231544,29.92959107886246],[79.32666048680619,29.93845884918679],[79.33553807761322,29.9425293130266],[79.32686971226103,29.96581689427178],[79.33105893477764,29.97326671684392],[79.33931763636629,29.9729177847296],[79.36076479532518,29.94008085504266],[79.37510366677446,29.927281821549],[79.38959158601558,29.93061214050767],[79.4067000080227,29.94292002384584],[79.41570825850727,29.94373006929514],[79.42498781188995,29.93393233847334],[79.43605522633214,29.95051057196424],[79.44900433105218,29.95742121757129],[79.44946388296428,29.96526895907469],[79.47200135034798,29.98121878308661],[79.47587652575488,30.00610316286525],[79.46991910019864,30.02375505279028],[79.45524581545325,30.03936838826282],[79.39323313188999,30.07401499849026],[79.38478734925108,30.07425618973092],[79.3840236389306,30.07849373588989],[79.37091276098371,30.08255636360938],[79.30379265935565,30.12356065971757],[79.30102611825224,30.13269739434507],[79.32922339022535,30.16532253040522],[79.33526156709831,30.16650137848353],[79.34470162678905,30.17926860504255],[79.35172273365805,30.18031196139628],[79.34963470921878,30.20009995522826],[79.34270926777808,30.19981277386811],[79.34188972719973,30.20827404365045],[79.33533116575356,30.21276039636069],[79.32849855161716,30.20638001329565],[79.32405122746361,30.20971847409254],[79.33519683962626,30.27442228883257],[79.35142431616397,30.2715922453659],[79.3675120746774,30.27772561903676],[79.36103198021254,30.2840016133297],[79.37142670128321,30.29610501221689],[79.36754182603335,30.31091419250749],[79.35975392366336,30.31763260230528],[79.3297111325879,30.33154168159548],[79.33073080125348,30.33589753003886],[79.31266937105893,30.33907440999574],[79.28322480502943,30.36198671570226]]]}},{"type":"Feature","properties":{"ac_name":"DEHRADUN CANTT.","ac_no":21,"ac_category":"GEN","st_name":"UTTARAKHAND"},"geometry":{"type":"Polygon","coordinates":[[[77.98340247183204,30.3240613946633],[77.9954799431237,30.309667631752],[78.01687809740305,30.323942005531],[78.01994381001052,30.35760276930655],[78.0102869833251,30.35418061230872],[78.00385758246094,30.33915515609279],[77.9975396240857,30.3383592413802],[77.98340247183204,30.3240613946633]]]}},{"type":"Feature","properties":{"ac_name":"THARALI","ac_no":5,"ac_category":"SC","st_name":"UTTARAKHAND"},"geometry":{"type":"Polygon","coordinates":[[[79.2992046530477,30.37893625660626],[79.29386644924568,30.36747935948559],[79.28322480502943,30.36198671570226],[79.31266937105893,30.33907440999574],[79.33073080125348,30.33589753003886],[79.3297111325879,30.33154168159548],[79.35975392366336,30.31763260230528],[79.36754182603335,30.31091419250749],[79.37142670128321,30.29610501221689],[79.36103198021254,30.2840016133297],[79.3675120746774,30.27772561903676],[79.35142431616397,30.2715922453659],[79.33519683962626,30.27442228883257],[79.32405122746361,30.20971847409254],[79.32849855161716,30.20638001329565],[79.33533116575356,30.21276039636069],[79.34188972719973,30.20827404365045],[79.34270926777808,30.19981277386811],[79.34963470921878,30.20009995522826],[79.35172273365805,30.18031196139628],[79.34470162678905,30.17926860504255],[79.33526156709831,30.16650137848353],[79.32922339022535,30.16532253040522],[79.30102611825224,30.13269739434507],[79.30379265935565,30.12356065971757],[79.37091276098371,30.08255636360938],[79.3840236389306,30.07849373588989],[79.38478734925108,30.07425618973092],[79.39323313188999,30.07401499849026],[79.45524581545325,30.03936838826282],[79.46991910019864,30.02375505279028],[79.47587652575488,30.00610316286525],[79.48416892968586,30.02443476629547],[79.50059639253257,30.01662568255575],[79.52169371930667,30.01473814184256],[79.53337331302887,30.00149747010651],[79.54690061183311,29.99744814147795],[79.55546808099844,30.0030087241564],[79.59326393795732,30.00832455880263],[79.60994866924801,30.01873103106212],[79.63346678008709,30.01724442889564],[79.66321803285173,30.0041619265639],[79.68536904952165,30.00647517795029],[79.70402074047895,30.00242201653673],[79.76553225862355,30.00703273933362],[79.77482178902143,30.0026314054315],[79.78967784698258,30.01371695829803],[79.81270527053954,30.02170678874434],[79.81355273448652,30.0408869561006],[79.82770657466953,30.05518369215934],[79.80586001441698,30.07468083304885],[79.7864140429057,30.07687028634407],[79.77788443640388,30.09527737093649],[79.77906650522118,30.11371848519118],[79.76281633645512,30.13573141918356],[79.78194602271446,30.154019932609],[79.78036059454355,30.17811721324543],[79.79573247860088,30.19392241500208],[79.80067112618792,30.20965067439843],[79.81887071309087,30.22250697343559],[79.81648791536324,30.23969675105796],[79.79761272295855,30.28114460237767],[79.78354296392786,30.29373984676023],[79.77529833693708,30.29308745768863],[79.76828976318622,30.3031669902071],[79.75726146515042,30.30636871197995],[79.74893323521026,30.3413421319438],[79.68128178313168,30.33966745515174],[79.62814412577032,30.33072023347119],[79.53619738435629,30.33539718002887],[79.4174896704081,30.34600869073843],[79.3518518955532,30.35992700903294],[79.32836540721844,30.35826206624682],[79.3239679186285,30.36520993842033],[79.3093812592745,30.36410248524974],[79.31098284822268,30.37793161198988],[79.30031999995587,30.37541161465927],[79.2992046530477,30.37893625660626]]]}},{"type":"Feature","properties":{"ac_name":"DHARAMPUR","ac_no":18,"ac_category":"GEN","st_name":"UTTARAKHAND"},"geometry":{"type":"Polygon","coordinates":[[[78.03139278392219,30.31212316905969],[78.01687809740305,30.323942005531],[77.9954799431237,30.309667631752],[77.98303206902276,30.31243566378594],[77.9526368820039,30.2978978523493],[77.95115447617573,30.30076285707424],[77.94447690231233,30.2943918862876],[77.94314095029736,30.27088329049558],[77.9496549192682,30.25391636529873],[77.94703872548787,30.24112567067748],[77.95209151279029,30.2453274956522],[77.96106178030885,30.24350878584609],[77.95559972407102,30.23064705838318],[77.97503681673383,30.21843001280256],[77.97469426606679,30.21231232909473],[77.98592313135828,30.20377339216719],[78.00663797520443,30.17222339132678],[78.0415233586406,30.199466011151],[78.02672788363944,30.20026594518685],[78.00900540066093,30.21394059837642],[78.01121157288823,30.22619931937009],[77.99826115697513,30.23968989589774],[78.00044005129553,30.24644022390771],[78.00709950903463,30.25155807658965],[78.02569678421308,30.24984449357547],[78.02735344224747,30.24089237555691],[78.0324024097413,30.24342656034478],[78.04017326833595,30.25704821262714],[78.0343821334342,30.26304040685339],[78.03806290518779,30.26933257122989],[78.03323098195241,30.26758388763484],[78.03461051746982,30.2710274441091],[78.02875015878027,30.2736055183658],[78.03623520163515,30.2804434702037],[78.05047145312221,30.28118403163695],[78.0438240048335,30.26134077975929],[78.05076137900404,30.25866713496474],[78.0684760206249,30.29715806172382],[78.07132074001574,30.31343543225098],[78.06257976433626,30.31417028315275],[78.05112302972653,30.31778845150257],[78.04199954089604,30.30911904640011],[78.03139278392219,30.31212316905969]]]}},{"type":"Feature","properties":{"ac_name":"NARENDRANAGAR","ac_no":11,"ac_category":"GEN","st_name":"UTTARAKHAND"},"geometry":{"type":"Polygon","coordinates":[[[78.2838352463883,30.28747033025342],[78.27847941297821,30.27034074791042],[78.29935979866967,30.24552789900682],[78.29666679242,30.23320827992441],[78.28308841023336,30.22206850646414],[78.27259898248384,30.22198321141794],[78.26384202215058,30.21621947477915],[78.25413879616735,30.20423288148087],[78.24708948399488,30.20475826408841],[78.23511827698309,30.18111904079084],[78.24348701597829,30.1663405545873],[78.26060029838733,30.1613313984178],[78.25518373472786,30.13838021612555],[78.27828965806157,30.12896905375528],[78.29872661444465,30.11537136523074],[78.30936091961985,30.1146670054171],[78.31592168584666,30.12416322722325],[78.32916454660642,30.12402241666417],[78.33376425675277,30.13369054193259],[78.34156849825634,30.13456466214213],[78.37329477915131,30.1165894217943],[78.39074167152081,30.12201624384731],[78.39183983062676,30.13515926294809],[78.40749358296202,30.1367423879184],[78.41896639958175,30.12899730325477],[78.42331474762375,30.11404637206637],[78.43893725261982,30.11119270146698],[78.43369748059143,30.09903803307464],[78.43417029150157,30.08080697163357],[78.45105991754546,30.06910370751779],[78.47779682804003,30.0656269909367],[78.4794526265968,30.05536818912109],[78.48817979066759,30.05816810551995],[78.49805091092158,30.07566326373786],[78.49858484569569,30.06305363176366],[78.5094033717662,30.05497595685673],[78.5141225932285,30.06616397370863],[78.52182179035466,30.06747343602098],[78.526541032574,30.07579435658982],[78.55876713863529,30.07134453760189],[78.56405676897863,30.06279576506593],[78.57499582033023,30.06346683360113],[78.58465462826561,30.05265560760171],[78.58975375470571,30.06588537426831],[78.5977747208514,30.06515052857181],[78.5983127748071,30.06978519407056],[78.58325362447263,30.07286519894626],[78.59101251951678,30.085775310412],[78.57954492418389,30.102831829892],[78.58735290091964,30.1081319678132],[78.58552304706593,30.12144061660509],[78.59987123016252,30.12537027170668],[78.59587188477941,30.1425900453945],[78.60480027704558,30.14546955996544],[78.597434945555,30.14865675598423],[78.59350040171742,30.16525719435649],[78.58028119648897,30.17577881217057],[78.57372646738845,30.18955751291886],[78.5524253117957,30.20119070535458],[78.55342189488888,30.2207748718433],[78.54632288212925,30.23078234466723],[78.52782833783021,30.23602685560194],[78.5171568654085,30.25160016497925],[78.5152637695028,30.24625633945882],[78.50548362037415,30.24787993715885],[78.50031452844554,30.26159223013444],[78.48750804935747,30.26810023491051],[78.48956081470267,30.27487223848244],[78.48338104599883,30.28225934813119],[78.49135828585159,30.2860495826456],[78.48976340591939,30.29190548695677],[78.4798126217166,30.29666102084803],[78.48416776720077,30.30497346079616],[78.47985749811733,30.32616982662172],[78.4746209129343,30.3255119873502],[78.47383461445396,30.31142829176248],[78.4667890682854,30.30080253753666],[78.45668072931724,30.29893575797719],[78.45601248063412,30.28912749885307],[78.45005013729214,30.28434833949761],[78.44311586001464,30.28908537509265],[78.41773121343529,30.28562049507134],[78.40480960846949,30.30462715626468],[78.38838387847365,30.30927005818504],[78.37015205530678,30.30732895394177],[78.36407316506329,30.30273852330753],[78.32641387181472,30.31042172675574],[78.31419862690704,30.30212093244632],[78.30501505594013,30.30185032850847],[78.30015640726927,30.28959269941392],[78.2838352463883,30.28747033025342]]]}},{"type":"Feature","properties":{"ac_name":"DOIWALA","ac_no":23,"ac_category":"GEN","st_name":"UTTARAKHAND"},"geometry":{"type":"Polygon","coordinates":[[[78.1768051987269,30.30474551406048],[78.17219978085329,30.29132583781702],[78.15821980058192,30.28619543680922],[78.14701985238496,30.30103395483513],[78.12122482029886,30.29303769992762],[78.11444748769821,30.30633537986034],[78.1033154083453,30.30174650034139],[78.1069906869595,30.29304895102001],[78.09312766410498,30.26949042509142],[78.10015273237582,30.25908927368491],[78.09582488685005,30.25767014916125],[78.08835090034145,30.2620822791311],[78.08531075169732,30.25784208911418],[78.07522086764654,30.27138850580037],[78.06598372982302,30.27556017518477],[78.07510799424863,30.2943160660223],[78.0684760206249,30.29715806172382],[78.05076137900404,30.25866713496474],[78.0438240048335,30.26134077975929],[78.05047145312221,30.28118403163695],[78.03623520163515,30.2804434702037],[78.02875015878027,30.2736055183658],[78.03461051746982,30.2710274441091],[78.03323098195241,30.26758388763484],[78.03806290518779,30.26933257122989],[78.0343821334342,30.26304040685339],[78.04017326833595,30.25704821262714],[78.0324024097413,30.24342656034478],[78.02735344224747,30.24089237555691],[78.02569678421308,30.24984449357547],[78.00709950903463,30.25155807658965],[78.00044005129553,30.24644022390771],[77.99826115697513,30.23968989589774],[78.01121157288823,30.22619931937009],[78.00900540066093,30.21394059837642],[78.02672788363944,30.20026594518685],[78.0415233586406,30.199466011151],[78.00663797520443,30.17222339132678],[78.03582499958264,30.10684566867536],[78.0467227578859,30.09170184351246],[78.06401803131506,30.08158791511433],[78.11373503175766,30.13056485038333],[78.13556858037312,30.13852628888715],[78.13662584472212,30.1520613956597],[78.14502557839941,30.14326257213348],[78.14999385779048,30.11729807655767],[78.1747191803564,30.11755454466157],[78.19646031070339,30.11171849702707],[78.21245643512003,30.10045390548399],[78.22494389080283,30.07771512477806],[78.2325087299594,30.07297950254509],[78.2499500721163,30.07905583392131],[78.26324979533011,30.11493185036348],[78.27828965806157,30.12896905375528],[78.25518373472786,30.13838021612555],[78.26060029838733,30.1613313984178],[78.24348701597829,30.1663405545873],[78.23511827698309,30.18111904079084],[78.24708948399488,30.20475826408841],[78.25413879616735,30.20423288148087],[78.26384202215058,30.21621947477915],[78.27259898248384,30.22198321141794],[78.28308841023336,30.22206850646414],[78.29666679242,30.23320827992441],[78.29935979866967,30.24552789900682],[78.27847941297821,30.27034074791042],[78.2838352463883,30.28747033025342],[78.28452884432026,30.29187216302706],[78.26764783301272,30.30217275080587],[78.2567165103884,30.28505407363434],[78.23685218259894,30.28731348862439],[78.2368290333244,30.29897986437003],[78.22243420514509,30.30707869392245],[78.21365290416641,30.3087422444542],[78.2090149627141,30.29237088189697],[78.1993955354249,30.29398209315046],[78.19443720913365,30.30169563188327],[78.1768051987269,30.30474551406048]]]}},{"type":"Feature","properties":{"ac_name":"KAPKOTE","ac_no":46,"ac_category":"GEN","st_name":"UTTARAKHAND"},"geometry":{"type":"Polygon","coordinates":[[[79.99166585134054,30.31383999126074],[79.97389842878118,30.29367743524605],[79.95276181855728,30.28851510998901],[79.94572869064024,30.29452112696204],[79.93286848367264,30.29592836464465],[79.89845381910268,30.27493776433849],[79.87166463747346,30.26794680930411],[79.85591922326424,30.28153936691637],[79.83934332686312,30.2875859814502],[79.79761272295855,30.28114460237767],[79.81648791536324,30.23969675105796],[79.81887071309087,30.22250697343559],[79.80067112618792,30.20965067439843],[79.79573247860088,30.19392241500208],[79.78036059454355,30.17811721324543],[79.78194602271446,30.154019932609],[79.76281633645512,30.13573141918356],[79.77906650522118,30.11371848519118],[79.77788443640388,30.09527737093649],[79.7864140429057,30.07687028634407],[79.80586001441698,30.07468083304885],[79.82770657466953,30.05518369215934],[79.81355273448652,30.0408869561006],[79.81270527053954,30.02170678874434],[79.78967784698258,30.01371695829803],[79.77482178902143,30.0026314054315],[79.76553225862355,30.00703273933362],[79.70402074047895,30.00242201653673],[79.68536904952165,30.00647517795029],[79.66321803285173,30.0041619265639],[79.63346678008709,30.01724442889564],[79.6352306246901,30.00681372878089],[79.62603688726047,29.98615887734927],[79.65786161949225,29.98447702813499],[79.68955156303399,29.97538854828019],[79.70998032716676,29.96159801326266],[79.71661132233147,29.94976543791221],[79.72973720841406,29.95114225083969],[79.7452350359691,29.94276142196493],[79.75815147222175,29.96053895364367],[79.75899737462251,29.92335690342775],[79.76702662826058,29.91520390723929],[79.77159781128657,29.89299529909448],[79.78591284827137,29.90719264755692],[79.8097113721167,29.91572855056253],[79.80098564738644,29.8890963369361],[79.81451406466896,29.85787490300985],[79.80726134285686,29.8302003543585],[79.8220700387073,29.80585759302386],[79.8802151382942,29.80077311907553],[79.89130182709619,29.79445794037375],[79.90328450240862,29.79684073774574],[79.90907637105539,29.7969273100397],[79.9108227950788,29.78896077192783],[79.91324407130332,29.79253470581934],[79.93184908513525,29.79025223962199],[79.9319610119765,29.7665236014126],[79.96366616705963,29.76466567209256],[79.97593593578104,29.75947153846535],[79.99392649748134,29.76633090639186],[80.00323124612113,29.77728041450908],[80.01334594609885,29.77336137289018],[80.01824350925277,29.78207228131932],[80.0341484129316,29.78164661309512],[80.03990808093212,29.78757524549565],[80.03851276223575,29.79494778662534],[80.03308896778222,29.79555687939222],[80.03243967157111,29.80481256521066],[80.0188991536983,29.80918945183973],[80.01944877214254,29.82767698810334],[79.99730242035022,29.83573553472031],[79.9938507093201,29.84475880356533],[79.97682592914352,29.84103393369746],[79.97692667046076,29.8515725590345],[80.00738010941733,29.85115715635948],[80.00541954446948,29.87280417963979],[80.01261284517582,29.88790951719606],[80.02645020352833,29.89690404660416],[80.0444159874156,29.89529437709666],[80.05266135831404,29.90298321732735],[80.06706381583427,29.90306462966998],[80.08377055742834,29.88733229325056],[80.10738044495955,29.90744970080318],[80.129563774453,29.89982373037586],[80.14212093108253,29.90312598762534],[80.1468814634959,29.89906461977268],[80.15960477674167,29.9064605493956],[80.14257057599923,29.93884477136051],[80.09011662970137,29.97107607768494],[80.07089350259513,30.00052015672839],[80.0728532093668,30.00952422876989],[80.06746005524116,30.01952468198455],[80.08492048065567,30.06300164475295],[80.0802218649993,30.08380731526042],[80.084814455463,30.09620975376299],[80.08251004737079,30.11144613667413],[80.10451709164566,30.14865475351131],[80.10374708688397,30.16635223963725],[80.11133010265684,30.19144099351749],[80.10811008224599,30.19907495853389],[80.11692074741241,30.22584513536837],[80.09296786180215,30.22650257855223],[80.07773366152566,30.23814575583806],[80.07297344321539,30.24487751371727],[80.07268380332891,30.26284684311625],[80.06136221016251,30.269355788368],[80.06822022832277,30.28106990055089],[80.04148231712183,30.29061411103614],[80.02550137838656,30.31286304200218],[79.99848185793454,30.31643885467676],[79.99166585134054,30.31383999126074]]]}},{"type":"Feature","properties":{"ac_name":"JWALAPUR","ac_no":27,"ac_category":"SC","st_name":"UTTARAKHAND"},"geometry":{"type":"Polygon","coordinates":[[[77.94703872548787,30.24112567067748],[77.94266434949047,30.23966916549519],[77.92981147336275,30.21947833841022],[77.91485430542404,30.20774359255615],[77.90767163990603,30.18097417973139],[77.87709731811475,30.14975930916189],[77.85005595064952,30.10695690293835],[77.83680814120463,30.09942622651498],[77.8245460888155,30.0843261945472],[77.8054126365339,30.09579731730986],[77.79790494108683,30.09468292169428],[77.76972305427934,30.04521668674687],[77.77526330729668,30.03685867344],[77.78614974430772,30.03983339299477],[77.80830016299119,30.02621518934659],[77.8116292683655,30.03217744864735],[77.81670863697322,30.03202053601125],[77.82688850781297,30.01849475414369],[77.83480817475748,30.02530716753787],[77.84553914157146,30.02442065900346],[77.85587794648319,30.03310622768745],[77.87633083291796,30.0247690258819],[77.88564706528591,30.01325632564821],[77.88626316823749,29.99834342507018],[77.87435020611859,29.98771512220673],[77.87886652358867,29.98325127131741],[77.87390669231436,29.95277101624941],[77.8819527701084,29.95044506404652],[77.88727554993999,29.96247836289213],[77.89378068595833,29.96085640576212],[77.89551771616415,29.94982654270263],[77.90621621099146,29.94926477553496],[77.91390268188928,29.96078488215252],[77.92335214849149,29.96038721009994],[77.93294824029962,29.96626525897924],[77.93768831739622,29.96098601564199],[77.9556614211974,29.9402773212974],[77.99138339922928,29.93600186028319],[77.99819035318532,29.92463393722234],[78.0172254900349,29.91337048264157],[78.01117338813737,29.90543069922594],[78.01828086853229,29.88096344542159],[78.00635423200627,29.86369754904002],[77.99103694462302,29.86871980988875],[77.98291487773234,29.86368857436218],[77.98357299990961,29.85898300072931],[77.97020674913912,29.85475439137172],[77.96415312265249,29.84428244899585],[77.97604130442241,29.82947408531078],[77.9665518085939,29.82437085042484],[77.9763797275594,29.81705987112308],[78.01102043836673,29.79750064126642],[78.02437145830194,29.80756331632379],[78.02366086665788,29.81755592526725],[78.03415768015965,29.82610951413062],[78.0373183981724,29.8405114942382],[78.0507318564097,29.83847329977192],[78.05787322604849,29.84304709907342],[78.05697175786317,29.85709945982222],[78.04424496440353,29.86168642573524],[78.07196701109329,29.88289783922664],[78.07418842781055,29.90603085827278],[78.07218447093724,29.9100421718242],[78.06433041320014,29.9054386332103],[78.05232203184495,29.91265699769506],[78.0547836144145,29.92009093238856],[78.06728561084887,29.91802236437428],[78.0645201303309,29.92852129116345],[78.04046501251882,29.93716343596869],[78.0215093862741,29.95970388791269],[78.01240655396708,29.95519573623326],[78.01108399344587,29.95824790622246],[78.01737022684688,29.97763201394514],[78.04333877041476,29.98448214925998],[78.00007539548187,30.00083394409434],[77.99655382325489,30.01396115321345],[77.990857818597,30.01005605064405],[77.99267895652375,30.03670517039637],[77.98363171215962,30.03882384516782],[77.98046544243894,30.03269099412073],[77.97167792579624,30.03206976503697],[77.96764855207144,30.03752944105921],[77.96172843594307,30.03463383049072],[77.95267279916855,30.04232888899096],[77.97645327307634,30.07120123239633],[77.99427088319955,30.08028442600456],[78.01104679705205,30.07780908577017],[78.03582499958264,30.10684566867536],[78.00663797520443,30.17222339132678],[77.98592313135828,30.20377339216719],[77.97469426606679,30.21231232909473],[77.97503681673383,30.21843001280256],[77.95559972407102,30.23064705838318],[77.96106178030885,30.24350878584609],[77.95209151279029,30.2453274956522],[77.94703872548787,30.24112567067748]]]}},{"type":"Feature","properties":{"ac_name":"SRINAGAR","ac_no":38,"ac_category":"GEN","st_name":"UTTARAKHAND"},"geometry":{"type":"Polygon","coordinates":[[[78.90292106189447,30.24333179780832],[78.89397685123727,30.25251558957828],[78.87908627154773,30.26107222277413],[78.87602100680647,30.25376909847454],[78.8606125492643,30.24380797458596],[78.84711043985318,30.24677944996991],[78.8448897753436,30.23617380810821],[78.8265666404066,30.24378559215564],[78.81915131471538,30.23887243779745],[78.82189029264649,30.22909068149683],[78.80880747724825,30.22772232839547],[78.80791514087247,30.21948128840255],[78.79925767485408,30.21965820501989],[78.78702085950854,30.22923815537526],[78.76677547930316,30.2262721714978],[78.76282407569904,30.21631863427702],[78.75250734950095,30.21487509358209],[78.75641311838243,30.19706481871982],[78.8110106466121,30.17537408322369],[78.82702121018609,30.13115950500723],[78.8277215263142,30.10412318839623],[78.84283505804726,30.09039892182574],[78.85832883223908,30.08833049033899],[78.860303630325,30.08435199775438],[78.86151758138574,30.07654542785686],[78.85464393822853,30.06695532733074],[78.85619113393207,30.05390492115266],[78.86134972948264,30.05660605850648],[78.86911518677874,30.04415386983481],[78.87546319210301,30.04645440352154],[78.88481266112485,30.07023802161872],[78.89532461518095,30.07315069016341],[78.90768764089027,30.10017795979569],[78.91380854389918,30.10051432243135],[78.93476462691181,30.07231932410951],[78.94442169772122,30.05609104810293],[78.96999496138338,30.03743361195341],[78.9817650982227,30.04505865295421],[78.9744710153521,30.05789768901094],[78.96999496039338,30.05578259620924],[78.96738403085841,30.06974490219722],[78.98041803273588,30.07129471905063],[78.98626132001357,30.06062251898712],[78.99502791261905,30.05841103161561],[79.01714811819771,30.06843921923239],[78.99940814538813,30.038789208268],[78.9664229692055,30.00901716235881],[78.98235114314352,29.96431910002707],[78.97516597153087,29.94251475356396],[79.01379722458913,29.93628169102203],[79.01625904673564,29.91974035112417],[79.05594608126191,29.89833185429826],[79.08657702451544,29.89131509788354],[79.10107198571237,29.89024630024388],[79.12010209717472,29.89571461708356],[79.1270489306167,29.90685383379338],[79.14071429650411,29.90752179238053],[79.15907061887488,29.91618820360862],[79.17720519739579,29.90753860961156],[79.18897391962203,29.92297137913758],[79.1925385158598,29.9442665763621],[79.19790243882122,29.94625639405645],[79.20487209678836,29.93917893205488],[79.22788234961985,29.94686245222516],[79.23272525684688,29.96761470188776],[79.22512666083425,29.97926245610758],[79.21883391600653,29.98558774996447],[79.22371646468996,29.9907711495814],[79.21594887162273,30.01126625790524],[79.21744260142346,30.02241462528563],[79.20228970471491,30.03538493282483],[79.18864753707304,30.03754589437595],[79.1933051071356,30.05873383413485],[79.20280854338806,30.06305697423127],[79.19345107243123,30.08393924005466],[79.17284263248678,30.09623657058484],[79.16035014783124,30.09290948683566],[79.15423193543491,30.09868278521187],[79.15172090037218,30.11193002917346],[79.13438618480332,30.11807653318124],[79.13291527817522,30.1430378198159],[79.1440223470049,30.15873576415775],[79.13883113909681,30.16673106015944],[79.12582483434386,30.16949455484591],[79.1267370572344,30.18086777209097],[79.12266963947623,30.17954694025271],[79.09788727866423,30.1962408502121],[79.09507419345034,30.20567401330222],[79.10154928198398,30.2104687336951],[79.077864577347,30.21929587393141],[79.04399746567033,30.21465259475324],[79.02530852164963,30.19746812100956],[79.0159960699937,30.1969013174676],[78.99001222144004,30.18370780858218],[78.90525001613162,30.16537480972207],[78.90262377610024,30.18251861391579],[78.88878996908741,30.18823412037576],[78.8984273808319,30.192453041421],[78.89123676238042,30.19860437866007],[78.89303690289363,30.20376387177391],[78.91574604805079,30.20347488503519],[78.91013890271823,30.2291453355933],[78.89696442361155,30.23416245772239],[78.90466258496384,30.23737383150552],[78.90292106189447,30.24333179780832]]]}},{"type":"Feature","properties":{"ac_name":"PAURI","ac_no":37,"ac_category":"SC","st_name":"UTTARAKHAND"},"geometry":{"type":"Polygon","coordinates":[[[78.75250734950095,30.21487509358209],[78.72675372447456,30.22643648974442],[78.71813489553736,30.23594473170553],[78.70718627130127,30.23151500561779],[78.6803695219998,30.23789502745695],[78.67843035674603,30.21202499010956],[78.66910138164485,30.2117260933051],[78.6602923473802,30.20530601000402],[78.64531495263982,30.20706646963792],[78.64373479418823,30.1934466164502],[78.61970864825572,30.17803776707804],[78.61606867909852,30.15116046505878],[78.60480027704558,30.14546955996544],[78.59587188477941,30.1425900453945],[78.59987123016252,30.12537027170668],[78.58552304706593,30.12144061660509],[78.58735290091964,30.1081319678132],[78.57954492418389,30.102831829892],[78.59101251951678,30.085775310412],[78.58325362447263,30.07286519894626],[78.5983127748071,30.06978519407056],[78.5977747208514,30.06515052857181],[78.60297742678777,30.05089990042405],[78.61404120525803,30.04483358274682],[78.61899785435438,30.0348275139851],[78.63056023395585,30.02966944817868],[78.6302525990616,30.0172354348384],[78.63847562280974,30.00938742137073],[78.63366256089681,29.99233359707447],[78.64662567178438,29.97912872046061],[78.64141513425217,29.97894509302338],[78.6538328841614,29.9692722695032],[78.66542642129671,29.96742043086167],[78.6801475539539,29.9718006787988],[78.67787567723137,29.95865235180364],[78.71125850662608,29.93020162215314],[78.74113943490421,29.92973131185086],[78.75989860345429,29.94542331343452],[78.7635211633701,29.95650180154035],[78.78888592624558,29.98715229523028],[78.81621909190953,29.99755587493235],[78.8238369470827,30.01250353021734],[78.83478178740458,30.01826139590781],[78.83568057655992,30.02754218272738],[78.85619113393207,30.05390492115266],[78.85464393822853,30.06695532733074],[78.86151758138574,30.07654542785686],[78.860303630325,30.08435199775438],[78.85832883223908,30.08833049033899],[78.84283505804726,30.09039892182574],[78.8277215263142,30.10412318839623],[78.82702121018609,30.13115950500723],[78.8110106466121,30.17537408322369],[78.75641311838243,30.19706481871982],[78.75250734950095,30.21487509358209]]]}},{"type":"Feature","properties":{"ac_name":"RISHIKESH","ac_no":24,"ac_category":"GEN","st_name":"UTTARAKHAND"},"geometry":{"type":"Polygon","coordinates":[[[78.27828965806157,30.12896905375528],[78.26324979533011,30.11493185036348],[78.2499500721163,30.07905583392131],[78.2325087299594,30.07297950254509],[78.22494389080283,30.07771512477806],[78.21245643512003,30.10045390548399],[78.19646031070339,30.11171849702707],[78.1747191803564,30.11755454466157],[78.14999385779048,30.11729807655767],[78.14502557839941,30.14326257213348],[78.13662584472212,30.1520613956597],[78.13556858037312,30.13852628888715],[78.11373503175766,30.13056485038333],[78.06401803131506,30.08158791511433],[78.0728813378548,30.06067932052295],[78.06715154851959,30.04990127956475],[78.06894422638564,30.04292073286779],[78.099237371369,30.02732645254506],[78.09478259229431,30.01269190199122],[78.1041964307342,30.00714132881809],[78.106889082808,30.01109827083056],[78.11355534620783,30.01034559015288],[78.12375485782204,29.99824572001008],[78.13150638856474,29.99981334119883],[78.13925643501642,29.97859912022762],[78.14352078163925,29.97839652401687],[78.1491957575135,29.96767155150757],[78.15751628807442,29.96885115794105],[78.16947241034299,29.96445522875438],[78.1706396225898,29.97332484253308],[78.17947402128021,29.97873957746002],[78.1893084161722,29.9974213306572],[78.19308265609062,29.98855200347455],[78.19800321944422,29.98855562162667],[78.18560624852756,29.9696466078654],[78.18697744511698,29.96324425091718],[78.19059916566312,29.96526552011749],[78.20261077678813,29.96564643684297],[78.21715814242654,29.98653350782434],[78.23175105841186,29.99087159631018],[78.22696740869732,30.01674383951441],[78.24775456274006,30.02160426702621],[78.24770077210043,30.04264545913463],[78.28021329115731,30.06031019812323],[78.29381476522417,30.08665455981302],[78.29048060662984,30.09807373475233],[78.30809505110012,30.10398260269242],[78.30936091961985,30.1146670054171],[78.29872661444465,30.11537136523074],[78.27828965806157,30.12896905375528]]]}},{"type":"Feature","properties":{"ac_name":"YAMKESHWAR","ac_no":36,"ac_category":"GEN","st_name":"UTTARAKHAND"},"geometry":{"type":"Polygon","coordinates":[[[78.30936091961985,30.1146670054171],[78.30809505110012,30.10398260269242],[78.29048060662984,30.09807373475233],[78.29381476522417,30.08665455981302],[78.28021329115731,30.06031019812323],[78.24770077210043,30.04264545913463],[78.24775456274006,30.02160426702621],[78.22696740869732,30.01674383951441],[78.23175105841186,29.99087159631018],[78.21715814242654,29.98653350782434],[78.20261077678813,29.96564643684297],[78.24980247655239,29.92938349890681],[78.27363065448209,29.92336443487346],[78.26577216076844,29.90422280414027],[78.2828431344185,29.885708090708],[78.31554459728025,29.86160219949074],[78.32924125238222,29.80325775784928],[78.34349759097712,29.79148850548728],[78.39707755229551,29.76592277053376],[78.42828645555635,29.76456776085247],[78.4390453247562,29.75499432834533],[78.4517989701101,29.78295024819149],[78.45141007842695,29.79228309764833],[78.49088709885064,29.7680905619055],[78.51608447636562,29.77181597037215],[78.52655437874253,29.75413877573937],[78.53497406466855,29.75353691990662],[78.53289580077754,29.74620825736524],[78.54287382030073,29.74133585560182],[78.55961299988897,29.73970209326481],[78.54678436822478,29.74588345341681],[78.55895846259195,29.7498267583956],[78.55978254666171,29.74029860258022],[78.5830707855223,29.73966493943261],[78.59452671736405,29.74317834267151],[78.61032120242146,29.75452383095647],[78.61645459027011,29.76562857064032],[78.63101480328295,29.77331294272523],[78.63383338530758,29.78406579666953],[78.66064089516956,29.81256509855114],[78.6898125339157,29.81647996400978],[78.68856462020827,29.91082320203452],[78.69256896419992,29.9168182480396],[78.68899827678521,29.93471728276457],[78.68263608197468,29.93376308156622],[78.68277005644615,29.94017745077743],[78.67602067338372,29.93963838022727],[78.67650951040277,29.94559776683969],[78.66578075332896,29.94655299521894],[78.6431844830056,29.93955026433778],[78.62202168045394,29.94116657853274],[78.60884162791285,29.94548999033891],[78.6018293638939,29.95984758710705],[78.57977623019946,29.95978762826789],[78.57712590355739,29.9639394670755],[78.615318050987,29.97211796762696],[78.63843102626687,29.98172027444491],[78.64141513425217,29.97894509302338],[78.64662567178438,29.97912872046061],[78.63366256089681,29.99233359707447],[78.63847562280974,30.00938742137073],[78.6302525990616,30.0172354348384],[78.63056023395585,30.02966944817868],[78.61899785435438,30.0348275139851],[78.61404120525803,30.04483358274682],[78.60297742678777,30.05089990042405],[78.5977747208514,30.06515052857181],[78.58975375470571,30.06588537426831],[78.58465462826561,30.05265560760171],[78.57499582033023,30.06346683360113],[78.56405676897863,30.06279576506593],[78.55876713863529,30.07134453760189],[78.526541032574,30.07579435658982],[78.52182179035466,30.06747343602098],[78.5141225932285,30.06616397370863],[78.5094033717662,30.05497595685673],[78.49858484569569,30.06305363176366],[78.49805091092158,30.07566326373786],[78.48817979066759,30.05816810551995],[78.4794526265968,30.05536818912109],[78.47779682804003,30.0656269909367],[78.45105991754546,30.06910370751779],[78.43417029150157,30.08080697163357],[78.43369748059143,30.09903803307464],[78.43893725261982,30.11119270146698],[78.42331474762375,30.11404637206637],[78.41896639958175,30.12899730325477],[78.40749358296202,30.1367423879184],[78.39183983062676,30.13515926294809],[78.39074167152081,30.12201624384731],[78.37329477915131,30.1165894217943],[78.34156849825634,30.13456466214213],[78.33376425675277,30.13369054193259],[78.32916454660642,30.12402241666417],[78.31592168584666,30.12416322722325],[78.30936091961985,30.1146670054171]]]}},{"type":"Feature","properties":{"ac_name":"B.H.E.L. RANIPU","ac_no":26,"ac_category":"GEN","st_name":"UTTARAKHAND"},"geometry":{"type":"Polygon","coordinates":[[[78.06401803131506,30.08158791511433],[78.0467227578859,30.09170184351246],[78.03582499958264,30.10684566867536],[78.01104679705205,30.07780908577017],[77.99427088319955,30.08028442600456],[77.97645327307634,30.07120123239633],[77.95267279916855,30.04232888899096],[77.96172843594307,30.03463383049072],[77.96764855207144,30.03752944105921],[77.97167792579624,30.03206976503697],[77.98046544243894,30.03269099412073],[77.98363171215962,30.03882384516782],[77.99267895652375,30.03670517039637],[77.990857818597,30.01005605064405],[77.99655382325489,30.01396115321345],[78.00007539548187,30.00083394409434],[78.04333877041476,29.98448214925998],[78.01737022684688,29.97763201394514],[78.01108399344587,29.95824790622246],[78.01240655396708,29.95519573623326],[78.0215093862741,29.95970388791269],[78.04046501251882,29.93716343596869],[78.0645201303309,29.92852129116345],[78.06728561084887,29.91802236437428],[78.0547836144145,29.92009093238856],[78.05232203184495,29.91265699769506],[78.06433041320014,29.9054386332103],[78.07218447093724,29.9100421718242],[78.07418842781055,29.90603085827278],[78.07854835611988,29.91320393011322],[78.08759856396226,29.91361093141906],[78.08927435870838,29.91918296594729],[78.10952563242532,29.92324181228532],[78.11696149511562,29.92292400790278],[78.11450151679043,29.91042428651121],[78.13017282803077,29.90612241659018],[78.13796266417071,29.90541392147562],[78.1513526800665,29.91702056774603],[78.14766251169753,29.92678473376921],[78.13230695319069,29.92684141354867],[78.12568933725095,29.93090292465393],[78.13544468355155,29.94037267467853],[78.15292831055962,29.94540541753017],[78.15751628807442,29.96885115794105],[78.1491957575135,29.96767155150757],[78.14352078163925,29.97839652401687],[78.13925643501642,29.97859912022762],[78.13150638856474,29.99981334119883],[78.12375485782204,29.99824572001008],[78.11355534620783,30.01034559015288],[78.106889082808,30.01109827083056],[78.1041964307342,30.00714132881809],[78.09478259229431,30.01269190199122],[78.099237371369,30.02732645254506],[78.06894422638564,30.04292073286779],[78.06715154851959,30.04990127956475],[78.0728813378548,30.06067932052295],[78.06401803131506,30.08158791511433]]]}},{"type":"Feature","properties":{"ac_name":"CHAUBATTAKHAL","ac_no":39,"ac_category":"GEN","st_name":"UTTARAKHAND"},"geometry":{"type":"Polygon","coordinates":[[[78.93476462691181,30.07231932410951],[78.91380854389918,30.10051432243135],[78.90768764089027,30.10017795979569],[78.89532461518095,30.07315069016341],[78.88481266112485,30.07023802161872],[78.87546319210301,30.04645440352154],[78.86911518677874,30.04415386983481],[78.86134972948264,30.05660605850648],[78.85619113393207,30.05390492115266],[78.83568057655992,30.02754218272738],[78.83478178740458,30.01826139590781],[78.8238369470827,30.01250353021734],[78.81621909190953,29.99755587493235],[78.78888592624558,29.98715229523028],[78.7635211633701,29.95650180154035],[78.75989860345429,29.94542331343452],[78.74113943490421,29.92973131185086],[78.71125850662608,29.93020162215314],[78.67787567723137,29.95865235180364],[78.6801475539539,29.9718006787988],[78.66542642129671,29.96742043086167],[78.6538328841614,29.9692722695032],[78.64141513425217,29.97894509302338],[78.63843102626687,29.98172027444491],[78.615318050987,29.97211796762696],[78.57712590355739,29.9639394670755],[78.57977623019946,29.95978762826789],[78.6018293638939,29.95984758710705],[78.60884162791285,29.94548999033891],[78.62202168045394,29.94116657853274],[78.6431844830056,29.93955026433778],[78.66578075332896,29.94655299521894],[78.67650951040277,29.94559776683969],[78.67602067338372,29.93963838022727],[78.68277005644615,29.94017745077743],[78.68263608197468,29.93376308156622],[78.68899827678521,29.93471728276457],[78.69256896419992,29.9168182480396],[78.71161777833221,29.91194149956949],[78.72079483237681,29.89819870784579],[78.75176172696825,29.8999134017063],[78.7599626241458,29.89548754639193],[78.76249286048683,29.85869842821531],[78.78297538927605,29.84879306511163],[78.80576718123457,29.84822699547549],[78.80778008778091,29.83916271298341],[78.85524447030781,29.84565748763719],[78.89832353685917,29.83044287872128],[78.94113577455846,29.82987946362237],[78.95997397505688,29.83455379444283],[78.96964736487307,29.83048796249014],[79.02342391744409,29.83171242771695],[79.0624735487498,29.83708926868],[79.07607120480341,29.82874248554295],[79.08305772052383,29.83523333066207],[79.10184923131726,29.83812794961775],[79.09607567510618,29.84945303381338],[79.0670815912928,29.86281551842645],[79.07878677619544,29.8857397155374],[79.08657702451544,29.89131509788354],[79.05594608126191,29.89833185429826],[79.01625904673564,29.91974035112417],[79.01379722458913,29.93628169102203],[78.97516597153087,29.94251475356396],[78.98235114314352,29.96431910002707],[78.9664229692055,30.00901716235881],[78.99940814538813,30.038789208268],[79.01714811819771,30.06843921923239],[78.99502791261905,30.05841103161561],[78.98626132001357,30.06062251898712],[78.98041803273588,30.07129471905063],[78.96738403085841,30.06974490219722],[78.96999496039338,30.05578259620924],[78.9744710153521,30.05789768901094],[78.9817650982227,30.04505865295421],[78.96999496138338,30.03743361195341],[78.94442169772122,30.05609104810293],[78.93476462691181,30.07231932410951]]]}},{"type":"Feature","properties":{"ac_name":"BHAGWANPUR","ac_no":28,"ac_category":"SC","st_name":"UTTARAKHAND"},"geometry":{"type":"Polygon","coordinates":[[[77.77526330729668,30.03685867344],[77.78523332457725,30.02679210130842],[77.77914289679022,30.01763601888035],[77.76040985454893,30.00880999802232],[77.7545090548251,30.0006712893087],[77.75959818356792,29.99533333119518],[77.74387472678568,29.98392689733457],[77.76016211767384,29.96473116024596],[77.74550071630452,29.94956205104323],[77.74859068221609,29.94635463533912],[77.74382269314785,29.93994465362488],[77.74028286608029,29.9421080000213],[77.73147944302599,29.93286311425623],[77.7432507470213,29.92518833384176],[77.74828607995987,29.91162057302913],[77.7363248029006,29.90677597314049],[77.73804034897908,29.90185683678967],[77.72376804142768,29.88530907058847],[77.71758172862312,29.88720979311894],[77.71400313864382,29.88366783588247],[77.71832460341064,29.86489639089442],[77.72313502254606,29.8556068826175],[77.74087133050521,29.85173098485444],[77.74161185251972,29.83507237342686],[77.75362895347443,29.82686872556682],[77.7714974718455,29.84138121698241],[77.77574032450488,29.8342496198137],[77.78862308123406,29.84371946048556],[77.79192908636894,29.85213996125447],[77.8059636661284,29.85800084730172],[77.8067101004636,29.8649786435445],[77.80024836238559,29.86736293826209],[77.81219224337976,29.89003528931238],[77.80799880577682,29.89741781105968],[77.8105995778418,29.90572253895796],[77.82189053596689,29.91258578924153],[77.838840181976,29.90257046989827],[77.85880743540837,29.92245719190859],[77.87390669231436,29.95277101624941],[77.87886652358867,29.98325127131741],[77.87435020611859,29.98771512220673],[77.88626316823749,29.99834342507018],[77.88564706528591,30.01325632564821],[77.87633083291796,30.0247690258819],[77.85587794648319,30.03310622768745],[77.84553914157146,30.02442065900346],[77.83480817475748,30.02530716753787],[77.82688850781297,30.01849475414369],[77.81670863697322,30.03202053601125],[77.8116292683655,30.03217744864735],[77.80830016299119,30.02621518934659],[77.78614974430772,30.03983339299477],[77.77526330729668,30.03685867344]]]}},{"type":"Feature","properties":{"ac_name":"BAGESHWAR","ac_no":47,"ac_category":"SC","st_name":"UTTARAKHAND"},"geometry":{"type":"Polygon","coordinates":[[[79.63346678008709,30.01724442889564],[79.60994866924801,30.01873103106212],[79.59326393795732,30.00832455880263],[79.55546808099844,30.0030087241564],[79.54690061183311,29.99744814147795],[79.53337331302887,30.00149747010651],[79.52169371930667,30.01473814184256],[79.50059639253257,30.01662568255575],[79.48416892968586,30.02443476629547],[79.47587652575488,30.00610316286525],[79.47200135034798,29.98121878308661],[79.48792814394446,29.9727207905886],[79.4852588172263,29.95815158541599],[79.51323547226627,29.93194381267599],[79.50178721898794,29.93365257815227],[79.50414756277225,29.90348463951764],[79.49404883176219,29.89021730331729],[79.5035972093179,29.88534713296759],[79.51031636412293,29.87189311454416],[79.52856573517427,29.86233379244517],[79.54347141209755,29.86329341142945],[79.54895460388774,29.85690312734962],[79.55725168312179,29.85610205579295],[79.56927050503293,29.8421323081572],[79.62081545963666,29.84189530671018],[79.63136158828776,29.8257203970383],[79.64597980838994,29.8161419335173],[79.65875920446045,29.8254151424123],[79.67376271197108,29.82745814140293],[79.68102928332732,29.81859662386395],[79.68930187449607,29.82602445413384],[79.70545569821923,29.8190600288442],[79.71957566335722,29.80676967529331],[79.68755498959018,29.77018899441765],[79.73727337771334,29.71706210733209],[79.74525532311263,29.71340638093443],[79.73948447964686,29.69990562889246],[79.74689334482348,29.68982794972292],[79.75591591902395,29.68663929495558],[79.793441964501,29.69236693327364],[79.80655621166058,29.68753069829153],[79.82770958181183,29.70531607624018],[79.86967606682512,29.68466655764561],[79.89716780089645,29.70347402479859],[79.88929195313563,29.70499854112065],[79.89285339560762,29.71672749986102],[79.86859209764816,29.73959881802091],[79.83283109830921,29.75012890174015],[79.82624830707103,29.76975950682618],[79.82049559177686,29.77301185292536],[79.82222342736769,29.78069052273313],[79.8273737961607,29.78021754584234],[79.84581730529962,29.77621717114536],[79.85425284720831,29.76824619538582],[79.86941079485102,29.76681982846056],[79.87457030928753,29.77260024383344],[79.88723054324878,29.77525647560593],[79.89292458840717,29.79438301520742],[79.89891486110105,29.79160505091072],[79.90328450240862,29.79684073774574],[79.89130182709619,29.79445794037375],[79.8802151382942,29.80077311907553],[79.8220700387073,29.80585759302386],[79.80726134285686,29.8302003543585],[79.81451406466896,29.85787490300985],[79.80098564738644,29.8890963369361],[79.8097113721167,29.91572855056253],[79.78591284827137,29.90719264755692],[79.77159781128657,29.89299529909448],[79.76702662826058,29.91520390723929],[79.75899737462251,29.92335690342775],[79.75815147222175,29.96053895364367],[79.7452350359691,29.94276142196493],[79.72973720841406,29.95114225083969],[79.71661132233147,29.94976543791221],[79.70998032716676,29.96159801326266],[79.68955156303399,29.97538854828019],[79.65786161949225,29.98447702813499],[79.62603688726047,29.98615887734927],[79.6352306246901,30.00681372878089],[79.63346678008709,30.01724442889564]]]}},{"type":"Feature","properties":{"ac_name":"HARDWAR","ac_no":25,"ac_category":"GEN","st_name":"UTTARAKHAND"},"geometry":{"type":"Polygon","coordinates":[[[78.19059916566312,29.96526552011749],[78.18697744511698,29.96324425091718],[78.18560624852756,29.9696466078654],[78.19800321944422,29.98855562162667],[78.19308265609062,29.98855200347455],[78.1893084161722,29.9974213306572],[78.17947402128021,29.97873957746002],[78.1706396225898,29.97332484253308],[78.16947241034299,29.96445522875438],[78.15751628807442,29.96885115794105],[78.15292831055962,29.94540541753017],[78.13544468355155,29.94037267467853],[78.12568933725095,29.93090292465393],[78.13230695319069,29.92684141354867],[78.14766251169753,29.92678473376921],[78.1513526800665,29.91702056774603],[78.15923646548625,29.9264216673503],[78.16047303914891,29.93799407262154],[78.18225847874892,29.95025181089955],[78.19059916566312,29.96526552011749]]]}},{"type":"Feature","properties":{"ac_name":"PIRANKALIYAR","ac_no":30,"ac_category":"GEN","st_name":"UTTARAKHAND"},"geometry":{"type":"Polygon","coordinates":[[[77.93768831739622,29.96098601564199],[77.93294824029962,29.96626525897924],[77.92335214849149,29.96038721009994],[77.91390268188928,29.96078488215252],[77.90621621099146,29.94926477553496],[77.89551771616415,29.94982654270263],[77.89378068595833,29.96085640576212],[77.88727554993999,29.96247836289213],[77.8819527701084,29.95044506404652],[77.87390669231436,29.95277101624941],[77.85880743540837,29.92245719190859],[77.86457802553612,29.89280357924523],[77.8703575598899,29.8872751871717],[77.86370916664086,29.88113358602957],[77.86863318840788,29.87861367522119],[77.87098500670383,29.86362442354195],[77.86387937626765,29.84852555008879],[77.86816503712375,29.84492250298306],[77.87715691056668,29.84362324525596],[77.88169806197651,29.85598967285555],[77.87237896311228,29.86566970890437],[77.87121281392707,29.87828593885375],[77.88441672625513,29.89106022830433],[77.89111076152908,29.90828169552414],[77.89920663719336,29.90507487377055],[77.89827916121416,29.89372208759256],[77.89193603742116,29.88802210145943],[77.89640687797679,29.8810564365102],[77.9064040355144,29.88275886445796],[77.90338443940696,29.88832192685084],[77.90855002456004,29.89012133226092],[77.90975586123629,29.90363255750307],[77.92022853308528,29.89717531403139],[77.92191697106418,29.87956231690492],[77.91798755167383,29.87163526475671],[77.92389713776751,29.86841299197112],[77.93280330231958,29.87107967657614],[77.94684566553397,29.8692055540266],[77.93968506476693,29.85762481853627],[77.94677591078015,29.8522271083321],[77.95105577972693,29.8558548088929],[77.96415312265249,29.84428244899585],[77.97020674913912,29.85475439137172],[77.98357299990961,29.85898300072931],[77.98291487773234,29.86368857436218],[77.99103694462302,29.86871980988875],[78.00635423200627,29.86369754904002],[78.01828086853229,29.88096344542159],[78.01117338813737,29.90543069922594],[78.0172254900349,29.91337048264157],[77.99819035318532,29.92463393722234],[77.99138339922928,29.93600186028319],[77.9556614211974,29.9402773212974],[77.93768831739622,29.96098601564199]]]}},{"type":"Feature","properties":{"ac_name":"HARDWAR RURAL","ac_no":35,"ac_category":"GEN","st_name":"UTTARAKHAND"},"geometry":{"type":"Polygon","coordinates":[[[78.20261077678813,29.96564643684297],[78.19059916566312,29.96526552011749],[78.18225847874892,29.95025181089955],[78.16047303914891,29.93799407262154],[78.15923646548625,29.9264216673503],[78.1513526800665,29.91702056774603],[78.13796266417071,29.90541392147562],[78.13017282803077,29.90612241659018],[78.11450151679043,29.91042428651121],[78.11696149511562,29.92292400790278],[78.10952563242532,29.92324181228532],[78.08927435870838,29.91918296594729],[78.08759856396226,29.91361093141906],[78.07854835611988,29.91320393011322],[78.07418842781055,29.90603085827278],[78.07196701109329,29.88289783922664],[78.04424496440353,29.86168642573524],[78.05697175786317,29.85709945982222],[78.05787322604849,29.84304709907342],[78.0507318564097,29.83847329977192],[78.0373183981724,29.8405114942382],[78.03415768015965,29.82610951413062],[78.04769602674705,29.82683286624846],[78.05989687942065,29.8133190838126],[78.06797485490387,29.82008782514361],[78.07180751802188,29.81803172293307],[78.05834391495817,29.80216313033279],[78.0575681279027,29.79427648068952],[78.07374180678192,29.78822902791341],[78.07475113346524,29.78210028481795],[78.08185739901803,29.77835843441881],[78.0910303134654,29.78296922118239],[78.09796085950853,29.77726745413385],[78.09789137368278,29.76821650405077],[78.08932320094718,29.76045913195456],[78.08987306533129,29.74622610658397],[78.0969026693008,29.7415543483571],[78.10829844542779,29.75315491530036],[78.12454774281358,29.75951414767987],[78.13292020657535,29.75346071396239],[78.15048059122888,29.758292022722],[78.16318789432083,29.74733601138263],[78.16437409718387,29.74051229665425],[78.19782038246048,29.7367505156559],[78.20454700988819,29.72495618586562],[78.20522027715278,29.73280164738442],[78.2120492589824,29.73293695496916],[78.2155333203816,29.73794536054294],[78.22460991885742,29.737336154068],[78.23123809086282,29.73140838321243],[78.23889157683912,29.73725765430719],[78.247898899694,29.7305742401035],[78.26150265697537,29.73404246609561],[78.27558980589917,29.75162481408338],[78.28678007854359,29.7537118066298],[78.28959620900898,29.76032370351735],[78.29740478490943,29.75951870799567],[78.31936227747732,29.7823697601426],[78.34238615783671,29.78999148002588],[78.34349759097712,29.79148850548728],[78.32924125238222,29.80325775784928],[78.31554459728025,29.86160219949074],[78.2828431344185,29.885708090708],[78.26577216076844,29.90422280414027],[78.27363065448209,29.92336443487346],[78.24980247655239,29.92938349890681],[78.20261077678813,29.96564643684297]]]}},{"type":"Feature","properties":{"ac_name":"SALT","ac_no":49,"ac_category":"GEN","st_name":"UTTARAKHAND"},"geometry":{"type":"Polygon","coordinates":[[[79.24954610894362,29.96474895635638],[79.24540841517853,29.97156049707357],[79.22512666083425,29.97926245610758],[79.23272525684688,29.96761470188776],[79.22788234961985,29.94686245222516],[79.20487209678836,29.93917893205488],[79.19790243882122,29.94625639405645],[79.1925385158598,29.9442665763621],[79.18897391962203,29.92297137913758],[79.17720519739579,29.90753860961156],[79.15907061887488,29.91618820360862],[79.14071429650411,29.90752179238053],[79.1270489306167,29.90685383379338],[79.12010209717472,29.89571461708356],[79.10107198571237,29.89024630024388],[79.08657702451544,29.89131509788354],[79.07878677619544,29.8857397155374],[79.0670815912928,29.86281551842645],[79.09607567510618,29.84945303381338],[79.10184923131726,29.83812794961775],[79.11112011662077,29.831336890149],[79.12694210009944,29.78465823888483],[79.12031659722521,29.7724141587243],[79.1152091608534,29.77026529292678],[79.10992604882097,29.7766000565472],[79.11245911534796,29.75901216766819],[79.10835918301866,29.73357503021105],[79.11767484286437,29.72345719994911],[79.11599380227398,29.71932060615883],[79.12105747438461,29.71826424509477],[79.11972396438678,29.70947556064319],[79.1050756360952,29.69858946972235],[79.1151179041637,29.69064518149654],[79.1162835783003,29.6827476936593],[79.10978171288995,29.67689904769862],[79.10596171973962,29.66036830472171],[79.09732301457491,29.67362137108136],[79.08126998936564,29.65027582755881],[79.07870752671101,29.636218270841],[79.09371816940944,29.62746694316478],[79.08084700673695,29.6157318841844],[79.06741731038217,29.62094852325003],[79.05933437966279,29.60369375883386],[79.06284901589305,29.59919242906192],[79.060184344941,29.58762701696793],[79.04284288818337,29.59148135050643],[79.03739840300797,29.58486953901065],[79.05547969054061,29.57978598526276],[79.07898823470909,29.58187172759047],[79.09093380722449,29.57302533836841],[79.09065424319195,29.56800581731599],[79.10937736254446,29.55880389607221],[79.10829438092166,29.54491521092614],[79.14068166307369,29.55289646215307],[79.14528785863122,29.54048047006391],[79.1694527560674,29.53498101519474],[79.18884994881316,29.53350272715533],[79.1979423647345,29.52394765266045],[79.21304433600845,29.52585163543547],[79.22367765044768,29.52245400659313],[79.23362581121546,29.53170681831372],[79.23296197108165,29.53771534839605],[79.24042415760385,29.53662752953797],[79.24854590012941,29.54979307719079],[79.26431197896738,29.56300317452552],[79.2559656194746,29.5797359450255],[79.26049552094278,29.60118162033482],[79.25774200601491,29.61577151462766],[79.24000316696741,29.64863286270367],[79.24283425432311,29.66381581609247],[79.26507003658176,29.69764400757329],[79.26257150225668,29.73863903154508],[79.24622219156149,29.77565981785189],[79.2404865634631,29.79519907438336],[79.24483090825372,29.81186132710031],[79.25050198051262,29.81415276433382],[79.25320876144123,29.84098833502133],[79.28466586724468,29.8838045869412],[79.26690168716652,29.91495864343804],[79.28279702876189,29.921679118263],[79.28353780948991,29.92559274953549],[79.28546444236521,29.95136755447705],[79.27287686783556,29.96059575598864],[79.25161949277243,29.96098627585004],[79.24954610894362,29.96474895635638]]]}},{"type":"Feature","properties":{"ac_name":"DWARAHAT","ac_no":48,"ac_category":"GEN","st_name":"UTTARAKHAND"},"geometry":{"type":"Polygon","coordinates":[[[79.47200135034798,29.98121878308661],[79.44946388296428,29.96526895907469],[79.44900433105218,29.95742121757129],[79.43605522633214,29.95051057196424],[79.42498781188995,29.93393233847334],[79.41570825850727,29.94373006929514],[79.4067000080227,29.94292002384584],[79.38959158601558,29.93061214050767],[79.37510366677446,29.927281821549],[79.36076479532518,29.94008085504266],[79.33931763636629,29.9729177847296],[79.33105893477764,29.97326671684392],[79.32686971226103,29.96581689427178],[79.33553807761322,29.9425293130266],[79.32666048680619,29.93845884918679],[79.32559015231544,29.92959107886246],[79.31829126048824,29.92707914176415],[79.31020180648483,29.93110897992072],[79.28353780948991,29.92559274953549],[79.28279702876189,29.921679118263],[79.26690168716652,29.91495864343804],[79.28466586724468,29.8838045869412],[79.25320876144123,29.84098833502133],[79.25050198051262,29.81415276433382],[79.24483090825372,29.81186132710031],[79.2404865634631,29.79519907438336],[79.24622219156149,29.77565981785189],[79.25362791505817,29.77703566854533],[79.2624762352937,29.79245401672035],[79.26976240713644,29.78715779662614],[79.27593919108294,29.79524966039364],[79.28889074517035,29.79930805551564],[79.30344716991587,29.79388745228561],[79.31134978156663,29.80183269514565],[79.31390577357534,29.7947438427131],[79.31980877252592,29.7852180823831],[79.31294480113394,29.75648755789278],[79.35748817460562,29.74860342893112],[79.35140800599316,29.74246342428451],[79.36199911471319,29.73951948886364],[79.3568898561577,29.73452388667749],[79.36247143366013,29.71309675938008],[79.39722494673119,29.70737113919762],[79.39751322490395,29.70211102203132],[79.41164213018239,29.7016448248069],[79.41738287541523,29.6965842107773],[79.4555906710705,29.69428905788741],[79.48504614354745,29.7149904968832],[79.48916381826155,29.72509620853446],[79.48708112757967,29.74636168185028],[79.4935286004528,29.74749422772553],[79.48781986916616,29.75186174524518],[79.48971644175597,29.76515007641993],[79.50054970997492,29.76647632852509],[79.50075085769123,29.77613091075815],[79.49076235851417,29.7734125881092],[79.49482603118007,29.78255260875486],[79.49983851332378,29.78699935353923],[79.52427941075771,29.79065796129653],[79.52854294588168,29.80318920320136],[79.52819434341772,29.82280326297894],[79.51580042849653,29.83408960564599],[79.51944853676459,29.84580046108179],[79.50746628266097,29.86387683780907],[79.51031636412293,29.87189311454416],[79.5035972093179,29.88534713296759],[79.49404883176219,29.89021730331729],[79.50414756277225,29.90348463951764],[79.50178721898794,29.93365257815227],[79.51323547226627,29.93194381267599],[79.4852588172263,29.95815158541599],[79.48792814394446,29.9727207905886],[79.47200135034798,29.98121878308661]]]}},{"type":"Feature","properties":{"ac_name":"JHABRERA","ac_no":29,"ac_category":"SC","st_name":"UTTARAKHAND"},"geometry":{"type":"Polygon","coordinates":[[[77.85880743540837,29.92245719190859],[77.838840181976,29.90257046989827],[77.82189053596689,29.91258578924153],[77.8105995778418,29.90572253895796],[77.80799880577682,29.89741781105968],[77.81219224337976,29.89003528931238],[77.80024836238559,29.86736293826209],[77.8067101004636,29.8649786435445],[77.8059636661284,29.85800084730172],[77.79192908636894,29.85213996125447],[77.78862308123406,29.84371946048556],[77.77574032450488,29.8342496198137],[77.7714974718455,29.84138121698241],[77.75362895347443,29.82686872556682],[77.75797497224531,29.8185520123868],[77.7547242087211,29.80778976139205],[77.77397171004962,29.79130166406371],[77.77299494922869,29.77941287462435],[77.77823605527486,29.77466687955404],[77.77296521864692,29.76875740452435],[77.78057834257878,29.76560497117929],[77.76992065046474,29.7449132347732],[77.78221116850328,29.73588007763069],[77.77021937707153,29.7162168907925],[77.80986939670346,29.7015517917043],[77.8285759732203,29.72905625162529],[77.83521769209821,29.72828915271555],[77.84250397902943,29.73743138313272],[77.84703379808677,29.7325615230426],[77.85679448409061,29.73316050547394],[77.85437112223248,29.74411294038299],[77.83917725466935,29.75499502228308],[77.83887547217591,29.77332513013397],[77.84307320598579,29.78180761240452],[77.85257121361857,29.78151855120849],[77.8648214122816,29.79123029331804],[77.86739564780692,29.81621169680441],[77.86816503712375,29.84492250298306],[77.86387937626765,29.84852555008879],[77.87098500670383,29.86362442354195],[77.86863318840788,29.87861367522119],[77.86370916664086,29.88113358602957],[77.8703575598899,29.8872751871717],[77.86457802553612,29.89280357924523],[77.85880743540837,29.92245719190859]]]}},{"type":"Feature","properties":{"ac_name":"ROORKEE","ac_no":31,"ac_category":"GEN","st_name":"UTTARAKHAND"},"geometry":{"type":"Polygon","coordinates":[[[77.91798755167383,29.87163526475671],[77.92191697106418,29.87956231690492],[77.92022853308528,29.89717531403139],[77.90975586123629,29.90363255750307],[77.90855002456004,29.89012133226092],[77.90338443940696,29.88832192685084],[77.9064040355144,29.88275886445796],[77.89640687797679,29.8810564365102],[77.89193603742116,29.88802210145943],[77.89827916121416,29.89372208759256],[77.89920663719336,29.90507487377055],[77.89111076152908,29.90828169552414],[77.88441672625513,29.89106022830433],[77.87121281392707,29.87828593885375],[77.87237896311228,29.86566970890437],[77.88169806197651,29.85598967285555],[77.87715691056668,29.84362324525596],[77.86816503712375,29.84492250298306],[77.86739564780692,29.81621169680441],[77.87521236882449,29.80716343851582],[77.88339572877358,29.80977592380406],[77.8902708353751,29.80517132178179],[77.89596252976065,29.81413389391426],[77.88840111676328,29.81998019648822],[77.89236117186726,29.82476675205842],[77.88760788579005,29.83187234015742],[77.91927273565891,29.85896443933405],[77.91798755167383,29.87163526475671]]]}},{"type":"Feature","properties":{"ac_name":"LANSDOWNE","ac_no":40,"ac_category":"GEN","st_name":"UTTARAKHAND"},"geometry":{"type":"Polygon","coordinates":[[[78.71161777833221,29.91194149956949],[78.69256896419992,29.9168182480396],[78.68856462020827,29.91082320203452],[78.6898125339157,29.81647996400978],[78.66064089516956,29.81256509855114],[78.63383338530758,29.78406579666953],[78.63101480328295,29.77331294272523],[78.6348816629462,29.71611995111148],[78.62607782826194,29.68051103229463],[78.65381656617046,29.67659268517402],[78.69958824347,29.66017767492633],[78.74104534419293,29.63672494007974],[78.80162661359107,29.61849783086306],[78.83545854787648,29.62098371149685],[78.8802139797595,29.64181184730614],[78.9120701554494,29.63674969558501],[78.92071409223436,29.64132689212967],[78.9324963823342,29.63316062396105],[78.94760194694207,29.63193635870692],[78.95304616511996,29.61621874031122],[78.97467870159599,29.58845721296967],[79.00055851615626,29.5651120844086],[79.00843976509866,29.57292245291626],[79.00943527055372,29.58591439228906],[79.0215786461966,29.58368484150027],[79.02723483528534,29.58935778930088],[79.03739840300797,29.58486953901065],[79.04284288818337,29.59148135050643],[79.060184344941,29.58762701696793],[79.06284901589305,29.59919242906192],[79.05933437966279,29.60369375883386],[79.06741731038217,29.62094852325003],[79.08084700673695,29.6157318841844],[79.09371816940944,29.62746694316478],[79.07870752671101,29.636218270841],[79.08126998936564,29.65027582755881],[79.09732301457491,29.67362137108136],[79.10596171973962,29.66036830472171],[79.10978171288995,29.67689904769862],[79.1162835783003,29.6827476936593],[79.1151179041637,29.69064518149654],[79.1050756360952,29.69858946972235],[79.11972396438678,29.70947556064319],[79.12105747438461,29.71826424509477],[79.11599380227398,29.71932060615883],[79.11767484286437,29.72345719994911],[79.10835918301866,29.73357503021105],[79.11245911534796,29.75901216766819],[79.10992604882097,29.7766000565472],[79.1152091608534,29.77026529292678],[79.12031659722521,29.7724141587243],[79.12694210009944,29.78465823888483],[79.11112011662077,29.831336890149],[79.10184923131726,29.83812794961775],[79.08305772052383,29.83523333066207],[79.07607120480341,29.82874248554295],[79.0624735487498,29.83708926868],[79.02342391744409,29.83171242771695],[78.96964736487307,29.83048796249014],[78.95997397505688,29.83455379444283],[78.94113577455846,29.82987946362237],[78.89832353685917,29.83044287872128],[78.85524447030781,29.84565748763719],[78.80778008778091,29.83916271298341],[78.80576718123457,29.84822699547549],[78.78297538927605,29.84879306511163],[78.76249286048683,29.85869842821531],[78.7599626241458,29.89548754639193],[78.75176172696825,29.8999134017063],[78.72079483237681,29.89819870784579],[78.71161777833221,29.91194149956949]]]}},{"type":"Feature","properties":{"ac_name":"KHANPUR","ac_no":32,"ac_category":"GEN","st_name":"UTTARAKHAND"},"geometry":{"type":"Polygon","coordinates":[[[77.93280330231958,29.87107967657614],[77.92389713776751,29.86841299197112],[77.91798755167383,29.87163526475671],[77.91927273565891,29.85896443933405],[77.88760788579005,29.83187234015742],[77.89236117186726,29.82476675205842],[77.88840111676328,29.81998019648822],[77.89596252976065,29.81413389391426],[77.8902708353751,29.80517132178179],[77.89791948330118,29.7995513445758],[77.89315844172997,29.78612076272418],[77.90164145766994,29.7848323421289],[77.9042137943193,29.7889518841705],[77.91615305984757,29.78443097299025],[77.91586332420393,29.77913316370123],[77.94274977237872,29.76339705231261],[77.96042091873412,29.74369855556094],[77.94814934148172,29.71071756115451],[77.96289011521692,29.69982477883494],[77.95204178936577,29.69449507707368],[77.95716431187104,29.6899183768557],[77.95628131904249,29.68168091544925],[77.96264537651206,29.68011855057329],[77.97313610433827,29.66470778677595],[77.9830477400381,29.6701252784559],[77.97620929364427,29.64990323190539],[77.98783662654832,29.63647923205144],[77.9839504160742,29.62640996433816],[77.98760645215962,29.60844706880825],[77.97316977444133,29.60440228841356],[77.96263434902639,29.6104682030144],[77.96396342750741,29.59682778530011],[77.95801440744924,29.58484350565599],[77.96392395554878,29.57912898888079],[77.97409755417375,29.57823623689568],[77.98776003334956,29.57772521515275],[77.99304407241517,29.58341026124614],[77.9952783787327,29.57887645661122],[77.99854605142498,29.57784925075638],[77.99063603758113,29.56821029794919],[77.98960579794337,29.55853839567402],[77.99832327663734,29.54125096970549],[78.00451138713721,29.54567827193509],[78.019685342258,29.54070632779274],[78.0461329244422,29.54645831490992],[78.04308150196084,29.56447817312699],[78.04677275388218,29.57181481308716],[78.03797001015117,29.58147573286342],[78.04208148163983,29.59669341568988],[78.05993882549723,29.6076581844935],[78.0813530474139,29.60639655047918],[78.09754735219964,29.63863721289053],[78.10941636143168,29.64471503461332],[78.11252227610437,29.64186134554773],[78.13136350858137,29.6446937523949],[78.12278465359033,29.65894503040332],[78.10811535781592,29.65468756412103],[78.09760609935266,29.6610027095769],[78.06393274447515,29.69984064501029],[78.04603775038167,29.70626238505875],[78.04607208132877,29.71465659143216],[78.03730651670932,29.71893574957126],[78.04043242985674,29.72339227134824],[78.02919590023073,29.72561615406753],[78.0250018069271,29.73619994239801],[77.99469446250225,29.74210109573265],[77.98490839117044,29.75244624334804],[77.97200008788576,29.75160712510915],[77.97624605613167,29.75746849623884],[77.9743558244068,29.76551410555926],[77.95302052741843,29.78197607660619],[77.96446552896955,29.78395667024201],[77.95928653004177,29.7920545257514],[77.97220641615245,29.79126716747227],[77.9704948573352,29.79536100297893],[77.95629267867731,29.7991309490285],[77.95941314892625,29.80396593816595],[77.97041636056555,29.79755435573399],[77.97864010660874,29.80029351957843],[77.97106587693861,29.81036224929234],[77.97091984416973,29.81625530677122],[77.9763797275594,29.81705987112308],[77.9665518085939,29.82437085042484],[77.97604130442241,29.82947408531078],[77.96415312265249,29.84428244899585],[77.95105577972693,29.8558548088929],[77.94677591078015,29.8522271083321],[77.93968506476693,29.85762481853627],[77.94684566553397,29.8692055540266],[77.93280330231958,29.87107967657614]]]}},{"type":"Feature","properties":{"ac_name":"GANGOLIHAT","ac_no":45,"ac_category":"SC","st_name":"UTTARAKHAND"},"geometry":{"type":"Polygon","coordinates":[[[80.1468814634959,29.89906461977268],[80.14212093108253,29.90312598762534],[80.129563774453,29.89982373037586],[80.10738044495955,29.90744970080318],[80.08377055742834,29.88733229325056],[80.06706381583427,29.90306462966998],[80.05266135831404,29.90298321732735],[80.0444159874156,29.89529437709666],[80.02645020352833,29.89690404660416],[80.01261284517582,29.88790951719606],[80.00541954446948,29.87280417963979],[80.00738010941733,29.85115715635948],[79.97692667046076,29.8515725590345],[79.97682592914352,29.84103393369746],[79.9938507093201,29.84475880356533],[79.99730242035022,29.83573553472031],[80.01944877214254,29.82767698810334],[80.0188991536983,29.80918945183973],[80.03243967157111,29.80481256521066],[80.03308896778222,29.79555687939222],[80.03851276223575,29.79494778662534],[80.03990808093212,29.78757524549565],[80.0341484129316,29.78164661309512],[80.01824350925277,29.78207228131932],[80.01334594609885,29.77336137289018],[80.00323124612113,29.77728041450908],[79.99392649748134,29.76633090639186],[79.97593593578104,29.75947153846535],[79.96366616705963,29.76466567209256],[79.9319610119765,29.7665236014126],[79.93184908513525,29.79025223962199],[79.91324407130332,29.79253470581934],[79.9108227950788,29.78896077192783],[79.90907637105539,29.7969273100397],[79.90328450240862,29.79684073774574],[79.89891486110105,29.79160505091072],[79.89292458840717,29.79438301520742],[79.88723054324878,29.77525647560593],[79.87457030928753,29.77260024383344],[79.86941079485102,29.76681982846056],[79.85425284720831,29.76824619538582],[79.84581730529962,29.77621717114536],[79.8273737961607,29.78021754584234],[79.82222342736769,29.78069052273313],[79.82049559177686,29.77301185292536],[79.82624830707103,29.76975950682618],[79.83283109830921,29.75012890174015],[79.86859209764816,29.73959881802091],[79.89285339560762,29.71672749986102],[79.88929195313563,29.70499854112065],[79.89716780089645,29.70347402479859],[79.90294719685137,29.69826647826163],[79.91824716654223,29.69634289101344],[79.92424602494852,29.69980782194128],[79.94269683933423,29.68167091117216],[79.94547121613346,29.68584933438463],[79.95534490353047,29.68071478363019],[79.95712819056641,29.66906114152173],[79.96305809326627,29.66432460394131],[79.95892286384102,29.65638414480281],[79.96810293570421,29.64943137322715],[79.98257510139601,29.61626884421844],[79.98829325838554,29.61240966712212],[79.99924262523159,29.56058380770031],[80.01101428678756,29.55155326135284],[80.03123724994434,29.5514721095908],[80.0430297983936,29.541415927294],[80.05004874978856,29.54535213293739],[80.06660988563952,29.53802377040078],[80.06464197887956,29.52828992478015],[80.07825755797171,29.52162535848394],[80.09422477945665,29.51954615685233],[80.10077430254158,29.52381361605868],[80.09707864747614,29.52765775448967],[80.10264237776786,29.53859670706314],[80.09359345875302,29.54563780336455],[80.09255949130217,29.55830488912302],[80.1039973463489,29.57543683320959],[80.09783545969451,29.59226892676951],[80.10090162880574,29.60372420488599],[80.14655311786652,29.65859596455307],[80.13306511455083,29.66853946519316],[80.14620560429567,29.67349112061972],[80.13647940856332,29.67906934842564],[80.13984559936199,29.68293533736796],[80.13178968294305,29.68608560205761],[80.13296669188293,29.69463684801524],[80.12461346549831,29.70725452222103],[80.13676296067766,29.71046008858311],[80.13289061941896,29.71407510513549],[80.13365483268998,29.73369630010324],[80.126799092409,29.74296156707199],[80.13117244924001,29.7468320690362],[80.12479749774845,29.74729821703623],[80.12315366509522,29.75224316899661],[80.12934355642955,29.76214921126779],[80.1231164859123,29.77693191040569],[80.13547028537232,29.7779287365395],[80.123930021682,29.78860125843848],[80.12861319306724,29.79677962862323],[80.12444726178119,29.80233104063347],[80.13133610856309,29.8033720676446],[80.13109553199212,29.8081497328204],[80.14102499798544,29.80647944786065],[80.13635514323155,29.81940745907719],[80.13853324259941,29.82711673766169],[80.14223174545364,29.82671998383509],[80.13811213999008,29.83265181253023],[80.14823410159639,29.8321778408364],[80.14829870607353,29.84060391962297],[80.1580252837436,29.83888228928081],[80.15886923625784,29.85148392533874],[80.13900552347415,29.87945276767318],[80.14634886774775,29.88450911835744],[80.1468814634959,29.89906461977268]]]}},{"type":"Feature","properties":{"ac_name":"SOMESHWAR","ac_no":51,"ac_category":"SC","st_name":"UTTARAKHAND"},"geometry":{"type":"Polygon","coordinates":[[[79.51031636412293,29.87189311454416],[79.50746628266097,29.86387683780907],[79.51944853676459,29.84580046108179],[79.51580042849653,29.83408960564599],[79.52819434341772,29.82280326297894],[79.52854294588168,29.80318920320136],[79.52427941075771,29.79065796129653],[79.49983851332378,29.78699935353923],[79.49482603118007,29.78255260875486],[79.49076235851417,29.7734125881092],[79.50075085769123,29.77613091075815],[79.50054970997492,29.76647632852509],[79.48971644175597,29.76515007641993],[79.48781986916616,29.75186174524518],[79.4935286004528,29.74749422772553],[79.48708112757967,29.74636168185028],[79.48916381826155,29.72509620853446],[79.48504614354745,29.7149904968832],[79.4555906710705,29.69428905788741],[79.41738287541523,29.6965842107773],[79.42897758198347,29.66228371334699],[79.46966332593581,29.6585115829043],[79.47324386494854,29.64573198493268],[79.46631934518771,29.61374195322234],[79.46904408150313,29.60412338911175],[79.49429971176508,29.57602759546458],[79.49641346512188,29.55463430707768],[79.4929053777989,29.55059342253857],[79.50031868817314,29.54814881496805],[79.50026267868722,29.53264657617628],[79.52430634546343,29.52750208395768],[79.52693282363296,29.5467875577655],[79.53306670472153,29.54666413018163],[79.5340123938169,29.57071740469441],[79.52992155844552,29.57978546870697],[79.54637834037213,29.59281013428464],[79.57296666116584,29.59560768322543],[79.57153023282778,29.60129819977368],[79.5817487229003,29.60608797764481],[79.58175820856246,29.61407580514283],[79.53248140763024,29.61465197737381],[79.52885000868842,29.62268237589275],[79.55916224946564,29.62998945231901],[79.57060362541496,29.62018086524553],[79.5954711129052,29.6275660685449],[79.5975235409223,29.6234324078583],[79.61604591930148,29.62504216722713],[79.63079701021879,29.63066246531094],[79.63704224327068,29.64644697882241],[79.63420631444885,29.66616782675897],[79.64614976397817,29.68916476215276],[79.6845817538774,29.7042905777799],[79.70791692929707,29.68259695386062],[79.72224573020307,29.67607478252728],[79.73592042000733,29.67952014105383],[79.72914295099444,29.68690538193313],[79.73646491357269,29.68611561891761],[79.73727337771334,29.71706210733209],[79.68755498959018,29.77018899441765],[79.71957566335722,29.80676967529331],[79.70545569821923,29.8190600288442],[79.68930187449607,29.82602445413384],[79.68102928332732,29.81859662386395],[79.67376271197108,29.82745814140293],[79.65875920446045,29.8254151424123],[79.64597980838994,29.8161419335173],[79.63136158828776,29.8257203970383],[79.62081545963666,29.84189530671018],[79.56927050503293,29.8421323081572],[79.55725168312179,29.85610205579295],[79.54895460388774,29.85690312734962],[79.54347141209755,29.86329341142945],[79.52856573517427,29.86233379244517],[79.51031636412293,29.87189311454416]]]}},{"type":"Feature","properties":{"ac_name":"DIDIHAT","ac_no":43,"ac_category":"GEN","st_name":"UTTARAKHAND"},"geometry":{"type":"Polygon","coordinates":[[[80.2263872362755,29.85335160541472],[80.22531743508061,29.87080505971033],[80.21403478394028,29.87309233348049],[80.21293216882995,29.85748211766294],[80.19989763342491,29.85309512211548],[80.19859151945589,29.84711299017415],[80.1700155728995,29.84295665572196],[80.16220388341684,29.83614968721561],[80.1580252837436,29.83888228928081],[80.14829870607353,29.84060391962297],[80.14823410159639,29.8321778408364],[80.13811213999008,29.83265181253023],[80.14223174545364,29.82671998383509],[80.13853324259941,29.82711673766169],[80.13635514323155,29.81940745907719],[80.14102499798544,29.80647944786065],[80.13109553199212,29.8081497328204],[80.13133610856309,29.8033720676446],[80.12444726178119,29.80233104063347],[80.12861319306724,29.79677962862323],[80.123930021682,29.78860125843848],[80.13547028537232,29.7779287365395],[80.1231164859123,29.77693191040569],[80.12934355642955,29.76214921126779],[80.12315366509522,29.75224316899661],[80.12479749774845,29.74729821703623],[80.13117244924001,29.7468320690362],[80.126799092409,29.74296156707199],[80.13365483268998,29.73369630010324],[80.13289061941896,29.71407510513549],[80.13676296067766,29.71046008858311],[80.12461346549831,29.70725452222103],[80.13296669188293,29.69463684801524],[80.13178968294305,29.68608560205761],[80.13984559936199,29.68293533736796],[80.13647940856332,29.67906934842564],[80.14620560429567,29.67349112061972],[80.13306511455083,29.66853946519316],[80.14655311786652,29.65859596455307],[80.1672867919749,29.66761600356202],[80.17773658770068,29.66779398777421],[80.18902207531973,29.6676442038501],[80.18840297160475,29.66385352968624],[80.20603255296913,29.66518833856176],[80.21299517092748,29.65804613157576],[80.220513787187,29.64492604205087],[80.21722253574076,29.63994521836026],[80.22966348459852,29.63315091927337],[80.22023782025653,29.61344255695743],[80.22524979352607,29.61624032639268],[80.23127164637678,29.60893753984857],[80.24114124385547,29.61004828294123],[80.23661637932335,29.6047839178073],[80.27169699765369,29.60272605630004],[80.28512883403862,29.58861422675206],[80.31357425224762,29.58878638059597],[80.32378926412417,29.57031495811288],[80.31886117240444,29.54954192043946],[80.32844775307673,29.53888567187009],[80.33957981065352,29.53736844836825],[80.34814286388664,29.54271326822399],[80.34980241148563,29.55056719453756],[80.38008649733418,29.568649832749],[80.39646623533119,29.57113749743978],[80.41214989750361,29.59781227906737],[80.4115990033261,29.61544524371393],[80.42295376516195,29.6355546399216],[80.41905352991375,29.64953460292488],[80.39318316095618,29.66874429823869],[80.37799945038478,29.70647525984215],[80.3778549431124,29.71823115502981],[80.37088831285836,29.72070370516606],[80.36851501829702,29.73180049768697],[80.34967962096349,29.75276955485051],[80.34902258508889,29.77895043417611],[80.35709409635022,29.7979237493602],[80.35569381930421,29.81120252451405],[80.34659922835155,29.81918734521349],[80.33717679419637,29.83967560515158],[80.32145428624526,29.8496518426968],[80.31315953529146,29.86611538090252],[80.29063854556897,29.86570928013845],[80.25828016588349,29.87324142891159],[80.24965085543786,29.85029216882734],[80.2263872362755,29.85335160541472]]]}},{"type":"Feature","properties":{"ac_name":"LAKSAR","ac_no":34,"ac_category":"GEN","st_name":"UTTARAKHAND"},"geometry":{"type":"Polygon","coordinates":[[[78.03415768015965,29.82610951413062],[78.02366086665788,29.81755592526725],[78.02437145830194,29.80756331632379],[78.01102043836673,29.79750064126642],[77.9763797275594,29.81705987112308],[77.97091984416973,29.81625530677122],[77.97106587693861,29.81036224929234],[77.97864010660874,29.80029351957843],[77.97041636056555,29.79755435573399],[77.95941314892625,29.80396593816595],[77.95629267867731,29.7991309490285],[77.9704948573352,29.79536100297893],[77.97220641615245,29.79126716747227],[77.95928653004177,29.7920545257514],[77.96446552896955,29.78395667024201],[77.95302052741843,29.78197607660619],[77.9743558244068,29.76551410555926],[77.97624605613167,29.75746849623884],[77.97200008788576,29.75160712510915],[77.98490839117044,29.75244624334804],[77.99469446250225,29.74210109573265],[78.0250018069271,29.73619994239801],[78.02919590023073,29.72561615406753],[78.04043242985674,29.72339227134824],[78.03730651670932,29.71893574957126],[78.04607208132877,29.71465659143216],[78.04603775038167,29.70626238505875],[78.06393274447515,29.69984064501029],[78.09760609935266,29.6610027095769],[78.10811535781592,29.65468756412103],[78.12278465359033,29.65894503040332],[78.13136350858137,29.6446937523949],[78.14465214904888,29.65263470520327],[78.14388910482721,29.67342735789943],[78.15392899129941,29.68115878240855],[78.17176416841777,29.68557395005632],[78.17959753681764,29.68161102561983],[78.19341290829136,29.6842799992992],[78.20456149385495,29.70439061031419],[78.23230553407782,29.71193921903605],[78.24243360031782,29.6983952804841],[78.27585873188447,29.72109863599649],[78.31408923225662,29.7518770339741],[78.34238615783671,29.78999148002588],[78.31936227747732,29.7823697601426],[78.29740478490943,29.75951870799567],[78.28959620900898,29.76032370351735],[78.28678007854359,29.7537118066298],[78.27558980589917,29.75162481408338],[78.26150265697537,29.73404246609561],[78.247898899694,29.7305742401035],[78.23889157683912,29.73725765430719],[78.23123809086282,29.73140838321243],[78.22460991885742,29.737336154068],[78.2155333203816,29.73794536054294],[78.2120492589824,29.73293695496916],[78.20522027715278,29.73280164738442],[78.20454700988819,29.72495618586562],[78.19782038246048,29.7367505156559],[78.16437409718387,29.74051229665425],[78.16318789432083,29.74733601138263],[78.15048059122888,29.758292022722],[78.13292020657535,29.75346071396239],[78.12454774281358,29.75951414767987],[78.10829844542779,29.75315491530036],[78.0969026693008,29.7415543483571],[78.08987306533129,29.74622610658397],[78.08932320094718,29.76045913195456],[78.09789137368278,29.76821650405077],[78.09796085950853,29.77726745413385],[78.0910303134654,29.78296922118239],[78.08185739901803,29.77835843441881],[78.07475113346524,29.78210028481795],[78.07374180678192,29.78822902791341],[78.0575681279027,29.79427648068952],[78.05834391495817,29.80216313033279],[78.07180751802188,29.81803172293307],[78.06797485490387,29.82008782514361],[78.05989687942065,29.8133190838126],[78.04769602674705,29.82683286624846],[78.03415768015965,29.82610951413062]]]}},{"type":"Feature","properties":{"ac_name":"MANGLAUR","ac_no":33,"ac_category":"GEN","st_name":"UTTARAKHAND"},"geometry":{"type":"Polygon","coordinates":[[[77.87521236882449,29.80716343851582],[77.86739564780692,29.81621169680441],[77.8648214122816,29.79123029331804],[77.85257121361857,29.78151855120849],[77.84307320598579,29.78180761240452],[77.83887547217591,29.77332513013397],[77.83917725466935,29.75499502228308],[77.85437112223248,29.74411294038299],[77.85679448409061,29.73316050547394],[77.84703379808677,29.7325615230426],[77.84250397902943,29.73743138313272],[77.83521769209821,29.72828915271555],[77.8285759732203,29.72905625162529],[77.80986939670346,29.7015517917043],[77.79862745599368,29.68592972653515],[77.82023867990577,29.67351990687368],[77.82976701236365,29.66752925213539],[77.83867667605219,29.66984090002245],[77.86321667665139,29.68921622242382],[77.87491205854946,29.68742534484442],[77.88227288133325,29.70230623290953],[77.89067124151815,29.69879063728087],[77.90113078139915,29.7015570959854],[77.91307611793698,29.69608810220812],[77.92014804102241,29.69911776208334],[77.91728013512174,29.70650930907576],[77.92644911921478,29.71422576392167],[77.94814934148172,29.71071756115451],[77.96042091873412,29.74369855556094],[77.94274977237872,29.76339705231261],[77.91586332420393,29.77913316370123],[77.91615305984757,29.78443097299025],[77.9042137943193,29.7889518841705],[77.90164145766994,29.7848323421289],[77.89315844172997,29.78612076272418],[77.89791948330118,29.7995513445758],[77.8902708353751,29.80517132178179],[77.88339572877358,29.80977592380406],[77.87521236882449,29.80716343851582]]]}},{"type":"Feature","properties":{"ac_name":"KOTDWAR","ac_no":41,"ac_category":"GEN","st_name":"UTTARAKHAND"},"geometry":{"type":"Polygon","coordinates":[[[78.49088709885064,29.7680905619055],[78.45141007842695,29.79228309764833],[78.4517989701101,29.78295024819149],[78.4390453247562,29.75499432834533],[78.46220635645523,29.74250819214269],[78.49604433553453,29.73457742785308],[78.51642559384135,29.72113000910725],[78.52262409645472,29.69345302925182],[78.521424771936,29.65853344600249],[78.5399979931893,29.62703672646271],[78.58107876973038,29.58522122998134],[78.61303981879252,29.56164893607589],[78.63835523833221,29.5469992925343],[78.65281344370187,29.54404412813356],[78.70505336379212,29.50128763893723],[78.74828660926995,29.50021110194871],[78.79963756341817,29.4645721091491],[78.80984999649947,29.46622236559812],[78.92101954548944,29.43421943054855],[78.92266527979045,29.44197851779346],[78.95186006362405,29.45932436288152],[78.9633066258696,29.49294967528311],[78.95949330810899,29.49764791607038],[78.96928589159768,29.53667988802068],[78.99337782813166,29.55240720720422],[79.0046875707225,29.55375142907815],[78.99862098637296,29.56062466151299],[79.00055851615626,29.5651120844086],[78.97467870159599,29.58845721296967],[78.95304616511996,29.61621874031122],[78.94760194694207,29.63193635870692],[78.9324963823342,29.63316062396105],[78.92071409223436,29.64132689212967],[78.9120701554494,29.63674969558501],[78.8802139797595,29.64181184730614],[78.83545854787648,29.62098371149685],[78.80162661359107,29.61849783086306],[78.74104534419293,29.63672494007974],[78.69958824347,29.66017767492633],[78.65381656617046,29.67659268517402],[78.62607782826194,29.68051103229463],[78.6348816629462,29.71611995111148],[78.63101480328295,29.77331294272523],[78.61645459027011,29.76562857064032],[78.61032120242146,29.75452383095647],[78.59452671736405,29.74317834267151],[78.5830707855223,29.73966493943261],[78.55978254666171,29.74029860258022],[78.55895846259195,29.7498267583956],[78.54678436822478,29.74588345341681],[78.55961299988897,29.73970209326481],[78.54287382030073,29.74133585560182],[78.53289580077754,29.74620825736524],[78.53497406466855,29.75353691990662],[78.52655437874253,29.75413877573937],[78.51608447636562,29.77181597037215],[78.49088709885064,29.7680905619055]]]}},{"type":"Feature","properties":{"ac_name":"RANIKHET","ac_no":50,"ac_category":"GEN","st_name":"UTTARAKHAND"},"geometry":{"type":"Polygon","coordinates":[[[79.31390577357534,29.7947438427131],[79.31134978156663,29.80183269514565],[79.30344716991587,29.79388745228561],[79.28889074517035,29.79930805551564],[79.27593919108294,29.79524966039364],[79.26976240713644,29.78715779662614],[79.2624762352937,29.79245401672035],[79.25362791505817,29.77703566854533],[79.24622219156149,29.77565981785189],[79.26257150225668,29.73863903154508],[79.26507003658176,29.69764400757329],[79.24283425432311,29.66381581609247],[79.24000316696741,29.64863286270367],[79.25774200601491,29.61577151462766],[79.26049552094278,29.60118162033482],[79.2559656194746,29.5797359450255],[79.26431197896738,29.56300317452552],[79.27454546094366,29.57420368923548],[79.28695496050355,29.57708060934429],[79.28669822407907,29.59004225079654],[79.29954864043742,29.59027878433954],[79.30771669841988,29.6012335464137],[79.32288961782805,29.60272729216984],[79.33167534898466,29.61287803999755],[79.34860237213611,29.6069690559453],[79.35383157714804,29.60045443798392],[79.34763296079988,29.59626802171421],[79.35054015980435,29.59355927200306],[79.35858550365455,29.59824065759543],[79.36768038091242,29.5902525563732],[79.38007333317985,29.58884504020884],[79.39950315104053,29.56387135892013],[79.40994092835074,29.56275965103949],[79.41209623761206,29.55721669644296],[79.43958916058352,29.53880278150206],[79.44381608502897,29.52362007227523],[79.45087789478221,29.51700228180481],[79.46307715296572,29.5174079563663],[79.46733457795855,29.51011774605813],[79.47879234252345,29.50655599300625],[79.47777481797179,29.49455704806905],[79.49394270191488,29.50152588909315],[79.50185744924966,29.49705312287251],[79.51882210273004,29.51497721538622],[79.52430634546343,29.52750208395768],[79.50026267868722,29.53264657617628],[79.50031868817314,29.54814881496805],[79.4929053777989,29.55059342253857],[79.49641346512188,29.55463430707768],[79.49429971176508,29.57602759546458],[79.46904408150313,29.60412338911175],[79.46631934518771,29.61374195322234],[79.47324386494854,29.64573198493268],[79.46966332593581,29.6585115829043],[79.42897758198347,29.66228371334699],[79.41738287541523,29.6965842107773],[79.41164213018239,29.7016448248069],[79.39751322490395,29.70211102203132],[79.39722494673119,29.70737113919762],[79.36247143366013,29.71309675938008],[79.3568898561577,29.73452388667749],[79.36199911471319,29.73951948886364],[79.35140800599316,29.74246342428451],[79.35748817460562,29.74860342893112],[79.31294480113394,29.75648755789278],[79.31980877252592,29.7852180823831],[79.31390577357534,29.7947438427131]]]}},{"type":"Feature","properties":{"ac_name":"ALMORA","ac_no":52,"ac_category":"GEN","st_name":"UTTARAKHAND"},"geometry":{"type":"Polygon","coordinates":[[[79.73727337771334,29.71706210733209],[79.73646491357269,29.68611561891761],[79.72914295099444,29.68690538193313],[79.73592042000733,29.67952014105383],[79.72224573020307,29.67607478252728],[79.70791692929707,29.68259695386062],[79.6845817538774,29.7042905777799],[79.64614976397817,29.68916476215276],[79.63420631444885,29.66616782675897],[79.63704224327068,29.64644697882241],[79.63079701021879,29.63066246531094],[79.61604591930148,29.62504216722713],[79.5975235409223,29.6234324078583],[79.5954711129052,29.6275660685449],[79.57060362541496,29.62018086524553],[79.55916224946564,29.62998945231901],[79.52885000868842,29.62268237589275],[79.53248140763024,29.61465197737381],[79.58175820856246,29.61407580514283],[79.5817487229003,29.60608797764481],[79.57153023282778,29.60129819977368],[79.57296666116584,29.59560768322543],[79.54637834037213,29.59281013428464],[79.52992155844552,29.57978546870697],[79.5340123938169,29.57071740469441],[79.53306670472153,29.54666413018163],[79.5506603893258,29.55037866182009],[79.54949658906281,29.54128467365666],[79.57334124969647,29.53950494806271],[79.61428310468779,29.55631836281625],[79.62863075975544,29.55233112383946],[79.63331106094716,29.54138676576593],[79.64830875924102,29.5473901900121],[79.66589556914342,29.53747541927849],[79.70774896460794,29.53814543141232],[79.71153404894025,29.55074878786159],[79.72482417404781,29.5514202265814],[79.75978567349695,29.56630490426087],[79.81678015455802,29.57966149825721],[79.81666345127287,29.59378111980399],[79.80741391152685,29.59628829587571],[79.75639829239196,29.5846996216468],[79.75766824653698,29.59220376591868],[79.7426749270626,29.59060010055477],[79.74295688690873,29.59472501291645],[79.7223548097281,29.59122297630318],[79.7251090347179,29.59952668652735],[79.71879660638731,29.60654825426121],[79.72593547268048,29.61669482206099],[79.75350627950122,29.60403003685157],[79.78001834975026,29.60226156197381],[79.78444160564011,29.60750785159875],[79.78044065011353,29.61146141756158],[79.78672084711667,29.61224376649668],[79.78633004133764,29.62669529915686],[79.82168334485878,29.64163580332913],[79.8254496700275,29.63759357908511],[79.83730123976152,29.64650231951495],[79.89755380955873,29.65534126375512],[79.90717440415648,29.66013622443428],[79.91476868728579,29.66035138780165],[79.92044536836698,29.64647714956586],[79.9460157083133,29.65747003126801],[79.95892286384102,29.65638414480281],[79.96305809326627,29.66432460394131],[79.95712819056641,29.66906114152173],[79.95534490353047,29.68071478363019],[79.94547121613346,29.68584933438463],[79.94269683933423,29.68167091117216],[79.92424602494852,29.69980782194128],[79.91824716654223,29.69634289101344],[79.90294719685137,29.69826647826163],[79.89716780089645,29.70347402479859],[79.86967606682512,29.68466655764561],[79.82770958181183,29.70531607624018],[79.80655621166058,29.68753069829153],[79.793441964501,29.69236693327364],[79.75591591902395,29.68663929495558],[79.74689334482348,29.68982794972292],[79.73948447964686,29.69990562889246],[79.74525532311263,29.71340638093443],[79.73727337771334,29.71706210733209]]]}},{"type":"Feature","properties":{"ac_name":"PITHORAGARH","ac_no":44,"ac_category":"GEN","st_name":"UTTARAKHAND"},"geometry":{"type":"Polygon","coordinates":[[[80.17773658770068,29.66779398777421],[80.1672867919749,29.66761600356202],[80.14655311786652,29.65859596455307],[80.10090162880574,29.60372420488599],[80.09783545969451,29.59226892676951],[80.1039973463489,29.57543683320959],[80.09255949130217,29.55830488912302],[80.09359345875302,29.54563780336455],[80.10264237776786,29.53859670706314],[80.09707864747614,29.52765775448967],[80.10077430254158,29.52381361605868],[80.12830177977443,29.50735054320127],[80.12470856482523,29.49474270020682],[80.1395843766095,29.48708666298069],[80.14880721619377,29.4716566575069],[80.15920368967863,29.47481914186201],[80.16672573849768,29.46453201147676],[80.18109044307553,29.46422564850077],[80.18311236587284,29.45734907680828],[80.19612527454562,29.45879619138922],[80.2048066834869,29.45198009631919],[80.21224450662268,29.45310026751103],[80.2449805785394,29.4426385973555],[80.27886714231143,29.45740375756499],[80.28637883675223,29.44771983454108],[80.30131840976946,29.45042469336461],[80.30011547695807,29.46016001888491],[80.29068932636176,29.47121165811969],[80.30225008279622,29.48680613831722],[80.31438242187,29.48071700029855],[80.3164022262185,29.49292418126827],[80.33286695308564,29.50784347740065],[80.35186058414605,29.51659318242323],[80.35615427326853,29.53136596697696],[80.34725995177803,29.53631187793195],[80.34814286388664,29.54271326822399],[80.33957981065352,29.53736844836825],[80.32844775307673,29.53888567187009],[80.31886117240444,29.54954192043946],[80.32378926412417,29.57031495811288],[80.31357425224762,29.58878638059597],[80.28512883403862,29.58861422675206],[80.27169699765369,29.60272605630004],[80.23661637932335,29.6047839178073],[80.24114124385547,29.61004828294123],[80.23127164637678,29.60893753984857],[80.22524979352607,29.61624032639268],[80.22023782025653,29.61344255695743],[80.22966348459852,29.63315091927337],[80.21722253574076,29.63994521836026],[80.220513787187,29.64492604205087],[80.21299517092748,29.65804613157576],[80.20603255296913,29.66518833856176],[80.18840297160475,29.66385352968624],[80.18902207531973,29.6676442038501],[80.17773658770068,29.66779398777421]]]}},{"type":"Feature","properties":{"ac_name":"JAGESHWAR","ac_no":53,"ac_category":"GEN","st_name":"UTTARAKHAND"},"geometry":{"type":"Polygon","coordinates":[[[79.95892286384102,29.65638414480281],[79.9460157083133,29.65747003126801],[79.92044536836698,29.64647714956586],[79.91476868728579,29.66035138780165],[79.90717440415648,29.66013622443428],[79.89755380955873,29.65534126375512],[79.83730123976152,29.64650231951495],[79.8254496700275,29.63759357908511],[79.82168334485878,29.64163580332913],[79.78633004133764,29.62669529915686],[79.78672084711667,29.61224376649668],[79.78044065011353,29.61146141756158],[79.78444160564011,29.60750785159875],[79.78001834975026,29.60226156197381],[79.75350627950122,29.60403003685157],[79.72593547268048,29.61669482206099],[79.71879660638731,29.60654825426121],[79.7251090347179,29.59952668652735],[79.7223548097281,29.59122297630318],[79.74295688690873,29.59472501291645],[79.7426749270626,29.59060010055477],[79.75766824653698,29.59220376591868],[79.75639829239196,29.5846996216468],[79.80741391152685,29.59628829587571],[79.81666345127287,29.59378111980399],[79.81678015455802,29.57966149825721],[79.75978567349695,29.56630490426087],[79.72482417404781,29.5514202265814],[79.71153404894025,29.55074878786159],[79.70774896460794,29.53814543141232],[79.66589556914342,29.53747541927849],[79.66705175265986,29.53317840062577],[79.68002064937932,29.5288985938477],[79.68455944285458,29.52038660536915],[79.68428992931685,29.50602809699912],[79.67902817798632,29.49888131944215],[79.68690810669014,29.47810185970446],[79.71146506112841,29.46035316313585],[79.71944411437002,29.45783525912676],[79.73275205114747,29.46183391273713],[79.72660264837928,29.44395592624957],[79.7335321408739,29.43298573947842],[79.74476060622604,29.4302580409985],[79.75041609233094,29.43436783204621],[79.76439423884385,29.43363524712316],[79.76790153334551,29.44756405180873],[79.77820501316884,29.45140737870899],[79.78760819620265,29.44909810753078],[79.7982020474965,29.43730315706864],[79.80857754255668,29.43967309040049],[79.82269409285495,29.43303581614628],[79.82549401028778,29.42639119227759],[79.83821706058971,29.42666348632262],[79.84853633571818,29.43217213658796],[79.84620400646214,29.44461485355401],[79.8506870838004,29.45294633902735],[79.85682709542856,29.4563853768179],[79.8606649074861,29.44827950463078],[79.88694571474642,29.48375438781296],[79.91000859914494,29.49011907463843],[79.91562607701003,29.48797996497753],[79.91942258760633,29.47439528993526],[79.9274448076053,29.4726806574925],[79.93523331494094,29.47936189843431],[79.93782833831239,29.47645269984231],[79.95184498062287,29.47841096160263],[79.95711914182783,29.47417076930667],[79.97265751948997,29.47756396591329],[79.97695711843048,29.48546537192954],[79.98572930903254,29.48461369490564],[79.98886585264755,29.489111200258],[80.00105207066846,29.48496735494704],[80.02968910798818,29.49951492900351],[80.03124456027099,29.50864939348719],[80.05178804256033,29.51102651446843],[80.07825755797171,29.52162535848394],[80.06464197887956,29.52828992478015],[80.06660988563952,29.53802377040078],[80.05004874978856,29.54535213293739],[80.0430297983936,29.541415927294],[80.03123724994434,29.5514721095908],[80.01101428678756,29.55155326135284],[79.99924262523159,29.56058380770031],[79.98829325838554,29.61240966712212],[79.98257510139601,29.61626884421844],[79.96810293570421,29.64943137322715],[79.95892286384102,29.65638414480281]]]}},{"type":"Feature","properties":{"ac_name":"NAINITAL","ac_no":58,"ac_category":"SC","st_name":"UTTARAKHAND"},"geometry":{"type":"Polygon","coordinates":[[[79.24854590012941,29.54979307719079],[79.24042415760385,29.53662752953797],[79.23296197108165,29.53771534839605],[79.23362581121546,29.53170681831372],[79.22367765044768,29.52245400659313],[79.21304433600845,29.52585163543547],[79.1979423647345,29.52394765266045],[79.18884994881316,29.53350272715533],[79.1694527560674,29.53498101519474],[79.16480402925771,29.52830901681701],[79.17096135289218,29.5114720456329],[79.19746427545498,29.49345102928385],[79.22713565791403,29.48832927031783],[79.23564806395301,29.47955373586574],[79.24354139102464,29.48114790126554],[79.2420080420819,29.4716544946338],[79.26292673615926,29.47252238173355],[79.27450891993193,29.46375098924982],[79.2828292572867,29.46434974190848],[79.29311184141818,29.44870053275809],[79.2806592194785,29.44414603710073],[79.27236140349851,29.41762874717378],[79.28453940193309,29.40796355647557],[79.30042007186385,29.41283450465129],[79.31555603975336,29.41183279588095],[79.3262027959314,29.41935286505716],[79.32840915832406,29.41205371746815],[79.33278775296561,29.39639633342864],[79.3473826074535,29.39125768031966],[79.34480968918702,29.38144659619334],[79.35750485112641,29.37509594887433],[79.34869790370675,29.36795811463758],[79.34375267550081,29.34544523723476],[79.34351073464379,29.32102994645119],[79.35026607147616,29.30520270443905],[79.36227005021051,29.30703356153732],[79.3737942540803,29.30305093772452],[79.39381961780175,29.30795626118634],[79.41584265322223,29.32675887165675],[79.41945263752085,29.32525238467074],[79.4118665811427,29.31910134637661],[79.4187849371654,29.31855522659017],[79.4181390326464,29.31250660183683],[79.4132863946063,29.3052883832163],[79.4396670485274,29.31864885415908],[79.45606459008343,29.30767124770155],[79.4634991792343,29.30943353498605],[79.46430644369639,29.30397606921225],[79.48748845770051,29.29822410690174],[79.54819834780959,29.29638133525332],[79.55773062895062,29.32609671504466],[79.5623360016886,29.3282304807841],[79.55983398328395,29.33096640069548],[79.57883204267355,29.34451835492135],[79.56751200631794,29.34910708524701],[79.57701564593356,29.35374917935464],[79.56070141799954,29.3812646747632],[79.56452586363031,29.38988170647366],[79.55407113280901,29.38752196921539],[79.54112364458645,29.40594469944138],[79.54329215539593,29.42741208599219],[79.55181476953042,29.43191627131111],[79.5568774056655,29.44213169470664],[79.55412373712174,29.44529600189831],[79.56426219532305,29.45437886945793],[79.55483556549629,29.47590403789478],[79.56208893192786,29.4996529599403],[79.62074760722696,29.51420791506952],[79.64449891804009,29.50272807272168],[79.65356607731799,29.50659064162518],[79.65341889467344,29.51081548076855],[79.68455944285458,29.52038660536915],[79.68002064937932,29.5288985938477],[79.66705175265986,29.53317840062577],[79.66589556914342,29.53747541927849],[79.64830875924102,29.5473901900121],[79.63331106094716,29.54138676576593],[79.62863075975544,29.55233112383946],[79.61428310468779,29.55631836281625],[79.57334124969647,29.53950494806271],[79.54949658906281,29.54128467365666],[79.5506603893258,29.55037866182009],[79.53306670472153,29.54666413018163],[79.52693282363296,29.5467875577655],[79.52430634546343,29.52750208395768],[79.51882210273004,29.51497721538622],[79.50185744924966,29.49705312287251],[79.49394270191488,29.50152588909315],[79.47777481797179,29.49455704806905],[79.47879234252345,29.50655599300625],[79.46733457795855,29.51011774605813],[79.46307715296572,29.5174079563663],[79.45087789478221,29.51700228180481],[79.44381608502897,29.52362007227523],[79.43958916058352,29.53880278150206],[79.41209623761206,29.55721669644296],[79.40994092835074,29.56275965103949],[79.39950315104053,29.56387135892013],[79.38007333317985,29.58884504020884],[79.36768038091242,29.5902525563732],[79.35858550365455,29.59824065759543],[79.35054015980435,29.59355927200306],[79.34763296079988,29.59626802171421],[79.35383157714804,29.60045443798392],[79.34860237213611,29.6069690559453],[79.33167534898466,29.61287803999755],[79.32288961782805,29.60272729216984],[79.30771669841988,29.6012335464137],[79.29954864043742,29.59027878433954],[79.28669822407907,29.59004225079654],[79.28695496050355,29.57708060934429],[79.27454546094366,29.57420368923548],[79.26431197896738,29.56300317452552],[79.24854590012941,29.54979307719079]]]}},{"type":"Feature","properties":{"ac_name":"RAMNAGAR","ac_no":61,"ac_category":"GEN","st_name":"UTTARAKHAND"},"geometry":{"type":"Polygon","coordinates":[[[79.03739840300797,29.58486953901065],[79.02723483528534,29.58935778930088],[79.0215786461966,29.58368484150027],[79.00943527055372,29.58591439228906],[79.00843976509866,29.57292245291626],[79.00055851615626,29.5651120844086],[78.99862098637296,29.56062466151299],[79.0046875707225,29.55375142907815],[78.99337782813166,29.55240720720422],[78.96928589159768,29.53667988802068],[78.95949330810899,29.49764791607038],[78.9633066258696,29.49294967528311],[78.95186006362405,29.45932436288152],[78.92266527979045,29.44197851779346],[78.92101954548944,29.43421943054855],[78.94203564318586,29.43887121715285],[78.94284193320087,29.43494946015296],[78.92567528709488,29.42572418373174],[78.91861996313392,29.40396745733651],[78.90073727883951,29.3842848393708],[78.89195123583747,29.38105500679347],[78.88688651541888,29.37313230410609],[78.8770690567694,29.37469191027369],[78.87955971726028,29.36823946877195],[78.87283768829893,29.36339237217414],[78.86084379200685,29.35832294616474],[78.85144817683982,29.3602397274749],[78.85612245824399,29.34991538165039],[78.86970527355109,29.34487517919757],[78.87883912286462,29.35175321016677],[78.88615375978624,29.34185253665316],[78.90099872058806,29.34601771751282],[78.92769191181326,29.34144941176894],[78.97686950978705,29.30899159382177],[78.98432656428778,29.31573165612567],[78.99241446675101,29.31232790443642],[79.01169744247453,29.31725563856853],[79.01551002839038,29.30908183301688],[79.02830243368692,29.30519088053424],[79.01233846215835,29.28897993981855],[79.02248488474919,29.28045821021325],[79.02925638664416,29.26575178135197],[79.03890313443175,29.26339609750093],[79.0396754928516,29.2549334999406],[79.04803667805305,29.26057906469142],[79.05908661666494,29.26767548070347],[79.07405530593583,29.25003309691322],[79.07430994218902,29.26520666028503],[79.08717705146474,29.27438226804317],[79.092513015304,29.26509970782194],[79.08981937883954,29.2602695824927],[79.10786134857852,29.25479012046883],[79.11782123588637,29.26992714217426],[79.1308763373791,29.27527203953011],[79.13860361748107,29.27371690335765],[79.14177770647917,29.29695042258992],[79.16004854460273,29.32562751617222],[79.16337705476474,29.34589928379064],[79.18012341142797,29.35993991959989],[79.20980785889837,29.37164956070559],[79.21110787038569,29.3785184320769],[79.22889459345096,29.39633647168409],[79.27236140349851,29.41762874717378],[79.2806592194785,29.44414603710073],[79.29311184141818,29.44870053275809],[79.2828292572867,29.46434974190848],[79.27450891993193,29.46375098924982],[79.26292673615926,29.47252238173355],[79.2420080420819,29.4716544946338],[79.24354139102464,29.48114790126554],[79.23564806395301,29.47955373586574],[79.22713565791403,29.48832927031783],[79.19746427545498,29.49345102928385],[79.17096135289218,29.5114720456329],[79.16480402925771,29.52830901681701],[79.1694527560674,29.53498101519474],[79.14528785863122,29.54048047006391],[79.14068166307369,29.55289646215307],[79.10829438092166,29.54491521092614],[79.10937736254446,29.55880389607221],[79.09065424319195,29.56800581731599],[79.09093380722449,29.57302533836841],[79.07898823470909,29.58187172759047],[79.05547969054061,29.57978598526276],[79.03739840300797,29.58486953901065]]]}},{"type":"Feature","properties":{"ac_name":"BHIMTAL","ac_no":57,"ac_category":"GEN","st_name":"UTTARAKHAND"},"geometry":{"type":"Polygon","coordinates":[[[79.68455944285458,29.52038660536915],[79.65341889467344,29.51081548076855],[79.65356607731799,29.50659064162518],[79.64449891804009,29.50272807272168],[79.62074760722696,29.51420791506952],[79.56208893192786,29.4996529599403],[79.55483556549629,29.47590403789478],[79.56426219532305,29.45437886945793],[79.55412373712174,29.44529600189831],[79.5568774056655,29.44213169470664],[79.55181476953042,29.43191627131111],[79.54329215539593,29.42741208599219],[79.54112364458645,29.40594469944138],[79.55407113280901,29.38752196921539],[79.56452586363031,29.38988170647366],[79.56070141799954,29.3812646747632],[79.57701564593356,29.35374917935464],[79.56751200631794,29.34910708524701],[79.57883204267355,29.34451835492135],[79.55983398328395,29.33096640069548],[79.5623360016886,29.3282304807841],[79.55773062895062,29.32609671504466],[79.54819834780959,29.29638133525332],[79.55977704930385,29.27571399177505],[79.56827193429525,29.27442255173238],[79.57825304435758,29.27967498969125],[79.60051498835197,29.272609893596],[79.60450204232231,29.26081894689611],[79.61253846985215,29.25897308896333],[79.6157960125921,29.25146847682138],[79.6269286407911,29.24906990674829],[79.63018478734911,29.2355167851569],[79.65139838205427,29.22881593713879],[79.66705073047757,29.2324920972866],[79.68036585464655,29.22958082163989],[79.6817921817376,29.21863448451084],[79.7004791634953,29.21576463559399],[79.7202766570091,29.18760350931064],[79.73367815696595,29.18740617046039],[79.75069633306647,29.17813057996954],[79.76188622075297,29.18164131092417],[79.76628662098823,29.19089459301869],[79.78297952806926,29.19593509988034],[79.8056614723496,29.18484873035549],[79.82379071429374,29.1689935457249],[79.82803223685231,29.15720556441922],[79.84004981439737,29.15660487611235],[79.850148579834,29.14843026527812],[79.86508487350956,29.14848773151159],[79.87982451961538,29.15605871219966],[79.87933350327935,29.17221417747668],[79.89203704650271,29.17470253350613],[79.90041124206562,29.18165591358852],[79.90831292891362,29.1980760983025],[79.9271356167463,29.21493006798716],[79.91090068714021,29.23244904360016],[79.9073106410853,29.25027325485977],[79.89746361099493,29.25697578692857],[79.88930623349978,29.25348065029322],[79.86830434606706,29.26025654672682],[79.85585910303207,29.27687751047519],[79.85017264340746,29.27251093520048],[79.84704179653922,29.27750860402243],[79.84404229306472,29.27107261990185],[79.82008951020327,29.27063239857104],[79.81386088451016,29.27794682829937],[79.81762002154322,29.28648963007314],[79.81188112119743,29.29280483860594],[79.81794697076673,29.3082163073666],[79.80579238671363,29.31488129243367],[79.80546827448909,29.32767877506974],[79.79393192000171,29.33595216727419],[79.80686644809708,29.34027501205048],[79.83181817306634,29.33796584776012],[79.83178755145524,29.32326036388176],[79.84445706278544,29.32164881226819],[79.8581229924689,29.31101556061817],[79.8650834696202,29.31573288441517],[79.86322631355182,29.32737619876931],[79.87139927912217,29.34521984483938],[79.89108587593749,29.35078403859103],[79.90002356641725,29.34797851448956],[79.90225373273375,29.35596679566143],[79.8922035345117,29.36984543029671],[79.88669297512335,29.36633526902961],[79.87552835102771,29.37120163575984],[79.85802552560196,29.36982645953701],[79.8594761582205,29.379884252356],[79.84785648419846,29.38544337418326],[79.84192131467934,29.39734870677465],[79.83292508772986,29.3976949050492],[79.83355134909397,29.40611758496392],[79.85606726620306,29.43281316248475],[79.84853633571818,29.43217213658796],[79.83821706058971,29.42666348632262],[79.82549401028778,29.42639119227759],[79.82269409285495,29.43303581614628],[79.80857754255668,29.43967309040049],[79.7982020474965,29.43730315706864],[79.78760819620265,29.44909810753078],[79.77820501316884,29.45140737870899],[79.76790153334551,29.44756405180873],[79.76439423884385,29.43363524712316],[79.75041609233094,29.43436783204621],[79.74476060622604,29.4302580409985],[79.7335321408739,29.43298573947842],[79.72660264837928,29.44395592624957],[79.73275205114747,29.46183391273713],[79.71944411437002,29.45783525912676],[79.71146506112841,29.46035316313585],[79.68690810669014,29.47810185970446],[79.67902817798632,29.49888131944215],[79.68428992931685,29.50602809699912],[79.68455944285458,29.52038660536915]]]}},{"type":"Feature","properties":{"ac_name":"LOHAGHAT","ac_no":54,"ac_category":"GEN","st_name":"UTTARAKHAND"},"geometry":{"type":"Polygon","coordinates":[[[80.07825755797171,29.52162535848394],[80.05178804256033,29.51102651446843],[80.03124456027099,29.50864939348719],[80.02968910798818,29.49951492900351],[80.00105207066846,29.48496735494704],[79.98886585264755,29.489111200258],[79.98572930903254,29.48461369490564],[79.97695711843048,29.48546537192954],[79.97265751948997,29.47756396591329],[79.95711914182783,29.47417076930667],[79.95184498062287,29.47841096160263],[79.93782833831239,29.47645269984231],[79.93523331494094,29.47936189843431],[79.9274448076053,29.4726806574925],[79.91942258760633,29.47439528993526],[79.91562607701003,29.48797996497753],[79.91000859914494,29.49011907463843],[79.88694571474642,29.48375438781296],[79.8606649074861,29.44827950463078],[79.85682709542856,29.4563853768179],[79.8506870838004,29.45294633902735],[79.84620400646214,29.44461485355401],[79.84853633571818,29.43217213658796],[79.85606726620306,29.43281316248475],[79.83355134909397,29.40611758496392],[79.83292508772986,29.3976949050492],[79.84192131467934,29.39734870677465],[79.84785648419846,29.38544337418326],[79.8594761582205,29.379884252356],[79.85802552560196,29.36982645953701],[79.87552835102771,29.37120163575984],[79.88669297512335,29.36633526902961],[79.8922035345117,29.36984543029671],[79.90225373273375,29.35596679566143],[79.90002356641725,29.34797851448956],[79.89108587593749,29.35078403859103],[79.87139927912217,29.34521984483938],[79.86322631355182,29.32737619876931],[79.8650834696202,29.31573288441517],[79.8581229924689,29.31101556061817],[79.84445706278544,29.32164881226819],[79.83178755145524,29.32326036388176],[79.83181817306634,29.33796584776012],[79.80686644809708,29.34027501205048],[79.79393192000171,29.33595216727419],[79.80546827448909,29.32767877506974],[79.80579238671363,29.31488129243367],[79.81794697076673,29.3082163073666],[79.81188112119743,29.29280483860594],[79.81762002154322,29.28648963007314],[79.81386088451016,29.27794682829937],[79.82008951020327,29.27063239857104],[79.84404229306472,29.27107261990185],[79.84704179653922,29.27750860402243],[79.85017264340746,29.27251093520048],[79.85585910303207,29.27687751047519],[79.86830434606706,29.26025654672682],[79.88930623349978,29.25348065029322],[79.89746361099493,29.25697578692857],[79.9073106410853,29.25027325485977],[79.91090068714021,29.23244904360016],[79.9271356167463,29.21493006798716],[79.90831292891362,29.1980760983025],[79.93732391582216,29.19099432986497],[79.95566441247635,29.19201489861348],[79.94913716556145,29.20932496338521],[79.9300322316653,29.22986994720737],[79.94171131698454,29.25970706899956],[79.9696281584674,29.25598496068488],[79.94223871985467,29.29760881996025],[79.95235176599306,29.30438310679434],[79.96071814274835,29.30146367314702],[79.96170116318217,29.31553108374555],[79.97645349848874,29.33848963515032],[80.05239257065286,29.36224018777509],[80.06414634436595,29.36255855373866],[80.07857183367891,29.35391387510888],[80.08921768058994,29.35600593224418],[80.10747110325563,29.34288055261167],[80.14997328549372,29.34996035376888],[80.15604263745045,29.33627866062779],[80.17984165882595,29.33810980456479],[80.19192009028119,29.32842946349577],[80.19486593735303,29.31965808855285],[80.21063071445604,29.32536134070642],[80.21205087354278,29.31293073887691],[80.21593467846107,29.31571792928329],[80.22103805201733,29.30706146760454],[80.22426936592966,29.31033600686377],[80.22911873473731,29.30412040444702],[80.22328513003859,29.29137087791582],[80.24663496168795,29.29760588769072],[80.24789933173274,29.28731440042494],[80.25794712269185,29.28685335916295],[80.27462519781794,29.31294168064773],[80.27777994402582,29.30972991467619],[80.28877537283682,29.31361299527228],[80.29941138796386,29.30549621937861],[80.31786998247841,29.30396814420717],[80.3150239764157,29.32256673393415],[80.29519569219643,29.32683531450809],[80.29349425414462,29.33969156148066],[80.2838062641525,29.34377744002807],[80.28199009278696,29.35867032469908],[80.27373299220045,29.36499691125051],[80.27950979576181,29.37381218867229],[80.2759523914335,29.3941315491764],[80.24731019646558,29.40811904783458],[80.2449805785394,29.4426385973555],[80.21224450662268,29.45310026751103],[80.2048066834869,29.45198009631919],[80.19612527454562,29.45879619138922],[80.18311236587284,29.45734907680828],[80.18109044307553,29.46422564850077],[80.16672573849768,29.46453201147676],[80.15920368967863,29.47481914186201],[80.14880721619377,29.4716566575069],[80.1395843766095,29.48708666298069],[80.12470856482523,29.49474270020682],[80.12830177977443,29.50735054320127],[80.10077430254158,29.52381361605868],[80.09422477945665,29.51954615685233],[80.07825755797171,29.52162535848394]]]}},{"type":"Feature","properties":{"ac_name":"KALADHUNGI","ac_no":60,"ac_category":"GEN","st_name":"UTTARAKHAND"},"geometry":{"type":"Polygon","coordinates":[[[79.32840915832406,29.41205371746815],[79.3262027959314,29.41935286505716],[79.31555603975336,29.41183279588095],[79.30042007186385,29.41283450465129],[79.28453940193309,29.40796355647557],[79.27236140349851,29.41762874717378],[79.22889459345096,29.39633647168409],[79.21110787038569,29.3785184320769],[79.20980785889837,29.37164956070559],[79.18012341142797,29.35993991959989],[79.16337705476474,29.34589928379064],[79.16004854460273,29.32562751617222],[79.14177770647917,29.29695042258992],[79.13860361748107,29.27371690335765],[79.2259529352987,29.24638791312031],[79.2744281095569,29.2396440652575],[79.26363303409701,29.224027736162],[79.24801578622026,29.21205302400635],[79.24409258581917,29.19937042527105],[79.24780497277419,29.18193359501566],[79.26409870127486,29.17532006641854],[79.27545855897185,29.16221453139661],[79.36094085312277,29.094929695014],[79.41582979027284,29.10832432526213],[79.4769707633409,29.13510677670187],[79.48438481558593,29.14226008900556],[79.47709887992792,29.14373355765636],[79.4757998320503,29.14983561493937],[79.49381900326422,29.16350401181822],[79.49121686420557,29.17139340978662],[79.49786033410473,29.18464878009349],[79.49320686367805,29.200014017043],[79.4856483143486,29.20015695079935],[79.48838577252855,29.21585951410458],[79.50143577973512,29.22690901664327],[79.52014799711222,29.23023250513482],[79.5220542197721,29.22725842955117],[79.53406210603868,29.22745022979142],[79.53717524183126,29.23283147483653],[79.52788147607232,29.23207462648074],[79.53095561183366,29.23841984809138],[79.52462265190236,29.23887902298306],[79.5238145488682,29.24603266339047],[79.51084678373394,29.24289283538926],[79.50458759835462,29.25436488118038],[79.53813171143,29.27351889078391],[79.55977704930385,29.27571399177505],[79.54819834780959,29.29638133525332],[79.48748845770051,29.29822410690174],[79.46430644369639,29.30397606921225],[79.4634991792343,29.30943353498605],[79.45606459008343,29.30767124770155],[79.4396670485274,29.31864885415908],[79.4132863946063,29.3052883832163],[79.4181390326464,29.31250660183683],[79.4187849371654,29.31855522659017],[79.4118665811427,29.31910134637661],[79.41945263752085,29.32525238467074],[79.41584265322223,29.32675887165675],[79.39381961780175,29.30795626118634],[79.3737942540803,29.30305093772452],[79.36227005021051,29.30703356153732],[79.35026607147616,29.30520270443905],[79.34351073464379,29.32102994645119],[79.34375267550081,29.34544523723476],[79.34869790370675,29.36795811463758],[79.35750485112641,29.37509594887433],[79.34480968918702,29.38144659619334],[79.3473826074535,29.39125768031966],[79.33278775296561,29.39639633342864],[79.32840915832406,29.41205371746815]]]}},{"type":"Feature","properties":{"ac_name":"JASPUR","ac_no":62,"ac_category":"GEN","st_name":"UTTARAKHAND"},"geometry":{"type":"Polygon","coordinates":[[[78.85612245824399,29.34991538165039],[78.84062121834525,29.34512382566116],[78.82711135899204,29.35465057067022],[78.82592503996052,29.36595693024043],[78.83104031758864,29.36808280919288],[78.82500666210066,29.36745063462363],[78.8104548164971,29.33949051146413],[78.79978632061513,29.33440586541051],[78.80918321368966,29.32005736293421],[78.80000360133066,29.31845903017878],[78.79719064676817,29.31121414867115],[78.78964282815092,29.31534748542468],[78.79529983279947,29.32499962598172],[78.79281852936502,29.32999913719141],[78.77575468253319,29.32521567458776],[78.76637590606674,29.33745957710291],[78.75348519272805,29.33135574774825],[78.74958358596967,29.31764388370679],[78.74067729924717,29.31602246668098],[78.74059694508341,29.3206507491261],[78.73385178356618,29.32186768619491],[78.73508774251512,29.3028574818996],[78.71891671293645,29.30634932764296],[78.71859136212703,29.30310096479617],[78.72478448381457,29.29812763230968],[78.73469910781846,29.29902136195359],[78.76427442710988,29.27988507908609],[78.77227267317924,29.27276502964673],[78.77121631855728,29.26449356209778],[78.78618049195919,29.25293487320159],[78.79048396531354,29.25533043227328],[78.79119380910605,29.24610666133929],[78.82020732501884,29.23212337466966],[78.83826877670144,29.24173657529972],[78.83909101654898,29.23583920173895],[78.84905452304926,29.23228895514888],[78.85914975304915,29.24177528496882],[78.8624274130487,29.23887688541479],[78.85883818885073,29.23317035455334],[78.87111745058444,29.22731324369238],[78.87386824188704,29.23045082080865],[78.87625362558282,29.22510830242965],[78.87166036840473,29.22273677212042],[78.88345975077694,29.21150312057492],[78.88718260109361,29.22244970187651],[78.8981445646088,29.22059063641399],[78.90264667033097,29.23140965430914],[78.92978507026936,29.21874965339304],[78.95793158773607,29.22341895094394],[78.96024397467907,29.24430551507993],[78.9537899970046,29.26073405212437],[78.96368674166804,29.26637877131209],[78.96280911911838,29.27401875981932],[78.98560301954564,29.27516760593474],[78.9995700704927,29.29187590440804],[79.00242795197107,29.30974314404073],[78.99506468976175,29.30755527051673],[78.99241446675101,29.31232790443642],[78.98432656428778,29.31573165612567],[78.97686950978705,29.30899159382177],[78.92769191181326,29.34144941176894],[78.90099872058806,29.34601771751282],[78.88615375978624,29.34185253665316],[78.87883912286462,29.35175321016677],[78.86970527355109,29.34487517919757],[78.85612245824399,29.34991538165039]]]}},{"type":"Feature","properties":{"ac_name":"CHAMPAWAT","ac_no":55,"ac_category":"GEN","st_name":"UTTARAKHAND"},"geometry":{"type":"Polygon","coordinates":[[[80.31786998247841,29.30396814420717],[80.29941138796386,29.30549621937861],[80.28877537283682,29.31361299527228],[80.27777994402582,29.30972991467619],[80.27462519781794,29.31294168064773],[80.25794712269185,29.28685335916295],[80.24789933173274,29.28731440042494],[80.24663496168795,29.29760588769072],[80.22328513003859,29.29137087791582],[80.22911873473731,29.30412040444702],[80.22426936592966,29.31033600686377],[80.22103805201733,29.30706146760454],[80.21593467846107,29.31571792928329],[80.21205087354278,29.31293073887691],[80.21063071445604,29.32536134070642],[80.19486593735303,29.31965808855285],[80.19192009028119,29.32842946349577],[80.17984165882595,29.33810980456479],[80.15604263745045,29.33627866062779],[80.14997328549372,29.34996035376888],[80.10747110325563,29.34288055261167],[80.08921768058994,29.35600593224418],[80.07857183367891,29.35391387510888],[80.06414634436595,29.36255855373866],[80.05239257065286,29.36224018777509],[79.97645349848874,29.33848963515032],[79.96170116318217,29.31553108374555],[79.96071814274835,29.30146367314702],[79.95235176599306,29.30438310679434],[79.94223871985467,29.29760881996025],[79.9696281584674,29.25598496068488],[79.94171131698454,29.25970706899956],[79.9300322316653,29.22986994720737],[79.94913716556145,29.20932496338521],[79.95566441247635,29.19201489861348],[79.93732391582216,29.19099432986497],[79.90831292891362,29.1980760983025],[79.90041124206562,29.18165591358852],[79.89203704650271,29.17470253350613],[79.87933350327935,29.17221417747668],[79.87982451961538,29.15605871219966],[79.89318482981503,29.15176689807404],[79.89674961596637,29.13530061582661],[79.90603196920041,29.13425353894476],[79.91169569796969,29.12826461875877],[79.92055125410356,29.13370697669776],[79.94235464116663,29.13296861785883],[79.97599414520282,29.12032945892295],[79.97726690394032,29.11701621212382],[79.96195113081153,29.10973965775268],[79.9545748523785,29.0825908073325],[79.95494736135973,29.06872734048829],[79.964179009643,29.05686461678563],[79.97352555404731,29.05460443249079],[79.98248020184272,29.06573069643019],[79.99680817031017,29.06673081930963],[80.0082404599446,29.07433908922067],[80.01519894329691,29.09179932362751],[80.02249814867031,29.08960956582891],[80.03060092069596,29.077560003402],[80.03348586888998,29.05005800765778],[80.05915319564866,28.99962849340915],[80.05088471101928,28.9890774267046],[80.05109658099894,28.97958488819808],[80.06027411841634,28.9566718471486],[80.07379960367565,28.95034434634009],[80.07702869879195,28.9442658699933],[80.07441383068561,28.93470882100016],[80.10102551180783,28.98144308987224],[80.11958913043397,28.98536579304421],[80.12387214134826,29.00254947564775],[80.13925862605551,29.00641641994756],[80.13924051019175,29.01048632658338],[80.12896196195139,29.01429687241797],[80.13222840657889,29.03013842634618],[80.12861304508063,29.03463138789395],[80.14200636366074,29.05612884408788],[80.13425271798427,29.06538818059031],[80.13458082575954,29.07252084549065],[80.15065764588202,29.10472741437917],[80.18434247695637,29.1321497005468],[80.2047620667307,29.12832642750107],[80.21789784292686,29.11930792585273],[80.23871474117851,29.11887579684988],[80.25112362622991,29.13381308098876],[80.27254328113553,29.14513691888529],[80.2618066900855,29.16479791573909],[80.26241891782782,29.18736673973482],[80.2488450528955,29.20252053241894],[80.251240800677,29.21719244197151],[80.25611058935337,29.21990972209223],[80.26311548115304,29.21063888337332],[80.28187657824222,29.20749843323558],[80.29013079199342,29.19577225851698],[80.30064293676224,29.19848875978744],[80.29596104032564,29.23508388875099],[80.30262464230572,29.24119300549515],[80.30633520179121,29.28300513954867],[80.31786998247841,29.30396814420717]]]}},{"type":"Feature","properties":{"ac_name":"KASHIPUR","ac_no":63,"ac_category":"GEN","st_name":"UTTARAKHAND"},"geometry":{"type":"Polygon","coordinates":[[[78.99241446675101,29.31232790443642],[78.99506468976175,29.30755527051673],[79.00242795197107,29.30974314404073],[78.9995700704927,29.29187590440804],[78.98560301954564,29.27516760593474],[78.96280911911838,29.27401875981932],[78.96368674166804,29.26637877131209],[78.9537899970046,29.26073405212437],[78.96024397467907,29.24430551507993],[78.95793158773607,29.22341895094394],[78.92978507026936,29.21874965339304],[78.90264667033097,29.23140965430914],[78.8981445646088,29.22059063641399],[78.88718260109361,29.22244970187651],[78.88345975077694,29.21150312057492],[78.87478774762224,29.20555582446129],[78.88086748393822,29.20022763364773],[78.8859767498788,29.20313373393177],[78.89147184799157,29.20052047064028],[78.88567916155996,29.19582089501144],[78.8965121174966,29.19385857544446],[78.89986655377004,29.18739532021289],[78.89432153937689,29.18594533848212],[78.90920070527925,29.17808215424746],[78.9017439762024,29.16952648268365],[78.90907559862197,29.16465191214632],[78.90932964440695,29.15474842295819],[78.91642968284928,29.15330393234851],[78.91136718155111,29.14502577680389],[78.91890553852011,29.13617869346906],[78.90677077773877,29.12606829814589],[78.92672019634927,29.11852971521727],[78.93252877861836,29.1267670446237],[78.92659290556885,29.14282506391911],[78.94106138601187,29.14641751908221],[78.97005665016671,29.17076707694831],[78.97626882112438,29.16976378014657],[78.97302353535382,29.18192489872302],[78.99098773318474,29.18122023556796],[78.99342596253337,29.19476882379441],[79.01486786164486,29.1932375657367],[79.02686876950003,29.20601660599619],[79.02871339308582,29.19929839418305],[79.03394083417689,29.19785306489754],[79.04563117875155,29.21553032240307],[79.03595598996547,29.24940068253825],[79.04803667805305,29.26057906469142],[79.0396754928516,29.2549334999406],[79.03890313443175,29.26339609750093],[79.02925638664416,29.26575178135197],[79.02248488474919,29.28045821021325],[79.01233846215835,29.28897993981855],[79.02830243368692,29.30519088053424],[79.01551002839038,29.30908183301688],[79.01169744247453,29.31725563856853],[78.99241446675101,29.31232790443642]]]}},{"type":"Feature","properties":{"ac_name":"BAJPUR","ac_no":64,"ac_category":"SC","st_name":"UTTARAKHAND"},"geometry":{"type":"Polygon","coordinates":[[[79.04803667805305,29.26057906469142],[79.03595598996547,29.24940068253825],[79.04563117875155,29.21553032240307],[79.03394083417689,29.19785306489754],[79.02871339308582,29.19929839418305],[79.02686876950003,29.20601660599619],[79.01486786164486,29.1932375657367],[78.99342596253337,29.19476882379441],[78.99098773318474,29.18122023556796],[78.97302353535382,29.18192489872302],[78.97626882112438,29.16976378014657],[78.97005665016671,29.17076707694831],[78.94106138601187,29.14641751908221],[78.92659290556885,29.14282506391911],[78.93252877861836,29.1267670446237],[78.93476990121314,29.13006397358032],[78.95678589895668,29.12074396023562],[78.96436793280206,29.13039553698878],[78.9740851538267,29.12995587658064],[78.97680077326669,29.13946207901601],[78.98566145229296,29.14233287213098],[78.99066077933857,29.14004814598848],[78.99169671046647,29.13066991761864],[79.0057127799845,29.12541640761389],[79.00219813266538,29.12161314463834],[79.00860804411272,29.11129221633319],[79.01608151544818,29.11698409666069],[79.02718900379784,29.11249946518624],[79.04176683927966,29.12752698146911],[79.03200438338057,29.12802489512854],[79.02818246465671,29.13279388968069],[79.01915412250284,29.12923481578712],[79.01539715966271,29.1346967610592],[79.02220354760114,29.14491287536633],[79.0208791731116,29.15589886105684],[79.03781885285649,29.14346278503153],[79.04069638236898,29.15858234987566],[79.02960187668054,29.16346198974959],[79.03661470095045,29.16931793611768],[79.05475418369626,29.15479667801761],[79.07798772532736,29.15040725588644],[79.10393158665308,29.13280710385374],[79.10693484148389,29.13658044442456],[79.12601492820828,29.13542715444639],[79.13937680521022,29.14993277383202],[79.14496897600438,29.14638900617052],[79.15038768372159,29.15160675322755],[79.15384092697218,29.14929184472673],[79.14916713425096,29.14034775192845],[79.16475641955336,29.1366277587078],[79.18197307819241,29.13641333473296],[79.18931590234716,29.14964245230771],[79.24594058063772,29.14056077884498],[79.25883572020396,29.14432655274078],[79.26839766198401,29.16195238456523],[79.27545855897185,29.16221453139661],[79.26409870127486,29.17532006641854],[79.24780497277419,29.18193359501566],[79.24409258581917,29.19937042527105],[79.24801578622026,29.21205302400635],[79.26363303409701,29.224027736162],[79.2744281095569,29.2396440652575],[79.2259529352987,29.24638791312031],[79.13860361748107,29.27371690335765],[79.1308763373791,29.27527203953011],[79.11782123588637,29.26992714217426],[79.10786134857852,29.25479012046883],[79.08981937883954,29.2602695824927],[79.092513015304,29.26509970782194],[79.08717705146474,29.27438226804317],[79.07430994218902,29.26520666028503],[79.07405530593583,29.25003309691322],[79.05908661666494,29.26767548070347],[79.04803667805305,29.26057906469142]]]}},{"type":"Feature","properties":{"ac_name":"LALKUWA","ac_no":56,"ac_category":"GEN","st_name":"UTTARAKHAND"},"geometry":{"type":"Polygon","coordinates":[[[79.55977704930385,29.27571399177505],[79.53813171143,29.27351889078391],[79.50458759835462,29.25436488118038],[79.51084678373394,29.24289283538926],[79.5238145488682,29.24603266339047],[79.52462265190236,29.23887902298306],[79.53095561183366,29.23841984809138],[79.52788147607232,29.23207462648074],[79.53717524183126,29.23283147483653],[79.53406210603868,29.22745022979142],[79.53227875246723,29.22317297791553],[79.54913417218899,29.22471879588608],[79.5459653417803,29.18752943686581],[79.49786033410473,29.18464878009349],[79.49121686420557,29.17139340978662],[79.49381900326422,29.16350401181822],[79.4757998320503,29.14983561493937],[79.47709887992792,29.14373355765636],[79.48438481558593,29.14226008900556],[79.4769707633409,29.13510677670187],[79.41582979027284,29.10832432526213],[79.36094085312277,29.094929695014],[79.41238692928407,29.05453459412865],[79.42454202102373,29.05091925088686],[79.60742460563681,29.05116245166981],[79.62889696710145,29.05163059728542],[79.65036917842696,29.0760938448345],[79.68771618043118,29.05884496704062],[79.69868854236228,29.04160452905136],[79.70888037627167,29.03185722345071],[79.72530421333504,29.02697608637374],[79.74572777524487,29.02582099063799],[79.74841044442016,29.03000449461997],[79.76398543155435,29.0373017784931],[79.77722471503945,29.02990042262884],[79.77143830290788,29.02752141329986],[79.77387684988528,29.02473646752502],[79.80022671642811,29.02457796782032],[79.8061092162955,29.01529907169892],[79.79628579400989,29.01364705236873],[79.79529736445187,29.00699867135232],[79.80564580104281,29.00223628511736],[79.80723783148898,28.99050086295529],[79.81262053201388,28.99235755908762],[79.81427568687542,28.98586433378526],[79.82566664519938,28.98905845909121],[79.82352024932838,28.99357179184749],[79.83186347598473,28.99780572346712],[79.83866325127177,29.00013676654791],[79.83763586514115,28.99432681814131],[79.8440960309519,28.99691891369414],[79.84522583063405,29.00442840713096],[79.85729275060268,29.01277202159307],[79.8695891575347,28.9950576259765],[79.87601682856271,28.99289470419921],[79.87232690736963,28.97991951641162],[79.8801892309345,28.9801567323426],[79.8802131729987,28.99307865241662],[79.88565277167619,28.99266240282982],[79.88617011811064,28.99740418033878],[79.89344250899578,28.99146787805566],[79.89745462519645,28.99421123829345],[79.89375225917351,29.00069430466175],[79.90238401405658,29.00560664186614],[79.89701183106138,29.00847197684964],[79.91252646957723,29.03292151144422],[79.92093010736332,29.03000805534258],[79.93833217918169,29.04351317689844],[79.96263134694404,29.04607211552338],[79.97352555404731,29.05460443249079],[79.964179009643,29.05686461678563],[79.95494736135973,29.06872734048829],[79.9545748523785,29.0825908073325],[79.96195113081153,29.10973965775268],[79.97726690394032,29.11701621212382],[79.97599414520282,29.12032945892295],[79.94235464116663,29.13296861785883],[79.92055125410356,29.13370697669776],[79.91169569796969,29.12826461875877],[79.90603196920041,29.13425353894476],[79.89674961596637,29.13530061582661],[79.89318482981503,29.15176689807404],[79.87982451961538,29.15605871219966],[79.86508487350956,29.14848773151159],[79.850148579834,29.14843026527812],[79.84004981439737,29.15660487611235],[79.82803223685231,29.15720556441922],[79.82379071429374,29.1689935457249],[79.8056614723496,29.18484873035549],[79.78297952806926,29.19593509988034],[79.76628662098823,29.19089459301869],[79.76188622075297,29.18164131092417],[79.75069633306647,29.17813057996954],[79.73367815696595,29.18740617046039],[79.7202766570091,29.18760350931064],[79.7004791634953,29.21576463559399],[79.6817921817376,29.21863448451084],[79.68036585464655,29.22958082163989],[79.66705073047757,29.2324920972866],[79.65139838205427,29.22881593713879],[79.63018478734911,29.2355167851569],[79.6269286407911,29.24906990674829],[79.6157960125921,29.25146847682138],[79.61253846985215,29.25897308896333],[79.60450204232231,29.26081894689611],[79.60051498835197,29.272609893596],[79.57825304435758,29.27967498969125],[79.56827193429525,29.27442255173238],[79.55977704930385,29.27571399177505]]]}},{"type":"Feature","properties":{"ac_name":"HALDWANI","ac_no":59,"ac_category":"GEN","st_name":"UTTARAKHAND"},"geometry":{"type":"Polygon","coordinates":[[[79.5220542197721,29.22725842955117],[79.52014799711222,29.23023250513482],[79.50143577973512,29.22690901664327],[79.48838577252855,29.21585951410458],[79.4856483143486,29.20015695079935],[79.49320686367805,29.200014017043],[79.49786033410473,29.18464878009349],[79.5459653417803,29.18752943686581],[79.54913417218899,29.22471879588608],[79.53227875246723,29.22317297791553],[79.53406210603868,29.22745022979142],[79.5220542197721,29.22725842955117]]]}},{"type":"Feature","properties":{"ac_name":"GADARPUR","ac_no":65,"ac_category":"GEN","st_name":"UTTARAKHAND"},"geometry":{"type":"Polygon","coordinates":[[[79.27545855897185,29.16221453139661],[79.26839766198401,29.16195238456523],[79.25883572020396,29.14432655274078],[79.24594058063772,29.14056077884498],[79.18931590234716,29.14964245230771],[79.18197307819241,29.13641333473296],[79.16475641955336,29.1366277587078],[79.14916713425096,29.14034775192845],[79.15384092697218,29.14929184472673],[79.15038768372159,29.15160675322755],[79.14496897600438,29.14638900617052],[79.13937680521022,29.14993277383202],[79.12601492820828,29.13542715444639],[79.10693484148389,29.13658044442456],[79.10393158665308,29.13280710385374],[79.11944730028814,29.12599196317553],[79.12554208674955,29.13359234487982],[79.15362524992148,29.11573113422848],[79.15453271991649,29.10208698719461],[79.14991214777523,29.09974306382063],[79.15155874103189,29.09197152760022],[79.14433232143186,29.08696395893482],[79.14334066612886,29.06770260466644],[79.16290175755738,29.04917710276388],[79.17641238264297,29.04659220624787],[79.16777934475904,29.03958717912231],[79.17146935143339,29.03708775440812],[79.16666831638227,29.03212348019273],[79.16875133210165,29.02730374349256],[79.16365935737629,29.02908616988211],[79.16567584396475,29.02011226875709],[79.17719096175414,29.01627488351706],[79.17225806821166,29.01174374295761],[79.18143004019993,29.01200854102103],[79.18623334313762,29.01715135927861],[79.19516958214399,29.01477546952099],[79.1914661586191,29.02257425246639],[79.20455120370804,29.020375971262],[79.21183218014038,29.02741071496136],[79.2316504212477,29.01499985062135],[79.2505521653496,29.00992785924009],[79.2485160181631,29.00516684575114],[79.27328960252082,29.01056407670735],[79.27409038861653,29.02589004724224],[79.26421071071593,29.02573996537474],[79.26353215947955,29.03272778880605],[79.28024884052483,29.04510190514082],[79.29198118786033,29.06310543797962],[79.33287511761773,29.06356895358367],[79.33834344355921,29.04908202307587],[79.35380517845405,29.05306911541205],[79.38557297900168,29.05047150074676],[79.39542315703326,29.04064892809868],[79.41238692928407,29.05453459412865],[79.36094085312277,29.094929695014],[79.27545855897185,29.16221453139661]]]}},{"type":"Feature","properties":{"ac_name":"KHATIMA","ac_no":70,"ac_category":"GEN","st_name":"UTTARAKHAND"},"geometry":{"type":"Polygon","coordinates":[[[80.03060092069596,29.077560003402],[80.02249814867031,29.08960956582891],[80.01519894329691,29.09179932362751],[80.0082404599446,29.07433908922067],[79.99680817031017,29.06673081930963],[79.98248020184272,29.06573069643019],[79.97352555404731,29.05460443249079],[79.96263134694404,29.04607211552338],[79.93833217918169,29.04351317689844],[79.92093010736332,29.03000805534258],[79.91252646957723,29.03292151144422],[79.89701183106138,29.00847197684964],[79.90238401405658,29.00560664186614],[79.89375225917351,29.00069430466175],[79.89745462519645,28.99421123829345],[79.89344250899578,28.99146787805566],[79.88617011811064,28.99740418033878],[79.88565277167619,28.99266240282982],[79.8802131729987,28.99307865241662],[79.8801892309345,28.9801567323426],[79.87232690736963,28.97991951641162],[79.86104320422498,28.98212066854942],[79.8557734697299,28.97801413398032],[79.85463017335141,28.96659413047518],[79.86042695230043,28.95893858546686],[79.89540729428946,28.96641800103826],[79.9010695737097,28.96024444928469],[79.91894499329737,28.9592882934331],[79.93076030415146,28.95361982472026],[79.9348886013544,28.96539655874708],[79.94936363534046,28.96419141857221],[79.9432458976625,28.95083323418252],[79.95592876618662,28.94750497772642],[79.96271097789639,28.9317695029374],[79.98216027404041,28.93059254177158],[79.98281240045618,28.89051342271917],[79.9773859628821,28.88291490140822],[79.96490684342386,28.87950390111362],[79.93877048647775,28.87960247416164],[79.93233104463081,28.88648555172707],[79.91220645080826,28.86131599716459],[79.91096837482208,28.86896310973349],[79.89333796224504,28.86790891487819],[79.88942273752465,28.87861740294526],[79.8793184231419,28.88086773968119],[79.8845300022103,28.89566906748802],[79.86701978150707,28.91278163384866],[79.85524130006978,28.89348198218679],[79.84368726944248,28.89982973122534],[79.83064244023008,28.90079261802938],[79.83010368270573,28.89235675884739],[79.82276994744316,28.89274536837556],[79.82200316040124,28.8862776194299],[79.83232158835094,28.88244524817894],[79.83133231132615,28.87273995920086],[79.83834087627775,28.87255975287294],[79.83795004926934,28.8780239352958],[79.84160018861397,28.87741763158086],[79.84784171939722,28.85841799369654],[79.84256216873978,28.85085990293583],[79.83007588001684,28.85427398715357],[79.83406978678566,28.83983084386159],[79.82545304902696,28.8406629660647],[79.82857404738702,28.83460284995237],[79.82523091213896,28.83098114391327],[79.83327217313517,28.83213110769648],[79.83467283084973,28.82549039283287],[79.82393537743256,28.8079167092229],[79.81477951749784,28.81487582491698],[79.80888835997244,28.80635166000653],[79.81050201523576,28.79883341990159],[79.81444661958943,28.7974912057046],[79.81472504305242,28.80303853073193],[79.82020804749617,28.79598568627032],[79.82416502342912,28.79875176479224],[79.82667656203009,28.79526218757394],[79.8379781965369,28.79789148786793],[79.84117641941877,28.8040536546834],[79.84906746962497,28.79973533867306],[79.8503569131251,28.80560795229523],[79.850821388045,28.80997466126673],[79.8460963514494,28.81001652123625],[79.85279346269458,28.81454270531089],[79.8467040792226,28.81722101244195],[79.84661175508398,28.82426697457302],[79.86035729533015,28.83110662637567],[79.86298590349621,28.84044916578291],[79.87168859004173,28.83967348062108],[79.87313025627158,28.8323476358169],[79.87856020336883,28.83063852577469],[79.88290003849119,28.83727312186813],[79.88779606671409,28.83695732824039],[79.89424628534536,28.83104533753395],[79.89307498222165,28.82053030503711],[79.91407668006907,28.81861637106228],[79.91075395367929,28.8115739005564],[79.9158878110407,28.80408237614132],[79.90594908749866,28.80307900871997],[79.8791220836178,28.81512802299815],[79.86946499764183,28.80822054178125],[79.872934353329,28.79775755967207],[79.90095317450675,28.78214153779438],[79.91022545700912,28.78537646914727],[79.91822821356541,28.78232624450204],[79.92674945945798,28.78965422347558],[79.94018334349407,28.7874642443413],[79.92352364026691,28.77316488270081],[79.93304866937571,28.76246226261564],[79.94337753047122,28.75999102193248],[79.93867450214314,28.74997073602518],[79.94390523356998,28.74815578378953],[79.94362653550982,28.73411342187584],[79.95351491947943,28.72245981547796],[80.00660582468542,28.74105190079543],[80.03232936776753,28.75152544106175],[80.06035591782327,28.78265414949668],[80.06664436206958,28.80354231812698],[80.0521869333411,28.82041155572865],[80.05974552520202,28.82479037940741],[80.06507851991692,28.83620255089184],[80.0617656046225,28.90387186282584],[80.07441383068561,28.93470882100016],[80.07702869879195,28.9442658699933],[80.07379960367565,28.95034434634009],[80.06027411841634,28.9566718471486],[80.05109658099894,28.97958488819808],[80.05088471101928,28.9890774267046],[80.05915319564866,28.99962849340915],[80.03348586888998,29.05005800765778],[80.03060092069596,29.077560003402]]]}},{"type":"Feature","properties":{"ac_name":"SITARGANJ","ac_no":68,"ac_category":"GEN","st_name":"UTTARAKHAND"},"geometry":{"type":"Polygon","coordinates":[[[79.60742460563681,29.05116245166981],[79.60590433139112,29.03590893083782],[79.59724206196897,29.03473191557392],[79.54708908770758,29.00463635346484],[79.54586352876005,29.00037068152076],[79.55305492270881,28.993510980814],[79.55394487458418,28.97332539682906],[79.5435622938885,28.95701207812282],[79.54503399815168,28.94672249551038],[79.56980771307724,28.93890388198803],[79.57194710681131,28.92819069011558],[79.56430003797092,28.91804379798421],[79.56785363656405,28.91498958375274],[79.5722833007075,28.9187404578973],[79.57359471898766,28.91496442025801],[79.56994608265978,28.90572858096594],[79.55035330135586,28.90278223317228],[79.5540021514617,28.89416856789203],[79.55638097169064,28.89909212194869],[79.5711143909126,28.89269857710055],[79.57010047984014,28.88728244993623],[79.57738620073681,28.88878668767861],[79.58403790303267,28.87905768347234],[79.57377419369939,28.85520333450691],[79.58410391003794,28.8462539988968],[79.6036960656461,28.85696346443444],[79.6129428475163,28.85303723059786],[79.62176641124287,28.86456896763381],[79.62676291855024,28.8658375303082],[79.62987864674679,28.86121179054314],[79.63580266649726,28.86668892947453],[79.64494217551584,28.86325219708221],[79.65624300000738,28.86991943447688],[79.66606451385879,28.86585651813574],[79.66375885442183,28.86217564208081],[79.68397945490506,28.85583089533428],[79.68345988178974,28.85004871295001],[79.70634814202533,28.84085345381073],[79.70991884705073,28.85115880357311],[79.72007986741613,28.84586859856606],[79.72624608785529,28.86075172155212],[79.71952155741245,28.86136891395542],[79.71191718849285,28.86944641205306],[79.70407865378196,28.89694278992801],[79.72160670473237,28.91067171455461],[79.72893138665587,28.90630602146887],[79.7343778106626,28.91767232862635],[79.74386343996116,28.92303936575535],[79.73847732780146,28.9362989704809],[79.73466248540944,28.93281830827893],[79.72814435439285,28.93745913200304],[79.73678699812717,28.94203970072995],[79.73914351442554,28.9542025949843],[79.73002349054053,28.95408040427559],[79.72956141666191,28.96934552585136],[79.7418221071918,28.98025216619954],[79.72775832525373,28.98083246330603],[79.73514342105136,28.990916098993],[79.72695615667547,28.99017440453109],[79.71664869298509,28.9955695630084],[79.71688525350234,29.00175869761922],[79.70925222525878,29.00104006419042],[79.71153380182547,29.0091995756841],[79.69486964425974,29.03360421686731],[79.69868854236228,29.04160452905136],[79.68771618043118,29.05884496704062],[79.65036917842696,29.0760938448345],[79.62889696710145,29.05163059728542],[79.60742460563681,29.05116245166981]]]}},{"type":"Feature","properties":{"ac_name":"RUDRAPUR","ac_no":66,"ac_category":"GEN","st_name":"UTTARAKHAND"},"geometry":{"type":"Polygon","coordinates":[[[79.41238692928407,29.05453459412865],[79.39542315703326,29.04064892809868],[79.38557297900168,29.05047150074676],[79.35380517845405,29.05306911541205],[79.33834344355921,29.04908202307587],[79.33287511761773,29.06356895358367],[79.29198118786033,29.06310543797962],[79.28024884052483,29.04510190514082],[79.26353215947955,29.03272778880605],[79.26421071071593,29.02573996537474],[79.27409038861653,29.02589004724224],[79.27328960252082,29.01056407670735],[79.2485160181631,29.00516684575114],[79.25241026697084,28.99921492498996],[79.30707950211601,28.96665665108965],[79.31283940602036,28.96913034282753],[79.31224290191834,28.97710366971647],[79.32124506577924,28.97202858685675],[79.3647576388764,28.96823755101375],[79.3623267110106,28.98148232980218],[79.372246784733,28.98748779992502],[79.3853985389196,28.95170828282862],[79.39115345031104,28.94758690461918],[79.40777657414982,28.95220974962703],[79.41595066711811,28.9430128398997],[79.44042188140968,28.95753933352382],[79.42080330014029,28.96690398354222],[79.41929515276051,28.9840035528076],[79.42972487622565,28.99467089967516],[79.4303996474279,29.01228606696815],[79.44163258762605,29.03510019485559],[79.42664814958289,29.0426339825873],[79.42454202102373,29.05091925088686],[79.41238692928407,29.05453459412865]]]}},{"type":"Feature","properties":{"ac_name":"KICHHA","ac_no":67,"ac_category":"GEN","st_name":"UTTARAKHAND"},"geometry":{"type":"Polygon","coordinates":[[[79.42454202102373,29.05091925088686],[79.42664814958289,29.0426339825873],[79.44163258762605,29.03510019485559],[79.4303996474279,29.01228606696815],[79.42972487622565,28.99467089967516],[79.41929515276051,28.9840035528076],[79.42080330014029,28.96690398354222],[79.44042188140968,28.95753933352382],[79.41595066711811,28.9430128398997],[79.4191381446419,28.93379007077038],[79.41596228917939,28.92783177978835],[79.42807137735083,28.91973808822508],[79.42226092631832,28.90115494599235],[79.42319553443714,28.89334851860592],[79.43107043125148,28.88697170639643],[79.42572695117745,28.86658182355108],[79.4415038222721,28.8617663263618],[79.45195449833965,28.8715775105633],[79.47706451832471,28.86464890114264],[79.47871458787658,28.8711671127084],[79.4985415796904,28.872056099708],[79.50996030049903,28.86479074671554],[79.52245257673128,28.8648540736135],[79.53333813292504,28.86982495713593],[79.54190857530651,28.8846854809764],[79.5540021514617,28.89416856789203],[79.55035330135586,28.90278223317228],[79.56994608265978,28.90572858096594],[79.57359471898766,28.91496442025801],[79.5722833007075,28.9187404578973],[79.56785363656405,28.91498958375274],[79.56430003797092,28.91804379798421],[79.57194710681131,28.92819069011558],[79.56980771307724,28.93890388198803],[79.54503399815168,28.94672249551038],[79.5435622938885,28.95701207812282],[79.55394487458418,28.97332539682906],[79.55305492270881,28.993510980814],[79.54586352876005,29.00037068152076],[79.54708908770758,29.00463635346484],[79.59724206196897,29.03473191557392],[79.60590433139112,29.03590893083782],[79.60742460563681,29.05116245166981],[79.42454202102373,29.05091925088686]]]}},{"type":"Feature","properties":{"ac_name":"NANAK MATTA (ST","ac_no":69,"ac_category":"GEN","st_name":"UTTARAKHAND"},"geometry":{"type":"Polygon","coordinates":[[[79.74841044442016,29.03000449461997],[79.74572777524487,29.02582099063799],[79.72530421333504,29.02697608637374],[79.70888037627167,29.03185722345071],[79.69868854236228,29.04160452905136],[79.69486964425974,29.03360421686731],[79.71153380182547,29.0091995756841],[79.70925222525878,29.00104006419042],[79.71688525350234,29.00175869761922],[79.71664869298509,28.9955695630084],[79.72695615667547,28.99017440453109],[79.73514342105136,28.990916098993],[79.72775832525373,28.98083246330603],[79.7418221071918,28.98025216619954],[79.72956141666191,28.96934552585136],[79.73002349054053,28.95408040427559],[79.73914351442554,28.9542025949843],[79.73678699812717,28.94203970072995],[79.72814435439285,28.93745913200304],[79.73466248540944,28.93281830827893],[79.73847732780146,28.9362989704809],[79.74386343996116,28.92303936575535],[79.7343778106626,28.91767232862635],[79.72893138665587,28.90630602146887],[79.72160670473237,28.91067171455461],[79.70407865378196,28.89694278992801],[79.71191718849285,28.86944641205306],[79.71952155741245,28.86136891395542],[79.72624608785529,28.86075172155212],[79.73655737668015,28.85643467311263],[79.74552068649088,28.85984171106408],[79.74918295089277,28.87176779254246],[79.75999347385682,28.87095905967867],[79.76699314569952,28.87670067302258],[79.78772155420502,28.8720051736477],[79.79976955538113,28.88671606140815],[79.81456472909319,28.88250163553893],[79.81470269408668,28.8862009790746],[79.82200316040124,28.8862776194299],[79.82276994744316,28.89274536837556],[79.83010368270573,28.89235675884739],[79.83064244023008,28.90079261802938],[79.84368726944248,28.89982973122534],[79.85524130006978,28.89348198218679],[79.86701978150707,28.91278163384866],[79.8845300022103,28.89566906748802],[79.8793184231419,28.88086773968119],[79.88942273752465,28.87861740294526],[79.89333796224504,28.86790891487819],[79.91096837482208,28.86896310973349],[79.91220645080826,28.86131599716459],[79.93233104463081,28.88648555172707],[79.93877048647775,28.87960247416164],[79.96490684342386,28.87950390111362],[79.9773859628821,28.88291490140822],[79.98281240045618,28.89051342271917],[79.98216027404041,28.93059254177158],[79.96271097789639,28.9317695029374],[79.95592876618662,28.94750497772642],[79.9432458976625,28.95083323418252],[79.94936363534046,28.96419141857221],[79.9348886013544,28.96539655874708],[79.93076030415146,28.95361982472026],[79.91894499329737,28.9592882934331],[79.9010695737097,28.96024444928469],[79.89540729428946,28.96641800103826],[79.86042695230043,28.95893858546686],[79.85463017335141,28.96659413047518],[79.8557734697299,28.97801413398032],[79.86104320422498,28.98212066854942],[79.87232690736963,28.97991951641162],[79.87601682856271,28.99289470419921],[79.8695891575347,28.9950576259765],[79.85729275060268,29.01277202159307],[79.84522583063405,29.00442840713096],[79.8440960309519,28.99691891369414],[79.83763586514115,28.99432681814131],[79.83866325127177,29.00013676654791],[79.83186347598473,28.99780572346712],[79.82352024932838,28.99357179184749],[79.82566664519938,28.98905845909121],[79.81427568687542,28.98586433378526],[79.81262053201388,28.99235755908762],[79.80723783148898,28.99050086295529],[79.80564580104281,29.00223628511736],[79.79529736445187,29.00699867135232],[79.79628579400989,29.01364705236873],[79.8061092162955,29.01529907169892],[79.80022671642811,29.02457796782032],[79.77387684988528,29.02473646752502],[79.77143830290788,29.02752141329986],[79.77722471503945,29.02990042262884],[79.76398543155435,29.0373017784931],[79.74841044442016,29.03000449461997]]]}}]}