{"type":"FeatureCollection","features":[{"type":"Feature","properties":{"ac_name":"BEHAT","ac_no":1,"ac_category":"GEN","st_name":"UTTAR PRADESH"},"geometry":{"type":"Polygon","coordinates":[[[77.5872,30.3788],[77.5913,30.3723],[77.6042,30.368],[77.578,30.3297],[77.5862,30.3154],[77.5844,30.3095],[77.5379,30.2786],[77.53,30.2511],[77.5031,30.2233],[77.4805,30.1843],[77.4754,30.1792],[77.4718,30.1819],[77.459,30.1659],[77.4818,30.1512],[77.5665,30.1208],[77.5713,30.1155],[77.5628,30.1093],[77.5767,30.0993],[77.5756,30.0959],[77.606,30.0815],[77.6162,30.0979],[77.6355,30.0872],[77.6445,30.0975],[77.6565,30.102],[77.6728,30.0883],[77.6771,30.0812],[77.6709,30.0702],[77.6589,30.0691],[77.6579,30.054],[77.662,30.0464],[77.6698,30.0439],[77.6734,30.0298],[77.681,30.022],[77.6905,30.0206],[77.6879,30.0357],[77.696,30.0479],[77.7135,30.0322],[77.7238,30.0378],[77.729,30.0321],[77.7435,30.0408],[77.7591,30.0184],[77.7791,30.0176],[77.7852,30.0268],[77.7753,30.0369],[77.7697,30.0452],[77.7979,30.0947],[77.8054,30.0958],[77.8245,30.0843],[77.8368,30.0994],[77.8501,30.107],[77.8771,30.1498],[77.9077,30.181],[77.9149,30.2077],[77.9298,30.2195],[77.9427,30.2397],[77.937,30.2491],[77.8954,30.2654],[77.886,30.2675],[77.879,30.262],[77.8584,30.2718],[77.8474,30.2714],[77.8449,30.2767],[77.8391,30.2745],[77.7624,30.3177],[77.7217,30.3305],[77.7098,30.3418],[77.6896,30.3769],[77.6861,30.3795],[77.6787,30.3754],[77.6767,30.3876],[77.6602,30.3903],[77.6575,30.4004],[77.6477,30.4046],[77.6299,30.3978],[77.6231,30.4051],[77.6028,30.4029],[77.6022,30.3996],[77.59,30.4061],[77.5773,30.3977],[77.5883,30.3842],[77.5872,30.3788]]]}},{"type":"Feature","properties":{"ac_name":"NAKUR","ac_no":2,"ac_category":"GEN","st_name":"UTTAR PRADESH"},"geometry":{"type":"Polygon","coordinates":[[[77.459,30.1659],[77.4569,30.1624],[77.4407,30.165],[77.4364,30.1605],[77.4297,30.164],[77.4269,30.1594],[77.4198,30.1353],[77.4251,30.1311],[77.4139,30.1126],[77.4034,30.1106],[77.4105,30.1044],[77.4241,30.1028],[77.4068,30.0882],[77.3887,30.0867],[77.3828,30.0915],[77.3711,30.0852],[77.3627,30.0763],[77.3453,30.0689],[77.3343,30.0538],[77.3029,30.0554],[77.2849,30.0425],[77.2778,30.0419],[77.2823,30.0295],[77.2759,29.9967],[77.261,29.9821],[77.247,29.9766],[77.244,29.96],[77.226,29.9391],[77.2059,29.9227],[77.1981,29.9071],[77.1907,29.9022],[77.1978,29.8863],[77.1844,29.8501],[77.2075,29.85],[77.2015,29.8408],[77.2207,29.8313],[77.2307,29.8427],[77.245,29.8347],[77.2533,29.8499],[77.2804,29.8432],[77.2754,29.8589],[77.2804,29.863],[77.2951,29.8661],[77.2984,29.8536],[77.3078,29.8496],[77.3333,29.8672],[77.3388,29.856],[77.3545,29.8577],[77.3511,29.8624],[77.3558,29.8692],[77.3841,29.8604],[77.3872,29.8546],[77.4205,29.8486],[77.4418,29.8626],[77.4348,29.8698],[77.4388,29.881],[77.4446,29.8838],[77.4558,29.906],[77.4692,29.9161],[77.4709,29.9338],[77.4848,29.9394],[77.4885,29.9481],[77.4876,29.961],[77.4957,29.9741],[77.4892,29.9867],[77.4912,30.0087],[77.4966,30.0161],[77.5122,30.0178],[77.5179,30.0404],[77.5406,30.042],[77.5386,30.0601],[77.5442,30.0736],[77.557,30.0766],[77.558,30.0854],[77.5672,30.0833],[77.5756,30.0959],[77.5767,30.0993],[77.5628,30.1093],[77.5713,30.1155],[77.5665,30.1208],[77.4818,30.1512],[77.459,30.1659]]]}},{"type":"Feature","properties":{"ac_name":"SAHARANPUR","ac_no":4,"ac_category":"GEN","st_name":"UTTAR PRADESH"},"geometry":{"type":"Polygon","coordinates":[[[77.6728,30.0883],[77.6565,30.102],[77.6445,30.0975],[77.6355,30.0872],[77.6162,30.0979],[77.606,30.0815],[77.5756,30.0959],[77.5672,30.0833],[77.558,30.0854],[77.557,30.0766],[77.5442,30.0736],[77.5386,30.0601],[77.5406,30.042],[77.5179,30.0404],[77.5122,30.0178],[77.4966,30.0161],[77.4912,30.0087],[77.4892,29.9867],[77.4957,29.9741],[77.4876,29.961],[77.4885,29.9481],[77.5009,29.9415],[77.5091,29.9438],[77.5142,29.9379],[77.5123,29.9298],[77.5372,29.9352],[77.5547,29.9445],[77.5581,29.9659],[77.5196,29.9705],[77.5281,29.9814],[77.5263,29.9963],[77.5483,29.9918],[77.5507,30.0043],[77.5601,30.0109],[77.577,30.0093],[77.5886,29.9973],[77.6088,29.9946],[77.621,29.998],[77.6241,29.9775],[77.6339,29.9712],[77.6469,29.9708],[77.6415,29.9651],[77.652,29.9564],[77.6424,29.9497],[77.653,29.9373],[77.6501,29.9299],[77.6553,29.9228],[77.6515,29.9087],[77.6345,29.9062],[77.6349,29.8935],[77.6237,29.8755],[77.6389,29.8685],[77.6478,29.8732],[77.6617,29.8706],[77.6712,29.8818],[77.6789,29.8787],[77.6873,29.8786],[77.6957,29.8694],[77.7049,29.8731],[77.7183,29.8649],[77.714,29.8837],[77.7176,29.8872],[77.7238,29.8853],[77.738,29.9019],[77.7363,29.9068],[77.7483,29.9116],[77.7433,29.9252],[77.7315,29.9329],[77.7403,29.9421],[77.7438,29.9399],[77.7486,29.9464],[77.7455,29.9496],[77.7602,29.9647],[77.7439,29.9839],[77.7596,29.9953],[77.7545,30.0007],[77.7604,30.0088],[77.7791,30.0176],[77.7591,30.0184],[77.7435,30.0408],[77.729,30.0321],[77.7238,30.0378],[77.7135,30.0322],[77.696,30.0479],[77.6879,30.0357],[77.6905,30.0206],[77.681,30.022],[77.6734,30.0298],[77.6698,30.0439],[77.662,30.0464],[77.6579,30.054],[77.6589,30.0691],[77.6709,30.0702],[77.6771,30.0812],[77.6728,30.0883]]]}},{"type":"Feature","properties":{"ac_name":"SAHARANPUR NAGAR","ac_no":3,"ac_category":"GEN","st_name":"UTTAR PRADESH"},"geometry":{"type":"Polygon","coordinates":[[[77.5601,30.0109],[77.5507,30.0043],[77.5483,29.9918],[77.5263,29.9963],[77.5281,29.9814],[77.5196,29.9705],[77.5581,29.9659],[77.5547,29.9445],[77.5676,29.9374],[77.5774,29.9476],[77.5965,29.9457],[77.6039,29.9546],[77.6122,29.9485],[77.6206,29.956],[77.6132,29.9612],[77.6241,29.9775],[77.621,29.998],[77.6088,29.9946],[77.5886,29.9973],[77.577,30.0093],[77.5601,30.0109]]]}},{"type":"Feature","properties":{"ac_name":"RAMPUR MANIHARAN","ac_no":6,"ac_category":"SC","st_name":"UTTAR PRADESH"},"geometry":{"type":"Polygon","coordinates":[[[77.6339,29.9712],[77.6241,29.9775],[77.6132,29.9612],[77.6206,29.956],[77.6122,29.9485],[77.6039,29.9546],[77.5965,29.9457],[77.5774,29.9476],[77.5676,29.9374],[77.5547,29.9445],[77.5372,29.9352],[77.5123,29.9298],[77.5142,29.9379],[77.5091,29.9438],[77.5009,29.9415],[77.4885,29.9481],[77.4848,29.9394],[77.4709,29.9338],[77.4692,29.9161],[77.4558,29.906],[77.4446,29.8838],[77.4388,29.881],[77.4348,29.8698],[77.4418,29.8626],[77.4205,29.8486],[77.4249,29.8225],[77.4047,29.7897],[77.3865,29.7746],[77.3894,29.7637],[77.3855,29.7588],[77.403,29.7622],[77.3979,29.769],[77.4032,29.7761],[77.41,29.7742],[77.411,29.7664],[77.4296,29.7589],[77.4354,29.7611],[77.4376,29.7535],[77.4264,29.7471],[77.4271,29.7357],[77.4613,29.7254],[77.4617,29.7408],[77.471,29.752],[77.4901,29.7503],[77.501,29.7591],[77.5006,29.7544],[77.5108,29.7545],[77.508,29.7453],[77.5247,29.757],[77.5373,29.7563],[77.5419,29.7506],[77.5366,29.7366],[77.5494,29.7219],[77.5563,29.721],[77.5626,29.7424],[77.5691,29.7439],[77.573,29.7359],[77.5971,29.7231],[77.6039,29.7331],[77.6183,29.7255],[77.6307,29.735],[77.6486,29.7277],[77.6549,29.7453],[77.6669,29.7406],[77.6736,29.7511],[77.6991,29.745],[77.6996,29.7385],[77.7058,29.7356],[77.7143,29.7391],[77.7165,29.7488],[77.7024,29.7541],[77.7048,29.759],[77.6969,29.7665],[77.6926,29.784],[77.6709,29.7925],[77.6694,29.8009],[77.6839,29.819],[77.6732,29.8454],[77.6821,29.8521],[77.6617,29.8706],[77.6478,29.8732],[77.6389,29.8685],[77.6237,29.8755],[77.6349,29.8935],[77.6345,29.9062],[77.6515,29.9087],[77.6553,29.9228],[77.6501,29.9299],[77.653,29.9373],[77.6424,29.9497],[77.652,29.9564],[77.6415,29.9651],[77.6469,29.9708],[77.6339,29.9712]]]}},{"type":"Feature","properties":{"ac_name":"DEOBAND","ac_no":5,"ac_category":"GEN","st_name":"UTTAR PRADESH"},"geometry":{"type":"Polygon","coordinates":[[[77.6789,29.8787],[77.6712,29.8818],[77.6617,29.8706],[77.6821,29.8521],[77.6732,29.8454],[77.6839,29.819],[77.6694,29.8009],[77.6709,29.7925],[77.6926,29.784],[77.6969,29.7665],[77.7048,29.759],[77.7024,29.7541],[77.7165,29.7488],[77.7143,29.7391],[77.7058,29.7356],[77.6996,29.7385],[77.6991,29.745],[77.6736,29.7511],[77.6669,29.7406],[77.6549,29.7453],[77.6486,29.7277],[77.6307,29.735],[77.6183,29.7255],[77.6039,29.7331],[77.5971,29.7231],[77.573,29.7359],[77.5691,29.7439],[77.5626,29.7424],[77.5563,29.721],[77.5494,29.7219],[77.5489,29.7115],[77.5416,29.7034],[77.5502,29.7026],[77.5498,29.6921],[77.5429,29.6871],[77.5529,29.6754],[77.5461,29.6569],[77.5405,29.6571],[77.5387,29.6625],[77.5323,29.6557],[77.512,29.6613],[77.4941,29.6478],[77.4941,29.6348],[77.5058,29.6309],[77.5011,29.6283],[77.509,29.626],[77.514,29.6314],[77.5275,29.6233],[77.5338,29.6257],[77.5285,29.6291],[77.5313,29.6345],[77.5384,29.6374],[77.59,29.6228],[77.6007,29.6266],[77.6224,29.6153],[77.625,29.6055],[77.6494,29.5932],[77.6475,29.5765],[77.6557,29.5648],[77.6588,29.5683],[77.6748,29.5932],[77.6831,29.5933],[77.6833,29.603],[77.6937,29.6188],[77.716,29.6118],[77.7194,29.6206],[77.7248,29.6218],[77.7406,29.6092],[77.7792,29.6385],[77.7881,29.6343],[77.8202,29.6735],[77.7986,29.6859],[77.8099,29.7016],[77.7702,29.7162],[77.7822,29.7359],[77.7699,29.7449],[77.7806,29.7656],[77.773,29.7688],[77.7782,29.7747],[77.773,29.7794],[77.774,29.7913],[77.7547,29.8078],[77.758,29.8186],[77.7536,29.8269],[77.7416,29.8351],[77.7409,29.8517],[77.7231,29.8556],[77.7183,29.8649],[77.7049,29.8731],[77.6957,29.8694],[77.6873,29.8786],[77.6789,29.8787]]]}},{"type":"Feature","properties":{"ac_name":"GANGOH","ac_no":7,"ac_category":"GEN","st_name":"UTTAR PRADESH"},"geometry":{"type":"Polygon","coordinates":[[[77.4205,29.8486],[77.3872,29.8546],[77.3841,29.8604],[77.3558,29.8692],[77.3511,29.8624],[77.3545,29.8577],[77.3388,29.856],[77.3333,29.8672],[77.3078,29.8496],[77.2984,29.8536],[77.2951,29.8661],[77.2804,29.863],[77.2754,29.8589],[77.2804,29.8432],[77.2533,29.8499],[77.245,29.8347],[77.2307,29.8427],[77.2207,29.8313],[77.2015,29.8408],[77.2075,29.85],[77.1844,29.8501],[77.1782,29.8418],[77.1814,29.8248],[77.1669,29.8132],[77.1621,29.8008],[77.1638,29.787],[77.1554,29.7855],[77.1476,29.7763],[77.1273,29.7709],[77.1317,29.7574],[77.1227,29.7429],[77.1331,29.736],[77.1329,29.7263],[77.156,29.7048],[77.1506,29.6925],[77.1417,29.6923],[77.1501,29.6858],[77.1596,29.6897],[77.2014,29.6774],[77.2028,29.6844],[77.2205,29.6948],[77.2483,29.676],[77.2616,29.6777],[77.2869,29.6652],[77.2978,29.6756],[77.3103,29.6723],[77.3238,29.6584],[77.3406,29.6525],[77.3492,29.6438],[77.3576,29.6526],[77.3665,29.6468],[77.3695,29.6542],[77.3731,29.651],[77.3779,29.655],[77.4008,29.6467],[77.4115,29.6563],[77.4187,29.6528],[77.4259,29.6598],[77.4435,29.647],[77.4508,29.6702],[77.4616,29.6739],[77.4777,29.6575],[77.4819,29.6606],[77.4954,29.6567],[77.4941,29.6478],[77.512,29.6613],[77.5323,29.6557],[77.5387,29.6625],[77.5405,29.6571],[77.5461,29.6569],[77.5529,29.6754],[77.5429,29.6871],[77.5498,29.6921],[77.5502,29.7026],[77.5416,29.7034],[77.5489,29.7115],[77.5494,29.7219],[77.5366,29.7366],[77.5419,29.7506],[77.5373,29.7563],[77.5247,29.757],[77.508,29.7453],[77.5108,29.7545],[77.5006,29.7544],[77.501,29.7591],[77.4901,29.7503],[77.471,29.752],[77.4617,29.7408],[77.4613,29.7254],[77.4271,29.7357],[77.4264,29.7471],[77.4376,29.7535],[77.4354,29.7611],[77.4296,29.7589],[77.411,29.7664],[77.41,29.7742],[77.4032,29.7761],[77.3979,29.769],[77.403,29.7622],[77.3855,29.7588],[77.3894,29.7637],[77.3865,29.7746],[77.4047,29.7897],[77.4249,29.8225],[77.4205,29.8486]]]}},{"type":"Feature","properties":{"ac_name":"NAJIBABAD","ac_no":17,"ac_category":"GEN","st_name":"UTTAR PRADESH"},"geometry":{"type":"Polygon","coordinates":[[[78.3435,29.7915],[78.3424,29.79],[78.3141,29.7519],[78.2759,29.7211],[78.2424,29.6984],[78.2323,29.7119],[78.2046,29.7044],[78.1934,29.6843],[78.1796,29.6816],[78.1718,29.6856],[78.1539,29.6812],[78.1439,29.6734],[78.1447,29.6526],[78.1314,29.6447],[78.1125,29.6419],[78.1111,29.6253],[78.117,29.6218],[78.1217,29.6038],[78.1433,29.5959],[78.142,29.5881],[78.1566,29.5778],[78.1583,29.5511],[78.1747,29.5416],[78.1756,29.533],[78.1869,29.531],[78.1913,29.5348],[78.1883,29.5577],[78.1982,29.567],[78.207,29.5679],[78.1971,29.58],[78.2131,29.5945],[78.2232,29.5954],[78.2205,29.6094],[78.2247,29.6137],[78.2297,29.6172],[78.2432,29.6065],[78.2555,29.6192],[78.2809,29.6267],[78.2844,29.6196],[78.295,29.618],[78.2912,29.6062],[78.2945,29.5972],[78.3018,29.5939],[78.3,29.5863],[78.3039,29.5831],[78.3015,29.5719],[78.2875,29.5692],[78.2972,29.5345],[78.3175,29.5269],[78.3408,29.5395],[78.3564,29.5261],[78.3677,29.538],[78.3783,29.5393],[78.4112,29.5597],[78.434,29.5811],[78.4404,29.5964],[78.435,29.6104],[78.4427,29.6197],[78.4417,29.6285],[78.4513,29.6414],[78.4538,29.6565],[78.475,29.6854],[78.4894,29.7277],[78.496,29.7346],[78.4622,29.7425],[78.439,29.755],[78.4283,29.7646],[78.3971,29.7659],[78.3435,29.7915]]]}},{"type":"Feature","properties":{"ac_name":"BARHAPUR","ac_no":19,"ac_category":"GEN","st_name":"UTTAR PRADESH"},"geometry":{"type":"Polygon","coordinates":[[[78.496,29.7346],[78.4894,29.7277],[78.475,29.6854],[78.4538,29.6565],[78.4513,29.6414],[78.4417,29.6285],[78.4427,29.6197],[78.435,29.6104],[78.4404,29.5964],[78.434,29.5811],[78.4112,29.5597],[78.3783,29.5393],[78.3677,29.538],[78.3564,29.5261],[78.3648,29.5187],[78.3631,29.5026],[78.3688,29.4993],[78.3544,29.4826],[78.3531,29.4631],[78.3721,29.4672],[78.3859,29.4637],[78.3897,29.4702],[78.4008,29.465],[78.4027,29.4697],[78.4103,29.4686],[78.4058,29.4749],[78.4116,29.4816],[78.4154,29.477],[78.4336,29.4796],[78.4551,29.497],[78.46,29.5126],[78.4674,29.5154],[78.4623,29.5243],[78.5118,29.5284],[78.5333,29.5214],[78.5458,29.5095],[78.5539,29.5151],[78.5536,29.5057],[78.5475,29.4997],[78.5635,29.4866],[78.5551,29.4787],[78.5463,29.4832],[78.516,29.4573],[78.5396,29.4594],[78.5345,29.4548],[78.5405,29.455],[78.5429,29.4473],[78.5092,29.4239],[78.5102,29.4159],[78.5419,29.3999],[78.5697,29.396],[78.5726,29.3894],[78.5901,29.3809],[78.5975,29.3815],[78.6091,29.3692],[78.6198,29.3741],[78.6371,29.3691],[78.6379,29.3527],[78.6505,29.3418],[78.662,29.3217],[78.6564,29.3159],[78.6554,29.3026],[78.643,29.2859],[78.6602,29.2677],[78.673,29.2423],[78.6693,29.2344],[78.6734,29.2256],[78.6909,29.2257],[78.6962,29.2325],[78.6895,29.2399],[78.7046,29.2469],[78.7062,29.2536],[78.7198,29.2517],[78.731,29.2613],[78.7475,29.2617],[78.7531,29.2679],[78.763,29.2607],[78.7712,29.2645],[78.7723,29.2728],[78.7643,29.2799],[78.7347,29.299],[78.7248,29.2981],[78.7186,29.3031],[78.7189,29.3063],[78.7351,29.3029],[78.7339,29.3219],[78.7406,29.3207],[78.7407,29.316],[78.7496,29.3176],[78.7535,29.3314],[78.7664,29.3375],[78.7758,29.3252],[78.7928,29.33],[78.7953,29.325],[78.7896,29.3153],[78.7972,29.3112],[78.8,29.3185],[78.8092,29.3201],[78.7998,29.3344],[78.8105,29.3395],[78.825,29.3675],[78.831,29.3681],[78.8259,29.366],[78.8271,29.3547],[78.8406,29.3451],[78.8561,29.3499],[78.8514,29.3602],[78.8608,29.3583],[78.8728,29.3634],[78.8796,29.3682],[78.8771,29.3747],[78.8869,29.3731],[78.892,29.3811],[78.9007,29.3843],[78.9186,29.404],[78.9257,29.4257],[78.9428,29.4349],[78.942,29.4389],[78.921,29.4342],[78.8098,29.4662],[78.7996,29.4646],[78.7483,29.5002],[78.7051,29.5013],[78.6528,29.544],[78.6384,29.547],[78.613,29.5616],[78.5811,29.5852],[78.54,29.627],[78.5214,29.6585],[78.5226,29.6935],[78.5164,29.7211],[78.496,29.7346]]]}},{"type":"Feature","properties":{"ac_name":"PURQAZI","ac_no":13,"ac_category":"SC","st_name":"UTTAR PRADESH"},"geometry":{"type":"Polygon","coordinates":[[[77.9481,29.7107],[77.9264,29.7142],[77.9173,29.7065],[77.9201,29.6991],[77.9131,29.6961],[77.9011,29.7016],[77.8907,29.6988],[77.8823,29.7023],[77.8749,29.6874],[77.8632,29.6892],[77.8387,29.6698],[77.8298,29.6675],[77.8202,29.6735],[77.7881,29.6343],[77.7792,29.6385],[77.7406,29.6092],[77.7248,29.6218],[77.7194,29.6206],[77.716,29.6118],[77.6937,29.6188],[77.6833,29.603],[77.6831,29.5933],[77.6748,29.5932],[77.6588,29.5683],[77.6601,29.5582],[77.6481,29.5548],[77.6462,29.544],[77.6712,29.5276],[77.6662,29.5238],[77.6551,29.5299],[77.6485,29.5255],[77.6281,29.5378],[77.6252,29.5336],[77.6312,29.5269],[77.6312,29.5071],[77.6214,29.5034],[77.6132,29.4858],[77.6222,29.4799],[77.6081,29.4692],[77.6119,29.4581],[77.5931,29.4623],[77.6012,29.4473],[77.5954,29.4438],[77.6212,29.4338],[77.6212,29.4264],[77.6292,29.4206],[77.647,29.4167],[77.6519,29.4292],[77.6494,29.4392],[77.6569,29.4538],[77.6709,29.4594],[77.6769,29.4743],[77.6948,29.4841],[77.6973,29.4954],[77.7141,29.486],[77.7244,29.4962],[77.729,29.4956],[77.7402,29.4865],[77.7523,29.4974],[77.7743,29.4815],[77.7829,29.4853],[77.7981,29.483],[77.8088,29.4915],[77.8095,29.501],[77.7972,29.5264],[77.8122,29.519],[77.8351,29.5349],[77.8737,29.512],[77.914,29.5431],[77.9451,29.5584],[77.9616,29.5475],[77.974,29.5164],[77.98,29.5155],[77.9847,29.5346],[77.9741,29.5782],[77.9639,29.5791],[77.958,29.5848],[77.964,29.5968],[77.9626,29.6105],[77.9732,29.6044],[77.9876,29.6084],[77.984,29.6264],[77.9878,29.6365],[77.9762,29.6499],[77.983,29.6701],[77.9731,29.6647],[77.9626,29.6801],[77.9563,29.6817],[77.9572,29.6899],[77.952,29.6945],[77.9629,29.6998],[77.9481,29.7107]]]}},{"type":"Feature","properties":{"ac_name":"KAIRANA","ac_no":8,"ac_category":"GEN","st_name":"UTTAR PRADESH"},"geometry":{"type":"Polygon","coordinates":[[[77.2616,29.6777],[77.2483,29.676],[77.2205,29.6948],[77.2028,29.6844],[77.2014,29.6774],[77.1596,29.6897],[77.1501,29.6858],[77.1417,29.6923],[77.129,29.6787],[77.1357,29.6661],[77.1419,29.6588],[77.1407,29.6528],[77.1222,29.6433],[77.1177,29.6295],[77.109,29.6234],[77.113,29.6147],[77.0954,29.594],[77.0959,29.5828],[77.1086,29.5791],[77.1206,29.5468],[77.1115,29.5397],[77.1011,29.5399],[77.0928,29.5265],[77.1028,29.506],[77.1224,29.4986],[77.1311,29.4862],[77.1337,29.4796],[77.1229,29.4696],[77.1228,29.4595],[77.1353,29.4471],[77.1453,29.4448],[77.149,29.4347],[77.1333,29.4185],[77.1337,29.4014],[77.1479,29.3885],[77.1533,29.3913],[77.158,29.3866],[77.1425,29.3768],[77.1279,29.3743],[77.1241,29.3676],[77.1295,29.3563],[77.1256,29.3512],[77.1319,29.3409],[77.1519,29.341],[77.1605,29.3362],[77.1566,29.3192],[77.1608,29.3121],[77.1524,29.2975],[77.1831,29.29],[77.1849,29.2801],[77.19,29.2788],[77.2115,29.3236],[77.2231,29.3192],[77.2317,29.3262],[77.2482,29.3186],[77.2533,29.3323],[77.2513,29.3432],[77.2346,29.3365],[77.2314,29.3396],[77.2351,29.3513],[77.245,29.3546],[77.24,29.3674],[77.2593,29.3709],[77.26,29.3814],[77.2671,29.3826],[77.2808,29.399],[77.2709,29.4012],[77.2639,29.4115],[77.2749,29.431],[77.2561,29.4351],[77.2431,29.447],[77.2499,29.4594],[77.2385,29.4864],[77.2563,29.5072],[77.2562,29.5144],[77.2458,29.5235],[77.2496,29.5291],[77.2455,29.541],[77.2527,29.5545],[77.2613,29.5574],[77.2681,29.5528],[77.2751,29.5613],[77.2677,29.5716],[77.2731,29.5795],[77.2571,29.5991],[77.2629,29.6075],[77.2773,29.6038],[77.2912,29.6143],[77.2973,29.6243],[77.2862,29.6302],[77.2938,29.6358],[77.2928,29.6499],[77.3182,29.651],[77.3238,29.6584],[77.3103,29.6723],[77.2978,29.6756],[77.2869,29.6652],[77.2616,29.6777]]]}},{"type":"Feature","properties":{"ac_name":"THANA BHAWAN","ac_no":9,"ac_category":"GEN","st_name":"UTTAR PRADESH"},"geometry":{"type":"Polygon","coordinates":[[[77.4941,29.6478],[77.4954,29.6567],[77.4819,29.6606],[77.4777,29.6575],[77.4616,29.6739],[77.4508,29.6702],[77.4435,29.647],[77.4259,29.6598],[77.4187,29.6528],[77.4115,29.6563],[77.4008,29.6467],[77.3779,29.655],[77.3731,29.651],[77.3695,29.6542],[77.3665,29.6468],[77.3576,29.6526],[77.3492,29.6438],[77.3406,29.6525],[77.3238,29.6584],[77.3182,29.651],[77.2928,29.6499],[77.2938,29.6358],[77.2862,29.6302],[77.2973,29.6243],[77.2912,29.6143],[77.2773,29.6038],[77.2629,29.6075],[77.2571,29.5991],[77.2731,29.5795],[77.2677,29.5716],[77.2751,29.5613],[77.2681,29.5528],[77.2613,29.5574],[77.2527,29.5545],[77.2455,29.541],[77.2496,29.5291],[77.2458,29.5235],[77.2562,29.5144],[77.2563,29.5072],[77.2385,29.4864],[77.2499,29.4594],[77.2614,29.4578],[77.2783,29.4697],[77.2919,29.4642],[77.3163,29.4729],[77.3286,29.4694],[77.3392,29.4835],[77.3447,29.4818],[77.3497,29.4879],[77.3567,29.485],[77.3745,29.4916],[77.3807,29.4897],[77.3776,29.4859],[77.3706,29.4749],[77.3828,29.4664],[77.3752,29.4528],[77.3789,29.4471],[77.4028,29.4356],[77.4223,29.4462],[77.4228,29.4394],[77.4369,29.4308],[77.4494,29.4388],[77.4568,29.4472],[77.4361,29.4615],[77.4371,29.4736],[77.4488,29.4976],[77.4613,29.5027],[77.4619,29.5099],[77.4476,29.5181],[77.4535,29.533],[77.4705,29.5359],[77.477,29.5437],[77.4765,29.5593],[77.4941,29.5641],[77.4827,29.5806],[77.4953,29.5889],[77.4986,29.6],[77.5051,29.6002],[77.4927,29.6091],[77.4907,29.6196],[77.482,29.6208],[77.4941,29.6348],[77.4941,29.6478]]]}},{"type":"Feature","properties":{"ac_name":"CHARTHAWAL","ac_no":12,"ac_category":"GEN","st_name":"UTTAR PRADESH"},"geometry":{"type":"Polygon","coordinates":[[[77.5058,29.6309],[77.4941,29.6348],[77.482,29.6208],[77.4907,29.6196],[77.4927,29.6091],[77.5051,29.6002],[77.4986,29.6],[77.4953,29.5889],[77.4827,29.5806],[77.4941,29.5641],[77.4765,29.5593],[77.477,29.5437],[77.4705,29.5359],[77.4535,29.533],[77.4476,29.5181],[77.4619,29.5099],[77.4613,29.5027],[77.4488,29.4976],[77.4371,29.4736],[77.4361,29.4615],[77.4568,29.4472],[77.4494,29.4388],[77.5049,29.4217],[77.5155,29.399],[77.5488,29.3977],[77.5621,29.3858],[77.5726,29.3876],[77.5953,29.3788],[77.5956,29.3718],[77.6091,29.3657],[77.615,29.3652],[77.6293,29.3809],[77.666,29.3768],[77.6928,29.3832],[77.7109,29.3695],[77.7274,29.3912],[77.7368,29.3911],[77.7518,29.3875],[77.7599,29.3657],[77.771,29.368],[77.7809,29.3726],[77.774,29.3825],[77.776,29.3953],[77.7808,29.4024],[77.7901,29.4005],[77.798,29.4097],[77.7904,29.4205],[77.8048,29.4363],[77.787,29.4495],[77.7833,29.4453],[77.7682,29.455],[77.7587,29.4418],[77.7677,29.4335],[77.7673,29.4281],[77.7318,29.447],[77.7247,29.4456],[77.7294,29.4343],[77.7191,29.4262],[77.7097,29.4379],[77.6691,29.4417],[77.6709,29.4594],[77.6569,29.4538],[77.6494,29.4392],[77.6519,29.4292],[77.647,29.4167],[77.6292,29.4206],[77.6212,29.4264],[77.6212,29.4338],[77.5954,29.4438],[77.6012,29.4473],[77.5931,29.4623],[77.6119,29.4581],[77.6081,29.4692],[77.6222,29.4799],[77.6132,29.4858],[77.6214,29.5034],[77.6312,29.5071],[77.6312,29.5269],[77.6252,29.5336],[77.6281,29.5378],[77.6485,29.5255],[77.6551,29.5299],[77.6662,29.5238],[77.6712,29.5276],[77.6462,29.544],[77.6481,29.5548],[77.6601,29.5582],[77.6588,29.5683],[77.6557,29.5648],[77.6475,29.5765],[77.6494,29.5932],[77.625,29.6055],[77.6224,29.6153],[77.6007,29.6266],[77.59,29.6228],[77.5384,29.6374],[77.5313,29.6345],[77.5285,29.6291],[77.5338,29.6257],[77.5275,29.6233],[77.514,29.6314],[77.509,29.626],[77.5011,29.6283],[77.5058,29.6309]]]}},{"type":"Feature","properties":{"ac_name":"BIJNOR","ac_no":22,"ac_category":"GEN","st_name":"UTTAR PRADESH"},"geometry":{"type":"Polygon","coordinates":[[[78.1433,29.5959],[78.1217,29.6038],[78.117,29.6218],[78.1111,29.6253],[78.1125,29.6419],[78.1094,29.6447],[78.0975,29.6386],[78.0814,29.6064],[78.0599,29.6077],[78.0421,29.5967],[78.038,29.5815],[78.0468,29.5718],[78.0431,29.5645],[78.0461,29.5465],[78.0197,29.5407],[78.0045,29.5457],[77.9983,29.5413],[77.993,29.5286],[77.9971,29.499],[77.9935,29.4974],[77.9942,29.4857],[78.0042,29.4703],[78.0208,29.4656],[78.0217,29.4595],[78.0162,29.4562],[78.0243,29.4472],[78.0214,29.4295],[78.0357,29.4103],[78.0447,29.4101],[78.0467,29.404],[78.0267,29.3862],[78.0303,29.3732],[78.0467,29.3555],[78.0629,29.3536],[78.0661,29.3343],[78.088,29.3196],[78.0982,29.2832],[78.1087,29.2747],[78.114,29.2559],[78.1155,29.2448],[78.1317,29.2404],[78.1444,29.2244],[78.151,29.2231],[78.1676,29.2387],[78.1663,29.2508],[78.1781,29.2552],[78.1939,29.2395],[78.2163,29.2368],[78.2342,29.2512],[78.2541,29.2438],[78.2652,29.2336],[78.269,29.239],[78.2645,29.2458],[78.271,29.2449],[78.2727,29.2519],[78.2817,29.2553],[78.2755,29.2901],[78.2824,29.301],[78.2764,29.3055],[78.2771,29.3119],[78.2517,29.3294],[78.243,29.3258],[78.2538,29.3443],[78.2529,29.3493],[78.2407,29.3537],[78.2539,29.3647],[78.2483,29.3786],[78.2537,29.3869],[78.2639,29.3868],[78.2668,29.3912],[78.2719,29.3888],[78.2717,29.3985],[78.2856,29.399],[78.2905,29.4037],[78.289,29.4241],[78.2781,29.4313],[78.2719,29.4333],[78.2641,29.4258],[78.2558,29.4351],[78.2373,29.4395],[78.232,29.4371],[78.1999,29.4518],[78.2053,29.459],[78.1955,29.4671],[78.1977,29.4736],[78.1853,29.4783],[78.1894,29.4865],[78.1637,29.4996],[78.165,29.5053],[78.1606,29.5053],[78.1612,29.5092],[78.169,29.511],[78.1647,29.5188],[78.1761,29.523],[78.1756,29.533],[78.1747,29.5416],[78.1583,29.5511],[78.1566,29.5778],[78.142,29.5881],[78.1433,29.5959]]]}},{"type":"Feature","properties":{"ac_name":"NAGINA","ac_no":18,"ac_category":"SC","st_name":"UTTAR PRADESH"},"geometry":{"type":"Polygon","coordinates":[[[78.3564,29.5261],[78.3408,29.5395],[78.3175,29.5269],[78.2972,29.5345],[78.2875,29.5692],[78.3015,29.5719],[78.3039,29.5831],[78.3,29.5863],[78.3018,29.5939],[78.2945,29.5972],[78.2912,29.6062],[78.295,29.618],[78.2844,29.6196],[78.2809,29.6267],[78.2555,29.6192],[78.2432,29.6065],[78.2297,29.6172],[78.2247,29.6137],[78.2205,29.6094],[78.2232,29.5954],[78.2131,29.5945],[78.1971,29.58],[78.207,29.5679],[78.1982,29.567],[78.1883,29.5577],[78.1913,29.5348],[78.1869,29.531],[78.1756,29.533],[78.1761,29.523],[78.1647,29.5188],[78.169,29.511],[78.1612,29.5092],[78.1606,29.5053],[78.165,29.5053],[78.1637,29.4996],[78.1894,29.4865],[78.1853,29.4783],[78.1977,29.4736],[78.1955,29.4671],[78.2053,29.459],[78.1999,29.4518],[78.232,29.4371],[78.2373,29.4395],[78.2558,29.4351],[78.2641,29.4258],[78.2719,29.4333],[78.2781,29.4313],[78.289,29.4241],[78.2905,29.4037],[78.3022,29.3907],[78.3191,29.4109],[78.3334,29.4052],[78.3404,29.4071],[78.3529,29.3993],[78.3762,29.3964],[78.3922,29.3876],[78.3944,29.3727],[78.4234,29.3566],[78.4301,29.3607],[78.4298,29.3742],[78.4353,29.3804],[78.4627,29.3812],[78.4873,29.3928],[78.5102,29.4159],[78.5092,29.4239],[78.5429,29.4473],[78.5405,29.455],[78.5345,29.4548],[78.5396,29.4594],[78.516,29.4573],[78.5463,29.4832],[78.5551,29.4787],[78.5635,29.4866],[78.5475,29.4997],[78.5536,29.5057],[78.5539,29.5151],[78.5458,29.5095],[78.5333,29.5214],[78.5118,29.5284],[78.4623,29.5243],[78.4674,29.5154],[78.46,29.5126],[78.4551,29.497],[78.4336,29.4796],[78.4154,29.477],[78.4116,29.4816],[78.4058,29.4749],[78.4103,29.4686],[78.4027,29.4697],[78.4008,29.465],[78.3897,29.4702],[78.3859,29.4637],[78.3721,29.4672],[78.3531,29.4631],[78.3544,29.4826],[78.3688,29.4993],[78.3631,29.5026],[78.3648,29.5187],[78.3564,29.5261]]]}},{"type":"Feature","properties":{"ac_name":"MEERAPUR","ac_no":16,"ac_category":"GEN","st_name":"UTTAR PRADESH"},"geometry":{"type":"Polygon","coordinates":[[[77.9953,29.5789],[77.993,29.5834],[77.9878,29.5777],[77.9741,29.5782],[77.9847,29.5346],[77.98,29.5155],[77.974,29.5164],[77.9616,29.5475],[77.9451,29.5584],[77.914,29.5431],[77.8737,29.512],[77.8351,29.5349],[77.8122,29.519],[77.7972,29.5264],[77.8095,29.501],[77.8088,29.4915],[77.8105,29.4859],[77.8313,29.4731],[77.8238,29.4622],[77.8375,29.4494],[77.8337,29.4453],[77.8403,29.4395],[77.8385,29.434],[77.8212,29.4264],[77.821,29.4196],[77.856,29.3825],[77.8473,29.3688],[77.8583,29.3633],[77.8635,29.3522],[77.8699,29.3617],[77.8811,29.3596],[77.9046,29.3722],[77.9299,29.3609],[77.9239,29.3471],[77.9329,29.3449],[77.9339,29.3394],[77.9277,29.34],[77.9075,29.322],[77.9068,29.2986],[77.9159,29.2946],[77.9379,29.3089],[77.9525,29.2939],[77.9463,29.2627],[77.9244,29.2753],[77.9173,29.2695],[77.9211,29.2665],[77.9159,29.2498],[77.9293,29.2433],[77.9191,29.2356],[77.9257,29.2303],[77.9382,29.2373],[77.9554,29.2332],[77.9697,29.2439],[77.9833,29.2377],[77.9905,29.2563],[77.999,29.2527],[78.0221,29.2588],[78.0871,29.2465],[78.0923,29.2519],[78.114,29.2559],[78.1087,29.2747],[78.0982,29.2832],[78.088,29.3196],[78.0661,29.3343],[78.0629,29.3536],[78.0467,29.3555],[78.0303,29.3732],[78.0267,29.3862],[78.0467,29.404],[78.0447,29.4101],[78.0357,29.4103],[78.0214,29.4295],[78.0243,29.4472],[78.0162,29.4562],[78.0217,29.4595],[78.0208,29.4656],[78.0042,29.4703],[77.9942,29.4857],[77.9935,29.4974],[77.9971,29.499],[77.993,29.5286],[77.9983,29.5413],[77.9896,29.5585],[77.9906,29.5682],[77.9985,29.5778],[77.9953,29.5789]]]}},{"type":"Feature","properties":{"ac_name":"SHAMLI","ac_no":10,"ac_category":"GEN","st_name":"UTTAR PRADESH"},"geometry":{"type":"Polygon","coordinates":[[[77.3776,29.4859],[77.3807,29.4897],[77.3745,29.4916],[77.3567,29.485],[77.3497,29.4879],[77.3447,29.4818],[77.3392,29.4835],[77.3286,29.4694],[77.3163,29.4729],[77.2919,29.4642],[77.2783,29.4697],[77.2614,29.4578],[77.2499,29.4594],[77.2431,29.447],[77.2561,29.4351],[77.2749,29.431],[77.2639,29.4115],[77.2709,29.4012],[77.2808,29.399],[77.2671,29.3826],[77.26,29.3814],[77.2593,29.3709],[77.24,29.3674],[77.245,29.3546],[77.2351,29.3513],[77.2314,29.3396],[77.2346,29.3365],[77.2513,29.3432],[77.2533,29.3323],[77.2482,29.3186],[77.2317,29.3262],[77.2231,29.3192],[77.2115,29.3236],[77.19,29.2788],[77.2033,29.275],[77.2366,29.2825],[77.2504,29.2805],[77.2515,29.2704],[77.2674,29.265],[77.2778,29.2685],[77.2949,29.2571],[77.3046,29.2636],[77.3214,29.2569],[77.3171,29.2505],[77.3225,29.2522],[77.3237,29.2851],[77.3319,29.2845],[77.3608,29.3064],[77.3947,29.3184],[77.399,29.3274],[77.3896,29.3412],[77.3951,29.3464],[77.4065,29.3488],[77.4163,29.3411],[77.4179,29.3312],[77.4414,29.3306],[77.4228,29.344],[77.438,29.3598],[77.422,29.3919],[77.4301,29.4242],[77.4369,29.4308],[77.4228,29.4394],[77.4223,29.4462],[77.4028,29.4356],[77.3789,29.4471],[77.3752,29.4528],[77.3828,29.4664],[77.3706,29.4749],[77.3776,29.4859]]]}},{"type":"Feature","properties":{"ac_name":"MUZAFFAR NAGAR","ac_no":14,"ac_category":"GEN","st_name":"UTTAR PRADESH"},"geometry":{"type":"Polygon","coordinates":[[[77.8088,29.4915],[77.7981,29.483],[77.7829,29.4853],[77.7743,29.4815],[77.7523,29.4974],[77.7402,29.4865],[77.729,29.4956],[77.7244,29.4962],[77.7141,29.486],[77.6973,29.4954],[77.6948,29.4841],[77.6769,29.4743],[77.6709,29.4594],[77.6691,29.4417],[77.7097,29.4379],[77.7191,29.4262],[77.7294,29.4343],[77.7247,29.4456],[77.7318,29.447],[77.7673,29.4281],[77.7677,29.4335],[77.7587,29.4418],[77.7682,29.455],[77.7833,29.4453],[77.787,29.4495],[77.8048,29.4363],[77.8212,29.4264],[77.8385,29.434],[77.8403,29.4395],[77.8337,29.4453],[77.8375,29.4494],[77.8238,29.4622],[77.8313,29.4731],[77.8105,29.4859],[77.8088,29.4915]]]}},{"type":"Feature","properties":{"ac_name":"BUDHANA","ac_no":11,"ac_category":"GEN","st_name":"UTTAR PRADESH"},"geometry":{"type":"Polygon","coordinates":[[[77.4494,29.4388],[77.4369,29.4308],[77.4301,29.4242],[77.422,29.3919],[77.438,29.3598],[77.4228,29.344],[77.4414,29.3306],[77.4179,29.3312],[77.4163,29.3411],[77.4065,29.3488],[77.3951,29.3464],[77.3896,29.3412],[77.399,29.3274],[77.3947,29.3184],[77.3608,29.3064],[77.3319,29.2845],[77.3237,29.2851],[77.3225,29.2522],[77.3514,29.2414],[77.374,29.2384],[77.3841,29.2498],[77.4044,29.2483],[77.4434,29.2263],[77.4551,29.2304],[77.4553,29.2253],[77.4804,29.1993],[77.4884,29.2019],[77.5045,29.1915],[77.513,29.2056],[77.5276,29.2073],[77.527,29.2131],[77.536,29.2163],[77.5437,29.2272],[77.5505,29.2245],[77.5584,29.2316],[77.5649,29.2349],[77.5637,29.2441],[77.5722,29.2533],[77.5821,29.2574],[77.5856,29.2662],[77.5904,29.2634],[77.6036,29.2816],[77.6126,29.2834],[77.6141,29.2926],[77.6447,29.2821],[77.6542,29.3094],[77.6656,29.3034],[77.672,29.3067],[77.6761,29.3213],[77.6722,29.3261],[77.6765,29.3286],[77.6815,29.359],[77.666,29.3768],[77.6293,29.3809],[77.615,29.3652],[77.6091,29.3657],[77.5956,29.3718],[77.5953,29.3788],[77.5726,29.3876],[77.5621,29.3858],[77.5488,29.3977],[77.5155,29.399],[77.5049,29.4217],[77.4494,29.4388]]]}},{"type":"Feature","properties":{"ac_name":"KHATAULI","ac_no":15,"ac_category":"GEN","st_name":"UTTAR PRADESH"},"geometry":{"type":"Polygon","coordinates":[[[77.8212,29.4264],[77.8048,29.4363],[77.7904,29.4205],[77.798,29.4097],[77.7901,29.4005],[77.7808,29.4024],[77.776,29.3953],[77.774,29.3825],[77.7809,29.3726],[77.771,29.368],[77.7599,29.3657],[77.7518,29.3875],[77.7368,29.3911],[77.7274,29.3912],[77.7109,29.3695],[77.6928,29.3832],[77.666,29.3768],[77.6815,29.359],[77.6765,29.3286],[77.6722,29.3261],[77.6761,29.3213],[77.672,29.3067],[77.6656,29.3034],[77.6542,29.3094],[77.6447,29.2821],[77.6141,29.2926],[77.6126,29.2834],[77.6036,29.2816],[77.5904,29.2634],[77.5982,29.2565],[77.61,29.2566],[77.6202,29.2501],[77.6241,29.2301],[77.6291,29.2265],[77.6444,29.2261],[77.6521,29.2484],[77.6594,29.2559],[77.6674,29.2552],[77.6871,29.2375],[77.6877,29.2287],[77.7021,29.2239],[77.7112,29.2269],[77.7284,29.2183],[77.7418,29.221],[77.773,29.2029],[77.7773,29.1999],[77.7723,29.188],[77.7768,29.1852],[77.7825,29.1885],[77.7958,29.185],[77.8058,29.2029],[77.8139,29.1985],[77.8189,29.2019],[77.8375,29.1996],[77.8449,29.2026],[77.8596,29.2283],[77.8937,29.2098],[77.9023,29.219],[77.9197,29.2154],[77.9257,29.2303],[77.9191,29.2356],[77.9293,29.2433],[77.9159,29.2498],[77.9211,29.2665],[77.9173,29.2695],[77.9244,29.2753],[77.9463,29.2627],[77.9525,29.2939],[77.9379,29.3089],[77.9159,29.2946],[77.9068,29.2986],[77.9075,29.322],[77.9277,29.34],[77.9339,29.3394],[77.9329,29.3449],[77.9239,29.3471],[77.9299,29.3609],[77.9046,29.3722],[77.8811,29.3596],[77.8699,29.3617],[77.8635,29.3522],[77.8583,29.3633],[77.8473,29.3688],[77.856,29.3825],[77.821,29.4196],[77.8212,29.4264]]]}},{"type":"Feature","properties":{"ac_name":"DHAMPUR","ac_no":20,"ac_category":"GEN","st_name":"UTTAR PRADESH"},"geometry":{"type":"Polygon","coordinates":[[[78.5419,29.3999],[78.5102,29.4159],[78.4873,29.3928],[78.4708,29.3732],[78.4778,29.3676],[78.4583,29.3596],[78.4723,29.3515],[78.4695,29.3435],[78.4624,29.3426],[78.481,29.3259],[78.4765,29.3189],[78.4886,29.3121],[78.4871,29.3062],[78.4962,29.298],[78.4922,29.2852],[78.5,29.2876],[78.4994,29.2811],[78.5165,29.2674],[78.5218,29.2521],[78.5091,29.247],[78.5043,29.2382],[78.5162,29.2288],[78.5202,29.2343],[78.525,29.2296],[78.5345,29.2302],[78.5381,29.237],[78.5438,29.2334],[78.5529,29.2358],[78.5648,29.2301],[78.5712,29.2076],[78.5773,29.2027],[78.5854,29.2062],[78.5907,29.2036],[78.5934,29.198],[78.5886,29.1921],[78.5987,29.175],[78.6202,29.1792],[78.6264,29.1861],[78.6327,29.1772],[78.6573,29.1932],[78.6717,29.1917],[78.6827,29.2043],[78.6753,29.2122],[78.6909,29.2257],[78.6734,29.2256],[78.6693,29.2344],[78.673,29.2423],[78.6602,29.2677],[78.643,29.2859],[78.6554,29.3026],[78.6564,29.3159],[78.662,29.3217],[78.6505,29.3418],[78.6379,29.3527],[78.6371,29.3691],[78.6198,29.3741],[78.6091,29.3692],[78.5975,29.3815],[78.5901,29.3809],[78.5726,29.3894],[78.5697,29.396],[78.5419,29.3999]]]}},{"type":"Feature","properties":{"ac_name":"NEHTAUR","ac_no":21,"ac_category":"SC","st_name":"UTTAR PRADESH"},"geometry":{"type":"Polygon","coordinates":[[[78.3191,29.4109],[78.3022,29.3907],[78.2905,29.4037],[78.2856,29.399],[78.2717,29.3985],[78.2719,29.3888],[78.2668,29.3912],[78.2639,29.3868],[78.2537,29.3869],[78.2483,29.3786],[78.2539,29.3647],[78.2407,29.3537],[78.2529,29.3493],[78.2538,29.3443],[78.243,29.3258],[78.2517,29.3294],[78.2771,29.3119],[78.2764,29.3055],[78.2824,29.301],[78.2755,29.2901],[78.2817,29.2553],[78.2727,29.2519],[78.271,29.2449],[78.2645,29.2458],[78.269,29.239],[78.2652,29.2336],[78.273,29.2296],[78.2931,29.2423],[78.3045,29.2424],[78.341,29.2705],[78.3511,29.2641],[78.3559,29.2443],[78.3684,29.2165],[78.3911,29.2112],[78.4105,29.2173],[78.414,29.2267],[78.4234,29.2306],[78.4578,29.2231],[78.4737,29.2275],[78.4836,29.2245],[78.4801,29.2146],[78.4916,29.2138],[78.4985,29.2179],[78.5031,29.2292],[78.5144,29.2255],[78.5162,29.2288],[78.5043,29.2382],[78.5091,29.247],[78.5218,29.2521],[78.5165,29.2674],[78.4994,29.2811],[78.5,29.2876],[78.4922,29.2852],[78.4962,29.298],[78.4871,29.3062],[78.4886,29.3121],[78.4765,29.3189],[78.481,29.3259],[78.4624,29.3426],[78.4695,29.3435],[78.4723,29.3515],[78.4583,29.3596],[78.4778,29.3676],[78.4708,29.3732],[78.4873,29.3928],[78.4627,29.3812],[78.4353,29.3804],[78.4298,29.3742],[78.4301,29.3607],[78.4234,29.3566],[78.3944,29.3727],[78.3922,29.3876],[78.3762,29.3964],[78.3529,29.3993],[78.3404,29.4071],[78.3334,29.4052],[78.3191,29.4109]]]}},{"type":"Feature","properties":{"ac_name":"CHHAPRAULI","ac_no":50,"ac_category":"GEN","st_name":"UTTAR PRADESH"},"geometry":{"type":"Polygon","coordinates":[[[77.1524,29.2975],[77.1394,29.268],[77.1497,29.2516],[77.1501,29.233],[77.1335,29.2235],[77.1315,29.2175],[77.1423,29.2035],[77.1402,29.1921],[77.1472,29.1805],[77.1434,29.1672],[77.1427,29.1562],[77.1361,29.1478],[77.1625,29.1536],[77.1778,29.1494],[77.182,29.1398],[77.1904,29.1355],[77.204,29.1405],[77.2305,29.1399],[77.2471,29.1559],[77.248,29.1707],[77.2547,29.1805],[77.2728,29.1618],[77.2849,29.1586],[77.3035,29.1505],[77.3097,29.1359],[77.3326,29.1333],[77.343,29.125],[77.3404,29.1119],[77.3483,29.1065],[77.351,29.0962],[77.3448,29.0796],[77.3517,29.0747],[77.358,29.0764],[77.3549,29.0707],[77.3605,29.0685],[77.3618,29.059],[77.3571,29.0468],[77.3697,29.034],[77.3682,29.0173],[77.3738,29.0105],[77.3935,29.0092],[77.4047,29.0237],[77.4179,29.0123],[77.4245,29.0079],[77.4336,29.0143],[77.4484,29.0088],[77.4567,29.0126],[77.4534,29.0203],[77.461,29.0276],[77.4444,29.0312],[77.4547,29.0552],[77.4479,29.0682],[77.4569,29.071],[77.434,29.0767],[77.431,29.0861],[77.4462,29.1105],[77.4457,29.1211],[77.461,29.1262],[77.4602,29.1365],[77.4721,29.1373],[77.4789,29.1435],[77.4724,29.178],[77.4758,29.1831],[77.4979,29.1794],[77.5045,29.1915],[77.4884,29.2019],[77.4804,29.1993],[77.4553,29.2253],[77.4551,29.2304],[77.4434,29.2263],[77.4044,29.2483],[77.3841,29.2498],[77.374,29.2384],[77.3514,29.2414],[77.3225,29.2522],[77.3171,29.2505],[77.3214,29.2569],[77.3046,29.2636],[77.2949,29.2571],[77.2778,29.2685],[77.2674,29.265],[77.2515,29.2704],[77.2504,29.2805],[77.2366,29.2825],[77.2033,29.275],[77.19,29.2788],[77.1849,29.2801],[77.1831,29.29],[77.1524,29.2975]]]}},{"type":"Feature","properties":{"ac_name":"SARDHANA","ac_no":44,"ac_category":"GEN","st_name":"UTTAR PRADESH"},"geometry":{"type":"Polygon","coordinates":[[[77.5904,29.2634],[77.5856,29.2662],[77.5821,29.2574],[77.5722,29.2533],[77.5637,29.2441],[77.5649,29.2349],[77.5584,29.2316],[77.5648,29.2112],[77.5868,29.1961],[77.5959,29.1818],[77.5912,29.1825],[77.5809,29.1731],[77.5742,29.1744],[77.5686,29.1548],[77.5748,29.1535],[77.5725,29.1363],[77.586,29.1298],[77.5856,29.1215],[77.5933,29.1123],[77.5975,29.1118],[77.5987,29.1187],[77.6122,29.1317],[77.6189,29.1152],[77.6315,29.1169],[77.6386,29.1129],[77.6479,29.1182],[77.6651,29.1127],[77.6687,29.119],[77.6786,29.1175],[77.674,29.1048],[77.68,29.0999],[77.6783,29.0883],[77.6625,29.0857],[77.6638,29.0764],[77.6506,29.0794],[77.641,29.0614],[77.643,29.0531],[77.6699,29.0433],[77.6761,29.0393],[77.6833,29.0444],[77.6877,29.0417],[77.697,29.0512],[77.7081,29.0525],[77.721,29.0728],[77.7434,29.0561],[77.7559,29.0578],[77.779,29.0418],[77.7955,29.0507],[77.7998,29.0618],[77.8123,29.0673],[77.8062,29.0743],[77.8332,29.0908],[77.8239,29.1024],[77.8341,29.1128],[77.8377,29.1347],[77.8468,29.1307],[77.8487,29.1344],[77.8652,29.1324],[77.8774,29.1493],[77.8789,29.1594],[77.8907,29.1593],[77.9011,29.1514],[77.9098,29.1642],[77.9346,29.1607],[77.9439,29.1735],[77.9513,29.1741],[77.9502,29.1915],[77.9197,29.2154],[77.9023,29.219],[77.8937,29.2098],[77.8596,29.2283],[77.8449,29.2026],[77.8375,29.1996],[77.8189,29.2019],[77.8139,29.1985],[77.8058,29.2029],[77.7958,29.185],[77.7825,29.1885],[77.7768,29.1852],[77.7723,29.188],[77.7773,29.1999],[77.773,29.2029],[77.7418,29.221],[77.7284,29.2183],[77.7112,29.2269],[77.7021,29.2239],[77.6877,29.2287],[77.6871,29.2375],[77.6674,29.2552],[77.6594,29.2559],[77.6521,29.2484],[77.6444,29.2261],[77.6291,29.2265],[77.6241,29.2301],[77.6202,29.2501],[77.61,29.2566],[77.5982,29.2565],[77.5904,29.2634]]]}},{"type":"Feature","properties":{"ac_name":"CHANDPUR","ac_no":23,"ac_category":"GEN","st_name":"UTTAR PRADESH"},"geometry":{"type":"Polygon","coordinates":[[[78.3559,29.2443],[78.3511,29.2641],[78.341,29.2705],[78.3045,29.2424],[78.2931,29.2423],[78.273,29.2296],[78.2652,29.2336],[78.2541,29.2438],[78.2342,29.2512],[78.2163,29.2368],[78.1939,29.2395],[78.1781,29.2552],[78.1663,29.2508],[78.1676,29.2387],[78.151,29.2231],[78.1444,29.2244],[78.1317,29.2404],[78.1155,29.2448],[78.1108,29.2408],[78.1076,29.2033],[78.1236,29.1819],[78.1237,29.1708],[78.1154,29.1583],[78.0984,29.1555],[78.0903,29.1459],[78.0858,29.1318],[78.0877,29.1133],[78.0933,29.1071],[78.0778,29.0795],[78.1345,29.0649],[78.1358,29.0435],[78.1433,29.0505],[78.1482,29.0516],[78.1517,29.0456],[78.16,29.0544],[78.1666,29.0535],[78.1842,29.0409],[78.1913,29.0469],[78.2154,29.0293],[78.2238,29.0353],[78.2384,29.0319],[78.2583,29.0369],[78.2757,29.025],[78.2859,29.0379],[78.2922,29.0337],[78.2869,29.0293],[78.2907,29.0243],[78.3146,29.0232],[78.3204,29.0316],[78.3375,29.0192],[78.3463,29.0185],[78.3567,29.0244],[78.3675,29.0234],[78.3729,29.0285],[78.382,29.0206],[78.3883,29.0212],[78.3934,29.0296],[78.4013,29.0282],[78.4134,29.0373],[78.4163,29.0348],[78.4239,29.0385],[78.4337,29.0495],[78.4375,29.0475],[78.4512,29.0581],[78.4711,29.0515],[78.4668,29.0684],[78.4593,29.0717],[78.4624,29.0758],[78.4489,29.0875],[78.4516,29.0953],[78.4439,29.1027],[78.4464,29.1149],[78.4225,29.1249],[78.4275,29.134],[78.4166,29.136],[78.4043,29.1303],[78.395,29.1395],[78.3998,29.1538],[78.3776,29.1528],[78.3578,29.1723],[78.3611,29.1762],[78.3545,29.1855],[78.3652,29.1947],[78.362,29.2027],[78.3684,29.2165],[78.3559,29.2443]]]}},{"type":"Feature","properties":{"ac_name":"HASTINAPUR","ac_no":45,"ac_category":"SC","st_name":"UTTAR PRADESH"},"geometry":{"type":"Polygon","coordinates":[[[78.114,29.2559],[78.0923,29.2519],[78.0871,29.2465],[78.0221,29.2588],[77.999,29.2527],[77.9905,29.2563],[77.9833,29.2377],[77.9697,29.2439],[77.9554,29.2332],[77.9382,29.2373],[77.9257,29.2303],[77.9197,29.2154],[77.9502,29.1915],[77.9513,29.1741],[77.9439,29.1735],[77.9346,29.1607],[77.9098,29.1642],[77.9011,29.1514],[77.8907,29.1593],[77.8789,29.1594],[77.8774,29.1493],[77.8652,29.1324],[77.8487,29.1344],[77.8468,29.1307],[77.8377,29.1347],[77.8341,29.1128],[77.8239,29.1024],[77.8332,29.0908],[77.8369,29.0828],[77.8413,29.0757],[77.8605,29.0759],[77.8625,29.0552],[77.8784,29.0489],[77.8764,29.0374],[77.8566,29.0123],[77.8555,29.0052],[77.8652,28.9969],[77.8537,28.9915],[77.8567,28.9853],[77.8524,28.9819],[77.8589,28.9707],[77.8643,28.9659],[77.8755,28.9657],[77.8822,28.9743],[77.8909,28.9694],[77.8983,28.9734],[77.9092,28.9697],[77.9182,28.9769],[77.9257,28.9756],[77.9238,28.9605],[77.9427,28.9474],[77.9354,28.9343],[77.9478,28.9253],[77.9546,28.9282],[77.961,28.9236],[77.9545,28.9106],[77.963,28.912],[77.9653,28.907],[77.9783,28.9046],[77.9863,28.8964],[77.9949,28.8993],[78.0149,28.888],[78.0134,28.8708],[78.0196,28.8699],[78.0285,28.8797],[78.0328,28.878],[78.0439,28.8839],[78.0719,28.8751],[78.093,28.8732],[78.096,28.8782],[78.1192,28.8747],[78.1209,28.8857],[78.1126,28.8955],[78.0917,28.8995],[78.0894,28.905],[78.0714,28.9139],[78.0832,28.935],[78.0731,28.95],[78.0665,28.95],[78.0592,28.9569],[78.0593,28.9655],[78.072,28.979],[78.0658,28.9998],[78.0745,29.0035],[78.0752,29.0259],[78.0708,29.0276],[78.0683,29.0479],[78.0614,29.0505],[78.0493,29.069],[78.0708,29.0822],[78.0778,29.0795],[78.0933,29.1071],[78.0877,29.1133],[78.0858,29.1318],[78.0903,29.1459],[78.0984,29.1555],[78.1154,29.1583],[78.1237,29.1708],[78.1236,29.1819],[78.1076,29.2033],[78.1108,29.2408],[78.1155,29.2448],[78.114,29.2559]]]}},{"type":"Feature","properties":{"ac_name":"THAKURDWARA","ac_no":26,"ac_category":"GEN","st_name":"UTTAR PRADESH"},"geometry":{"type":"Polygon","coordinates":[[[78.7712,29.2645],[78.763,29.2607],[78.7531,29.2679],[78.7475,29.2617],[78.731,29.2613],[78.7198,29.2517],[78.7062,29.2536],[78.7046,29.2469],[78.6895,29.2399],[78.6962,29.2325],[78.6909,29.2257],[78.6753,29.2122],[78.6827,29.2043],[78.6717,29.1917],[78.6796,29.1895],[78.696,29.2035],[78.6994,29.2006],[78.6988,29.192],[78.6896,29.1854],[78.6788,29.189],[78.6783,29.1847],[78.6593,29.1767],[78.6779,29.1642],[78.6842,29.1485],[78.6747,29.1171],[78.6697,29.1201],[78.6658,29.1115],[78.6662,29.0927],[78.6711,29.0834],[78.7017,29.0849],[78.7023,29.0761],[78.6888,29.0649],[78.6992,29.0538],[78.6987,29.0487],[78.7095,29.0463],[78.7078,29.0527],[78.714,29.0548],[78.7152,29.0472],[78.7268,29.0408],[78.737,29.0472],[78.7488,29.0436],[78.7527,29.0483],[78.7641,29.0384],[78.7708,29.0479],[78.7892,29.0512],[78.7948,29.0434],[78.7904,29.0334],[78.7978,29.0277],[78.7836,29.0076],[78.8071,29.0108],[78.8134,29.0061],[78.8273,29.0072],[78.8408,29.001],[78.8466,29.0095],[78.8388,29.0166],[78.8489,29.0286],[78.8512,29.0218],[78.8557,29.0237],[78.856,29.03],[78.8667,29.0324],[78.8766,29.0454],[78.887,29.0391],[78.8958,29.0438],[78.8985,29.035],[78.9112,29.03],[78.9329,29.0497],[78.9274,29.0585],[78.9344,29.0614],[78.9446,29.0569],[78.9436,29.0745],[78.9574,29.0705],[78.9463,29.0785],[78.9741,29.1086],[78.9733,29.1183],[78.9665,29.1176],[78.9676,29.1214],[78.9768,29.1186],[78.9834,29.1248],[78.9741,29.13],[78.9644,29.1304],[78.9568,29.1207],[78.9348,29.1301],[78.9325,29.1268],[78.9267,29.1185],[78.9068,29.1261],[78.9189,29.1362],[78.9114,29.145],[78.9164,29.1533],[78.9093,29.1547],[78.9091,29.1647],[78.9017,29.1695],[78.9092,29.1781],[78.8943,29.1859],[78.8999,29.1874],[78.8965,29.1939],[78.8857,29.1958],[78.8915,29.2005],[78.886,29.2031],[78.8809,29.2002],[78.8748,29.2056],[78.8835,29.2115],[78.8717,29.2227],[78.8763,29.2251],[78.8739,29.2305],[78.8711,29.2273],[78.8588,29.2332],[78.8624,29.2389],[78.8591,29.2418],[78.8491,29.2323],[78.8391,29.2358],[78.8383,29.2417],[78.8202,29.2321],[78.7912,29.2461],[78.7905,29.2553],[78.7862,29.2529],[78.7712,29.2645]]]}},{"type":"Feature","properties":{"ac_name":"SIWALKHAS","ac_no":43,"ac_category":"GEN","st_name":"UTTAR PRADESH"},"geometry":{"type":"Polygon","coordinates":[[[77.5584,29.2316],[77.5505,29.2245],[77.5437,29.2272],[77.536,29.2163],[77.527,29.2131],[77.5276,29.2073],[77.513,29.2056],[77.5045,29.1915],[77.4979,29.1794],[77.4758,29.1831],[77.4724,29.178],[77.4789,29.1435],[77.4721,29.1373],[77.4602,29.1365],[77.461,29.1262],[77.4457,29.1211],[77.4462,29.1105],[77.431,29.0861],[77.434,29.0767],[77.4569,29.071],[77.4479,29.0682],[77.4547,29.0552],[77.4444,29.0312],[77.461,29.0276],[77.4534,29.0203],[77.4567,29.0126],[77.4608,29.0074],[77.4574,28.9938],[77.4703,28.9893],[77.4666,28.9739],[77.475,28.9652],[77.4614,28.9503],[77.4583,28.9254],[77.4603,28.9109],[77.4566,28.9066],[77.4836,28.9011],[77.4917,28.8956],[77.5011,28.9011],[77.5319,28.8877],[77.5432,28.8897],[77.5505,28.8964],[77.5711,28.8869],[77.5821,28.893],[77.5862,28.8907],[77.6087,28.9031],[77.6095,28.9179],[77.6218,28.9209],[77.6185,28.9271],[77.623,28.9354],[77.6465,28.9423],[77.6456,28.958],[77.6405,28.971],[77.6325,28.9773],[77.6355,28.9962],[77.6514,29.0086],[77.6418,29.0145],[77.6498,29.0269],[77.6608,29.0315],[77.6699,29.0433],[77.643,29.0531],[77.641,29.0614],[77.6506,29.0794],[77.6638,29.0764],[77.6625,29.0857],[77.6783,29.0883],[77.68,29.0999],[77.674,29.1048],[77.6786,29.1175],[77.6687,29.119],[77.6651,29.1127],[77.6479,29.1182],[77.6386,29.1129],[77.6315,29.1169],[77.6189,29.1152],[77.6122,29.1317],[77.5987,29.1187],[77.5975,29.1118],[77.5933,29.1123],[77.5856,29.1215],[77.586,29.1298],[77.5725,29.1363],[77.5748,29.1535],[77.5686,29.1548],[77.5742,29.1744],[77.5809,29.1731],[77.5912,29.1825],[77.5959,29.1818],[77.5868,29.1961],[77.5648,29.2112],[77.5584,29.2316]]]}},{"type":"Feature","properties":{"ac_name":"NOORPUR","ac_no":24,"ac_category":"GEN","st_name":"UTTAR PRADESH"},"geometry":{"type":"Polygon","coordinates":[[[78.5438,29.2334],[78.5381,29.237],[78.5345,29.2302],[78.525,29.2296],[78.5202,29.2343],[78.5162,29.2288],[78.5144,29.2255],[78.5031,29.2292],[78.4985,29.2179],[78.4916,29.2138],[78.4801,29.2146],[78.4836,29.2245],[78.4737,29.2275],[78.4578,29.2231],[78.4234,29.2306],[78.414,29.2267],[78.4105,29.2173],[78.3911,29.2112],[78.3684,29.2165],[78.362,29.2027],[78.3652,29.1947],[78.3545,29.1855],[78.3611,29.1762],[78.3578,29.1723],[78.3776,29.1528],[78.3998,29.1538],[78.395,29.1395],[78.4043,29.1303],[78.4166,29.136],[78.4275,29.134],[78.4225,29.1249],[78.4464,29.1149],[78.4439,29.1027],[78.4516,29.0953],[78.4489,29.0875],[78.4624,29.0758],[78.4593,29.0717],[78.4668,29.0684],[78.4711,29.0515],[78.477,29.054],[78.4903,29.0419],[78.4937,29.05],[78.5008,29.0473],[78.5184,29.0689],[78.5207,29.0644],[78.526,29.0671],[78.5468,29.0611],[78.5524,29.0678],[78.5628,29.0685],[78.5648,29.0757],[78.5888,29.068],[78.5955,29.076],[78.603,29.075],[78.6153,29.0846],[78.6066,29.0969],[78.613,29.1039],[78.6259,29.1103],[78.6396,29.1102],[78.6565,29.1255],[78.6595,29.1384],[78.6484,29.1361],[78.6311,29.1455],[78.6448,29.1598],[78.6566,29.15],[78.6626,29.1618],[78.6529,29.1665],[78.6593,29.1767],[78.6783,29.1847],[78.6788,29.189],[78.6896,29.1854],[78.6988,29.192],[78.6994,29.2006],[78.696,29.2035],[78.6796,29.1895],[78.6717,29.1917],[78.6573,29.1932],[78.6327,29.1772],[78.6264,29.1861],[78.6202,29.1792],[78.5987,29.175],[78.5886,29.1921],[78.5934,29.198],[78.5907,29.2036],[78.5854,29.2062],[78.5773,29.2027],[78.5712,29.2076],[78.5648,29.2301],[78.5529,29.2358],[78.5438,29.2334]]]}},{"type":"Feature","properties":{"ac_name":"BARAUT","ac_no":51,"ac_category":"GEN","st_name":"UTTAR PRADESH"},"geometry":{"type":"Polygon","coordinates":[[[77.2849,29.1586],[77.2728,29.1618],[77.2547,29.1805],[77.248,29.1707],[77.2471,29.1559],[77.2305,29.1399],[77.204,29.1405],[77.1904,29.1355],[77.182,29.1398],[77.1778,29.1494],[77.1625,29.1536],[77.1361,29.1478],[77.1359,29.142],[77.1478,29.1328],[77.149,29.1176],[77.1461,29.1106],[77.1389,29.1081],[77.134,29.0952],[77.1434,29.0827],[77.1521,29.0797],[77.1637,29.0795],[77.1721,29.0465],[77.1668,29.0339],[77.188,29.0299],[77.1909,29.0061],[77.2022,28.9881],[77.1927,28.9585],[77.1993,28.9352],[77.1998,28.9454],[77.206,28.9515],[77.2542,28.9642],[77.2624,28.9547],[77.2837,28.9469],[77.282,28.9406],[77.2915,28.9416],[77.3014,28.9503],[77.3134,28.9465],[77.3294,28.967],[77.3452,28.9732],[77.3246,28.9805],[77.3239,28.9907],[77.3382,28.996],[77.3304,29.003],[77.3324,29.0127],[77.3428,29.0172],[77.3603,29.0094],[77.3738,29.0105],[77.3682,29.0173],[77.3697,29.034],[77.3571,29.0468],[77.3618,29.059],[77.3605,29.0685],[77.3549,29.0707],[77.358,29.0764],[77.3517,29.0747],[77.3448,29.0796],[77.351,29.0962],[77.3483,29.1065],[77.3404,29.1119],[77.343,29.125],[77.3326,29.1333],[77.3097,29.1359],[77.3035,29.1505],[77.2849,29.1586]]]}},{"type":"Feature","properties":{"ac_name":"KANTH","ac_no":25,"ac_category":"GEN","st_name":"UTTAR PRADESH"},"geometry":{"type":"Polygon","coordinates":[[[78.526,29.0671],[78.5493,29.0502],[78.5559,29.0417],[78.5543,29.0317],[78.5706,29.0171],[78.5543,28.9958],[78.5305,28.9861],[78.5289,28.9821],[78.5408,28.9696],[78.5278,28.9552],[78.5288,28.9421],[78.5389,28.9297],[78.5505,28.9296],[78.5565,28.9415],[78.5796,28.9441],[78.6,28.9277],[78.6248,28.926],[78.6288,28.9228],[78.6284,28.8971],[78.6354,28.8923],[78.64,28.8734],[78.6522,28.861],[78.646,28.8522],[78.6495,28.8461],[78.6513,28.8366],[78.6467,28.8286],[78.6509,28.8228],[78.6575,28.8221],[78.6607,28.8163],[78.6755,28.8136],[78.6716,28.8044],[78.6786,28.8007],[78.6986,28.8167],[78.7085,28.8139],[78.7147,28.8034],[78.7237,28.8016],[78.7361,28.806],[78.7482,28.8009],[78.7522,28.8162],[78.7632,28.8161],[78.7627,28.8228],[78.7477,28.8263],[78.7535,28.8326],[78.7505,28.836],[78.7357,28.8308],[78.7265,28.8378],[78.7282,28.846],[78.7437,28.8396],[78.7383,28.8517],[78.724,28.8641],[78.7205,28.8789],[78.7434,28.887],[78.7496,28.8801],[78.7494,28.8679],[78.7626,28.8753],[78.7691,28.8695],[78.7689,28.8633],[78.7811,28.8682],[78.7888,28.8777],[78.7712,28.8949],[78.7577,28.8935],[78.7493,28.8999],[78.7249,28.9063],[78.7276,28.9173],[78.718,28.9259],[78.7154,28.9387],[78.7306,28.9463],[78.7569,28.9423],[78.7574,28.9356],[78.7937,28.9411],[78.794,28.9627],[78.8082,28.9685],[78.8151,28.9758],[78.8142,28.9811],[78.8222,28.984],[78.817,28.985],[78.8169,28.9897],[78.8058,28.9868],[78.8134,29.0061],[78.8071,29.0108],[78.7836,29.0076],[78.7978,29.0277],[78.7904,29.0334],[78.7948,29.0434],[78.7892,29.0512],[78.7708,29.0479],[78.7641,29.0384],[78.7527,29.0483],[78.7488,29.0436],[78.737,29.0472],[78.7268,29.0408],[78.7152,29.0472],[78.714,29.0548],[78.7078,29.0527],[78.7095,29.0463],[78.6987,29.0487],[78.6992,29.0538],[78.6888,29.0649],[78.7023,29.0761],[78.7017,29.0849],[78.6711,29.0834],[78.6662,29.0927],[78.6658,29.1115],[78.6697,29.1201],[78.6747,29.1171],[78.6842,29.1485],[78.6779,29.1642],[78.6593,29.1767],[78.6529,29.1665],[78.6626,29.1618],[78.6566,29.15],[78.6448,29.1598],[78.6311,29.1455],[78.6484,29.1361],[78.6595,29.1384],[78.6565,29.1255],[78.6396,29.1102],[78.6259,29.1103],[78.613,29.1039],[78.6066,29.0969],[78.6153,29.0846],[78.603,29.075],[78.5955,29.076],[78.5888,29.068],[78.5648,29.0757],[78.5628,29.0685],[78.5524,29.0678],[78.5468,29.0611],[78.526,29.0671]]]}},{"type":"Feature","properties":{"ac_name":"SUAR","ac_no":34,"ac_category":"GEN","st_name":"UTTAR PRADESH"},"geometry":{"type":"Polygon","coordinates":[[[78.9741,29.13],[78.9834,29.1248],[78.9768,29.1186],[78.9676,29.1214],[78.9665,29.1176],[78.9733,29.1183],[78.9741,29.1086],[78.9463,29.0785],[78.9574,29.0705],[78.9436,29.0745],[78.9446,29.0569],[78.9344,29.0614],[78.9274,29.0585],[78.9329,29.0497],[78.9359,29.0478],[78.927,29.0439],[78.931,29.0382],[78.9267,29.034],[78.9346,29.0258],[78.9349,29.0181],[78.9185,29.0046],[78.9136,29.007],[78.9046,29.0017],[78.9032,28.9963],[78.9095,28.9874],[78.9259,28.9785],[78.916,28.964],[78.928,28.9587],[78.9355,28.943],[78.9319,28.9384],[78.9348,28.9327],[78.9234,28.9361],[78.9214,28.9255],[78.9304,28.9292],[78.9601,28.9202],[78.9739,28.9214],[78.9851,28.9246],[78.9898,28.9347],[79.005,28.9287],[79.0029,28.9242],[79.0148,28.9186],[79.0189,28.9293],[79.0292,28.9314],[79.0087,28.9384],[79.0306,28.9454],[79.0374,28.9554],[79.0486,28.9575],[79.0677,28.9731],[79.0614,28.974],[79.0659,28.9784],[79.0614,28.9819],[79.0541,28.9779],[79.0582,28.9845],[79.0684,28.9904],[79.0791,28.9903],[79.0758,29.0005],[79.0812,29.005],[79.078,29.0099],[79.0865,29.0154],[79.0842,29.0293],[79.0943,29.0338],[79.1386,29.0141],[79.1657,29.0201],[79.1637,29.0291],[79.1688,29.0273],[79.1667,29.0321],[79.1715,29.0371],[79.1678,29.0396],[79.1764,29.0466],[79.1629,29.0492],[79.1433,29.0677],[79.1443,29.087],[79.1516,29.092],[79.1499,29.0997],[79.1545,29.1021],[79.1536,29.1157],[79.1255,29.1336],[79.1194,29.126],[79.1039,29.1328],[79.078,29.1504],[79.0548,29.1548],[79.0366,29.1693],[79.0296,29.1635],[79.0407,29.1586],[79.0378,29.1435],[79.0209,29.1559],[79.0222,29.1449],[79.0154,29.1347],[79.0192,29.1292],[79.0282,29.1328],[79.032,29.128],[79.0418,29.1275],[79.0272,29.1125],[79.0161,29.117],[79.0086,29.1113],[79.0022,29.1216],[79.0057,29.1254],[78.9917,29.1307],[78.9907,29.14],[78.9857,29.1423],[78.9768,29.1395],[78.9741,29.13]]]}},{"type":"Feature","properties":{"ac_name":"KITHORE","ac_no":46,"ac_category":"GEN","st_name":"UTTAR PRADESH"},"geometry":{"type":"Polygon","coordinates":[[[77.8369,29.0828],[77.8332,29.0908],[77.8062,29.0743],[77.8123,29.0673],[77.7998,29.0618],[77.7955,29.0507],[77.779,29.0418],[77.7559,29.0578],[77.7434,29.0561],[77.7315,29.0406],[77.7374,29.0314],[77.7403,29.0378],[77.7513,29.0381],[77.75,29.0228],[77.7664,29.0118],[77.7746,29.0146],[77.7785,29.0057],[77.7927,28.9978],[77.7943,28.9868],[77.7778,28.9791],[77.7815,28.9552],[77.7781,28.9485],[77.7698,28.939],[77.7672,28.9256],[77.7581,28.9238],[77.7713,28.9068],[77.7676,28.8937],[77.7607,28.889],[77.7456,28.8993],[77.7381,28.8807],[77.7294,28.8731],[77.7011,28.8752],[77.6868,28.8706],[77.6873,28.8614],[77.6997,28.8516],[77.692,28.8235],[77.7092,28.8123],[77.7083,28.7989],[77.7074,28.789],[77.69,28.7746],[77.6846,28.7764],[77.6796,28.7626],[77.689,28.7453],[77.6997,28.7428],[77.7032,28.7461],[77.7244,28.7371],[77.7397,28.7535],[77.7532,28.7483],[77.758,28.7559],[77.7806,28.7699],[77.7764,28.7783],[77.7872,28.79],[77.7981,28.7857],[77.8237,28.8031],[77.8292,28.7999],[77.8362,28.8046],[77.8518,28.8008],[77.8605,28.7931],[77.8617,28.7952],[77.8644,28.8199],[77.8538,28.8339],[77.8635,28.847],[77.8681,28.864],[77.8832,28.8568],[77.8925,28.868],[77.9152,28.8597],[77.9257,28.8533],[77.9297,28.8446],[77.9256,28.8402],[77.9332,28.8342],[77.948,28.8469],[77.9526,28.8418],[77.9623,28.8409],[77.9747,28.8562],[77.9857,28.8579],[77.9941,28.8511],[78.0027,28.8507],[78.004,28.86],[78.0134,28.8708],[78.0149,28.888],[77.9949,28.8993],[77.9863,28.8964],[77.9783,28.9046],[77.9653,28.907],[77.963,28.912],[77.9545,28.9106],[77.961,28.9236],[77.9546,28.9282],[77.9478,28.9253],[77.9354,28.9343],[77.9427,28.9474],[77.9238,28.9605],[77.9257,28.9756],[77.9182,28.9769],[77.9092,28.9697],[77.8983,28.9734],[77.8909,28.9694],[77.8822,28.9743],[77.8755,28.9657],[77.8643,28.9659],[77.8589,28.9707],[77.8524,28.9819],[77.8567,28.9853],[77.8537,28.9915],[77.8652,28.9969],[77.8555,29.0052],[77.8566,29.0123],[77.8764,29.0374],[77.8784,29.0489],[77.8625,29.0552],[77.8605,29.0759],[77.8413,29.0757],[77.8369,29.0828]]]}},{"type":"Feature","properties":{"ac_name":"DHANAURA","ac_no":39,"ac_category":"SC","st_name":"UTTAR PRADESH"},"geometry":{"type":"Polygon","coordinates":[[[78.0778,29.0795],[78.0708,29.0822],[78.0493,29.069],[78.0614,29.0505],[78.0683,29.0479],[78.0708,29.0276],[78.0752,29.0259],[78.0745,29.0035],[78.0658,28.9998],[78.072,28.979],[78.0593,28.9655],[78.0592,28.9569],[78.0665,28.95],[78.0731,28.95],[78.0832,28.935],[78.0714,28.9139],[78.0894,28.905],[78.0917,28.8995],[78.1126,28.8955],[78.1209,28.8857],[78.1192,28.8747],[78.1149,28.8414],[78.1216,28.8402],[78.1205,28.8339],[78.1259,28.8315],[78.124,28.8196],[78.1303,28.8019],[78.1256,28.798],[78.1375,28.775],[78.1564,28.8002],[78.1785,28.8006],[78.1869,28.8168],[78.2036,28.8197],[78.2107,28.8293],[78.2148,28.8148],[78.2327,28.8222],[78.2513,28.8203],[78.2529,28.8245],[78.2697,28.8434],[78.2844,28.8323],[78.2813,28.8237],[78.3115,28.8236],[78.3158,28.8045],[78.3242,28.7998],[78.3269,28.7921],[78.3325,28.7901],[78.3362,28.7938],[78.3407,28.8019],[78.3361,28.8163],[78.3401,28.8254],[78.3489,28.8249],[78.3528,28.8312],[78.3498,28.8645],[78.3563,28.8747],[78.364,28.8712],[78.3671,28.8745],[78.3644,28.885],[78.3688,28.9082],[78.3655,28.9187],[78.3567,28.9197],[78.366,28.9346],[78.3587,28.9396],[78.3711,28.9603],[78.3919,28.9762],[78.3831,28.9825],[78.3907,28.9946],[78.3975,28.9991],[78.4042,28.9956],[78.4114,29.004],[78.4139,29.0227],[78.4082,29.0226],[78.4066,29.0297],[78.4134,29.0373],[78.4013,29.0282],[78.3934,29.0296],[78.3883,29.0212],[78.382,29.0206],[78.3729,29.0285],[78.3675,29.0234],[78.3567,29.0244],[78.3463,29.0185],[78.3375,29.0192],[78.3204,29.0316],[78.3146,29.0232],[78.2907,29.0243],[78.2869,29.0293],[78.2922,29.0337],[78.2859,29.0379],[78.2757,29.025],[78.2583,29.0369],[78.2384,29.0319],[78.2238,29.0353],[78.2154,29.0293],[78.1913,29.0469],[78.1842,29.0409],[78.1666,29.0535],[78.16,29.0544],[78.1517,29.0456],[78.1482,29.0516],[78.1433,29.0505],[78.1358,29.0435],[78.1345,29.0649],[78.0778,29.0795]]]}},{"type":"Feature","properties":{"ac_name":"MEERUT CANTT.","ac_no":47,"ac_category":"GEN","st_name":"UTTAR PRADESH"},"geometry":{"type":"Polygon","coordinates":[[[77.7434,29.0561],[77.721,29.0728],[77.7081,29.0525],[77.697,29.0512],[77.6877,29.0417],[77.6833,29.0444],[77.6761,29.0393],[77.6699,29.0433],[77.6608,29.0315],[77.6498,29.0269],[77.6418,29.0145],[77.6514,29.0086],[77.6355,28.9962],[77.6325,28.9773],[77.6405,28.971],[77.6456,28.958],[77.6761,28.959],[77.6808,28.9693],[77.7015,28.9742],[77.7252,28.9673],[77.7496,28.9746],[77.756,28.959],[77.7645,28.9563],[77.7781,28.9485],[77.7815,28.9552],[77.7778,28.9791],[77.7943,28.9868],[77.7927,28.9978],[77.7785,29.0057],[77.7746,29.0146],[77.7664,29.0118],[77.75,29.0228],[77.7513,29.0381],[77.7403,29.0378],[77.7374,29.0314],[77.7315,29.0406],[77.7434,29.0561]]]}},{"type":"Feature","properties":{"ac_name":"NAUGAWAN SADAT","ac_no":40,"ac_category":"GEN","st_name":"UTTAR PRADESH"},"geometry":{"type":"Polygon","coordinates":[[[78.4711,29.0515],[78.4512,29.0581],[78.4375,29.0475],[78.4337,29.0495],[78.4239,29.0385],[78.4163,29.0348],[78.4134,29.0373],[78.4066,29.0297],[78.4082,29.0226],[78.4139,29.0227],[78.4114,29.004],[78.4042,28.9956],[78.3975,28.9991],[78.3907,28.9946],[78.3831,28.9825],[78.3919,28.9762],[78.3711,28.9603],[78.3587,28.9396],[78.366,28.9346],[78.3567,28.9197],[78.3655,28.9187],[78.3688,28.9082],[78.3644,28.885],[78.3671,28.8745],[78.364,28.8712],[78.3563,28.8747],[78.3498,28.8645],[78.3528,28.8312],[78.3489,28.8249],[78.3401,28.8254],[78.3361,28.8163],[78.3407,28.8019],[78.3362,28.7938],[78.3325,28.7901],[78.3269,28.7921],[78.3242,28.7998],[78.3158,28.8045],[78.3115,28.8236],[78.2813,28.8237],[78.2844,28.8323],[78.2697,28.8434],[78.2529,28.8245],[78.2612,28.8229],[78.2421,28.7994],[78.2547,28.7854],[78.2533,28.7741],[78.2675,28.7664],[78.2699,28.7603],[78.291,28.7618],[78.2993,28.7551],[78.2962,28.7493],[78.3094,28.7397],[78.3169,28.7417],[78.3282,28.7377],[78.3346,28.73],[78.3335,28.7196],[78.3389,28.7171],[78.3526,28.7254],[78.3588,28.7214],[78.3653,28.7263],[78.3848,28.7124],[78.3946,28.7195],[78.4045,28.7152],[78.4059,28.7209],[78.4153,28.7246],[78.4076,28.7358],[78.4127,28.7432],[78.4091,28.7471],[78.4238,28.7519],[78.4193,28.752],[78.4237,28.7548],[78.423,28.7626],[78.4102,28.7719],[78.4073,28.7796],[78.4164,28.7831],[78.4075,28.7895],[78.4082,28.7966],[78.399,28.7953],[78.3939,28.8033],[78.4022,28.821],[78.4189,28.8146],[78.4247,28.8246],[78.4335,28.82],[78.439,28.826],[78.4279,28.841],[78.4521,28.8685],[78.4443,28.8735],[78.4463,28.8803],[78.4316,28.8958],[78.438,28.9027],[78.4327,28.9096],[78.4456,28.9186],[78.4514,28.93],[78.458,28.9284],[78.4468,28.9367],[78.4524,28.9514],[78.4617,28.9427],[78.4677,28.9492],[78.4713,28.942],[78.5002,28.9433],[78.4972,28.9181],[78.5019,28.9047],[78.5288,28.8869],[78.5334,28.887],[78.5354,28.8932],[78.5514,28.8851],[78.55,28.8907],[78.5561,28.8994],[78.5683,28.8949],[78.5902,28.8947],[78.5889,28.8793],[78.5967,28.8776],[78.5993,28.8724],[78.624,28.8687],[78.6199,28.8732],[78.64,28.8734],[78.6354,28.8923],[78.6284,28.8971],[78.6288,28.9228],[78.6248,28.926],[78.6,28.9277],[78.5796,28.9441],[78.5565,28.9415],[78.5505,28.9296],[78.5389,28.9297],[78.5288,28.9421],[78.5278,28.9552],[78.5408,28.9696],[78.5289,28.9821],[78.5305,28.9861],[78.5543,28.9958],[78.5706,29.0171],[78.5543,29.0317],[78.5559,29.0417],[78.5493,29.0502],[78.526,29.0671],[78.5207,29.0644],[78.5184,29.0689],[78.5008,29.0473],[78.4937,29.05],[78.4903,29.0419],[78.477,29.054],[78.4711,29.0515]]]}},{"type":"Feature","properties":{"ac_name":"BAGHPAT","ac_no":52,"ac_category":"GEN","st_name":"UTTAR PRADESH"},"geometry":{"type":"Polygon","coordinates":[[[77.4179,29.0123],[77.4047,29.0237],[77.3935,29.0092],[77.3738,29.0105],[77.3603,29.0094],[77.3428,29.0172],[77.3324,29.0127],[77.3304,29.003],[77.3382,28.996],[77.3239,28.9907],[77.3246,28.9805],[77.3452,28.9732],[77.3294,28.967],[77.3134,28.9465],[77.3014,28.9503],[77.2915,28.9416],[77.282,28.9406],[77.2837,28.9469],[77.2624,28.9547],[77.2542,28.9642],[77.206,28.9515],[77.1998,28.9454],[77.1993,28.9352],[77.2217,28.9283],[77.2318,28.9201],[77.234,28.9118],[77.2249,28.879],[77.2043,28.8884],[77.1889,28.8807],[77.1897,28.8673],[77.2089,28.8585],[77.2166,28.852],[77.2164,28.8415],[77.2226,28.8334],[77.2297,28.8232],[77.249,28.8228],[77.258,28.8345],[77.2814,28.8341],[77.2927,28.8275],[77.2915,28.8134],[77.2991,28.8094],[77.2962,28.801],[77.3042,28.791],[77.3194,28.7954],[77.3238,28.802],[77.3426,28.7954],[77.3479,28.8059],[77.3591,28.7975],[77.3625,28.7866],[77.3955,28.7769],[77.4057,28.7822],[77.4032,28.7977],[77.395,28.8035],[77.4059,28.8138],[77.4024,28.8216],[77.3908,28.8282],[77.4144,28.8395],[77.4018,28.8494],[77.4083,28.8664],[77.4027,28.8751],[77.4212,28.8834],[77.4429,28.9187],[77.4411,28.9255],[77.4583,28.9254],[77.4614,28.9503],[77.475,28.9652],[77.4666,28.9739],[77.4703,28.9893],[77.4574,28.9938],[77.4608,29.0074],[77.4567,29.0126],[77.4484,29.0088],[77.4336,29.0143],[77.4245,29.0079],[77.4179,29.0123]]]}},{"type":"Feature","properties":{"ac_name":"MORADABAD RURAL","ac_no":27,"ac_category":"GEN","st_name":"UTTAR PRADESH"},"geometry":{"type":"Polygon","coordinates":[[[78.9329,29.0497],[78.9112,29.03],[78.8985,29.035],[78.8958,29.0438],[78.887,29.0391],[78.8766,29.0454],[78.8667,29.0324],[78.856,29.03],[78.8557,29.0237],[78.8512,29.0218],[78.8489,29.0286],[78.8388,29.0166],[78.8466,29.0095],[78.8408,29.001],[78.8273,29.0072],[78.8134,29.0061],[78.8058,28.9868],[78.8169,28.9897],[78.817,28.985],[78.8222,28.984],[78.8142,28.9811],[78.8151,28.9758],[78.8082,28.9685],[78.794,28.9627],[78.7937,28.9411],[78.7574,28.9356],[78.7569,28.9423],[78.7306,28.9463],[78.7154,28.9387],[78.718,28.9259],[78.7276,28.9173],[78.7249,28.9063],[78.7493,28.8999],[78.7577,28.8935],[78.7712,28.8949],[78.7888,28.8777],[78.7811,28.8682],[78.7689,28.8633],[78.7693,28.8512],[78.7819,28.8242],[78.7632,28.8161],[78.7522,28.8162],[78.7482,28.8009],[78.7639,28.8015],[78.7703,28.799],[78.7724,28.7924],[78.788,28.7898],[78.7878,28.8022],[78.7818,28.8051],[78.7842,28.8167],[78.7929,28.8187],[78.8009,28.8306],[78.8083,28.8229],[78.8138,28.826],[78.8272,28.837],[78.8279,28.8487],[78.8399,28.8563],[78.8415,28.8654],[78.8521,28.8678],[78.8518,28.8914],[78.8668,28.8967],[78.8615,28.8997],[78.861,28.9088],[78.8678,28.9149],[78.8579,28.9239],[78.8489,28.916],[78.8408,28.9197],[78.8305,28.9124],[78.8257,28.9231],[78.827,28.9311],[78.8346,28.9348],[78.8334,28.94],[78.8427,28.9467],[78.8759,28.9511],[78.8847,28.9591],[78.916,28.964],[78.9259,28.9785],[78.9095,28.9874],[78.9032,28.9963],[78.9046,29.0017],[78.9136,29.007],[78.9185,29.0046],[78.9349,29.0181],[78.9346,29.0258],[78.9267,29.034],[78.931,29.0382],[78.927,29.0439],[78.9359,29.0478],[78.9329,29.0497]]]}},{"type":"Feature","properties":{"ac_name":"CHAMRAUA","ac_no":35,"ac_category":"GEN","st_name":"UTTAR PRADESH"},"geometry":{"type":"Polygon","coordinates":[[[79.1657,29.0201],[79.1386,29.0141],[79.0943,29.0338],[79.0842,29.0293],[79.0865,29.0154],[79.078,29.0099],[79.0812,29.005],[79.0758,29.0005],[79.0791,28.9903],[79.0684,28.9904],[79.0582,28.9845],[79.0541,28.9779],[79.0614,28.9819],[79.0659,28.9784],[79.0614,28.974],[79.0677,28.9731],[79.0486,28.9575],[79.0374,28.9554],[79.0306,28.9454],[79.0087,28.9384],[79.0292,28.9314],[79.0189,28.9293],[79.0148,28.9186],[79.0029,28.9242],[79.005,28.9287],[78.9898,28.9347],[78.9851,28.9246],[78.9739,28.9214],[78.9601,28.9202],[78.9304,28.9292],[78.9214,28.9255],[78.9238,28.9097],[78.9168,28.9028],[78.9183,28.8967],[78.925,28.8908],[78.9381,28.8903],[78.9323,28.886],[78.9387,28.8751],[78.9337,28.8742],[78.9383,28.8673],[78.933,28.8651],[78.9408,28.866],[78.9489,28.859],[78.9531,28.8641],[78.964,28.8562],[78.9653,28.8487],[78.9732,28.852],[78.9636,28.8327],[78.9744,28.8237],[78.9888,28.8478],[78.9925,28.8476],[78.9989,28.841],[78.9947,28.8345],[79.006,28.8312],[79.0111,28.8216],[79.0202,28.8209],[79.0228,28.8076],[79.0125,28.7824],[79.0191,28.7719],[79.0369,28.7676],[79.0457,28.7551],[79.0303,28.755],[79.034,28.7406],[79.0578,28.7304],[79.0745,28.731],[79.0668,28.7374],[79.0722,28.7528],[79.0577,28.7578],[79.0608,28.7752],[79.094,28.7647],[79.0894,28.7547],[79.1034,28.7487],[79.1116,28.7526],[79.1161,28.7616],[79.113,28.7689],[79.1236,28.7855],[79.1191,28.7857],[79.1162,28.7972],[79.1334,28.7975],[79.1381,28.7899],[79.1448,28.7902],[79.1591,28.8082],[79.1711,28.8155],[79.1721,28.8288],[79.1479,28.8378],[79.1477,28.8438],[79.1785,28.8599],[79.1789,28.8642],[79.1692,28.8663],[79.1807,28.8661],[79.1838,28.874],[79.1639,28.8802],[79.161,28.887],[79.1845,28.891],[79.192,28.9099],[79.2,28.914],[79.1996,28.9279],[79.2109,28.9292],[79.2167,28.9374],[79.2134,28.9416],[79.2186,28.9532],[79.224,28.9455],[79.2362,28.9513],[79.2415,28.9638],[79.2359,28.9713],[79.228,28.972],[79.2276,28.9811],[79.2389,28.9833],[79.2456,28.9963],[79.2524,28.9992],[79.2485,29.0052],[79.2506,29.0099],[79.2317,29.015],[79.2118,29.0274],[79.2046,29.0204],[79.1915,29.0226],[79.1952,29.0148],[79.1862,29.0172],[79.1814,29.012],[79.1723,29.0117],[79.1772,29.0163],[79.1657,29.0201]]]}},{"type":"Feature","properties":{"ac_name":"MEERUT","ac_no":48,"ac_category":"GEN","st_name":"UTTAR PRADESH"},"geometry":{"type":"Polygon","coordinates":[[[77.7015,28.9742],[77.6808,28.9693],[77.6761,28.959],[77.6777,28.9491],[77.6877,28.9548],[77.697,28.9509],[77.6968,28.9434],[77.7023,28.9432],[77.7081,28.9589],[77.7071,28.9481],[77.7135,28.9492],[77.714,28.9365],[77.7201,28.9353],[77.724,28.952],[77.7313,28.9495],[77.7407,28.9535],[77.7472,28.9433],[77.7561,28.9556],[77.7645,28.9563],[77.756,28.959],[77.7496,28.9746],[77.7252,28.9673],[77.7015,28.9742]]]}},{"type":"Feature","properties":{"ac_name":"BILASPUR","ac_no":36,"ac_category":"GEN","st_name":"UTTAR PRADESH"},"geometry":{"type":"Polygon","coordinates":[[[79.2524,28.9992],[79.2456,28.9963],[79.2389,28.9833],[79.2276,28.9811],[79.228,28.972],[79.2359,28.9713],[79.2415,28.9638],[79.2362,28.9513],[79.224,28.9455],[79.2186,28.9532],[79.2134,28.9416],[79.2167,28.9374],[79.2109,28.9292],[79.1996,28.9279],[79.2,28.914],[79.192,28.9099],[79.1845,28.891],[79.161,28.887],[79.1639,28.8802],[79.1838,28.874],[79.1807,28.8661],[79.1692,28.8663],[79.1789,28.8642],[79.1785,28.8599],[79.1477,28.8438],[79.1479,28.8378],[79.1721,28.8288],[79.1711,28.8155],[79.1591,28.8082],[79.1448,28.7902],[79.1381,28.7899],[79.1334,28.7975],[79.1162,28.7972],[79.1191,28.7857],[79.1236,28.7855],[79.113,28.7689],[79.1161,28.7616],[79.1116,28.7526],[79.1034,28.7487],[79.0894,28.7547],[79.096,28.7452],[79.0868,28.7397],[79.0834,28.7273],[79.0854,28.7185],[79.0909,28.7209],[79.0963,28.7168],[79.0964,28.7038],[79.0809,28.7012],[79.0837,28.6889],[79.0788,28.6759],[79.0947,28.6751],[79.0971,28.6662],[79.1107,28.659],[79.105,28.6556],[79.1178,28.6443],[79.1213,28.655],[79.1314,28.6492],[79.1339,28.6428],[79.1278,28.6348],[79.1425,28.6259],[79.1401,28.6173],[79.1512,28.6127],[79.1569,28.5899],[79.154,28.5857],[79.1637,28.5832],[79.1659,28.5777],[79.161,28.5706],[79.1656,28.5604],[79.1813,28.5673],[79.1868,28.5755],[79.1916,28.5755],[79.1929,28.5702],[79.205,28.5719],[79.2128,28.5801],[79.2129,28.5949],[79.2185,28.5964],[79.2152,28.6017],[79.2216,28.6077],[79.2214,28.6141],[79.2338,28.6156],[79.242,28.6276],[79.2404,28.6331],[79.2292,28.6374],[79.2378,28.6518],[79.234,28.6585],[79.2553,28.6643],[79.2723,28.69],[79.2771,28.6884],[79.2955,28.7211],[79.2958,28.731],[79.3064,28.7424],[79.3208,28.7388],[79.3254,28.7452],[79.3335,28.7392],[79.3412,28.7455],[79.3406,28.7507],[79.3592,28.7525],[79.3654,28.7633],[79.3454,28.7759],[79.3514,28.7852],[79.3677,28.7729],[79.3802,28.7717],[79.3877,28.7843],[79.3732,28.7889],[79.3809,28.8031],[79.3759,28.8064],[79.3798,28.812],[79.3699,28.8169],[79.3647,28.835],[79.3683,28.8403],[79.3788,28.8384],[79.3824,28.834],[79.3787,28.8307],[79.389,28.8275],[79.3866,28.8315],[79.3902,28.8333],[79.4036,28.832],[79.3989,28.8381],[79.4081,28.8409],[79.4098,28.8528],[79.3996,28.8583],[79.3929,28.8513],[79.3803,28.8593],[79.3885,28.8641],[79.4125,28.8645],[79.4152,28.8703],[79.393,28.8795],[79.3852,28.8864],[79.3849,28.8959],[79.3985,28.8962],[79.4188,28.8883],[79.4162,28.9001],[79.4223,28.9012],[79.4281,28.9197],[79.416,28.9278],[79.4191,28.9338],[79.416,28.943],[79.4078,28.9522],[79.3912,28.9476],[79.3854,28.9517],[79.3722,28.9875],[79.3623,28.9815],[79.3648,28.9682],[79.3212,28.972],[79.3122,28.9771],[79.3128,28.9691],[79.3071,28.9667],[79.2524,28.9992]]]}},{"type":"Feature","properties":{"ac_name":"MEERUT SOUTH","ac_no":49,"ac_category":"GEN","st_name":"UTTAR PRADESH"},"geometry":{"type":"Polygon","coordinates":[[[77.6761,28.959],[77.6456,28.958],[77.6465,28.9423],[77.623,28.9354],[77.6185,28.9271],[77.6218,28.9209],[77.6095,28.9179],[77.6087,28.9031],[77.5862,28.8907],[77.5923,28.875],[77.6422,28.8817],[77.6523,28.876],[77.6549,28.8679],[77.664,28.869],[77.6738,28.8766],[77.6807,28.8768],[77.6868,28.8706],[77.7011,28.8752],[77.7294,28.8731],[77.7381,28.8807],[77.7456,28.8993],[77.7607,28.889],[77.7676,28.8937],[77.7713,28.9068],[77.7581,28.9238],[77.7672,28.9256],[77.7698,28.939],[77.7781,28.9485],[77.7645,28.9563],[77.7561,28.9556],[77.7472,28.9433],[77.7407,28.9535],[77.7313,28.9495],[77.724,28.952],[77.7201,28.9353],[77.714,28.9365],[77.7135,28.9492],[77.7071,28.9481],[77.7081,28.9589],[77.7023,28.9432],[77.6968,28.9434],[77.697,28.9509],[77.6877,28.9548],[77.6777,28.9491],[77.6761,28.959]]]}},{"type":"Feature","properties":{"ac_name":"KUNDARKI","ac_no":29,"ac_category":"GEN","st_name":"UTTAR PRADESH"},"geometry":{"type":"Polygon","coordinates":[[[78.916,28.964],[78.8847,28.9591],[78.8759,28.9511],[78.8427,28.9467],[78.8334,28.94],[78.8346,28.9348],[78.827,28.9311],[78.8257,28.9231],[78.8305,28.9124],[78.8408,28.9197],[78.8489,28.916],[78.8579,28.9239],[78.8678,28.9149],[78.861,28.9088],[78.8615,28.8997],[78.8668,28.8967],[78.8518,28.8914],[78.8521,28.8678],[78.8415,28.8654],[78.8399,28.8563],[78.8279,28.8487],[78.8272,28.837],[78.8138,28.826],[78.8083,28.8229],[78.8009,28.8306],[78.7929,28.8187],[78.7842,28.8167],[78.7818,28.8051],[78.7878,28.8022],[78.788,28.7898],[78.7724,28.7924],[78.7703,28.799],[78.7639,28.8015],[78.7482,28.8009],[78.7361,28.806],[78.7237,28.8016],[78.7147,28.8034],[78.7085,28.8139],[78.6986,28.8167],[78.6786,28.8007],[78.6716,28.8044],[78.6755,28.8136],[78.6607,28.8163],[78.661,28.8009],[78.6776,28.7745],[78.677,28.7577],[78.6646,28.7548],[78.6581,28.741],[78.6542,28.6993],[78.6373,28.6755],[78.6448,28.6766],[78.6435,28.6676],[78.6643,28.6478],[78.6816,28.6458],[78.6847,28.6329],[78.6932,28.6314],[78.7132,28.6459],[78.716,28.6561],[78.7219,28.654],[78.7261,28.6611],[78.7373,28.6644],[78.7435,28.6585],[78.7515,28.6655],[78.7559,28.6556],[78.7747,28.6448],[78.7792,28.6522],[78.7867,28.6514],[78.7854,28.6609],[78.8004,28.669],[78.8122,28.6648],[78.8216,28.6793],[78.8297,28.6733],[78.8303,28.6667],[78.8601,28.6599],[78.8671,28.6714],[78.8584,28.6777],[78.8743,28.7004],[78.8696,28.7038],[78.8678,28.7177],[78.873,28.7235],[78.8864,28.7172],[78.8871,28.7065],[78.8799,28.7016],[78.9009,28.6858],[78.9247,28.6983],[78.9438,28.6952],[78.9588,28.703],[78.9668,28.7173],[78.9643,28.73],[78.9729,28.7364],[78.9707,28.741],[78.9994,28.7611],[78.9956,28.7725],[78.9844,28.7751],[78.9824,28.7812],[78.978,28.7778],[78.9744,28.7802],[78.9811,28.7893],[78.9938,28.7952],[78.9933,28.8058],[78.988,28.8095],[78.9986,28.8148],[78.9971,28.824],[78.9878,28.8288],[78.9792,28.826],[78.9817,28.8224],[78.9744,28.8237],[78.9636,28.8327],[78.9732,28.852],[78.9653,28.8487],[78.964,28.8562],[78.9531,28.8641],[78.9489,28.859],[78.9408,28.866],[78.933,28.8651],[78.9383,28.8673],[78.9337,28.8742],[78.9387,28.8751],[78.9323,28.886],[78.9381,28.8903],[78.925,28.8908],[78.9183,28.8967],[78.9168,28.9028],[78.9238,28.9097],[78.9214,28.9255],[78.9234,28.9361],[78.9348,28.9327],[78.9319,28.9384],[78.9355,28.943],[78.928,28.9587],[78.916,28.964]]]}},{"type":"Feature","properties":{"ac_name":"MODI NAGAR","ac_no":57,"ac_category":"GEN","st_name":"UTTAR PRADESH"},"geometry":{"type":"Polygon","coordinates":[[[77.4583,28.9254],[77.4411,28.9255],[77.4429,28.9187],[77.4212,28.8834],[77.4532,28.8667],[77.4499,28.8503],[77.4556,28.8423],[77.4615,28.8458],[77.4667,28.8272],[77.4747,28.8313],[77.4831,28.8248],[77.4787,28.8141],[77.4931,28.8037],[77.4959,28.8069],[77.5008,28.7846],[77.5217,28.7631],[77.5406,28.7665],[77.5546,28.7757],[77.5534,28.771],[77.5656,28.7585],[77.565,28.7429],[77.5738,28.7352],[77.5812,28.7373],[77.5859,28.7273],[77.6102,28.7104],[77.6229,28.7181],[77.6476,28.7142],[77.6582,28.7245],[77.6684,28.7155],[77.6762,28.7208],[77.6866,28.7203],[77.6901,28.732],[77.7015,28.739],[77.6997,28.7428],[77.689,28.7453],[77.6796,28.7626],[77.6846,28.7764],[77.69,28.7746],[77.7074,28.789],[77.7083,28.7989],[77.7092,28.8123],[77.692,28.8235],[77.6997,28.8516],[77.6873,28.8614],[77.6868,28.8706],[77.6807,28.8768],[77.6738,28.8766],[77.664,28.869],[77.6549,28.8679],[77.6523,28.876],[77.6422,28.8817],[77.5923,28.875],[77.5862,28.8907],[77.5821,28.893],[77.5711,28.8869],[77.5505,28.8964],[77.5432,28.8897],[77.5319,28.8877],[77.5011,28.9011],[77.4917,28.8956],[77.4836,28.9011],[77.4566,28.9066],[77.4603,28.9109],[77.4583,28.9254]]]}},{"type":"Feature","properties":{"ac_name":"AMROHA","ac_no":41,"ac_category":"GEN","st_name":"UTTAR PRADESH"},"geometry":{"type":"Polygon","coordinates":[[[78.64,28.8734],[78.6199,28.8732],[78.624,28.8687],[78.5993,28.8724],[78.5967,28.8776],[78.5889,28.8793],[78.5902,28.8947],[78.5683,28.8949],[78.5561,28.8994],[78.55,28.8907],[78.5514,28.8851],[78.5354,28.8932],[78.5334,28.887],[78.5288,28.8869],[78.5019,28.9047],[78.4972,28.9181],[78.5002,28.9433],[78.4713,28.942],[78.4677,28.9492],[78.4617,28.9427],[78.4524,28.9514],[78.4468,28.9367],[78.458,28.9284],[78.4514,28.93],[78.4456,28.9186],[78.4327,28.9096],[78.438,28.9027],[78.4316,28.8958],[78.4463,28.8803],[78.4443,28.8735],[78.4521,28.8685],[78.4279,28.841],[78.439,28.826],[78.4335,28.82],[78.4247,28.8246],[78.4189,28.8146],[78.4022,28.821],[78.3939,28.8033],[78.399,28.7953],[78.4082,28.7966],[78.4075,28.7895],[78.4164,28.7831],[78.4231,28.7895],[78.4355,28.7792],[78.4452,28.791],[78.4582,28.7773],[78.4713,28.7768],[78.4833,28.7881],[78.5001,28.7763],[78.5079,28.7881],[78.5194,28.7802],[78.5249,28.7872],[78.5322,28.7854],[78.5364,28.7891],[78.547,28.7843],[78.5491,28.7943],[78.5554,28.7944],[78.5603,28.8001],[78.5672,28.796],[78.5849,28.8059],[78.594,28.8016],[78.6034,28.8095],[78.6085,28.8062],[78.612,28.8102],[78.6176,28.8085],[78.6176,28.8207],[78.6325,28.8427],[78.639,28.8374],[78.6495,28.8461],[78.646,28.8522],[78.6522,28.861],[78.64,28.8734]]]}},{"type":"Feature","properties":{"ac_name":"MURADNAGAR","ac_no":54,"ac_category":"GEN","st_name":"UTTAR PRADESH"},"geometry":{"type":"Polygon","coordinates":[[[77.4212,28.8834],[77.4027,28.8751],[77.4083,28.8664],[77.4018,28.8494],[77.4144,28.8395],[77.3908,28.8282],[77.4024,28.8216],[77.4059,28.8138],[77.395,28.8035],[77.4032,28.7977],[77.4057,28.7822],[77.421,28.7712],[77.4252,28.7544],[77.4173,28.7523],[77.4079,28.758],[77.3953,28.7384],[77.3695,28.7472],[77.3593,28.7243],[77.3659,28.7149],[77.3619,28.7058],[77.3682,28.6982],[77.3724,28.6946],[77.3962,28.6931],[77.3958,28.7004],[77.4265,28.716],[77.4278,28.728],[77.4376,28.7355],[77.4333,28.7396],[77.4404,28.7449],[77.4371,28.7481],[77.4492,28.7554],[77.4664,28.7407],[77.4656,28.7339],[77.4907,28.7243],[77.4971,28.7153],[77.5053,28.7185],[77.5084,28.7256],[77.5225,28.7192],[77.5285,28.7232],[77.5399,28.7206],[77.5392,28.7389],[77.5205,28.7575],[77.5217,28.7631],[77.5008,28.7846],[77.4959,28.8069],[77.4931,28.8037],[77.4787,28.8141],[77.4831,28.8248],[77.4747,28.8313],[77.4667,28.8272],[77.4615,28.8458],[77.4556,28.8423],[77.4499,28.8503],[77.4532,28.8667],[77.4212,28.8834]]]}},{"type":"Feature","properties":{"ac_name":"GARHMUKTESHWAR","ac_no":60,"ac_category":"GEN","st_name":"UTTAR PRADESH"},"geometry":{"type":"Polygon","coordinates":[[[78.0134,28.8708],[78.004,28.86],[78.0027,28.8507],[77.9941,28.8511],[77.9857,28.8579],[77.9747,28.8562],[77.9623,28.8409],[77.9526,28.8418],[77.948,28.8469],[77.9332,28.8342],[77.9256,28.8402],[77.9297,28.8446],[77.9257,28.8533],[77.9152,28.8597],[77.8925,28.868],[77.8832,28.8568],[77.8681,28.864],[77.8635,28.847],[77.8538,28.8339],[77.8644,28.8199],[77.8617,28.7952],[77.8725,28.7738],[77.8651,28.769],[77.8618,28.7547],[77.8679,28.7485],[77.8569,28.7398],[77.8674,28.7405],[77.8786,28.7298],[77.8878,28.7331],[77.8886,28.7397],[77.8954,28.7432],[77.9034,28.733],[77.9068,28.718],[77.9104,28.7169],[77.9137,28.7229],[77.9252,28.7129],[77.9248,28.7053],[77.9394,28.7044],[77.9493,28.7018],[77.9622,28.7153],[77.9724,28.7127],[77.9864,28.6983],[77.9942,28.7019],[78.0096,28.6988],[78.0177,28.6834],[78.0676,28.6666],[78.0747,28.6753],[78.0813,28.6731],[78.0899,28.6628],[78.0901,28.6535],[78.1218,28.6426],[78.13,28.6357],[78.1378,28.6449],[78.1513,28.6453],[78.1725,28.629],[78.1864,28.628],[78.1847,28.6433],[78.1992,28.6723],[78.196,28.6834],[78.1797,28.6979],[78.1782,28.7108],[78.1676,28.7135],[78.1614,28.7233],[78.1679,28.7315],[78.1688,28.7474],[78.153,28.7542],[78.1375,28.775],[78.1256,28.798],[78.1303,28.8019],[78.124,28.8196],[78.1259,28.8315],[78.1205,28.8339],[78.1216,28.8402],[78.1149,28.8414],[78.1192,28.8747],[78.096,28.8782],[78.093,28.8732],[78.0719,28.8751],[78.0439,28.8839],[78.0328,28.878],[78.0285,28.8797],[78.0196,28.8699],[78.0134,28.8708]]]}},{"type":"Feature","properties":{"ac_name":"BAHERI","ac_no":118,"ac_category":"GEN","st_name":"UTTAR PRADESH"},"geometry":{"type":"Polygon","coordinates":[[[79.4985,28.8721],[79.4787,28.8712],[79.4771,28.8646],[79.452,28.8716],[79.4415,28.8618],[79.4257,28.8666],[79.4311,28.887],[79.4232,28.8933],[79.4223,28.9012],[79.4162,28.9001],[79.4188,28.8883],[79.3985,28.8962],[79.3849,28.8959],[79.3852,28.8864],[79.393,28.8795],[79.4152,28.8703],[79.4125,28.8645],[79.3885,28.8641],[79.3803,28.8593],[79.3929,28.8513],[79.3996,28.8583],[79.4098,28.8528],[79.4081,28.8409],[79.3989,28.8381],[79.4036,28.832],[79.3902,28.8333],[79.3866,28.8315],[79.389,28.8275],[79.3787,28.8307],[79.3824,28.834],[79.3788,28.8384],[79.3683,28.8403],[79.3647,28.835],[79.3699,28.8169],[79.3798,28.812],[79.3759,28.8064],[79.3809,28.8031],[79.3732,28.7889],[79.3877,28.7843],[79.3802,28.7717],[79.3852,28.7573],[79.3854,28.7451],[79.3793,28.7354],[79.3834,28.7289],[79.3771,28.7172],[79.3564,28.7066],[79.3625,28.6974],[79.3671,28.6983],[79.3826,28.7167],[79.3986,28.7269],[79.4048,28.7416],[79.3972,28.7581],[79.4005,28.7633],[79.4066,28.763],[79.4206,28.7446],[79.4166,28.7368],[79.4215,28.7375],[79.4226,28.7255],[79.4315,28.7255],[79.4379,28.7184],[79.4455,28.7253],[79.4558,28.714],[79.4624,28.7249],[79.4675,28.7224],[79.4668,28.7164],[79.4764,28.7168],[79.4793,28.7116],[79.4868,28.7221],[79.4806,28.7267],[79.492,28.735],[79.4813,28.7412],[79.496,28.7598],[79.5049,28.7604],[79.5251,28.7485],[79.5324,28.7507],[79.5332,28.7439],[79.5216,28.7344],[79.528,28.7172],[79.5311,28.7141],[79.5447,28.7279],[79.5552,28.7126],[79.5421,28.6958],[79.5471,28.69],[79.5444,28.6837],[79.5352,28.6804],[79.5194,28.6822],[79.5168,28.667],[79.55,28.6512],[79.539,28.63],[79.5412,28.6178],[79.5574,28.62],[79.5603,28.6124],[79.5698,28.6074],[79.5798,28.6273],[79.6215,28.6413],[79.623,28.6537],[79.6338,28.6704],[79.6267,28.6768],[79.6278,28.6871],[79.6407,28.6965],[79.6551,28.7199],[79.6737,28.7197],[79.69,28.7401],[79.686,28.7478],[79.6899,28.7534],[79.6744,28.7589],[79.6733,28.7659],[79.6677,28.766],[79.6787,28.7917],[79.6736,28.7955],[79.6771,28.8207],[79.6687,28.838],[79.6774,28.849],[79.6835,28.85],[79.684,28.8558],[79.6638,28.8622],[79.6661,28.8659],[79.6562,28.8699],[79.6449,28.8633],[79.6358,28.8667],[79.6299,28.8612],[79.6268,28.8658],[79.6218,28.8646],[79.6129,28.853],[79.6037,28.857],[79.5841,28.8463],[79.5738,28.8552],[79.584,28.8791],[79.5774,28.8888],[79.5701,28.8873],[79.5711,28.8927],[79.5564,28.8991],[79.554,28.8942],[79.5419,28.8847],[79.5333,28.8698],[79.5225,28.8649],[79.51,28.8648],[79.4985,28.8721]]]}},{"type":"Feature","properties":{"ac_name":"MORADABAD NAGAR","ac_no":28,"ac_category":"GEN","st_name":"UTTAR PRADESH"},"geometry":{"type":"Polygon","coordinates":[[[78.7689,28.8633],[78.7691,28.8695],[78.7626,28.8753],[78.7494,28.8679],[78.7496,28.8801],[78.7434,28.887],[78.7205,28.8789],[78.724,28.8641],[78.7383,28.8517],[78.7437,28.8396],[78.7282,28.846],[78.7265,28.8378],[78.7357,28.8308],[78.7505,28.836],[78.7535,28.8326],[78.7477,28.8263],[78.7627,28.8228],[78.7632,28.8161],[78.7819,28.8242],[78.7693,28.8512],[78.7689,28.8633]]]}},{"type":"Feature","properties":{"ac_name":"LONI","ac_no":53,"ac_category":"GEN","st_name":"UTTAR PRADESH"},"geometry":{"type":"Polygon","coordinates":[[[77.2226,28.8334],[77.2185,28.8088],[77.2009,28.8114],[77.1995,28.7977],[77.2139,28.7855],[77.2141,28.7854],[77.2333,28.7841],[77.2217,28.7778],[77.2357,28.7712],[77.2353,28.7611],[77.2562,28.7561],[77.2558,28.7389],[77.2613,28.7343],[77.2758,28.7358],[77.2865,28.7246],[77.2909,28.7216],[77.2866,28.7138],[77.2965,28.7043],[77.3056,28.7134],[77.3314,28.7128],[77.325,28.7076],[77.3239,28.6977],[77.3263,28.6948],[77.3451,28.6934],[77.3682,28.6982],[77.3619,28.7058],[77.3659,28.7149],[77.3593,28.7243],[77.3695,28.7472],[77.3953,28.7384],[77.4079,28.758],[77.4173,28.7523],[77.4252,28.7544],[77.421,28.7712],[77.4057,28.7822],[77.3955,28.7769],[77.3625,28.7866],[77.3591,28.7975],[77.3479,28.8059],[77.3426,28.7954],[77.3238,28.802],[77.3194,28.7954],[77.3042,28.791],[77.2962,28.801],[77.2991,28.8094],[77.2915,28.8134],[77.2927,28.8275],[77.2814,28.8341],[77.258,28.8345],[77.249,28.8228],[77.2297,28.8232],[77.2226,28.8334]]]}},{"type":"Feature","properties":{"ac_name":"PILIBHIT","ac_no":127,"ac_category":"GEN","st_name":"UTTAR PRADESH"},"geometry":{"type":"Polygon","coordinates":[[[79.822,28.8863],[79.8147,28.8862],[79.8146,28.8825],[79.7998,28.8867],[79.7877,28.872],[79.767,28.8767],[79.76,28.871],[79.7492,28.8718],[79.7455,28.8598],[79.7366,28.8564],[79.7262,28.8608],[79.7201,28.8459],[79.7099,28.8512],[79.7063,28.8409],[79.6835,28.85],[79.6774,28.849],[79.6687,28.838],[79.6771,28.8207],[79.6736,28.7955],[79.6787,28.7917],[79.6677,28.766],[79.6733,28.7659],[79.6744,28.7589],[79.6899,28.7534],[79.686,28.7478],[79.69,28.7401],[79.6737,28.7197],[79.6551,28.7199],[79.6407,28.6965],[79.6278,28.6871],[79.6267,28.6768],[79.6338,28.6704],[79.623,28.6537],[79.6215,28.6413],[79.636,28.6336],[79.6228,28.6207],[79.6261,28.6115],[79.6331,28.6093],[79.6336,28.5989],[79.6412,28.595],[79.6708,28.6069],[79.6819,28.5969],[79.6778,28.5867],[79.6904,28.5816],[79.7069,28.5844],[79.7091,28.5782],[79.7017,28.5757],[79.7061,28.5722],[79.6951,28.5713],[79.6869,28.5576],[79.6953,28.5455],[79.7182,28.5561],[79.723,28.5547],[79.7155,28.5324],[79.7079,28.5337],[79.7131,28.5308],[79.7082,28.5268],[79.7142,28.5218],[79.7264,28.5378],[79.7481,28.5472],[79.7367,28.5476],[79.7372,28.5506],[79.7501,28.5537],[79.7593,28.562],[79.7626,28.5741],[79.7512,28.5866],[79.7774,28.6114],[79.7819,28.6306],[79.7922,28.6428],[79.808,28.6364],[79.814,28.6392],[79.8125,28.6549],[79.7925,28.6619],[79.7997,28.6704],[79.7967,28.6739],[79.8058,28.6776],[79.801,28.6904],[79.8178,28.6858],[79.8368,28.7014],[79.8184,28.7141],[79.8091,28.7149],[79.8055,28.7226],[79.783,28.7162],[79.7806,28.7271],[79.7741,28.723],[79.7682,28.73],[79.7742,28.736],[79.782,28.7369],[79.7825,28.7284],[79.7863,28.7337],[79.785,28.7496],[79.8015,28.7732],[79.8123,28.7799],[79.8105,28.7988],[79.8089,28.8064],[79.8148,28.8149],[79.8239,28.8079],[79.8347,28.8255],[79.8333,28.8321],[79.8252,28.831],[79.8286,28.8346],[79.8255,28.8407],[79.8341,28.8398],[79.8301,28.8543],[79.8426,28.8509],[79.8478,28.8584],[79.8416,28.8774],[79.838,28.878],[79.8383,28.8726],[79.8313,28.8727],[79.8323,28.8824],[79.822,28.8863]]]}},{"type":"Feature","properties":{"ac_name":"ASMOLI","ac_no":32,"ac_category":"GEN","st_name":"UTTAR PRADESH"},"geometry":{"type":"Polygon","coordinates":[[[78.6513,28.8366],[78.6495,28.8461],[78.639,28.8374],[78.6325,28.8427],[78.6176,28.8207],[78.6176,28.8085],[78.612,28.8102],[78.6085,28.8062],[78.6034,28.8095],[78.594,28.8016],[78.5849,28.8059],[78.5672,28.796],[78.5603,28.8001],[78.5554,28.7944],[78.5491,28.7943],[78.547,28.7843],[78.5364,28.7891],[78.5322,28.7854],[78.5249,28.7872],[78.5194,28.7802],[78.5079,28.7881],[78.5001,28.7763],[78.4833,28.7881],[78.4713,28.7768],[78.4582,28.7773],[78.4452,28.791],[78.4355,28.7792],[78.4231,28.7895],[78.4164,28.7831],[78.4073,28.7796],[78.4102,28.7719],[78.423,28.7626],[78.4237,28.7548],[78.4193,28.752],[78.4238,28.7519],[78.4091,28.7471],[78.4127,28.7432],[78.4076,28.7358],[78.4153,28.7246],[78.4169,28.7086],[78.412,28.7012],[78.4152,28.6974],[78.4063,28.6911],[78.4196,28.6817],[78.4188,28.6745],[78.4236,28.6705],[78.4022,28.6515],[78.4116,28.6137],[78.4191,28.6158],[78.4324,28.609],[78.4258,28.5978],[78.44,28.5862],[78.4293,28.5778],[78.4287,28.5619],[78.4231,28.5548],[78.4339,28.5412],[78.42,28.5314],[78.4138,28.5199],[78.4267,28.5078],[78.4209,28.4952],[78.4261,28.4822],[78.4123,28.461],[78.443,28.4662],[78.4544,28.4525],[78.4494,28.4423],[78.4536,28.4329],[78.465,28.4318],[78.4856,28.4158],[78.4913,28.4191],[78.4891,28.3767],[78.5031,28.3733],[78.5089,28.3618],[78.523,28.3503],[78.5304,28.3525],[78.5439,28.3459],[78.5577,28.352],[78.5766,28.3357],[78.5964,28.3443],[78.611,28.3353],[78.6101,28.3298],[78.6193,28.327],[78.6266,28.3307],[78.6256,28.342],[78.6327,28.351],[78.6153,28.3623],[78.6158,28.3865],[78.6021,28.3965],[78.6077,28.4064],[78.605,28.4108],[78.6233,28.4148],[78.6217,28.4279],[78.6354,28.4322],[78.6383,28.4399],[78.6216,28.4508],[78.6119,28.4432],[78.6015,28.4471],[78.5969,28.47],[78.602,28.4774],[78.6149,28.4818],[78.6161,28.5163],[78.6027,28.527],[78.5956,28.5248],[78.5906,28.5368],[78.5606,28.5563],[78.5439,28.551],[78.5458,28.5656],[78.5416,28.5705],[78.5337,28.5615],[78.5254,28.5594],[78.5128,28.5786],[78.512,28.6036],[78.4927,28.6054],[78.4861,28.6137],[78.5027,28.6427],[78.508,28.642],[78.5156,28.6513],[78.5256,28.6475],[78.5333,28.6707],[78.5486,28.6769],[78.5472,28.6894],[78.5439,28.6872],[78.5274,28.6938],[78.5307,28.6993],[78.5382,28.7041],[78.5499,28.7247],[78.5609,28.7254],[78.5654,28.7371],[78.5744,28.738],[78.5809,28.7473],[78.5867,28.745],[78.5999,28.7668],[78.6176,28.7751],[78.6119,28.7823],[78.62,28.7914],[78.6162,28.7982],[78.6333,28.8156],[78.6309,28.8229],[78.6513,28.8366]]]}},{"type":"Feature","properties":{"ac_name":"RAMPUR","ac_no":37,"ac_category":"GEN","st_name":"UTTAR PRADESH"},"geometry":{"type":"Polygon","coordinates":[[[78.9744,28.8237],[78.9817,28.8224],[78.9792,28.826],[78.9878,28.8288],[78.9971,28.824],[78.9986,28.8148],[78.988,28.8095],[78.9933,28.8058],[78.9938,28.7952],[78.9811,28.7893],[78.9744,28.7802],[78.978,28.7778],[78.9824,28.7812],[78.9844,28.7751],[78.9956,28.7725],[78.9994,28.7611],[78.9707,28.741],[78.9729,28.7364],[78.9643,28.73],[78.9668,28.7173],[78.9588,28.703],[78.9438,28.6952],[78.9247,28.6983],[78.9287,28.6901],[78.938,28.6867],[78.9411,28.6765],[78.9487,28.6726],[78.9628,28.679],[78.9718,28.6705],[78.9883,28.6725],[78.9964,28.6589],[79.0029,28.6681],[79.0171,28.6649],[79.015,28.6731],[79.0281,28.6709],[79.0342,28.6813],[79.0424,28.6843],[79.0584,28.66],[79.0788,28.6759],[79.0837,28.6889],[79.0809,28.7012],[79.0964,28.7038],[79.0963,28.7168],[79.0909,28.7209],[79.0854,28.7185],[79.0834,28.7273],[79.0868,28.7397],[79.096,28.7452],[79.0894,28.7547],[79.094,28.7647],[79.0608,28.7752],[79.0577,28.7578],[79.0722,28.7528],[79.0668,28.7374],[79.0745,28.731],[79.0578,28.7304],[79.034,28.7406],[79.0303,28.755],[79.0457,28.7551],[79.0369,28.7676],[79.0191,28.7719],[79.0125,28.7824],[79.0228,28.8076],[79.0202,28.8209],[79.0111,28.8216],[79.006,28.8312],[78.9947,28.8345],[78.9989,28.841],[78.9925,28.8476],[78.9888,28.8478],[78.9744,28.8237]]]}},{"type":"Feature","properties":{"ac_name":"HASANPUR","ac_no":42,"ac_category":"GEN","st_name":"UTTAR PRADESH"},"geometry":{"type":"Polygon","coordinates":[[[78.2529,28.8245],[78.2513,28.8203],[78.2327,28.8222],[78.2148,28.8148],[78.2107,28.8293],[78.2036,28.8197],[78.1869,28.8168],[78.1785,28.8006],[78.1564,28.8002],[78.1375,28.775],[78.153,28.7542],[78.1688,28.7474],[78.1679,28.7315],[78.1614,28.7233],[78.1676,28.7135],[78.1782,28.7108],[78.1797,28.6979],[78.196,28.6834],[78.1992,28.6723],[78.1847,28.6433],[78.1864,28.628],[78.1889,28.6146],[78.2038,28.5901],[78.2048,28.5808],[78.1987,28.5739],[78.2089,28.5305],[78.22,28.5206],[78.2299,28.52],[78.2413,28.5072],[78.2564,28.5019],[78.2525,28.4859],[78.2568,28.4792],[78.2658,28.4563],[78.2849,28.4516],[78.2872,28.4366],[78.296,28.4259],[78.3029,28.4404],[78.3182,28.4332],[78.3384,28.4371],[78.3537,28.4539],[78.38,28.4717],[78.3854,28.4687],[78.3916,28.4751],[78.4002,28.4734],[78.4123,28.461],[78.4261,28.4822],[78.4209,28.4952],[78.4267,28.5078],[78.4138,28.5199],[78.42,28.5314],[78.4339,28.5412],[78.4231,28.5548],[78.4287,28.5619],[78.4293,28.5778],[78.44,28.5862],[78.4258,28.5978],[78.4324,28.609],[78.4191,28.6158],[78.4116,28.6137],[78.4022,28.6515],[78.4236,28.6705],[78.4188,28.6745],[78.4196,28.6817],[78.4063,28.6911],[78.4152,28.6974],[78.412,28.7012],[78.4169,28.7086],[78.4153,28.7246],[78.4059,28.7209],[78.4045,28.7152],[78.3946,28.7195],[78.3848,28.7124],[78.3653,28.7263],[78.3588,28.7214],[78.3526,28.7254],[78.3389,28.7171],[78.3335,28.7196],[78.3346,28.73],[78.3282,28.7377],[78.3169,28.7417],[78.3094,28.7397],[78.2962,28.7493],[78.2993,28.7551],[78.291,28.7618],[78.2699,28.7603],[78.2675,28.7664],[78.2533,28.7741],[78.2547,28.7854],[78.2421,28.7994],[78.2612,28.8229],[78.2529,28.8245]]]}},{"type":"Feature","properties":{"ac_name":"SAMBHAL","ac_no":33,"ac_category":"GEN","st_name":"UTTAR PRADESH"},"geometry":{"type":"Polygon","coordinates":[[[78.6509,28.8228],[78.6467,28.8286],[78.6513,28.8366],[78.6309,28.8229],[78.6333,28.8156],[78.6162,28.7982],[78.62,28.7914],[78.6119,28.7823],[78.6176,28.7751],[78.5999,28.7668],[78.5867,28.745],[78.5809,28.7473],[78.5744,28.738],[78.5654,28.7371],[78.5609,28.7254],[78.5499,28.7247],[78.5382,28.7041],[78.5307,28.6993],[78.5274,28.6938],[78.5439,28.6872],[78.5472,28.6894],[78.5486,28.6769],[78.5333,28.6707],[78.5256,28.6475],[78.5156,28.6513],[78.508,28.642],[78.5027,28.6427],[78.4861,28.6137],[78.4927,28.6054],[78.512,28.6036],[78.5128,28.5786],[78.5254,28.5594],[78.5337,28.5615],[78.5416,28.5705],[78.5458,28.5656],[78.5439,28.551],[78.5606,28.5563],[78.5906,28.5368],[78.5956,28.5248],[78.6027,28.527],[78.6161,28.5163],[78.6196,28.5288],[78.6348,28.5397],[78.6434,28.5338],[78.6503,28.5405],[78.6659,28.5336],[78.6727,28.5348],[78.6683,28.5479],[78.6834,28.558],[78.6881,28.5802],[78.693,28.5824],[78.7037,28.5766],[78.6997,28.589],[78.7019,28.6065],[78.6807,28.6178],[78.6847,28.6329],[78.6816,28.6458],[78.6643,28.6478],[78.6435,28.6676],[78.6448,28.6766],[78.6373,28.6755],[78.6542,28.6993],[78.6581,28.741],[78.6646,28.7548],[78.677,28.7577],[78.6776,28.7745],[78.661,28.8009],[78.6607,28.8163],[78.6575,28.8221],[78.6509,28.8228]]]}},{"type":"Feature","properties":{"ac_name":"HAPUR","ac_no":59,"ac_category":"SC","st_name":"UTTAR PRADESH"},"geometry":{"type":"Polygon","coordinates":[[[77.8605,28.7931],[77.8518,28.8008],[77.8362,28.8046],[77.8292,28.7999],[77.8237,28.8031],[77.7981,28.7857],[77.7872,28.79],[77.7764,28.7783],[77.7806,28.7699],[77.758,28.7559],[77.7528,28.7404],[77.7572,28.7238],[77.7454,28.7182],[77.7273,28.69],[77.7314,28.675],[77.7425,28.6711],[77.7371,28.6634],[77.7462,28.6595],[77.7476,28.6522],[77.7366,28.6406],[77.7166,28.6472],[77.7095,28.6378],[77.7467,28.6197],[77.7407,28.6043],[77.7349,28.604],[77.7302,28.5972],[77.7414,28.5869],[77.7344,28.5838],[77.7393,28.5795],[77.7528,28.5784],[77.7653,28.5899],[77.7774,28.5869],[77.7958,28.6171],[77.8044,28.6242],[77.8203,28.6277],[77.8282,28.629],[77.833,28.6331],[77.8468,28.6405],[77.8554,28.6553],[77.8675,28.6441],[77.8722,28.6463],[77.895,28.6332],[77.9024,28.6336],[77.9002,28.6404],[77.9115,28.6516],[77.9003,28.6569],[77.9002,28.6653],[77.905,28.6693],[77.9126,28.6678],[77.9145,28.6778],[77.931,28.7002],[77.9394,28.7044],[77.9248,28.7053],[77.9252,28.7129],[77.9137,28.7229],[77.9104,28.7169],[77.9068,28.718],[77.9034,28.733],[77.8954,28.7432],[77.8886,28.7397],[77.8878,28.7331],[77.8786,28.7298],[77.8674,28.7405],[77.8569,28.7398],[77.8679,28.7485],[77.8618,28.7547],[77.8651,28.769],[77.8725,28.7738],[77.8617,28.7952],[77.8605,28.7931]]]}},{"type":"Feature","properties":{"ac_name":"BARKHERA","ac_no":128,"ac_category":"GEN","st_name":"UTTAR PRADESH"},"geometry":{"type":"Polygon","coordinates":[[[79.8504,28.8056],[79.8491,28.7997],[79.8412,28.8041],[79.838,28.7979],[79.8267,28.7953],[79.8242,28.7988],[79.8202,28.796],[79.8147,28.803],[79.8144,28.7975],[79.8105,28.7988],[79.8123,28.7799],[79.8015,28.7732],[79.785,28.7496],[79.7863,28.7337],[79.7825,28.7284],[79.782,28.7369],[79.7742,28.736],[79.7682,28.73],[79.7741,28.723],[79.7806,28.7271],[79.783,28.7162],[79.8055,28.7226],[79.8091,28.7149],[79.8184,28.7141],[79.8368,28.7014],[79.8178,28.6858],[79.801,28.6904],[79.8058,28.6776],[79.7967,28.6739],[79.7997,28.6704],[79.7925,28.6619],[79.8125,28.6549],[79.814,28.6392],[79.808,28.6364],[79.7922,28.6428],[79.7819,28.6306],[79.7774,28.6114],[79.7512,28.5866],[79.7626,28.5741],[79.7593,28.562],[79.7501,28.5537],[79.7372,28.5506],[79.7367,28.5476],[79.7481,28.5472],[79.7264,28.5378],[79.7142,28.5218],[79.7354,28.5121],[79.7286,28.5181],[79.7296,28.5228],[79.7375,28.5301],[79.7515,28.5291],[79.7545,28.5111],[79.7817,28.5021],[79.7839,28.4867],[79.7763,28.4745],[79.7756,28.4616],[79.7915,28.4413],[79.7786,28.4333],[79.7703,28.434],[79.7736,28.4396],[79.7676,28.4511],[79.7566,28.4529],[79.7516,28.4479],[79.7535,28.4263],[79.7596,28.4323],[79.7725,28.4258],[79.7595,28.4179],[79.7608,28.4084],[79.7895,28.4054],[79.7923,28.3923],[79.8075,28.3834],[79.8071,28.3922],[79.8291,28.3845],[79.8323,28.3903],[79.8389,28.3858],[79.8447,28.3924],[79.8603,28.3889],[79.8591,28.3999],[79.8641,28.4034],[79.8764,28.3976],[79.8842,28.4013],[79.8706,28.4111],[79.8866,28.4216],[79.9106,28.4145],[79.9319,28.4023],[79.9643,28.3717],[80.0073,28.3779],[80.0028,28.3834],[80.0062,28.3999],[80.0194,28.4182],[80.0356,28.4237],[80.0302,28.4395],[80.0315,28.4544],[80.0479,28.476],[80.0372,28.4932],[80.0373,28.503],[80.0509,28.5266],[80.0505,28.5357],[80.0619,28.5346],[80.0692,28.5441],[80.0687,28.5497],[80.0589,28.5493],[80.0474,28.5569],[80.0503,28.5679],[80.0578,28.5732],[80.0368,28.5848],[80.0303,28.6064],[80.0167,28.6071],[79.988,28.6284],[79.9624,28.6271],[79.9625,28.639],[79.9708,28.6447],[79.9782,28.6619],[80.0191,28.671],[80.0268,28.6771],[80.0271,28.6954],[80.0169,28.7042],[80.0135,28.7137],[80.0181,28.7205],[80.0066,28.7411],[79.9535,28.7225],[79.9436,28.7341],[79.9439,28.7482],[79.9387,28.75],[79.9434,28.76],[79.933,28.7625],[79.9235,28.7732],[79.9402,28.7875],[79.9267,28.7897],[79.9182,28.7823],[79.9102,28.7854],[79.901,28.7821],[79.8729,28.7978],[79.8695,28.8082],[79.8791,28.8151],[79.9059,28.8031],[79.9159,28.8041],[79.9108,28.8116],[79.9141,28.8186],[79.8931,28.8205],[79.8942,28.831],[79.8878,28.837],[79.8829,28.8373],[79.8786,28.8306],[79.8731,28.8323],[79.8717,28.8397],[79.863,28.8404],[79.8604,28.8311],[79.8466,28.8243],[79.8467,28.8172],[79.8528,28.8145],[79.8461,28.81],[79.8508,28.81],[79.8504,28.8056]]]}},{"type":"Feature","properties":{"ac_name":"PURANPUR","ac_no":129,"ac_category":"SC","st_name":"UTTAR PRADESH"},"geometry":{"type":"Polygon","coordinates":[[[80.0651,28.8362],[80.0597,28.8248],[80.0522,28.8204],[80.0666,28.8035],[80.0604,28.7827],[80.0323,28.7515],[80.0066,28.7411],[80.0181,28.7205],[80.0135,28.7137],[80.0169,28.7042],[80.0271,28.6954],[80.0268,28.6771],[80.0191,28.671],[79.9782,28.6619],[79.9708,28.6447],[79.9625,28.639],[79.9624,28.6271],[79.988,28.6284],[80.0167,28.6071],[80.0303,28.6064],[80.0368,28.5848],[80.0578,28.5732],[80.0503,28.5679],[80.0474,28.5569],[80.0589,28.5493],[80.0687,28.5497],[80.0692,28.5441],[80.0619,28.5346],[80.0505,28.5357],[80.0509,28.5266],[80.0373,28.503],[80.0372,28.4932],[80.0479,28.476],[80.0315,28.4544],[80.0302,28.4395],[80.0356,28.4237],[80.0194,28.4182],[80.0062,28.3999],[80.0028,28.3834],[80.0073,28.3779],[80.0114,28.3801],[80.0477,28.3693],[80.0638,28.3498],[80.084,28.3803],[80.0899,28.3796],[80.0972,28.3874],[80.0949,28.3988],[80.1452,28.402],[80.1638,28.3836],[80.1688,28.3653],[80.18,28.3632],[80.1839,28.358],[80.1956,28.3632],[80.2017,28.372],[80.1991,28.3872],[80.2035,28.396],[80.2105,28.3998],[80.2321,28.3949],[80.2539,28.4216],[80.2536,28.4315],[80.2462,28.4428],[80.2508,28.4499],[80.2435,28.4589],[80.2455,28.4681],[80.2922,28.4697],[80.3084,28.4638],[80.3348,28.492],[80.3497,28.4897],[80.3687,28.4712],[80.3715,28.477],[80.39,28.4693],[80.402,28.4861],[80.4204,28.4878],[80.4228,28.4918],[80.4328,28.4904],[80.4329,28.4997],[80.4495,28.5138],[80.4507,28.523],[80.445,28.5293],[80.432,28.5305],[80.4089,28.5682],[80.4012,28.572],[80.3981,28.5875],[80.3912,28.5897],[80.3972,28.6019],[80.3946,28.608],[80.3722,28.6037],[80.3652,28.6165],[80.3459,28.6306],[80.3299,28.6288],[80.3183,28.6329],[80.3279,28.6723],[80.3213,28.6966],[80.2988,28.707],[80.2781,28.7097],[80.2606,28.7248],[80.2691,28.7436],[80.2606,28.7535],[80.246,28.7583],[80.2227,28.7557],[80.2091,28.76],[80.1318,28.8222],[80.1175,28.826],[80.0806,28.8237],[80.0688,28.8293],[80.0651,28.8362]]]}},{"type":"Feature","properties":{"ac_name":"DHOLANA","ac_no":58,"ac_category":"GEN","st_name":"UTTAR PRADESH"},"geometry":{"type":"Polygon","coordinates":[[[77.5534,28.771],[77.5546,28.7757],[77.5406,28.7665],[77.5217,28.7631],[77.5205,28.7575],[77.5392,28.7389],[77.5399,28.7206],[77.5285,28.7232],[77.5225,28.7192],[77.5084,28.7256],[77.5053,28.7185],[77.4971,28.7153],[77.4907,28.7243],[77.4656,28.7339],[77.4664,28.7407],[77.4492,28.7554],[77.4371,28.7481],[77.4404,28.7449],[77.4333,28.7396],[77.4376,28.7355],[77.4278,28.728],[77.4265,28.716],[77.3958,28.7004],[77.3962,28.6931],[77.4193,28.6995],[77.4251,28.7014],[77.4489,28.6926],[77.4587,28.6842],[77.4495,28.6715],[77.465,28.6551],[77.4559,28.6447],[77.4607,28.6368],[77.4471,28.6218],[77.4651,28.6112],[77.4828,28.6275],[77.4915,28.623],[77.5026,28.6248],[77.5232,28.6114],[77.5266,28.617],[77.5225,28.6249],[77.5262,28.6246],[77.5393,28.6154],[77.5308,28.6026],[77.5437,28.5941],[77.5498,28.5988],[77.5486,28.607],[77.5587,28.6094],[77.5635,28.6176],[77.586,28.6074],[77.5881,28.6016],[77.6063,28.5955],[77.62,28.5764],[77.6276,28.5744],[77.6347,28.5766],[77.6439,28.5974],[77.656,28.5828],[77.6693,28.5851],[77.6766,28.576],[77.6765,28.5579],[77.6891,28.5478],[77.6877,28.5566],[77.7133,28.5565],[77.72,28.5501],[77.7338,28.5609],[77.7477,28.5591],[77.7528,28.5784],[77.7393,28.5795],[77.7344,28.5838],[77.7414,28.5869],[77.7302,28.5972],[77.7349,28.604],[77.7407,28.6043],[77.7467,28.6197],[77.7095,28.6378],[77.7166,28.6472],[77.7366,28.6406],[77.7476,28.6522],[77.7462,28.6595],[77.7371,28.6634],[77.7425,28.6711],[77.7314,28.675],[77.7273,28.69],[77.7454,28.7182],[77.7572,28.7238],[77.7528,28.7404],[77.758,28.7559],[77.7532,28.7483],[77.7397,28.7535],[77.7244,28.7371],[77.7032,28.7461],[77.6997,28.7428],[77.7015,28.739],[77.6901,28.732],[77.6866,28.7203],[77.6762,28.7208],[77.6684,28.7155],[77.6582,28.7245],[77.6476,28.7142],[77.6229,28.7181],[77.6102,28.7104],[77.5859,28.7273],[77.5812,28.7373],[77.5738,28.7352],[77.565,28.7429],[77.5656,28.7585],[77.5534,28.771]]]}},{"type":"Feature","properties":{"ac_name":"MEERGANJ","ac_no":119,"ac_category":"GEN","st_name":"UTTAR PRADESH"},"geometry":{"type":"Polygon","coordinates":[[[79.3802,28.7717],[79.3677,28.7729],[79.3514,28.7852],[79.3454,28.7759],[79.3654,28.7633],[79.3592,28.7525],[79.3406,28.7507],[79.3412,28.7455],[79.3335,28.7392],[79.3254,28.7452],[79.3208,28.7388],[79.3064,28.7424],[79.2958,28.731],[79.2955,28.7211],[79.2771,28.6884],[79.2723,28.69],[79.2553,28.6643],[79.234,28.6585],[79.2378,28.6518],[79.2292,28.6374],[79.2404,28.6331],[79.242,28.6276],[79.2338,28.6156],[79.2214,28.6141],[79.2216,28.6077],[79.2152,28.6017],[79.2185,28.5964],[79.2129,28.5949],[79.2128,28.5801],[79.205,28.5719],[79.1929,28.5702],[79.1916,28.5755],[79.1868,28.5755],[79.1813,28.5673],[79.1656,28.5604],[79.1593,28.5593],[79.163,28.5487],[79.1474,28.5388],[79.1455,28.5308],[79.1297,28.515],[79.124,28.518],[79.1047,28.5085],[79.1206,28.4769],[79.1391,28.4736],[79.1439,28.4653],[79.1661,28.4599],[79.172,28.4473],[79.196,28.4412],[79.2131,28.4199],[79.2174,28.4225],[79.2305,28.4177],[79.2425,28.4068],[79.2594,28.4027],[79.279,28.3889],[79.2932,28.3911],[79.2979,28.3785],[79.3103,28.3808],[79.3245,28.3757],[79.3129,28.3885],[79.3159,28.3913],[79.3197,28.3876],[79.3262,28.3931],[79.3359,28.3809],[79.3452,28.3804],[79.3457,28.3848],[79.3074,28.4199],[79.3064,28.4389],[79.3123,28.4411],[79.3106,28.4532],[79.323,28.4532],[79.3278,28.4611],[79.3545,28.4493],[79.348,28.4599],[79.3544,28.4713],[79.3423,28.4762],[79.3452,28.4965],[79.3569,28.5037],[79.3556,28.5102],[79.3652,28.5099],[79.3748,28.5166],[79.3753,28.5238],[79.3615,28.5294],[79.3599,28.5361],[79.3772,28.5394],[79.3724,28.5447],[79.3827,28.5539],[79.3828,28.5671],[79.3731,28.5745],[79.3696,28.5895],[79.3729,28.596],[79.3635,28.6056],[79.3742,28.611],[79.3678,28.6181],[79.3704,28.6223],[79.3623,28.616],[79.3617,28.6213],[79.3529,28.6235],[79.331,28.6045],[79.3192,28.6128],[79.3153,28.6241],[79.3283,28.634],[79.3097,28.6473],[79.3142,28.6553],[79.3352,28.6611],[79.3369,28.6796],[79.3564,28.7066],[79.3771,28.7172],[79.3834,28.7289],[79.3793,28.7354],[79.3854,28.7451],[79.3852,28.7573],[79.3802,28.7717]]]}},{"type":"Feature","properties":{"ac_name":"BHOJIPURA","ac_no":120,"ac_category":"GEN","st_name":"UTTAR PRADESH"},"geometry":{"type":"Polygon","coordinates":[[[79.4166,28.7368],[79.4206,28.7446],[79.4066,28.763],[79.4005,28.7633],[79.3972,28.7581],[79.4048,28.7416],[79.3986,28.7269],[79.3826,28.7167],[79.3671,28.6983],[79.3625,28.6974],[79.3564,28.7066],[79.3369,28.6796],[79.3352,28.6611],[79.3142,28.6553],[79.3097,28.6473],[79.3283,28.634],[79.3153,28.6241],[79.3192,28.6128],[79.331,28.6045],[79.3529,28.6235],[79.3617,28.6213],[79.3623,28.616],[79.3704,28.6223],[79.3678,28.6181],[79.3742,28.611],[79.3635,28.6056],[79.3729,28.596],[79.3696,28.5895],[79.3731,28.5745],[79.3828,28.5671],[79.3827,28.5539],[79.3724,28.5447],[79.3772,28.5394],[79.3599,28.5361],[79.3615,28.5294],[79.3753,28.5238],[79.3748,28.5166],[79.3652,28.5099],[79.3556,28.5102],[79.3569,28.5037],[79.3452,28.4965],[79.3423,28.4762],[79.3544,28.4713],[79.348,28.4599],[79.3545,28.4493],[79.3278,28.4611],[79.323,28.4532],[79.3106,28.4532],[79.3123,28.4411],[79.3064,28.4389],[79.3074,28.4199],[79.3457,28.3848],[79.3466,28.394],[79.3275,28.4105],[79.3234,28.4301],[79.3278,28.4339],[79.34,28.4318],[79.3456,28.4467],[79.3601,28.4374],[79.366,28.4375],[79.3697,28.4317],[79.3638,28.4289],[79.3647,28.416],[79.3722,28.4164],[79.3821,28.4095],[79.3985,28.4179],[79.4069,28.4127],[79.4165,28.4148],[79.4308,28.4092],[79.437,28.4149],[79.4535,28.4061],[79.442,28.3892],[79.4483,28.3754],[79.4408,28.3667],[79.4487,28.3668],[79.4553,28.3649],[79.4564,28.3546],[79.4662,28.3555],[79.4911,28.3469],[79.4954,28.3535],[79.5016,28.3514],[79.5069,28.3553],[79.5055,28.3708],[79.5112,28.3703],[79.5058,28.3838],[79.5078,28.3942],[79.4951,28.3983],[79.4918,28.4064],[79.4951,28.4098],[79.5076,28.4084],[79.5291,28.4014],[79.5239,28.4252],[79.5369,28.4372],[79.5169,28.4426],[79.5166,28.4491],[79.4953,28.457],[79.4982,28.4688],[79.5085,28.4675],[79.5053,28.4818],[79.4816,28.4874],[79.4717,28.4981],[79.4595,28.4931],[79.4616,28.5113],[79.445,28.5171],[79.453,28.5309],[79.4502,28.5358],[79.4734,28.5638],[79.4804,28.5935],[79.4988,28.6055],[79.5083,28.6068],[79.5139,28.6183],[79.5263,28.6153],[79.5412,28.6178],[79.539,28.63],[79.55,28.6512],[79.5168,28.667],[79.5194,28.6822],[79.5352,28.6804],[79.5444,28.6837],[79.5471,28.69],[79.5421,28.6958],[79.5552,28.7126],[79.5447,28.7279],[79.5311,28.7141],[79.528,28.7172],[79.5216,28.7344],[79.5332,28.7439],[79.5324,28.7507],[79.5251,28.7485],[79.5049,28.7604],[79.496,28.7598],[79.4813,28.7412],[79.492,28.735],[79.4806,28.7267],[79.4868,28.7221],[79.4793,28.7116],[79.4764,28.7168],[79.4668,28.7164],[79.4675,28.7224],[79.4624,28.7249],[79.4558,28.714],[79.4455,28.7253],[79.4379,28.7184],[79.4315,28.7255],[79.4226,28.7255],[79.4215,28.7375],[79.4166,28.7368]]]}},{"type":"Feature","properties":{"ac_name":"GHAZIABAD","ac_no":56,"ac_category":"GEN","st_name":"UTTAR PRADESH"},"geometry":{"type":"Polygon","coordinates":[[[77.4193,28.6995],[77.4331,28.6867],[77.4113,28.6699],[77.3945,28.6712],[77.392,28.6562],[77.3909,28.6373],[77.3988,28.6291],[77.4088,28.6232],[77.4173,28.6275],[77.4422,28.6182],[77.4471,28.6218],[77.4607,28.6368],[77.4559,28.6447],[77.465,28.6551],[77.4495,28.6715],[77.4587,28.6842],[77.4489,28.6926],[77.4251,28.7014],[77.4193,28.6995]]]}},{"type":"Feature","properties":{"ac_name":"SYANA","ac_no":66,"ac_category":"GEN","st_name":"UTTAR PRADESH"},"geometry":{"type":"Polygon","coordinates":[[[77.9394,28.7044],[77.931,28.7002],[77.9145,28.6778],[77.9126,28.6678],[77.905,28.6693],[77.9002,28.6653],[77.9003,28.6569],[77.9115,28.6516],[77.9002,28.6404],[77.9024,28.6336],[77.895,28.6332],[77.8722,28.6463],[77.8675,28.6441],[77.8554,28.6553],[77.8468,28.6405],[77.833,28.6331],[77.8351,28.6284],[77.8431,28.6293],[77.8453,28.623],[77.8642,28.6168],[77.8775,28.6033],[77.901,28.5901],[77.9183,28.5968],[77.9208,28.5844],[77.9367,28.5813],[77.9547,28.5663],[77.9582,28.5573],[77.9708,28.561],[77.982,28.558],[77.9892,28.5627],[78.0209,28.5587],[77.9848,28.5292],[77.9658,28.5309],[77.9609,28.5202],[77.9773,28.5088],[77.9622,28.4976],[77.9567,28.4899],[77.9599,28.4826],[77.9738,28.4802],[77.9952,28.4867],[78.0143,28.469],[78.0113,28.46],[78.0341,28.4594],[78.0419,28.4452],[78.0616,28.4591],[78.0721,28.4493],[78.0889,28.4513],[78.0894,28.4571],[78.0809,28.4631],[78.0819,28.4804],[78.0952,28.4741],[78.1193,28.4731],[78.1297,28.4644],[78.1471,28.4665],[78.1645,28.4544],[78.1747,28.4539],[78.1862,28.4567],[78.1869,28.463],[78.2134,28.4704],[78.2306,28.4595],[78.2568,28.4792],[78.2525,28.4859],[78.2564,28.5019],[78.2413,28.5072],[78.2299,28.52],[78.22,28.5206],[78.2089,28.5305],[78.1987,28.5739],[78.2048,28.5808],[78.2038,28.5901],[78.1889,28.6146],[78.1864,28.628],[78.1725,28.629],[78.1513,28.6453],[78.1378,28.6449],[78.13,28.6357],[78.1218,28.6426],[78.0901,28.6535],[78.0899,28.6628],[78.0813,28.6731],[78.0747,28.6753],[78.0676,28.6666],[78.0177,28.6834],[78.0096,28.6988],[77.9942,28.7019],[77.9864,28.6983],[77.9724,28.7127],[77.9622,28.7153],[77.9493,28.7018],[77.9394,28.7044]]]}},{"type":"Feature","properties":{"ac_name":"SAHIBABAD","ac_no":55,"ac_category":"GEN","st_name":"UTTAR PRADESH"},"geometry":{"type":"Polygon","coordinates":[[[77.3724,28.6946],[77.3682,28.6982],[77.3451,28.6934],[77.3263,28.6948],[77.3322,28.6858],[77.3334,28.681],[77.3239,28.6771],[77.3214,28.6644],[77.3204,28.6583],[77.3276,28.6619],[77.349,28.6581],[77.3583,28.6717],[77.376,28.663],[77.392,28.6562],[77.3945,28.6712],[77.4113,28.6699],[77.4331,28.6867],[77.4193,28.6995],[77.3962,28.6931],[77.3724,28.6946]]]}},{"type":"Feature","properties":{"ac_name":"MILAK","ac_no":38,"ac_category":"SC","st_name":"UTTAR PRADESH"},"geometry":{"type":"Polygon","coordinates":[[[78.9247,28.6983],[78.9009,28.6858],[78.8799,28.7016],[78.8871,28.7065],[78.8864,28.7172],[78.873,28.7235],[78.8678,28.7177],[78.8696,28.7038],[78.8743,28.7004],[78.8584,28.6777],[78.8671,28.6714],[78.8601,28.6599],[78.8955,28.631],[78.9031,28.6104],[78.9252,28.5978],[78.9202,28.5924],[78.9221,28.5842],[78.9375,28.5818],[78.937,28.5684],[78.9586,28.5502],[78.9559,28.5372],[78.9436,28.5349],[78.9438,28.5272],[78.9593,28.5081],[78.9488,28.5001],[78.9498,28.4921],[78.9354,28.4684],[78.9414,28.4599],[78.9425,28.4462],[78.9523,28.4344],[78.9504,28.422],[78.96,28.4173],[78.9698,28.4221],[78.982,28.4358],[79.0003,28.4289],[79.0101,28.4421],[79.0186,28.4381],[79.027,28.4475],[79.0304,28.4458],[79.0331,28.464],[79.0457,28.4665],[79.0527,28.4757],[79.0417,28.4861],[79.0447,28.4888],[79.0693,28.4847],[79.0757,28.4947],[79.0703,28.5029],[79.0744,28.5083],[79.0895,28.5137],[79.1047,28.5085],[79.124,28.518],[79.1297,28.515],[79.1455,28.5308],[79.1474,28.5388],[79.163,28.5487],[79.1593,28.5593],[79.1656,28.5604],[79.161,28.5706],[79.1659,28.5777],[79.1637,28.5832],[79.154,28.5857],[79.1569,28.5899],[79.1512,28.6127],[79.1401,28.6173],[79.1425,28.6259],[79.1278,28.6348],[79.1339,28.6428],[79.1314,28.6492],[79.1213,28.655],[79.1178,28.6443],[79.105,28.6556],[79.1107,28.659],[79.0971,28.6662],[79.0947,28.6751],[79.0788,28.6759],[79.0584,28.66],[79.0424,28.6843],[79.0342,28.6813],[79.0281,28.6709],[79.015,28.6731],[79.0171,28.6649],[79.0029,28.6681],[78.9964,28.6589],[78.9883,28.6725],[78.9718,28.6705],[78.9628,28.679],[78.9487,28.6726],[78.9411,28.6765],[78.938,28.6867],[78.9287,28.6901],[78.9247,28.6983]]]}},{"type":"Feature","properties":{"ac_name":"NOIDA","ac_no":61,"ac_category":"GEN","st_name":"UTTAR PRADESH"},"geometry":{"type":"Polygon","coordinates":[[[77.376,28.663],[77.3583,28.6717],[77.349,28.6581],[77.3276,28.6619],[77.3204,28.6583],[77.3162,28.6409],[77.334,28.6282],[77.3424,28.6222],[77.3412,28.6052],[77.3126,28.5955],[77.2985,28.5806],[77.2968,28.5662],[77.3004,28.5631],[77.303,28.553],[77.3358,28.5261],[77.3433,28.5105],[77.3453,28.5128],[77.3552,28.4993],[77.3619,28.5056],[77.3741,28.5038],[77.3885,28.5137],[77.3989,28.4956],[77.4263,28.5048],[77.455,28.4991],[77.4592,28.5173],[77.4706,28.5165],[77.4671,28.5262],[77.475,28.5356],[77.4636,28.5365],[77.4593,28.5487],[77.4659,28.5565],[77.4748,28.5549],[77.4773,28.5599],[77.4723,28.5669],[77.4667,28.5631],[77.4616,28.5664],[77.4623,28.5901],[77.456,28.5986],[77.4663,28.6049],[77.4651,28.6112],[77.4471,28.6218],[77.4422,28.6182],[77.4173,28.6275],[77.4088,28.6232],[77.3988,28.6291],[77.3909,28.6373],[77.392,28.6562],[77.376,28.663]]]}},{"type":"Feature","properties":{"ac_name":"BILARI","ac_no":30,"ac_category":"GEN","st_name":"UTTAR PRADESH"},"geometry":{"type":"Polygon","coordinates":[[[78.8601,28.6599],[78.8303,28.6667],[78.8297,28.6733],[78.8216,28.6793],[78.8122,28.6648],[78.8004,28.669],[78.7854,28.6609],[78.7867,28.6514],[78.7792,28.6522],[78.7747,28.6448],[78.7559,28.6556],[78.7515,28.6655],[78.7435,28.6585],[78.7373,28.6644],[78.7261,28.6611],[78.7219,28.654],[78.716,28.6561],[78.7132,28.6459],[78.6932,28.6314],[78.6847,28.6329],[78.6807,28.6178],[78.7019,28.6065],[78.6997,28.589],[78.7037,28.5766],[78.693,28.5824],[78.6881,28.5802],[78.6834,28.558],[78.6683,28.5479],[78.6727,28.5348],[78.6659,28.5336],[78.6706,28.523],[78.6841,28.5205],[78.7073,28.5011],[78.7086,28.4933],[78.7537,28.5358],[78.7639,28.5402],[78.7694,28.5521],[78.7836,28.5554],[78.7983,28.5332],[78.7983,28.5261],[78.8063,28.5244],[78.8165,28.5094],[78.8148,28.4977],[78.825,28.5043],[78.8445,28.4988],[78.8671,28.4654],[78.8759,28.4639],[78.883,28.4722],[78.8986,28.4619],[78.9063,28.471],[78.9137,28.461],[78.9171,28.4645],[78.9245,28.4581],[78.935,28.4639],[78.9414,28.4599],[78.9354,28.4684],[78.9498,28.4921],[78.9488,28.5001],[78.9593,28.5081],[78.9438,28.5272],[78.9436,28.5349],[78.9559,28.5372],[78.9586,28.5502],[78.937,28.5684],[78.9375,28.5818],[78.9221,28.5842],[78.9202,28.5924],[78.9252,28.5978],[78.9031,28.6104],[78.8955,28.631],[78.8601,28.6599]]]}},{"type":"Feature","properties":{"ac_name":"PALIA","ac_no":137,"ac_category":"GEN","st_name":"UTTAR PRADESH"},"geometry":{"type":"Polygon","coordinates":[[[80.3279,28.6723],[80.3183,28.6329],[80.3299,28.6288],[80.3459,28.6306],[80.3652,28.6165],[80.3722,28.6037],[80.3946,28.608],[80.3972,28.6019],[80.3912,28.5897],[80.3981,28.5875],[80.4012,28.572],[80.4089,28.5682],[80.432,28.5305],[80.445,28.5293],[80.4507,28.523],[80.4495,28.5138],[80.4329,28.4997],[80.4328,28.4904],[80.4228,28.4918],[80.4204,28.4878],[80.402,28.4861],[80.39,28.4693],[80.3715,28.477],[80.3687,28.4712],[80.3497,28.4897],[80.3348,28.492],[80.3084,28.4638],[80.308,28.4633],[80.3184,28.4574],[80.3501,28.4192],[80.355,28.419],[80.3565,28.4066],[80.3668,28.3952],[80.3645,28.3823],[80.3695,28.3618],[80.3778,28.3515],[80.3779,28.3436],[80.3679,28.336],[80.385,28.3257],[80.3892,28.317],[80.4165,28.3091],[80.4493,28.2695],[80.4529,28.2542],[80.4975,28.2053],[80.5156,28.1528],[80.5222,28.151],[80.5239,28.1437],[80.5315,28.1455],[80.5454,28.1649],[80.5552,28.1502],[80.5751,28.1594],[80.5879,28.1524],[80.5788,28.1425],[80.5823,28.1388],[80.577,28.128],[80.6032,28.1342],[80.6117,28.1317],[80.6117,28.1249],[80.6163,28.1236],[80.6446,28.1245],[80.6464,28.1402],[80.6556,28.1448],[80.6725,28.1703],[80.686,28.1562],[80.6856,28.1341],[80.6999,28.1275],[80.7028,28.1183],[80.714,28.1126],[80.7213,28.1147],[80.7208,28.125],[80.7353,28.1305],[80.7485,28.1488],[80.7494,28.1561],[80.7391,28.1625],[80.7402,28.1709],[80.7538,28.1614],[80.7718,28.1577],[80.7358,28.1999],[80.7227,28.2068],[80.7218,28.2563],[80.6778,28.2763],[80.6773,28.2861],[80.6574,28.3216],[80.6799,28.3326],[80.7007,28.3166],[80.7115,28.3168],[80.7412,28.3431],[80.7578,28.3448],[80.7679,28.3625],[80.7884,28.3614],[80.7904,28.3685],[80.7972,28.3687],[80.7981,28.3771],[80.8055,28.3816],[80.8242,28.3874],[80.8379,28.3797],[80.8516,28.3931],[80.8725,28.3748],[80.8778,28.3874],[80.9064,28.4014],[80.9103,28.4112],[80.9019,28.434],[80.9051,28.4448],[80.8663,28.4967],[80.8643,28.4923],[80.8403,28.4978],[80.8225,28.516],[80.7854,28.5247],[80.7865,28.5407],[80.7707,28.5516],[80.7697,28.5654],[80.7457,28.5731],[80.7339,28.5669],[80.7252,28.5727],[80.7122,28.5709],[80.701,28.5755],[80.6932,28.5863],[80.6969,28.6019],[80.6801,28.6042],[80.6795,28.6191],[80.669,28.6271],[80.6672,28.6399],[80.6587,28.6377],[80.6451,28.6417],[80.63,28.6368],[80.606,28.6491],[80.5925,28.6462],[80.5942,28.6557],[80.5827,28.6613],[80.5894,28.6794],[80.5643,28.6896],[80.5357,28.6862],[80.507,28.6659],[80.5191,28.5798],[80.5315,28.5687],[80.5211,28.5577],[80.4966,28.5732],[80.4879,28.5839],[80.4703,28.5882],[80.4723,28.6015],[80.4606,28.6244],[80.4314,28.639],[80.392,28.6309],[80.3706,28.6334],[80.3601,28.6415],[80.3603,28.6517],[80.3314,28.6661],[80.3279,28.6723]]]}},{"type":"Feature","properties":{"ac_name":"DADRI","ac_no":62,"ac_category":"GEN","st_name":"UTTAR PRADESH"},"geometry":{"type":"Polygon","coordinates":[[[77.4915,28.623],[77.4828,28.6275],[77.4651,28.6112],[77.4663,28.6049],[77.456,28.5986],[77.4623,28.5901],[77.4616,28.5664],[77.4667,28.5631],[77.4723,28.5669],[77.4773,28.5599],[77.4748,28.5549],[77.4659,28.5565],[77.4593,28.5487],[77.4636,28.5365],[77.475,28.5356],[77.4671,28.5262],[77.4706,28.5165],[77.4592,28.5173],[77.455,28.4991],[77.4263,28.5048],[77.3989,28.4956],[77.3885,28.5137],[77.3741,28.5038],[77.3619,28.5056],[77.3552,28.4993],[77.3714,28.4989],[77.3703,28.4852],[77.3751,28.476],[77.3865,28.4678],[77.392,28.4722],[77.4063,28.4649],[77.4005,28.4558],[77.4108,28.4529],[77.4111,28.4529],[77.4221,28.4551],[77.4166,28.4633],[77.4216,28.4679],[77.4355,28.4593],[77.4487,28.4647],[77.4656,28.4558],[77.4736,28.465],[77.4921,28.4719],[77.5088,28.4572],[77.5168,28.4558],[77.532,28.4414],[77.5391,28.4476],[77.5484,28.447],[77.5715,28.4325],[77.5794,28.433],[77.5898,28.4114],[77.6277,28.4027],[77.6338,28.4119],[77.6186,28.437],[77.6216,28.4445],[77.6392,28.4506],[77.6379,28.4783],[77.6733,28.4922],[77.6683,28.5033],[77.6866,28.5126],[77.6856,28.5288],[77.6924,28.5339],[77.6879,28.5394],[77.6891,28.5478],[77.6765,28.5579],[77.6766,28.576],[77.6693,28.5851],[77.656,28.5828],[77.6439,28.5974],[77.6347,28.5766],[77.6276,28.5744],[77.62,28.5764],[77.6063,28.5955],[77.5881,28.6016],[77.586,28.6074],[77.5635,28.6176],[77.5587,28.6094],[77.5486,28.607],[77.5498,28.5988],[77.5437,28.5941],[77.5308,28.6026],[77.5393,28.6154],[77.5262,28.6246],[77.5225,28.6249],[77.5266,28.617],[77.5232,28.6114],[77.5026,28.6248],[77.4915,28.623]]]}},{"type":"Feature","properties":{"ac_name":"BULANDSHAHR","ac_no":65,"ac_category":"GEN","st_name":"UTTAR PRADESH"},"geometry":{"type":"Polygon","coordinates":[[[77.8282,28.629],[77.8327,28.6211],[77.8381,28.6215],[77.8326,28.6088],[77.8399,28.6041],[77.834,28.5899],[77.8191,28.5842],[77.8285,28.5684],[77.8331,28.5404],[77.832,28.5329],[77.8169,28.5205],[77.8125,28.509],[77.818,28.5041],[77.8118,28.4958],[77.8261,28.4824],[77.8192,28.4845],[77.8177,28.4693],[77.8101,28.4605],[77.8122,28.4547],[77.7993,28.4484],[77.802,28.4413],[77.7958,28.4133],[77.7794,28.4116],[77.77,28.3919],[77.7852,28.3698],[77.7991,28.3752],[77.8115,28.368],[77.8253,28.3686],[77.8268,28.3536],[77.8341,28.3449],[77.846,28.3351],[77.8558,28.3403],[77.8685,28.3382],[77.8694,28.3282],[77.8825,28.321],[77.9096,28.2828],[77.9292,28.2991],[77.9179,28.3106],[77.9168,28.3279],[77.9104,28.3395],[77.8997,28.3474],[77.886,28.3469],[77.88,28.3527],[77.8907,28.3845],[77.9055,28.3926],[77.9139,28.3798],[77.9387,28.3734],[77.9543,28.3617],[77.9694,28.3574],[77.9888,28.3618],[77.9939,28.3727],[77.9826,28.3818],[77.9669,28.3806],[77.9646,28.3766],[77.946,28.3781],[77.9385,28.3986],[77.9492,28.4167],[77.936,28.4182],[77.9305,28.4221],[77.9329,28.4249],[77.9135,28.4321],[77.9074,28.44],[77.8976,28.441],[77.8857,28.4285],[77.8682,28.4462],[77.8771,28.4664],[77.8742,28.4718],[77.8867,28.4852],[77.8833,28.4967],[77.8742,28.5002],[77.8624,28.4901],[77.8489,28.494],[77.8566,28.5064],[77.8571,28.5208],[77.8677,28.5334],[77.8774,28.5327],[77.8849,28.5491],[77.88,28.555],[77.863,28.5553],[77.8553,28.5492],[77.8443,28.556],[77.8535,28.569],[77.8713,28.5764],[77.8607,28.5845],[77.8667,28.5969],[77.8775,28.6033],[77.8642,28.6168],[77.8453,28.623],[77.8431,28.6293],[77.8351,28.6284],[77.833,28.6331],[77.8282,28.629]]]}},{"type":"Feature","properties":{"ac_name":"SIKANDRABAD","ac_no":64,"ac_category":"GEN","st_name":"UTTAR PRADESH"},"geometry":{"type":"Polygon","coordinates":[[[77.8203,28.6277],[77.8044,28.6242],[77.7958,28.6171],[77.7774,28.5869],[77.7653,28.5899],[77.7528,28.5784],[77.7477,28.5591],[77.7338,28.5609],[77.72,28.5501],[77.7133,28.5565],[77.6877,28.5566],[77.6891,28.5478],[77.6879,28.5394],[77.6924,28.5339],[77.6856,28.5288],[77.6866,28.5126],[77.6683,28.5033],[77.6733,28.4922],[77.6379,28.4783],[77.6392,28.4506],[77.6369,28.4354],[77.6439,28.4221],[77.6419,28.4091],[77.6469,28.3999],[77.658,28.3931],[77.6655,28.3962],[77.6702,28.4286],[77.6805,28.4335],[77.6873,28.427],[77.6774,28.3919],[77.6814,28.3757],[77.7038,28.3682],[77.712,28.3589],[77.7154,28.3428],[77.7332,28.3249],[77.7303,28.3067],[77.7208,28.2965],[77.7225,28.2844],[77.7152,28.2775],[77.7466,28.2819],[77.7666,28.2762],[77.7786,28.2889],[77.7767,28.3064],[77.7968,28.3037],[77.8084,28.3093],[77.8341,28.3449],[77.8268,28.3536],[77.8253,28.3686],[77.8115,28.368],[77.7991,28.3752],[77.7852,28.3698],[77.77,28.3919],[77.7794,28.4116],[77.7958,28.4133],[77.802,28.4413],[77.7993,28.4484],[77.8122,28.4547],[77.8101,28.4605],[77.8177,28.4693],[77.8192,28.4845],[77.8261,28.4824],[77.8118,28.4958],[77.818,28.5041],[77.8125,28.509],[77.8169,28.5205],[77.832,28.5329],[77.8331,28.5404],[77.8285,28.5684],[77.8191,28.5842],[77.834,28.5899],[77.8399,28.6041],[77.8326,28.6088],[77.8381,28.6215],[77.8327,28.6211],[77.8282,28.629],[77.8203,28.6277]]]}},{"type":"Feature","properties":{"ac_name":"NAWABGANJ","ac_no":121,"ac_category":"GEN","st_name":"UTTAR PRADESH"},"geometry":{"type":"Polygon","coordinates":[[[79.6215,28.6413],[79.5798,28.6273],[79.5698,28.6074],[79.5603,28.6124],[79.5574,28.62],[79.5412,28.6178],[79.5263,28.6153],[79.5139,28.6183],[79.5083,28.6068],[79.4988,28.6055],[79.4804,28.5935],[79.4734,28.5638],[79.4502,28.5358],[79.453,28.5309],[79.445,28.5171],[79.4616,28.5113],[79.4595,28.4931],[79.4717,28.4981],[79.4816,28.4874],[79.5053,28.4818],[79.5085,28.4675],[79.4982,28.4688],[79.4953,28.457],[79.5166,28.4491],[79.5169,28.4426],[79.5369,28.4372],[79.5429,28.4433],[79.5525,28.4363],[79.5528,28.4083],[79.5684,28.4041],[79.5733,28.3937],[79.5884,28.3882],[79.5893,28.3803],[79.6037,28.3813],[79.592,28.3621],[79.5801,28.3557],[79.6032,28.3478],[79.6219,28.3542],[79.6348,28.3465],[79.639,28.3519],[79.6591,28.355],[79.6534,28.3598],[79.6532,28.3741],[79.6786,28.3684],[79.6881,28.3725],[79.6965,28.3845],[79.7045,28.3932],[79.7163,28.396],[79.7283,28.4138],[79.7394,28.4111],[79.7375,28.4058],[79.7514,28.4034],[79.7581,28.4124],[79.7535,28.4263],[79.7516,28.4479],[79.7566,28.4529],[79.7676,28.4511],[79.7736,28.4396],[79.7703,28.434],[79.7786,28.4333],[79.7915,28.4413],[79.7756,28.4616],[79.7763,28.4745],[79.7839,28.4867],[79.7817,28.5021],[79.7545,28.5111],[79.7515,28.5291],[79.7375,28.5301],[79.7296,28.5228],[79.7286,28.5181],[79.7354,28.5121],[79.7142,28.5218],[79.7082,28.5268],[79.7131,28.5308],[79.7079,28.5337],[79.7155,28.5324],[79.723,28.5547],[79.7182,28.5561],[79.6953,28.5455],[79.6869,28.5576],[79.6951,28.5713],[79.7061,28.5722],[79.7017,28.5757],[79.7091,28.5782],[79.7069,28.5844],[79.6904,28.5816],[79.6778,28.5867],[79.6819,28.5969],[79.6708,28.6069],[79.6412,28.595],[79.6336,28.5989],[79.6331,28.6093],[79.6261,28.6115],[79.6228,28.6207],[79.636,28.6336],[79.6215,28.6413]]]}},{"type":"Feature","properties":{"ac_name":"ANUPSHAHR","ac_no":67,"ac_category":"GEN","st_name":"UTTAR PRADESH"},"geometry":{"type":"Polygon","coordinates":[[[77.9622,28.4976],[77.9773,28.5088],[77.9609,28.5202],[77.9658,28.5309],[77.9848,28.5292],[78.0209,28.5587],[77.9892,28.5627],[77.982,28.558],[77.9708,28.561],[77.9582,28.5573],[77.9547,28.5663],[77.9367,28.5813],[77.9208,28.5844],[77.9183,28.5968],[77.901,28.5901],[77.8775,28.6033],[77.8667,28.5969],[77.8607,28.5845],[77.8713,28.5764],[77.8535,28.569],[77.8443,28.556],[77.8553,28.5492],[77.863,28.5553],[77.88,28.555],[77.8849,28.5491],[77.8774,28.5327],[77.8677,28.5334],[77.8571,28.5208],[77.8566,28.5064],[77.8489,28.494],[77.8624,28.4901],[77.8742,28.5002],[77.8833,28.4967],[77.8867,28.4852],[77.8742,28.4718],[77.8771,28.4664],[77.8682,28.4462],[77.8857,28.4285],[77.8976,28.441],[77.9074,28.44],[77.9135,28.4321],[77.9329,28.4249],[77.9305,28.4221],[77.936,28.4182],[77.9492,28.4167],[77.9385,28.3986],[77.946,28.3781],[77.9646,28.3766],[77.9669,28.3806],[77.9826,28.3818],[77.9939,28.3727],[78.0028,28.3781],[78.0148,28.375],[78.0241,28.3843],[78.0273,28.3777],[78.034,28.377],[78.0483,28.3988],[78.0738,28.4047],[78.0826,28.4007],[78.0892,28.392],[78.1138,28.3851],[78.1113,28.3638],[78.1243,28.3571],[78.1385,28.3343],[78.163,28.3187],[78.1784,28.3283],[78.1927,28.3248],[78.2033,28.3313],[78.2208,28.325],[78.2317,28.3459],[78.2526,28.3463],[78.259,28.3373],[78.2655,28.3363],[78.269,28.3603],[78.2749,28.3683],[78.2705,28.3752],[78.2771,28.3764],[78.2765,28.384],[78.3025,28.3932],[78.3085,28.4115],[78.296,28.4259],[78.2872,28.4366],[78.2849,28.4516],[78.2658,28.4563],[78.2568,28.4792],[78.2306,28.4595],[78.2134,28.4704],[78.1869,28.463],[78.1862,28.4567],[78.1747,28.4539],[78.1645,28.4544],[78.1471,28.4665],[78.1297,28.4644],[78.1193,28.4731],[78.0952,28.4741],[78.0819,28.4804],[78.0809,28.4631],[78.0894,28.4571],[78.0889,28.4513],[78.0721,28.4493],[78.0616,28.4591],[78.0419,28.4452],[78.0341,28.4594],[78.0113,28.46],[78.0143,28.469],[77.9952,28.4867],[77.9738,28.4802],[77.9599,28.4826],[77.9567,28.4899],[77.9622,28.4976]]]}},{"type":"Feature","properties":{"ac_name":"CHANDAUSI","ac_no":31,"ac_category":"SC","st_name":"UTTAR PRADESH"},"geometry":{"type":"Polygon","coordinates":[[[78.6161,28.5163],[78.6149,28.4818],[78.602,28.4774],[78.5969,28.47],[78.6015,28.4471],[78.6119,28.4432],[78.6216,28.4508],[78.6383,28.4399],[78.6354,28.4322],[78.6217,28.4279],[78.6233,28.4148],[78.605,28.4108],[78.6077,28.4064],[78.6021,28.3965],[78.6158,28.3865],[78.6153,28.3623],[78.6327,28.351],[78.6256,28.342],[78.6266,28.3307],[78.6369,28.323],[78.6613,28.3382],[78.6637,28.336],[78.68,28.335],[78.6982,28.3605],[78.7119,28.3689],[78.7211,28.3658],[78.7342,28.3752],[78.7414,28.3691],[78.7458,28.3725],[78.7534,28.3674],[78.7705,28.3862],[78.7598,28.3949],[78.7667,28.4049],[78.7881,28.3942],[78.7939,28.3976],[78.7977,28.4021],[78.793,28.409],[78.8043,28.4196],[78.8011,28.4296],[78.8062,28.4383],[78.8141,28.4442],[78.8266,28.439],[78.85,28.4525],[78.8556,28.4471],[78.8671,28.4654],[78.8445,28.4988],[78.825,28.5043],[78.8148,28.4977],[78.8165,28.5094],[78.8063,28.5244],[78.7983,28.5261],[78.7983,28.5332],[78.7836,28.5554],[78.7694,28.5521],[78.7639,28.5402],[78.7537,28.5358],[78.7086,28.4933],[78.7073,28.5011],[78.6841,28.5205],[78.6706,28.523],[78.6659,28.5336],[78.6503,28.5405],[78.6434,28.5338],[78.6348,28.5397],[78.6196,28.5288],[78.6161,28.5163]]]}},{"type":"Feature","properties":{"ac_name":"AONLA","ac_no":126,"ac_category":"GEN","st_name":"UTTAR PRADESH"},"geometry":{"type":"Polygon","coordinates":[[[79.1047,28.5085],[79.0895,28.5137],[79.0744,28.5083],[79.0703,28.5029],[79.0757,28.4947],[79.0693,28.4847],[79.0447,28.4888],[79.0417,28.4861],[79.0527,28.4757],[79.0457,28.4665],[79.0331,28.464],[79.0304,28.4458],[79.027,28.4475],[79.0186,28.4381],[79.0101,28.4421],[79.0003,28.4289],[78.982,28.4358],[78.9698,28.4221],[78.9833,28.4111],[78.9977,28.4101],[78.9959,28.4056],[79.0002,28.4055],[78.9986,28.401],[79.0075,28.3909],[79.0171,28.3962],[79.0202,28.3885],[79.0213,28.3939],[79.0267,28.395],[79.0432,28.3913],[79.0506,28.3835],[79.0574,28.3846],[79.0611,28.374],[79.0667,28.3737],[79.0567,28.3491],[79.0604,28.333],[79.0673,28.3288],[79.0762,28.3327],[79.0841,28.3252],[79.0778,28.3122],[79.087,28.3071],[79.0888,28.3001],[79.078,28.2844],[79.0822,28.2785],[79.0787,28.2661],[79.0939,28.2522],[79.1138,28.2393],[79.1084,28.2342],[79.1132,28.2271],[79.1006,28.2204],[79.1105,28.2114],[79.1114,28.2024],[79.1292,28.2052],[79.1393,28.2],[79.139,28.1937],[79.1445,28.1909],[79.1427,28.2013],[79.1576,28.2154],[79.1678,28.2107],[79.1691,28.2228],[79.1764,28.222],[79.1851,28.2278],[79.1889,28.2234],[79.1941,28.2274],[79.1873,28.2381],[79.1941,28.2468],[79.1589,28.2604],[79.1674,28.2664],[79.1622,28.2755],[79.175,28.2786],[79.1729,28.2851],[79.1497,28.2933],[79.1447,28.2879],[79.1353,28.2941],[79.1376,28.2976],[79.1322,28.3021],[79.1368,28.3113],[79.1479,28.3091],[79.1747,28.2921],[79.1816,28.3038],[79.1934,28.3042],[79.1975,28.2959],[79.1925,28.2993],[79.1879,28.2965],[79.1867,28.2893],[79.2031,28.2758],[79.2011,28.2638],[79.2077,28.2578],[79.2253,28.2635],[79.232,28.2568],[79.2362,28.241],[79.2447,28.2468],[79.2509,28.2636],[79.2597,28.2634],[79.2607,28.2787],[79.2795,28.2722],[79.2834,28.2781],[79.2672,28.2858],[79.2617,28.282],[79.2584,28.2869],[79.2641,28.2952],[79.2851,28.298],[79.2947,28.2932],[79.3057,28.2964],[79.2766,28.317],[79.288,28.3221],[79.2862,28.3301],[79.3052,28.3389],[79.3022,28.3576],[79.2978,28.3509],[79.2871,28.347],[79.2787,28.361],[79.2722,28.3623],[79.2684,28.377],[79.2537,28.3869],[79.2594,28.4027],[79.2425,28.4068],[79.2305,28.4177],[79.2174,28.4225],[79.2131,28.4199],[79.196,28.4412],[79.172,28.4473],[79.1661,28.4599],[79.1439,28.4653],[79.1391,28.4736],[79.1206,28.4769],[79.1047,28.5085]]]}},{"type":"Feature","properties":{"ac_name":"JEWAR","ac_no":63,"ac_category":"GEN","st_name":"UTTAR PRADESH"},"geometry":{"type":"Polygon","coordinates":[[[77.5088,28.4572],[77.4921,28.4719],[77.4736,28.465],[77.4656,28.4558],[77.4487,28.4647],[77.4355,28.4593],[77.4216,28.4679],[77.4166,28.4633],[77.4221,28.4551],[77.4111,28.4529],[77.4335,28.4545],[77.4392,28.4347],[77.4357,28.4309],[77.4621,28.4241],[77.4636,28.4149],[77.4775,28.4188],[77.4838,28.4083],[77.4804,28.3984],[77.4739,28.3966],[77.5027,28.3725],[77.4963,28.3489],[77.4718,28.336],[77.4723,28.3294],[77.4852,28.3253],[77.4972,28.3132],[77.4984,28.3033],[77.5056,28.3021],[77.5006,28.2916],[77.5042,28.2803],[77.491,28.2706],[77.4928,28.2517],[77.5044,28.2525],[77.5142,28.2528],[77.5291,28.2451],[77.5443,28.249],[77.5493,28.2448],[77.5484,28.2392],[77.5212,28.225],[77.535,28.2075],[77.5243,28.195],[77.5075,28.2089],[77.497,28.2059],[77.5014,28.1803],[77.5155,28.192],[77.5297,28.1852],[77.5442,28.1904],[77.5487,28.1752],[77.5313,28.1625],[77.5216,28.1608],[77.5113,28.1659],[77.5017,28.1608],[77.5037,28.1451],[77.4916,28.1361],[77.5113,28.1254],[77.4992,28.1128],[77.4993,28.0947],[77.4921,28.0949],[77.4904,28.1048],[77.4849,28.1064],[77.4748,28.0852],[77.4992,28.0856],[77.5064,28.0896],[77.5202,28.0868],[77.5349,28.0914],[77.5672,28.0879],[77.5813,28.1053],[77.5916,28.1074],[77.6023,28.1185],[77.6138,28.1072],[77.6268,28.109],[77.6372,28.1028],[77.6549,28.1214],[77.6663,28.1175],[77.6733,28.109],[77.6726,28.1026],[77.6791,28.1017],[77.6936,28.0874],[77.7001,28.0904],[77.7125,28.0869],[77.7291,28.0974],[77.7248,28.1132],[77.7328,28.1214],[77.7281,28.127],[77.7286,28.1638],[77.7062,28.1683],[77.7026,28.1797],[77.7145,28.1907],[77.7186,28.2118],[77.7165,28.2184],[77.702,28.2294],[77.7069,28.2555],[77.6975,28.267],[77.697,28.2825],[77.6997,28.2846],[77.7152,28.2775],[77.7225,28.2844],[77.7208,28.2965],[77.7303,28.3067],[77.7332,28.3249],[77.7154,28.3428],[77.712,28.3589],[77.7038,28.3682],[77.6814,28.3757],[77.6774,28.3919],[77.6873,28.427],[77.6805,28.4335],[77.6702,28.4286],[77.6655,28.3962],[77.658,28.3931],[77.6469,28.3999],[77.6419,28.4091],[77.6439,28.4221],[77.6369,28.4354],[77.6392,28.4506],[77.6216,28.4445],[77.6186,28.437],[77.6338,28.4119],[77.6277,28.4027],[77.5898,28.4114],[77.5794,28.433],[77.5715,28.4325],[77.5484,28.447],[77.5391,28.4476],[77.532,28.4414],[77.5168,28.4558],[77.5088,28.4572]]]}},{"type":"Feature","properties":{"ac_name":"GUNNAUR","ac_no":111,"ac_category":"GEN","st_name":"UTTAR PRADESH"},"geometry":{"type":"Polygon","coordinates":[[[78.4123,28.461],[78.4002,28.4734],[78.3916,28.4751],[78.3854,28.4687],[78.38,28.4717],[78.3537,28.4539],[78.3384,28.4371],[78.3182,28.4332],[78.3029,28.4404],[78.296,28.4259],[78.3085,28.4115],[78.3025,28.3932],[78.2765,28.384],[78.2771,28.3764],[78.2705,28.3752],[78.2749,28.3683],[78.2969,28.3249],[78.2976,28.315],[78.2927,28.3106],[78.3129,28.2751],[78.3221,28.2699],[78.354,28.2695],[78.3627,28.2568],[78.368,28.2343],[78.3987,28.2039],[78.397,28.1892],[78.4018,28.1795],[78.4292,28.1678],[78.4337,28.1618],[78.4587,28.1607],[78.4668,28.1481],[78.4606,28.1406],[78.4632,28.1318],[78.4884,28.1058],[78.4891,28.0989],[78.5028,28.0946],[78.5103,28.086],[78.5086,28.0712],[78.514,28.0614],[78.5211,28.0609],[78.5208,28.0564],[78.5301,28.0512],[78.5305,28.0437],[78.5562,28.0539],[78.5576,28.0604],[78.5733,28.0638],[78.5823,28.0612],[78.5898,28.0814],[78.5978,28.0831],[78.6027,28.0918],[78.6,28.1018],[78.5844,28.1148],[78.5969,28.1246],[78.5917,28.136],[78.6006,28.1424],[78.5925,28.1501],[78.5837,28.15],[78.5822,28.1577],[78.593,28.1588],[78.5974,28.1689],[78.6142,28.169],[78.5969,28.1954],[78.6037,28.204],[78.6114,28.2037],[78.6153,28.211],[78.6366,28.2226],[78.6321,28.2328],[78.6353,28.2508],[78.6424,28.2652],[78.6527,28.2737],[78.6457,28.2911],[78.6569,28.3077],[78.6626,28.317],[78.6552,28.3246],[78.6637,28.336],[78.6613,28.3382],[78.6369,28.323],[78.6266,28.3307],[78.6193,28.327],[78.6101,28.3298],[78.611,28.3353],[78.5964,28.3443],[78.5766,28.3357],[78.5577,28.352],[78.5439,28.3459],[78.5304,28.3525],[78.523,28.3503],[78.5089,28.3618],[78.5031,28.3733],[78.4891,28.3767],[78.4913,28.4191],[78.4856,28.4158],[78.465,28.4318],[78.4536,28.4329],[78.4494,28.4423],[78.4544,28.4525],[78.443,28.4662],[78.4123,28.461]]]}},{"type":"Feature","properties":{"ac_name":"NIGHASAN","ac_no":138,"ac_category":"GEN","st_name":"UTTAR PRADESH"},"geometry":{"type":"Polygon","coordinates":[[[80.8663,28.4967],[80.9051,28.4448],[80.9019,28.434],[80.9103,28.4112],[80.9064,28.4014],[80.8778,28.3874],[80.8725,28.3748],[80.8516,28.3931],[80.8379,28.3797],[80.8242,28.3874],[80.8055,28.3816],[80.7981,28.3771],[80.7972,28.3687],[80.7904,28.3685],[80.7884,28.3614],[80.7679,28.3625],[80.7578,28.3448],[80.7412,28.3431],[80.7115,28.3168],[80.7007,28.3166],[80.6799,28.3326],[80.6574,28.3216],[80.6773,28.2861],[80.6778,28.2763],[80.7218,28.2563],[80.7227,28.2068],[80.7358,28.1999],[80.7718,28.1577],[80.7862,28.1407],[80.7983,28.1373],[80.8215,28.1591],[80.8467,28.1452],[80.8573,28.1606],[80.8709,28.1636],[80.8739,28.156],[80.8909,28.1513],[80.8994,28.1417],[80.8965,28.1347],[80.9129,28.1207],[80.9079,28.1081],[80.9264,28.102],[80.9293,28.1179],[80.956,28.114],[80.974,28.1318],[80.9876,28.1233],[80.9922,28.1063],[81.0248,28.0825],[81.0377,28.0919],[81.0415,28.1083],[81.0488,28.1009],[81.0607,28.1092],[81.0734,28.1113],[81.0806,28.1028],[81.1043,28.1008],[81.115,28.1198],[81.1385,28.1284],[81.1452,28.151],[81.1383,28.1554],[81.1359,28.1706],[81.1217,28.1784],[81.1069,28.2156],[81.1006,28.2196],[81.0856,28.2185],[81.0631,28.2316],[81.0588,28.2408],[81.0603,28.2707],[81.0344,28.2895],[81.0598,28.3429],[81.0539,28.3582],[81.0359,28.3658],[81.0352,28.3726],[81.0565,28.404],[81.0387,28.4119],[81.0354,28.4003],[81.0207,28.4106],[81.0383,28.4254],[81.0381,28.43],[81.0284,28.437],[81.02,28.4316],[81.0149,28.4334],[81.0122,28.4481],[81.0004,28.45],[80.9904,28.441],[80.9685,28.435],[80.9644,28.4413],[80.9767,28.451],[80.9568,28.4459],[80.9376,28.4512],[80.9406,28.4663],[80.9272,28.4545],[80.9195,28.4554],[80.9181,28.4626],[80.9106,28.4567],[80.9007,28.4611],[80.8976,28.4782],[80.9087,28.4872],[80.9069,28.4951],[80.8773,28.5074],[80.863,28.505],[80.8663,28.4967]]]}},{"type":"Feature","properties":{"ac_name":"BISAULI","ac_no":112,"ac_category":"SC","st_name":"UTTAR PRADESH"},"geometry":{"type":"Polygon","coordinates":[[[78.9414,28.4599],[78.935,28.4639],[78.9245,28.4581],[78.9171,28.4645],[78.9137,28.461],[78.9063,28.471],[78.8986,28.4619],[78.883,28.4722],[78.8759,28.4639],[78.8671,28.4654],[78.8556,28.4471],[78.85,28.4525],[78.8266,28.439],[78.8141,28.4442],[78.8062,28.4383],[78.8011,28.4296],[78.8043,28.4196],[78.793,28.409],[78.7977,28.4021],[78.7939,28.3976],[78.7881,28.3942],[78.7667,28.4049],[78.7598,28.3949],[78.7705,28.3862],[78.7534,28.3674],[78.7458,28.3725],[78.7414,28.3691],[78.7342,28.3752],[78.7211,28.3658],[78.7119,28.3689],[78.6982,28.3605],[78.68,28.335],[78.6637,28.336],[78.6552,28.3246],[78.6626,28.317],[78.6569,28.3077],[78.6637,28.3022],[78.6791,28.3053],[78.6852,28.2977],[78.6952,28.3084],[78.7064,28.3074],[78.7157,28.3259],[78.732,28.3206],[78.7377,28.3275],[78.7359,28.3342],[78.7449,28.3398],[78.759,28.3407],[78.7816,28.3197],[78.7719,28.3117],[78.7793,28.3081],[78.7721,28.289],[78.7802,28.2813],[78.785,28.2879],[78.7985,28.2894],[78.803,28.2851],[78.8077,28.2878],[78.8314,28.2771],[78.8281,28.2681],[78.8387,28.2635],[78.8496,28.2648],[78.8562,28.2733],[78.8644,28.2705],[78.8826,28.2772],[78.8873,28.2745],[78.894,28.2822],[78.9007,28.2768],[78.9057,28.2811],[78.9112,28.2721],[78.9152,28.2775],[78.9264,28.2665],[78.934,28.2729],[78.9595,28.2529],[78.9899,28.2539],[78.9895,28.24],[78.9844,28.2334],[79.0051,28.2175],[78.9918,28.2091],[78.9857,28.2116],[78.979,28.1966],[78.9809,28.1917],[78.9978,28.1831],[79.0013,28.175],[79.0134,28.1724],[79.0253,28.1827],[79.042,28.1864],[79.0477,28.1933],[79.0519,28.2152],[79.0558,28.2184],[79.0634,28.2161],[79.0554,28.2224],[79.0544,28.2339],[79.0923,28.2442],[79.0939,28.2522],[79.0787,28.2661],[79.0822,28.2785],[79.078,28.2844],[79.0888,28.3001],[79.087,28.3071],[79.0778,28.3122],[79.0841,28.3252],[79.0762,28.3327],[79.0673,28.3288],[79.0604,28.333],[79.0567,28.3491],[79.0667,28.3737],[79.0611,28.374],[79.0574,28.3846],[79.0506,28.3835],[79.0432,28.3913],[79.0267,28.395],[79.0213,28.3939],[79.0202,28.3885],[79.0171,28.3962],[79.0075,28.3909],[78.9986,28.401],[79.0002,28.4055],[78.9959,28.4056],[78.9977,28.4101],[78.9833,28.4111],[78.9698,28.4221],[78.96,28.4173],[78.9504,28.422],[78.9523,28.4344],[78.9425,28.4462],[78.9414,28.4599]]]}},{"type":"Feature","properties":{"ac_name":"POWAYAN","ac_no":134,"ac_category":"SC","st_name":"UTTAR PRADESH"},"geometry":{"type":"Polygon","coordinates":[[[80.308,28.4633],[80.3084,28.4638],[80.2922,28.4697],[80.2455,28.4681],[80.2435,28.4589],[80.2508,28.4499],[80.2462,28.4428],[80.2536,28.4315],[80.2539,28.4216],[80.2321,28.3949],[80.2105,28.3998],[80.2035,28.396],[80.1991,28.3872],[80.2017,28.372],[80.1956,28.3632],[80.1839,28.358],[80.18,28.3632],[80.1688,28.3653],[80.1638,28.3836],[80.1452,28.402],[80.0949,28.3988],[80.0972,28.3874],[80.0899,28.3796],[80.084,28.3803],[80.0638,28.3498],[80.0477,28.3693],[80.0114,28.3801],[80.0073,28.3779],[80.0048,28.368],[79.9943,28.3571],[79.9966,28.3512],[79.9911,28.3381],[79.9814,28.3303],[79.9731,28.304],[79.9753,28.2921],[79.9854,28.2817],[79.9816,28.2561],[79.9876,28.2504],[79.9857,28.2421],[79.991,28.2406],[79.9855,28.2269],[79.9893,28.2253],[79.9885,28.2147],[79.985,28.2146],[79.9901,28.2132],[79.9896,28.1991],[79.9944,28.1961],[79.9839,28.1832],[79.9961,28.1605],[79.9923,28.1587],[79.9959,28.1556],[79.9912,28.1429],[79.9948,28.1328],[79.9886,28.1304],[79.9879,28.1198],[79.9829,28.1195],[79.9845,28.1048],[79.9782,28.107],[79.9663,28.1005],[79.9609,28.1106],[79.9305,28.1251],[79.9278,28.119],[79.9211,28.1183],[79.9091,28.107],[79.8967,28.1148],[79.9019,28.1228],[79.8947,28.1267],[79.8967,28.1401],[79.8706,28.1218],[79.8688,28.1082],[79.8766,28.101],[79.8957,28.0967],[79.9017,28.1058],[79.9085,28.1038],[79.909,28.087],[79.9281,28.0725],[79.9568,28.0678],[79.9603,28.0612],[79.9634,28.0672],[79.9763,28.0591],[80.0059,28.0532],[80.028,28.0677],[80.0459,28.0607],[80.0533,28.066],[80.0642,28.0629],[80.076,28.0472],[80.0935,28.0463],[80.1252,28.0255],[80.1446,28.0296],[80.1487,28.0245],[80.1601,28.0228],[80.1594,28.0294],[80.1643,28.0331],[80.1767,28.0254],[80.1799,28.0274],[80.223,28.0667],[80.2295,28.0601],[80.2375,28.0598],[80.2483,28.077],[80.2532,28.0912],[80.2404,28.104],[80.2439,28.1107],[80.239,28.1159],[80.244,28.1252],[80.2377,28.1432],[80.2484,28.1643],[80.2524,28.1676],[80.2595,28.1605],[80.2726,28.1581],[80.2787,28.166],[80.2983,28.1616],[80.2984,28.1739],[80.3113,28.1922],[80.2996,28.1957],[80.2956,28.2027],[80.2998,28.2065],[80.2973,28.2225],[80.3094,28.2325],[80.3151,28.2524],[80.3121,28.2663],[80.3055,28.2691],[80.3679,28.336],[80.3779,28.3436],[80.3778,28.3515],[80.3695,28.3618],[80.3645,28.3823],[80.3668,28.3952],[80.3565,28.4066],[80.355,28.419],[80.3501,28.4192],[80.3184,28.4574],[80.308,28.4633]]]}},{"type":"Feature","properties":{"ac_name":"BAREILLY","ac_no":124,"ac_category":"GEN","st_name":"UTTAR PRADESH"},"geometry":{"type":"Polygon","coordinates":[[[79.3601,28.4374],[79.3456,28.4467],[79.34,28.4318],[79.3278,28.4339],[79.3234,28.4301],[79.3275,28.4105],[79.3466,28.394],[79.3457,28.3848],[79.3452,28.3804],[79.3539,28.3678],[79.3703,28.3684],[79.3682,28.3567],[79.3532,28.3471],[79.3774,28.3462],[79.3927,28.36],[79.4129,28.3575],[79.4253,28.3658],[79.4324,28.362],[79.4408,28.3667],[79.4483,28.3754],[79.442,28.3892],[79.4535,28.4061],[79.437,28.4149],[79.4308,28.4092],[79.4165,28.4148],[79.4069,28.4127],[79.3985,28.4179],[79.3821,28.4095],[79.3722,28.4164],[79.3647,28.416],[79.3638,28.4289],[79.3697,28.4317],[79.366,28.4375],[79.3601,28.4374]]]}},{"type":"Feature","properties":{"ac_name":"BITHARI CHAINPUR","ac_no":123,"ac_category":"GEN","st_name":"UTTAR PRADESH"},"geometry":{"type":"Polygon","coordinates":[[[79.5525,28.4363],[79.5429,28.4433],[79.5369,28.4372],[79.5239,28.4252],[79.5291,28.4014],[79.5076,28.4084],[79.4951,28.4098],[79.4918,28.4064],[79.4951,28.3983],[79.5078,28.3942],[79.5058,28.3838],[79.5112,28.3703],[79.5055,28.3708],[79.5069,28.3553],[79.5016,28.3514],[79.4954,28.3535],[79.4911,28.3469],[79.4662,28.3555],[79.4564,28.3546],[79.4559,28.3453],[79.4423,28.3508],[79.45,28.3354],[79.4402,28.3302],[79.4377,28.3187],[79.4281,28.3088],[79.4052,28.3173],[79.3844,28.3318],[79.3743,28.333],[79.3774,28.3462],[79.3532,28.3471],[79.3682,28.3567],[79.3703,28.3684],[79.3539,28.3678],[79.3452,28.3804],[79.3359,28.3809],[79.3262,28.3931],[79.3197,28.3876],[79.3159,28.3913],[79.3129,28.3885],[79.3245,28.3757],[79.3103,28.3808],[79.2979,28.3785],[79.2932,28.3911],[79.279,28.3889],[79.2594,28.4027],[79.2537,28.3869],[79.2684,28.377],[79.2722,28.3623],[79.2787,28.361],[79.2871,28.347],[79.2978,28.3509],[79.3022,28.3576],[79.3052,28.3389],[79.2862,28.3301],[79.288,28.3221],[79.2766,28.317],[79.3057,28.2964],[79.2947,28.2932],[79.2851,28.298],[79.2641,28.2952],[79.2584,28.2869],[79.2617,28.282],[79.2672,28.2858],[79.2834,28.2781],[79.2795,28.2722],[79.2607,28.2787],[79.2597,28.2634],[79.2509,28.2636],[79.2447,28.2468],[79.2362,28.241],[79.232,28.2568],[79.2253,28.2635],[79.2077,28.2578],[79.2011,28.2638],[79.2031,28.2758],[79.1867,28.2893],[79.1879,28.2965],[79.1925,28.2993],[79.1975,28.2959],[79.1934,28.3042],[79.1816,28.3038],[79.1747,28.2921],[79.1479,28.3091],[79.1368,28.3113],[79.1322,28.3021],[79.1376,28.2976],[79.1353,28.2941],[79.1447,28.2879],[79.1497,28.2933],[79.1729,28.2851],[79.175,28.2786],[79.1622,28.2755],[79.1674,28.2664],[79.1589,28.2604],[79.1941,28.2468],[79.1873,28.2381],[79.1941,28.2274],[79.1889,28.2234],[79.1851,28.2278],[79.1764,28.222],[79.1691,28.2228],[79.1678,28.2107],[79.1576,28.2154],[79.1427,28.2013],[79.1445,28.1909],[79.1537,28.1962],[79.1764,28.1866],[79.1862,28.2038],[79.2058,28.2032],[79.2204,28.1976],[79.2285,28.1999],[79.2334,28.1908],[79.2417,28.1912],[79.2427,28.1844],[79.2469,28.1871],[79.2551,28.1828],[79.2585,28.1737],[79.2815,28.1846],[79.2954,28.1849],[79.3035,28.1805],[79.3115,28.1865],[79.3243,28.179],[79.3188,28.1651],[79.3277,28.1628],[79.3313,28.1604],[79.3371,28.1703],[79.3466,28.1731],[79.3518,28.1663],[79.3594,28.1676],[79.3649,28.1754],[79.3739,28.1733],[79.3741,28.1798],[79.3888,28.1786],[79.4039,28.1675],[79.4143,28.1748],[79.4226,28.1729],[79.4265,28.1833],[79.4014,28.1915],[79.3997,28.1964],[79.4145,28.2138],[79.414,28.2198],[79.4264,28.2231],[79.4288,28.2313],[79.4421,28.227],[79.4489,28.2339],[79.4598,28.2321],[79.4591,28.2464],[79.4718,28.269],[79.4666,28.2773],[79.475,28.2865],[79.4765,28.2975],[79.4893,28.2943],[79.5032,28.3182],[79.5219,28.3214],[79.5288,28.3166],[79.5337,28.3296],[79.5547,28.3309],[79.5685,28.3212],[79.5627,28.3467],[79.5801,28.3557],[79.592,28.3621],[79.6037,28.3813],[79.5893,28.3803],[79.5884,28.3882],[79.5733,28.3937],[79.5684,28.4041],[79.5528,28.4083],[79.5525,28.4363]]]}},{"type":"Feature","properties":{"ac_name":"SHIKARPUR","ac_no":69,"ac_category":"GEN","st_name":"UTTAR PRADESH"},"geometry":{"type":"Polygon","coordinates":[[[78.0826,28.4007],[78.0738,28.4047],[78.0483,28.3988],[78.034,28.377],[78.0273,28.3777],[78.0241,28.3843],[78.0148,28.375],[78.0028,28.3781],[77.9939,28.3727],[77.9888,28.3618],[77.9694,28.3574],[77.9543,28.3617],[77.9387,28.3734],[77.9139,28.3798],[77.9055,28.3926],[77.8907,28.3845],[77.88,28.3527],[77.886,28.3469],[77.8997,28.3474],[77.9104,28.3395],[77.9168,28.3279],[77.9179,28.3106],[77.9292,28.2991],[77.9386,28.2975],[77.9539,28.2822],[77.9892,28.266],[77.9809,28.2449],[77.9847,28.2374],[77.9932,28.2375],[78.0183,28.2223],[78.0292,28.2262],[78.0371,28.2204],[78.0392,28.2132],[78.0305,28.2037],[78.0195,28.1727],[78.045,28.1649],[78.0425,28.155],[78.0505,28.1482],[78.0466,28.1313],[78.051,28.125],[78.0609,28.1132],[78.0714,28.1124],[78.0771,28.1193],[78.0833,28.1174],[78.0768,28.1016],[78.0902,28.103],[78.0992,28.1098],[78.1047,28.099],[78.1199,28.0877],[78.1205,28.0787],[78.1125,28.0687],[78.125,28.0591],[78.1346,28.0596],[78.1582,28.0798],[78.1627,28.0749],[78.18,28.0776],[78.203,28.1009],[78.2107,28.0933],[78.2238,28.1013],[78.2265,28.113],[78.2195,28.1293],[78.204,28.1466],[78.2023,28.1791],[78.184,28.19],[78.1839,28.1982],[78.1939,28.2156],[78.1916,28.2251],[78.1853,28.2309],[78.1585,28.2372],[78.1562,28.2511],[78.1432,28.2745],[78.13,28.2817],[78.1368,28.2963],[78.1651,28.3125],[78.163,28.3187],[78.1385,28.3343],[78.1243,28.3571],[78.1113,28.3638],[78.1138,28.3851],[78.0892,28.392],[78.0826,28.4007]]]}},{"type":"Feature","properties":{"ac_name":"BISALPUR","ac_no":130,"ac_category":"GEN","st_name":"UTTAR PRADESH"},"geometry":{"type":"Polygon","coordinates":[[[79.7535,28.4263],[79.7581,28.4124],[79.7514,28.4034],[79.7375,28.4058],[79.7394,28.4111],[79.7283,28.4138],[79.7163,28.396],[79.7045,28.3932],[79.6965,28.3845],[79.7121,28.3805],[79.7117,28.3735],[79.7173,28.3684],[79.7242,28.3713],[79.7335,28.3675],[79.7278,28.353],[79.7215,28.3497],[79.7253,28.3405],[79.6973,28.3096],[79.7036,28.3071],[79.7038,28.2985],[79.7167,28.2932],[79.7172,28.2876],[79.7389,28.2777],[79.7417,28.2553],[79.7391,28.2518],[79.7201,28.2517],[79.7158,28.2648],[79.7094,28.2532],[79.7092,28.2477],[79.7172,28.2423],[79.7153,28.2385],[79.7222,28.2342],[79.7403,28.2357],[79.7484,28.2274],[79.7473,28.2196],[79.7371,28.2221],[79.7219,28.2056],[79.7284,28.1968],[79.7413,28.1997],[79.7462,28.1961],[79.7391,28.1829],[79.7317,28.1855],[79.7306,28.1816],[79.7422,28.1787],[79.7484,28.1825],[79.7616,28.1838],[79.765,28.1737],[79.7786,28.1656],[79.7981,28.1583],[79.8027,28.1588],[79.8006,28.1656],[79.8095,28.1663],[79.8123,28.1625],[79.8189,28.165],[79.8179,28.1701],[79.8248,28.1677],[79.8178,28.1735],[79.8257,28.174],[79.8316,28.1816],[79.8276,28.1896],[79.8406,28.1956],[79.8399,28.2044],[79.8285,28.206],[79.8352,28.2108],[79.8298,28.2123],[79.827,28.2252],[79.8297,28.2305],[79.8263,28.2336],[79.8302,28.2355],[79.843,28.2298],[79.8522,28.234],[79.856,28.2332],[79.8536,28.2296],[79.8593,28.2312],[79.8681,28.2136],[79.8644,28.2021],[79.8678,28.1939],[79.8892,28.1934],[79.8921,28.1859],[79.8859,28.1818],[79.8857,28.1771],[79.8947,28.1787],[79.9143,28.1672],[79.911,28.1586],[79.9013,28.1548],[79.9152,28.1483],[79.9037,28.1423],[79.9151,28.1344],[79.8967,28.1401],[79.8947,28.1267],[79.9019,28.1228],[79.8967,28.1148],[79.9091,28.107],[79.9211,28.1183],[79.9278,28.119],[79.9305,28.1251],[79.9609,28.1106],[79.9663,28.1005],[79.9782,28.107],[79.9845,28.1048],[79.9829,28.1195],[79.9879,28.1198],[79.9886,28.1304],[79.9948,28.1328],[79.9912,28.1429],[79.9959,28.1556],[79.9923,28.1587],[79.9961,28.1605],[79.9839,28.1832],[79.9944,28.1961],[79.9896,28.1991],[79.9901,28.2132],[79.985,28.2146],[79.9885,28.2147],[79.9893,28.2253],[79.9855,28.2269],[79.991,28.2406],[79.9857,28.2421],[79.9876,28.2504],[79.9816,28.2561],[79.9854,28.2817],[79.9753,28.2921],[79.9731,28.304],[79.9814,28.3303],[79.9911,28.3381],[79.9966,28.3512],[79.9943,28.3571],[80.0048,28.368],[80.0073,28.3779],[79.9643,28.3717],[79.9319,28.4023],[79.9106,28.4145],[79.8866,28.4216],[79.8706,28.4111],[79.8842,28.4013],[79.8764,28.3976],[79.8641,28.4034],[79.8591,28.3999],[79.8603,28.3889],[79.8447,28.3924],[79.8389,28.3858],[79.8323,28.3903],[79.8291,28.3845],[79.8071,28.3922],[79.8075,28.3834],[79.7923,28.3923],[79.7895,28.4054],[79.7608,28.4084],[79.7595,28.4179],[79.7725,28.4258],[79.7596,28.4323],[79.7535,28.4263]]]}},{"type":"Feature","properties":{"ac_name":"DEBAI","ac_no":68,"ac_category":"GEN","st_name":"UTTAR PRADESH"},"geometry":{"type":"Polygon","coordinates":[[[78.2749,28.3683],[78.269,28.3603],[78.2655,28.3363],[78.259,28.3373],[78.2526,28.3463],[78.2317,28.3459],[78.2208,28.325],[78.2033,28.3313],[78.1927,28.3248],[78.1784,28.3283],[78.163,28.3187],[78.1651,28.3125],[78.1368,28.2963],[78.13,28.2817],[78.1432,28.2745],[78.1562,28.2511],[78.1585,28.2372],[78.1853,28.2309],[78.1916,28.2251],[78.1939,28.2156],[78.1839,28.1982],[78.184,28.19],[78.2023,28.1791],[78.204,28.1466],[78.2195,28.1293],[78.2265,28.113],[78.2238,28.1013],[78.2272,28.103],[78.2262,28.1098],[78.2326,28.1126],[78.252,28.1077],[78.266,28.1184],[78.2752,28.1112],[78.29,28.1179],[78.2943,28.1137],[78.3071,28.1232],[78.3143,28.1229],[78.3189,28.1301],[78.3249,28.1291],[78.3311,28.1418],[78.339,28.1468],[78.3444,28.1423],[78.3476,28.1463],[78.3683,28.131],[78.367,28.1219],[78.3734,28.1123],[78.3653,28.0984],[78.3708,28.094],[78.387,28.1053],[78.4005,28.0877],[78.4058,28.0897],[78.4124,28.0835],[78.4242,28.0936],[78.4448,28.0815],[78.4547,28.0937],[78.4642,28.0898],[78.4672,28.0955],[78.4773,28.09],[78.4891,28.0989],[78.4884,28.1058],[78.4632,28.1318],[78.4606,28.1406],[78.4668,28.1481],[78.4587,28.1607],[78.4337,28.1618],[78.4292,28.1678],[78.4018,28.1795],[78.397,28.1892],[78.3987,28.2039],[78.368,28.2343],[78.3627,28.2568],[78.354,28.2695],[78.3221,28.2699],[78.3129,28.2751],[78.2927,28.3106],[78.2976,28.315],[78.2969,28.3249],[78.2749,28.3683]]]}},{"type":"Feature","properties":{"ac_name":"BALHA","ac_no":282,"ac_category":"SC","st_name":"UTTAR PRADESH"},"geometry":{"type":"Polygon","coordinates":[[[81.0565,28.404],[81.0352,28.3726],[81.0359,28.3658],[81.0539,28.3582],[81.0598,28.3429],[81.0344,28.2895],[81.0603,28.2707],[81.0588,28.2408],[81.0631,28.2316],[81.0856,28.2185],[81.1006,28.2196],[81.1069,28.2156],[81.1217,28.1784],[81.1359,28.1706],[81.1383,28.1554],[81.1452,28.151],[81.1826,28.1341],[81.197,28.1099],[81.1954,28.0946],[81.1695,28.0581],[81.1854,28.0379],[81.196,28.0076],[81.2214,27.9901],[81.2279,27.979],[81.239,27.9721],[81.2462,27.9567],[81.2798,27.9418],[81.3004,27.9191],[81.2965,27.9108],[81.3048,27.9081],[81.3042,27.9048],[81.278,27.8856],[81.2803,27.8647],[81.3125,27.8755],[81.3242,27.8743],[81.3321,27.8664],[81.3372,27.8706],[81.3401,27.8881],[81.3615,27.9072],[81.3614,27.8981],[81.3667,27.8952],[81.3812,27.8991],[81.393,27.8878],[81.4056,27.8925],[81.4073,27.8795],[81.4212,27.8796],[81.4385,27.8953],[81.4457,27.8914],[81.4506,27.9009],[81.4576,27.8961],[81.4643,27.8979],[81.475,27.9166],[81.4692,27.9275],[81.4759,27.9418],[81.4699,27.9494],[81.4781,27.9541],[81.48,27.9637],[81.49,27.9748],[81.4788,27.9912],[81.4937,27.9972],[81.496,28.0079],[81.481,28.0182],[81.4818,28.0258],[81.4769,28.0276],[81.4796,28.0412],[81.4842,28.0455],[81.5038,28.0467],[81.5315,28.0562],[81.4765,28.0843],[81.4824,28.1142],[81.4594,28.1305],[81.4484,28.1567],[81.4274,28.1712],[81.3796,28.1733],[81.3716,28.1654],[81.3781,28.1563],[81.3777,28.1455],[81.3179,28.1356],[81.3165,28.1422],[81.324,28.1476],[81.327,28.1571],[81.3176,28.1553],[81.3056,28.1642],[81.3256,28.1711],[81.3189,28.1848],[81.3187,28.202],[81.3016,28.2196],[81.2913,28.2231],[81.2387,28.2811],[81.2339,28.3302],[81.214,28.3576],[81.1016,28.3779],[81.0846,28.3843],[81.0565,28.404]]]}},{"type":"Feature","properties":{"ac_name":"FARIDPUR","ac_no":122,"ac_category":"SC","st_name":"UTTAR PRADESH"},"geometry":{"type":"Polygon","coordinates":[[[79.6965,28.3845],[79.6881,28.3725],[79.6786,28.3684],[79.6532,28.3741],[79.6534,28.3598],[79.6591,28.355],[79.639,28.3519],[79.6348,28.3465],[79.6219,28.3542],[79.6032,28.3478],[79.5801,28.3557],[79.5627,28.3467],[79.5685,28.3212],[79.5547,28.3309],[79.5337,28.3296],[79.5288,28.3166],[79.5219,28.3214],[79.5032,28.3182],[79.4893,28.2943],[79.4765,28.2975],[79.475,28.2865],[79.4666,28.2773],[79.4718,28.269],[79.4591,28.2464],[79.4598,28.2321],[79.4489,28.2339],[79.4421,28.227],[79.4288,28.2313],[79.4264,28.2231],[79.414,28.2198],[79.4145,28.2138],[79.3997,28.1964],[79.4014,28.1915],[79.4265,28.1833],[79.4226,28.1729],[79.4277,28.1604],[79.4465,28.1554],[79.4581,28.1364],[79.4957,28.1222],[79.5047,28.1059],[79.503,28.0924],[79.5087,28.0711],[79.4964,28.0527],[79.4881,28.0525],[79.4856,28.0403],[79.5038,28.0156],[79.5195,28.0325],[79.5097,28.0407],[79.5175,28.0383],[79.532,28.0574],[79.5516,28.0476],[79.5526,28.0581],[79.56,28.0663],[79.5748,28.0586],[79.5821,28.0678],[79.588,28.0657],[79.5995,28.0754],[79.5969,28.0813],[79.6013,28.0865],[79.6223,28.0723],[79.627,28.0767],[79.6433,28.0701],[79.6532,28.0776],[79.6533,28.0815],[79.6482,28.0821],[79.6571,28.0935],[79.6495,28.0937],[79.6552,28.1001],[79.6462,28.1065],[79.6556,28.1095],[79.6576,28.1144],[79.6464,28.116],[79.6481,28.1253],[79.6431,28.1246],[79.6401,28.1337],[79.6435,28.1396],[79.6356,28.1447],[79.6485,28.149],[79.6436,28.1528],[79.6514,28.1579],[79.6511,28.1728],[79.6633,28.1819],[79.6679,28.1808],[79.6585,28.1906],[79.6642,28.1951],[79.6589,28.2009],[79.67,28.21],[79.6855,28.2042],[79.6926,28.2073],[79.6985,28.2176],[79.6897,28.2255],[79.6972,28.2378],[79.705,28.2358],[79.7111,28.2409],[79.6986,28.2518],[79.702,28.2565],[79.7094,28.2532],[79.7158,28.2648],[79.7201,28.2517],[79.7391,28.2518],[79.7417,28.2553],[79.7389,28.2777],[79.7172,28.2876],[79.7167,28.2932],[79.7038,28.2985],[79.7036,28.3071],[79.6973,28.3096],[79.7253,28.3405],[79.7215,28.3497],[79.7278,28.353],[79.7335,28.3675],[79.7242,28.3713],[79.7173,28.3684],[79.7117,28.3735],[79.7121,28.3805],[79.6965,28.3845]]]}},{"type":"Feature","properties":{"ac_name":"KHURJA","ac_no":70,"ac_category":"SC","st_name":"UTTAR PRADESH"},"geometry":{"type":"Polygon","coordinates":[[[77.846,28.3351],[77.8341,28.3449],[77.8084,28.3093],[77.7968,28.3037],[77.7767,28.3064],[77.7786,28.2889],[77.7666,28.2762],[77.7466,28.2819],[77.7152,28.2775],[77.6997,28.2846],[77.697,28.2825],[77.6975,28.267],[77.7069,28.2555],[77.702,28.2294],[77.7165,28.2184],[77.7186,28.2118],[77.7145,28.1907],[77.7026,28.1797],[77.7062,28.1683],[77.7286,28.1638],[77.7281,28.127],[77.7328,28.1214],[77.7314,28.1301],[77.7421,28.1368],[77.7433,28.1516],[77.7538,28.1609],[77.7603,28.1594],[77.7624,28.148],[77.7729,28.1369],[77.7846,28.1486],[77.8088,28.1478],[77.8045,28.1624],[77.8232,28.166],[77.8245,28.1718],[77.8304,28.171],[77.84,28.1794],[77.8472,28.172],[77.8425,28.1643],[77.8494,28.1566],[77.8389,28.1422],[77.8474,28.1357],[77.8539,28.1418],[77.8638,28.1407],[77.8731,28.1282],[77.8836,28.1235],[77.8914,28.1149],[77.9042,28.1143],[77.9154,28.0992],[77.9244,28.1049],[77.9355,28.0958],[77.9326,28.0859],[77.9544,28.0859],[77.9607,28.0908],[77.9674,28.0854],[77.9795,28.0876],[77.9939,28.0781],[78.005,28.0844],[78.0019,28.0943],[78.0212,28.1104],[78.017,28.1186],[78.0201,28.1235],[78.0314,28.1289],[78.0464,28.1221],[78.051,28.125],[78.0466,28.1313],[78.0505,28.1482],[78.0425,28.155],[78.045,28.1649],[78.0195,28.1727],[78.0305,28.2037],[78.0392,28.2132],[78.0371,28.2204],[78.0292,28.2262],[78.0183,28.2223],[77.9932,28.2375],[77.9847,28.2374],[77.9809,28.2449],[77.9892,28.266],[77.9539,28.2822],[77.9386,28.2975],[77.9292,28.2991],[77.9096,28.2828],[77.8825,28.321],[77.8694,28.3282],[77.8685,28.3382],[77.8558,28.3403],[77.846,28.3351]]]}},{"type":"Feature","properties":{"ac_name":"BAREILLY CANTT.","ac_no":125,"ac_category":"GEN","st_name":"UTTAR PRADESH"},"geometry":{"type":"Polygon","coordinates":[[[79.4487,28.3668],[79.4408,28.3667],[79.4324,28.362],[79.4253,28.3658],[79.4129,28.3575],[79.3927,28.36],[79.3774,28.3462],[79.3743,28.333],[79.3844,28.3318],[79.4052,28.3173],[79.4281,28.3088],[79.4377,28.3187],[79.4402,28.3302],[79.45,28.3354],[79.4423,28.3508],[79.4559,28.3453],[79.4564,28.3546],[79.4553,28.3649],[79.4487,28.3668]]]}},{"type":"Feature","properties":{"ac_name":"SAHASWAN","ac_no":113,"ac_category":"GEN","st_name":"UTTAR PRADESH"},"geometry":{"type":"Polygon","coordinates":[[[78.7449,28.3398],[78.7359,28.3342],[78.7377,28.3275],[78.732,28.3206],[78.7157,28.3259],[78.7064,28.3074],[78.6952,28.3084],[78.6852,28.2977],[78.6791,28.3053],[78.6637,28.3022],[78.6569,28.3077],[78.6457,28.2911],[78.6527,28.2737],[78.6424,28.2652],[78.6353,28.2508],[78.6321,28.2328],[78.6366,28.2226],[78.6153,28.211],[78.6114,28.2037],[78.6037,28.204],[78.5969,28.1954],[78.6142,28.169],[78.5974,28.1689],[78.593,28.1588],[78.5822,28.1577],[78.5837,28.15],[78.5925,28.1501],[78.6006,28.1424],[78.5917,28.136],[78.5969,28.1246],[78.5844,28.1148],[78.6,28.1018],[78.6027,28.0918],[78.5978,28.0831],[78.5898,28.0814],[78.5823,28.0612],[78.5729,28.0496],[78.6045,28.0383],[78.5891,28.0336],[78.5954,28.0331],[78.6077,28.0178],[78.6175,28.0162],[78.6281,28.0277],[78.6354,28.0185],[78.652,28.0124],[78.6656,28.0157],[78.6532,28.0074],[78.7036,27.9935],[78.7053,27.9847],[78.7166,27.976],[78.7224,27.9638],[78.7346,27.9626],[78.7414,27.9558],[78.7486,27.9571],[78.7577,27.9486],[78.7667,27.963],[78.7814,28.0027],[78.7883,28.0018],[78.7979,28.0117],[78.7921,28.015],[78.7821,28.0122],[78.7736,28.0172],[78.7733,28.0298],[78.7819,28.033],[78.7889,28.0306],[78.7962,28.0426],[78.798,28.0639],[78.7863,28.0748],[78.7849,28.0822],[78.7991,28.0943],[78.8238,28.0985],[78.8341,28.087],[78.8424,28.1012],[78.8521,28.108],[78.85,28.1151],[78.8654,28.1341],[78.8801,28.1273],[78.8768,28.1412],[78.8915,28.1424],[78.8966,28.1483],[78.8934,28.1552],[78.903,28.1597],[78.892,28.172],[78.912,28.1823],[78.9087,28.1928],[78.9191,28.1955],[78.9241,28.2064],[78.9529,28.2024],[78.9648,28.2071],[78.9708,28.1935],[78.979,28.1966],[78.9857,28.2116],[78.9918,28.2091],[79.0051,28.2175],[78.9844,28.2334],[78.9895,28.24],[78.9899,28.2539],[78.9595,28.2529],[78.934,28.2729],[78.9264,28.2665],[78.9152,28.2775],[78.9112,28.2721],[78.9057,28.2811],[78.9007,28.2768],[78.894,28.2822],[78.8873,28.2745],[78.8826,28.2772],[78.8644,28.2705],[78.8562,28.2733],[78.8496,28.2648],[78.8387,28.2635],[78.8281,28.2681],[78.8314,28.2771],[78.8077,28.2878],[78.803,28.2851],[78.7985,28.2894],[78.785,28.2879],[78.7802,28.2813],[78.7721,28.289],[78.7793,28.3081],[78.7719,28.3117],[78.7816,28.3197],[78.759,28.3407],[78.7449,28.3398]]]}},{"type":"Feature","properties":{"ac_name":"GOLA GOKRANNATH","ac_no":139,"ac_category":"GEN","st_name":"UTTAR PRADESH"},"geometry":{"type":"Polygon","coordinates":[[[80.3679,28.336],[80.3055,28.2691],[80.3121,28.2663],[80.3151,28.2524],[80.3094,28.2325],[80.2973,28.2225],[80.2998,28.2065],[80.2956,28.2027],[80.2996,28.1957],[80.3113,28.1922],[80.2984,28.1739],[80.2983,28.1616],[80.3058,28.1344],[80.3293,28.1096],[80.3191,28.0993],[80.3297,28.0896],[80.3303,28.0491],[80.3462,28.0305],[80.3558,28.0259],[80.3592,28.0164],[80.3564,28.0005],[80.3508,27.9947],[80.299,27.9833],[80.2747,27.9475],[80.2956,27.912],[80.2948,27.8782],[80.3056,27.8648],[80.3147,27.8628],[80.3272,27.8428],[80.3409,27.8453],[80.352,27.8546],[80.3619,27.8968],[80.3984,27.9161],[80.4299,27.9445],[80.4329,27.9525],[80.441,27.9513],[80.4518,27.9564],[80.4615,27.9495],[80.4695,27.9553],[80.4735,27.9519],[80.4836,27.9559],[80.4881,27.9427],[80.4959,27.9488],[80.508,27.9492],[80.5179,27.9614],[80.5396,27.9529],[80.5481,27.9644],[80.5409,27.978],[80.5292,27.9795],[80.4976,27.9945],[80.4978,28.0289],[80.4895,28.0315],[80.482,28.0485],[80.4991,28.0499],[80.507,28.0584],[80.5257,28.0439],[80.5367,28.0548],[80.5522,28.057],[80.5613,28.0674],[80.5562,28.0713],[80.5381,28.0716],[80.5423,28.0779],[80.5586,28.0776],[80.5582,28.0886],[80.5794,28.0812],[80.6022,28.0881],[80.6104,28.0777],[80.6178,28.0765],[80.6229,28.0818],[80.6175,28.0961],[80.631,28.0995],[80.6288,28.1104],[80.6446,28.1245],[80.6163,28.1236],[80.6117,28.1249],[80.6117,28.1317],[80.6032,28.1342],[80.577,28.128],[80.5823,28.1388],[80.5788,28.1425],[80.5879,28.1524],[80.5751,28.1594],[80.5552,28.1502],[80.5454,28.1649],[80.5315,28.1455],[80.5239,28.1437],[80.5222,28.151],[80.5156,28.1528],[80.4975,28.2053],[80.4529,28.2542],[80.4493,28.2695],[80.4165,28.3091],[80.3892,28.317],[80.385,28.3257],[80.3679,28.336]]]}},{"type":"Feature","properties":{"ac_name":"BADAUN","ac_no":115,"ac_category":"GEN","st_name":"UTTAR PRADESH"},"geometry":{"type":"Polygon","coordinates":[[[79.0939,28.2522],[79.0923,28.2442],[79.0544,28.2339],[79.0554,28.2224],[79.0634,28.2161],[79.0558,28.2184],[79.0519,28.2152],[79.0477,28.1933],[79.042,28.1864],[79.0253,28.1827],[79.0134,28.1724],[79.0236,28.1701],[79.0235,28.166],[79.0426,28.1559],[79.0573,28.1537],[79.0651,28.1435],[79.067,28.1313],[79.0725,28.1277],[79.0631,28.1193],[79.0803,28.0917],[79.0692,28.0745],[79.0765,28.0635],[79.0926,28.0587],[79.0922,28.0482],[79.1299,28.0232],[79.1554,28.0185],[79.1423,28.0433],[79.1727,28.0527],[79.1713,28.0412],[79.1927,28.0492],[79.2167,28.0391],[79.2142,28.0341],[79.2347,28.0275],[79.2398,28.0362],[79.2564,28.0308],[79.2686,28.039],[79.2787,28.0373],[79.2746,28.0272],[79.2855,28.0337],[79.2999,28.0335],[79.3055,28.0432],[79.3008,28.0479],[79.3033,28.0562],[79.2908,28.0719],[79.3004,28.0812],[79.2854,28.0824],[79.2904,28.0964],[79.2876,28.1008],[79.3005,28.1022],[79.3019,28.1109],[79.3228,28.115],[79.3291,28.1303],[79.314,28.1341],[79.3113,28.1389],[79.3192,28.1401],[79.3271,28.1481],[79.3232,28.1552],[79.3277,28.1628],[79.3188,28.1651],[79.3243,28.179],[79.3115,28.1865],[79.3035,28.1805],[79.2954,28.1849],[79.2815,28.1846],[79.2585,28.1737],[79.2551,28.1828],[79.2469,28.1871],[79.2427,28.1844],[79.2417,28.1912],[79.2334,28.1908],[79.2285,28.1999],[79.2204,28.1976],[79.2058,28.2032],[79.1862,28.2038],[79.1764,28.1866],[79.1537,28.1962],[79.1445,28.1909],[79.139,28.1937],[79.1393,28.2],[79.1292,28.2052],[79.1114,28.2024],[79.1105,28.2114],[79.1006,28.2204],[79.1132,28.2271],[79.1084,28.2342],[79.1138,28.2393],[79.0939,28.2522]]]}},{"type":"Feature","properties":{"ac_name":"KATRA","ac_no":131,"ac_category":"GEN","st_name":"UTTAR PRADESH"},"geometry":{"type":"Polygon","coordinates":[[[79.7484,28.1825],[79.7422,28.1787],[79.7306,28.1816],[79.7317,28.1855],[79.7391,28.1829],[79.7462,28.1961],[79.7413,28.1997],[79.7284,28.1968],[79.7219,28.2056],[79.7371,28.2221],[79.7473,28.2196],[79.7484,28.2274],[79.7403,28.2357],[79.7222,28.2342],[79.7153,28.2385],[79.7172,28.2423],[79.7092,28.2477],[79.7094,28.2532],[79.702,28.2565],[79.6986,28.2518],[79.7111,28.2409],[79.705,28.2358],[79.6972,28.2378],[79.6897,28.2255],[79.6985,28.2176],[79.6926,28.2073],[79.6855,28.2042],[79.67,28.21],[79.6589,28.2009],[79.6642,28.1951],[79.6585,28.1906],[79.6679,28.1808],[79.6633,28.1819],[79.6511,28.1728],[79.6514,28.1579],[79.6436,28.1528],[79.6485,28.149],[79.6356,28.1447],[79.6435,28.1396],[79.6401,28.1337],[79.6431,28.1246],[79.6481,28.1253],[79.6464,28.116],[79.6576,28.1144],[79.6556,28.1095],[79.6462,28.1065],[79.6552,28.1001],[79.6495,28.0937],[79.6571,28.0935],[79.6482,28.0821],[79.6533,28.0815],[79.6532,28.0776],[79.6433,28.0701],[79.627,28.0767],[79.6223,28.0723],[79.6013,28.0865],[79.5969,28.0813],[79.5995,28.0754],[79.588,28.0657],[79.5821,28.0678],[79.5748,28.0586],[79.56,28.0663],[79.5526,28.0581],[79.5516,28.0476],[79.532,28.0574],[79.5175,28.0383],[79.5097,28.0407],[79.5195,28.0325],[79.5038,28.0156],[79.5075,28.0004],[79.5168,27.9993],[79.5125,27.9868],[79.4698,27.986],[79.4752,27.9784],[79.4573,27.9607],[79.4595,27.9579],[79.4715,27.9655],[79.4762,27.9537],[79.4894,27.9468],[79.487,27.9385],[79.4817,27.9472],[79.4843,27.93],[79.4653,27.925],[79.4615,27.9127],[79.4648,27.9038],[79.4622,27.8971],[79.4538,27.8943],[79.4532,27.8876],[79.4652,27.8838],[79.4607,27.8747],[79.4703,27.8715],[79.4681,27.8658],[79.4754,27.862],[79.4732,27.8562],[79.4855,27.8491],[79.4832,27.8445],[79.4736,27.8429],[79.4657,27.8514],[79.4565,27.851],[79.451,27.8378],[79.442,27.836],[79.4321,27.8437],[79.4168,27.8308],[79.4132,27.8413],[79.4041,27.8454],[79.3989,27.8389],[79.4044,27.837],[79.3983,27.8339],[79.4037,27.8321],[79.3951,27.8292],[79.3934,27.8189],[79.386,27.8161],[79.3787,27.8174],[79.3826,27.8191],[79.3805,27.824],[79.3726,27.8215],[79.3705,27.8144],[79.3755,27.8116],[79.3709,27.8099],[79.3715,27.804],[79.3601,27.8049],[79.3589,27.7995],[79.3637,27.7917],[79.409,27.7827],[79.4023,27.7686],[79.412,27.7575],[79.4217,27.7545],[79.4182,27.7472],[79.4282,27.7471],[79.4455,27.7318],[79.454,27.7398],[79.466,27.7299],[79.4739,27.7327],[79.4791,27.7438],[79.5051,27.7631],[79.5149,27.7478],[79.5351,27.7446],[79.5178,27.7408],[79.5237,27.7303],[79.5402,27.7257],[79.5394,27.7153],[79.5632,27.7026],[79.5733,27.7169],[79.6081,27.7075],[79.6105,27.716],[79.5984,27.7291],[79.6074,27.7353],[79.6158,27.7335],[79.6193,27.7388],[79.6184,27.7462],[79.6111,27.7423],[79.6027,27.7537],[79.6124,27.7509],[79.6191,27.7536],[79.6196,27.7578],[79.6086,27.7609],[79.6064,27.7669],[79.6158,27.7665],[79.618,27.776],[79.6318,27.7931],[79.6263,27.8033],[79.631,27.8152],[79.6073,27.8252],[79.5998,27.8398],[79.6004,27.8547],[79.6217,27.8559],[79.6315,27.8716],[79.6534,27.8717],[79.669,27.8992],[79.6602,27.9118],[79.6477,27.917],[79.6499,27.9224],[79.6426,27.9422],[79.6487,27.9535],[79.6723,27.9507],[79.6819,27.9575],[79.6903,27.9475],[79.7055,27.9508],[79.7045,27.9603],[79.7096,27.9656],[79.6983,27.9776],[79.7012,27.9918],[79.7064,27.9884],[79.7174,27.9929],[79.7304,28.0063],[79.7362,28.0001],[79.7498,28.0168],[79.7583,28.0143],[79.756,28.0272],[79.7303,28.0283],[79.7342,28.0221],[79.7237,28.0252],[79.7187,28.0222],[79.7124,28.0269],[79.718,28.0349],[79.7248,28.0323],[79.7337,28.0387],[79.7345,28.0436],[79.7504,28.0426],[79.7526,28.0482],[79.762,28.0407],[79.7638,28.0616],[79.7588,28.0664],[79.746,28.0534],[79.7277,28.059],[79.7282,28.0515],[79.712,28.0602],[79.7086,28.0675],[79.7112,28.074],[79.7161,28.0715],[79.7166,28.0746],[79.7277,28.0672],[79.7324,28.0807],[79.7468,28.0797],[79.753,28.0743],[79.7573,28.0881],[79.7647,28.0861],[79.7627,28.0727],[79.7708,28.0763],[79.774,28.0868],[79.7792,28.0873],[79.7809,28.0923],[79.7686,28.098],[79.7623,28.1099],[79.7824,28.127],[79.7778,28.1315],[79.7815,28.1412],[79.7732,28.1443],[79.7798,28.1486],[79.7739,28.1504],[79.7658,28.1642],[79.7786,28.1656],[79.765,28.1737],[79.7616,28.1838],[79.7484,28.1825]]]}},{"type":"Feature","properties":{"ac_name":"TILHAR","ac_no":133,"ac_category":"GEN","st_name":"UTTAR PRADESH"},"geometry":{"type":"Polygon","coordinates":[[[79.8859,28.1818],[79.8921,28.1859],[79.8892,28.1934],[79.8678,28.1939],[79.8644,28.2021],[79.8681,28.2136],[79.8593,28.2312],[79.8536,28.2296],[79.856,28.2332],[79.8522,28.234],[79.843,28.2298],[79.8302,28.2355],[79.8263,28.2336],[79.8297,28.2305],[79.827,28.2252],[79.8298,28.2123],[79.8352,28.2108],[79.8285,28.206],[79.8399,28.2044],[79.8406,28.1956],[79.8276,28.1896],[79.8316,28.1816],[79.8257,28.174],[79.8178,28.1735],[79.8248,28.1677],[79.8179,28.1701],[79.8189,28.165],[79.8123,28.1625],[79.8095,28.1663],[79.8006,28.1656],[79.8027,28.1588],[79.7981,28.1583],[79.7786,28.1656],[79.7658,28.1642],[79.7739,28.1504],[79.7798,28.1486],[79.7732,28.1443],[79.7815,28.1412],[79.7778,28.1315],[79.7824,28.127],[79.7623,28.1099],[79.7686,28.098],[79.7809,28.0923],[79.7792,28.0873],[79.774,28.0868],[79.7708,28.0763],[79.7627,28.0727],[79.7647,28.0861],[79.7573,28.0881],[79.753,28.0743],[79.7468,28.0797],[79.7324,28.0807],[79.7277,28.0672],[79.7166,28.0746],[79.7161,28.0715],[79.7112,28.074],[79.7086,28.0675],[79.712,28.0602],[79.7282,28.0515],[79.7277,28.059],[79.746,28.0534],[79.7588,28.0664],[79.7638,28.0616],[79.762,28.0407],[79.7526,28.0482],[79.7504,28.0426],[79.7345,28.0436],[79.7337,28.0387],[79.7248,28.0323],[79.718,28.0349],[79.7124,28.0269],[79.7187,28.0222],[79.7237,28.0252],[79.7342,28.0221],[79.7303,28.0283],[79.756,28.0272],[79.7583,28.0143],[79.7498,28.0168],[79.7362,28.0001],[79.7304,28.0063],[79.7174,27.9929],[79.7064,27.9884],[79.7012,27.9918],[79.6983,27.9776],[79.7096,27.9656],[79.7045,27.9603],[79.7055,27.9508],[79.6903,27.9475],[79.6819,27.9575],[79.6723,27.9507],[79.6487,27.9535],[79.6426,27.9422],[79.6499,27.9224],[79.6477,27.917],[79.6602,27.9118],[79.669,27.8992],[79.7013,27.9134],[79.725,27.9071],[79.7338,27.8998],[79.7601,27.8988],[79.7754,27.9059],[79.776,27.9359],[79.806,27.9506],[79.7942,27.9547],[79.7971,27.9668],[79.7857,27.9694],[79.7847,27.9963],[79.7981,27.9957],[79.8099,27.9862],[79.8296,27.985],[79.8377,27.9923],[79.8345,27.9994],[79.8443,27.9994],[79.8536,28.0098],[79.8695,28.0097],[79.8742,28.017],[79.8816,28.01],[79.8898,27.9966],[79.8912,27.9778],[79.9069,27.9635],[79.9221,27.9694],[79.9376,27.962],[79.9536,27.9666],[79.9677,27.9505],[79.9723,27.9364],[79.9822,27.9318],[79.9751,27.9188],[79.9859,27.9024],[80.0085,27.9038],[80.0138,27.9117],[80.0338,27.9089],[80.0369,27.9166],[80.0329,27.9241],[80.0444,27.9226],[80.0512,27.9276],[80.0525,27.933],[80.0484,27.9353],[80.0539,27.9388],[80.0651,27.9356],[80.0719,27.941],[80.0711,27.9326],[80.0783,27.9283],[80.0941,27.9361],[80.09,27.9486],[80.0929,27.9581],[80.1054,27.9645],[80.1019,27.9695],[80.1149,27.9726],[80.123,28.001],[80.1432,28.0079],[80.147,28.0115],[80.144,28.0149],[80.1601,28.0228],[80.1487,28.0245],[80.1446,28.0296],[80.1252,28.0255],[80.0935,28.0463],[80.076,28.0472],[80.0642,28.0629],[80.0533,28.066],[80.0459,28.0607],[80.028,28.0677],[80.0059,28.0532],[79.9763,28.0591],[79.9634,28.0672],[79.9603,28.0612],[79.9568,28.0678],[79.9281,28.0725],[79.909,28.087],[79.9085,28.1038],[79.9017,28.1058],[79.8957,28.0967],[79.8766,28.101],[79.8688,28.1082],[79.8706,28.1218],[79.8967,28.1401],[79.9151,28.1344],[79.9037,28.1423],[79.9152,28.1483],[79.9013,28.1548],[79.911,28.1586],[79.9143,28.1672],[79.8947,28.1787],[79.8857,28.1771],[79.8859,28.1818]]]}},{"type":"Feature","properties":{"ac_name":"BILSI","ac_no":114,"ac_category":"GEN","st_name":"UTTAR PRADESH"},"geometry":{"type":"Polygon","coordinates":[[[78.979,28.1966],[78.9708,28.1935],[78.9648,28.2071],[78.9529,28.2024],[78.9241,28.2064],[78.9191,28.1955],[78.9087,28.1928],[78.912,28.1823],[78.892,28.172],[78.903,28.1597],[78.8934,28.1552],[78.8966,28.1483],[78.8915,28.1424],[78.8768,28.1412],[78.8801,28.1273],[78.8654,28.1341],[78.85,28.1151],[78.8521,28.108],[78.8424,28.1012],[78.8341,28.087],[78.8238,28.0985],[78.7991,28.0943],[78.7849,28.0822],[78.7863,28.0748],[78.798,28.0639],[78.7962,28.0426],[78.7889,28.0306],[78.7819,28.033],[78.7733,28.0298],[78.7736,28.0172],[78.7821,28.0122],[78.7921,28.015],[78.7979,28.0117],[78.7883,28.0018],[78.7814,28.0027],[78.7667,27.963],[78.787,27.9516],[78.7995,27.9507],[78.8034,27.9552],[78.8149,27.9517],[78.8214,27.9393],[78.8431,27.9293],[78.8684,27.9093],[78.8877,27.9162],[78.8996,27.8998],[78.9015,27.9059],[78.937,27.931],[78.9496,27.9239],[78.9563,27.9326],[78.9723,27.9273],[78.9755,27.9424],[78.9679,27.9495],[78.9571,27.9448],[78.9541,27.9473],[78.952,27.9581],[78.9571,27.9635],[78.97,27.9549],[78.9829,27.962],[78.9892,27.9531],[79.0021,27.9637],[79.0112,27.9551],[79.0353,27.9609],[79.0217,27.9812],[79.0235,27.9847],[79.041,27.9829],[79.0334,27.9992],[79.0503,28.0042],[79.0501,28.0102],[79.0591,28.0201],[79.0794,28.017],[79.089,28.0282],[79.0847,28.0332],[79.0922,28.0482],[79.0926,28.0587],[79.0765,28.0635],[79.0692,28.0745],[79.0803,28.0917],[79.0631,28.1193],[79.0725,28.1277],[79.067,28.1313],[79.0651,28.1435],[79.0573,28.1537],[79.0426,28.1559],[79.0235,28.166],[79.0236,28.1701],[79.0134,28.1724],[79.0013,28.175],[78.9978,28.1831],[78.9809,28.1917],[78.979,28.1966]]]}},{"type":"Feature","properties":{"ac_name":"KHAIR","ac_no":71,"ac_category":"SC","st_name":"UTTAR PRADESH"},"geometry":{"type":"Polygon","coordinates":[[[77.7328,28.1214],[77.7248,28.1132],[77.7291,28.0974],[77.7125,28.0869],[77.7001,28.0904],[77.6936,28.0874],[77.6791,28.1017],[77.6726,28.1026],[77.6733,28.109],[77.6663,28.1175],[77.6549,28.1214],[77.6372,28.1028],[77.6268,28.109],[77.6138,28.1072],[77.6023,28.1185],[77.5916,28.1074],[77.5813,28.1053],[77.5672,28.0879],[77.5349,28.0914],[77.5202,28.0868],[77.5064,28.0896],[77.4992,28.0856],[77.4748,28.0852],[77.5004,28.0599],[77.4989,28.0528],[77.4834,28.0399],[77.5071,28.033],[77.5053,28.0239],[77.5206,28.014],[77.5217,28.0064],[77.5431,27.9872],[77.5352,27.9793],[77.5181,27.9731],[77.5153,27.9639],[77.5208,27.9596],[77.5427,27.9623],[77.5457,27.9578],[77.5408,27.9391],[77.5262,27.9273],[77.5265,27.921],[77.5567,27.9121],[77.5652,27.9169],[77.5675,27.9266],[77.5822,27.9277],[77.5919,27.9382],[77.6217,27.9331],[77.6427,27.9674],[77.6542,27.9665],[77.6728,27.9448],[77.6957,27.9422],[77.704,27.9471],[77.7224,27.9333],[77.7354,27.9302],[77.7429,27.9228],[77.7433,27.9133],[77.7649,27.9029],[77.7598,27.8888],[77.766,27.8728],[77.7771,27.8643],[77.8022,27.864],[77.808,27.8592],[77.819,27.8489],[77.8331,27.853],[77.8719,27.8921],[77.8819,27.8878],[77.8834,27.9052],[77.9002,27.8935],[77.9148,27.8915],[77.9379,27.9083],[77.9492,27.9237],[77.9487,27.935],[77.9454,27.9397],[77.9483,27.9563],[77.9407,27.9659],[77.9349,27.9648],[77.9337,27.9707],[77.9427,27.9846],[77.9244,27.991],[77.9233,28.0013],[77.9157,28.001],[77.9061,27.99],[77.8879,27.9841],[77.8783,27.9998],[77.8689,27.9996],[77.8513,28.0076],[77.8647,28.0308],[77.8453,28.0432],[77.8553,28.0588],[77.8699,28.066],[77.8682,28.0708],[77.8746,28.0804],[77.8471,28.0923],[77.8446,28.0982],[77.8528,28.1089],[77.8628,28.1132],[77.8632,28.1184],[77.8718,28.1135],[77.8836,28.1235],[77.8731,28.1282],[77.8638,28.1407],[77.8539,28.1418],[77.8474,28.1357],[77.8389,28.1422],[77.8494,28.1566],[77.8425,28.1643],[77.8472,28.172],[77.84,28.1794],[77.8304,28.171],[77.8245,28.1718],[77.8232,28.166],[77.8045,28.1624],[77.8088,28.1478],[77.7846,28.1486],[77.7729,28.1369],[77.7624,28.148],[77.7603,28.1594],[77.7538,28.1609],[77.7433,28.1516],[77.7421,28.1368],[77.7314,28.1301],[77.7328,28.1214]]]}},{"type":"Feature","properties":{"ac_name":"DATAGANJ","ac_no":117,"ac_category":"GEN","st_name":"UTTAR PRADESH"},"geometry":{"type":"Polygon","coordinates":[[[79.3277,28.1628],[79.3232,28.1552],[79.3271,28.1481],[79.3192,28.1401],[79.3113,28.1389],[79.314,28.1341],[79.3291,28.1303],[79.3228,28.115],[79.3019,28.1109],[79.3005,28.1022],[79.2876,28.1008],[79.2904,28.0964],[79.2854,28.0824],[79.3004,28.0812],[79.2908,28.0719],[79.3033,28.0562],[79.3008,28.0479],[79.3055,28.0432],[79.2999,28.0335],[79.2988,28.0291],[79.3244,28.029],[79.3286,28.0214],[79.3108,28.0082],[79.3097,28.0024],[79.2868,27.9945],[79.2798,27.9866],[79.2928,27.9825],[79.3021,27.9891],[79.3161,27.9905],[79.3197,27.9815],[79.3366,27.9776],[79.3383,27.9722],[79.326,27.9553],[79.3126,27.9494],[79.3115,27.9388],[79.2902,27.9273],[79.2895,27.922],[79.296,27.9186],[79.2876,27.9065],[79.2717,27.8989],[79.2801,27.8942],[79.2659,27.879],[79.2716,27.8587],[79.2623,27.8465],[79.2601,27.8296],[79.2527,27.8322],[79.246,27.8272],[79.2529,27.8234],[79.2526,27.8153],[79.2608,27.8159],[79.2586,27.8075],[79.264,27.8038],[79.2609,27.7927],[79.2548,27.7887],[79.2498,27.7919],[79.2449,27.7869],[79.2538,27.7723],[79.2348,27.7735],[79.233,27.7631],[79.2405,27.7509],[79.2209,27.7286],[79.2372,27.7183],[79.2226,27.6959],[79.2274,27.6925],[79.2351,27.7084],[79.2434,27.6968],[79.2582,27.6942],[79.2561,27.6872],[79.2737,27.6805],[79.2791,27.6822],[79.2939,27.6702],[79.2996,27.6698],[79.2896,27.6818],[79.2914,27.686],[79.3031,27.6833],[79.3096,27.6707],[79.3522,27.6582],[79.357,27.6685],[79.349,27.671],[79.349,27.6767],[79.3391,27.684],[79.3434,27.6942],[79.3372,27.6998],[79.3397,27.7114],[79.323,27.7254],[79.3375,27.7378],[79.3611,27.7353],[79.3552,27.7526],[79.3461,27.7543],[79.3552,27.7833],[79.3508,27.789],[79.3589,27.7995],[79.3601,27.8049],[79.3715,27.804],[79.3709,27.8099],[79.3755,27.8116],[79.3705,27.8144],[79.3726,27.8215],[79.3805,27.824],[79.3826,27.8191],[79.3787,27.8174],[79.386,27.8161],[79.3934,27.8189],[79.3951,27.8292],[79.4037,27.8321],[79.3983,27.8339],[79.4044,27.837],[79.3989,27.8389],[79.4041,27.8454],[79.4132,27.8413],[79.4168,27.8308],[79.4321,27.8437],[79.442,27.836],[79.451,27.8378],[79.4565,27.851],[79.4657,27.8514],[79.4736,27.8429],[79.4832,27.8445],[79.4855,27.8491],[79.4732,27.8562],[79.4754,27.862],[79.4681,27.8658],[79.4703,27.8715],[79.4607,27.8747],[79.4652,27.8838],[79.4532,27.8876],[79.4538,27.8943],[79.4622,27.8971],[79.4648,27.9038],[79.4615,27.9127],[79.4653,27.925],[79.4843,27.93],[79.4817,27.9472],[79.487,27.9385],[79.4894,27.9468],[79.4762,27.9537],[79.4715,27.9655],[79.4595,27.9579],[79.4573,27.9607],[79.4752,27.9784],[79.4698,27.986],[79.5125,27.9868],[79.5168,27.9993],[79.5075,28.0004],[79.5038,28.0156],[79.4856,28.0403],[79.4881,28.0525],[79.4964,28.0527],[79.5087,28.0711],[79.503,28.0924],[79.5047,28.1059],[79.4957,28.1222],[79.4581,28.1364],[79.4465,28.1554],[79.4277,28.1604],[79.4226,28.1729],[79.4143,28.1748],[79.4039,28.1675],[79.3888,28.1786],[79.3741,28.1798],[79.3739,28.1733],[79.3649,28.1754],[79.3594,28.1676],[79.3518,28.1663],[79.3466,28.1731],[79.3371,28.1703],[79.3313,28.1604],[79.3277,28.1628]]]}},{"type":"Feature","properties":{"ac_name":"ATRAULI","ac_no":73,"ac_category":"GEN","st_name":"UTTAR PRADESH"},"geometry":{"type":"Polygon","coordinates":[[[78.2272,28.103],[78.2297,28.0855],[78.2408,28.0649],[78.2544,28.0576],[78.2528,28.0538],[78.2713,28.0559],[78.2747,28.0529],[78.2573,28.0103],[78.2297,28.0109],[78.2181,28.0015],[78.2212,27.9759],[78.2456,27.9653],[78.2533,27.9425],[78.2834,27.9298],[78.2994,27.9148],[78.3198,27.9315],[78.3302,27.9318],[78.3502,27.9494],[78.3679,27.957],[78.3688,27.9692],[78.3788,27.9776],[78.3891,27.9696],[78.3931,27.9735],[78.4085,27.9685],[78.4175,27.9791],[78.4247,27.9755],[78.4258,27.9698],[78.4236,27.966],[78.4293,27.9639],[78.4319,27.9707],[78.4433,27.9745],[78.448,27.9617],[78.4563,27.955],[78.4601,27.9397],[78.4743,27.9514],[78.4887,27.9331],[78.4954,27.9414],[78.5063,27.9343],[78.5064,27.9234],[78.518,27.9226],[78.5233,27.9047],[78.5285,27.9057],[78.5327,27.9107],[78.5386,27.9073],[78.5501,27.9098],[78.5739,27.9368],[78.5668,27.9422],[78.5866,27.9586],[78.5809,27.9633],[78.6,27.9818],[78.5919,27.9943],[78.5965,27.9981],[78.594,28.012],[78.6077,28.0178],[78.5954,28.0331],[78.5891,28.0336],[78.6045,28.0383],[78.5729,28.0496],[78.5823,28.0612],[78.5733,28.0638],[78.5576,28.0604],[78.5562,28.0539],[78.5305,28.0437],[78.5301,28.0512],[78.5208,28.0564],[78.5211,28.0609],[78.514,28.0614],[78.5086,28.0712],[78.5103,28.086],[78.5028,28.0946],[78.4891,28.0989],[78.4773,28.09],[78.4672,28.0955],[78.4642,28.0898],[78.4547,28.0937],[78.4448,28.0815],[78.4242,28.0936],[78.4124,28.0835],[78.4058,28.0897],[78.4005,28.0877],[78.387,28.1053],[78.3708,28.094],[78.3653,28.0984],[78.3734,28.1123],[78.367,28.1219],[78.3683,28.131],[78.3476,28.1463],[78.3444,28.1423],[78.339,28.1468],[78.3311,28.1418],[78.3249,28.1291],[78.3189,28.1301],[78.3143,28.1229],[78.3071,28.1232],[78.2943,28.1137],[78.29,28.1179],[78.2752,28.1112],[78.266,28.1184],[78.252,28.1077],[78.2326,28.1126],[78.2262,28.1098],[78.2272,28.103]]]}},{"type":"Feature","properties":{"ac_name":"BARAULI","ac_no":72,"ac_category":"GEN","st_name":"UTTAR PRADESH"},"geometry":{"type":"Polygon","coordinates":[[[78.051,28.125],[78.0464,28.1221],[78.0314,28.1289],[78.0201,28.1235],[78.017,28.1186],[78.0212,28.1104],[78.0019,28.0943],[78.005,28.0844],[77.9939,28.0781],[77.9795,28.0876],[77.9674,28.0854],[77.9607,28.0908],[77.9544,28.0859],[77.9326,28.0859],[77.9355,28.0958],[77.9244,28.1049],[77.9154,28.0992],[77.9042,28.1143],[77.8914,28.1149],[77.8836,28.1235],[77.8718,28.1135],[77.8632,28.1184],[77.8628,28.1132],[77.8528,28.1089],[77.8446,28.0982],[77.8471,28.0923],[77.8746,28.0804],[77.8682,28.0708],[77.8699,28.066],[77.8553,28.0588],[77.8453,28.0432],[77.8647,28.0308],[77.8513,28.0076],[77.8689,27.9996],[77.8783,27.9998],[77.8879,27.9841],[77.9061,27.99],[77.9157,28.001],[77.9233,28.0013],[77.9244,27.991],[77.9427,27.9846],[77.9337,27.9707],[77.9349,27.9648],[77.9407,27.9659],[77.9483,27.9563],[77.9454,27.9397],[77.9487,27.935],[77.972,27.9264],[77.9781,27.9481],[77.9733,27.9564],[77.9905,27.9514],[77.9947,27.9553],[77.9932,27.9717],[77.9995,27.9713],[78.0092,27.9789],[78.0164,27.9714],[78.0474,27.9583],[78.0505,27.9423],[78.0565,27.9371],[78.0575,27.9206],[78.0707,27.9185],[78.0779,27.9188],[78.0776,27.9263],[78.0892,27.937],[78.0953,27.9225],[78.0944,27.9116],[78.1164,27.9066],[78.1141,27.8965],[78.1235,27.8878],[78.1147,27.8856],[78.119,27.8813],[78.1181,27.8722],[78.1364,27.8742],[78.1471,27.8802],[78.1669,27.8792],[78.1712,27.8832],[78.1946,27.8717],[78.2076,27.8871],[78.22,27.8872],[78.2264,27.9003],[78.2556,27.8959],[78.2632,27.9003],[78.2628,27.9084],[78.2678,27.9125],[78.2869,27.9074],[78.3001,27.91],[78.2994,27.9148],[78.2834,27.9298],[78.2533,27.9425],[78.2456,27.9653],[78.2212,27.9759],[78.2181,28.0015],[78.2297,28.0109],[78.2573,28.0103],[78.2747,28.0529],[78.2713,28.0559],[78.2528,28.0538],[78.2544,28.0576],[78.2408,28.0649],[78.2297,28.0855],[78.2272,28.103],[78.2238,28.1013],[78.2107,28.0933],[78.203,28.1009],[78.18,28.0776],[78.1627,28.0749],[78.1582,28.0798],[78.1346,28.0596],[78.125,28.0591],[78.1125,28.0687],[78.1205,28.0787],[78.1199,28.0877],[78.1047,28.099],[78.0992,28.1098],[78.0902,28.103],[78.0768,28.1016],[78.0833,28.1174],[78.0771,28.1193],[78.0714,28.1124],[78.0609,28.1132],[78.051,28.125]]]}},{"type":"Feature","properties":{"ac_name":"MOHAMMDI","ac_no":144,"ac_category":"GEN","st_name":"UTTAR PRADESH"},"geometry":{"type":"Polygon","coordinates":[[[80.2484,28.1643],[80.2377,28.1432],[80.244,28.1252],[80.239,28.1159],[80.2439,28.1107],[80.2404,28.104],[80.2532,28.0912],[80.2483,28.077],[80.2375,28.0598],[80.2295,28.0601],[80.223,28.0667],[80.1799,28.0274],[80.1767,28.0254],[80.1643,28.0331],[80.1594,28.0294],[80.1601,28.0228],[80.144,28.0149],[80.147,28.0115],[80.1432,28.0079],[80.123,28.001],[80.1149,27.9726],[80.1019,27.9695],[80.1054,27.9645],[80.0929,27.9581],[80.09,27.9486],[80.0941,27.9361],[80.0783,27.9283],[80.0711,27.9326],[80.0719,27.941],[80.0651,27.9356],[80.0539,27.9388],[80.0484,27.9353],[80.0525,27.933],[80.0512,27.9276],[80.0444,27.9226],[80.0329,27.9241],[80.0369,27.9166],[80.0338,27.9089],[80.0305,27.9008],[80.0449,27.889],[80.052,27.873],[80.057,27.863],[80.0561,27.8474],[80.0339,27.8337],[80.0428,27.8234],[80.0503,27.8236],[80.0541,27.8189],[80.0457,27.8128],[80.0527,27.8027],[80.0483,27.7993],[80.0594,27.7695],[80.0799,27.7748],[80.0879,27.7826],[80.1025,27.7786],[80.1095,27.7824],[80.1068,27.7777],[80.1143,27.7732],[80.1175,27.7773],[80.1361,27.7779],[80.1318,27.7542],[80.1334,27.7504],[80.1405,27.7526],[80.1576,27.7713],[80.1578,27.767],[80.1686,27.7614],[80.1829,27.766],[80.1926,27.7604],[80.2013,27.7758],[80.2171,27.7716],[80.2188,27.7675],[80.232,27.7716],[80.2241,27.7624],[80.232,27.7597],[80.241,27.7649],[80.2433,27.7561],[80.2382,27.7519],[80.2468,27.7549],[80.2553,27.7494],[80.2555,27.7427],[80.2663,27.7417],[80.2724,27.7291],[80.2836,27.7313],[80.2803,27.7269],[80.2834,27.72],[80.2777,27.7138],[80.2883,27.7083],[80.2995,27.7246],[80.311,27.7224],[80.3182,27.7275],[80.3228,27.7385],[80.314,27.743],[80.3215,27.7492],[80.3271,27.7454],[80.3347,27.7577],[80.3231,27.7662],[80.3218,27.7717],[80.3291,27.7788],[80.3224,27.7873],[80.3237,27.7938],[80.3126,27.8016],[80.3197,27.8103],[80.3092,27.8164],[80.3227,27.836],[80.3204,27.8388],[80.3272,27.8428],[80.3147,27.8628],[80.3056,27.8648],[80.2948,27.8782],[80.2956,27.912],[80.2747,27.9475],[80.299,27.9833],[80.3508,27.9947],[80.3564,28.0005],[80.3592,28.0164],[80.3558,28.0259],[80.3462,28.0305],[80.3303,28.0491],[80.3297,28.0896],[80.3191,28.0993],[80.3293,28.1096],[80.3058,28.1344],[80.2983,28.1616],[80.2787,28.166],[80.2726,28.1581],[80.2595,28.1605],[80.2524,28.1676],[80.2484,28.1643]]]}},{"type":"Feature","properties":{"ac_name":"SRI NAGAR","ac_no":140,"ac_category":"SC","st_name":"UTTAR PRADESH"},"geometry":{"type":"Polygon","coordinates":[[[80.7718,28.1577],[80.7538,28.1614],[80.7402,28.1709],[80.7391,28.1625],[80.7494,28.1561],[80.7485,28.1488],[80.7353,28.1305],[80.7208,28.125],[80.7213,28.1147],[80.714,28.1126],[80.7028,28.1183],[80.6999,28.1275],[80.6856,28.1341],[80.686,28.1562],[80.6725,28.1703],[80.6556,28.1448],[80.6464,28.1402],[80.6446,28.1245],[80.6288,28.1104],[80.631,28.0995],[80.6175,28.0961],[80.6229,28.0818],[80.6178,28.0765],[80.6104,28.0777],[80.6022,28.0881],[80.5794,28.0812],[80.5582,28.0886],[80.5586,28.0776],[80.5423,28.0779],[80.5381,28.0716],[80.5562,28.0713],[80.5613,28.0674],[80.5522,28.057],[80.5367,28.0548],[80.5257,28.0439],[80.507,28.0584],[80.4991,28.0499],[80.482,28.0485],[80.4895,28.0315],[80.4978,28.0289],[80.4976,27.9945],[80.5292,27.9795],[80.5409,27.978],[80.5481,27.9644],[80.5396,27.9529],[80.5289,27.9482],[80.5363,27.9424],[80.5366,27.9348],[80.5486,27.9381],[80.5638,27.9302],[80.5695,27.9386],[80.5865,27.9278],[80.5939,27.9329],[80.5988,27.9262],[80.6181,27.9343],[80.6149,27.9525],[80.6278,27.9597],[80.6365,27.9569],[80.6374,27.9471],[80.6576,27.9425],[80.6559,27.9363],[80.6462,27.931],[80.6741,27.92],[80.675,27.9303],[80.6864,27.924],[80.6965,27.9346],[80.7007,27.9431],[80.698,27.9563],[80.7028,27.958],[80.7059,27.9512],[80.7106,27.9524],[80.7164,27.9636],[80.74,27.9571],[80.7429,27.9624],[80.7614,27.955],[80.77,27.97],[80.7862,27.9647],[80.8023,27.9799],[80.8117,27.9767],[80.8205,27.9879],[80.832,27.9923],[80.8397,27.9772],[80.8451,27.9825],[80.8508,27.9776],[80.8548,27.982],[80.8673,27.9737],[80.8627,27.9654],[80.8772,27.9642],[80.8861,27.9753],[80.9054,27.9629],[80.9137,27.9706],[80.9207,27.971],[80.9249,27.9799],[80.9381,27.9768],[80.9452,27.9867],[80.9517,27.9814],[80.9662,27.9946],[80.965,27.9994],[80.9705,27.9983],[80.9822,28.0057],[80.9827,28.0207],[80.9721,28.0318],[80.9823,28.0592],[80.9645,28.063],[80.962,28.0886],[80.9343,28.09],[80.9264,28.102],[80.9079,28.1081],[80.9129,28.1207],[80.8965,28.1347],[80.8994,28.1417],[80.8909,28.1513],[80.8739,28.156],[80.8709,28.1636],[80.8573,28.1606],[80.8467,28.1452],[80.8215,28.1591],[80.7983,28.1373],[80.7862,28.1407],[80.7718,28.1577]]]}},{"type":"Feature","properties":{"ac_name":"DHAURAHRA","ac_no":141,"ac_category":"GEN","st_name":"UTTAR PRADESH"},"geometry":{"type":"Polygon","coordinates":[[[81.1452,28.151],[81.1385,28.1284],[81.115,28.1198],[81.1043,28.1008],[81.0806,28.1028],[81.0734,28.1113],[81.0607,28.1092],[81.0488,28.1009],[81.0415,28.1083],[81.0377,28.0919],[81.0248,28.0825],[80.9922,28.1063],[80.9876,28.1233],[80.974,28.1318],[80.956,28.114],[80.9293,28.1179],[80.9264,28.102],[80.9343,28.09],[80.962,28.0886],[80.9645,28.063],[80.9823,28.0592],[80.9721,28.0318],[80.9827,28.0207],[80.9822,28.0057],[80.9871,27.9996],[80.9911,27.9918],[80.9905,27.9595],[80.9852,27.9468],[80.9921,27.9375],[81.0112,27.9326],[81.0161,27.9123],[81.0266,27.9063],[81.0258,27.8879],[81.0303,27.8787],[81.0257,27.8588],[81.0073,27.844],[81.0026,27.8242],[81.0205,27.8154],[81.0255,27.8227],[81.0347,27.819],[81.0383,27.8122],[81.047,27.8181],[81.0604,27.8111],[81.0688,27.824],[81.0834,27.8211],[81.0837,27.8148],[81.093,27.8125],[81.092,27.8034],[81.1045,27.797],[81.1073,27.7897],[81.1145,27.789],[81.1265,27.8035],[81.1305,27.8003],[81.1409,27.8055],[81.1502,27.7808],[81.1691,27.7773],[81.1798,27.7842],[81.1975,27.7718],[81.2259,27.7627],[81.2289,27.756],[81.2166,27.7489],[81.2084,27.7487],[81.2037,27.7564],[81.1961,27.7538],[81.1911,27.7393],[81.1847,27.7354],[81.1873,27.7284],[81.2018,27.7251],[81.203,27.7189],[81.2052,27.7212],[81.2077,27.7156],[81.2169,27.7149],[81.2294,27.7293],[81.2347,27.7263],[81.2434,27.7289],[81.2464,27.7176],[81.2657,27.7135],[81.2724,27.6985],[81.2645,27.7003],[81.2507,27.6873],[81.2504,27.679],[81.2789,27.6759],[81.2789,27.6842],[81.2871,27.6853],[81.2865,27.696],[81.292,27.701],[81.2893,27.7156],[81.2718,27.7399],[81.2793,27.7569],[81.2943,27.7879],[81.2759,27.8137],[81.2766,27.8193],[81.2902,27.8243],[81.2944,27.835],[81.2935,27.8466],[81.283,27.8551],[81.2803,27.8647],[81.278,27.8856],[81.3042,27.9048],[81.3048,27.9081],[81.2965,27.9108],[81.3004,27.9191],[81.2798,27.9418],[81.2462,27.9567],[81.239,27.9721],[81.2279,27.979],[81.2214,27.9901],[81.196,28.0076],[81.1854,28.0379],[81.1695,28.0581],[81.1954,28.0946],[81.197,28.1099],[81.1826,28.1341],[81.1452,28.151]]]}},{"type":"Feature","properties":{"ac_name":"SHEKHUPUR","ac_no":116,"ac_category":"GEN","st_name":"UTTAR PRADESH"},"geometry":{"type":"Polygon","coordinates":[[[79.2999,28.0335],[79.2855,28.0337],[79.2746,28.0272],[79.2787,28.0373],[79.2686,28.039],[79.2564,28.0308],[79.2398,28.0362],[79.2347,28.0275],[79.2142,28.0341],[79.2167,28.0391],[79.1927,28.0492],[79.1713,28.0412],[79.1727,28.0527],[79.1423,28.0433],[79.1554,28.0185],[79.1299,28.0232],[79.0922,28.0482],[79.0847,28.0332],[79.089,28.0282],[79.0794,28.017],[79.0591,28.0201],[79.0501,28.0102],[79.0503,28.0042],[79.0334,27.9992],[79.041,27.9829],[79.0235,27.9847],[79.0217,27.9812],[79.0353,27.9609],[79.0112,27.9551],[79.0021,27.9637],[78.9892,27.9531],[78.9829,27.962],[78.97,27.9549],[78.9571,27.9635],[78.952,27.9581],[78.9541,27.9473],[78.9571,27.9448],[78.9679,27.9495],[78.9755,27.9424],[78.9723,27.9273],[78.9563,27.9326],[78.9496,27.9239],[78.937,27.931],[78.9015,27.9059],[78.8996,27.8998],[78.9137,27.8812],[78.9209,27.8738],[78.918,27.8499],[78.928,27.85],[78.9343,27.8452],[78.9501,27.8532],[78.964,27.8476],[78.9714,27.865],[78.9842,27.8739],[79.0159,27.8563],[79.0008,27.8379],[79.0208,27.8421],[79.0578,27.8341],[79.0696,27.8439],[79.0731,27.8389],[79.0974,27.8299],[79.1206,27.8477],[79.1384,27.838],[79.1475,27.8292],[79.1328,27.8138],[79.1417,27.814],[79.1641,27.7968],[79.1663,27.781],[79.1746,27.7755],[79.1705,27.7712],[79.1874,27.7646],[79.1961,27.7503],[79.1815,27.7153],[79.2203,27.7003],[79.2226,27.6959],[79.2372,27.7183],[79.2209,27.7286],[79.2405,27.7509],[79.233,27.7631],[79.2348,27.7735],[79.2538,27.7723],[79.2449,27.7869],[79.2498,27.7919],[79.2548,27.7887],[79.2609,27.7927],[79.264,27.8038],[79.2586,27.8075],[79.2608,27.8159],[79.2526,27.8153],[79.2529,27.8234],[79.246,27.8272],[79.2527,27.8322],[79.2601,27.8296],[79.2623,27.8465],[79.2716,27.8587],[79.2659,27.879],[79.2801,27.8942],[79.2717,27.8989],[79.2876,27.9065],[79.296,27.9186],[79.2895,27.922],[79.2902,27.9273],[79.3115,27.9388],[79.3126,27.9494],[79.326,27.9553],[79.3383,27.9722],[79.3366,27.9776],[79.3197,27.9815],[79.3161,27.9905],[79.3021,27.9891],[79.2928,27.9825],[79.2798,27.9866],[79.2868,27.9945],[79.3097,28.0024],[79.3108,28.0082],[79.3286,28.0214],[79.3244,28.029],[79.2988,28.0291],[79.2999,28.0335]]]}},{"type":"Feature","properties":{"ac_name":"KASGANJ","ac_no":100,"ac_category":"GEN","st_name":"UTTAR PRADESH"},"geometry":{"type":"Polygon","coordinates":[[[78.6077,28.0178],[78.594,28.012],[78.5965,27.9981],[78.5919,27.9943],[78.6,27.9818],[78.5809,27.9633],[78.5866,27.9586],[78.5668,27.9422],[78.5739,27.9368],[78.5501,27.9098],[78.5386,27.9073],[78.5327,27.9107],[78.5285,27.9057],[78.5343,27.8987],[78.5192,27.8949],[78.5068,27.8754],[78.508,27.8686],[78.492,27.8574],[78.4974,27.8531],[78.497,27.8468],[78.5034,27.8491],[78.5137,27.8415],[78.5065,27.8323],[78.5138,27.8291],[78.5183,27.8135],[78.51,27.8026],[78.5018,27.7995],[78.4748,27.8086],[78.4715,27.8003],[78.4821,27.7913],[78.4778,27.775],[78.4828,27.7701],[78.4737,27.762],[78.5182,27.7351],[78.5331,27.7523],[78.534,27.7602],[78.5264,27.7687],[78.5372,27.7807],[78.5544,27.7807],[78.5659,27.7692],[78.6012,27.7685],[78.6035,27.7517],[78.614,27.7428],[78.6362,27.7387],[78.6498,27.7462],[78.6681,27.7333],[78.6792,27.7374],[78.6809,27.7543],[78.6717,27.7649],[78.6746,27.7704],[78.6789,27.7699],[78.6763,27.785],[78.6595,27.7987],[78.6822,27.7917],[78.6945,27.8105],[78.7092,27.8071],[78.7128,27.8197],[78.7051,27.8264],[78.7185,27.8366],[78.7243,27.8294],[78.7351,27.8273],[78.7511,27.8368],[78.7661,27.8374],[78.7723,27.8521],[78.7848,27.8601],[78.7881,27.8692],[78.81,27.8649],[78.81,27.8742],[78.8043,27.8774],[78.8096,27.8867],[78.8059,27.898],[78.8431,27.9293],[78.8214,27.9393],[78.8149,27.9517],[78.8034,27.9552],[78.7995,27.9507],[78.787,27.9516],[78.7667,27.963],[78.7577,27.9486],[78.7486,27.9571],[78.7414,27.9558],[78.7346,27.9626],[78.7224,27.9638],[78.7166,27.976],[78.7053,27.9847],[78.7036,27.9935],[78.6532,28.0074],[78.6656,28.0157],[78.652,28.0124],[78.6354,28.0185],[78.6281,28.0277],[78.6175,28.0162],[78.6077,28.0178]]]}},{"type":"Feature","properties":{"ac_name":"NANPARA","ac_no":283,"ac_category":"GEN","st_name":"UTTAR PRADESH"},"geometry":{"type":"Polygon","coordinates":[[[81.5315,28.0562],[81.5038,28.0467],[81.4842,28.0455],[81.4796,28.0412],[81.4769,28.0276],[81.4818,28.0258],[81.481,28.0182],[81.496,28.0079],[81.4937,27.9972],[81.4788,27.9912],[81.49,27.9748],[81.48,27.9637],[81.4781,27.9541],[81.4699,27.9494],[81.4759,27.9418],[81.4692,27.9275],[81.475,27.9166],[81.4643,27.8979],[81.4576,27.8961],[81.4506,27.9009],[81.4457,27.8914],[81.4385,27.8953],[81.4212,27.8796],[81.4073,27.8795],[81.4056,27.8925],[81.393,27.8878],[81.3812,27.8991],[81.3667,27.8952],[81.3614,27.8981],[81.3615,27.9072],[81.3401,27.8881],[81.3372,27.8706],[81.3321,27.8664],[81.3242,27.8743],[81.3125,27.8755],[81.2803,27.8647],[81.283,27.8551],[81.2935,27.8466],[81.2944,27.835],[81.2902,27.8243],[81.2766,27.8193],[81.2759,27.8137],[81.2943,27.7879],[81.2793,27.7569],[81.2963,27.7551],[81.3054,27.7613],[81.3309,27.7373],[81.3344,27.7497],[81.3519,27.7493],[81.3612,27.7633],[81.3823,27.7741],[81.3932,27.7699],[81.3886,27.7545],[81.3986,27.7477],[81.4074,27.7421],[81.4231,27.7407],[81.4451,27.7457],[81.4416,27.7322],[81.4618,27.7125],[81.4671,27.7129],[81.476,27.7295],[81.4873,27.7288],[81.4954,27.7212],[81.4899,27.7072],[81.4888,27.6979],[81.4966,27.6919],[81.5016,27.7058],[81.5186,27.7033],[81.5247,27.7198],[81.5182,27.7363],[81.5332,27.7536],[81.5349,27.7673],[81.5416,27.7714],[81.5427,27.7859],[81.527,27.8033],[81.5097,27.8109],[81.511,27.8216],[81.5071,27.8261],[81.514,27.8458],[81.5245,27.8536],[81.5196,27.8612],[81.5224,27.8697],[81.5301,27.8678],[81.5315,27.8632],[81.5354,27.8682],[81.548,27.865],[81.5504,27.8706],[81.5416,27.8752],[81.5528,27.8932],[81.5622,27.8881],[81.566,27.8953],[81.576,27.8957],[81.5878,27.8858],[81.5996,27.8957],[81.6049,27.9225],[81.6145,27.9304],[81.6205,27.9286],[81.6157,27.9217],[81.6241,27.9254],[81.6292,27.9186],[81.6418,27.9187],[81.6492,27.9132],[81.6538,27.9176],[81.6607,27.9098],[81.6684,27.9167],[81.6845,27.9032],[81.6896,27.9083],[81.6974,27.9292],[81.7309,27.9362],[81.7482,27.9484],[81.6982,27.9878],[81.6421,27.994],[81.6074,28.0179],[81.579,28.0284],[81.5315,28.0562]]]}},{"type":"Feature","properties":{"ac_name":"SHAHJAHANPUR","ac_no":135,"ac_category":"GEN","st_name":"UTTAR PRADESH"},"geometry":{"type":"Polygon","coordinates":[[[79.8816,28.01],[79.8742,28.017],[79.8695,28.0097],[79.8536,28.0098],[79.8443,27.9994],[79.8345,27.9994],[79.8377,27.9923],[79.8296,27.985],[79.8296,27.9662],[79.8374,27.9603],[79.8558,27.9575],[79.8413,27.9426],[79.8335,27.9261],[79.8484,27.924],[79.8522,27.9276],[79.853,27.9168],[79.8854,27.8972],[79.8849,27.8705],[79.8916,27.8663],[79.8834,27.8539],[79.8934,27.8592],[79.8973,27.8539],[79.9116,27.8518],[79.9257,27.8605],[79.9397,27.8495],[79.9345,27.8419],[79.9424,27.8361],[79.9493,27.8466],[79.9715,27.8347],[79.9775,27.8417],[79.986,27.8383],[79.9876,27.849],[79.9943,27.8495],[80.0021,27.8691],[80.0134,27.8668],[80.0161,27.8722],[80.0222,27.8689],[80.032,27.8774],[80.052,27.873],[80.0449,27.889],[80.0305,27.9008],[80.0338,27.9089],[80.0138,27.9117],[80.0085,27.9038],[79.9859,27.9024],[79.9751,27.9188],[79.9822,27.9318],[79.9723,27.9364],[79.9677,27.9505],[79.9536,27.9666],[79.9376,27.962],[79.9221,27.9694],[79.9069,27.9635],[79.8912,27.9778],[79.8898,27.9966],[79.8816,28.01]]]}},{"type":"Feature","properties":{"ac_name":"IGLAS","ac_no":77,"ac_category":"SC","st_name":"UTTAR PRADESH"},"geometry":{"type":"Polygon","coordinates":[[[78.0164,27.9714],[78.0092,27.9789],[77.9995,27.9713],[77.9932,27.9717],[77.9947,27.9553],[77.9905,27.9514],[77.9733,27.9564],[77.9781,27.9481],[77.972,27.9264],[77.9487,27.935],[77.9492,27.9237],[77.9379,27.9083],[77.9148,27.8915],[77.9002,27.8935],[77.8834,27.9052],[77.8819,27.8878],[77.8719,27.8921],[77.8331,27.853],[77.819,27.8489],[77.808,27.8592],[77.7804,27.8458],[77.7808,27.8404],[77.7899,27.8288],[77.7998,27.8248],[77.8024,27.8276],[77.8149,27.8118],[77.8091,27.8003],[77.8153,27.7922],[77.8141,27.7778],[77.8207,27.7751],[77.8339,27.7568],[77.8284,27.7504],[77.8059,27.7531],[77.7922,27.7353],[77.7941,27.7261],[77.7996,27.7243],[77.7943,27.7116],[77.7997,27.7005],[77.7884,27.6891],[77.789,27.6838],[77.8157,27.6676],[77.8173,27.674],[77.8313,27.6698],[77.8266,27.6666],[77.8291,27.662],[77.8478,27.6546],[77.8485,27.6442],[77.8623,27.6211],[77.8492,27.6065],[77.8634,27.5902],[77.8686,27.5724],[77.8738,27.5721],[77.8831,27.5869],[77.8897,27.5896],[77.8976,27.5823],[77.8953,27.5789],[77.8994,27.5798],[77.9039,27.5881],[77.9182,27.591],[77.9167,27.599],[77.941,27.6108],[77.9471,27.6041],[77.9613,27.6139],[77.9718,27.5957],[77.9785,27.6024],[77.9928,27.6019],[78.0023,27.6066],[77.9819,27.621],[77.9856,27.635],[78.0052,27.6498],[78.0213,27.6471],[78.0151,27.6598],[78.0238,27.6679],[77.9908,27.6918],[78.0155,27.7163],[78.0143,27.7227],[78.0043,27.7285],[78.0126,27.7408],[78.0302,27.7334],[78.0436,27.7464],[78.0217,27.7512],[78.0184,27.7597],[78.0254,27.7689],[78.0305,27.7662],[78.0424,27.7725],[78.0411,27.7817],[78.0291,27.7926],[78.0237,27.8169],[78.0319,27.8223],[78.0433,27.8161],[78.0568,27.8245],[78.068,27.847],[78.0523,27.8653],[78.065,27.8749],[78.0542,27.8786],[78.0528,27.8966],[78.0572,27.9056],[78.0727,27.908],[78.0707,27.9185],[78.0575,27.9206],[78.0565,27.9371],[78.0505,27.9423],[78.0474,27.9583],[78.0164,27.9714]]]}},{"type":"Feature","properties":{"ac_name":"MANT","ac_no":82,"ac_category":"GEN","st_name":"UTTAR PRADESH"},"geometry":{"type":"Polygon","coordinates":[[[77.5265,27.921],[77.5231,27.9153],[77.5426,27.8875],[77.5654,27.8695],[77.5621,27.8556],[77.5596,27.8508],[77.5526,27.8581],[77.5387,27.8558],[77.5365,27.8658],[77.5312,27.8662],[77.5298,27.8711],[77.5186,27.8697],[77.514,27.8637],[77.5098,27.8283],[77.5186,27.8152],[77.514,27.8097],[77.4828,27.8211],[77.4634,27.8018],[77.4694,27.787],[77.4923,27.7679],[77.5113,27.7657],[77.5175,27.7491],[77.5363,27.7444],[77.5562,27.7237],[77.5732,27.7435],[77.5924,27.7536],[77.5965,27.7655],[77.6008,27.7663],[77.6052,27.76],[77.6183,27.7718],[77.6347,27.7638],[77.638,27.7669],[77.6497,27.7579],[77.65,27.772],[77.6686,27.7889],[77.6879,27.7867],[77.6868,27.7788],[77.6739,27.7748],[77.6693,27.7552],[77.6837,27.7403],[77.6879,27.7095],[77.702,27.6807],[77.6973,27.6714],[77.6795,27.6736],[77.675,27.6701],[77.6765,27.6531],[77.7058,27.6324],[77.7069,27.6187],[77.7019,27.6141],[77.6813,27.6157],[77.6712,27.5975],[77.6818,27.5794],[77.6903,27.5736],[77.7128,27.5839],[77.7278,27.581],[77.7287,27.5637],[77.7192,27.5577],[77.7114,27.5371],[77.7044,27.5264],[77.7078,27.5243],[77.7159,27.5304],[77.7279,27.525],[77.7407,27.5306],[77.7481,27.5248],[77.7666,27.5444],[77.7806,27.5339],[77.7926,27.539],[77.8068,27.5309],[77.8439,27.53],[77.851,27.5317],[77.8603,27.5494],[77.8653,27.5409],[77.8929,27.5508],[77.904,27.554],[77.9099,27.5651],[77.8994,27.5798],[77.8953,27.5789],[77.8976,27.5823],[77.8897,27.5896],[77.8831,27.5869],[77.8738,27.5721],[77.8686,27.5724],[77.8634,27.5902],[77.8492,27.6065],[77.8623,27.6211],[77.8485,27.6442],[77.8478,27.6546],[77.8291,27.662],[77.8266,27.6666],[77.8313,27.6698],[77.8173,27.674],[77.8157,27.6676],[77.789,27.6838],[77.7884,27.6891],[77.7997,27.7005],[77.7943,27.7116],[77.7996,27.7243],[77.7941,27.7261],[77.7922,27.7353],[77.8059,27.7531],[77.8284,27.7504],[77.8339,27.7568],[77.8207,27.7751],[77.8141,27.7778],[77.8153,27.7922],[77.8091,27.8003],[77.8149,27.8118],[77.8024,27.8276],[77.7998,27.8248],[77.7899,27.8288],[77.7808,27.8404],[77.7804,27.8458],[77.808,27.8592],[77.8022,27.864],[77.7771,27.8643],[77.766,27.8728],[77.7598,27.8888],[77.7649,27.9029],[77.7433,27.9133],[77.7429,27.9228],[77.7354,27.9302],[77.7224,27.9333],[77.704,27.9471],[77.6957,27.9422],[77.6728,27.9448],[77.6542,27.9665],[77.6427,27.9674],[77.6217,27.9331],[77.5919,27.9382],[77.5822,27.9277],[77.5675,27.9266],[77.5652,27.9169],[77.5567,27.9121],[77.5265,27.921]]]}},{"type":"Feature","properties":{"ac_name":"CHHARRA","ac_no":74,"ac_category":"GEN","st_name":"UTTAR PRADESH"},"geometry":{"type":"Polygon","coordinates":[[[78.4258,27.9698],[78.4247,27.9755],[78.4175,27.9791],[78.4085,27.9685],[78.3931,27.9735],[78.3891,27.9696],[78.3788,27.9776],[78.3688,27.9692],[78.3679,27.957],[78.3502,27.9494],[78.3302,27.9318],[78.3198,27.9315],[78.2994,27.9148],[78.3001,27.91],[78.2869,27.9074],[78.2678,27.9125],[78.2628,27.9084],[78.2632,27.9003],[78.2556,27.8959],[78.2264,27.9003],[78.22,27.8872],[78.2076,27.8871],[78.1946,27.8717],[78.1712,27.8832],[78.1669,27.8792],[78.1471,27.8802],[78.1364,27.8742],[78.1181,27.8722],[78.1062,27.8663],[78.1195,27.8527],[78.1275,27.8517],[78.1301,27.8431],[78.1211,27.8393],[78.1227,27.8341],[78.1167,27.8309],[78.1198,27.8282],[78.1362,27.8181],[78.1507,27.8199],[78.1537,27.8124],[78.1645,27.8054],[78.1675,27.8093],[78.1877,27.8063],[78.1857,27.7928],[78.1892,27.7888],[78.1816,27.7813],[78.1836,27.7641],[78.179,27.7553],[78.182,27.7452],[78.1744,27.7358],[78.1832,27.723],[78.1735,27.7155],[78.1949,27.7049],[78.2055,27.6942],[78.2174,27.6939],[78.2258,27.6772],[78.2413,27.6653],[78.2483,27.6707],[78.2627,27.6896],[78.286,27.7084],[78.3261,27.7189],[78.3517,27.743],[78.3737,27.756],[78.3674,27.7799],[78.3997,27.8121],[78.401,27.8277],[78.4119,27.8457],[78.4218,27.8452],[78.4324,27.8377],[78.4454,27.8384],[78.4453,27.8296],[78.4578,27.8221],[78.4643,27.8101],[78.4748,27.8086],[78.5018,27.7995],[78.51,27.8026],[78.5183,27.8135],[78.5138,27.8291],[78.5065,27.8323],[78.5137,27.8415],[78.5034,27.8491],[78.497,27.8468],[78.4974,27.8531],[78.492,27.8574],[78.508,27.8686],[78.5068,27.8754],[78.5192,27.8949],[78.5343,27.8987],[78.5285,27.9057],[78.5233,27.9047],[78.518,27.9226],[78.5064,27.9234],[78.5063,27.9343],[78.4954,27.9414],[78.4887,27.9331],[78.4743,27.9514],[78.4601,27.9397],[78.4563,27.955],[78.448,27.9617],[78.4433,27.9745],[78.4319,27.9707],[78.4293,27.9639],[78.4236,27.966],[78.4258,27.9698]]]}},{"type":"Feature","properties":{"ac_name":"DADRAUL","ac_no":136,"ac_category":"GEN","st_name":"UTTAR PRADESH"},"geometry":{"type":"Polygon","coordinates":[[[79.8296,27.985],[79.8099,27.9862],[79.7981,27.9957],[79.7847,27.9963],[79.7857,27.9694],[79.7971,27.9668],[79.7942,27.9547],[79.806,27.9506],[79.776,27.9359],[79.7754,27.9059],[79.7601,27.8988],[79.7338,27.8998],[79.725,27.9071],[79.7013,27.9134],[79.669,27.8992],[79.6534,27.8717],[79.6315,27.8716],[79.6217,27.8559],[79.6004,27.8547],[79.5998,27.8398],[79.6073,27.8252],[79.631,27.8152],[79.6424,27.8092],[79.6471,27.7908],[79.6421,27.7779],[79.6503,27.7664],[79.673,27.7639],[79.6849,27.7708],[79.6902,27.7696],[79.7001,27.7403],[79.7174,27.7365],[79.736,27.7192],[79.7388,27.7226],[79.7487,27.7178],[79.7536,27.7215],[79.7672,27.7113],[79.7706,27.6991],[79.7828,27.6845],[79.8053,27.6702],[79.807,27.6579],[79.8592,27.6497],[79.8626,27.6483],[79.8677,27.6681],[79.8833,27.671],[79.875,27.687],[79.8783,27.6997],[79.8893,27.7041],[79.9067,27.6935],[79.9198,27.7031],[79.9062,27.7183],[79.9153,27.7202],[79.9319,27.7125],[79.938,27.7172],[79.9481,27.7135],[79.9604,27.7307],[79.9816,27.7296],[79.9922,27.7336],[80.0064,27.7258],[80.0107,27.7326],[80.0177,27.731],[80.0285,27.7447],[80.0319,27.7377],[80.0396,27.7373],[80.0436,27.7434],[80.0538,27.7404],[80.0734,27.7496],[80.0601,27.7556],[80.0562,27.7633],[80.0594,27.7695],[80.0483,27.7993],[80.0527,27.8027],[80.0457,27.8128],[80.0541,27.8189],[80.0503,27.8236],[80.0428,27.8234],[80.0339,27.8337],[80.0561,27.8474],[80.057,27.863],[80.052,27.873],[80.032,27.8774],[80.0222,27.8689],[80.0161,27.8722],[80.0134,27.8668],[80.0021,27.8691],[79.9943,27.8495],[79.9876,27.849],[79.986,27.8383],[79.9775,27.8417],[79.9715,27.8347],[79.9493,27.8466],[79.9424,27.8361],[79.9345,27.8419],[79.9397,27.8495],[79.9257,27.8605],[79.9116,27.8518],[79.8973,27.8539],[79.8934,27.8592],[79.8834,27.8539],[79.8916,27.8663],[79.8849,27.8705],[79.8854,27.8972],[79.853,27.9168],[79.8522,27.9276],[79.8484,27.924],[79.8335,27.9261],[79.8413,27.9426],[79.8558,27.9575],[79.8374,27.9603],[79.8296,27.9662],[79.8296,27.985]]]}},{"type":"Feature","properties":{"ac_name":"LAKHIMPUR","ac_no":142,"ac_category":"GEN","st_name":"UTTAR PRADESH"},"geometry":{"type":"Polygon","coordinates":[[[80.9871,27.9996],[80.9822,28.0057],[80.9705,27.9983],[80.965,27.9994],[80.9662,27.9946],[80.9517,27.9814],[80.9452,27.9867],[80.9381,27.9768],[80.9249,27.9799],[80.9207,27.971],[80.9137,27.9706],[80.9054,27.9629],[80.8861,27.9753],[80.8772,27.9642],[80.8627,27.9654],[80.8673,27.9737],[80.8548,27.982],[80.8508,27.9776],[80.8451,27.9825],[80.8397,27.9772],[80.832,27.9923],[80.8205,27.9879],[80.8117,27.9767],[80.8023,27.9799],[80.7862,27.9647],[80.77,27.97],[80.7614,27.955],[80.7429,27.9624],[80.74,27.9571],[80.7164,27.9636],[80.7106,27.9524],[80.7059,27.9512],[80.7028,27.958],[80.698,27.9563],[80.7007,27.9431],[80.6965,27.9346],[80.6864,27.924],[80.675,27.9303],[80.6741,27.92],[80.6763,27.9134],[80.6996,27.9022],[80.6981,27.8944],[80.7088,27.8876],[80.6985,27.8744],[80.7157,27.8688],[80.7151,27.8638],[80.7043,27.8567],[80.7191,27.849],[80.7167,27.8425],[80.7252,27.8177],[80.7219,27.8083],[80.7438,27.7959],[80.7419,27.8065],[80.7479,27.8132],[80.7609,27.806],[80.7653,27.8158],[80.775,27.8096],[80.7888,27.8183],[80.8259,27.791],[80.844,27.8043],[80.8463,27.8256],[80.8641,27.8242],[80.8743,27.8397],[80.8838,27.841],[80.8944,27.8517],[80.905,27.8456],[80.9006,27.8397],[80.9057,27.8344],[80.9199,27.8494],[80.9288,27.8452],[80.9399,27.8581],[80.9372,27.8733],[80.9494,27.8724],[80.9576,27.8997],[80.97,27.9063],[80.9823,27.9002],[80.9722,27.8958],[80.981,27.8878],[80.9965,27.8881],[80.9984,27.8822],[81.0118,27.8794],[80.996,27.8656],[80.9971,27.8537],[80.9869,27.8399],[80.9924,27.825],[81.0001,27.8251],[81.0026,27.8242],[81.0073,27.844],[81.0257,27.8588],[81.0303,27.8787],[81.0258,27.8879],[81.0266,27.9063],[81.0161,27.9123],[81.0112,27.9326],[80.9921,27.9375],[80.9852,27.9468],[80.9905,27.9595],[80.9911,27.9918],[80.9871,27.9996]]]}},{"type":"Feature","properties":{"ac_name":"CHHATA","ac_no":81,"ac_category":"GEN","st_name":"UTTAR PRADESH"},"geometry":{"type":"Polygon","coordinates":[[[77.5262,27.9273],[77.5168,27.9335],[77.5014,27.9259],[77.4928,27.9389],[77.4753,27.929],[77.481,27.9151],[77.4795,27.8959],[77.4717,27.8836],[77.4537,27.8728],[77.446,27.8739],[77.4278,27.8913],[77.4192,27.8908],[77.4095,27.8753],[77.4224,27.8545],[77.4111,27.852],[77.377,27.8597],[77.3611,27.8508],[77.3491,27.8558],[77.3353,27.848],[77.332,27.8375],[77.3368,27.8342],[77.3205,27.8255],[77.2964,27.8258],[77.2972,27.814],[77.2894,27.8115],[77.2834,27.8019],[77.286,27.7971],[77.302,27.7956],[77.3099,27.7876],[77.3118,27.7739],[77.307,27.7661],[77.3113,27.7582],[77.3075,27.7521],[77.3198,27.7354],[77.3029,27.7261],[77.3048,27.7112],[77.3098,27.7067],[77.3304,27.7096],[77.3411,27.7035],[77.344,27.6629],[77.3528,27.6507],[77.3178,27.6059],[77.335,27.591],[77.3437,27.5971],[77.3549,27.5923],[77.3934,27.5811],[77.4103,27.5989],[77.4282,27.5918],[77.4466,27.5952],[77.4512,27.5919],[77.4552,27.5647],[77.4749,27.5579],[77.4865,27.5668],[77.5056,27.5569],[77.5161,27.5674],[77.5319,27.5695],[77.5459,27.5784],[77.548,27.5927],[77.5592,27.6079],[77.588,27.5829],[77.6046,27.5814],[77.6148,27.6028],[77.6348,27.6014],[77.6494,27.6379],[77.6689,27.6416],[77.6765,27.6531],[77.675,27.6701],[77.6795,27.6736],[77.6973,27.6714],[77.702,27.6807],[77.6879,27.7095],[77.6837,27.7403],[77.6693,27.7552],[77.6739,27.7748],[77.6868,27.7788],[77.6879,27.7867],[77.6686,27.7889],[77.65,27.772],[77.6497,27.7579],[77.638,27.7669],[77.6347,27.7638],[77.6183,27.7718],[77.6052,27.76],[77.6008,27.7663],[77.5965,27.7655],[77.5924,27.7536],[77.5732,27.7435],[77.5562,27.7237],[77.5363,27.7444],[77.5175,27.7491],[77.5113,27.7657],[77.4923,27.7679],[77.4694,27.787],[77.4634,27.8018],[77.4828,27.8211],[77.514,27.8097],[77.5186,27.8152],[77.5098,27.8283],[77.514,27.8637],[77.5186,27.8697],[77.5298,27.8711],[77.5312,27.8662],[77.5365,27.8658],[77.5387,27.8558],[77.5526,27.8581],[77.5596,27.8508],[77.5621,27.8556],[77.5654,27.8695],[77.5426,27.8875],[77.5231,27.9153],[77.5265,27.921],[77.5262,27.9273]]]}},{"type":"Feature","properties":{"ac_name":"ALIGARH","ac_no":76,"ac_category":"GEN","st_name":"UTTAR PRADESH"},"geometry":{"type":"Polygon","coordinates":[[[78.0953,27.9225],[78.0892,27.937],[78.0776,27.9263],[78.0779,27.9188],[78.0707,27.9185],[78.0727,27.908],[78.0572,27.9056],[78.0528,27.8966],[78.0542,27.8786],[78.065,27.8749],[78.0523,27.8653],[78.068,27.847],[78.0746,27.8558],[78.0901,27.8517],[78.1107,27.8543],[78.0888,27.8704],[78.1062,27.8663],[78.1181,27.8722],[78.119,27.8813],[78.1147,27.8856],[78.1235,27.8878],[78.1141,27.8965],[78.1164,27.9066],[78.0944,27.9116],[78.0953,27.9225]]]}},{"type":"Feature","properties":{"ac_name":"KASTA","ac_no":143,"ac_category":"SC","st_name":"UTTAR PRADESH"},"geometry":{"type":"Polygon","coordinates":[[[80.6741,27.92],[80.6462,27.931],[80.6559,27.9363],[80.6576,27.9425],[80.6374,27.9471],[80.6365,27.9569],[80.6278,27.9597],[80.6149,27.9525],[80.6181,27.9343],[80.5988,27.9262],[80.5939,27.9329],[80.5865,27.9278],[80.5695,27.9386],[80.5638,27.9302],[80.5486,27.9381],[80.5366,27.9348],[80.5363,27.9424],[80.5289,27.9482],[80.5396,27.9529],[80.5179,27.9614],[80.508,27.9492],[80.4959,27.9488],[80.4881,27.9427],[80.4836,27.9559],[80.4735,27.9519],[80.4695,27.9553],[80.4615,27.9495],[80.4518,27.9564],[80.441,27.9513],[80.4329,27.9525],[80.4299,27.9445],[80.3984,27.9161],[80.3619,27.8968],[80.352,27.8546],[80.3409,27.8453],[80.3272,27.8428],[80.3204,27.8388],[80.3227,27.836],[80.3092,27.8164],[80.3197,27.8103],[80.3126,27.8016],[80.3237,27.7938],[80.3224,27.7873],[80.3291,27.7788],[80.3218,27.7717],[80.3231,27.7662],[80.3347,27.7577],[80.3271,27.7454],[80.3215,27.7492],[80.314,27.743],[80.3228,27.7385],[80.3182,27.7275],[80.311,27.7224],[80.2995,27.7246],[80.2883,27.7083],[80.2924,27.7085],[80.2997,27.6947],[80.2948,27.6928],[80.2973,27.6839],[80.3101,27.6794],[80.3338,27.6991],[80.3531,27.7027],[80.3612,27.7085],[80.3674,27.7043],[80.3691,27.7091],[80.3783,27.7062],[80.4111,27.7421],[80.4217,27.746],[80.4287,27.7397],[80.4376,27.7458],[80.4458,27.7457],[80.4523,27.7524],[80.4519,27.7619],[80.4427,27.7655],[80.4451,27.7719],[80.4557,27.768],[80.4561,27.7602],[80.4645,27.7575],[80.4687,27.7736],[80.4748,27.7796],[80.4854,27.7737],[80.4898,27.7755],[80.5014,27.7969],[80.5125,27.7986],[80.5171,27.8103],[80.54,27.796],[80.5361,27.7844],[80.5417,27.7716],[80.5542,27.7705],[80.5534,27.7622],[80.5633,27.7525],[80.5723,27.7503],[80.5772,27.7553],[80.6051,27.7506],[80.6031,27.7623],[80.6295,27.8039],[80.6363,27.8335],[80.6416,27.8392],[80.6478,27.8356],[80.6545,27.817],[80.6605,27.8179],[80.6687,27.8306],[80.6715,27.8223],[80.6938,27.8237],[80.7219,27.8083],[80.7252,27.8177],[80.7167,27.8425],[80.7191,27.849],[80.7043,27.8567],[80.7151,27.8638],[80.7157,27.8688],[80.6985,27.8744],[80.7088,27.8876],[80.6981,27.8944],[80.6996,27.9022],[80.6763,27.9134],[80.6741,27.92]]]}},{"type":"Feature","properties":{"ac_name":"AMANPUR","ac_no":101,"ac_category":"GEN","st_name":"UTTAR PRADESH"},"geometry":{"type":"Polygon","coordinates":[[[78.8431,27.9293],[78.8059,27.898],[78.8096,27.8867],[78.8043,27.8774],[78.81,27.8742],[78.81,27.8649],[78.7881,27.8692],[78.7848,27.8601],[78.7723,27.8521],[78.7661,27.8374],[78.7511,27.8368],[78.7351,27.8273],[78.7243,27.8294],[78.7185,27.8366],[78.7051,27.8264],[78.7128,27.8197],[78.7092,27.8071],[78.6945,27.8105],[78.6822,27.7917],[78.6595,27.7987],[78.6763,27.785],[78.6789,27.7699],[78.6746,27.7704],[78.6717,27.7649],[78.6809,27.7543],[78.6792,27.7374],[78.6906,27.6822],[78.7109,27.6666],[78.7282,27.6367],[78.7352,27.6371],[78.7415,27.6286],[78.7735,27.6254],[78.8007,27.6059],[78.8094,27.602],[78.8264,27.6034],[78.8388,27.5988],[78.8458,27.6178],[78.8614,27.6215],[78.8392,27.6296],[78.8583,27.65],[78.8836,27.661],[78.8878,27.6756],[78.9081,27.6961],[78.8993,27.7156],[78.9092,27.721],[78.9225,27.7396],[78.9172,27.7544],[78.9323,27.7557],[78.9393,27.7695],[78.9504,27.7722],[78.9579,27.7832],[78.9512,27.7913],[78.9433,27.7925],[78.8983,27.7858],[78.8931,27.7951],[78.8819,27.7985],[78.8753,27.813],[78.8525,27.8172],[78.865,27.8304],[78.8567,27.8392],[78.8677,27.8517],[78.8805,27.8505],[78.8862,27.857],[78.8862,27.8701],[78.8968,27.8741],[78.9024,27.8822],[78.9137,27.8812],[78.8996,27.8998],[78.8877,27.9162],[78.8684,27.9093],[78.8431,27.9293]]]}},{"type":"Feature","properties":{"ac_name":"BHINGA","ac_no":289,"ac_category":"GEN","st_name":"UTTAR PRADESH"},"geometry":{"type":"Polygon","coordinates":[[[81.6896,27.9083],[81.7267,27.9073],[81.7364,27.8997],[81.7314,27.8918],[81.7234,27.8913],[81.7192,27.8823],[81.7344,27.8607],[81.7184,27.8549],[81.7053,27.8394],[81.7108,27.8354],[81.7121,27.8195],[81.7316,27.8207],[81.7366,27.8168],[81.7277,27.8071],[81.7415,27.801],[81.7537,27.8034],[81.7369,27.7985],[81.7369,27.7891],[81.7492,27.7866],[81.7604,27.7929],[81.7748,27.7881],[81.7789,27.7719],[81.7856,27.7737],[81.7939,27.7691],[81.8037,27.7433],[81.797,27.7154],[81.8089,27.7007],[81.8303,27.6985],[81.8395,27.6787],[81.8499,27.6776],[81.8468,27.6657],[81.8588,27.6558],[81.864,27.6404],[81.8997,27.6205],[81.9092,27.6282],[81.9676,27.6528],[81.9885,27.6495],[82.0142,27.628],[82.0009,27.614],[82.0018,27.5994],[82.0176,27.5881],[82.0245,27.5963],[82.0353,27.5972],[82.044,27.6129],[82.056,27.6142],[82.0589,27.6233],[82.0659,27.6203],[82.0761,27.6239],[82.0846,27.6338],[82.0843,27.6471],[82.0973,27.66],[82.0919,27.6688],[82.1024,27.6807],[82.11,27.6794],[82.1235,27.6908],[82.1279,27.6996],[82.1251,27.7033],[82.1335,27.707],[82.1284,27.7131],[82.1345,27.7307],[82.1242,27.7354],[82.138,27.7451],[82.1447,27.7697],[82.1507,27.7687],[82.1625,27.7905],[82.1809,27.7888],[82.1817,27.7956],[82.1854,27.7927],[82.1927,27.8047],[82.1977,27.8042],[82.2042,27.8216],[82.2052,27.8444],[82.153,27.8668],[82.1492,27.8583],[82.121,27.8656],[82.1132,27.8783],[82.0904,27.8944],[82.0696,27.9235],[81.9858,27.9286],[81.968,27.9289],[81.9617,27.9233],[81.9248,27.875],[81.9258,27.8596],[81.9001,27.8535],[81.8851,27.8562],[81.8336,27.8978],[81.8211,27.9035],[81.8045,27.903],[81.7482,27.9484],[81.7309,27.9362],[81.6974,27.9292],[81.6896,27.9083]]]}},{"type":"Feature","properties":{"ac_name":"MATERA","ac_no":284,"ac_category":"GEN","st_name":"UTTAR PRADESH"},"geometry":{"type":"Polygon","coordinates":[[[81.6845,27.9032],[81.6684,27.9167],[81.6607,27.9098],[81.6538,27.9176],[81.6492,27.9132],[81.6418,27.9187],[81.6292,27.9186],[81.6241,27.9254],[81.6157,27.9217],[81.6205,27.9286],[81.6145,27.9304],[81.6049,27.9225],[81.5996,27.8957],[81.5878,27.8858],[81.576,27.8957],[81.566,27.8953],[81.5622,27.8881],[81.5528,27.8932],[81.5416,27.8752],[81.5504,27.8706],[81.548,27.865],[81.5354,27.8682],[81.5315,27.8632],[81.5301,27.8678],[81.5224,27.8697],[81.5196,27.8612],[81.5245,27.8536],[81.514,27.8458],[81.5071,27.8261],[81.511,27.8216],[81.5097,27.8109],[81.527,27.8033],[81.5427,27.7859],[81.5416,27.7714],[81.5349,27.7673],[81.5332,27.7536],[81.5182,27.7363],[81.5247,27.7198],[81.5186,27.7033],[81.5016,27.7058],[81.4966,27.6919],[81.4888,27.6979],[81.4899,27.7072],[81.4803,27.7104],[81.465,27.6976],[81.4706,27.6901],[81.4702,27.6811],[81.4549,27.6845],[81.4511,27.6724],[81.4543,27.6728],[81.4551,27.6611],[81.4652,27.6546],[81.4635,27.6479],[81.4739,27.6435],[81.4763,27.6257],[81.4844,27.6138],[81.4829,27.6065],[81.4937,27.6042],[81.4973,27.5882],[81.5182,27.5753],[81.5162,27.5666],[81.5225,27.5735],[81.5375,27.5705],[81.5372,27.5846],[81.5259,27.5871],[81.5242,27.5936],[81.5401,27.6083],[81.5594,27.5925],[81.5608,27.5719],[81.5758,27.5711],[81.6014,27.597],[81.5992,27.6077],[81.6071,27.6163],[81.6173,27.613],[81.6228,27.6003],[81.6315,27.61],[81.638,27.6046],[81.6379,27.6177],[81.6434,27.617],[81.6431,27.623],[81.6456,27.6297],[81.6826,27.6355],[81.6721,27.6621],[81.6731,27.6849],[81.689,27.7178],[81.6872,27.7236],[81.6743,27.7281],[81.6555,27.7254],[81.6472,27.7354],[81.6535,27.7547],[81.6474,27.7663],[81.6357,27.7746],[81.6305,27.7877],[81.6294,27.8012],[81.6383,27.8224],[81.6219,27.8443],[81.647,27.8715],[81.6672,27.8798],[81.6735,27.8984],[81.6845,27.9032]]]}},{"type":"Feature","properties":{"ac_name":"KOIL","ac_no":75,"ac_category":"GEN","st_name":"UTTAR PRADESH"},"geometry":{"type":"Polygon","coordinates":[[[78.068,27.847],[78.0568,27.8245],[78.0433,27.8161],[78.0319,27.8223],[78.0237,27.8169],[78.0291,27.7926],[78.0411,27.7817],[78.062,27.791],[78.0722,27.7782],[78.068,27.7733],[78.0723,27.7684],[78.0835,27.7719],[78.0987,27.7642],[78.1369,27.7706],[78.1538,27.7595],[78.1704,27.7643],[78.179,27.7553],[78.1836,27.7641],[78.1816,27.7813],[78.1892,27.7888],[78.1857,27.7928],[78.1877,27.8063],[78.1675,27.8093],[78.1645,27.8054],[78.1537,27.8124],[78.1507,27.8199],[78.1362,27.8181],[78.1198,27.8282],[78.1167,27.8309],[78.1227,27.8341],[78.1211,27.8393],[78.1301,27.8431],[78.1275,27.8517],[78.1195,27.8527],[78.1062,27.8663],[78.0888,27.8704],[78.1107,27.8543],[78.0901,27.8517],[78.0746,27.8558],[78.068,27.847]]]}},{"type":"Feature","properties":{"ac_name":"PATIYALI","ac_no":102,"ac_category":"GEN","st_name":"UTTAR PRADESH"},"geometry":{"type":"Polygon","coordinates":[[[78.9137,27.8812],[78.9024,27.8822],[78.8968,27.8741],[78.8862,27.8701],[78.8862,27.857],[78.8805,27.8505],[78.8677,27.8517],[78.8567,27.8392],[78.865,27.8304],[78.8525,27.8172],[78.8753,27.813],[78.8819,27.7985],[78.8931,27.7951],[78.8983,27.7858],[78.9433,27.7925],[78.9512,27.7913],[78.9579,27.7832],[78.9504,27.7722],[78.9393,27.7695],[78.9323,27.7557],[78.9172,27.7544],[78.9225,27.7396],[78.9092,27.721],[78.8993,27.7156],[78.9081,27.6961],[78.8878,27.6756],[78.8836,27.661],[78.8583,27.65],[78.8392,27.6296],[78.8614,27.6215],[78.8458,27.6178],[78.8388,27.5988],[78.8576,27.5895],[78.8595,27.5785],[78.871,27.5789],[78.8728,27.5892],[78.8871,27.5835],[78.8941,27.5755],[78.896,27.5561],[78.8925,27.5534],[78.9089,27.5507],[78.9232,27.5618],[78.9321,27.5599],[78.9518,27.5726],[78.9599,27.5625],[78.9678,27.5672],[78.9758,27.5833],[78.9711,27.5894],[78.9813,27.5986],[78.9703,27.6135],[78.9796,27.6288],[78.9965,27.6428],[78.9988,27.6331],[79.0323,27.5812],[79.0686,27.56],[79.1054,27.5481],[79.114,27.5569],[79.1591,27.569],[79.1638,27.5776],[79.1772,27.5728],[79.1991,27.5756],[79.2068,27.5807],[79.1737,27.5812],[79.17,27.5845],[79.186,27.6043],[79.1811,27.6174],[79.177,27.6138],[79.1656,27.6147],[79.1552,27.6242],[79.1278,27.6348],[79.1371,27.6426],[79.132,27.6549],[79.1351,27.6679],[79.1302,27.6788],[79.1223,27.6793],[79.1205,27.6848],[79.1297,27.691],[79.1359,27.7044],[79.1515,27.699],[79.1572,27.705],[79.1707,27.7048],[79.1815,27.7153],[79.1961,27.7503],[79.1874,27.7646],[79.1705,27.7712],[79.1746,27.7755],[79.1663,27.781],[79.1641,27.7968],[79.1417,27.814],[79.1328,27.8138],[79.1475,27.8292],[79.1384,27.838],[79.1206,27.8477],[79.0974,27.8299],[79.0731,27.8389],[79.0696,27.8439],[79.0578,27.8341],[79.0208,27.8421],[79.0008,27.8379],[79.0159,27.8563],[78.9842,27.8739],[78.9714,27.865],[78.964,27.8476],[78.9501,27.8532],[78.9343,27.8452],[78.928,27.85],[78.918,27.8499],[78.9209,27.8738],[78.9137,27.8812]]]}},{"type":"Feature","properties":{"ac_name":"HARGAON","ac_no":147,"ac_category":"SC","st_name":"UTTAR PRADESH"},"geometry":{"type":"Polygon","coordinates":[[[81.0001,27.8251],[80.9924,27.825],[80.9869,27.8399],[80.9971,27.8537],[80.996,27.8656],[81.0118,27.8794],[80.9984,27.8822],[80.9965,27.8881],[80.981,27.8878],[80.9722,27.8958],[80.9823,27.9002],[80.97,27.9063],[80.9576,27.8997],[80.9494,27.8724],[80.9372,27.8733],[80.9399,27.8581],[80.9288,27.8452],[80.9199,27.8494],[80.9057,27.8344],[80.9006,27.8397],[80.905,27.8456],[80.8944,27.8517],[80.8838,27.841],[80.8743,27.8397],[80.8641,27.8242],[80.8463,27.8256],[80.844,27.8043],[80.8259,27.791],[80.7888,27.8183],[80.775,27.8096],[80.7653,27.8158],[80.7609,27.806],[80.7479,27.8132],[80.7419,27.8065],[80.7438,27.7959],[80.7219,27.8083],[80.6938,27.8237],[80.6715,27.8223],[80.6687,27.8306],[80.6605,27.8179],[80.6545,27.817],[80.6519,27.7569],[80.6633,27.7436],[80.6876,27.7373],[80.6834,27.7278],[80.6938,27.7293],[80.6958,27.726],[80.691,27.7175],[80.6786,27.7122],[80.6735,27.7001],[80.6773,27.694],[80.6719,27.686],[80.6647,27.6867],[80.6512,27.6704],[80.6537,27.6518],[80.6654,27.6417],[80.6597,27.635],[80.6696,27.6242],[80.6752,27.608],[80.6878,27.5945],[80.6888,27.5833],[80.718,27.5609],[80.7387,27.5669],[80.7581,27.5589],[80.7615,27.5652],[80.7758,27.557],[80.794,27.576],[80.791,27.5859],[80.7943,27.5954],[80.787,27.6171],[80.7948,27.6281],[80.7922,27.6409],[80.7983,27.6488],[80.7761,27.6531],[80.7688,27.6623],[80.7623,27.6607],[80.7573,27.6669],[80.7659,27.6772],[80.7657,27.6866],[80.7755,27.6883],[80.792,27.7116],[80.8064,27.7175],[80.809,27.7351],[80.8242,27.7318],[80.8353,27.7383],[80.8336,27.7294],[80.8595,27.7114],[80.8688,27.713],[80.8664,27.7188],[80.8804,27.7232],[80.8859,27.7345],[80.9034,27.7301],[80.9041,27.7221],[80.9111,27.7233],[80.915,27.7158],[80.9198,27.7189],[80.9274,27.7157],[80.9528,27.7258],[80.9619,27.7354],[80.9701,27.761],[80.9783,27.7637],[80.9808,27.7584],[80.9887,27.761],[80.9972,27.7477],[81.0072,27.7483],[81.0175,27.7408],[81.0189,27.7321],[81.0247,27.7282],[81.0502,27.7284],[81.0495,27.7458],[81.058,27.7462],[81.0606,27.7529],[81.0807,27.7627],[81.095,27.7803],[81.0912,27.7885],[81.1045,27.797],[81.092,27.8034],[81.093,27.8125],[81.0837,27.8148],[81.0834,27.8211],[81.0688,27.824],[81.0604,27.8111],[81.047,27.8181],[81.0383,27.8122],[81.0347,27.819],[81.0255,27.8227],[81.0205,27.8154],[81.0026,27.8242],[81.0001,27.8251]]]}},{"type":"Feature","properties":{"ac_name":"SHRAWASTI","ac_no":290,"ac_category":"GEN","st_name":"UTTAR PRADESH"},"geometry":{"type":"Polygon","coordinates":[[[81.6845,27.9032],[81.6735,27.8984],[81.6672,27.8798],[81.647,27.8715],[81.6219,27.8443],[81.6383,27.8224],[81.6294,27.8012],[81.6305,27.7877],[81.6357,27.7746],[81.6474,27.7663],[81.6535,27.7547],[81.6472,27.7354],[81.6555,27.7254],[81.6743,27.7281],[81.6872,27.7236],[81.689,27.7178],[81.6731,27.6849],[81.6721,27.6621],[81.6826,27.6355],[81.6456,27.6297],[81.6431,27.623],[81.6433,27.6218],[81.6638,27.6186],[81.6811,27.609],[81.6768,27.584],[81.6945,27.5562],[81.7057,27.5498],[81.7226,27.5691],[81.739,27.561],[81.7657,27.559],[81.7695,27.54],[81.7663,27.5297],[81.7339,27.5074],[81.747,27.506],[81.7732,27.5161],[81.7859,27.5332],[81.8235,27.5276],[81.8297,27.5321],[81.8326,27.5499],[81.842,27.5604],[81.8506,27.5609],[81.8561,27.5546],[81.8577,27.5338],[81.8799,27.5288],[81.8866,27.5293],[81.9006,27.5066],[81.942,27.5114],[81.9579,27.5063],[81.9941,27.4827],[81.9972,27.4681],[81.9893,27.4581],[81.9944,27.4455],[81.9829,27.4433],[81.9778,27.4355],[81.9809,27.4271],[81.9962,27.4214],[81.9942,27.4183],[82.0017,27.409],[82.0389,27.4186],[82.0457,27.4124],[82.0577,27.4165],[82.061,27.4073],[82.0676,27.4094],[82.0739,27.4049],[82.0828,27.4195],[82.0682,27.4237],[82.0708,27.44],[82.0649,27.4383],[82.052,27.4468],[82.0593,27.4937],[82.0497,27.4993],[82.0484,27.5134],[82.0538,27.5192],[82.0493,27.523],[82.0425,27.5329],[82.0489,27.5374],[82.0403,27.5421],[82.0553,27.5543],[82.0465,27.5594],[82.0417,27.5465],[82.0317,27.5508],[82.0362,27.5623],[82.0214,27.5797],[82.0353,27.5972],[82.0245,27.5963],[82.0176,27.5881],[82.0018,27.5994],[82.0009,27.614],[82.0142,27.628],[81.9885,27.6495],[81.9676,27.6528],[81.9092,27.6282],[81.8997,27.6205],[81.864,27.6404],[81.8588,27.6558],[81.8468,27.6657],[81.8499,27.6776],[81.8395,27.6787],[81.8303,27.6985],[81.8089,27.7007],[81.797,27.7154],[81.8037,27.7433],[81.7939,27.7691],[81.7856,27.7737],[81.7789,27.7719],[81.7748,27.7881],[81.7604,27.7929],[81.7492,27.7866],[81.7369,27.7891],[81.7369,27.7985],[81.7537,27.8034],[81.7415,27.801],[81.7277,27.8071],[81.7366,27.8168],[81.7316,27.8207],[81.7121,27.8195],[81.7108,27.8354],[81.7053,27.8394],[81.7184,27.8549],[81.7344,27.8607],[81.7192,27.8823],[81.7234,27.8913],[81.7314,27.8918],[81.7364,27.8997],[81.7267,27.9073],[81.6896,27.9083],[81.6845,27.9032]]]}},{"type":"Feature","properties":{"ac_name":"SIKANDRA RAO","ac_no":80,"ac_category":"GEN","st_name":"UTTAR PRADESH"},"geometry":{"type":"Polygon","coordinates":[[[78.4748,27.8086],[78.4643,27.8101],[78.4578,27.8221],[78.4453,27.8296],[78.4454,27.8384],[78.4324,27.8377],[78.4218,27.8452],[78.4119,27.8457],[78.401,27.8277],[78.3997,27.8121],[78.3674,27.7799],[78.3737,27.756],[78.3517,27.743],[78.3261,27.7189],[78.286,27.7084],[78.2627,27.6896],[78.2483,27.6707],[78.2505,27.6662],[78.2267,27.6501],[78.2206,27.6607],[78.2085,27.6685],[78.1989,27.6677],[78.1913,27.6771],[78.1694,27.6816],[78.1767,27.6978],[78.1651,27.7033],[78.1551,27.6972],[78.1549,27.6879],[78.1597,27.6838],[78.1582,27.6738],[78.152,27.6701],[78.1662,27.6573],[78.1632,27.6476],[78.146,27.655],[78.1403,27.6375],[78.1311,27.638],[78.1293,27.6329],[78.1371,27.6246],[78.1354,27.6179],[78.1245,27.6159],[78.1232,27.6049],[78.1197,27.6077],[78.1171,27.6016],[78.113,27.6029],[78.112,27.5916],[78.1023,27.5873],[78.1059,27.5764],[78.0894,27.5613],[78.0751,27.5381],[78.0569,27.5307],[78.0626,27.5276],[78.0578,27.5156],[78.0709,27.5098],[78.0755,27.5194],[78.0853,27.5187],[78.0908,27.5251],[78.1072,27.5273],[78.1394,27.5182],[78.1575,27.5231],[78.1899,27.5004],[78.198,27.4985],[78.2042,27.5022],[78.2066,27.5085],[78.2182,27.5095],[78.2204,27.5151],[78.2133,27.5245],[78.2229,27.5286],[78.2288,27.5254],[78.245,27.5286],[78.2521,27.5183],[78.2647,27.5271],[78.2767,27.5286],[78.2836,27.5367],[78.2711,27.5491],[78.2778,27.5544],[78.285,27.5548],[78.29,27.5444],[78.3052,27.5521],[78.3143,27.5433],[78.3183,27.5481],[78.3112,27.5561],[78.3195,27.5659],[78.3182,27.5744],[78.3314,27.5771],[78.3338,27.5835],[78.3469,27.5755],[78.3607,27.5755],[78.3647,27.5691],[78.3584,27.5629],[78.3626,27.5603],[78.3704,27.568],[78.3751,27.5657],[78.3916,27.5702],[78.388,27.5789],[78.3995,27.5908],[78.4046,27.5827],[78.4152,27.5795],[78.4222,27.5882],[78.4349,27.5908],[78.4474,27.5961],[78.4488,27.6041],[78.469,27.6178],[78.4873,27.6118],[78.5051,27.6233],[78.4976,27.6431],[78.5059,27.6487],[78.5085,27.67],[78.5156,27.6711],[78.5071,27.6757],[78.5038,27.686],[78.5179,27.6944],[78.5067,27.7059],[78.5273,27.7253],[78.5182,27.7351],[78.4737,27.762],[78.4828,27.7701],[78.4778,27.775],[78.4821,27.7913],[78.4715,27.8003],[78.4748,27.8086]]]}},{"type":"Feature","properties":{"ac_name":"MAHOLI","ac_no":145,"ac_category":"GEN","st_name":"UTTAR PRADESH"},"geometry":{"type":"Polygon","coordinates":[[[80.6363,27.8335],[80.6295,27.8039],[80.6031,27.7623],[80.6051,27.7506],[80.5772,27.7553],[80.5723,27.7503],[80.5633,27.7525],[80.5534,27.7622],[80.5542,27.7705],[80.5417,27.7716],[80.5361,27.7844],[80.54,27.796],[80.5171,27.8103],[80.5125,27.7986],[80.5014,27.7969],[80.4898,27.7755],[80.4854,27.7737],[80.4748,27.7796],[80.4687,27.7736],[80.4645,27.7575],[80.4561,27.7602],[80.4557,27.768],[80.4451,27.7719],[80.4427,27.7655],[80.4519,27.7619],[80.4523,27.7524],[80.4458,27.7457],[80.4376,27.7458],[80.4287,27.7397],[80.4217,27.746],[80.4111,27.7421],[80.3783,27.7062],[80.3691,27.7091],[80.3674,27.7043],[80.3612,27.7085],[80.3531,27.7027],[80.3338,27.6991],[80.3101,27.6794],[80.307,27.6727],[80.3126,27.666],[80.3083,27.6644],[80.3108,27.6546],[80.3064,27.6554],[80.3111,27.6393],[80.299,27.6314],[80.3063,27.6053],[80.3186,27.6061],[80.3246,27.5987],[80.3207,27.5916],[80.3057,27.5868],[80.306,27.5778],[80.3173,27.5661],[80.3251,27.5222],[80.343,27.5112],[80.3527,27.4932],[80.3511,27.4864],[80.3555,27.4883],[80.3565,27.4803],[80.3625,27.4811],[80.3746,27.5069],[80.3872,27.5038],[80.3888,27.513],[80.3974,27.5214],[80.4221,27.5082],[80.4347,27.4921],[80.4398,27.4972],[80.4547,27.4948],[80.4653,27.5037],[80.4649,27.5111],[80.471,27.517],[80.4951,27.4978],[80.506,27.5113],[80.5472,27.5074],[80.5469,27.5368],[80.5547,27.5437],[80.5682,27.5432],[80.5747,27.5511],[80.5741,27.5784],[80.5819,27.5691],[80.5938,27.5715],[80.5963,27.5512],[80.6145,27.5396],[80.6388,27.5522],[80.6322,27.5602],[80.6349,27.5646],[80.6241,27.5719],[80.624,27.5786],[80.6463,27.5966],[80.6607,27.5911],[80.664,27.6056],[80.6752,27.608],[80.6696,27.6242],[80.6597,27.635],[80.6654,27.6417],[80.6537,27.6518],[80.6512,27.6704],[80.6647,27.6867],[80.6719,27.686],[80.6773,27.694],[80.6735,27.7001],[80.6786,27.7122],[80.691,27.7175],[80.6958,27.726],[80.6938,27.7293],[80.6834,27.7278],[80.6876,27.7373],[80.6633,27.7436],[80.6519,27.7569],[80.6545,27.817],[80.6478,27.8356],[80.6416,27.8392],[80.6363,27.8335]]]}},{"type":"Feature","properties":{"ac_name":"TULSIPUR","ac_no":291,"ac_category":"GEN","st_name":"UTTAR PRADESH"},"geometry":{"type":"Polygon","coordinates":[[[82.2055,27.8443],[82.2052,27.8444],[82.2042,27.8216],[82.1977,27.8042],[82.1927,27.8047],[82.1854,27.7927],[82.1817,27.7956],[82.1809,27.7888],[82.1625,27.7905],[82.1507,27.7687],[82.1447,27.7697],[82.138,27.7451],[82.1242,27.7354],[82.1345,27.7307],[82.1284,27.7131],[82.1335,27.707],[82.1251,27.7033],[82.1279,27.6996],[82.1235,27.6908],[82.11,27.6794],[82.1024,27.6807],[82.0919,27.6688],[82.0973,27.66],[82.0843,27.6471],[82.0846,27.6338],[82.0761,27.6239],[82.0659,27.6203],[82.0589,27.6233],[82.056,27.6142],[82.044,27.6129],[82.0353,27.5972],[82.0214,27.5797],[82.0362,27.5623],[82.0317,27.5508],[82.0417,27.5465],[82.0465,27.5594],[82.0553,27.5543],[82.0403,27.5421],[82.0489,27.5374],[82.0425,27.5329],[82.0493,27.523],[82.0682,27.5285],[82.0755,27.5451],[82.0851,27.5528],[82.0949,27.5504],[82.0955,27.5387],[82.103,27.5456],[82.1106,27.546],[82.1168,27.537],[82.1111,27.5288],[82.1174,27.5287],[82.1255,27.5357],[82.1242,27.547],[82.1312,27.5479],[82.1353,27.5425],[82.129,27.5343],[82.1424,27.5268],[82.1536,27.5127],[82.1487,27.5068],[82.1541,27.4998],[82.1845,27.4987],[82.1967,27.486],[82.2262,27.4949],[82.238,27.4835],[82.2518,27.4905],[82.2613,27.4812],[82.2779,27.475],[82.2943,27.4784],[82.2946,27.4732],[82.3033,27.4705],[82.3226,27.4506],[82.335,27.4535],[82.3597,27.4417],[82.3715,27.4651],[82.3633,27.4776],[82.3834,27.5074],[82.3945,27.519],[82.4042,27.5088],[82.4235,27.5092],[82.4304,27.5159],[82.4286,27.5236],[82.4207,27.528],[82.4229,27.5314],[82.4308,27.5272],[82.4397,27.5288],[82.4454,27.5521],[82.4414,27.5588],[82.4462,27.5756],[82.4342,27.5948],[82.4354,27.6076],[82.4255,27.6311],[82.4126,27.6237],[82.4123,27.6355],[82.3948,27.6535],[82.3924,27.6624],[82.4014,27.6592],[82.4178,27.6666],[82.437,27.6662],[82.447,27.6814],[82.4017,27.7046],[82.3826,27.7212],[82.3675,27.7436],[82.3041,27.7736],[82.252,27.8112],[82.2301,27.822],[82.2055,27.8443]]]}},{"type":"Feature","properties":{"ac_name":"HATHRAS","ac_no":78,"ac_category":"SC","st_name":"UTTAR PRADESH"},"geometry":{"type":"Polygon","coordinates":[[[78.179,27.7553],[78.1704,27.7643],[78.1538,27.7595],[78.1369,27.7706],[78.0987,27.7642],[78.0835,27.7719],[78.0723,27.7684],[78.068,27.7733],[78.0722,27.7782],[78.062,27.791],[78.0411,27.7817],[78.0424,27.7725],[78.0305,27.7662],[78.0254,27.7689],[78.0184,27.7597],[78.0217,27.7512],[78.0436,27.7464],[78.0302,27.7334],[78.0126,27.7408],[78.0043,27.7285],[78.0143,27.7227],[78.0155,27.7163],[77.9908,27.6918],[78.0238,27.6679],[78.0151,27.6598],[78.0213,27.6471],[78.0052,27.6498],[77.9856,27.635],[77.9819,27.621],[78.0023,27.6066],[77.9928,27.6019],[78.0052,27.5844],[77.9959,27.5747],[78.0125,27.5652],[78.0289,27.5703],[78.0364,27.5606],[78.0243,27.5549],[78.0262,27.5505],[78.0389,27.5574],[78.0416,27.5535],[78.0505,27.5557],[78.0577,27.5469],[78.0481,27.5383],[78.0497,27.5329],[78.0569,27.5307],[78.0751,27.5381],[78.0894,27.5613],[78.1059,27.5764],[78.1023,27.5873],[78.112,27.5916],[78.113,27.6029],[78.1171,27.6016],[78.1197,27.6077],[78.1232,27.6049],[78.1245,27.6159],[78.1354,27.6179],[78.1371,27.6246],[78.1293,27.6329],[78.1311,27.638],[78.1403,27.6375],[78.146,27.655],[78.1632,27.6476],[78.1662,27.6573],[78.152,27.6701],[78.1582,27.6738],[78.1597,27.6838],[78.1549,27.6879],[78.1551,27.6972],[78.1651,27.7033],[78.1767,27.6978],[78.1694,27.6816],[78.1913,27.6771],[78.1989,27.6677],[78.2085,27.6685],[78.2206,27.6607],[78.2267,27.6501],[78.2505,27.6662],[78.2483,27.6707],[78.2413,27.6653],[78.2258,27.6772],[78.2174,27.6939],[78.2055,27.6942],[78.1949,27.7049],[78.1735,27.7155],[78.1832,27.723],[78.1744,27.7358],[78.182,27.7452],[78.179,27.7553]]]}},{"type":"Feature","properties":{"ac_name":"JALALABAD","ac_no":132,"ac_category":"GEN","st_name":"UTTAR PRADESH"},"geometry":{"type":"Polygon","coordinates":[[[79.631,27.8152],[79.6263,27.8033],[79.6318,27.7931],[79.618,27.776],[79.6158,27.7665],[79.6064,27.7669],[79.6086,27.7609],[79.6196,27.7578],[79.6191,27.7536],[79.6124,27.7509],[79.6027,27.7537],[79.6111,27.7423],[79.6184,27.7462],[79.6193,27.7388],[79.6158,27.7335],[79.6074,27.7353],[79.5984,27.7291],[79.6105,27.716],[79.6081,27.7075],[79.5733,27.7169],[79.5632,27.7026],[79.5394,27.7153],[79.5402,27.7257],[79.5237,27.7303],[79.5178,27.7408],[79.5351,27.7446],[79.5149,27.7478],[79.5051,27.7631],[79.4791,27.7438],[79.4739,27.7327],[79.466,27.7299],[79.454,27.7398],[79.4455,27.7318],[79.4282,27.7471],[79.4182,27.7472],[79.4217,27.7545],[79.412,27.7575],[79.4023,27.7686],[79.409,27.7827],[79.3637,27.7917],[79.3589,27.7995],[79.3508,27.789],[79.3552,27.7833],[79.3461,27.7543],[79.3552,27.7526],[79.3611,27.7353],[79.3375,27.7378],[79.323,27.7254],[79.3397,27.7114],[79.3372,27.6998],[79.3434,27.6942],[79.3391,27.684],[79.349,27.6767],[79.349,27.671],[79.357,27.6685],[79.3522,27.6582],[79.3457,27.6541],[79.3523,27.6477],[79.3745,27.6417],[79.3767,27.6469],[79.3907,27.6475],[79.4249,27.6275],[79.4371,27.642],[79.4447,27.6425],[79.4758,27.6253],[79.4828,27.6124],[79.4751,27.5993],[79.4941,27.5889],[79.4944,27.5918],[79.5047,27.5888],[79.5189,27.6041],[79.5184,27.6003],[79.5318,27.5926],[79.5512,27.601],[79.557,27.5897],[79.5672,27.5946],[79.5862,27.592],[79.5906,27.5985],[79.6123,27.5928],[79.6126,27.5999],[79.5951,27.6119],[79.5988,27.6195],[79.6133,27.6189],[79.6259,27.6375],[79.6479,27.6379],[79.6482,27.629],[79.6553,27.6305],[79.6506,27.6235],[79.6511,27.6113],[79.6605,27.6096],[79.6442,27.5965],[79.64,27.5767],[79.6542,27.5755],[79.6527,27.5671],[79.6605,27.5623],[79.6557,27.5581],[79.6697,27.5485],[79.6565,27.5418],[79.6591,27.5377],[79.6541,27.5318],[79.6628,27.5234],[79.6532,27.5135],[79.6527,27.505],[79.6596,27.5066],[79.6623,27.4977],[79.6792,27.4938],[79.7003,27.4972],[79.6966,27.4694],[79.7106,27.4796],[79.7134,27.4752],[79.7087,27.4677],[79.7175,27.4582],[79.7164,27.451],[79.737,27.4449],[79.7396,27.4495],[79.7456,27.449],[79.7469,27.4542],[79.7371,27.4558],[79.7296,27.4616],[79.7301,27.4665],[79.7129,27.4715],[79.7327,27.4882],[79.7284,27.4941],[79.7354,27.4966],[79.7283,27.4984],[79.7397,27.5066],[79.7328,27.5077],[79.7292,27.5136],[79.7328,27.535],[79.727,27.542],[79.7135,27.5434],[79.7054,27.5501],[79.7058,27.5533],[79.7111,27.5512],[79.7096,27.5571],[79.7174,27.5607],[79.7121,27.5797],[79.7169,27.586],[79.7148,27.5891],[79.7052,27.586],[79.7067,27.5917],[79.6959,27.6005],[79.7026,27.613],[79.6973,27.6166],[79.6993,27.6224],[79.6917,27.6177],[79.6842,27.6252],[79.6849,27.6376],[79.6945,27.643],[79.6914,27.6529],[79.7057,27.6678],[79.7188,27.6661],[79.73,27.6735],[79.7357,27.6994],[79.7317,27.7127],[79.736,27.7192],[79.7174,27.7365],[79.7001,27.7403],[79.6902,27.7696],[79.6849,27.7708],[79.673,27.7639],[79.6503,27.7664],[79.6421,27.7779],[79.6471,27.7908],[79.6424,27.8092],[79.631,27.8152]]]}},{"type":"Feature","properties":{"ac_name":"MARHARA","ac_no":105,"ac_category":"GEN","st_name":"UTTAR PRADESH"},"geometry":{"type":"Polygon","coordinates":[[[78.5544,27.7807],[78.5372,27.7807],[78.5264,27.7687],[78.534,27.7602],[78.5331,27.7523],[78.5182,27.7351],[78.5273,27.7253],[78.5067,27.7059],[78.5179,27.6944],[78.5038,27.686],[78.5071,27.6757],[78.5156,27.6711],[78.5085,27.67],[78.5059,27.6487],[78.4976,27.6431],[78.5051,27.6233],[78.4873,27.6118],[78.469,27.6178],[78.4488,27.6041],[78.4474,27.5961],[78.4349,27.5908],[78.4476,27.5748],[78.4545,27.529],[78.4675,27.5141],[78.4939,27.5158],[78.5022,27.5205],[78.5045,27.5264],[78.5004,27.5338],[78.486,27.5371],[78.4805,27.5443],[78.4946,27.5632],[78.5116,27.5637],[78.5269,27.5496],[78.5358,27.5592],[78.5542,27.5551],[78.5555,27.5379],[78.5673,27.5288],[78.5593,27.5116],[78.5718,27.4954],[78.5977,27.5044],[78.5994,27.5082],[78.5947,27.5126],[78.5978,27.5148],[78.5905,27.519],[78.5939,27.5266],[78.5851,27.5276],[78.5897,27.531],[78.5854,27.5359],[78.5908,27.5394],[78.5851,27.5438],[78.5891,27.5461],[78.6075,27.5386],[78.6375,27.5542],[78.6292,27.5594],[78.6113,27.5603],[78.6202,27.5788],[78.6315,27.5796],[78.6397,27.5659],[78.6573,27.5784],[78.6625,27.5666],[78.6773,27.5575],[78.6776,27.5784],[78.6904,27.5739],[78.6949,27.5514],[78.7113,27.5486],[78.7167,27.5269],[78.7383,27.5172],[78.742,27.5039],[78.7499,27.5077],[78.7681,27.504],[78.7806,27.5156],[78.7793,27.5314],[78.7859,27.5395],[78.7709,27.5456],[78.769,27.5582],[78.7919,27.5705],[78.7897,27.5752],[78.7983,27.5826],[78.7944,27.5938],[78.8007,27.6059],[78.7735,27.6254],[78.7415,27.6286],[78.7352,27.6371],[78.7282,27.6367],[78.7109,27.6666],[78.6906,27.6822],[78.6792,27.7374],[78.6681,27.7333],[78.6498,27.7462],[78.6362,27.7387],[78.614,27.7428],[78.6035,27.7517],[78.6012,27.7685],[78.5659,27.7692],[78.5544,27.7807]]]}},{"type":"Feature","properties":{"ac_name":"LAHARPUR","ac_no":148,"ac_category":"GEN","st_name":"UTTAR PRADESH"},"geometry":{"type":"Polygon","coordinates":[[[81.1045,27.797],[81.0912,27.7885],[81.095,27.7803],[81.0807,27.7627],[81.0606,27.7529],[81.058,27.7462],[81.0495,27.7458],[81.0502,27.7284],[81.0247,27.7282],[81.0189,27.7321],[81.0175,27.7408],[81.0072,27.7483],[80.9972,27.7477],[80.9887,27.761],[80.9808,27.7584],[80.9783,27.7637],[80.9701,27.761],[80.9619,27.7354],[80.9528,27.7258],[80.9274,27.7157],[80.9198,27.7189],[80.915,27.7158],[80.9111,27.7233],[80.9041,27.7221],[80.9034,27.7301],[80.8859,27.7345],[80.8804,27.7232],[80.8664,27.7188],[80.8688,27.713],[80.8595,27.7114],[80.8336,27.7294],[80.8353,27.7383],[80.8242,27.7318],[80.809,27.7351],[80.8064,27.7175],[80.792,27.7116],[80.7755,27.6883],[80.7657,27.6866],[80.7659,27.6772],[80.7573,27.6669],[80.7623,27.6607],[80.7688,27.6623],[80.7761,27.6531],[80.7983,27.6488],[80.7922,27.6409],[80.7948,27.6281],[80.787,27.6171],[80.7943,27.5954],[80.791,27.5859],[80.794,27.576],[80.8058,27.5644],[80.8265,27.5596],[80.8287,27.5481],[80.836,27.5423],[80.8504,27.5447],[80.8582,27.5615],[80.8804,27.5525],[80.9013,27.5684],[80.9243,27.5722],[80.9192,27.5898],[80.9313,27.5934],[80.9459,27.6177],[80.9563,27.619],[80.9628,27.6126],[80.9719,27.6216],[80.9506,27.6408],[80.9579,27.6502],[80.9608,27.6659],[80.97,27.6655],[80.9755,27.6729],[80.9947,27.6649],[80.9997,27.6704],[81.0073,27.6638],[81.0254,27.6613],[81.03,27.6428],[81.0459,27.6412],[81.0468,27.6173],[81.0537,27.6087],[81.0524,27.5945],[81.0632,27.5944],[81.0712,27.6012],[81.0887,27.5876],[81.1149,27.5939],[81.1266,27.6064],[81.1287,27.6187],[81.1388,27.6315],[81.1321,27.644],[81.1349,27.6513],[81.1521,27.665],[81.1666,27.6621],[81.1672,27.6908],[81.203,27.7189],[81.2018,27.7251],[81.1873,27.7284],[81.1847,27.7354],[81.1911,27.7393],[81.1961,27.7538],[81.2037,27.7564],[81.2084,27.7487],[81.2166,27.7489],[81.2289,27.756],[81.2259,27.7627],[81.1975,27.7718],[81.1798,27.7842],[81.1691,27.7773],[81.1502,27.7808],[81.1409,27.8055],[81.1305,27.8003],[81.1265,27.8035],[81.1145,27.789],[81.1073,27.7897],[81.1045,27.797]]]}},{"type":"Feature","properties":{"ac_name":"SHAHABAD","ac_no":155,"ac_category":"GEN","st_name":"UTTAR PRADESH"},"geometry":{"type":"Polygon","coordinates":[[[80.0594,27.7695],[80.0562,27.7633],[80.0601,27.7556],[80.0734,27.7496],[80.0538,27.7404],[80.0436,27.7434],[80.0396,27.7373],[80.0319,27.7377],[80.0285,27.7447],[80.0177,27.731],[80.0107,27.7326],[80.0064,27.7258],[79.9922,27.7336],[79.9816,27.7296],[79.9604,27.7307],[79.9481,27.7135],[79.938,27.7172],[79.9319,27.7125],[79.9153,27.7202],[79.9062,27.7183],[79.9198,27.7031],[79.9067,27.6935],[79.8893,27.7041],[79.8783,27.6997],[79.875,27.687],[79.8833,27.671],[79.8677,27.6681],[79.8626,27.6483],[79.8592,27.6497],[79.862,27.6224],[79.8514,27.617],[79.8539,27.6089],[79.8469,27.5985],[79.8607,27.5785],[79.8528,27.5678],[79.8632,27.5591],[79.8552,27.5546],[79.8632,27.5491],[79.853,27.5281],[79.8575,27.5227],[79.8596,27.5004],[79.8708,27.4979],[79.8769,27.5129],[79.8829,27.5129],[79.8805,27.5],[79.8896,27.4792],[79.8771,27.4771],[79.877,27.4624],[79.8705,27.4533],[79.8794,27.4502],[79.8834,27.4372],[79.9057,27.4249],[79.9201,27.4611],[79.9443,27.4555],[79.9532,27.4619],[79.9523,27.4689],[79.9674,27.4879],[79.9738,27.5088],[79.9955,27.5396],[80.0169,27.5313],[80.0241,27.5204],[80.0445,27.5311],[80.0487,27.5448],[80.0572,27.5466],[80.0698,27.5585],[80.0943,27.5542],[80.1033,27.5573],[80.1052,27.5631],[80.1487,27.5362],[80.1645,27.5407],[80.1712,27.5585],[80.1913,27.5551],[80.1952,27.5614],[80.1849,27.5722],[80.186,27.5824],[80.1982,27.5959],[80.1901,27.6015],[80.1917,27.6139],[80.1852,27.6189],[80.1783,27.6087],[80.1723,27.6099],[80.1776,27.6198],[80.1754,27.6311],[80.1868,27.651],[80.1761,27.6586],[80.1748,27.672],[80.1542,27.6821],[80.1538,27.6975],[80.1656,27.7091],[80.148,27.7183],[80.1356,27.7174],[80.1331,27.7257],[80.149,27.7325],[80.1302,27.7419],[80.1275,27.754],[80.1318,27.7542],[80.1361,27.7779],[80.1175,27.7773],[80.1143,27.7732],[80.1068,27.7777],[80.1095,27.7824],[80.1025,27.7786],[80.0879,27.7826],[80.0799,27.7748],[80.0594,27.7695]]]}},{"type":"Feature","properties":{"ac_name":"GOPAMAU","ac_no":157,"ac_category":"SC","st_name":"UTTAR PRADESH"},"geometry":{"type":"Polygon","coordinates":[[[80.1318,27.7542],[80.1275,27.754],[80.1302,27.7419],[80.149,27.7325],[80.1331,27.7257],[80.1356,27.7174],[80.148,27.7183],[80.1656,27.7091],[80.1538,27.6975],[80.1542,27.6821],[80.1748,27.672],[80.1761,27.6586],[80.1868,27.651],[80.1754,27.6311],[80.1776,27.6198],[80.1723,27.6099],[80.1783,27.6087],[80.1852,27.6189],[80.1917,27.6139],[80.1901,27.6015],[80.1982,27.5959],[80.186,27.5824],[80.1849,27.5722],[80.1952,27.5614],[80.1991,27.5636],[80.2157,27.5569],[80.2171,27.5337],[80.2222,27.5334],[80.2309,27.516],[80.245,27.5032],[80.2296,27.4795],[80.2196,27.4846],[80.2115,27.4778],[80.2148,27.4707],[80.2112,27.4653],[80.2258,27.4589],[80.2188,27.4508],[80.2277,27.4474],[80.2212,27.4364],[80.2396,27.428],[80.243,27.422],[80.2585,27.4292],[80.273,27.4232],[80.2802,27.4179],[80.2778,27.4106],[80.2875,27.3997],[80.3016,27.3971],[80.3019,27.3864],[80.3257,27.3756],[80.3279,27.369],[80.3475,27.3616],[80.3488,27.3566],[80.3439,27.3494],[80.3486,27.3443],[80.3357,27.3363],[80.3509,27.3316],[80.3383,27.3103],[80.3452,27.3077],[80.3526,27.3154],[80.3672,27.3164],[80.3744,27.3299],[80.3716,27.3346],[80.3845,27.3396],[80.3872,27.3462],[80.4004,27.3348],[80.407,27.3404],[80.4238,27.34],[80.4423,27.3588],[80.4536,27.3597],[80.4588,27.3614],[80.4652,27.3562],[80.4675,27.3677],[80.4578,27.3669],[80.4539,27.3711],[80.4482,27.3833],[80.4512,27.3952],[80.4469,27.3985],[80.4509,27.4019],[80.4354,27.4025],[80.4231,27.4142],[80.4218,27.4201],[80.4297,27.4189],[80.4306,27.4229],[80.4172,27.435],[80.4103,27.4348],[80.4049,27.4466],[80.4076,27.4508],[80.3974,27.4542],[80.4033,27.4629],[80.391,27.4663],[80.391,27.4742],[80.3842,27.4778],[80.3812,27.4748],[80.376,27.4817],[80.3677,27.478],[80.3625,27.4811],[80.3565,27.4803],[80.3555,27.4883],[80.3511,27.4864],[80.3527,27.4932],[80.343,27.5112],[80.3251,27.5222],[80.3173,27.5661],[80.306,27.5778],[80.3057,27.5868],[80.3207,27.5916],[80.3246,27.5987],[80.3186,27.6061],[80.3063,27.6053],[80.299,27.6314],[80.3111,27.6393],[80.3064,27.6554],[80.3108,27.6546],[80.3083,27.6644],[80.3126,27.666],[80.307,27.6727],[80.3101,27.6794],[80.2973,27.6839],[80.2948,27.6928],[80.2997,27.6947],[80.2924,27.7085],[80.2883,27.7083],[80.2777,27.7138],[80.2834,27.72],[80.2803,27.7269],[80.2836,27.7313],[80.2724,27.7291],[80.2663,27.7417],[80.2555,27.7427],[80.2553,27.7494],[80.2468,27.7549],[80.2382,27.7519],[80.2433,27.7561],[80.241,27.7649],[80.232,27.7597],[80.2241,27.7624],[80.232,27.7716],[80.2188,27.7675],[80.2171,27.7716],[80.2013,27.7758],[80.1926,27.7604],[80.1829,27.766],[80.1686,27.7614],[80.1578,27.767],[80.1576,27.7713],[80.1405,27.7526],[80.1334,27.7504],[80.1318,27.7542]]]}},{"type":"Feature","properties":{"ac_name":"MAHASI","ac_no":285,"ac_category":"GEN","st_name":"UTTAR PRADESH"},"geometry":{"type":"Polygon","coordinates":[[[81.3986,27.7477],[81.3886,27.7545],[81.3932,27.7699],[81.3823,27.7741],[81.3612,27.7633],[81.3519,27.7493],[81.3344,27.7497],[81.3309,27.7373],[81.3054,27.7613],[81.2963,27.7551],[81.2793,27.7569],[81.2718,27.7399],[81.2893,27.7156],[81.292,27.701],[81.2865,27.696],[81.2871,27.6853],[81.2789,27.6842],[81.2789,27.6759],[81.2939,27.6665],[81.2906,27.652],[81.3002,27.6401],[81.3012,27.6311],[81.2888,27.6376],[81.2709,27.6324],[81.2739,27.6292],[81.2697,27.6134],[81.2613,27.6042],[81.2717,27.6033],[81.2655,27.5919],[81.2724,27.5861],[81.2723,27.5893],[81.2843,27.5648],[81.3068,27.5598],[81.3021,27.5383],[81.3147,27.5374],[81.3225,27.5295],[81.319,27.5006],[81.3324,27.4901],[81.3311,27.4625],[81.3527,27.4413],[81.3509,27.4272],[81.3599,27.4257],[81.3591,27.4216],[81.3733,27.4097],[81.3834,27.3868],[81.4115,27.3677],[81.4164,27.3519],[81.4109,27.3351],[81.4198,27.3306],[81.4309,27.3357],[81.4414,27.3546],[81.4488,27.3556],[81.4699,27.3744],[81.4701,27.3838],[81.4601,27.3833],[81.4579,27.3903],[81.4728,27.4017],[81.4834,27.4007],[81.4957,27.4252],[81.5101,27.4304],[81.5054,27.4369],[81.5121,27.4465],[81.5077,27.4543],[81.51,27.4679],[81.4934,27.4831],[81.4971,27.4863],[81.5124,27.4824],[81.5182,27.4968],[81.5311,27.4966],[81.5394,27.4911],[81.5454,27.4976],[81.5516,27.4968],[81.5551,27.5067],[81.576,27.5041],[81.5812,27.5265],[81.5904,27.529],[81.5703,27.5561],[81.5723,27.5589],[81.5859,27.5525],[81.5758,27.5711],[81.5608,27.5719],[81.5594,27.5925],[81.5401,27.6083],[81.5242,27.5936],[81.5259,27.5871],[81.5372,27.5846],[81.5375,27.5705],[81.5225,27.5735],[81.5162,27.5666],[81.5182,27.5753],[81.4973,27.5882],[81.4937,27.6042],[81.4829,27.6065],[81.4844,27.6138],[81.4763,27.6257],[81.4739,27.6435],[81.4635,27.6479],[81.4652,27.6546],[81.4551,27.6611],[81.4543,27.6728],[81.4511,27.6724],[81.4549,27.6845],[81.4702,27.6811],[81.4706,27.6901],[81.465,27.6976],[81.4803,27.7104],[81.4899,27.7072],[81.4954,27.7212],[81.4873,27.7288],[81.476,27.7295],[81.4671,27.7129],[81.4618,27.7125],[81.4416,27.7322],[81.4451,27.7457],[81.4231,27.7407],[81.4074,27.7421],[81.3986,27.7477]]]}},{"type":"Feature","properties":{"ac_name":"KAIMGANJ","ac_no":192,"ac_category":"SC","st_name":"UTTAR PRADESH"},"geometry":{"type":"Polygon","coordinates":[[[79.1815,27.7153],[79.1707,27.7048],[79.1572,27.705],[79.1515,27.699],[79.1359,27.7044],[79.1297,27.691],[79.1205,27.6848],[79.1223,27.6793],[79.1302,27.6788],[79.1351,27.6679],[79.132,27.6549],[79.1371,27.6426],[79.1278,27.6348],[79.1552,27.6242],[79.1656,27.6147],[79.177,27.6138],[79.1811,27.6174],[79.186,27.6043],[79.17,27.5845],[79.1737,27.5812],[79.2068,27.5807],[79.2159,27.5789],[79.2288,27.5632],[79.23,27.5554],[79.2207,27.5364],[79.2518,27.518],[79.2648,27.521],[79.2734,27.5147],[79.2665,27.5003],[79.2698,27.4922],[79.2516,27.4849],[79.2463,27.4716],[79.2576,27.4625],[79.2508,27.4543],[79.2621,27.4446],[79.2596,27.4286],[79.2499,27.4169],[79.2317,27.4183],[79.2239,27.4115],[79.2542,27.3939],[79.2663,27.4036],[79.2756,27.3991],[79.2815,27.4043],[79.2973,27.384],[79.2997,27.3918],[79.3251,27.3957],[79.3268,27.3876],[79.3136,27.3763],[79.3343,27.3641],[79.3413,27.3739],[79.3494,27.3704],[79.3565,27.379],[79.3679,27.3819],[79.3615,27.3899],[79.3675,27.399],[79.3537,27.409],[79.3665,27.422],[79.3541,27.4323],[79.359,27.4405],[79.3681,27.4355],[79.3821,27.4533],[79.3874,27.4496],[79.3865,27.4342],[79.3937,27.4401],[79.3922,27.4489],[79.3964,27.4521],[79.4041,27.4482],[79.4101,27.4509],[79.4185,27.4448],[79.427,27.4587],[79.4378,27.4649],[79.43,27.4704],[79.433,27.4765],[79.4452,27.4758],[79.4523,27.4886],[79.464,27.4928],[79.4769,27.4891],[79.4847,27.4965],[79.4923,27.4925],[79.51,27.495],[79.5187,27.5039],[79.5191,27.5112],[79.5107,27.5136],[79.5161,27.5224],[79.5148,27.5311],[79.5296,27.5482],[79.526,27.5493],[79.5264,27.5607],[79.5318,27.5926],[79.5184,27.6003],[79.5189,27.6041],[79.5047,27.5888],[79.4944,27.5918],[79.4941,27.5889],[79.4751,27.5993],[79.4828,27.6124],[79.4758,27.6253],[79.4447,27.6425],[79.4371,27.642],[79.4249,27.6275],[79.3907,27.6475],[79.3767,27.6469],[79.3745,27.6417],[79.3523,27.6477],[79.3457,27.6541],[79.3522,27.6582],[79.3096,27.6707],[79.3031,27.6833],[79.2914,27.686],[79.2896,27.6818],[79.2996,27.6698],[79.2939,27.6702],[79.2791,27.6822],[79.2737,27.6805],[79.2561,27.6872],[79.2582,27.6942],[79.2434,27.6968],[79.2351,27.7084],[79.2274,27.6925],[79.2226,27.6959],[79.2203,27.7003],[79.1815,27.7153]]]}},{"type":"Feature","properties":{"ac_name":"SAWAIJPUR","ac_no":154,"ac_category":"GEN","st_name":"UTTAR PRADESH"},"geometry":{"type":"Polygon","coordinates":[[[79.7487,27.7178],[79.7388,27.7226],[79.736,27.7192],[79.7317,27.7127],[79.7357,27.6994],[79.73,27.6735],[79.7188,27.6661],[79.7057,27.6678],[79.6914,27.6529],[79.6945,27.643],[79.6849,27.6376],[79.6842,27.6252],[79.6917,27.6177],[79.6993,27.6224],[79.6973,27.6166],[79.7026,27.613],[79.6959,27.6005],[79.7067,27.5917],[79.7052,27.586],[79.7148,27.5891],[79.7169,27.586],[79.7121,27.5797],[79.7174,27.5607],[79.7096,27.5571],[79.7111,27.5512],[79.7058,27.5533],[79.7054,27.5501],[79.7135,27.5434],[79.727,27.542],[79.7328,27.535],[79.7292,27.5136],[79.7328,27.5077],[79.7397,27.5066],[79.7283,27.4984],[79.7354,27.4966],[79.7284,27.4941],[79.7327,27.4882],[79.7129,27.4715],[79.7301,27.4665],[79.7296,27.4616],[79.7371,27.4558],[79.7469,27.4542],[79.7456,27.449],[79.7396,27.4495],[79.737,27.4449],[79.7288,27.4358],[79.7172,27.4339],[79.7168,27.4205],[79.7256,27.4158],[79.7055,27.3925],[79.7022,27.3956],[79.6914,27.3899],[79.6937,27.3849],[79.6876,27.3783],[79.6912,27.3599],[79.7035,27.3545],[79.7029,27.3478],[79.7123,27.3467],[79.7101,27.3399],[79.7147,27.3395],[79.7216,27.3271],[79.7207,27.3181],[79.7281,27.3086],[79.7235,27.305],[79.7269,27.2981],[79.7217,27.2896],[79.7313,27.2817],[79.7287,27.2749],[79.7247,27.277],[79.7163,27.272],[79.7107,27.2613],[79.6996,27.2654],[79.6959,27.2498],[79.7027,27.2439],[79.6963,27.2297],[79.7156,27.2223],[79.73,27.2201],[79.7635,27.1975],[79.8044,27.171],[79.8143,27.1734],[79.8246,27.1675],[79.8356,27.1722],[79.852,27.161],[79.8589,27.1615],[79.853,27.1507],[79.8715,27.1459],[79.8949,27.1488],[79.9103,27.135],[79.9131,27.1586],[79.9198,27.1854],[79.9297,27.1856],[79.9217,27.1937],[79.9196,27.2051],[79.9269,27.2143],[79.9252,27.2191],[79.933,27.2217],[79.9246,27.224],[79.9389,27.2531],[79.9232,27.2913],[79.9369,27.2971],[79.9448,27.3269],[79.9446,27.3344],[79.9394,27.3375],[79.9313,27.3247],[79.9232,27.3301],[79.922,27.3575],[79.9019,27.3703],[79.8955,27.3835],[79.8998,27.3901],[79.8883,27.3946],[79.9057,27.4249],[79.8834,27.4372],[79.8794,27.4502],[79.8705,27.4533],[79.877,27.4624],[79.8771,27.4771],[79.8896,27.4792],[79.8805,27.5],[79.8829,27.5129],[79.8769,27.5129],[79.8708,27.4979],[79.8596,27.5004],[79.8575,27.5227],[79.853,27.5281],[79.8632,27.5491],[79.8552,27.5546],[79.8632,27.5591],[79.8528,27.5678],[79.8607,27.5785],[79.8469,27.5985],[79.8539,27.6089],[79.8514,27.617],[79.862,27.6224],[79.8592,27.6497],[79.807,27.6579],[79.8053,27.6702],[79.7828,27.6845],[79.7706,27.6991],[79.7672,27.7113],[79.7536,27.7215],[79.7487,27.7178]]]}},{"type":"Feature","properties":{"ac_name":"SEVATA","ac_no":150,"ac_category":"GEN","st_name":"UTTAR PRADESH"},"geometry":{"type":"Polygon","coordinates":[[[81.203,27.7189],[81.1672,27.6908],[81.1666,27.6621],[81.1521,27.665],[81.1349,27.6513],[81.1321,27.644],[81.1388,27.6315],[81.1287,27.6187],[81.1266,27.6064],[81.1149,27.5939],[81.0887,27.5876],[81.089,27.569],[81.0728,27.5467],[81.0879,27.5319],[81.0874,27.518],[81.0936,27.5154],[81.102,27.5],[81.1103,27.4966],[81.1161,27.5117],[81.1334,27.5105],[81.1501,27.4985],[81.1474,27.4885],[81.1569,27.4916],[81.1556,27.4856],[81.1751,27.477],[81.1827,27.4645],[81.1921,27.4593],[81.1968,27.4385],[81.2091,27.4238],[81.216,27.4268],[81.2188,27.4239],[81.2197,27.4193],[81.2102,27.4097],[81.2283,27.3898],[81.222,27.3789],[81.2414,27.3699],[81.2573,27.3693],[81.2547,27.3593],[81.2695,27.3605],[81.2713,27.3533],[81.2839,27.3495],[81.2926,27.3589],[81.2987,27.3483],[81.2968,27.3364],[81.3156,27.3208],[81.3055,27.3001],[81.3134,27.2955],[81.3216,27.2974],[81.3176,27.2855],[81.3147,27.2786],[81.3193,27.2722],[81.335,27.2718],[81.3406,27.2538],[81.359,27.2575],[81.3643,27.2655],[81.376,27.2668],[81.3722,27.2745],[81.3809,27.2773],[81.3715,27.2826],[81.3731,27.2926],[81.3823,27.2947],[81.3818,27.3121],[81.3911,27.3088],[81.3887,27.3157],[81.38,27.3166],[81.3998,27.3264],[81.3951,27.341],[81.4109,27.3351],[81.4164,27.3519],[81.4115,27.3677],[81.3834,27.3868],[81.3733,27.4097],[81.3591,27.4216],[81.3599,27.4257],[81.3509,27.4272],[81.3527,27.4413],[81.3311,27.4625],[81.3324,27.4901],[81.319,27.5006],[81.3225,27.5295],[81.3147,27.5374],[81.3021,27.5383],[81.3068,27.5598],[81.2843,27.5648],[81.2723,27.5893],[81.2724,27.5861],[81.2655,27.5919],[81.2717,27.6033],[81.2613,27.6042],[81.2697,27.6134],[81.2739,27.6292],[81.2709,27.6324],[81.2888,27.6376],[81.3012,27.6311],[81.3002,27.6401],[81.2906,27.652],[81.2939,27.6665],[81.2789,27.6759],[81.2504,27.679],[81.2507,27.6873],[81.2645,27.7003],[81.2724,27.6985],[81.2657,27.7135],[81.2464,27.7176],[81.2434,27.7289],[81.2347,27.7263],[81.2294,27.7293],[81.2169,27.7149],[81.2077,27.7156],[81.2052,27.7212],[81.203,27.7189]]]}},{"type":"Feature","properties":{"ac_name":"GAINSARI","ac_no":292,"ac_category":"GEN","st_name":"UTTAR PRADESH"},"geometry":{"type":"Polygon","coordinates":[[[82.447,27.6814],[82.437,27.6662],[82.4178,27.6666],[82.4014,27.6592],[82.3924,27.6624],[82.3948,27.6535],[82.4123,27.6355],[82.4126,27.6237],[82.4255,27.6311],[82.4354,27.6076],[82.4342,27.5948],[82.4462,27.5756],[82.4414,27.5588],[82.4454,27.5521],[82.4397,27.5288],[82.4308,27.5272],[82.4229,27.5314],[82.4207,27.528],[82.4286,27.5236],[82.4304,27.5159],[82.4235,27.5092],[82.4042,27.5088],[82.3945,27.519],[82.3834,27.5074],[82.3633,27.4776],[82.3715,27.4651],[82.3761,27.4682],[82.3868,27.4609],[82.3869,27.4437],[82.3938,27.4297],[82.4072,27.4245],[82.4089,27.4156],[82.4377,27.3963],[82.4344,27.3892],[82.4257,27.3911],[82.4201,27.3832],[82.4077,27.3814],[82.4041,27.3743],[82.4161,27.3741],[82.4217,27.3613],[82.4302,27.373],[82.4406,27.3708],[82.4491,27.3535],[82.4428,27.3456],[82.4743,27.3381],[82.487,27.3412],[82.4904,27.3572],[82.5005,27.366],[82.5215,27.3608],[82.5242,27.3676],[82.5322,27.3624],[82.5424,27.3689],[82.5435,27.3804],[82.5508,27.3833],[82.5544,27.3951],[82.5633,27.3963],[82.5711,27.4051],[82.5683,27.4167],[82.5721,27.4134],[82.5749,27.4207],[82.5838,27.4227],[82.5858,27.4161],[82.5939,27.4177],[82.5985,27.4078],[82.6017,27.416],[82.6125,27.4141],[82.6148,27.4178],[82.6165,27.4069],[82.6203,27.4044],[82.6243,27.4089],[82.6227,27.4025],[82.6289,27.4013],[82.6311,27.4112],[82.6354,27.4051],[82.655,27.4098],[82.6575,27.4048],[82.6508,27.408],[82.6509,27.4035],[82.6593,27.4005],[82.6585,27.4094],[82.6653,27.4156],[82.6693,27.4089],[82.6623,27.4063],[82.6639,27.4036],[82.679,27.4136],[82.685,27.4087],[82.6917,27.414],[82.694,27.4089],[82.699,27.4077],[82.6928,27.4164],[82.6976,27.4171],[82.7074,27.4076],[82.703,27.4214],[82.7077,27.4122],[82.7159,27.4129],[82.7113,27.408],[82.716,27.4011],[82.7259,27.4121],[82.7295,27.4058],[82.7322,27.4167],[82.7415,27.4139],[82.7451,27.4073],[82.7566,27.4065],[82.7642,27.4124],[82.7545,27.4345],[82.7461,27.4383],[82.7457,27.4456],[82.7407,27.4441],[82.7289,27.4586],[82.7155,27.4606],[82.7362,27.5027],[82.7365,27.5184],[82.7427,27.5155],[82.7427,27.5206],[82.7487,27.5224],[82.7414,27.5327],[82.7382,27.5519],[82.7464,27.5563],[82.7421,27.5577],[82.7542,27.5854],[82.7477,27.6],[82.7354,27.6096],[82.7333,27.6187],[82.7395,27.6245],[82.7342,27.6293],[82.7392,27.6324],[82.733,27.6342],[82.7386,27.6372],[82.7377,27.6423],[82.7343,27.6458],[82.7293,27.643],[82.7302,27.6533],[82.7239,27.6597],[82.719,27.6552],[82.721,27.6617],[82.7131,27.6639],[82.718,27.6667],[82.7143,27.6753],[82.719,27.6849],[82.7064,27.7047],[82.7084,27.7229],[82.7054,27.7164],[82.6993,27.7221],[82.6795,27.7136],[82.6665,27.7159],[82.6648,27.7228],[82.6558,27.7137],[82.6384,27.7091],[82.6273,27.7113],[82.619,27.7024],[82.605,27.7059],[82.594,27.6973],[82.5852,27.6992],[82.541,27.6859],[82.5167,27.6913],[82.4902,27.6828],[82.4823,27.6839],[82.4732,27.6774],[82.447,27.6814]]]}},{"type":"Feature","properties":{"ac_name":"GOVERDHAN","ac_no":83,"ac_category":"GEN","st_name":"UTTAR PRADESH"},"geometry":{"type":"Polygon","coordinates":[[[77.7069,27.6187],[77.7058,27.6324],[77.6765,27.6531],[77.6689,27.6416],[77.6494,27.6379],[77.6348,27.6014],[77.6148,27.6028],[77.6046,27.5814],[77.588,27.5829],[77.5592,27.6079],[77.548,27.5927],[77.5459,27.5784],[77.5319,27.5695],[77.5161,27.5674],[77.5056,27.5569],[77.4865,27.5668],[77.4749,27.5579],[77.4552,27.5647],[77.4512,27.5919],[77.4466,27.5952],[77.4282,27.5918],[77.4103,27.5989],[77.3934,27.5811],[77.3549,27.5923],[77.3571,27.5869],[77.345,27.5724],[77.3376,27.5712],[77.3389,27.5499],[77.3494,27.5447],[77.3461,27.539],[77.3398,27.5385],[77.3403,27.5262],[77.3737,27.5119],[77.3864,27.5135],[77.4016,27.4965],[77.4024,27.4757],[77.4192,27.4698],[77.422,27.4612],[77.4255,27.4668],[77.4381,27.456],[77.4361,27.446],[77.4263,27.4446],[77.4209,27.4213],[77.4387,27.4082],[77.4395,27.3909],[77.4704,27.383],[77.4727,27.3771],[77.4845,27.3835],[77.5073,27.3767],[77.5235,27.3565],[77.5332,27.35],[77.5455,27.3495],[77.5478,27.3367],[77.5774,27.3276],[77.5774,27.3231],[77.5838,27.3207],[77.5913,27.3303],[77.6012,27.334],[77.6126,27.3315],[77.6163,27.3402],[77.6223,27.3363],[77.6222,27.3133],[77.6079,27.3004],[77.6004,27.3004],[77.6028,27.2922],[77.6168,27.2863],[77.6146,27.2786],[77.6218,27.275],[77.6183,27.2696],[77.6219,27.2742],[77.6214,27.2839],[77.6238,27.289],[77.6386,27.2918],[77.6399,27.3044],[77.6474,27.3144],[77.6633,27.3047],[77.6846,27.3117],[77.69,27.3026],[77.71,27.3086],[77.7278,27.2992],[77.7341,27.3111],[77.7214,27.3329],[77.717,27.3325],[77.7278,27.352],[77.7192,27.3619],[77.7225,27.3778],[77.7306,27.3874],[77.7566,27.4028],[77.7483,27.4201],[77.7223,27.4322],[77.7334,27.4605],[77.7272,27.4608],[77.7103,27.453],[77.7079,27.4432],[77.7031,27.442],[77.7031,27.4624],[77.6979,27.4621],[77.6945,27.4709],[77.6903,27.4472],[77.6861,27.4475],[77.6886,27.4599],[77.6774,27.4671],[77.6713,27.4898],[77.6719,27.5089],[77.6794,27.525],[77.6746,27.5335],[77.6878,27.5447],[77.7114,27.5371],[77.7192,27.5577],[77.7287,27.5637],[77.7278,27.581],[77.7128,27.5839],[77.6903,27.5736],[77.6818,27.5794],[77.6712,27.5975],[77.6813,27.6157],[77.7019,27.6141],[77.7069,27.6187]]]}},{"type":"Feature","properties":{"ac_name":"BISWAN","ac_no":149,"ac_category":"GEN","st_name":"UTTAR PRADESH"},"geometry":{"type":"Polygon","coordinates":[[[81.0887,27.5876],[81.0712,27.6012],[81.0632,27.5944],[81.0524,27.5945],[81.0537,27.6087],[81.0468,27.6173],[81.0459,27.6412],[81.03,27.6428],[81.0254,27.6613],[81.0073,27.6638],[80.9997,27.6704],[80.9947,27.6649],[80.9755,27.6729],[80.97,27.6655],[80.9608,27.6659],[80.9579,27.6502],[80.9506,27.6408],[80.9719,27.6216],[80.9628,27.6126],[80.9563,27.619],[80.9459,27.6177],[80.9313,27.5934],[80.9192,27.5898],[80.9243,27.5722],[80.9013,27.5684],[80.8804,27.5525],[80.8582,27.5615],[80.8504,27.5447],[80.836,27.5423],[80.836,27.532],[80.8488,27.5246],[80.8497,27.5192],[80.8277,27.4996],[80.8335,27.4684],[80.8252,27.4597],[80.821,27.4397],[80.8247,27.4304],[80.8039,27.4193],[80.804,27.4097],[80.7946,27.3971],[80.7954,27.3886],[80.8062,27.3809],[80.8015,27.3745],[80.8045,27.3697],[80.817,27.3697],[80.8138,27.3632],[80.8235,27.3588],[80.8316,27.364],[80.8408,27.361],[80.8386,27.3566],[80.843,27.3505],[80.8621,27.343],[80.8825,27.3527],[80.8878,27.3495],[80.8947,27.3605],[80.8922,27.3666],[80.9047,27.3829],[80.9304,27.3712],[80.9424,27.3815],[80.9504,27.4028],[80.9756,27.4013],[80.9814,27.4118],[80.9901,27.4068],[81.0112,27.419],[81.0196,27.416],[81.0292,27.4249],[81.0412,27.4521],[81.0617,27.4691],[81.0856,27.4723],[81.0933,27.4797],[81.0908,27.4871],[81.0951,27.4949],[81.1066,27.4929],[81.1103,27.4966],[81.102,27.5],[81.0936,27.5154],[81.0874,27.518],[81.0879,27.5319],[81.0728,27.5467],[81.089,27.569],[81.0887,27.5876]]]}},{"type":"Feature","properties":{"ac_name":"ALIGANJ","ac_no":103,"ac_category":"GEN","st_name":"UTTAR PRADESH"},"geometry":{"type":"Polygon","coordinates":[[[78.9988,27.6331],[78.9965,27.6428],[78.9796,27.6288],[78.9703,27.6135],[78.9813,27.5986],[78.9711,27.5894],[78.9758,27.5833],[78.9678,27.5672],[78.9599,27.5625],[78.9518,27.5726],[78.9321,27.5599],[78.9232,27.5618],[78.9089,27.5507],[78.8925,27.5534],[78.8959,27.5411],[78.9168,27.5262],[78.9082,27.4811],[78.9008,27.4679],[78.9092,27.4565],[78.9222,27.4532],[78.9261,27.4459],[78.935,27.4527],[78.94,27.4505],[78.9361,27.4475],[78.9389,27.431],[78.948,27.4264],[78.9583,27.4296],[78.9561,27.4221],[78.9603,27.4182],[78.9683,27.4229],[78.9753,27.4176],[78.9768,27.4275],[78.9844,27.4291],[78.9936,27.4245],[78.9896,27.4214],[78.9934,27.4207],[79,27.4329],[79.0093,27.4284],[79.0358,27.4308],[79.0551,27.4208],[79.0562,27.4201],[79.0693,27.4174],[79.0717,27.422],[79.107,27.4347],[79.1112,27.4264],[79.1089,27.4191],[79.1179,27.4172],[79.1147,27.4064],[79.1331,27.4026],[79.1378,27.3977],[79.1362,27.3925],[79.1425,27.3862],[79.1377,27.3814],[79.1401,27.3776],[79.1501,27.3777],[79.1506,27.3734],[79.1519,27.3773],[79.1566,27.3754],[79.1556,27.3792],[79.1584,27.3748],[79.1585,27.3796],[79.1618,27.3774],[79.1662,27.381],[79.1651,27.3753],[79.1721,27.3766],[79.1743,27.3702],[79.1781,27.3729],[79.1803,27.3651],[79.1846,27.3677],[79.185,27.363],[79.1895,27.3665],[79.1965,27.3613],[79.1956,27.3497],[79.2004,27.345],[79.2038,27.347],[79.2127,27.3327],[79.23,27.333],[79.23,27.3284],[79.2419,27.3298],[79.2444,27.325],[79.254,27.3265],[79.2553,27.3304],[79.2508,27.3337],[79.2543,27.3425],[79.2617,27.3383],[79.2768,27.3498],[79.2746,27.3577],[79.2604,27.362],[79.2537,27.3704],[79.2542,27.3939],[79.2239,27.4115],[79.2317,27.4183],[79.2499,27.4169],[79.2596,27.4286],[79.2621,27.4446],[79.2508,27.4543],[79.2576,27.4625],[79.2463,27.4716],[79.2516,27.4849],[79.2698,27.4922],[79.2665,27.5003],[79.2734,27.5147],[79.2648,27.521],[79.2518,27.518],[79.2207,27.5364],[79.23,27.5554],[79.2288,27.5632],[79.2159,27.5789],[79.2068,27.5807],[79.1991,27.5756],[79.1772,27.5728],[79.1638,27.5776],[79.1591,27.569],[79.114,27.5569],[79.1054,27.5481],[79.0686,27.56],[79.0323,27.5812],[78.9988,27.6331]]]}},{"type":"Feature","properties":{"ac_name":"SADABAD","ac_no":79,"ac_category":"GEN","st_name":"UTTAR PRADESH"},"geometry":{"type":"Polygon","coordinates":[[[77.8994,27.5798],[77.9099,27.5651],[77.904,27.554],[77.8929,27.5508],[77.8889,27.5401],[77.8796,27.5402],[77.8739,27.5306],[77.8784,27.5208],[77.8995,27.5173],[77.908,27.5019],[77.9221,27.5055],[77.9392,27.4946],[77.9428,27.4854],[77.9343,27.4688],[77.9015,27.4409],[77.904,27.4321],[77.9127,27.4256],[77.9262,27.4272],[77.9326,27.4219],[77.9331,27.4131],[77.909,27.4093],[77.9097,27.3908],[77.9178,27.3739],[77.8977,27.3586],[77.9072,27.3424],[77.9024,27.3231],[77.9496,27.2823],[77.9515,27.2917],[77.9603,27.2973],[77.961,27.2681],[77.969,27.2692],[77.9741,27.2782],[77.9894,27.286],[77.9882,27.3023],[77.9775,27.3181],[77.9805,27.3266],[77.995,27.3255],[77.9968,27.3289],[78.012,27.3194],[78.0092,27.3271],[78.018,27.3225],[78.0286,27.3272],[78.0297,27.3335],[78.0406,27.3349],[78.0386,27.3411],[78.0446,27.3476],[78.074,27.3351],[78.0766,27.3472],[78.0884,27.356],[78.0665,27.3679],[78.0518,27.3682],[78.0577,27.3812],[78.0694,27.3773],[78.0809,27.3935],[78.1051,27.369],[78.1226,27.3725],[78.1228,27.3689],[78.1358,27.3647],[78.1512,27.3824],[78.1751,27.3894],[78.1712,27.3972],[78.1791,27.4022],[78.1787,27.4098],[78.1911,27.402],[78.1969,27.4029],[78.1925,27.4162],[78.2016,27.4287],[78.1996,27.4344],[78.1813,27.4252],[78.1739,27.4304],[78.1861,27.4528],[78.1989,27.4585],[78.1955,27.4649],[78.2081,27.49],[78.2042,27.5022],[78.198,27.4985],[78.1899,27.5004],[78.1575,27.5231],[78.1394,27.5182],[78.1072,27.5273],[78.0908,27.5251],[78.0853,27.5187],[78.0755,27.5194],[78.0709,27.5098],[78.0578,27.5156],[78.0626,27.5276],[78.0569,27.5307],[78.0497,27.5329],[78.0481,27.5383],[78.0577,27.5469],[78.0505,27.5557],[78.0416,27.5535],[78.0389,27.5574],[78.0262,27.5505],[78.0243,27.5549],[78.0364,27.5606],[78.0289,27.5703],[78.0125,27.5652],[77.9959,27.5747],[78.0052,27.5844],[77.9928,27.6019],[77.9785,27.6024],[77.9718,27.5957],[77.9613,27.6139],[77.9471,27.6041],[77.941,27.6108],[77.9167,27.599],[77.9182,27.591],[77.9039,27.5881],[77.8994,27.5798]]]}},{"type":"Feature","properties":{"ac_name":"AMRITPUR","ac_no":193,"ac_category":"GEN","st_name":"UTTAR PRADESH"},"geometry":{"type":"Polygon","coordinates":[[[79.5318,27.5926],[79.5264,27.5607],[79.526,27.5493],[79.5296,27.5482],[79.5148,27.5311],[79.5161,27.5224],[79.5107,27.5136],[79.5191,27.5112],[79.5187,27.5039],[79.51,27.495],[79.4923,27.4925],[79.4847,27.4965],[79.4769,27.4891],[79.464,27.4928],[79.4523,27.4886],[79.4452,27.4758],[79.433,27.4765],[79.43,27.4704],[79.4378,27.4649],[79.427,27.4587],[79.4185,27.4448],[79.4101,27.4509],[79.4041,27.4482],[79.3964,27.4521],[79.3922,27.4489],[79.3937,27.4401],[79.3865,27.4342],[79.3874,27.4496],[79.3821,27.4533],[79.3681,27.4355],[79.359,27.4405],[79.3541,27.4323],[79.3665,27.422],[79.3537,27.409],[79.3675,27.399],[79.3615,27.3899],[79.3679,27.3819],[79.3565,27.379],[79.3494,27.3704],[79.3413,27.3739],[79.3343,27.3641],[79.3136,27.3763],[79.3268,27.3876],[79.3251,27.3957],[79.2997,27.3918],[79.2973,27.384],[79.2815,27.4043],[79.2756,27.3991],[79.2663,27.4036],[79.2542,27.3939],[79.2537,27.3704],[79.2604,27.362],[79.2746,27.3577],[79.2768,27.3498],[79.2617,27.3383],[79.2543,27.3425],[79.2508,27.3337],[79.2553,27.3304],[79.2644,27.3204],[79.2622,27.3152],[79.2685,27.3187],[79.2664,27.3051],[79.2903,27.304],[79.2888,27.2938],[79.293,27.2951],[79.2873,27.2789],[79.2914,27.2836],[79.3029,27.277],[79.3102,27.2812],[79.308,27.2856],[79.3196,27.2783],[79.3247,27.2808],[79.3247,27.2865],[79.3295,27.2866],[79.3187,27.3061],[79.3265,27.3065],[79.3305,27.3114],[79.3222,27.3175],[79.3414,27.3271],[79.3342,27.3289],[79.3277,27.3379],[79.3354,27.3385],[79.3375,27.3485],[79.3478,27.3469],[79.3527,27.3394],[79.3463,27.329],[79.3702,27.3215],[79.3721,27.3307],[79.3802,27.3283],[79.3918,27.3318],[79.3946,27.3479],[79.4189,27.3687],[79.4246,27.3858],[79.435,27.3814],[79.446,27.3886],[79.4417,27.3794],[79.4588,27.3602],[79.4638,27.3625],[79.4869,27.3474],[79.4922,27.3513],[79.4918,27.3638],[79.4988,27.3679],[79.5017,27.3774],[79.496,27.3861],[79.4843,27.3827],[79.4746,27.3912],[79.4707,27.3839],[79.4608,27.3814],[79.4612,27.3862],[79.4527,27.3902],[79.4544,27.3974],[79.4673,27.4061],[79.4679,27.3999],[79.4841,27.3979],[79.4936,27.4124],[79.5058,27.4065],[79.5275,27.4263],[79.5406,27.4324],[79.5481,27.4296],[79.5569,27.4439],[79.5671,27.4412],[79.5716,27.4477],[79.5669,27.4548],[79.5709,27.4597],[79.5864,27.4589],[79.5922,27.4385],[79.6006,27.4457],[79.6174,27.4454],[79.6154,27.4275],[79.6261,27.4272],[79.6273,27.4201],[79.6529,27.409],[79.6467,27.4039],[79.6507,27.3961],[79.6487,27.3794],[79.6503,27.3636],[79.6576,27.3639],[79.6513,27.356],[79.6584,27.3495],[79.645,27.3302],[79.6465,27.2991],[79.6611,27.2991],[79.6597,27.2853],[79.6535,27.2848],[79.661,27.2678],[79.6687,27.2725],[79.6749,27.2666],[79.6891,27.2657],[79.681,27.2535],[79.6868,27.2471],[79.6959,27.2498],[79.6996,27.2654],[79.7107,27.2613],[79.7163,27.272],[79.7247,27.277],[79.7287,27.2749],[79.7313,27.2817],[79.7217,27.2896],[79.7269,27.2981],[79.7235,27.305],[79.7281,27.3086],[79.7207,27.3181],[79.7216,27.3271],[79.7147,27.3395],[79.7101,27.3399],[79.7123,27.3467],[79.7029,27.3478],[79.7035,27.3545],[79.6912,27.3599],[79.6876,27.3783],[79.6937,27.3849],[79.6914,27.3899],[79.7022,27.3956],[79.7055,27.3925],[79.7256,27.4158],[79.7168,27.4205],[79.7172,27.4339],[79.7288,27.4358],[79.737,27.4449],[79.7164,27.451],[79.7175,27.4582],[79.7087,27.4677],[79.7134,27.4752],[79.7106,27.4796],[79.6966,27.4694],[79.7003,27.4972],[79.6792,27.4938],[79.6623,27.4977],[79.6596,27.5066],[79.6527,27.505],[79.6532,27.5135],[79.6628,27.5234],[79.6541,27.5318],[79.6591,27.5377],[79.6565,27.5418],[79.6697,27.5485],[79.6557,27.5581],[79.6605,27.5623],[79.6527,27.5671],[79.6542,27.5755],[79.64,27.5767],[79.6442,27.5965],[79.6605,27.6096],[79.6511,27.6113],[79.6506,27.6235],[79.6553,27.6305],[79.6482,27.629],[79.6479,27.6379],[79.6259,27.6375],[79.6133,27.6189],[79.5988,27.6195],[79.5951,27.6119],[79.6126,27.5999],[79.6123,27.5928],[79.5906,27.5985],[79.5862,27.592],[79.5672,27.5946],[79.557,27.5897],[79.5512,27.601],[79.5318,27.5926]]]}},{"type":"Feature","properties":{"ac_name":"ETAH","ac_no":104,"ac_category":"GEN","st_name":"UTTAR PRADESH"},"geometry":{"type":"Polygon","coordinates":[[[78.8094,27.602],[78.8007,27.6059],[78.7944,27.5938],[78.7983,27.5826],[78.7897,27.5752],[78.7919,27.5705],[78.769,27.5582],[78.7709,27.5456],[78.7859,27.5395],[78.7793,27.5314],[78.7806,27.5156],[78.7681,27.504],[78.7499,27.5077],[78.742,27.5039],[78.7383,27.5172],[78.7167,27.5269],[78.7113,27.5486],[78.6949,27.5514],[78.6904,27.5739],[78.6776,27.5784],[78.6773,27.5575],[78.6625,27.5666],[78.6573,27.5784],[78.6397,27.5659],[78.6315,27.5796],[78.6202,27.5788],[78.6113,27.5603],[78.6292,27.5594],[78.6375,27.5542],[78.6075,27.5386],[78.5891,27.5461],[78.5851,27.5438],[78.5908,27.5394],[78.5854,27.5359],[78.5897,27.531],[78.5851,27.5276],[78.5939,27.5266],[78.5905,27.519],[78.5978,27.5148],[78.5947,27.5126],[78.5994,27.5082],[78.5995,27.5081],[78.6069,27.5108],[78.6238,27.5031],[78.6296,27.4886],[78.6509,27.4933],[78.6614,27.4908],[78.6643,27.4734],[78.6596,27.4737],[78.6493,27.4605],[78.6395,27.4322],[78.6431,27.4207],[78.6591,27.4196],[78.6643,27.4155],[78.6685,27.4179],[78.6731,27.4131],[78.6736,27.3949],[78.6856,27.3837],[78.707,27.377],[78.7126,27.3794],[78.7194,27.3679],[78.7162,27.355],[78.7203,27.3442],[78.7345,27.3326],[78.7542,27.3452],[78.7646,27.3371],[78.7747,27.3346],[78.7818,27.3472],[78.8094,27.3567],[78.8166,27.3526],[78.8273,27.355],[78.8346,27.3613],[78.8542,27.3921],[78.8426,27.4007],[78.8393,27.3987],[78.8379,27.4108],[78.8518,27.4179],[78.8659,27.4368],[78.8714,27.4374],[78.872,27.4457],[78.8861,27.4564],[78.8827,27.4623],[78.8858,27.4722],[78.9008,27.4679],[78.9082,27.4811],[78.9168,27.5262],[78.8959,27.5411],[78.8925,27.5534],[78.896,27.5561],[78.8941,27.5755],[78.8871,27.5835],[78.8728,27.5892],[78.871,27.5789],[78.8595,27.5785],[78.8576,27.5895],[78.8388,27.5988],[78.8264,27.6034],[78.8094,27.602]]]}},{"type":"Feature","properties":{"ac_name":"JALESAR","ac_no":106,"ac_category":"SC","st_name":"UTTAR PRADESH"},"geometry":{"type":"Polygon","coordinates":[[[78.4349,27.5908],[78.4222,27.5882],[78.4152,27.5795],[78.4046,27.5827],[78.3995,27.5908],[78.388,27.5789],[78.3916,27.5702],[78.3751,27.5657],[78.3704,27.568],[78.3626,27.5603],[78.3584,27.5629],[78.3647,27.5691],[78.3607,27.5755],[78.3469,27.5755],[78.3338,27.5835],[78.3314,27.5771],[78.3182,27.5744],[78.3195,27.5659],[78.3112,27.5561],[78.3183,27.5481],[78.3143,27.5433],[78.3052,27.5521],[78.29,27.5444],[78.285,27.5548],[78.2778,27.5544],[78.2711,27.5491],[78.2836,27.5367],[78.2767,27.5286],[78.2647,27.5271],[78.2521,27.5183],[78.245,27.5286],[78.2288,27.5254],[78.2229,27.5286],[78.2133,27.5245],[78.2204,27.5151],[78.2182,27.5095],[78.2066,27.5085],[78.2042,27.5022],[78.2081,27.49],[78.1955,27.4649],[78.1989,27.4585],[78.1861,27.4528],[78.1739,27.4304],[78.1813,27.4252],[78.1996,27.4344],[78.2016,27.4287],[78.1925,27.4162],[78.1969,27.4029],[78.2154,27.4006],[78.2253,27.4057],[78.2508,27.3921],[78.2574,27.3951],[78.2715,27.3884],[78.2778,27.3944],[78.2862,27.3841],[78.2948,27.3851],[78.292,27.3755],[78.286,27.3737],[78.2843,27.3624],[78.2886,27.3566],[78.2748,27.338],[78.2793,27.3218],[78.2888,27.309],[78.298,27.3083],[78.3128,27.3175],[78.32,27.339],[78.3346,27.3316],[78.3501,27.3474],[78.3742,27.3337],[78.383,27.3405],[78.3884,27.3645],[78.3995,27.372],[78.4349,27.3606],[78.4457,27.3722],[78.4575,27.376],[78.4779,27.3431],[78.4903,27.3532],[78.4835,27.3573],[78.4887,27.3627],[78.4841,27.3804],[78.4919,27.3888],[78.4909,27.3936],[78.4848,27.393],[78.4757,27.4028],[78.4641,27.4254],[78.4746,27.4293],[78.4914,27.4234],[78.5066,27.44],[78.5048,27.4561],[78.5107,27.4643],[78.5168,27.4637],[78.5231,27.4497],[78.5306,27.452],[78.5432,27.4424],[78.5519,27.4611],[78.5628,27.4722],[78.5864,27.477],[78.5873,27.4913],[78.5954,27.4942],[78.5977,27.5044],[78.5718,27.4954],[78.5593,27.5116],[78.5673,27.5288],[78.5555,27.5379],[78.5542,27.5551],[78.5358,27.5592],[78.5269,27.5496],[78.5116,27.5637],[78.4946,27.5632],[78.4805,27.5443],[78.486,27.5371],[78.5004,27.5338],[78.5045,27.5264],[78.5022,27.5205],[78.4939,27.5158],[78.4675,27.5141],[78.4545,27.529],[78.4476,27.5748],[78.4349,27.5908]]]}},{"type":"Feature","properties":{"ac_name":"BAHRAICH","ac_no":286,"ac_category":"GEN","st_name":"UTTAR PRADESH"},"geometry":{"type":"Polygon","coordinates":[[[81.6433,27.6218],[81.6431,27.623],[81.6434,27.617],[81.6379,27.6177],[81.638,27.6046],[81.6315,27.61],[81.6228,27.6003],[81.6173,27.613],[81.6071,27.6163],[81.5992,27.6077],[81.6014,27.597],[81.5758,27.5711],[81.5859,27.5525],[81.5723,27.5589],[81.5703,27.5561],[81.5904,27.529],[81.5812,27.5265],[81.576,27.5041],[81.5551,27.5067],[81.5516,27.4968],[81.5696,27.4815],[81.5674,27.4734],[81.5753,27.4743],[81.5745,27.4633],[81.5825,27.4607],[81.573,27.4504],[81.5814,27.4444],[81.5913,27.4495],[81.6063,27.4468],[81.6221,27.4511],[81.6225,27.4462],[81.6298,27.4475],[81.6247,27.4421],[81.6298,27.4418],[81.629,27.436],[81.6348,27.434],[81.6255,27.4226],[81.6301,27.421],[81.623,27.4069],[81.6399,27.4092],[81.6579,27.4077],[81.673,27.3942],[81.6733,27.4042],[81.6785,27.4076],[81.6701,27.4177],[81.6708,27.4365],[81.7116,27.4025],[81.718,27.4054],[81.7017,27.4204],[81.6971,27.4337],[81.7095,27.4304],[81.7084,27.4376],[81.7148,27.4436],[81.7404,27.4265],[81.7565,27.4411],[81.767,27.4338],[81.7688,27.445],[81.7847,27.4421],[81.7868,27.4515],[81.7934,27.4566],[81.8046,27.4533],[81.8105,27.467],[81.8096,27.4833],[81.8256,27.4753],[81.8337,27.4834],[81.8394,27.4807],[81.8522,27.4882],[81.8668,27.4865],[81.8739,27.4985],[81.8695,27.5086],[81.8777,27.5177],[81.8799,27.5288],[81.8577,27.5338],[81.8561,27.5546],[81.8506,27.5609],[81.842,27.5604],[81.8326,27.5499],[81.8297,27.5321],[81.8235,27.5276],[81.7859,27.5332],[81.7732,27.5161],[81.747,27.506],[81.7339,27.5074],[81.7663,27.5297],[81.7695,27.54],[81.7657,27.559],[81.739,27.561],[81.7226,27.5691],[81.7057,27.5498],[81.6945,27.5562],[81.6768,27.584],[81.6811,27.609],[81.6638,27.6186],[81.6433,27.6218]]]}},{"type":"Feature","properties":{"ac_name":"SITAPUR","ac_no":146,"ac_category":"GEN","st_name":"UTTAR PRADESH"},"geometry":{"type":"Polygon","coordinates":[[[80.6752,27.608],[80.664,27.6056],[80.6607,27.5911],[80.6463,27.5966],[80.624,27.5786],[80.6241,27.5719],[80.6349,27.5646],[80.6322,27.5602],[80.6388,27.5522],[80.6145,27.5396],[80.5963,27.5512],[80.5938,27.5715],[80.5819,27.5691],[80.5741,27.5784],[80.5747,27.5511],[80.5682,27.5432],[80.5547,27.5437],[80.5469,27.5368],[80.5472,27.5074],[80.5548,27.4918],[80.5811,27.5063],[80.5982,27.5028],[80.6043,27.5122],[80.6217,27.5097],[80.6313,27.5187],[80.6437,27.5062],[80.6608,27.5047],[80.6678,27.4879],[80.6695,27.4948],[80.6798,27.4914],[80.6862,27.5034],[80.6914,27.5018],[80.6902,27.5059],[80.6941,27.506],[80.7106,27.4812],[80.7207,27.4809],[80.7219,27.475],[80.7352,27.4697],[80.7357,27.4602],[80.7481,27.4541],[80.748,27.4453],[80.7587,27.4492],[80.756,27.4425],[80.7628,27.4403],[80.7583,27.4322],[80.7647,27.4305],[80.7692,27.4389],[80.7723,27.432],[80.7914,27.4271],[80.7976,27.4205],[80.799,27.4172],[80.8039,27.4193],[80.8247,27.4304],[80.821,27.4397],[80.8252,27.4597],[80.8335,27.4684],[80.8277,27.4996],[80.8497,27.5192],[80.8488,27.5246],[80.836,27.532],[80.836,27.5423],[80.8287,27.5481],[80.8265,27.5596],[80.8058,27.5644],[80.794,27.576],[80.7758,27.557],[80.7615,27.5652],[80.7581,27.5589],[80.7387,27.5669],[80.718,27.5609],[80.6888,27.5833],[80.6878,27.5945],[80.6752,27.608]]]}},{"type":"Feature","properties":{"ac_name":"BALDEV","ac_no":85,"ac_category":"SC","st_name":"UTTAR PRADESH"},"geometry":{"type":"Polygon","coordinates":[[[77.8929,27.5508],[77.8653,27.5409],[77.8603,27.5494],[77.851,27.5317],[77.8439,27.53],[77.8068,27.5309],[77.7926,27.539],[77.7806,27.5339],[77.7666,27.5444],[77.7481,27.5248],[77.7407,27.5306],[77.7279,27.525],[77.7159,27.5304],[77.7078,27.5243],[77.7044,27.5264],[77.7013,27.5059],[77.7039,27.5081],[77.7178,27.5002],[77.7276,27.5051],[77.7349,27.5003],[77.7297,27.4932],[77.7295,27.4884],[77.7345,27.4867],[77.7334,27.4697],[77.7272,27.4608],[77.7334,27.4605],[77.7223,27.4322],[77.7483,27.4201],[77.7566,27.4028],[77.7306,27.3874],[77.7225,27.3778],[77.7192,27.3619],[77.7278,27.352],[77.717,27.3325],[77.7214,27.3329],[77.7341,27.3111],[77.7278,27.2992],[77.71,27.3086],[77.69,27.3026],[77.6846,27.3117],[77.6633,27.3047],[77.6474,27.3144],[77.6399,27.3044],[77.6386,27.2918],[77.6238,27.289],[77.6214,27.2839],[77.6219,27.2742],[77.6183,27.2696],[77.6132,27.2655],[77.6165,27.2579],[77.6211,27.2552],[77.6308,27.2595],[77.6461,27.2424],[77.6838,27.2411],[77.6953,27.2502],[77.7025,27.254],[77.7034,27.249],[77.7109,27.247],[77.7178,27.2527],[77.7401,27.2414],[77.7593,27.248],[77.783,27.2344],[77.7927,27.2439],[77.7876,27.2501],[77.7908,27.258],[77.8047,27.264],[77.8181,27.2599],[77.8185,27.275],[77.8454,27.2911],[77.8545,27.286],[77.8533,27.2568],[77.8629,27.2502],[77.8739,27.2505],[77.882,27.2561],[77.883,27.2667],[77.8648,27.2731],[77.8637,27.2877],[77.8729,27.2956],[77.8847,27.2958],[77.9135,27.2849],[77.9119,27.2629],[77.9059,27.2495],[77.9193,27.235],[77.929,27.2338],[77.9374,27.241],[77.9379,27.25],[77.9286,27.2653],[77.9496,27.2823],[77.9024,27.3231],[77.9072,27.3424],[77.8977,27.3586],[77.9178,27.3739],[77.9097,27.3908],[77.909,27.4093],[77.9331,27.4131],[77.9326,27.4219],[77.9262,27.4272],[77.9127,27.4256],[77.904,27.4321],[77.9015,27.4409],[77.9343,27.4688],[77.9428,27.4854],[77.9392,27.4946],[77.9221,27.5055],[77.908,27.5019],[77.8995,27.5173],[77.8784,27.5208],[77.8739,27.5306],[77.8796,27.5402],[77.8889,27.5401],[77.8929,27.5508]]]}},{"type":"Feature","properties":{"ac_name":"MATHURA","ac_no":84,"ac_category":"GEN","st_name":"UTTAR PRADESH"},"geometry":{"type":"Polygon","coordinates":[[[77.7114,27.5371],[77.6878,27.5447],[77.6746,27.5335],[77.6794,27.525],[77.6719,27.5089],[77.6713,27.4898],[77.6774,27.4671],[77.6886,27.4599],[77.6861,27.4475],[77.6903,27.4472],[77.6945,27.4709],[77.6979,27.4621],[77.7031,27.4624],[77.7031,27.442],[77.7079,27.4432],[77.7103,27.453],[77.7272,27.4608],[77.7334,27.4697],[77.7345,27.4867],[77.7295,27.4884],[77.7297,27.4932],[77.7349,27.5003],[77.7276,27.5051],[77.7178,27.5002],[77.7039,27.5081],[77.7013,27.5059],[77.7044,27.5264],[77.7114,27.5371]]]}},{"type":"Feature","properties":{"ac_name":"HARDOI","ac_no":156,"ac_category":"GEN","st_name":"UTTAR PRADESH"},"geometry":{"type":"Polygon","coordinates":[[[80.1952,27.5614],[80.1913,27.5551],[80.1712,27.5585],[80.1645,27.5407],[80.1487,27.5362],[80.1052,27.5631],[80.1033,27.5573],[80.0943,27.5542],[80.0698,27.5585],[80.0572,27.5466],[80.0487,27.5448],[80.0445,27.5311],[80.0241,27.5204],[80.0169,27.5313],[79.9955,27.5396],[79.9738,27.5088],[79.9674,27.4879],[79.9523,27.4689],[79.9532,27.4619],[79.9443,27.4555],[79.9201,27.4611],[79.9057,27.4249],[79.8883,27.3946],[79.8998,27.3901],[79.8955,27.3835],[79.9019,27.3703],[79.922,27.3575],[79.9346,27.3645],[79.9464,27.3513],[79.9653,27.3715],[79.9753,27.3669],[79.9847,27.3707],[79.9937,27.3631],[79.9991,27.3699],[80.0141,27.3668],[80.0244,27.374],[80.0336,27.3698],[80.045,27.3783],[80.0527,27.373],[80.0814,27.37],[80.1007,27.3924],[80.1014,27.3983],[80.0965,27.4008],[80.1012,27.4072],[80.133,27.4008],[80.1414,27.4044],[80.1315,27.3938],[80.1372,27.3864],[80.148,27.3828],[80.1468,27.3616],[80.1606,27.355],[80.1579,27.3448],[80.1743,27.3373],[80.1726,27.3243],[80.1849,27.323],[80.1968,27.331],[80.2149,27.3536],[80.2397,27.3336],[80.2557,27.3294],[80.2551,27.3195],[80.2481,27.3131],[80.2526,27.3047],[80.2466,27.2923],[80.2495,27.2834],[80.266,27.2969],[80.2767,27.2993],[80.2697,27.3039],[80.2811,27.3139],[80.298,27.318],[80.2998,27.3291],[80.2944,27.3324],[80.2996,27.3474],[80.3086,27.3617],[80.3257,27.3756],[80.3019,27.3864],[80.3016,27.3971],[80.2875,27.3997],[80.2778,27.4106],[80.2802,27.4179],[80.273,27.4232],[80.2585,27.4292],[80.243,27.422],[80.2396,27.428],[80.2212,27.4364],[80.2277,27.4474],[80.2188,27.4508],[80.2258,27.4589],[80.2112,27.4653],[80.2148,27.4707],[80.2115,27.4778],[80.2196,27.4846],[80.2296,27.4795],[80.245,27.5032],[80.2309,27.516],[80.2222,27.5334],[80.2171,27.5337],[80.2157,27.5569],[80.1991,27.5636],[80.1952,27.5614]]]}},{"type":"Feature","properties":{"ac_name":"BALRAMPUR","ac_no":294,"ac_category":"SC","st_name":"UTTAR PRADESH"},"geometry":{"type":"Polygon","coordinates":[[[82.0955,27.5387],[82.0949,27.5504],[82.0851,27.5528],[82.0755,27.5451],[82.0682,27.5285],[82.0493,27.523],[82.0538,27.5192],[82.0484,27.5134],[82.0497,27.4993],[82.0593,27.4937],[82.052,27.4468],[82.0649,27.4383],[82.0708,27.44],[82.0682,27.4237],[82.0828,27.4195],[82.0739,27.4049],[82.0732,27.4006],[82.0825,27.3945],[82.0889,27.4029],[82.0881,27.3996],[82.1005,27.3952],[82.1067,27.4073],[82.1178,27.4043],[82.1213,27.3876],[82.1119,27.3776],[82.1168,27.3728],[82.1215,27.3761],[82.1331,27.3687],[82.1324,27.3637],[82.1408,27.361],[82.1477,27.347],[82.1438,27.3385],[82.1469,27.3337],[82.1567,27.3261],[82.1795,27.3255],[82.191,27.3199],[82.196,27.3112],[82.2058,27.3105],[82.2063,27.3036],[82.2281,27.2973],[82.2446,27.277],[82.2581,27.273],[82.2547,27.2705],[82.257,27.2614],[82.2622,27.2654],[82.2752,27.2593],[82.2759,27.2511],[82.2873,27.2534],[82.2895,27.2454],[82.297,27.2469],[82.2939,27.24],[82.3085,27.2278],[82.3063,27.2236],[82.3178,27.2125],[82.3393,27.2313],[82.335,27.2382],[82.3241,27.2303],[82.3195,27.2348],[82.3284,27.2454],[82.3286,27.258],[82.3356,27.2712],[82.329,27.2783],[82.3396,27.2889],[82.3379,27.2944],[82.3495,27.3021],[82.3387,27.3109],[82.3384,27.3144],[82.3457,27.3158],[82.3439,27.3216],[82.3344,27.3251],[82.3356,27.3363],[82.3549,27.3295],[82.3597,27.3183],[82.3735,27.3164],[82.368,27.3284],[82.3791,27.3422],[82.3592,27.3529],[82.3789,27.366],[82.3705,27.3729],[82.3736,27.3766],[82.3878,27.3755],[82.4041,27.3743],[82.4077,27.3814],[82.4201,27.3832],[82.4257,27.3911],[82.4344,27.3892],[82.4377,27.3963],[82.4089,27.4156],[82.4072,27.4245],[82.3938,27.4297],[82.3869,27.4437],[82.3868,27.4609],[82.3761,27.4682],[82.3715,27.4651],[82.3597,27.4417],[82.335,27.4535],[82.3226,27.4506],[82.3033,27.4705],[82.2946,27.4732],[82.2943,27.4784],[82.2779,27.475],[82.2613,27.4812],[82.2518,27.4905],[82.238,27.4835],[82.2262,27.4949],[82.1967,27.486],[82.1845,27.4987],[82.1541,27.4998],[82.1487,27.5068],[82.1536,27.5127],[82.1424,27.5268],[82.129,27.5343],[82.1353,27.5425],[82.1312,27.5479],[82.1242,27.547],[82.1255,27.5357],[82.1174,27.5287],[82.1111,27.5288],[82.1168,27.537],[82.1106,27.546],[82.103,27.5456],[82.0955,27.5387]]]}},{"type":"Feature","properties":{"ac_name":"JASRANA","ac_no":96,"ac_category":"GEN","st_name":"UTTAR PRADESH"},"geometry":{"type":"Polygon","coordinates":[[[78.5995,27.5081],[78.5994,27.5082],[78.5977,27.5044],[78.5954,27.4942],[78.5873,27.4913],[78.5864,27.477],[78.5628,27.4722],[78.5519,27.4611],[78.5432,27.4424],[78.5306,27.452],[78.5231,27.4497],[78.5168,27.4637],[78.5107,27.4643],[78.5048,27.4561],[78.5066,27.44],[78.4914,27.4234],[78.4746,27.4293],[78.4641,27.4254],[78.4757,27.4028],[78.4848,27.393],[78.4909,27.3936],[78.4919,27.3888],[78.4841,27.3804],[78.4887,27.3627],[78.4835,27.3573],[78.4903,27.3532],[78.4779,27.3431],[78.4636,27.3326],[78.4643,27.3223],[78.481,27.3131],[78.4762,27.3046],[78.4789,27.2991],[78.4917,27.2969],[78.4895,27.2868],[78.4813,27.2824],[78.4868,27.2711],[78.4616,27.2557],[78.459,27.2443],[78.4452,27.2494],[78.4381,27.2437],[78.4408,27.2314],[78.4585,27.218],[78.4563,27.2079],[78.4417,27.2013],[78.4458,27.1872],[78.4579,27.1783],[78.4577,27.1656],[78.4671,27.1602],[78.4609,27.1488],[78.4626,27.1448],[78.4824,27.14],[78.4888,27.1478],[78.5044,27.1444],[78.5185,27.1609],[78.5214,27.1719],[78.5263,27.172],[78.5262,27.1824],[78.5409,27.1676],[78.5463,27.1737],[78.5621,27.177],[78.5648,27.1896],[78.5957,27.1838],[78.6198,27.2025],[78.627,27.1992],[78.6308,27.1872],[78.6375,27.1897],[78.6458,27.2018],[78.6672,27.2012],[78.6739,27.1839],[78.6874,27.1784],[78.7,27.1794],[78.7045,27.1866],[78.7035,27.2008],[78.7138,27.2043],[78.7384,27.2441],[78.7282,27.2482],[78.7286,27.2536],[78.7195,27.2631],[78.696,27.2687],[78.6914,27.2663],[78.6894,27.2698],[78.702,27.2817],[78.717,27.2815],[78.7216,27.2963],[78.7128,27.3012],[78.7124,27.3372],[78.7203,27.3442],[78.7162,27.355],[78.7194,27.3679],[78.7126,27.3794],[78.707,27.377],[78.6856,27.3837],[78.6736,27.3949],[78.6731,27.4131],[78.6685,27.4179],[78.6643,27.4155],[78.6591,27.4196],[78.6431,27.4207],[78.6395,27.4322],[78.6493,27.4605],[78.6596,27.4737],[78.6643,27.4734],[78.6614,27.4908],[78.6509,27.4933],[78.6296,27.4886],[78.6238,27.5031],[78.6069,27.5108],[78.5995,27.5081]]]}},{"type":"Feature","properties":{"ac_name":"PAYAGPUR","ac_no":287,"ac_category":"GEN","st_name":"UTTAR PRADESH"},"geometry":{"type":"Polygon","coordinates":[[[81.9006,27.5066],[81.8866,27.5293],[81.8799,27.5288],[81.8777,27.5177],[81.8695,27.5086],[81.8739,27.4985],[81.8668,27.4865],[81.8522,27.4882],[81.8394,27.4807],[81.8337,27.4834],[81.8256,27.4753],[81.8096,27.4833],[81.8105,27.467],[81.8046,27.4533],[81.7934,27.4566],[81.7868,27.4515],[81.7847,27.4421],[81.7688,27.445],[81.767,27.4338],[81.7565,27.4411],[81.7404,27.4265],[81.7148,27.4436],[81.7084,27.4376],[81.7095,27.4304],[81.6971,27.4337],[81.7017,27.4204],[81.718,27.4054],[81.7116,27.4025],[81.6708,27.4365],[81.6701,27.4177],[81.6785,27.4076],[81.6733,27.4042],[81.673,27.3942],[81.6579,27.4077],[81.6399,27.4092],[81.6373,27.3983],[81.6433,27.3981],[81.6335,27.3876],[81.6293,27.3962],[81.6205,27.377],[81.6204,27.3644],[81.6133,27.3543],[81.6072,27.3566],[81.6081,27.3463],[81.6027,27.3375],[81.5854,27.3375],[81.5793,27.3606],[81.5622,27.3584],[81.5542,27.3531],[81.5565,27.3456],[81.5423,27.3422],[81.5461,27.3505],[81.5381,27.3579],[81.5334,27.3547],[81.5245,27.3571],[81.5136,27.3472],[81.5309,27.3401],[81.5248,27.3309],[81.5323,27.325],[81.5414,27.33],[81.5496,27.3231],[81.5614,27.3275],[81.5707,27.322],[81.5707,27.3101],[81.5594,27.3008],[81.55,27.3062],[81.5417,27.2993],[81.5471,27.2826],[81.5641,27.2766],[81.5703,27.2873],[81.5824,27.2715],[81.5803,27.2595],[81.584,27.2566],[81.5875,27.2631],[81.5926,27.2634],[81.6153,27.2381],[81.6171,27.2287],[81.607,27.231],[81.6045,27.2272],[81.6331,27.2006],[81.6291,27.1868],[81.6473,27.189],[81.6551,27.2027],[81.6643,27.1966],[81.6663,27.2003],[81.6622,27.2064],[81.6652,27.2184],[81.6604,27.2221],[81.6653,27.2336],[81.6701,27.2382],[81.6814,27.237],[81.6851,27.2563],[81.7039,27.2663],[81.7082,27.2772],[81.7098,27.2921],[81.6814,27.3032],[81.6843,27.3165],[81.7161,27.3165],[81.722,27.3247],[81.7268,27.3236],[81.7337,27.3301],[81.745,27.326],[81.7607,27.3093],[81.7759,27.3073],[81.7795,27.3024],[81.7751,27.2947],[81.7811,27.2899],[81.7856,27.2949],[81.7943,27.2926],[81.7994,27.281],[81.7973,27.2735],[81.8144,27.2658],[81.8185,27.272],[81.824,27.2701],[81.8377,27.2816],[81.8372,27.2983],[81.8532,27.3267],[81.8607,27.3235],[81.8701,27.3305],[81.8746,27.3308],[81.8756,27.3257],[81.8859,27.3295],[81.8933,27.3154],[81.9037,27.3207],[81.9222,27.3127],[81.9227,27.3259],[81.9089,27.3321],[81.9183,27.3472],[81.9134,27.352],[81.9151,27.3566],[81.9061,27.3636],[81.9095,27.3704],[81.924,27.3806],[81.9307,27.3778],[81.9391,27.386],[81.9315,27.3916],[81.9314,27.4065],[81.9265,27.4089],[81.9413,27.4285],[81.9434,27.4347],[81.9549,27.4291],[81.9692,27.4396],[81.9778,27.4355],[81.9829,27.4433],[81.9944,27.4455],[81.9893,27.4581],[81.9972,27.4681],[81.9941,27.4827],[81.9579,27.5063],[81.942,27.5114],[81.9006,27.5066]]]}},{"type":"Feature","properties":{"ac_name":"MISRIKH","ac_no":153,"ac_category":"SC","st_name":"UTTAR PRADESH"},"geometry":{"type":"Polygon","coordinates":[[[80.5472,27.5074],[80.506,27.5113],[80.4951,27.4978],[80.471,27.517],[80.4649,27.5111],[80.4653,27.5037],[80.4547,27.4948],[80.4398,27.4972],[80.4347,27.4921],[80.4221,27.5082],[80.3974,27.5214],[80.3888,27.513],[80.3872,27.5038],[80.3746,27.5069],[80.3625,27.4811],[80.3677,27.478],[80.376,27.4817],[80.3812,27.4748],[80.3842,27.4778],[80.391,27.4742],[80.391,27.4663],[80.4033,27.4629],[80.3974,27.4542],[80.4076,27.4508],[80.4049,27.4466],[80.4103,27.4348],[80.4172,27.435],[80.4306,27.4229],[80.4297,27.4189],[80.4218,27.4201],[80.4231,27.4142],[80.4354,27.4025],[80.4509,27.4019],[80.4469,27.3985],[80.4512,27.3952],[80.4482,27.3833],[80.4539,27.3711],[80.4578,27.3669],[80.4675,27.3677],[80.4652,27.3562],[80.4588,27.3614],[80.4536,27.3597],[80.4632,27.3461],[80.4555,27.3392],[80.4647,27.34],[80.4701,27.3458],[80.4809,27.3456],[80.487,27.3299],[80.5013,27.3248],[80.4948,27.3192],[80.4948,27.3118],[80.5068,27.3001],[80.5173,27.2676],[80.498,27.2606],[80.4956,27.2558],[80.514,27.255],[80.5156,27.2614],[80.5282,27.2607],[80.5486,27.2726],[80.5576,27.2691],[80.5601,27.2819],[80.5693,27.2931],[80.5742,27.2921],[80.5718,27.2863],[80.5776,27.288],[80.5696,27.2781],[80.5864,27.2789],[80.588,27.27],[80.597,27.2711],[80.6003,27.263],[80.6167,27.2717],[80.622,27.2646],[80.667,27.3091],[80.6715,27.3091],[80.6819,27.2954],[80.7074,27.2922],[80.7305,27.3077],[80.7561,27.3434],[80.7478,27.3428],[80.7443,27.3519],[80.7339,27.3581],[80.7341,27.375],[80.7234,27.3842],[80.7428,27.3907],[80.755,27.3883],[80.7514,27.3929],[80.7601,27.4023],[80.7588,27.4088],[80.768,27.4142],[80.7794,27.4139],[80.7829,27.4195],[80.7976,27.4205],[80.7914,27.4271],[80.7723,27.432],[80.7692,27.4389],[80.7647,27.4305],[80.7583,27.4322],[80.7628,27.4403],[80.756,27.4425],[80.7587,27.4492],[80.748,27.4453],[80.7481,27.4541],[80.7357,27.4602],[80.7352,27.4697],[80.7219,27.475],[80.7207,27.4809],[80.7106,27.4812],[80.6941,27.506],[80.6902,27.5059],[80.6914,27.5018],[80.6862,27.5034],[80.6798,27.4914],[80.6695,27.4948],[80.6678,27.4879],[80.6608,27.5047],[80.6437,27.5062],[80.6313,27.5187],[80.6217,27.5097],[80.6043,27.5122],[80.5982,27.5028],[80.5811,27.5063],[80.5548,27.4918],[80.5472,27.5074]]]}},{"type":"Feature","properties":{"ac_name":"MAHMOODABAD","ac_no":151,"ac_category":"GEN","st_name":"UTTAR PRADESH"},"geometry":{"type":"Polygon","coordinates":[[[81.1334,27.5105],[81.1161,27.5117],[81.1103,27.4966],[81.1066,27.4929],[81.0951,27.4949],[81.0908,27.4871],[81.0933,27.4797],[81.0856,27.4723],[81.0617,27.4691],[81.0412,27.4521],[81.0292,27.4249],[81.0196,27.416],[81.0112,27.419],[80.9901,27.4068],[80.9873,27.3937],[80.9983,27.3829],[80.9939,27.3696],[81.0114,27.3537],[81.0019,27.3362],[81.0017,27.3204],[81.0156,27.3136],[81.013,27.3056],[81.0305,27.2898],[81.0163,27.279],[80.9956,27.2817],[80.9902,27.2763],[80.9858,27.2532],[80.9648,27.2516],[80.9689,27.2402],[81.0019,27.2271],[81.0535,27.2287],[81.0531,27.2179],[81.062,27.222],[81.0666,27.2193],[81.0764,27.2295],[81.0851,27.2287],[81.0795,27.2365],[81.0847,27.2481],[81.0908,27.2507],[81.092,27.2645],[81.0971,27.2684],[81.1013,27.2654],[81.113,27.2746],[81.1316,27.2715],[81.1489,27.2578],[81.1587,27.266],[81.1718,27.2677],[81.1842,27.2554],[81.1828,27.2455],[81.1954,27.2375],[81.2072,27.2374],[81.2136,27.2479],[81.2078,27.253],[81.2256,27.2724],[81.2329,27.2627],[81.242,27.2705],[81.2368,27.275],[81.2426,27.2848],[81.2314,27.2983],[81.2397,27.3069],[81.2255,27.3114],[81.2242,27.3166],[81.2283,27.3237],[81.2315,27.319],[81.241,27.3226],[81.2483,27.3142],[81.2582,27.3349],[81.2723,27.3287],[81.2809,27.3325],[81.277,27.3365],[81.2839,27.3495],[81.2713,27.3533],[81.2695,27.3605],[81.2547,27.3593],[81.2573,27.3693],[81.2414,27.3699],[81.222,27.3789],[81.2283,27.3898],[81.2102,27.4097],[81.2197,27.4193],[81.2188,27.4239],[81.216,27.4268],[81.2091,27.4238],[81.1968,27.4385],[81.1921,27.4593],[81.1827,27.4645],[81.1751,27.477],[81.1556,27.4856],[81.1569,27.4916],[81.1474,27.4885],[81.1501,27.4985],[81.1334,27.5105]]]}},{"type":"Feature","properties":{"ac_name":"SHOHRATGARH","ac_no":302,"ac_category":"GEN","st_name":"UTTAR PRADESH"},"geometry":{"type":"Polygon","coordinates":[[[82.7362,27.5027],[82.7155,27.4606],[82.7289,27.4586],[82.7407,27.4441],[82.7457,27.4456],[82.7461,27.4383],[82.7545,27.4345],[82.7642,27.4124],[82.7566,27.4065],[82.7451,27.4073],[82.7415,27.4139],[82.7322,27.4167],[82.7295,27.4058],[82.7259,27.4121],[82.716,27.4011],[82.7113,27.408],[82.7159,27.4129],[82.7077,27.4122],[82.703,27.4214],[82.7074,27.4076],[82.6976,27.4171],[82.6928,27.4164],[82.699,27.4077],[82.694,27.4089],[82.6846,27.4031],[82.6863,27.3864],[82.6936,27.3821],[82.7085,27.3837],[82.7178,27.371],[82.7202,27.3569],[82.734,27.3599],[82.7363,27.3552],[82.7307,27.3477],[82.7202,27.3449],[82.7194,27.3377],[82.7389,27.3368],[82.7459,27.329],[82.7712,27.331],[82.7792,27.3272],[82.7859,27.3303],[82.7913,27.3235],[82.795,27.3265],[82.8013,27.319],[82.8085,27.3191],[82.8163,27.3049],[82.833,27.3014],[82.8362,27.3211],[82.8447,27.3227],[82.8398,27.3165],[82.8438,27.3125],[82.8553,27.3209],[82.8604,27.317],[82.8682,27.3203],[82.8685,27.3251],[82.876,27.3275],[82.8767,27.3147],[82.8969,27.3169],[82.901,27.3133],[82.9073,27.3174],[82.9138,27.3121],[82.9049,27.3001],[82.9081,27.2936],[82.9244,27.293],[82.9279,27.2999],[82.9327,27.2962],[82.9441,27.2995],[82.9452,27.295],[82.9645,27.2991],[82.9661,27.3064],[82.9827,27.301],[83.0033,27.313],[83.0193,27.3012],[83.0257,27.3168],[83.0373,27.3213],[83.0494,27.3414],[83.044,27.3472],[83.0609,27.3542],[83.0799,27.3473],[83.0908,27.3807],[83.0993,27.3864],[83.1021,27.3981],[83.1085,27.4002],[83.1027,27.4081],[83.1086,27.408],[83.11,27.4142],[83.1033,27.4205],[83.1073,27.4249],[83.1041,27.4296],[83.1131,27.4382],[83.1127,27.4491],[83.1034,27.443],[83.1042,27.4542],[83.0347,27.4487],[82.9668,27.4643],[82.9444,27.4764],[82.9395,27.4911],[82.9298,27.5013],[82.8682,27.4983],[82.8326,27.5024],[82.8015,27.4965],[82.7362,27.5027]]]}},{"type":"Feature","properties":{"ac_name":"MAINPURI","ac_no":107,"ac_category":"GEN","st_name":"UTTAR PRADESH"},"geometry":{"type":"Polygon","coordinates":[[[79.0551,27.4208],[79.0358,27.4308],[79.0093,27.4284],[79,27.4329],[78.9934,27.4207],[78.9896,27.4214],[78.9936,27.4245],[78.9844,27.4291],[78.9768,27.4275],[78.9753,27.4176],[78.9683,27.4229],[78.9603,27.4182],[78.9561,27.4221],[78.9583,27.4296],[78.948,27.4264],[78.9389,27.431],[78.9361,27.4475],[78.94,27.4505],[78.935,27.4527],[78.9261,27.4459],[78.9222,27.4532],[78.9092,27.4565],[78.9008,27.4679],[78.8858,27.4722],[78.8827,27.4623],[78.8861,27.4564],[78.872,27.4457],[78.8714,27.4374],[78.8659,27.4368],[78.8518,27.4179],[78.8379,27.4108],[78.8393,27.3987],[78.8426,27.4007],[78.8542,27.3921],[78.8346,27.3613],[78.8273,27.355],[78.8166,27.3526],[78.8094,27.3567],[78.7818,27.3472],[78.7747,27.3346],[78.7646,27.3371],[78.775,27.3116],[78.7839,27.3076],[78.7958,27.3138],[78.8107,27.2991],[78.8227,27.3044],[78.8315,27.2911],[78.8433,27.2844],[78.8518,27.2932],[78.8487,27.2985],[78.8615,27.3097],[78.871,27.3101],[78.8746,27.2996],[78.8829,27.3023],[78.8868,27.2844],[78.8802,27.2675],[78.871,27.2596],[78.8829,27.2481],[78.8824,27.2358],[78.8986,27.2276],[78.8893,27.2207],[78.9068,27.2035],[78.9131,27.2043],[78.9172,27.2158],[78.9226,27.2157],[78.9274,27.2005],[78.9322,27.1997],[78.9281,27.2066],[78.9481,27.2092],[78.9577,27.2188],[78.9725,27.2157],[78.982,27.2226],[78.9972,27.2176],[79.0036,27.2257],[79.0162,27.2222],[79.0237,27.2278],[79.0369,27.2223],[79.0532,27.2044],[79.0592,27.2062],[79.0701,27.2249],[79.0656,27.2404],[79.0801,27.2421],[79.087,27.2509],[79.077,27.2797],[79.082,27.2892],[79.0623,27.2983],[79.0573,27.3061],[79.0643,27.3264],[79.0187,27.3473],[79.0274,27.3719],[79.0458,27.3944],[79.051,27.4202],[79.0551,27.4208]]]}},{"type":"Feature","properties":{"ac_name":"KAISERGANJ","ac_no":288,"ac_category":"GEN","st_name":"UTTAR PRADESH"},"geometry":{"type":"Polygon","coordinates":[[[81.6399,27.4092],[81.623,27.4069],[81.6301,27.421],[81.6255,27.4226],[81.6348,27.434],[81.629,27.436],[81.6298,27.4418],[81.6247,27.4421],[81.6298,27.4475],[81.6225,27.4462],[81.6221,27.4511],[81.6063,27.4468],[81.5913,27.4495],[81.5814,27.4444],[81.573,27.4504],[81.5825,27.4607],[81.5745,27.4633],[81.5753,27.4743],[81.5674,27.4734],[81.5696,27.4815],[81.5516,27.4968],[81.5454,27.4976],[81.5394,27.4911],[81.5311,27.4966],[81.5182,27.4968],[81.5124,27.4824],[81.4971,27.4863],[81.4934,27.4831],[81.51,27.4679],[81.5077,27.4543],[81.5121,27.4465],[81.5054,27.4369],[81.5101,27.4304],[81.4957,27.4252],[81.4834,27.4007],[81.4728,27.4017],[81.4579,27.3903],[81.4601,27.3833],[81.4701,27.3838],[81.4699,27.3744],[81.4488,27.3556],[81.4414,27.3546],[81.4309,27.3357],[81.4198,27.3306],[81.4321,27.3244],[81.4387,27.3128],[81.4379,27.2816],[81.4326,27.2669],[81.4353,27.2212],[81.449,27.2112],[81.4582,27.1905],[81.4367,27.179],[81.447,27.1309],[81.456,27.1186],[81.4764,27.108],[81.4789,27.0752],[81.5049,27.059],[81.5161,27.086],[81.537,27.0847],[81.5427,27.0771],[81.5404,27.0816],[81.5468,27.0889],[81.5396,27.0949],[81.5684,27.1221],[81.5672,27.1294],[81.5857,27.1175],[81.5903,27.1297],[81.6054,27.1457],[81.629,27.1416],[81.6297,27.158],[81.6407,27.1577],[81.6413,27.1662],[81.6464,27.1771],[81.6377,27.179],[81.6415,27.1881],[81.6473,27.189],[81.6291,27.1868],[81.6331,27.2006],[81.6045,27.2272],[81.607,27.231],[81.6171,27.2287],[81.6153,27.2381],[81.5926,27.2634],[81.5875,27.2631],[81.584,27.2566],[81.5803,27.2595],[81.5824,27.2715],[81.5703,27.2873],[81.5641,27.2766],[81.5471,27.2826],[81.5417,27.2993],[81.55,27.3062],[81.5594,27.3008],[81.5707,27.3101],[81.5707,27.322],[81.5614,27.3275],[81.5496,27.3231],[81.5414,27.33],[81.5323,27.325],[81.5248,27.3309],[81.5309,27.3401],[81.5136,27.3472],[81.5245,27.3571],[81.5334,27.3547],[81.5381,27.3579],[81.5461,27.3505],[81.5423,27.3422],[81.5565,27.3456],[81.5542,27.3531],[81.5622,27.3584],[81.5793,27.3606],[81.5854,27.3375],[81.6027,27.3375],[81.6081,27.3463],[81.6072,27.3566],[81.6133,27.3543],[81.6204,27.3644],[81.6205,27.377],[81.6293,27.3962],[81.6335,27.3876],[81.6433,27.3981],[81.6373,27.3983],[81.6399,27.4092]]]}},{"type":"Feature","properties":{"ac_name":"NAUTANWA","ac_no":316,"ac_category":"GEN","st_name":"UTTAR PRADESH"},"geometry":{"type":"Polygon","coordinates":[[[83.4977,27.4746],[83.388,27.4793],[83.3927,27.4764],[83.3888,27.471],[83.4021,27.4663],[83.4021,27.4571],[83.3984,27.4483],[83.3849,27.4426],[83.3842,27.4361],[83.4094,27.4125],[83.4024,27.4008],[83.3854,27.3904],[83.3877,27.3755],[83.3718,27.3677],[83.3738,27.3592],[83.3588,27.3523],[83.3594,27.344],[83.3375,27.3338],[83.3362,27.3172],[83.3689,27.3178],[83.3681,27.2994],[83.3748,27.2932],[83.3746,27.2838],[83.3696,27.2806],[83.3529,27.2846],[83.3525,27.2644],[83.3346,27.2657],[83.3179,27.2416],[83.3,27.2322],[83.3,27.2223],[83.3236,27.1914],[83.3292,27.1934],[83.3318,27.2115],[83.3446,27.2151],[83.3476,27.2057],[83.3583,27.2022],[83.3557,27.1822],[83.3628,27.1826],[83.3703,27.1915],[83.3945,27.1884],[83.3965,27.1819],[83.4134,27.185],[83.4186,27.176],[83.4143,27.1581],[83.434,27.1581],[83.4375,27.1684],[83.4458,27.174],[83.4411,27.1821],[83.4568,27.1911],[83.4523,27.1987],[83.4669,27.2048],[83.4745,27.2302],[83.4825,27.2386],[83.4967,27.2394],[83.5039,27.2555],[83.5306,27.2697],[83.529,27.2919],[83.5455,27.3035],[83.535,27.319],[83.5373,27.3284],[83.542,27.3273],[83.5461,27.3346],[83.5624,27.3375],[83.5759,27.3302],[83.591,27.3319],[83.6191,27.3527],[83.6611,27.3585],[83.6881,27.3861],[83.6877,27.4034],[83.7028,27.4117],[83.7352,27.4141],[83.6149,27.4691],[83.4977,27.4746]]]}},{"type":"Feature","properties":{"ac_name":"FARRUKHABAD","ac_no":194,"ac_category":"GEN","st_name":"UTTAR PRADESH"},"geometry":{"type":"Polygon","coordinates":[[[79.5864,27.4589],[79.5709,27.4597],[79.5669,27.4548],[79.5716,27.4477],[79.5671,27.4412],[79.5569,27.4439],[79.5481,27.4296],[79.5406,27.4324],[79.5275,27.4263],[79.5058,27.4065],[79.4936,27.4124],[79.4841,27.3979],[79.4679,27.3999],[79.4673,27.4061],[79.4544,27.3974],[79.4527,27.3902],[79.4612,27.3862],[79.4608,27.3814],[79.4707,27.3839],[79.4746,27.3912],[79.4843,27.3827],[79.496,27.3861],[79.5017,27.3774],[79.4988,27.3679],[79.5081,27.3579],[79.5333,27.376],[79.5528,27.3623],[79.563,27.3617],[79.5831,27.3395],[79.5834,27.331],[79.5721,27.3221],[79.5749,27.3201],[79.5918,27.3253],[79.6,27.3212],[79.6071,27.3269],[79.6179,27.3257],[79.6287,27.3015],[79.6272,27.2917],[79.6097,27.2901],[79.6105,27.2606],[79.6179,27.2608],[79.6173,27.264],[79.6379,27.2626],[79.6356,27.2688],[79.6431,27.2734],[79.6547,27.2647],[79.661,27.2678],[79.6535,27.2848],[79.6597,27.2853],[79.6611,27.2991],[79.6465,27.2991],[79.645,27.3302],[79.6584,27.3495],[79.6513,27.356],[79.6576,27.3639],[79.6503,27.3636],[79.6487,27.3794],[79.6507,27.3961],[79.6467,27.4039],[79.6529,27.409],[79.6273,27.4201],[79.6261,27.4272],[79.6154,27.4275],[79.6174,27.4454],[79.6006,27.4457],[79.5922,27.4385],[79.5864,27.4589]]]}},{"type":"Feature","properties":{"ac_name":"KAPILVASTU","ac_no":303,"ac_category":"SC","st_name":"UTTAR PRADESH"},"geometry":{"type":"Polygon","coordinates":[[[83.1042,27.4542],[83.1034,27.443],[83.1127,27.4491],[83.1131,27.4382],[83.1041,27.4296],[83.1073,27.4249],[83.1033,27.4205],[83.11,27.4142],[83.1086,27.408],[83.1027,27.4081],[83.1085,27.4002],[83.1021,27.3981],[83.0993,27.3864],[83.0908,27.3807],[83.0799,27.3473],[83.0609,27.3542],[83.044,27.3472],[83.0494,27.3414],[83.0373,27.3213],[83.0257,27.3168],[83.0193,27.3012],[83.0033,27.313],[82.9827,27.301],[82.9661,27.3064],[82.9645,27.2991],[82.9452,27.295],[82.9456,27.2789],[82.9414,27.2752],[82.9517,27.2695],[82.9591,27.255],[82.9722,27.2625],[82.9771,27.2607],[82.9806,27.2489],[82.9983,27.248],[83.005,27.2279],[82.9976,27.225],[82.9983,27.2157],[83.0055,27.213],[83.0206,27.2164],[83.0242,27.213],[83.0182,27.2009],[83.0311,27.1928],[83.034,27.1772],[83.0232,27.1638],[83.0273,27.1546],[83.0713,27.1674],[83.0757,27.178],[83.0868,27.178],[83.1097,27.1657],[83.1072,27.1588],[83.1192,27.153],[83.1172,27.1371],[83.1215,27.1291],[83.1207,27.1458],[83.1284,27.141],[83.1286,27.1416],[83.1202,27.1518],[83.1203,27.1608],[83.1392,27.1605],[83.1433,27.1683],[83.1563,27.1652],[83.158,27.1576],[83.1553,27.1466],[83.1587,27.1434],[83.1688,27.1496],[83.1596,27.1493],[83.1571,27.153],[83.163,27.1532],[83.1682,27.1563],[83.174,27.1552],[83.1771,27.1785],[83.1663,27.1886],[83.1763,27.1941],[83.1717,27.2047],[83.1655,27.2047],[83.1655,27.2247],[83.1753,27.2305],[83.1798,27.2251],[83.1895,27.2299],[83.1894,27.224],[83.1939,27.2287],[83.2022,27.2267],[83.2124,27.2438],[83.2211,27.2457],[83.2183,27.256],[83.2132,27.2575],[83.2138,27.2645],[83.2185,27.2646],[83.2187,27.2694],[83.2335,27.2703],[83.24,27.284],[83.2504,27.2847],[83.2528,27.2918],[83.248,27.2989],[83.2689,27.3114],[83.2724,27.3227],[83.2684,27.3257],[83.2928,27.3361],[83.2727,27.3531],[83.2658,27.3657],[83.2722,27.3833],[83.219,27.4164],[83.1882,27.4539],[83.1665,27.4574],[83.1042,27.4542]]]}},{"type":"Feature","properties":{"ac_name":"BHONGAON","ac_no":108,"ac_category":"GEN","st_name":"UTTAR PRADESH"},"geometry":{"type":"Polygon","coordinates":[[[79.0562,27.4201],[79.0551,27.4208],[79.051,27.4202],[79.0458,27.3944],[79.0274,27.3719],[79.0187,27.3473],[79.0643,27.3264],[79.0573,27.3061],[79.0623,27.2983],[79.082,27.2892],[79.077,27.2797],[79.087,27.2509],[79.0801,27.2421],[79.0656,27.2404],[79.0701,27.2249],[79.0592,27.2062],[79.0755,27.2086],[79.0753,27.2272],[79.0824,27.2253],[79.0874,27.2325],[79.1042,27.2222],[79.1194,27.2238],[79.127,27.2344],[79.1225,27.2387],[79.1286,27.2384],[79.1361,27.2476],[79.1451,27.2431],[79.146,27.2496],[79.1514,27.2497],[79.1548,27.2434],[79.1564,27.2317],[79.1654,27.2253],[79.1679,27.2128],[79.1952,27.1923],[79.2038,27.1801],[79.2247,27.1843],[79.2289,27.1787],[79.2522,27.19],[79.2686,27.175],[79.2723,27.1778],[79.275,27.1733],[79.289,27.171],[79.2881,27.1639],[79.2933,27.158],[79.2991,27.1731],[79.3106,27.1718],[79.3216,27.1907],[79.32,27.1952],[79.3351,27.186],[79.3303,27.1833],[79.3275,27.1639],[79.3348,27.1575],[79.3111,27.1386],[79.3002,27.1167],[79.294,27.1161],[79.2997,27.1049],[79.3231,27.1056],[79.3243,27.115],[79.3386,27.117],[79.345,27.128],[79.3636,27.14],[79.3537,27.1551],[79.3597,27.1671],[79.3557,27.1723],[79.3573,27.1765],[79.3681,27.1784],[79.3688,27.1924],[79.3772,27.2039],[79.371,27.2068],[79.3657,27.2221],[79.3609,27.2176],[79.3595,27.2217],[79.353,27.2205],[79.3517,27.2122],[79.3364,27.2148],[79.337,27.2325],[79.3146,27.2425],[79.3258,27.2665],[79.3202,27.2679],[79.3255,27.274],[79.3196,27.2783],[79.308,27.2856],[79.3102,27.2812],[79.3029,27.277],[79.2914,27.2836],[79.2873,27.2789],[79.293,27.2951],[79.2888,27.2938],[79.2903,27.304],[79.2664,27.3051],[79.2685,27.3187],[79.2622,27.3152],[79.2644,27.3204],[79.2553,27.3304],[79.254,27.3265],[79.2444,27.325],[79.2419,27.3298],[79.23,27.3284],[79.23,27.333],[79.2127,27.3327],[79.2038,27.347],[79.2004,27.345],[79.1956,27.3497],[79.1965,27.3613],[79.1895,27.3665],[79.185,27.363],[79.1846,27.3677],[79.1803,27.3651],[79.1781,27.3729],[79.1743,27.3702],[79.1721,27.3766],[79.1651,27.3753],[79.1662,27.381],[79.1618,27.3774],[79.1585,27.3796],[79.1584,27.3748],[79.1556,27.3792],[79.1566,27.3754],[79.1519,27.3773],[79.1506,27.3734],[79.1501,27.3777],[79.1401,27.3776],[79.1377,27.3814],[79.1425,27.3862],[79.1362,27.3925],[79.1378,27.3977],[79.1331,27.4026],[79.1147,27.4064],[79.1179,27.4172],[79.1089,27.4191],[79.1112,27.4264],[79.107,27.4347],[79.0717,27.422],[79.0693,27.4174],[79.0562,27.4201]]]}},{"type":"Feature","properties":{"ac_name":"ETMADPUR","ac_no":86,"ac_category":"GEN","st_name":"UTTAR PRADESH"},"geometry":{"type":"Polygon","coordinates":[[[78.1969,27.4029],[78.1911,27.402],[78.1787,27.4098],[78.1791,27.4022],[78.1712,27.3972],[78.1751,27.3894],[78.1512,27.3824],[78.1358,27.3647],[78.1228,27.3689],[78.1226,27.3725],[78.1051,27.369],[78.0809,27.3935],[78.0694,27.3773],[78.0577,27.3812],[78.0518,27.3682],[78.0665,27.3679],[78.0884,27.356],[78.0766,27.3472],[78.074,27.3351],[78.0446,27.3476],[78.0386,27.3411],[78.0406,27.3349],[78.0297,27.3335],[78.0286,27.3272],[78.018,27.3225],[78.0092,27.3271],[78.012,27.3194],[77.9968,27.3289],[77.995,27.3255],[77.9805,27.3266],[77.9775,27.3181],[77.9882,27.3023],[77.9894,27.286],[77.9741,27.2782],[77.969,27.2692],[77.9518,27.2626],[77.95,27.2559],[77.9553,27.2493],[77.9679,27.2455],[77.9773,27.2432],[77.9859,27.2459],[77.9887,27.233],[77.9975,27.229],[77.9974,27.2146],[78.0081,27.219],[78.0149,27.2342],[78.0271,27.2333],[78.032,27.218],[78.0287,27.2022],[78.0254,27.1845],[78.0374,27.1775],[78.0522,27.1896],[78.0836,27.2038],[78.0917,27.1999],[78.107,27.1798],[78.1294,27.18],[78.1485,27.1922],[78.1676,27.1936],[78.1635,27.1807],[78.1988,27.2005],[78.204,27.2099],[78.2121,27.2051],[78.2166,27.2072],[78.2061,27.238],[78.2232,27.2429],[78.2107,27.2568],[78.2152,27.2714],[78.2127,27.2817],[78.2194,27.2883],[78.211,27.2935],[78.198,27.3131],[78.2067,27.316],[78.2107,27.3022],[78.2197,27.3115],[78.2438,27.3133],[78.265,27.3031],[78.27,27.3045],[78.2696,27.3203],[78.2793,27.3218],[78.2748,27.338],[78.2886,27.3566],[78.2843,27.3624],[78.286,27.3737],[78.292,27.3755],[78.2948,27.3851],[78.2862,27.3841],[78.2778,27.3944],[78.2715,27.3884],[78.2574,27.3951],[78.2508,27.3921],[78.2253,27.4057],[78.2154,27.4006],[78.1969,27.4029]]]}},{"type":"Feature","properties":{"ac_name":"MEHNAUN","ac_no":295,"ac_category":"GEN","st_name":"UTTAR PRADESH"},"geometry":{"type":"Polygon","coordinates":[[[81.9413,27.4285],[81.9265,27.4089],[81.9314,27.4065],[81.9315,27.3916],[81.9391,27.386],[81.9307,27.3778],[81.924,27.3806],[81.9095,27.3704],[81.9061,27.3636],[81.9151,27.3566],[81.9134,27.352],[81.9474,27.3539],[81.9613,27.3738],[81.9713,27.3746],[81.9795,27.3716],[81.9834,27.3624],[81.9676,27.3529],[81.9721,27.3455],[82.0102,27.3444],[82.034,27.3249],[82.0304,27.3113],[82.013,27.3145],[82.004,27.3116],[82.0015,27.3159],[81.988,27.3126],[82.0047,27.2865],[81.9942,27.2864],[81.9799,27.2704],[81.9984,27.2711],[82.0011,27.2535],[81.9919,27.2495],[81.9986,27.2399],[82.0508,27.219],[82.0665,27.2195],[82.0904,27.1883],[82.0929,27.1756],[82.1149,27.1635],[82.0914,27.1453],[82.0932,27.1422],[82.1039,27.1419],[82.1097,27.1509],[82.1164,27.1528],[82.1401,27.1451],[82.144,27.1378],[82.1608,27.1133],[82.1729,27.111],[82.1921,27.1193],[82.2002,27.1281],[82.1961,27.1408],[82.2077,27.1481],[82.2095,27.1412],[82.2151,27.1428],[82.2337,27.167],[82.2279,27.1689],[82.228,27.1812],[82.2367,27.198],[82.2352,27.2069],[82.2458,27.2223],[82.2671,27.2281],[82.2722,27.2352],[82.2906,27.2223],[82.2886,27.2174],[82.3006,27.2126],[82.3063,27.2236],[82.3085,27.2278],[82.2939,27.24],[82.297,27.2469],[82.2895,27.2454],[82.2873,27.2534],[82.2759,27.2511],[82.2752,27.2593],[82.2622,27.2654],[82.257,27.2614],[82.2547,27.2705],[82.2581,27.273],[82.2446,27.277],[82.2281,27.2973],[82.2063,27.3036],[82.2058,27.3105],[82.196,27.3112],[82.191,27.3199],[82.1795,27.3255],[82.1567,27.3261],[82.1469,27.3337],[82.1438,27.3385],[82.1477,27.347],[82.1408,27.361],[82.1324,27.3637],[82.1331,27.3687],[82.1215,27.3761],[82.1168,27.3728],[82.1119,27.3776],[82.1213,27.3876],[82.1178,27.4043],[82.1067,27.4073],[82.1005,27.3952],[82.0881,27.3996],[82.0889,27.4029],[82.0825,27.3945],[82.0732,27.4006],[82.0739,27.4049],[82.0676,27.4094],[82.061,27.4073],[82.0577,27.4165],[82.0457,27.4124],[82.0389,27.4186],[82.0017,27.409],[81.9942,27.4183],[81.9962,27.4214],[81.9809,27.4271],[81.9778,27.4355],[81.9692,27.4396],[81.9549,27.4291],[81.9434,27.4347],[81.9413,27.4285]]]}},{"type":"Feature","properties":{"ac_name":"SIDHAULI","ac_no":152,"ac_category":"SC","st_name":"UTTAR PRADESH"},"geometry":{"type":"Polygon","coordinates":[[[80.799,27.4172],[80.7976,27.4205],[80.7829,27.4195],[80.7794,27.4139],[80.768,27.4142],[80.7588,27.4088],[80.7601,27.4023],[80.7514,27.3929],[80.755,27.3883],[80.7428,27.3907],[80.7234,27.3842],[80.7341,27.375],[80.7339,27.3581],[80.7443,27.3519],[80.7478,27.3428],[80.7561,27.3434],[80.7305,27.3077],[80.7074,27.2922],[80.6819,27.2954],[80.6715,27.3091],[80.667,27.3091],[80.622,27.2646],[80.6274,27.253],[80.6394,27.2597],[80.6513,27.2572],[80.6521,27.253],[80.6417,27.2457],[80.6509,27.2417],[80.6556,27.2267],[80.693,27.2155],[80.7049,27.2301],[80.7245,27.236],[80.7399,27.223],[80.7483,27.2277],[80.7528,27.2134],[80.7644,27.2082],[80.7677,27.2014],[80.7836,27.2026],[80.7888,27.2082],[80.7907,27.2002],[80.7977,27.1998],[80.8051,27.1699],[80.8096,27.1731],[80.8138,27.161],[80.8219,27.159],[80.8166,27.1505],[80.8214,27.1385],[80.8044,27.1307],[80.8106,27.1224],[80.8065,27.1097],[80.8108,27.1083],[80.8218,27.1159],[80.827,27.0999],[80.8353,27.1033],[80.8358,27.108],[80.8649,27.1261],[80.8951,27.1272],[80.9074,27.1516],[80.9153,27.1485],[80.9225,27.1581],[80.9306,27.1587],[80.9343,27.1719],[80.9241,27.187],[80.9271,27.2009],[80.9374,27.1945],[80.946,27.1999],[80.9565,27.2195],[80.966,27.2174],[80.9689,27.2402],[80.9648,27.2516],[80.9858,27.2532],[80.9902,27.2763],[80.9956,27.2817],[81.0163,27.279],[81.0305,27.2898],[81.013,27.3056],[81.0156,27.3136],[81.0017,27.3204],[81.0019,27.3362],[81.0114,27.3537],[80.9939,27.3696],[80.9983,27.3829],[80.9873,27.3937],[80.9901,27.4068],[80.9814,27.4118],[80.9756,27.4013],[80.9504,27.4028],[80.9424,27.3815],[80.9304,27.3712],[80.9047,27.3829],[80.8922,27.3666],[80.8947,27.3605],[80.8878,27.3495],[80.8825,27.3527],[80.8621,27.343],[80.843,27.3505],[80.8386,27.3566],[80.8408,27.361],[80.8316,27.364],[80.8235,27.3588],[80.8138,27.3632],[80.817,27.3697],[80.8045,27.3697],[80.8015,27.3745],[80.8062,27.3809],[80.7954,27.3886],[80.7946,27.3971],[80.804,27.4097],[80.8039,27.4193],[80.799,27.4172]]]}},{"type":"Feature","properties":{"ac_name":"ITWA","ac_no":305,"ac_category":"GEN","st_name":"UTTAR PRADESH"},"geometry":{"type":"Polygon","coordinates":[[[82.5633,27.3963],[82.5544,27.3951],[82.5508,27.3833],[82.5435,27.3804],[82.5424,27.3689],[82.5322,27.3624],[82.5242,27.3676],[82.5215,27.3608],[82.5005,27.366],[82.4904,27.3572],[82.487,27.3412],[82.49,27.3344],[82.4753,27.3268],[82.472,27.3203],[82.4934,27.3169],[82.5008,27.3238],[82.5098,27.3196],[82.5131,27.3118],[82.4944,27.3154],[82.4839,27.3041],[82.4861,27.2936],[82.515,27.3014],[82.4915,27.2868],[82.4899,27.2782],[82.5121,27.2761],[82.5035,27.256],[82.5209,27.2592],[82.5247,27.2523],[82.5239,27.2493],[82.5079,27.2489],[82.4967,27.2367],[82.5212,27.2308],[82.5117,27.2114],[82.5529,27.2152],[82.555,27.2312],[82.562,27.2373],[82.5533,27.244],[82.5557,27.2492],[82.5507,27.2568],[82.5558,27.2644],[82.5692,27.2646],[82.5675,27.2779],[82.6111,27.2851],[82.614,27.2919],[82.6097,27.2971],[82.6161,27.3065],[82.6414,27.2984],[82.6584,27.2943],[82.6767,27.3046],[82.6905,27.3008],[82.6844,27.2897],[82.6873,27.2806],[82.6782,27.277],[82.6708,27.2636],[82.6776,27.2623],[82.6805,27.2688],[82.6998,27.2748],[82.7089,27.271],[82.708,27.2651],[82.7189,27.2494],[82.706,27.238],[82.7026,27.2233],[82.7293,27.2135],[82.7325,27.203],[82.7608,27.21],[82.7856,27.2017],[82.7951,27.1917],[82.7994,27.2002],[82.8058,27.2155],[82.7991,27.2209],[82.8027,27.2376],[82.8153,27.2585],[82.843,27.262],[82.8849,27.2577],[82.9081,27.2936],[82.9049,27.3001],[82.9138,27.3121],[82.9073,27.3174],[82.901,27.3133],[82.8969,27.3169],[82.8767,27.3147],[82.876,27.3275],[82.8685,27.3251],[82.8682,27.3203],[82.8604,27.317],[82.8553,27.3209],[82.8438,27.3125],[82.8398,27.3165],[82.8447,27.3227],[82.8362,27.3211],[82.833,27.3014],[82.8163,27.3049],[82.8085,27.3191],[82.8013,27.319],[82.795,27.3265],[82.7913,27.3235],[82.7859,27.3303],[82.7792,27.3272],[82.7712,27.331],[82.7459,27.329],[82.7389,27.3368],[82.7194,27.3377],[82.7202,27.3449],[82.7307,27.3477],[82.7363,27.3552],[82.734,27.3599],[82.7202,27.3569],[82.7178,27.371],[82.7085,27.3837],[82.6936,27.3821],[82.6863,27.3864],[82.6846,27.4031],[82.694,27.4089],[82.6917,27.414],[82.685,27.4087],[82.679,27.4136],[82.6639,27.4036],[82.6623,27.4063],[82.6693,27.4089],[82.6653,27.4156],[82.6585,27.4094],[82.6593,27.4005],[82.6509,27.4035],[82.6508,27.408],[82.6575,27.4048],[82.655,27.4098],[82.6354,27.4051],[82.6311,27.4112],[82.6289,27.4013],[82.6227,27.4025],[82.6243,27.4089],[82.6203,27.4044],[82.6165,27.4069],[82.6148,27.4178],[82.6125,27.4141],[82.6017,27.416],[82.5985,27.4078],[82.5939,27.4177],[82.5858,27.4161],[82.5838,27.4227],[82.5749,27.4207],[82.5721,27.4134],[82.5683,27.4167],[82.5711,27.4051],[82.5633,27.3963]]]}},{"type":"Feature","properties":{"ac_name":"SISWA","ac_no":317,"ac_category":"GEN","st_name":"UTTAR PRADESH"},"geometry":{"type":"Polygon","coordinates":[[[83.7352,27.4141],[83.7028,27.4117],[83.6877,27.4034],[83.6881,27.3861],[83.6611,27.3585],[83.6191,27.3527],[83.6256,27.331],[83.6319,27.3244],[83.6267,27.2727],[83.6339,27.2556],[83.615,27.249],[83.6181,27.2445],[83.6273,27.2438],[83.6235,27.2274],[83.6563,27.2243],[83.664,27.2137],[83.6752,27.2113],[83.6704,27.1969],[83.6848,27.2064],[83.6886,27.192],[83.6797,27.1388],[83.6885,27.1053],[83.7119,27.0839],[83.7482,27.0789],[83.7728,27.0891],[83.7768,27.1065],[83.7941,27.1066],[83.8019,27.111],[83.8109,27.1609],[83.8252,27.1745],[83.7983,27.1697],[83.7898,27.164],[83.782,27.1665],[83.8129,27.1863],[83.8002,27.1968],[83.799,27.2153],[83.8066,27.2155],[83.8205,27.2],[83.8278,27.202],[83.8328,27.2116],[83.8212,27.2324],[83.8077,27.2285],[83.7955,27.2361],[83.7955,27.245],[83.8074,27.2498],[83.8168,27.241],[83.8203,27.2489],[83.8385,27.2486],[83.8491,27.253],[83.8378,27.2682],[83.8366,27.2778],[83.8469,27.2889],[83.8619,27.2947],[83.8663,27.2911],[83.873,27.2971],[83.881,27.2835],[83.894,27.2852],[83.9068,27.2756],[83.9308,27.2941],[83.9345,27.3032],[83.9319,27.3125],[83.9189,27.3257],[83.9039,27.3266],[83.8715,27.3075],[83.8594,27.3081],[83.8527,27.3173],[83.8455,27.3152],[83.8366,27.3223],[83.8624,27.3357],[83.8638,27.3468],[83.8313,27.3692],[83.7352,27.4141]]]}},{"type":"Feature","properties":{"ac_name":"SANDI","ac_no":158,"ac_category":"SC","st_name":"UTTAR PRADESH"},"geometry":{"type":"Polygon","coordinates":[[[80.4004,27.3348],[80.3872,27.3462],[80.3845,27.3396],[80.3716,27.3346],[80.3744,27.3299],[80.3672,27.3164],[80.3526,27.3154],[80.3452,27.3077],[80.3383,27.3103],[80.3509,27.3316],[80.3357,27.3363],[80.3486,27.3443],[80.3439,27.3494],[80.3488,27.3566],[80.3475,27.3616],[80.3279,27.369],[80.3257,27.3756],[80.3086,27.3617],[80.2996,27.3474],[80.2944,27.3324],[80.2998,27.3291],[80.298,27.318],[80.2811,27.3139],[80.2697,27.3039],[80.2767,27.2993],[80.266,27.2969],[80.2495,27.2834],[80.2466,27.2923],[80.2526,27.3047],[80.2481,27.3131],[80.2551,27.3195],[80.2557,27.3294],[80.2397,27.3336],[80.2149,27.3536],[80.1968,27.331],[80.1849,27.323],[80.1726,27.3243],[80.1743,27.3373],[80.1579,27.3448],[80.1606,27.355],[80.1468,27.3616],[80.148,27.3828],[80.1372,27.3864],[80.1315,27.3938],[80.1414,27.4044],[80.133,27.4008],[80.1012,27.4072],[80.0965,27.4008],[80.1014,27.3983],[80.1007,27.3924],[80.0814,27.37],[80.0527,27.373],[80.045,27.3783],[80.0336,27.3698],[80.0244,27.374],[80.0141,27.3668],[79.9991,27.3699],[79.9937,27.3631],[79.9847,27.3707],[79.9753,27.3669],[79.9653,27.3715],[79.9464,27.3513],[79.9346,27.3645],[79.922,27.3575],[79.9232,27.3301],[79.9313,27.3247],[79.9394,27.3375],[79.9446,27.3344],[79.9448,27.3269],[79.9369,27.2971],[79.9232,27.2913],[79.9389,27.2531],[79.9246,27.224],[79.933,27.2217],[79.9252,27.2191],[79.9269,27.2143],[79.9196,27.2051],[79.9217,27.1937],[79.9297,27.1856],[79.9198,27.1854],[79.9131,27.1586],[79.9252,27.1653],[79.9374,27.1554],[79.9446,27.1635],[79.9673,27.1665],[79.9719,27.1861],[79.9923,27.2038],[80.0059,27.2436],[80.0373,27.2379],[80.0493,27.2281],[80.0553,27.2182],[80.0558,27.2031],[80.0478,27.1987],[80.0487,27.1899],[80.0712,27.1947],[80.0959,27.1881],[80.1106,27.1933],[80.1238,27.1845],[80.1254,27.1769],[80.1427,27.17],[80.154,27.1752],[80.1744,27.169],[80.1855,27.1728],[80.1868,27.1658],[80.1749,27.1593],[80.1784,27.1475],[80.2112,27.1579],[80.2276,27.1563],[80.2441,27.1487],[80.2536,27.1507],[80.2517,27.1697],[80.2594,27.2054],[80.2698,27.2157],[80.2809,27.2188],[80.3023,27.2137],[80.3235,27.2164],[80.337,27.2364],[80.3557,27.2421],[80.3535,27.2623],[80.3603,27.2817],[80.3877,27.3005],[80.4004,27.3348]]]}},{"type":"Feature","properties":{"ac_name":"TUNDLA","ac_no":95,"ac_category":"SC","st_name":"UTTAR PRADESH"},"geometry":{"type":"Polygon","coordinates":[[[78.4779,27.3431],[78.4575,27.376],[78.4457,27.3722],[78.4349,27.3606],[78.3995,27.372],[78.3884,27.3645],[78.383,27.3405],[78.3742,27.3337],[78.3501,27.3474],[78.3346,27.3316],[78.32,27.339],[78.3128,27.3175],[78.298,27.3083],[78.2888,27.309],[78.2793,27.3218],[78.2696,27.3203],[78.27,27.3045],[78.265,27.3031],[78.2438,27.3133],[78.2197,27.3115],[78.2107,27.3022],[78.2067,27.316],[78.198,27.3131],[78.211,27.2935],[78.2194,27.2883],[78.2127,27.2817],[78.2152,27.2714],[78.2107,27.2568],[78.2232,27.2429],[78.2061,27.238],[78.2166,27.2072],[78.2121,27.2051],[78.204,27.2099],[78.1988,27.2005],[78.1958,27.1967],[78.2008,27.1838],[78.2152,27.1716],[78.2209,27.1581],[78.2014,27.1303],[78.2018,27.1157],[78.2021,27.115],[78.2096,27.1048],[78.2283,27.0963],[78.224,27.077],[78.2387,27.0739],[78.254,27.0787],[78.2589,27.0886],[78.2558,27.0946],[78.2393,27.1036],[78.2399,27.1127],[78.2602,27.1077],[78.2716,27.084],[78.2835,27.0808],[78.2945,27.0871],[78.2913,27.1067],[78.2979,27.1206],[78.2975,27.1426],[78.3028,27.1556],[78.2961,27.1644],[78.3156,27.173],[78.3002,27.1806],[78.3026,27.2095],[78.3108,27.2258],[78.3253,27.2266],[78.3337,27.2365],[78.3502,27.2355],[78.3515,27.2192],[78.3684,27.209],[78.3682,27.1948],[78.3639,27.1903],[78.3739,27.1824],[78.3705,27.1769],[78.3852,27.1671],[78.3973,27.1861],[78.4102,27.1781],[78.408,27.1662],[78.4157,27.1479],[78.4329,27.1575],[78.4609,27.1488],[78.4671,27.1602],[78.4577,27.1656],[78.4579,27.1783],[78.4458,27.1872],[78.4417,27.2013],[78.4563,27.2079],[78.4585,27.218],[78.4408,27.2314],[78.4381,27.2437],[78.4452,27.2494],[78.459,27.2443],[78.4616,27.2557],[78.4868,27.2711],[78.4813,27.2824],[78.4895,27.2868],[78.4917,27.2969],[78.4789,27.2991],[78.4762,27.3046],[78.481,27.3131],[78.4643,27.3223],[78.4636,27.3326],[78.4779,27.3431]]]}},{"type":"Feature","properties":{"ac_name":"BHOJPUR","ac_no":195,"ac_category":"GEN","st_name":"UTTAR PRADESH"},"geometry":{"type":"Polygon","coordinates":[[[79.4988,27.3679],[79.4918,27.3638],[79.4922,27.3513],[79.4869,27.3474],[79.4638,27.3625],[79.4588,27.3602],[79.4417,27.3794],[79.446,27.3886],[79.435,27.3814],[79.4246,27.3858],[79.4189,27.3687],[79.3946,27.3479],[79.3918,27.3318],[79.3802,27.3283],[79.3721,27.3307],[79.3702,27.3215],[79.3463,27.329],[79.3527,27.3394],[79.3478,27.3469],[79.3375,27.3485],[79.3354,27.3385],[79.3277,27.3379],[79.3342,27.3289],[79.3414,27.3271],[79.3222,27.3175],[79.3305,27.3114],[79.3265,27.3065],[79.3187,27.3061],[79.3295,27.2866],[79.3247,27.2865],[79.3247,27.2808],[79.3196,27.2783],[79.3255,27.274],[79.3202,27.2679],[79.3258,27.2665],[79.3146,27.2425],[79.337,27.2325],[79.3364,27.2148],[79.3517,27.2122],[79.353,27.2205],[79.3595,27.2217],[79.3609,27.2176],[79.3657,27.2221],[79.371,27.2068],[79.3772,27.2039],[79.3825,27.2031],[79.3826,27.1973],[79.3908,27.1969],[79.3919,27.2017],[79.3962,27.1968],[79.4027,27.1987],[79.4033,27.2072],[79.4085,27.2058],[79.4068,27.2234],[79.4214,27.2291],[79.4237,27.2218],[79.4289,27.2232],[79.4294,27.2131],[79.434,27.2177],[79.4318,27.2132],[79.4381,27.215],[79.4415,27.2086],[79.4496,27.2159],[79.4501,27.2115],[79.4553,27.2151],[79.461,27.2086],[79.4708,27.2136],[79.477,27.2056],[79.4893,27.2145],[79.4989,27.2079],[79.5077,27.2095],[79.506,27.2046],[79.5188,27.2089],[79.5241,27.2024],[79.5209,27.2],[79.53,27.1945],[79.5244,27.1943],[79.525,27.1901],[79.5324,27.1896],[79.5552,27.1569],[79.5765,27.1594],[79.5788,27.164],[79.5996,27.1721],[79.6049,27.1876],[79.6309,27.1856],[79.6353,27.1767],[79.6598,27.165],[79.6646,27.1694],[79.6707,27.1683],[79.6785,27.1765],[79.6747,27.1808],[79.6785,27.1943],[79.6884,27.2021],[79.6924,27.1986],[79.6976,27.2156],[79.7085,27.2075],[79.7182,27.2117],[79.7111,27.2164],[79.7156,27.2223],[79.6963,27.2297],[79.7027,27.2439],[79.6959,27.2498],[79.6868,27.2471],[79.681,27.2535],[79.6891,27.2657],[79.6749,27.2666],[79.6687,27.2725],[79.661,27.2678],[79.6547,27.2647],[79.6431,27.2734],[79.6356,27.2688],[79.6379,27.2626],[79.6173,27.264],[79.6179,27.2608],[79.6105,27.2606],[79.6097,27.2901],[79.6272,27.2917],[79.6287,27.3015],[79.6179,27.3257],[79.6071,27.3269],[79.6,27.3212],[79.5918,27.3253],[79.5749,27.3201],[79.5721,27.3221],[79.5834,27.331],[79.5831,27.3395],[79.563,27.3617],[79.5528,27.3623],[79.5333,27.376],[79.5081,27.3579],[79.4988,27.3679]]]}},{"type":"Feature","properties":{"ac_name":"UTRAULA","ac_no":293,"ac_category":"GEN","st_name":"UTTAR PRADESH"},"geometry":{"type":"Polygon","coordinates":[[[82.3878,27.3755],[82.3736,27.3766],[82.3705,27.3729],[82.3789,27.366],[82.3592,27.3529],[82.3791,27.3422],[82.368,27.3284],[82.3735,27.3164],[82.3597,27.3183],[82.3549,27.3295],[82.3356,27.3363],[82.3344,27.3251],[82.3439,27.3216],[82.3457,27.3158],[82.3384,27.3144],[82.3387,27.3109],[82.3495,27.3021],[82.3379,27.2944],[82.3396,27.2889],[82.329,27.2783],[82.3356,27.2712],[82.3286,27.258],[82.3284,27.2454],[82.3195,27.2348],[82.3241,27.2303],[82.335,27.2382],[82.3393,27.2313],[82.3178,27.2125],[82.3063,27.2236],[82.3006,27.2126],[82.2886,27.2174],[82.2906,27.2223],[82.2722,27.2352],[82.2671,27.2281],[82.2458,27.2223],[82.2352,27.2069],[82.2367,27.198],[82.228,27.1812],[82.2279,27.1689],[82.2337,27.167],[82.234,27.1671],[82.2566,27.1512],[82.2846,27.1221],[82.3047,27.0886],[82.337,27.0541],[82.3555,27.0549],[82.3622,27.0574],[82.3816,27.0882],[82.3906,27.0906],[82.41,27.0784],[82.4261,27.1143],[82.4408,27.1291],[82.4646,27.1159],[82.472,27.1208],[82.48,27.1384],[82.4794,27.1523],[82.4648,27.1564],[82.4552,27.1507],[82.4468,27.154],[82.4383,27.1716],[82.4446,27.1815],[82.4493,27.1807],[82.4784,27.2022],[82.5077,27.1886],[82.5091,27.1783],[82.5161,27.1751],[82.5195,27.1802],[82.5389,27.1837],[82.5601,27.1801],[82.5667,27.1847],[82.5631,27.1956],[82.5437,27.2024],[82.5551,27.2044],[82.5529,27.2152],[82.5117,27.2114],[82.5212,27.2308],[82.4967,27.2367],[82.5079,27.2489],[82.5239,27.2493],[82.5247,27.2523],[82.5209,27.2592],[82.5035,27.256],[82.5121,27.2761],[82.4899,27.2782],[82.4915,27.2868],[82.515,27.3014],[82.4861,27.2936],[82.4839,27.3041],[82.4944,27.3154],[82.5131,27.3118],[82.5098,27.3196],[82.5008,27.3238],[82.4934,27.3169],[82.472,27.3203],[82.4753,27.3268],[82.49,27.3344],[82.487,27.3412],[82.4743,27.3381],[82.4428,27.3456],[82.4491,27.3535],[82.4406,27.3708],[82.4302,27.373],[82.4217,27.3613],[82.4161,27.3741],[82.4041,27.3743],[82.3878,27.3755]]]}},{"type":"Feature","properties":{"ac_name":"KARHAL","ac_no":110,"ac_category":"GEN","st_name":"UTTAR PRADESH"},"geometry":{"type":"Polygon","coordinates":[[[78.7646,27.3371],[78.7542,27.3452],[78.7345,27.3326],[78.7203,27.3442],[78.7124,27.3372],[78.7128,27.3012],[78.7216,27.2963],[78.717,27.2815],[78.702,27.2817],[78.6894,27.2698],[78.6914,27.2663],[78.696,27.2687],[78.7195,27.2631],[78.7286,27.2536],[78.7282,27.2482],[78.7384,27.2441],[78.7592,27.2286],[78.7601,27.2215],[78.7523,27.2094],[78.7277,27.2048],[78.7249,27.1954],[78.7384,27.1892],[78.7448,27.1796],[78.76,27.1775],[78.7793,27.162],[78.7932,27.1612],[78.8205,27.1445],[78.8206,27.1378],[78.8067,27.1438],[78.7905,27.1372],[78.7938,27.1231],[78.8067,27.1229],[78.7958,27.0971],[78.7741,27.1121],[78.7652,27.1067],[78.7758,27.0966],[78.766,27.0656],[78.775,27.0608],[78.762,27.0525],[78.7714,27.0449],[78.787,27.0426],[78.7713,27.0315],[78.7711,27.0225],[78.7843,27.0242],[78.7917,27.0181],[78.7825,27.0053],[78.7976,26.9893],[78.804,26.9848],[78.8116,26.9935],[78.8192,26.9876],[78.8025,26.9693],[78.8062,26.9586],[78.828,26.9494],[78.836,26.95],[78.8416,26.9529],[78.8372,26.9591],[78.8537,26.9722],[78.8671,26.9577],[78.8966,26.9674],[78.9158,26.9615],[78.9249,26.9672],[78.9186,26.9733],[78.925,26.9846],[78.9354,26.9806],[78.9365,26.9725],[78.9438,26.9692],[78.9489,26.9732],[78.9593,26.9674],[78.9593,26.961],[78.9683,26.9589],[78.9974,26.9289],[79.0134,26.9407],[79.0117,26.9454],[79.0246,26.9526],[79.0348,26.9672],[79.0262,26.9654],[79.0237,26.9894],[79.0111,26.9992],[79.0082,27.0107],[79.0111,27.0221],[79.026,27.0326],[79.0187,27.0481],[79.0283,27.0521],[79.0333,27.0606],[79.0257,27.0778],[79.025,27.0926],[79.0161,27.1014],[79.0113,27.0983],[79.0077,27.106],[78.9949,27.1051],[78.9924,27.1137],[78.9906,27.1278],[78.9961,27.1408],[79.0116,27.1552],[78.9982,27.159],[78.9927,27.1741],[78.9979,27.1815],[78.9932,27.1843],[79.0042,27.1927],[79.0097,27.2045],[78.9972,27.2176],[78.982,27.2226],[78.9725,27.2157],[78.9577,27.2188],[78.9481,27.2092],[78.9281,27.2066],[78.9322,27.1997],[78.9274,27.2005],[78.9226,27.2157],[78.9172,27.2158],[78.9131,27.2043],[78.9068,27.2035],[78.8893,27.2207],[78.8986,27.2276],[78.8824,27.2358],[78.8829,27.2481],[78.871,27.2596],[78.8802,27.2675],[78.8868,27.2844],[78.8829,27.3023],[78.8746,27.2996],[78.871,27.3101],[78.8615,27.3097],[78.8487,27.2985],[78.8518,27.2932],[78.8433,27.2844],[78.8315,27.2911],[78.8227,27.3044],[78.8107,27.2991],[78.7958,27.3138],[78.7839,27.3076],[78.775,27.3116],[78.7646,27.3371]]]}},{"type":"Feature","properties":{"ac_name":"KATRA BAZAR","ac_no":297,"ac_category":"GEN","st_name":"UTTAR PRADESH"},"geometry":{"type":"Polygon","coordinates":[[[81.9713,27.3746],[81.9613,27.3738],[81.9474,27.3539],[81.9134,27.352],[81.9183,27.3472],[81.9089,27.3321],[81.9227,27.3259],[81.9222,27.3127],[81.9037,27.3207],[81.8933,27.3154],[81.8859,27.3295],[81.8756,27.3257],[81.8746,27.3308],[81.8701,27.3305],[81.8607,27.3235],[81.8532,27.3267],[81.8372,27.2983],[81.8377,27.2816],[81.824,27.2701],[81.8185,27.272],[81.8144,27.2658],[81.7973,27.2735],[81.7994,27.281],[81.7943,27.2926],[81.7856,27.2949],[81.7811,27.2899],[81.7751,27.2947],[81.7795,27.3024],[81.7759,27.3073],[81.7607,27.3093],[81.745,27.326],[81.7337,27.3301],[81.7268,27.3236],[81.722,27.3247],[81.7161,27.3165],[81.6843,27.3165],[81.6814,27.3032],[81.7098,27.2921],[81.7082,27.2772],[81.7039,27.2663],[81.6851,27.2563],[81.6814,27.237],[81.6701,27.2382],[81.6653,27.2336],[81.6604,27.2221],[81.6652,27.2184],[81.6622,27.2064],[81.6663,27.2003],[81.6643,27.1966],[81.6551,27.2027],[81.6473,27.189],[81.6415,27.1881],[81.6377,27.179],[81.6464,27.1771],[81.6413,27.1662],[81.6493,27.1564],[81.6574,27.1542],[81.6664,27.1512],[81.6678,27.1415],[81.6861,27.1426],[81.6898,27.1364],[81.7067,27.1364],[81.7141,27.113],[81.7238,27.1162],[81.7304,27.1129],[81.7492,27.0859],[81.7563,27.0947],[81.7766,27.0989],[81.7915,27.096],[81.8025,27.0886],[81.821,27.0922],[81.8231,27.1032],[81.8311,27.1032],[81.8346,27.0983],[81.837,27.1022],[81.8451,27.0961],[81.8511,27.1092],[81.8666,27.1181],[81.862,27.1283],[81.8672,27.1412],[81.8919,27.1427],[81.8974,27.1506],[81.8924,27.1681],[81.9091,27.1959],[81.9095,27.2372],[81.9154,27.2387],[81.9202,27.2277],[81.9276,27.2264],[81.9336,27.2395],[81.9417,27.2405],[81.9535,27.2348],[81.9529,27.2425],[81.9608,27.2439],[81.9638,27.2395],[81.9757,27.2392],[81.987,27.2607],[81.9984,27.2711],[81.9799,27.2704],[81.9942,27.2864],[82.0047,27.2865],[81.988,27.3126],[82.0015,27.3159],[82.004,27.3116],[82.013,27.3145],[82.0304,27.3113],[82.034,27.3249],[82.0102,27.3444],[81.9721,27.3455],[81.9676,27.3529],[81.9834,27.3624],[81.9795,27.3716],[81.9713,27.3746]]]}},{"type":"Feature","properties":{"ac_name":"BALAMAU","ac_no":160,"ac_category":"SC","st_name":"UTTAR PRADESH"},"geometry":{"type":"Polygon","coordinates":[[[80.4536,27.3597],[80.4423,27.3588],[80.4238,27.34],[80.407,27.3404],[80.4004,27.3348],[80.3877,27.3005],[80.3603,27.2817],[80.3535,27.2623],[80.3557,27.2421],[80.337,27.2364],[80.3235,27.2164],[80.3023,27.2137],[80.2809,27.2188],[80.2698,27.2157],[80.2594,27.2054],[80.2517,27.1697],[80.2536,27.1507],[80.2553,27.1298],[80.2775,27.1098],[80.2778,27.1034],[80.2842,27.1055],[80.286,27.1018],[80.2654,27.0716],[80.2656,27.0585],[80.2692,27.0573],[80.2662,27.0457],[80.2837,27.0293],[80.2912,27.0226],[80.3074,27.0257],[80.3093,27.0116],[80.2966,26.9974],[80.3177,26.9884],[80.3313,26.9908],[80.3349,26.9729],[80.3427,26.9667],[80.3395,26.9499],[80.3628,26.9214],[80.3682,26.929],[80.3768,26.9276],[80.3885,26.933],[80.3959,26.9257],[80.395,26.916],[80.3995,26.9113],[80.3988,26.9064],[80.4068,26.9036],[80.4127,26.8904],[80.417,26.8907],[80.432,26.9156],[80.4254,26.9193],[80.4265,26.932],[80.4282,26.9432],[80.4498,26.953],[80.4441,26.9623],[80.4469,26.9675],[80.458,26.977],[80.4709,26.979],[80.4776,26.9786],[80.4804,26.9867],[80.4864,26.9884],[80.4904,26.9896],[80.4826,27.0056],[80.4675,27.0164],[80.4659,27.0231],[80.4571,27.0263],[80.467,27.0417],[80.4745,27.044],[80.4716,27.0469],[80.4778,27.0608],[80.488,27.0671],[80.4657,27.0753],[80.4807,27.0818],[80.4804,27.0915],[80.4867,27.0909],[80.4804,27.1056],[80.4831,27.113],[80.5061,27.1242],[80.5046,27.1476],[80.516,27.1654],[80.5208,27.1656],[80.5139,27.1701],[80.5155,27.1815],[80.5405,27.1919],[80.5375,27.1981],[80.5283,27.1965],[80.5323,27.2123],[80.5427,27.2164],[80.5397,27.2051],[80.5477,27.205],[80.5473,27.1946],[80.5607,27.19],[80.5767,27.1954],[80.5763,27.201],[80.5835,27.2057],[80.5939,27.2041],[80.5981,27.2086],[80.6097,27.2024],[80.6251,27.2141],[80.6456,27.2131],[80.6556,27.2267],[80.6509,27.2417],[80.6417,27.2457],[80.6521,27.253],[80.6513,27.2572],[80.6394,27.2597],[80.6274,27.253],[80.622,27.2646],[80.6167,27.2717],[80.6003,27.263],[80.597,27.2711],[80.588,27.27],[80.5864,27.2789],[80.5696,27.2781],[80.5776,27.288],[80.5718,27.2863],[80.5742,27.2921],[80.5693,27.2931],[80.5601,27.2819],[80.5576,27.2691],[80.5486,27.2726],[80.5282,27.2607],[80.5156,27.2614],[80.514,27.255],[80.4956,27.2558],[80.498,27.2606],[80.5173,27.2676],[80.5068,27.3001],[80.4948,27.3118],[80.4948,27.3192],[80.5013,27.3248],[80.487,27.3299],[80.4809,27.3456],[80.4701,27.3458],[80.4647,27.34],[80.4555,27.3392],[80.4632,27.3461],[80.4536,27.3597]]]}},{"type":"Feature","properties":{"ac_name":"MAHARAJGANJ","ac_no":318,"ac_category":"SC","st_name":"UTTAR PRADESH"},"geometry":{"type":"Polygon","coordinates":[[[83.6256,27.331],[83.6191,27.3527],[83.591,27.3319],[83.5759,27.3302],[83.5624,27.3375],[83.5461,27.3346],[83.542,27.3273],[83.5373,27.3284],[83.535,27.319],[83.5455,27.3035],[83.529,27.2919],[83.5306,27.2697],[83.5039,27.2555],[83.4967,27.2394],[83.4825,27.2386],[83.4745,27.2302],[83.4669,27.2048],[83.4523,27.1987],[83.4568,27.1911],[83.4411,27.1821],[83.4458,27.174],[83.4375,27.1684],[83.434,27.1581],[83.4432,27.1551],[83.4289,27.1364],[83.4349,27.1264],[83.4074,27.1065],[83.4087,27.0995],[83.4168,27.1031],[83.4239,27.0942],[83.4272,27.089],[83.4549,27.0808],[83.486,27.0772],[83.4969,27.0821],[83.508,27.0781],[83.5121,27.0818],[83.5418,27.0733],[83.5507,27.0786],[83.5438,27.0856],[83.5501,27.097],[83.555,27.0977],[83.5652,27.0905],[83.5617,27.0829],[83.5657,27.0823],[83.5655,27.0772],[83.5803,27.0723],[83.5954,27.0739],[83.5967,27.0668],[83.6206,27.0649],[83.621,27.0714],[83.63,27.0735],[83.6474,27.0639],[83.6708,27.0647],[83.6723,27.0415],[83.6882,27.0413],[83.6899,27.0333],[83.7129,27.0238],[83.7131,27.0203],[83.7221,27.0245],[83.7443,27.0184],[83.7459,27.0294],[83.7554,27.0354],[83.7367,27.0371],[83.7303,27.0557],[83.7453,27.0575],[83.7599,27.0482],[83.7684,27.0554],[83.7676,27.0741],[83.7479,27.0732],[83.7482,27.0789],[83.7119,27.0839],[83.6885,27.1053],[83.6797,27.1388],[83.6886,27.192],[83.6848,27.2064],[83.6704,27.1969],[83.6752,27.2113],[83.664,27.2137],[83.6563,27.2243],[83.6235,27.2274],[83.6273,27.2438],[83.6181,27.2445],[83.615,27.249],[83.6339,27.2556],[83.6267,27.2727],[83.6319,27.3244],[83.6256,27.331]]]}},{"type":"Feature","properties":{"ac_name":"KURSI","ac_no":266,"ac_category":"GEN","st_name":"UTTAR PRADESH"},"geometry":{"type":"Polygon","coordinates":[[[81.2483,27.3142],[81.241,27.3226],[81.2315,27.319],[81.2283,27.3237],[81.2242,27.3166],[81.2255,27.3114],[81.2397,27.3069],[81.2314,27.2983],[81.2426,27.2848],[81.2368,27.275],[81.242,27.2705],[81.2329,27.2627],[81.2256,27.2724],[81.2078,27.253],[81.2136,27.2479],[81.2072,27.2374],[81.1954,27.2375],[81.1828,27.2455],[81.1842,27.2554],[81.1718,27.2677],[81.1587,27.266],[81.1489,27.2578],[81.1316,27.2715],[81.113,27.2746],[81.1013,27.2654],[81.0971,27.2684],[81.092,27.2645],[81.0908,27.2507],[81.0847,27.2481],[81.0795,27.2365],[81.0851,27.2287],[81.0764,27.2295],[81.0666,27.2193],[81.062,27.222],[81.0531,27.2179],[81.0535,27.2287],[81.0019,27.2271],[80.9689,27.2402],[80.966,27.2174],[80.9565,27.2195],[80.946,27.1999],[80.9374,27.1945],[80.9271,27.2009],[80.9241,27.187],[80.9343,27.1719],[80.9306,27.1587],[80.9483,27.1498],[80.9485,27.1424],[80.9535,27.141],[80.9644,27.1453],[80.9907,27.1382],[80.998,27.1479],[81.0091,27.1426],[81.0244,27.1189],[81.0156,27.1056],[81.0346,27.0992],[81.0348,27.0923],[81.0485,27.0929],[81.0447,27.078],[81.0367,27.0735],[81.0228,27.0735],[81.0123,27.0659],[80.994,27.076],[80.9879,27.0673],[80.9836,27.07],[80.9723,27.0552],[80.9786,27.0378],[81.0018,27.0378],[80.9931,27.0249],[81.0017,27.0199],[80.9959,27.0106],[80.9965,27.0002],[81.0074,26.9987],[81.0274,26.9859],[81.0402,26.9951],[81.0468,26.9939],[81.0597,27.0006],[81.0794,27.0204],[81.0814,27.039],[81.0704,27.0443],[81.0767,27.053],[81.0694,27.0625],[81.09,27.0759],[81.0884,27.0859],[81.0761,27.0789],[81.0782,27.1098],[81.1065,27.0989],[81.1059,27.1047],[81.1127,27.1075],[81.1152,27.1159],[81.1499,27.114],[81.1603,27.1028],[81.1602,27.0966],[81.1427,27.0895],[81.1409,27.0774],[81.1657,27.0744],[81.2023,27.0844],[81.216,27.0767],[81.2172,27.0844],[81.2214,27.0849],[81.2288,27.0744],[81.2475,27.07],[81.2527,27.074],[81.2546,27.0669],[81.2695,27.0583],[81.2892,27.0686],[81.277,27.0817],[81.2756,27.097],[81.2653,27.1066],[81.273,27.1104],[81.2762,27.121],[81.2691,27.133],[81.2788,27.1407],[81.2801,27.1576],[81.2749,27.1666],[81.2815,27.1746],[81.291,27.1699],[81.314,27.1717],[81.3113,27.1855],[81.3178,27.1951],[81.303,27.2],[81.3015,27.2097],[81.2885,27.2206],[81.2953,27.227],[81.2943,27.2378],[81.303,27.2339],[81.3118,27.25],[81.3117,27.2558],[81.3027,27.2617],[81.3049,27.2805],[81.3176,27.2855],[81.3216,27.2974],[81.3134,27.2955],[81.3055,27.3001],[81.3156,27.3208],[81.2968,27.3364],[81.2987,27.3483],[81.2926,27.3589],[81.2839,27.3495],[81.277,27.3365],[81.2809,27.3325],[81.2723,27.3287],[81.2582,27.3349],[81.2483,27.3142]]]}},{"type":"Feature","properties":{"ac_name":"FATEHPUR SIKRI","ac_no":91,"ac_category":"GEN","st_name":"UTTAR PRADESH"},"geometry":{"type":"Polygon","coordinates":[[[77.6953,27.2502],[77.6838,27.2411],[77.6461,27.2424],[77.6431,27.2347],[77.6529,27.2352],[77.6463,27.2105],[77.6657,27.2086],[77.681,27.1941],[77.6708,27.1781],[77.6434,27.1643],[77.6186,27.1725],[77.6099,27.1628],[77.6131,27.1503],[77.5976,27.1406],[77.6047,27.1234],[77.5975,27.1175],[77.58,27.1189],[77.5612,27.1093],[77.5502,27.1105],[77.544,27.1038],[77.5397,27.1063],[77.538,27.0983],[77.5212,27.1043],[77.5062,27.0926],[77.5082,27.0891],[77.5241,27.089],[77.5275,27.0825],[77.5185,27.0662],[77.524,27.064],[77.5414,27.0623],[77.545,27.0712],[77.5538,27.0752],[77.5772,27.0682],[77.5644,27.0333],[77.5633,27.0288],[77.5796,27.0374],[77.5968,27.0324],[77.5976,27.0244],[77.622,27.0222],[77.6286,27.0187],[77.6309,27.0102],[77.6431,27.0257],[77.6675,27.0184],[77.6801,27.0466],[77.6936,27.04],[77.6898,27.0266],[77.7057,27.0147],[77.7055,27.0034],[77.712,26.9971],[77.7301,26.994],[77.7293,27.008],[77.7375,27.0295],[77.7511,27.029],[77.7497,27.0213],[77.7592,27.0179],[77.7567,27.0103],[77.7628,27.0032],[77.7689,27.0084],[77.7952,27.0031],[77.8098,27.0317],[77.8418,27.0296],[77.8559,27.0429],[77.8442,27.0581],[77.8453,27.0715],[77.8728,27.0763],[77.8758,27.0828],[77.8661,27.1038],[77.8513,27.1067],[77.8527,27.1177],[77.8622,27.1267],[77.8465,27.1312],[77.8382,27.1523],[77.854,27.1617],[77.8577,27.182],[77.883,27.1885],[77.8936,27.2041],[77.8823,27.2273],[77.9004,27.2342],[77.9193,27.235],[77.9059,27.2495],[77.9119,27.2629],[77.9135,27.2849],[77.8847,27.2958],[77.8729,27.2956],[77.8637,27.2877],[77.8648,27.2731],[77.883,27.2667],[77.882,27.2561],[77.8739,27.2505],[77.8629,27.2502],[77.8533,27.2568],[77.8545,27.286],[77.8454,27.2911],[77.8185,27.275],[77.8181,27.2599],[77.8047,27.264],[77.7908,27.258],[77.7876,27.2501],[77.7927,27.2439],[77.783,27.2344],[77.7593,27.248],[77.7401,27.2414],[77.7178,27.2527],[77.7109,27.247],[77.7034,27.249],[77.7025,27.254],[77.6953,27.2502]]]}},{"type":"Feature","properties":{"ac_name":"AGRA RURAL","ac_no":90,"ac_category":"SC","st_name":"UTTAR PRADESH"},"geometry":{"type":"Polygon","coordinates":[[[77.9496,27.2823],[77.9286,27.2653],[77.9379,27.25],[77.9374,27.241],[77.929,27.2338],[77.9193,27.235],[77.9004,27.2342],[77.8823,27.2273],[77.8936,27.2041],[77.883,27.1885],[77.8577,27.182],[77.854,27.1617],[77.8382,27.1523],[77.8465,27.1312],[77.8622,27.1267],[77.8527,27.1177],[77.8513,27.1067],[77.8661,27.1038],[77.8758,27.0828],[77.8728,27.0763],[77.8453,27.0715],[77.8442,27.0581],[77.8559,27.0429],[77.8737,27.0393],[77.8824,27.0474],[77.8977,27.0448],[77.928,27.0635],[77.9359,27.0517],[77.9533,27.0475],[77.9698,27.0432],[77.9768,27.0546],[77.9906,27.0387],[77.9984,27.0489],[78.0127,27.0464],[78.0257,27.0533],[78.0492,27.052],[78.0588,27.066],[78.0669,27.059],[78.0816,27.0608],[78.099,27.0751],[78.1194,27.0826],[78.124,27.0912],[78.1362,27.0914],[78.1496,27.0853],[78.1752,27.1099],[78.2018,27.1157],[78.2014,27.1303],[78.2209,27.1581],[78.2152,27.1716],[78.2008,27.1838],[78.1958,27.1967],[78.1988,27.2005],[78.1635,27.1807],[78.1676,27.1936],[78.1485,27.1922],[78.1294,27.18],[78.107,27.1798],[78.0917,27.1999],[78.0836,27.2038],[78.0522,27.1896],[78.0636,27.1664],[78.0736,27.1627],[78.0715,27.1566],[78.0615,27.1577],[78.0571,27.1378],[78.0393,27.1439],[78.038,27.1342],[78.0125,27.1308],[78.0122,27.1225],[78.005,27.121],[78.0006,27.1107],[77.9938,27.1116],[77.9908,27.1274],[77.9688,27.1313],[77.9689,27.1407],[77.9505,27.1486],[77.9523,27.1551],[77.9435,27.1648],[77.9549,27.1655],[77.9539,27.1694],[77.9408,27.1726],[77.9432,27.1801],[77.9364,27.1851],[77.9296,27.221],[77.9424,27.221],[77.9489,27.2155],[77.9679,27.2455],[77.9553,27.2493],[77.95,27.2559],[77.9518,27.2626],[77.969,27.2692],[77.961,27.2681],[77.9603,27.2973],[77.9515,27.2917],[77.9496,27.2823]]]}},{"type":"Feature","properties":{"ac_name":"PHARENDA","ac_no":315,"ac_category":"GEN","st_name":"UTTAR PRADESH"},"geometry":{"type":"Polygon","coordinates":[[[83.2928,27.3361],[83.2684,27.3257],[83.2724,27.3227],[83.2689,27.3114],[83.248,27.2989],[83.2528,27.2918],[83.2504,27.2847],[83.24,27.284],[83.2335,27.2703],[83.2187,27.2694],[83.2185,27.2646],[83.2138,27.2645],[83.2132,27.2575],[83.2183,27.256],[83.2211,27.2457],[83.2124,27.2438],[83.2022,27.2267],[83.1939,27.2287],[83.1894,27.224],[83.1895,27.2299],[83.1798,27.2251],[83.1753,27.2305],[83.1655,27.2247],[83.1655,27.2047],[83.1717,27.2047],[83.1763,27.1941],[83.1663,27.1886],[83.1771,27.1785],[83.174,27.1552],[83.1682,27.1563],[83.163,27.1532],[83.1571,27.153],[83.1596,27.1493],[83.1688,27.1496],[83.1587,27.1434],[83.1553,27.1466],[83.158,27.1576],[83.1563,27.1652],[83.1433,27.1683],[83.1392,27.1605],[83.1203,27.1608],[83.1202,27.1518],[83.1286,27.1416],[83.1613,27.129],[83.1758,27.0878],[83.1946,27.0877],[83.2069,27.0711],[83.2268,27.069],[83.2413,27.0731],[83.2621,27.0645],[83.2732,27.0672],[83.2831,27.0618],[83.2827,27.0504],[83.3156,27.0498],[83.3395,27.0916],[83.3464,27.0935],[83.3588,27.0804],[83.3761,27.0765],[83.3872,27.0902],[83.3982,27.09],[83.4014,27.0857],[83.4112,27.0862],[83.4239,27.0942],[83.4168,27.1031],[83.4087,27.0995],[83.4074,27.1065],[83.4349,27.1264],[83.4289,27.1364],[83.4432,27.1551],[83.434,27.1581],[83.4143,27.1581],[83.4186,27.176],[83.4134,27.185],[83.3965,27.1819],[83.3945,27.1884],[83.3703,27.1915],[83.3628,27.1826],[83.3557,27.1822],[83.3583,27.2022],[83.3476,27.2057],[83.3446,27.2151],[83.3318,27.2115],[83.3292,27.1934],[83.3236,27.1914],[83.3,27.2223],[83.3,27.2322],[83.3179,27.2416],[83.3346,27.2657],[83.3525,27.2644],[83.3529,27.2846],[83.3696,27.2806],[83.3746,27.2838],[83.3748,27.2932],[83.3681,27.2994],[83.3689,27.3178],[83.3362,27.3172],[83.3375,27.3338],[83.3182,27.3378],[83.3173,27.331],[83.2928,27.3361]]]}},{"type":"Feature","properties":{"ac_name":"RAM NAGAR","ac_no":267,"ac_category":"GEN","st_name":"UTTAR PRADESH"},"geometry":{"type":"Polygon","coordinates":[[[81.4109,27.3351],[81.3951,27.341],[81.3998,27.3264],[81.38,27.3166],[81.3887,27.3157],[81.3911,27.3088],[81.3818,27.3121],[81.3823,27.2947],[81.3731,27.2926],[81.3715,27.2826],[81.3809,27.2773],[81.3722,27.2745],[81.376,27.2668],[81.3643,27.2655],[81.359,27.2575],[81.3406,27.2538],[81.335,27.2718],[81.3193,27.2722],[81.3147,27.2786],[81.3176,27.2855],[81.3049,27.2805],[81.3027,27.2617],[81.3117,27.2558],[81.3118,27.25],[81.303,27.2339],[81.2943,27.2378],[81.2953,27.227],[81.2885,27.2206],[81.3015,27.2097],[81.303,27.2],[81.3178,27.1951],[81.3113,27.1855],[81.314,27.1717],[81.291,27.1699],[81.2815,27.1746],[81.2749,27.1666],[81.2801,27.1576],[81.2788,27.1407],[81.2691,27.133],[81.2762,27.121],[81.273,27.1104],[81.2653,27.1066],[81.2756,27.097],[81.277,27.0817],[81.2892,27.0686],[81.2695,27.0583],[81.2857,27.0449],[81.2874,27.0261],[81.2913,27.0237],[81.2988,27.0296],[81.3036,27.0275],[81.3197,27.0011],[81.3163,26.9932],[81.3345,26.9854],[81.3431,26.9868],[81.3447,26.9818],[81.3627,26.9808],[81.367,26.9719],[81.3766,26.9728],[81.3762,26.9684],[81.3828,26.9681],[81.3756,26.9608],[81.3748,26.9501],[81.3614,26.9354],[81.3675,26.9288],[81.3535,26.9223],[81.3558,26.9141],[81.3704,26.9109],[81.3761,26.9178],[81.393,26.9197],[81.3863,26.9276],[81.3886,26.9335],[81.4033,26.9444],[81.4254,26.9352],[81.4349,26.9433],[81.4312,26.9456],[81.4354,26.9571],[81.4457,26.9549],[81.453,26.9627],[81.4859,26.9581],[81.4922,26.965],[81.5008,26.9665],[81.5223,26.9908],[81.5309,26.9834],[81.5435,26.9845],[81.5522,27.0071],[81.5688,27.0068],[81.56,27.0152],[81.5601,27.0196],[81.5659,27.0202],[81.5628,27.032],[81.5749,27.039],[81.5687,27.0484],[81.5557,27.0523],[81.5351,27.0478],[81.5049,27.059],[81.4789,27.0752],[81.4764,27.108],[81.456,27.1186],[81.447,27.1309],[81.4367,27.179],[81.4582,27.1905],[81.449,27.2112],[81.4353,27.2212],[81.4326,27.2669],[81.4379,27.2816],[81.4387,27.3128],[81.4321,27.3244],[81.4198,27.3306],[81.4109,27.3351]]]}},{"type":"Feature","properties":{"ac_name":"KHADDA","ac_no":329,"ac_category":"GEN","st_name":"UTTAR PRADESH"},"geometry":{"type":"Polygon","coordinates":[[[83.9068,27.2756],[83.894,27.2852],[83.881,27.2835],[83.873,27.2971],[83.8663,27.2911],[83.8619,27.2947],[83.8469,27.2889],[83.8366,27.2778],[83.8378,27.2682],[83.8491,27.253],[83.8385,27.2486],[83.8203,27.2489],[83.8168,27.241],[83.8074,27.2498],[83.7955,27.245],[83.7955,27.2361],[83.8077,27.2285],[83.8212,27.2324],[83.8328,27.2116],[83.8278,27.202],[83.8205,27.2],[83.8066,27.2155],[83.799,27.2153],[83.8002,27.1968],[83.8129,27.1863],[83.782,27.1665],[83.7898,27.164],[83.7983,27.1697],[83.8252,27.1745],[83.8109,27.1609],[83.8019,27.111],[83.7941,27.1066],[83.7768,27.1065],[83.7728,27.0891],[83.7482,27.0789],[83.7479,27.0732],[83.7676,27.0741],[83.7684,27.0554],[83.7599,27.0482],[83.7453,27.0575],[83.7303,27.0557],[83.7367,27.0371],[83.7554,27.0354],[83.7459,27.0294],[83.7443,27.0184],[83.7479,27.0072],[83.7644,27.0005],[83.7683,27.0053],[83.7858,26.9989],[83.7839,26.9859],[83.7984,26.9839],[83.8057,26.9751],[83.8049,26.9699],[83.7926,26.9676],[83.7906,26.9542],[83.7975,26.9485],[83.8019,26.9539],[83.8181,26.9557],[83.8444,26.9499],[83.8564,26.9406],[83.8703,26.9464],[83.8758,26.9439],[83.8745,26.951],[83.8587,26.96],[83.8561,26.975],[83.8856,26.9826],[83.882,26.9946],[83.8858,27.012],[83.8944,27.0108],[83.895,27.0174],[83.9089,27.0132],[83.9149,27.0163],[83.9122,27.0234],[83.9187,27.03],[83.9224,27.0534],[83.936,27.0434],[83.9442,27.0486],[83.9611,27.0453],[83.9623,27.0532],[83.9764,27.0498],[83.9871,27.0696],[84,27.0695],[84.0166,27.0718],[84.0282,27.0852],[84.025,27.0925],[84.0307,27.097],[84.0221,27.1042],[84.0152,27.1051],[84.0088,27.0993],[84.0029,27.1018],[83.9907,27.0915],[83.9642,27.0841],[83.9519,27.0853],[83.9464,27.0913],[83.9477,27.1125],[83.9628,27.1277],[83.9591,27.1369],[83.9788,27.1649],[83.9943,27.1746],[83.9874,27.197],[83.9675,27.2095],[83.9712,27.2225],[83.9557,27.2353],[83.9118,27.246],[83.9051,27.2577],[83.9068,27.2756]]]}},{"type":"Feature","properties":{"ac_name":"DOMARIYAGANJ","ac_no":306,"ac_category":"GEN","st_name":"UTTAR PRADESH"},"geometry":{"type":"GeometryCollection","geometries":[{"type":"Polygon","coordinates":[[[82.9285,27.0699,0],[82.9437,27.0577,0],[82.9491,27.0271,0],[82.9455,27.0209,0],[82.9186,27.0247,0],[82.9029,27.0214,0],[82.8721,27.0391,0],[82.8811,27.0445,0],[82.8796,27.0543,0],[82.8867,27.0527,0],[82.8858,27.0618,0],[82.9022,27.053,0],[82.9106,27.0688,0],[82.9197,27.0632,0],[82.923,27.0707,0],[82.9285,27.0699,0]]]},{"type":"Polygon","coordinates":[[[82.6414,27.2984,0],[82.6584,27.2943,0],[82.6767,27.3046,0],[82.6905,27.3008,0],[82.6844,27.2897,0],[82.6873,27.2806,0],[82.6782,27.277,0],[82.6708,27.2636,0],[82.6776,27.2623,0],[82.6805,27.2688,0],[82.6998,27.2748,0],[82.7089,27.271,0],[82.708,27.2651,0],[82.7189,27.2494,0],[82.706,27.238,0],[82.7026,27.2233,0],[82.7293,27.2135,0],[82.7325,27.203,0],[82.7608,27.21,0],[82.7856,27.2017,0],[82.7951,27.1917,0],[82.7994,27.2002,0],[82.8202,27.1891,0],[82.8188,27.1826,0],[82.8255,27.1794,0],[82.8406,27.1824,0],[82.8707,27.1745,0],[82.871,27.1802,0],[82.8796,27.1828,0],[82.882,27.1738,0],[82.912,27.179,0],[82.9143,27.17,0],[82.9079,27.1655,0],[82.9229,27.1628,0],[82.9123,27.1491,0],[82.9159,27.1325,0],[82.924,27.1329,0],[82.9244,27.1245,0],[82.9294,27.1243,0],[82.9263,27.1053,0],[82.9172,27.1077,0],[82.8844,27.0935,0],[82.8733,27.0955,0],[82.8633,27.0714,0],[82.8579,27.0682,0],[82.8428,27.0822,0],[82.829,27.0877,0],[82.8232,27.0823,0],[82.8132,27.0861,0],[82.8064,27.0808,0],[82.8059,27.0741,0],[82.7978,27.0775,0],[82.7995,27.0731,0],[82.7572,27.1053,0],[82.745,27.1082,0],[82.7367,27.1043,0],[82.7061,27.1043,0],[82.671,27.125,0],[82.6499,27.1198,0],[82.6361,27.126,0],[82.6287,27.1245,0],[82.6208,27.0994,0],[82.6156,27.0962,0],[82.6015,27.1007,0],[82.5932,27.0968,0],[82.5759,27.1074,0],[82.5661,27.1048,0],[82.5625,27.1,0],[82.5663,27.0754,0],[82.563,27.0772,0],[82.5572,27.0864,0],[82.5524,27.0848,0],[82.5565,27.092,0],[82.55,27.0944,0],[82.5547,27.1013,0],[82.5517,27.1049,0],[82.5465,27.1013,0],[82.5403,27.1148,0],[82.5293,27.114,0],[82.515,27.1203,0],[82.5168,27.1238,0],[82.5116,27.1272,0],[82.5045,27.1213,0],[82.5094,27.1333,0],[82.5002,27.1362,0],[82.498,27.1459,0],[82.4928,27.1473,0],[82.4966,27.1516,0],[82.4931,27.1599,0],[82.4874,27.1577,0],[82.4895,27.165,0],[82.485,27.1613,0],[82.4824,27.1659,0],[82.4705,27.1617,0],[82.4808,27.1559,0],[82.4794,27.1523,0],[82.4648,27.1564,0],[82.4552,27.1507,0],[82.4468,27.154,0],[82.4383,27.1716,0],[82.4446,27.1815,0],[82.4493,27.1807,0],[82.4784,27.2022,0],[82.5077,27.1886,0],[82.5091,27.1783,0],[82.5161,27.1751,0],[82.5195,27.1802,0],[82.5389,27.1837,0],[82.5601,27.1801,0],[82.5667,27.1847,0],[82.5631,27.1956,0],[82.5437,27.2024,0],[82.5551,27.2044,0],[82.5529,27.2152,0],[82.555,27.2312,0],[82.562,27.2373,0],[82.5533,27.244,0],[82.5557,27.2492,0],[82.5507,27.2568,0],[82.5558,27.2644,0],[82.5692,27.2646,0],[82.5675,27.2779,0],[82.6111,27.2851,0],[82.614,27.2919,0],[82.6097,27.2971,0],[82.6161,27.3065,0],[82.6414,27.2984,0]]]}]}},{"type":"Feature","properties":{"ac_name":"BANSI","ac_no":304,"ac_category":"GEN","st_name":"UTTAR PRADESH"},"geometry":{"type":"Polygon","coordinates":[[[82.9452,27.295],[82.9441,27.2995],[82.9327,27.2962],[82.9279,27.2999],[82.9244,27.293],[82.9081,27.2936],[82.8849,27.2577],[82.843,27.262],[82.8153,27.2585],[82.8027,27.2376],[82.7991,27.2209],[82.8058,27.2155],[82.7994,27.2002],[82.8202,27.1891],[82.8188,27.1826],[82.8255,27.1794],[82.8406,27.1824],[82.8707,27.1745],[82.871,27.1802],[82.8796,27.1828],[82.882,27.1738],[82.912,27.179],[82.9143,27.17],[82.9079,27.1655],[82.9229,27.1628],[82.9123,27.1491],[82.9159,27.1325],[82.924,27.1329],[82.9244,27.1245],[82.9294,27.1243],[82.9263,27.1053],[82.9172,27.1077],[82.8844,27.0935],[82.8733,27.0955],[82.8633,27.0714],[82.8579,27.0682],[82.8428,27.0822],[82.829,27.0877],[82.8232,27.0823],[82.8132,27.0861],[82.8064,27.0808],[82.8059,27.0741],[82.7978,27.0775],[82.7995,27.0731],[82.8721,27.0391],[82.8811,27.0445],[82.8796,27.0543],[82.8867,27.0527],[82.8858,27.0618],[82.9022,27.053],[82.9106,27.0688],[82.9197,27.0632],[82.923,27.0707],[82.9285,27.0699],[82.9437,27.0577],[82.9491,27.0271],[82.9498,27.0313],[82.964,27.0341],[82.9759,27.0476],[82.9637,27.0545],[82.9668,27.0596],[82.9821,27.0609],[82.9844,27.0732],[82.9962,27.077],[83.0129,27.0736],[83.021,27.0861],[83.037,27.0832],[83.0325,27.0961],[83.0889,27.0978],[83.1005,27.1078],[83.1086,27.1084],[83.1173,27.0969],[83.1238,27.1006],[83.1196,27.1145],[83.1297,27.1076],[83.1489,27.116],[83.1302,27.1333],[83.1284,27.141],[83.1207,27.1458],[83.1215,27.1291],[83.1172,27.1371],[83.1192,27.153],[83.1072,27.1588],[83.1097,27.1657],[83.0868,27.178],[83.0757,27.178],[83.0713,27.1674],[83.0273,27.1546],[83.0232,27.1638],[83.034,27.1772],[83.0311,27.1928],[83.0182,27.2009],[83.0242,27.213],[83.0206,27.2164],[83.0055,27.213],[82.9983,27.2157],[82.9976,27.225],[83.005,27.2279],[82.9983,27.248],[82.9806,27.2489],[82.9771,27.2607],[82.9722,27.2625],[82.9591,27.255],[82.9517,27.2695],[82.9414,27.2752],[82.9456,27.2789],[82.9452,27.295]]]}},{"type":"Feature","properties":{"ac_name":"AGRA NORTH","ac_no":89,"ac_category":"GEN","st_name":"UTTAR PRADESH"},"geometry":{"type":"Polygon","coordinates":[[[77.9773,27.2432],[77.9679,27.2455],[77.9489,27.2155],[77.9424,27.221],[77.9296,27.221],[77.9364,27.1851],[77.9432,27.1801],[77.9673,27.1877],[77.9793,27.1867],[77.9928,27.194],[78.0059,27.1909],[78.0132,27.1963],[78.012,27.2022],[78.0287,27.2022],[78.032,27.218],[78.0271,27.2333],[78.0149,27.2342],[78.0081,27.219],[77.9974,27.2146],[77.9975,27.229],[77.9887,27.233],[77.9859,27.2459],[77.9773,27.2432]]]}},{"type":"Feature","properties":{"ac_name":"SHIKOHABAD","ac_no":98,"ac_category":"GEN","st_name":"UTTAR PRADESH"},"geometry":{"type":"Polygon","coordinates":[[[78.3852,27.1671],[78.3705,27.1769],[78.3739,27.1824],[78.3639,27.1903],[78.3682,27.1948],[78.3684,27.209],[78.3515,27.2192],[78.3502,27.2355],[78.3337,27.2365],[78.3253,27.2266],[78.3108,27.2258],[78.3026,27.2095],[78.3002,27.1806],[78.3156,27.173],[78.2961,27.1644],[78.3028,27.1556],[78.2975,27.1426],[78.2979,27.1206],[78.3037,27.1261],[78.3133,27.1262],[78.3173,27.1139],[78.3245,27.1096],[78.3415,27.1293],[78.3724,27.1222],[78.3707,27.1128],[78.3618,27.109],[78.3459,27.1121],[78.3353,27.0999],[78.3138,27.0949],[78.3134,27.054],[78.321,27.0541],[78.332,27.073],[78.3502,27.0724],[78.3612,27.0817],[78.3959,27.0561],[78.4231,27.0524],[78.4329,27.0449],[78.4365,27.0282],[78.451,27.0093],[78.4508,26.9854],[78.4622,26.9847],[78.4805,26.9918],[78.4842,26.9652],[78.5136,26.9583],[78.5148,26.9375],[78.5268,26.916],[78.5412,26.9209],[78.5437,26.9291],[78.526,26.9461],[78.5258,26.9579],[78.5128,26.9692],[78.5248,26.9749],[78.5428,26.9615],[78.549,26.9676],[78.5539,27.0063],[78.5593,27.0114],[78.5623,27.0009],[78.5709,27.0024],[78.602,27.0388],[78.6173,27.0481],[78.6258,27.0615],[78.6234,27.0712],[78.6373,27.0907],[78.6433,27.094],[78.6499,27.0911],[78.6626,27.1088],[78.6531,27.1279],[78.6632,27.1415],[78.6519,27.1622],[78.6574,27.1799],[78.6401,27.1852],[78.6375,27.1897],[78.6308,27.1872],[78.627,27.1992],[78.6198,27.2025],[78.5957,27.1838],[78.5648,27.1896],[78.5621,27.177],[78.5463,27.1737],[78.5409,27.1676],[78.5262,27.1824],[78.5263,27.172],[78.5214,27.1719],[78.5185,27.1609],[78.5044,27.1444],[78.4888,27.1478],[78.4824,27.14],[78.4626,27.1448],[78.4609,27.1488],[78.4329,27.1575],[78.4157,27.1479],[78.4094,27.1445],[78.4082,27.1343],[78.3943,27.1434],[78.371,27.1268],[78.3671,27.1523],[78.3802,27.158],[78.3852,27.1671]]]}},{"type":"Feature","properties":{"ac_name":"SIRSAGANJ","ac_no":99,"ac_category":"GEN","st_name":"UTTAR PRADESH"},"geometry":{"type":"Polygon","coordinates":[[[78.7384,27.2441],[78.7138,27.2043],[78.7035,27.2008],[78.7045,27.1866],[78.7,27.1794],[78.6874,27.1784],[78.6739,27.1839],[78.6672,27.2012],[78.6458,27.2018],[78.6375,27.1897],[78.6401,27.1852],[78.6574,27.1799],[78.6519,27.1622],[78.6632,27.1415],[78.6531,27.1279],[78.6626,27.1088],[78.6499,27.0911],[78.6433,27.094],[78.6373,27.0907],[78.6234,27.0712],[78.6258,27.0615],[78.6173,27.0481],[78.602,27.0388],[78.5709,27.0024],[78.5623,27.0009],[78.5593,27.0114],[78.5539,27.0063],[78.549,26.9676],[78.5428,26.9615],[78.575,26.9607],[78.5729,26.943],[78.5982,26.9182],[78.6081,26.9234],[78.5963,26.9471],[78.6105,26.9485],[78.6232,26.9423],[78.6176,26.9173],[78.6329,26.9056],[78.6353,26.8825],[78.6404,26.8802],[78.6602,26.8833],[78.6734,26.8782],[78.6712,26.9079],[78.6759,26.919],[78.6943,26.9096],[78.7068,26.9174],[78.7103,26.9028],[78.7193,26.8991],[78.7298,26.9034],[78.7335,26.9205],[78.7456,26.9142],[78.7771,26.9497],[78.788,26.945],[78.7903,26.9515],[78.8062,26.9586],[78.8025,26.9693],[78.8192,26.9876],[78.8116,26.9935],[78.804,26.9848],[78.7976,26.9893],[78.7825,27.0053],[78.7917,27.0181],[78.7843,27.0242],[78.7711,27.0225],[78.7713,27.0315],[78.787,27.0426],[78.7714,27.0449],[78.762,27.0525],[78.775,27.0608],[78.766,27.0656],[78.7758,27.0966],[78.7652,27.1067],[78.7741,27.1121],[78.7958,27.0971],[78.8067,27.1229],[78.7938,27.1231],[78.7905,27.1372],[78.8067,27.1438],[78.8206,27.1378],[78.8205,27.1445],[78.7932,27.1612],[78.7793,27.162],[78.76,27.1775],[78.7448,27.1796],[78.7384,27.1892],[78.7249,27.1954],[78.7277,27.2048],[78.7523,27.2094],[78.7601,27.2215],[78.7592,27.2286],[78.7384,27.2441]]]}},{"type":"Feature","properties":{"ac_name":"KISHANI","ac_no":109,"ac_category":"SC","st_name":"UTTAR PRADESH"},"geometry":{"type":"Polygon","coordinates":[[[79.1548,27.2434],[79.1514,27.2497],[79.146,27.2496],[79.1451,27.2431],[79.1361,27.2476],[79.1286,27.2384],[79.1225,27.2387],[79.127,27.2344],[79.1194,27.2238],[79.1042,27.2222],[79.0874,27.2325],[79.0824,27.2253],[79.0753,27.2272],[79.0755,27.2086],[79.0592,27.2062],[79.0532,27.2044],[79.0369,27.2223],[79.0237,27.2278],[79.0162,27.2222],[79.0036,27.2257],[78.9972,27.2176],[79.0097,27.2045],[79.0042,27.1927],[78.9932,27.1843],[78.9979,27.1815],[78.9927,27.1741],[78.9982,27.159],[79.0116,27.1552],[78.9961,27.1408],[78.9906,27.1278],[78.9924,27.1137],[78.9949,27.1051],[79.0077,27.106],[79.0113,27.0983],[79.0161,27.1014],[79.025,27.0926],[79.0257,27.0778],[79.0333,27.0606],[79.0283,27.0521],[79.0187,27.0481],[79.026,27.0326],[79.0111,27.0221],[79.0082,27.0107],[79.0111,26.9992],[79.0237,26.9894],[79.0262,26.9654],[79.0348,26.9672],[79.048,26.9708],[79.0517,26.9818],[79.064,26.9882],[79.0764,26.9909],[79.0861,26.9767],[79.0966,26.9817],[79.0945,27.0016],[79.1117,26.9932],[79.1165,27.0002],[79.1243,26.9939],[79.1342,27.0008],[79.146,26.9974],[79.1632,26.9973],[79.1633,27.0002],[79.1678,27.0059],[79.1773,27.007],[79.1907,27.003],[79.1945,26.9782],[79.2088,26.97],[79.2335,26.9756],[79.2485,26.9842],[79.2563,26.9791],[79.2727,26.9895],[79.2747,26.9836],[79.285,26.9853],[79.2942,26.9775],[79.3029,26.9842],[79.3168,26.977],[79.3221,26.9723],[79.3187,26.9647],[79.325,26.9599],[79.3439,26.9618],[79.3549,26.958],[79.3553,26.965],[79.3809,26.9868],[79.3805,27.0045],[79.4016,27.0374],[79.396,27.0435],[79.401,27.0553],[79.4247,27.0623],[79.4332,27.0683],[79.4261,27.077],[79.4386,27.0931],[79.4262,27.0991],[79.4204,27.0941],[79.4065,27.0977],[79.3962,27.0947],[79.3911,27.1011],[79.3942,27.1166],[79.3825,27.1147],[79.3888,27.1244],[79.3937,27.1222],[79.405,27.1269],[79.4132,27.1383],[79.3893,27.1574],[79.395,27.1638],[79.3902,27.1827],[79.3987,27.1919],[79.3962,27.1968],[79.3919,27.2017],[79.3908,27.1969],[79.3826,27.1973],[79.3825,27.2031],[79.3772,27.2039],[79.3688,27.1924],[79.3681,27.1784],[79.3573,27.1765],[79.3557,27.1723],[79.3597,27.1671],[79.3537,27.1551],[79.3636,27.14],[79.345,27.128],[79.3386,27.117],[79.3243,27.115],[79.3231,27.1056],[79.2997,27.1049],[79.294,27.1161],[79.3002,27.1167],[79.3111,27.1386],[79.3348,27.1575],[79.3275,27.1639],[79.3303,27.1833],[79.3351,27.186],[79.32,27.1952],[79.3216,27.1907],[79.3106,27.1718],[79.2991,27.1731],[79.2933,27.158],[79.2881,27.1639],[79.289,27.171],[79.275,27.1733],[79.2723,27.1778],[79.2686,27.175],[79.2522,27.19],[79.2289,27.1787],[79.2247,27.1843],[79.2038,27.1801],[79.1952,27.1923],[79.1679,27.2128],[79.1654,27.2253],[79.1564,27.2317],[79.1548,27.2434]]]}},{"type":"Feature","properties":{"ac_name":"GONDA","ac_no":296,"ac_category":"GEN","st_name":"UTTAR PRADESH"},"geometry":{"type":"Polygon","coordinates":[[[81.9986,27.2399],[81.9919,27.2495],[82.0011,27.2535],[81.9984,27.2711],[81.987,27.2607],[81.9757,27.2392],[81.9638,27.2395],[81.9608,27.2439],[81.9529,27.2425],[81.9535,27.2348],[81.9417,27.2405],[81.9336,27.2395],[81.9276,27.2264],[81.9202,27.2277],[81.9154,27.2387],[81.9095,27.2372],[81.9091,27.1959],[81.8924,27.1681],[81.8974,27.1506],[81.8919,27.1427],[81.8672,27.1412],[81.862,27.1283],[81.8666,27.1181],[81.9042,27.1035],[81.9383,27.1235],[81.9477,27.1237],[81.9544,27.1182],[81.9706,27.0977],[81.9768,27.0797],[81.96,27.041],[81.9697,27.0219],[81.9855,27.0314],[82.0135,27.0253],[82.0147,27.0318],[82.0075,27.0402],[82.0093,27.0548],[82.0142,27.0676],[82.025,27.0702],[82.0343,27.0843],[82.0398,27.0822],[82.0491,27.066],[82.0765,27.056],[82.0848,27.0665],[82.1046,27.0697],[82.1063,27.0814],[82.0987,27.089],[82.0953,27.1069],[82.111,27.1087],[82.1316,27.1287],[82.1331,27.137],[82.144,27.1378],[82.1401,27.1451],[82.1164,27.1528],[82.1097,27.1509],[82.1039,27.1419],[82.0932,27.1422],[82.0914,27.1453],[82.1149,27.1635],[82.0929,27.1756],[82.0904,27.1883],[82.0665,27.2195],[82.0508,27.219],[81.9986,27.2399]]]}},{"type":"Feature","properties":{"ac_name":"BILGRAM-MALLANWAN","ac_no":159,"ac_category":"GEN","st_name":"UTTAR PRADESH"},"geometry":{"type":"Polygon","coordinates":[[[80.0478,27.1987],[80.0558,27.2031],[80.0553,27.2182],[80.0493,27.2281],[80.0373,27.2379],[80.0059,27.2436],[79.9923,27.2038],[79.9719,27.1861],[79.9673,27.1665],[79.9446,27.1635],[79.9374,27.1554],[79.9252,27.1653],[79.9131,27.1586],[79.9103,27.135],[79.9246,27.1461],[79.9301,27.1435],[79.9512,27.1141],[79.949,27.1061],[79.9406,27.1036],[79.9411,27.0993],[79.9486,27.0998],[79.9517,27.0959],[79.9405,27.0898],[79.9418,27.0854],[79.9601,27.0766],[79.9701,27.0618],[79.9885,27.0647],[79.9956,27.0546],[79.9977,27.057],[79.9844,27.0373],[79.9913,27.0236],[79.9877,27.0112],[80.0006,27.0021],[80.014,26.9835],[80.0219,26.9638],[80.016,26.9551],[80.0445,26.9251],[80.0688,26.9457],[80.083,26.9521],[80.0864,26.9611],[80.1071,26.9615],[80.108,26.9697],[80.1016,26.9787],[80.1136,26.9965],[80.1238,26.9952],[80.1242,26.9904],[80.119,26.9897],[80.1267,26.9833],[80.1331,26.9835],[80.1354,26.9904],[80.1396,26.9863],[80.1439,26.9891],[80.1487,26.9784],[80.1511,26.9818],[80.156,26.9801],[80.1548,26.9836],[80.1756,26.9982],[80.1857,26.9991],[80.1844,26.979],[80.1752,26.9711],[80.1766,26.9628],[80.1734,26.9626],[80.1789,26.9576],[80.1821,26.9632],[80.1899,26.9613],[80.2073,26.9722],[80.2206,26.9668],[80.2307,26.9732],[80.2412,27.0093],[80.2478,27.0166],[80.2565,27.0199],[80.2522,27.0284],[80.2585,27.0314],[80.2695,27.0269],[80.2837,27.0293],[80.2662,27.0457],[80.2692,27.0573],[80.2656,27.0585],[80.2654,27.0716],[80.286,27.1018],[80.2842,27.1055],[80.2778,27.1034],[80.2775,27.1098],[80.2553,27.1298],[80.2536,27.1507],[80.2441,27.1487],[80.2276,27.1563],[80.2112,27.1579],[80.1784,27.1475],[80.1749,27.1593],[80.1868,27.1658],[80.1855,27.1728],[80.1744,27.169],[80.154,27.1752],[80.1427,27.17],[80.1254,27.1769],[80.1238,27.1845],[80.1106,27.1933],[80.0959,27.1881],[80.0712,27.1947],[80.0487,27.1899],[80.0478,27.1987]]]}},{"type":"Feature","properties":{"ac_name":"AGRA SOUTH","ac_no":88,"ac_category":"GEN","st_name":"UTTAR PRADESH"},"geometry":{"type":"Polygon","coordinates":[[[78.0254,27.1845],[78.0287,27.2022],[78.012,27.2022],[78.0132,27.1963],[78.0059,27.1909],[77.9928,27.194],[77.9793,27.1867],[77.9673,27.1877],[77.9432,27.1801],[77.9408,27.1726],[77.9539,27.1694],[77.9549,27.1655],[77.9965,27.1741],[78.0022,27.1697],[78.006,27.1778],[78.0254,27.1845]]]}},{"type":"Feature","properties":{"ac_name":"CHHIBRAMAU","ac_no":196,"ac_category":"GEN","st_name":"UTTAR PRADESH"},"geometry":{"type":"Polygon","coordinates":[[[79.3962,27.1968],[79.3987,27.1919],[79.3902,27.1827],[79.395,27.1638],[79.3893,27.1574],[79.4132,27.1383],[79.405,27.1269],[79.3937,27.1222],[79.3888,27.1244],[79.3825,27.1147],[79.3942,27.1166],[79.3911,27.1011],[79.3962,27.0947],[79.4065,27.0977],[79.4204,27.0941],[79.4262,27.0991],[79.4386,27.0931],[79.4261,27.077],[79.4332,27.0683],[79.4247,27.0623],[79.4451,27.0615],[79.4635,27.0805],[79.4684,27.0702],[79.4815,27.062],[79.4976,27.0581],[79.5054,27.073],[79.5132,27.0704],[79.5187,27.0614],[79.5308,27.0731],[79.5329,27.0658],[79.5264,27.0494],[79.5407,27.0336],[79.5541,27.0293],[79.5787,27.0406],[79.5812,27.0483],[79.5974,27.0332],[79.6095,27.0311],[79.6088,27.0198],[79.6231,26.9923],[79.6361,26.9947],[79.6382,26.9833],[79.6605,26.98],[79.6688,26.9653],[79.6786,26.9649],[79.6868,26.9869],[79.6934,26.9917],[79.7005,26.9905],[79.71,27.0037],[79.7094,27.028],[79.7283,27.0462],[79.7243,27.0647],[79.7413,27.092],[79.7266,27.1049],[79.7334,27.1214],[79.7446,27.1278],[79.7433,27.1429],[79.7547,27.1569],[79.7443,27.1658],[79.7411,27.1586],[79.7361,27.1619],[79.7308,27.1581],[79.7284,27.1828],[79.7635,27.1975],[79.73,27.2201],[79.7156,27.2223],[79.7111,27.2164],[79.7182,27.2117],[79.7085,27.2075],[79.6976,27.2156],[79.6924,27.1986],[79.6884,27.2021],[79.6785,27.1943],[79.6747,27.1808],[79.6785,27.1765],[79.6707,27.1683],[79.6646,27.1694],[79.6598,27.165],[79.6353,27.1767],[79.6309,27.1856],[79.6049,27.1876],[79.5996,27.1721],[79.5788,27.164],[79.5765,27.1594],[79.5552,27.1569],[79.5324,27.1896],[79.525,27.1901],[79.5244,27.1943],[79.53,27.1945],[79.5209,27.2],[79.5241,27.2024],[79.5188,27.2089],[79.506,27.2046],[79.5077,27.2095],[79.4989,27.2079],[79.4893,27.2145],[79.477,27.2056],[79.4708,27.2136],[79.461,27.2086],[79.4553,27.2151],[79.4501,27.2115],[79.4496,27.2159],[79.4415,27.2086],[79.4381,27.215],[79.4318,27.2132],[79.434,27.2177],[79.4294,27.2131],[79.4289,27.2232],[79.4237,27.2218],[79.4214,27.2291],[79.4068,27.2234],[79.4085,27.2058],[79.4033,27.2072],[79.4027,27.1987],[79.3962,27.1968]]]}},{"type":"Feature","properties":{"ac_name":"SANDILA","ac_no":161,"ac_category":"GEN","st_name":"UTTAR PRADESH"},"geometry":{"type":"Polygon","coordinates":[[[80.6556,27.2267],[80.6456,27.2131],[80.6251,27.2141],[80.6097,27.2024],[80.5981,27.2086],[80.5939,27.2041],[80.5835,27.2057],[80.5763,27.201],[80.5767,27.1954],[80.5607,27.19],[80.5473,27.1946],[80.5477,27.205],[80.5397,27.2051],[80.5427,27.2164],[80.5323,27.2123],[80.5283,27.1965],[80.5375,27.1981],[80.5405,27.1919],[80.5155,27.1815],[80.5139,27.1701],[80.5208,27.1656],[80.516,27.1654],[80.5046,27.1476],[80.5061,27.1242],[80.4831,27.113],[80.4804,27.1056],[80.4867,27.0909],[80.4804,27.0915],[80.4807,27.0818],[80.4657,27.0753],[80.488,27.0671],[80.4778,27.0608],[80.4716,27.0469],[80.4745,27.044],[80.467,27.0417],[80.4571,27.0263],[80.4659,27.0231],[80.4675,27.0164],[80.4826,27.0056],[80.4904,26.9896],[80.5051,26.9856],[80.5196,27.0007],[80.5264,26.9997],[80.5352,27.0074],[80.5455,27.0005],[80.55,27.0136],[80.5604,27.0104],[80.5866,27.0286],[80.5761,27.0302],[80.5827,27.0374],[80.594,27.0372],[80.5995,27.0438],[80.6068,27.0379],[80.6155,27.0395],[80.6249,27.0569],[80.6422,27.062],[80.6438,27.0669],[80.6576,27.0632],[80.6563,27.0671],[80.6426,27.0701],[80.6465,27.0782],[80.6671,27.0756],[80.6802,27.0657],[80.7007,27.0624],[80.7033,27.0708],[80.7113,27.0691],[80.713,27.0814],[80.7398,27.1023],[80.7576,27.1006],[80.7659,27.0898],[80.7707,27.1031],[80.7805,27.098],[80.7922,27.1109],[80.8049,27.1004],[80.827,27.0999],[80.8218,27.1159],[80.8108,27.1083],[80.8065,27.1097],[80.8106,27.1224],[80.8044,27.1307],[80.8214,27.1385],[80.8166,27.1505],[80.8219,27.159],[80.8138,27.161],[80.8096,27.1731],[80.8051,27.1699],[80.7977,27.1998],[80.7907,27.2002],[80.7888,27.2082],[80.7836,27.2026],[80.7677,27.2014],[80.7644,27.2082],[80.7528,27.2134],[80.7483,27.2277],[80.7399,27.223],[80.7245,27.236],[80.7049,27.2301],[80.693,27.2155],[80.6556,27.2267]]]}},{"type":"Feature","properties":{"ac_name":"AGRA CANTT.","ac_no":87,"ac_category":"SC","st_name":"UTTAR PRADESH"},"geometry":{"type":"Polygon","coordinates":[[[78.0522,27.1896],[78.0374,27.1775],[78.0254,27.1845],[78.006,27.1778],[78.0022,27.1697],[77.9965,27.1741],[77.9549,27.1655],[77.9435,27.1648],[77.9523,27.1551],[77.9505,27.1486],[77.9689,27.1407],[77.9688,27.1313],[77.9908,27.1274],[77.9938,27.1116],[78.0006,27.1107],[78.005,27.121],[78.0122,27.1225],[78.0125,27.1308],[78.038,27.1342],[78.0393,27.1439],[78.0571,27.1378],[78.0615,27.1577],[78.0715,27.1566],[78.0736,27.1627],[78.0636,27.1664],[78.0522,27.1896]]]}},{"type":"Feature","properties":{"ac_name":"FIROZABAD","ac_no":97,"ac_category":"GEN","st_name":"UTTAR PRADESH"},"geometry":{"type":"Polygon","coordinates":[[[78.4102,27.1781],[78.3973,27.1861],[78.3852,27.1671],[78.3802,27.158],[78.3671,27.1523],[78.371,27.1268],[78.3943,27.1434],[78.4082,27.1343],[78.4094,27.1445],[78.4157,27.1479],[78.408,27.1662],[78.4102,27.1781]]]}},{"type":"Feature","properties":{"ac_name":"KANNAUJ","ac_no":198,"ac_category":"SC","st_name":"UTTAR PRADESH"},"geometry":{"type":"Polygon","coordinates":[[[79.7635,27.1975],[79.7284,27.1828],[79.7308,27.1581],[79.7361,27.1619],[79.7411,27.1586],[79.7443,27.1658],[79.7547,27.1569],[79.7433,27.1429],[79.7446,27.1278],[79.7334,27.1214],[79.7266,27.1049],[79.7413,27.092],[79.7243,27.0647],[79.7283,27.0462],[79.7094,27.028],[79.71,27.0037],[79.735,26.9924],[79.7581,26.9915],[79.7784,26.9988],[79.7854,27.0059],[79.8144,26.9917],[79.8504,26.9967],[79.8619,26.9904],[79.851,26.9836],[79.8617,26.9717],[79.8646,26.9524],[79.854,26.9367],[79.8416,26.9333],[79.8327,26.922],[79.8312,26.9043],[79.843,26.8907],[79.8317,26.8752],[79.8326,26.8574],[79.8429,26.8506],[79.8528,26.8222],[79.857,26.8267],[79.865,26.8268],[79.8884,26.8107],[79.8947,26.8151],[79.8973,26.8187],[79.8931,26.8244],[79.8907,26.8423],[79.8948,26.8496],[79.9069,26.8462],[79.9278,26.8553],[79.9425,26.845],[79.955,26.8573],[79.9623,26.8585],[79.9385,26.8766],[79.9495,26.8907],[79.9414,26.8992],[79.9515,26.9206],[79.9409,26.923],[79.9448,26.9452],[79.9584,26.9537],[79.964,26.9454],[79.9727,26.9455],[79.9798,26.9373],[79.9767,26.9338],[79.9834,26.9302],[79.9927,26.9388],[79.9786,26.9493],[79.9929,26.9633],[80.0067,26.9526],[80.016,26.9551],[80.0219,26.9638],[80.014,26.9835],[80.0006,27.0021],[79.9877,27.0112],[79.9913,27.0236],[79.9844,27.0373],[79.9977,27.057],[79.9956,27.0546],[79.9885,27.0647],[79.9701,27.0618],[79.9601,27.0766],[79.9418,27.0854],[79.9405,27.0898],[79.9517,27.0959],[79.9486,27.0998],[79.9411,27.0993],[79.9406,27.1036],[79.949,27.1061],[79.9512,27.1141],[79.9301,27.1435],[79.9246,27.1461],[79.9103,27.135],[79.8949,27.1488],[79.8715,27.1459],[79.853,27.1507],[79.8589,27.1615],[79.852,27.161],[79.8356,27.1722],[79.8246,27.1675],[79.8143,27.1734],[79.8044,27.171],[79.7635,27.1975]]]}},{"type":"Feature","properties":{"ac_name":"FATEHABAD","ac_no":93,"ac_category":"GEN","st_name":"UTTAR PRADESH"},"geometry":{"type":"Polygon","coordinates":[[[78.2021,27.115],[78.2018,27.1157],[78.1752,27.1099],[78.1496,27.0853],[78.1362,27.0914],[78.124,27.0912],[78.1194,27.0826],[78.099,27.0751],[78.0816,27.0608],[78.0669,27.059],[78.0588,27.066],[78.0492,27.052],[78.0257,27.0533],[78.0127,27.0464],[77.9984,27.0489],[77.9906,27.0387],[77.9768,27.0546],[77.9698,27.0432],[77.9533,27.0475],[77.9495,27.0304],[77.9584,27.0254],[77.9594,27.0169],[77.9788,27.0058],[77.9825,26.9882],[78.0243,26.9636],[78.039,26.9602],[78.0415,26.9474],[78.0464,26.949],[78.0704,26.9366],[78.0825,26.9376],[78.0866,26.9312],[78.0941,26.9315],[78.093,26.9209],[78.0993,26.9149],[78.1014,26.9175],[78.1049,26.9265],[78.121,26.9221],[78.1218,26.9352],[78.1119,26.9394],[78.1251,26.9493],[78.1473,26.9497],[78.1563,26.9435],[78.172,26.9473],[78.1814,26.9401],[78.1966,26.9416],[78.21,26.9316],[78.2245,26.9473],[78.2299,26.9383],[78.2378,26.9371],[78.2392,26.9263],[78.2551,26.9271],[78.2547,26.9354],[78.2643,26.9274],[78.2803,26.9649],[78.2949,26.9474],[78.3356,26.9393],[78.3395,26.9513],[78.3537,26.9544],[78.3485,26.9704],[78.3707,26.9603],[78.3827,26.9696],[78.3912,26.9603],[78.4016,26.9631],[78.4146,26.9578],[78.4169,26.9458],[78.4333,26.9593],[78.4233,26.9654],[78.424,26.9691],[78.4365,26.978],[78.4484,26.9743],[78.4508,26.9854],[78.451,27.0093],[78.4365,27.0282],[78.4329,27.0449],[78.4231,27.0524],[78.3959,27.0561],[78.3612,27.0817],[78.3502,27.0724],[78.332,27.073],[78.321,27.0541],[78.3134,27.054],[78.3138,27.0949],[78.3353,27.0999],[78.3459,27.1121],[78.3618,27.109],[78.3707,27.1128],[78.3724,27.1222],[78.3415,27.1293],[78.3245,27.1096],[78.3173,27.1139],[78.3133,27.1262],[78.3037,27.1261],[78.2979,27.1206],[78.2913,27.1067],[78.2945,27.0871],[78.2835,27.0808],[78.2716,27.084],[78.2602,27.1077],[78.2399,27.1127],[78.2393,27.1036],[78.2558,27.0946],[78.2589,27.0886],[78.254,27.0787],[78.2387,27.0739],[78.224,27.077],[78.2283,27.0963],[78.2096,27.1048],[78.2021,27.115]]]}},{"type":"Feature","properties":{"ac_name":"MANKAPUR","ac_no":300,"ac_category":"SC","st_name":"UTTAR PRADESH"},"geometry":{"type":"Polygon","coordinates":[[[82.234,27.1671],[82.2337,27.167],[82.2151,27.1428],[82.2095,27.1412],[82.2077,27.1481],[82.1961,27.1408],[82.2002,27.1281],[82.1921,27.1193],[82.1729,27.111],[82.1608,27.1133],[82.144,27.1378],[82.1331,27.137],[82.1316,27.1287],[82.111,27.1087],[82.0953,27.1069],[82.0987,27.089],[82.1063,27.0814],[82.1046,27.0697],[82.0848,27.0665],[82.0765,27.056],[82.0491,27.066],[82.0398,27.0822],[82.0343,27.0843],[82.025,27.0702],[82.0142,27.0676],[82.0093,27.0548],[82.0199,27.05],[82.0221,27.0415],[82.0378,27.0415],[82.0379,27.0345],[82.0538,27.0204],[82.0604,27.0233],[82.0772,27.0147],[82.0696,26.9939],[82.0773,26.9871],[82.0889,26.9863],[82.0941,26.977],[82.0768,26.9365],[82.0913,26.9286],[82.1043,26.932],[82.116,26.9271],[82.0914,26.8913],[82.0894,26.8787],[82.0721,26.8772],[82.0702,26.859],[82.0525,26.8576],[82.0433,26.8432],[82.0245,26.8444],[82.0077,26.8314],[81.9981,26.8109],[81.9939,26.7861],[82.002,26.7859],[82.0116,26.7964],[82.0339,26.8088],[82.0653,26.8076],[82.0892,26.812],[82.1081,26.8265],[82.1272,26.8234],[82.141,26.8353],[82.1523,26.8313],[82.1594,26.8341],[82.1687,26.8288],[82.1862,26.8371],[82.2046,26.8301],[82.2059,26.8207],[82.2229,26.808],[82.229,26.8124],[82.238,26.8187],[82.2472,26.8107],[82.2551,26.8143],[82.2567,26.8255],[82.2473,26.8274],[82.2368,26.8532],[82.2404,26.8549],[82.2306,26.8682],[82.2501,26.8959],[82.2371,26.9146],[82.2387,26.9187],[82.2339,26.92],[82.2408,26.9317],[82.2482,26.9344],[82.258,26.9422],[82.274,26.9361],[82.274,26.9431],[82.2896,26.9498],[82.2999,26.9637],[82.2809,26.9666],[82.2653,26.9759],[82.2659,26.9878],[82.2589,26.9934],[82.2668,27.0056],[82.2797,27.0106],[82.2814,27.0242],[82.2858,27.0274],[82.2668,27.0371],[82.2713,27.0548],[82.2574,27.0778],[82.2709,27.0894],[82.269,27.0982],[82.2794,27.1216],[82.2846,27.1221],[82.2566,27.1512],[82.234,27.1671]]]}},{"type":"Feature","properties":{"ac_name":"COLONELGANJ","ac_no":298,"ac_category":"GEN","st_name":"UTTAR PRADESH"},"geometry":{"type":"Polygon","coordinates":[[[81.6574,27.1542],[81.6493,27.1564],[81.6413,27.1662],[81.6407,27.1577],[81.6297,27.158],[81.629,27.1416],[81.6054,27.1457],[81.5903,27.1297],[81.5857,27.1175],[81.5672,27.1294],[81.5684,27.1221],[81.5396,27.0949],[81.5468,27.0889],[81.5404,27.0816],[81.5427,27.0771],[81.537,27.0847],[81.5161,27.086],[81.5049,27.059],[81.5351,27.0478],[81.5557,27.0523],[81.5687,27.0484],[81.5749,27.039],[81.5628,27.032],[81.5659,27.0202],[81.5738,27.0131],[81.5931,27.0232],[81.6037,27.0185],[81.6034,27.0098],[81.613,27.0052],[81.646,27.0159],[81.6554,27.0135],[81.6525,26.9938],[81.6576,26.9777],[81.6529,26.9738],[81.658,26.9648],[81.7253,26.9583],[81.7298,26.9483],[81.719,26.9397],[81.7135,26.9272],[81.7158,26.9221],[81.7256,26.9194],[81.7512,26.8879],[81.7665,26.8846],[81.7747,26.8903],[81.7764,26.9],[81.7899,26.9106],[81.7835,26.9242],[81.801,26.9257],[81.801,26.9412],[81.8193,26.9611],[81.828,26.9555],[81.856,26.9539],[81.8623,26.9679],[81.8594,26.9759],[81.8665,26.9831],[81.8702,27.0011],[81.8856,26.9988],[81.9248,27.0423],[81.9394,27.0713],[81.9385,27.0807],[81.9544,27.1182],[81.9477,27.1237],[81.9383,27.1235],[81.9042,27.1035],[81.8666,27.1181],[81.8511,27.1092],[81.8451,27.0961],[81.837,27.1022],[81.8346,27.0983],[81.8311,27.1032],[81.8231,27.1032],[81.821,27.0922],[81.8025,27.0886],[81.7915,27.096],[81.7766,27.0989],[81.7563,27.0947],[81.7492,27.0859],[81.7304,27.1129],[81.7238,27.1162],[81.7141,27.113],[81.7067,27.1364],[81.6898,27.1364],[81.6861,27.1426],[81.6678,27.1415],[81.6664,27.1512],[81.6574,27.1542]]]}},{"type":"Feature","properties":{"ac_name":"GAURA","ac_no":301,"ac_category":"GEN","st_name":"UTTAR PRADESH"},"geometry":{"type":"Polygon","coordinates":[[[82.498,27.1459],[82.4928,27.1473],[82.4966,27.1516],[82.4931,27.1599],[82.4874,27.1577],[82.4895,27.165],[82.485,27.1613],[82.4824,27.1659],[82.4705,27.1617],[82.4808,27.1559],[82.4794,27.1523],[82.48,27.1384],[82.472,27.1208],[82.4646,27.1159],[82.4408,27.1291],[82.4261,27.1143],[82.41,27.0784],[82.3906,27.0906],[82.3816,27.0882],[82.3622,27.0574],[82.3555,27.0549],[82.337,27.0541],[82.3047,27.0886],[82.2846,27.1221],[82.2794,27.1216],[82.269,27.0982],[82.2709,27.0894],[82.2574,27.0778],[82.2713,27.0548],[82.2668,27.0371],[82.2858,27.0274],[82.2814,27.0242],[82.2797,27.0106],[82.2668,27.0056],[82.2589,26.9934],[82.2659,26.9878],[82.2653,26.9759],[82.2809,26.9666],[82.2999,26.9637],[82.3145,26.9696],[82.317,26.9777],[82.327,26.9671],[82.3267,26.956],[82.3545,26.9314],[82.3685,26.9319],[82.3717,26.9365],[82.3861,26.9391],[82.3885,26.9492],[82.437,26.9264],[82.4441,26.932],[82.4787,26.9036],[82.4884,26.9057],[82.5012,26.9202],[82.5005,26.9305],[82.5113,26.9469],[82.5201,26.9515],[82.5398,26.9505],[82.5485,26.9617],[82.562,26.9646],[82.5633,26.9867],[82.583,26.9919],[82.5833,26.9964],[82.5845,27.0011],[82.6079,26.9984],[82.6137,27.0019],[82.5969,27.01],[82.588,27.0095],[82.5802,27.0188],[82.5707,27.0123],[82.5663,27.0207],[82.5713,27.0308],[82.5643,27.0403],[82.5609,27.0386],[82.5651,27.0459],[82.5541,27.0494],[82.5601,27.0531],[82.5597,27.0628],[82.567,27.0623],[82.5638,27.0697],[82.5673,27.0717],[82.5588,27.0744],[82.563,27.0772],[82.5572,27.0864],[82.5524,27.0848],[82.5565,27.092],[82.55,27.0944],[82.5547,27.1013],[82.5517,27.1049],[82.5465,27.1013],[82.5403,27.1148],[82.5293,27.114],[82.515,27.1203],[82.5168,27.1238],[82.5116,27.1272],[82.5045,27.1213],[82.5094,27.1333],[82.5002,27.1362],[82.498,27.1459]]]}},{"type":"Feature","properties":{"ac_name":"BAKSHI KAA TALAB","ac_no":169,"ac_category":"GEN","st_name":"UTTAR PRADESH"},"geometry":{"type":"Polygon","coordinates":[[[80.8353,27.1033],[80.8362,27.099],[80.8288,27.0967],[80.835,27.0906],[80.8306,27.0775],[80.8352,27.0647],[80.8442,27.0623],[80.8422,27.0489],[80.8515,27.038],[80.8249,27.0223],[80.826,27.0181],[80.84,27.0229],[80.845,27.0197],[80.8273,26.9946],[80.8509,26.9827],[80.855,26.9759],[80.8492,26.9706],[80.835,26.9831],[80.8303,26.979],[80.8294,26.9655],[80.8215,26.9592],[80.8257,26.948],[80.8489,26.9437],[80.8548,26.9332],[80.8682,26.9343],[80.8628,26.9208],[80.8652,26.9146],[80.8656,26.9143],[80.8859,26.9046],[80.8832,26.8925],[80.8988,26.8919],[80.8949,26.9043],[80.907,26.9135],[80.9121,26.9104],[80.92,26.9265],[80.9291,26.9319],[80.9383,26.9274],[80.9477,26.9392],[80.951,26.9377],[80.9622,26.947],[80.9727,26.9397],[80.969,26.9337],[80.981,26.9258],[80.9956,26.9216],[81.0059,26.9307],[81.015,26.9263],[81.0068,26.9073],[81.0065,26.8972],[81.0129,26.8934],[81.0155,26.8782],[81.0097,26.876],[81.0105,26.861],[81.0165,26.8605],[81.0253,26.8492],[81.0086,26.846],[80.969,26.8335],[80.9821,26.8305],[80.9898,26.8361],[81.0002,26.8302],[81.0018,26.8224],[81.0079,26.8175],[81.0265,26.8176],[81.0487,26.8144],[81.0523,26.8229],[81.0597,26.8187],[81.0598,26.8282],[81.0736,26.8278],[81.0901,26.8361],[81.0952,26.8538],[81.0909,26.8586],[81.1003,26.87],[81.0967,26.8697],[81.0982,26.8838],[81.0876,26.8901],[81.0991,26.9022],[81.0953,26.9142],[81.0876,26.9174],[81.082,26.9106],[81.0729,26.9103],[81.0637,26.9285],[81.0412,26.9399],[81.0423,26.9551],[81.0485,26.9614],[81.0576,26.9602],[81.0635,26.9683],[81.0538,26.9741],[81.0352,26.9648],[81.0218,26.976],[81.0274,26.9859],[81.0074,26.9987],[80.9965,27.0002],[80.9959,27.0106],[81.0017,27.0199],[80.9931,27.0249],[81.0018,27.0378],[80.9786,27.0378],[80.9723,27.0552],[80.9836,27.07],[80.9879,27.0673],[80.994,27.076],[81.0123,27.0659],[81.0228,27.0735],[81.0367,27.0735],[81.0447,27.078],[81.0485,27.0929],[81.0348,27.0923],[81.0346,27.0992],[81.0156,27.1056],[81.0244,27.1189],[81.0091,27.1426],[80.998,27.1479],[80.9907,27.1382],[80.9644,27.1453],[80.9535,27.141],[80.9485,27.1424],[80.9483,27.1498],[80.9306,27.1587],[80.9225,27.1581],[80.9153,27.1485],[80.9074,27.1516],[80.8951,27.1272],[80.8649,27.1261],[80.8358,27.108],[80.8353,27.1033]]]}},{"type":"Feature","properties":{"ac_name":"CAIMPIYARGANJ","ac_no":320,"ac_category":"GEN","st_name":"UTTAR PRADESH"},"geometry":{"type":"Polygon","coordinates":[[[83.1284,27.141],[83.1302,27.1333],[83.1489,27.116],[83.1297,27.1076],[83.1196,27.1145],[83.1238,27.1006],[83.1285,27.0948],[83.1246,27.0871],[83.1315,27.0849],[83.1407,27.0692],[83.1356,27.0641],[83.1493,27.0533],[83.1384,27.0478],[83.1372,27.0557],[83.1305,27.0499],[83.1429,27.0398],[83.1504,27.0411],[83.1372,27.0248],[83.1385,27.0202],[83.1453,27.0213],[83.1393,27.0183],[83.1415,27.0041],[83.1493,27.0133],[83.1573,27.0028],[83.1524,27.0123],[83.1585,27.0171],[83.1604,27.0091],[83.1717,27.0092],[83.1682,27.0004],[83.1982,27.0109],[83.2041,27.0178],[83.2139,27.0148],[83.2115,27.0001],[83.2222,26.9904],[83.2259,26.9783],[83.2128,26.9673],[83.1945,26.9656],[83.2084,26.9518],[83.1929,26.9448],[83.2034,26.9396],[83.2117,26.9494],[83.2264,26.9368],[83.2187,26.9309],[83.2097,26.9391],[83.207,26.9358],[83.212,26.9285],[83.2078,26.9253],[83.2209,26.9132],[83.216,26.9057],[83.203,26.9096],[83.2169,26.8978],[83.2157,26.8856],[83.2317,26.9025],[83.2439,26.8952],[83.2525,26.8989],[83.2546,26.8905],[83.2341,26.8735],[83.2505,26.8625],[83.2582,26.8469],[83.2549,26.8415],[83.2397,26.839],[83.2366,26.8327],[83.2401,26.8246],[83.2536,26.8223],[83.2601,26.8153],[83.2544,26.8002],[83.2434,26.7968],[83.258,26.7603],[83.2689,26.7474],[83.283,26.7596],[83.3069,26.7587],[83.3111,26.7537],[83.308,26.74],[83.3218,26.7534],[83.3346,26.7463],[83.3471,26.7429],[83.3541,26.7457],[83.3434,26.7665],[83.3256,26.7735],[83.3232,26.7822],[83.3295,26.7855],[83.3297,26.7908],[83.309,26.7949],[83.3141,26.8029],[83.3124,26.8173],[83.3153,26.8233],[83.3082,26.832],[83.2968,26.8364],[83.2988,26.8459],[83.2924,26.8499],[83.2921,26.8691],[83.3129,26.8874],[83.3105,26.9006],[83.3148,26.9157],[83.3393,26.9227],[83.3501,26.9107],[83.3569,26.9143],[83.3516,26.9261],[83.3621,26.9314],[83.3715,26.958],[83.3375,26.9696],[83.3294,26.9813],[83.3574,27.0113],[83.3703,27.0443],[83.4002,27.0725],[83.4014,27.0857],[83.3982,27.09],[83.3872,27.0902],[83.3761,27.0765],[83.3588,27.0804],[83.3464,27.0935],[83.3395,27.0916],[83.3156,27.0498],[83.2827,27.0504],[83.2831,27.0618],[83.2732,27.0672],[83.2621,27.0645],[83.2413,27.0731],[83.2268,27.069],[83.2069,27.0711],[83.1946,27.0877],[83.1758,27.0878],[83.1613,27.129],[83.1286,27.1416],[83.1284,27.141]]]}},{"type":"Feature","properties":{"ac_name":"RUDHAULI","ac_no":309,"ac_category":"GEN","st_name":"UTTAR PRADESH"},"geometry":{"type":"Polygon","coordinates":[[[82.7995,27.0731],[82.7572,27.1053],[82.745,27.1082],[82.7367,27.1043],[82.7061,27.1043],[82.671,27.125],[82.6499,27.1198],[82.6361,27.126],[82.6287,27.1245],[82.6208,27.0994],[82.6156,27.0962],[82.6015,27.1007],[82.5932,27.0968],[82.5759,27.1074],[82.5661,27.1048],[82.5625,27.1],[82.5663,27.0754],[82.563,27.0772],[82.5588,27.0744],[82.5673,27.0717],[82.5638,27.0697],[82.567,27.0623],[82.5597,27.0628],[82.5601,27.0531],[82.5541,27.0494],[82.5651,27.0459],[82.5609,27.0386],[82.5643,27.0403],[82.5713,27.0308],[82.5663,27.0207],[82.5707,27.0123],[82.5802,27.0188],[82.588,27.0095],[82.5969,27.01],[82.6137,27.0019],[82.6079,26.9984],[82.5845,27.0011],[82.5833,26.9964],[82.5994,26.9851],[82.6045,26.9928],[82.6083,26.9882],[82.6248,26.9909],[82.6288,26.9865],[82.6526,26.9906],[82.6382,26.9439],[82.64,26.9375],[82.6462,26.9369],[82.643,26.9245],[82.651,26.9196],[82.655,26.9083],[82.6661,26.9076],[82.6733,26.9012],[82.6749,26.9047],[82.6823,26.9022],[82.6863,26.8969],[82.7006,26.8992],[82.6985,26.8721],[82.7053,26.8767],[82.7331,26.8728],[82.7456,26.8819],[82.7536,26.8732],[82.7522,26.8683],[82.7676,26.8647],[82.7665,26.8548],[82.7697,26.8547],[82.7924,26.8589],[82.796,26.8699],[82.8458,26.8753],[82.8708,26.878],[82.8549,26.8998],[82.865,26.8981],[82.869,26.9014],[82.8717,26.9151],[82.8597,26.9176],[82.8569,26.9133],[82.8482,26.9175],[82.8505,26.9251],[82.8631,26.925],[82.8706,26.9396],[82.8762,26.9427],[82.8848,26.9402],[82.8818,26.9324],[82.9182,26.9179],[82.9305,26.9215],[82.9318,26.9257],[82.9134,26.9345],[82.905,26.9457],[82.9138,26.9684],[82.9038,26.9814],[82.8998,26.9811],[82.9051,26.9865],[82.9032,26.9904],[82.891,26.9907],[82.9029,27.0214],[82.8721,27.0391],[82.7995,27.0731]]]}},{"type":"Feature","properties":{"ac_name":"BARABANKI","ac_no":268,"ac_category":"GEN","st_name":"UTTAR PRADESH"},"geometry":{"type":"Polygon","coordinates":[[[81.2475,27.07],[81.2288,27.0744],[81.2214,27.0849],[81.2172,27.0844],[81.216,27.0767],[81.2023,27.0844],[81.1657,27.0744],[81.1409,27.0774],[81.1427,27.0895],[81.1602,27.0966],[81.1603,27.1028],[81.1499,27.114],[81.1152,27.1159],[81.1127,27.1075],[81.1059,27.1047],[81.1065,27.0989],[81.0782,27.1098],[81.0761,27.0789],[81.0884,27.0859],[81.09,27.0759],[81.0694,27.0625],[81.0767,27.053],[81.0704,27.0443],[81.0814,27.039],[81.0794,27.0204],[81.0597,27.0006],[81.0468,26.9939],[81.0402,26.9951],[81.0274,26.9859],[81.0218,26.976],[81.0352,26.9648],[81.0538,26.9741],[81.0635,26.9683],[81.0576,26.9602],[81.0485,26.9614],[81.0423,26.9551],[81.0412,26.9399],[81.0637,26.9285],[81.0729,26.9103],[81.082,26.9106],[81.0876,26.9174],[81.0953,26.9142],[81.0991,26.9022],[81.0876,26.8901],[81.0982,26.8838],[81.0967,26.8697],[81.1003,26.87],[81.0909,26.8586],[81.0952,26.8538],[81.0901,26.8361],[81.1005,26.8405],[81.1207,26.8358],[81.1476,26.8425],[81.1656,26.8632],[81.1709,26.8643],[81.1769,26.8531],[81.1937,26.8716],[81.1995,26.8691],[81.2064,26.8726],[81.2068,26.8827],[81.2129,26.8841],[81.2122,26.8956],[81.2173,26.898],[81.2289,26.8809],[81.2372,26.8827],[81.2413,26.8777],[81.2661,26.8788],[81.2795,26.8904],[81.272,26.9011],[81.2611,26.8998],[81.263,26.9081],[81.2532,26.9105],[81.2482,26.9207],[81.2624,26.9332],[81.2712,26.9548],[81.2991,26.9533],[81.304,26.9729],[81.291,26.9859],[81.2811,26.984],[81.2724,26.9886],[81.2653,26.9839],[81.256,26.9952],[81.2369,26.9996],[81.2419,27.0088],[81.2236,27.0111],[81.2142,27.0173],[81.2148,27.024],[81.2215,27.0278],[81.2363,27.0198],[81.2374,27.0296],[81.2439,27.028],[81.253,27.0351],[81.2485,27.0392],[81.252,27.0547],[81.2475,27.07]]]}},{"type":"Feature","properties":{"ac_name":"TARABGANJ","ac_no":299,"ac_category":"GEN","st_name":"UTTAR PRADESH"},"geometry":{"type":"Polygon","coordinates":[[[81.9697,27.0219],[81.96,27.041],[81.9768,27.0797],[81.9706,27.0977],[81.9544,27.1182],[81.9385,27.0807],[81.9394,27.0713],[81.9248,27.0423],[81.8856,26.9988],[81.8702,27.0011],[81.8665,26.9831],[81.8594,26.9759],[81.8623,26.9679],[81.856,26.9539],[81.828,26.9555],[81.8193,26.9611],[81.801,26.9412],[81.801,26.9257],[81.7835,26.9242],[81.7899,26.9106],[81.7764,26.9],[81.7747,26.8903],[81.7665,26.8846],[81.7816,26.8708],[81.8046,26.8654],[81.8146,26.8533],[81.8452,26.8377],[81.8553,26.8386],[81.8764,26.8362],[81.892,26.8275],[81.9173,26.791],[81.9772,26.781],[81.9939,26.7861],[81.9981,26.8109],[82.0077,26.8314],[82.0245,26.8444],[82.0433,26.8432],[82.0525,26.8576],[82.0702,26.859],[82.0721,26.8772],[82.0894,26.8787],[82.0914,26.8913],[82.116,26.9271],[82.1043,26.932],[82.0913,26.9286],[82.0768,26.9365],[82.0941,26.977],[82.0889,26.9863],[82.0773,26.9871],[82.0696,26.9939],[82.0772,27.0147],[82.0604,27.0233],[82.0538,27.0204],[82.0379,27.0345],[82.0378,27.0415],[82.0221,27.0415],[82.0199,27.05],[82.0093,27.0548],[82.0075,27.0402],[82.0147,27.0318],[82.0135,27.0253],[81.9855,27.0314],[81.9697,27.0219]]]}},{"type":"Feature","properties":{"ac_name":"KHERAGARH","ac_no":92,"ac_category":"GEN","st_name":"UTTAR PRADESH"},"geometry":{"type":"Polygon","coordinates":[[[77.9533,27.0475],[77.9359,27.0517],[77.928,27.0635],[77.8977,27.0448],[77.8824,27.0474],[77.8737,27.0393],[77.8559,27.0429],[77.8418,27.0296],[77.8098,27.0317],[77.7952,27.0031],[77.7689,27.0084],[77.7628,27.0032],[77.762,26.9991],[77.7496,27.0014],[77.7576,26.9959],[77.752,26.9926],[77.7457,26.9951],[77.7436,26.9834],[77.7295,26.9829],[77.723,26.9879],[77.6988,26.9748],[77.6767,26.9733],[77.6723,26.96],[77.6608,26.971],[77.6022,26.9333],[77.5924,26.9402],[77.5832,26.9242],[77.5535,26.9199],[77.4899,26.9003],[77.4603,26.8855],[77.459,26.8725],[77.4484,26.875],[77.4401,26.8639],[77.4271,26.8633],[77.4311,26.849],[77.4224,26.8403],[77.446,26.8147],[77.4329,26.7677],[77.4419,26.7685],[77.4549,26.7776],[77.4666,26.7738],[77.4703,26.7644],[77.4585,26.7526],[77.4549,26.742],[77.485,26.7478],[77.5024,26.769],[77.4891,26.7787],[77.4875,26.7878],[77.5006,26.8163],[77.5014,26.8441],[77.5205,26.8414],[77.5169,26.826],[77.5231,26.8199],[77.5423,26.8224],[77.5575,26.8176],[77.5746,26.8209],[77.5782,26.8272],[77.5926,26.828],[77.6083,26.8392],[77.608,26.8278],[77.6183,26.8322],[77.6206,26.8429],[77.6297,26.8416],[77.675,26.8577],[77.6766,26.8686],[77.6867,26.8753],[77.7008,26.8679],[77.7069,26.8771],[77.7227,26.8745],[77.727,26.8903],[77.7178,26.8975],[77.725,26.9103],[77.7326,26.9205],[77.7454,26.9212],[77.7527,26.9172],[77.7595,26.9327],[77.7798,26.9302],[77.779,26.9267],[77.7921,26.9173],[77.7984,26.9159],[77.8103,26.9243],[77.8191,26.9183],[77.85,26.9127],[77.8788,26.9007],[77.8836,26.8907],[77.8923,26.8877],[77.904,26.8833],[77.9086,26.8903],[77.9049,26.9178],[77.9152,26.9145],[77.9151,26.9073],[77.9264,26.9103],[77.9383,26.9071],[77.9474,26.8935],[77.9723,26.9058],[77.9728,26.8962],[77.9873,26.8895],[78.0012,26.9027],[78.0147,26.9026],[78.0222,26.8997],[78.0235,26.8912],[78.0303,26.8862],[78.0246,26.8726],[78.0359,26.8703],[78.0213,26.8575],[78.0264,26.8498],[78.0443,26.87],[78.056,26.8686],[78.0511,26.8705],[78.0479,26.9092],[78.0641,26.906],[78.0669,26.9101],[78.0948,26.8933],[78.0957,26.9044],[78.1027,26.9042],[78.1072,26.8967],[78.1114,26.8988],[78.1014,26.9175],[78.0993,26.9149],[78.093,26.9209],[78.0941,26.9315],[78.0866,26.9312],[78.0825,26.9376],[78.0704,26.9366],[78.0464,26.949],[78.0415,26.9474],[78.039,26.9602],[78.0243,26.9636],[77.9825,26.9882],[77.9788,27.0058],[77.9594,27.0169],[77.9584,27.0254],[77.9495,27.0304],[77.9533,27.0475]]]}},{"type":"Feature","properties":{"ac_name":"MALIHABAD","ac_no":168,"ac_category":"SC","st_name":"UTTAR PRADESH"},"geometry":{"type":"Polygon","coordinates":[[[80.827,27.0999],[80.8049,27.1004],[80.7922,27.1109],[80.7805,27.098],[80.7707,27.1031],[80.7659,27.0898],[80.7576,27.1006],[80.7398,27.1023],[80.713,27.0814],[80.7113,27.0691],[80.7033,27.0708],[80.7007,27.0624],[80.6802,27.0657],[80.6671,27.0756],[80.6465,27.0782],[80.6426,27.0701],[80.6563,27.0671],[80.6576,27.0632],[80.6438,27.0669],[80.6422,27.062],[80.6249,27.0569],[80.6155,27.0395],[80.6068,27.0379],[80.5995,27.0438],[80.594,27.0372],[80.5827,27.0374],[80.5761,27.0302],[80.5866,27.0286],[80.5604,27.0104],[80.5786,26.9992],[80.5855,26.9873],[80.5929,26.9914],[80.6001,26.9834],[80.5932,26.9689],[80.5986,26.964],[80.5948,26.9546],[80.5874,26.9625],[80.5791,26.9604],[80.5614,26.9371],[80.5806,26.9249],[80.5926,26.9449],[80.606,26.9455],[80.6212,26.9094],[80.6406,26.9033],[80.6267,26.8892],[80.6272,26.8786],[80.6363,26.8801],[80.669,26.8638],[80.6786,26.863],[80.6946,26.8501],[80.6915,26.8452],[80.7019,26.8527],[80.7303,26.8551],[80.7275,26.8434],[80.7451,26.8492],[80.7519,26.8574],[80.7647,26.8491],[80.7704,26.8554],[80.7804,26.8485],[80.7733,26.8341],[80.8067,26.8341],[80.8065,26.8265],[80.8194,26.8163],[80.8252,26.8004],[80.833,26.7966],[80.8228,26.7816],[80.8321,26.7796],[80.8409,26.7707],[80.8714,26.7929],[80.8618,26.7984],[80.8494,26.8183],[80.8494,26.829],[80.8407,26.8363],[80.8446,26.8604],[80.8386,26.8617],[80.8404,26.8713],[80.8516,26.8722],[80.846,26.8792],[80.8518,26.8873],[80.8347,26.8967],[80.8426,26.9019],[80.8519,26.9001],[80.8561,26.9091],[80.8652,26.9146],[80.8628,26.9208],[80.8682,26.9343],[80.8548,26.9332],[80.8489,26.9437],[80.8257,26.948],[80.8215,26.9592],[80.8294,26.9655],[80.8303,26.979],[80.835,26.9831],[80.8492,26.9706],[80.855,26.9759],[80.8509,26.9827],[80.8273,26.9946],[80.845,27.0197],[80.84,27.0229],[80.826,27.0181],[80.8249,27.0223],[80.8515,27.038],[80.8422,27.0489],[80.8442,27.0623],[80.8352,27.0647],[80.8306,27.0775],[80.835,27.0906],[80.8288,27.0967],[80.8362,27.099],[80.8353,27.1033],[80.827,27.0999]]]}},{"type":"Feature","properties":{"ac_name":"MENHDAWAL","ac_no":312,"ac_category":"GEN","st_name":"UTTAR PRADESH"},"geometry":{"type":"Polygon","coordinates":[[[83.1238,27.1006],[83.1173,27.0969],[83.1086,27.1084],[83.1005,27.1078],[83.0889,27.0978],[83.0325,27.0961],[83.037,27.0832],[83.021,27.0861],[83.0129,27.0736],[82.9962,27.077],[82.9844,27.0732],[82.9821,27.0609],[82.9668,27.0596],[82.9637,27.0545],[82.9759,27.0476],[82.964,27.0341],[82.9498,27.0313],[82.9491,27.0271],[82.9455,27.0209],[82.9186,27.0247],[82.9029,27.0214],[82.891,26.9907],[82.9032,26.9904],[82.9051,26.9865],[82.8998,26.9811],[82.9038,26.9814],[82.9138,26.9684],[82.905,26.9457],[82.9134,26.9345],[82.9318,26.9257],[82.9305,26.9215],[82.9182,26.9179],[82.9232,26.9059],[82.9392,26.8949],[82.9414,26.886],[82.9657,26.8722],[82.9731,26.872],[82.9637,26.854],[82.9837,26.849],[83.0054,26.8516],[83.0112,26.849],[83.0141,26.838],[83.0387,26.8409],[83.0427,26.8359],[83.0412,26.8215],[83.0529,26.8228],[83.0454,26.8156],[83.05,26.8118],[83.0806,26.8122],[83.0976,26.8059],[83.1129,26.8115],[83.1194,26.8189],[83.1221,26.8294],[83.1179,26.8313],[83.1183,26.842],[83.1339,26.862],[83.1306,26.8653],[83.1351,26.8709],[83.1301,26.8773],[83.138,26.89],[83.1526,26.8723],[83.1583,26.8729],[83.164,26.8804],[83.1818,26.8763],[83.2167,26.8821],[83.2157,26.8856],[83.2169,26.8978],[83.203,26.9096],[83.216,26.9057],[83.2209,26.9132],[83.2078,26.9253],[83.212,26.9285],[83.207,26.9358],[83.2097,26.9391],[83.2187,26.9309],[83.2264,26.9368],[83.2117,26.9494],[83.2034,26.9396],[83.1929,26.9448],[83.2084,26.9518],[83.1945,26.9656],[83.2128,26.9673],[83.2259,26.9783],[83.2222,26.9904],[83.2115,27.0001],[83.2139,27.0148],[83.2041,27.0178],[83.1982,27.0109],[83.1682,27.0004],[83.1717,27.0092],[83.1604,27.0091],[83.1585,27.0171],[83.1524,27.0123],[83.1573,27.0028],[83.1493,27.0133],[83.1415,27.0041],[83.1393,27.0183],[83.1453,27.0213],[83.1385,27.0202],[83.1372,27.0248],[83.1504,27.0411],[83.1429,27.0398],[83.1305,27.0499],[83.1372,27.0557],[83.1384,27.0478],[83.1493,27.0533],[83.1356,27.0641],[83.1407,27.0692],[83.1315,27.0849],[83.1246,27.0871],[83.1285,27.0948],[83.1238,27.1006]]]}},{"type":"Feature","properties":{"ac_name":"PANIYRA","ac_no":319,"ac_category":"GEN","st_name":"UTTAR PRADESH"},"geometry":{"type":"Polygon","coordinates":[[[83.4239,27.0942],[83.4112,27.0862],[83.4014,27.0857],[83.4002,27.0725],[83.3703,27.0443],[83.3574,27.0113],[83.3294,26.9813],[83.3375,26.9696],[83.3715,26.958],[83.4492,26.9602],[83.4563,26.9497],[83.4761,26.939],[83.4763,26.9316],[83.47,26.9265],[83.4773,26.9244],[83.484,26.9091],[83.4887,26.91],[83.4875,26.8976],[83.5124,26.8958],[83.5144,26.8919],[83.5264,26.8939],[83.5449,26.8858],[83.5462,26.8893],[83.5551,26.8895],[83.558,26.9197],[83.5596,26.9234],[83.5648,26.9224],[83.5705,26.9336],[83.5793,26.9279],[83.5887,26.9325],[83.5957,26.9259],[83.5911,26.9155],[83.6064,26.9116],[83.6084,26.9255],[83.6165,26.9313],[83.6262,26.9299],[83.6284,26.9412],[83.6217,26.9472],[83.6243,26.9557],[83.6338,26.9568],[83.6517,26.9506],[83.6593,26.9532],[83.6787,26.9469],[83.6829,26.9505],[83.6821,26.965],[83.7078,26.9622],[83.7127,26.9547],[83.724,26.9512],[83.7311,26.9585],[83.7286,26.9691],[83.733,26.9894],[83.7398,26.9964],[83.7538,26.9925],[83.764,26.9964],[83.7644,27.0005],[83.7479,27.0072],[83.7443,27.0184],[83.7221,27.0245],[83.7131,27.0203],[83.7129,27.0238],[83.6899,27.0333],[83.6882,27.0413],[83.6723,27.0415],[83.6708,27.0647],[83.6474,27.0639],[83.63,27.0735],[83.621,27.0714],[83.6206,27.0649],[83.5967,27.0668],[83.5954,27.0739],[83.5803,27.0723],[83.5655,27.0772],[83.5657,27.0823],[83.5617,27.0829],[83.5652,27.0905],[83.555,27.0977],[83.5501,27.097],[83.5438,27.0856],[83.5507,27.0786],[83.5418,27.0733],[83.5121,27.0818],[83.508,27.0781],[83.4969,27.0821],[83.486,27.0772],[83.4549,27.0808],[83.4272,27.089],[83.4239,27.0942]]]}},{"type":"Feature","properties":{"ac_name":"TIRWA","ac_no":197,"ac_category":"GEN","st_name":"UTTAR PRADESH"},"geometry":{"type":"Polygon","coordinates":[[[79.4815,27.062],[79.4684,27.0702],[79.4635,27.0805],[79.4451,27.0615],[79.4247,27.0623],[79.401,27.0553],[79.396,27.0435],[79.4016,27.0374],[79.3805,27.0045],[79.3809,26.9868],[79.3553,26.965],[79.3549,26.958],[79.3439,26.9618],[79.325,26.9599],[79.317,26.9515],[79.3169,26.9431],[79.3309,26.9396],[79.3393,26.9318],[79.3485,26.9344],[79.3585,26.9467],[79.3931,26.9265],[79.399,26.9297],[79.4002,26.9366],[79.4149,26.9337],[79.4366,26.9411],[79.4359,26.9363],[79.4408,26.9336],[79.4344,26.9337],[79.434,26.929],[79.4485,26.9299],[79.4528,26.916],[79.4556,26.9131],[79.4588,26.9157],[79.4554,26.9037],[79.4631,26.9037],[79.462,26.8968],[79.4702,26.9028],[79.478,26.8957],[79.4821,26.9001],[79.4819,26.8951],[79.4966,26.8824],[79.5058,26.8817],[79.5133,26.8747],[79.5217,26.8797],[79.5292,26.8713],[79.5386,26.8751],[79.5514,26.8695],[79.5603,26.8594],[79.5828,26.8642],[79.5804,26.8727],[79.5986,26.8858],[79.6002,26.8917],[79.6142,26.8924],[79.6237,26.8839],[79.6356,26.8923],[79.648,26.8938],[79.6649,26.8863],[79.6615,26.8672],[79.6739,26.8638],[79.7053,26.8363],[79.7007,26.8232],[79.7156,26.8131],[79.7131,26.8084],[79.7253,26.8035],[79.739,26.8119],[79.7486,26.7977],[79.7544,26.7965],[79.7562,26.7821],[79.7705,26.7798],[79.7757,26.7697],[79.7983,26.7832],[79.8097,26.7844],[79.824,26.7729],[79.842,26.7736],[79.8643,26.7963],[79.8635,26.8005],[79.8502,26.804],[79.857,26.8267],[79.8528,26.8222],[79.8429,26.8506],[79.8326,26.8574],[79.8317,26.8752],[79.843,26.8907],[79.8312,26.9043],[79.8327,26.922],[79.8416,26.9333],[79.854,26.9367],[79.8646,26.9524],[79.8617,26.9717],[79.851,26.9836],[79.8619,26.9904],[79.8504,26.9967],[79.8144,26.9917],[79.7854,27.0059],[79.7784,26.9988],[79.7581,26.9915],[79.735,26.9924],[79.71,27.0037],[79.7005,26.9905],[79.6934,26.9917],[79.6868,26.9869],[79.6786,26.9649],[79.6688,26.9653],[79.6605,26.98],[79.6382,26.9833],[79.6361,26.9947],[79.6231,26.9923],[79.6088,27.0198],[79.6095,27.0311],[79.5974,27.0332],[79.5812,27.0483],[79.5787,27.0406],[79.5541,27.0293],[79.5407,27.0336],[79.5264,27.0494],[79.5329,27.0658],[79.5308,27.0731],[79.5187,27.0614],[79.5132,27.0704],[79.5054,27.073],[79.4976,27.0581],[79.4815,27.062]]]}},{"type":"Feature","properties":{"ac_name":"PADRAUNA","ac_no":330,"ac_category":"GEN","st_name":"UTTAR PRADESH"},"geometry":{"type":"Polygon","coordinates":[[[84,27.0695],[83.9871,27.0696],[83.9764,27.0498],[83.9623,27.0532],[83.9611,27.0453],[83.9442,27.0486],[83.936,27.0434],[83.9224,27.0534],[83.9187,27.03],[83.9122,27.0234],[83.9149,27.0163],[83.9089,27.0132],[83.895,27.0174],[83.8944,27.0108],[83.8858,27.012],[83.882,26.9946],[83.8856,26.9826],[83.8561,26.975],[83.8587,26.96],[83.8745,26.951],[83.8758,26.9439],[83.8761,26.924],[83.8907,26.899],[83.9064,26.8864],[83.9207,26.8879],[83.9214,26.879],[83.936,26.874],[83.9549,26.8759],[83.9877,26.869],[83.988,26.8794],[84.0021,26.879],[84.0023,26.8689],[84.0027,26.8558],[84.0231,26.8429],[84.0345,26.8401],[84.0454,26.8467],[84.0289,26.825],[84.038,26.8245],[84.0444,26.8305],[84.059,26.8214],[84.0612,26.8154],[84.0746,26.8158],[84.0814,26.8324],[84.0905,26.8307],[84.0932,26.8415],[84.0821,26.8465],[84.0858,26.8552],[84.078,26.8548],[84.0877,26.8818],[84.0814,26.8774],[84.067,26.8886],[84.0605,26.8879],[84.0583,26.9016],[84.0524,26.9064],[84.06,26.9203],[84.0534,26.9297],[84.0433,26.9319],[84.0459,26.9398],[84.0322,26.9408],[84.0549,26.9601],[84.0538,26.9753],[84.0458,26.9823],[84.0567,26.9897],[84.0459,27.005],[84.0374,27.0091],[84.0445,27.0174],[84.0493,27.0439],[84.0314,27.0457],[84.0056,27.0603],[84,27.0695]]]}},{"type":"Feature","properties":{"ac_name":"ZAIDPUR","ac_no":269,"ac_category":"SC","st_name":"UTTAR PRADESH"},"geometry":{"type":"Polygon","coordinates":[[[81.2695,27.0583],[81.2546,27.0669],[81.2527,27.074],[81.2475,27.07],[81.252,27.0547],[81.2485,27.0392],[81.253,27.0351],[81.2439,27.028],[81.2374,27.0296],[81.2363,27.0198],[81.2215,27.0278],[81.2148,27.024],[81.2142,27.0173],[81.2236,27.0111],[81.2419,27.0088],[81.2369,26.9996],[81.256,26.9952],[81.2653,26.9839],[81.2724,26.9886],[81.2811,26.984],[81.291,26.9859],[81.304,26.9729],[81.2991,26.9533],[81.2712,26.9548],[81.2624,26.9332],[81.2482,26.9207],[81.2532,26.9105],[81.263,26.9081],[81.2611,26.8998],[81.272,26.9011],[81.2795,26.8904],[81.2661,26.8788],[81.2413,26.8777],[81.2372,26.8827],[81.2289,26.8809],[81.2173,26.898],[81.2122,26.8956],[81.2129,26.8841],[81.2068,26.8827],[81.2064,26.8726],[81.1995,26.8691],[81.1937,26.8716],[81.1769,26.8531],[81.1709,26.8643],[81.1656,26.8632],[81.1476,26.8425],[81.1207,26.8358],[81.1342,26.831],[81.1422,26.8115],[81.1529,26.8138],[81.1603,26.8071],[81.1684,26.8082],[81.1559,26.7974],[81.1601,26.7909],[81.1588,26.7757],[81.1648,26.7761],[81.1737,26.7893],[81.1863,26.7796],[81.1914,26.7811],[81.1947,26.7925],[81.2132,26.7846],[81.1891,26.7613],[81.2043,26.7424],[81.2031,26.7296],[81.2144,26.7225],[81.2171,26.7384],[81.2388,26.7347],[81.2708,26.767],[81.291,26.7772],[81.295,26.7842],[81.3017,26.7829],[81.3161,26.7783],[81.3284,26.7844],[81.3356,26.7771],[81.3513,26.7778],[81.3558,26.7718],[81.3657,26.7772],[81.3669,26.7665],[81.3604,26.761],[81.3648,26.7539],[81.3557,26.7427],[81.3653,26.7368],[81.3667,26.7217],[81.3815,26.7157],[81.3869,26.7179],[81.3835,26.7132],[81.392,26.7144],[81.3989,26.6957],[81.4471,26.6749],[81.4513,26.6936],[81.4633,26.7066],[81.4622,26.715],[81.4214,26.7168],[81.4048,26.7313],[81.4075,26.7371],[81.4237,26.7403],[81.4316,26.752],[81.4514,26.7644],[81.4335,26.7816],[81.4308,26.8012],[81.4208,26.8019],[81.4115,26.8178],[81.4106,26.8325],[81.3956,26.8423],[81.3928,26.8496],[81.4244,26.8614],[81.4195,26.8687],[81.4259,26.8763],[81.4251,26.8923],[81.4164,26.8939],[81.4142,26.889],[81.3828,26.8853],[81.377,26.9006],[81.3596,26.898],[81.3704,26.9109],[81.3558,26.9141],[81.3535,26.9223],[81.3675,26.9288],[81.3614,26.9354],[81.3748,26.9501],[81.3756,26.9608],[81.3828,26.9681],[81.3762,26.9684],[81.3766,26.9728],[81.367,26.9719],[81.3627,26.9808],[81.3447,26.9818],[81.3431,26.9868],[81.3345,26.9854],[81.3163,26.9932],[81.3197,27.0011],[81.3036,27.0275],[81.2988,27.0296],[81.2913,27.0237],[81.2874,27.0261],[81.2857,27.0449],[81.2695,27.0583]]]}},{"type":"Feature","properties":{"ac_name":"BANGERMAU","ac_no":162,"ac_category":"GEN","st_name":"UTTAR PRADESH"},"geometry":{"type":"Polygon","coordinates":[[[80.2478,27.0166],[80.2412,27.0093],[80.2307,26.9732],[80.2206,26.9668],[80.2073,26.9722],[80.1899,26.9613],[80.1821,26.9632],[80.1789,26.9576],[80.1734,26.9626],[80.1766,26.9628],[80.1752,26.9711],[80.1844,26.979],[80.1857,26.9991],[80.1756,26.9982],[80.1548,26.9836],[80.156,26.9801],[80.1511,26.9818],[80.1487,26.9784],[80.1439,26.9891],[80.1396,26.9863],[80.1354,26.9904],[80.1331,26.9835],[80.1267,26.9833],[80.119,26.9897],[80.1242,26.9904],[80.1238,26.9952],[80.1136,26.9965],[80.1016,26.9787],[80.108,26.9697],[80.1071,26.9615],[80.0864,26.9611],[80.083,26.9521],[80.0688,26.9457],[80.0445,26.9251],[80.0774,26.8945],[80.114,26.8786],[80.126,26.8659],[80.1423,26.8595],[80.1433,26.8362],[80.1239,26.8255],[80.1249,26.8046],[80.1176,26.7749],[80.1356,26.7384],[80.1479,26.7273],[80.1611,26.7228],[80.1645,26.7143],[80.1903,26.7099],[80.1975,26.6997],[80.2204,26.7088],[80.2242,26.7184],[80.2409,26.7175],[80.2493,26.7229],[80.2636,26.7161],[80.2759,26.719],[80.2771,26.7285],[80.2854,26.7294],[80.2934,26.738],[80.2911,26.7416],[80.3092,26.7717],[80.3167,26.7677],[80.3373,26.7928],[80.3524,26.8143],[80.3537,26.8255],[80.3657,26.8242],[80.3683,26.8346],[80.3629,26.8381],[80.3746,26.8428],[80.367,26.8498],[80.3811,26.8696],[80.3878,26.8896],[80.3851,26.9006],[80.3995,26.9113],[80.395,26.916],[80.3959,26.9257],[80.3885,26.933],[80.3768,26.9276],[80.3682,26.929],[80.3628,26.9214],[80.3395,26.9499],[80.3427,26.9667],[80.3349,26.9729],[80.3313,26.9908],[80.3177,26.9884],[80.2966,26.9974],[80.3093,27.0116],[80.3074,27.0257],[80.2912,27.0226],[80.2837,27.0293],[80.2695,27.0269],[80.2585,27.0314],[80.2522,27.0284],[80.2565,27.0199],[80.2478,27.0166]]]}},{"type":"Feature","properties":{"ac_name":"JASWANTNAGAR","ac_no":199,"ac_category":"GEN","st_name":"UTTAR PRADESH"},"geometry":{"type":"Polygon","coordinates":[[[79.1633,27.0002],[79.1632,26.9973],[79.146,26.9974],[79.1342,27.0008],[79.1243,26.9939],[79.1165,27.0002],[79.1117,26.9932],[79.0945,27.0016],[79.0966,26.9817],[79.0861,26.9767],[79.0764,26.9909],[79.064,26.9882],[79.0517,26.9818],[79.048,26.9708],[79.0348,26.9672],[79.0246,26.9526],[79.0117,26.9454],[79.0134,26.9407],[78.9974,26.9289],[78.9683,26.9589],[78.9593,26.961],[78.9593,26.9674],[78.9489,26.9732],[78.9438,26.9692],[78.9365,26.9725],[78.9354,26.9806],[78.925,26.9846],[78.9186,26.9733],[78.9249,26.9672],[78.9158,26.9615],[78.8966,26.9674],[78.8671,26.9577],[78.8537,26.9722],[78.8372,26.9591],[78.8416,26.9529],[78.836,26.95],[78.828,26.9494],[78.8062,26.9586],[78.7903,26.9515],[78.788,26.945],[78.7771,26.9497],[78.7456,26.9142],[78.7413,26.9],[78.7436,26.8894],[78.7535,26.8903],[78.7543,26.9074],[78.7659,26.9066],[78.7757,26.8833],[78.7874,26.8798],[78.7794,26.8646],[78.7986,26.8641],[78.8088,26.8731],[78.8147,26.8649],[78.8173,26.8469],[78.8381,26.8354],[78.8491,26.8176],[78.8669,26.8422],[78.8795,26.8508],[78.888,26.8501],[78.8982,26.8556],[78.9066,26.8512],[78.9203,26.8629],[78.9358,26.8534],[78.9371,26.8369],[78.9494,26.8273],[78.9623,26.8299],[78.9707,26.8407],[78.9717,26.8456],[78.9643,26.8512],[78.9761,26.8488],[78.9796,26.8532],[78.9955,26.8559],[78.9994,26.8514],[79.0184,26.8485],[79.0215,26.8602],[79.0158,26.8661],[79.0253,26.8634],[79.0489,26.8828],[79.0336,26.894],[79.0468,26.9071],[79.0654,26.8941],[79.0711,26.8829],[79.0847,26.8806],[79.1042,26.8667],[79.113,26.8649],[79.1106,26.8702],[79.1159,26.8747],[79.1325,26.851],[79.1455,26.8438],[79.1533,26.8547],[79.1665,26.8509],[79.1719,26.8535],[79.192,26.8483],[79.1966,26.8389],[79.2105,26.8346],[79.2241,26.841],[79.2274,26.8536],[79.2505,26.8519],[79.2644,26.8559],[79.279,26.8525],[79.2679,26.8418],[79.278,26.8229],[79.3038,26.8173],[79.3015,26.8147],[79.3178,26.8019],[79.3382,26.8004],[79.3316,26.819],[79.3461,26.833],[79.3333,26.8448],[79.3439,26.8656],[79.3473,26.8863],[79.3398,26.8902],[79.3458,26.8917],[79.3481,26.8981],[79.3409,26.9006],[79.3452,26.9047],[79.3419,26.9133],[79.3524,26.9219],[79.3485,26.9344],[79.3393,26.9318],[79.3309,26.9396],[79.3169,26.9431],[79.317,26.9515],[79.325,26.9599],[79.3187,26.9647],[79.3221,26.9723],[79.3168,26.977],[79.3029,26.9842],[79.2942,26.9775],[79.285,26.9853],[79.2747,26.9836],[79.2727,26.9895],[79.2563,26.9791],[79.2485,26.9842],[79.2335,26.9756],[79.2088,26.97],[79.1945,26.9782],[79.1907,27.003],[79.1773,27.007],[79.1678,27.0059],[79.1633,27.0002]]]}},{"type":"Feature","properties":{"ac_name":"BAH","ac_no":94,"ac_category":"GEN","st_name":"UTTAR PRADESH"},"geometry":{"type":"Polygon","coordinates":[[[78.4508,26.9854],[78.4484,26.9743],[78.4365,26.978],[78.424,26.9691],[78.4233,26.9654],[78.4333,26.9593],[78.4169,26.9458],[78.4146,26.9578],[78.4016,26.9631],[78.3912,26.9603],[78.3827,26.9696],[78.3707,26.9603],[78.3485,26.9704],[78.3537,26.9544],[78.3395,26.9513],[78.3356,26.9393],[78.2949,26.9474],[78.2803,26.9649],[78.2643,26.9274],[78.2717,26.9214],[78.2706,26.9145],[78.2582,26.8962],[78.237,26.889],[78.2327,26.8742],[78.2085,26.8688],[78.2032,26.8808],[78.1967,26.8806],[78.213,26.846],[78.2203,26.8436],[78.2187,26.8344],[78.223,26.8307],[78.2688,26.8136],[78.2751,26.8247],[78.2733,26.843],[78.2819,26.854],[78.3044,26.8624],[78.3314,26.8623],[78.3626,26.8692],[78.3723,26.8638],[78.3823,26.8408],[78.3989,26.8185],[78.4343,26.8257],[78.4617,26.7883],[78.5212,26.7805],[78.5455,26.7636],[78.5648,26.7615],[78.5762,26.7488],[78.5927,26.7521],[78.6072,26.7496],[78.615,26.7534],[78.6264,26.7718],[78.6732,26.7644],[78.6831,26.7878],[78.7219,26.7963],[78.7293,26.7925],[78.7281,26.7762],[78.7374,26.7748],[78.7456,26.7856],[78.7532,26.7872],[78.7616,26.7801],[78.7677,26.7618],[78.7797,26.7587],[78.7807,26.774],[78.7927,26.8012],[78.8145,26.8014],[78.8332,26.7897],[78.8474,26.7998],[78.8531,26.8102],[78.8491,26.8176],[78.8381,26.8354],[78.8173,26.8469],[78.8147,26.8649],[78.8088,26.8731],[78.7986,26.8641],[78.7794,26.8646],[78.7874,26.8798],[78.7757,26.8833],[78.7659,26.9066],[78.7543,26.9074],[78.7535,26.8903],[78.7436,26.8894],[78.7413,26.9],[78.7456,26.9142],[78.7335,26.9205],[78.7298,26.9034],[78.7193,26.8991],[78.7103,26.9028],[78.7068,26.9174],[78.6943,26.9096],[78.6759,26.919],[78.6712,26.9079],[78.6734,26.8782],[78.6602,26.8833],[78.6404,26.8802],[78.6353,26.8825],[78.6329,26.9056],[78.6176,26.9173],[78.6232,26.9423],[78.6105,26.9485],[78.5963,26.9471],[78.6081,26.9234],[78.5982,26.9182],[78.5729,26.943],[78.575,26.9607],[78.5428,26.9615],[78.5248,26.9749],[78.5128,26.9692],[78.5258,26.9579],[78.526,26.9461],[78.5437,26.9291],[78.5412,26.9209],[78.5268,26.916],[78.5148,26.9375],[78.5136,26.9583],[78.4842,26.9652],[78.4805,26.9918],[78.4622,26.9847],[78.4508,26.9854]]]}},{"type":"Feature","properties":{"ac_name":"DARIYABAD","ac_no":270,"ac_category":"GEN","st_name":"UTTAR PRADESH"},"geometry":{"type":"Polygon","coordinates":[[[81.5659,27.0202],[81.5601,27.0196],[81.56,27.0152],[81.5688,27.0068],[81.5522,27.0071],[81.5435,26.9845],[81.5309,26.9834],[81.5223,26.9908],[81.5008,26.9665],[81.4922,26.965],[81.4859,26.9581],[81.453,26.9627],[81.4457,26.9549],[81.4354,26.9571],[81.4312,26.9456],[81.4349,26.9433],[81.4254,26.9352],[81.4033,26.9444],[81.3886,26.9335],[81.3863,26.9276],[81.393,26.9197],[81.3761,26.9178],[81.3704,26.9109],[81.3596,26.898],[81.377,26.9006],[81.3828,26.8853],[81.4142,26.889],[81.4164,26.8939],[81.4251,26.8923],[81.4259,26.8763],[81.4195,26.8687],[81.4244,26.8614],[81.3928,26.8496],[81.3956,26.8423],[81.4106,26.8325],[81.4115,26.8178],[81.4208,26.8019],[81.4308,26.8012],[81.4335,26.7816],[81.4514,26.7644],[81.4316,26.752],[81.4237,26.7403],[81.4075,26.7371],[81.4048,26.7313],[81.4214,26.7168],[81.4622,26.715],[81.4633,26.7066],[81.4513,26.6936],[81.4471,26.6749],[81.4733,26.6556],[81.4788,26.6465],[81.487,26.6494],[81.4947,26.6371],[81.5026,26.6541],[81.5084,26.6456],[81.5158,26.6486],[81.5177,26.6706],[81.5324,26.688],[81.5379,26.6891],[81.5431,26.6797],[81.5571,26.6875],[81.5498,26.706],[81.5412,26.7094],[81.5395,26.7331],[81.5175,26.7526],[81.5212,26.763],[81.5171,26.7714],[81.5209,26.7792],[81.5283,26.7799],[81.5434,26.7916],[81.5679,26.7913],[81.577,26.8064],[81.5736,26.8096],[81.5797,26.8277],[81.5865,26.8293],[81.5982,26.8156],[81.6054,26.8164],[81.5955,26.8303],[81.5993,26.8418],[81.6047,26.8443],[81.6138,26.8294],[81.6394,26.8188],[81.6536,26.8371],[81.6657,26.833],[81.6716,26.8366],[81.6795,26.8346],[81.7035,26.8464],[81.7156,26.8402],[81.7255,26.8559],[81.7375,26.8604],[81.7449,26.8572],[81.7507,26.8664],[81.7576,26.8635],[81.7816,26.8708],[81.7665,26.8846],[81.7512,26.8879],[81.7256,26.9194],[81.7158,26.9221],[81.7135,26.9272],[81.719,26.9397],[81.7298,26.9483],[81.7253,26.9583],[81.658,26.9648],[81.6529,26.9738],[81.6576,26.9777],[81.6525,26.9938],[81.6554,27.0135],[81.646,27.0159],[81.613,27.0052],[81.6034,27.0098],[81.6037,27.0185],[81.5931,27.0232],[81.5738,27.0131],[81.5659,27.0202]]]}},{"type":"Feature","properties":{"ac_name":"MOHAN","ac_no":164,"ac_category":"SC","st_name":"UTTAR PRADESH"},"geometry":{"type":"Polygon","coordinates":[[[80.4864,26.9884],[80.4804,26.9867],[80.4776,26.9786],[80.4709,26.979],[80.4655,26.9581],[80.4702,26.9504],[80.4763,26.9488],[80.4847,26.9367],[80.4984,26.9427],[80.4983,26.9284],[80.5092,26.9261],[80.5194,26.9144],[80.5113,26.904],[80.5314,26.8973],[80.5276,26.8869],[80.5491,26.8795],[80.5476,26.8681],[80.5579,26.8599],[80.5553,26.8525],[80.5637,26.8493],[80.5578,26.838],[80.5655,26.8215],[80.5768,26.8203],[80.5798,26.8107],[80.5532,26.7913],[80.5473,26.797],[80.5418,26.7853],[80.5306,26.7781],[80.5411,26.7667],[80.5265,26.759],[80.5756,26.7359],[80.5709,26.7198],[80.5771,26.7049],[80.5841,26.7016],[80.5841,26.694],[80.5713,26.6917],[80.5598,26.6952],[80.5514,26.69],[80.5465,26.669],[80.5397,26.6602],[80.5369,26.6643],[80.5274,26.6648],[80.5185,26.6564],[80.5115,26.6583],[80.5116,26.6486],[80.541,26.6345],[80.5387,26.6241],[80.5528,26.6177],[80.556,26.6038],[80.5718,26.6066],[80.5709,26.5965],[80.5934,26.5851],[80.6458,26.5909],[80.6517,26.5985],[80.6591,26.5989],[80.6626,26.5937],[80.6545,26.5879],[80.6565,26.5738],[80.6736,26.5764],[80.6814,26.5848],[80.687,26.5846],[80.681,26.5683],[80.6853,26.5593],[80.6869,26.5568],[80.6971,26.573],[80.7045,26.5565],[80.7124,26.5637],[80.7112,26.5729],[80.7252,26.5796],[80.7147,26.5917],[80.7162,26.6036],[80.726,26.6158],[80.7337,26.6166],[80.7503,26.6327],[80.7544,26.6441],[80.7705,26.6483],[80.777,26.6386],[80.7752,26.6217],[80.8102,26.6183],[80.8094,26.6458],[80.7994,26.6482],[80.7926,26.6454],[80.7944,26.6512],[80.7869,26.6527],[80.7916,26.6563],[80.7835,26.6668],[80.7772,26.6688],[80.7708,26.6629],[80.7669,26.6657],[80.7697,26.6819],[80.7655,26.6829],[80.7655,26.6768],[80.7609,26.6862],[80.757,26.6823],[80.7559,26.6883],[80.7444,26.6798],[80.7457,26.6667],[80.7283,26.6562],[80.7146,26.6669],[80.7135,26.6816],[80.6957,26.6867],[80.7188,26.702],[80.7133,26.7032],[80.7133,26.7122],[80.6977,26.7196],[80.7063,26.7199],[80.7005,26.7276],[80.7052,26.7403],[80.6924,26.7606],[80.6988,26.7648],[80.712,26.7579],[80.7328,26.7557],[80.751,26.766],[80.7548,26.7749],[80.7368,26.7764],[80.7401,26.7903],[80.7214,26.8006],[80.7168,26.8176],[80.693,26.8362],[80.6915,26.8452],[80.6946,26.8501],[80.6786,26.863],[80.669,26.8638],[80.6363,26.8801],[80.6272,26.8786],[80.6267,26.8892],[80.6406,26.9033],[80.6212,26.9094],[80.606,26.9455],[80.5926,26.9449],[80.5806,26.9249],[80.5614,26.9371],[80.5791,26.9604],[80.5874,26.9625],[80.5948,26.9546],[80.5986,26.964],[80.5932,26.9689],[80.6001,26.9834],[80.5929,26.9914],[80.5855,26.9873],[80.5786,26.9992],[80.5604,27.0104],[80.55,27.0136],[80.5455,27.0005],[80.5352,27.0074],[80.5264,26.9997],[80.5196,27.0007],[80.5051,26.9856],[80.4904,26.9896],[80.4864,26.9884]]]}},{"type":"Feature","properties":{"ac_name":"RAMKOLA","ac_no":335,"ac_category":"SC","st_name":"UTTAR PRADESH"},"geometry":{"type":"Polygon","coordinates":[[[83.7644,27.0005],[83.764,26.9964],[83.7538,26.9925],[83.7398,26.9964],[83.733,26.9894],[83.7286,26.9691],[83.7311,26.9585],[83.724,26.9512],[83.7127,26.9547],[83.7078,26.9622],[83.6821,26.965],[83.6829,26.9505],[83.6787,26.9469],[83.6593,26.9532],[83.6517,26.9506],[83.6338,26.9568],[83.6243,26.9557],[83.6217,26.9472],[83.6284,26.9412],[83.6262,26.9299],[83.6165,26.9313],[83.6084,26.9255],[83.6064,26.9116],[83.5911,26.9155],[83.5957,26.9259],[83.5887,26.9325],[83.5793,26.9279],[83.5705,26.9336],[83.5648,26.9224],[83.5596,26.9234],[83.558,26.9197],[83.5551,26.8895],[83.5462,26.8893],[83.5449,26.8858],[83.5417,26.8669],[83.5269,26.8593],[83.5245,26.8524],[83.5485,26.8456],[83.5479,26.8379],[83.5623,26.8362],[83.5611,26.8238],[83.5849,26.8068],[83.5926,26.8147],[83.5803,26.8234],[83.5863,26.8266],[83.5825,26.835],[83.5899,26.8444],[83.6052,26.8456],[83.6071,26.8539],[83.6222,26.8506],[83.6475,26.8602],[83.6646,26.8716],[83.6634,26.8881],[83.681,26.8853],[83.6883,26.8645],[83.7086,26.8523],[83.722,26.8547],[83.717,26.8633],[83.7203,26.8702],[83.7297,26.8698],[83.7375,26.8876],[83.7575,26.8886],[83.7834,26.8692],[83.8003,26.8657],[83.8157,26.8791],[83.8223,26.8735],[83.8225,26.8664],[83.8076,26.8611],[83.8177,26.8542],[83.8276,26.8567],[83.8544,26.8495],[83.8604,26.853],[83.8686,26.8437],[83.8785,26.8436],[83.889,26.8353],[83.9172,26.857],[83.9214,26.879],[83.9207,26.8879],[83.9064,26.8864],[83.8907,26.899],[83.8761,26.924],[83.8758,26.9439],[83.8703,26.9464],[83.8564,26.9406],[83.8444,26.9499],[83.8181,26.9557],[83.8019,26.9539],[83.7975,26.9485],[83.7906,26.9542],[83.7926,26.9676],[83.8049,26.9699],[83.8057,26.9751],[83.7984,26.9839],[83.7839,26.9859],[83.7858,26.9989],[83.7683,27.0053],[83.7644,27.0005]]]}},{"type":"Feature","properties":{"ac_name":"KAPTANGANJ","ac_no":308,"ac_category":"GEN","st_name":"UTTAR PRADESH"},"geometry":{"type":"Polygon","coordinates":[[[82.5833,26.9964],[82.583,26.9919],[82.5633,26.9867],[82.562,26.9646],[82.5485,26.9617],[82.5398,26.9505],[82.5201,26.9515],[82.5113,26.9469],[82.5005,26.9305],[82.5012,26.9202],[82.4884,26.9057],[82.4969,26.9006],[82.4914,26.8863],[82.4851,26.883],[82.4749,26.8866],[82.469,26.8768],[82.4634,26.881],[82.4593,26.8782],[82.4581,26.8724],[82.4666,26.8717],[82.47,26.8623],[82.4647,26.8562],[82.4674,26.8457],[82.4803,26.843],[82.4979,26.8223],[82.5031,26.8252],[82.5168,26.8171],[82.5206,26.8069],[82.5281,26.8052],[82.5365,26.7828],[82.5443,26.7788],[82.54,26.7698],[82.5444,26.7639],[82.538,26.7516],[82.5638,26.7566],[82.5736,26.7509],[82.5794,26.7399],[82.5758,26.7325],[82.5639,26.7296],[82.5561,26.7218],[82.5385,26.7313],[82.5347,26.7276],[82.5206,26.7346],[82.5142,26.7239],[82.5151,26.7081],[82.5281,26.6929],[82.5168,26.6786],[82.4924,26.6804],[82.4781,26.6682],[82.4799,26.6695],[82.4927,26.6726],[82.5063,26.6686],[82.5124,26.6603],[82.5078,26.6406],[82.519,26.6312],[82.5446,26.6261],[82.5632,26.6324],[82.6032,26.608],[82.6022,26.6308],[82.6083,26.6572],[82.5983,26.6703],[82.6067,26.6752],[82.6124,26.6882],[82.5963,26.6961],[82.5935,26.7077],[82.5985,26.7129],[82.6106,26.7151],[82.6116,26.7257],[82.6236,26.7322],[82.6159,26.7484],[82.6204,26.7575],[82.6276,26.7531],[82.6654,26.7569],[82.6693,26.7726],[82.6776,26.7817],[82.6685,26.7928],[82.6689,26.7989],[82.6817,26.8108],[82.6722,26.8295],[82.6825,26.8367],[82.693,26.8584],[82.6902,26.867],[82.6985,26.8721],[82.7006,26.8992],[82.6863,26.8969],[82.6823,26.9022],[82.6749,26.9047],[82.6733,26.9012],[82.6661,26.9076],[82.655,26.9083],[82.651,26.9196],[82.643,26.9245],[82.6462,26.9369],[82.64,26.9375],[82.6382,26.9439],[82.6526,26.9906],[82.6288,26.9865],[82.6248,26.9909],[82.6083,26.9882],[82.6045,26.9928],[82.5994,26.9851],[82.5833,26.9964]]]}},{"type":"Feature","properties":{"ac_name":"SAFIPUR","ac_no":163,"ac_category":"SC","st_name":"UTTAR PRADESH"},"geometry":{"type":"Polygon","coordinates":[[[80.4265,26.932],[80.4254,26.9193],[80.432,26.9156],[80.417,26.8907],[80.4127,26.8904],[80.4068,26.9036],[80.3988,26.9064],[80.3995,26.9113],[80.3851,26.9006],[80.3878,26.8896],[80.3811,26.8696],[80.367,26.8498],[80.3746,26.8428],[80.3629,26.8381],[80.3683,26.8346],[80.3657,26.8242],[80.3537,26.8255],[80.3524,26.8143],[80.3373,26.7928],[80.3167,26.7677],[80.3092,26.7717],[80.2911,26.7416],[80.2934,26.738],[80.2854,26.7294],[80.2771,26.7285],[80.2759,26.719],[80.2636,26.7161],[80.2493,26.7229],[80.2409,26.7175],[80.2242,26.7184],[80.2204,26.7088],[80.1975,26.6997],[80.2424,26.6857],[80.2744,26.6977],[80.2988,26.6777],[80.3085,26.6791],[80.314,26.6695],[80.3336,26.6634],[80.3394,26.656],[80.3518,26.6594],[80.3619,26.653],[80.364,26.6422],[80.3736,26.6452],[80.3907,26.6738],[80.4017,26.6718],[80.4088,26.6589],[80.429,26.6635],[80.4315,26.6584],[80.4557,26.6531],[80.461,26.6398],[80.4791,26.6443],[80.4851,26.6413],[80.4891,26.6567],[80.5115,26.6583],[80.5185,26.6564],[80.5274,26.6648],[80.5369,26.6643],[80.5397,26.6602],[80.5465,26.669],[80.5514,26.69],[80.5598,26.6952],[80.5713,26.6917],[80.5841,26.694],[80.5841,26.7016],[80.5771,26.7049],[80.5709,26.7198],[80.5756,26.7359],[80.5265,26.759],[80.5411,26.7667],[80.5306,26.7781],[80.5418,26.7853],[80.5473,26.797],[80.5532,26.7913],[80.5798,26.8107],[80.5768,26.8203],[80.5655,26.8215],[80.5578,26.838],[80.5637,26.8493],[80.5553,26.8525],[80.5579,26.8599],[80.5476,26.8681],[80.5491,26.8795],[80.5276,26.8869],[80.5314,26.8973],[80.5113,26.904],[80.5194,26.9144],[80.5092,26.9261],[80.4983,26.9284],[80.4984,26.9427],[80.4847,26.9367],[80.4763,26.9488],[80.4702,26.9504],[80.4655,26.9581],[80.4709,26.979],[80.458,26.977],[80.4469,26.9675],[80.4441,26.9623],[80.4498,26.953],[80.4282,26.9432],[80.4265,26.932]]]}},{"type":"Feature","properties":{"ac_name":"HARRAIYA","ac_no":307,"ac_category":"GEN","st_name":"UTTAR PRADESH"},"geometry":{"type":"Polygon","coordinates":[[[82.2482,26.9344],[82.2408,26.9317],[82.2339,26.92],[82.2387,26.9187],[82.2371,26.9146],[82.2501,26.8959],[82.2306,26.8682],[82.2404,26.8549],[82.2368,26.8532],[82.2473,26.8274],[82.2567,26.8255],[82.2551,26.8143],[82.2472,26.8107],[82.238,26.8187],[82.229,26.8124],[82.2416,26.8082],[82.2482,26.7972],[82.2582,26.7937],[82.2781,26.7757],[82.2875,26.7743],[82.2916,26.766],[82.3089,26.7545],[82.3523,26.7372],[82.3741,26.7127],[82.3705,26.6964],[82.3751,26.6815],[82.3988,26.6642],[82.4143,26.6596],[82.4155,26.6514],[82.4245,26.6424],[82.4512,26.64],[82.4781,26.6682],[82.4924,26.6804],[82.5168,26.6786],[82.5281,26.6929],[82.5151,26.7081],[82.5142,26.7239],[82.5206,26.7346],[82.5347,26.7276],[82.5385,26.7313],[82.5561,26.7218],[82.5639,26.7296],[82.5758,26.7325],[82.5794,26.7399],[82.5736,26.7509],[82.5638,26.7566],[82.538,26.7516],[82.5444,26.7639],[82.54,26.7698],[82.5443,26.7788],[82.5365,26.7828],[82.5281,26.8052],[82.5206,26.8069],[82.5168,26.8171],[82.5031,26.8252],[82.4979,26.8223],[82.4803,26.843],[82.4674,26.8457],[82.4647,26.8562],[82.47,26.8623],[82.4666,26.8717],[82.4581,26.8724],[82.4593,26.8782],[82.4634,26.881],[82.469,26.8768],[82.4749,26.8866],[82.4851,26.883],[82.4914,26.8863],[82.4969,26.9006],[82.4884,26.9057],[82.4787,26.9036],[82.4441,26.932],[82.437,26.9264],[82.3885,26.9492],[82.3861,26.9391],[82.3717,26.9365],[82.3685,26.9319],[82.3545,26.9314],[82.3267,26.956],[82.327,26.9671],[82.317,26.9777],[82.3145,26.9696],[82.2999,26.9637],[82.2896,26.9498],[82.274,26.9431],[82.274,26.9361],[82.258,26.9422],[82.2482,26.9344]]]}},{"type":"Feature","properties":{"ac_name":"BILHAUR","ac_no":209,"ac_category":"SC","st_name":"UTTAR PRADESH"},"geometry":{"type":"Polygon","coordinates":[[[80.016,26.9551],[80.0067,26.9526],[79.9929,26.9633],[79.9786,26.9493],[79.9927,26.9388],[79.9834,26.9302],[79.9767,26.9338],[79.9798,26.9373],[79.9727,26.9455],[79.964,26.9454],[79.9584,26.9537],[79.9448,26.9452],[79.9409,26.923],[79.9515,26.9206],[79.9414,26.8992],[79.9495,26.8907],[79.9385,26.8766],[79.9623,26.8585],[79.955,26.8573],[79.9425,26.845],[79.9278,26.8553],[79.9069,26.8462],[79.8948,26.8496],[79.8907,26.8423],[79.8931,26.8244],[79.9224,26.8083],[79.9271,26.8001],[79.9407,26.7964],[79.9481,26.7806],[79.9388,26.7639],[79.9609,26.7481],[79.9647,26.7322],[79.9678,26.7273],[79.9755,26.7265],[79.98,26.7182],[79.9779,26.7092],[79.9996,26.7032],[80.0022,26.6829],[79.9968,26.6717],[79.9803,26.6674],[80.013,26.645],[80.0256,26.6069],[80.0622,26.6014],[80.0651,26.5905],[80.0724,26.5839],[80.0872,26.5846],[80.0952,26.5897],[80.0999,26.574],[80.117,26.5701],[80.1379,26.5545],[80.1346,26.5465],[80.141,26.5356],[80.1612,26.5429],[80.1632,26.5368],[80.1563,26.534],[80.1523,26.5204],[80.1634,26.5225],[80.1777,26.5295],[80.1887,26.5313],[80.1936,26.5276],[80.2159,26.5316],[80.2192,26.5741],[80.2365,26.5736],[80.2374,26.562],[80.2461,26.5604],[80.2506,26.5694],[80.2399,26.581],[80.2601,26.5986],[80.252,26.6071],[80.254,26.6292],[80.261,26.6354],[80.2798,26.6373],[80.2841,26.6436],[80.2993,26.6485],[80.3033,26.6674],[80.2988,26.6777],[80.2744,26.6977],[80.2424,26.6857],[80.1975,26.6997],[80.1903,26.7099],[80.1645,26.7143],[80.1611,26.7228],[80.1479,26.7273],[80.1356,26.7384],[80.1176,26.7749],[80.1249,26.8046],[80.1239,26.8255],[80.1433,26.8362],[80.1423,26.8595],[80.126,26.8659],[80.114,26.8786],[80.0774,26.8945],[80.0445,26.9251],[80.016,26.9551]]]}},{"type":"Feature","properties":{"ac_name":"BIDHUNA","ac_no":202,"ac_category":"GEN","st_name":"UTTAR PRADESH"},"geometry":{"type":"Polygon","coordinates":[[[79.3485,26.9344],[79.3524,26.9219],[79.3419,26.9133],[79.3452,26.9047],[79.3409,26.9006],[79.3481,26.8981],[79.3458,26.8917],[79.3398,26.8902],[79.3473,26.8863],[79.3439,26.8656],[79.3333,26.8448],[79.3461,26.833],[79.3316,26.819],[79.3382,26.8004],[79.3349,26.7902],[79.3648,26.781],[79.3674,26.788],[79.3832,26.7787],[79.3891,26.7699],[79.4162,26.7614],[79.4238,26.7549],[79.4261,26.7377],[79.4388,26.7436],[79.4406,26.7544],[79.4572,26.7588],[79.4706,26.7657],[79.4908,26.7603],[79.4993,26.7681],[79.5141,26.7583],[79.5147,26.7642],[79.5256,26.7705],[79.5389,26.7606],[79.5401,26.767],[79.5537,26.7593],[79.5418,26.7531],[79.5408,26.7484],[79.538,26.7179],[79.5445,26.6998],[79.5412,26.6925],[79.5439,26.6828],[79.5258,26.664],[79.5545,26.6542],[79.5715,26.6565],[79.578,26.6369],[79.5856,26.6316],[79.5767,26.6181],[79.5817,26.6068],[79.6215,26.5883],[79.6337,26.5902],[79.64,26.607],[79.6554,26.6024],[79.6611,26.6153],[79.6728,26.6114],[79.6825,26.6318],[79.7071,26.6436],[79.7173,26.6584],[79.7189,26.6649],[79.7118,26.6756],[79.7204,26.6908],[79.6964,26.7178],[79.6906,26.7316],[79.6789,26.735],[79.6746,26.7437],[79.6964,26.7424],[79.7029,26.7488],[79.7193,26.7496],[79.7303,26.7654],[79.7468,26.7666],[79.7562,26.7821],[79.7544,26.7965],[79.7486,26.7977],[79.739,26.8119],[79.7253,26.8035],[79.7131,26.8084],[79.7156,26.8131],[79.7007,26.8232],[79.7053,26.8363],[79.6739,26.8638],[79.6615,26.8672],[79.6649,26.8863],[79.648,26.8938],[79.6356,26.8923],[79.6237,26.8839],[79.6142,26.8924],[79.6002,26.8917],[79.5986,26.8858],[79.5804,26.8727],[79.5828,26.8642],[79.5603,26.8594],[79.5514,26.8695],[79.5386,26.8751],[79.5292,26.8713],[79.5217,26.8797],[79.5133,26.8747],[79.5058,26.8817],[79.4966,26.8824],[79.4819,26.8951],[79.4821,26.9001],[79.478,26.8957],[79.4702,26.9028],[79.462,26.8968],[79.4631,26.9037],[79.4554,26.9037],[79.4588,26.9157],[79.4556,26.9131],[79.4528,26.916],[79.4485,26.9299],[79.434,26.929],[79.4344,26.9337],[79.4408,26.9336],[79.4359,26.9363],[79.4366,26.9411],[79.4149,26.9337],[79.4002,26.9366],[79.399,26.9297],[79.3931,26.9265],[79.3585,26.9467],[79.3485,26.9344]]]}},{"type":"Feature","properties":{"ac_name":"PIPRAICH","ac_no":321,"ac_category":"GEN","st_name":"UTTAR PRADESH"},"geometry":{"type":"Polygon","coordinates":[[[83.5449,26.8858],[83.5264,26.8939],[83.5144,26.8919],[83.5124,26.8958],[83.4875,26.8976],[83.4887,26.91],[83.484,26.9091],[83.4773,26.9244],[83.47,26.9265],[83.4763,26.9316],[83.4761,26.939],[83.4563,26.9497],[83.4492,26.9602],[83.3715,26.958],[83.3621,26.9314],[83.3516,26.9261],[83.3569,26.9143],[83.3501,26.9107],[83.3393,26.9227],[83.3148,26.9157],[83.3105,26.9006],[83.3129,26.8874],[83.2921,26.8691],[83.2924,26.8499],[83.2988,26.8459],[83.2968,26.8364],[83.3082,26.832],[83.3153,26.8233],[83.3124,26.8173],[83.322,26.8181],[83.3272,26.828],[83.338,26.8245],[83.3452,26.8315],[83.3536,26.8286],[83.3584,26.8466],[83.3637,26.8361],[83.3789,26.8382],[83.4064,26.8195],[83.4195,26.8205],[83.4183,26.8095],[83.4261,26.8057],[83.409,26.8029],[83.4049,26.7984],[83.416,26.79],[83.4137,26.7763],[83.4206,26.7692],[83.4377,26.7637],[83.4587,26.7692],[83.4588,26.7591],[83.4848,26.7631],[83.4887,26.7543],[83.5036,26.7535],[83.5133,26.7474],[83.5242,26.7535],[83.5346,26.7451],[83.5433,26.7586],[83.5617,26.745],[83.5588,26.7384],[83.5693,26.7365],[83.5725,26.7454],[83.5859,26.7462],[83.5904,26.7347],[83.5965,26.7395],[83.597,26.7503],[83.6129,26.7472],[83.6217,26.7544],[83.5857,26.7611],[83.588,26.77],[83.593,26.7694],[83.5906,26.7822],[83.5955,26.7906],[83.5849,26.8068],[83.5611,26.8238],[83.5623,26.8362],[83.5479,26.8379],[83.5485,26.8456],[83.5245,26.8524],[83.5269,26.8593],[83.5417,26.8669],[83.5449,26.8858]]]}},{"type":"Feature","properties":{"ac_name":"LUCKNOW NORTH","ac_no":172,"ac_category":"GEN","st_name":"UTTAR PRADESH"},"geometry":{"type":"Polygon","coordinates":[[[80.981,26.9258],[80.969,26.9337],[80.9727,26.9397],[80.9622,26.947],[80.951,26.9377],[80.9477,26.9392],[80.9383,26.9274],[80.9291,26.9319],[80.92,26.9265],[80.9121,26.9104],[80.907,26.9135],[80.8949,26.9043],[80.8988,26.8919],[80.8832,26.8925],[80.8775,26.8727],[80.9002,26.8755],[80.9072,26.8663],[80.9072,26.872],[80.9167,26.8728],[80.9333,26.8588],[80.9399,26.8793],[80.981,26.9258]]]}},{"type":"Feature","properties":{"ac_name":"KHALILABAD","ac_no":313,"ac_category":"GEN","st_name":"UTTAR PRADESH"},"geometry":{"type":"Polygon","coordinates":[[[82.9182,26.9179],[82.8818,26.9324],[82.8848,26.9402],[82.8762,26.9427],[82.8706,26.9396],[82.8631,26.925],[82.8505,26.9251],[82.8482,26.9175],[82.8569,26.9133],[82.8597,26.9176],[82.8717,26.9151],[82.869,26.9014],[82.865,26.8981],[82.8549,26.8998],[82.8708,26.878],[82.8458,26.8753],[82.8374,26.866],[82.8403,26.8579],[82.8254,26.853],[82.827,26.8397],[82.8395,26.8458],[82.8619,26.8299],[82.8701,26.8353],[82.8826,26.8312],[82.8807,26.8239],[82.8873,26.8137],[82.8798,26.7968],[82.8845,26.7916],[82.8819,26.7819],[82.8845,26.7857],[82.9303,26.791],[82.9193,26.7609],[82.9273,26.7659],[82.9371,26.7632],[82.9407,26.7516],[82.9497,26.7523],[82.9634,26.7415],[82.9586,26.7305],[82.9629,26.7268],[82.9781,26.7103],[82.9702,26.6921],[82.9632,26.6887],[82.9668,26.6781],[82.9801,26.6786],[82.9939,26.6704],[82.9986,26.6512],[83.0049,26.6455],[83.0191,26.6564],[83.027,26.6573],[83.0275,26.6619],[83.0133,26.6619],[83.0267,26.6754],[83.0416,26.6728],[83.0526,26.6824],[83.0603,26.6806],[83.0551,26.6612],[83.0659,26.6378],[83.0876,26.6381],[83.1009,26.6586],[83.1046,26.6725],[83.1162,26.6843],[83.1096,26.6865],[83.1015,26.6825],[83.0893,26.688],[83.0897,26.7002],[83.0827,26.7019],[83.0867,26.7141],[83.093,26.7216],[83.1079,26.7112],[83.1072,26.7245],[83.117,26.7203],[83.1201,26.7275],[83.1334,26.7257],[83.1309,26.7356],[83.1442,26.7438],[83.1383,26.7535],[83.1429,26.7537],[83.1445,26.765],[83.1337,26.7773],[83.1248,26.7653],[83.1095,26.7643],[83.1062,26.7682],[83.1142,26.7814],[83.1109,26.7939],[83.1037,26.7956],[83.0976,26.8059],[83.0806,26.8122],[83.05,26.8118],[83.0454,26.8156],[83.0529,26.8228],[83.0412,26.8215],[83.0427,26.8359],[83.0387,26.8409],[83.0141,26.838],[83.0112,26.849],[83.0054,26.8516],[82.9837,26.849],[82.9637,26.854],[82.9731,26.872],[82.9657,26.8722],[82.9414,26.886],[82.9392,26.8949],[82.9232,26.9059],[82.9182,26.9179]]]}},{"type":"Feature","properties":{"ac_name":"ETAWAH","ac_no":200,"ac_category":"GEN","st_name":"UTTAR PRADESH"},"geometry":{"type":"Polygon","coordinates":[[[79.1665,26.8509],[79.1533,26.8547],[79.1455,26.8438],[79.1325,26.851],[79.1159,26.8747],[79.1106,26.8702],[79.113,26.8649],[79.1042,26.8667],[79.0847,26.8806],[79.0711,26.8829],[79.0654,26.8941],[79.0468,26.9071],[79.0336,26.894],[79.0489,26.8828],[79.0253,26.8634],[79.0158,26.8661],[79.0215,26.8602],[79.0184,26.8485],[78.9994,26.8514],[78.9955,26.8559],[78.9796,26.8532],[78.9761,26.8488],[78.9643,26.8512],[78.9717,26.8456],[78.9707,26.8407],[78.9623,26.8299],[78.9494,26.8273],[78.9371,26.8369],[78.9358,26.8534],[78.9203,26.8629],[78.9066,26.8512],[78.8982,26.8556],[78.888,26.8501],[78.8795,26.8508],[78.8669,26.8422],[78.8491,26.8176],[78.8531,26.8102],[78.8474,26.7998],[78.8332,26.7897],[78.8145,26.8014],[78.7927,26.8012],[78.7807,26.774],[78.7797,26.7587],[78.8182,26.7615],[78.8384,26.7318],[78.8723,26.6978],[78.8932,26.6974],[78.9123,26.7068],[78.9558,26.6917],[78.9576,26.6831],[78.9424,26.6638],[78.9456,26.6549],[78.9553,26.6565],[78.9798,26.6758],[78.9935,26.6772],[79.0053,26.673],[79.0087,26.6647],[78.9933,26.6413],[79.004,26.6287],[79.0368,26.6449],[79.0568,26.6478],[79.0548,26.6667],[79.0422,26.6763],[79.0574,26.6938],[79.0495,26.7066],[79.1025,26.7672],[79.1017,26.7836],[79.1105,26.7937],[79.1101,26.8003],[79.1464,26.8285],[79.1544,26.83],[79.1651,26.8247],[79.1608,26.8368],[79.1665,26.8509]]]}},{"type":"Feature","properties":{"ac_name":"LUCKNOW EAST","ac_no":173,"ac_category":"GEN","st_name":"UTTAR PRADESH"},"geometry":{"type":"Polygon","coordinates":[[[81.015,26.9263],[81.0059,26.9307],[80.9956,26.9216],[80.981,26.9258],[80.9399,26.8793],[80.9333,26.8588],[80.9728,26.8695],[80.9754,26.8613],[80.9855,26.8635],[80.993,26.8512],[81.0003,26.8563],[81.0086,26.846],[81.0253,26.8492],[81.0165,26.8605],[81.0105,26.861],[81.0097,26.876],[81.0155,26.8782],[81.0129,26.8934],[81.0065,26.8972],[81.0068,26.9073],[81.015,26.9263]]]}},{"type":"Feature","properties":{"ac_name":"LUCKNOW WEST","ac_no":171,"ac_category":"GEN","st_name":"UTTAR PRADESH"},"geometry":{"type":"Polygon","coordinates":[[[80.8656,26.9143],[80.8652,26.9146],[80.8561,26.9091],[80.8519,26.9001],[80.8426,26.9019],[80.8347,26.8967],[80.8518,26.8873],[80.846,26.8792],[80.8516,26.8722],[80.8404,26.8713],[80.8386,26.8617],[80.8446,26.8604],[80.8407,26.8363],[80.8494,26.829],[80.8494,26.8183],[80.8618,26.7984],[80.8689,26.8075],[80.8844,26.8116],[80.8917,26.8395],[80.9072,26.8663],[80.9002,26.8755],[80.8775,26.8727],[80.8832,26.8925],[80.8859,26.9046],[80.8656,26.9143]]]}},{"type":"Feature","properties":{"ac_name":"FAZILNAGAR","ac_no":332,"ac_category":"GEN","st_name":"UTTAR PRADESH"},"geometry":{"type":"Polygon","coordinates":[[[84.0877,26.8818],[84.078,26.8548],[84.0858,26.8552],[84.0821,26.8465],[84.0932,26.8415],[84.0905,26.8307],[84.0814,26.8324],[84.0746,26.8158],[84.0698,26.8055],[84.0844,26.7971],[84.0585,26.7789],[84.0545,26.7673],[84.0468,26.767],[84.0381,26.7755],[84.0355,26.7899],[84.0158,26.7902],[84.0096,26.7959],[84.0021,26.775],[83.9954,26.7761],[84.0006,26.7715],[84.001,26.7644],[83.9936,26.764],[83.9982,26.7571],[83.9833,26.7566],[83.9909,26.7461],[84.0033,26.7469],[84.0007,26.7354],[84.0053,26.7327],[84.0042,26.7234],[84.0104,26.7194],[84.0084,26.7105],[83.9749,26.6921],[83.9777,26.6745],[83.9598,26.6595],[83.9657,26.6489],[83.9648,26.6274],[83.9859,26.6109],[83.9929,26.5931],[84.0002,26.5931],[84.009,26.5766],[84.0292,26.5695],[84.0407,26.5566],[84.0466,26.5559],[84.0461,26.5506],[84.0559,26.5481],[84.0551,26.5584],[84.0607,26.5682],[84.0891,26.6031],[84.0886,26.6161],[84.0528,26.6164],[84.048,26.6276],[84.0625,26.6375],[84.0799,26.6367],[84.078,26.6448],[84.0861,26.6457],[84.0896,26.6532],[84.1106,26.6527],[84.1159,26.6609],[84.1328,26.6607],[84.1387,26.6463],[84.1429,26.6465],[84.142,26.6978],[84.1369,26.7111],[84.1395,26.7159],[84.1348,26.718],[84.1397,26.7222],[84.1383,26.7297],[84.1455,26.7326],[84.1456,26.737],[84.1381,26.736],[84.1654,26.7703],[84.1516,26.7885],[84.1454,26.7874],[84.1619,26.8354],[84.1406,26.8527],[84.1464,26.8855],[84.1313,26.8845],[84.129,26.8932],[84.118,26.8877],[84.1104,26.8987],[84.1001,26.8769],[84.0877,26.8818]]]}},{"type":"Feature","properties":{"ac_name":"SAHAJANWA","ac_no":324,"ac_category":"GEN","st_name":"UTTAR PRADESH"},"geometry":{"type":"Polygon","coordinates":[[[83.2439,26.8952],[83.2317,26.9025],[83.2157,26.8856],[83.2167,26.8821],[83.1818,26.8763],[83.164,26.8804],[83.1583,26.8729],[83.1526,26.8723],[83.138,26.89],[83.1301,26.8773],[83.1351,26.8709],[83.1306,26.8653],[83.1339,26.862],[83.1183,26.842],[83.1179,26.8313],[83.1221,26.8294],[83.1194,26.8189],[83.1129,26.8115],[83.0976,26.8059],[83.1037,26.7956],[83.1109,26.7939],[83.1142,26.7814],[83.1062,26.7682],[83.1095,26.7643],[83.1248,26.7653],[83.1337,26.7773],[83.1445,26.765],[83.1429,26.7537],[83.1383,26.7535],[83.1442,26.7438],[83.1309,26.7356],[83.1334,26.7257],[83.1201,26.7275],[83.117,26.7203],[83.1072,26.7245],[83.1079,26.7112],[83.093,26.7216],[83.0867,26.7141],[83.0827,26.7019],[83.0897,26.7002],[83.0893,26.688],[83.1015,26.6825],[83.1096,26.6865],[83.1162,26.6843],[83.1046,26.6725],[83.1009,26.6586],[83.1322,26.6581],[83.1346,26.6473],[83.1284,26.6385],[83.1342,26.634],[83.1459,26.6348],[83.1545,26.6426],[83.1652,26.6409],[83.1793,26.66],[83.1909,26.6521],[83.1992,26.6539],[83.2029,26.673],[83.2083,26.6762],[83.2121,26.6719],[83.2164,26.672],[83.222,26.6625],[83.2384,26.6702],[83.2531,26.6644],[83.2543,26.6552],[83.2736,26.6401],[83.2793,26.6256],[83.2847,26.6248],[83.2818,26.6089],[83.2931,26.6078],[83.2994,26.5986],[83.3124,26.6021],[83.3184,26.6185],[83.3342,26.62],[83.3382,26.6084],[83.3498,26.621],[83.3763,26.6067],[83.3717,26.6277],[83.3506,26.643],[83.3533,26.6567],[83.3412,26.6704],[83.341,26.6833],[83.313,26.6914],[83.3017,26.7154],[83.307,26.726],[83.3174,26.7273],[83.3222,26.7365],[83.3356,26.7378],[83.3346,26.7463],[83.3218,26.7534],[83.308,26.74],[83.3111,26.7537],[83.3069,26.7587],[83.283,26.7596],[83.2689,26.7474],[83.258,26.7603],[83.2434,26.7968],[83.2544,26.8002],[83.2601,26.8153],[83.2536,26.8223],[83.2401,26.8246],[83.2366,26.8327],[83.2397,26.839],[83.2549,26.8415],[83.2582,26.8469],[83.2505,26.8625],[83.2341,26.8735],[83.2546,26.8905],[83.2525,26.8989],[83.2439,26.8952]]]}},{"type":"Feature","properties":{"ac_name":"HATA","ac_no":334,"ac_category":"GEN","st_name":"UTTAR PRADESH"},"geometry":{"type":"Polygon","coordinates":[[[83.7834,26.8692],[83.7575,26.8886],[83.7375,26.8876],[83.7297,26.8698],[83.7203,26.8702],[83.717,26.8633],[83.722,26.8547],[83.7086,26.8523],[83.6883,26.8645],[83.681,26.8853],[83.6634,26.8881],[83.6646,26.8716],[83.6475,26.8602],[83.6222,26.8506],[83.6071,26.8539],[83.6052,26.8456],[83.5899,26.8444],[83.5825,26.835],[83.5863,26.8266],[83.5803,26.8234],[83.5926,26.8147],[83.5849,26.8068],[83.5955,26.7906],[83.5906,26.7822],[83.593,26.7694],[83.588,26.77],[83.5857,26.7611],[83.6217,26.7544],[83.6129,26.7472],[83.6098,26.739],[83.6131,26.7308],[83.6231,26.7266],[83.623,26.7115],[83.6204,26.7141],[83.6194,26.7031],[83.6154,26.7031],[83.6243,26.6918],[83.6216,26.6883],[83.6255,26.6893],[83.6236,26.667],[83.6297,26.6574],[83.653,26.6585],[83.6625,26.6807],[83.6687,26.6819],[83.6813,26.7003],[83.6975,26.6973],[83.695,26.6815],[83.7194,26.6867],[83.7234,26.6963],[83.7473,26.6917],[83.7591,26.7023],[83.7653,26.6979],[83.7803,26.7078],[83.7897,26.7075],[83.8047,26.7239],[83.8103,26.747],[83.8341,26.743],[83.8376,26.7512],[83.831,26.7643],[83.8007,26.7906],[83.803,26.7976],[83.8196,26.8054],[83.8197,26.8154],[83.8024,26.8241],[83.783,26.8172],[83.7762,26.8261],[83.7743,26.8492],[83.8076,26.8611],[83.8225,26.8664],[83.8223,26.8735],[83.8157,26.8791],[83.8003,26.8657],[83.7834,26.8692]]]}},{"type":"Feature","properties":{"ac_name":"KUSHINAGAR","ac_no":333,"ac_category":"GEN","st_name":"UTTAR PRADESH"},"geometry":{"type":"Polygon","coordinates":[[[84.0023,26.8689],[84.0021,26.879],[83.988,26.8794],[83.9877,26.869],[83.9549,26.8759],[83.936,26.874],[83.9214,26.879],[83.9172,26.857],[83.889,26.8353],[83.8785,26.8436],[83.8686,26.8437],[83.8604,26.853],[83.8544,26.8495],[83.8276,26.8567],[83.8177,26.8542],[83.8076,26.8611],[83.7743,26.8492],[83.7762,26.8261],[83.783,26.8172],[83.8024,26.8241],[83.8197,26.8154],[83.8196,26.8054],[83.803,26.7976],[83.8007,26.7906],[83.831,26.7643],[83.8376,26.7512],[83.8409,26.7574],[83.8533,26.7465],[83.8725,26.7478],[83.888,26.7339],[83.8949,26.7197],[83.8937,26.7088],[83.903,26.7021],[83.9049,26.6914],[83.9305,26.6765],[83.9523,26.6756],[83.959,26.6716],[83.9598,26.6595],[83.9777,26.6745],[83.9749,26.6921],[84.0084,26.7105],[84.0104,26.7194],[84.0042,26.7234],[84.0053,26.7327],[84.0007,26.7354],[84.0033,26.7469],[83.9909,26.7461],[83.9833,26.7566],[83.9982,26.7571],[83.9936,26.764],[84.001,26.7644],[84.0006,26.7715],[83.9954,26.7761],[84.0021,26.775],[84.0096,26.7959],[84.0158,26.7902],[84.0355,26.7899],[84.0381,26.7755],[84.0468,26.767],[84.0545,26.7673],[84.0585,26.7789],[84.0844,26.7971],[84.0698,26.8055],[84.0746,26.8158],[84.0612,26.8154],[84.059,26.8214],[84.0444,26.8305],[84.038,26.8245],[84.0289,26.825],[84.0454,26.8467],[84.0345,26.8401],[84.0231,26.8429],[84.0027,26.8558],[84.0023,26.8689]]]}},{"type":"Feature","properties":{"ac_name":"TAMKUHI RAJ","ac_no":331,"ac_category":"GEN","st_name":"UTTAR PRADESH"},"geometry":{"type":"Polygon","coordinates":[[[84.3078,26.748],[84.286,26.7502],[84.2663,26.7398],[84.256,26.7268],[84.2403,26.7394],[84.2326,26.7537],[84.257,26.7886],[84.2601,26.8065],[84.2542,26.8125],[84.2569,26.8182],[84.2503,26.8193],[84.2607,26.8293],[84.2618,26.8423],[84.2546,26.856],[84.2417,26.8644],[84.2195,26.8717],[84.2062,26.8618],[84.1902,26.8585],[84.1818,26.8335],[84.1619,26.8354],[84.1454,26.7874],[84.1516,26.7885],[84.1654,26.7703],[84.1381,26.736],[84.1456,26.737],[84.1455,26.7326],[84.1383,26.7297],[84.1397,26.7222],[84.1348,26.718],[84.1395,26.7159],[84.1369,26.7111],[84.142,26.6978],[84.1429,26.6465],[84.1387,26.6463],[84.1328,26.6607],[84.1159,26.6609],[84.1106,26.6527],[84.0896,26.6532],[84.0861,26.6457],[84.078,26.6448],[84.0799,26.6367],[84.0625,26.6375],[84.048,26.6276],[84.0528,26.6164],[84.0886,26.6161],[84.0866,26.6392],[84.112,26.6307],[84.1125,26.6344],[84.1593,26.6361],[84.1567,26.6284],[84.1693,26.6227],[84.2012,26.6248],[84.228,26.6175],[84.2293,26.6132],[84.2396,26.61],[84.2847,26.5996],[84.2859,26.6058],[84.3004,26.6038],[84.3074,26.6163],[84.3255,26.6115],[84.3544,26.6198],[84.3795,26.6145],[84.3863,26.6217],[84.4195,26.6261],[84.4154,26.6348],[84.4099,26.6469],[84.4106,26.6702],[84.4065,26.6726],[84.3503,26.678],[84.3303,26.684],[84.326,26.7142],[84.3078,26.748]]]}},{"type":"Feature","properties":{"ac_name":"BASTI SADAR","ac_no":310,"ac_category":"GEN","st_name":"UTTAR PRADESH"},"geometry":{"type":"Polygon","coordinates":[[[82.7536,26.8732],[82.7456,26.8819],[82.7331,26.8728],[82.7053,26.8767],[82.6985,26.8721],[82.6902,26.867],[82.693,26.8584],[82.6825,26.8367],[82.6722,26.8295],[82.6817,26.8108],[82.6689,26.7989],[82.6685,26.7928],[82.6776,26.7817],[82.6693,26.7726],[82.6654,26.7569],[82.6764,26.7634],[82.6866,26.7603],[82.6945,26.7633],[82.7067,26.7557],[82.72,26.7574],[82.7246,26.7508],[82.7407,26.7565],[82.7733,26.7537],[82.7732,26.7477],[82.7658,26.7442],[82.7735,26.7366],[82.7702,26.7256],[82.7798,26.7182],[82.7866,26.7216],[82.7899,26.719],[82.7937,26.7332],[82.789,26.7407],[82.8018,26.7471],[82.8007,26.752],[82.8091,26.7521],[82.8109,26.7609],[82.8216,26.7617],[82.8581,26.7501],[82.8686,26.7561],[82.8716,26.7529],[82.8956,26.7551],[82.8944,26.748],[82.9012,26.7452],[82.9053,26.7255],[82.9182,26.7221],[82.921,26.7166],[82.9289,26.7193],[82.9404,26.716],[82.9629,26.7268],[82.9586,26.7305],[82.9634,26.7415],[82.9497,26.7523],[82.9407,26.7516],[82.9371,26.7632],[82.9273,26.7659],[82.9193,26.7609],[82.9303,26.791],[82.8845,26.7857],[82.8819,26.7819],[82.8845,26.7916],[82.8798,26.7968],[82.8873,26.8137],[82.8807,26.8239],[82.8826,26.8312],[82.8701,26.8353],[82.8619,26.8299],[82.8395,26.8458],[82.827,26.8397],[82.8254,26.853],[82.8403,26.8579],[82.8374,26.866],[82.8458,26.8753],[82.796,26.8699],[82.7924,26.8589],[82.7697,26.8547],[82.7665,26.8548],[82.7676,26.8647],[82.7522,26.8683],[82.7536,26.8732]]]}},{"type":"Feature","properties":{"ac_name":"BHARTHANA","ac_no":201,"ac_category":"SC","st_name":"UTTAR PRADESH"},"geometry":{"type":"Polygon","coordinates":[[[79.279,26.8525],[79.2644,26.8559],[79.2505,26.8519],[79.2274,26.8536],[79.2241,26.841],[79.2105,26.8346],[79.1966,26.8389],[79.192,26.8483],[79.1719,26.8535],[79.1665,26.8509],[79.1608,26.8368],[79.1651,26.8247],[79.1544,26.83],[79.1464,26.8285],[79.1101,26.8003],[79.1105,26.7937],[79.1017,26.7836],[79.1025,26.7672],[79.0495,26.7066],[79.0574,26.6938],[79.0422,26.6763],[79.0548,26.6667],[79.0568,26.6478],[79.0368,26.6449],[79.004,26.6287],[79.0165,26.6004],[78.9876,26.5926],[78.9901,26.5781],[79.0003,26.5782],[79.0105,26.5544],[79.0143,26.5507],[79.0082,26.5493],[79.0073,26.5441],[79.0139,26.5464],[79.019,26.541],[79.0283,26.5468],[79.027,26.5353],[79.0402,26.5295],[79.0402,26.5146],[79.0485,26.5182],[79.0451,26.5108],[79.0557,26.4956],[79.0684,26.496],[79.0715,26.478],[79.0523,26.4534],[79.0623,26.4537],[79.0696,26.4409],[79.0836,26.4408],[79.0876,26.4462],[79.0955,26.4425],[79.0997,26.4524],[79.135,26.4399],[79.1409,26.4341],[79.1555,26.4394],[79.1943,26.4249],[79.2114,26.4379],[79.2215,26.4286],[79.2315,26.4266],[79.2267,26.4348],[79.2298,26.4406],[79.2785,26.4648],[79.2859,26.4761],[79.287,26.4825],[79.2746,26.4918],[79.2752,26.4998],[79.3106,26.5152],[79.3141,26.5221],[79.3053,26.5264],[79.2766,26.5148],[79.267,26.5151],[79.2589,26.5211],[79.2579,26.5358],[79.2073,26.5409],[79.2087,26.5458],[79.2218,26.5482],[79.22,26.5659],[79.256,26.6087],[79.2573,26.6152],[79.2655,26.6191],[79.2801,26.618],[79.2977,26.637],[79.3098,26.6371],[79.3051,26.6481],[79.3312,26.6609],[79.3173,26.6805],[79.3062,26.6873],[79.3158,26.7086],[79.322,26.704],[79.331,26.7156],[79.3303,26.7218],[79.342,26.7305],[79.3363,26.752],[79.3405,26.7574],[79.3261,26.7646],[79.3281,26.7901],[79.3349,26.7902],[79.3382,26.8004],[79.3178,26.8019],[79.3015,26.8147],[79.3038,26.8173],[79.278,26.8229],[79.2679,26.8418],[79.279,26.8525]]]}},{"type":"Feature","properties":{"ac_name":"LUCKNOW CENTRAL","ac_no":174,"ac_category":"GEN","st_name":"UTTAR PRADESH"},"geometry":{"type":"Polygon","coordinates":[[[80.9167,26.8728],[80.9072,26.872],[80.9072,26.8663],[80.8917,26.8395],[80.8968,26.8406],[80.9056,26.8332],[80.908,26.8384],[80.9154,26.835],[80.9228,26.8385],[80.9263,26.8345],[80.9389,26.8383],[80.9409,26.833],[80.969,26.8335],[81.0086,26.846],[81.0003,26.8563],[80.993,26.8512],[80.9855,26.8635],[80.9754,26.8613],[80.9728,26.8695],[80.9333,26.8588],[80.9167,26.8728]]]}},{"type":"Feature","properties":{"ac_name":"RUDAULI","ac_no":271,"ac_category":"GEN","st_name":"UTTAR PRADESH"},"geometry":{"type":"Polygon","coordinates":[[[81.7816,26.8708],[81.7576,26.8635],[81.7507,26.8664],[81.7449,26.8572],[81.7375,26.8604],[81.7255,26.8559],[81.7156,26.8402],[81.7035,26.8464],[81.6795,26.8346],[81.6716,26.8366],[81.6657,26.833],[81.6536,26.8371],[81.6394,26.8188],[81.6138,26.8294],[81.6047,26.8443],[81.5993,26.8418],[81.5955,26.8303],[81.6054,26.8164],[81.5982,26.8156],[81.5865,26.8293],[81.5797,26.8277],[81.5736,26.8096],[81.577,26.8064],[81.5679,26.7913],[81.5434,26.7916],[81.5283,26.7799],[81.5209,26.7792],[81.5171,26.7714],[81.5212,26.763],[81.5175,26.7526],[81.5395,26.7331],[81.5412,26.7094],[81.5498,26.706],[81.5571,26.6875],[81.5664,26.6987],[81.5758,26.6883],[81.5947,26.6907],[81.6031,26.6794],[81.5935,26.6755],[81.5745,26.6807],[81.5435,26.662],[81.5411,26.6462],[81.5587,26.6421],[81.5684,26.6528],[81.5595,26.6628],[81.5662,26.6665],[81.5826,26.6537],[81.6006,26.6509],[81.6149,26.6286],[81.6261,26.6308],[81.6263,26.64],[81.6425,26.6398],[81.6513,26.6284],[81.6625,26.6261],[81.6769,26.6051],[81.6714,26.6004],[81.6553,26.6099],[81.6487,26.6089],[81.6477,26.5844],[81.6527,26.5834],[81.6629,26.5908],[81.6712,26.5841],[81.6817,26.5895],[81.7025,26.5883],[81.7162,26.5914],[81.7342,26.611],[81.7472,26.6175],[81.7434,26.6337],[81.7488,26.6371],[81.7486,26.6441],[81.7382,26.6491],[81.7369,26.658],[81.7433,26.6587],[81.7405,26.6625],[81.7455,26.6643],[81.746,26.6717],[81.7531,26.6731],[81.7571,26.6811],[81.7509,26.6831],[81.7497,26.6928],[81.7573,26.707],[81.7684,26.6928],[81.7822,26.6847],[81.786,26.6916],[81.7813,26.6967],[81.7897,26.7045],[81.8053,26.6961],[81.7973,26.6804],[81.8045,26.6748],[81.8133,26.6838],[81.8137,26.696],[81.8386,26.6937],[81.8389,26.7011],[81.8219,26.7214],[81.8313,26.7379],[81.8394,26.7387],[81.8407,26.7437],[81.8352,26.7466],[81.8388,26.7592],[81.8305,26.7696],[81.8051,26.7763],[81.8047,26.7937],[81.8121,26.8045],[81.8244,26.8046],[81.8262,26.8099],[81.831,26.8069],[81.8384,26.811],[81.8468,26.8057],[81.8578,26.8083],[81.8553,26.8386],[81.8452,26.8377],[81.8146,26.8533],[81.8046,26.8654],[81.7816,26.8708]]]}},{"type":"Feature","properties":{"ac_name":"SAROJINI NAGAR","ac_no":170,"ac_category":"GEN","st_name":"UTTAR PRADESH"},"geometry":{"type":"Polygon","coordinates":[[[80.7303,26.8551],[80.7019,26.8527],[80.6915,26.8452],[80.693,26.8362],[80.7168,26.8176],[80.7214,26.8006],[80.7401,26.7903],[80.7368,26.7764],[80.7548,26.7749],[80.751,26.766],[80.7328,26.7557],[80.712,26.7579],[80.6988,26.7648],[80.6924,26.7606],[80.7052,26.7403],[80.7005,26.7276],[80.7063,26.7199],[80.6977,26.7196],[80.7133,26.7122],[80.7133,26.7032],[80.7188,26.702],[80.6957,26.6867],[80.7135,26.6816],[80.7146,26.6669],[80.7283,26.6562],[80.7457,26.6667],[80.7444,26.6798],[80.7559,26.6883],[80.757,26.6823],[80.7609,26.6862],[80.7655,26.6768],[80.7655,26.6829],[80.7697,26.6819],[80.7669,26.6657],[80.7708,26.6629],[80.7772,26.6688],[80.7835,26.6668],[80.7916,26.6563],[80.7869,26.6527],[80.7944,26.6512],[80.7926,26.6454],[80.7994,26.6482],[80.8057,26.6548],[80.8129,26.6571],[80.8158,26.6537],[80.8247,26.6642],[80.838,26.6659],[80.8474,26.653],[80.871,26.6425],[80.8758,26.6524],[80.9042,26.6514],[80.9101,26.6593],[80.9389,26.6623],[80.9693,26.6803],[80.9671,26.6905],[80.9611,26.6927],[80.9658,26.7103],[80.9633,26.7188],[80.9679,26.7246],[80.9745,26.7232],[80.9831,26.7348],[80.9903,26.7311],[80.9834,26.7464],[80.9975,26.7449],[81.0007,26.7481],[81.0109,26.7393],[81.026,26.7488],[81.0316,26.7608],[81.0293,26.7772],[81.0136,26.7812],[81.028,26.7979],[81.0216,26.806],[81.0265,26.8176],[81.0079,26.8175],[81.0018,26.8224],[80.9896,26.8136],[80.9842,26.7951],[80.9749,26.7838],[80.9322,26.8015],[80.9233,26.7968],[80.8937,26.7953],[80.8887,26.7838],[80.8808,26.7845],[80.8714,26.7929],[80.8409,26.7707],[80.8321,26.7796],[80.8228,26.7816],[80.833,26.7966],[80.8252,26.8004],[80.8194,26.8163],[80.8065,26.8265],[80.8067,26.8341],[80.7733,26.8341],[80.7804,26.8485],[80.7704,26.8554],[80.7647,26.8491],[80.7519,26.8574],[80.7451,26.8492],[80.7275,26.8434],[80.7303,26.8551]]]}},{"type":"Feature","properties":{"ac_name":"GORAKHPUR URBAN","ac_no":322,"ac_category":"GEN","st_name":"UTTAR PRADESH"},"geometry":{"type":"Polygon","coordinates":[[[83.3637,26.8361],[83.3584,26.8466],[83.3536,26.8286],[83.3452,26.8315],[83.338,26.8245],[83.3272,26.828],[83.322,26.8181],[83.3124,26.8173],[83.3141,26.8029],[83.309,26.7949],[83.3297,26.7908],[83.3295,26.7855],[83.3232,26.7822],[83.3256,26.7735],[83.3434,26.7665],[83.3511,26.7854],[83.3579,26.777],[83.3552,26.7687],[83.3772,26.7615],[83.3711,26.732],[83.3811,26.7348],[83.3811,26.7293],[83.3894,26.7264],[83.3939,26.7302],[83.3961,26.7159],[83.4007,26.7174],[83.3995,26.7246],[83.4041,26.7248],[83.4126,26.7175],[83.4159,26.7011],[83.4216,26.6999],[83.4402,26.7199],[83.4416,26.732],[83.439,26.7567],[83.4212,26.7591],[83.4206,26.7692],[83.4137,26.7763],[83.416,26.79],[83.4049,26.7984],[83.409,26.8029],[83.4261,26.8057],[83.4183,26.8095],[83.4195,26.8205],[83.4064,26.8195],[83.3789,26.8382],[83.3637,26.8361]]]}},{"type":"Feature","properties":{"ac_name":"LUCKNOW CANTT.","ac_no":175,"ac_category":"GEN","st_name":"UTTAR PRADESH"},"geometry":{"type":"Polygon","coordinates":[[[80.969,26.8335],[80.9409,26.833],[80.9389,26.8383],[80.9263,26.8345],[80.9228,26.8385],[80.9154,26.835],[80.908,26.8384],[80.9056,26.8332],[80.8968,26.8406],[80.8917,26.8395],[80.8844,26.8116],[80.8689,26.8075],[80.8618,26.7984],[80.8714,26.7929],[80.8808,26.7845],[80.8887,26.7838],[80.8937,26.7953],[80.9233,26.7968],[80.9322,26.8015],[80.9749,26.7838],[80.9842,26.7951],[80.9896,26.8136],[81.0018,26.8224],[81.0002,26.8302],[80.9898,26.8361],[80.9821,26.8305],[80.969,26.8335]]]}},{"type":"Feature","properties":{"ac_name":"MOHANLALGANJ","ac_no":176,"ac_category":"SC","st_name":"UTTAR PRADESH"},"geometry":{"type":"Polygon","coordinates":[[[81.0901,26.8361],[81.0736,26.8278],[81.0598,26.8282],[81.0597,26.8187],[81.0523,26.8229],[81.0487,26.8144],[81.0265,26.8176],[81.0216,26.806],[81.028,26.7979],[81.0136,26.7812],[81.0293,26.7772],[81.0316,26.7608],[81.026,26.7488],[81.0109,26.7393],[81.0007,26.7481],[80.9975,26.7449],[80.9834,26.7464],[80.9903,26.7311],[80.9831,26.7348],[80.9745,26.7232],[80.9679,26.7246],[80.9633,26.7188],[80.9658,26.7103],[80.9611,26.6927],[80.9671,26.6905],[80.9693,26.6803],[80.9389,26.6623],[80.9101,26.6593],[80.9042,26.6514],[80.8758,26.6524],[80.871,26.6425],[80.8799,26.6303],[80.87,26.6237],[80.872,26.6185],[80.878,26.6175],[80.8817,26.6245],[80.8922,26.6217],[80.8888,26.599],[80.9018,26.5934],[80.9083,26.6004],[80.91,26.5883],[80.9244,26.5939],[80.9255,26.5876],[80.9316,26.5858],[80.9261,26.5843],[80.9307,26.5745],[80.9412,26.5716],[80.9391,26.5669],[80.9515,26.569],[80.952,26.5621],[80.961,26.5624],[80.9656,26.5558],[80.9725,26.5576],[80.9668,26.5501],[80.9807,26.5519],[80.9795,26.5448],[80.9868,26.548],[80.9854,26.5389],[80.9906,26.5352],[80.9948,26.5373],[81.0045,26.5272],[81.0231,26.5265],[81.0327,26.5206],[81.0312,26.5156],[81.0417,26.5049],[81.0526,26.5057],[81.0656,26.5221],[81.074,26.5236],[81.0788,26.537],[81.0919,26.5419],[81.099,26.5629],[81.1041,26.5651],[81.1161,26.5581],[81.1248,26.559],[81.141,26.5882],[81.1608,26.5874],[81.166,26.5957],[81.1625,26.6046],[81.1772,26.6135],[81.1789,26.6213],[81.1693,26.6295],[81.173,26.6363],[81.1665,26.6438],[81.1886,26.6708],[81.1913,26.6819],[81.21,26.7009],[81.2092,26.7053],[81.2162,26.7047],[81.2144,26.7225],[81.2031,26.7296],[81.2043,26.7424],[81.1891,26.7613],[81.2132,26.7846],[81.1947,26.7925],[81.1914,26.7811],[81.1863,26.7796],[81.1737,26.7893],[81.1648,26.7761],[81.1588,26.7757],[81.1601,26.7909],[81.1559,26.7974],[81.1684,26.8082],[81.1603,26.8071],[81.1529,26.8138],[81.1422,26.8115],[81.1342,26.831],[81.1207,26.8358],[81.1005,26.8405],[81.0901,26.8361]]]}},{"type":"Feature","properties":{"ac_name":"RASULABAD","ac_no":205,"ac_category":"SC","st_name":"UTTAR PRADESH"},"geometry":{"type":"Polygon","coordinates":[[[79.8947,26.8151],[79.8884,26.8107],[79.865,26.8268],[79.857,26.8267],[79.8502,26.804],[79.8635,26.8005],[79.8643,26.7963],[79.842,26.7736],[79.824,26.7729],[79.8097,26.7844],[79.7983,26.7832],[79.7757,26.7697],[79.7705,26.7798],[79.7562,26.7821],[79.7468,26.7666],[79.7303,26.7654],[79.7193,26.7496],[79.7029,26.7488],[79.6964,26.7424],[79.6746,26.7437],[79.6789,26.735],[79.6906,26.7316],[79.6964,26.7178],[79.7204,26.6908],[79.7118,26.6756],[79.7189,26.6649],[79.7173,26.6584],[79.7071,26.6436],[79.6825,26.6318],[79.6728,26.6114],[79.6611,26.6153],[79.6554,26.6024],[79.64,26.607],[79.6337,26.5902],[79.6347,26.5765],[79.646,26.5713],[79.6415,26.5568],[79.628,26.5445],[79.6352,26.541],[79.6384,26.5291],[79.6635,26.5142],[79.66,26.505],[79.6627,26.4863],[79.6697,26.4822],[79.6885,26.4977],[79.695,26.4953],[79.6967,26.4878],[79.7047,26.4916],[79.7053,26.5068],[79.711,26.5152],[79.7075,26.5219],[79.7119,26.5256],[79.7339,26.5128],[79.7539,26.5306],[79.7673,26.5195],[79.7473,26.4997],[79.7548,26.4942],[79.762,26.4991],[79.7786,26.4905],[79.779,26.5068],[79.7719,26.5077],[79.7681,26.5176],[79.7898,26.5295],[79.7839,26.5441],[79.8087,26.5694],[79.8216,26.5701],[79.8367,26.5568],[79.8574,26.5671],[79.8711,26.5671],[79.8782,26.5544],[79.8785,26.5418],[79.8944,26.5422],[79.8988,26.5476],[79.9233,26.5482],[79.924,26.5303],[79.9397,26.527],[79.9765,26.5513],[79.9926,26.5462],[80.0172,26.5685],[80.0231,26.5838],[80.011,26.608],[80.0256,26.6069],[80.013,26.645],[79.9803,26.6674],[79.9968,26.6717],[80.0022,26.6829],[79.9996,26.7032],[79.9779,26.7092],[79.98,26.7182],[79.9755,26.7265],[79.9678,26.7273],[79.9647,26.7322],[79.9609,26.7481],[79.9388,26.7639],[79.9481,26.7806],[79.9407,26.7964],[79.9271,26.8001],[79.9224,26.8083],[79.8931,26.8244],[79.8973,26.8187],[79.8947,26.8151]]]}},{"type":"Feature","properties":{"ac_name":"BIKAPUR","ac_no":274,"ac_category":"GEN","st_name":"UTTAR PRADESH"},"geometry":{"type":"Polygon","coordinates":[[[81.9939,26.7861],[81.9772,26.781],[81.9173,26.791],[81.892,26.8275],[81.8764,26.8362],[81.8553,26.8386],[81.8578,26.8083],[81.8468,26.8057],[81.8384,26.811],[81.831,26.8069],[81.8262,26.8099],[81.8244,26.8046],[81.8121,26.8045],[81.8047,26.7937],[81.8051,26.7763],[81.8305,26.7696],[81.8388,26.7592],[81.8352,26.7466],[81.8407,26.7437],[81.8394,26.7387],[81.8313,26.7379],[81.8219,26.7214],[81.8389,26.7011],[81.8543,26.7138],[81.8845,26.7195],[81.8908,26.7277],[81.9037,26.7275],[81.9109,26.7171],[81.9269,26.7151],[81.9356,26.7052],[81.9548,26.7002],[81.9638,26.7007],[81.9727,26.712],[81.9821,26.7095],[81.9962,26.7147],[82.0107,26.7026],[82.039,26.6979],[82.0553,26.6847],[82.0657,26.6904],[82.0808,26.6701],[82.0692,26.6688],[82.0679,26.6485],[82.053,26.6554],[82.0354,26.6494],[82.0392,26.6667],[82.0308,26.6679],[82.0215,26.6478],[82.0318,26.6432],[82.0334,26.6257],[82.0393,26.6246],[82.0408,26.6153],[82.0468,26.6139],[82.0503,26.618],[82.0466,26.6047],[82.0446,26.6117],[82.036,26.6094],[82.0443,26.592],[82.0421,26.5803],[82.0563,26.5824],[82.0764,26.571],[82.088,26.578],[82.0916,26.5695],[82.1087,26.5736],[82.123,26.5695],[82.1248,26.5448],[82.1301,26.5338],[82.1421,26.5318],[82.1464,26.5226],[82.158,26.5226],[82.168,26.5172],[82.1704,26.509],[82.1806,26.5163],[82.1793,26.5241],[82.1953,26.5242],[82.1968,26.5306],[82.2061,26.5277],[82.2084,26.542],[82.2126,26.5486],[82.2218,26.5436],[82.2335,26.5728],[82.2208,26.5871],[82.2152,26.5875],[82.2173,26.5967],[82.1964,26.603],[82.1986,26.6186],[82.1808,26.6298],[82.1842,26.64],[82.1764,26.6609],[82.173,26.6622],[82.1766,26.6712],[82.1633,26.6754],[82.1662,26.6863],[82.158,26.692],[82.1613,26.7064],[82.1394,26.716],[82.138,26.7116],[82.1257,26.7198],[82.1255,26.727],[82.1185,26.7311],[82.1129,26.747],[82.099,26.7631],[82.0807,26.8054],[82.0653,26.8076],[82.0339,26.8088],[82.0116,26.7964],[82.002,26.7859],[81.9939,26.7861]]]}},{"type":"Feature","properties":{"ac_name":"AYODHYA","ac_no":275,"ac_category":"GEN","st_name":"UTTAR PRADESH"},"geometry":{"type":"Polygon","coordinates":[[[82.0653,26.8076],[82.0807,26.8054],[82.099,26.7631],[82.1129,26.747],[82.1185,26.7311],[82.1255,26.727],[82.1257,26.7198],[82.138,26.7116],[82.1394,26.716],[82.1613,26.7064],[82.158,26.692],[82.1662,26.6863],[82.1633,26.6754],[82.1766,26.6712],[82.173,26.6622],[82.1764,26.6609],[82.1974,26.6544],[82.2106,26.6569],[82.2108,26.6639],[82.2197,26.6625],[82.2199,26.6457],[82.2319,26.6431],[82.2457,26.615],[82.2546,26.6207],[82.2581,26.6097],[82.2733,26.6091],[82.2699,26.617],[82.2783,26.6148],[82.2869,26.6211],[82.2872,26.6403],[82.2958,26.6389],[82.2928,26.6564],[82.3066,26.6509],[82.3145,26.6533],[82.314,26.678],[82.3026,26.6901],[82.3109,26.7038],[82.3741,26.7127],[82.3523,26.7372],[82.3089,26.7545],[82.2916,26.766],[82.2875,26.7743],[82.2781,26.7757],[82.2582,26.7937],[82.2482,26.7972],[82.2416,26.8082],[82.229,26.8124],[82.2229,26.808],[82.2059,26.8207],[82.2046,26.8301],[82.1862,26.8371],[82.1687,26.8288],[82.1594,26.8341],[82.1523,26.8313],[82.141,26.8353],[82.1272,26.8234],[82.1081,26.8265],[82.0892,26.812],[82.0653,26.8076]]]}},{"type":"Feature","properties":{"ac_name":"DIBIYAPUR","ac_no":203,"ac_category":"GEN","st_name":"UTTAR PRADESH"},"geometry":{"type":"Polygon","coordinates":[[[79.4572,26.7588],[79.4406,26.7544],[79.4388,26.7436],[79.4261,26.7377],[79.4238,26.7549],[79.4162,26.7614],[79.3891,26.7699],[79.3832,26.7787],[79.3674,26.788],[79.3648,26.781],[79.3349,26.7902],[79.3281,26.7901],[79.3261,26.7646],[79.3405,26.7574],[79.3363,26.752],[79.342,26.7305],[79.3303,26.7218],[79.331,26.7156],[79.322,26.704],[79.3158,26.7086],[79.3062,26.6873],[79.3173,26.6805],[79.3312,26.6609],[79.3051,26.6481],[79.3098,26.6371],[79.2977,26.637],[79.2801,26.618],[79.2655,26.6191],[79.2573,26.6152],[79.256,26.6087],[79.2697,26.5955],[79.2665,26.5875],[79.2805,26.579],[79.2816,26.574],[79.2951,26.5698],[79.3071,26.5793],[79.3328,26.5699],[79.342,26.5766],[79.3484,26.5726],[79.3542,26.5802],[79.3651,26.5794],[79.3616,26.5726],[79.3706,26.5693],[79.3684,26.5612],[79.3876,26.5505],[79.4,26.5616],[79.3938,26.5737],[79.404,26.5831],[79.4033,26.5766],[79.4097,26.5757],[79.4347,26.6112],[79.4497,26.6089],[79.4614,26.601],[79.4568,26.584],[79.4548,26.5762],[79.4646,26.5814],[79.4706,26.5759],[79.4691,26.5707],[79.4867,26.5795],[79.4909,26.5722],[79.4998,26.5785],[79.5131,26.5775],[79.51,26.5727],[79.5191,26.5671],[79.519,26.5622],[79.5049,26.5453],[79.5114,26.5387],[79.5012,26.5267],[79.5081,26.5144],[79.5063,26.5062],[79.5199,26.5059],[79.5341,26.514],[79.5505,26.505],[79.5431,26.4966],[79.5485,26.488],[79.5416,26.4769],[79.5363,26.4809],[79.5317,26.4673],[79.5414,26.4734],[79.5504,26.4526],[79.5619,26.4672],[79.5739,26.4607],[79.5716,26.475],[79.5895,26.4631],[79.5985,26.4665],[79.596,26.4796],[79.6211,26.4912],[79.6104,26.5042],[79.6221,26.5147],[79.6314,26.5082],[79.6367,26.5101],[79.6337,26.5177],[79.6384,26.5291],[79.6352,26.541],[79.628,26.5445],[79.6415,26.5568],[79.646,26.5713],[79.6347,26.5765],[79.6337,26.5902],[79.6215,26.5883],[79.5817,26.6068],[79.5767,26.6181],[79.5856,26.6316],[79.578,26.6369],[79.5715,26.6565],[79.5545,26.6542],[79.5258,26.664],[79.5439,26.6828],[79.5412,26.6925],[79.5445,26.6998],[79.538,26.7179],[79.5408,26.7484],[79.5418,26.7531],[79.5537,26.7593],[79.5401,26.767],[79.5389,26.7606],[79.5256,26.7705],[79.5147,26.7642],[79.5141,26.7583],[79.4993,26.7681],[79.4908,26.7603],[79.4706,26.7657],[79.4572,26.7588]]]}},{"type":"Feature","properties":{"ac_name":"GORAKHPUR RURAL","ac_no":323,"ac_category":"GEN","st_name":"UTTAR PRADESH"},"geometry":{"type":"Polygon","coordinates":[[[83.3552,26.7687],[83.3579,26.777],[83.3511,26.7854],[83.3434,26.7665],[83.3541,26.7457],[83.3471,26.7429],[83.3346,26.7463],[83.3356,26.7378],[83.3222,26.7365],[83.3174,26.7273],[83.307,26.726],[83.3017,26.7154],[83.313,26.6914],[83.341,26.6833],[83.3412,26.6704],[83.3533,26.6567],[83.3506,26.643],[83.3717,26.6277],[83.393,26.633],[83.4085,26.6274],[83.4531,26.6287],[83.454,26.6164],[83.465,26.6148],[83.4538,26.6139],[83.451,26.6049],[83.4435,26.6064],[83.4433,26.6006],[83.4498,26.5968],[83.4632,26.6001],[83.4769,26.6124],[83.4868,26.6129],[83.4989,26.6159],[83.4939,26.6346],[83.4947,26.6496],[83.5011,26.6613],[83.5109,26.6598],[83.5148,26.6484],[83.5341,26.6479],[83.5381,26.6503],[83.5359,26.6645],[83.5402,26.6749],[83.514,26.699],[83.495,26.6938],[83.488,26.698],[83.4844,26.7087],[83.4887,26.7543],[83.4848,26.7631],[83.4588,26.7591],[83.4587,26.7692],[83.4377,26.7637],[83.4206,26.7692],[83.4212,26.7591],[83.439,26.7567],[83.4416,26.732],[83.4402,26.7199],[83.4216,26.6999],[83.4159,26.7011],[83.4126,26.7175],[83.4041,26.7248],[83.3995,26.7246],[83.4007,26.7174],[83.3961,26.7159],[83.3939,26.7302],[83.3894,26.7264],[83.3811,26.7293],[83.3811,26.7348],[83.3711,26.732],[83.3772,26.7615],[83.3552,26.7687]]]}},{"type":"Feature","properties":{"ac_name":"HAIDERGARH","ac_no":272,"ac_category":"SC","st_name":"UTTAR PRADESH"},"geometry":{"type":"Polygon","coordinates":[[[81.3017,26.7829],[81.295,26.7842],[81.291,26.7772],[81.2708,26.767],[81.2388,26.7347],[81.2171,26.7384],[81.2144,26.7225],[81.2162,26.7047],[81.2092,26.7053],[81.21,26.7009],[81.1913,26.6819],[81.1886,26.6708],[81.1665,26.6438],[81.173,26.6363],[81.1693,26.6295],[81.1789,26.6213],[81.1772,26.6135],[81.1625,26.6046],[81.166,26.5957],[81.1738,26.6005],[81.18,26.5981],[81.1817,26.6065],[81.2057,26.5956],[81.213,26.5945],[81.2184,26.5991],[81.2317,26.59],[81.2467,26.5865],[81.2501,26.5795],[81.2733,26.5745],[81.2927,26.5639],[81.3046,26.5436],[81.3151,26.5403],[81.3245,26.5524],[81.3425,26.5461],[81.351,26.5458],[81.3581,26.5533],[81.3689,26.5765],[81.3813,26.5897],[81.3907,26.585],[81.3915,26.5754],[81.4313,26.5601],[81.438,26.5666],[81.4458,26.5637],[81.4452,26.5683],[81.4579,26.5743],[81.4672,26.5685],[81.4738,26.5548],[81.4801,26.556],[81.4864,26.5433],[81.4915,26.543],[81.4947,26.5496],[81.5147,26.5496],[81.5163,26.5371],[81.51,26.5362],[81.5104,26.5282],[81.5273,26.5327],[81.5417,26.5255],[81.5474,26.5285],[81.5356,26.544],[81.5511,26.5626],[81.5534,26.5719],[81.5446,26.578],[81.5528,26.5904],[81.5604,26.5881],[81.567,26.5926],[81.5654,26.6022],[81.5743,26.6128],[81.5684,26.6178],[81.5557,26.6161],[81.5591,26.6192],[81.5554,26.6264],[81.5621,26.63],[81.5641,26.6377],[81.5588,26.6421],[81.5587,26.6421],[81.5411,26.6462],[81.5435,26.662],[81.5745,26.6807],[81.5935,26.6755],[81.6031,26.6794],[81.5947,26.6907],[81.5758,26.6883],[81.5664,26.6987],[81.5571,26.6875],[81.5431,26.6797],[81.5379,26.6891],[81.5324,26.688],[81.5177,26.6706],[81.5158,26.6486],[81.5084,26.6456],[81.5026,26.6541],[81.4947,26.6371],[81.487,26.6494],[81.4788,26.6465],[81.4733,26.6556],[81.4471,26.6749],[81.3989,26.6957],[81.392,26.7144],[81.3835,26.7132],[81.3869,26.7179],[81.3815,26.7157],[81.3667,26.7217],[81.3653,26.7368],[81.3557,26.7427],[81.3648,26.7539],[81.3604,26.761],[81.3669,26.7665],[81.3657,26.7772],[81.3558,26.7718],[81.3513,26.7778],[81.3356,26.7771],[81.3284,26.7844],[81.3161,26.7783],[81.3017,26.7829]]]}},{"type":"Feature","properties":{"ac_name":"PATHARDEVA","ac_no":338,"ac_category":"GEN","st_name":"UTTAR PRADESH"},"geometry":{"type":"Polygon","coordinates":[[[83.8376,26.7512],[83.8341,26.743],[83.8103,26.747],[83.8047,26.7239],[83.7897,26.7075],[83.7803,26.7078],[83.7653,26.6979],[83.7591,26.7023],[83.7473,26.6917],[83.7234,26.6963],[83.7194,26.6867],[83.7336,26.6801],[83.7288,26.6679],[83.7313,26.6542],[83.7386,26.6356],[83.7563,26.6192],[83.752,26.6128],[83.756,26.5947],[83.744,26.5955],[83.7436,26.5886],[83.7524,26.5726],[83.7521,26.562],[83.7665,26.5498],[83.7701,26.5533],[83.7744,26.548],[83.7859,26.5455],[83.7901,26.5519],[83.787,26.5549],[83.7939,26.5677],[83.7862,26.5788],[83.7885,26.5964],[83.8031,26.6071],[83.8102,26.6072],[83.8132,26.6141],[83.8309,26.6123],[83.8377,26.6159],[83.8427,26.6128],[83.8549,26.6223],[83.8541,26.6167],[83.8535,26.6134],[83.861,26.6173],[83.8739,26.6122],[83.8829,26.6146],[83.8852,26.6012],[83.8999,26.5977],[83.899,26.5873],[83.8901,26.577],[83.895,26.5733],[83.8892,26.5589],[83.9038,26.5435],[83.9231,26.5421],[83.9188,26.53],[83.9314,26.5208],[83.9406,26.5251],[83.9528,26.5173],[83.9479,26.5127],[83.9511,26.5089],[83.9738,26.508],[83.9714,26.5177],[83.9767,26.5334],[83.9927,26.5331],[84.0086,26.522],[84.0242,26.5321],[84.0483,26.5364],[84.0559,26.5481],[84.0461,26.5506],[84.0466,26.5559],[84.0407,26.5566],[84.0292,26.5695],[84.009,26.5766],[84.0002,26.5931],[83.9929,26.5931],[83.9859,26.6109],[83.9648,26.6274],[83.9657,26.6489],[83.9598,26.6595],[83.959,26.6716],[83.9523,26.6756],[83.9305,26.6765],[83.9049,26.6914],[83.903,26.7021],[83.8937,26.7088],[83.8949,26.7197],[83.888,26.7339],[83.8725,26.7478],[83.8533,26.7465],[83.8409,26.7574],[83.8376,26.7512]]]}},{"type":"Feature","properties":{"ac_name":"CHAURI-CHAURA","ac_no":326,"ac_category":"GEN","st_name":"UTTAR PRADESH"},"geometry":{"type":"Polygon","coordinates":[[[83.5617,26.745],[83.5433,26.7586],[83.5346,26.7451],[83.5242,26.7535],[83.5133,26.7474],[83.5036,26.7535],[83.4887,26.7543],[83.4844,26.7087],[83.488,26.698],[83.495,26.6938],[83.514,26.699],[83.5402,26.6749],[83.5359,26.6645],[83.5381,26.6503],[83.5341,26.6479],[83.5148,26.6484],[83.5109,26.6598],[83.5011,26.6613],[83.4947,26.6496],[83.4939,26.6346],[83.4989,26.6159],[83.4868,26.6129],[83.4803,26.5846],[83.4666,26.5683],[83.4531,26.5678],[83.4412,26.5583],[83.4487,26.548],[83.4829,26.5534],[83.4827,26.5463],[83.4591,26.5259],[83.4587,26.5212],[83.464,26.5199],[83.4882,26.5346],[83.4834,26.4984],[83.4899,26.4975],[83.4931,26.5099],[83.4981,26.5121],[83.5025,26.5089],[83.5001,26.4963],[83.5138,26.4949],[83.5188,26.4992],[83.5331,26.4962],[83.5403,26.5017],[83.5462,26.4891],[83.5548,26.4974],[83.5485,26.5074],[83.5536,26.5123],[83.5683,26.5075],[83.5737,26.5154],[83.5981,26.5138],[83.6031,26.5328],[83.608,26.5365],[83.6085,26.5511],[83.6162,26.5545],[83.6123,26.5553],[83.6132,26.5665],[83.6184,26.573],[83.6255,26.5678],[83.6286,26.5764],[83.6251,26.5809],[83.631,26.5824],[83.6319,26.5884],[83.6266,26.5989],[83.6185,26.603],[83.6197,26.6147],[83.6162,26.6169],[83.6221,26.6154],[83.6334,26.6237],[83.6278,26.6442],[83.6318,26.6468],[83.6265,26.6517],[83.6297,26.6574],[83.6236,26.667],[83.6255,26.6893],[83.6216,26.6883],[83.6243,26.6918],[83.6154,26.7031],[83.6194,26.7031],[83.6204,26.7141],[83.623,26.7115],[83.6231,26.7266],[83.6131,26.7308],[83.6098,26.739],[83.6129,26.7472],[83.597,26.7503],[83.5965,26.7395],[83.5904,26.7347],[83.5859,26.7462],[83.5725,26.7454],[83.5693,26.7365],[83.5588,26.7384],[83.5617,26.745]]]}},{"type":"Feature","properties":{"ac_name":"MAHADEWA","ac_no":311,"ac_category":"SC","st_name":"UTTAR PRADESH"},"geometry":{"type":"Polygon","coordinates":[[[82.8216,26.7617],[82.8109,26.7609],[82.8091,26.7521],[82.8007,26.752],[82.8018,26.7471],[82.789,26.7407],[82.7937,26.7332],[82.7899,26.719],[82.7866,26.7216],[82.7798,26.7182],[82.7702,26.7256],[82.7735,26.7366],[82.7658,26.7442],[82.7732,26.7477],[82.7733,26.7537],[82.7407,26.7565],[82.7246,26.7508],[82.72,26.7574],[82.7067,26.7557],[82.6945,26.7633],[82.6866,26.7603],[82.6764,26.7634],[82.6654,26.7569],[82.6276,26.7531],[82.6204,26.7575],[82.6159,26.7484],[82.6236,26.7322],[82.6116,26.7257],[82.6106,26.7151],[82.5985,26.7129],[82.5935,26.7077],[82.5963,26.6961],[82.6124,26.6882],[82.6067,26.6752],[82.5983,26.6703],[82.6083,26.6572],[82.6022,26.6308],[82.6032,26.608],[82.6226,26.5961],[82.6373,26.5942],[82.6562,26.5953],[82.6781,26.5816],[82.6939,26.5815],[82.7235,26.5717],[82.7374,26.5762],[82.7511,26.5613],[82.7606,26.5587],[82.8017,26.5733],[82.8141,26.585],[82.8292,26.5875],[82.852,26.5732],[82.8549,26.5475],[82.8778,26.5262],[82.9009,26.5365],[82.9036,26.5562],[82.9143,26.5519],[82.9185,26.5548],[82.9094,26.5643],[82.9111,26.5735],[82.9067,26.5771],[82.8999,26.5753],[82.9002,26.5838],[82.893,26.5818],[82.8946,26.5897],[82.9009,26.5883],[82.9042,26.5958],[82.8935,26.6012],[82.887,26.5976],[82.8855,26.6108],[82.8897,26.6138],[82.8952,26.6102],[82.9034,26.6236],[82.907,26.6226],[82.9063,26.6304],[82.9044,26.6274],[82.901,26.6302],[82.9071,26.6347],[82.9299,26.6191],[82.9247,26.6369],[82.9189,26.6365],[82.9209,26.6416],[82.9138,26.6464],[82.9154,26.655],[82.9234,26.6552],[82.9448,26.6774],[82.9598,26.6698],[82.9677,26.6731],[82.9668,26.6781],[82.9632,26.6887],[82.9702,26.6921],[82.9781,26.7103],[82.9629,26.7268],[82.9404,26.716],[82.9289,26.7193],[82.921,26.7166],[82.9182,26.7221],[82.9053,26.7255],[82.9012,26.7452],[82.8944,26.748],[82.8956,26.7551],[82.8716,26.7529],[82.8686,26.7561],[82.8581,26.7501],[82.8216,26.7617]]]}},{"type":"Feature","properties":{"ac_name":"MILKIPUR","ac_no":273,"ac_category":"SC","st_name":"UTTAR PRADESH"},"geometry":{"type":"Polygon","coordinates":[[[81.8389,26.7011],[81.8386,26.6937],[81.8137,26.696],[81.8133,26.6838],[81.8045,26.6748],[81.7973,26.6804],[81.8053,26.6961],[81.7897,26.7045],[81.7813,26.6967],[81.786,26.6916],[81.7822,26.6847],[81.7684,26.6928],[81.7573,26.707],[81.7497,26.6928],[81.7509,26.6831],[81.7571,26.6811],[81.7531,26.6731],[81.746,26.6717],[81.7455,26.6643],[81.7405,26.6625],[81.7433,26.6587],[81.7369,26.658],[81.7382,26.6491],[81.7486,26.6441],[81.7488,26.6371],[81.7434,26.6337],[81.7472,26.6175],[81.7342,26.611],[81.7162,26.5914],[81.7025,26.5883],[81.698,26.5434],[81.6907,26.5393],[81.6821,26.5448],[81.6735,26.5298],[81.7047,26.5216],[81.7163,26.5108],[81.7213,26.5211],[81.7151,26.5256],[81.7255,26.5272],[81.7167,26.5329],[81.7177,26.5375],[81.7317,26.5459],[81.7482,26.5433],[81.756,26.5471],[81.7709,26.5419],[81.783,26.5438],[81.7979,26.5284],[81.8097,26.5399],[81.823,26.5238],[81.8465,26.512],[81.8474,26.5238],[81.8581,26.5225],[81.8639,26.534],[81.8801,26.5374],[81.8986,26.529],[81.8957,26.5233],[81.8886,26.5228],[81.8936,26.5131],[81.8964,26.5079],[81.9012,26.5112],[81.9124,26.5078],[81.9174,26.5195],[81.94,26.5071],[81.9471,26.5117],[81.974,26.5144],[81.9816,26.5095],[81.9844,26.5004],[82.0046,26.4901],[82.0077,26.4929],[82.0159,26.5096],[82.0316,26.5091],[82.0355,26.5028],[82.0503,26.4996],[82.0578,26.5015],[82.0578,26.5102],[82.0666,26.5052],[82.0738,26.5293],[82.0666,26.539],[82.0699,26.5484],[82.066,26.5597],[82.0764,26.571],[82.0563,26.5824],[82.0421,26.5803],[82.0443,26.592],[82.036,26.6094],[82.0446,26.6117],[82.0466,26.6047],[82.0503,26.618],[82.0468,26.6139],[82.0408,26.6153],[82.0393,26.6246],[82.0334,26.6257],[82.0318,26.6432],[82.0215,26.6478],[82.0308,26.6679],[82.0392,26.6667],[82.0354,26.6494],[82.053,26.6554],[82.0679,26.6485],[82.0692,26.6688],[82.0808,26.6701],[82.0657,26.6904],[82.0553,26.6847],[82.039,26.6979],[82.0107,26.7026],[81.9962,26.7147],[81.9821,26.7095],[81.9727,26.712],[81.9638,26.7007],[81.9548,26.7002],[81.9356,26.7052],[81.9269,26.7151],[81.9109,26.7171],[81.9037,26.7275],[81.8908,26.7277],[81.8845,26.7195],[81.8543,26.7138],[81.8389,26.7011]]]}},{"type":"Feature","properties":{"ac_name":"GOSHAINGANJ","ac_no":276,"ac_category":"GEN","st_name":"UTTAR PRADESH"},"geometry":{"type":"Polygon","coordinates":[[[82.4781,26.6682],[82.4512,26.64],[82.4245,26.6424],[82.4155,26.6514],[82.4143,26.6596],[82.3988,26.6642],[82.3751,26.6815],[82.3705,26.6964],[82.3741,26.7127],[82.3109,26.7038],[82.3026,26.6901],[82.314,26.678],[82.3145,26.6533],[82.3066,26.6509],[82.2928,26.6564],[82.2958,26.6389],[82.2872,26.6403],[82.2869,26.6211],[82.2783,26.6148],[82.2699,26.617],[82.2733,26.6091],[82.2581,26.6097],[82.2546,26.6207],[82.2457,26.615],[82.2319,26.6431],[82.2199,26.6457],[82.2197,26.6625],[82.2108,26.6639],[82.2106,26.6569],[82.1974,26.6544],[82.1764,26.6609],[82.1842,26.64],[82.1808,26.6298],[82.1986,26.6186],[82.1964,26.603],[82.2173,26.5967],[82.2152,26.5875],[82.2208,26.5871],[82.2335,26.5728],[82.2218,26.5436],[82.2126,26.5486],[82.2084,26.542],[82.2061,26.5277],[82.1968,26.5306],[82.1953,26.5242],[82.1793,26.5241],[82.1806,26.5163],[82.1704,26.509],[82.168,26.5172],[82.158,26.5226],[82.1464,26.5226],[82.1421,26.5318],[82.1301,26.5338],[82.1248,26.5448],[82.123,26.5695],[82.1087,26.5736],[82.0916,26.5695],[82.088,26.578],[82.0764,26.571],[82.066,26.5597],[82.0699,26.5484],[82.0666,26.539],[82.0738,26.5293],[82.0666,26.5052],[82.0578,26.5102],[82.0578,26.5015],[82.0503,26.4996],[82.0355,26.5028],[82.0316,26.5091],[82.0159,26.5096],[82.0077,26.4929],[82.0058,26.4805],[82.0144,26.4831],[82.0191,26.4954],[82.0279,26.4905],[82.0295,26.4832],[82.0356,26.4872],[82.0419,26.4849],[82.0391,26.4729],[82.0467,26.4688],[82.0629,26.4787],[82.0772,26.4726],[82.0905,26.4775],[82.1053,26.4738],[82.1107,26.4604],[82.1197,26.4592],[82.1255,26.471],[82.132,26.4679],[82.133,26.4569],[82.1247,26.4565],[82.1246,26.4513],[82.137,26.4452],[82.1441,26.4523],[82.1535,26.447],[82.1464,26.4353],[82.1646,26.4308],[82.1756,26.421],[82.1859,26.4218],[82.184,26.4111],[82.1878,26.4092],[82.2189,26.4094],[82.2313,26.4125],[82.2356,26.4202],[82.253,26.422],[82.2552,26.4341],[82.2583,26.4318],[82.2617,26.4352],[82.2577,26.4378],[82.2593,26.4444],[82.2639,26.4439],[82.2677,26.451],[82.2737,26.4492],[82.281,26.4704],[82.2868,26.4735],[82.2869,26.4855],[82.2982,26.4858],[82.3157,26.5097],[82.3062,26.5127],[82.3095,26.5271],[82.3193,26.5496],[82.3283,26.5557],[82.3365,26.5787],[82.345,26.5728],[82.3545,26.5797],[82.3643,26.5733],[82.3754,26.5724],[82.3773,26.5594],[82.3662,26.5579],[82.3662,26.5532],[82.3704,26.5471],[82.3783,26.5493],[82.3907,26.5415],[82.4021,26.5427],[82.4039,26.5514],[82.4094,26.551],[82.4144,26.5582],[82.4283,26.5466],[82.4385,26.5638],[82.4485,26.5581],[82.4526,26.57],[82.4587,26.5688],[82.4572,26.5769],[82.4656,26.5828],[82.4583,26.5865],[82.4585,26.5922],[82.4505,26.5943],[82.4534,26.605],[82.4647,26.602],[82.4765,26.6112],[82.4773,26.6193],[82.4711,26.6209],[82.4728,26.6258],[82.4683,26.6296],[82.4799,26.6695],[82.4781,26.6682]]]}},{"type":"Feature","properties":{"ac_name":"DEORIA","ac_no":337,"ac_category":"GEN","st_name":"UTTAR PRADESH"},"geometry":{"type":"Polygon","coordinates":[[[83.7194,26.6867],[83.695,26.6815],[83.6975,26.6973],[83.6813,26.7003],[83.6687,26.6819],[83.6625,26.6807],[83.653,26.6585],[83.6297,26.6574],[83.6265,26.6517],[83.6318,26.6468],[83.6278,26.6442],[83.6334,26.6237],[83.6221,26.6154],[83.6162,26.6169],[83.6197,26.6147],[83.6185,26.603],[83.6266,26.5989],[83.6319,26.5884],[83.631,26.5824],[83.6251,26.5809],[83.6286,26.5764],[83.6255,26.5678],[83.6428,26.5624],[83.6498,26.5776],[83.6621,26.5768],[83.6668,26.5735],[83.6639,26.5595],[83.6794,26.5607],[83.6874,26.553],[83.6805,26.5448],[83.69,26.5414],[83.7008,26.5277],[83.7006,26.5243],[83.6903,26.522],[83.6951,26.5142],[83.6888,26.5028],[83.6979,26.4947],[83.7049,26.5076],[83.7345,26.4774],[83.7338,26.469],[83.7024,26.4245],[83.7298,26.425],[83.7352,26.4177],[83.7442,26.4152],[83.7527,26.416],[83.7517,26.4106],[83.7629,26.4043],[83.7722,26.4149],[83.7887,26.4106],[83.7922,26.423],[83.7875,26.4273],[83.7935,26.4262],[83.7975,26.4364],[83.8062,26.4371],[83.7993,26.4479],[83.8052,26.4557],[83.813,26.454],[83.8222,26.4767],[83.8093,26.4788],[83.8086,26.4835],[83.8144,26.4834],[83.8053,26.4948],[83.811,26.5154],[83.8013,26.5146],[83.7873,26.5251],[83.7762,26.5237],[83.7734,26.5367],[83.7594,26.5371],[83.7578,26.5421],[83.7665,26.5498],[83.7521,26.562],[83.7524,26.5726],[83.7436,26.5886],[83.744,26.5955],[83.756,26.5947],[83.752,26.6128],[83.7563,26.6192],[83.7386,26.6356],[83.7313,26.6542],[83.7288,26.6679],[83.7336,26.6801],[83.7194,26.6867]]]}},{"type":"Feature","properties":{"ac_name":"UNNAO","ac_no":165,"ac_category":"GEN","st_name":"UTTAR PRADESH"},"geometry":{"type":"Polygon","coordinates":[[[80.2988,26.6777],[80.3033,26.6674],[80.2993,26.6485],[80.2841,26.6436],[80.2798,26.6373],[80.2798,26.6369],[80.2749,26.6198],[80.2777,26.5933],[80.2838,26.5827],[80.3024,26.5742],[80.2951,26.5497],[80.3343,26.5244],[80.347,26.5268],[80.3744,26.508],[80.3793,26.4953],[80.38,26.4891],[80.3697,26.4732],[80.4106,26.4331],[80.4282,26.4182],[80.4399,26.4355],[80.4352,26.4506],[80.4541,26.4494],[80.4582,26.459],[80.4644,26.4563],[80.4863,26.4624],[80.4897,26.4589],[80.4922,26.4706],[80.5153,26.4799],[80.514,26.4931],[80.5207,26.4925],[80.5252,26.4974],[80.5312,26.5159],[80.5395,26.5219],[80.5616,26.5217],[80.5754,26.535],[80.5757,26.5413],[80.5833,26.5443],[80.5887,26.5634],[80.5831,26.5682],[80.5855,26.5808],[80.5934,26.5851],[80.5709,26.5965],[80.5718,26.6066],[80.556,26.6038],[80.5528,26.6177],[80.5387,26.6241],[80.541,26.6345],[80.5116,26.6486],[80.5115,26.6583],[80.4891,26.6567],[80.4851,26.6413],[80.4791,26.6443],[80.461,26.6398],[80.4557,26.6531],[80.4315,26.6584],[80.429,26.6635],[80.4088,26.6589],[80.4017,26.6718],[80.3907,26.6738],[80.3736,26.6452],[80.364,26.6422],[80.3619,26.653],[80.3518,26.6594],[80.3394,26.656],[80.3336,26.6634],[80.314,26.6695],[80.3085,26.6791],[80.2988,26.6777]]]}},{"type":"Feature","properties":{"ac_name":"DHANGHATA","ac_no":314,"ac_category":"SC","st_name":"UTTAR PRADESH"},"geometry":{"type":"Polygon","coordinates":[[[82.9668,26.6781],[82.9677,26.6731],[82.9598,26.6698],[82.9448,26.6774],[82.9234,26.6552],[82.9154,26.655],[82.9138,26.6464],[82.9209,26.6416],[82.9189,26.6365],[82.9247,26.6369],[82.9299,26.6191],[82.9071,26.6347],[82.901,26.6302],[82.9044,26.6274],[82.9063,26.6304],[82.907,26.6226],[82.9034,26.6236],[82.8952,26.6102],[82.8897,26.6138],[82.8855,26.6108],[82.887,26.5976],[82.8935,26.6012],[82.9042,26.5958],[82.9009,26.5883],[82.8946,26.5897],[82.893,26.5818],[82.9002,26.5838],[82.8999,26.5753],[82.9067,26.5771],[82.9111,26.5735],[82.9094,26.5643],[82.9185,26.5548],[82.9143,26.5519],[82.9036,26.5562],[82.9009,26.5365],[82.8778,26.5262],[82.8796,26.5238],[82.8981,26.5118],[82.9092,26.5134],[82.9385,26.5073],[82.9582,26.4901],[83.0022,26.4819],[83.0193,26.4748],[83.026,26.4684],[83.0256,26.4572],[83.0678,26.408],[83.0964,26.4328],[83.0925,26.4337],[83.0972,26.4515],[83.0836,26.4662],[83.0951,26.4861],[83.1174,26.489],[83.1674,26.5066],[83.1698,26.5005],[83.1884,26.488],[83.1966,26.5014],[83.1931,26.5173],[83.2047,26.5239],[83.1892,26.5317],[83.1799,26.5243],[83.1742,26.5259],[83.1615,26.5368],[83.164,26.5463],[83.1587,26.5496],[83.1528,26.5468],[83.1401,26.5619],[83.1447,26.5712],[83.1369,26.58],[83.1371,26.5943],[83.13,26.5974],[83.1192,26.5922],[83.1179,26.5982],[83.1095,26.6012],[83.1105,26.619],[83.1163,26.6222],[83.1204,26.6198],[83.1342,26.634],[83.1284,26.6385],[83.1346,26.6473],[83.1322,26.6581],[83.1009,26.6586],[83.0876,26.6381],[83.0659,26.6378],[83.0551,26.6612],[83.0603,26.6806],[83.0526,26.6824],[83.0416,26.6728],[83.0267,26.6754],[83.0133,26.6619],[83.0275,26.6619],[83.027,26.6573],[83.0191,26.6564],[83.0049,26.6455],[82.9986,26.6512],[82.9939,26.6704],[82.9801,26.6786],[82.9668,26.6781]]]}},{"type":"Feature","properties":{"ac_name":"KHAJANI","ac_no":325,"ac_category":"SC","st_name":"UTTAR PRADESH"},"geometry":{"type":"Polygon","coordinates":[[[83.2121,26.6719],[83.2083,26.6762],[83.2029,26.673],[83.1992,26.6539],[83.1909,26.6521],[83.1793,26.66],[83.1652,26.6409],[83.1545,26.6426],[83.1459,26.6348],[83.1342,26.634],[83.1204,26.6198],[83.1163,26.6222],[83.1105,26.619],[83.1095,26.6012],[83.1179,26.5982],[83.1192,26.5922],[83.13,26.5974],[83.1371,26.5943],[83.1369,26.58],[83.1447,26.5712],[83.1401,26.5619],[83.1528,26.5468],[83.1587,26.5496],[83.164,26.5463],[83.1615,26.5368],[83.1742,26.5259],[83.1799,26.5243],[83.1892,26.5317],[83.2047,26.5239],[83.1931,26.5173],[83.1966,26.5014],[83.1884,26.488],[83.1698,26.5005],[83.1674,26.5066],[83.1174,26.489],[83.0951,26.4861],[83.0836,26.4662],[83.0972,26.4515],[83.0925,26.4337],[83.0964,26.4328],[83.0678,26.408],[83.0866,26.3915],[83.1169,26.3933],[83.132,26.3854],[83.1576,26.3967],[83.1703,26.3941],[83.1832,26.3975],[83.1981,26.393],[83.2271,26.3951],[83.2522,26.3796],[83.2575,26.3796],[83.2448,26.3939],[83.225,26.4038],[83.2257,26.4141],[83.2176,26.4177],[83.2135,26.4282],[83.2141,26.4473],[83.2186,26.4501],[83.2306,26.4447],[83.2437,26.4465],[83.2524,26.4609],[83.2705,26.4735],[83.264,26.4731],[83.2611,26.4826],[83.2776,26.4908],[83.2737,26.4972],[83.2789,26.5046],[83.2919,26.4954],[83.2903,26.4815],[83.2961,26.475],[83.3104,26.4791],[83.3046,26.4917],[83.3148,26.4995],[83.3113,26.5117],[83.2983,26.5209],[83.3014,26.5315],[83.3208,26.532],[83.3151,26.5407],[83.3229,26.5487],[83.3222,26.562],[83.3293,26.5687],[83.3225,26.5765],[83.3323,26.5924],[83.3308,26.6053],[83.3382,26.6084],[83.3342,26.62],[83.3184,26.6185],[83.3124,26.6021],[83.2994,26.5986],[83.2931,26.6078],[83.2818,26.6089],[83.2847,26.6248],[83.2793,26.6256],[83.2736,26.6401],[83.2543,26.6552],[83.2531,26.6644],[83.2384,26.6702],[83.222,26.6625],[83.2164,26.672],[83.2121,26.6719]]]}},{"type":"Feature","properties":{"ac_name":"KATEHARI","ac_no":277,"ac_category":"GEN","st_name":"UTTAR PRADESH"},"geometry":{"type":"Polygon","coordinates":[[[82.4799,26.6695],[82.4683,26.6296],[82.4728,26.6258],[82.4711,26.6209],[82.4773,26.6193],[82.4765,26.6112],[82.4647,26.602],[82.4534,26.605],[82.4505,26.5943],[82.4585,26.5922],[82.4583,26.5865],[82.4656,26.5828],[82.4572,26.5769],[82.4587,26.5688],[82.4526,26.57],[82.4485,26.5581],[82.4385,26.5638],[82.4283,26.5466],[82.4144,26.5582],[82.4094,26.551],[82.4039,26.5514],[82.4021,26.5427],[82.3907,26.5415],[82.3783,26.5493],[82.3704,26.5471],[82.3662,26.5532],[82.3662,26.5579],[82.3773,26.5594],[82.3754,26.5724],[82.3643,26.5733],[82.3545,26.5797],[82.345,26.5728],[82.3365,26.5787],[82.3283,26.5557],[82.3193,26.5496],[82.3095,26.5271],[82.3062,26.5127],[82.3157,26.5097],[82.2982,26.4858],[82.2869,26.4855],[82.2868,26.4735],[82.281,26.4704],[82.2737,26.4492],[82.2677,26.451],[82.2639,26.4439],[82.2593,26.4444],[82.2577,26.4378],[82.2617,26.4352],[82.2583,26.4318],[82.2552,26.4341],[82.253,26.422],[82.2356,26.4202],[82.2313,26.4125],[82.2189,26.4094],[82.2243,26.4017],[82.2394,26.399],[82.2457,26.3917],[82.2524,26.3925],[82.2575,26.4035],[82.2657,26.4034],[82.2794,26.3909],[82.2842,26.3977],[82.2972,26.4008],[82.2966,26.4051],[82.3011,26.406],[82.3102,26.3954],[82.3184,26.3936],[82.3151,26.3802],[82.3263,26.3868],[82.3384,26.3819],[82.3729,26.3819],[82.384,26.3757],[82.3827,26.3652],[82.3905,26.3646],[82.3936,26.3583],[82.4004,26.3566],[82.4025,26.3235],[82.4208,26.3183],[82.4351,26.3232],[82.4345,26.3426],[82.4719,26.3342],[82.4755,26.357],[82.4855,26.3557],[82.4922,26.3607],[82.4968,26.3574],[82.5044,26.3615],[82.5067,26.3688],[82.4959,26.3697],[82.4855,26.3878],[82.4907,26.4089],[82.499,26.418],[82.4845,26.4279],[82.4838,26.437],[82.508,26.4582],[82.4928,26.4639],[82.5018,26.4699],[82.4857,26.4807],[82.4929,26.5138],[82.4965,26.5182],[82.5264,26.5249],[82.5342,26.5334],[82.5413,26.5198],[82.5543,26.5196],[82.5913,26.5289],[82.5921,26.533],[82.5732,26.5391],[82.5755,26.5447],[82.5924,26.5481],[82.6099,26.5431],[82.6165,26.5511],[82.6215,26.5461],[82.623,26.5788],[82.6287,26.577],[82.6373,26.5942],[82.6226,26.5961],[82.6032,26.608],[82.5632,26.6324],[82.5446,26.6261],[82.519,26.6312],[82.5078,26.6406],[82.5124,26.6603],[82.5063,26.6686],[82.4927,26.6726],[82.4799,26.6695]]]}},{"type":"Feature","properties":{"ac_name":"PURWA","ac_no":167,"ac_category":"GEN","st_name":"UTTAR PRADESH"},"geometry":{"type":"Polygon","coordinates":[[[80.8474,26.653],[80.838,26.6659],[80.8247,26.6642],[80.8158,26.6537],[80.8129,26.6571],[80.8057,26.6548],[80.7994,26.6482],[80.8094,26.6458],[80.8102,26.6183],[80.7752,26.6217],[80.777,26.6386],[80.7705,26.6483],[80.7544,26.6441],[80.7503,26.6327],[80.7337,26.6166],[80.726,26.6158],[80.7162,26.6036],[80.7147,26.5917],[80.7252,26.5796],[80.7112,26.5729],[80.7124,26.5637],[80.7045,26.5565],[80.6971,26.573],[80.6869,26.5568],[80.6853,26.5593],[80.681,26.5683],[80.687,26.5846],[80.6814,26.5848],[80.6736,26.5764],[80.6565,26.5738],[80.6545,26.5879],[80.6626,26.5937],[80.6591,26.5989],[80.6517,26.5985],[80.6458,26.5909],[80.5934,26.5851],[80.5855,26.5808],[80.5831,26.5682],[80.5887,26.5634],[80.5833,26.5443],[80.5757,26.5413],[80.5754,26.535],[80.5616,26.5217],[80.5395,26.5219],[80.5312,26.5159],[80.5252,26.4974],[80.5207,26.4925],[80.514,26.4931],[80.5153,26.4799],[80.5325,26.48],[80.5375,26.4556],[80.5497,26.4567],[80.5565,26.4743],[80.5649,26.4647],[80.5766,26.4668],[80.5818,26.4615],[80.5866,26.4633],[80.6079,26.4486],[80.6195,26.4531],[80.6407,26.447],[80.6456,26.4518],[80.6569,26.4504],[80.6682,26.4407],[80.6688,26.4338],[80.6817,26.429],[80.6912,26.417],[80.7057,26.409],[80.7172,26.4082],[80.7233,26.4127],[80.731,26.4023],[80.742,26.4121],[80.7479,26.4096],[80.7528,26.418],[80.765,26.4136],[80.7801,26.433],[80.7894,26.4347],[80.8097,26.4169],[80.8016,26.3985],[80.8075,26.3898],[80.817,26.3939],[80.8238,26.3918],[80.8261,26.3846],[80.8342,26.3833],[80.8446,26.3713],[80.8595,26.3659],[80.8637,26.3693],[80.8661,26.3565],[80.8899,26.3583],[80.8913,26.344],[80.8985,26.3526],[80.9155,26.3537],[80.925,26.3416],[80.926,26.3473],[80.934,26.3501],[80.9358,26.359],[80.9475,26.3483],[80.9489,26.3321],[80.9413,26.3222],[80.9474,26.3098],[80.9681,26.3067],[80.9863,26.3139],[80.9959,26.3111],[81.0029,26.3318],[80.9966,26.3359],[80.9986,26.3496],[81.0213,26.3632],[81.0359,26.3622],[81.0382,26.3683],[81.0513,26.3756],[81.0374,26.3775],[81.0353,26.3831],[81.0313,26.3798],[81.0336,26.3954],[81.0291,26.3977],[81.0251,26.4076],[81.0319,26.4141],[81.0255,26.4132],[81.0212,26.4236],[81.0172,26.4193],[81.0115,26.4235],[81.0146,26.4335],[80.9942,26.4498],[80.995,26.4543],[80.9898,26.4541],[80.9945,26.4558],[80.9911,26.4664],[80.9816,26.4736],[80.9879,26.4785],[80.9851,26.4849],[80.9906,26.4853],[80.9903,26.4715],[80.9989,26.4774],[81.0036,26.4924],[80.9913,26.5019],[80.9958,26.5081],[81.0072,26.5037],[81.0075,26.5101],[80.9969,26.5124],[81.0042,26.5175],[81.0045,26.5272],[80.9948,26.5373],[80.9906,26.5352],[80.9854,26.5389],[80.9868,26.548],[80.9795,26.5448],[80.9807,26.5519],[80.9668,26.5501],[80.9725,26.5576],[80.9656,26.5558],[80.961,26.5624],[80.952,26.5621],[80.9515,26.569],[80.9391,26.5669],[80.9412,26.5716],[80.9307,26.5745],[80.9261,26.5843],[80.9316,26.5858],[80.9255,26.5876],[80.9244,26.5939],[80.91,26.5883],[80.9083,26.6004],[80.9018,26.5934],[80.8888,26.599],[80.8922,26.6217],[80.8817,26.6245],[80.878,26.6175],[80.872,26.6185],[80.87,26.6237],[80.8799,26.6303],[80.871,26.6425],[80.8474,26.653]]]}},{"type":"Feature","properties":{"ac_name":"JAGDISHPUR","ac_no":184,"ac_category":"SC","st_name":"UTTAR PRADESH"},"geometry":{"type":"Polygon","coordinates":[[[81.5588,26.6421],[81.5641,26.6377],[81.5621,26.63],[81.5554,26.6264],[81.5591,26.6192],[81.5557,26.6161],[81.5684,26.6178],[81.5743,26.6128],[81.5654,26.6022],[81.567,26.5926],[81.5604,26.5881],[81.5528,26.5904],[81.5446,26.578],[81.5534,26.5719],[81.5511,26.5626],[81.5356,26.544],[81.5474,26.5285],[81.5417,26.5255],[81.5363,26.5181],[81.5405,26.5055],[81.5591,26.4995],[81.5531,26.4747],[81.5596,26.4654],[81.5647,26.4666],[81.5728,26.4603],[81.5494,26.427],[81.5423,26.4258],[81.5383,26.414],[81.5458,26.4011],[81.5588,26.3997],[81.5598,26.3808],[81.5551,26.3729],[81.5683,26.3577],[81.562,26.3382],[81.5713,26.3354],[81.5773,26.3475],[81.5925,26.3422],[81.6015,26.3461],[81.6078,26.3401],[81.6184,26.3622],[81.6286,26.3668],[81.6385,26.3598],[81.6502,26.3652],[81.645,26.3745],[81.6521,26.3837],[81.6665,26.3822],[81.6638,26.3703],[81.6745,26.3661],[81.6755,26.3836],[81.6821,26.3832],[81.6962,26.3923],[81.708,26.3866],[81.7038,26.399],[81.7167,26.4055],[81.7249,26.4012],[81.7257,26.4083],[81.7353,26.4124],[81.7276,26.4213],[81.735,26.4323],[81.7257,26.4453],[81.753,26.4853],[81.7633,26.4855],[81.7577,26.4733],[81.7635,26.4577],[81.778,26.4637],[81.7869,26.4625],[81.7886,26.436],[81.8054,26.4306],[81.8274,26.4343],[81.8259,26.452],[81.8113,26.4619],[81.8222,26.4807],[81.8361,26.4811],[81.8499,26.5081],[81.8623,26.4935],[81.8699,26.4928],[81.8742,26.5003],[81.8703,26.5074],[81.873,26.52],[81.8936,26.5131],[81.8886,26.5228],[81.8957,26.5233],[81.8986,26.529],[81.8801,26.5374],[81.8639,26.534],[81.8581,26.5225],[81.8474,26.5238],[81.8465,26.512],[81.823,26.5238],[81.8097,26.5399],[81.7979,26.5284],[81.783,26.5438],[81.7709,26.5419],[81.756,26.5471],[81.7482,26.5433],[81.7317,26.5459],[81.7177,26.5375],[81.7167,26.5329],[81.7255,26.5272],[81.7151,26.5256],[81.7213,26.5211],[81.7163,26.5108],[81.7047,26.5216],[81.6735,26.5298],[81.6821,26.5448],[81.6907,26.5393],[81.698,26.5434],[81.7025,26.5883],[81.6817,26.5895],[81.6712,26.5841],[81.6629,26.5908],[81.6527,26.5834],[81.6477,26.5844],[81.6487,26.6089],[81.6553,26.6099],[81.6714,26.6004],[81.6769,26.6051],[81.6625,26.6261],[81.6513,26.6284],[81.6425,26.6398],[81.6263,26.64],[81.6261,26.6308],[81.6149,26.6286],[81.6006,26.6509],[81.5826,26.6537],[81.5662,26.6665],[81.5595,26.6628],[81.5684,26.6528],[81.5587,26.6421],[81.5588,26.6421]]]}},{"type":"Feature","properties":{"ac_name":"BITHOOR","ac_no":210,"ac_category":"GEN","st_name":"UTTAR PRADESH"},"geometry":{"type":"Polygon","coordinates":[[[80.2798,26.6369],[80.2798,26.6373],[80.261,26.6354],[80.254,26.6292],[80.252,26.6071],[80.2601,26.5986],[80.2399,26.581],[80.2506,26.5694],[80.2461,26.5604],[80.2374,26.562],[80.2365,26.5736],[80.2192,26.5741],[80.2159,26.5316],[80.1936,26.5276],[80.1887,26.5313],[80.1777,26.5295],[80.1634,26.5225],[80.1729,26.5148],[80.1762,26.5036],[80.1718,26.5069],[80.1725,26.5026],[80.1584,26.4992],[80.1459,26.4902],[80.1375,26.4965],[80.1428,26.4885],[80.1395,26.4859],[80.1472,26.4815],[80.1427,26.4804],[80.1516,26.4728],[80.1282,26.4785],[80.134,26.4649],[80.1269,26.4574],[80.129,26.4279],[80.1327,26.4213],[80.1383,26.4214],[80.1353,26.4015],[80.1399,26.4057],[80.1499,26.4045],[80.1441,26.4004],[80.1467,26.395],[80.134,26.3914],[80.1528,26.38],[80.1426,26.3769],[80.1451,26.373],[80.1376,26.3678],[80.1395,26.3649],[80.1502,26.3656],[80.1451,26.361],[80.155,26.3551],[80.1477,26.3497],[80.1512,26.3474],[80.1577,26.3525],[80.1682,26.3528],[80.1687,26.3484],[80.1795,26.3507],[80.1891,26.345],[80.1828,26.34],[80.1745,26.3456],[80.1852,26.3347],[80.1806,26.3316],[80.1725,26.334],[80.1773,26.3262],[80.1643,26.326],[80.1699,26.3209],[80.1794,26.3217],[80.1619,26.3117],[80.1642,26.304],[80.1552,26.305],[80.1606,26.2919],[80.166,26.2788],[80.1761,26.2716],[80.1792,26.2747],[80.175,26.2798],[80.1871,26.2761],[80.2049,26.2799],[80.2185,26.2737],[80.2082,26.2681],[80.2209,26.2664],[80.2213,26.2533],[80.2275,26.2596],[80.2297,26.2506],[80.2391,26.2577],[80.2411,26.2491],[80.2476,26.2605],[80.2581,26.2634],[80.2661,26.2544],[80.2749,26.2569],[80.2648,26.2528],[80.2634,26.2436],[80.2567,26.2439],[80.2606,26.2272],[80.2575,26.2188],[80.268,26.2164],[80.277,26.2223],[80.2834,26.2164],[80.2938,26.2278],[80.3056,26.2152],[80.3127,26.2197],[80.3173,26.2087],[80.33,26.2075],[80.332,26.2173],[80.3381,26.22],[80.3499,26.2129],[80.342,26.1996],[80.3434,26.1959],[80.3538,26.1947],[80.3502,26.1802],[80.3601,26.1736],[80.3568,26.1511],[80.3662,26.1491],[80.3661,26.1406],[80.3694,26.1405],[80.3872,26.1427],[80.4041,26.1625],[80.4289,26.1535],[80.4329,26.1577],[80.4307,26.1652],[80.4422,26.1677],[80.4472,26.1817],[80.4695,26.1827],[80.4666,26.1981],[80.4634,26.1934],[80.4594,26.1983],[80.4468,26.1933],[80.4383,26.2039],[80.4228,26.2019],[80.4143,26.2145],[80.4147,26.2275],[80.4061,26.2304],[80.4145,26.2361],[80.3972,26.2485],[80.3978,26.2632],[80.3925,26.267],[80.3975,26.271],[80.3932,26.2733],[80.404,26.2776],[80.3958,26.2922],[80.4063,26.2987],[80.4074,26.3076],[80.4203,26.3121],[80.4045,26.3427],[80.3975,26.3382],[80.387,26.347],[80.385,26.3629],[80.3776,26.3689],[80.3728,26.3701],[80.368,26.3572],[80.3632,26.3598],[80.3544,26.3564],[80.351,26.3669],[80.3563,26.3791],[80.354,26.3882],[80.323,26.3836],[80.3247,26.3736],[80.3149,26.368],[80.3028,26.3713],[80.2984,26.3962],[80.2832,26.4116],[80.2891,26.4246],[80.2781,26.4251],[80.266,26.4085],[80.2652,26.4236],[80.2597,26.4182],[80.2435,26.4239],[80.2429,26.4355],[80.2309,26.4476],[80.2185,26.4493],[80.2041,26.4632],[80.2214,26.4847],[80.2166,26.4975],[80.2293,26.5112],[80.2394,26.5129],[80.2387,26.5217],[80.246,26.5248],[80.252,26.5164],[80.2723,26.511],[80.2822,26.5145],[80.2934,26.5062],[80.3205,26.512],[80.3343,26.5244],[80.2951,26.5497],[80.3024,26.5742],[80.2838,26.5827],[80.2777,26.5933],[80.2749,26.6198],[80.2798,26.6369]]]}},{"type":"Feature","properties":{"ac_name":"BANSGAON","ac_no":327,"ac_category":"SC","st_name":"UTTAR PRADESH"},"geometry":{"type":"Polygon","coordinates":[[[83.4085,26.6274],[83.393,26.633],[83.3717,26.6277],[83.3763,26.6067],[83.3498,26.621],[83.3382,26.6084],[83.3308,26.6053],[83.3323,26.5924],[83.3225,26.5765],[83.3293,26.5687],[83.3222,26.562],[83.3229,26.5487],[83.3151,26.5407],[83.3208,26.532],[83.3014,26.5315],[83.2983,26.5209],[83.3113,26.5117],[83.3148,26.4995],[83.3295,26.4961],[83.346,26.4844],[83.3399,26.4594],[83.3565,26.4613],[83.3779,26.4432],[83.3903,26.4423],[83.3859,26.4277],[83.3892,26.4119],[83.4071,26.3987],[83.4264,26.3982],[83.433,26.3908],[83.4308,26.3823],[83.4377,26.3709],[83.453,26.3641],[83.4481,26.3567],[83.5092,26.3529],[83.5349,26.3679],[83.5324,26.3858],[83.5106,26.3846],[83.5228,26.3916],[83.5246,26.4012],[83.5,26.4011],[83.5003,26.3953],[83.4926,26.3908],[83.4853,26.3994],[83.4874,26.4066],[83.5057,26.4174],[83.4979,26.4219],[83.496,26.4348],[83.4766,26.4606],[83.4933,26.4625],[83.487,26.4813],[83.5001,26.4963],[83.5025,26.5089],[83.4981,26.5121],[83.4931,26.5099],[83.4899,26.4975],[83.4834,26.4984],[83.4882,26.5346],[83.464,26.5199],[83.4587,26.5212],[83.4591,26.5259],[83.4827,26.5463],[83.4829,26.5534],[83.4487,26.548],[83.4412,26.5583],[83.4531,26.5678],[83.4666,26.5683],[83.4803,26.5846],[83.4868,26.6129],[83.4769,26.6124],[83.4632,26.6001],[83.4498,26.5968],[83.4433,26.6006],[83.4435,26.6064],[83.451,26.6049],[83.4538,26.6139],[83.465,26.6148],[83.454,26.6164],[83.4531,26.6287],[83.4085,26.6274]]]}},{"type":"Feature","properties":{"ac_name":"RAMPUR KARKHANA","ac_no":339,"ac_category":"GEN","st_name":"UTTAR PRADESH"},"geometry":{"type":"Polygon","coordinates":[[[83.8541,26.6167],[83.8549,26.6223],[83.8427,26.6128],[83.8377,26.6159],[83.8309,26.6123],[83.8132,26.6141],[83.8102,26.6072],[83.8031,26.6071],[83.7885,26.5964],[83.7862,26.5788],[83.7939,26.5677],[83.787,26.5549],[83.7901,26.5519],[83.7859,26.5455],[83.7744,26.548],[83.7701,26.5533],[83.7665,26.5498],[83.7578,26.5421],[83.7594,26.5371],[83.7734,26.5367],[83.7762,26.5237],[83.7873,26.5251],[83.8013,26.5146],[83.811,26.5154],[83.8053,26.4948],[83.8144,26.4834],[83.8086,26.4835],[83.8093,26.4788],[83.8222,26.4767],[83.813,26.454],[83.8326,26.4499],[83.8196,26.4054],[83.8248,26.4031],[83.8265,26.3847],[83.8349,26.3792],[83.8399,26.3742],[83.8565,26.3824],[83.8613,26.3785],[83.8675,26.3696],[83.881,26.3648],[83.8803,26.3582],[83.9069,26.3572],[83.9168,26.362],[83.9177,26.3577],[83.9097,26.3569],[83.9044,26.35],[83.9154,26.3395],[83.9131,26.3336],[83.9281,26.3246],[83.9319,26.3322],[83.9397,26.331],[83.9457,26.3219],[83.9298,26.3078],[83.936,26.29],[83.9726,26.2933],[83.9839,26.3126],[83.9673,26.3144],[83.9619,26.3227],[83.9727,26.334],[83.9863,26.3304],[84.0033,26.3392],[84.0037,26.3473],[83.9962,26.3587],[83.9966,26.3743],[83.9782,26.3859],[83.9609,26.3766],[83.9413,26.3794],[83.9464,26.3928],[83.9397,26.3977],[83.9446,26.4045],[83.9538,26.4027],[83.9704,26.4081],[83.987,26.42],[83.9906,26.4326],[83.9462,26.4386],[83.9109,26.4498],[83.9079,26.4473],[83.9151,26.5027],[83.9071,26.5086],[83.9075,26.5179],[83.9314,26.5208],[83.9188,26.53],[83.9231,26.5421],[83.9038,26.5435],[83.8892,26.5589],[83.895,26.5733],[83.8901,26.577],[83.899,26.5873],[83.8999,26.5977],[83.8852,26.6012],[83.8829,26.6146],[83.8739,26.6122],[83.861,26.6173],[83.8535,26.6134],[83.8541,26.6167]]]}},{"type":"Feature","properties":{"ac_name":"AURAIYA","ac_no":204,"ac_category":"SC","st_name":"UTTAR PRADESH"},"geometry":{"type":"Polygon","coordinates":[[[79.4568,26.584],[79.4614,26.601],[79.4497,26.6089],[79.4347,26.6112],[79.4097,26.5757],[79.4033,26.5766],[79.404,26.5831],[79.3938,26.5737],[79.4,26.5616],[79.3876,26.5505],[79.3684,26.5612],[79.3706,26.5693],[79.3616,26.5726],[79.3651,26.5794],[79.3542,26.5802],[79.3484,26.5726],[79.342,26.5766],[79.3328,26.5699],[79.3071,26.5793],[79.2951,26.5698],[79.2816,26.574],[79.2805,26.579],[79.2665,26.5875],[79.2697,26.5955],[79.256,26.6087],[79.22,26.5659],[79.2218,26.5482],[79.2087,26.5458],[79.2073,26.5409],[79.2579,26.5358],[79.2589,26.5211],[79.267,26.5151],[79.2766,26.5148],[79.3053,26.5264],[79.3141,26.5221],[79.3106,26.5152],[79.2752,26.4998],[79.2746,26.4918],[79.287,26.4825],[79.2859,26.4761],[79.2785,26.4648],[79.2298,26.4406],[79.2267,26.4348],[79.2315,26.4266],[79.2611,26.4304],[79.2872,26.4423],[79.2959,26.4408],[79.3024,26.4363],[79.3174,26.4025],[79.3236,26.3985],[79.3567,26.4043],[79.4036,26.4242],[79.4546,26.4335],[79.474,26.4311],[79.4867,26.4187],[79.4909,26.3886],[79.5059,26.3642],[79.546,26.4031],[79.5578,26.4088],[79.5767,26.4333],[79.5679,26.447],[79.5702,26.4501],[79.576,26.4475],[79.5895,26.4631],[79.5716,26.475],[79.5739,26.4607],[79.5619,26.4672],[79.5504,26.4526],[79.5414,26.4734],[79.5317,26.4673],[79.5363,26.4809],[79.5416,26.4769],[79.5485,26.488],[79.5431,26.4966],[79.5505,26.505],[79.5341,26.514],[79.5199,26.5059],[79.5063,26.5062],[79.5081,26.5144],[79.5012,26.5267],[79.5114,26.5387],[79.5049,26.5453],[79.519,26.5622],[79.5191,26.5671],[79.51,26.5727],[79.5131,26.5775],[79.4998,26.5785],[79.4909,26.5722],[79.4867,26.5795],[79.4691,26.5707],[79.4706,26.5759],[79.4646,26.5814],[79.4548,26.5762],[79.4568,26.584]]]}},{"type":"Feature","properties":{"ac_name":"AKBARPUR-RANIYA","ac_no":206,"ac_category":"GEN","st_name":"UTTAR PRADESH"},"geometry":{"type":"Polygon","coordinates":[[[80.0256,26.6069],[80.011,26.608],[80.0231,26.5838],[80.0172,26.5685],[79.9926,26.5462],[79.9765,26.5513],[79.9397,26.527],[79.924,26.5303],[79.8967,26.5102],[79.8767,26.5127],[79.8748,26.5015],[79.8621,26.4957],[79.8587,26.4882],[79.8591,26.4833],[79.8829,26.4739],[79.8896,26.4664],[79.8783,26.4384],[79.9041,26.4323],[79.9151,26.4245],[79.9159,26.4172],[79.9108,26.4128],[79.8913,26.4115],[79.8782,26.3903],[79.8514,26.3776],[79.8486,26.3626],[79.8669,26.3534],[79.8658,26.3469],[79.9173,26.3108],[79.937,26.3151],[79.9502,26.3119],[79.9465,26.2843],[79.9608,26.273],[79.988,26.2873],[79.9998,26.3004],[79.998,26.3148],[80.0067,26.3191],[80.0091,26.3273],[79.9958,26.3387],[80.0113,26.3506],[80.0334,26.3423],[80.0386,26.3454],[80.0456,26.3667],[80.0543,26.3541],[80.0705,26.3593],[80.0711,26.3688],[80.0765,26.373],[80.0989,26.3755],[80.1121,26.3645],[80.1332,26.3715],[80.1376,26.3678],[80.1451,26.373],[80.1426,26.3769],[80.1528,26.38],[80.134,26.3914],[80.1467,26.395],[80.1441,26.4004],[80.1499,26.4045],[80.1399,26.4057],[80.1353,26.4015],[80.1383,26.4214],[80.1327,26.4213],[80.129,26.4279],[80.1269,26.4574],[80.134,26.4649],[80.1282,26.4785],[80.1516,26.4728],[80.1427,26.4804],[80.1472,26.4815],[80.1395,26.4859],[80.1428,26.4885],[80.1375,26.4965],[80.1459,26.4902],[80.1584,26.4992],[80.1725,26.5026],[80.1718,26.5069],[80.1762,26.5036],[80.1729,26.5148],[80.1634,26.5225],[80.1523,26.5204],[80.1563,26.534],[80.1632,26.5368],[80.1612,26.5429],[80.141,26.5356],[80.1346,26.5465],[80.1379,26.5545],[80.117,26.5701],[80.0999,26.574],[80.0952,26.5897],[80.0872,26.5846],[80.0724,26.5839],[80.0651,26.5905],[80.0622,26.6014],[80.0256,26.6069]]]}},{"type":"Feature","properties":{"ac_name":"BACHHRAWAN","ac_no":177,"ac_category":"SC","st_name":"UTTAR PRADESH"},"geometry":{"type":"Polygon","coordinates":[[[81.166,26.5957],[81.1608,26.5874],[81.141,26.5882],[81.1248,26.559],[81.1161,26.5581],[81.1041,26.5651],[81.099,26.5629],[81.0919,26.5419],[81.0788,26.537],[81.074,26.5236],[81.0656,26.5221],[81.0526,26.5057],[81.0417,26.5049],[81.0312,26.5156],[81.0327,26.5206],[81.0231,26.5265],[81.0045,26.5272],[81.0042,26.5175],[80.9969,26.5124],[81.0075,26.5101],[81.0072,26.5037],[80.9958,26.5081],[80.9913,26.5019],[81.0036,26.4924],[80.9989,26.4774],[80.9903,26.4715],[80.9906,26.4853],[80.9851,26.4849],[80.9879,26.4785],[80.9816,26.4736],[80.9911,26.4664],[80.9945,26.4558],[80.9898,26.4541],[80.995,26.4543],[80.9942,26.4498],[81.0146,26.4335],[81.0115,26.4235],[81.0172,26.4193],[81.0212,26.4236],[81.0255,26.4132],[81.0319,26.4141],[81.0251,26.4076],[81.0291,26.3977],[81.0341,26.4091],[81.0477,26.4176],[81.0565,26.417],[81.0784,26.433],[81.0833,26.4266],[81.0975,26.4234],[81.0977,26.4175],[81.1318,26.4055],[81.1335,26.3991],[81.1501,26.394],[81.1628,26.3796],[81.18,26.3867],[81.2205,26.3732],[81.2141,26.3583],[81.2173,26.3472],[81.2299,26.3345],[81.2423,26.3299],[81.2454,26.3129],[81.2564,26.321],[81.2735,26.32],[81.2764,26.3105],[81.2908,26.3075],[81.3016,26.2983],[81.3033,26.2897],[81.3081,26.2882],[81.3031,26.2823],[81.3067,26.278],[81.3107,26.2818],[81.3221,26.2781],[81.3273,26.2877],[81.338,26.292],[81.3449,26.2997],[81.3418,26.3035],[81.3473,26.3127],[81.3389,26.3187],[81.3241,26.3196],[81.3288,26.3271],[81.3125,26.3258],[81.3181,26.3321],[81.3142,26.3448],[81.3235,26.3606],[81.3192,26.378],[81.3325,26.3757],[81.3365,26.3584],[81.3567,26.3493],[81.361,26.3344],[81.3803,26.3307],[81.3818,26.3357],[81.3911,26.336],[81.4064,26.33],[81.4122,26.3371],[81.4118,26.3463],[81.4005,26.3644],[81.4067,26.3762],[81.3978,26.3902],[81.4115,26.4182],[81.4005,26.4334],[81.3745,26.4462],[81.3859,26.4547],[81.3781,26.4659],[81.3836,26.4771],[81.3659,26.497],[81.3687,26.5071],[81.3632,26.5222],[81.3453,26.5318],[81.3425,26.5461],[81.3245,26.5524],[81.3151,26.5403],[81.3046,26.5436],[81.2927,26.5639],[81.2733,26.5745],[81.2501,26.5795],[81.2467,26.5865],[81.2317,26.59],[81.2184,26.5991],[81.213,26.5945],[81.2057,26.5956],[81.1817,26.6065],[81.18,26.5981],[81.1738,26.6005],[81.166,26.5957]]]}},{"type":"Feature","properties":{"ac_name":"TANDA","ac_no":278,"ac_category":"GEN","st_name":"UTTAR PRADESH"},"geometry":{"type":"Polygon","coordinates":[[[82.6373,26.5942],[82.6287,26.577],[82.623,26.5788],[82.6215,26.5461],[82.6165,26.5511],[82.6099,26.5431],[82.5924,26.5481],[82.5755,26.5447],[82.5732,26.5391],[82.5921,26.533],[82.5913,26.5289],[82.5543,26.5196],[82.565,26.5173],[82.5687,26.5092],[82.5848,26.5022],[82.6162,26.5106],[82.6236,26.5043],[82.6339,26.5043],[82.6413,26.4966],[82.6523,26.4993],[82.6656,26.4768],[82.7007,26.4576],[82.7234,26.4454],[82.7384,26.4284],[82.7585,26.4212],[82.7625,26.413],[82.7659,26.4233],[82.7729,26.4177],[82.7919,26.4151],[82.7931,26.4101],[82.7786,26.412],[82.7806,26.4049],[82.7892,26.3955],[82.794,26.4042],[82.8061,26.3953],[82.8146,26.3991],[82.8138,26.409],[82.8195,26.4181],[82.7871,26.4241],[82.7915,26.4359],[82.7846,26.4447],[82.7853,26.4564],[82.7949,26.4612],[82.7859,26.4686],[82.7912,26.4795],[82.8046,26.4827],[82.8287,26.4766],[82.8305,26.49],[82.8151,26.4955],[82.822,26.5062],[82.828,26.5067],[82.8342,26.5143],[82.8528,26.5073],[82.8741,26.5065],[82.8764,26.5108],[82.8628,26.5128],[82.8568,26.5236],[82.8607,26.5275],[82.8794,26.5234],[82.8796,26.5238],[82.8778,26.5262],[82.8549,26.5475],[82.852,26.5732],[82.8292,26.5875],[82.8141,26.585],[82.8017,26.5733],[82.7606,26.5587],[82.7511,26.5613],[82.7374,26.5762],[82.7235,26.5717],[82.6939,26.5815],[82.6781,26.5816],[82.6562,26.5953],[82.6373,26.5942]]]}},{"type":"Feature","properties":{"ac_name":"TILOI","ac_no":178,"ac_category":"GEN","st_name":"UTTAR PRADESH"},"geometry":{"type":"Polygon","coordinates":[[[81.3425,26.5461],[81.3453,26.5318],[81.3632,26.5222],[81.3687,26.5071],[81.3659,26.497],[81.3836,26.4771],[81.3781,26.4659],[81.3859,26.4547],[81.3745,26.4462],[81.4005,26.4334],[81.4115,26.4182],[81.3978,26.3902],[81.4067,26.3762],[81.4005,26.3644],[81.4118,26.3463],[81.4122,26.3371],[81.4064,26.33],[81.3911,26.336],[81.3818,26.3357],[81.3803,26.3307],[81.3891,26.3233],[81.4053,26.3229],[81.4289,26.312],[81.4114,26.2848],[81.3985,26.2848],[81.3928,26.2754],[81.3811,26.2782],[81.3744,26.2696],[81.3723,26.2604],[81.3777,26.2471],[81.3643,26.2325],[81.365,26.2195],[81.3912,26.2151],[81.4022,26.2179],[81.4155,26.2114],[81.4415,26.2162],[81.4411,26.1972],[81.4458,26.1942],[81.4617,26.1978],[81.4704,26.2069],[81.4844,26.2061],[81.497,26.216],[81.511,26.2116],[81.5114,26.2054],[81.5225,26.2016],[81.5299,26.2054],[81.549,26.2048],[81.576,26.2247],[81.5789,26.2313],[81.571,26.2333],[81.5789,26.2438],[81.5896,26.2421],[81.592,26.2447],[81.5783,26.2594],[81.5812,26.2784],[81.5689,26.2801],[81.5563,26.2982],[81.5598,26.3051],[81.5541,26.3113],[81.561,26.3226],[81.5576,26.3316],[81.562,26.3382],[81.5683,26.3577],[81.5551,26.3729],[81.5598,26.3808],[81.5588,26.3997],[81.5458,26.4011],[81.5383,26.414],[81.5423,26.4258],[81.5494,26.427],[81.5728,26.4603],[81.5647,26.4666],[81.5596,26.4654],[81.5531,26.4747],[81.5591,26.4995],[81.5405,26.5055],[81.5363,26.5181],[81.5417,26.5255],[81.5273,26.5327],[81.5104,26.5282],[81.51,26.5362],[81.5163,26.5371],[81.5147,26.5496],[81.4947,26.5496],[81.4915,26.543],[81.4864,26.5433],[81.4801,26.556],[81.4738,26.5548],[81.4672,26.5685],[81.4579,26.5743],[81.4452,26.5683],[81.4458,26.5637],[81.438,26.5666],[81.4313,26.5601],[81.3915,26.5754],[81.3907,26.585],[81.3813,26.5897],[81.3689,26.5765],[81.3581,26.5533],[81.351,26.5458],[81.3425,26.5461]]]}},{"type":"Feature","properties":{"ac_name":"RUDRAPUR","ac_no":336,"ac_category":"GEN","st_name":"UTTAR PRADESH"},"geometry":{"type":"Polygon","coordinates":[[[83.6255,26.5678],[83.6184,26.573],[83.6132,26.5665],[83.6123,26.5553],[83.6162,26.5545],[83.6085,26.5511],[83.608,26.5365],[83.6031,26.5328],[83.5981,26.5138],[83.5737,26.5154],[83.5683,26.5075],[83.5536,26.5123],[83.5485,26.5074],[83.5548,26.4974],[83.5462,26.4891],[83.5403,26.5017],[83.5331,26.4962],[83.5188,26.4992],[83.5138,26.4949],[83.5001,26.4963],[83.487,26.4813],[83.4933,26.4625],[83.4766,26.4606],[83.496,26.4348],[83.4979,26.4219],[83.5057,26.4174],[83.4874,26.4066],[83.4853,26.3994],[83.4926,26.3908],[83.5003,26.3953],[83.5,26.4011],[83.5246,26.4012],[83.5228,26.3916],[83.5106,26.3846],[83.5324,26.3858],[83.5349,26.3679],[83.5391,26.3578],[83.5461,26.3557],[83.5553,26.3778],[83.5689,26.3758],[83.5623,26.3856],[83.5483,26.3872],[83.5466,26.3913],[83.583,26.3983],[83.5848,26.3905],[83.5784,26.3759],[83.5811,26.3656],[83.5888,26.3595],[83.6112,26.3697],[83.6121,26.3644],[83.5993,26.3491],[83.6163,26.3429],[83.6108,26.3344],[83.6174,26.3308],[83.6238,26.3484],[83.6329,26.3436],[83.6373,26.3504],[83.6495,26.3557],[83.6557,26.3788],[83.6644,26.3791],[83.6608,26.3706],[83.6763,26.3738],[83.6833,26.3809],[83.6921,26.3673],[83.7077,26.3676],[83.7091,26.372],[83.7323,26.377],[83.7268,26.3968],[83.744,26.407],[83.7442,26.4152],[83.7352,26.4177],[83.7298,26.425],[83.7024,26.4245],[83.7338,26.469],[83.7345,26.4774],[83.7049,26.5076],[83.6979,26.4947],[83.6888,26.5028],[83.6951,26.5142],[83.6903,26.522],[83.7006,26.5243],[83.7008,26.5277],[83.69,26.5414],[83.6805,26.5448],[83.6874,26.553],[83.6794,26.5607],[83.6639,26.5595],[83.6668,26.5735],[83.6621,26.5768],[83.6498,26.5776],[83.6428,26.5624],[83.6255,26.5678]]]}},{"type":"Feature","properties":{"ac_name":"SIKANDRA","ac_no":207,"ac_category":"GEN","st_name":"UTTAR PRADESH"},"geometry":{"type":"Polygon","coordinates":[[[79.6384,26.5291],[79.6337,26.5177],[79.6367,26.5101],[79.6314,26.5082],[79.6221,26.5147],[79.6104,26.5042],[79.6211,26.4912],[79.596,26.4796],[79.5985,26.4665],[79.5895,26.4631],[79.576,26.4475],[79.5702,26.4501],[79.5679,26.447],[79.5767,26.4333],[79.5578,26.4088],[79.546,26.4031],[79.5059,26.3642],[79.5123,26.356],[79.5111,26.349],[79.524,26.3429],[79.5482,26.3602],[79.566,26.3601],[79.5693,26.3513],[79.5643,26.3402],[79.5285,26.3211],[79.5252,26.3093],[79.5287,26.2958],[79.5485,26.2735],[79.5719,26.2594],[79.605,26.2508],[79.6432,26.2485],[79.6523,26.2357],[79.6439,26.219],[79.6476,26.2109],[79.656,26.2095],[79.6589,26.2153],[79.6788,26.2215],[79.6878,26.2393],[79.6846,26.2493],[79.7037,26.2663],[79.7104,26.2669],[79.7149,26.2569],[79.7226,26.2551],[79.7429,26.2696],[79.7203,26.2821],[79.7426,26.3047],[79.7519,26.3119],[79.774,26.3117],[79.7759,26.3188],[79.7878,26.3243],[79.8048,26.3513],[79.8194,26.3399],[79.8486,26.3626],[79.8514,26.3776],[79.8782,26.3903],[79.8913,26.4115],[79.9108,26.4128],[79.9159,26.4172],[79.9151,26.4245],[79.9041,26.4323],[79.8783,26.4384],[79.8896,26.4664],[79.8829,26.4739],[79.8591,26.4833],[79.8587,26.4882],[79.8621,26.4957],[79.8748,26.5015],[79.8767,26.5127],[79.8967,26.5102],[79.924,26.5303],[79.9233,26.5482],[79.8988,26.5476],[79.8944,26.5422],[79.8785,26.5418],[79.8782,26.5544],[79.8711,26.5671],[79.8574,26.5671],[79.8367,26.5568],[79.8216,26.5701],[79.8087,26.5694],[79.7839,26.5441],[79.7898,26.5295],[79.7681,26.5176],[79.7719,26.5077],[79.779,26.5068],[79.7786,26.4905],[79.762,26.4991],[79.7548,26.4942],[79.7473,26.4997],[79.7673,26.5195],[79.7539,26.5306],[79.7339,26.5128],[79.7119,26.5256],[79.7075,26.5219],[79.711,26.5152],[79.7053,26.5068],[79.7047,26.4916],[79.6967,26.4878],[79.695,26.4953],[79.6885,26.4977],[79.6697,26.4822],[79.6627,26.4863],[79.66,26.505],[79.6635,26.5142],[79.6384,26.5291]]]}},{"type":"Feature","properties":{"ac_name":"KALYANPUR","ac_no":211,"ac_category":"GEN","st_name":"UTTAR PRADESH"},"geometry":{"type":"Polygon","coordinates":[[[80.3343,26.5244],[80.3205,26.512],[80.2934,26.5062],[80.2822,26.5145],[80.2723,26.511],[80.252,26.5164],[80.246,26.5248],[80.2387,26.5217],[80.2394,26.5129],[80.2293,26.5112],[80.2166,26.4975],[80.2214,26.4847],[80.2041,26.4632],[80.2185,26.4493],[80.2309,26.4476],[80.2396,26.4604],[80.2331,26.4663],[80.257,26.4815],[80.2758,26.4778],[80.2875,26.4698],[80.2963,26.4704],[80.3031,26.4777],[80.3186,26.4658],[80.3277,26.474],[80.3253,26.4789],[80.3358,26.4867],[80.3403,26.4852],[80.3397,26.4846],[80.3627,26.4852],[80.3793,26.4953],[80.3744,26.508],[80.347,26.5268],[80.3343,26.5244]]]}},{"type":"Feature","properties":{"ac_name":"AKBARPUR","ac_no":281,"ac_category":"GEN","st_name":"UTTAR PRADESH"},"geometry":{"type":"Polygon","coordinates":[[[82.5543,26.5196],[82.5413,26.5198],[82.5342,26.5334],[82.5264,26.5249],[82.4965,26.5182],[82.4929,26.5138],[82.4857,26.4807],[82.5018,26.4699],[82.4928,26.4639],[82.508,26.4582],[82.4838,26.437],[82.4845,26.4279],[82.499,26.418],[82.4907,26.4089],[82.4855,26.3878],[82.4959,26.3697],[82.5067,26.3688],[82.5044,26.3615],[82.4968,26.3574],[82.4922,26.3607],[82.4855,26.3557],[82.4755,26.357],[82.4719,26.3342],[82.4345,26.3426],[82.4351,26.3232],[82.4208,26.3183],[82.4309,26.2984],[82.4357,26.3077],[82.4378,26.3033],[82.4475,26.3017],[82.4517,26.2947],[82.4465,26.2883],[82.4549,26.282],[82.4687,26.2831],[82.4752,26.2768],[82.4783,26.2856],[82.4865,26.2802],[82.4949,26.2862],[82.5126,26.2933],[82.5219,26.2829],[82.5329,26.2855],[82.5397,26.2799],[82.5518,26.287],[82.5546,26.302],[82.5616,26.3103],[82.5806,26.3098],[82.586,26.3304],[82.6026,26.3351],[82.6085,26.3448],[82.6194,26.3479],[82.6201,26.3605],[82.631,26.3803],[82.6443,26.3969],[82.6659,26.4128],[82.6663,26.4157],[82.6553,26.4179],[82.6546,26.4259],[82.6696,26.4264],[82.6861,26.4133],[82.6955,26.4148],[82.6968,26.4212],[82.705,26.4247],[82.6919,26.4484],[82.7007,26.4576],[82.6656,26.4768],[82.6523,26.4993],[82.6413,26.4966],[82.6339,26.5043],[82.6236,26.5043],[82.6162,26.5106],[82.5848,26.5022],[82.5687,26.5092],[82.565,26.5173],[82.5543,26.5196]]]}},{"type":"Feature","properties":{"ac_name":"ALAPUR","ac_no":279,"ac_category":"SC","st_name":"UTTAR PRADESH"},"geometry":{"type":"Polygon","coordinates":[[[82.8794,26.5234],[82.8607,26.5275],[82.8568,26.5236],[82.8628,26.5128],[82.8764,26.5108],[82.8741,26.5065],[82.8528,26.5073],[82.8342,26.5143],[82.828,26.5067],[82.822,26.5062],[82.8151,26.4955],[82.8305,26.49],[82.8287,26.4766],[82.8046,26.4827],[82.7912,26.4795],[82.7859,26.4686],[82.7949,26.4612],[82.7853,26.4564],[82.7846,26.4447],[82.7915,26.4359],[82.7871,26.4241],[82.8195,26.4181],[82.8138,26.409],[82.8146,26.3991],[82.8061,26.3953],[82.8089,26.39],[82.8002,26.3874],[82.8012,26.3841],[82.8295,26.3853],[82.825,26.3702],[82.8371,26.3659],[82.8437,26.3486],[82.8595,26.3463],[82.8645,26.3392],[82.8704,26.3437],[82.875,26.3376],[82.8902,26.3384],[82.8963,26.3486],[82.8705,26.357],[82.8823,26.3822],[82.918,26.3931],[82.911,26.403],[82.9139,26.4084],[82.9189,26.4242],[82.9041,26.4355],[82.9072,26.4414],[82.9395,26.4256],[82.9423,26.4309],[82.9348,26.4375],[82.947,26.4472],[82.9655,26.4383],[82.9566,26.4285],[82.9647,26.422],[82.9596,26.4074],[82.9548,26.402],[82.936,26.4016],[82.9298,26.3898],[82.9322,26.386],[82.9366,26.3817],[82.9426,26.3864],[82.9442,26.3809],[82.9533,26.3893],[82.9638,26.3831],[82.9738,26.3829],[82.977,26.3731],[82.9657,26.359],[82.9733,26.3459],[82.9881,26.3518],[83.001,26.347],[82.9982,26.342],[83.0115,26.3347],[83.0222,26.338],[83.0386,26.3164],[83.0333,26.3054],[83.0407,26.2936],[83.0462,26.2925],[83.0437,26.2889],[83.0602,26.2875],[83.0651,26.2795],[83.0746,26.2825],[83.0751,26.291],[83.0819,26.2882],[83.0839,26.2797],[83.0912,26.2816],[83.109,26.2834],[83.1094,26.2978],[83.1142,26.3016],[83.1094,26.31],[83.1137,26.311],[83.1095,26.3235],[83.1118,26.353],[83.132,26.3854],[83.1169,26.3933],[83.0866,26.3915],[83.0678,26.408],[83.0256,26.4572],[83.026,26.4684],[83.0193,26.4748],[83.0022,26.4819],[82.9582,26.4901],[82.9385,26.5073],[82.9092,26.5134],[82.8981,26.5118],[82.8796,26.5238],[82.8794,26.5234]]]}},{"type":"Feature","properties":{"ac_name":"ISAULI","ac_no":187,"ac_category":"GEN","st_name":"UTTAR PRADESH"},"geometry":{"type":"Polygon","coordinates":[[[81.8936,26.5131],[81.873,26.52],[81.8703,26.5074],[81.8742,26.5003],[81.8699,26.4928],[81.8623,26.4935],[81.8499,26.5081],[81.8361,26.4811],[81.8222,26.4807],[81.8113,26.4619],[81.8259,26.452],[81.8274,26.4343],[81.8054,26.4306],[81.8114,26.4205],[81.8322,26.4164],[81.8391,26.4261],[81.8434,26.39],[81.8484,26.4011],[81.8636,26.4036],[81.8817,26.3774],[81.8675,26.3713],[81.8666,26.3543],[81.8557,26.3403],[81.8321,26.3283],[81.8136,26.3333],[81.8029,26.3292],[81.8047,26.3233],[81.8337,26.3128],[81.8402,26.2868],[81.8481,26.2786],[81.8709,26.2787],[81.8715,26.2693],[81.9024,26.2531],[81.906,26.2371],[81.924,26.2197],[81.9407,26.2198],[81.9492,26.2093],[81.9662,26.2173],[81.973,26.1963],[81.9838,26.1867],[81.9859,26.1946],[81.9789,26.2033],[81.9843,26.2121],[81.9996,26.2225],[82.0038,26.2329],[82.0101,26.2317],[82.0153,26.2381],[82.0206,26.2356],[82.0264,26.2432],[82.0178,26.2558],[82.0307,26.2657],[82.0196,26.2813],[82.0286,26.2867],[82.0306,26.2967],[82.0263,26.2996],[82.042,26.3214],[82.0357,26.3264],[82.0544,26.3356],[82.0515,26.315],[82.0678,26.3101],[82.0718,26.3167],[82.065,26.3296],[82.0832,26.3293],[82.0829,26.3359],[82.0891,26.3411],[82.0784,26.3645],[82.0853,26.3758],[82.0852,26.3912],[82.0724,26.4053],[82.0836,26.41],[82.0799,26.4185],[82.0681,26.4178],[82.0487,26.4343],[82.0544,26.4433],[82.0604,26.4416],[82.0692,26.4513],[82.0829,26.4549],[82.0759,26.4635],[82.0951,26.4672],[82.0981,26.4714],[82.0905,26.4775],[82.0772,26.4726],[82.0629,26.4787],[82.0467,26.4688],[82.0391,26.4729],[82.0419,26.4849],[82.0356,26.4872],[82.0295,26.4832],[82.0279,26.4905],[82.0191,26.4954],[82.0144,26.4831],[82.0058,26.4805],[82.0077,26.4929],[82.0046,26.4901],[81.9844,26.5004],[81.9816,26.5095],[81.974,26.5144],[81.9471,26.5117],[81.94,26.5071],[81.9174,26.5195],[81.9124,26.5078],[81.9012,26.5112],[81.8964,26.5079],[81.8936,26.5131]]]}},{"type":"Feature","properties":{"ac_name":"CHILLUPAR","ac_no":328,"ac_category":"GEN","st_name":"UTTAR PRADESH"},"geometry":{"type":"Polygon","coordinates":[[[83.3148,26.4995],[83.3046,26.4917],[83.3104,26.4791],[83.2961,26.475],[83.2903,26.4815],[83.2919,26.4954],[83.2789,26.5046],[83.2737,26.4972],[83.2776,26.4908],[83.2611,26.4826],[83.264,26.4731],[83.2705,26.4735],[83.2524,26.4609],[83.2437,26.4465],[83.2306,26.4447],[83.2186,26.4501],[83.2141,26.4473],[83.2135,26.4282],[83.2176,26.4177],[83.2257,26.4141],[83.225,26.4038],[83.2448,26.3939],[83.2575,26.3796],[83.2522,26.3796],[83.2768,26.365],[83.301,26.3501],[83.318,26.3512],[83.3246,26.344],[83.3321,26.345],[83.3344,26.3508],[83.3395,26.3489],[83.3493,26.3367],[83.3682,26.3266],[83.3927,26.3044],[83.4009,26.2955],[83.4011,26.2843],[83.423,26.2712],[83.442,26.2708],[83.4647,26.2798],[83.5088,26.278],[83.5412,26.2726],[83.5777,26.2495],[83.5999,26.2516],[83.6057,26.2457],[83.6162,26.2473],[83.6086,26.2322],[83.6295,26.2186],[83.6315,26.2246],[83.6382,26.2482],[83.638,26.2727],[83.6452,26.2794],[83.6708,26.287],[83.6681,26.3078],[83.6642,26.3152],[83.6561,26.3182],[83.6229,26.2975],[83.6179,26.3014],[83.6229,26.3206],[83.6345,26.3222],[83.6381,26.3284],[83.6228,26.3216],[83.6174,26.3308],[83.6108,26.3344],[83.6163,26.3429],[83.5993,26.3491],[83.6121,26.3644],[83.6112,26.3697],[83.5888,26.3595],[83.5811,26.3656],[83.5784,26.3759],[83.5848,26.3905],[83.583,26.3983],[83.5466,26.3913],[83.5483,26.3872],[83.5623,26.3856],[83.5689,26.3758],[83.5553,26.3778],[83.5461,26.3557],[83.5391,26.3578],[83.5349,26.3679],[83.5092,26.3529],[83.4481,26.3567],[83.453,26.3641],[83.4377,26.3709],[83.4308,26.3823],[83.433,26.3908],[83.4264,26.3982],[83.4071,26.3987],[83.3892,26.4119],[83.3859,26.4277],[83.3903,26.4423],[83.3779,26.4432],[83.3565,26.4613],[83.3399,26.4594],[83.346,26.4844],[83.3295,26.4961],[83.3148,26.4995]]]}},{"type":"Feature","properties":{"ac_name":"ARYA NAGAR","ac_no":214,"ac_category":"GEN","st_name":"UTTAR PRADESH"},"geometry":{"type":"Polygon","coordinates":[[[80.3397,26.4846],[80.3357,26.4785],[80.3483,26.4744],[80.3415,26.4748],[80.3355,26.452],[80.3447,26.4496],[80.3651,26.4602],[80.3622,26.4635],[80.3697,26.4732],[80.38,26.4891],[80.3793,26.4953],[80.3627,26.4852],[80.3397,26.4846]]]}},{"type":"Feature","properties":{"ac_name":"SISHAMAU","ac_no":213,"ac_category":"GEN","st_name":"UTTAR PRADESH"},"geometry":{"type":"Polygon","coordinates":[[[80.3403,26.4852],[80.3358,26.4867],[80.3253,26.4789],[80.3277,26.474],[80.3186,26.4658],[80.3299,26.4558],[80.3355,26.452],[80.3415,26.4748],[80.3483,26.4744],[80.3357,26.4785],[80.3397,26.4846],[80.3403,26.4852]]]}},{"type":"Feature","properties":{"ac_name":"GOVINDNAGAR","ac_no":212,"ac_category":"GEN","st_name":"UTTAR PRADESH"},"geometry":{"type":"Polygon","coordinates":[[[80.3186,26.4658],[80.3031,26.4777],[80.2963,26.4704],[80.2875,26.4698],[80.2758,26.4778],[80.257,26.4815],[80.2331,26.4663],[80.2396,26.4604],[80.2309,26.4476],[80.2429,26.4355],[80.2435,26.4239],[80.2597,26.4182],[80.2652,26.4236],[80.266,26.4085],[80.2781,26.4251],[80.2891,26.4246],[80.2832,26.4116],[80.2857,26.4106],[80.3014,26.427],[80.2973,26.4407],[80.3138,26.442],[80.3138,26.4504],[80.3299,26.4558],[80.3186,26.4658]]]}},{"type":"Feature","properties":{"ac_name":"BHAGWANTNAGAR","ac_no":166,"ac_category":"GEN","st_name":"UTTAR PRADESH"},"geometry":{"type":"Polygon","coordinates":[[[80.5153,26.4799],[80.4922,26.4706],[80.4897,26.4589],[80.4863,26.4624],[80.4644,26.4563],[80.4582,26.459],[80.4541,26.4494],[80.4352,26.4506],[80.4399,26.4355],[80.4282,26.4182],[80.4657,26.4049],[80.5038,26.3632],[80.5164,26.359],[80.5327,26.3277],[80.5388,26.3245],[80.5372,26.3185],[80.5458,26.3167],[80.5512,26.2918],[80.5688,26.2692],[80.5758,26.2422],[80.5915,26.231],[80.6046,26.2202],[80.6085,26.2083],[80.5918,26.1769],[80.6034,26.1736],[80.6116,26.1633],[80.6107,26.1475],[80.6206,26.1352],[80.6264,26.133],[80.6371,26.1391],[80.6439,26.1315],[80.6538,26.1277],[80.6702,26.1028],[80.6738,26.1232],[80.6884,26.1157],[80.6973,26.1159],[80.6941,26.1333],[80.685,26.1442],[80.6938,26.153],[80.6935,26.1611],[80.7046,26.1594],[80.7314,26.1772],[80.7375,26.1733],[80.7533,26.1873],[80.769,26.1825],[80.7768,26.1943],[80.7697,26.1972],[80.769,26.2026],[80.7631,26.2027],[80.7695,26.2132],[80.7843,26.2054],[80.8026,26.2118],[80.8186,26.2012],[80.8258,26.2104],[80.8184,26.2137],[80.823,26.2206],[80.83,26.2352],[80.8466,26.2372],[80.8439,26.2432],[80.8531,26.2495],[80.8645,26.2689],[80.8815,26.281],[80.8859,26.2935],[80.8771,26.299],[80.8795,26.3044],[80.8687,26.3078],[80.8671,26.3228],[80.8572,26.3294],[80.8455,26.3286],[80.8372,26.3385],[80.827,26.3409],[80.8284,26.3521],[80.8382,26.3582],[80.8383,26.3658],[80.8446,26.3713],[80.8342,26.3833],[80.8261,26.3846],[80.8238,26.3918],[80.817,26.3939],[80.8075,26.3898],[80.8016,26.3985],[80.8097,26.4169],[80.7894,26.4347],[80.7801,26.433],[80.765,26.4136],[80.7528,26.418],[80.7479,26.4096],[80.742,26.4121],[80.731,26.4023],[80.7233,26.4127],[80.7172,26.4082],[80.7057,26.409],[80.6912,26.417],[80.6817,26.429],[80.6688,26.4338],[80.6682,26.4407],[80.6569,26.4504],[80.6456,26.4518],[80.6407,26.447],[80.6195,26.4531],[80.6079,26.4486],[80.5866,26.4633],[80.5818,26.4615],[80.5766,26.4668],[80.5649,26.4647],[80.5565,26.4743],[80.5497,26.4567],[80.5375,26.4556],[80.5325,26.48],[80.5153,26.4799]]]}},{"type":"Feature","properties":{"ac_name":"GAURIGANJ","ac_no":185,"ac_category":"GEN","st_name":"UTTAR PRADESH"},"geometry":{"type":"Polygon","coordinates":[[[81.8054,26.4306],[81.7886,26.436],[81.7869,26.4625],[81.778,26.4637],[81.7635,26.4577],[81.7577,26.4733],[81.7633,26.4855],[81.753,26.4853],[81.7257,26.4453],[81.735,26.4323],[81.7276,26.4213],[81.7353,26.4124],[81.7257,26.4083],[81.7249,26.4012],[81.7167,26.4055],[81.7038,26.399],[81.708,26.3866],[81.6962,26.3923],[81.6821,26.3832],[81.6755,26.3836],[81.6745,26.3661],[81.6638,26.3703],[81.6665,26.3822],[81.6521,26.3837],[81.645,26.3745],[81.6502,26.3652],[81.6385,26.3598],[81.6286,26.3668],[81.6184,26.3622],[81.6078,26.3401],[81.6015,26.3461],[81.5925,26.3422],[81.5773,26.3475],[81.5713,26.3354],[81.562,26.3382],[81.5576,26.3316],[81.561,26.3226],[81.5541,26.3113],[81.5598,26.3051],[81.5563,26.2982],[81.5689,26.2801],[81.5812,26.2784],[81.5783,26.2594],[81.592,26.2447],[81.5896,26.2421],[81.5939,26.2202],[81.6113,26.2202],[81.6156,26.204],[81.6093,26.1904],[81.6181,26.1806],[81.6312,26.1708],[81.6328,26.1598],[81.6528,26.1436],[81.6463,26.1343],[81.6489,26.1284],[81.6606,26.1169],[81.6745,26.1202],[81.6828,26.1138],[81.6875,26.112],[81.6899,26.116],[81.6889,26.1321],[81.7239,26.1221],[81.7301,26.1352],[81.7235,26.1438],[81.7365,26.1556],[81.7435,26.1552],[81.731,26.1698],[81.7425,26.1817],[81.7621,26.178],[81.7618,26.1934],[81.7727,26.1988],[81.7749,26.2065],[81.7974,26.2139],[81.8016,26.2199],[81.8002,26.2311],[81.8128,26.238],[81.804,26.2503],[81.8155,26.2537],[81.8193,26.2698],[81.8079,26.2781],[81.8072,26.285],[81.8402,26.2868],[81.8337,26.3128],[81.8047,26.3233],[81.8029,26.3292],[81.8136,26.3333],[81.8321,26.3283],[81.8557,26.3403],[81.8666,26.3543],[81.8675,26.3713],[81.8817,26.3774],[81.8636,26.4036],[81.8484,26.4011],[81.8434,26.39],[81.8391,26.4261],[81.8322,26.4164],[81.8114,26.4205],[81.8054,26.4306]]]}},{"type":"Feature","properties":{"ac_name":"KANPUR CANTT.","ac_no":216,"ac_category":"GEN","st_name":"UTTAR PRADESH"},"geometry":{"type":"Polygon","coordinates":[[[80.3697,26.4732],[80.3622,26.4635],[80.3651,26.4602],[80.3447,26.4496],[80.3501,26.4436],[80.3326,26.4258],[80.3321,26.4136],[80.3522,26.407],[80.3629,26.394],[80.3667,26.3806],[80.3734,26.3818],[80.3809,26.3866],[80.3724,26.3938],[80.3811,26.399],[80.386,26.4112],[80.374,26.4217],[80.3959,26.4062],[80.4016,26.4247],[80.3984,26.4294],[80.4045,26.436],[80.4106,26.4331],[80.3697,26.4732]]]}},{"type":"Feature","properties":{"ac_name":"SULTANPUR","ac_no":188,"ac_category":"GEN","st_name":"UTTAR PRADESH"},"geometry":{"type":"Polygon","coordinates":[[[82.0905,26.4775],[82.0981,26.4714],[82.0951,26.4672],[82.0759,26.4635],[82.0829,26.4549],[82.0692,26.4513],[82.0604,26.4416],[82.0544,26.4433],[82.0487,26.4343],[82.0681,26.4178],[82.0799,26.4185],[82.0836,26.41],[82.0724,26.4053],[82.0852,26.3912],[82.0853,26.3758],[82.0784,26.3645],[82.0891,26.3411],[82.0829,26.3359],[82.0832,26.3293],[82.065,26.3296],[82.0718,26.3167],[82.0678,26.3101],[82.0515,26.315],[82.0544,26.3356],[82.0357,26.3264],[82.042,26.3214],[82.0263,26.2996],[82.0306,26.2967],[82.0286,26.2867],[82.0196,26.2813],[82.0307,26.2657],[82.0178,26.2558],[82.0264,26.2432],[82.0206,26.2356],[82.0153,26.2381],[82.0101,26.2317],[82.0038,26.2329],[81.9996,26.2225],[81.9843,26.2121],[81.9789,26.2033],[81.9859,26.1946],[81.9838,26.1867],[82.0229,26.1717],[82.0241,26.1559],[82.0444,26.1527],[82.0569,26.1581],[82.063,26.168],[82.0782,26.1684],[82.0838,26.1919],[82.078,26.203],[82.0701,26.2045],[82.0717,26.2133],[82.0852,26.2124],[82.0895,26.2067],[82.1052,26.2064],[82.1137,26.2149],[82.1138,26.2217],[82.0995,26.228],[82.1101,26.2556],[82.1423,26.2567],[82.1528,26.2229],[82.1644,26.2266],[82.1664,26.2327],[82.1593,26.2447],[82.1684,26.2731],[82.1656,26.2751],[82.1718,26.2787],[82.1654,26.3056],[82.1707,26.3076],[82.178,26.3256],[82.1705,26.3288],[82.1727,26.3395],[82.1611,26.3449],[82.1719,26.3599],[82.1581,26.3581],[82.1452,26.3639],[82.1497,26.3721],[82.1553,26.3704],[82.1535,26.3806],[82.1691,26.3885],[82.1536,26.3987],[82.1638,26.4173],[82.1583,26.4281],[82.1646,26.4308],[82.1464,26.4353],[82.1535,26.447],[82.1441,26.4523],[82.137,26.4452],[82.1246,26.4513],[82.1247,26.4565],[82.133,26.4569],[82.132,26.4679],[82.1255,26.471],[82.1197,26.4592],[82.1107,26.4604],[82.1053,26.4738],[82.0905,26.4775]]]}},{"type":"Feature","properties":{"ac_name":"MADHAUGARH","ac_no":219,"ac_category":"GEN","st_name":"UTTAR PRADESH"},"geometry":{"type":"Polygon","coordinates":[[[79.2315,26.4266],[79.2215,26.4286],[79.2114,26.4379],[79.1943,26.4249],[79.1555,26.4394],[79.1409,26.4341],[79.135,26.4399],[79.1243,26.4226],[79.1261,26.4112],[79.1031,26.4063],[79.0982,26.4124],[79.0889,26.3968],[79.0964,26.3723],[79.0872,26.3683],[79.0844,26.3581],[79.0978,26.3556],[79.105,26.3491],[79.1093,26.352],[79.1208,26.3482],[79.1284,26.3388],[79.1374,26.3385],[79.1324,26.3353],[79.1348,26.3248],[79.1274,26.3218],[79.1253,26.3271],[79.1249,26.3224],[79.1155,26.3205],[79.1248,26.3115],[79.1177,26.3054],[79.1175,26.2988],[79.1134,26.3046],[79.102,26.3069],[79.0899,26.2883],[79.0966,26.2784],[79.091,26.2702],[79.0836,26.2756],[79.0844,26.2798],[79.077,26.2807],[79.0641,26.277],[79.0534,26.2629],[79.0553,26.2588],[79.0455,26.2604],[79.0522,26.2516],[79.0701,26.2454],[79.0711,26.2413],[79.0629,26.2371],[79.0639,26.2261],[79.035,26.2253],[79.0312,26.239],[79.0184,26.2479],[79.0095,26.2422],[78.9967,26.2418],[78.9895,26.2352],[78.9965,26.2281],[79.0258,26.2205],[79.0282,26.2037],[79.0201,26.1986],[79.0259,26.1919],[79.0065,26.1919],[78.9976,26.1985],[78.9926,26.196],[78.9833,26.1842],[79.0053,26.1678],[79.0083,26.1562],[79.0048,26.1481],[78.9674,26.1501],[78.963,26.1368],[78.9519,26.1344],[78.9491,26.1289],[78.9583,26.1279],[78.9771,26.1159],[78.9759,26.1051],[78.9934,26.094],[79.002,26.0901],[79.0086,26.0931],[79.012,26.0829],[79.0026,26.0667],[78.9907,26.0687],[78.986,26.0536],[78.98,26.0481],[78.9739,26.0515],[78.9752,26.0458],[78.9696,26.0458],[78.948,26.0271],[78.9535,26.0154],[78.9445,26.006],[78.9566,25.9964],[78.9485,25.993],[78.9527,25.9888],[78.9426,25.9781],[78.9332,25.9795],[78.9373,25.9643],[78.9295,25.9593],[78.9363,25.9523],[78.9523,25.9479],[78.9688,25.9359],[78.9768,25.9462],[79.0061,25.9328],[79.0193,25.9399],[79.0261,25.9356],[79.0382,25.9363],[79.0462,25.9286],[79.0842,25.9173],[79.0899,25.9337],[79.112,25.9275],[79.1177,25.9405],[79.1322,25.9421],[79.1339,25.9495],[79.1403,25.9509],[79.1578,25.9286],[79.1782,25.93],[79.1724,25.9094],[79.1748,25.9032],[79.194,25.9032],[79.2099,25.8964],[79.2149,25.9043],[79.2342,25.9039],[79.2469,25.9315],[79.2523,25.9591],[79.2631,25.9586],[79.2733,25.9732],[79.2745,25.9821],[79.2696,25.9863],[79.2724,25.9914],[79.315,25.9998],[79.2811,26.0113],[79.2671,26.0236],[79.275,26.0453],[79.2656,26.0555],[79.2651,26.0659],[79.2478,26.0767],[79.2447,26.0876],[79.2496,26.1033],[79.2412,26.123],[79.2441,26.1287],[79.2538,26.129],[79.2555,26.1376],[79.251,26.1435],[79.264,26.1864],[79.2725,26.1839],[79.2804,26.1936],[79.2939,26.1972],[79.2947,26.2044],[79.2825,26.2156],[79.2896,26.2223],[79.3051,26.2236],[79.3039,26.234],[79.3253,26.2536],[79.3217,26.2577],[79.3285,26.2673],[79.3261,26.278],[79.3325,26.2921],[79.3555,26.3103],[79.3447,26.3151],[79.3506,26.3241],[79.3712,26.3368],[79.382,26.3772],[79.3907,26.3803],[79.3971,26.3942],[79.4096,26.3887],[79.4136,26.3939],[79.4081,26.3991],[79.4074,26.4093],[79.4144,26.4141],[79.4036,26.4242],[79.3567,26.4043],[79.3236,26.3985],[79.3174,26.4025],[79.3024,26.4363],[79.2959,26.4408],[79.2872,26.4423],[79.2611,26.4304],[79.2315,26.4266]]]}},{"type":"Feature","properties":{"ac_name":"BARHAJ","ac_no":342,"ac_category":"GEN","st_name":"UTTAR PRADESH"},"geometry":{"type":"Polygon","coordinates":[[[83.813,26.454],[83.8052,26.4557],[83.7993,26.4479],[83.8062,26.4371],[83.7975,26.4364],[83.7935,26.4262],[83.7875,26.4273],[83.7922,26.423],[83.7887,26.4106],[83.7722,26.4149],[83.7629,26.4043],[83.7517,26.4106],[83.7527,26.416],[83.7442,26.4152],[83.744,26.407],[83.7268,26.3968],[83.7323,26.377],[83.7091,26.372],[83.7077,26.3676],[83.6921,26.3673],[83.6833,26.3809],[83.6763,26.3738],[83.6608,26.3706],[83.6644,26.3791],[83.6557,26.3788],[83.6495,26.3557],[83.6373,26.3504],[83.6329,26.3436],[83.6238,26.3484],[83.6174,26.3308],[83.6228,26.3216],[83.6381,26.3284],[83.6345,26.3222],[83.6229,26.3206],[83.6179,26.3014],[83.6229,26.2975],[83.6561,26.3182],[83.6642,26.3152],[83.6681,26.3078],[83.6708,26.287],[83.6452,26.2794],[83.638,26.2727],[83.6382,26.2482],[83.6315,26.2246],[83.6603,26.2292],[83.6649,26.2365],[83.691,26.2412],[83.7077,26.255],[83.7301,26.2581],[83.7423,26.2663],[83.7537,26.2604],[83.7575,26.249],[83.7766,26.2329],[83.7894,26.23],[83.7981,26.2131],[83.7996,26.1954],[83.8084,26.1904],[83.8427,26.1917],[83.8567,26.1867],[83.8645,26.181],[83.8638,26.1661],[83.869,26.1599],[83.8807,26.1726],[83.8922,26.1755],[83.892,26.1799],[83.8807,26.1845],[83.8838,26.1945],[83.879,26.1976],[83.8938,26.2051],[83.8943,26.2154],[83.8891,26.2188],[83.881,26.2119],[83.876,26.217],[83.8761,26.2278],[83.8686,26.2211],[83.8543,26.2361],[83.8618,26.2576],[83.85,26.2564],[83.8471,26.2604],[83.8508,26.2679],[83.8617,26.2699],[83.8502,26.2711],[83.8486,26.279],[83.8356,26.2749],[83.8202,26.2845],[83.8239,26.2902],[83.8402,26.2933],[83.8382,26.2995],[83.8513,26.3098],[83.8318,26.3143],[83.8361,26.3218],[83.8325,26.3346],[83.8238,26.331],[83.8207,26.3363],[83.8296,26.3469],[83.8286,26.3784],[83.8349,26.3792],[83.8265,26.3847],[83.8248,26.4031],[83.8196,26.4054],[83.8326,26.4499],[83.813,26.454]]]}},{"type":"Feature","properties":{"ac_name":"KIDWAI NAGAR","ac_no":215,"ac_category":"GEN","st_name":"UTTAR PRADESH"},"geometry":{"type":"Polygon","coordinates":[[[80.3355,26.452],[80.3299,26.4558],[80.3138,26.4504],[80.3138,26.442],[80.2973,26.4407],[80.3014,26.427],[80.2857,26.4106],[80.3142,26.3958],[80.3161,26.4052],[80.3202,26.4026],[80.331,26.4072],[80.3321,26.4136],[80.3326,26.4258],[80.3501,26.4436],[80.3447,26.4496],[80.3355,26.452]]]}},{"type":"Feature","properties":{"ac_name":"BHATPAR RANI","ac_no":340,"ac_category":"GEN","st_name":"UTTAR PRADESH"},"geometry":{"type":"Polygon","coordinates":[[[84.1765,26.3713],[84.1756,26.373],[84.1374,26.3777],[84.1216,26.3851],[84.0886,26.3869],[84.079,26.3825],[84.0681,26.3884],[84.063,26.4007],[84.0413,26.4073],[84.0408,26.4127],[84.034,26.4117],[84.0349,26.4195],[84.0225,26.431],[84.0239,26.4401],[84.0178,26.4473],[84.0065,26.4441],[83.9976,26.4465],[83.9906,26.4326],[83.987,26.42],[83.9704,26.4081],[83.9538,26.4027],[83.9446,26.4045],[83.9397,26.3977],[83.9464,26.3928],[83.9413,26.3794],[83.9609,26.3766],[83.9782,26.3859],[83.9966,26.3743],[83.9962,26.3587],[84.0037,26.3473],[84.0033,26.3392],[83.9863,26.3304],[83.9727,26.334],[83.9619,26.3227],[83.9673,26.3144],[83.9839,26.3126],[83.9726,26.2933],[83.9728,26.2729],[83.9812,26.2609],[83.9761,26.2494],[83.9916,26.2451],[83.9906,26.2315],[84.0133,26.2301],[84.0193,26.239],[84.0273,26.2397],[84.0621,26.2223],[84.0864,26.2188],[84.0877,26.2304],[84.098,26.2333],[84.1071,26.2413],[84.1175,26.2401],[84.1217,26.2589],[84.1292,26.2556],[84.1323,26.2591],[84.151,26.2577],[84.1662,26.241],[84.1612,26.256],[84.1766,26.2646],[84.1745,26.2923],[84.186,26.3129],[84.1726,26.3344],[84.177,26.3699],[84.1765,26.3713]]]}},{"type":"Feature","properties":{"ac_name":"JALALPUR","ac_no":280,"ac_category":"GEN","st_name":"UTTAR PRADESH"},"geometry":{"type":"Polygon","coordinates":[[[82.7625,26.413],[82.7585,26.4212],[82.7384,26.4284],[82.7234,26.4454],[82.7007,26.4576],[82.6919,26.4484],[82.705,26.4247],[82.6968,26.4212],[82.6955,26.4148],[82.6861,26.4133],[82.6696,26.4264],[82.6546,26.4259],[82.6553,26.4179],[82.6663,26.4157],[82.6659,26.4128],[82.6443,26.3969],[82.631,26.3803],[82.6201,26.3605],[82.6194,26.3479],[82.6085,26.3448],[82.6026,26.3351],[82.586,26.3304],[82.5806,26.3098],[82.5616,26.3103],[82.5546,26.302],[82.5518,26.287],[82.5689,26.2669],[82.5779,26.2676],[82.575,26.2601],[82.5822,26.2557],[82.6001,26.2587],[82.5999,26.2634],[82.605,26.2645],[82.6101,26.2528],[82.6184,26.2541],[82.6328,26.2449],[82.6409,26.2529],[82.6486,26.2444],[82.6595,26.2605],[82.6647,26.2607],[82.6651,26.2521],[82.6788,26.2563],[82.6885,26.2591],[82.6893,26.267],[82.6969,26.2665],[82.7228,26.2547],[82.7232,26.2455],[82.7317,26.2446],[82.7477,26.2615],[82.7454,26.2501],[82.7511,26.2327],[82.7469,26.2266],[82.7545,26.2136],[82.7662,26.2117],[82.7745,26.1946],[82.7837,26.1968],[82.786,26.1876],[82.8006,26.1865],[82.8036,26.1903],[82.8217,26.187],[82.825,26.1788],[82.8343,26.1801],[82.8396,26.1675],[82.8482,26.163],[82.8552,26.1655],[82.8601,26.1582],[82.8662,26.157],[82.8728,26.172],[82.8814,26.1676],[82.8891,26.1786],[82.8859,26.1857],[82.8721,26.187],[82.8636,26.2024],[82.8559,26.2052],[82.8685,26.2072],[82.8622,26.2187],[82.8709,26.2228],[82.8746,26.2327],[82.8825,26.2326],[82.8795,26.2412],[82.8859,26.2474],[82.8757,26.2577],[82.8768,26.2686],[82.8715,26.2734],[82.8802,26.2857],[82.8722,26.2979],[82.8723,26.3109],[82.8626,26.3115],[82.8608,26.3186],[82.8635,26.3244],[82.874,26.3197],[82.8805,26.3238],[82.8902,26.3384],[82.875,26.3376],[82.8704,26.3437],[82.8645,26.3392],[82.8595,26.3463],[82.8437,26.3486],[82.8371,26.3659],[82.825,26.3702],[82.8295,26.3853],[82.8012,26.3841],[82.8002,26.3874],[82.8089,26.39],[82.8061,26.3953],[82.794,26.4042],[82.7892,26.3955],[82.7806,26.4049],[82.7786,26.412],[82.7931,26.4101],[82.7919,26.4151],[82.7729,26.4177],[82.7659,26.4233],[82.7625,26.413]]]}},{"type":"Feature","properties":{"ac_name":"KALPI","ac_no":220,"ac_category":"GEN","st_name":"UTTAR PRADESH"},"geometry":{"type":"Polygon","coordinates":[[[79.5059,26.3642],[79.4909,26.3886],[79.4867,26.4187],[79.474,26.4311],[79.4546,26.4335],[79.4036,26.4242],[79.4144,26.4141],[79.4074,26.4093],[79.4081,26.3991],[79.4136,26.3939],[79.4096,26.3887],[79.3971,26.3942],[79.3907,26.3803],[79.382,26.3772],[79.3712,26.3368],[79.3506,26.3241],[79.3447,26.3151],[79.3555,26.3103],[79.3325,26.2921],[79.3261,26.278],[79.3285,26.2673],[79.3217,26.2577],[79.3253,26.2536],[79.3039,26.234],[79.3051,26.2236],[79.2896,26.2223],[79.2825,26.2156],[79.2947,26.2044],[79.2939,26.1972],[79.2804,26.1936],[79.2725,26.1839],[79.2729,26.1795],[79.2831,26.1754],[79.2845,26.1653],[79.2796,26.1613],[79.2842,26.1584],[79.2947,26.1627],[79.3002,26.1592],[79.3021,26.164],[79.306,26.1629],[79.3079,26.1525],[79.3262,26.1442],[79.3252,26.131],[79.3389,26.1257],[79.3443,26.1306],[79.3545,26.1272],[79.3923,26.0939],[79.4075,26.0982],[79.4228,26.0938],[79.4263,26.0984],[79.4219,26.1031],[79.4313,26.1002],[79.4484,26.1092],[79.4717,26.0888],[79.491,26.0956],[79.502,26.0872],[79.5302,26.0783],[79.5322,26.0696],[79.5254,26.0492],[79.5615,26.0272],[79.5584,26.0163],[79.5422,25.9997],[79.5451,25.9932],[79.5587,25.9896],[79.5641,25.9992],[79.5855,25.9978],[79.587,25.9884],[79.6076,25.977],[79.607,25.9669],[79.6221,25.9613],[79.6185,25.9501],[79.6238,25.9325],[79.6322,25.9305],[79.6598,25.904],[79.6728,25.9091],[79.6864,25.9296],[79.7099,25.9034],[79.7342,25.9133],[79.7477,25.9094],[79.7602,25.8789],[79.786,25.8633],[79.8005,25.8642],[79.8133,25.8752],[79.8088,25.9032],[79.8153,25.9144],[79.8244,25.9115],[79.839,25.885],[79.8618,25.8791],[79.8706,25.882],[79.8626,25.9096],[79.8663,25.9359],[79.8441,25.9536],[79.8501,25.9718],[79.8724,25.9716],[79.8723,25.9632],[79.8601,25.9523],[79.8766,25.9485],[79.8842,25.9636],[79.8978,25.9632],[79.8981,25.9568],[79.9087,25.9703],[79.9231,25.9629],[79.9332,25.9765],[79.9339,25.9819],[79.9276,25.9859],[79.9316,25.999],[79.9441,26.0009],[79.9545,26.0232],[79.9419,26.0297],[79.9194,26.0103],[79.9072,26.013],[79.9163,26.0319],[79.9365,26.0281],[79.9421,26.0335],[79.9394,26.0427],[79.9445,26.0608],[79.9188,26.0904],[79.8875,26.0985],[79.8662,26.1168],[79.8368,26.1014],[79.7825,26.1103],[79.7721,26.123],[79.7444,26.1369],[79.7449,26.1467],[79.7627,26.1675],[79.7621,26.1838],[79.7161,26.1853],[79.656,26.2095],[79.6476,26.2109],[79.6439,26.219],[79.6523,26.2357],[79.6432,26.2485],[79.605,26.2508],[79.5719,26.2594],[79.5485,26.2735],[79.5287,26.2958],[79.5252,26.3093],[79.5285,26.3211],[79.5643,26.3402],[79.5693,26.3513],[79.566,26.3601],[79.5482,26.3602],[79.524,26.3429],[79.5111,26.349],[79.5123,26.356],[79.5059,26.3642]]]}},{"type":"Feature","properties":{"ac_name":"ATRAULIYA","ac_no":343,"ac_category":"GEN","st_name":"UTTAR PRADESH"},"geometry":{"type":"Polygon","coordinates":[[[82.9139,26.4084],[82.911,26.403],[82.918,26.3931],[82.8823,26.3822],[82.8705,26.357],[82.8963,26.3486],[82.8902,26.3384],[82.8805,26.3238],[82.874,26.3197],[82.8635,26.3244],[82.8608,26.3186],[82.8626,26.3115],[82.8723,26.3109],[82.8722,26.2979],[82.8802,26.2857],[82.8715,26.2734],[82.8768,26.2686],[82.8757,26.2577],[82.8859,26.2474],[82.8795,26.2412],[82.8825,26.2326],[82.8746,26.2327],[82.8709,26.2228],[82.8622,26.2187],[82.8685,26.2072],[82.8559,26.2052],[82.8636,26.2024],[82.8721,26.187],[82.8859,26.1857],[82.9058,26.1809],[82.9002,26.167],[82.9061,26.1601],[82.9248,26.1518],[82.9389,26.154],[82.9458,26.1597],[82.961,26.1492],[82.9688,26.1543],[82.9867,26.1457],[82.9911,26.1376],[83.028,26.1296],[83.0354,26.1473],[83.0273,26.1527],[83.0147,26.1765],[83.0268,26.1753],[83.0475,26.1931],[83.068,26.1984],[83.0704,26.2128],[83.0858,26.217],[83.0796,26.2372],[83.088,26.2472],[83.0995,26.2492],[83.1101,26.2574],[83.1009,26.2769],[83.0912,26.2816],[83.0839,26.2797],[83.0819,26.2882],[83.0751,26.291],[83.0746,26.2825],[83.0651,26.2795],[83.0602,26.2875],[83.0437,26.2889],[83.0462,26.2925],[83.0407,26.2936],[83.0333,26.3054],[83.0386,26.3164],[83.0222,26.338],[83.0115,26.3347],[82.9982,26.342],[83.001,26.347],[82.9881,26.3518],[82.9733,26.3459],[82.9657,26.359],[82.977,26.3731],[82.9738,26.3829],[82.9638,26.3831],[82.9533,26.3893],[82.9442,26.3809],[82.9426,26.3864],[82.9366,26.3817],[82.9322,26.386],[82.9298,26.3898],[82.936,26.4016],[82.9548,26.402],[82.9596,26.4074],[82.9647,26.422],[82.9566,26.4285],[82.9655,26.4383],[82.947,26.4472],[82.9348,26.4375],[82.9423,26.4309],[82.9395,26.4256],[82.9072,26.4414],[82.9041,26.4355],[82.9189,26.4242],[82.9139,26.4084]]]}},{"type":"Feature","properties":{"ac_name":"MAHARAJPUR","ac_no":217,"ac_category":"GEN","st_name":"UTTAR PRADESH"},"geometry":{"type":"Polygon","coordinates":[[[80.4282,26.4182],[80.4106,26.4331],[80.4045,26.436],[80.3984,26.4294],[80.4016,26.4247],[80.3959,26.4062],[80.374,26.4217],[80.386,26.4112],[80.3811,26.399],[80.3724,26.3938],[80.3809,26.3866],[80.3734,26.3818],[80.3667,26.3806],[80.3629,26.394],[80.3522,26.407],[80.3321,26.4136],[80.331,26.4072],[80.3202,26.4026],[80.3161,26.4052],[80.3142,26.3958],[80.2857,26.4106],[80.2832,26.4116],[80.2984,26.3962],[80.3028,26.3713],[80.3149,26.368],[80.3247,26.3736],[80.323,26.3836],[80.354,26.3882],[80.3563,26.3791],[80.351,26.3669],[80.3544,26.3564],[80.3632,26.3598],[80.368,26.3572],[80.3728,26.3701],[80.3776,26.3689],[80.385,26.3629],[80.387,26.347],[80.3975,26.3382],[80.4045,26.3427],[80.4203,26.3121],[80.4074,26.3076],[80.4063,26.2987],[80.3958,26.2922],[80.404,26.2776],[80.3932,26.2733],[80.3975,26.271],[80.3925,26.267],[80.3978,26.2632],[80.3972,26.2485],[80.4145,26.2361],[80.4061,26.2304],[80.4147,26.2275],[80.4143,26.2145],[80.4228,26.2019],[80.4383,26.2039],[80.4468,26.1933],[80.4594,26.1983],[80.4634,26.1934],[80.4666,26.1981],[80.4695,26.1827],[80.4773,26.1741],[80.4872,26.192],[80.4945,26.1959],[80.5171,26.1875],[80.5171,26.1924],[80.5278,26.1938],[80.529,26.2003],[80.5364,26.1972],[80.5441,26.223],[80.5915,26.231],[80.5758,26.2422],[80.5688,26.2692],[80.5512,26.2918],[80.5458,26.3167],[80.5372,26.3185],[80.5388,26.3245],[80.5327,26.3277],[80.5164,26.359],[80.5038,26.3632],[80.4657,26.4049],[80.4282,26.4182]]]}},{"type":"Feature","properties":{"ac_name":"HARCHANDPUR","ac_no":179,"ac_category":"GEN","st_name":"UTTAR PRADESH"},"geometry":{"type":"Polygon","coordinates":[[[81.0977,26.4175],[81.0975,26.4234],[81.0833,26.4266],[81.0784,26.433],[81.0565,26.417],[81.0477,26.4176],[81.0341,26.4091],[81.0291,26.3977],[81.0336,26.3954],[81.0313,26.3798],[81.0353,26.3831],[81.0374,26.3775],[81.0513,26.3756],[81.0382,26.3683],[81.0359,26.3622],[81.0213,26.3632],[80.9986,26.3496],[80.9966,26.3359],[81.0029,26.3318],[80.9959,26.3111],[80.9863,26.3139],[80.9681,26.3067],[80.9474,26.3098],[80.9413,26.3222],[80.9489,26.3321],[80.9475,26.3483],[80.9358,26.359],[80.934,26.3501],[80.926,26.3473],[80.925,26.3416],[80.9155,26.3537],[80.8985,26.3526],[80.8913,26.344],[80.8899,26.3583],[80.8661,26.3565],[80.8637,26.3693],[80.8595,26.3659],[80.8446,26.3713],[80.8383,26.3658],[80.8382,26.3582],[80.8284,26.3521],[80.827,26.3409],[80.8372,26.3385],[80.8455,26.3286],[80.8572,26.3294],[80.8671,26.3228],[80.8687,26.3078],[80.8795,26.3044],[80.8771,26.299],[80.8859,26.2935],[80.8815,26.281],[80.8645,26.2689],[80.8531,26.2495],[80.8439,26.2432],[80.8466,26.2372],[80.83,26.2352],[80.823,26.2206],[80.8347,26.2244],[80.8391,26.2151],[80.8497,26.2127],[80.8478,26.2039],[80.8554,26.2047],[80.8611,26.1995],[80.8676,26.201],[80.8743,26.2117],[80.8893,26.2101],[80.8953,26.2167],[80.898,26.2104],[80.907,26.212],[80.9032,26.2264],[80.9102,26.239],[80.9192,26.2358],[80.9239,26.2158],[80.9343,26.2212],[80.9445,26.2355],[80.9547,26.2298],[80.9631,26.2446],[80.9877,26.233],[80.9948,26.2357],[81.0026,26.2287],[81.0264,26.2277],[81.0483,26.217],[81.0478,26.2095],[81.0617,26.2046],[81.0625,26.1949],[81.0801,26.1855],[81.0968,26.1968],[81.1065,26.197],[81.1203,26.1895],[81.1205,26.1703],[81.1318,26.1572],[81.1396,26.1671],[81.1511,26.17],[81.155,26.1654],[81.1697,26.1664],[81.1822,26.1604],[81.1877,26.1758],[81.1705,26.1961],[81.1956,26.2015],[81.1942,26.2153],[81.1846,26.2171],[81.1977,26.228],[81.2018,26.2447],[81.195,26.2467],[81.1988,26.2559],[81.2026,26.2613],[81.2217,26.2563],[81.211,26.2681],[81.2222,26.2752],[81.2258,26.2931],[81.2321,26.2979],[81.2414,26.297],[81.2408,26.3097],[81.2454,26.3129],[81.2423,26.3299],[81.2299,26.3345],[81.2173,26.3472],[81.2141,26.3583],[81.2205,26.3732],[81.18,26.3867],[81.1628,26.3796],[81.1501,26.394],[81.1335,26.3991],[81.1318,26.4055],[81.0977,26.4175]]]}},{"type":"Feature","properties":{"ac_name":"SADAR","ac_no":189,"ac_category":"GEN","st_name":"UTTAR PRADESH"},"geometry":{"type":"Polygon","coordinates":[[[82.2189,26.4094],[82.1878,26.4092],[82.184,26.4111],[82.1859,26.4218],[82.1756,26.421],[82.1646,26.4308],[82.1583,26.4281],[82.1638,26.4173],[82.1536,26.3987],[82.1691,26.3885],[82.1535,26.3806],[82.1553,26.3704],[82.1497,26.3721],[82.1452,26.3639],[82.1581,26.3581],[82.1719,26.3599],[82.1611,26.3449],[82.1727,26.3395],[82.1705,26.3288],[82.178,26.3256],[82.1707,26.3076],[82.1654,26.3056],[82.1718,26.2787],[82.1656,26.2751],[82.1684,26.2731],[82.1593,26.2447],[82.1664,26.2327],[82.1644,26.2266],[82.1727,26.2128],[82.1882,26.2089],[82.2049,26.1962],[82.1995,26.1826],[82.2118,26.1797],[82.2207,26.1721],[82.2394,26.1898],[82.2661,26.1876],[82.2755,26.2094],[82.2837,26.2108],[82.3027,26.1947],[82.3035,26.1787],[82.2977,26.173],[82.2811,26.1777],[82.2777,26.1721],[82.3089,26.1601],[82.3191,26.1664],[82.3257,26.178],[82.3375,26.1703],[82.3512,26.177],[82.3604,26.1758],[82.363,26.1703],[82.372,26.1738],[82.3747,26.1698],[82.3954,26.1758],[82.4059,26.1742],[82.4096,26.1851],[82.4437,26.1893],[82.4464,26.1972],[82.4352,26.2016],[82.4455,26.2108],[82.438,26.2157],[82.4282,26.2119],[82.4292,26.2211],[82.4421,26.2269],[82.4398,26.2329],[82.4609,26.249],[82.4786,26.245],[82.4985,26.2744],[82.4949,26.2862],[82.4865,26.2802],[82.4783,26.2856],[82.4752,26.2768],[82.4687,26.2831],[82.4549,26.282],[82.4465,26.2883],[82.4517,26.2947],[82.4475,26.3017],[82.4378,26.3033],[82.4357,26.3077],[82.4309,26.2984],[82.4208,26.3183],[82.4025,26.3235],[82.4004,26.3566],[82.3936,26.3583],[82.3905,26.3646],[82.3827,26.3652],[82.384,26.3757],[82.3729,26.3819],[82.3384,26.3819],[82.3263,26.3868],[82.3151,26.3802],[82.3184,26.3936],[82.3102,26.3954],[82.3011,26.406],[82.2966,26.4051],[82.2972,26.4008],[82.2842,26.3977],[82.2794,26.3909],[82.2657,26.4034],[82.2575,26.4035],[82.2524,26.3925],[82.2457,26.3917],[82.2394,26.399],[82.2243,26.4017],[82.2189,26.4094]]]}},{"type":"Feature","properties":{"ac_name":"GOPALPUR","ac_no":344,"ac_category":"GEN","st_name":"UTTAR PRADESH"},"geometry":{"type":"Polygon","coordinates":[[[83.132,26.3854],[83.1118,26.353],[83.1095,26.3235],[83.1137,26.311],[83.1094,26.31],[83.1142,26.3016],[83.1094,26.2978],[83.109,26.2834],[83.0912,26.2816],[83.1009,26.2769],[83.1101,26.2574],[83.0995,26.2492],[83.088,26.2472],[83.0796,26.2372],[83.0858,26.217],[83.0704,26.2128],[83.068,26.1984],[83.0707,26.1968],[83.092,26.1904],[83.094,26.1608],[83.1148,26.1462],[83.1136,26.1335],[83.124,26.1245],[83.149,26.1173],[83.1643,26.1213],[83.1782,26.1144],[83.2048,26.1259],[83.2318,26.1141],[83.2377,26.1128],[83.2499,26.1122],[83.2599,26.1055],[83.2592,26.1265],[83.2806,26.1287],[83.28,26.1371],[83.2699,26.1406],[83.281,26.1461],[83.2692,26.1648],[83.2758,26.1719],[83.2656,26.1758],[83.2816,26.1974],[83.2944,26.1963],[83.2956,26.2084],[83.3043,26.208],[83.2915,26.2221],[83.2956,26.2296],[83.2838,26.236],[83.2799,26.2497],[83.2746,26.2511],[83.277,26.2582],[83.2697,26.2588],[83.2712,26.2662],[83.2531,26.2717],[83.2589,26.277],[83.2313,26.2769],[83.2257,26.287],[83.2323,26.3035],[83.215,26.302],[83.2266,26.3095],[83.2192,26.3129],[83.2236,26.3271],[83.2331,26.33],[83.2338,26.3356],[83.2502,26.3482],[83.2606,26.351],[83.27,26.364],[83.2768,26.365],[83.2522,26.3796],[83.2271,26.3951],[83.1981,26.393],[83.1832,26.3975],[83.1703,26.3941],[83.1576,26.3967],[83.132,26.3854]]]}},{"type":"Feature","properties":{"ac_name":"SALEMPUR","ac_no":341,"ac_category":"SC","st_name":"UTTAR PRADESH"},"geometry":{"type":"Polygon","coordinates":[[[83.8613,26.3785],[83.8565,26.3824],[83.8399,26.3742],[83.8349,26.3792],[83.8286,26.3784],[83.8296,26.3469],[83.8207,26.3363],[83.8238,26.331],[83.8325,26.3346],[83.8361,26.3218],[83.8318,26.3143],[83.8513,26.3098],[83.8382,26.2995],[83.8402,26.2933],[83.8239,26.2902],[83.8202,26.2845],[83.8356,26.2749],[83.8486,26.279],[83.8502,26.2711],[83.8617,26.2699],[83.8508,26.2679],[83.8471,26.2604],[83.85,26.2564],[83.8618,26.2576],[83.8543,26.2361],[83.8686,26.2211],[83.8761,26.2278],[83.876,26.217],[83.881,26.2119],[83.8891,26.2188],[83.8943,26.2154],[83.8938,26.2051],[83.879,26.1976],[83.8838,26.1945],[83.8807,26.1845],[83.892,26.1799],[83.8922,26.1755],[83.8807,26.1726],[83.869,26.1599],[83.8757,26.1471],[83.8963,26.1274],[83.9212,26.1198],[83.9629,26.1318],[83.9769,26.1153],[84.0152,26.1139],[84.053,26.0891],[84.0562,26.1],[84.0488,26.1091],[84.0501,26.13],[84.0275,26.1424],[84.0344,26.1512],[84.0335,26.1607],[84.0094,26.1756],[84.0085,26.1888],[84.0161,26.1959],[84.0285,26.1981],[84.0258,26.2045],[84.0312,26.2169],[84.0164,26.222],[84.0133,26.2301],[83.9906,26.2315],[83.9916,26.2451],[83.9761,26.2494],[83.9812,26.2609],[83.9728,26.2729],[83.9726,26.2933],[83.936,26.29],[83.9298,26.3078],[83.9457,26.3219],[83.9397,26.331],[83.9319,26.3322],[83.9281,26.3246],[83.9131,26.3336],[83.9154,26.3395],[83.9044,26.35],[83.9097,26.3569],[83.9177,26.3577],[83.9168,26.362],[83.9069,26.3572],[83.8803,26.3582],[83.881,26.3648],[83.8675,26.3696],[83.8613,26.3785]]]}},{"type":"Feature","properties":{"ac_name":"BHOGNIPUR","ac_no":208,"ac_category":"GEN","st_name":"UTTAR PRADESH"},"geometry":{"type":"Polygon","coordinates":[[[80.1395,26.3649],[80.1376,26.3678],[80.1332,26.3715],[80.1121,26.3645],[80.0989,26.3755],[80.0765,26.373],[80.0711,26.3688],[80.0705,26.3593],[80.0543,26.3541],[80.0456,26.3667],[80.0386,26.3454],[80.0334,26.3423],[80.0113,26.3506],[79.9958,26.3387],[80.0091,26.3273],[80.0067,26.3191],[79.998,26.3148],[79.9998,26.3004],[79.988,26.2873],[79.9608,26.273],[79.9465,26.2843],[79.9502,26.3119],[79.937,26.3151],[79.9173,26.3108],[79.8658,26.3469],[79.8669,26.3534],[79.8486,26.3626],[79.8194,26.3399],[79.8048,26.3513],[79.7878,26.3243],[79.7759,26.3188],[79.774,26.3117],[79.7519,26.3119],[79.7426,26.3047],[79.7203,26.2821],[79.7429,26.2696],[79.7226,26.2551],[79.7149,26.2569],[79.7104,26.2669],[79.7037,26.2663],[79.6846,26.2493],[79.6878,26.2393],[79.6788,26.2215],[79.6589,26.2153],[79.656,26.2095],[79.7161,26.1853],[79.7621,26.1838],[79.7627,26.1675],[79.7449,26.1467],[79.7444,26.1369],[79.7721,26.123],[79.7825,26.1103],[79.8368,26.1014],[79.8662,26.1168],[79.8875,26.0985],[79.9188,26.0904],[79.9331,26.1232],[79.9399,26.1612],[79.9524,26.1608],[79.9641,26.1524],[79.9787,26.1513],[79.9985,26.163],[80.0152,26.1638],[80.0243,26.1706],[80.0164,26.1821],[80.0057,26.1881],[80.0115,26.2268],[80.0032,26.2348],[80.0141,26.2546],[80.0332,26.256],[80.0459,26.2683],[80.0634,26.2616],[80.0928,26.2743],[80.1007,26.2725],[80.1181,26.2534],[80.1243,26.2528],[80.1436,26.2724],[80.134,26.2884],[80.1352,26.3027],[80.1426,26.3027],[80.1606,26.2919],[80.1552,26.305],[80.1642,26.304],[80.1619,26.3117],[80.1794,26.3217],[80.1699,26.3209],[80.1643,26.326],[80.1773,26.3262],[80.1725,26.334],[80.1806,26.3316],[80.1852,26.3347],[80.1745,26.3456],[80.1828,26.34],[80.1891,26.345],[80.1795,26.3507],[80.1687,26.3484],[80.1682,26.3528],[80.1577,26.3525],[80.1512,26.3474],[80.1477,26.3497],[80.155,26.3551],[80.1451,26.361],[80.1502,26.3656],[80.1395,26.3649]]]}},{"type":"Feature","properties":{"ac_name":"RAE BARELI","ac_no":180,"ac_category":"GEN","st_name":"UTTAR PRADESH"},"geometry":{"type":"Polygon","coordinates":[[[81.3803,26.3307],[81.361,26.3344],[81.3567,26.3493],[81.3365,26.3584],[81.3325,26.3757],[81.3192,26.378],[81.3235,26.3606],[81.3142,26.3448],[81.3181,26.3321],[81.3125,26.3258],[81.3288,26.3271],[81.3241,26.3196],[81.3389,26.3187],[81.3473,26.3127],[81.3418,26.3035],[81.3449,26.2997],[81.338,26.292],[81.3273,26.2877],[81.3221,26.2781],[81.3107,26.2818],[81.3067,26.278],[81.3031,26.2823],[81.3081,26.2882],[81.3033,26.2897],[81.3016,26.2983],[81.2908,26.3075],[81.2764,26.3105],[81.2735,26.32],[81.2564,26.321],[81.2454,26.3129],[81.2408,26.3097],[81.2414,26.297],[81.2321,26.2979],[81.2258,26.2931],[81.2222,26.2752],[81.211,26.2681],[81.2217,26.2563],[81.2026,26.2613],[81.1988,26.2559],[81.195,26.2467],[81.2018,26.2447],[81.1977,26.228],[81.1846,26.2171],[81.1942,26.2153],[81.1956,26.2015],[81.1705,26.1961],[81.1877,26.1758],[81.1822,26.1604],[81.1697,26.1664],[81.155,26.1654],[81.1511,26.17],[81.1396,26.1671],[81.1318,26.1572],[81.1386,26.1466],[81.1344,26.14],[81.1539,26.1287],[81.1532,26.118],[81.1614,26.1159],[81.1529,26.1115],[81.151,26.0984],[81.1819,26.0923],[81.1829,26.0873],[81.1937,26.0796],[81.1952,26.0648],[81.2004,26.0623],[81.2217,26.0634],[81.2294,26.0761],[81.254,26.0824],[81.2601,26.0794],[81.264,26.0674],[81.2913,26.0704],[81.3033,26.0669],[81.3137,26.0721],[81.325,26.0583],[81.3481,26.0533],[81.3473,26.0659],[81.3592,26.0757],[81.3499,26.0863],[81.3502,26.0939],[81.3725,26.1067],[81.3835,26.1318],[81.3795,26.1476],[81.3713,26.1512],[81.3688,26.1608],[81.3764,26.1652],[81.3779,26.1728],[81.384,26.1737],[81.3763,26.2052],[81.3888,26.2078],[81.3912,26.2151],[81.365,26.2195],[81.3643,26.2325],[81.3777,26.2471],[81.3723,26.2604],[81.3744,26.2696],[81.3811,26.2782],[81.3928,26.2754],[81.3985,26.2848],[81.4114,26.2848],[81.4289,26.312],[81.4053,26.3229],[81.3891,26.3233],[81.3803,26.3307]]]}},{"type":"Feature","properties":{"ac_name":"SAGRI","ac_no":345,"ac_category":"GEN","st_name":"UTTAR PRADESH"},"geometry":{"type":"Polygon","coordinates":[[[83.2768,26.365],[83.27,26.364],[83.2606,26.351],[83.2502,26.3482],[83.2338,26.3356],[83.2331,26.33],[83.2236,26.3271],[83.2192,26.3129],[83.2266,26.3095],[83.215,26.302],[83.2323,26.3035],[83.2257,26.287],[83.2313,26.2769],[83.2589,26.277],[83.2531,26.2717],[83.2712,26.2662],[83.2697,26.2588],[83.277,26.2582],[83.2746,26.2511],[83.2799,26.2497],[83.2838,26.236],[83.2956,26.2296],[83.2915,26.2221],[83.3043,26.208],[83.2956,26.2084],[83.2944,26.1963],[83.2816,26.1974],[83.2656,26.1758],[83.2758,26.1719],[83.2692,26.1648],[83.281,26.1461],[83.2699,26.1406],[83.28,26.1371],[83.2806,26.1287],[83.3001,26.1245],[83.2996,26.1125],[83.3087,26.1111],[83.3114,26.1204],[83.3203,26.1114],[83.3259,26.115],[83.3282,26.111],[83.3224,26.1059],[83.3546,26.087],[83.3639,26.0759],[83.3803,26.0801],[83.3848,26.0893],[83.3918,26.0878],[83.3968,26.0982],[83.4062,26.0953],[83.4059,26.1076],[83.4188,26.1104],[83.4133,26.1218],[83.4187,26.1237],[83.4201,26.1366],[83.4136,26.151],[83.4163,26.1615],[83.4091,26.1668],[83.4183,26.1755],[83.4192,26.1852],[83.4294,26.19],[83.4314,26.204],[83.4483,26.2229],[83.458,26.2483],[83.4954,26.256],[83.5088,26.278],[83.4647,26.2798],[83.442,26.2708],[83.423,26.2712],[83.4011,26.2843],[83.4009,26.2955],[83.3927,26.3044],[83.3682,26.3266],[83.3493,26.3367],[83.3395,26.3489],[83.3344,26.3508],[83.3321,26.345],[83.3246,26.344],[83.318,26.3512],[83.301,26.3501],[83.2768,26.365]]]}},{"type":"Feature","properties":{"ac_name":"GHATAMPUR","ac_no":218,"ac_category":"SC","st_name":"UTTAR PRADESH"},"geometry":{"type":"Polygon","coordinates":[[[80.2476,26.2605],[80.2411,26.2491],[80.2391,26.2577],[80.2297,26.2506],[80.2275,26.2596],[80.2213,26.2533],[80.2209,26.2664],[80.2082,26.2681],[80.2185,26.2737],[80.2049,26.2799],[80.1871,26.2761],[80.175,26.2798],[80.1792,26.2747],[80.1761,26.2716],[80.166,26.2788],[80.1606,26.2919],[80.1426,26.3027],[80.1352,26.3027],[80.134,26.2884],[80.1436,26.2724],[80.1243,26.2528],[80.1181,26.2534],[80.1007,26.2725],[80.0928,26.2743],[80.0634,26.2616],[80.0459,26.2683],[80.0332,26.256],[80.0141,26.2546],[80.0032,26.2348],[80.0115,26.2268],[80.0057,26.1881],[80.0164,26.1821],[80.0243,26.1706],[80.0152,26.1638],[79.9985,26.163],[79.9787,26.1513],[79.9641,26.1524],[79.9662,26.1323],[79.9555,26.0933],[79.9566,26.0753],[79.9913,26.0654],[80.0204,26.0665],[80.0436,26.0731],[80.0506,26.0681],[80.0709,26.0681],[80.0977,26.0603],[80.1105,26.0506],[80.1117,26.0437],[80.1014,26.0211],[80.0839,26.0068],[80.0845,25.9977],[80.1192,25.9858],[80.154,25.9603],[80.1928,25.9464],[80.2059,25.9247],[80.213,25.9203],[80.2375,25.9238],[80.228,25.9466],[80.2294,25.956],[80.2132,25.9664],[80.2188,25.975],[80.2267,25.9747],[80.2455,25.9892],[80.2483,26.0157],[80.255,26.0205],[80.2501,26.0253],[80.2553,26.0303],[80.2544,26.0453],[80.2612,26.0467],[80.2676,26.0564],[80.2815,26.0547],[80.29,26.0664],[80.3025,26.0612],[80.3124,26.0721],[80.321,26.1108],[80.3426,26.1283],[80.3554,26.1255],[80.3601,26.1375],[80.3694,26.1405],[80.3661,26.1406],[80.3662,26.1491],[80.3568,26.1511],[80.3601,26.1736],[80.3502,26.1802],[80.3538,26.1947],[80.3434,26.1959],[80.342,26.1996],[80.3499,26.2129],[80.3381,26.22],[80.332,26.2173],[80.33,26.2075],[80.3173,26.2087],[80.3127,26.2197],[80.3056,26.2152],[80.2938,26.2278],[80.2834,26.2164],[80.277,26.2223],[80.268,26.2164],[80.2575,26.2188],[80.2606,26.2272],[80.2567,26.2439],[80.2634,26.2436],[80.2648,26.2528],[80.2749,26.2569],[80.2661,26.2544],[80.2581,26.2634],[80.2476,26.2605]]]}},{"type":"Feature","properties":{"ac_name":"KADIPUR","ac_no":191,"ac_category":"SC","st_name":"UTTAR PRADESH"},"geometry":{"type":"Polygon","coordinates":[[[82.4949,26.2862],[82.4985,26.2744],[82.4786,26.245],[82.4609,26.249],[82.4398,26.2329],[82.4421,26.2269],[82.4292,26.2211],[82.4282,26.2119],[82.438,26.2157],[82.4455,26.2108],[82.4352,26.2016],[82.4464,26.1972],[82.4437,26.1893],[82.4096,26.1851],[82.4059,26.1742],[82.3954,26.1758],[82.3747,26.1698],[82.372,26.1738],[82.363,26.1703],[82.3604,26.1758],[82.3512,26.177],[82.3375,26.1703],[82.3257,26.178],[82.3191,26.1664],[82.3089,26.1601],[82.3205,26.1554],[82.346,26.1564],[82.3401,26.1431],[82.3426,26.1149],[82.3628,26.1171],[82.3765,26.1061],[82.3735,26.0658],[82.4006,26.0437],[82.403,26.0304],[82.3991,26.0247],[82.3932,26.0158],[82.3972,26.0108],[82.4131,26.0133],[82.4349,26.0067],[82.475,26.0007],[82.4871,25.9743],[82.4984,25.9749],[82.5093,25.9851],[82.5029,25.9897],[82.5061,25.997],[82.5201,26.004],[82.5183,26.0117],[82.5031,26.0162],[82.5061,26.0234],[82.5172,26.0302],[82.511,26.0309],[82.5034,26.0422],[82.499,26.0402],[82.4846,26.046],[82.4772,26.039],[82.4611,26.0423],[82.4658,26.0536],[82.4616,26.0561],[82.4638,26.0637],[82.4712,26.0603],[82.4766,26.069],[82.475,26.0756],[82.466,26.0741],[82.4498,26.0849],[82.4456,26.0955],[82.4357,26.0998],[82.4458,26.1218],[82.4449,26.1327],[82.4552,26.1352],[82.4775,26.1295],[82.4859,26.1449],[82.4998,26.1337],[82.5074,26.1406],[82.5144,26.137],[82.5176,26.1428],[82.5305,26.1468],[82.5425,26.1372],[82.567,26.1314],[82.5705,26.1416],[82.5641,26.1409],[82.56,26.1465],[82.5735,26.1497],[82.5693,26.1641],[82.582,26.1715],[82.577,26.18],[82.579,26.1872],[82.5865,26.1797],[82.5971,26.1822],[82.5927,26.2008],[82.5966,26.2028],[82.6109,26.1957],[82.6157,26.1841],[82.6222,26.1821],[82.6229,26.1717],[82.6409,26.1732],[82.6437,26.1779],[82.6487,26.1751],[82.6474,26.1706],[82.6371,26.1618],[82.6494,26.1604],[82.6526,26.167],[82.66,26.1661],[82.6786,26.1519],[82.6924,26.1583],[82.6827,26.164],[82.6839,26.2016],[82.6891,26.2087],[82.6859,26.2211],[82.6745,26.224],[82.6715,26.2304],[82.6829,26.2438],[82.6776,26.2495],[82.6788,26.2563],[82.6651,26.2521],[82.6647,26.2607],[82.6595,26.2605],[82.6486,26.2444],[82.6409,26.2529],[82.6328,26.2449],[82.6184,26.2541],[82.6101,26.2528],[82.605,26.2645],[82.5999,26.2634],[82.6001,26.2587],[82.5822,26.2557],[82.575,26.2601],[82.5779,26.2676],[82.5689,26.2669],[82.5518,26.287],[82.5397,26.2799],[82.5329,26.2855],[82.5219,26.2829],[82.5126,26.2933],[82.4949,26.2862]]]}},{"type":"Feature","properties":{"ac_name":"AMETHI","ac_no":186,"ac_category":"GEN","st_name":"UTTAR PRADESH"},"geometry":{"type":"Polygon","coordinates":[[[81.8402,26.2868],[81.8072,26.285],[81.8079,26.2781],[81.8193,26.2698],[81.8155,26.2537],[81.804,26.2503],[81.8128,26.238],[81.8002,26.2311],[81.8016,26.2199],[81.7974,26.2139],[81.7749,26.2065],[81.7727,26.1988],[81.7618,26.1934],[81.7621,26.178],[81.7425,26.1817],[81.731,26.1698],[81.7435,26.1552],[81.7365,26.1556],[81.7235,26.1438],[81.7301,26.1352],[81.7239,26.1221],[81.6889,26.1321],[81.6899,26.116],[81.6875,26.112],[81.6828,26.1138],[81.6776,26.098],[81.6852,26.0948],[81.6827,26.0851],[81.6895,26.0739],[81.7166,26.0658],[81.7181,26.0759],[81.7138,26.0829],[81.7273,26.0937],[81.7589,26.0708],[81.7692,26.0677],[81.7666,26.0545],[81.7752,26.0337],[81.7849,26.0279],[81.7949,26.0272],[81.803,26.0471],[81.8179,26.0411],[81.8291,26.0374],[81.8579,26.0463],[81.8705,26.0608],[81.8678,26.0728],[81.8845,26.0817],[81.8946,26.0753],[81.8973,26.0681],[81.9085,26.0669],[81.9121,26.0561],[81.93,26.0519],[81.9363,26.0552],[81.9314,26.0616],[81.9368,26.0753],[81.9604,26.0669],[81.9625,26.0711],[81.9586,26.0741],[81.9626,26.0773],[81.9753,26.0778],[81.9818,26.0745],[81.982,26.0637],[81.9875,26.0607],[81.9998,26.0668],[82.0167,26.0671],[82.0521,26.0557],[82.0528,26.0684],[82.0651,26.0737],[82.0742,26.088],[82.0494,26.1039],[82.046,26.1173],[82.0561,26.1327],[82.0444,26.1527],[82.0241,26.1559],[82.0229,26.1717],[81.9838,26.1867],[81.973,26.1963],[81.9662,26.2173],[81.9492,26.2093],[81.9407,26.2198],[81.924,26.2197],[81.906,26.2371],[81.9024,26.2531],[81.8715,26.2693],[81.8709,26.2787],[81.8481,26.2786],[81.8402,26.2868]]]}},{"type":"Feature","properties":{"ac_name":"MADHUBAN","ac_no":353,"ac_category":"GEN","st_name":"UTTAR PRADESH"},"geometry":{"type":"Polygon","coordinates":[[[83.6315,26.2246],[83.6295,26.2186],[83.6086,26.2322],[83.6162,26.2473],[83.6057,26.2457],[83.5999,26.2516],[83.5777,26.2495],[83.5412,26.2726],[83.5088,26.278],[83.4954,26.256],[83.458,26.2483],[83.4483,26.2229],[83.4314,26.204],[83.4818,26.1898],[83.484,26.2016],[83.4956,26.2041],[83.4907,26.1761],[83.5013,26.1766],[83.517,26.1683],[83.5232,26.1703],[83.529,26.1809],[83.5304,26.17],[83.5415,26.172],[83.5484,26.1583],[83.5651,26.15],[83.5741,26.1547],[83.5906,26.1533],[83.5911,26.1492],[83.5992,26.1581],[83.6074,26.1538],[83.612,26.1577],[83.6136,26.1518],[83.6321,26.1478],[83.6258,26.1344],[83.6329,26.1383],[83.632,26.1236],[83.6474,26.102],[83.6522,26.0816],[83.6707,26.0595],[83.6853,26.0637],[83.6814,26.0736],[83.692,26.0738],[83.696,26.0839],[83.7084,26.094],[83.7171,26.0942],[83.72,26.0875],[83.73,26.0888],[83.7311,26.0829],[83.7393,26.0825],[83.7423,26.0903],[83.7512,26.0854],[83.7568,26.0882],[83.751,26.0935],[83.7528,26.0967],[83.7642,26.0922],[83.7614,26.1013],[83.7692,26.0982],[83.7731,26.1031],[83.7805,26.1017],[83.7948,26.1072],[83.7923,26.1159],[83.7981,26.1292],[83.8052,26.1337],[83.802,26.1423],[83.7909,26.1471],[83.7784,26.1611],[83.8068,26.179],[83.8107,26.1844],[83.8084,26.1904],[83.7996,26.1954],[83.7981,26.2131],[83.7894,26.23],[83.7766,26.2329],[83.7575,26.249],[83.7537,26.2604],[83.7423,26.2663],[83.7301,26.2581],[83.7077,26.255],[83.691,26.2412],[83.6649,26.2365],[83.6603,26.2292],[83.6315,26.2246]]]}},{"type":"Feature","properties":{"ac_name":"PHOOLPUR-PAWAI","ac_no":349,"ac_category":"GEN","st_name":"UTTAR PRADESH"},"geometry":{"type":"Polygon","coordinates":[[[82.6788,26.2563],[82.6776,26.2495],[82.6829,26.2438],[82.6715,26.2304],[82.6745,26.224],[82.6859,26.2211],[82.6891,26.2087],[82.6839,26.2016],[82.6827,26.164],[82.6924,26.1583],[82.6786,26.1519],[82.6763,26.1455],[82.6655,26.1431],[82.6707,26.1307],[82.6677,26.124],[82.68,26.117],[82.6767,26.1044],[82.6837,26.1031],[82.6839,26.0988],[82.7065,26.0953],[82.6969,26.0674],[82.7069,26.0636],[82.7126,26.051],[82.7097,26.0476],[82.7031,26.0502],[82.6984,26.0401],[82.7184,26.0416],[82.7274,26.0473],[82.7363,26.0422],[82.7371,26.0359],[82.7462,26.0388],[82.754,26.0517],[82.7654,26.0543],[82.77,26.0477],[82.7967,26.0504],[82.8035,26.0456],[82.8098,26.0502],[82.8294,26.0501],[82.8274,26.053],[82.8402,26.0577],[82.8433,26.0521],[82.8511,26.0563],[82.8599,26.0551],[82.871,26.0388],[82.8832,26.0396],[82.8864,26.045],[82.8986,26.0484],[82.8823,26.0766],[82.8942,26.0858],[82.89,26.0949],[82.8938,26.1119],[82.8894,26.125],[82.9187,26.1339],[82.9389,26.154],[82.9248,26.1518],[82.9061,26.1601],[82.9002,26.167],[82.9058,26.1809],[82.8859,26.1857],[82.8891,26.1786],[82.8814,26.1676],[82.8728,26.172],[82.8662,26.157],[82.8601,26.1582],[82.8552,26.1655],[82.8482,26.163],[82.8396,26.1675],[82.8343,26.1801],[82.825,26.1788],[82.8217,26.187],[82.8036,26.1903],[82.8006,26.1865],[82.786,26.1876],[82.7837,26.1968],[82.7745,26.1946],[82.7662,26.2117],[82.7545,26.2136],[82.7469,26.2266],[82.7511,26.2327],[82.7454,26.2501],[82.7477,26.2615],[82.7317,26.2446],[82.7232,26.2455],[82.7228,26.2547],[82.6969,26.2665],[82.6893,26.267],[82.6885,26.2591],[82.6788,26.2563]]]}},{"type":"Feature","properties":{"ac_name":"LAMBHUA","ac_no":190,"ac_category":"GEN","st_name":"UTTAR PRADESH"},"geometry":{"type":"Polygon","coordinates":[[[82.1644,26.2266],[82.1528,26.2229],[82.1423,26.2567],[82.1101,26.2556],[82.0995,26.228],[82.1138,26.2217],[82.1137,26.2149],[82.1052,26.2064],[82.0895,26.2067],[82.0852,26.2124],[82.0717,26.2133],[82.0701,26.2045],[82.078,26.203],[82.0838,26.1919],[82.0782,26.1684],[82.063,26.168],[82.0569,26.1581],[82.0444,26.1527],[82.0561,26.1327],[82.046,26.1173],[82.0494,26.1039],[82.0742,26.088],[82.0651,26.0737],[82.0528,26.0684],[82.0521,26.0557],[82.0644,26.053],[82.0716,26.0616],[82.0812,26.0624],[82.0884,26.0698],[82.0963,26.0652],[82.1009,26.0678],[82.0993,26.0775],[82.1152,26.0715],[82.1159,26.0658],[82.1221,26.064],[82.1257,26.0557],[82.1542,26.057],[82.1703,26.0459],[82.1707,26.0406],[82.1852,26.0399],[82.1846,26.0325],[82.1975,26.0263],[82.1953,26.0187],[82.1989,26.0161],[82.2054,26.0238],[82.2191,26.0264],[82.2259,26.0325],[82.2427,26.0564],[82.2675,26.0392],[82.2765,26.0465],[82.3182,26.0395],[82.3151,26.0305],[82.3277,26.0301],[82.3289,26.024],[82.3455,26.0174],[82.3381,26.009],[82.3446,26.0034],[82.3495,26.0104],[82.3569,26.0055],[82.3749,26.0306],[82.3921,26.0317],[82.3991,26.0247],[82.403,26.0304],[82.4006,26.0437],[82.3735,26.0658],[82.3765,26.1061],[82.3628,26.1171],[82.3426,26.1149],[82.3401,26.1431],[82.346,26.1564],[82.3205,26.1554],[82.3089,26.1601],[82.2777,26.1721],[82.2811,26.1777],[82.2977,26.173],[82.3035,26.1787],[82.3027,26.1947],[82.2837,26.2108],[82.2755,26.2094],[82.2661,26.1876],[82.2394,26.1898],[82.2207,26.1721],[82.2118,26.1797],[82.1995,26.1826],[82.2049,26.1962],[82.1882,26.2089],[82.1727,26.2128],[82.1644,26.2266]]]}},{"type":"Feature","properties":{"ac_name":"SARENI","ac_no":182,"ac_category":"GEN","st_name":"UTTAR PRADESH"},"geometry":{"type":"Polygon","coordinates":[[[80.823,26.2206],[80.8184,26.2137],[80.8258,26.2104],[80.8186,26.2012],[80.8026,26.2118],[80.7843,26.2054],[80.7695,26.2132],[80.7631,26.2027],[80.769,26.2026],[80.7697,26.1972],[80.7768,26.1943],[80.769,26.1825],[80.7533,26.1873],[80.7375,26.1733],[80.7314,26.1772],[80.7046,26.1594],[80.6935,26.1611],[80.6938,26.153],[80.685,26.1442],[80.6941,26.1333],[80.6973,26.1159],[80.6884,26.1157],[80.6738,26.1232],[80.6702,26.1028],[80.7143,26.0766],[80.7343,26.0724],[80.7585,26.0742],[80.7799,26.0574],[80.7921,26.068],[80.8005,26.0655],[80.8081,26.0328],[80.8228,26.0214],[80.8309,26.0187],[80.8406,26.0216],[80.8559,26.0408],[80.8746,26.0546],[80.9083,26.0562],[80.9258,26.0502],[80.9516,26.0546],[80.9983,26.0776],[81.0162,26.0733],[81.0438,26.0364],[81.0566,26.0509],[81.0505,26.0581],[81.0913,26.0702],[81.1006,26.0675],[81.1048,26.0715],[81.1148,26.0625],[81.1206,26.0668],[81.128,26.0629],[81.1298,26.0699],[81.1385,26.076],[81.153,26.0732],[81.1582,26.0814],[81.1655,26.0739],[81.1829,26.0873],[81.1819,26.0923],[81.151,26.0984],[81.1529,26.1115],[81.1614,26.1159],[81.1532,26.118],[81.1539,26.1287],[81.1344,26.14],[81.1386,26.1466],[81.1318,26.1572],[81.1205,26.1703],[81.1203,26.1895],[81.1065,26.197],[81.0968,26.1968],[81.0801,26.1855],[81.0625,26.1949],[81.0617,26.2046],[81.0478,26.2095],[81.0483,26.217],[81.0264,26.2277],[81.0026,26.2287],[80.9948,26.2357],[80.9877,26.233],[80.9631,26.2446],[80.9547,26.2298],[80.9445,26.2355],[80.9343,26.2212],[80.9239,26.2158],[80.9192,26.2358],[80.9102,26.239],[80.9032,26.2264],[80.907,26.212],[80.898,26.2104],[80.8953,26.2167],[80.8893,26.2101],[80.8743,26.2117],[80.8676,26.201],[80.8611,26.1995],[80.8554,26.2047],[80.8478,26.2039],[80.8497,26.2127],[80.8391,26.2151],[80.8347,26.2244],[80.823,26.2206]]]}},{"type":"Feature","properties":{"ac_name":"SALON","ac_no":181,"ac_category":"SC","st_name":"UTTAR PRADESH"},"geometry":{"type":"Polygon","coordinates":[[[81.5896,26.2421],[81.5789,26.2438],[81.571,26.2333],[81.5789,26.2313],[81.576,26.2247],[81.549,26.2048],[81.5299,26.2054],[81.5225,26.2016],[81.5114,26.2054],[81.511,26.2116],[81.497,26.216],[81.4844,26.2061],[81.4704,26.2069],[81.4617,26.1978],[81.4458,26.1942],[81.4411,26.1972],[81.4415,26.2162],[81.4155,26.2114],[81.4022,26.2179],[81.3912,26.2151],[81.3888,26.2078],[81.3763,26.2052],[81.384,26.1737],[81.3779,26.1728],[81.3764,26.1652],[81.3688,26.1608],[81.3713,26.1512],[81.3795,26.1476],[81.3835,26.1318],[81.3725,26.1067],[81.3502,26.0939],[81.3499,26.0863],[81.3592,26.0757],[81.3473,26.0659],[81.3481,26.0533],[81.3395,26.044],[81.339,26.0292],[81.3206,26.0331],[81.3091,26.0288],[81.3138,26.0008],[81.366,25.9704],[81.3891,25.9759],[81.3956,25.9585],[81.4129,25.9611],[81.425,25.9502],[81.4407,25.9528],[81.447,25.9366],[81.4528,25.9351],[81.4498,25.9277],[81.4734,25.938],[81.484,25.9314],[81.4901,25.9477],[81.5016,25.9466],[81.5047,25.9503],[81.5042,25.957],[81.4891,25.9622],[81.5017,25.9749],[81.5161,25.9638],[81.5133,25.9595],[81.5239,25.9555],[81.5387,25.9672],[81.5524,25.9665],[81.5687,25.975],[81.5792,25.9675],[81.5916,25.9694],[81.593,25.9759],[81.5848,25.983],[81.5687,25.987],[81.5666,25.9942],[81.5599,25.9953],[81.5615,26.0097],[81.57,26.0151],[81.5661,26.0275],[81.5425,26.0224],[81.5392,26.0275],[81.5474,26.0319],[81.5385,26.0428],[81.5325,26.0337],[81.5181,26.0321],[81.5168,26.0384],[81.5329,26.0459],[81.5327,26.0615],[81.5414,26.0548],[81.5506,26.061],[81.5589,26.0605],[81.5672,26.0726],[81.5564,26.0807],[81.5587,26.0857],[81.5519,26.0984],[81.5352,26.1034],[81.5396,26.1088],[81.5385,26.1238],[81.5429,26.1228],[81.5491,26.1321],[81.5621,26.1358],[81.5693,26.1463],[81.5995,26.1433],[81.6015,26.1516],[81.6121,26.1546],[81.6134,26.1741],[81.6181,26.1806],[81.6093,26.1904],[81.6156,26.204],[81.6113,26.2202],[81.5939,26.2202],[81.5896,26.2421]]]}},{"type":"Feature","properties":{"ac_name":"JAHANABAD","ac_no":238,"ac_category":"GEN","st_name":"UTTAR PRADESH"},"geometry":{"type":"Polygon","coordinates":[[[80.5915,26.231],[80.5441,26.223],[80.5364,26.1972],[80.529,26.2003],[80.5278,26.1938],[80.5171,26.1924],[80.5171,26.1875],[80.4945,26.1959],[80.4872,26.192],[80.4773,26.1741],[80.4695,26.1827],[80.4472,26.1817],[80.4422,26.1677],[80.4307,26.1652],[80.4329,26.1577],[80.4289,26.1535],[80.4041,26.1625],[80.3872,26.1427],[80.3694,26.1405],[80.3601,26.1375],[80.3554,26.1255],[80.3426,26.1283],[80.321,26.1108],[80.3124,26.0721],[80.3025,26.0612],[80.29,26.0664],[80.2815,26.0547],[80.2676,26.0564],[80.2612,26.0467],[80.2544,26.0453],[80.2553,26.0303],[80.2501,26.0253],[80.255,26.0205],[80.2483,26.0157],[80.2455,25.9892],[80.2267,25.9747],[80.2188,25.975],[80.2132,25.9664],[80.2294,25.956],[80.228,25.9466],[80.2375,25.9238],[80.259,25.9334],[80.269,25.9329],[80.2954,25.8966],[80.3087,25.8888],[80.3457,25.9],[80.3827,25.912],[80.4053,25.9135],[80.4419,25.9079],[80.4834,25.8977],[80.5075,25.8807],[80.5451,25.8764],[80.5549,25.8659],[80.5682,25.8686],[80.5757,25.8802],[80.5679,25.8935],[80.5751,25.8956],[80.5669,25.9046],[80.5706,25.9065],[80.5754,25.9012],[80.577,25.9062],[80.5649,25.9192],[80.5543,25.9216],[80.5546,25.93],[80.5481,25.9311],[80.5548,25.9368],[80.546,25.9459],[80.5406,25.9429],[80.5285,25.9491],[80.5331,25.9666],[80.5295,25.9681],[80.5261,25.9627],[80.5152,25.9714],[80.5237,25.9964],[80.5137,26.011],[80.5252,26.0139],[80.5353,26.0297],[80.5256,26.0373],[80.5224,26.0334],[80.5186,26.0376],[80.5015,26.0402],[80.4992,26.0425],[80.5107,26.0571],[80.5001,26.0593],[80.4992,26.0649],[80.5202,26.0738],[80.5257,26.0823],[80.5383,26.0799],[80.5431,26.0855],[80.5386,26.0952],[80.5445,26.1122],[80.5501,26.1151],[80.5531,26.1104],[80.579,26.1051],[80.5858,26.1175],[80.5973,26.1256],[80.6116,26.1213],[80.6261,26.1272],[80.6383,26.126],[80.6439,26.1315],[80.6371,26.1391],[80.6264,26.133],[80.6206,26.1352],[80.6107,26.1475],[80.6116,26.1633],[80.6034,26.1736],[80.5918,26.1769],[80.6085,26.2083],[80.6046,26.2202],[80.5915,26.231]]]}},{"type":"Feature","properties":{"ac_name":"GHOSI","ac_no":354,"ac_category":"GEN","st_name":"UTTAR PRADESH"},"geometry":{"type":"Polygon","coordinates":[[[83.4956,26.2041],[83.484,26.2016],[83.4818,26.1898],[83.4314,26.204],[83.4294,26.19],[83.4192,26.1852],[83.4183,26.1755],[83.4091,26.1668],[83.4163,26.1615],[83.4136,26.151],[83.4201,26.1366],[83.4187,26.1237],[83.4468,26.0992],[83.4579,26.1058],[83.4693,26.1049],[83.4747,26.099],[83.4719,26.0701],[83.4433,26.0316],[83.4752,26.0166],[83.478,26.0027],[83.518,25.9979],[83.5175,25.9839],[83.525,25.982],[83.5353,25.9893],[83.5591,25.9909],[83.5642,25.9693],[83.575,25.9755],[83.5762,25.9825],[83.5833,25.9799],[83.5839,25.9725],[83.5931,25.9728],[83.5874,25.9592],[83.5952,25.9457],[83.5935,25.9303],[83.6012,25.9328],[83.6077,25.9293],[83.6131,25.9398],[83.6363,25.947],[83.6427,25.9446],[83.6434,25.9501],[83.624,25.957],[83.629,25.9689],[83.661,25.9828],[83.6648,25.9905],[83.6547,25.9981],[83.6453,25.9907],[83.6502,26.008],[83.6322,26.0065],[83.6211,26.0107],[83.6237,26.0195],[83.6204,26.0253],[83.6284,26.0307],[83.6778,26.0218],[83.6776,26.0468],[83.6795,26.0534],[83.6867,26.0565],[83.6853,26.0637],[83.6707,26.0595],[83.6522,26.0816],[83.6474,26.102],[83.632,26.1236],[83.6329,26.1383],[83.6258,26.1344],[83.6321,26.1478],[83.6136,26.1518],[83.612,26.1577],[83.6074,26.1538],[83.5992,26.1581],[83.5911,26.1492],[83.5906,26.1533],[83.5741,26.1547],[83.5651,26.15],[83.5484,26.1583],[83.5415,26.172],[83.5304,26.17],[83.529,26.1809],[83.5232,26.1703],[83.517,26.1683],[83.5013,26.1766],[83.4907,26.1761],[83.4956,26.2041]]]}},{"type":"Feature","properties":{"ac_name":"ORAI","ac_no":221,"ac_category":"SC","st_name":"UTTAR PRADESH"},"geometry":{"type":"Polygon","coordinates":[[[79.2725,26.1839],[79.264,26.1864],[79.251,26.1435],[79.2555,26.1376],[79.2538,26.129],[79.2441,26.1287],[79.2412,26.123],[79.2496,26.1033],[79.2447,26.0876],[79.2478,26.0767],[79.2651,26.0659],[79.2656,26.0555],[79.275,26.0453],[79.2671,26.0236],[79.2811,26.0113],[79.315,25.9998],[79.2724,25.9914],[79.2696,25.9863],[79.2745,25.9821],[79.2733,25.9732],[79.2631,25.9586],[79.2523,25.9591],[79.2469,25.9315],[79.2342,25.9039],[79.2149,25.9043],[79.2099,25.8964],[79.194,25.9032],[79.1748,25.9032],[79.1724,25.9094],[79.1782,25.93],[79.1578,25.9286],[79.1403,25.9509],[79.1339,25.9495],[79.1322,25.9421],[79.1177,25.9405],[79.112,25.9275],[79.0899,25.9337],[79.0842,25.9173],[79.0796,25.9047],[79.0562,25.9077],[79.0531,25.8926],[79.0449,25.8967],[79.0467,25.9001],[79.0316,25.904],[79.0287,25.8998],[79.033,25.8861],[79.0433,25.8791],[79.0383,25.8683],[79.0654,25.8559],[79.0761,25.8618],[79.0717,25.8714],[79.0775,25.8902],[79.0874,25.8867],[79.1071,25.8914],[79.1056,25.8765],[79.0961,25.8625],[79.1056,25.8553],[79.1149,25.8573],[79.1176,25.8662],[79.1267,25.8639],[79.1207,25.8478],[79.1255,25.8463],[79.1224,25.8329],[79.1151,25.8243],[79.1348,25.809],[79.1639,25.812],[79.1669,25.8071],[79.1893,25.8033],[79.2118,25.7887],[79.2431,25.8064],[79.2629,25.7893],[79.272,25.7967],[79.279,25.8128],[79.2922,25.8203],[79.3022,25.8008],[79.2905,25.7965],[79.2921,25.7836],[79.3242,25.7663],[79.3329,25.7695],[79.3531,25.7904],[79.3757,25.7837],[79.3961,25.7955],[79.4007,25.807],[79.4192,25.8078],[79.4317,25.8017],[79.4415,25.7877],[79.4596,25.7892],[79.4636,25.795],[79.4591,25.823],[79.4695,25.8363],[79.4982,25.8578],[79.5256,25.8426],[79.5386,25.8211],[79.5511,25.8217],[79.5715,25.8534],[79.5598,25.8645],[79.5393,25.8608],[79.5244,25.8656],[79.5196,25.8788],[79.5218,25.8882],[79.5266,25.8937],[79.5359,25.8944],[79.5702,25.8837],[79.5979,25.8972],[79.6107,25.897],[79.6127,25.9064],[79.6041,25.9251],[79.6093,25.9302],[79.6238,25.9325],[79.6185,25.9501],[79.6221,25.9613],[79.607,25.9669],[79.6076,25.977],[79.587,25.9884],[79.5855,25.9978],[79.5641,25.9992],[79.5587,25.9896],[79.5451,25.9932],[79.5422,25.9997],[79.5584,26.0163],[79.5615,26.0272],[79.5254,26.0492],[79.5322,26.0696],[79.5302,26.0783],[79.502,26.0872],[79.491,26.0956],[79.4717,26.0888],[79.4484,26.1092],[79.4313,26.1002],[79.4219,26.1031],[79.4263,26.0984],[79.4228,26.0938],[79.4075,26.0982],[79.3923,26.0939],[79.3545,26.1272],[79.3443,26.1306],[79.3389,26.1257],[79.3252,26.131],[79.3262,26.1442],[79.3079,26.1525],[79.306,26.1629],[79.3021,26.164],[79.3002,26.1592],[79.2947,26.1627],[79.2842,26.1584],[79.2796,26.1613],[79.2845,26.1653],[79.2831,26.1754],[79.2729,26.1795],[79.2725,26.1839]]]}},{"type":"Feature","properties":{"ac_name":"SHAHGANJ","ac_no":365,"ac_category":"GEN","st_name":"UTTAR PRADESH"},"geometry":{"type":"Polygon","coordinates":[[[82.6229,26.1717],[82.6222,26.1821],[82.6157,26.1841],[82.6109,26.1957],[82.5966,26.2028],[82.5927,26.2008],[82.5971,26.1822],[82.5865,26.1797],[82.579,26.1872],[82.577,26.18],[82.582,26.1715],[82.5693,26.1641],[82.5735,26.1497],[82.56,26.1465],[82.5641,26.1409],[82.5705,26.1416],[82.567,26.1314],[82.5425,26.1372],[82.5305,26.1468],[82.5176,26.1428],[82.5144,26.137],[82.5074,26.1406],[82.4998,26.1337],[82.4859,26.1449],[82.4775,26.1295],[82.4552,26.1352],[82.4449,26.1327],[82.4458,26.1218],[82.4357,26.0998],[82.4456,26.0955],[82.4498,26.0849],[82.466,26.0741],[82.475,26.0756],[82.4766,26.069],[82.4712,26.0603],[82.4638,26.0637],[82.4616,26.0561],[82.4658,26.0536],[82.4611,26.0423],[82.4772,26.039],[82.4846,26.046],[82.499,26.0402],[82.5034,26.0422],[82.511,26.0309],[82.5172,26.0302],[82.5061,26.0234],[82.5031,26.0162],[82.5183,26.0117],[82.5201,26.004],[82.5061,25.997],[82.5029,25.9897],[82.5093,25.9851],[82.4984,25.9749],[82.509,25.9747],[82.5197,25.9661],[82.5643,25.9611],[82.5693,25.9363],[82.5427,25.9279],[82.5474,25.9206],[82.5633,25.9167],[82.5656,25.9062],[82.5792,25.9095],[82.5737,25.912],[82.5753,25.9223],[82.5933,25.9203],[82.5962,25.9238],[82.6023,25.9191],[82.6071,25.9248],[82.6021,25.9367],[82.6047,25.9419],[82.6006,25.9422],[82.6049,25.9692],[82.5993,25.9752],[82.6032,25.981],[82.5951,25.9856],[82.5959,25.9938],[82.6036,25.9937],[82.6067,25.9822],[82.6244,25.9829],[82.6306,25.99],[82.6271,25.9989],[82.6312,26.0019],[82.6163,26.0055],[82.6178,26.0163],[82.6251,26.0127],[82.6493,26.0155],[82.6522,26.0266],[82.6463,26.0294],[82.6487,26.0387],[82.6648,26.0384],[82.6631,26.0484],[82.6671,26.052],[82.6756,26.0473],[82.6749,26.04],[82.6843,26.0393],[82.6867,26.0322],[82.679,26.0292],[82.6759,26.0221],[82.6832,26.0164],[82.6815,26.0027],[82.6901,25.9993],[82.7022,26.0046],[82.7107,25.9901],[82.7228,25.9897],[82.7255,25.9937],[82.7225,26.01],[82.726,26.0169],[82.7318,26.0179],[82.7311,26.0258],[82.7032,26.0245],[82.7143,26.0342],[82.7213,26.0334],[82.7184,26.0416],[82.6984,26.0401],[82.7031,26.0502],[82.7097,26.0476],[82.7126,26.051],[82.7069,26.0636],[82.6969,26.0674],[82.7065,26.0953],[82.6839,26.0988],[82.6837,26.1031],[82.6767,26.1044],[82.68,26.117],[82.6677,26.124],[82.6707,26.1307],[82.6655,26.1431],[82.6763,26.1455],[82.6786,26.1519],[82.66,26.1661],[82.6526,26.167],[82.6494,26.1604],[82.6371,26.1618],[82.6474,26.1706],[82.6487,26.1751],[82.6437,26.1779],[82.6409,26.1732],[82.6229,26.1717]]]}},{"type":"Feature","properties":{"ac_name":"BELTHARA ROAD","ac_no":357,"ac_category":"SC","st_name":"UTTAR PRADESH"},"geometry":{"type":"Polygon","coordinates":[[[83.8084,26.1904],[83.8107,26.1844],[83.8068,26.179],[83.7784,26.1611],[83.7909,26.1471],[83.802,26.1423],[83.8052,26.1337],[83.7981,26.1292],[83.7923,26.1159],[83.7948,26.1072],[83.7805,26.1017],[83.7731,26.1031],[83.7692,26.0982],[83.7614,26.1013],[83.7642,26.0922],[83.7528,26.0967],[83.751,26.0935],[83.7568,26.0882],[83.7512,26.0854],[83.7423,26.0903],[83.7393,26.0825],[83.7311,26.0829],[83.73,26.0888],[83.72,26.0875],[83.7171,26.0942],[83.7084,26.094],[83.696,26.0839],[83.692,26.0738],[83.6814,26.0736],[83.6853,26.0637],[83.6867,26.0565],[83.6795,26.0534],[83.6776,26.0468],[83.6778,26.0218],[83.694,26.0061],[83.7022,26.0051],[83.7105,26.0114],[83.7387,26.0069],[83.7586,25.9981],[83.7724,26.0019],[83.778,25.9932],[83.7727,25.9813],[83.7755,25.9782],[83.7829,25.9863],[83.7935,25.9895],[83.7958,25.9842],[83.7817,25.9485],[83.7855,25.945],[83.7846,25.9333],[83.7964,25.9312],[83.7934,25.9372],[83.8233,25.9422],[83.839,25.9579],[83.859,25.9591],[83.866,25.9546],[83.8937,25.9535],[83.9006,25.9608],[83.8879,25.9631],[83.886,25.973],[83.9013,25.9644],[83.9111,25.9656],[83.9222,25.9746],[83.9212,25.9817],[83.9258,25.9864],[83.9466,25.9861],[83.954,26.0181],[83.9428,26.0209],[83.934,26.0125],[83.9222,26.0229],[83.9255,26.0394],[83.9217,26.0516],[83.9329,26.072],[83.926,26.0874],[83.9303,26.1048],[83.9212,26.1198],[83.8963,26.1274],[83.8757,26.1471],[83.869,26.1599],[83.8638,26.1661],[83.8645,26.181],[83.8567,26.1867],[83.8427,26.1917],[83.8084,26.1904]]]}},{"type":"Feature","properties":{"ac_name":"NIZAMABAD","ac_no":348,"ac_category":"GEN","st_name":"UTTAR PRADESH"},"geometry":{"type":"Polygon","coordinates":[[[83.0707,26.1968],[83.068,26.1984],[83.0475,26.1931],[83.0268,26.1753],[83.0147,26.1765],[83.0273,26.1527],[83.0354,26.1473],[83.028,26.1296],[82.9911,26.1376],[82.9867,26.1457],[82.9688,26.1543],[82.961,26.1492],[82.9458,26.1597],[82.9389,26.154],[82.9187,26.1339],[82.8894,26.125],[82.8938,26.1119],[82.89,26.0949],[82.8942,26.0858],[82.8823,26.0766],[82.8986,26.0484],[82.8864,26.045],[82.8832,26.0396],[82.8868,26.0178],[82.9026,26.0229],[82.9159,26.0152],[82.9231,26.0175],[82.9274,26.0252],[82.9664,26.0158],[82.9646,26.0213],[82.9708,26.0204],[82.9708,26.0168],[82.979,26.0146],[82.9872,26.0254],[83.0136,26.0176],[83.0254,26.0253],[83.0296,26.022],[83.0284,26.0118],[83.0429,26.0139],[83.0505,26.0067],[83.0619,26.0057],[83.0634,26.0094],[83.0564,26.0152],[83.073,26.0355],[83.0881,26.0335],[83.0931,26.0385],[83.1023,26.0325],[83.103,26.0448],[83.1164,26.0507],[83.1123,26.0532],[83.1136,26.0642],[83.1189,26.0687],[83.1217,26.0841],[83.1134,26.0992],[83.1203,26.1014],[83.1188,26.1164],[83.124,26.1245],[83.1136,26.1335],[83.1148,26.1462],[83.094,26.1608],[83.092,26.1904],[83.0707,26.1968]]]}},{"type":"Feature","properties":{"ac_name":"RAMPUR KHAS","ac_no":244,"ac_category":"GEN","st_name":"UTTAR PRADESH"},"geometry":{"type":"Polygon","coordinates":[[[81.6181,26.1806],[81.6134,26.1741],[81.6121,26.1546],[81.6015,26.1516],[81.5995,26.1433],[81.5693,26.1463],[81.5621,26.1358],[81.5491,26.1321],[81.5429,26.1228],[81.5385,26.1238],[81.5396,26.1088],[81.5352,26.1034],[81.5519,26.0984],[81.5587,26.0857],[81.5564,26.0807],[81.5672,26.0726],[81.5589,26.0605],[81.5506,26.061],[81.5414,26.0548],[81.5327,26.0615],[81.5329,26.0459],[81.5168,26.0384],[81.5181,26.0321],[81.5325,26.0337],[81.5385,26.0428],[81.5474,26.0319],[81.5392,26.0275],[81.5425,26.0224],[81.5661,26.0275],[81.57,26.0151],[81.5615,26.0097],[81.5599,25.9953],[81.5666,25.9942],[81.5687,25.987],[81.5848,25.983],[81.593,25.9759],[81.5916,25.9694],[81.5792,25.9675],[81.5687,25.975],[81.5524,25.9665],[81.5387,25.9672],[81.5239,25.9555],[81.5133,25.9595],[81.5161,25.9638],[81.5017,25.9749],[81.4891,25.9622],[81.5042,25.957],[81.5047,25.9503],[81.5016,25.9466],[81.4901,25.9477],[81.484,25.9314],[81.4734,25.938],[81.4498,25.9277],[81.4528,25.9351],[81.447,25.9366],[81.4433,25.9396],[81.4414,25.9354],[81.4437,25.9233],[81.4494,25.9206],[81.4394,25.9188],[81.4378,25.9036],[81.4455,25.8951],[81.4603,25.904],[81.4648,25.894],[81.4792,25.8888],[81.4878,25.9064],[81.497,25.904],[81.4965,25.9113],[81.5217,25.9022],[81.5311,25.9113],[81.5339,25.9081],[81.5462,25.9112],[81.551,25.9026],[81.5607,25.9003],[81.5613,25.8896],[81.5718,25.8814],[81.5795,25.8862],[81.5833,25.8818],[81.5899,25.894],[81.6021,25.9005],[81.6007,25.9048],[81.6091,25.9034],[81.6187,25.9184],[81.633,25.9195],[81.6375,25.9336],[81.6541,25.944],[81.6668,25.9422],[81.6695,25.933],[81.6763,25.932],[81.6693,25.9186],[81.6855,25.9177],[81.6844,25.9078],[81.6966,25.8936],[81.7033,25.9021],[81.7139,25.9064],[81.7174,25.8953],[81.7279,25.8898],[81.733,25.8927],[81.7372,25.9004],[81.7288,25.928],[81.7421,25.9254],[81.7435,25.9347],[81.735,25.942],[81.7337,25.9545],[81.7254,25.958],[81.7266,25.9766],[81.7131,25.9906],[81.7238,26.0019],[81.7142,26.0028],[81.7094,26.0091],[81.7153,26.0192],[81.7276,26.0225],[81.733,26.0301],[81.7255,26.0453],[81.738,26.054],[81.7666,26.0545],[81.7692,26.0677],[81.7589,26.0708],[81.7273,26.0937],[81.7138,26.0829],[81.7181,26.0759],[81.7166,26.0658],[81.6895,26.0739],[81.6827,26.0851],[81.6852,26.0948],[81.6776,26.098],[81.6828,26.1138],[81.6745,26.1202],[81.6606,26.1169],[81.6489,26.1284],[81.6463,26.1343],[81.6528,26.1436],[81.6328,26.1598],[81.6312,26.1708],[81.6181,26.1806]]]}},{"type":"Feature","properties":{"ac_name":"HAMIRPUR","ac_no":228,"ac_category":"GEN","st_name":"UTTAR PRADESH"},"geometry":{"type":"Polygon","coordinates":[[[79.9188,26.0904],[79.9445,26.0608],[79.9394,26.0427],[79.9421,26.0335],[79.9365,26.0281],[79.9163,26.0319],[79.9072,26.013],[79.9194,26.0103],[79.9419,26.0297],[79.9545,26.0232],[79.9441,26.0009],[79.9316,25.999],[79.9276,25.9859],[79.9339,25.9819],[79.9332,25.9765],[79.9231,25.9629],[79.9087,25.9703],[79.8981,25.9568],[79.8978,25.9632],[79.8842,25.9636],[79.8766,25.9485],[79.8601,25.9523],[79.8723,25.9632],[79.8724,25.9716],[79.8501,25.9718],[79.8441,25.9536],[79.8663,25.9359],[79.8626,25.9096],[79.8706,25.882],[79.8948,25.8879],[79.9083,25.8719],[79.9196,25.867],[79.9429,25.8805],[79.9631,25.9032],[79.9736,25.9019],[79.9821,25.8891],[79.97,25.8506],[79.9534,25.8436],[79.9417,25.8321],[79.9356,25.8151],[79.9655,25.8017],[79.9679,25.7904],[79.9876,25.7848],[79.9905,25.777],[79.9792,25.765],[79.9747,25.7507],[79.9794,25.7406],[79.9896,25.7386],[79.9898,25.7338],[80.0003,25.7346],[80.0018,25.7246],[79.9927,25.6979],[79.9765,25.6883],[79.9702,25.6697],[79.9736,25.6673],[79.9541,25.6619],[79.9457,25.6423],[79.9489,25.6363],[79.9524,25.6423],[80.0023,25.6153],[80.0043,25.5983],[80.0248,25.5873],[80.0106,25.5707],[80.0163,25.5532],[79.9999,25.5531],[79.983,25.5344],[79.9845,25.5301],[79.9932,25.5312],[80.0124,25.5184],[80.0117,25.508],[80.0019,25.507],[79.9949,25.4966],[79.9965,25.4888],[80.0221,25.4885],[80.0295,25.4963],[80.0372,25.4919],[80.0394,25.4786],[80.0236,25.4453],[80.0296,25.4415],[80.0277,25.4347],[80.0538,25.4243],[80.0607,25.4294],[80.0774,25.4156],[80.1063,25.4035],[80.1124,25.4025],[80.1172,25.4075],[80.1381,25.4344],[80.1438,25.4587],[80.1931,25.4431],[80.1978,25.4503],[80.1944,25.4649],[80.2032,25.4843],[80.2082,25.4832],[80.213,25.4683],[80.2268,25.4723],[80.2116,25.4941],[80.223,25.4953],[80.2254,25.5097],[80.2192,25.5136],[80.2244,25.5266],[80.2078,25.5296],[80.2138,25.5542],[80.2177,25.5599],[80.2329,25.5585],[80.255,25.5918],[80.2687,25.585],[80.2802,25.5855],[80.294,25.609],[80.2793,25.6212],[80.2787,25.6266],[80.3024,25.6336],[80.3146,25.6422],[80.3189,25.6511],[80.3169,25.6655],[80.3054,25.6815],[80.3086,25.7019],[80.3242,25.7122],[80.3506,25.704],[80.3456,25.7203],[80.3281,25.7321],[80.3198,25.7511],[80.293,25.7695],[80.2723,25.7704],[80.2679,25.7777],[80.2705,25.7829],[80.2319,25.799],[80.2508,25.8124],[80.2594,25.8076],[80.2759,25.8205],[80.2856,25.8149],[80.2975,25.8242],[80.287,25.8399],[80.2968,25.8461],[80.3296,25.8447],[80.34,25.8658],[80.3514,25.871],[80.3457,25.9],[80.3087,25.8888],[80.2954,25.8966],[80.269,25.9329],[80.259,25.9334],[80.2375,25.9238],[80.213,25.9203],[80.2059,25.9247],[80.1928,25.9464],[80.154,25.9603],[80.1192,25.9858],[80.0845,25.9977],[80.0839,26.0068],[80.1014,26.0211],[80.1117,26.0437],[80.1105,26.0506],[80.0977,26.0603],[80.0709,26.0681],[80.0506,26.0681],[80.0436,26.0731],[80.0204,26.0665],[79.9913,26.0654],[79.9566,26.0753],[79.9555,26.0933],[79.9662,26.1323],[79.9641,26.1524],[79.9524,26.1608],[79.9399,26.1612],[79.9331,26.1232],[79.9188,26.0904]]]}},{"type":"Feature","properties":{"ac_name":"SIKANDERPUR","ac_no":359,"ac_category":"GEN","st_name":"UTTAR PRADESH"},"geometry":{"type":"Polygon","coordinates":[[[83.9212,26.1198],[83.9303,26.1048],[83.926,26.0874],[83.9329,26.072],[83.9217,26.0516],[83.9255,26.0394],[83.9222,26.0229],[83.934,26.0125],[83.9428,26.0209],[83.954,26.0181],[83.9466,25.9861],[83.9591,25.9774],[83.9648,25.9796],[83.9549,25.9611],[83.9579,25.9512],[83.9694,25.9427],[83.961,25.9271],[83.9599,25.9006],[83.9851,25.8958],[84.0149,25.897],[84.0141,25.9121],[84.0388,25.9027],[84.049,25.9095],[84.1014,25.9011],[84.1049,25.8932],[84.1024,25.881],[84.1087,25.8984],[84.1256,25.91],[84.1219,25.9203],[84.1386,25.9264],[84.1447,25.92],[84.1487,25.9231],[84.1471,25.931],[84.1384,25.9369],[84.1516,25.9417],[84.1476,25.9502],[84.1533,25.9597],[84.1698,25.9554],[84.1775,25.9578],[84.1809,25.966],[84.1782,25.9754],[84.1824,25.9782],[84.178,25.9857],[84.1825,25.9949],[84.1752,25.9962],[84.1701,25.9877],[84.1725,26.0246],[84.1373,26.0522],[84.1211,26.0766],[84.1038,26.0928],[84.0887,26.1003],[84.0562,26.1],[84.053,26.0891],[84.0152,26.1139],[83.9769,26.1153],[83.9629,26.1318],[83.9212,26.1198]]]}},{"type":"Feature","properties":{"ac_name":"BINDKI","ac_no":239,"ac_category":"GEN","st_name":"UTTAR PRADESH"},"geometry":{"type":"Polygon","coordinates":[[[80.6702,26.1028],[80.6538,26.1277],[80.6439,26.1315],[80.6383,26.126],[80.6261,26.1272],[80.6116,26.1213],[80.5973,26.1256],[80.5858,26.1175],[80.579,26.1051],[80.5531,26.1104],[80.5501,26.1151],[80.5445,26.1122],[80.5386,26.0952],[80.5431,26.0855],[80.5383,26.0799],[80.5257,26.0823],[80.5202,26.0738],[80.4992,26.0649],[80.5001,26.0593],[80.5107,26.0571],[80.4992,26.0425],[80.5015,26.0402],[80.5186,26.0376],[80.5224,26.0334],[80.5256,26.0373],[80.5353,26.0297],[80.5252,26.0139],[80.5137,26.011],[80.5237,25.9964],[80.5152,25.9714],[80.5261,25.9627],[80.5295,25.9681],[80.5331,25.9666],[80.5285,25.9491],[80.5406,25.9429],[80.546,25.9459],[80.5548,25.9368],[80.5481,25.9311],[80.5546,25.93],[80.5543,25.9216],[80.5649,25.9192],[80.577,25.9062],[80.5754,25.9012],[80.5706,25.9065],[80.5669,25.9046],[80.5751,25.8956],[80.5679,25.8935],[80.5757,25.8802],[80.5682,25.8686],[80.5996,25.8523],[80.6291,25.8516],[80.6385,25.8754],[80.6188,25.8959],[80.6292,25.9028],[80.6419,25.9226],[80.6637,25.902],[80.6817,25.9118],[80.7145,25.9085],[80.7448,25.8662],[80.7611,25.8723],[80.7585,25.8911],[80.7652,25.9096],[80.7601,25.9155],[80.7669,25.9136],[80.7729,25.9278],[80.7663,25.9359],[80.7792,25.9445],[80.7904,25.9667],[80.8023,25.9644],[80.7993,25.9842],[80.8134,25.9851],[80.8187,25.9927],[80.8228,26.0214],[80.8081,26.0328],[80.8005,26.0655],[80.7921,26.068],[80.7799,26.0574],[80.7585,26.0742],[80.7343,26.0724],[80.7143,26.0766],[80.6702,26.1028]]]}},{"type":"Feature","properties":{"ac_name":"MUBARAKPUR","ac_no":346,"ac_category":"GEN","st_name":"UTTAR PRADESH"},"geometry":{"type":"Polygon","coordinates":[[[83.2377,26.1128],[83.257,26.093],[83.2469,26.0876],[83.2392,26.0945],[83.2267,26.0652],[83.2032,26.057],[83.2019,26.0544],[83.2102,26.0516],[83.2095,26.0398],[83.1989,26.0244],[83.1974,26.0042],[83.2095,26.0005],[83.2136,25.9938],[83.216,25.9963],[83.2202,25.9844],[83.2303,25.9811],[83.227,25.9754],[83.2403,25.9736],[83.2775,25.9558],[83.2779,25.9526],[83.2632,25.9478],[83.26,25.9318],[83.2528,25.9346],[83.2406,25.9282],[83.2401,25.9194],[83.2519,25.9147],[83.2464,25.9025],[83.2374,25.8986],[83.2373,25.8899],[83.265,25.8764],[83.2693,25.8778],[83.2724,25.868],[83.2823,25.8715],[83.2915,25.8615],[83.3065,25.8623],[83.3047,25.8575],[83.3136,25.8574],[83.3242,25.8492],[83.3158,25.8396],[83.3251,25.8419],[83.339,25.8591],[83.3366,25.8901],[83.3697,25.899],[83.3715,25.9076],[83.3613,25.9118],[83.3674,25.9183],[83.3774,25.9149],[83.3835,25.9228],[83.3828,25.9129],[83.3936,25.9166],[83.396,25.923],[83.3899,25.9325],[83.3755,25.9326],[83.3739,25.9381],[83.3803,25.9418],[83.3774,25.9438],[83.345,25.942],[83.3373,25.9326],[83.3219,25.9333],[83.3271,25.9501],[83.335,25.955],[83.3363,25.9741],[83.3504,25.981],[83.3496,25.9887],[83.3404,25.9916],[83.3414,25.9954],[83.3466,26.0002],[83.3649,25.999],[83.3695,26.0097],[83.3822,26.0208],[83.378,26.0263],[83.3645,26.0155],[83.3511,26.0192],[83.346,26.0271],[83.3528,26.0439],[83.3875,26.0415],[83.4016,26.0483],[83.3798,26.0652],[83.394,26.0659],[83.3803,26.0801],[83.3639,26.0759],[83.3546,26.087],[83.3224,26.1059],[83.3282,26.111],[83.3259,26.115],[83.3203,26.1114],[83.3114,26.1204],[83.3087,26.1111],[83.2996,26.1125],[83.3001,26.1245],[83.2806,26.1287],[83.2592,26.1265],[83.2599,26.1055],[83.2499,26.1122],[83.2377,26.1128]]]}},{"type":"Feature","properties":{"ac_name":"AZAMGARH","ac_no":347,"ac_category":"GEN","st_name":"UTTAR PRADESH"},"geometry":{"type":"Polygon","coordinates":[[[83.2318,26.1141],[83.2048,26.1259],[83.1782,26.1144],[83.1643,26.1213],[83.149,26.1173],[83.124,26.1245],[83.1188,26.1164],[83.1203,26.1014],[83.1134,26.0992],[83.1217,26.0841],[83.1189,26.0687],[83.1136,26.0642],[83.1123,26.0532],[83.1164,26.0507],[83.103,26.0448],[83.1023,26.0325],[83.0931,26.0385],[83.0881,26.0335],[83.073,26.0355],[83.0564,26.0152],[83.0634,26.0094],[83.0619,26.0057],[83.0645,26.0014],[83.0737,26.0044],[83.0809,26.0009],[83.0813,25.9831],[83.1114,25.9647],[83.1159,25.9637],[83.1256,25.9387],[83.1372,25.9451],[83.1496,25.9406],[83.1726,25.9432],[83.1807,25.9378],[83.1808,25.9205],[83.1868,25.9187],[83.1861,25.9111],[83.1776,25.909],[83.1746,25.9012],[83.1865,25.8954],[83.1866,25.8891],[83.1971,25.8783],[83.2239,25.8799],[83.2223,25.8711],[83.2306,25.867],[83.2307,25.8595],[83.2432,25.8555],[83.2638,25.8636],[83.265,25.8764],[83.2373,25.8899],[83.2374,25.8986],[83.2464,25.9025],[83.2519,25.9147],[83.2401,25.9194],[83.2406,25.9282],[83.2528,25.9346],[83.26,25.9318],[83.2632,25.9478],[83.2779,25.9526],[83.2775,25.9558],[83.2403,25.9736],[83.227,25.9754],[83.2303,25.9811],[83.2202,25.9844],[83.216,25.9963],[83.2136,25.9938],[83.2095,26.0005],[83.1974,26.0042],[83.1989,26.0244],[83.2095,26.0398],[83.2102,26.0516],[83.2019,26.0544],[83.2032,26.057],[83.2267,26.0652],[83.2392,26.0945],[83.2469,26.0876],[83.257,26.093],[83.2377,26.1128],[83.2318,26.1141]]]}},{"type":"Feature","properties":{"ac_name":"MUHAMMADABAD-GOHNA","ac_no":355,"ac_category":"SC","st_name":"UTTAR PRADESH"},"geometry":{"type":"Polygon","coordinates":[[[83.4187,26.1237],[83.4133,26.1218],[83.4188,26.1104],[83.4059,26.1076],[83.4062,26.0953],[83.3968,26.0982],[83.3918,26.0878],[83.3848,26.0893],[83.3803,26.0801],[83.394,26.0659],[83.3798,26.0652],[83.4016,26.0483],[83.3875,26.0415],[83.3528,26.0439],[83.346,26.0271],[83.3511,26.0192],[83.3645,26.0155],[83.378,26.0263],[83.3822,26.0208],[83.3695,26.0097],[83.3649,25.999],[83.3466,26.0002],[83.3414,25.9954],[83.3404,25.9916],[83.3496,25.9887],[83.3504,25.981],[83.3363,25.9741],[83.335,25.955],[83.3271,25.9501],[83.3219,25.9333],[83.3373,25.9326],[83.345,25.942],[83.3774,25.9438],[83.3803,25.9418],[83.3739,25.9381],[83.3755,25.9326],[83.3899,25.9325],[83.396,25.923],[83.3936,25.9166],[83.3828,25.9129],[83.3835,25.9228],[83.3774,25.9149],[83.3674,25.9183],[83.3613,25.9118],[83.3715,25.9076],[83.3697,25.899],[83.3366,25.8901],[83.339,25.8591],[83.3251,25.8419],[83.341,25.8305],[83.3533,25.8278],[83.3538,25.8198],[83.3436,25.8204],[83.3456,25.8146],[83.3623,25.8113],[83.3643,25.8023],[83.3723,25.7975],[83.3796,25.8023],[83.3839,25.8138],[83.3798,25.8169],[83.3848,25.8217],[83.4006,25.8235],[83.404,25.8291],[83.3969,25.8316],[83.4002,25.8403],[83.4194,25.8428],[83.4244,25.8482],[83.4328,25.8389],[83.4419,25.8429],[83.4457,25.8404],[83.4605,25.8501],[83.4634,25.8568],[83.4533,25.8589],[83.4583,25.8636],[83.4508,25.8683],[83.4584,25.883],[83.4531,25.8857],[83.4648,25.9031],[83.4729,25.9043],[83.4752,25.9102],[83.4778,25.9063],[83.4855,25.9098],[83.4967,25.9247],[83.499,25.9461],[83.5069,25.9558],[83.5062,25.9671],[83.5261,25.9774],[83.525,25.982],[83.5175,25.9839],[83.518,25.9979],[83.478,26.0027],[83.4752,26.0166],[83.4433,26.0316],[83.4719,26.0701],[83.4747,26.099],[83.4693,26.1049],[83.4579,26.1058],[83.4468,26.0992],[83.4187,26.1237]]]}},{"type":"Feature","properties":{"ac_name":"UNCHAHAR","ac_no":183,"ac_category":"GEN","st_name":"UTTAR PRADESH"},"geometry":{"type":"Polygon","coordinates":[[[81.1937,26.0796],[81.1829,26.0873],[81.1655,26.0739],[81.1582,26.0814],[81.153,26.0732],[81.1385,26.076],[81.1298,26.0699],[81.128,26.0629],[81.1206,26.0668],[81.1148,26.0625],[81.1048,26.0715],[81.1006,26.0675],[81.0913,26.0702],[81.0505,26.0581],[81.0566,26.0509],[81.0438,26.0364],[81.0529,26.0275],[81.0595,26.0039],[81.0837,25.9874],[81.1181,25.9696],[81.1652,25.9634],[81.1823,25.9515],[81.2012,25.9481],[81.2163,25.9398],[81.2134,25.8743],[81.2206,25.8646],[81.2699,25.8467],[81.2784,25.8514],[81.2921,25.8474],[81.3383,25.8107],[81.3522,25.836],[81.3355,25.8405],[81.3286,25.8493],[81.325,25.8573],[81.3326,25.8699],[81.3405,25.8653],[81.3478,25.8698],[81.3689,25.8667],[81.3731,25.8796],[81.3619,25.888],[81.3712,25.8966],[81.3746,25.8878],[81.3819,25.8845],[81.3993,25.8893],[81.4114,25.8965],[81.415,25.9087],[81.4188,25.9041],[81.424,25.9088],[81.4261,25.9181],[81.4394,25.9188],[81.4494,25.9206],[81.4437,25.9233],[81.4414,25.9354],[81.4433,25.9396],[81.447,25.9366],[81.4407,25.9528],[81.425,25.9502],[81.4129,25.9611],[81.3956,25.9585],[81.3891,25.9759],[81.366,25.9704],[81.3138,26.0008],[81.3091,26.0288],[81.3206,26.0331],[81.339,26.0292],[81.3395,26.044],[81.3481,26.0533],[81.325,26.0583],[81.3137,26.0721],[81.3033,26.0669],[81.2913,26.0704],[81.264,26.0674],[81.2601,26.0794],[81.254,26.0824],[81.2294,26.0761],[81.2217,26.0634],[81.2004,26.0623],[81.1952,26.0648],[81.1937,26.0796]]]}},{"type":"Feature","properties":{"ac_name":"HUSAINGANJ","ac_no":242,"ac_category":"GEN","st_name":"UTTAR PRADESH"},"geometry":{"type":"Polygon","coordinates":[[[80.9983,26.0776],[80.9516,26.0546],[80.9258,26.0502],[80.9083,26.0562],[80.8746,26.0546],[80.878,26.0328],[80.9051,26.0141],[80.9059,26.0036],[80.9159,25.9946],[80.9128,25.9897],[80.9164,25.9839],[80.9012,25.9752],[80.9036,25.9704],[80.8944,25.9601],[80.8979,25.9563],[80.9072,25.9544],[80.9102,25.9626],[80.9253,25.9633],[80.9568,25.9583],[80.9653,25.9511],[80.9914,25.9631],[81.0032,25.9482],[81.022,25.9422],[81.0287,25.926],[81.0389,25.9281],[81.0432,25.9224],[81.0402,25.9021],[81.0286,25.8829],[81.0353,25.8711],[81.0237,25.86],[81.0209,25.8499],[81.0243,25.8415],[81.0366,25.8328],[81.029,25.8152],[81.0387,25.804],[81.0481,25.7896],[81.0534,25.7965],[81.0494,25.8083],[81.0825,25.8166],[81.086,25.8076],[81.092,25.8049],[81.1134,25.8046],[81.1294,25.7877],[81.1406,25.7891],[81.1433,25.7962],[81.1522,25.7989],[81.1511,25.7907],[81.1614,25.7942],[81.1772,25.7849],[81.184,25.7886],[81.1882,25.785],[81.1847,25.7696],[81.19,25.7607],[81.215,25.757],[81.2142,25.7772],[81.2244,25.779],[81.2282,25.787],[81.2565,25.7727],[81.2576,25.7644],[81.2697,25.7558],[81.2813,25.7588],[81.2892,25.7673],[81.2994,25.767],[81.3021,25.7728],[81.3085,25.77],[81.3134,25.7752],[81.312,25.7842],[81.3248,25.7953],[81.3304,25.7913],[81.3383,25.8107],[81.2921,25.8474],[81.2784,25.8514],[81.2699,25.8467],[81.2206,25.8646],[81.2134,25.8743],[81.2163,25.9398],[81.2012,25.9481],[81.1823,25.9515],[81.1652,25.9634],[81.1181,25.9696],[81.0837,25.9874],[81.0595,26.0039],[81.0529,26.0275],[81.0438,26.0364],[81.0162,26.0733],[80.9983,26.0776]]]}},{"type":"Feature","properties":{"ac_name":"PRATAPGARH","ac_no":248,"ac_category":"GEN","st_name":"UTTAR PRADESH"},"geometry":{"type":"Polygon","coordinates":[[[81.9604,26.0669],[81.9368,26.0753],[81.9314,26.0616],[81.9363,26.0552],[81.93,26.0519],[81.9121,26.0561],[81.9085,26.0669],[81.8973,26.0681],[81.8946,26.0753],[81.8845,26.0817],[81.8678,26.0728],[81.8705,26.0608],[81.8579,26.0463],[81.8578,26.0249],[81.8677,26.0251],[81.8714,26.0179],[81.8526,26.0019],[81.8697,25.9948],[81.8812,25.9621],[81.8912,25.9443],[81.8982,25.9439],[81.8948,25.9379],[81.9,25.925],[81.8967,25.9043],[81.9,25.8947],[81.9103,25.8948],[81.9164,25.9092],[81.9253,25.9054],[81.9338,25.9236],[81.939,25.9095],[81.9549,25.9076],[81.9556,25.9027],[81.9485,25.8989],[81.9658,25.8893],[81.9703,25.8619],[81.9829,25.8532],[82.0178,25.8462],[82.023,25.8377],[82.0303,25.8451],[82.0406,25.8386],[82.0453,25.8449],[82.0527,25.8383],[82.042,25.8656],[82.0111,25.8906],[82.02,25.902],[82.0219,25.9206],[82.008,25.9411],[82.017,25.9478],[82.0219,25.9408],[82.0289,25.9406],[82.0324,25.9442],[82.0282,25.9509],[82.0439,25.9498],[82.0519,25.9397],[82.0699,25.942],[82.064,25.9343],[82.0695,25.9258],[82.0753,25.9302],[82.0817,25.9271],[82.0858,25.9518],[82.0784,25.9544],[82.0848,25.9645],[82.0891,25.9659],[82.0906,25.9603],[82.0942,25.965],[82.1075,25.9608],[82.1074,25.9653],[82.1279,25.9565],[82.1281,25.9637],[82.1217,25.968],[82.1257,25.9886],[82.1127,26.0006],[82.1262,26.0179],[82.0959,26.0319],[82.0957,26.042],[82.1159,26.0658],[82.1152,26.0715],[82.0993,26.0775],[82.1009,26.0678],[82.0963,26.0652],[82.0884,26.0698],[82.0812,26.0624],[82.0716,26.0616],[82.0644,26.053],[82.0521,26.0557],[82.0167,26.0671],[81.9998,26.0668],[81.9875,26.0607],[81.982,26.0637],[81.9818,26.0745],[81.9753,26.0778],[81.9626,26.0773],[81.9586,26.0741],[81.9625,26.0711],[81.9604,26.0669]]]}},{"type":"Feature","properties":{"ac_name":"PATTI","ac_no":249,"ac_category":"GEN","st_name":"UTTAR PRADESH"},"geometry":{"type":"Polygon","coordinates":[[[82.1159,26.0658],[82.0957,26.042],[82.0959,26.0319],[82.1262,26.0179],[82.1127,26.0006],[82.1257,25.9886],[82.1217,25.968],[82.1281,25.9637],[82.1279,25.9565],[82.1074,25.9653],[82.1075,25.9608],[82.0942,25.965],[82.0906,25.9603],[82.0891,25.9659],[82.0848,25.9645],[82.0784,25.9544],[82.0858,25.9518],[82.0817,25.9271],[82.0753,25.9302],[82.0695,25.9258],[82.0807,25.888],[82.0986,25.8763],[82.0943,25.8649],[82.1045,25.8667],[82.1103,25.8875],[82.1173,25.8813],[82.1213,25.8898],[82.1275,25.891],[82.1281,25.8848],[82.1466,25.8796],[82.1475,25.8704],[82.1421,25.8708],[82.1435,25.868],[82.1583,25.868],[82.1579,25.8604],[82.171,25.8553],[82.1859,25.8524],[82.1912,25.8589],[82.1966,25.8534],[82.2053,25.8543],[82.2158,25.8378],[82.2166,25.8419],[82.2242,25.8413],[82.2471,25.8334],[82.2584,25.8366],[82.2677,25.8482],[82.279,25.8432],[82.2786,25.8491],[82.2935,25.869],[82.2886,25.8785],[82.2946,25.8915],[82.3105,25.9009],[82.332,25.8995],[82.3452,25.9149],[82.3556,25.9052],[82.372,25.913],[82.3919,25.9085],[82.393,25.9154],[82.3852,25.9206],[82.391,25.9339],[82.3785,25.9319],[82.37,25.9431],[82.3623,25.9397],[82.3525,25.9505],[82.3541,25.9539],[82.344,25.9569],[82.3479,25.9631],[82.3603,25.9638],[82.3676,25.9822],[82.395,25.9787],[82.4013,25.9742],[82.4233,25.9848],[82.4314,25.9833],[82.4344,25.9882],[82.4223,25.9946],[82.4349,26.0067],[82.4131,26.0133],[82.3972,26.0108],[82.3932,26.0158],[82.3991,26.0247],[82.3921,26.0317],[82.3749,26.0306],[82.3569,26.0055],[82.3495,26.0104],[82.3446,26.0034],[82.3381,26.009],[82.3455,26.0174],[82.3289,26.024],[82.3277,26.0301],[82.3151,26.0305],[82.3182,26.0395],[82.2765,26.0465],[82.2675,26.0392],[82.2427,26.0564],[82.2259,26.0325],[82.2191,26.0264],[82.2054,26.0238],[82.1989,26.0161],[82.1953,26.0187],[82.1975,26.0263],[82.1846,26.0325],[82.1852,26.0399],[82.1707,26.0406],[82.1703,26.0459],[82.1542,26.057],[82.1257,26.0557],[82.1221,26.064],[82.1159,26.0658]]]}},{"type":"Feature","properties":{"ac_name":"DIDARGANJ","ac_no":350,"ac_category":"GEN","st_name":"UTTAR PRADESH"},"geometry":{"type":"Polygon","coordinates":[[[82.8832,26.0396],[82.871,26.0388],[82.8599,26.0551],[82.8511,26.0563],[82.8433,26.0521],[82.8402,26.0577],[82.8274,26.053],[82.8294,26.0501],[82.8098,26.0502],[82.8035,26.0456],[82.7967,26.0504],[82.77,26.0477],[82.7654,26.0543],[82.754,26.0517],[82.7462,26.0388],[82.7371,26.0359],[82.7363,26.0422],[82.7274,26.0473],[82.7184,26.0416],[82.7213,26.0334],[82.7143,26.0342],[82.7032,26.0245],[82.7311,26.0258],[82.7318,26.0179],[82.726,26.0169],[82.7225,26.01],[82.7255,25.9937],[82.735,25.972],[82.7444,25.9661],[82.7507,25.9361],[82.7585,25.932],[82.7558,25.9257],[82.7742,25.8961],[82.763,25.8954],[82.7663,25.8947],[82.765,25.8837],[82.7732,25.8821],[82.7628,25.8688],[82.7649,25.8523],[82.7548,25.8378],[82.7592,25.8364],[82.7824,25.8286],[82.7871,25.8192],[82.8056,25.8056],[82.8124,25.8122],[82.8154,25.8279],[82.8396,25.8529],[82.8636,25.8495],[82.8665,25.8423],[82.8816,25.8353],[82.8891,25.8363],[82.887,25.8672],[82.8769,25.8766],[82.8773,25.8902],[82.8884,25.9076],[82.9138,25.9076],[82.9317,25.9431],[82.9416,25.9407],[82.9516,25.9502],[82.9604,25.9509],[82.9624,25.9325],[82.9779,25.9383],[82.9809,25.9338],[83.0079,25.9299],[83.0107,25.9468],[83.0285,25.9542],[83.0444,25.9492],[83.0604,25.9603],[83.077,25.9569],[83.0789,25.9616],[83.0934,25.9586],[83.0932,25.9647],[83.1114,25.9647],[83.0813,25.9831],[83.0809,26.0009],[83.0737,26.0044],[83.0645,26.0014],[83.0619,26.0057],[83.0505,26.0067],[83.0429,26.0139],[83.0284,26.0118],[83.0296,26.022],[83.0254,26.0253],[83.0136,26.0176],[82.9872,26.0254],[82.979,26.0146],[82.9708,26.0168],[82.9708,26.0204],[82.9646,26.0213],[82.9664,26.0158],[82.9274,26.0252],[82.9231,26.0175],[82.9159,26.0152],[82.9026,26.0229],[82.8868,26.0178],[82.8832,26.0396]]]}},{"type":"Feature","properties":{"ac_name":"FATEHPUR","ac_no":240,"ac_category":"GEN","st_name":"UTTAR PRADESH"},"geometry":{"type":"Polygon","coordinates":[[[80.8746,26.0546],[80.8559,26.0408],[80.8406,26.0216],[80.8309,26.0187],[80.8228,26.0214],[80.8187,25.9927],[80.8134,25.9851],[80.7993,25.9842],[80.8023,25.9644],[80.7904,25.9667],[80.7792,25.9445],[80.7663,25.9359],[80.7729,25.9278],[80.7669,25.9136],[80.7601,25.9155],[80.7652,25.9096],[80.7585,25.8911],[80.7611,25.8723],[80.7798,25.8624],[80.7972,25.8606],[80.796,25.8502],[80.8255,25.8255],[80.8139,25.8034],[80.8197,25.7916],[80.8359,25.7894],[80.8466,25.8005],[80.8608,25.7939],[80.8761,25.7982],[80.8867,25.788],[80.8972,25.7896],[80.9014,25.795],[80.9135,25.7928],[80.9188,25.7824],[80.9282,25.7821],[80.9176,25.7676],[80.9187,25.7624],[80.9284,25.7576],[80.9284,25.7504],[80.939,25.7495],[80.9448,25.7571],[80.9568,25.7564],[80.9805,25.7355],[80.9956,25.7332],[81.0018,25.7408],[81.0148,25.7396],[81.0131,25.7557],[81.0186,25.7655],[80.9968,25.7772],[80.9964,25.7858],[81.0109,25.8035],[81.0387,25.804],[81.029,25.8152],[81.0366,25.8328],[81.0243,25.8415],[81.0209,25.8499],[81.0237,25.86],[81.0353,25.8711],[81.0286,25.8829],[81.0402,25.9021],[81.0432,25.9224],[81.0389,25.9281],[81.0287,25.926],[81.022,25.9422],[81.0032,25.9482],[80.9914,25.9631],[80.9653,25.9511],[80.9568,25.9583],[80.9253,25.9633],[80.9102,25.9626],[80.9072,25.9544],[80.8979,25.9563],[80.8944,25.9601],[80.9036,25.9704],[80.9012,25.9752],[80.9164,25.9839],[80.9128,25.9897],[80.9159,25.9946],[80.9059,26.0036],[80.9051,26.0141],[80.878,26.0328],[80.8746,26.0546]]]}},{"type":"Feature","properties":{"ac_name":"BISHWAVNATHGANJ","ac_no":247,"ac_category":"GEN","st_name":"UTTAR PRADESH"},"geometry":{"type":"Polygon","coordinates":[[[81.8179,26.0411],[81.803,26.0471],[81.7949,26.0272],[81.7849,26.0279],[81.7752,26.0337],[81.7666,26.0545],[81.738,26.054],[81.7255,26.0453],[81.733,26.0301],[81.7276,26.0225],[81.7153,26.0192],[81.7094,26.0091],[81.7142,26.0028],[81.7238,26.0019],[81.7131,25.9906],[81.7266,25.9766],[81.7254,25.958],[81.7337,25.9545],[81.735,25.942],[81.7435,25.9347],[81.7421,25.9254],[81.7288,25.928],[81.7372,25.9004],[81.733,25.8927],[81.7408,25.8898],[81.7415,25.8836],[81.7517,25.8818],[81.7555,25.8481],[81.7676,25.8367],[81.7622,25.8225],[81.7777,25.8169],[81.7824,25.802],[81.7801,25.7952],[81.7648,25.785],[81.7678,25.7625],[81.7555,25.7627],[81.7774,25.7441],[81.788,25.7501],[81.7976,25.75],[81.8241,25.7418],[81.8192,25.7261],[81.839,25.7261],[81.8428,25.7313],[81.862,25.717],[81.867,25.7248],[81.8786,25.7208],[81.878,25.7161],[81.8851,25.7118],[81.891,25.7188],[81.9046,25.7138],[81.9147,25.7156],[81.914,25.7233],[81.9188,25.7249],[81.9205,25.7376],[81.9303,25.7531],[81.9454,25.7735],[81.946,25.7897],[81.955,25.7914],[81.9583,25.7998],[81.9687,25.8006],[81.9768,25.8212],[81.9832,25.8219],[81.9876,25.8426],[81.9829,25.8532],[81.9703,25.8619],[81.9658,25.8893],[81.9485,25.8989],[81.9556,25.9027],[81.9549,25.9076],[81.939,25.9095],[81.9338,25.9236],[81.9253,25.9054],[81.9164,25.9092],[81.9103,25.8948],[81.9,25.8947],[81.8967,25.9043],[81.9,25.925],[81.8948,25.9379],[81.8982,25.9439],[81.8912,25.9443],[81.8812,25.9621],[81.8697,25.9948],[81.8526,26.0019],[81.8714,26.0179],[81.8677,26.0251],[81.8578,26.0249],[81.8579,26.0463],[81.8291,26.0374],[81.8179,26.0411]]]}},{"type":"Feature","properties":{"ac_name":"JAUNPUR","ac_no":366,"ac_category":"GEN","st_name":"UTTAR PRADESH"},"geometry":{"type":"Polygon","coordinates":[[[82.7255,25.9937],[82.7228,25.9897],[82.7107,25.9901],[82.7022,26.0046],[82.6901,25.9993],[82.6815,26.0027],[82.6832,26.0164],[82.6759,26.0221],[82.679,26.0292],[82.6867,26.0322],[82.6843,26.0393],[82.6749,26.04],[82.6756,26.0473],[82.6671,26.052],[82.6631,26.0484],[82.6648,26.0384],[82.6487,26.0387],[82.6463,26.0294],[82.6522,26.0266],[82.6493,26.0155],[82.6251,26.0127],[82.6178,26.0163],[82.6163,26.0055],[82.6312,26.0019],[82.6271,25.9989],[82.6306,25.99],[82.6244,25.9829],[82.6067,25.9822],[82.6036,25.9937],[82.5959,25.9938],[82.5951,25.9856],[82.6032,25.981],[82.5993,25.9752],[82.6049,25.9692],[82.6006,25.9422],[82.6047,25.9419],[82.6021,25.9367],[82.6071,25.9248],[82.6023,25.9191],[82.5962,25.9238],[82.5933,25.9203],[82.5753,25.9223],[82.5737,25.912],[82.5792,25.9095],[82.5823,25.9088],[82.5873,25.9081],[82.5885,25.8888],[82.6148,25.881],[82.6261,25.8713],[82.6181,25.8689],[82.6164,25.861],[82.6317,25.8641],[82.6376,25.8569],[82.6474,25.857],[82.648,25.8366],[82.644,25.831],[82.6523,25.8141],[82.6491,25.8049],[82.6398,25.8077],[82.6365,25.8024],[82.6371,25.7861],[82.6428,25.7878],[82.6619,25.7691],[82.6711,25.7698],[82.6816,25.7819],[82.6897,25.7753],[82.6938,25.7776],[82.7076,25.772],[82.7116,25.7675],[82.7068,25.7628],[82.7154,25.7598],[82.7046,25.7485],[82.7154,25.7462],[82.7145,25.7425],[82.7432,25.7455],[82.7583,25.7706],[82.7522,25.7735],[82.7527,25.7869],[82.748,25.7887],[82.7508,25.7918],[82.7473,25.7974],[82.7559,25.8099],[82.747,25.8223],[82.7497,25.831],[82.7592,25.8364],[82.7548,25.8378],[82.7649,25.8523],[82.7628,25.8688],[82.7732,25.8821],[82.765,25.8837],[82.7663,25.8947],[82.763,25.8954],[82.7742,25.8961],[82.7558,25.9257],[82.7585,25.932],[82.7507,25.9361],[82.7444,25.9661],[82.735,25.972],[82.7255,25.9937]]]}},{"type":"Feature","properties":{"ac_name":"MAU","ac_no":356,"ac_category":"GEN","st_name":"UTTAR PRADESH"},"geometry":{"type":"Polygon","coordinates":[[[83.6778,26.0218],[83.6284,26.0307],[83.6204,26.0253],[83.6237,26.0195],[83.6211,26.0107],[83.6322,26.0065],[83.6502,26.008],[83.6453,25.9907],[83.6547,25.9981],[83.6648,25.9905],[83.661,25.9828],[83.629,25.9689],[83.624,25.957],[83.6434,25.9501],[83.6427,25.9446],[83.6363,25.947],[83.6131,25.9398],[83.6077,25.9293],[83.6012,25.9328],[83.5935,25.9303],[83.5952,25.9457],[83.5874,25.9592],[83.5931,25.9728],[83.5839,25.9725],[83.5833,25.9799],[83.5762,25.9825],[83.575,25.9755],[83.5642,25.9693],[83.5591,25.9909],[83.5353,25.9893],[83.525,25.982],[83.5261,25.9774],[83.5062,25.9671],[83.5069,25.9558],[83.499,25.9461],[83.4967,25.9247],[83.4855,25.9098],[83.4778,25.9063],[83.4752,25.9102],[83.4729,25.9043],[83.4648,25.9031],[83.4531,25.8857],[83.4584,25.883],[83.4508,25.8683],[83.4583,25.8636],[83.4533,25.8589],[83.4634,25.8568],[83.4605,25.8501],[83.4621,25.8497],[83.4788,25.8397],[83.4855,25.8448],[83.487,25.8556],[83.4972,25.858],[83.4983,25.8638],[83.5086,25.8683],[83.5386,25.8645],[83.5529,25.8674],[83.5956,25.8844],[83.6039,25.8798],[83.6115,25.8829],[83.6154,25.875],[83.6245,25.8751],[83.6307,25.8693],[83.6364,25.8933],[83.643,25.8934],[83.6418,25.899],[83.6457,25.9001],[83.6636,25.8895],[83.6673,25.8801],[83.6837,25.8747],[83.6851,25.8706],[83.6977,25.8713],[83.7015,25.8637],[83.7228,25.8697],[83.7273,25.8644],[83.7176,25.856],[83.7312,25.8571],[83.7437,25.8675],[83.7456,25.8826],[83.768,25.9025],[83.7811,25.9057],[83.7965,25.923],[83.7964,25.9312],[83.7846,25.9333],[83.7855,25.945],[83.7817,25.9485],[83.7958,25.9842],[83.7935,25.9895],[83.7829,25.9863],[83.7755,25.9782],[83.7727,25.9813],[83.778,25.9932],[83.7724,26.0019],[83.7586,25.9981],[83.7387,26.0069],[83.7105,26.0114],[83.7022,26.0051],[83.694,26.0061],[83.6778,26.0218]]]}},{"type":"Feature","properties":{"ac_name":"BANSDIH","ac_no":362,"ac_category":"GEN","st_name":"UTTAR PRADESH"},"geometry":{"type":"Polygon","coordinates":[[[84.1825,25.9949],[84.178,25.9857],[84.1824,25.9782],[84.1782,25.9754],[84.1809,25.966],[84.1775,25.9578],[84.1698,25.9554],[84.1533,25.9597],[84.1476,25.9502],[84.1516,25.9417],[84.1384,25.9369],[84.1471,25.931],[84.1487,25.9231],[84.1447,25.92],[84.1386,25.9264],[84.1219,25.9203],[84.1256,25.91],[84.1087,25.8984],[84.1024,25.881],[84.1146,25.8721],[84.1145,25.8569],[84.0951,25.8624],[84.0663,25.8312],[84.0777,25.8307],[84.0887,25.8226],[84.094,25.8289],[84.1021,25.825],[84.1132,25.8203],[84.1599,25.8252],[84.1655,25.8417],[84.1735,25.8448],[84.1929,25.8407],[84.202,25.8343],[84.2024,25.8314],[84.1842,25.8311],[84.1999,25.822],[84.211,25.8208],[84.2083,25.8115],[84.2117,25.8065],[84.2172,25.8078],[84.2241,25.8026],[84.243,25.8118],[84.2932,25.7764],[84.3064,25.7763],[84.3062,25.7815],[84.3163,25.791],[84.3295,25.7855],[84.3585,25.7872],[84.3711,25.7865],[84.382,25.812],[84.3917,25.8212],[84.384,25.8267],[84.3862,25.8475],[84.3755,25.8619],[84.3719,25.8797],[84.3759,25.8948],[84.3585,25.9015],[84.3599,25.9114],[84.3534,25.9167],[84.3634,25.9356],[84.384,25.9394],[84.3541,25.9588],[84.3119,25.9438],[84.2969,25.9452],[84.2823,25.9588],[84.2449,25.9758],[84.2393,25.9851],[84.2073,25.9991],[84.1963,25.9879],[84.1825,25.9949]]]}},{"type":"Feature","properties":{"ac_name":"BADLAPUR","ac_no":364,"ac_category":"GEN","st_name":"UTTAR PRADESH"},"geometry":{"type":"Polygon","coordinates":[[[82.4984,25.9749],[82.4871,25.9743],[82.475,26.0007],[82.4349,26.0067],[82.4223,25.9946],[82.4344,25.9882],[82.4314,25.9833],[82.4233,25.9848],[82.4013,25.9742],[82.395,25.9787],[82.3676,25.9822],[82.3603,25.9638],[82.3479,25.9631],[82.344,25.9569],[82.3541,25.9539],[82.3525,25.9505],[82.3623,25.9397],[82.37,25.9431],[82.3785,25.9319],[82.391,25.9339],[82.3852,25.9206],[82.393,25.9154],[82.3919,25.9085],[82.372,25.913],[82.3556,25.9052],[82.3452,25.9149],[82.332,25.8995],[82.3105,25.9009],[82.2946,25.8915],[82.2886,25.8785],[82.2935,25.869],[82.2786,25.8491],[82.279,25.8432],[82.2677,25.8482],[82.2584,25.8366],[82.2471,25.8334],[82.2242,25.8413],[82.2166,25.8419],[82.2158,25.8378],[82.2065,25.8285],[82.2094,25.8233],[82.2037,25.8225],[82.2311,25.8069],[82.2718,25.8069],[82.2879,25.803],[82.2872,25.8123],[82.2997,25.8096],[82.3073,25.8235],[82.3157,25.8198],[82.3172,25.8121],[82.3346,25.7947],[82.3522,25.8022],[82.3545,25.7983],[82.3493,25.7931],[82.3573,25.7819],[82.3646,25.7891],[82.3831,25.7929],[82.4512,25.7916],[82.4445,25.8018],[82.4276,25.8105],[82.4247,25.8236],[82.4283,25.8265],[82.4378,25.8225],[82.4512,25.8444],[82.4654,25.8375],[82.4791,25.8449],[82.4964,25.8419],[82.5229,25.8304],[82.528,25.8503],[82.5378,25.8594],[82.5472,25.8605],[82.5542,25.8563],[82.5624,25.8601],[82.5891,25.8531],[82.5925,25.8603],[82.5808,25.875],[82.5803,25.8896],[82.567,25.8951],[82.5656,25.9062],[82.5633,25.9167],[82.5474,25.9206],[82.5427,25.9279],[82.5693,25.9363],[82.5643,25.9611],[82.5197,25.9661],[82.509,25.9747],[82.4984,25.9749]]]}},{"type":"Feature","properties":{"ac_name":"RASARA","ac_no":358,"ac_category":"GEN","st_name":"UTTAR PRADESH"},"geometry":{"type":"Polygon","coordinates":[[[83.9466,25.9861],[83.9258,25.9864],[83.9212,25.9817],[83.9222,25.9746],[83.9111,25.9656],[83.9013,25.9644],[83.886,25.973],[83.8879,25.9631],[83.9006,25.9608],[83.8937,25.9535],[83.866,25.9546],[83.859,25.9591],[83.839,25.9579],[83.8233,25.9422],[83.7934,25.9372],[83.7964,25.9312],[83.7965,25.923],[83.7811,25.9057],[83.768,25.9025],[83.7456,25.8826],[83.7437,25.8675],[83.7312,25.8571],[83.7285,25.8494],[83.7364,25.8482],[83.7362,25.8408],[83.7444,25.8575],[83.748,25.856],[83.7497,25.8356],[83.7654,25.826],[83.7699,25.8174],[83.7777,25.8137],[83.7866,25.8156],[83.784,25.8122],[83.7879,25.8085],[83.8001,25.8118],[83.7991,25.8035],[83.8203,25.7867],[83.8134,25.7817],[83.8148,25.7778],[83.8312,25.7866],[83.8332,25.7936],[83.8522,25.7862],[83.8571,25.7931],[83.854,25.7981],[83.8641,25.7923],[83.8664,25.7778],[83.878,25.7774],[83.8824,25.7644],[83.9007,25.7574],[83.9065,25.7664],[83.9159,25.761],[83.9099,25.7553],[83.9128,25.7493],[83.9248,25.7591],[83.9241,25.7672],[83.939,25.7642],[83.9362,25.7604],[83.9409,25.7595],[83.9573,25.7737],[83.974,25.7723],[83.977,25.7872],[83.9926,25.7932],[83.9869,25.7989],[83.9925,25.8164],[84.0062,25.8085],[84.0113,25.82],[84.0256,25.8248],[84.0244,25.8361],[84.0459,25.8309],[84.0424,25.8376],[84.0483,25.846],[84.0405,25.8503],[84.0409,25.8624],[84.0261,25.872],[84.0149,25.897],[83.9851,25.8958],[83.9599,25.9006],[83.961,25.9271],[83.9694,25.9427],[83.9579,25.9512],[83.9549,25.9611],[83.9648,25.9796],[83.9591,25.9774],[83.9466,25.9861]]]}},{"type":"Feature","properties":{"ac_name":"GARAUTHA","ac_no":225,"ac_category":"GEN","st_name":"UTTAR PRADESH"},"geometry":{"type":"Polygon","coordinates":[[[79.0842,25.9173],[79.0462,25.9286],[79.0382,25.9363],[79.0261,25.9356],[79.0193,25.9399],[79.0061,25.9328],[78.9768,25.9462],[78.9688,25.9359],[78.9523,25.9479],[78.9363,25.9523],[78.9331,25.9486],[78.9377,25.9421],[78.9267,25.9467],[78.9085,25.9352],[78.8974,25.9172],[78.8849,25.9145],[78.8832,25.9089],[78.894,25.8948],[78.8857,25.8835],[78.8912,25.8799],[78.8864,25.8676],[78.8751,25.8755],[78.8635,25.8716],[78.8501,25.853],[78.851,25.8376],[78.8616,25.8426],[78.8638,25.8356],[78.872,25.8353],[78.8685,25.8089],[78.8722,25.8081],[78.8719,25.801],[78.8663,25.793],[78.8574,25.7916],[78.8468,25.8001],[78.8433,25.8233],[78.8181,25.8291],[78.8057,25.8134],[78.8142,25.8071],[78.8197,25.8158],[78.8279,25.8142],[78.8329,25.8095],[78.829,25.7958],[78.8082,25.8015],[78.7877,25.7728],[78.7831,25.759],[78.7742,25.7603],[78.77,25.7483],[78.7589,25.7542],[78.7526,25.7504],[78.7559,25.7296],[78.763,25.7204],[78.8,25.7048],[78.7954,25.6971],[78.8043,25.6926],[78.8167,25.6759],[78.819,25.6449],[78.8362,25.633],[78.8392,25.6379],[78.8433,25.6369],[78.8455,25.6272],[78.8677,25.6234],[78.8711,25.6248],[78.8714,25.6398],[78.8933,25.6206],[78.8844,25.6133],[78.8978,25.6122],[78.9179,25.5989],[78.9509,25.6159],[78.965,25.635],[78.9841,25.6401],[79.0128,25.661],[79.029,25.6626],[79.0415,25.6929],[79.0624,25.6871],[79.0793,25.6702],[79.0898,25.6781],[79.1123,25.6649],[79.1354,25.6731],[79.1411,25.6571],[79.1368,25.651],[79.1576,25.6457],[79.1591,25.6336],[79.1533,25.6137],[79.1404,25.6077],[79.1343,25.5853],[79.154,25.5695],[79.1808,25.5733],[79.1962,25.5627],[79.2005,25.5522],[79.2116,25.5559],[79.1963,25.5358],[79.2019,25.5348],[79.1997,25.5296],[79.2067,25.5286],[79.2084,25.5204],[79.2225,25.5173],[79.2231,25.5137],[79.2116,25.5094],[79.2396,25.5071],[79.2402,25.4966],[79.2315,25.4814],[79.2385,25.4757],[79.234,25.4624],[79.2399,25.4648],[79.2597,25.451],[79.2472,25.4387],[79.2296,25.4571],[79.222,25.4358],[79.2086,25.4186],[79.2072,25.4015],[79.1937,25.4016],[79.1968,25.3977],[79.1906,25.373],[79.1974,25.3706],[79.2053,25.3811],[79.2331,25.3737],[79.2436,25.3796],[79.2944,25.3581],[79.3032,25.3825],[79.3115,25.3855],[79.3228,25.4012],[79.3406,25.4027],[79.3328,25.4337],[79.3554,25.4552],[79.3671,25.4604],[79.3689,25.4677],[79.3621,25.4851],[79.3848,25.5057],[79.3892,25.523],[79.4076,25.5312],[79.4107,25.5381],[79.3976,25.5647],[79.4195,25.5749],[79.412,25.5811],[79.3943,25.5736],[79.3862,25.5759],[79.3687,25.6032],[79.3748,25.6215],[79.3622,25.6272],[79.3552,25.6439],[79.3661,25.6528],[79.3834,25.646],[79.3963,25.645],[79.4026,25.6491],[79.3975,25.6594],[79.3779,25.664],[79.387,25.6835],[79.3727,25.6923],[79.3687,25.7013],[79.3708,25.7153],[79.3917,25.7267],[79.3997,25.7369],[79.3915,25.7435],[79.3765,25.7442],[79.3751,25.7626],[79.3582,25.7687],[79.37,25.7753],[79.3932,25.7744],[79.4022,25.7868],[79.3961,25.7955],[79.3757,25.7837],[79.3531,25.7904],[79.3329,25.7695],[79.3242,25.7663],[79.2921,25.7836],[79.2905,25.7965],[79.3022,25.8008],[79.2922,25.8203],[79.279,25.8128],[79.272,25.7967],[79.2629,25.7893],[79.2431,25.8064],[79.2118,25.7887],[79.1893,25.8033],[79.1669,25.8071],[79.1639,25.812],[79.1348,25.809],[79.1151,25.8243],[79.1224,25.8329],[79.1255,25.8463],[79.1207,25.8478],[79.1267,25.8639],[79.1176,25.8662],[79.1149,25.8573],[79.1056,25.8553],[79.0961,25.8625],[79.1056,25.8765],[79.1071,25.8914],[79.0874,25.8867],[79.0775,25.8902],[79.0717,25.8714],[79.0761,25.8618],[79.0654,25.8559],[79.0383,25.8683],[79.0433,25.8791],[79.033,25.8861],[79.0287,25.8998],[79.0316,25.904],[79.0467,25.9001],[79.0449,25.8967],[79.0531,25.8926],[79.0562,25.9077],[79.0796,25.9047],[79.0842,25.9173]]]}},{"type":"Feature","properties":{"ac_name":"MEHNAGAR","ac_no":352,"ac_category":"SC","st_name":"UTTAR PRADESH"},"geometry":{"type":"Polygon","coordinates":[[[83.1159,25.9637],[83.1114,25.9647],[83.0932,25.9647],[83.0934,25.9586],[83.0789,25.9616],[83.077,25.9569],[83.0604,25.9603],[83.0444,25.9492],[83.0285,25.9542],[83.0107,25.9468],[83.0079,25.9299],[82.9809,25.9338],[82.9757,25.9227],[82.9832,25.9156],[82.9908,25.9146],[82.9985,25.922],[83.0092,25.9193],[83.0077,25.9135],[83.0346,25.91],[83.0431,25.8827],[83.0526,25.8817],[83.0574,25.8951],[83.0703,25.901],[83.078,25.9004],[83.0874,25.8919],[83.0902,25.8768],[83.0759,25.8765],[83.0725,25.8683],[83.0656,25.868],[83.0513,25.8559],[83.0358,25.855],[83.0334,25.8461],[83.0355,25.8345],[83.0512,25.8308],[83.0616,25.8351],[83.0682,25.8233],[83.0746,25.8219],[83.0767,25.8137],[83.0861,25.8092],[83.0859,25.8033],[83.1004,25.8017],[83.1181,25.7896],[83.1049,25.7702],[83.1122,25.7634],[83.1265,25.7656],[83.1303,25.7608],[83.1138,25.7512],[83.1186,25.7496],[83.1187,25.7388],[83.107,25.733],[83.1042,25.7247],[83.0794,25.725],[83.0824,25.7108],[83.0771,25.7047],[83.083,25.6896],[83.0881,25.6846],[83.0944,25.6897],[83.1033,25.6831],[83.1025,25.6731],[83.1071,25.669],[83.0947,25.6651],[83.0984,25.6577],[83.1213,25.6545],[83.1357,25.6407],[83.1483,25.6358],[83.1534,25.6383],[83.1525,25.6494],[83.1474,25.6541],[83.1504,25.659],[83.1589,25.6648],[83.1716,25.6625],[83.172,25.6728],[83.1821,25.6721],[83.1874,25.6772],[83.1863,25.6886],[83.1913,25.6999],[83.1985,25.7043],[83.2273,25.7011],[83.2404,25.7069],[83.2292,25.725],[83.2143,25.7314],[83.2197,25.7459],[83.2184,25.7594],[83.2255,25.7605],[83.2329,25.7685],[83.246,25.7653],[83.2472,25.7709],[83.2692,25.7774],[83.2704,25.7727],[83.2759,25.7757],[83.2803,25.7589],[83.2844,25.7625],[83.2833,25.7563],[83.3031,25.7555],[83.304,25.7644],[83.2988,25.7667],[83.3053,25.7696],[83.3052,25.7862],[83.3137,25.7877],[83.3202,25.7958],[83.3175,25.8067],[83.3233,25.8145],[83.3387,25.8107],[83.3456,25.8146],[83.3436,25.8204],[83.3538,25.8198],[83.3533,25.8278],[83.341,25.8305],[83.3251,25.8419],[83.3158,25.8396],[83.3242,25.8492],[83.3136,25.8574],[83.3047,25.8575],[83.3065,25.8623],[83.2915,25.8615],[83.2823,25.8715],[83.2724,25.868],[83.2693,25.8778],[83.265,25.8764],[83.2638,25.8636],[83.2432,25.8555],[83.2307,25.8595],[83.2306,25.867],[83.2223,25.8711],[83.2239,25.8799],[83.1971,25.8783],[83.1866,25.8891],[83.1865,25.8954],[83.1746,25.9012],[83.1776,25.909],[83.1861,25.9111],[83.1868,25.9187],[83.1808,25.9205],[83.1807,25.9378],[83.1726,25.9432],[83.1496,25.9406],[83.1372,25.9451],[83.1256,25.9387],[83.1159,25.9637]],[[83.2173,25.7623],[83.2114,25.7629],[83.2081,25.7583],[83.189,25.7663],[83.1942,25.7788],[83.2041,25.7706],[83.2137,25.7723],[83.2187,25.7683],[83.2173,25.7623]]]}},{"type":"Feature","properties":{"ac_name":"BAIRIA","ac_no":363,"ac_category":"GEN","st_name":"UTTAR PRADESH"},"geometry":{"type":"Polygon","coordinates":[[[84.384,25.9394],[84.3634,25.9356],[84.3534,25.9167],[84.3599,25.9114],[84.3585,25.9015],[84.3759,25.8948],[84.3719,25.8797],[84.3755,25.8619],[84.3862,25.8475],[84.384,25.8267],[84.3917,25.8212],[84.382,25.812],[84.3711,25.7865],[84.3585,25.7872],[84.3607,25.7519],[84.3736,25.7442],[84.3778,25.7394],[84.3847,25.7477],[84.3936,25.7442],[84.3845,25.7329],[84.3998,25.7295],[84.4065,25.7161],[84.4009,25.7084],[84.4066,25.6986],[84.4277,25.6938],[84.4296,25.7119],[84.4435,25.7086],[84.4536,25.7146],[84.4528,25.7096],[84.4628,25.7104],[84.4625,25.6979],[84.4684,25.6986],[84.466,25.6917],[84.471,25.6873],[84.4939,25.6911],[84.4922,25.6766],[84.4995,25.6748],[84.5076,25.6821],[84.5166,25.6771],[84.5205,25.6754],[84.5289,25.6827],[84.5345,25.7244],[84.5397,25.7268],[84.5352,25.6907],[84.5511,25.6859],[84.5569,25.6797],[84.5619,25.6859],[84.5642,25.715],[84.5602,25.7371],[84.6005,25.7384],[84.6112,25.7311],[84.6347,25.728],[84.6254,25.7476],[84.6029,25.762],[84.6062,25.7613],[84.6074,25.7714],[84.6135,25.7758],[84.6236,25.7708],[84.6248,25.7919],[84.608,25.805],[84.5816,25.8251],[84.5509,25.8408],[84.5485,25.8286],[84.5305,25.8316],[84.5308,25.8535],[84.5232,25.8603],[84.5335,25.8641],[84.5432,25.8599],[84.5339,25.8764],[84.5108,25.8718],[84.4897,25.8882],[84.4724,25.8818],[84.4602,25.8896],[84.4545,25.8878],[84.4276,25.8913],[84.429,25.8976],[84.4119,25.9308],[84.384,25.9394]]]}},{"type":"Feature","properties":{"ac_name":"LALGANJ","ac_no":351,"ac_category":"SC","st_name":"UTTAR PRADESH"},"geometry":{"type":"Polygon","coordinates":[[[82.9809,25.9338],[82.9779,25.9383],[82.9624,25.9325],[82.9604,25.9509],[82.9516,25.9502],[82.9416,25.9407],[82.9317,25.9431],[82.9138,25.9076],[82.8884,25.9076],[82.8773,25.8902],[82.8769,25.8766],[82.887,25.8672],[82.8891,25.8363],[82.8816,25.8353],[82.8665,25.8423],[82.8636,25.8495],[82.8396,25.8529],[82.8154,25.8279],[82.8124,25.8122],[82.8056,25.8056],[82.8063,25.7882],[82.821,25.7824],[82.8213,25.7735],[82.8274,25.7689],[82.8446,25.7665],[82.8668,25.772],[82.89,25.7693],[82.8985,25.7737],[82.9271,25.7568],[82.9207,25.7401],[82.9236,25.7297],[82.9324,25.7283],[82.9313,25.7227],[82.9419,25.7056],[82.9583,25.7046],[82.9802,25.6791],[82.9985,25.6836],[82.9986,25.6978],[83.0036,25.7007],[83,25.704],[83.0089,25.715],[83.0187,25.7056],[83.0311,25.7052],[83.0332,25.6976],[83.0435,25.7021],[83.0409,25.6913],[83.0524,25.6891],[83.0564,25.6831],[83.0717,25.6859],[83.0788,25.683],[83.0773,25.6718],[83.0689,25.6689],[83.0623,25.6594],[83.0664,25.6523],[83.0867,25.6494],[83.0879,25.6583],[83.0984,25.6577],[83.0947,25.6651],[83.1071,25.669],[83.1025,25.6731],[83.1033,25.6831],[83.0944,25.6897],[83.0881,25.6846],[83.083,25.6896],[83.0771,25.7047],[83.0824,25.7108],[83.0794,25.725],[83.1042,25.7247],[83.107,25.733],[83.1187,25.7388],[83.1186,25.7496],[83.1138,25.7512],[83.1303,25.7608],[83.1265,25.7656],[83.1122,25.7634],[83.1049,25.7702],[83.1181,25.7896],[83.1004,25.8017],[83.0859,25.8033],[83.0861,25.8092],[83.0767,25.8137],[83.0746,25.8219],[83.0682,25.8233],[83.0616,25.8351],[83.0512,25.8308],[83.0355,25.8345],[83.0334,25.8461],[83.0358,25.855],[83.0513,25.8559],[83.0656,25.868],[83.0725,25.8683],[83.0759,25.8765],[83.0902,25.8768],[83.0874,25.8919],[83.078,25.9004],[83.0703,25.901],[83.0574,25.8951],[83.0526,25.8817],[83.0431,25.8827],[83.0346,25.91],[83.0077,25.9135],[83.0092,25.9193],[82.9985,25.922],[82.9908,25.9146],[82.9832,25.9156],[82.9757,25.9227],[82.9809,25.9338]]]}},{"type":"Feature","properties":{"ac_name":"RANIGANJ","ac_no":250,"ac_category":"GEN","st_name":"UTTAR PRADESH"},"geometry":{"type":"Polygon","coordinates":[[[82.2158,25.8378],[82.2053,25.8543],[82.1966,25.8534],[82.1912,25.8589],[82.1859,25.8524],[82.171,25.8553],[82.1579,25.8604],[82.1583,25.868],[82.1435,25.868],[82.1421,25.8708],[82.1475,25.8704],[82.1466,25.8796],[82.1281,25.8848],[82.1275,25.891],[82.1213,25.8898],[82.1173,25.8813],[82.1103,25.8875],[82.1045,25.8667],[82.0943,25.8649],[82.0986,25.8763],[82.0807,25.888],[82.0695,25.9258],[82.064,25.9343],[82.0699,25.942],[82.0519,25.9397],[82.0439,25.9498],[82.0282,25.9509],[82.0324,25.9442],[82.0289,25.9406],[82.0219,25.9408],[82.017,25.9478],[82.008,25.9411],[82.0219,25.9206],[82.02,25.902],[82.0111,25.8906],[82.042,25.8656],[82.0527,25.8383],[82.0453,25.8449],[82.0406,25.8386],[82.0303,25.8451],[82.023,25.8377],[82.0178,25.8462],[81.9829,25.8532],[81.9876,25.8426],[81.9832,25.8219],[81.9768,25.8212],[81.9687,25.8006],[81.9583,25.7998],[81.955,25.7914],[81.946,25.7897],[81.9454,25.7735],[81.9303,25.7531],[81.9361,25.7447],[81.9471,25.7399],[81.9629,25.7434],[81.9678,25.7377],[81.9793,25.7369],[81.9842,25.7481],[81.9942,25.7399],[82.021,25.7427],[82.0439,25.7201],[82.0451,25.7076],[82.0186,25.7035],[82.0119,25.6949],[82.0278,25.6949],[82.062,25.6828],[82.0677,25.6782],[82.0624,25.6567],[82.0872,25.6534],[82.0958,25.6601],[82.1151,25.6517],[82.1184,25.6576],[82.1261,25.6579],[82.1231,25.6761],[82.1269,25.6815],[82.1608,25.68],[82.1701,25.704],[82.1807,25.7008],[82.1869,25.7054],[82.1967,25.7421],[82.1868,25.7563],[82.1881,25.7626],[82.1974,25.7667],[82.1819,25.7731],[82.1835,25.7782],[82.173,25.7841],[82.1696,25.795],[82.1683,25.8007],[82.1813,25.8019],[82.1776,25.8098],[82.1809,25.8152],[82.1749,25.8246],[82.1778,25.8285],[82.188,25.831],[82.2037,25.8225],[82.2094,25.8233],[82.2065,25.8285],[82.2158,25.8378]]]}},{"type":"Feature","properties":{"ac_name":"RATH","ac_no":229,"ac_category":"SC","st_name":"UTTAR PRADESH"},"geometry":{"type":"Polygon","coordinates":[[[79.6238,25.9325],[79.6093,25.9302],[79.6041,25.9251],[79.6127,25.9064],[79.6107,25.897],[79.5979,25.8972],[79.5702,25.8837],[79.5359,25.8944],[79.5266,25.8937],[79.5218,25.8882],[79.5196,25.8788],[79.5244,25.8656],[79.5393,25.8608],[79.5598,25.8645],[79.5715,25.8534],[79.5511,25.8217],[79.5386,25.8211],[79.5256,25.8426],[79.4982,25.8578],[79.4695,25.8363],[79.4591,25.823],[79.4636,25.795],[79.4596,25.7892],[79.4415,25.7877],[79.4317,25.8017],[79.4192,25.8078],[79.4007,25.807],[79.3961,25.7955],[79.4022,25.7868],[79.3932,25.7744],[79.37,25.7753],[79.3582,25.7687],[79.3751,25.7626],[79.3765,25.7442],[79.3915,25.7435],[79.3997,25.7369],[79.3917,25.7267],[79.3708,25.7153],[79.3687,25.7013],[79.3727,25.6923],[79.387,25.6835],[79.3779,25.664],[79.3975,25.6594],[79.4026,25.6491],[79.3963,25.645],[79.3834,25.646],[79.3661,25.6528],[79.3552,25.6439],[79.3622,25.6272],[79.3748,25.6215],[79.3687,25.6032],[79.3862,25.5759],[79.3943,25.5736],[79.412,25.5811],[79.4195,25.5749],[79.3976,25.5647],[79.4107,25.5381],[79.4076,25.5312],[79.3892,25.523],[79.4089,25.5145],[79.4087,25.5102],[79.4156,25.512],[79.4283,25.5051],[79.4424,25.5112],[79.4637,25.5064],[79.4806,25.4924],[79.5218,25.4954],[79.5238,25.4864],[79.5304,25.4814],[79.5595,25.4889],[79.5626,25.4762],[79.5704,25.4781],[79.5779,25.4907],[79.5871,25.4917],[79.5956,25.4987],[79.6018,25.498],[79.6152,25.4822],[79.628,25.4873],[79.6595,25.4854],[79.6632,25.4913],[79.6588,25.5122],[79.6649,25.5132],[79.6595,25.5287],[79.6652,25.5396],[79.6579,25.5419],[79.6558,25.5482],[79.6657,25.5547],[79.6712,25.546],[79.6899,25.5478],[79.699,25.5534],[79.6919,25.5579],[79.6931,25.5613],[79.7101,25.5671],[79.742,25.547],[79.7402,25.5232],[79.754,25.517],[79.7616,25.5364],[79.7707,25.5173],[79.8035,25.505],[79.8027,25.499],[79.8118,25.4982],[79.8134,25.5015],[79.8273,25.5275],[79.8215,25.5387],[79.8229,25.5473],[79.856,25.5458],[79.8699,25.5758],[79.8916,25.5783],[79.8992,25.587],[79.9077,25.5942],[79.9349,25.5899],[79.9453,25.5942],[79.956,25.6085],[79.9431,25.6255],[79.9489,25.6363],[79.9457,25.6423],[79.9541,25.6619],[79.9736,25.6673],[79.9702,25.6697],[79.9765,25.6883],[79.9927,25.6979],[80.0018,25.7246],[80.0003,25.7346],[79.9898,25.7338],[79.9896,25.7386],[79.9794,25.7406],[79.9747,25.7507],[79.9792,25.765],[79.9905,25.777],[79.9876,25.7848],[79.9679,25.7904],[79.9655,25.8017],[79.9356,25.8151],[79.9417,25.8321],[79.9534,25.8436],[79.97,25.8506],[79.9821,25.8891],[79.9736,25.9019],[79.9631,25.9032],[79.9429,25.8805],[79.9196,25.867],[79.9083,25.8719],[79.8948,25.8879],[79.8706,25.882],[79.8618,25.8791],[79.839,25.885],[79.8244,25.9115],[79.8153,25.9144],[79.8088,25.9032],[79.8133,25.8752],[79.8005,25.8642],[79.786,25.8633],[79.7602,25.8789],[79.7477,25.9094],[79.7342,25.9133],[79.7099,25.9034],[79.6864,25.9296],[79.6728,25.9091],[79.6598,25.904],[79.6322,25.9305],[79.6238,25.9325]]]}},{"type":"Feature","properties":{"ac_name":"BABAGANJ","ac_no":245,"ac_category":"SC","st_name":"UTTAR PRADESH"},"geometry":{"type":"Polygon","coordinates":[[[81.733,25.8927],[81.7279,25.8898],[81.7174,25.8953],[81.7139,25.9064],[81.7033,25.9021],[81.6966,25.8936],[81.6844,25.9078],[81.6855,25.9177],[81.6693,25.9186],[81.6763,25.932],[81.6695,25.933],[81.6668,25.9422],[81.6541,25.944],[81.6375,25.9336],[81.633,25.9195],[81.6187,25.9184],[81.6091,25.9034],[81.6007,25.9048],[81.6021,25.9005],[81.5899,25.894],[81.5833,25.8818],[81.5795,25.8862],[81.5718,25.8814],[81.5613,25.8896],[81.5607,25.9003],[81.551,25.9026],[81.5462,25.9112],[81.5339,25.9081],[81.5311,25.9113],[81.5217,25.9022],[81.4965,25.9113],[81.497,25.904],[81.4878,25.9064],[81.4792,25.8888],[81.4648,25.894],[81.4603,25.904],[81.4455,25.8951],[81.4378,25.9036],[81.4394,25.9188],[81.4261,25.9181],[81.424,25.9088],[81.4188,25.9041],[81.415,25.9087],[81.4114,25.8965],[81.3993,25.8893],[81.3819,25.8845],[81.3746,25.8878],[81.3712,25.8966],[81.3619,25.888],[81.3731,25.8796],[81.3689,25.8667],[81.3478,25.8698],[81.3405,25.8653],[81.3326,25.8699],[81.325,25.8573],[81.3286,25.8493],[81.3355,25.8405],[81.3522,25.836],[81.3383,25.8107],[81.3614,25.7758],[81.3845,25.7742],[81.3938,25.7899],[81.4126,25.7831],[81.416,25.7862],[81.4229,25.7808],[81.4368,25.7813],[81.4384,25.7731],[81.4498,25.7755],[81.4496,25.7831],[81.4592,25.7874],[81.4635,25.7948],[81.4755,25.7955],[81.4786,25.8043],[81.4888,25.8102],[81.4992,25.7995],[81.5215,25.7932],[81.5337,25.7957],[81.5352,25.7866],[81.5429,25.7838],[81.5607,25.7304],[81.5651,25.7362],[81.5625,25.744],[81.5696,25.7457],[81.5703,25.7528],[81.578,25.7561],[81.5793,25.7499],[81.5851,25.7475],[81.6154,25.7781],[81.6315,25.7727],[81.6244,25.7557],[81.6431,25.7414],[81.6573,25.7501],[81.6648,25.7728],[81.689,25.7717],[81.7147,25.7835],[81.7192,25.777],[81.7133,25.7681],[81.727,25.7638],[81.7344,25.7897],[81.7465,25.7837],[81.7533,25.7923],[81.7648,25.785],[81.7801,25.7952],[81.7824,25.802],[81.7777,25.8169],[81.7622,25.8225],[81.7676,25.8367],[81.7555,25.8481],[81.7517,25.8818],[81.7415,25.8836],[81.7408,25.8898],[81.733,25.8927]]]}},{"type":"Feature","properties":{"ac_name":"AYAH SHAH","ac_no":241,"ac_category":"GEN","st_name":"UTTAR PRADESH"},"geometry":{"type":"Polygon","coordinates":[[[80.5682,25.8686],[80.5549,25.8659],[80.5476,25.8485],[80.5299,25.836],[80.4862,25.8369],[80.4695,25.833],[80.4656,25.8247],[80.4697,25.8123],[80.5233,25.7734],[80.5623,25.7838],[80.5753,25.7803],[80.5759,25.7556],[80.5549,25.734],[80.5669,25.7189],[80.6022,25.7106],[80.6525,25.7063],[80.6781,25.6963],[80.7162,25.6811],[80.7634,25.6847],[80.7816,25.6909],[80.8214,25.7203],[80.8372,25.7264],[80.8484,25.7185],[80.8577,25.6788],[80.8992,25.6814],[80.933,25.6925],[80.9463,25.6843],[80.9484,25.6688],[80.9566,25.6782],[80.9657,25.7026],[80.9763,25.7115],[80.9912,25.7142],[81.0123,25.7079],[81.0148,25.7396],[81.0018,25.7408],[80.9956,25.7332],[80.9805,25.7355],[80.9568,25.7564],[80.9448,25.7571],[80.939,25.7495],[80.9284,25.7504],[80.9284,25.7576],[80.9187,25.7624],[80.9176,25.7676],[80.9282,25.7821],[80.9188,25.7824],[80.9135,25.7928],[80.9014,25.795],[80.8972,25.7896],[80.8867,25.788],[80.8761,25.7982],[80.8608,25.7939],[80.8466,25.8005],[80.8359,25.7894],[80.8197,25.7916],[80.8139,25.8034],[80.8255,25.8255],[80.796,25.8502],[80.7972,25.8606],[80.7798,25.8624],[80.7611,25.8723],[80.7448,25.8662],[80.7145,25.9085],[80.6817,25.9118],[80.6637,25.902],[80.6419,25.9226],[80.6292,25.9028],[80.6188,25.8959],[80.6385,25.8754],[80.6291,25.8516],[80.5996,25.8523],[80.5682,25.8686]]]}},{"type":"Feature","properties":{"ac_name":"PHEPHANA","ac_no":360,"ac_category":"GEN","st_name":"UTTAR PRADESH"},"geometry":{"type":"Polygon","coordinates":[[[84.0388,25.9027],[84.0141,25.9121],[84.0149,25.897],[84.0261,25.872],[84.0409,25.8624],[84.0405,25.8503],[84.0483,25.846],[84.0424,25.8376],[84.0459,25.8309],[84.0244,25.8361],[84.0256,25.8248],[84.0113,25.82],[84.0062,25.8085],[83.9925,25.8164],[83.9869,25.7989],[83.9926,25.7932],[83.977,25.7872],[83.974,25.7723],[83.9573,25.7737],[83.9409,25.7595],[83.9496,25.7567],[83.9463,25.7504],[83.9534,25.7459],[83.9474,25.7405],[83.9604,25.7294],[83.9517,25.7211],[83.941,25.7235],[83.936,25.7082],[83.9522,25.7023],[83.9514,25.6855],[83.9624,25.6874],[83.9554,25.6763],[83.9476,25.6761],[83.9446,25.67],[83.9426,25.6576],[83.9368,25.6565],[83.9367,25.6426],[83.9206,25.6347],[83.9266,25.6184],[83.9363,25.6155],[83.9431,25.5917],[83.9413,25.5812],[83.9354,25.5812],[83.9306,25.5882],[83.927,25.5654],[83.93,25.5575],[83.9519,25.5675],[84.0175,25.6147],[84.0811,25.6362],[84.0834,25.6447],[84.0589,25.6575],[84.0577,25.6683],[84.0327,25.6709],[84.0527,25.6787],[84.0274,25.6828],[84.0257,25.6923],[84.0193,25.6931],[84.0197,25.7001],[84.0138,25.7028],[84.0224,25.7153],[84.0118,25.7121],[84.022,25.7244],[84.0429,25.7243],[84.0443,25.727],[84.027,25.7312],[84.0315,25.7367],[84.0178,25.7451],[84.0257,25.7458],[84.0257,25.7533],[84.0347,25.7602],[84.0439,25.7607],[84.0461,25.768],[84.0567,25.7658],[84.0615,25.7722],[84.0847,25.7771],[84.0814,25.7832],[84.0884,25.7864],[84.0842,25.7959],[84.0913,25.799],[84.0938,25.7929],[84.0984,25.7974],[84.0917,25.803],[84.0906,25.8127],[84.0995,25.8136],[84.1021,25.825],[84.094,25.8289],[84.0887,25.8226],[84.0777,25.8307],[84.0663,25.8312],[84.0951,25.8624],[84.1145,25.8569],[84.1146,25.8721],[84.1024,25.881],[84.1049,25.8932],[84.1014,25.9011],[84.049,25.9095],[84.0388,25.9027]]]}},{"type":"Feature","properties":{"ac_name":"TINDWARI","ac_no":232,"ac_category":"GEN","st_name":"UTTAR PRADESH"},"geometry":{"type":"Polygon","coordinates":[[[80.3457,25.9],[80.3514,25.871],[80.34,25.8658],[80.3296,25.8447],[80.2968,25.8461],[80.287,25.8399],[80.2975,25.8242],[80.2856,25.8149],[80.2759,25.8205],[80.2594,25.8076],[80.2508,25.8124],[80.2319,25.799],[80.2705,25.7829],[80.2679,25.7777],[80.2723,25.7704],[80.293,25.7695],[80.3198,25.7511],[80.3281,25.7321],[80.3456,25.7203],[80.3506,25.704],[80.3242,25.7122],[80.3086,25.7019],[80.3054,25.6815],[80.3169,25.6655],[80.3189,25.6511],[80.3146,25.6422],[80.3024,25.6336],[80.2787,25.6266],[80.2793,25.6212],[80.294,25.609],[80.2802,25.5855],[80.2687,25.585],[80.255,25.5918],[80.2329,25.5585],[80.2177,25.5599],[80.2138,25.5542],[80.2078,25.5296],[80.2244,25.5266],[80.2192,25.5136],[80.2254,25.5097],[80.223,25.4953],[80.2116,25.4941],[80.2268,25.4723],[80.213,25.4683],[80.2082,25.4832],[80.2032,25.4843],[80.1944,25.4649],[80.1978,25.4503],[80.1931,25.4431],[80.1438,25.4587],[80.1381,25.4344],[80.1172,25.4075],[80.1338,25.4051],[80.1401,25.411],[80.1523,25.4057],[80.1523,25.4006],[80.1502,25.3954],[80.1324,25.3985],[80.1306,25.3848],[80.1409,25.3821],[80.1383,25.3775],[80.1264,25.3804],[80.1201,25.3636],[80.1045,25.3496],[80.1267,25.3404],[80.1311,25.3344],[80.1469,25.3558],[80.1669,25.364],[80.1685,25.377],[80.1946,25.3781],[80.1956,25.402],[80.2021,25.414],[80.2073,25.4115],[80.2055,25.4051],[80.2207,25.397],[80.2362,25.4079],[80.2484,25.403],[80.254,25.4012],[80.2641,25.4242],[80.2885,25.4171],[80.2944,25.4106],[80.3182,25.4675],[80.355,25.466],[80.3538,25.4538],[80.3728,25.4467],[80.3832,25.4504],[80.3812,25.4444],[80.3867,25.4414],[80.3974,25.4465],[80.4022,25.4563],[80.4222,25.4571],[80.4309,25.4632],[80.4341,25.4515],[80.4403,25.453],[80.4371,25.4299],[80.4421,25.4245],[80.4475,25.4265],[80.4732,25.4633],[80.4936,25.4625],[80.5008,25.4784],[80.5113,25.5176],[80.5401,25.5451],[80.5521,25.5769],[80.5783,25.6019],[80.6272,25.6162],[80.6269,25.631],[80.6358,25.6562],[80.6423,25.6594],[80.6578,25.6542],[80.665,25.6567],[80.6623,25.6825],[80.6781,25.6963],[80.6525,25.7063],[80.6022,25.7106],[80.5669,25.7189],[80.5549,25.734],[80.5759,25.7556],[80.5753,25.7803],[80.5623,25.7838],[80.5233,25.7734],[80.4697,25.8123],[80.4656,25.8247],[80.4695,25.833],[80.4862,25.8369],[80.5299,25.836],[80.5476,25.8485],[80.5549,25.8659],[80.5451,25.8764],[80.5075,25.8807],[80.4834,25.8977],[80.4419,25.9079],[80.4053,25.9135],[80.3827,25.912],[80.3457,25.9]]]}},{"type":"Feature","properties":{"ac_name":"MALHANI","ac_no":367,"ac_category":"GEN","st_name":"UTTAR PRADESH"},"geometry":{"type":"Polygon","coordinates":[[[82.5823,25.9088],[82.5792,25.9095],[82.5656,25.9062],[82.567,25.8951],[82.5803,25.8896],[82.5808,25.875],[82.5925,25.8603],[82.5891,25.8531],[82.5624,25.8601],[82.5542,25.8563],[82.5472,25.8605],[82.5378,25.8594],[82.528,25.8503],[82.5229,25.8304],[82.4964,25.8419],[82.4791,25.8449],[82.4654,25.8375],[82.4512,25.8444],[82.4378,25.8225],[82.4283,25.8265],[82.4247,25.8236],[82.4276,25.8105],[82.4445,25.8018],[82.4512,25.7916],[82.458,25.7894],[82.4504,25.7724],[82.433,25.7725],[82.4262,25.7623],[82.4309,25.7522],[82.443,25.7445],[82.4504,25.7411],[82.4504,25.73],[82.4485,25.7117],[82.452,25.71],[82.4714,25.7111],[82.4938,25.7234],[82.5135,25.7275],[82.5188,25.722],[82.5147,25.7151],[82.5205,25.7065],[82.52,25.6967],[82.5359,25.6842],[82.5673,25.7135],[82.5725,25.708],[82.598,25.7052],[82.6102,25.6922],[82.6221,25.6901],[82.6483,25.6803],[82.6524,25.6674],[82.662,25.6465],[82.6685,25.6406],[82.6788,25.6393],[82.6816,25.638],[82.6802,25.6513],[82.6967,25.6579],[82.6932,25.669],[82.6988,25.674],[82.7061,25.6736],[82.7083,25.6863],[82.7158,25.6835],[82.7147,25.6873],[82.7315,25.6963],[82.7471,25.6944],[82.7488,25.7016],[82.7555,25.7034],[82.7409,25.7394],[82.7432,25.7455],[82.7145,25.7425],[82.7154,25.7462],[82.7046,25.7485],[82.7154,25.7598],[82.7068,25.7628],[82.7116,25.7675],[82.7076,25.772],[82.6938,25.7776],[82.6897,25.7753],[82.6816,25.7819],[82.6711,25.7698],[82.6619,25.7691],[82.6428,25.7878],[82.6371,25.7861],[82.6365,25.8024],[82.6398,25.8077],[82.6491,25.8049],[82.6523,25.8141],[82.644,25.831],[82.648,25.8366],[82.6474,25.857],[82.6376,25.8569],[82.6317,25.8641],[82.6164,25.861],[82.6181,25.8689],[82.6261,25.8713],[82.6148,25.881],[82.5885,25.8888],[82.5873,25.9081],[82.5823,25.9088]]]}},{"type":"Feature","properties":{"ac_name":"ZAHOORABAD","ac_no":377,"ac_category":"GEN","st_name":"UTTAR PRADESH"},"geometry":{"type":"Polygon","coordinates":[[[83.6457,25.9001],[83.6418,25.899],[83.643,25.8934],[83.6364,25.8933],[83.6307,25.8693],[83.6245,25.8751],[83.6154,25.875],[83.6115,25.8829],[83.6039,25.8798],[83.5956,25.8844],[83.5529,25.8674],[83.5535,25.8501],[83.5684,25.8169],[83.5864,25.8318],[83.598,25.8348],[83.5969,25.8287],[83.6025,25.8273],[83.6045,25.8201],[83.6112,25.8195],[83.6107,25.8039],[83.6373,25.8146],[83.6434,25.8057],[83.6578,25.8015],[83.6491,25.7777],[83.6351,25.7767],[83.6372,25.7588],[83.634,25.7546],[83.6431,25.7502],[83.6387,25.7358],[83.6451,25.7265],[83.6376,25.7061],[83.6416,25.7019],[83.6556,25.7076],[83.6637,25.7055],[83.6597,25.6914],[83.6472,25.6844],[83.6483,25.6779],[83.657,25.6743],[83.6531,25.6607],[83.6595,25.6532],[83.6699,25.6626],[83.69,25.6599],[83.6955,25.6714],[83.703,25.6675],[83.7192,25.6759],[83.723,25.6717],[83.7284,25.6743],[83.7229,25.6768],[83.7262,25.6844],[83.7206,25.6928],[83.7307,25.6893],[83.7346,25.6963],[83.7434,25.6937],[83.7481,25.6999],[83.7561,25.6966],[83.7591,25.6892],[83.7712,25.6957],[83.7846,25.6889],[83.786,25.7012],[83.8176,25.6875],[83.8274,25.6906],[83.8282,25.6961],[83.8359,25.6948],[83.8426,25.6859],[83.8483,25.6879],[83.8494,25.6821],[83.8302,25.6801],[83.8222,25.6737],[83.8239,25.6582],[83.8337,25.6688],[83.8702,25.6624],[83.8745,25.6712],[83.8808,25.6673],[83.8951,25.6689],[83.8995,25.6761],[83.9133,25.6805],[83.9216,25.6725],[83.9217,25.6815],[83.9335,25.6792],[83.9322,25.6895],[83.9368,25.6899],[83.9403,25.6888],[83.9403,25.6724],[83.9446,25.67],[83.9476,25.6761],[83.9554,25.6763],[83.9624,25.6874],[83.9514,25.6855],[83.9522,25.7023],[83.936,25.7082],[83.941,25.7235],[83.9517,25.7211],[83.9604,25.7294],[83.9474,25.7405],[83.9534,25.7459],[83.9463,25.7504],[83.9496,25.7567],[83.9409,25.7595],[83.9362,25.7604],[83.939,25.7642],[83.9241,25.7672],[83.9248,25.7591],[83.9128,25.7493],[83.9099,25.7553],[83.9159,25.761],[83.9065,25.7664],[83.9007,25.7574],[83.8824,25.7644],[83.878,25.7774],[83.8664,25.7778],[83.8641,25.7923],[83.854,25.7981],[83.8571,25.7931],[83.8522,25.7862],[83.8332,25.7936],[83.8312,25.7866],[83.8148,25.7778],[83.8134,25.7817],[83.8203,25.7867],[83.7991,25.8035],[83.8001,25.8118],[83.7879,25.8085],[83.784,25.8122],[83.7866,25.8156],[83.7777,25.8137],[83.7699,25.8174],[83.7654,25.826],[83.7497,25.8356],[83.748,25.856],[83.7444,25.8575],[83.7362,25.8408],[83.7364,25.8482],[83.7285,25.8494],[83.7312,25.8571],[83.7176,25.856],[83.7273,25.8644],[83.7228,25.8697],[83.7015,25.8637],[83.6977,25.8713],[83.6851,25.8706],[83.6837,25.8747],[83.6673,25.8801],[83.6636,25.8895],[83.6457,25.9001]]]}},{"type":"Feature","properties":{"ac_name":"JANGIPUR","ac_no":376,"ac_category":"SC","st_name":"UTTAR PRADESH"},"geometry":{"type":"Polygon","coordinates":[[[83.5529,25.8674],[83.5386,25.8645],[83.5086,25.8683],[83.4983,25.8638],[83.4972,25.858],[83.487,25.8556],[83.4855,25.8448],[83.4788,25.8397],[83.4739,25.8275],[83.4822,25.8171],[83.4704,25.799],[83.481,25.786],[83.4719,25.7632],[83.4753,25.7565],[83.4728,25.7394],[83.4771,25.7337],[83.4823,25.7406],[83.4913,25.742],[83.4987,25.7403],[83.5005,25.7352],[83.497,25.7276],[83.4873,25.7255],[83.4795,25.7173],[83.4791,25.7099],[83.5029,25.7028],[83.5094,25.6919],[83.5241,25.6925],[83.5294,25.6794],[83.5239,25.65],[83.5562,25.6527],[83.559,25.6606],[83.5663,25.6612],[83.5692,25.657],[83.5617,25.6489],[83.5671,25.6444],[83.5679,25.6315],[83.551,25.6169],[83.5617,25.6121],[83.5594,25.6018],[83.5706,25.6027],[83.5727,25.6086],[83.5799,25.6061],[83.5753,25.6012],[83.5779,25.5933],[83.6009,25.6007],[83.6114,25.5939],[83.608,25.5872],[83.5677,25.5584],[83.6032,25.5583],[83.62,25.5483],[83.6788,25.5448],[83.709,25.593],[83.7039,25.5976],[83.7083,25.6089],[83.6823,25.6298],[83.6727,25.6313],[83.6671,25.6429],[83.6625,25.6395],[83.6628,25.6244],[83.6484,25.6207],[83.6417,25.6249],[83.629,25.6245],[83.6291,25.6334],[83.6195,25.64],[83.6299,25.6626],[83.6416,25.6563],[83.6531,25.6607],[83.657,25.6743],[83.6483,25.6779],[83.6472,25.6844],[83.6597,25.6914],[83.6637,25.7055],[83.6556,25.7076],[83.6416,25.7019],[83.6376,25.7061],[83.6451,25.7265],[83.6387,25.7358],[83.6431,25.7502],[83.634,25.7546],[83.6372,25.7588],[83.6351,25.7767],[83.6491,25.7777],[83.6578,25.8015],[83.6434,25.8057],[83.6373,25.8146],[83.6107,25.8039],[83.6112,25.8195],[83.6045,25.8201],[83.6025,25.8273],[83.5969,25.8287],[83.598,25.8348],[83.5864,25.8318],[83.5684,25.8169],[83.5535,25.8501],[83.5529,25.8674]]]}},{"type":"Feature","properties":{"ac_name":"BALLIA NAGAR","ac_no":361,"ac_category":"GEN","st_name":"UTTAR PRADESH"},"geometry":{"type":"Polygon","coordinates":[[[84.1021,25.825],[84.0995,25.8136],[84.0906,25.8127],[84.0917,25.803],[84.0984,25.7974],[84.0938,25.7929],[84.0913,25.799],[84.0842,25.7959],[84.0884,25.7864],[84.0814,25.7832],[84.0847,25.7771],[84.0615,25.7722],[84.0567,25.7658],[84.0461,25.768],[84.0439,25.7607],[84.0347,25.7602],[84.0257,25.7533],[84.0257,25.7458],[84.0178,25.7451],[84.0315,25.7367],[84.027,25.7312],[84.0443,25.727],[84.0429,25.7243],[84.022,25.7244],[84.0118,25.7121],[84.0224,25.7153],[84.0138,25.7028],[84.0197,25.7001],[84.0193,25.6931],[84.0257,25.6923],[84.0274,25.6828],[84.0527,25.6787],[84.0327,25.6709],[84.0577,25.6683],[84.0589,25.6575],[84.0834,25.6447],[84.0752,25.6953],[84.0894,25.7133],[84.1051,25.7211],[84.1289,25.7236],[84.1399,25.7315],[84.1416,25.7219],[84.1353,25.7238],[84.1301,25.7177],[84.1501,25.719],[84.1555,25.7239],[84.149,25.7272],[84.1527,25.7296],[84.1737,25.7211],[84.199,25.7019],[84.2062,25.6695],[84.2222,25.6628],[84.2945,25.6613],[84.2995,25.6686],[84.2879,25.6736],[84.2877,25.6777],[84.2979,25.6775],[84.2991,25.672],[84.3169,25.6725],[84.3196,25.6683],[84.3244,25.6712],[84.3267,25.6877],[84.3284,25.7321],[84.3358,25.7435],[84.3647,25.7425],[84.3753,25.7354],[84.3736,25.7442],[84.3607,25.7519],[84.3585,25.7872],[84.3295,25.7855],[84.3163,25.791],[84.3062,25.7815],[84.3064,25.7763],[84.2932,25.7764],[84.243,25.8118],[84.2241,25.8026],[84.2172,25.8078],[84.2117,25.8065],[84.2083,25.8115],[84.211,25.8208],[84.1999,25.822],[84.1842,25.8311],[84.2024,25.8314],[84.202,25.8343],[84.1929,25.8407],[84.1735,25.8448],[84.1655,25.8417],[84.1599,25.8252],[84.1132,25.8203],[84.1021,25.825]]]}},{"type":"Feature","properties":{"ac_name":"JAKHANIAN","ac_no":373,"ac_category":"GEN","st_name":"UTTAR PRADESH"},"geometry":{"type":"GeometryCollection","geometries":[{"type":"Polygon","coordinates":[[[83.2041,25.7706,0],[83.2137,25.7723,0],[83.2187,25.7683,0],[83.2173,25.7623,0],[83.2114,25.7629,0],[83.2081,25.7583,0],[83.189,25.7663,0],[83.1942,25.7788,0],[83.2041,25.7706,0]]]},{"type":"Polygon","coordinates":[[[83.4621,25.8497,0],[83.4788,25.8397,0],[83.4739,25.8275,0],[83.4822,25.8171,0],[83.4704,25.799,0],[83.481,25.786,0],[83.4719,25.7632,0],[83.4753,25.7565,0],[83.4728,25.7394,0],[83.4771,25.7337,0],[83.4823,25.7406,0],[83.4913,25.742,0],[83.4987,25.7403,0],[83.5005,25.7352,0],[83.497,25.7276,0],[83.4873,25.7255,0],[83.4795,25.7173,0],[83.4791,25.7099,0],[83.5029,25.7028,0],[83.5094,25.6919,0],[83.5241,25.6925,0],[83.5294,25.6794,0],[83.5239,25.65,0],[83.5189,25.6388,0],[83.505,25.6317,0],[83.4833,25.6359,0],[83.4723,25.6461,0],[83.4669,25.6278,0],[83.4626,25.6333,0],[83.4577,25.6321,0],[83.4571,25.6372,0],[83.4471,25.6364,0],[83.4495,25.6468,0],[83.441,25.6448,0],[83.4388,25.6349,0],[83.4262,25.6404,0],[83.408,25.639,0],[83.4082,25.6493,0],[83.4033,25.6429,0],[83.3976,25.6472,0],[83.3906,25.645,0],[83.3843,25.6375,0],[83.376,25.6387,0],[83.3755,25.6486,0],[83.3647,25.6486,0],[83.3605,25.6356,0],[83.3642,25.6201,0],[83.3566,25.5993,0],[83.3437,25.5992,0],[83.322,25.6035,0],[83.3163,25.6097,0],[83.3123,25.6291,0],[83.2874,25.6255,0],[83.2637,25.6359,0],[83.2575,25.6444,0],[83.236,25.6513,0],[83.2351,25.6623,0],[83.2304,25.6602,0],[83.2075,25.6735,0],[83.196,25.6762,0],[83.1945,25.6854,0],[83.1863,25.6886,0],[83.1913,25.6999,0],[83.1985,25.7043,0],[83.2273,25.7011,0],[83.2404,25.7069,0],[83.2292,25.725,0],[83.2143,25.7314,0],[83.2197,25.7459,0],[83.2184,25.7594,0],[83.2255,25.7605,0],[83.2329,25.7685,0],[83.246,25.7653,0],[83.2472,25.7709,0],[83.2692,25.7774,0],[83.2704,25.7727,0],[83.2759,25.7757,0],[83.2803,25.7589,0],[83.2844,25.7625,0],[83.2833,25.7563,0],[83.3031,25.7555,0],[83.304,25.7644,0],[83.2988,25.7667,0],[83.3053,25.7696,0],[83.3052,25.7862,0],[83.3137,25.7877,0],[83.3202,25.7958,0],[83.3175,25.8067,0],[83.3233,25.8145,0],[83.3387,25.8107,0],[83.3456,25.8146,0],[83.3623,25.8113,0],[83.3643,25.8023,0],[83.3723,25.7975,0],[83.3796,25.8023,0],[83.3839,25.8138,0],[83.3798,25.8169,0],[83.3848,25.8217,0],[83.4006,25.8235,0],[83.404,25.8291,0],[83.3969,25.8316,0],[83.4002,25.8403,0],[83.4194,25.8428,0],[83.4244,25.8482,0],[83.4328,25.8389,0],[83.4419,25.8429,0],[83.4457,25.8404,0],[83.4605,25.8501,0],[83.4621,25.8497,0]]]}]}},{"type":"Feature","properties":{"ac_name":"ZAFRABAD","ac_no":371,"ac_category":"GEN","st_name":"UTTAR PRADESH"},"geometry":{"type":"Polygon","coordinates":[[[82.7592,25.8364],[82.7497,25.831],[82.747,25.8223],[82.7559,25.8099],[82.7473,25.7974],[82.7508,25.7918],[82.748,25.7887],[82.7527,25.7869],[82.7522,25.7735],[82.7583,25.7706],[82.7432,25.7455],[82.7409,25.7394],[82.7555,25.7034],[82.7488,25.7016],[82.7471,25.6944],[82.7315,25.6963],[82.7147,25.6873],[82.7158,25.6835],[82.7083,25.6863],[82.7061,25.6736],[82.6988,25.674],[82.6932,25.669],[82.6967,25.6579],[82.6802,25.6513],[82.6816,25.638],[82.6788,25.6393],[82.6759,25.6346],[82.6688,25.637],[82.661,25.6302],[82.6653,25.6303],[82.6758,25.6159],[82.6822,25.617],[82.6826,25.611],[82.6656,25.5861],[82.6716,25.5787],[82.6664,25.5753],[82.6711,25.5738],[82.6577,25.5592],[82.6669,25.5476],[82.6609,25.5451],[82.6579,25.5294],[82.6643,25.5221],[82.6829,25.5329],[82.6903,25.5268],[82.7043,25.5295],[82.6994,25.5382],[82.7059,25.5454],[82.7158,25.5463],[82.7213,25.535],[82.7244,25.5417],[82.7378,25.5476],[82.7602,25.5424],[82.7714,25.5303],[82.7788,25.5293],[82.7857,25.5434],[82.7945,25.5448],[82.7933,25.5532],[82.827,25.5493],[82.8299,25.5532],[82.8301,25.5572],[82.8219,25.559],[82.8228,25.5674],[82.8313,25.5728],[82.826,25.5725],[82.8306,25.578],[82.8206,25.5816],[82.8248,25.5964],[82.8161,25.6046],[82.8206,25.6143],[82.8129,25.6163],[82.815,25.636],[82.805,25.635],[82.81,25.6379],[82.8037,25.6445],[82.8102,25.6495],[82.8118,25.6599],[82.8042,25.6682],[82.8063,25.6737],[82.7958,25.6928],[82.7893,25.6976],[82.8041,25.7188],[82.8155,25.715],[82.8319,25.7434],[82.8418,25.7393],[82.8476,25.7562],[82.8662,25.7542],[82.8668,25.772],[82.8446,25.7665],[82.8274,25.7689],[82.8213,25.7735],[82.821,25.7824],[82.8063,25.7882],[82.8056,25.8056],[82.7871,25.8192],[82.7824,25.8286],[82.7592,25.8364]]]}},{"type":"Feature","properties":{"ac_name":"MUNGRA BADSHAHPUR","ac_no":368,"ac_category":"GEN","st_name":"UTTAR PRADESH"},"geometry":{"type":"Polygon","coordinates":[[[82.1696,25.795],[82.173,25.7841],[82.1835,25.7782],[82.1819,25.7731],[82.1974,25.7667],[82.1881,25.7626],[82.1868,25.7563],[82.1967,25.7421],[82.1869,25.7054],[82.1807,25.7008],[82.1701,25.704],[82.1608,25.68],[82.1553,25.6771],[82.154,25.6677],[82.1443,25.6676],[82.1386,25.6544],[82.146,25.6508],[82.1393,25.6513],[82.1354,25.645],[82.1225,25.6448],[82.1371,25.6301],[82.1372,25.6222],[82.1565,25.599],[82.1714,25.5981],[82.1745,25.5849],[82.186,25.5769],[82.2019,25.584],[82.2048,25.5729],[82.2117,25.5777],[82.2136,25.5856],[82.2242,25.5892],[82.2512,25.5779],[82.2512,25.5712],[82.2478,25.5724],[82.2458,25.5673],[82.2511,25.5607],[82.2643,25.5651],[82.2764,25.5544],[82.2856,25.5536],[82.29,25.5417],[82.2953,25.5411],[82.2999,25.5476],[82.3105,25.547],[82.3258,25.5426],[82.3323,25.5354],[82.3416,25.5342],[82.3504,25.5476],[82.3347,25.5538],[82.3423,25.5741],[82.3239,25.578],[82.3241,25.5859],[82.3393,25.5965],[82.3344,25.6006],[82.3353,25.6086],[82.3139,25.6274],[82.3199,25.6366],[82.3169,25.6437],[82.3346,25.6452],[82.338,25.6561],[82.3329,25.6721],[82.3455,25.6781],[82.3627,25.6772],[82.3736,25.6944],[82.3721,25.6998],[82.3846,25.6989],[82.3889,25.7083],[82.4014,25.6924],[82.4309,25.6878],[82.4362,25.6904],[82.4343,25.6932],[82.431,25.6899],[82.4308,25.7091],[82.423,25.7079],[82.4128,25.7183],[82.4207,25.7267],[82.4151,25.7324],[82.4299,25.7308],[82.443,25.7445],[82.4309,25.7522],[82.4262,25.7623],[82.433,25.7725],[82.4504,25.7724],[82.458,25.7894],[82.4512,25.7916],[82.3831,25.7929],[82.3646,25.7891],[82.3573,25.7819],[82.3493,25.7931],[82.3545,25.7983],[82.3522,25.8022],[82.3346,25.7947],[82.3172,25.8121],[82.3157,25.8198],[82.3073,25.8235],[82.2997,25.8096],[82.2872,25.8123],[82.2879,25.803],[82.2718,25.8069],[82.2311,25.8069],[82.2037,25.8225],[82.188,25.831],[82.1778,25.8285],[82.1749,25.8246],[82.1809,25.8152],[82.1776,25.8098],[82.1813,25.8019],[82.1683,25.8007],[82.1696,25.795]]]}},{"type":"Feature","properties":{"ac_name":"KHAGA","ac_no":243,"ac_category":"SC","st_name":"UTTAR PRADESH"},"geometry":{"type":"Polygon","coordinates":[[[81.0825,25.8166],[81.0494,25.8083],[81.0534,25.7965],[81.0481,25.7896],[81.0387,25.804],[81.0109,25.8035],[80.9964,25.7858],[80.9968,25.7772],[81.0186,25.7655],[81.0131,25.7557],[81.0148,25.7396],[81.0123,25.7079],[80.9912,25.7142],[80.9763,25.7115],[80.9657,25.7026],[80.9566,25.6782],[80.9484,25.6688],[80.9419,25.6335],[80.9477,25.6166],[80.956,25.6088],[80.9752,25.6109],[81.022,25.6351],[81.034,25.6281],[81.0362,25.6098],[81.0294,25.5914],[80.9978,25.5712],[81.0206,25.5471],[81.0367,25.5305],[81.1372,25.5088],[81.1892,25.4902],[81.1956,25.4632],[81.1877,25.4476],[81.2049,25.4496],[81.2219,25.4387],[81.2164,25.4488],[81.2348,25.4847],[81.2418,25.4827],[81.2483,25.4921],[81.2594,25.4899],[81.2697,25.504],[81.2516,25.5132],[81.2495,25.522],[81.2548,25.5249],[81.2595,25.5434],[81.2556,25.5574],[81.2453,25.5731],[81.2363,25.5767],[81.2382,25.5859],[81.2316,25.587],[81.2305,25.593],[81.2069,25.5984],[81.2167,25.637],[81.2074,25.6438],[81.2171,25.6586],[81.2151,25.6706],[81.2275,25.6697],[81.2374,25.6775],[81.2196,25.687],[81.2041,25.6843],[81.2034,25.6922],[81.194,25.7028],[81.1984,25.7203],[81.2118,25.7216],[81.2264,25.7152],[81.2468,25.7612],[81.2598,25.7533],[81.2697,25.7558],[81.2576,25.7644],[81.2565,25.7727],[81.2282,25.787],[81.2244,25.779],[81.2142,25.7772],[81.215,25.757],[81.19,25.7607],[81.1847,25.7696],[81.1882,25.785],[81.184,25.7886],[81.1772,25.7849],[81.1614,25.7942],[81.1511,25.7907],[81.1522,25.7989],[81.1433,25.7962],[81.1406,25.7891],[81.1294,25.7877],[81.1134,25.8046],[81.092,25.8049],[81.086,25.8076],[81.0825,25.8166]]]}},{"type":"Feature","properties":{"ac_name":"SIRATHU","ac_no":251,"ac_category":"GEN","st_name":"UTTAR PRADESH"},"geometry":{"type":"Polygon","coordinates":[[[81.3383,25.8107],[81.3304,25.7913],[81.3248,25.7953],[81.312,25.7842],[81.3134,25.7752],[81.3085,25.77],[81.3021,25.7728],[81.2994,25.767],[81.2892,25.7673],[81.2813,25.7588],[81.2697,25.7558],[81.2598,25.7533],[81.2468,25.7612],[81.2264,25.7152],[81.2118,25.7216],[81.1984,25.7203],[81.194,25.7028],[81.2034,25.6922],[81.2041,25.6843],[81.2196,25.687],[81.2374,25.6775],[81.2275,25.6697],[81.2151,25.6706],[81.2171,25.6586],[81.2074,25.6438],[81.2167,25.637],[81.2069,25.5984],[81.2305,25.593],[81.2316,25.587],[81.2382,25.5859],[81.2363,25.5767],[81.2453,25.5731],[81.2556,25.5574],[81.2595,25.5434],[81.2548,25.5249],[81.2495,25.522],[81.2642,25.5258],[81.277,25.5192],[81.2978,25.5344],[81.319,25.5248],[81.3407,25.5249],[81.3595,25.5352],[81.3778,25.5365],[81.4457,25.5306],[81.4551,25.5119],[81.4706,25.5156],[81.4771,25.516],[81.4801,25.5219],[81.4739,25.536],[81.483,25.55],[81.496,25.5585],[81.5069,25.5586],[81.5076,25.5755],[81.514,25.5761],[81.5249,25.5943],[81.5366,25.6017],[81.5255,25.6198],[81.5183,25.6231],[81.4933,25.6231],[81.4821,25.6168],[81.4676,25.62],[81.4383,25.6488],[81.4337,25.6634],[81.4226,25.673],[81.3749,25.6931],[81.3686,25.7021],[81.3689,25.7129],[81.3948,25.7326],[81.4023,25.7568],[81.3968,25.7696],[81.3845,25.7742],[81.3614,25.7758],[81.3383,25.8107]]]}},{"type":"Feature","properties":{"ac_name":"KUNDA","ac_no":246,"ac_category":"GEN","st_name":"UTTAR PRADESH"},"geometry":{"type":"Polygon","coordinates":[[[81.4992,25.7995],[81.4888,25.8102],[81.4786,25.8043],[81.4755,25.7955],[81.4635,25.7948],[81.4592,25.7874],[81.4496,25.7831],[81.4498,25.7755],[81.4384,25.7731],[81.4368,25.7813],[81.4229,25.7808],[81.416,25.7862],[81.4126,25.7831],[81.3938,25.7899],[81.3845,25.7742],[81.3968,25.7696],[81.4023,25.7568],[81.3948,25.7326],[81.3689,25.7129],[81.3686,25.7021],[81.3749,25.6931],[81.4226,25.673],[81.4337,25.6634],[81.4383,25.6488],[81.4676,25.62],[81.4821,25.6168],[81.4933,25.6231],[81.5183,25.6231],[81.5255,25.6198],[81.5366,25.6017],[81.5407,25.5902],[81.5543,25.5846],[81.5654,25.572],[81.5758,25.5739],[81.6102,25.5977],[81.6102,25.6077],[81.6036,25.6118],[81.6199,25.6279],[81.6181,25.6442],[81.601,25.6466],[81.6031,25.6572],[81.5961,25.6588],[81.6061,25.662],[81.6063,25.6681],[81.6394,25.6649],[81.6421,25.6577],[81.6354,25.6582],[81.6327,25.6529],[81.6397,25.6416],[81.6276,25.639],[81.6341,25.6357],[81.637,25.623],[81.6509,25.618],[81.6582,25.608],[81.6681,25.6274],[81.6741,25.627],[81.6837,25.6346],[81.7044,25.6327],[81.7248,25.622],[81.7304,25.6377],[81.7204,25.6419],[81.7184,25.6578],[81.7042,25.6577],[81.6922,25.6633],[81.6965,25.6694],[81.7057,25.672],[81.7141,25.6692],[81.7197,25.675],[81.752,25.6687],[81.7528,25.6905],[81.7401,25.6992],[81.7549,25.7135],[81.749,25.7233],[81.7506,25.7306],[81.7633,25.7402],[81.7774,25.7441],[81.7555,25.7627],[81.7678,25.7625],[81.7648,25.785],[81.7533,25.7923],[81.7465,25.7837],[81.7344,25.7897],[81.727,25.7638],[81.7133,25.7681],[81.7192,25.777],[81.7147,25.7835],[81.689,25.7717],[81.6648,25.7728],[81.6573,25.7501],[81.6431,25.7414],[81.6244,25.7557],[81.6315,25.7727],[81.6154,25.7781],[81.5851,25.7475],[81.5793,25.7499],[81.578,25.7561],[81.5703,25.7528],[81.5696,25.7457],[81.5625,25.744],[81.5651,25.7362],[81.5607,25.7304],[81.5429,25.7838],[81.5352,25.7866],[81.5337,25.7957],[81.5215,25.7932],[81.4992,25.7995]]]}},{"type":"Feature","properties":{"ac_name":"KERAKAT","ac_no":372,"ac_category":"SC","st_name":"UTTAR PRADESH"},"geometry":{"type":"Polygon","coordinates":[[[82.8668,25.772],[82.8662,25.7542],[82.8476,25.7562],[82.8418,25.7393],[82.8319,25.7434],[82.8155,25.715],[82.8041,25.7188],[82.7893,25.6976],[82.7958,25.6928],[82.8063,25.6737],[82.8042,25.6682],[82.8118,25.6599],[82.8102,25.6495],[82.8037,25.6445],[82.81,25.6379],[82.805,25.635],[82.815,25.636],[82.8129,25.6163],[82.8206,25.6143],[82.8161,25.6046],[82.8248,25.5964],[82.8206,25.5816],[82.8306,25.578],[82.826,25.5725],[82.8313,25.5728],[82.8228,25.5674],[82.8219,25.559],[82.8301,25.5572],[82.8299,25.5532],[82.8373,25.5544],[82.8378,25.5609],[82.837,25.5683],[82.855,25.5629],[82.8595,25.5776],[82.8662,25.5801],[82.8743,25.5669],[82.8961,25.5717],[82.9131,25.5682],[82.9226,25.5721],[82.9336,25.5666],[82.9432,25.5468],[82.9415,25.5327],[82.9501,25.5294],[82.9575,25.5267],[82.9632,25.5284],[82.9673,25.5403],[82.976,25.5456],[82.9774,25.5565],[83.0106,25.5489],[83.0102,25.5543],[83.0019,25.5563],[83.01,25.5598],[83.0103,25.5672],[83.0197,25.5773],[83.0301,25.5712],[83.043,25.5405],[83.052,25.5437],[83.0615,25.5574],[83.0708,25.5513],[83.0784,25.5574],[83.0811,25.5715],[83.0904,25.5742],[83.0861,25.5906],[83.0773,25.588],[83.067,25.5958],[83.075,25.6004],[83.0772,25.6152],[83.0652,25.6262],[83.0664,25.6523],[83.0623,25.6594],[83.0689,25.6689],[83.0773,25.6718],[83.0788,25.683],[83.0717,25.6859],[83.0564,25.6831],[83.0524,25.6891],[83.0409,25.6913],[83.0435,25.7021],[83.0332,25.6976],[83.0311,25.7052],[83.0187,25.7056],[83.0089,25.715],[83,25.704],[83.0036,25.7007],[82.9986,25.6978],[82.9985,25.6836],[82.9802,25.6791],[82.9583,25.7046],[82.9419,25.7056],[82.9313,25.7227],[82.9324,25.7283],[82.9236,25.7297],[82.9207,25.7401],[82.9271,25.7568],[82.8985,25.7737],[82.89,25.7693],[82.8668,25.772]]]}},{"type":"Feature","properties":{"ac_name":"SORAON","ac_no":255,"ac_category":"SC","st_name":"UTTAR PRADESH"},"geometry":{"type":"Polygon","coordinates":[[[81.9303,25.7531],[81.9205,25.7376],[81.9188,25.7249],[81.914,25.7233],[81.9147,25.7156],[81.9046,25.7138],[81.891,25.7188],[81.8851,25.7118],[81.878,25.7161],[81.8786,25.7208],[81.867,25.7248],[81.862,25.717],[81.8543,25.692],[81.8447,25.6798],[81.8514,25.662],[81.8435,25.6625],[81.8383,25.6502],[81.8408,25.6391],[81.8491,25.6306],[81.8485,25.6225],[81.8577,25.628],[81.8667,25.6099],[81.8801,25.6053],[81.8868,25.5962],[81.8994,25.5964],[81.896,25.5845],[81.906,25.5882],[81.904,25.5743],[81.9124,25.5755],[81.9155,25.5703],[81.9248,25.5704],[81.9455,25.5604],[81.9501,25.5427],[81.9549,25.5293],[81.9644,25.5295],[81.9652,25.5217],[81.9763,25.5164],[81.9989,25.5134],[82.0043,25.5225],[82.0136,25.5179],[82.0326,25.5222],[82.0341,25.5379],[82.0496,25.5399],[82.0528,25.5467],[82.0489,25.5625],[82.0623,25.5711],[82.0409,25.5805],[82.0389,25.5983],[82.0186,25.6083],[82.0187,25.6238],[82.0147,25.6265],[82.025,25.6329],[82.0399,25.6214],[82.0421,25.6303],[82.0598,25.6262],[82.0612,25.6321],[82.0649,25.6474],[82.0557,25.6528],[82.0624,25.6567],[82.0677,25.6782],[82.062,25.6828],[82.0278,25.6949],[82.0119,25.6949],[82.0186,25.7035],[82.0451,25.7076],[82.0439,25.7201],[82.021,25.7427],[81.9942,25.7399],[81.9842,25.7481],[81.9793,25.7369],[81.9678,25.7377],[81.9629,25.7434],[81.9471,25.7399],[81.9361,25.7447],[81.9303,25.7531]]]}},{"type":"Feature","properties":{"ac_name":"PHAPHAMAU","ac_no":254,"ac_category":"GEN","st_name":"UTTAR PRADESH"},"geometry":{"type":"Polygon","coordinates":[[[81.7774,25.7441],[81.7633,25.7402],[81.7506,25.7306],[81.749,25.7233],[81.7549,25.7135],[81.7401,25.6992],[81.7528,25.6905],[81.752,25.6687],[81.7197,25.675],[81.7141,25.6692],[81.7057,25.672],[81.6965,25.6694],[81.6922,25.6633],[81.7042,25.6577],[81.7184,25.6578],[81.7204,25.6419],[81.7304,25.6377],[81.7248,25.622],[81.7044,25.6327],[81.6837,25.6346],[81.6741,25.627],[81.6681,25.6274],[81.6582,25.608],[81.6509,25.618],[81.637,25.623],[81.6341,25.6357],[81.6276,25.639],[81.6397,25.6416],[81.6327,25.6529],[81.6354,25.6582],[81.6421,25.6577],[81.6394,25.6649],[81.6063,25.6681],[81.6061,25.662],[81.5961,25.6588],[81.6031,25.6572],[81.601,25.6466],[81.6181,25.6442],[81.6199,25.6279],[81.6036,25.6118],[81.6102,25.6077],[81.6102,25.5977],[81.628,25.5963],[81.6414,25.5836],[81.6453,25.5485],[81.642,25.5255],[81.6711,25.5224],[81.7007,25.5121],[81.7297,25.4753],[81.7435,25.4751],[81.7533,25.4809],[81.7704,25.4725],[81.7996,25.4708],[81.801,25.4801],[81.8336,25.4986],[81.8428,25.5129],[81.8514,25.5177],[81.8648,25.5198],[81.8783,25.5134],[81.9183,25.5213],[81.92,25.5291],[81.9276,25.5305],[81.9338,25.5396],[81.9382,25.535],[81.9501,25.5427],[81.9455,25.5604],[81.9248,25.5704],[81.9155,25.5703],[81.9124,25.5755],[81.904,25.5743],[81.906,25.5882],[81.896,25.5845],[81.8994,25.5964],[81.8868,25.5962],[81.8801,25.6053],[81.8667,25.6099],[81.8577,25.628],[81.8485,25.6225],[81.8491,25.6306],[81.8408,25.6391],[81.8383,25.6502],[81.8435,25.6625],[81.8514,25.662],[81.8447,25.6798],[81.8543,25.692],[81.862,25.717],[81.8428,25.7313],[81.839,25.7261],[81.8192,25.7261],[81.8241,25.7418],[81.7976,25.75],[81.788,25.7501],[81.7774,25.7441]]]}},{"type":"Feature","properties":{"ac_name":"MACHHLISHAHR","ac_no":369,"ac_category":"SC","st_name":"UTTAR PRADESH"},"geometry":{"type":"Polygon","coordinates":[[[82.4504,25.73],[82.4504,25.7411],[82.443,25.7445],[82.4299,25.7308],[82.4151,25.7324],[82.4207,25.7267],[82.4128,25.7183],[82.423,25.7079],[82.4308,25.7091],[82.431,25.6899],[82.4343,25.6932],[82.4362,25.6904],[82.4309,25.6878],[82.4014,25.6924],[82.3889,25.7083],[82.3846,25.6989],[82.3721,25.6998],[82.3736,25.6944],[82.3627,25.6772],[82.3455,25.6781],[82.3329,25.6721],[82.338,25.6561],[82.3346,25.6452],[82.3169,25.6437],[82.3199,25.6366],[82.3139,25.6274],[82.3353,25.6086],[82.3344,25.6006],[82.3393,25.5965],[82.3241,25.5859],[82.3239,25.578],[82.3423,25.5741],[82.3347,25.5538],[82.3504,25.5476],[82.3416,25.5342],[82.3568,25.5089],[82.3755,25.5082],[82.3722,25.5177],[82.3812,25.5176],[82.3885,25.5122],[82.3968,25.5196],[82.4125,25.4955],[82.4182,25.5004],[82.4163,25.5054],[82.4245,25.5089],[82.425,25.5157],[82.4433,25.5185],[82.4494,25.4954],[82.4802,25.4868],[82.4658,25.4783],[82.4702,25.4698],[82.4778,25.4692],[82.4905,25.4781],[82.4996,25.4789],[82.5082,25.4704],[82.5154,25.4968],[82.5268,25.5017],[82.5281,25.5139],[82.5412,25.5213],[82.545,25.5298],[82.5509,25.5328],[82.5569,25.5261],[82.5608,25.5364],[82.5766,25.531],[82.578,25.5378],[82.5884,25.5395],[82.5885,25.5483],[82.567,25.5577],[82.5685,25.5687],[82.5839,25.5886],[82.5743,25.594],[82.58,25.6011],[82.5677,25.6117],[82.5617,25.6113],[82.558,25.6178],[82.5623,25.6248],[82.568,25.6212],[82.5716,25.6288],[82.5819,25.628],[82.5921,25.6663],[82.6141,25.6781],[82.6221,25.6901],[82.6102,25.6922],[82.598,25.7052],[82.5725,25.708],[82.5673,25.7135],[82.5359,25.6842],[82.52,25.6967],[82.5205,25.7065],[82.5147,25.7151],[82.5188,25.722],[82.5135,25.7275],[82.4938,25.7234],[82.4714,25.7111],[82.452,25.71],[82.4485,25.7117],[82.4504,25.73]]]}},{"type":"Feature","properties":{"ac_name":"BABERU","ac_no":233,"ac_category":"GEN","st_name":"UTTAR PRADESH"},"geometry":{"type":"Polygon","coordinates":[[[80.6781,25.6963],[80.6623,25.6825],[80.665,25.6567],[80.6578,25.6542],[80.6423,25.6594],[80.6358,25.6562],[80.6269,25.631],[80.6272,25.6162],[80.5783,25.6019],[80.5521,25.5769],[80.5401,25.5451],[80.5113,25.5176],[80.5008,25.4784],[80.5251,25.471],[80.5271,25.4623],[80.5286,25.4516],[80.5396,25.4554],[80.5394,25.4439],[80.5451,25.4383],[80.5588,25.4438],[80.5696,25.4617],[80.5806,25.4474],[80.6038,25.4429],[80.6241,25.4469],[80.6424,25.4197],[80.6429,25.4107],[80.6547,25.4077],[80.6595,25.4016],[80.6703,25.4052],[80.6937,25.4005],[80.7122,25.4085],[80.7233,25.4193],[80.7483,25.4077],[80.773,25.3994],[80.791,25.4065],[80.7886,25.3975],[80.7979,25.3891],[80.8116,25.4072],[80.831,25.403],[80.8558,25.3873],[80.8564,25.3675],[80.8649,25.3867],[80.8713,25.3904],[80.8688,25.3954],[80.8735,25.4003],[80.8829,25.4005],[80.8861,25.4194],[80.9059,25.4299],[80.9012,25.4357],[80.9042,25.4395],[80.915,25.4366],[80.9251,25.4399],[80.9347,25.4499],[80.9295,25.4578],[80.9419,25.4706],[80.9492,25.4639],[80.9524,25.4669],[80.9604,25.4621],[80.9714,25.4668],[80.9782,25.4614],[80.9801,25.4746],[80.9948,25.4758],[80.9943,25.4843],[81.0094,25.4958],[81.0082,25.4992],[81.0136,25.497],[81.0237,25.5032],[81.0047,25.5358],[81.0144,25.5388],[81.0206,25.5471],[80.9978,25.5712],[81.0294,25.5914],[81.0362,25.6098],[81.034,25.6281],[81.022,25.6351],[80.9752,25.6109],[80.956,25.6088],[80.9477,25.6166],[80.9419,25.6335],[80.9484,25.6688],[80.9463,25.6843],[80.933,25.6925],[80.8992,25.6814],[80.8577,25.6788],[80.8484,25.7185],[80.8372,25.7264],[80.8214,25.7203],[80.7816,25.6909],[80.7634,25.6847],[80.7162,25.6811],[80.6781,25.6963]]]}},{"type":"Feature","properties":{"ac_name":"MAURANIPUR","ac_no":224,"ac_category":"SC","st_name":"UTTAR PRADESH"},"geometry":{"type":"Polygon","coordinates":[[[78.9841,25.6401],[78.9957,25.6181],[78.9885,25.5989],[78.9842,25.5947],[78.9507,25.5907],[78.9407,25.581],[78.9439,25.5768],[78.9165,25.5701],[78.9148,25.5611],[78.904,25.5515],[78.9158,25.5538],[78.9232,25.5359],[78.933,25.5554],[78.9441,25.5563],[78.9517,25.5488],[78.9475,25.5409],[78.9528,25.5376],[78.9363,25.5198],[78.9299,25.5235],[78.9199,25.5159],[78.9269,25.5073],[78.9347,25.5052],[78.9362,25.4959],[78.9414,25.4951],[78.9394,25.4896],[78.9267,25.4898],[78.9441,25.4827],[78.9362,25.4615],[78.9241,25.4594],[78.9239,25.4541],[78.9089,25.4423],[78.9213,25.4325],[78.9331,25.4299],[78.9325,25.4238],[78.9385,25.4221],[78.9511,25.4404],[78.9675,25.4342],[78.9703,25.4231],[78.9768,25.4197],[78.9688,25.4043],[78.974,25.3975],[78.9702,25.3898],[78.9881,25.3808],[78.9898,25.3734],[78.9755,25.3658],[78.9594,25.3713],[78.9386,25.3469],[78.927,25.3514],[78.9234,25.3584],[78.9021,25.3611],[78.8966,25.3739],[78.916,25.3812],[78.9384,25.3745],[78.9423,25.3827],[78.9584,25.3944],[78.9535,25.3997],[78.9404,25.4001],[78.9361,25.3949],[78.9318,25.3996],[78.9298,25.3956],[78.9177,25.3959],[78.9139,25.384],[78.8801,25.3856],[78.8815,25.3818],[78.8722,25.3809],[78.8599,25.3629],[78.8462,25.3554],[78.848,25.3501],[78.8414,25.3446],[78.8503,25.3347],[78.8464,25.3265],[78.8475,25.3364],[78.8429,25.3364],[78.8357,25.3236],[78.8224,25.316],[78.8195,25.3068],[78.7982,25.314],[78.7882,25.2999],[78.7876,25.296],[78.7977,25.2892],[78.8171,25.3067],[78.8284,25.3026],[78.8182,25.2987],[78.8178,25.283],[78.8091,25.2714],[78.8265,25.255],[78.8335,25.2516],[78.8428,25.2274],[78.8505,25.2289],[78.8575,25.2439],[78.8567,25.2564],[78.8658,25.2659],[78.8668,25.2798],[78.8753,25.2783],[78.8801,25.2858],[78.872,25.2994],[78.8748,25.3085],[78.8643,25.31],[78.863,25.3144],[78.868,25.3253],[78.8816,25.3247],[78.8826,25.3436],[78.9121,25.3323],[78.9211,25.3435],[78.9325,25.3359],[78.9282,25.324],[78.9465,25.3336],[78.9481,25.3423],[78.961,25.345],[78.9578,25.3022],[78.9761,25.2877],[78.9803,25.279],[78.9729,25.277],[78.9556,25.2825],[78.949,25.2744],[78.955,25.2612],[78.9446,25.259],[78.9172,25.2734],[78.8996,25.243],[78.8859,25.2535],[78.8796,25.2525],[78.8715,25.2385],[78.8704,25.2262],[78.8904,25.2142],[78.8823,25.1973],[78.8706,25.1869],[78.8742,25.172],[78.8798,25.171],[78.8802,25.1575],[78.8841,25.1587],[78.9028,25.1702],[78.9114,25.1812],[78.9074,25.1847],[78.9252,25.2045],[78.9342,25.2117],[78.9517,25.2127],[78.9537,25.219],[78.9632,25.2108],[78.9651,25.2172],[78.9707,25.2163],[78.9931,25.1966],[79.0058,25.1951],[79.0079,25.2117],[79.0011,25.221],[79.0014,25.2336],[78.9829,25.2342],[78.9847,25.2396],[78.9762,25.2365],[78.975,25.2411],[78.9872,25.2639],[78.9952,25.2665],[78.9947,25.2729],[79.0133,25.2743],[79.0257,25.2614],[79.018,25.249],[79.0221,25.2412],[79.0396,25.2427],[79.0335,25.2337],[79.0636,25.2216],[79.0621,25.1932],[79.0521,25.1873],[79.0486,25.1934],[79.0538,25.2007],[79.0524,25.2074],[79.031,25.1845],[79.0343,25.1743],[79.0402,25.1709],[79.0322,25.1639],[79.0369,25.1614],[79.0289,25.1417],[79.0336,25.1372],[79.0505,25.1337],[79.0672,25.1484],[79.0716,25.1704],[79.0887,25.1843],[79.0906,25.1906],[79.096,25.1745],[79.1261,25.1611],[79.1162,25.1395],[79.1323,25.1269],[79.1236,25.1151],[79.1243,25.1106],[79.132,25.109],[79.1401,25.1084],[79.1439,25.1149],[79.1577,25.1113],[79.1592,25.1073],[79.1732,25.1077],[79.1779,25.1154],[79.1859,25.1148],[79.1873,25.1263],[79.1747,25.1278],[79.1761,25.1399],[79.1924,25.1461],[79.2042,25.1399],[79.2037,25.1254],[79.2135,25.1205],[79.2147,25.1116],[79.2273,25.1219],[79.2451,25.1137],[79.2483,25.1162],[79.2432,25.1232],[79.2494,25.1396],[79.2242,25.1457],[79.2424,25.1585],[79.252,25.1591],[79.2651,25.1516],[79.2638,25.1404],[79.2689,25.1381],[79.2599,25.1252],[79.2782,25.1174],[79.2826,25.1174],[79.2864,25.1312],[79.3081,25.1298],[79.3153,25.1471],[79.3233,25.1498],[79.3082,25.1752],[79.2837,25.1928],[79.2858,25.2279],[79.2793,25.2446],[79.2994,25.2395],[79.3119,25.2223],[79.3248,25.2186],[79.3285,25.2213],[79.3282,25.2098],[79.3384,25.1979],[79.3519,25.2121],[79.3328,25.2284],[79.3437,25.2272],[79.3448,25.2503],[79.3509,25.2639],[79.3352,25.2698],[79.3284,25.2568],[79.3168,25.2559],[79.2937,25.2836],[79.2827,25.2622],[79.2736,25.2607],[79.2676,25.2651],[79.2629,25.2735],[79.2699,25.3086],[79.2789,25.324],[79.2817,25.3388],[79.2944,25.3581],[79.2436,25.3796],[79.2331,25.3737],[79.2053,25.3811],[79.1974,25.3706],[79.1906,25.373],[79.1968,25.3977],[79.1937,25.4016],[79.2072,25.4015],[79.2086,25.4186],[79.222,25.4358],[79.2296,25.4571],[79.2472,25.4387],[79.2597,25.451],[79.2399,25.4648],[79.234,25.4624],[79.2385,25.4757],[79.2315,25.4814],[79.2402,25.4966],[79.2396,25.5071],[79.2116,25.5094],[79.2231,25.5137],[79.2225,25.5173],[79.2084,25.5204],[79.2067,25.5286],[79.1997,25.5296],[79.2019,25.5348],[79.1963,25.5358],[79.2116,25.5559],[79.2005,25.5522],[79.1962,25.5627],[79.1808,25.5733],[79.154,25.5695],[79.1343,25.5853],[79.1404,25.6077],[79.1533,25.6137],[79.1591,25.6336],[79.1576,25.6457],[79.1368,25.651],[79.1411,25.6571],[79.1354,25.6731],[79.1123,25.6649],[79.0898,25.6781],[79.0793,25.6702],[79.0624,25.6871],[79.0415,25.6929],[79.029,25.6626],[79.0128,25.661],[78.9841,25.6401]]]}},{"type":"Feature","properties":{"ac_name":"MOHAMMADABAD","ac_no":378,"ac_category":"GEN","st_name":"UTTAR PRADESH"},"geometry":{"type":"Polygon","coordinates":[[[83.9446,25.67],[83.9403,25.6724],[83.9403,25.6888],[83.9368,25.6899],[83.9322,25.6895],[83.9335,25.6792],[83.9217,25.6815],[83.9216,25.6725],[83.9133,25.6805],[83.8995,25.6761],[83.8951,25.6689],[83.8808,25.6673],[83.8745,25.6712],[83.8702,25.6624],[83.8337,25.6688],[83.8239,25.6582],[83.8222,25.6737],[83.8302,25.6801],[83.8494,25.6821],[83.8483,25.6879],[83.8426,25.6859],[83.8359,25.6948],[83.8282,25.6961],[83.8274,25.6906],[83.8176,25.6875],[83.786,25.7012],[83.7846,25.6889],[83.7712,25.6957],[83.7591,25.6892],[83.7561,25.6966],[83.7481,25.6999],[83.7434,25.6937],[83.7346,25.6963],[83.7307,25.6893],[83.7206,25.6928],[83.7262,25.6844],[83.7229,25.6768],[83.7284,25.6743],[83.723,25.6717],[83.7192,25.6759],[83.703,25.6675],[83.6955,25.6714],[83.69,25.6599],[83.6699,25.6626],[83.6595,25.6532],[83.6531,25.6607],[83.6416,25.6563],[83.6299,25.6626],[83.6195,25.64],[83.6291,25.6334],[83.629,25.6245],[83.6417,25.6249],[83.6484,25.6207],[83.6628,25.6244],[83.6625,25.6395],[83.6671,25.6429],[83.6727,25.6313],[83.6823,25.6298],[83.7083,25.6089],[83.7039,25.5976],[83.709,25.593],[83.6788,25.5448],[83.6988,25.5446],[83.7093,25.5274],[83.7325,25.5271],[83.7324,25.5345],[83.7416,25.5345],[83.7468,25.5322],[83.7464,25.5171],[83.7661,25.5212],[83.7738,25.5171],[83.7813,25.525],[83.7885,25.5233],[83.7947,25.5377],[83.7895,25.5386],[83.7882,25.5475],[83.8167,25.5363],[83.83,25.5449],[83.8381,25.5344],[83.8497,25.5318],[83.8569,25.5189],[83.8762,25.5178],[83.9011,25.5232],[83.9172,25.5488],[83.93,25.5575],[83.927,25.5654],[83.9306,25.5882],[83.9354,25.5812],[83.9413,25.5812],[83.9431,25.5917],[83.9363,25.6155],[83.9266,25.6184],[83.9206,25.6347],[83.9367,25.6426],[83.9368,25.6565],[83.9426,25.6576],[83.9446,25.67]]]}},{"type":"Feature","properties":{"ac_name":"SAIDPUR","ac_no":374,"ac_category":"SC","st_name":"UTTAR PRADESH"},"geometry":{"type":"Polygon","coordinates":[[[83.2075,25.6735],[83.196,25.6762],[83.1945,25.6854],[83.1863,25.6886],[83.1874,25.6772],[83.1821,25.6721],[83.172,25.6728],[83.1716,25.6625],[83.1589,25.6648],[83.1504,25.659],[83.1474,25.6541],[83.1525,25.6494],[83.1534,25.6383],[83.1483,25.6358],[83.1357,25.6407],[83.1213,25.6545],[83.0984,25.6577],[83.0879,25.6583],[83.0867,25.6494],[83.0664,25.6523],[83.0652,25.6262],[83.0772,25.6152],[83.075,25.6004],[83.067,25.5958],[83.0773,25.588],[83.0861,25.5906],[83.0904,25.5742],[83.0811,25.5715],[83.0784,25.5574],[83.0708,25.5513],[83.0777,25.5378],[83.0662,25.5342],[83.0643,25.5289],[83.0787,25.5141],[83.0831,25.5005],[83.1031,25.5056],[83.1099,25.4949],[83.1173,25.5021],[83.1161,25.5065],[83.0986,25.5144],[83.0968,25.5219],[83.1017,25.5271],[83.1095,25.5263],[83.1314,25.5073],[83.1424,25.5059],[83.1654,25.5065],[83.1667,25.5105],[83.1543,25.5201],[83.1725,25.5235],[83.1741,25.53],[83.1778,25.5221],[83.1914,25.5334],[83.2162,25.5332],[83.2469,25.5227],[83.2951,25.4958],[83.3214,25.4713],[83.3363,25.4636],[83.3626,25.4816],[83.3618,25.4942],[83.3412,25.4972],[83.3426,25.5032],[83.3487,25.5031],[83.3491,25.5124],[83.3416,25.5132],[83.3435,25.5228],[83.339,25.5302],[83.3535,25.5414],[83.3607,25.5412],[83.3624,25.5547],[83.3708,25.5636],[83.3651,25.5688],[83.3664,25.5773],[83.3599,25.5819],[83.3524,25.5801],[83.3539,25.5902],[83.3409,25.5892],[83.3437,25.5992],[83.322,25.6035],[83.3163,25.6097],[83.3123,25.6291],[83.2874,25.6255],[83.2637,25.6359],[83.2575,25.6444],[83.236,25.6513],[83.2351,25.6623],[83.2304,25.6602],[83.2075,25.6735]]]}},{"type":"Feature","properties":{"ac_name":"MARIYAHU","ac_no":370,"ac_category":"GEN","st_name":"UTTAR PRADESH"},"geometry":{"type":"Polygon","coordinates":[[[82.6524,25.6674],[82.6483,25.6803],[82.6221,25.6901],[82.6141,25.6781],[82.5921,25.6663],[82.5819,25.628],[82.5716,25.6288],[82.568,25.6212],[82.5623,25.6248],[82.558,25.6178],[82.5617,25.6113],[82.5677,25.6117],[82.58,25.6011],[82.5743,25.594],[82.5839,25.5886],[82.5685,25.5687],[82.567,25.5577],[82.5885,25.5483],[82.5884,25.5395],[82.578,25.5378],[82.5766,25.531],[82.5608,25.5364],[82.5569,25.5261],[82.5509,25.5328],[82.545,25.5298],[82.5412,25.5213],[82.5281,25.5139],[82.5268,25.5017],[82.5154,25.4968],[82.5082,25.4704],[82.5176,25.4414],[82.5263,25.443],[82.5488,25.4366],[82.5574,25.4452],[82.5454,25.4532],[82.5466,25.4627],[82.5605,25.4575],[82.5678,25.4447],[82.5697,25.4179],[82.5764,25.4148],[82.5855,25.4327],[82.582,25.4495],[82.5864,25.4535],[82.6096,25.4493],[82.614,25.4364],[82.6012,25.4248],[82.6012,25.4129],[82.6182,25.4158],[82.6383,25.408],[82.6393,25.404],[82.6354,25.3998],[82.6281,25.4048],[82.6214,25.4037],[82.6196,25.3935],[82.6692,25.4004],[82.6942,25.3947],[82.6841,25.4069],[82.6837,25.4217],[82.6967,25.4311],[82.7202,25.4317],[82.7177,25.4416],[82.7029,25.448],[82.7066,25.4585],[82.7208,25.4625],[82.733,25.4595],[82.7379,25.4667],[82.7099,25.4827],[82.716,25.5009],[82.7254,25.5029],[82.7259,25.5193],[82.7152,25.5299],[82.7213,25.535],[82.7158,25.5463],[82.7059,25.5454],[82.6994,25.5382],[82.7043,25.5295],[82.6903,25.5268],[82.6829,25.5329],[82.6643,25.5221],[82.6579,25.5294],[82.6609,25.5451],[82.6669,25.5476],[82.6577,25.5592],[82.6711,25.5738],[82.6664,25.5753],[82.6716,25.5787],[82.6656,25.5861],[82.6826,25.611],[82.6822,25.617],[82.6758,25.6159],[82.6653,25.6303],[82.661,25.6302],[82.6688,25.637],[82.6759,25.6346],[82.6788,25.6393],[82.6685,25.6406],[82.662,25.6465],[82.6524,25.6674]]]}},{"type":"Feature","properties":{"ac_name":"PRATAPPUR","ac_no":257,"ac_category":"GEN","st_name":"UTTAR PRADESH"},"geometry":{"type":"Polygon","coordinates":[[[82.1608,25.68],[82.1269,25.6815],[82.1231,25.6761],[82.1261,25.6579],[82.1184,25.6576],[82.1151,25.6517],[82.0958,25.6601],[82.0872,25.6534],[82.0624,25.6567],[82.0557,25.6528],[82.0649,25.6474],[82.0612,25.6321],[82.0662,25.6359],[82.0786,25.6319],[82.0869,25.6182],[82.08,25.6096],[82.0835,25.5987],[82.0779,25.5968],[82.0692,25.5825],[82.0844,25.5741],[82.0954,25.5518],[82.1149,25.549],[82.1205,25.5258],[82.1047,25.5121],[82.0838,25.5161],[82.0772,25.5075],[82.0673,25.5235],[82.0536,25.5268],[82.0502,25.5058],[82.0685,25.4925],[82.0658,25.4793],[82.0741,25.4687],[82.0631,25.4652],[82.0406,25.4263],[82.0469,25.4185],[82.0701,25.4222],[82.0796,25.4165],[82.0797,25.4097],[82.0633,25.3898],[82.0768,25.3696],[82.094,25.3702],[82.0972,25.3743],[82.1059,25.363],[82.1224,25.3639],[82.1327,25.3575],[82.1394,25.364],[82.1435,25.3553],[82.1513,25.354],[82.1636,25.3542],[82.1718,25.3626],[82.1872,25.3516],[82.1868,25.3437],[82.1988,25.3409],[82.2067,25.3451],[82.2162,25.3379],[82.2214,25.3395],[82.2249,25.3492],[82.1985,25.365],[82.2118,25.3659],[82.206,25.3722],[82.205,25.3876],[82.182,25.4009],[82.1683,25.3928],[82.1562,25.3998],[82.1632,25.4026],[82.1617,25.41],[82.1672,25.411],[82.1681,25.4189],[82.174,25.4192],[82.1753,25.4256],[82.1822,25.4184],[82.1968,25.4221],[82.2227,25.4138],[82.2272,25.4198],[82.2392,25.4187],[82.2536,25.4265],[82.253,25.4336],[82.2457,25.4432],[82.2368,25.4452],[82.237,25.4501],[82.2489,25.4517],[82.2569,25.4475],[82.2571,25.4572],[82.2627,25.4575],[82.2574,25.4667],[82.274,25.4697],[82.2671,25.4734],[82.2687,25.4786],[82.2823,25.4752],[82.2887,25.4797],[82.2828,25.4851],[82.2864,25.4987],[82.3058,25.4942],[82.3158,25.5004],[82.3113,25.5081],[82.296,25.5145],[82.2989,25.5215],[82.3168,25.5204],[82.3248,25.5012],[82.336,25.5014],[82.3391,25.5094],[82.3251,25.5306],[82.3323,25.5354],[82.3258,25.5426],[82.3105,25.547],[82.2999,25.5476],[82.2953,25.5411],[82.29,25.5417],[82.2856,25.5536],[82.2764,25.5544],[82.2643,25.5651],[82.2511,25.5607],[82.2458,25.5673],[82.2478,25.5724],[82.2512,25.5712],[82.2512,25.5779],[82.2242,25.5892],[82.2136,25.5856],[82.2117,25.5777],[82.2048,25.5729],[82.2019,25.584],[82.186,25.5769],[82.1745,25.5849],[82.1714,25.5981],[82.1565,25.599],[82.1372,25.6222],[82.1371,25.6301],[82.1225,25.6448],[82.1354,25.645],[82.1393,25.6513],[82.146,25.6508],[82.1386,25.6544],[82.1443,25.6676],[82.154,25.6677],[82.1553,25.6771],[82.1608,25.68]]]}},{"type":"Feature","properties":{"ac_name":"BABINA","ac_no":222,"ac_category":"GEN","st_name":"UTTAR PRADESH"},"geometry":{"type":"Polygon","coordinates":[[[78.819,25.6449],[78.8104,25.6194],[78.794,25.6126],[78.7659,25.6103],[78.7423,25.5971],[78.7323,25.6061],[78.7241,25.6021],[78.7169,25.6052],[78.7162,25.5993],[78.7047,25.5981],[78.6964,25.5884],[78.6789,25.5855],[78.6578,25.5596],[78.624,25.5674],[78.6306,25.5788],[78.6192,25.5835],[78.611,25.5781],[78.6117,25.5698],[78.5981,25.5707],[78.588,25.5565],[78.5694,25.5646],[78.5606,25.5591],[78.5449,25.5615],[78.5316,25.571],[78.5282,25.5667],[78.5134,25.5693],[78.4935,25.5786],[78.4681,25.5607],[78.4648,25.5459],[78.4504,25.5523],[78.449,25.5641],[78.4302,25.553],[78.4192,25.5333],[78.4188,25.5182],[78.4286,25.5106],[78.4184,25.5091],[78.4169,25.502],[78.4283,25.4881],[78.4308,25.4736],[78.4161,25.4766],[78.4148,25.4708],[78.4001,25.4637],[78.3945,25.4443],[78.3776,25.4369],[78.3689,25.4386],[78.3605,25.4512],[78.3546,25.4522],[78.347,25.4357],[78.3391,25.4304],[78.3431,25.42],[78.3408,25.3999],[78.3199,25.3836],[78.3167,25.3787],[78.3081,25.3812],[78.3008,25.3602],[78.3277,25.3525],[78.3375,25.3302],[78.3436,25.3282],[78.3227,25.3159],[78.3117,25.3031],[78.334,25.2924],[78.3545,25.292],[78.35,25.2774],[78.3722,25.2595],[78.3599,25.242],[78.3672,25.237],[78.3776,25.2389],[78.3771,25.2278],[78.3818,25.2227],[78.41,25.2126],[78.3912,25.2012],[78.3957,25.1872],[78.4161,25.1833],[78.4163,25.1765],[78.4237,25.169],[78.443,25.1654],[78.4515,25.1688],[78.4583,25.1645],[78.4477,25.1527],[78.427,25.153],[78.4273,25.1455],[78.4478,25.128],[78.4468,25.1218],[78.4842,25.1428],[78.5034,25.1641],[78.5311,25.1787],[78.5563,25.2106],[78.5683,25.232],[78.568,25.2408],[78.578,25.2538],[78.5718,25.2596],[78.5502,25.2677],[78.5453,25.2649],[78.5338,25.2685],[78.5305,25.2842],[78.5104,25.277],[78.5041,25.2899],[78.4505,25.262],[78.435,25.2844],[78.4405,25.2957],[78.4518,25.3013],[78.4731,25.2856],[78.478,25.2984],[78.5022,25.3211],[78.5026,25.301],[78.5086,25.2965],[78.5312,25.3001],[78.5341,25.3103],[78.5531,25.3199],[78.5399,25.3275],[78.5371,25.3382],[78.5413,25.3458],[78.5306,25.3519],[78.5328,25.3576],[78.5364,25.3603],[78.5517,25.3567],[78.5587,25.344],[78.5668,25.3408],[78.5837,25.3473],[78.5879,25.356],[78.5858,25.3742],[78.5779,25.3809],[78.5633,25.3771],[78.5652,25.3855],[78.5624,25.3997],[78.5389,25.4029],[78.5305,25.4224],[78.5178,25.4305],[78.5198,25.445],[78.5272,25.444],[78.5448,25.4709],[78.5526,25.4721],[78.5609,25.4658],[78.562,25.4749],[78.5484,25.4776],[78.5323,25.4742],[78.5289,25.4851],[78.5324,25.4945],[78.515,25.5008],[78.5009,25.5126],[78.5113,25.5326],[78.5383,25.5209],[78.5445,25.5244],[78.5821,25.5196],[78.5822,25.5153],[78.5948,25.5094],[78.6033,25.4822],[78.6256,25.4947],[78.628,25.5016],[78.656,25.4875],[78.6646,25.4813],[78.6549,25.4684],[78.6685,25.4518],[78.662,25.4409],[78.6821,25.4333],[78.6897,25.4457],[78.7114,25.4281],[78.6748,25.3997],[78.6658,25.4157],[78.6589,25.4089],[78.6662,25.3929],[78.6589,25.3855],[78.6947,25.3738],[78.6997,25.3819],[78.7038,25.3732],[78.7141,25.3725],[78.7079,25.3628],[78.7091,25.3514],[78.7234,25.3443],[78.7312,25.3486],[78.7528,25.3457],[78.755,25.3513],[78.7749,25.3529],[78.7663,25.369],[78.774,25.376],[78.7572,25.3852],[78.7654,25.3908],[78.7683,25.4],[78.7482,25.391],[78.7485,25.4097],[78.7755,25.4196],[78.7829,25.4155],[78.7881,25.4196],[78.7964,25.4165],[78.7993,25.4228],[78.8216,25.4225],[78.8033,25.4369],[78.7856,25.4356],[78.7711,25.4226],[78.7627,25.4268],[78.752,25.4474],[78.7375,25.4501],[78.7318,25.4584],[78.7341,25.4908],[78.7425,25.4991],[78.746,25.4969],[78.7472,25.485],[78.7682,25.4691],[78.7766,25.4783],[78.7965,25.483],[78.8194,25.4705],[78.8087,25.4533],[78.821,25.4678],[78.8319,25.461],[78.8408,25.4617],[78.8355,25.4546],[78.8553,25.4474],[78.8408,25.4414],[78.826,25.4431],[78.8211,25.4386],[78.8284,25.428],[78.8318,25.4311],[78.8445,25.4275],[78.8568,25.4466],[78.8611,25.4447],[78.8665,25.4658],[78.8607,25.471],[78.855,25.4899],[78.8404,25.4932],[78.8428,25.499],[78.8326,25.5001],[78.8414,25.5126],[78.8569,25.5135],[78.8844,25.5155],[78.8866,25.5325],[78.8742,25.5411],[78.8772,25.5491],[78.8851,25.5546],[78.904,25.5515],[78.9148,25.5611],[78.9165,25.5701],[78.9439,25.5768],[78.9407,25.581],[78.9507,25.5907],[78.9842,25.5947],[78.9885,25.5989],[78.9957,25.6181],[78.9841,25.6401],[78.965,25.635],[78.9509,25.6159],[78.9179,25.5989],[78.8978,25.6122],[78.8844,25.6133],[78.8933,25.6206],[78.8714,25.6398],[78.8711,25.6248],[78.8677,25.6234],[78.8455,25.6272],[78.8433,25.6369],[78.8392,25.6379],[78.8362,25.633],[78.819,25.6449]]]}},{"type":"Feature","properties":{"ac_name":"GHAZIPUR","ac_no":375,"ac_category":"GEN","st_name":"UTTAR PRADESH"},"geometry":{"type":"Polygon","coordinates":[[[83.5239,25.65],[83.5189,25.6388],[83.505,25.6317],[83.4833,25.6359],[83.4723,25.6461],[83.4669,25.6278],[83.4626,25.6333],[83.4577,25.6321],[83.4571,25.6372],[83.4471,25.6364],[83.4495,25.6468],[83.441,25.6448],[83.4388,25.6349],[83.4262,25.6404],[83.408,25.639],[83.4082,25.6493],[83.4033,25.6429],[83.3976,25.6472],[83.3906,25.645],[83.3843,25.6375],[83.376,25.6387],[83.3755,25.6486],[83.3647,25.6486],[83.3605,25.6356],[83.3642,25.6201],[83.3566,25.5993],[83.3437,25.5992],[83.3409,25.5892],[83.3539,25.5902],[83.3524,25.5801],[83.3599,25.5819],[83.3664,25.5773],[83.3651,25.5688],[83.3708,25.5636],[83.3624,25.5547],[83.3607,25.5412],[83.3535,25.5414],[83.339,25.5302],[83.3435,25.5228],[83.3416,25.5132],[83.3491,25.5124],[83.3487,25.5031],[83.3426,25.5032],[83.3412,25.4972],[83.3618,25.4942],[83.3626,25.4816],[83.387,25.4947],[83.4042,25.494],[83.4401,25.4538],[83.498,25.4085],[83.5301,25.3901],[83.5453,25.3959],[83.5517,25.4036],[83.548,25.4378],[83.5098,25.4793],[83.4949,25.5065],[83.5023,25.5146],[83.5385,25.5249],[83.556,25.5398],[83.5677,25.5584],[83.608,25.5872],[83.6114,25.5939],[83.6009,25.6007],[83.5779,25.5933],[83.5753,25.6012],[83.5799,25.6061],[83.5727,25.6086],[83.5706,25.6027],[83.5594,25.6018],[83.5617,25.6121],[83.551,25.6169],[83.5679,25.6315],[83.5671,25.6444],[83.5617,25.6489],[83.5692,25.657],[83.5663,25.6612],[83.559,25.6606],[83.5562,25.6527],[83.5239,25.65]]]}},{"type":"Feature","properties":{"ac_name":"MAHOBA","ac_no":230,"ac_category":"GEN","st_name":"UTTAR PRADESH"},"geometry":{"type":"Polygon","coordinates":[[[79.8992,25.587],[79.8916,25.5783],[79.8699,25.5758],[79.856,25.5458],[79.8229,25.5473],[79.8215,25.5387],[79.8273,25.5275],[79.8134,25.5015],[79.8272,25.4911],[79.853,25.4935],[79.8503,25.4853],[79.8216,25.4742],[79.8151,25.4505],[79.8434,25.4533],[79.8603,25.4757],[79.8789,25.477],[79.9274,25.4451],[79.927,25.4398],[79.9084,25.4356],[79.8908,25.4201],[79.8849,25.4098],[79.8841,25.3943],[79.8503,25.3714],[79.8433,25.3497],[79.8296,25.3483],[79.8146,25.3668],[79.7992,25.3625],[79.7823,25.3341],[79.781,25.296],[79.7751,25.2926],[79.7667,25.2987],[79.7511,25.2696],[79.7516,25.2403],[79.7344,25.2055],[79.6976,25.2229],[79.6929,25.211],[79.6926,25.186],[79.6741,25.1681],[79.6485,25.1805],[79.6272,25.1571],[79.6223,25.1563],[79.6195,25.1636],[79.613,25.1484],[79.6065,25.1502],[79.6006,25.1278],[79.6214,25.1349],[79.623,25.1406],[79.641,25.1271],[79.6493,25.1297],[79.6732,25.1203],[79.6835,25.1352],[79.7173,25.1289],[79.7354,25.1312],[79.7493,25.1394],[79.8079,25.1106],[79.8239,25.1085],[79.8287,25.0994],[79.8418,25.0955],[79.8619,25.0962],[79.8481,25.1107],[79.8522,25.129],[79.8657,25.1408],[79.8815,25.1422],[79.8668,25.1499],[79.8702,25.1724],[79.8633,25.1772],[79.8653,25.1878],[79.856,25.1943],[79.8687,25.2164],[79.853,25.2248],[79.8514,25.2353],[79.8644,25.236],[79.8777,25.2511],[79.8977,25.2413],[79.9019,25.2407],[79.9072,25.2506],[79.9135,25.2475],[79.9177,25.2269],[79.9273,25.2495],[79.9364,25.2477],[79.9394,25.2594],[79.9483,25.2686],[79.9529,25.2646],[79.9742,25.2647],[79.9807,25.2617],[79.987,25.2674],[80.0051,25.2652],[80.0073,25.2722],[79.9986,25.2774],[79.9992,25.2861],[80.0223,25.2977],[80.0243,25.3119],[80.0194,25.3243],[80.0336,25.3423],[80.0425,25.3381],[80.0616,25.3406],[80.0728,25.3368],[80.0888,25.3561],[80.1045,25.3496],[80.1201,25.3636],[80.1264,25.3804],[80.1383,25.3775],[80.1409,25.3821],[80.1306,25.3848],[80.1324,25.3985],[80.1502,25.3954],[80.1523,25.4006],[80.1523,25.4057],[80.1401,25.411],[80.1338,25.4051],[80.1172,25.4075],[80.1124,25.4025],[80.1063,25.4035],[80.0774,25.4156],[80.0607,25.4294],[80.0538,25.4243],[80.0277,25.4347],[80.0296,25.4415],[80.0236,25.4453],[80.0394,25.4786],[80.0372,25.4919],[80.0295,25.4963],[80.0221,25.4885],[79.9965,25.4888],[79.9949,25.4966],[80.0019,25.507],[80.0117,25.508],[80.0124,25.5184],[79.9932,25.5312],[79.9845,25.5301],[79.983,25.5344],[79.9999,25.5531],[80.0163,25.5532],[80.0106,25.5707],[80.0248,25.5873],[80.0043,25.5983],[80.0023,25.6153],[79.9524,25.6423],[79.9489,25.6363],[79.9431,25.6255],[79.956,25.6085],[79.9453,25.5942],[79.9349,25.5899],[79.9077,25.5942],[79.8992,25.587]]]}},{"type":"Feature","properties":{"ac_name":"PHULPUR","ac_no":256,"ac_category":"GEN","st_name":"UTTAR PRADESH"},"geometry":{"type":"Polygon","coordinates":[[[82.0612,25.6321],[82.0598,25.6262],[82.0421,25.6303],[82.0399,25.6214],[82.025,25.6329],[82.0147,25.6265],[82.0187,25.6238],[82.0186,25.6083],[82.0389,25.5983],[82.0409,25.5805],[82.0623,25.5711],[82.0489,25.5625],[82.0528,25.5467],[82.0496,25.5399],[82.0341,25.5379],[82.0326,25.5222],[82.0136,25.5179],[82.0043,25.5225],[81.9989,25.5134],[81.9763,25.5164],[81.9652,25.5217],[81.9644,25.5295],[81.9549,25.5293],[81.9501,25.5427],[81.9382,25.535],[81.9338,25.5396],[81.9276,25.5305],[81.92,25.5291],[81.9183,25.5213],[81.8783,25.5134],[81.9089,25.4716],[81.8953,25.4418],[81.8793,25.4289],[81.8991,25.4117],[81.9193,25.3752],[81.9502,25.3611],[81.9559,25.3423],[81.9546,25.3363],[81.95,25.3371],[81.9521,25.3327],[81.9886,25.3249],[82.0365,25.3476],[82.0733,25.3401],[82.0965,25.3671],[82.094,25.3702],[82.0768,25.3696],[82.0633,25.3898],[82.0797,25.4097],[82.0796,25.4165],[82.0701,25.4222],[82.0469,25.4185],[82.0406,25.4263],[82.0631,25.4652],[82.0741,25.4687],[82.0658,25.4793],[82.0685,25.4925],[82.0502,25.5058],[82.0536,25.5268],[82.0673,25.5235],[82.0772,25.5075],[82.0838,25.5161],[82.1047,25.5121],[82.1205,25.5258],[82.1149,25.549],[82.0954,25.5518],[82.0844,25.5741],[82.0692,25.5825],[82.0779,25.5968],[82.0835,25.5987],[82.08,25.6096],[82.0869,25.6182],[82.0786,25.6319],[82.0662,25.6359],[82.0612,25.6321]]]}},{"type":"Feature","properties":{"ac_name":"CHAIL","ac_no":253,"ac_category":"GEN","st_name":"UTTAR PRADESH"},"geometry":{"type":"Polygon","coordinates":[[[81.5366,25.6017],[81.5249,25.5943],[81.514,25.5761],[81.5076,25.5755],[81.5069,25.5586],[81.496,25.5585],[81.483,25.55],[81.4739,25.536],[81.4801,25.5219],[81.4771,25.516],[81.4706,25.5156],[81.4831,25.5004],[81.5254,25.4743],[81.5231,25.4639],[81.5347,25.4556],[81.5211,25.4391],[81.5341,25.4199],[81.5142,25.3976],[81.5017,25.395],[81.4908,25.3864],[81.4822,25.3697],[81.4874,25.3456],[81.4831,25.3144],[81.4888,25.2951],[81.4965,25.291],[81.4926,25.2742],[81.4978,25.2679],[81.5278,25.278],[81.5499,25.292],[81.5986,25.3339],[81.6295,25.351],[81.6984,25.3574],[81.7499,25.3461],[81.7598,25.3427],[81.7872,25.3197],[81.8015,25.3231],[81.8131,25.3393],[81.8131,25.3482],[81.7937,25.3773],[81.8214,25.4129],[81.8105,25.4288],[81.8052,25.4355],[81.8042,25.4618],[81.7996,25.4708],[81.7704,25.4725],[81.7533,25.4809],[81.7435,25.4751],[81.7297,25.4753],[81.7007,25.5121],[81.6711,25.5224],[81.642,25.5255],[81.6453,25.5485],[81.6414,25.5836],[81.628,25.5963],[81.6102,25.5977],[81.5758,25.5739],[81.5654,25.572],[81.5543,25.5846],[81.5407,25.5902],[81.5366,25.6017]]]}},{"type":"Feature","properties":{"ac_name":"CHARKHARI","ac_no":231,"ac_category":"GEN","st_name":"UTTAR PRADESH"},"geometry":{"type":"GeometryCollection","geometries":[{"type":"Polygon","coordinates":[[[79.365,25.1445,0],[79.3743,25.1427,0],[79.3638,25.1252,0],[79.3812,25.1217,0],[79.3803,25.1078,0],[79.3867,25.1021,0],[79.3877,25.0855,0],[79.4055,25.0776,0],[79.4075,25.0647,0],[79.4256,25.0585,0],[79.4215,25.0411,0],[79.4094,25.0338,0],[79.395,25.032,0],[79.3839,25.0386,0],[79.384,25.0425,0],[79.3742,25.0447,0],[79.3753,25.0511,0],[79.3688,25.0543,0],[79.3623,25.0484,0],[79.3677,25.046,0],[79.3647,25.0416,0],[79.3563,25.0404,0],[79.3599,25.0534,0],[79.3585,25.0589,0],[79.3493,25.0625,0],[79.3511,25.0687,0],[79.3668,25.0589,0],[79.38,25.0669,0],[79.3749,25.0677,0],[79.3798,25.0854,0],[79.3731,25.0924,0],[79.3796,25.1014,0],[79.3615,25.1065,0],[79.3507,25.1167,0],[79.3553,25.1246,0],[79.3503,25.1263,0],[79.3584,25.1433,0],[79.365,25.1445,0]]]},{"type":"Polygon","coordinates":[[[79.3653,25.171,0],[79.3544,25.1759,0],[79.3599,25.1882,0],[79.3725,25.1807,0],[79.3653,25.171,0]]]},{"type":"Polygon","coordinates":[[[79.7101,25.5671,0],[79.742,25.547,0],[79.7402,25.5232,0],[79.754,25.517,0],[79.7616,25.5364,0],[79.7707,25.5173,0],[79.8035,25.505,0],[79.8027,25.499,0],[79.8118,25.4982,0],[79.8134,25.5015,0],[79.8272,25.4911,0],[79.853,25.4935,0],[79.8503,25.4853,0],[79.8216,25.4742,0],[79.8151,25.4505,0],[79.8434,25.4533,0],[79.8603,25.4757,0],[79.8789,25.477,0],[79.9274,25.4451,0],[79.927,25.4398,0],[79.9084,25.4356,0],[79.8908,25.4201,0],[79.8849,25.4098,0],[79.8841,25.3943,0],[79.8503,25.3714,0],[79.8433,25.3497,0],[79.8296,25.3483,0],[79.8146,25.3668,0],[79.7992,25.3625,0],[79.7823,25.3341,0],[79.781,25.296,0],[79.7751,25.2926,0],[79.7667,25.2987,0],[79.7511,25.2696,0],[79.7516,25.2403,0],[79.7344,25.2055,0],[79.6976,25.2229,0],[79.6929,25.211,0],[79.6926,25.186,0],[79.6741,25.1681,0],[79.6485,25.1805,0],[79.6272,25.1571,0],[79.6223,25.1563,0],[79.6195,25.1636,0],[79.613,25.1484,0],[79.6065,25.1502,0],[79.596,25.1434,0],[79.5936,25.1487,0],[79.5796,25.1537,0],[79.5752,25.17,0],[79.5606,25.1701,0],[79.5426,25.1438,0],[79.5323,25.1387,0],[79.5327,25.1332,0],[79.5181,25.127,0],[79.5252,25.0974,0],[79.5061,25.0956,0],[79.5,25.0836,0],[79.4919,25.0798,0],[79.4824,25.0798,0],[79.4653,25.0883,0],[79.4772,25.1274,0],[79.4714,25.128,0],[79.4596,25.12,0],[79.452,25.1085,0],[79.439,25.101,0],[79.4393,25.1276,0],[79.4212,25.1355,0],[79.4156,25.1328,0],[79.4253,25.1301,0],[79.4261,25.119,0],[79.42,25.111,0],[79.4046,25.1066,0],[79.3929,25.1168,0],[79.396,25.1283,0],[79.3875,25.1303,0],[79.3906,25.1412,0],[79.3839,25.1425,0],[79.3901,25.1702,0],[79.4116,25.183,0],[79.4082,25.1948,0],[79.412,25.2003,0],[79.4392,25.1975,0],[79.4486,25.2151,0],[79.4325,25.2207,0],[79.4462,25.2442,0],[79.4559,25.2477,0],[79.4611,25.2551,0],[79.4624,25.2648,0],[79.4754,25.261,0],[79.4762,25.265,0],[79.4928,25.2623,0],[79.4944,25.2667,0],[79.482,25.2684,0],[79.4793,25.2786,0],[79.4608,25.2824,0],[79.4622,25.2711,0],[79.4374,25.255,0],[79.4085,25.256,0],[79.408,25.2733,0],[79.3687,25.2924,0],[79.3676,25.2811,0],[79.374,25.2718,0],[79.37,25.2602,0],[79.3639,25.2614,0],[79.3555,25.2654,0],[79.3584,25.2842,0],[79.3361,25.2882,0],[79.3467,25.3051,0],[79.3397,25.3114,0],[79.3413,25.3189,0],[79.3522,25.3299,0],[79.2999,25.3378,0],[79.2956,25.3236,0],[79.2789,25.324,0],[79.2817,25.3388,0],[79.2944,25.3581,0],[79.3032,25.3825,0],[79.3115,25.3855,0],[79.3228,25.4012,0],[79.3406,25.4027,0],[79.3328,25.4337,0],[79.3554,25.4552,0],[79.3671,25.4604,0],[79.3689,25.4677,0],[79.3621,25.4851,0],[79.3848,25.5057,0],[79.3892,25.523,0],[79.4089,25.5145,0],[79.4087,25.5102,0],[79.4156,25.512,0],[79.4283,25.5051,0],[79.4424,25.5112,0],[79.4637,25.5064,0],[79.4806,25.4924,0],[79.5218,25.4954,0],[79.5238,25.4864,0],[79.5304,25.4814,0],[79.5595,25.4889,0],[79.5626,25.4762,0],[79.5704,25.4781,0],[79.5779,25.4907,0],[79.5871,25.4917,0],[79.5956,25.4987,0],[79.6018,25.498,0],[79.6152,25.4822,0],[79.628,25.4873,0],[79.6595,25.4854,0],[79.6632,25.4913,0],[79.6588,25.5122,0],[79.6649,25.5132,0],[79.6595,25.5287,0],[79.6652,25.5396,0],[79.6579,25.5419,0],[79.6558,25.5482,0],[79.6657,25.5547,0],[79.6712,25.546,0],[79.6899,25.5478,0],[79.699,25.5534,0],[79.6919,25.5579,0],[79.6931,25.5613,0],[79.7101,25.5671,0]]]}]}},{"type":"Feature","properties":{"ac_name":"PINDRA","ac_no":384,"ac_category":"GEN","st_name":"UTTAR PRADESH"},"geometry":{"type":"Polygon","coordinates":[[[82.8378,25.5609],[82.8373,25.5544],[82.8299,25.5532],[82.827,25.5493],[82.7933,25.5532],[82.7945,25.5448],[82.7857,25.5434],[82.7788,25.5293],[82.7714,25.5303],[82.7602,25.5424],[82.7378,25.5476],[82.7244,25.5417],[82.7213,25.535],[82.7152,25.5299],[82.7259,25.5193],[82.7254,25.5029],[82.716,25.5009],[82.7099,25.4827],[82.7379,25.4667],[82.733,25.4595],[82.7208,25.4625],[82.7066,25.4585],[82.7029,25.448],[82.7177,25.4416],[82.7202,25.4317],[82.6967,25.4311],[82.6837,25.4217],[82.6841,25.4069],[82.6942,25.3947],[82.7058,25.3886],[82.7298,25.393],[82.7773,25.3729],[82.8082,25.4018],[82.8126,25.4123],[82.8079,25.4149],[82.8087,25.4217],[82.8189,25.4191],[82.8273,25.4342],[82.8534,25.4352],[82.8723,25.4487],[82.8944,25.444],[82.8987,25.4495],[82.9214,25.4545],[82.9226,25.4665],[82.9352,25.4688],[82.934,25.4785],[82.939,25.4826],[82.9486,25.48],[82.9617,25.4866],[82.9715,25.4857],[82.9691,25.4943],[82.9581,25.4913],[82.9473,25.5053],[82.945,25.5155],[82.9498,25.5194],[82.9501,25.5294],[82.9415,25.5327],[82.9432,25.5468],[82.9336,25.5666],[82.9226,25.5721],[82.9131,25.5682],[82.8961,25.5717],[82.8743,25.5669],[82.8662,25.5801],[82.8595,25.5776],[82.855,25.5629],[82.837,25.5683],[82.8378,25.5609]]]}},{"type":"Feature","properties":{"ac_name":"AJAGARA","ac_no":385,"ac_category":"SC","st_name":"UTTAR PRADESH"},"geometry":{"type":"Polygon","coordinates":[[[82.9575,25.5267],[82.9501,25.5294],[82.9498,25.5194],[82.945,25.5155],[82.9473,25.5053],[82.9581,25.4913],[82.9691,25.4943],[82.9715,25.4857],[82.9617,25.4866],[82.9486,25.48],[82.939,25.4826],[82.934,25.4785],[82.9352,25.4688],[82.9226,25.4665],[82.9214,25.4545],[82.8987,25.4495],[82.8944,25.444],[82.8723,25.4487],[82.8534,25.4352],[82.8273,25.4342],[82.8189,25.4191],[82.8087,25.4217],[82.8079,25.4149],[82.8126,25.4123],[82.8082,25.4018],[82.8149,25.3999],[82.8222,25.384],[82.8276,25.3853],[82.8559,25.3951],[82.8567,25.3807],[82.8635,25.3771],[82.8756,25.381],[82.8856,25.3717],[82.915,25.3604],[82.9219,25.3548],[82.9348,25.3543],[82.9342,25.3648],[82.9131,25.3731],[82.9338,25.3813],[82.9279,25.3973],[82.932,25.4048],[82.9507,25.4057],[82.9531,25.3977],[82.9735,25.4],[82.9697,25.4249],[82.9766,25.4282],[82.9761,25.4354],[82.9899,25.4384],[82.9894,25.4441],[82.9963,25.4505],[83.0137,25.448],[83.015,25.4367],[83.0315,25.4329],[83.0424,25.4397],[83.044,25.4534],[83.0563,25.4512],[83.0606,25.4463],[83.0669,25.4514],[83.0878,25.4475],[83.101,25.4395],[83.1035,25.4466],[83.1271,25.4436],[83.1282,25.4597],[83.1449,25.479],[83.1647,25.491],[83.1778,25.5221],[83.1741,25.53],[83.1725,25.5235],[83.1543,25.5201],[83.1667,25.5105],[83.1654,25.5065],[83.1424,25.5059],[83.1314,25.5073],[83.1095,25.5263],[83.1017,25.5271],[83.0968,25.5219],[83.0986,25.5144],[83.1161,25.5065],[83.1173,25.5021],[83.1099,25.4949],[83.1031,25.5056],[83.0831,25.5005],[83.0787,25.5141],[83.0643,25.5289],[83.0662,25.5342],[83.0777,25.5378],[83.0708,25.5513],[83.0615,25.5574],[83.052,25.5437],[83.043,25.5405],[83.0301,25.5712],[83.0197,25.5773],[83.0103,25.5672],[83.01,25.5598],[83.0019,25.5563],[83.0102,25.5543],[83.0106,25.5489],[82.9774,25.5565],[82.976,25.5456],[82.9673,25.5403],[82.9632,25.5284],[82.9575,25.5267]]]}},{"type":"Feature","properties":{"ac_name":"JHANSI NAGAR","ac_no":223,"ac_category":"GEN","st_name":"UTTAR PRADESH"},"geometry":{"type":"Polygon","coordinates":[[[78.662,25.4409],[78.6685,25.4518],[78.6549,25.4684],[78.6646,25.4813],[78.656,25.4875],[78.628,25.5016],[78.6256,25.4947],[78.6033,25.4822],[78.5948,25.5094],[78.5822,25.5153],[78.5821,25.5196],[78.5445,25.5244],[78.5383,25.5209],[78.5113,25.5326],[78.5009,25.5126],[78.515,25.5008],[78.5324,25.4945],[78.5289,25.4851],[78.5323,25.4742],[78.5484,25.4776],[78.562,25.4749],[78.5609,25.4658],[78.5526,25.4721],[78.5448,25.4709],[78.5272,25.444],[78.5198,25.445],[78.5178,25.4305],[78.5305,25.4224],[78.5389,25.4029],[78.5624,25.3997],[78.5652,25.3855],[78.5664,25.3936],[78.581,25.3857],[78.5902,25.3861],[78.5994,25.3926],[78.601,25.4092],[78.6099,25.416],[78.6235,25.4136],[78.6259,25.4014],[78.6355,25.4009],[78.6449,25.4139],[78.6412,25.4335],[78.662,25.4409]]]}},{"type":"Feature","properties":{"ac_name":"ZAMANIA","ac_no":379,"ac_category":"GEN","st_name":"UTTAR PRADESH"},"geometry":{"type":"Polygon","coordinates":[[[83.6032,25.5583],[83.5677,25.5584],[83.556,25.5398],[83.5385,25.5249],[83.5023,25.5146],[83.4949,25.5065],[83.5098,25.4793],[83.548,25.4378],[83.5517,25.4036],[83.5453,25.3959],[83.5301,25.3901],[83.5225,25.38],[83.5308,25.3719],[83.5311,25.365],[83.5374,25.3635],[83.5391,25.3553],[83.5463,25.3522],[83.5465,25.3456],[83.5364,25.3461],[83.5296,25.324],[83.5397,25.3157],[83.553,25.315],[83.5574,25.3115],[83.5719,25.3146],[83.5738,25.3062],[83.576,25.315],[83.5859,25.3155],[83.5877,25.3222],[83.5964,25.3279],[83.6136,25.3322],[83.6283,25.3286],[83.635,25.3355],[83.6335,25.3434],[83.6488,25.3393],[83.6529,25.3483],[83.6496,25.3551],[83.658,25.3595],[83.6561,25.3686],[83.6645,25.362],[83.6641,25.3729],[83.6767,25.3644],[83.6899,25.3675],[83.6944,25.3714],[83.6824,25.3798],[83.6965,25.3823],[83.6946,25.3893],[83.7025,25.3965],[83.7088,25.3857],[83.7173,25.3974],[83.7315,25.3976],[83.74,25.4107],[83.7451,25.4005],[83.7559,25.4048],[83.7667,25.4008],[83.7663,25.3976],[83.756,25.3967],[83.7586,25.3894],[83.7695,25.3867],[83.7722,25.3982],[83.7827,25.3975],[83.7901,25.3972],[83.8066,25.4081],[83.8136,25.4194],[83.8132,25.4233],[83.8007,25.4258],[83.8013,25.43],[83.8289,25.4365],[83.8327,25.431],[83.8466,25.4347],[83.8417,25.4471],[83.8137,25.4481],[83.8128,25.4544],[83.823,25.466],[83.8326,25.4576],[83.8564,25.4684],[83.8634,25.4845],[83.871,25.4881],[83.8778,25.4992],[83.8762,25.5178],[83.8569,25.5189],[83.8497,25.5318],[83.8381,25.5344],[83.83,25.5449],[83.8167,25.5363],[83.7882,25.5475],[83.7895,25.5386],[83.7947,25.5377],[83.7885,25.5233],[83.7813,25.525],[83.7738,25.5171],[83.7661,25.5212],[83.7464,25.5171],[83.7468,25.5322],[83.7416,25.5345],[83.7324,25.5345],[83.7325,25.5271],[83.7093,25.5274],[83.6988,25.5446],[83.6788,25.5448],[83.62,25.5483],[83.6032,25.5583]]]}},{"type":"Feature","properties":{"ac_name":"CHITRAKOOT","ac_no":236,"ac_category":"GEN","st_name":"UTTAR PRADESH"},"geometry":{"type":"Polygon","coordinates":[[[81.0206,25.5471],[81.0144,25.5388],[81.0047,25.5358],[81.0237,25.5032],[81.0136,25.497],[81.0082,25.4992],[81.0094,25.4958],[80.9943,25.4843],[80.9948,25.4758],[80.9801,25.4746],[80.9782,25.4614],[80.9714,25.4668],[80.9604,25.4621],[80.9524,25.4669],[80.9492,25.4639],[80.9419,25.4706],[80.9295,25.4578],[80.9347,25.4499],[80.9251,25.4399],[80.915,25.4366],[80.9042,25.4395],[80.9012,25.4357],[80.9059,25.4299],[80.8861,25.4194],[80.8829,25.4005],[80.8735,25.4003],[80.8688,25.3954],[80.8713,25.3904],[80.8649,25.3867],[80.8564,25.3675],[80.8434,25.3622],[80.8364,25.3505],[80.823,25.3456],[80.8178,25.3478],[80.8027,25.334],[80.7968,25.3416],[80.7894,25.3324],[80.7719,25.3295],[80.7687,25.3204],[80.7556,25.3202],[80.76,25.3155],[80.7546,25.3066],[80.7784,25.2971],[80.7827,25.2752],[80.8112,25.2617],[80.7995,25.2432],[80.7898,25.2569],[80.7787,25.2625],[80.7695,25.2545],[80.7471,25.2512],[80.7462,25.2433],[80.7499,25.242],[80.7441,25.2311],[80.7681,25.2225],[80.775,25.2248],[80.7777,25.2203],[80.7958,25.2201],[80.7917,25.2078],[80.7897,25.2112],[80.7641,25.2031],[80.7569,25.1881],[80.7509,25.189],[80.7441,25.1836],[80.7255,25.1904],[80.7138,25.1885],[80.706,25.1735],[80.7145,25.1662],[80.713,25.163],[80.7077,25.157],[80.6951,25.1564],[80.6866,25.142],[80.6839,25.132],[80.6946,25.124],[80.6917,25.1095],[80.7012,25.0966],[80.7133,25.0928],[80.7033,25.0824],[80.6957,25.085],[80.6933,25.0799],[80.7189,25.0638],[80.7326,25.0639],[80.7375,25.053],[80.7523,25.0569],[80.7659,25.0528],[80.7879,25.0617],[80.7834,25.076],[80.7574,25.0821],[80.7574,25.0909],[80.7369,25.0949],[80.7354,25.0894],[80.7255,25.0915],[80.7234,25.1051],[80.7311,25.1124],[80.7244,25.1216],[80.7066,25.1185],[80.7055,25.1297],[80.7184,25.1306],[80.7211,25.1389],[80.7214,25.1355],[80.7278,25.1377],[80.7302,25.1465],[80.735,25.1395],[80.7327,25.1334],[80.737,25.1355],[80.7421,25.1239],[80.7481,25.1309],[80.7609,25.1348],[80.772,25.1325],[80.7785,25.1425],[80.7862,25.1294],[80.7944,25.1303],[80.797,25.1367],[80.8068,25.137],[80.8152,25.1315],[80.8119,25.1242],[80.8264,25.1208],[80.8302,25.1001],[80.8408,25.1089],[80.8366,25.1336],[80.8401,25.156],[80.8483,25.1666],[80.8382,25.1801],[80.8443,25.1869],[80.8573,25.1807],[80.8635,25.1827],[80.8694,25.1744],[80.8845,25.1874],[80.8816,25.1831],[80.9037,25.1587],[80.9076,25.1591],[80.9355,25.1667],[80.9453,25.1771],[80.9591,25.1833],[80.9637,25.193],[80.9878,25.197],[80.9906,25.2225],[80.9982,25.2197],[80.9965,25.2307],[81.0096,25.2439],[81.022,25.2396],[81.0316,25.2542],[81.0354,25.2568],[81.0366,25.2527],[81.0425,25.2609],[81.0563,25.2557],[81.0701,25.2599],[81.0777,25.2679],[81.0908,25.2628],[81.0868,25.2773],[81.1143,25.2674],[81.1218,25.2776],[81.1427,25.2828],[81.1446,25.2926],[81.13,25.3029],[81.1272,25.3194],[81.1323,25.3345],[81.122,25.366],[81.1295,25.37],[81.1198,25.3864],[81.1442,25.3818],[81.1496,25.3972],[81.1467,25.4106],[81.1518,25.4276],[81.1877,25.4476],[81.1956,25.4632],[81.1892,25.4902],[81.1372,25.5088],[81.0367,25.5305],[81.0206,25.5471]]]}},{"type":"Feature","properties":{"ac_name":"SAKALDIHA","ac_no":381,"ac_category":"GEN","st_name":"UTTAR PRADESH"},"geometry":{"type":"Polygon","coordinates":[[[83.1778,25.5221],[83.1647,25.491],[83.1449,25.479],[83.1282,25.4597],[83.1271,25.4436],[83.1427,25.4335],[83.1587,25.4314],[83.1862,25.4187],[83.1827,25.3868],[83.1692,25.3523],[83.156,25.3343],[83.1373,25.3228],[83.1353,25.3056],[83.1499,25.3019],[83.1442,25.2912],[83.151,25.289],[83.1511,25.2779],[83.141,25.2793],[83.1499,25.2726],[83.149,25.2649],[83.1557,25.2654],[83.1594,25.2596],[83.1844,25.2505],[83.1888,25.2605],[83.2038,25.2563],[83.2068,25.2618],[83.2142,25.2595],[83.2174,25.2657],[83.2336,25.2741],[83.2535,25.2704],[83.2687,25.2757],[83.2823,25.2711],[83.3031,25.2758],[83.3113,25.2628],[83.3077,25.2532],[83.3148,25.2532],[83.3186,25.2605],[83.3291,25.261],[83.332,25.28],[83.3411,25.2853],[83.3353,25.2985],[83.3375,25.3117],[83.3406,25.3107],[83.3351,25.3315],[83.3477,25.3353],[83.3336,25.3462],[83.3327,25.3407],[83.3235,25.3351],[83.3202,25.3389],[83.3154,25.3357],[83.2969,25.3378],[83.3025,25.3483],[83.3008,25.3592],[83.2875,25.3581],[83.2915,25.3693],[83.2831,25.3797],[83.2944,25.3912],[83.2869,25.4015],[83.2923,25.4209],[83.2828,25.4232],[83.2726,25.4193],[83.2708,25.4256],[83.2767,25.4308],[83.2691,25.4369],[83.261,25.4321],[83.2619,25.4373],[83.2559,25.4365],[83.2561,25.4521],[83.2463,25.4525],[83.2439,25.4701],[83.2781,25.4731],[83.2951,25.4958],[83.2469,25.5227],[83.2162,25.5332],[83.1914,25.5334],[83.1778,25.5221]]]}},{"type":"Feature","properties":{"ac_name":"MANJHANPUR","ac_no":252,"ac_category":"SC","st_name":"UTTAR PRADESH"},"geometry":{"type":"Polygon","coordinates":[[[81.3778,25.5365],[81.3595,25.5352],[81.3407,25.5249],[81.319,25.5248],[81.2978,25.5344],[81.277,25.5192],[81.2642,25.5258],[81.2495,25.522],[81.2516,25.5132],[81.2697,25.504],[81.2594,25.4899],[81.2483,25.4921],[81.2418,25.4827],[81.2348,25.4847],[81.2164,25.4488],[81.2219,25.4387],[81.2049,25.4496],[81.1877,25.4476],[81.1518,25.4276],[81.1467,25.4106],[81.1496,25.3972],[81.1754,25.3759],[81.2428,25.3584],[81.2663,25.3254],[81.2758,25.3268],[81.2903,25.3406],[81.3044,25.34],[81.3311,25.3489],[81.3877,25.3342],[81.3989,25.3259],[81.402,25.3146],[81.3993,25.303],[81.3839,25.2837],[81.3885,25.2734],[81.4246,25.2687],[81.4548,25.2583],[81.4657,25.2606],[81.471,25.2676],[81.4978,25.2679],[81.4926,25.2742],[81.4965,25.291],[81.4888,25.2951],[81.4831,25.3144],[81.4874,25.3456],[81.4822,25.3697],[81.4908,25.3864],[81.5017,25.395],[81.5142,25.3976],[81.5341,25.4199],[81.5211,25.4391],[81.5347,25.4556],[81.5231,25.4639],[81.5254,25.4743],[81.4831,25.5004],[81.4706,25.5156],[81.4551,25.5119],[81.4457,25.5306],[81.3778,25.5365]]]}},{"type":"Feature","properties":{"ac_name":"BHADOHI","ac_no":392,"ac_category":"GEN","st_name":"UTTAR PRADESH"},"geometry":{"type":"Polygon","coordinates":[[[82.3323,25.5354],[82.3251,25.5306],[82.3391,25.5094],[82.336,25.5014],[82.3248,25.5012],[82.3168,25.5204],[82.2989,25.5215],[82.296,25.5145],[82.3113,25.5081],[82.3158,25.5004],[82.3058,25.4942],[82.2864,25.4987],[82.2828,25.4851],[82.2887,25.4797],[82.3071,25.4833],[82.3112,25.4736],[82.3074,25.4615],[82.3237,25.4544],[82.3246,25.4474],[82.3319,25.4492],[82.3421,25.4407],[82.3564,25.4425],[82.3704,25.4289],[82.377,25.4283],[82.3805,25.4342],[82.3741,25.4477],[82.3894,25.4459],[82.3966,25.4467],[82.4012,25.4387],[82.4129,25.4413],[82.4142,25.4372],[82.4008,25.4313],[82.4102,25.4228],[82.3989,25.41],[82.3882,25.4188],[82.3788,25.4071],[82.3846,25.393],[82.3924,25.3891],[82.3987,25.395],[82.4128,25.3932],[82.4178,25.3965],[82.4146,25.4029],[82.4203,25.4168],[82.4334,25.424],[82.4318,25.4156],[82.45,25.407],[82.4415,25.3988],[82.4456,25.3896],[82.4521,25.3912],[82.452,25.3972],[82.4564,25.3963],[82.4723,25.3827],[82.4619,25.3655],[82.4757,25.3605],[82.4764,25.3523],[82.4676,25.3563],[82.4711,25.3465],[82.501,25.346],[82.4986,25.3422],[82.4868,25.3431],[82.4956,25.3399],[82.4939,25.3373],[82.4729,25.339],[82.4728,25.3276],[82.4882,25.3218],[82.4922,25.3224],[82.4908,25.3299],[82.5035,25.3282],[82.506,25.3221],[82.5107,25.3231],[82.5201,25.3144],[82.5408,25.3109],[82.5472,25.3123],[82.5492,25.3197],[82.5704,25.3247],[82.5767,25.3105],[82.5854,25.3074],[82.6133,25.308],[82.6195,25.3025],[82.6389,25.2992],[82.6513,25.3042],[82.6625,25.302],[82.6681,25.3125],[82.6903,25.3006],[82.7033,25.3221],[82.6863,25.3326],[82.6871,25.344],[82.6823,25.3496],[82.6996,25.3647],[82.7062,25.3592],[82.7045,25.37],[82.7097,25.3868],[82.7058,25.3886],[82.6942,25.3947],[82.6692,25.4004],[82.6196,25.3935],[82.6214,25.4037],[82.6281,25.4048],[82.6354,25.3998],[82.6393,25.404],[82.6383,25.408],[82.6182,25.4158],[82.6012,25.4129],[82.6012,25.4248],[82.614,25.4364],[82.6096,25.4493],[82.5864,25.4535],[82.582,25.4495],[82.5855,25.4327],[82.5764,25.4148],[82.5697,25.4179],[82.5678,25.4447],[82.5605,25.4575],[82.5466,25.4627],[82.5454,25.4532],[82.5574,25.4452],[82.5488,25.4366],[82.5263,25.443],[82.5176,25.4414],[82.5082,25.4704],[82.4996,25.4789],[82.4905,25.4781],[82.4778,25.4692],[82.4702,25.4698],[82.4658,25.4783],[82.4802,25.4868],[82.4494,25.4954],[82.4433,25.5185],[82.425,25.5157],[82.4245,25.5089],[82.4163,25.5054],[82.4182,25.5004],[82.4125,25.4955],[82.3968,25.5196],[82.3885,25.5122],[82.3812,25.5176],[82.3722,25.5177],[82.3755,25.5082],[82.3568,25.5089],[82.3416,25.5342],[82.3323,25.5354]]]}},{"type":"Feature","properties":{"ac_name":"ALLAHABAD NORTH","ac_no":262,"ac_category":"GEN","st_name":"UTTAR PRADESH"},"geometry":{"type":"Polygon","coordinates":[[[81.8783,25.5134],[81.8648,25.5198],[81.8514,25.5177],[81.8428,25.5129],[81.8336,25.4986],[81.84,25.4777],[81.8376,25.469],[81.8424,25.4666],[81.837,25.4558],[81.8557,25.4556],[81.8743,25.4541],[81.8934,25.4545],[81.8953,25.4418],[81.9089,25.4716],[81.8783,25.5134]]]}},{"type":"Feature","properties":{"ac_name":"SAIYADRAJA","ac_no":382,"ac_category":"GEN","st_name":"UTTAR PRADESH"},"geometry":{"type":"Polygon","coordinates":[[[83.2951,25.4958],[83.2781,25.4731],[83.2439,25.4701],[83.2463,25.4525],[83.2561,25.4521],[83.2559,25.4365],[83.2619,25.4373],[83.261,25.4321],[83.2691,25.4369],[83.2767,25.4308],[83.2708,25.4256],[83.2726,25.4193],[83.2828,25.4232],[83.2923,25.4209],[83.2869,25.4015],[83.2944,25.3912],[83.2831,25.3797],[83.2915,25.3693],[83.2875,25.3581],[83.3008,25.3592],[83.3025,25.3483],[83.2969,25.3378],[83.3154,25.3357],[83.3202,25.3389],[83.3235,25.3351],[83.3327,25.3407],[83.3336,25.3462],[83.3477,25.3353],[83.3351,25.3315],[83.3406,25.3107],[83.3375,25.3117],[83.3353,25.2985],[83.3411,25.2853],[83.332,25.28],[83.3291,25.261],[83.3186,25.2605],[83.3148,25.2532],[83.3151,25.2142],[83.3183,25.2161],[83.3266,25.2083],[83.3296,25.2116],[83.3313,25.2057],[83.349,25.2048],[83.3556,25.1964],[83.3574,25.1997],[83.3674,25.1956],[83.3825,25.2019],[83.3835,25.2114],[83.3896,25.2106],[83.3922,25.204],[83.3969,25.2158],[83.4022,25.2125],[83.4017,25.2088],[83.404,25.2126],[83.4024,25.2227],[83.4096,25.2295],[83.4071,25.2389],[83.4139,25.2354],[83.4099,25.2462],[83.4185,25.2505],[83.4257,25.2458],[83.4251,25.2526],[83.4289,25.2538],[83.4369,25.2442],[83.4393,25.2582],[83.4436,25.2546],[83.4499,25.2611],[83.4625,25.2504],[83.4673,25.252],[83.4766,25.261],[83.4799,25.2678],[83.4769,25.2718],[83.4907,25.2849],[83.49,25.2893],[83.4934,25.2883],[83.492,25.2796],[83.5018,25.2876],[83.5057,25.2813],[83.509,25.2888],[83.5157,25.2849],[83.5267,25.2929],[83.5233,25.3026],[83.534,25.2974],[83.5379,25.3044],[83.5542,25.309],[83.5478,25.3139],[83.5369,25.3101],[83.5397,25.3157],[83.5296,25.324],[83.5364,25.3461],[83.5465,25.3456],[83.5463,25.3522],[83.5391,25.3553],[83.5374,25.3635],[83.5311,25.365],[83.5308,25.3719],[83.5225,25.38],[83.5301,25.3901],[83.498,25.4085],[83.4401,25.4538],[83.4042,25.494],[83.387,25.4947],[83.3626,25.4816],[83.3363,25.4636],[83.3214,25.4713],[83.2951,25.4958]]]}},{"type":"Feature","properties":{"ac_name":"ALLAHABAD WEST","ac_no":261,"ac_category":"GEN","st_name":"UTTAR PRADESH"},"geometry":{"type":"Polygon","coordinates":[[[81.8336,25.4986],[81.801,25.4801],[81.7996,25.4708],[81.8042,25.4618],[81.8052,25.4355],[81.8105,25.4288],[81.8227,25.4373],[81.8118,25.4401],[81.8514,25.4429],[81.8557,25.4556],[81.837,25.4558],[81.8424,25.4666],[81.8376,25.469],[81.84,25.4777],[81.8336,25.4986]]]}},{"type":"Feature","properties":{"ac_name":"BANDA","ac_no":235,"ac_category":"GEN","st_name":"UTTAR PRADESH"},"geometry":{"type":"Polygon","coordinates":[[[80.5271,25.4623],[80.5251,25.471],[80.5008,25.4784],[80.4936,25.4625],[80.4732,25.4633],[80.4475,25.4265],[80.4421,25.4245],[80.4371,25.4299],[80.4403,25.453],[80.4341,25.4515],[80.4309,25.4632],[80.4222,25.4571],[80.4022,25.4563],[80.3974,25.4465],[80.3867,25.4414],[80.3812,25.4444],[80.3832,25.4504],[80.3728,25.4467],[80.3538,25.4538],[80.355,25.466],[80.3182,25.4675],[80.2944,25.4106],[80.3149,25.3904],[80.3205,25.3675],[80.3097,25.3552],[80.3124,25.3443],[80.3228,25.3322],[80.3211,25.3111],[80.3109,25.2976],[80.3111,25.2862],[80.3255,25.2783],[80.3513,25.2774],[80.3568,25.2621],[80.3742,25.2439],[80.3811,25.2629],[80.3926,25.266],[80.393,25.277],[80.4047,25.283],[80.4127,25.2822],[80.4331,25.302],[80.4538,25.3001],[80.473,25.3078],[80.4691,25.2998],[80.4736,25.2981],[80.4996,25.3],[80.5134,25.3182],[80.5228,25.3169],[80.5286,25.307],[80.536,25.3088],[80.5397,25.3235],[80.5301,25.3406],[80.5357,25.3443],[80.5362,25.3512],[80.5449,25.3469],[80.555,25.3531],[80.5813,25.3489],[80.5828,25.366],[80.5941,25.3657],[80.6048,25.3479],[80.6121,25.3474],[80.6161,25.3521],[80.6275,25.3465],[80.627,25.338],[80.6517,25.3394],[80.6562,25.3426],[80.651,25.35],[80.6665,25.347],[80.7053,25.3566],[80.6895,25.3835],[80.6937,25.4005],[80.6703,25.4052],[80.6595,25.4016],[80.6547,25.4077],[80.6429,25.4107],[80.6424,25.4197],[80.6241,25.4469],[80.6038,25.4429],[80.5806,25.4474],[80.5696,25.4617],[80.5588,25.4438],[80.5451,25.4383],[80.5394,25.4439],[80.5396,25.4554],[80.5286,25.4516],[80.5271,25.4623]]]}},{"type":"Feature","properties":{"ac_name":"HANDIA","ac_no":258,"ac_category":"GEN","st_name":"UTTAR PRADESH"},"geometry":{"type":"Polygon","coordinates":[[[82.3319,25.4492],[82.3246,25.4474],[82.3237,25.4544],[82.3074,25.4615],[82.3112,25.4736],[82.3071,25.4833],[82.2887,25.4797],[82.2823,25.4752],[82.2687,25.4786],[82.2671,25.4734],[82.274,25.4697],[82.2574,25.4667],[82.2627,25.4575],[82.2571,25.4572],[82.2569,25.4475],[82.2489,25.4517],[82.237,25.4501],[82.2368,25.4452],[82.2457,25.4432],[82.253,25.4336],[82.2536,25.4265],[82.2392,25.4187],[82.2272,25.4198],[82.2227,25.4138],[82.1968,25.4221],[82.1822,25.4184],[82.1753,25.4256],[82.174,25.4192],[82.1681,25.4189],[82.1672,25.411],[82.1617,25.41],[82.1632,25.4026],[82.1562,25.3998],[82.1683,25.3928],[82.182,25.4009],[82.205,25.3876],[82.206,25.3722],[82.2118,25.3659],[82.1985,25.365],[82.2249,25.3492],[82.2214,25.3395],[82.2162,25.3379],[82.2067,25.3451],[82.1988,25.3409],[82.1868,25.3437],[82.1872,25.3516],[82.1718,25.3626],[82.1636,25.3542],[82.1513,25.354],[82.1435,25.3553],[82.1394,25.364],[82.1327,25.3575],[82.1224,25.3639],[82.1059,25.363],[82.0972,25.3743],[82.094,25.3702],[82.0965,25.3671],[82.0733,25.3401],[82.0708,25.3267],[82.0774,25.3203],[82.0778,25.2878],[82.0907,25.2811],[82.1016,25.2836],[82.152,25.3209],[82.1707,25.3244],[82.2079,25.303],[82.2218,25.2734],[82.2224,25.2777],[82.2516,25.2724],[82.2616,25.2923],[82.2692,25.2909],[82.2799,25.2987],[82.29,25.2971],[82.294,25.3039],[82.2992,25.3024],[82.3047,25.3116],[82.3005,25.3144],[82.3003,25.3245],[82.3117,25.3265],[82.319,25.3421],[82.3083,25.3667],[82.3181,25.3752],[82.3183,25.3823],[82.3128,25.387],[82.3179,25.3958],[82.3245,25.3923],[82.3282,25.4007],[82.3408,25.3992],[82.3515,25.4172],[82.3421,25.4407],[82.3319,25.4492]]]}},{"type":"Feature","properties":{"ac_name":"ALLAHABAD SOUTH","ac_no":263,"ac_category":"GEN","st_name":"UTTAR PRADESH"},"geometry":{"type":"Polygon","coordinates":[[[81.8743,25.4541],[81.8557,25.4556],[81.8514,25.4429],[81.8118,25.4401],[81.8227,25.4373],[81.8105,25.4288],[81.8214,25.4129],[81.8277,25.4123],[81.8563,25.4295],[81.8541,25.3966],[81.8654,25.3918],[81.8674,25.398],[81.8756,25.396],[81.8814,25.4025],[81.8729,25.4167],[81.8793,25.4289],[81.8953,25.4418],[81.8934,25.4545],[81.8743,25.4541]]]}},{"type":"Feature","properties":{"ac_name":"SHIVPUR","ac_no":386,"ac_category":"GEN","st_name":"UTTAR PRADESH"},"geometry":{"type":"Polygon","coordinates":[[[83.1271,25.4436],[83.1035,25.4466],[83.101,25.4395],[83.0878,25.4475],[83.0669,25.4514],[83.0606,25.4463],[83.0563,25.4512],[83.044,25.4534],[83.0424,25.4397],[83.0315,25.4329],[83.015,25.4367],[83.0137,25.448],[82.9963,25.4505],[82.9894,25.4441],[82.9899,25.4384],[82.9761,25.4354],[82.9766,25.4282],[82.9697,25.4249],[82.9735,25.4],[82.9531,25.3977],[82.9507,25.4057],[82.932,25.4048],[82.9279,25.3973],[82.9338,25.3813],[82.9131,25.3731],[82.9342,25.3648],[82.9348,25.3543],[82.9219,25.3548],[82.915,25.3604],[82.9167,25.3343],[82.8988,25.3382],[82.882,25.3371],[82.8791,25.3331],[82.8862,25.3087],[82.8922,25.3142],[82.9073,25.3158],[82.9464,25.3062],[82.9461,25.3113],[82.9594,25.3147],[82.9513,25.3194],[82.9538,25.3233],[82.9654,25.3261],[82.965,25.3413],[82.9565,25.3339],[82.9466,25.3416],[82.9444,25.3456],[82.9487,25.3507],[82.9301,25.3725],[82.9808,25.37],[82.9887,25.3659],[83.0017,25.3711],[83.0069,25.3855],[83.0301,25.3846],[83.0262,25.3609],[83.0292,25.3417],[83.0367,25.3426],[83.0375,25.3333],[83.0383,25.3284],[83.0433,25.3318],[83.046,25.3275],[83.0988,25.3318],[83.1373,25.3228],[83.156,25.3343],[83.1692,25.3523],[83.1827,25.3868],[83.1862,25.4187],[83.1587,25.4314],[83.1427,25.4335],[83.1271,25.4436]]]}},{"type":"Feature","properties":{"ac_name":"GYANPUR","ac_no":393,"ac_category":"GEN","st_name":"UTTAR PRADESH"},"geometry":{"type":"Polygon","coordinates":[[[82.3894,25.4459],[82.3741,25.4477],[82.3805,25.4342],[82.377,25.4283],[82.3704,25.4289],[82.3564,25.4425],[82.3421,25.4407],[82.3515,25.4172],[82.3408,25.3992],[82.3282,25.4007],[82.3245,25.3923],[82.3179,25.3958],[82.3128,25.387],[82.3183,25.3823],[82.3181,25.3752],[82.3083,25.3667],[82.319,25.3421],[82.3117,25.3265],[82.3003,25.3245],[82.3005,25.3144],[82.3047,25.3116],[82.2992,25.3024],[82.294,25.3039],[82.29,25.2971],[82.2799,25.2987],[82.2692,25.2909],[82.2616,25.2923],[82.2516,25.2724],[82.2224,25.2777],[82.2218,25.2734],[82.2117,25.2475],[82.197,25.2282],[82.196,25.2106],[82.201,25.1941],[82.2266,25.1788],[82.2683,25.1827],[82.2827,25.1878],[82.2869,25.1964],[82.2787,25.203],[82.2499,25.2066],[82.2642,25.2126],[82.2486,25.2398],[82.2599,25.2626],[82.2684,25.269],[82.2861,25.2721],[82.3039,25.2681],[82.3167,25.2518],[82.3314,25.2102],[82.3466,25.207],[82.3625,25.2129],[82.3753,25.2531],[82.3903,25.2594],[82.4105,25.2529],[82.4276,25.254],[82.4292,25.261],[82.4152,25.264],[82.4148,25.2733],[82.4213,25.2823],[82.4343,25.2874],[82.4287,25.2958],[82.4345,25.2964],[82.4348,25.3012],[82.4386,25.2993],[82.4431,25.3238],[82.4489,25.3237],[82.4551,25.3085],[82.4609,25.3092],[82.4549,25.3292],[82.4666,25.3294],[82.4691,25.3357],[82.4582,25.3464],[82.4619,25.3655],[82.4723,25.3827],[82.4564,25.3963],[82.452,25.3972],[82.4521,25.3912],[82.4456,25.3896],[82.4415,25.3988],[82.45,25.407],[82.4318,25.4156],[82.4334,25.424],[82.4203,25.4168],[82.4146,25.4029],[82.4178,25.3965],[82.4128,25.3932],[82.3987,25.395],[82.3924,25.3891],[82.3846,25.393],[82.3788,25.4071],[82.3882,25.4188],[82.3989,25.41],[82.4102,25.4228],[82.4008,25.4313],[82.4142,25.4372],[82.4129,25.4413],[82.4012,25.4387],[82.3966,25.4467],[82.3894,25.4459]]]}},{"type":"Feature","properties":{"ac_name":"KARACHHANA","ac_no":260,"ac_category":"GEN","st_name":"UTTAR PRADESH"},"geometry":{"type":"Polygon","coordinates":[[[81.8214,25.4129],[81.7937,25.3773],[81.8131,25.3482],[81.8131,25.3393],[81.8289,25.3395],[81.8299,25.3453],[81.8508,25.3314],[81.8597,25.3335],[81.8666,25.3437],[81.8772,25.3443],[81.8732,25.3373],[81.8834,25.3357],[81.8695,25.329],[81.8763,25.3177],[81.869,25.308],[81.8781,25.3058],[81.882,25.2911],[81.8889,25.2888],[81.8895,25.2783],[81.9061,25.2695],[81.9082,25.2648],[81.902,25.2601],[81.9061,25.2461],[81.9141,25.246],[81.9135,25.2336],[81.9247,25.2323],[81.9344,25.2245],[81.9462,25.225],[81.9382,25.2149],[81.9315,25.185],[81.9373,25.1836],[81.94,25.1724],[81.9644,25.1559],[81.9932,25.164],[82.0207,25.1958],[82.0317,25.1826],[82.0415,25.1844],[82.0443,25.2074],[82.0318,25.2209],[82.0298,25.2296],[82.0341,25.2437],[82.0461,25.2537],[82.0415,25.2678],[82.0546,25.2784],[82.0778,25.2878],[82.0774,25.3203],[82.0708,25.3267],[82.0733,25.3401],[82.0365,25.3476],[81.9886,25.3249],[81.9521,25.3327],[81.95,25.3371],[81.9546,25.3363],[81.9559,25.3423],[81.9502,25.3611],[81.9193,25.3752],[81.8991,25.4117],[81.8793,25.4289],[81.8729,25.4167],[81.8814,25.4025],[81.8756,25.396],[81.8674,25.398],[81.8654,25.3918],[81.8541,25.3966],[81.8563,25.4295],[81.8277,25.4123],[81.8214,25.4129]]]}},{"type":"Feature","properties":{"ac_name":"NARAINI","ac_no":234,"ac_category":"SC","st_name":"UTTAR PRADESH"},"geometry":{"type":"Polygon","coordinates":[[[80.7483,25.4077],[80.7233,25.4193],[80.7122,25.4085],[80.6937,25.4005],[80.6895,25.3835],[80.7053,25.3566],[80.6665,25.347],[80.651,25.35],[80.6562,25.3426],[80.6517,25.3394],[80.627,25.338],[80.6275,25.3465],[80.6161,25.3521],[80.6121,25.3474],[80.6048,25.3479],[80.5941,25.3657],[80.5828,25.366],[80.5813,25.3489],[80.555,25.3531],[80.5449,25.3469],[80.5362,25.3512],[80.5357,25.3443],[80.5301,25.3406],[80.5397,25.3235],[80.536,25.3088],[80.5286,25.307],[80.5228,25.3169],[80.5134,25.3182],[80.4996,25.3],[80.4736,25.2981],[80.4691,25.2998],[80.473,25.3078],[80.4538,25.3001],[80.4331,25.302],[80.4127,25.2822],[80.4047,25.283],[80.393,25.277],[80.3926,25.266],[80.3811,25.2629],[80.3742,25.2439],[80.3858,25.2366],[80.3963,25.2464],[80.4037,25.2435],[80.4105,25.2239],[80.4076,25.2178],[80.4262,25.1901],[80.4306,25.1732],[80.4194,25.163],[80.3898,25.1582],[80.3764,25.1457],[80.3637,25.1447],[80.3548,25.1385],[80.3547,25.1264],[80.376,25.1164],[80.3706,25.0997],[80.3567,25.095],[80.3485,25.0866],[80.3516,25.0814],[80.3458,25.0651],[80.3559,25.0616],[80.3555,25.0556],[80.3436,25.0533],[80.3368,25.0591],[80.3314,25.0479],[80.3212,25.0499],[80.3113,25.0444],[80.2904,25.0596],[80.2848,25.0542],[80.2877,25.0383],[80.2735,25.0261],[80.2994,25.0158],[80.3078,25.0061],[80.3218,25.0003],[80.3346,25.0003],[80.3475,25.0177],[80.3574,25.0117],[80.363,25.0236],[80.3775,25.0193],[80.3781,25.0043],[80.387,25.0042],[80.3963,25.0119],[80.385,25.0183],[80.3868,25.0238],[80.3776,25.0269],[80.3831,25.0353],[80.3872,25.0324],[80.3896,25.0356],[80.3852,25.0419],[80.3705,25.0428],[80.3735,25.056],[80.3878,25.0509],[80.3921,25.0638],[80.3995,25.0645],[80.4005,25.0696],[80.4023,25.0657],[80.405,25.0679],[80.4085,25.0552],[80.4129,25.0574],[80.4162,25.0727],[80.4323,25.0658],[80.4395,25.0752],[80.4488,25.0787],[80.4523,25.0748],[80.4462,25.0711],[80.4514,25.0689],[80.4512,25.0623],[80.4618,25.0681],[80.4663,25.065],[80.4751,25.038],[80.4883,25.0436],[80.5024,25.0373],[80.4954,25.0291],[80.4849,25.0336],[80.4746,25.0305],[80.4542,25.0423],[80.4327,25.0238],[80.4433,25.0212],[80.4477,25.0141],[80.4519,25.0154],[80.4545,25.006],[80.4364,25.0016],[80.4371,24.9947],[80.4449,24.9946],[80.4474,25.0018],[80.4625,25.0026],[80.464,24.9956],[80.4555,24.991],[80.4594,24.9848],[80.456,24.9818],[80.4656,24.9757],[80.4774,24.9763],[80.4804,24.9867],[80.4965,24.994],[80.4993,25.0063],[80.5147,25.003],[80.5177,25.0088],[80.5308,25.0014],[80.5495,25.0026],[80.5412,25.0173],[80.5476,25.0256],[80.5463,25.0323],[80.5141,25.0434],[80.5007,25.0414],[80.5,25.0495],[80.5092,25.0588],[80.4966,25.0728],[80.5034,25.0728],[80.507,25.0838],[80.4983,25.0871],[80.4997,25.1004],[80.5196,25.0937],[80.5219,25.0758],[80.5337,25.0702],[80.5407,25.0717],[80.5458,25.0644],[80.5521,25.063],[80.5676,25.0733],[80.5687,25.0872],[80.5761,25.0814],[80.5955,25.0793],[80.6045,25.0693],[80.6149,25.0666],[80.6068,25.0866],[80.5984,25.0874],[80.5975,25.0795],[80.5923,25.0897],[80.5979,25.0889],[80.5924,25.1033],[80.598,25.1145],[80.6075,25.118],[80.5952,25.1272],[80.6021,25.1504],[80.6085,25.1499],[80.6132,25.1428],[80.6115,25.1278],[80.6227,25.1349],[80.6348,25.1282],[80.6358,25.1132],[80.6277,25.1171],[80.6192,25.1004],[80.608,25.0982],[80.6273,25.0833],[80.6291,25.0903],[80.6393,25.0872],[80.6419,25.092],[80.641,25.0872],[80.6589,25.0836],[80.6617,25.0676],[80.6728,25.0825],[80.6844,25.077],[80.684,25.0677],[80.6738,25.0605],[80.6757,25.0558],[80.6803,25.0578],[80.6795,25.0483],[80.7189,25.0638],[80.6933,25.0799],[80.6957,25.085],[80.7033,25.0824],[80.7133,25.0928],[80.7012,25.0966],[80.6917,25.1095],[80.6946,25.124],[80.6839,25.132],[80.6866,25.142],[80.6951,25.1564],[80.7077,25.157],[80.713,25.163],[80.7145,25.1662],[80.706,25.1735],[80.7138,25.1885],[80.7255,25.1904],[80.7441,25.1836],[80.7509,25.189],[80.7569,25.1881],[80.7641,25.2031],[80.7897,25.2112],[80.7917,25.2078],[80.7958,25.2201],[80.7777,25.2203],[80.775,25.2248],[80.7681,25.2225],[80.7441,25.2311],[80.7499,25.242],[80.7462,25.2433],[80.7471,25.2512],[80.7695,25.2545],[80.7787,25.2625],[80.7898,25.2569],[80.7995,25.2432],[80.8112,25.2617],[80.7827,25.2752],[80.7784,25.2971],[80.7546,25.3066],[80.76,25.3155],[80.7556,25.3202],[80.7687,25.3204],[80.7719,25.3295],[80.7894,25.3324],[80.7968,25.3416],[80.8027,25.334],[80.8178,25.3478],[80.823,25.3456],[80.8364,25.3505],[80.8434,25.3622],[80.8564,25.3675],[80.8558,25.3873],[80.831,25.403],[80.8116,25.4072],[80.7979,25.3891],[80.7886,25.3975],[80.791,25.4065],[80.773,25.3994],[80.7483,25.4077]]]}},{"type":"Feature","properties":{"ac_name":"SEVAPURI","ac_no":391,"ac_category":"GEN","st_name":"UTTAR PRADESH"},"geometry":{"type":"Polygon","coordinates":[[[82.8222,25.384],[82.8149,25.3999],[82.8082,25.4018],[82.7773,25.3729],[82.7298,25.393],[82.7058,25.3886],[82.7097,25.3868],[82.7045,25.37],[82.7062,25.3592],[82.6996,25.3647],[82.6823,25.3496],[82.6871,25.344],[82.6863,25.3326],[82.7033,25.3221],[82.6903,25.3006],[82.6896,25.2809],[82.6851,25.2774],[82.6737,25.279],[82.6688,25.2504],[82.6761,25.2487],[82.6813,25.258],[82.6885,25.2569],[82.6929,25.2619],[82.713,25.2615],[82.7141,25.2505],[82.7354,25.2533],[82.7399,25.2434],[82.7478,25.2385],[82.7562,25.2422],[82.7605,25.2664],[82.7735,25.2661],[82.7755,25.2708],[82.7813,25.2648],[82.7709,25.2627],[82.7711,25.2561],[82.7814,25.2496],[82.7756,25.2342],[82.7804,25.2289],[82.792,25.2282],[82.7851,25.2358],[82.7884,25.2386],[82.7846,25.24],[82.7845,25.2492],[82.7984,25.2499],[82.808,25.2574],[82.8197,25.2557],[82.816,25.2455],[82.8104,25.2455],[82.8089,25.2349],[82.8171,25.2287],[82.8042,25.2192],[82.8142,25.2119],[82.8157,25.2045],[82.7909,25.2095],[82.7827,25.2033],[82.7868,25.2032],[82.7908,25.1923],[82.8027,25.1885],[82.7936,25.1777],[82.8035,25.1699],[82.8084,25.189],[82.8245,25.1841],[82.8238,25.1797],[82.8356,25.1729],[82.8339,25.1692],[82.846,25.1645],[82.861,25.169],[82.8668,25.1856],[82.8431,25.1992],[82.8472,25.2101],[82.8574,25.2173],[82.8608,25.2493],[82.8684,25.248],[82.8678,25.2532],[82.8506,25.2526],[82.851,25.2607],[82.8449,25.2598],[82.8446,25.267],[82.8413,25.2654],[82.8429,25.2908],[82.8492,25.2946],[82.8459,25.2993],[82.8529,25.3073],[82.8357,25.3087],[82.834,25.3292],[82.8495,25.3352],[82.8512,25.3403],[82.8311,25.3539],[82.8276,25.3853],[82.8222,25.384]]]}},{"type":"Feature","properties":{"ac_name":"MANIKPUR","ac_no":237,"ac_category":"GEN","st_name":"UTTAR PRADESH"},"geometry":{"type":"Polygon","coordinates":[[[81.4978,25.2679],[81.471,25.2676],[81.4657,25.2606],[81.4548,25.2583],[81.4246,25.2687],[81.3885,25.2734],[81.3839,25.2837],[81.3993,25.303],[81.402,25.3146],[81.3989,25.3259],[81.3877,25.3342],[81.3311,25.3489],[81.3044,25.34],[81.2903,25.3406],[81.2758,25.3268],[81.2663,25.3254],[81.2428,25.3584],[81.1754,25.3759],[81.1496,25.3972],[81.1442,25.3818],[81.1198,25.3864],[81.1295,25.37],[81.122,25.366],[81.1323,25.3345],[81.1272,25.3194],[81.13,25.3029],[81.1446,25.2926],[81.1427,25.2828],[81.1218,25.2776],[81.1143,25.2674],[81.0868,25.2773],[81.0908,25.2628],[81.0777,25.2679],[81.0701,25.2599],[81.0563,25.2557],[81.0425,25.2609],[81.0366,25.2527],[81.0354,25.2568],[81.0316,25.2542],[81.022,25.2396],[81.0096,25.2439],[80.9965,25.2307],[80.9982,25.2197],[80.9906,25.2225],[80.9878,25.197],[80.9637,25.193],[80.9591,25.1833],[80.9453,25.1771],[80.9355,25.1667],[80.9076,25.1591],[80.9129,25.1592],[80.8955,25.1346],[80.8889,25.1324],[80.8795,25.1383],[80.8788,25.1253],[80.8687,25.1161],[80.8797,25.0985],[80.8679,25.0746],[80.877,25.0729],[80.8778,25.0651],[80.8468,25.0447],[80.841,25.034],[80.832,25.033],[80.8554,25.0036],[80.8516,24.9885],[80.8332,24.9824],[80.8258,24.9764],[80.8242,24.968],[80.816,24.9661],[80.8113,24.9703],[80.7921,24.9646],[80.8099,24.9526],[80.8058,24.9435],[80.8083,24.9385],[80.8201,24.9329],[80.8119,24.9225],[80.8364,24.9199],[80.8373,24.9283],[80.8514,24.9315],[80.861,24.9288],[80.8812,24.9353],[80.8791,24.9393],[80.8923,24.9452],[80.9061,24.935],[80.8985,24.943],[80.8989,24.9486],[80.9462,24.9664],[80.9539,24.954],[80.9474,24.9409],[80.9586,24.9391],[80.9569,24.9179],[80.9657,24.9262],[80.9646,24.9301],[80.9733,24.9343],[80.9857,24.933],[80.9827,24.9271],[80.9872,24.9233],[81.0046,24.9373],[81.0131,24.9279],[81.0171,24.9312],[81.023,24.9277],[81.0286,24.9335],[81.0133,24.9479],[81.0163,24.9515],[81.0253,24.9401],[81.0258,24.9488],[81.0333,24.9528],[81.0845,24.9499],[81.0902,24.9453],[81.0873,24.9328],[81.1125,24.9074],[81.1181,24.9079],[81.1229,24.8993],[81.14,24.8881],[81.1453,24.9103],[81.1602,24.9136],[81.1584,24.9234],[81.1638,24.9285],[81.1646,24.947],[81.172,24.9573],[81.1791,24.9499],[81.185,24.9521],[81.2069,24.9305],[81.2001,24.9317],[81.1921,24.9257],[81.21,24.9227],[81.2195,24.9287],[81.2204,24.9348],[81.2153,24.9329],[81.2112,24.9462],[81.2141,24.9581],[81.207,24.9645],[81.2209,24.976],[81.2089,24.9928],[81.2131,25.0003],[81.2211,24.9976],[81.2473,25.0317],[81.2482,25.0402],[81.2639,25.0602],[81.2621,25.0654],[81.2689,25.0746],[81.2596,25.0825],[81.2668,25.0917],[81.2522,25.1093],[81.2533,25.1151],[81.2617,25.1174],[81.2649,25.124],[81.2663,25.1467],[81.2818,25.1596],[81.2751,25.1705],[81.2776,25.173],[81.2896,25.1687],[81.3137,25.1707],[81.312,25.1446],[81.3215,25.1199],[81.3311,25.1218],[81.3189,25.1509],[81.3197,25.1638],[81.3349,25.1762],[81.3458,25.1687],[81.3575,25.17],[81.3691,25.1507],[81.3757,25.1486],[81.3712,25.1418],[81.3823,25.143],[81.3926,25.1378],[81.3991,25.1264],[81.4141,25.1279],[81.4061,25.1382],[81.4293,25.1377],[81.4385,25.1372],[81.4472,25.1143],[81.4072,25.1122],[81.4287,25.1047],[81.4647,25.0973],[81.4691,25.087],[81.4893,25.0798],[81.4959,25.0872],[81.501,25.0771],[81.5003,25.0965],[81.5182,25.1009],[81.4984,25.1052],[81.4966,25.115],[81.4842,25.1229],[81.4876,25.1307],[81.4796,25.1394],[81.4853,25.1417],[81.4962,25.1358],[81.4979,25.1507],[81.4981,25.1441],[81.4995,25.1488],[81.5185,25.1431],[81.5273,25.1382],[81.5311,25.1451],[81.5226,25.1464],[81.5365,25.1605],[81.5146,25.1737],[81.5146,25.1841],[81.5399,25.1806],[81.5402,25.1859],[81.5397,25.1905],[81.517,25.1963],[81.5171,25.2098],[81.5227,25.2358],[81.5521,25.2336],[81.5624,25.239],[81.5521,25.2552],[81.5538,25.2802],[81.5499,25.292],[81.5278,25.278],[81.4978,25.2679]]]}},{"type":"Feature","properties":{"ac_name":"ROHANIYA","ac_no":387,"ac_category":"GEN","st_name":"UTTAR PRADESH"},"geometry":{"type":"Polygon","coordinates":[[[82.8635,25.3771],[82.8567,25.3807],[82.8559,25.3951],[82.8276,25.3853],[82.8311,25.3539],[82.8512,25.3403],[82.8495,25.3352],[82.834,25.3292],[82.8357,25.3087],[82.8529,25.3073],[82.8459,25.2993],[82.8492,25.2946],[82.8429,25.2908],[82.8413,25.2654],[82.8446,25.267],[82.8449,25.2598],[82.851,25.2607],[82.8506,25.2526],[82.8678,25.2532],[82.8684,25.248],[82.8608,25.2493],[82.8574,25.2173],[82.8472,25.2101],[82.8431,25.1992],[82.8668,25.1856],[82.8736,25.1901],[82.8675,25.1936],[82.8716,25.2013],[82.8841,25.1997],[82.8886,25.2103],[82.8964,25.2088],[82.9003,25.2152],[82.9063,25.2112],[82.9216,25.213],[82.9332,25.2067],[83.0061,25.2048],[83.0262,25.2279],[83.0301,25.2434],[83.0141,25.2448],[82.9994,25.2408],[82.9948,25.2465],[83.0029,25.2665],[82.9719,25.2732],[82.9795,25.2986],[82.9739,25.302],[82.9749,25.316],[82.9654,25.3261],[82.9538,25.3233],[82.9513,25.3194],[82.9594,25.3147],[82.9461,25.3113],[82.9464,25.3062],[82.9073,25.3158],[82.8922,25.3142],[82.8862,25.3087],[82.8791,25.3331],[82.882,25.3371],[82.8988,25.3382],[82.9167,25.3343],[82.915,25.3604],[82.8856,25.3717],[82.8756,25.381],[82.8635,25.3771]]]}},{"type":"Feature","properties":{"ac_name":"VARANASI NORTH","ac_no":388,"ac_category":"GEN","st_name":"UTTAR PRADESH"},"geometry":{"type":"Polygon","coordinates":[[[83.0375,25.3333],[83.0367,25.3426],[83.0292,25.3417],[83.0262,25.3609],[83.0301,25.3846],[83.0069,25.3855],[83.0017,25.3711],[82.9887,25.3659],[82.9808,25.37],[82.9301,25.3725],[82.9487,25.3507],[82.9444,25.3456],[82.9466,25.3416],[82.9565,25.3339],[82.965,25.3413],[82.9654,25.3261],[82.9749,25.316],[83.0009,25.3175],[82.9981,25.3219],[83.0059,25.3227],[83.0095,25.3302],[83.0375,25.3333]]]}},{"type":"Feature","properties":{"ac_name":"AURAI","ac_no":394,"ac_category":"SC","st_name":"UTTAR PRADESH"},"geometry":{"type":"Polygon","coordinates":[[[82.4764,25.3523],[82.4757,25.3605],[82.4619,25.3655],[82.4582,25.3464],[82.4691,25.3357],[82.4666,25.3294],[82.4549,25.3292],[82.4609,25.3092],[82.4551,25.3085],[82.4489,25.3237],[82.4431,25.3238],[82.4386,25.2993],[82.4348,25.3012],[82.4345,25.2964],[82.4287,25.2958],[82.4343,25.2874],[82.4213,25.2823],[82.4148,25.2733],[82.4152,25.264],[82.4292,25.261],[82.4276,25.254],[82.4105,25.2529],[82.4369,25.2379],[82.4524,25.2189],[82.4667,25.2203],[82.4752,25.2433],[82.5048,25.2417],[82.504,25.2352],[82.5182,25.2328],[82.5204,25.2397],[82.5592,25.2376],[82.5641,25.245],[82.5739,25.243],[82.5765,25.2464],[82.5865,25.2494],[82.6143,25.2445],[82.6155,25.2259],[82.6363,25.2208],[82.643,25.24],[82.6415,25.2505],[82.646,25.2535],[82.6421,25.258],[82.654,25.2582],[82.6688,25.2504],[82.6737,25.279],[82.6851,25.2774],[82.6896,25.2809],[82.6903,25.3006],[82.6681,25.3125],[82.6625,25.302],[82.6513,25.3042],[82.6389,25.2992],[82.6195,25.3025],[82.6133,25.308],[82.5854,25.3074],[82.5767,25.3105],[82.5704,25.3247],[82.5492,25.3197],[82.5472,25.3123],[82.5408,25.3109],[82.5201,25.3144],[82.5107,25.3231],[82.506,25.3221],[82.5035,25.3282],[82.4908,25.3299],[82.4922,25.3224],[82.4882,25.3218],[82.4728,25.3276],[82.4729,25.339],[82.4939,25.3373],[82.4956,25.3399],[82.4868,25.3431],[82.4986,25.3422],[82.501,25.346],[82.4711,25.3465],[82.4676,25.3563],[82.4764,25.3523]]]}},{"type":"Feature","properties":{"ac_name":"BARA","ac_no":264,"ac_category":"SC","st_name":"UTTAR PRADESH"},"geometry":{"type":"Polygon","coordinates":[[[81.7499,25.3461],[81.6984,25.3574],[81.6295,25.351],[81.5986,25.3339],[81.5499,25.292],[81.5538,25.2802],[81.5521,25.2552],[81.5624,25.239],[81.5521,25.2336],[81.5227,25.2358],[81.5171,25.2098],[81.517,25.1963],[81.5397,25.1905],[81.5402,25.1859],[81.5558,25.1835],[81.5702,25.192],[81.5781,25.191],[81.5957,25.1818],[81.5886,25.1657],[81.612,25.1639],[81.6148,25.1693],[81.6263,25.1605],[81.6233,25.1409],[81.6147,25.1445],[81.5977,25.1313],[81.6023,25.1273],[81.5971,25.119],[81.6102,25.1124],[81.6084,25.0961],[81.6117,25.095],[81.6167,25.108],[81.6236,25.1114],[81.6206,25.1157],[81.6241,25.1201],[81.6328,25.1171],[81.6285,25.1066],[81.6407,25.0986],[81.6285,25.0951],[81.6159,25.0804],[81.6004,25.0739],[81.6176,25.061],[81.6104,25.0612],[81.6115,25.0565],[81.6269,25.0526],[81.6332,25.0594],[81.6414,25.0569],[81.6531,25.0713],[81.6663,25.0753],[81.6671,25.0613],[81.6818,25.0615],[81.6936,25.0489],[81.6887,25.0396],[81.7076,25.0351],[81.7215,25.0382],[81.724,25.0503],[81.7404,25.045],[81.7424,25.0388],[81.751,25.0408],[81.7681,25.0602],[81.8033,25.0826],[81.8081,25.0957],[81.7947,25.1119],[81.8048,25.1345],[81.8369,25.1544],[81.9057,25.1526],[81.9188,25.1617],[81.9315,25.185],[81.9382,25.2149],[81.9462,25.225],[81.9344,25.2245],[81.9247,25.2323],[81.9135,25.2336],[81.9141,25.246],[81.9061,25.2461],[81.902,25.2601],[81.9082,25.2648],[81.9061,25.2695],[81.8895,25.2783],[81.8889,25.2888],[81.882,25.2911],[81.8781,25.3058],[81.869,25.308],[81.8763,25.3177],[81.8695,25.329],[81.8834,25.3357],[81.8732,25.3373],[81.8772,25.3443],[81.8666,25.3437],[81.8597,25.3335],[81.8508,25.3314],[81.8299,25.3453],[81.8289,25.3395],[81.8131,25.3393],[81.8015,25.3231],[81.7872,25.3197],[81.7598,25.3427],[81.7499,25.3461]]]}},{"type":"Feature","properties":{"ac_name":"VARANASI SOUTH","ac_no":389,"ac_category":"GEN","st_name":"UTTAR PRADESH"},"geometry":{"type":"Polygon","coordinates":[[[83.0375,25.3333],[83.0095,25.3302],[83.0059,25.3227],[82.9981,25.3219],[83.0009,25.3175],[83.0054,25.3089],[83.0123,25.3073],[83.0247,25.319],[83.046,25.3275],[83.0433,25.3318],[83.0383,25.3284],[83.0375,25.3333]]]}},{"type":"Feature","properties":{"ac_name":"MUGHALSARAI","ac_no":380,"ac_category":"GEN","st_name":"UTTAR PRADESH"},"geometry":{"type":"Polygon","coordinates":[[[83.1373,25.3228],[83.0988,25.3318],[83.046,25.3275],[83.0247,25.319],[83.0123,25.3073],[83.0094,25.2963],[83.0291,25.2877],[83.047,25.2855],[83.0427,25.2704],[83.0505,25.2675],[83.0504,25.2581],[83.0675,25.252],[83.0632,25.2447],[83.046,25.2528],[83.0432,25.2483],[83.0344,25.252],[83.0301,25.2437],[83.0702,25.2297],[83.0731,25.2124],[83.0927,25.2119],[83.0911,25.2061],[83.1036,25.2012],[83.1222,25.203],[83.1249,25.1872],[83.1445,25.1843],[83.1586,25.1896],[83.1728,25.1864],[83.1807,25.1787],[83.1812,25.1687],[83.1747,25.1669],[83.1793,25.1634],[83.1775,25.1567],[83.2061,25.1607],[83.2163,25.174],[83.2346,25.1776],[83.2477,25.1882],[83.2584,25.1896],[83.2585,25.1938],[83.2517,25.1949],[83.2548,25.2002],[83.2331,25.2025],[83.2317,25.2251],[83.2383,25.2274],[83.244,25.24],[83.2567,25.241],[83.26,25.2463],[83.2708,25.2487],[83.2847,25.2454],[83.2899,25.2548],[83.3077,25.2532],[83.3113,25.2628],[83.3031,25.2758],[83.2823,25.2711],[83.2687,25.2757],[83.2535,25.2704],[83.2336,25.2741],[83.2174,25.2657],[83.2142,25.2595],[83.2068,25.2618],[83.2038,25.2563],[83.1888,25.2605],[83.1844,25.2505],[83.1594,25.2596],[83.1557,25.2654],[83.149,25.2649],[83.1499,25.2726],[83.141,25.2793],[83.1511,25.2779],[83.151,25.289],[83.1442,25.2912],[83.1499,25.3019],[83.1353,25.3056],[83.1373,25.3228]]]}},{"type":"Feature","properties":{"ac_name":"MEJA","ac_no":259,"ac_category":"GEN","st_name":"UTTAR PRADESH"},"geometry":{"type":"Polygon","coordinates":[[[82.2218,25.2734],[82.2079,25.303],[82.1707,25.3244],[82.152,25.3209],[82.1016,25.2836],[82.0907,25.2811],[82.0778,25.2878],[82.0546,25.2784],[82.0415,25.2678],[82.0461,25.2537],[82.0341,25.2437],[82.0298,25.2296],[82.0318,25.2209],[82.0443,25.2074],[82.0415,25.1844],[82.0317,25.1826],[82.0207,25.1958],[81.9932,25.164],[82.0186,25.1504],[82.0202,25.1624],[82.0359,25.1494],[82.0447,25.1566],[82.0525,25.1494],[82.0674,25.1465],[82.0642,25.1356],[82.0801,25.1364],[82.088,25.1253],[82.1257,25.1309],[82.1491,25.1266],[82.1608,25.1204],[82.1411,25.1107],[82.1523,25.1017],[82.1344,25.0887],[82.1727,25.0694],[82.1948,25.0668],[82.198,25.0732],[82.2213,25.0684],[82.2371,25.0722],[82.2656,25.0439],[82.2885,25.0432],[82.2958,25.0488],[82.3164,25.0593],[82.3252,25.0699],[82.3248,25.0858],[82.3021,25.107],[82.3056,25.1258],[82.298,25.1282],[82.2967,25.134],[82.3022,25.152],[82.2966,25.1468],[82.2893,25.1488],[82.2906,25.1547],[82.2719,25.1562],[82.2683,25.1827],[82.2266,25.1788],[82.201,25.1941],[82.196,25.2106],[82.197,25.2282],[82.2117,25.2475],[82.2218,25.2734]]]}},{"type":"Feature","properties":{"ac_name":"VARANASI CANTT.","ac_no":390,"ac_category":"GEN","st_name":"UTTAR PRADESH"},"geometry":{"type":"Polygon","coordinates":[[[83.0009,25.3175],[82.9749,25.316],[82.9739,25.302],[82.9795,25.2986],[82.9719,25.2732],[83.0029,25.2665],[82.9948,25.2465],[82.9994,25.2408],[83.0141,25.2448],[83.0301,25.2434],[83.0301,25.2437],[83.0344,25.252],[83.0432,25.2483],[83.046,25.2528],[83.0632,25.2447],[83.0675,25.252],[83.0504,25.2581],[83.0505,25.2675],[83.0427,25.2704],[83.047,25.2855],[83.0291,25.2877],[83.0094,25.2963],[83.0123,25.3073],[83.0054,25.3089],[83.0009,25.3175]]]}},{"type":"Feature","properties":{"ac_name":"MAJHAWAN","ac_no":397,"ac_category":"GEN","st_name":"UTTAR PRADESH"},"geometry":{"type":"Polygon","coordinates":[[[82.6415,25.2505],[82.643,25.24],[82.6363,25.2208],[82.6155,25.2259],[82.6143,25.2445],[82.5865,25.2494],[82.5765,25.2464],[82.5815,25.2408],[82.5815,25.2273],[82.5739,25.2264],[82.5752,25.2027],[82.56,25.1925],[82.5557,25.1866],[82.5608,25.1856],[82.5584,25.1806],[82.544,25.1846],[82.5418,25.1747],[82.5192,25.1709],[82.5103,25.1716],[82.509,25.1793],[82.5014,25.1795],[82.5049,25.1482],[82.5013,25.1368],[82.505,25.1293],[82.5026,25.1231],[82.4948,25.1251],[82.4748,25.119],[82.4714,25.1115],[82.4792,25.0964],[82.4689,25.0693],[82.4736,25.0655],[82.4993,25.0633],[82.5061,25.0699],[82.5048,25.0796],[82.5123,25.0823],[82.5168,25.0718],[82.5303,25.0768],[82.5414,25.0719],[82.551,25.0552],[82.5588,25.0517],[82.5608,25.0572],[82.5826,25.0591],[82.6023,25.0222],[82.6111,25.0277],[82.6245,25.0247],[82.6044,24.9993],[82.6129,24.9584],[82.6535,24.9349],[82.6737,24.9359],[82.6829,24.9406],[82.6891,24.9589],[82.7037,24.9564],[82.7158,24.9646],[82.7342,25.0098],[82.7419,25.0151],[82.7426,25.0273],[82.7357,25.0324],[82.7335,25.0425],[82.747,25.0495],[82.7656,25.0453],[82.7691,25.0501],[82.7779,25.0457],[82.7762,25.0611],[82.7873,25.0736],[82.7895,25.0903],[82.8019,25.0936],[82.7989,25.1131],[82.8044,25.1225],[82.7694,25.132],[82.7115,25.1672],[82.7355,25.1989],[82.7482,25.2034],[82.7754,25.1966],[82.7827,25.2033],[82.7909,25.2095],[82.8157,25.2045],[82.8142,25.2119],[82.8042,25.2192],[82.8171,25.2287],[82.8089,25.2349],[82.8104,25.2455],[82.816,25.2455],[82.8197,25.2557],[82.808,25.2574],[82.7984,25.2499],[82.7845,25.2492],[82.7846,25.24],[82.7884,25.2386],[82.7851,25.2358],[82.792,25.2282],[82.7804,25.2289],[82.7756,25.2342],[82.7814,25.2496],[82.7711,25.2561],[82.7709,25.2627],[82.7813,25.2648],[82.7755,25.2708],[82.7735,25.2661],[82.7605,25.2664],[82.7562,25.2422],[82.7478,25.2385],[82.7399,25.2434],[82.7354,25.2533],[82.7141,25.2505],[82.713,25.2615],[82.6929,25.2619],[82.6885,25.2569],[82.6813,25.258],[82.6761,25.2487],[82.6688,25.2504],[82.654,25.2582],[82.6421,25.258],[82.646,25.2535],[82.6415,25.2505]]]}},{"type":"Feature","properties":{"ac_name":"CHHANBEY","ac_no":395,"ac_category":"SC","st_name":"UTTAR PRADESH"},"geometry":{"type":"Polygon","coordinates":[[[82.3466,25.207],[82.3314,25.2102],[82.3167,25.2518],[82.3039,25.2681],[82.2861,25.2721],[82.2684,25.269],[82.2599,25.2626],[82.2486,25.2398],[82.2642,25.2126],[82.2499,25.2066],[82.2787,25.203],[82.2869,25.1964],[82.2827,25.1878],[82.2683,25.1827],[82.2719,25.1562],[82.2906,25.1547],[82.2893,25.1488],[82.2966,25.1468],[82.3022,25.152],[82.2967,25.134],[82.298,25.1282],[82.3056,25.1258],[82.3021,25.107],[82.3248,25.0858],[82.3252,25.0699],[82.3164,25.0593],[82.2958,25.0488],[82.3051,25.0387],[82.3013,25.0122],[82.2906,25.0053],[82.2859,24.9929],[82.2749,24.9839],[82.2645,24.9645],[82.2567,24.9636],[82.2503,24.9509],[82.2392,24.9604],[82.2305,24.949],[82.2258,24.9298],[82.2083,24.9369],[82.2016,24.9177],[82.19,24.9084],[82.1865,24.9138],[82.1671,24.8874],[82.1599,24.8879],[82.1511,24.8955],[82.1332,24.8791],[82.1303,24.8684],[82.1229,24.8648],[82.115,24.8744],[82.1087,24.8751],[82.1119,24.8619],[82.1019,24.8622],[82.0979,24.8518],[82.092,24.8488],[82.1158,24.8536],[82.1187,24.8447],[82.0948,24.838],[82.0925,24.8321],[82.0802,24.8316],[82.0949,24.8249],[82.1067,24.8043],[82.1127,24.7997],[82.1157,24.7842],[82.1203,24.7881],[82.134,24.7879],[82.1321,24.7915],[82.1386,24.7992],[82.1671,24.7854],[82.1678,24.7911],[82.1789,24.795],[82.1666,24.8007],[82.1741,24.8001],[82.1782,24.8107],[82.192,24.8109],[82.2035,24.8192],[82.1842,24.7956],[82.1959,24.7918],[82.206,24.796],[82.216,24.7941],[82.2092,24.7788],[82.218,24.7765],[82.2095,24.7714],[82.1966,24.7778],[82.2001,24.7685],[82.1955,24.7642],[82.203,24.7577],[82.1973,24.7466],[82.1774,24.7324],[82.1968,24.738],[82.2139,24.7346],[82.2199,24.7218],[82.2174,24.7375],[82.2107,24.7396],[82.2067,24.7473],[82.2156,24.755],[82.2222,24.7466],[82.2294,24.7458],[82.2264,24.761],[82.2312,24.7559],[82.2353,24.76],[82.2453,24.7447],[82.2503,24.7617],[82.2462,24.7699],[82.251,24.7701],[82.2553,24.7482],[82.2448,24.7313],[82.2509,24.7111],[82.2451,24.7034],[82.2499,24.6973],[82.2464,24.6918],[82.2422,24.6947],[82.2351,24.6903],[82.2298,24.6816],[82.2356,24.6785],[82.2398,24.6613],[82.2399,24.6696],[82.2489,24.6712],[82.2564,24.6684],[82.2552,24.6605],[82.261,24.6615],[82.2723,24.6733],[82.2626,24.6785],[82.2687,24.6836],[82.2851,24.6759],[82.2877,24.6662],[82.303,24.667],[82.3031,24.6634],[82.296,24.6616],[82.3034,24.6539],[82.3,24.6474],[82.3037,24.6438],[82.3002,24.6344],[82.3036,24.6251],[82.2953,24.6087],[82.2989,24.6051],[82.3198,24.6062],[82.3284,24.6176],[82.3386,24.6203],[82.3497,24.615],[82.3648,24.5974],[82.4019,24.5913],[82.4052,24.5962],[82.4161,24.5912],[82.4221,24.5995],[82.4108,24.6137],[82.4131,24.6204],[82.4091,24.6253],[82.4184,24.6518],[82.4063,24.6808],[82.429,24.7026],[82.4388,24.7006],[82.453,24.6885],[82.4502,24.6744],[82.4801,24.6783],[82.4892,24.6713],[82.4986,24.6707],[82.5234,24.6761],[82.5266,24.6829],[82.5409,24.6869],[82.5494,24.6952],[82.5469,24.7082],[82.5359,24.7174],[82.5361,24.7332],[82.5528,24.738],[82.5522,24.7699],[82.5466,24.7803],[82.5021,24.7751],[82.46,24.7786],[82.4591,24.7894],[82.4688,24.7989],[82.47,24.8104],[82.4591,24.8437],[82.4446,24.8518],[82.4437,24.8569],[82.4539,24.8901],[82.45,24.8978],[82.4689,24.9138],[82.4653,24.9503],[82.4837,24.9752],[82.483,24.9943],[82.5069,25.0135],[82.5039,25.0293],[82.517,25.0249],[82.5232,25.0358],[82.5307,25.031],[82.5469,25.031],[82.5395,25.045],[82.551,25.0552],[82.5414,25.0719],[82.5303,25.0768],[82.5168,25.0718],[82.5123,25.0823],[82.5048,25.0796],[82.5061,25.0699],[82.4993,25.0633],[82.4736,25.0655],[82.4689,25.0693],[82.442,25.0783],[82.4309,25.0987],[82.4304,25.1119],[82.4192,25.1079],[82.4231,25.1013],[82.4219,25.08],[82.4103,25.0836],[82.4091,25.091],[82.3946,25.1021],[82.376,25.0854],[82.3776,25.0809],[82.3948,25.0823],[82.3925,25.0727],[82.3682,25.0782],[82.368,25.0969],[82.386,25.136],[82.3803,25.139],[82.38,25.1603],[82.3725,25.1595],[82.3661,25.165],[82.3656,25.1725],[82.3534,25.1743],[82.3627,25.18],[82.3501,25.1856],[82.3532,25.1938],[82.3496,25.1914],[82.3498,25.1982],[82.345,25.1996],[82.3466,25.207]]]}},{"type":"Feature","properties":{"ac_name":"LALITPUR","ac_no":226,"ac_category":"GEN","st_name":"UTTAR PRADESH"},"geometry":{"type":"Polygon","coordinates":[[[78.5802,25.1912],[78.5705,25.2052],[78.5703,25.2238],[78.5624,25.2211],[78.5563,25.2106],[78.5311,25.1787],[78.5034,25.1641],[78.4842,25.1428],[78.4468,25.1218],[78.4334,25.1201],[78.4077,25.1292],[78.3842,25.1024],[78.3385,25.0858],[78.3353,25.0715],[78.3472,25.0243],[78.3442,25.0097],[78.3326,24.9942],[78.3142,24.9881],[78.2943,24.9627],[78.2791,24.9559],[78.2652,24.9404],[78.222,24.9133],[78.2104,24.8944],[78.1732,24.8787],[78.1685,24.8642],[78.1751,24.8456],[78.1972,24.8411],[78.2165,24.8071],[78.2355,24.7715],[78.235,24.7647],[78.2257,24.7551],[78.2258,24.7469],[78.2576,24.7042],[78.2654,24.6789],[78.2765,24.6633],[78.2624,24.6453],[78.2646,24.6324],[78.2779,24.6125],[78.2641,24.5518],[78.2331,24.5392],[78.2259,24.5301],[78.2289,24.5162],[78.2479,24.5066],[78.2473,24.4856],[78.2752,24.4736],[78.2652,24.4521],[78.3204,24.4099],[78.3273,24.425],[78.3023,24.4416],[78.3073,24.4584],[78.3142,24.4612],[78.3302,24.4579],[78.3278,24.4706],[78.3465,24.4847],[78.3501,24.4779],[78.372,24.4683],[78.3858,24.4694],[78.3828,24.4809],[78.3893,24.5035],[78.3798,24.5258],[78.4043,24.5247],[78.4133,24.5334],[78.4374,24.5255],[78.4466,24.5493],[78.4391,24.5588],[78.4405,24.5661],[78.4225,24.5793],[78.42,24.5859],[78.4251,24.603],[78.4029,24.6113],[78.4041,24.6411],[78.4351,24.64],[78.4394,24.6441],[78.4359,24.6464],[78.441,24.6499],[78.4413,24.6608],[78.4339,24.6675],[78.4426,24.6676],[78.4463,24.6723],[78.4404,24.6791],[78.4386,24.6941],[78.4549,24.7045],[78.4491,24.7111],[78.452,24.7264],[78.4487,24.77],[78.4566,24.788],[78.4713,24.7746],[78.5058,24.7813],[78.5051,24.7654],[78.4969,24.7567],[78.5052,24.7517],[78.5167,24.7666],[78.5238,24.769],[78.5597,24.7528],[78.574,24.7554],[78.5919,24.807],[78.6515,24.809],[78.6668,24.8203],[78.6822,24.8216],[78.6884,24.8316],[78.6844,24.835],[78.686,24.8455],[78.715,24.8795],[78.6953,24.8937],[78.6764,24.8984],[78.6671,24.914],[78.6633,24.9383],[78.6519,24.9387],[78.652,24.948],[78.6365,24.9592],[78.6316,24.9584],[78.6439,24.9843],[78.6526,25.0502],[78.627,25.0869],[78.6149,25.087],[78.6024,25.0944],[78.6035,25.1454],[78.5802,25.1912]]]}},{"type":"Feature","properties":{"ac_name":"CHAKIA","ac_no":383,"ac_category":"SC","st_name":"UTTAR PRADESH"},"geometry":{"type":"Polygon","coordinates":[[[83.3148,25.2532],[83.3077,25.2532],[83.2899,25.2548],[83.2847,25.2454],[83.2708,25.2487],[83.26,25.2463],[83.2567,25.241],[83.244,25.24],[83.2383,25.2274],[83.2317,25.2251],[83.2331,25.2025],[83.2548,25.2002],[83.2517,25.1949],[83.2585,25.1938],[83.2584,25.1896],[83.2477,25.1882],[83.2346,25.1776],[83.2163,25.174],[83.2061,25.1607],[83.1775,25.1567],[83.1793,25.1634],[83.1747,25.1669],[83.1702,25.1678],[83.1721,25.1378],[83.1585,25.1384],[83.1585,25.1334],[83.1462,25.1296],[83.145,25.1351],[83.1404,25.135],[83.1402,25.13],[83.133,25.1307],[83.1327,25.1275],[83.1376,25.1226],[83.1328,25.1178],[83.1393,25.117],[83.1387,25.1075],[83.1267,25.1064],[83.1256,25.0972],[83.1329,25.0957],[83.1305,25.0777],[83.1364,25.072],[83.1322,25.0601],[83.1177,25.0586],[83.0986,25.0695],[83.0983,25.0662],[83.0807,25.065],[83.072,25.0669],[83.0723,25.0707],[83.0605,25.0603],[83.0653,25.0621],[83.0695,25.0444],[83.0641,25.0475],[83.0633,25.0444],[83.0739,25.0314],[83.0687,25.0309],[83.0679,25.025],[83.0742,25.0177],[83.0753,25.0083],[83.0687,25.0034],[83.0747,24.9765],[83.0561,24.9741],[83.056,24.9695],[83.0614,24.9705],[83.0649,24.9327],[83.08,24.9018],[83.0756,24.8822],[83.0854,24.8723],[83.0826,24.8617],[83.0928,24.8405],[83.1287,24.8377],[83.1234,24.822],[83.1007,24.8198],[83.0888,24.8013],[83.0938,24.8014],[83.093,24.7978],[83.0863,24.7816],[83.0984,24.7794],[83.0974,24.773],[83.138,24.7578],[83.1519,24.7368],[83.1589,24.7272],[83.1725,24.7268],[83.178,24.72],[83.1831,24.7261],[83.1831,24.7176],[83.1953,24.7165],[83.1957,24.7213],[83.212,24.73],[83.221,24.7292],[83.2268,24.7351],[83.2456,24.731],[83.2479,24.726],[83.2559,24.7273],[83.2579,24.7362],[83.2617,24.7289],[83.2683,24.7269],[83.2823,24.7396],[83.2894,24.7209],[83.303,24.7197],[83.3028,24.737],[83.3088,24.7381],[83.3116,24.7466],[83.3163,24.7463],[83.3163,24.7549],[83.3276,24.7621],[83.3326,24.7718],[83.3295,24.7762],[83.3273,24.7708],[83.3213,24.7731],[83.3207,24.789],[83.3257,24.7888],[83.3364,24.7727],[83.3516,24.7775],[83.3748,24.7729],[83.3935,24.7823],[83.3912,24.7891],[83.3998,24.7967],[83.394,24.8047],[83.4021,24.8141],[83.3953,24.826],[83.3969,24.832],[83.3925,24.8409],[83.3868,24.8396],[83.3815,24.8466],[83.3769,24.86],[83.3574,24.8706],[83.3697,24.8795],[83.3582,24.8885],[83.3663,24.8916],[83.3548,24.9045],[83.364,24.9142],[83.3613,24.9544],[83.3506,24.9625],[83.3432,24.9627],[83.3434,24.9812],[83.3525,24.9968],[83.35,25.0093],[83.3267,25.0131],[83.3233,25.0179],[83.3243,25.0375],[83.3327,25.0474],[83.3297,25.0555],[83.3359,25.0565],[83.3357,25.0511],[83.3436,25.0509],[83.343,25.0601],[83.3361,25.062],[83.3415,25.082],[83.3474,25.0873],[83.3503,25.1135],[83.3638,25.1115],[83.3683,25.1292],[83.3621,25.1331],[83.3635,25.1537],[83.3516,25.1575],[83.3567,25.1777],[83.3497,25.1843],[83.3556,25.1964],[83.349,25.2048],[83.3313,25.2057],[83.3296,25.2116],[83.3266,25.2083],[83.3183,25.2161],[83.3151,25.2142],[83.3148,25.2532]]]}},{"type":"Feature","properties":{"ac_name":"MIRZAPUR","ac_no":396,"ac_category":"GEN","st_name":"UTTAR PRADESH"},"geometry":{"type":"Polygon","coordinates":[[[82.5765,25.2464],[82.5739,25.243],[82.5641,25.245],[82.5592,25.2376],[82.5204,25.2397],[82.5182,25.2328],[82.504,25.2352],[82.5048,25.2417],[82.4752,25.2433],[82.4667,25.2203],[82.4524,25.2189],[82.4369,25.2379],[82.4105,25.2529],[82.3903,25.2594],[82.3753,25.2531],[82.3625,25.2129],[82.3466,25.207],[82.345,25.1996],[82.3498,25.1982],[82.3496,25.1914],[82.3532,25.1938],[82.3501,25.1856],[82.3627,25.18],[82.3534,25.1743],[82.3656,25.1725],[82.3661,25.165],[82.3725,25.1595],[82.38,25.1603],[82.3803,25.139],[82.386,25.136],[82.368,25.0969],[82.3682,25.0782],[82.3925,25.0727],[82.3948,25.0823],[82.3776,25.0809],[82.376,25.0854],[82.3946,25.1021],[82.4091,25.091],[82.4103,25.0836],[82.4219,25.08],[82.4231,25.1013],[82.4192,25.1079],[82.4304,25.1119],[82.4309,25.0987],[82.442,25.0783],[82.4689,25.0693],[82.4792,25.0964],[82.4714,25.1115],[82.4748,25.119],[82.4948,25.1251],[82.5026,25.1231],[82.505,25.1293],[82.5013,25.1368],[82.5049,25.1482],[82.5014,25.1795],[82.509,25.1793],[82.5103,25.1716],[82.5192,25.1709],[82.5418,25.1747],[82.544,25.1846],[82.5584,25.1806],[82.5608,25.1856],[82.5557,25.1866],[82.56,25.1925],[82.5752,25.2027],[82.5739,25.2264],[82.5815,25.2273],[82.5815,25.2408],[82.5765,25.2464]]]}},{"type":"Feature","properties":{"ac_name":"CHUNAR","ac_no":398,"ac_category":"GEN","st_name":"UTTAR PRADESH"},"geometry":{"type":"Polygon","coordinates":[[[83.0301,25.2434],[83.0262,25.2279],[83.0061,25.2048],[82.9332,25.2067],[82.9216,25.213],[82.9063,25.2112],[82.9003,25.2152],[82.8964,25.2088],[82.8886,25.2103],[82.8841,25.1997],[82.8716,25.2013],[82.8675,25.1936],[82.8736,25.1901],[82.8668,25.1856],[82.861,25.169],[82.846,25.1645],[82.8339,25.1692],[82.8356,25.1729],[82.8238,25.1797],[82.8245,25.1841],[82.8084,25.189],[82.8035,25.1699],[82.7936,25.1777],[82.8027,25.1885],[82.7908,25.1923],[82.7868,25.2032],[82.7827,25.2033],[82.7754,25.1966],[82.7482,25.2034],[82.7355,25.1989],[82.7115,25.1672],[82.7694,25.132],[82.8044,25.1225],[82.7989,25.1131],[82.8019,25.0936],[82.8104,25.089],[82.8353,25.0897],[82.8427,25.081],[82.848,25.0782],[82.8498,25.0811],[82.8514,25.0717],[82.8613,25.0693],[82.8641,25.0756],[82.8863,25.0754],[82.905,25.0892],[82.9026,25.1054],[82.9135,25.1122],[82.9221,25.1262],[82.9397,25.1243],[82.9378,25.1325],[82.9478,25.1334],[82.9519,25.1443],[82.9616,25.1424],[82.9594,25.1355],[82.9726,25.1194],[82.9672,25.1087],[82.9773,25.0981],[82.9857,25.1015],[82.987,25.0953],[83.0104,25.0902],[83.0202,25.0988],[83.0232,25.1112],[83.0188,25.1271],[83.0241,25.1334],[83.0165,25.1325],[83.0197,25.1519],[83.0274,25.1506],[83.0315,25.1551],[83.0414,25.1493],[83.051,25.1512],[83.0639,25.1459],[83.0733,25.1453],[83.0759,25.1501],[83.0837,25.14],[83.0909,25.1415],[83.09,25.1366],[83.1327,25.1275],[83.133,25.1307],[83.1402,25.13],[83.1404,25.135],[83.145,25.1351],[83.1462,25.1296],[83.1585,25.1334],[83.1585,25.1384],[83.1721,25.1378],[83.1702,25.1678],[83.1747,25.1669],[83.1812,25.1687],[83.1807,25.1787],[83.1728,25.1864],[83.1586,25.1896],[83.1445,25.1843],[83.1249,25.1872],[83.1222,25.203],[83.1036,25.2012],[83.0911,25.2061],[83.0927,25.2119],[83.0731,25.2124],[83.0702,25.2297],[83.0301,25.2437],[83.0301,25.2434]]]}},{"type":"Feature","properties":{"ac_name":"KORAON","ac_no":265,"ac_category":"SC","st_name":"UTTAR PRADESH"},"geometry":{"type":"Polygon","coordinates":[[[81.9644,25.1559],[81.94,25.1724],[81.9373,25.1836],[81.9315,25.185],[81.9188,25.1617],[81.9057,25.1526],[81.8369,25.1544],[81.8048,25.1345],[81.7947,25.1119],[81.8081,25.0957],[81.8033,25.0826],[81.7681,25.0602],[81.751,25.0408],[81.7424,25.0388],[81.7461,25.0334],[81.7552,25.0349],[81.7578,25.0277],[81.7804,25.0194],[81.7914,25.005],[81.8039,25.0017],[81.8106,25.0128],[81.8142,25.0107],[81.8232,25.0171],[81.832,25.0121],[81.8351,25.017],[81.8488,25.0116],[81.8535,25.0026],[81.8666,25.0025],[81.8745,24.9954],[81.8772,24.9995],[81.8911,24.9958],[81.8913,24.989],[81.9024,25.0005],[81.9077,25.0005],[81.9017,24.9866],[81.9081,24.9803],[81.9043,24.9719],[81.908,24.9705],[81.9107,24.9374],[81.92,24.928],[81.9031,24.8919],[81.9093,24.8857],[81.9077,24.8817],[81.934,24.8706],[81.9367,24.8521],[81.9445,24.8412],[81.9468,24.8466],[81.9529,24.8414],[81.9656,24.827],[81.9717,24.8389],[82.0159,24.846],[82.0314,24.8401],[82.0453,24.8283],[82.0514,24.8304],[82.0716,24.819],[82.0745,24.8218],[82.0974,24.8161],[82.1067,24.8043],[82.0949,24.8249],[82.0802,24.8316],[82.0925,24.8321],[82.0948,24.838],[82.1187,24.8447],[82.1158,24.8536],[82.092,24.8488],[82.0979,24.8518],[82.1019,24.8622],[82.1119,24.8619],[82.1087,24.8751],[82.115,24.8744],[82.1229,24.8648],[82.1303,24.8684],[82.1332,24.8791],[82.1511,24.8955],[82.1599,24.8879],[82.1671,24.8874],[82.1865,24.9138],[82.19,24.9084],[82.2016,24.9177],[82.2083,24.9369],[82.2258,24.9298],[82.2305,24.949],[82.2392,24.9604],[82.2503,24.9509],[82.2567,24.9636],[82.2645,24.9645],[82.2749,24.9839],[82.2859,24.9929],[82.2906,25.0053],[82.3013,25.0122],[82.3051,25.0387],[82.2958,25.0488],[82.2885,25.0432],[82.2656,25.0439],[82.2371,25.0722],[82.2213,25.0684],[82.198,25.0732],[82.1948,25.0668],[82.1727,25.0694],[82.1344,25.0887],[82.1523,25.1017],[82.1411,25.1107],[82.1608,25.1204],[82.1491,25.1266],[82.1257,25.1309],[82.088,25.1253],[82.0801,25.1364],[82.0642,25.1356],[82.0674,25.1465],[82.0525,25.1494],[82.0447,25.1566],[82.0359,25.1494],[82.0202,25.1624],[82.0186,25.1504],[81.9932,25.164],[81.9644,25.1559]]]}},{"type":"Feature","properties":{"ac_name":"MARIHAN","ac_no":399,"ac_category":"GEN","st_name":"UTTAR PRADESH"},"geometry":{"type":"Polygon","coordinates":[[[83.1327,25.1275],[83.09,25.1366],[83.0909,25.1415],[83.0837,25.14],[83.0759,25.1501],[83.0733,25.1453],[83.0639,25.1459],[83.051,25.1512],[83.0414,25.1493],[83.0315,25.1551],[83.0274,25.1506],[83.0197,25.1519],[83.0165,25.1325],[83.0241,25.1334],[83.0188,25.1271],[83.0232,25.1112],[83.0202,25.0988],[83.0104,25.0902],[82.987,25.0953],[82.9857,25.1015],[82.9773,25.0981],[82.9672,25.1087],[82.9726,25.1194],[82.9594,25.1355],[82.9616,25.1424],[82.9519,25.1443],[82.9478,25.1334],[82.9378,25.1325],[82.9397,25.1243],[82.9221,25.1262],[82.9135,25.1122],[82.9026,25.1054],[82.905,25.0892],[82.8863,25.0754],[82.8641,25.0756],[82.8613,25.0693],[82.8514,25.0717],[82.8498,25.0811],[82.848,25.0782],[82.8427,25.081],[82.8353,25.0897],[82.8104,25.089],[82.8019,25.0936],[82.7895,25.0903],[82.7873,25.0736],[82.7762,25.0611],[82.7779,25.0457],[82.7691,25.0501],[82.7656,25.0453],[82.747,25.0495],[82.7335,25.0425],[82.7357,25.0324],[82.7426,25.0273],[82.7419,25.0151],[82.7342,25.0098],[82.7158,24.9646],[82.7037,24.9564],[82.6891,24.9589],[82.6829,24.9406],[82.6737,24.9359],[82.6535,24.9349],[82.6129,24.9584],[82.6044,24.9993],[82.6245,25.0247],[82.6111,25.0277],[82.6023,25.0222],[82.5826,25.0591],[82.5608,25.0572],[82.5588,25.0517],[82.551,25.0552],[82.5395,25.045],[82.5469,25.031],[82.5307,25.031],[82.5232,25.0358],[82.517,25.0249],[82.5039,25.0293],[82.5069,25.0135],[82.483,24.9943],[82.4837,24.9752],[82.4653,24.9503],[82.4689,24.9138],[82.45,24.8978],[82.4539,24.8901],[82.4437,24.8569],[82.4446,24.8518],[82.4591,24.8437],[82.47,24.8104],[82.4688,24.7989],[82.4591,24.7894],[82.46,24.7786],[82.5021,24.7751],[82.5466,24.7803],[82.5456,24.8033],[82.5713,24.8117],[82.5827,24.8305],[82.6128,24.8092],[82.6192,24.8098],[82.6226,24.818],[82.6319,24.8184],[82.6346,24.8062],[82.6251,24.7865],[82.6594,24.7815],[82.6719,24.7917],[82.6891,24.7975],[82.6936,24.8052],[82.7001,24.8055],[82.7019,24.8269],[82.7233,24.8168],[82.7503,24.819],[82.7799,24.8363],[82.8021,24.843],[82.8063,24.8507],[82.8264,24.8537],[82.8375,24.8414],[82.8644,24.8416],[82.8779,24.8348],[82.8944,24.8385],[82.9107,24.8335],[82.9205,24.8412],[82.9113,24.8467],[82.9212,24.8571],[82.9314,24.8538],[82.9291,24.8436],[82.9349,24.839],[82.9553,24.8364],[82.9551,24.8553],[82.9644,24.8571],[82.9783,24.8713],[82.9847,24.8941],[83.0058,24.9007],[83.0094,24.9001],[83.0125,24.8846],[83.0115,24.8564],[83.0308,24.8404],[83.0297,24.8356],[83.017,24.8281],[83.015,24.8157],[83.0339,24.8107],[83.0472,24.8214],[83.0474,24.8171],[83.0555,24.8164],[83.0584,24.8037],[83.0669,24.8056],[83.0849,24.8201],[83.1007,24.8198],[83.1234,24.822],[83.1287,24.8377],[83.0928,24.8405],[83.0826,24.8617],[83.0854,24.8723],[83.0756,24.8822],[83.08,24.9018],[83.0649,24.9327],[83.0614,24.9705],[83.056,24.9695],[83.0561,24.9741],[83.0747,24.9765],[83.0687,25.0034],[83.0753,25.0083],[83.0742,25.0177],[83.0679,25.025],[83.0687,25.0309],[83.0739,25.0314],[83.0633,25.0444],[83.0641,25.0475],[83.0695,25.0444],[83.0653,25.0621],[83.0605,25.0603],[83.0723,25.0707],[83.072,25.0669],[83.0807,25.065],[83.0983,25.0662],[83.0986,25.0695],[83.1177,25.0586],[83.1322,25.0601],[83.1364,25.072],[83.1305,25.0777],[83.1329,25.0957],[83.1256,25.0972],[83.1267,25.1064],[83.1387,25.1075],[83.1393,25.117],[83.1328,25.1178],[83.1376,25.1226],[83.1327,25.1275]]]}},{"type":"Feature","properties":{"ac_name":"MEHRONI","ac_no":227,"ac_category":"SC","st_name":"UTTAR PRADESH"},"geometry":{"type":"Polygon","coordinates":[[[78.774,24.8511],[78.7699,24.8591],[78.7622,24.8598],[78.7541,24.8686],[78.7468,24.8653],[78.7283,24.8793],[78.715,24.8795],[78.686,24.8455],[78.6844,24.835],[78.6884,24.8316],[78.6822,24.8216],[78.6668,24.8203],[78.6515,24.809],[78.5919,24.807],[78.574,24.7554],[78.5597,24.7528],[78.5238,24.769],[78.5167,24.7666],[78.5052,24.7517],[78.4969,24.7567],[78.5051,24.7654],[78.5058,24.7813],[78.4713,24.7746],[78.4566,24.788],[78.4487,24.77],[78.452,24.7264],[78.4491,24.7111],[78.4549,24.7045],[78.4386,24.6941],[78.4404,24.6791],[78.4463,24.6723],[78.4426,24.6676],[78.4339,24.6675],[78.4413,24.6608],[78.441,24.6499],[78.4359,24.6464],[78.4394,24.6441],[78.4351,24.64],[78.4041,24.6411],[78.4029,24.6113],[78.4251,24.603],[78.42,24.5859],[78.4225,24.5793],[78.4405,24.5661],[78.4391,24.5588],[78.4466,24.5493],[78.4374,24.5255],[78.4133,24.5334],[78.4043,24.5247],[78.3798,24.5258],[78.3893,24.5035],[78.3828,24.4809],[78.3858,24.4694],[78.372,24.4683],[78.3501,24.4779],[78.3465,24.4847],[78.3278,24.4706],[78.3302,24.4579],[78.3142,24.4612],[78.3073,24.4584],[78.3023,24.4416],[78.3273,24.425],[78.3204,24.4099],[78.3404,24.4025],[78.3498,24.387],[78.3663,24.3854],[78.3697,24.3746],[78.3581,24.3675],[78.3291,24.3273],[78.3458,24.3144],[78.3485,24.2993],[78.3662,24.2913],[78.3705,24.2839],[78.3782,24.2841],[78.3878,24.2688],[78.4117,24.2714],[78.4186,24.2849],[78.4306,24.2835],[78.4377,24.2944],[78.4387,24.3123],[78.4564,24.328],[78.4776,24.3384],[78.4745,24.3561],[78.5007,24.3894],[78.5184,24.388],[78.5294,24.3789],[78.5298,24.3683],[78.5377,24.3683],[78.5731,24.3513],[78.5753,24.3556],[78.5858,24.3539],[78.584,24.3468],[78.589,24.3379],[78.5959,24.3353],[78.6033,24.3149],[78.6092,24.3087],[78.6183,24.3072],[78.6192,24.3105],[78.6287,24.3035],[78.6199,24.2928],[78.6256,24.2809],[78.6311,24.2863],[78.6389,24.2851],[78.6495,24.2715],[78.6601,24.2675],[78.6678,24.2405],[78.6828,24.238],[78.7026,24.2269],[78.709,24.2341],[78.7255,24.2363],[78.7282,24.2484],[78.7342,24.2524],[78.7415,24.2469],[78.7406,24.2348],[78.7505,24.2341],[78.76,24.2443],[78.7618,24.2594],[78.7683,24.2507],[78.7643,24.2317],[78.7672,24.2206],[78.7811,24.2061],[78.7832,24.1886],[78.7898,24.1771],[78.8122,24.1805],[78.8149,24.2069],[78.8219,24.2043],[78.8267,24.1956],[78.8468,24.2139],[78.8608,24.2093],[78.8796,24.2153],[78.8882,24.2274],[78.8845,24.2505],[78.9166,24.2689],[78.9188,24.2826],[78.9116,24.2877],[78.9096,24.2981],[78.941,24.3152],[78.9623,24.3434],[78.9714,24.3474],[78.9697,24.3697],[78.9847,24.411],[78.9917,24.4177],[78.9937,24.423],[78.9858,24.4413],[78.9475,24.4364],[78.9399,24.4533],[78.9281,24.46],[78.9142,24.4595],[78.9121,24.4735],[78.9201,24.4996],[78.9372,24.4908],[78.9272,24.4824],[78.9376,24.4792],[78.9637,24.4836],[78.9715,24.494],[78.9474,24.502],[78.951,24.5192],[78.9435,24.5343],[78.9528,24.5468],[78.9459,24.5572],[78.9346,24.5608],[78.9247,24.5747],[78.9196,24.5751],[78.9122,24.5999],[78.8991,24.6089],[78.8961,24.6255],[78.8831,24.6411],[78.8681,24.6398],[78.8592,24.6175],[78.8527,24.6245],[78.8433,24.623],[78.8343,24.6045],[78.8171,24.6009],[78.8029,24.6035],[78.7989,24.5943],[78.7832,24.5883],[78.7519,24.6001],[78.7519,24.6424],[78.744,24.6541],[78.7467,24.6626],[78.7611,24.6703],[78.7635,24.6905],[78.7709,24.6914],[78.7811,24.7073],[78.7732,24.7304],[78.7765,24.7519],[78.7701,24.758],[78.7702,24.7881],[78.7867,24.801],[78.7899,24.8098],[78.7756,24.8313],[78.774,24.8511]]]}},{"type":"Feature","properties":{"ac_name":"GHORAWAL","ac_no":400,"ac_category":"GEN","st_name":"UTTAR PRADESH"},"geometry":{"type":"Polygon","coordinates":[[[83.093,24.7978],[83.0938,24.8014],[83.0888,24.8013],[83.1007,24.8198],[83.0849,24.8201],[83.0669,24.8056],[83.0584,24.8037],[83.0555,24.8164],[83.0474,24.8171],[83.0472,24.8214],[83.0339,24.8107],[83.015,24.8157],[83.017,24.8281],[83.0297,24.8356],[83.0308,24.8404],[83.0115,24.8564],[83.0125,24.8846],[83.0094,24.9001],[83.0058,24.9007],[82.9847,24.8941],[82.9783,24.8713],[82.9644,24.8571],[82.9551,24.8553],[82.9553,24.8364],[82.9349,24.839],[82.9291,24.8436],[82.9314,24.8538],[82.9212,24.8571],[82.9113,24.8467],[82.9205,24.8412],[82.9107,24.8335],[82.8944,24.8385],[82.8779,24.8348],[82.8644,24.8416],[82.8375,24.8414],[82.8264,24.8537],[82.8063,24.8507],[82.8021,24.843],[82.7799,24.8363],[82.7503,24.819],[82.7233,24.8168],[82.7019,24.8269],[82.7001,24.8055],[82.6936,24.8052],[82.6891,24.7975],[82.6719,24.7917],[82.6594,24.7815],[82.6251,24.7865],[82.6346,24.8062],[82.6319,24.8184],[82.6226,24.818],[82.6192,24.8098],[82.6128,24.8092],[82.5827,24.8305],[82.5713,24.8117],[82.5456,24.8033],[82.5466,24.7803],[82.5522,24.7699],[82.5528,24.738],[82.5361,24.7332],[82.5359,24.7174],[82.5469,24.7082],[82.5494,24.6952],[82.5409,24.6869],[82.5266,24.6829],[82.5234,24.6761],[82.5301,24.6519],[82.5396,24.6478],[82.5811,24.6597],[82.6068,24.6753],[82.6359,24.682],[82.6585,24.6953],[82.6711,24.697],[82.7014,24.6751],[82.6983,24.6462],[82.7069,24.6361],[82.718,24.6425],[82.7182,24.6344],[82.7226,24.6383],[82.7283,24.6352],[82.7322,24.6443],[82.7527,24.6372],[82.7556,24.6415],[82.7739,24.6417],[82.772,24.6217],[82.7796,24.6137],[82.7654,24.5961],[82.8029,24.5986],[82.806,24.5633],[82.8802,24.5748],[82.8971,24.5811],[82.8937,24.6087],[82.9088,24.6189],[82.914,24.6387],[82.9187,24.6416],[82.9217,24.6337],[82.9347,24.6313],[82.9441,24.6362],[82.9522,24.6717],[82.951,24.7014],[82.9617,24.6985],[82.9663,24.691],[82.9768,24.6954],[82.9851,24.6881],[83.0016,24.6929],[83.0182,24.6862],[83.0086,24.6272],[83.0716,24.6329],[83.0796,24.6502],[83.095,24.6553],[83.0911,24.6607],[83.1005,24.66],[83.0986,24.6657],[83.0816,24.6784],[83.0725,24.6748],[83.0752,24.6862],[83.0822,24.6912],[83.0677,24.6975],[83.0688,24.7122],[83.0747,24.7132],[83.0752,24.7206],[83.0787,24.7236],[83.081,24.7208],[83.0878,24.729],[83.1211,24.7234],[83.1333,24.7322],[83.1413,24.7271],[83.1485,24.7302],[83.1519,24.7368],[83.138,24.7578],[83.0974,24.773],[83.0984,24.7794],[83.0863,24.7816],[83.093,24.7978]]]}},{"type":"Feature","properties":{"ac_name":"ROBERTSGANJ","ac_no":401,"ac_category":"GEN","st_name":"UTTAR PRADESH"},"geometry":{"type":"Polygon","coordinates":[[[83.3935,24.7823],[83.3748,24.7729],[83.3516,24.7775],[83.3364,24.7727],[83.3257,24.7888],[83.3207,24.789],[83.3213,24.7731],[83.3273,24.7708],[83.3295,24.7762],[83.3326,24.7718],[83.3276,24.7621],[83.3163,24.7549],[83.3163,24.7463],[83.3116,24.7466],[83.3088,24.7381],[83.3028,24.737],[83.303,24.7197],[83.2894,24.7209],[83.2823,24.7396],[83.2683,24.7269],[83.2617,24.7289],[83.2579,24.7362],[83.2559,24.7273],[83.2479,24.726],[83.2456,24.731],[83.2268,24.7351],[83.221,24.7292],[83.212,24.73],[83.1957,24.7213],[83.1953,24.7165],[83.1831,24.7176],[83.1831,24.7261],[83.178,24.72],[83.1725,24.7268],[83.1589,24.7272],[83.1519,24.7368],[83.1485,24.7302],[83.1413,24.7271],[83.1333,24.7322],[83.1211,24.7234],[83.0878,24.729],[83.081,24.7208],[83.0787,24.7236],[83.0752,24.7206],[83.0747,24.7132],[83.0688,24.7122],[83.0677,24.6975],[83.0822,24.6912],[83.0752,24.6862],[83.0725,24.6748],[83.0816,24.6784],[83.0986,24.6657],[83.1005,24.66],[83.0911,24.6607],[83.095,24.6553],[83.0999,24.6567],[83.0989,24.6501],[83.1062,24.6457],[83.1002,24.6263],[83.1051,24.6221],[83.1259,24.6209],[83.1248,24.5984],[83.1149,24.5977],[83.1132,24.5773],[83.1046,24.5663],[83.0836,24.5662],[83.0817,24.545],[83.0651,24.5439],[83.0663,24.5395],[83.0423,24.5218],[83.0503,24.4939],[83.0641,24.4867],[83.0898,24.4892],[83.0748,24.465],[83.031,24.4343],[83.0301,24.408],[83.041,24.3375],[83.0636,24.3358],[83.1663,24.341],[83.1859,24.3481],[83.2007,24.3467],[83.2209,24.3571],[83.225,24.3648],[83.2487,24.3646],[83.2666,24.3716],[83.2737,24.365],[83.2841,24.3534],[83.3001,24.347],[83.312,24.3276],[83.3227,24.3234],[83.3255,24.3137],[83.3798,24.3115],[83.4117,24.3395],[83.4336,24.3384],[83.4453,24.3586],[83.4572,24.3644],[83.4481,24.3705],[83.4496,24.377],[83.4339,24.3929],[83.4361,24.3996],[83.4185,24.4062],[83.4045,24.4049],[83.4047,24.4359],[83.3939,24.4344],[83.385,24.4548],[83.398,24.4851],[83.397,24.4966],[83.4028,24.5037],[83.5035,24.5255],[83.4972,24.5395],[83.5222,24.5475],[83.5305,24.5688],[83.5236,24.6032],[83.5303,24.6123],[83.5419,24.6127],[83.5481,24.6228],[83.5439,24.6282],[83.5245,24.6282],[83.5295,24.6432],[83.5207,24.6409],[83.5007,24.6511],[83.5042,24.6665],[83.5204,24.6773],[83.5068,24.6927],[83.4988,24.6946],[83.4977,24.7038],[83.4852,24.7016],[83.4894,24.7366],[83.4581,24.7318],[83.4487,24.7385],[83.4413,24.7563],[83.4278,24.7637],[83.4281,24.7683],[83.3935,24.7823]]]}},{"type":"Feature","properties":{"ac_name":"OBRA","ac_no":402,"ac_category":"GEN","st_name":"UTTAR PRADESH"},"geometry":{"type":"Polygon","coordinates":[[[83.095,24.6553],[83.0796,24.6502],[83.0716,24.6329],[83.0086,24.6272],[83.0182,24.6862],[83.0016,24.6929],[82.9851,24.6881],[82.9768,24.6954],[82.9663,24.691],[82.9617,24.6985],[82.951,24.7014],[82.9522,24.6717],[82.9441,24.6362],[82.9347,24.6313],[82.9217,24.6337],[82.9187,24.6416],[82.914,24.6387],[82.9088,24.6189],[82.8937,24.6087],[82.8971,24.5811],[82.8802,24.5748],[82.806,24.5633],[82.8078,24.5493],[82.7561,24.5374],[82.7497,24.5428],[82.7515,24.5506],[82.7429,24.5514],[82.7421,24.5469],[82.7219,24.5552],[82.7193,24.5525],[82.7311,24.5347],[82.7211,24.5294],[82.7209,24.5138],[82.7434,24.4964],[82.7401,24.4821],[82.7298,24.4724],[82.7346,24.4699],[82.7361,24.4608],[82.7309,24.4517],[82.7339,24.4468],[82.7307,24.4373],[82.7346,24.4355],[82.7325,24.4307],[82.7391,24.4321],[82.7385,24.4261],[82.7217,24.4141],[82.713,24.3803],[82.726,24.3678],[82.756,24.3696],[82.7547,24.3741],[82.7635,24.3766],[82.7637,24.3703],[82.7699,24.3699],[82.7652,24.3662],[82.7645,24.3543],[82.7734,24.3435],[82.769,24.3421],[82.7671,24.3298],[82.7713,24.3283],[82.7658,24.3142],[82.7728,24.3078],[82.7715,24.2953],[82.7555,24.2566],[82.7591,24.2376],[82.7503,24.2267],[82.7362,24.2231],[82.735,24.2187],[82.741,24.1912],[82.7553,24.1923],[82.764,24.1819],[82.7679,24.1883],[82.7807,24.188],[82.7835,24.1783],[82.8048,24.1819],[82.8158,24.1753],[82.8176,24.2105],[82.86,24.2107],[82.8652,24.2053],[82.8561,24.1973],[82.8554,24.1856],[82.8644,24.1827],[82.8738,24.1877],[82.896,24.1781],[82.8976,24.184],[82.9068,24.187],[82.9072,24.1941],[82.9263,24.2001],[82.9288,24.188],[82.9356,24.1915],[82.9485,24.1901],[82.9463,24.1985],[82.9825,24.208],[82.9929,24.198],[83.0053,24.2019],[83.0075,24.193],[83.0404,24.2017],[83.0514,24.1992],[83.056,24.1892],[83.0524,24.1839],[83.0548,24.1774],[83.0389,24.1668],[83.0604,24.1493],[83.0929,24.1556],[83.0981,24.1601],[83.0965,24.1725],[83.0871,24.1735],[83.0886,24.1906],[83.0784,24.1907],[83.081,24.2021],[83.0882,24.2063],[83.0873,24.2152],[83.1008,24.2267],[83.0767,24.2319],[83.0686,24.2432],[83.0683,24.2647],[83.0461,24.2785],[83.0585,24.3083],[83.0636,24.3358],[83.041,24.3375],[83.0301,24.408],[83.031,24.4343],[83.0748,24.465],[83.0898,24.4892],[83.0641,24.4867],[83.0503,24.4939],[83.0423,24.5218],[83.0663,24.5395],[83.0651,24.5439],[83.0817,24.545],[83.0836,24.5662],[83.1046,24.5663],[83.1132,24.5773],[83.1149,24.5977],[83.1248,24.5984],[83.1259,24.6209],[83.1051,24.6221],[83.1002,24.6263],[83.1062,24.6457],[83.0989,24.6501],[83.0999,24.6567],[83.095,24.6553]]]}},{"type":"Feature","properties":{"ac_name":"DUDDHI","ac_no":403,"ac_category":"SC","st_name":"UTTAR PRADESH"},"geometry":{"type":"Polygon","coordinates":[[[83.2737,24.365],[83.2666,24.3716],[83.2487,24.3646],[83.225,24.3648],[83.2209,24.3571],[83.2007,24.3467],[83.1859,24.3481],[83.1663,24.341],[83.0636,24.3358],[83.0585,24.3083],[83.0461,24.2785],[83.0683,24.2647],[83.0686,24.2432],[83.0767,24.2319],[83.1008,24.2267],[83.0873,24.2152],[83.0882,24.2063],[83.081,24.2021],[83.0784,24.1907],[83.0886,24.1906],[83.0871,24.1735],[83.0965,24.1725],[83.0981,24.1601],[83.0929,24.1556],[83.0604,24.1493],[83.0389,24.1668],[83.0548,24.1774],[83.0524,24.1839],[83.056,24.1892],[83.0514,24.1992],[83.0404,24.2017],[83.0075,24.193],[83.0053,24.2019],[82.9929,24.198],[82.9825,24.208],[82.9463,24.1985],[82.9485,24.1901],[82.9356,24.1915],[82.9288,24.188],[82.9263,24.2001],[82.9072,24.1941],[82.9068,24.187],[82.8976,24.184],[82.896,24.1781],[82.8738,24.1877],[82.8644,24.1827],[82.8554,24.1856],[82.8561,24.1973],[82.8652,24.2053],[82.86,24.2107],[82.8176,24.2105],[82.8158,24.1753],[82.8048,24.1819],[82.7835,24.1783],[82.7807,24.188],[82.7679,24.1883],[82.764,24.1819],[82.7553,24.1923],[82.741,24.1912],[82.7442,24.1654],[82.729,24.1478],[82.7278,24.1352],[82.6999,24.1392],[82.6826,24.1546],[82.6703,24.1469],[82.6739,24.1407],[82.6664,24.1367],[82.6643,24.1275],[82.6956,24.1001],[82.7075,24.0963],[82.7047,24.0946],[82.7116,24.0896],[82.7135,24.0761],[82.7333,24.0805],[82.7495,24.0706],[82.7537,24.0774],[82.76,24.0776],[82.7642,24.0699],[82.7681,24.0763],[82.7739,24.0762],[82.7656,24.0459],[82.7469,24.0272],[82.7507,24.0118],[82.7679,24.0059],[82.7847,24.0048],[82.7883,24.0086],[82.8039,24.0038],[82.8081,23.987],[82.8024,23.9791],[82.8116,23.9611],[82.8271,23.9626],[82.8367,23.9574],[82.8606,23.9387],[82.8662,23.9242],[82.884,23.9091],[82.9287,23.8912],[82.9368,23.8775],[82.952,23.8708],[82.996,23.8728],[83.0013,23.877],[83.0338,23.8799],[83.0533,23.8797],[83.0753,23.8703],[83.0931,23.872],[83.1416,23.885],[83.1598,23.9077],[83.1714,23.9081],[83.1906,23.9176],[83.2004,23.9155],[83.2082,23.9222],[83.2039,23.9288],[83.2162,23.938],[83.2156,23.9458],[83.2203,23.9493],[83.2234,23.9604],[83.2189,23.9713],[83.2272,23.9778],[83.2236,23.9865],[83.2307,23.9891],[83.2329,23.9956],[83.2425,23.9972],[83.239,24.0059],[83.2464,24.0133],[83.2538,24.0147],[83.2641,24.0092],[83.2727,24.0179],[83.2792,24.0182],[83.2837,24.0329],[83.282,24.0495],[83.2952,24.0721],[83.3144,24.0901],[83.3212,24.1056],[83.3298,24.1014],[83.3449,24.1109],[83.354,24.1244],[83.3617,24.1558],[83.3824,24.1952],[83.3786,24.2109],[83.3844,24.221],[83.3788,24.2299],[83.3853,24.239],[83.3977,24.2437],[83.4005,24.2563],[83.4081,24.2623],[83.4071,24.2884],[83.4015,24.2953],[83.3861,24.2984],[83.3798,24.3115],[83.3255,24.3137],[83.3227,24.3234],[83.312,24.3276],[83.3001,24.347],[83.2841,24.3534],[83.2737,24.365]]]}}]}